Period,Scenario,LoadLevel,RES_Hydro_Large
2030,sc01,01-01 01:00:00+01:00,-77.21278822483269
2030,sc01,01-01 03:00:00+01:00,-77.21278822483269
2030,sc01,01-01 05:00:00+01:00,-77.21278822483269
2030,sc01,01-01 07:00:00+01:00,-77.21278822483269
2030,sc01,01-01 09:00:00+01:00,-77.21278822483269
2030,sc01,01-01 11:00:00+01:00,-77.21278822483269
2030,sc01,01-01 13:00:00+01:00,-77.21278822483269
2030,sc01,01-01 15:00:00+01:00,-77.21278822483269
2030,sc01,01-01 17:00:00+01:00,-77.21278822483269
2030,sc01,01-01 19:00:00+01:00,-77.21278822483269
2030,sc01,01-01 21:00:00+01:00,-77.21278822483269
2030,sc01,01-01 23:00:00+01:00,-77.21278822483269
2030,sc01,01-02 01:00:00+01:00,-77.21278822483269
2030,sc01,01-02 03:00:00+01:00,-77.21278822483269
2030,sc01,01-02 05:00:00+01:00,-77.21278822483269
2030,sc01,01-02 07:00:00+01:00,-77.21278822483269
2030,sc01,01-02 09:00:00+01:00,-77.21278822483269
2030,sc01,01-02 11:00:00+01:00,-77.21278822483269
2030,sc01,01-02 13:00:00+01:00,-77.21278822483269
2030,sc01,01-02 15:00:00+01:00,-77.21278822483269
2030,sc01,01-02 17:00:00+01:00,-77.21278822483269
2030,sc01,01-02 19:00:00+01:00,-77.21278822483269
2030,sc01,01-02 21:00:00+01:00,-77.21278822483269
2030,sc01,01-02 23:00:00+01:00,-77.21278822483269
2030,sc01,01-03 01:00:00+01:00,-77.21278822483269
2030,sc01,01-03 03:00:00+01:00,-77.21278822483269
2030,sc01,01-03 05:00:00+01:00,-77.21278822483269
2030,sc01,01-03 07:00:00+01:00,-77.21278822483269
2030,sc01,01-03 09:00:00+01:00,-77.21278822483269
2030,sc01,01-03 11:00:00+01:00,-77.21278822483269
2030,sc01,01-03 13:00:00+01:00,-77.21278822483269
2030,sc01,01-03 15:00:00+01:00,-77.21278822483269
2030,sc01,01-03 17:00:00+01:00,-77.21278822483269
2030,sc01,01-03 19:00:00+01:00,-77.21278822483269
2030,sc01,01-03 21:00:00+01:00,-77.21278822483269
2030,sc01,01-03 23:00:00+01:00,-77.21278822483269
2030,sc01,01-04 01:00:00+01:00,-77.21278822483269
2030,sc01,01-04 03:00:00+01:00,-77.21278822483269
2030,sc01,01-04 05:00:00+01:00,-77.21278822483269
2030,sc01,01-04 07:00:00+01:00,-77.21278822483269
2030,sc01,01-04 09:00:00+01:00,-77.21278822483269
2030,sc01,01-04 11:00:00+01:00,-77.21278822483269
2030,sc01,01-04 13:00:00+01:00,-77.21278822483269
2030,sc01,01-04 15:00:00+01:00,-77.21278822483269
2030,sc01,01-04 17:00:00+01:00,-77.21278822483269
2030,sc01,01-04 19:00:00+01:00,-77.21278822483269
2030,sc01,01-04 21:00:00+01:00,-77.21278822483269
2030,sc01,01-04 23:00:00+01:00,-77.21278822483269
2030,sc01,01-05 01:00:00+01:00,-77.21278822483269
2030,sc01,01-05 03:00:00+01:00,-77.21278822483269
2030,sc01,01-05 05:00:00+01:00,-77.21278822483269
2030,sc01,01-05 07:00:00+01:00,-77.21278822483269
2030,sc01,01-05 09:00:00+01:00,-77.21278822483269
2030,sc01,01-05 11:00:00+01:00,-77.21278822483269
2030,sc01,01-05 13:00:00+01:00,-77.21278822483269
2030,sc01,01-05 15:00:00+01:00,-77.21278822483269
2030,sc01,01-05 17:00:00+01:00,-77.21278822483269
2030,sc01,01-05 19:00:00+01:00,-77.21278822483269
2030,sc01,01-05 21:00:00+01:00,-77.21278822483269
2030,sc01,01-05 23:00:00+01:00,-77.21278822483269
2030,sc01,01-06 01:00:00+01:00,-77.21278822483269
2030,sc01,01-06 03:00:00+01:00,-77.21278822483269
2030,sc01,01-06 05:00:00+01:00,-77.21278822483269
2030,sc01,01-06 07:00:00+01:00,-77.21278822483269
2030,sc01,01-06 09:00:00+01:00,-77.21278822483269
2030,sc01,01-06 11:00:00+01:00,-77.21278822483269
2030,sc01,01-06 13:00:00+01:00,-77.21278822483269
2030,sc01,01-06 15:00:00+01:00,-77.21278822483269
2030,sc01,01-06 17:00:00+01:00,-77.21278822483269
2030,sc01,01-06 19:00:00+01:00,-77.21278822483269
2030,sc01,01-06 21:00:00+01:00,-77.21278822483269
2030,sc01,01-06 23:00:00+01:00,-77.21278822483269
2030,sc01,01-07 01:00:00+01:00,-77.21278822483269
2030,sc01,01-07 03:00:00+01:00,-77.21278822483269
2030,sc01,01-07 05:00:00+01:00,-77.21278822483269
2030,sc01,01-07 07:00:00+01:00,-77.21278822483269
2030,sc01,01-07 09:00:00+01:00,-77.21278822483269
2030,sc01,01-07 11:00:00+01:00,-77.21278822483269
2030,sc01,01-07 13:00:00+01:00,-77.21278822483269
2030,sc01,01-07 15:00:00+01:00,-77.21278822483269
2030,sc01,01-07 17:00:00+01:00,-77.21278822483269
2030,sc01,01-07 19:00:00+01:00,-77.21278822483269
2030,sc01,01-07 21:00:00+01:00,-77.21278822483269
2030,sc01,01-07 23:00:00+01:00,-77.21278822483269
2030,sc01,01-08 01:00:00+01:00,-77.21278822483269
2030,sc01,01-08 03:00:00+01:00,-77.21278822483269
2030,sc01,01-08 05:00:00+01:00,-77.21278822483269
2030,sc01,01-08 07:00:00+01:00,-77.21278822483269
2030,sc01,01-08 09:00:00+01:00,-77.21278822483269
2030,sc01,01-08 11:00:00+01:00,-77.21278822483269
2030,sc01,01-08 13:00:00+01:00,-77.21278822483269
2030,sc01,01-08 15:00:00+01:00,-77.21278822483269
2030,sc01,01-08 17:00:00+01:00,-77.21278822483269
2030,sc01,01-08 19:00:00+01:00,-77.21278822483269
2030,sc01,01-08 21:00:00+01:00,-77.21278822483269
2030,sc01,01-08 23:00:00+01:00,-77.21278822483269
2030,sc01,01-09 01:00:00+01:00,-77.21278822483269
2030,sc01,01-09 03:00:00+01:00,-77.21278822483269
2030,sc01,01-09 05:00:00+01:00,-77.21278822483269
2030,sc01,01-09 07:00:00+01:00,-77.21278822483269
2030,sc01,01-09 09:00:00+01:00,-77.21278822483269
2030,sc01,01-09 11:00:00+01:00,-77.21278822483269
2030,sc01,01-09 13:00:00+01:00,-77.21278822483269
2030,sc01,01-09 15:00:00+01:00,-77.21278822483269
2030,sc01,01-09 17:00:00+01:00,-77.21278822483269
2030,sc01,01-09 19:00:00+01:00,-77.21278822483269
2030,sc01,01-09 21:00:00+01:00,-77.21278822483269
2030,sc01,01-09 23:00:00+01:00,-77.21278822483269
2030,sc01,01-10 01:00:00+01:00,-77.21278822483269
2030,sc01,01-10 03:00:00+01:00,-77.21278822483269
2030,sc01,01-10 05:00:00+01:00,-77.21278822483269
2030,sc01,01-10 07:00:00+01:00,-77.21278822483269
2030,sc01,01-10 09:00:00+01:00,-77.21278822483269
2030,sc01,01-10 11:00:00+01:00,-77.21278822483269
2030,sc01,01-10 13:00:00+01:00,-77.21278822483269
2030,sc01,01-10 15:00:00+01:00,-77.21278822483269
2030,sc01,01-10 17:00:00+01:00,-77.21278822483269
2030,sc01,01-10 19:00:00+01:00,-77.21278822483269
2030,sc01,01-10 21:00:00+01:00,-77.21278822483269
2030,sc01,01-10 23:00:00+01:00,-77.21278822483269
2030,sc01,01-11 01:00:00+01:00,-77.21278822483269
2030,sc01,01-11 03:00:00+01:00,-77.21278822483269
2030,sc01,01-11 05:00:00+01:00,-77.21278822483269
2030,sc01,01-11 07:00:00+01:00,-77.21278822483269
2030,sc01,01-11 09:00:00+01:00,-77.21278822483269
2030,sc01,01-11 11:00:00+01:00,-77.21278822483269
2030,sc01,01-11 13:00:00+01:00,-77.21278822483269
2030,sc01,01-11 15:00:00+01:00,-77.21278822483269
2030,sc01,01-11 17:00:00+01:00,-77.21278822483269
2030,sc01,01-11 19:00:00+01:00,-77.21278822483269
2030,sc01,01-11 21:00:00+01:00,-77.21278822483269
2030,sc01,01-11 23:00:00+01:00,-77.21278822483269
2030,sc01,01-12 01:00:00+01:00,-77.21278822483269
2030,sc01,01-12 03:00:00+01:00,-77.21278822483269
2030,sc01,01-12 05:00:00+01:00,-77.21278822483269
2030,sc01,01-12 07:00:00+01:00,-77.21278822483269
2030,sc01,01-12 09:00:00+01:00,-77.21278822483269
2030,sc01,01-12 11:00:00+01:00,-77.21278822483269
2030,sc01,01-12 13:00:00+01:00,-77.21278822483269
2030,sc01,01-12 15:00:00+01:00,-77.21278822483269
2030,sc01,01-12 17:00:00+01:00,-77.21278822483269
2030,sc01,01-12 19:00:00+01:00,-77.21278822483269
2030,sc01,01-12 21:00:00+01:00,-77.21278822483269
2030,sc01,01-12 23:00:00+01:00,-77.21278822483269
2030,sc01,01-13 01:00:00+01:00,-77.21278822483269
2030,sc01,01-13 03:00:00+01:00,-77.21278822483269
2030,sc01,01-13 05:00:00+01:00,-77.21278822483269
2030,sc01,01-13 07:00:00+01:00,-77.21278822483269
2030,sc01,01-13 09:00:00+01:00,-77.21278822483269
2030,sc01,01-13 11:00:00+01:00,-77.21278822483269
2030,sc01,01-13 13:00:00+01:00,-77.21278822483269
2030,sc01,01-13 15:00:00+01:00,-77.21278822483269
2030,sc01,01-13 17:00:00+01:00,-77.21278822483269
2030,sc01,01-13 19:00:00+01:00,-77.21278822483269
2030,sc01,01-13 21:00:00+01:00,-77.21278822483269
2030,sc01,01-13 23:00:00+01:00,-77.21278822483269
2030,sc01,01-14 01:00:00+01:00,-77.21278822483269
2030,sc01,01-14 03:00:00+01:00,-77.21278822483269
2030,sc01,01-14 05:00:00+01:00,-77.21278822483269
2030,sc01,01-14 07:00:00+01:00,-77.21278822483269
2030,sc01,01-14 09:00:00+01:00,-77.21278822483269
2030,sc01,01-14 11:00:00+01:00,-77.21278822483269
2030,sc01,01-14 13:00:00+01:00,-77.21278822483269
2030,sc01,01-14 15:00:00+01:00,-77.21278822483269
2030,sc01,01-14 17:00:00+01:00,-77.21278822483269
2030,sc01,01-14 19:00:00+01:00,-77.21278822483269
2030,sc01,01-14 21:00:00+01:00,-77.21278822483269
2030,sc01,01-14 23:00:00+01:00,-77.21278822483269
2030,sc01,01-15 01:00:00+01:00,-77.21278822483269
2030,sc01,01-15 03:00:00+01:00,-77.21278822483269
2030,sc01,01-15 05:00:00+01:00,-77.21278822483269
2030,sc01,01-15 07:00:00+01:00,-77.21278822483269
2030,sc01,01-15 09:00:00+01:00,-77.21278822483269
2030,sc01,01-15 11:00:00+01:00,-77.21278822483269
2030,sc01,01-15 13:00:00+01:00,-77.21278822483269
2030,sc01,01-15 15:00:00+01:00,-77.21278822483269
2030,sc01,01-15 17:00:00+01:00,-77.21278822483269
2030,sc01,01-15 19:00:00+01:00,-77.21278822483269
2030,sc01,01-15 21:00:00+01:00,-77.21278822483269
2030,sc01,01-15 23:00:00+01:00,-77.21278822483269
2030,sc01,01-16 01:00:00+01:00,-77.21278822483269
2030,sc01,01-16 03:00:00+01:00,-77.21278822483269
2030,sc01,01-16 05:00:00+01:00,-77.21278822483269
2030,sc01,01-16 07:00:00+01:00,-77.21278822483269
2030,sc01,01-16 09:00:00+01:00,-77.21278822483269
2030,sc01,01-16 11:00:00+01:00,-77.21278822483269
2030,sc01,01-16 13:00:00+01:00,-77.21278822483269
2030,sc01,01-16 15:00:00+01:00,-77.21278822483269
2030,sc01,01-16 17:00:00+01:00,-77.21278822483269
2030,sc01,01-16 19:00:00+01:00,-77.21278822483269
2030,sc01,01-16 21:00:00+01:00,-77.21278822483269
2030,sc01,01-16 23:00:00+01:00,-77.21278822483269
2030,sc01,01-17 01:00:00+01:00,-77.21278822483269
2030,sc01,01-17 03:00:00+01:00,-77.21278822483269
2030,sc01,01-17 05:00:00+01:00,-77.21278822483269
2030,sc01,01-17 07:00:00+01:00,-77.21278822483269
2030,sc01,01-17 09:00:00+01:00,-77.21278822483269
2030,sc01,01-17 11:00:00+01:00,-77.21278822483269
2030,sc01,01-17 13:00:00+01:00,-77.21278822483269
2030,sc01,01-17 15:00:00+01:00,-77.21278822483269
2030,sc01,01-17 17:00:00+01:00,-77.21278822483269
2030,sc01,01-17 19:00:00+01:00,-77.21278822483269
2030,sc01,01-17 21:00:00+01:00,-77.21278822483269
2030,sc01,01-17 23:00:00+01:00,-77.21278822483269
2030,sc01,01-18 01:00:00+01:00,-77.21278822483269
2030,sc01,01-18 03:00:00+01:00,-77.21278822483269
2030,sc01,01-18 05:00:00+01:00,-77.21278822483269
2030,sc01,01-18 07:00:00+01:00,-77.21278822483269
2030,sc01,01-18 09:00:00+01:00,-77.21278822483269
2030,sc01,01-18 11:00:00+01:00,-77.21278822483269
2030,sc01,01-18 13:00:00+01:00,-77.21278822483269
2030,sc01,01-18 15:00:00+01:00,-77.21278822483269
2030,sc01,01-18 17:00:00+01:00,-77.21278822483269
2030,sc01,01-18 19:00:00+01:00,-77.21278822483269
2030,sc01,01-18 21:00:00+01:00,-77.21278822483269
2030,sc01,01-18 23:00:00+01:00,-77.21278822483269
2030,sc01,01-19 01:00:00+01:00,-77.21278822483269
2030,sc01,01-19 03:00:00+01:00,-77.21278822483269
2030,sc01,01-19 05:00:00+01:00,-77.21278822483269
2030,sc01,01-19 07:00:00+01:00,-77.21278822483269
2030,sc01,01-19 09:00:00+01:00,-77.21278822483269
2030,sc01,01-19 11:00:00+01:00,-77.21278822483269
2030,sc01,01-19 13:00:00+01:00,-77.21278822483269
2030,sc01,01-19 15:00:00+01:00,-77.21278822483269
2030,sc01,01-19 17:00:00+01:00,-77.21278822483269
2030,sc01,01-19 19:00:00+01:00,-77.21278822483269
2030,sc01,01-19 21:00:00+01:00,-77.21278822483269
2030,sc01,01-19 23:00:00+01:00,-77.21278822483269
2030,sc01,01-20 01:00:00+01:00,-77.21278822483269
2030,sc01,01-20 03:00:00+01:00,-77.21278822483269
2030,sc01,01-20 05:00:00+01:00,-77.21278822483269
2030,sc01,01-20 07:00:00+01:00,-77.21278822483269
2030,sc01,01-20 09:00:00+01:00,-77.21278822483269
2030,sc01,01-20 11:00:00+01:00,-77.21278822483269
2030,sc01,01-20 13:00:00+01:00,-77.21278822483269
2030,sc01,01-20 15:00:00+01:00,-77.21278822483269
2030,sc01,01-20 17:00:00+01:00,-77.21278822483269
2030,sc01,01-20 19:00:00+01:00,-77.21278822483269
2030,sc01,01-20 21:00:00+01:00,-77.21278822483269
2030,sc01,01-20 23:00:00+01:00,-77.21278822483269
2030,sc01,01-21 01:00:00+01:00,-77.21278822483269
2030,sc01,01-21 03:00:00+01:00,-77.21278822483269
2030,sc01,01-21 05:00:00+01:00,-77.21278822483269
2030,sc01,01-21 07:00:00+01:00,-77.21278822483269
2030,sc01,01-21 09:00:00+01:00,-77.21278822483269
2030,sc01,01-21 11:00:00+01:00,-77.21278822483269
2030,sc01,01-21 13:00:00+01:00,-77.21278822483269
2030,sc01,01-21 15:00:00+01:00,-77.21278822483269
2030,sc01,01-21 17:00:00+01:00,-77.21278822483269
2030,sc01,01-21 19:00:00+01:00,-77.21278822483269
2030,sc01,01-21 21:00:00+01:00,-77.21278822483269
2030,sc01,01-21 23:00:00+01:00,-77.21278822483269
2030,sc01,01-22 01:00:00+01:00,-77.21278822483269
2030,sc01,01-22 03:00:00+01:00,-77.21278822483269
2030,sc01,01-22 05:00:00+01:00,-77.21278822483269
2030,sc01,01-22 07:00:00+01:00,-77.21278822483269
2030,sc01,01-22 09:00:00+01:00,-77.21278822483269
2030,sc01,01-22 11:00:00+01:00,-77.21278822483269
2030,sc01,01-22 13:00:00+01:00,-77.21278822483269
2030,sc01,01-22 15:00:00+01:00,-77.21278822483269
2030,sc01,01-22 17:00:00+01:00,-77.21278822483269
2030,sc01,01-22 19:00:00+01:00,-77.21278822483269
2030,sc01,01-22 21:00:00+01:00,-77.21278822483269
2030,sc01,01-22 23:00:00+01:00,-77.21278822483269
2030,sc01,01-23 01:00:00+01:00,-77.21278822483269
2030,sc01,01-23 03:00:00+01:00,-77.21278822483269
2030,sc01,01-23 05:00:00+01:00,-77.21278822483269
2030,sc01,01-23 07:00:00+01:00,-77.21278822483269
2030,sc01,01-23 09:00:00+01:00,-77.21278822483269
2030,sc01,01-23 11:00:00+01:00,-77.21278822483269
2030,sc01,01-23 13:00:00+01:00,-77.21278822483269
2030,sc01,01-23 15:00:00+01:00,-77.21278822483269
2030,sc01,01-23 17:00:00+01:00,-77.21278822483269
2030,sc01,01-23 19:00:00+01:00,-77.21278822483269
2030,sc01,01-23 21:00:00+01:00,-77.21278822483269
2030,sc01,01-23 23:00:00+01:00,-77.21278822483269
2030,sc01,01-24 01:00:00+01:00,-77.21278822483269
2030,sc01,01-24 03:00:00+01:00,-77.21278822483269
2030,sc01,01-24 05:00:00+01:00,-77.21278822483269
2030,sc01,01-24 07:00:00+01:00,-77.21278822483269
2030,sc01,01-24 09:00:00+01:00,-77.21278822483269
2030,sc01,01-24 11:00:00+01:00,-77.21278822483269
2030,sc01,01-24 13:00:00+01:00,-77.21278822483269
2030,sc01,01-24 15:00:00+01:00,-77.21278822483269
2030,sc01,01-24 17:00:00+01:00,-77.21278822483269
2030,sc01,01-24 19:00:00+01:00,-77.21278822483269
2030,sc01,01-24 21:00:00+01:00,-77.21278822483269
2030,sc01,01-24 23:00:00+01:00,-77.21278822483269
2030,sc01,01-25 01:00:00+01:00,-77.21278822483269
2030,sc01,01-25 03:00:00+01:00,-77.21278822483269
2030,sc01,01-25 05:00:00+01:00,-77.21278822483269
2030,sc01,01-25 07:00:00+01:00,-77.21278822483269
2030,sc01,01-25 09:00:00+01:00,-77.21278822483269
2030,sc01,01-25 11:00:00+01:00,-77.21278822483269
2030,sc01,01-25 13:00:00+01:00,-77.21278822483269
2030,sc01,01-25 15:00:00+01:00,-77.21278822483269
2030,sc01,01-25 17:00:00+01:00,-77.21278822483269
2030,sc01,01-25 19:00:00+01:00,-77.21278822483269
2030,sc01,01-25 21:00:00+01:00,-77.21278822483269
2030,sc01,01-25 23:00:00+01:00,-77.21278822483269
2030,sc01,01-26 01:00:00+01:00,-77.21278822483269
2030,sc01,01-26 03:00:00+01:00,-77.21278822483269
2030,sc01,01-26 05:00:00+01:00,-77.21278822483269
2030,sc01,01-26 07:00:00+01:00,-77.21278822483269
2030,sc01,01-26 09:00:00+01:00,-77.21278822483269
2030,sc01,01-26 11:00:00+01:00,-77.21278822483269
2030,sc01,01-26 13:00:00+01:00,-77.21278822483269
2030,sc01,01-26 15:00:00+01:00,-77.21278822483269
2030,sc01,01-26 17:00:00+01:00,-77.21278822483269
2030,sc01,01-26 19:00:00+01:00,-77.21278822483269
2030,sc01,01-26 21:00:00+01:00,-77.21278822483269
2030,sc01,01-26 23:00:00+01:00,-77.21278822483269
2030,sc01,01-27 01:00:00+01:00,-77.21278822483269
2030,sc01,01-27 03:00:00+01:00,-77.21278822483269
2030,sc01,01-27 05:00:00+01:00,-77.21278822483269
2030,sc01,01-27 07:00:00+01:00,-77.21278822483269
2030,sc01,01-27 09:00:00+01:00,-77.21278822483269
2030,sc01,01-27 11:00:00+01:00,-77.21278822483269
2030,sc01,01-27 13:00:00+01:00,-77.21278822483269
2030,sc01,01-27 15:00:00+01:00,-77.21278822483269
2030,sc01,01-27 17:00:00+01:00,-77.21278822483269
2030,sc01,01-27 19:00:00+01:00,-77.21278822483269
2030,sc01,01-27 21:00:00+01:00,-77.21278822483269
2030,sc01,01-27 23:00:00+01:00,-77.21278822483269
2030,sc01,01-28 01:00:00+01:00,-77.21278822483269
2030,sc01,01-28 03:00:00+01:00,-77.21278822483269
2030,sc01,01-28 05:00:00+01:00,-77.21278822483269
2030,sc01,01-28 07:00:00+01:00,-77.21278822483269
2030,sc01,01-28 09:00:00+01:00,-77.21278822483269
2030,sc01,01-28 11:00:00+01:00,-77.21278822483269
2030,sc01,01-28 13:00:00+01:00,-77.21278822483269
2030,sc01,01-28 15:00:00+01:00,-77.21278822483269
2030,sc01,01-28 17:00:00+01:00,-77.21278822483269
2030,sc01,01-28 19:00:00+01:00,-77.21278822483269
2030,sc01,01-28 21:00:00+01:00,-77.21278822483269
2030,sc01,01-28 23:00:00+01:00,-77.21278822483269
2030,sc01,01-29 01:00:00+01:00,-77.21278822483269
2030,sc01,01-29 03:00:00+01:00,-77.21278822483269
2030,sc01,01-29 05:00:00+01:00,-77.21278822483269
2030,sc01,01-29 07:00:00+01:00,-77.21278822483269
2030,sc01,01-29 09:00:00+01:00,-77.21278822483269
2030,sc01,01-29 11:00:00+01:00,-77.21278822483269
2030,sc01,01-29 13:00:00+01:00,-77.21278822483269
2030,sc01,01-29 15:00:00+01:00,-77.21278822483269
2030,sc01,01-29 17:00:00+01:00,-77.21278822483269
2030,sc01,01-29 19:00:00+01:00,-77.21278822483269
2030,sc01,01-29 21:00:00+01:00,-77.21278822483269
2030,sc01,01-29 23:00:00+01:00,-77.21278822483269
2030,sc01,01-30 01:00:00+01:00,-77.21278822483269
2030,sc01,01-30 03:00:00+01:00,-77.21278822483269
2030,sc01,01-30 05:00:00+01:00,-77.21278822483269
2030,sc01,01-30 07:00:00+01:00,-77.21278822483269
2030,sc01,01-30 09:00:00+01:00,-77.21278822483269
2030,sc01,01-30 11:00:00+01:00,-77.21278822483269
2030,sc01,01-30 13:00:00+01:00,-77.21278822483269
2030,sc01,01-30 15:00:00+01:00,-77.21278822483269
2030,sc01,01-30 17:00:00+01:00,-77.21278822483269
2030,sc01,01-30 19:00:00+01:00,-77.21278822483269
2030,sc01,01-30 21:00:00+01:00,-77.21278822483269
2030,sc01,01-30 23:00:00+01:00,-77.21278822483269
2030,sc01,01-31 01:00:00+01:00,-77.21278822483269
2030,sc01,01-31 03:00:00+01:00,-77.21278822483269
2030,sc01,01-31 05:00:00+01:00,-77.21278822483269
2030,sc01,01-31 07:00:00+01:00,-77.21278822483269
2030,sc01,01-31 09:00:00+01:00,-77.21278822483269
2030,sc01,01-31 11:00:00+01:00,-77.21278822483269
2030,sc01,01-31 13:00:00+01:00,-77.21278822483269
2030,sc01,01-31 15:00:00+01:00,-77.21278822483269
2030,sc01,01-31 17:00:00+01:00,-77.21278822483269
2030,sc01,01-31 19:00:00+01:00,-77.21278822483269
2030,sc01,01-31 21:00:00+01:00,-77.21278822483269
2030,sc01,01-31 23:00:00+01:00,-77.21278822483269
2030,sc01,02-01 01:00:00+01:00,-77.21278822483269
2030,sc01,02-01 03:00:00+01:00,-77.21278822483269
2030,sc01,02-01 05:00:00+01:00,-77.21278822483269
2030,sc01,02-01 07:00:00+01:00,-77.21278822483269
2030,sc01,02-01 09:00:00+01:00,-77.21278822483269
2030,sc01,02-01 11:00:00+01:00,-77.21278822483269
2030,sc01,02-01 13:00:00+01:00,-77.21278822483269
2030,sc01,02-01 15:00:00+01:00,-77.21278822483269
2030,sc01,02-01 17:00:00+01:00,-77.21278822483269
2030,sc01,02-01 19:00:00+01:00,-77.21278822483269
2030,sc01,02-01 21:00:00+01:00,-77.21278822483269
2030,sc01,02-01 23:00:00+01:00,-77.21278822483269
2030,sc01,02-02 01:00:00+01:00,-77.21278822483269
2030,sc01,02-02 03:00:00+01:00,-77.21278822483269
2030,sc01,02-02 05:00:00+01:00,-77.21278822483269
2030,sc01,02-02 07:00:00+01:00,-77.21278822483269
2030,sc01,02-02 09:00:00+01:00,-77.21278822483269
2030,sc01,02-02 11:00:00+01:00,-77.21278822483269
2030,sc01,02-02 13:00:00+01:00,-77.21278822483269
2030,sc01,02-02 15:00:00+01:00,-77.21278822483269
2030,sc01,02-02 17:00:00+01:00,-77.21278822483269
2030,sc01,02-02 19:00:00+01:00,-77.21278822483269
2030,sc01,02-02 21:00:00+01:00,-77.21278822483269
2030,sc01,02-02 23:00:00+01:00,-77.21278822483269
2030,sc01,02-03 01:00:00+01:00,-77.21278822483269
2030,sc01,02-03 03:00:00+01:00,-77.21278822483269
2030,sc01,02-03 05:00:00+01:00,-77.21278822483269
2030,sc01,02-03 07:00:00+01:00,-77.21278822483269
2030,sc01,02-03 09:00:00+01:00,-77.21278822483269
2030,sc01,02-03 11:00:00+01:00,-77.21278822483269
2030,sc01,02-03 13:00:00+01:00,-77.21278822483269
2030,sc01,02-03 15:00:00+01:00,-77.21278822483269
2030,sc01,02-03 17:00:00+01:00,-77.21278822483269
2030,sc01,02-03 19:00:00+01:00,-77.21278822483269
2030,sc01,02-03 21:00:00+01:00,-77.21278822483269
2030,sc01,02-03 23:00:00+01:00,-77.21278822483269
2030,sc01,02-04 01:00:00+01:00,-77.21278822483269
2030,sc01,02-04 03:00:00+01:00,-77.21278822483269
2030,sc01,02-04 05:00:00+01:00,-77.21278822483269
2030,sc01,02-04 07:00:00+01:00,-77.21278822483269
2030,sc01,02-04 09:00:00+01:00,-77.21278822483269
2030,sc01,02-04 11:00:00+01:00,-77.21278822483269
2030,sc01,02-04 13:00:00+01:00,-77.21278822483269
2030,sc01,02-04 15:00:00+01:00,-77.21278822483269
2030,sc01,02-04 17:00:00+01:00,-77.21278822483269
2030,sc01,02-04 19:00:00+01:00,-77.21278822483269
2030,sc01,02-04 21:00:00+01:00,-77.21278822483269
2030,sc01,02-04 23:00:00+01:00,-77.21278822483269
2030,sc01,02-05 01:00:00+01:00,-77.21278822483269
2030,sc01,02-05 03:00:00+01:00,-77.21278822483269
2030,sc01,02-05 05:00:00+01:00,-77.21278822483269
2030,sc01,02-05 07:00:00+01:00,-77.21278822483269
2030,sc01,02-05 09:00:00+01:00,-77.21278822483269
2030,sc01,02-05 11:00:00+01:00,-77.21278822483269
2030,sc01,02-05 13:00:00+01:00,-77.21278822483269
2030,sc01,02-05 15:00:00+01:00,-77.21278822483269
2030,sc01,02-05 17:00:00+01:00,-77.21278822483269
2030,sc01,02-05 19:00:00+01:00,-77.21278822483269
2030,sc01,02-05 21:00:00+01:00,-77.21278822483269
2030,sc01,02-05 23:00:00+01:00,-77.21278822483269
2030,sc01,02-06 01:00:00+01:00,-77.21278822483269
2030,sc01,02-06 03:00:00+01:00,-77.21278822483269
2030,sc01,02-06 05:00:00+01:00,-77.21278822483269
2030,sc01,02-06 07:00:00+01:00,-77.21278822483269
2030,sc01,02-06 09:00:00+01:00,-77.21278822483269
2030,sc01,02-06 11:00:00+01:00,-77.21278822483269
2030,sc01,02-06 13:00:00+01:00,-77.21278822483269
2030,sc01,02-06 15:00:00+01:00,-77.21278822483269
2030,sc01,02-06 17:00:00+01:00,-77.21278822483269
2030,sc01,02-06 19:00:00+01:00,-77.21278822483269
2030,sc01,02-06 21:00:00+01:00,-77.21278822483269
2030,sc01,02-06 23:00:00+01:00,-77.21278822483269
2030,sc01,02-07 01:00:00+01:00,-77.21278822483269
2030,sc01,02-07 03:00:00+01:00,-77.21278822483269
2030,sc01,02-07 05:00:00+01:00,-77.21278822483269
2030,sc01,02-07 07:00:00+01:00,-77.21278822483269
2030,sc01,02-07 09:00:00+01:00,-77.21278822483269
2030,sc01,02-07 11:00:00+01:00,-77.21278822483269
2030,sc01,02-07 13:00:00+01:00,-77.21278822483269
2030,sc01,02-07 15:00:00+01:00,-77.21278822483269
2030,sc01,02-07 17:00:00+01:00,-77.21278822483269
2030,sc01,02-07 19:00:00+01:00,-77.21278822483269
2030,sc01,02-07 21:00:00+01:00,-77.21278822483269
2030,sc01,02-07 23:00:00+01:00,-77.21278822483269
2030,sc01,02-08 01:00:00+01:00,-77.21278822483269
2030,sc01,02-08 03:00:00+01:00,-77.21278822483269
2030,sc01,02-08 05:00:00+01:00,-77.21278822483269
2030,sc01,02-08 07:00:00+01:00,-77.21278822483269
2030,sc01,02-08 09:00:00+01:00,-77.21278822483269
2030,sc01,02-08 11:00:00+01:00,-77.21278822483269
2030,sc01,02-08 13:00:00+01:00,-77.21278822483269
2030,sc01,02-08 15:00:00+01:00,-77.21278822483269
2030,sc01,02-08 17:00:00+01:00,-77.21278822483269
2030,sc01,02-08 19:00:00+01:00,-77.21278822483269
2030,sc01,02-08 21:00:00+01:00,-77.21278822483269
2030,sc01,02-08 23:00:00+01:00,-77.21278822483269
2030,sc01,02-09 01:00:00+01:00,-77.21278822483269
2030,sc01,02-09 03:00:00+01:00,-77.21278822483269
2030,sc01,02-09 05:00:00+01:00,-77.21278822483269
2030,sc01,02-09 07:00:00+01:00,-77.21278822483269
2030,sc01,02-09 09:00:00+01:00,-77.21278822483269
2030,sc01,02-09 11:00:00+01:00,-77.21278822483269
2030,sc01,02-09 13:00:00+01:00,-77.21278822483269
2030,sc01,02-09 15:00:00+01:00,-77.21278822483269
2030,sc01,02-09 17:00:00+01:00,-77.21278822483269
2030,sc01,02-09 19:00:00+01:00,-77.21278822483269
2030,sc01,02-09 21:00:00+01:00,-77.21278822483269
2030,sc01,02-09 23:00:00+01:00,-77.21278822483269
2030,sc01,02-10 01:00:00+01:00,-77.21278822483269
2030,sc01,02-10 03:00:00+01:00,-77.21278822483269
2030,sc01,02-10 05:00:00+01:00,-77.21278822483269
2030,sc01,02-10 07:00:00+01:00,-77.21278822483269
2030,sc01,02-10 09:00:00+01:00,-77.21278822483269
2030,sc01,02-10 11:00:00+01:00,-77.21278822483269
2030,sc01,02-10 13:00:00+01:00,-77.21278822483269
2030,sc01,02-10 15:00:00+01:00,-77.21278822483269
2030,sc01,02-10 17:00:00+01:00,-77.21278822483269
2030,sc01,02-10 19:00:00+01:00,-77.21278822483269
2030,sc01,02-10 21:00:00+01:00,-77.21278822483269
2030,sc01,02-10 23:00:00+01:00,-77.21278822483269
2030,sc01,02-11 01:00:00+01:00,-77.21278822483269
2030,sc01,02-11 03:00:00+01:00,-77.21278822483269
2030,sc01,02-11 05:00:00+01:00,-77.21278822483269
2030,sc01,02-11 07:00:00+01:00,-77.21278822483269
2030,sc01,02-11 09:00:00+01:00,-77.21278822483269
2030,sc01,02-11 11:00:00+01:00,-77.21278822483269
2030,sc01,02-11 13:00:00+01:00,-77.21278822483269
2030,sc01,02-11 15:00:00+01:00,-77.21278822483269
2030,sc01,02-11 17:00:00+01:00,-77.21278822483269
2030,sc01,02-11 19:00:00+01:00,-77.21278822483269
2030,sc01,02-11 21:00:00+01:00,-77.21278822483269
2030,sc01,02-11 23:00:00+01:00,-77.21278822483269
2030,sc01,02-12 01:00:00+01:00,-77.21278822483269
2030,sc01,02-12 03:00:00+01:00,-77.21278822483269
2030,sc01,02-12 05:00:00+01:00,-77.21278822483269
2030,sc01,02-12 07:00:00+01:00,-77.21278822483269
2030,sc01,02-12 09:00:00+01:00,-77.21278822483269
2030,sc01,02-12 11:00:00+01:00,-77.21278822483269
2030,sc01,02-12 13:00:00+01:00,-77.21278822483269
2030,sc01,02-12 15:00:00+01:00,-77.21278822483269
2030,sc01,02-12 17:00:00+01:00,-77.21278822483269
2030,sc01,02-12 19:00:00+01:00,-77.21278822483269
2030,sc01,02-12 21:00:00+01:00,-77.21278822483269
2030,sc01,02-12 23:00:00+01:00,-77.21278822483269
2030,sc01,02-13 01:00:00+01:00,-77.21278822483269
2030,sc01,02-13 03:00:00+01:00,-77.21278822483269
2030,sc01,02-13 05:00:00+01:00,-77.21278822483269
2030,sc01,02-13 07:00:00+01:00,-77.21278822483269
2030,sc01,02-13 09:00:00+01:00,-77.21278822483269
2030,sc01,02-13 11:00:00+01:00,-77.21278822483269
2030,sc01,02-13 13:00:00+01:00,-77.21278822483269
2030,sc01,02-13 15:00:00+01:00,-77.21278822483269
2030,sc01,02-13 17:00:00+01:00,-77.21278822483269
2030,sc01,02-13 19:00:00+01:00,-77.21278822483269
2030,sc01,02-13 21:00:00+01:00,-77.21278822483269
2030,sc01,02-13 23:00:00+01:00,-77.21278822483269
2030,sc01,02-14 01:00:00+01:00,-77.21278822483269
2030,sc01,02-14 03:00:00+01:00,-77.21278822483269
2030,sc01,02-14 05:00:00+01:00,-77.21278822483269
2030,sc01,02-14 07:00:00+01:00,-77.21278822483269
2030,sc01,02-14 09:00:00+01:00,-77.21278822483269
2030,sc01,02-14 11:00:00+01:00,-77.21278822483269
2030,sc01,02-14 13:00:00+01:00,-77.21278822483269
2030,sc01,02-14 15:00:00+01:00,-77.21278822483269
2030,sc01,02-14 17:00:00+01:00,-77.21278822483269
2030,sc01,02-14 19:00:00+01:00,-77.21278822483269
2030,sc01,02-14 21:00:00+01:00,-77.21278822483269
2030,sc01,02-14 23:00:00+01:00,-77.21278822483269
2030,sc01,02-15 01:00:00+01:00,-77.21278822483269
2030,sc01,02-15 03:00:00+01:00,-77.21278822483269
2030,sc01,02-15 05:00:00+01:00,-77.21278822483269
2030,sc01,02-15 07:00:00+01:00,-77.21278822483269
2030,sc01,02-15 09:00:00+01:00,-77.21278822483269
2030,sc01,02-15 11:00:00+01:00,-77.21278822483269
2030,sc01,02-15 13:00:00+01:00,-77.21278822483269
2030,sc01,02-15 15:00:00+01:00,-77.21278822483269
2030,sc01,02-15 17:00:00+01:00,-77.21278822483269
2030,sc01,02-15 19:00:00+01:00,-77.21278822483269
2030,sc01,02-15 21:00:00+01:00,-77.21278822483269
2030,sc01,02-15 23:00:00+01:00,-77.21278822483269
2030,sc01,02-16 01:00:00+01:00,-77.21278822483269
2030,sc01,02-16 03:00:00+01:00,-77.21278822483269
2030,sc01,02-16 05:00:00+01:00,-77.21278822483269
2030,sc01,02-16 07:00:00+01:00,-77.21278822483269
2030,sc01,02-16 09:00:00+01:00,-77.21278822483269
2030,sc01,02-16 11:00:00+01:00,-77.21278822483269
2030,sc01,02-16 13:00:00+01:00,-77.21278822483269
2030,sc01,02-16 15:00:00+01:00,-77.21278822483269
2030,sc01,02-16 17:00:00+01:00,-77.21278822483269
2030,sc01,02-16 19:00:00+01:00,-77.21278822483269
2030,sc01,02-16 21:00:00+01:00,-77.21278822483269
2030,sc01,02-16 23:00:00+01:00,-77.21278822483269
2030,sc01,02-17 01:00:00+01:00,-77.21278822483269
2030,sc01,02-17 03:00:00+01:00,-77.21278822483269
2030,sc01,02-17 05:00:00+01:00,-77.21278822483269
2030,sc01,02-17 07:00:00+01:00,-77.21278822483269
2030,sc01,02-17 09:00:00+01:00,-77.21278822483269
2030,sc01,02-17 11:00:00+01:00,-77.21278822483269
2030,sc01,02-17 13:00:00+01:00,-77.21278822483269
2030,sc01,02-17 15:00:00+01:00,-77.21278822483269
2030,sc01,02-17 17:00:00+01:00,-77.21278822483269
2030,sc01,02-17 19:00:00+01:00,-77.21278822483269
2030,sc01,02-17 21:00:00+01:00,-77.21278822483269
2030,sc01,02-17 23:00:00+01:00,-77.21278822483269
2030,sc01,02-18 01:00:00+01:00,-77.21278822483269
2030,sc01,02-18 03:00:00+01:00,-77.21278822483269
2030,sc01,02-18 05:00:00+01:00,-77.21278822483269
2030,sc01,02-18 07:00:00+01:00,-77.21278822483269
2030,sc01,02-18 09:00:00+01:00,-77.21278822483269
2030,sc01,02-18 11:00:00+01:00,-77.21278822483269
2030,sc01,02-18 13:00:00+01:00,-77.21278822483269
2030,sc01,02-18 15:00:00+01:00,-77.21278822483269
2030,sc01,02-18 17:00:00+01:00,-77.21278822483269
2030,sc01,02-18 19:00:00+01:00,-77.21278822483269
2030,sc01,02-18 21:00:00+01:00,-77.21278822483269
2030,sc01,02-18 23:00:00+01:00,-77.21278822483269
2030,sc01,02-19 01:00:00+01:00,-77.21278822483269
2030,sc01,02-19 03:00:00+01:00,-77.21278822483269
2030,sc01,02-19 05:00:00+01:00,-77.21278822483269
2030,sc01,02-19 07:00:00+01:00,-77.21278822483269
2030,sc01,02-19 09:00:00+01:00,-77.21278822483269
2030,sc01,02-19 11:00:00+01:00,-77.21278822483269
2030,sc01,02-19 13:00:00+01:00,-77.21278822483269
2030,sc01,02-19 15:00:00+01:00,-77.21278822483269
2030,sc01,02-19 17:00:00+01:00,-77.21278822483269
2030,sc01,02-19 19:00:00+01:00,-77.21278822483269
2030,sc01,02-19 21:00:00+01:00,-77.21278822483269
2030,sc01,02-19 23:00:00+01:00,-77.21278822483269
2030,sc01,02-20 01:00:00+01:00,-77.21278822483269
2030,sc01,02-20 03:00:00+01:00,-77.21278822483269
2030,sc01,02-20 05:00:00+01:00,-77.21278822483269
2030,sc01,02-20 07:00:00+01:00,-77.21278822483269
2030,sc01,02-20 09:00:00+01:00,-77.21278822483269
2030,sc01,02-20 11:00:00+01:00,-77.21278822483269
2030,sc01,02-20 13:00:00+01:00,-77.21278822483269
2030,sc01,02-20 15:00:00+01:00,-77.21278822483269
2030,sc01,02-20 17:00:00+01:00,-77.21278822483269
2030,sc01,02-20 19:00:00+01:00,-77.21278822483269
2030,sc01,02-20 21:00:00+01:00,-77.21278822483269
2030,sc01,02-20 23:00:00+01:00,-77.21278822483269
2030,sc01,02-21 01:00:00+01:00,-77.21278822483269
2030,sc01,02-21 03:00:00+01:00,-77.21278822483269
2030,sc01,02-21 05:00:00+01:00,-77.21278822483269
2030,sc01,02-21 07:00:00+01:00,-77.21278822483269
2030,sc01,02-21 09:00:00+01:00,-77.21278822483269
2030,sc01,02-21 11:00:00+01:00,-77.21278822483269
2030,sc01,02-21 13:00:00+01:00,-77.21278822483269
2030,sc01,02-21 15:00:00+01:00,-77.21278822483269
2030,sc01,02-21 17:00:00+01:00,-77.21278822483269
2030,sc01,02-21 19:00:00+01:00,-77.21278822483269
2030,sc01,02-21 21:00:00+01:00,-77.21278822483269
2030,sc01,02-21 23:00:00+01:00,-77.21278822483269
2030,sc01,02-22 01:00:00+01:00,-77.21278822483269
2030,sc01,02-22 03:00:00+01:00,-77.21278822483269
2030,sc01,02-22 05:00:00+01:00,-77.21278822483269
2030,sc01,02-22 07:00:00+01:00,-77.21278822483269
2030,sc01,02-22 09:00:00+01:00,-77.21278822483269
2030,sc01,02-22 11:00:00+01:00,-77.21278822483269
2030,sc01,02-22 13:00:00+01:00,-77.21278822483269
2030,sc01,02-22 15:00:00+01:00,-77.21278822483269
2030,sc01,02-22 17:00:00+01:00,-77.21278822483269
2030,sc01,02-22 19:00:00+01:00,-77.21278822483269
2030,sc01,02-22 21:00:00+01:00,-77.21278822483269
2030,sc01,02-22 23:00:00+01:00,-77.21278822483269
2030,sc01,02-23 01:00:00+01:00,-77.21278822483269
2030,sc01,02-23 03:00:00+01:00,-77.21278822483269
2030,sc01,02-23 05:00:00+01:00,-77.21278822483269
2030,sc01,02-23 07:00:00+01:00,-77.21278822483269
2030,sc01,02-23 09:00:00+01:00,-77.21278822483269
2030,sc01,02-23 11:00:00+01:00,-77.21278822483269
2030,sc01,02-23 13:00:00+01:00,-77.21278822483269
2030,sc01,02-23 15:00:00+01:00,-77.21278822483269
2030,sc01,02-23 17:00:00+01:00,-77.21278822483269
2030,sc01,02-23 19:00:00+01:00,-77.21278822483269
2030,sc01,02-23 21:00:00+01:00,-77.21278822483269
2030,sc01,02-23 23:00:00+01:00,-77.21278822483269
2030,sc01,02-24 01:00:00+01:00,-77.21278822483269
2030,sc01,02-24 03:00:00+01:00,-77.21278822483269
2030,sc01,02-24 05:00:00+01:00,-77.21278822483269
2030,sc01,02-24 07:00:00+01:00,-77.21278822483269
2030,sc01,02-24 09:00:00+01:00,-77.21278822483269
2030,sc01,02-24 11:00:00+01:00,-77.21278822483269
2030,sc01,02-24 13:00:00+01:00,-77.21278822483269
2030,sc01,02-24 15:00:00+01:00,-77.21278822483269
2030,sc01,02-24 17:00:00+01:00,-77.21278822483269
2030,sc01,02-24 19:00:00+01:00,-77.21278822483269
2030,sc01,02-24 21:00:00+01:00,-77.21278822483269
2030,sc01,02-24 23:00:00+01:00,-77.21278822483269
2030,sc01,02-25 01:00:00+01:00,-77.21278822483269
2030,sc01,02-25 03:00:00+01:00,-77.21278822483269
2030,sc01,02-25 05:00:00+01:00,-77.21278822483269
2030,sc01,02-25 07:00:00+01:00,-77.21278822483269
2030,sc01,02-25 09:00:00+01:00,-77.21278822483269
2030,sc01,02-25 11:00:00+01:00,-77.21278822483269
2030,sc01,02-25 13:00:00+01:00,-77.21278822483269
2030,sc01,02-25 15:00:00+01:00,-77.21278822483269
2030,sc01,02-25 17:00:00+01:00,-77.21278822483269
2030,sc01,02-25 19:00:00+01:00,-77.21278822483269
2030,sc01,02-25 21:00:00+01:00,-77.21278822483269
2030,sc01,02-25 23:00:00+01:00,-77.21278822483269
2030,sc01,02-26 01:00:00+01:00,-77.21278822483269
2030,sc01,02-26 03:00:00+01:00,-77.21278822483269
2030,sc01,02-26 05:00:00+01:00,-77.21278822483269
2030,sc01,02-26 07:00:00+01:00,-77.21278822483269
2030,sc01,02-26 09:00:00+01:00,-77.21278822483269
2030,sc01,02-26 11:00:00+01:00,-77.21278822483269
2030,sc01,02-26 13:00:00+01:00,-77.21278822483269
2030,sc01,02-26 15:00:00+01:00,-77.21278822483269
2030,sc01,02-26 17:00:00+01:00,-77.21278822483269
2030,sc01,02-26 19:00:00+01:00,-77.21278822483269
2030,sc01,02-26 21:00:00+01:00,-77.21278822483269
2030,sc01,02-26 23:00:00+01:00,-77.21278822483269
2030,sc01,02-27 01:00:00+01:00,-77.21278822483269
2030,sc01,02-27 03:00:00+01:00,-77.21278822483269
2030,sc01,02-27 05:00:00+01:00,-77.21278822483269
2030,sc01,02-27 07:00:00+01:00,-77.21278822483269
2030,sc01,02-27 09:00:00+01:00,-77.21278822483269
2030,sc01,02-27 11:00:00+01:00,-77.21278822483269
2030,sc01,02-27 13:00:00+01:00,-77.21278822483269
2030,sc01,02-27 15:00:00+01:00,-77.21278822483269
2030,sc01,02-27 17:00:00+01:00,-77.21278822483269
2030,sc01,02-27 19:00:00+01:00,-77.21278822483269
2030,sc01,02-27 21:00:00+01:00,-77.21278822483269
2030,sc01,02-27 23:00:00+01:00,-77.21278822483269
2030,sc01,02-28 01:00:00+01:00,-77.21278822483269
2030,sc01,02-28 03:00:00+01:00,-77.21278822483269
2030,sc01,02-28 05:00:00+01:00,-77.21278822483269
2030,sc01,02-28 07:00:00+01:00,-77.21278822483269
2030,sc01,02-28 09:00:00+01:00,-77.21278822483269
2030,sc01,02-28 11:00:00+01:00,-77.21278822483269
2030,sc01,02-28 13:00:00+01:00,-77.21278822483269
2030,sc01,02-28 15:00:00+01:00,-77.21278822483269
2030,sc01,02-28 17:00:00+01:00,-77.21278822483269
2030,sc01,02-28 19:00:00+01:00,-77.21278822483269
2030,sc01,02-28 21:00:00+01:00,-77.21278822483269
2030,sc01,02-28 23:00:00+01:00,-77.21278822483269
2030,sc01,03-01 01:00:00+01:00,-77.21278822483269
2030,sc01,03-01 03:00:00+01:00,-77.21278822483269
2030,sc01,03-01 05:00:00+01:00,-77.21278822483269
2030,sc01,03-01 07:00:00+01:00,-77.21278822483269
2030,sc01,03-01 09:00:00+01:00,-77.21278822483269
2030,sc01,03-01 11:00:00+01:00,-77.21278822483269
2030,sc01,03-01 13:00:00+01:00,-77.21278822483269
2030,sc01,03-01 15:00:00+01:00,-77.21278822483269
2030,sc01,03-01 17:00:00+01:00,-77.21278822483269
2030,sc01,03-01 19:00:00+01:00,-77.21278822483269
2030,sc01,03-01 21:00:00+01:00,-77.21278822483269
2030,sc01,03-01 23:00:00+01:00,-77.21278822483269
2030,sc01,03-02 01:00:00+01:00,-77.21278822483269
2030,sc01,03-02 03:00:00+01:00,-77.21278822483269
2030,sc01,03-02 05:00:00+01:00,-77.21278822483269
2030,sc01,03-02 07:00:00+01:00,-77.21278822483269
2030,sc01,03-02 09:00:00+01:00,-77.21278822483269
2030,sc01,03-02 11:00:00+01:00,-77.21278822483269
2030,sc01,03-02 13:00:00+01:00,-77.21278822483269
2030,sc01,03-02 15:00:00+01:00,-77.21278822483269
2030,sc01,03-02 17:00:00+01:00,-77.21278822483269
2030,sc01,03-02 19:00:00+01:00,-77.21278822483269
2030,sc01,03-02 21:00:00+01:00,-77.21278822483269
2030,sc01,03-02 23:00:00+01:00,-77.21278822483269
2030,sc01,03-03 01:00:00+01:00,-77.21278822483269
2030,sc01,03-03 03:00:00+01:00,-77.21278822483269
2030,sc01,03-03 05:00:00+01:00,-77.21278822483269
2030,sc01,03-03 07:00:00+01:00,-77.21278822483269
2030,sc01,03-03 09:00:00+01:00,-77.21278822483269
2030,sc01,03-03 11:00:00+01:00,-77.21278822483269
2030,sc01,03-03 13:00:00+01:00,-77.21278822483269
2030,sc01,03-03 15:00:00+01:00,-77.21278822483269
2030,sc01,03-03 17:00:00+01:00,-77.21278822483269
2030,sc01,03-03 19:00:00+01:00,-77.21278822483269
2030,sc01,03-03 21:00:00+01:00,-77.21278822483269
2030,sc01,03-03 23:00:00+01:00,-77.21278822483269
2030,sc01,03-04 01:00:00+01:00,-77.21278822483269
2030,sc01,03-04 03:00:00+01:00,-77.21278822483269
2030,sc01,03-04 05:00:00+01:00,-77.21278822483269
2030,sc01,03-04 07:00:00+01:00,-77.21278822483269
2030,sc01,03-04 09:00:00+01:00,-77.21278822483269
2030,sc01,03-04 11:00:00+01:00,-77.21278822483269
2030,sc01,03-04 13:00:00+01:00,-77.21278822483269
2030,sc01,03-04 15:00:00+01:00,-77.21278822483269
2030,sc01,03-04 17:00:00+01:00,-77.21278822483269
2030,sc01,03-04 19:00:00+01:00,-77.21278822483269
2030,sc01,03-04 21:00:00+01:00,-77.21278822483269
2030,sc01,03-04 23:00:00+01:00,-77.21278822483269
2030,sc01,03-05 01:00:00+01:00,-77.21278822483269
2030,sc01,03-05 03:00:00+01:00,-77.21278822483269
2030,sc01,03-05 05:00:00+01:00,-77.21278822483269
2030,sc01,03-05 07:00:00+01:00,-77.21278822483269
2030,sc01,03-05 09:00:00+01:00,-77.21278822483269
2030,sc01,03-05 11:00:00+01:00,-77.21278822483269
2030,sc01,03-05 13:00:00+01:00,-77.21278822483269
2030,sc01,03-05 15:00:00+01:00,-77.21278822483269
2030,sc01,03-05 17:00:00+01:00,-77.21278822483269
2030,sc01,03-05 19:00:00+01:00,-77.21278822483269
2030,sc01,03-05 21:00:00+01:00,-77.21278822483269
2030,sc01,03-05 23:00:00+01:00,-77.21278822483269
2030,sc01,03-06 01:00:00+01:00,-77.21278822483269
2030,sc01,03-06 03:00:00+01:00,-77.21278822483269
2030,sc01,03-06 05:00:00+01:00,-77.21278822483269
2030,sc01,03-06 07:00:00+01:00,-77.21278822483269
2030,sc01,03-06 09:00:00+01:00,-77.21278822483269
2030,sc01,03-06 11:00:00+01:00,-77.21278822483269
2030,sc01,03-06 13:00:00+01:00,-77.21278822483269
2030,sc01,03-06 15:00:00+01:00,-77.21278822483269
2030,sc01,03-06 17:00:00+01:00,-77.21278822483269
2030,sc01,03-06 19:00:00+01:00,-77.21278822483269
2030,sc01,03-06 21:00:00+01:00,-77.21278822483269
2030,sc01,03-06 23:00:00+01:00,-77.21278822483269
2030,sc01,03-07 01:00:00+01:00,-77.21278822483269
2030,sc01,03-07 03:00:00+01:00,-77.21278822483269
2030,sc01,03-07 05:00:00+01:00,-77.21278822483269
2030,sc01,03-07 07:00:00+01:00,-77.21278822483269
2030,sc01,03-07 09:00:00+01:00,-77.21278822483269
2030,sc01,03-07 11:00:00+01:00,-77.21278822483269
2030,sc01,03-07 13:00:00+01:00,-77.21278822483269
2030,sc01,03-07 15:00:00+01:00,-77.21278822483269
2030,sc01,03-07 17:00:00+01:00,-77.21278822483269
2030,sc01,03-07 19:00:00+01:00,-77.21278822483269
2030,sc01,03-07 21:00:00+01:00,-77.21278822483269
2030,sc01,03-07 23:00:00+01:00,-77.21278822483269
2030,sc01,03-08 01:00:00+01:00,-77.21278822483269
2030,sc01,03-08 03:00:00+01:00,-77.21278822483269
2030,sc01,03-08 05:00:00+01:00,-77.21278822483269
2030,sc01,03-08 07:00:00+01:00,-77.21278822483269
2030,sc01,03-08 09:00:00+01:00,-77.21278822483269
2030,sc01,03-08 11:00:00+01:00,-77.21278822483269
2030,sc01,03-08 13:00:00+01:00,-77.21278822483269
2030,sc01,03-08 15:00:00+01:00,-77.21278822483269
2030,sc01,03-08 17:00:00+01:00,-77.21278822483269
2030,sc01,03-08 19:00:00+01:00,-76.55078974215607
2030,sc01,03-08 21:00:00+01:00,-77.21278822483269
2030,sc01,03-08 23:00:00+01:00,-77.21278822483269
2030,sc01,03-09 01:00:00+01:00,-77.21278822483269
2030,sc01,03-09 03:00:00+01:00,-77.21278822483269
2030,sc01,03-09 05:00:00+01:00,-77.21278822483269
2030,sc01,03-09 07:00:00+01:00,-77.21278822483269
2030,sc01,03-09 09:00:00+01:00,-77.21278822483269
2030,sc01,03-09 11:00:00+01:00,-77.21278822483269
2030,sc01,03-09 13:00:00+01:00,-77.21278822483269
2030,sc01,03-09 15:00:00+01:00,-77.21278822483269
2030,sc01,03-09 17:00:00+01:00,-77.21278822483269
2030,sc01,03-09 19:00:00+01:00,-76.45066852315607
2030,sc01,03-09 21:00:00+01:00,-77.21278822483269
2030,sc01,03-09 23:00:00+01:00,-77.21278822483269
2030,sc01,03-10 01:00:00+01:00,-77.21278822483269
2030,sc01,03-10 03:00:00+01:00,-77.21278822483269
2030,sc01,03-10 05:00:00+01:00,-77.21278822483269
2030,sc01,03-10 07:00:00+01:00,-77.21278822483269
2030,sc01,03-10 09:00:00+01:00,-77.21278822483269
2030,sc01,03-10 11:00:00+01:00,-77.21278822483269
2030,sc01,03-10 13:00:00+01:00,-77.21278822483269
2030,sc01,03-10 15:00:00+01:00,-77.21278822483269
2030,sc01,03-10 17:00:00+01:00,-77.21278822483269
2030,sc01,03-10 19:00:00+01:00,-77.21278822483269
2030,sc01,03-10 21:00:00+01:00,-77.21278822483269
2030,sc01,03-10 23:00:00+01:00,-77.21278822483269
2030,sc01,03-11 01:00:00+01:00,-77.21278822483269
2030,sc01,03-11 03:00:00+01:00,-77.21278822483269
2030,sc01,03-11 05:00:00+01:00,-77.21278822483269
2030,sc01,03-11 07:00:00+01:00,-77.21278822483269
2030,sc01,03-11 09:00:00+01:00,-77.21278822483269
2030,sc01,03-11 11:00:00+01:00,-77.21278822483269
2030,sc01,03-11 13:00:00+01:00,-77.21278822483269
2030,sc01,03-11 15:00:00+01:00,-77.21278822483269
2030,sc01,03-11 17:00:00+01:00,-77.21278822483269
2030,sc01,03-11 19:00:00+01:00,-77.21278822483269
2030,sc01,03-11 21:00:00+01:00,-77.21278822483269
2030,sc01,03-11 23:00:00+01:00,-77.21278822483269
2030,sc01,03-12 01:00:00+01:00,-77.21278822483269
2030,sc01,03-12 03:00:00+01:00,-77.21278822483269
2030,sc01,03-12 05:00:00+01:00,-77.21278822483269
2030,sc01,03-12 07:00:00+01:00,-77.21278822483269
2030,sc01,03-12 09:00:00+01:00,-77.21278822483269
2030,sc01,03-12 11:00:00+01:00,-77.21278822483269
2030,sc01,03-12 13:00:00+01:00,-77.21278822483269
2030,sc01,03-12 15:00:00+01:00,-77.21278822483269
2030,sc01,03-12 17:00:00+01:00,-77.21278822483269
2030,sc01,03-12 19:00:00+01:00,-76.13116050215608
2030,sc01,03-12 21:00:00+01:00,-77.21278822483269
2030,sc01,03-12 23:00:00+01:00,-77.21278822483269
2030,sc01,03-13 01:00:00+01:00,-77.21278822483269
2030,sc01,03-13 03:00:00+01:00,-77.21278822483269
2030,sc01,03-13 05:00:00+01:00,-77.21278822483269
2030,sc01,03-13 07:00:00+01:00,-77.21278822483269
2030,sc01,03-13 09:00:00+01:00,-77.21278822483269
2030,sc01,03-13 11:00:00+01:00,-77.21278822483269
2030,sc01,03-13 13:00:00+01:00,-77.21278822483269
2030,sc01,03-13 15:00:00+01:00,-77.21278822483269
2030,sc01,03-13 17:00:00+01:00,-77.21278822483269
2030,sc01,03-13 19:00:00+01:00,-77.21278822483269
2030,sc01,03-13 21:00:00+01:00,-77.21278822483269
2030,sc01,03-13 23:00:00+01:00,-77.21278822483269
2030,sc01,03-14 01:00:00+01:00,-77.21278822483269
2030,sc01,03-14 03:00:00+01:00,-77.21278822483269
2030,sc01,03-14 05:00:00+01:00,-77.21278822483269
2030,sc01,03-14 07:00:00+01:00,-77.21278822483269
2030,sc01,03-14 09:00:00+01:00,-76.88128001416354
2030,sc01,03-14 11:00:00+01:00,-77.21278822483269
2030,sc01,03-14 13:00:00+01:00,-77.21278822483269
2030,sc01,03-14 15:00:00+01:00,-77.21278822483269
2030,sc01,03-14 17:00:00+01:00,-77.21278822483269
2030,sc01,03-14 19:00:00+01:00,-77.21278822483269
2030,sc01,03-14 21:00:00+01:00,-77.21278822483269
2030,sc01,03-14 23:00:00+01:00,-77.21278822483269
2030,sc01,03-15 01:00:00+01:00,-77.21278822483269
2030,sc01,03-15 03:00:00+01:00,-77.21278822483269
2030,sc01,03-15 05:00:00+01:00,-77.21278822483269
2030,sc01,03-15 07:00:00+01:00,-77.21278822483269
2030,sc01,03-15 09:00:00+01:00,-76.78874882816353
2030,sc01,03-15 11:00:00+01:00,-77.21278822483269
2030,sc01,03-15 13:00:00+01:00,-77.21278822483269
2030,sc01,03-15 15:00:00+01:00,-77.21278822483269
2030,sc01,03-15 17:00:00+01:00,-77.21278822483269
2030,sc01,03-15 19:00:00+01:00,-77.21278822483269
2030,sc01,03-15 21:00:00+01:00,-77.21278822483269
2030,sc01,03-15 23:00:00+01:00,-77.21278822483269
2030,sc01,03-16 01:00:00+01:00,-77.21278822483269
2030,sc01,03-16 03:00:00+01:00,-77.21278822483269
2030,sc01,03-16 05:00:00+01:00,-77.21278822483269
2030,sc01,03-16 07:00:00+01:00,-77.21278822483269
2030,sc01,03-16 09:00:00+01:00,-77.21278822483269
2030,sc01,03-16 11:00:00+01:00,-77.21278822483269
2030,sc01,03-16 13:00:00+01:00,-77.21278822483269
2030,sc01,03-16 15:00:00+01:00,-77.21278822483269
2030,sc01,03-16 17:00:00+01:00,-77.21278822483269
2030,sc01,03-16 19:00:00+01:00,-77.21278822483269
2030,sc01,03-16 21:00:00+01:00,-77.21278822483269
2030,sc01,03-16 23:00:00+01:00,-77.21278822483269
2030,sc01,03-17 01:00:00+01:00,-77.21278822483269
2030,sc01,03-17 03:00:00+01:00,-77.21278822483269
2030,sc01,03-17 05:00:00+01:00,-77.21278822483269
2030,sc01,03-17 07:00:00+01:00,-77.21278822483269
2030,sc01,03-17 09:00:00+01:00,-77.21278822483269
2030,sc01,03-17 11:00:00+01:00,-77.21278822483269
2030,sc01,03-17 13:00:00+01:00,-77.21278822483269
2030,sc01,03-17 15:00:00+01:00,-77.21278822483269
2030,sc01,03-17 17:00:00+01:00,-77.21278822483269
2030,sc01,03-17 19:00:00+01:00,-77.21278822483269
2030,sc01,03-17 21:00:00+01:00,-77.21278822483269
2030,sc01,03-17 23:00:00+01:00,-77.21278822483269
2030,sc01,03-18 01:00:00+01:00,-77.21278822483269
2030,sc01,03-18 03:00:00+01:00,-77.21278822483269
2030,sc01,03-18 05:00:00+01:00,-77.21278822483269
2030,sc01,03-18 07:00:00+01:00,-77.21278822483269
2030,sc01,03-18 09:00:00+01:00,-77.21278822483269
2030,sc01,03-18 11:00:00+01:00,-77.21278822483269
2030,sc01,03-18 13:00:00+01:00,-77.21278822483269
2030,sc01,03-18 15:00:00+01:00,-77.21278822483269
2030,sc01,03-18 17:00:00+01:00,-77.21278822483269
2030,sc01,03-18 19:00:00+01:00,-77.21278822483269
2030,sc01,03-18 21:00:00+01:00,-77.21278822483269
2030,sc01,03-18 23:00:00+01:00,-77.21278822483269
2030,sc01,03-19 01:00:00+01:00,-77.21278822483269
2030,sc01,03-19 03:00:00+01:00,-77.21278822483269
2030,sc01,03-19 05:00:00+01:00,-77.21278822483269
2030,sc01,03-19 07:00:00+01:00,-77.21278822483269
2030,sc01,03-19 09:00:00+01:00,-77.21278822483269
2030,sc01,03-19 11:00:00+01:00,-77.21278822483269
2030,sc01,03-19 13:00:00+01:00,-77.21278822483269
2030,sc01,03-19 15:00:00+01:00,-77.21278822483269
2030,sc01,03-19 17:00:00+01:00,-77.21278822483269
2030,sc01,03-19 19:00:00+01:00,-77.21278822483269
2030,sc01,03-19 21:00:00+01:00,-77.21278822483269
2030,sc01,03-19 23:00:00+01:00,-77.21278822483269
2030,sc01,03-20 01:00:00+01:00,-77.21278822483269
2030,sc01,03-20 03:00:00+01:00,-77.21278822483269
2030,sc01,03-20 05:00:00+01:00,-77.21278822483269
2030,sc01,03-20 07:00:00+01:00,-77.21278822483269
2030,sc01,03-20 09:00:00+01:00,-77.21278822483269
2030,sc01,03-20 11:00:00+01:00,-77.21278822483269
2030,sc01,03-20 13:00:00+01:00,-77.21278822483269
2030,sc01,03-20 15:00:00+01:00,-77.21278822483269
2030,sc01,03-20 17:00:00+01:00,-77.21278822483269
2030,sc01,03-20 19:00:00+01:00,-77.21278822483269
2030,sc01,03-20 21:00:00+01:00,-77.21278822483269
2030,sc01,03-20 23:00:00+01:00,-77.21278822483269
2030,sc01,03-21 01:00:00+01:00,-77.21278822483269
2030,sc01,03-21 03:00:00+01:00,-77.21278822483269
2030,sc01,03-21 05:00:00+01:00,-77.21278822483269
2030,sc01,03-21 07:00:00+01:00,-77.21278822483269
2030,sc01,03-21 09:00:00+01:00,-76.34360465016354
2030,sc01,03-21 11:00:00+01:00,-77.21278822483269
2030,sc01,03-21 13:00:00+01:00,-77.21278822483269
2030,sc01,03-21 15:00:00+01:00,-77.21278822483269
2030,sc01,03-21 17:00:00+01:00,-77.21278822483269
2030,sc01,03-21 19:00:00+01:00,-77.21278822483269
2030,sc01,03-21 21:00:00+01:00,-77.21278822483269
2030,sc01,03-21 23:00:00+01:00,-77.21278822483269
2030,sc01,03-22 01:00:00+01:00,-77.21278822483269
2030,sc01,03-22 03:00:00+01:00,-77.21278822483269
2030,sc01,03-22 05:00:00+01:00,-77.21278822483269
2030,sc01,03-22 07:00:00+01:00,-77.21278822483269
2030,sc01,03-22 09:00:00+01:00,-76.26363434616354
2030,sc01,03-22 11:00:00+01:00,-77.21278822483269
2030,sc01,03-22 13:00:00+01:00,-77.21278822483269
2030,sc01,03-22 15:00:00+01:00,-77.21278822483269
2030,sc01,03-22 17:00:00+01:00,-77.21278822483269
2030,sc01,03-22 19:00:00+01:00,-77.21278822483269
2030,sc01,03-22 21:00:00+01:00,-77.21278822483269
2030,sc01,03-22 23:00:00+01:00,-77.21278822483269
2030,sc01,03-23 01:00:00+01:00,-77.21278822483269
2030,sc01,03-23 03:00:00+01:00,-77.21278822483269
2030,sc01,03-23 05:00:00+01:00,-77.21278822483269
2030,sc01,03-23 07:00:00+01:00,-77.21278822483269
2030,sc01,03-23 09:00:00+01:00,-77.21278822483269
2030,sc01,03-23 11:00:00+01:00,-77.21278822483269
2030,sc01,03-23 13:00:00+01:00,-77.21278822483269
2030,sc01,03-23 15:00:00+01:00,-77.21278822483269
2030,sc01,03-23 17:00:00+01:00,-77.21278822483269
2030,sc01,03-23 19:00:00+01:00,-75.27229858415608
2030,sc01,03-23 21:00:00+01:00,-77.11406790965607
2030,sc01,03-23 23:00:00+01:00,-77.21278822483269
2030,sc01,03-24 01:00:00+01:00,-77.21278822483269
2030,sc01,03-24 03:00:00+01:00,-77.21278822483269
2030,sc01,03-24 05:00:00+01:00,-77.21278822483269
2030,sc01,03-24 07:00:00+01:00,-77.21278822483269
2030,sc01,03-24 09:00:00+01:00,-77.21278822483269
2030,sc01,03-24 11:00:00+01:00,-77.21278822483269
2030,sc01,03-24 13:00:00+01:00,-77.21278822483269
2030,sc01,03-24 15:00:00+01:00,-77.21278822483269
2030,sc01,03-24 17:00:00+01:00,-77.21278822483269
2030,sc01,03-24 19:00:00+01:00,-75.19661460715608
2030,sc01,03-24 21:00:00+01:00,-77.03838393265607
2030,sc01,03-24 23:00:00+01:00,-77.21278822483269
2030,sc01,03-25 01:00:00+01:00,-77.21278822483269
2030,sc01,03-25 03:00:00+01:00,-77.21278822483269
2030,sc01,03-25 05:00:00+01:00,-77.21278822483269
2030,sc01,03-25 07:00:00+01:00,-77.21278822483269
2030,sc01,03-25 09:00:00+01:00,-77.21278822483269
2030,sc01,03-25 11:00:00+01:00,-77.21278822483269
2030,sc01,03-25 13:00:00+01:00,-77.21278822483269
2030,sc01,03-25 15:00:00+01:00,-77.21278822483269
2030,sc01,03-25 17:00:00+01:00,-77.21278822483269
2030,sc01,03-25 19:00:00+01:00,-77.21278822483269
2030,sc01,03-25 21:00:00+01:00,-77.21278822483269
2030,sc01,03-25 23:00:00+01:00,-77.21278822483269
2030,sc01,03-26 01:00:00+01:00,-77.21278822483269
2030,sc01,03-26 03:00:00+01:00,-77.21278822483269
2030,sc01,03-26 05:00:00+01:00,-77.21278822483269
2030,sc01,03-26 07:00:00+01:00,-76.90838557865607
2030,sc01,03-26 09:00:00+01:00,-75.98750091516354
2030,sc01,03-26 11:00:00+01:00,-77.21278822483269
2030,sc01,03-26 13:00:00+01:00,-77.21278822483269
2030,sc01,03-26 15:00:00+01:00,-77.21278822483269
2030,sc01,03-26 17:00:00+01:00,-77.21278822483269
2030,sc01,03-26 19:00:00+01:00,-75.06661625315607
2030,sc01,03-26 21:00:00+01:00,-76.90838557865607
2030,sc01,03-26 23:00:00+01:00,-77.21278822483269
2030,sc01,03-27 01:00:00+01:00,-77.21278822483269
2030,sc01,03-27 03:00:00+01:00,-77.21278822483269
2030,sc01,03-27 05:00:00+01:00,-77.21278822483269
2030,sc01,03-27 07:00:00+01:00,-76.84254820265608
2030,sc01,03-27 09:00:00+01:00,-75.92166353916353
2030,sc01,03-27 11:00:00+01:00,-77.21278822483269
2030,sc01,03-27 13:00:00+01:00,-77.21278822483269
2030,sc01,03-27 15:00:00+01:00,-77.21278822483269
2030,sc01,03-27 17:00:00+01:00,-77.21278822483269
2030,sc01,03-27 19:00:00+01:00,-75.00077887715608
2030,sc01,03-27 21:00:00+01:00,-76.84254820265608
2030,sc01,03-27 23:00:00+01:00,-77.21278822483269
2030,sc01,03-28 01:00:00+01:00,-77.21278822483269
2030,sc01,03-28 03:00:00+01:00,-77.21278822483269
2030,sc01,03-28 05:00:00+01:00,-77.21278822483269
2030,sc01,03-28 07:00:00+01:00,-77.21278822483269
2030,sc01,03-28 09:00:00+01:00,-77.21278822483269
2030,sc01,03-28 11:00:00+01:00,-77.21278822483269
2030,sc01,03-28 13:00:00+01:00,-77.21278822483269
2030,sc01,03-28 15:00:00+01:00,-77.21278822483269
2030,sc01,03-28 17:00:00+01:00,-77.21278822483269
2030,sc01,03-28 19:00:00+01:00,-77.21278822483269
2030,sc01,03-28 21:00:00+01:00,-77.21278822483269
2030,sc01,03-28 23:00:00+01:00,-77.21278822483269
2030,sc01,03-29 01:00:00+01:00,-77.21278822483269
2030,sc01,03-29 03:00:00+01:00,-77.21278822483269
2030,sc01,03-29 05:00:00+01:00,-77.21278822483269
2030,sc01,03-29 07:00:00+01:00,-76.72080762965608
2030,sc01,03-29 09:00:00+01:00,-75.79992296616354
2030,sc01,03-29 11:00:00+01:00,-77.21278822483269
2030,sc01,03-29 13:00:00+01:00,-77.21278822483269
2030,sc01,03-29 15:00:00+01:00,-77.21278822483269
2030,sc01,03-29 17:00:00+01:00,-77.21278822483269
2030,sc01,03-29 19:00:00+01:00,-77.21278822483269
2030,sc01,03-29 21:00:00+01:00,-77.21278822483269
2030,sc01,03-29 23:00:00+01:00,-77.21278822483269
2030,sc01,03-30 01:00:00+01:00,-77.21278822483269
2030,sc01,03-30 03:00:00+01:00,-77.21278822483269
2030,sc01,03-30 05:00:00+01:00,-77.21278822483269
2030,sc01,03-30 07:00:00+01:00,-76.64448259865607
2030,sc01,03-30 09:00:00+01:00,-75.72359793516354
2030,sc01,03-30 11:00:00+01:00,-77.21278822483269
2030,sc01,03-30 13:00:00+01:00,-77.21278822483269
2030,sc01,03-30 15:00:00+01:00,-77.21278822483269
2030,sc01,03-30 17:00:00+01:00,-77.21278822483269
2030,sc01,03-30 19:00:00+01:00,-74.80271327315607
2030,sc01,03-30 21:00:00+01:00,-76.64448259865607
2030,sc01,03-30 23:00:00+01:00,-77.21278822483269
2030,sc01,03-31 01:00:00+01:00,-77.21278822483269
2030,sc01,03-31 03:00:00+01:00,-77.21278822483269
2030,sc01,03-31 05:00:00+01:00,-77.21278822483269
2030,sc01,03-31 07:00:00+01:00,-76.55008613265608
2030,sc01,03-31 09:00:00+01:00,-75.62920146916353
2030,sc01,03-31 11:00:00+01:00,-77.21278822483269
2030,sc01,03-31 13:00:00+01:00,-77.21278822483269
2030,sc01,03-31 15:00:00+01:00,-77.21278822483269
2030,sc01,03-31 17:00:00+01:00,-77.21278822483269
2030,sc01,03-31 19:00:00+01:00,-74.70831680715608
2030,sc01,03-31 21:00:00+01:00,-76.55008613265608
2030,sc01,03-31 23:00:00+01:00,-77.21278822483269
2030,sc01,04-01 01:00:00+01:00,-77.21278822483269
2030,sc01,04-01 03:00:00+01:00,-77.21278822483269
2030,sc01,04-01 05:00:00+01:00,-77.21278822483269
2030,sc01,04-01 07:00:00+01:00,-73.6361457862531
2030,sc01,04-01 09:00:00+01:00,-72.54831709918592
2030,sc01,04-01 11:00:00+01:00,-77.21278822483269
2030,sc01,04-01 13:00:00+01:00,-77.21278822483269
2030,sc01,04-01 15:00:00+01:00,-77.21278822483269
2030,sc01,04-01 17:00:00+01:00,-77.21278822483269
2030,sc01,04-01 19:00:00+01:00,-71.46048842156901
2030,sc01,04-01 21:00:00+01:00,-73.6361457862531
2030,sc01,04-01 23:00:00+01:00,-76.89963181017846
2030,sc01,04-02 01:00:00+01:00,-77.21278822483269
2030,sc01,04-02 03:00:00+01:00,-77.21278822483269
2030,sc01,04-02 05:00:00+01:00,-77.21278822483269
2030,sc01,04-02 07:00:00+01:00,-73.53743754325309
2030,sc01,04-02 09:00:00+01:00,-72.44960885618593
2030,sc01,04-02 11:00:00+01:00,-77.21278822483269
2030,sc01,04-02 13:00:00+01:00,-77.21278822483269
2030,sc01,04-02 15:00:00+01:00,-77.21278822483269
2030,sc01,04-02 17:00:00+01:00,-77.21278822483269
2030,sc01,04-02 19:00:00+01:00,-71.361780178569
2030,sc01,04-02 21:00:00+01:00,-73.53743754325309
2030,sc01,04-02 23:00:00+01:00,-76.80092356717847
2030,sc01,04-03 01:00:00+01:00,-77.21278822483269
2030,sc01,04-03 03:00:00+01:00,-77.21278822483269
2030,sc01,04-03 05:00:00+01:00,-77.21278822483269
2030,sc01,04-03 07:00:00+01:00,-73.4369863542531
2030,sc01,04-03 09:00:00+01:00,-72.34915766718592
2030,sc01,04-03 11:00:00+01:00,-77.21278822483269
2030,sc01,04-03 13:00:00+01:00,-77.21278822483269
2030,sc01,04-03 15:00:00+01:00,-77.21278822483269
2030,sc01,04-03 17:00:00+01:00,-77.21278822483269
2030,sc01,04-03 19:00:00+01:00,-71.26132898956901
2030,sc01,04-03 21:00:00+01:00,-73.4369863542531
2030,sc01,04-03 23:00:00+01:00,-76.70047237817846
2030,sc01,04-04 01:00:00+01:00,-77.21278822483269
2030,sc01,04-04 03:00:00+01:00,-77.21278822483269
2030,sc01,04-04 05:00:00+01:00,-76.35614197987996
2030,sc01,04-04 07:00:00+01:00,-73.3102216962531
2030,sc01,04-04 09:00:00+01:00,-72.22239300918594
2030,sc01,04-04 11:00:00+01:00,-77.21278822483269
2030,sc01,04-04 13:00:00+01:00,-77.21278822483269
2030,sc01,04-04 15:00:00+01:00,-77.21278822483269
2030,sc01,04-04 17:00:00+01:00,-77.21278822483269
2030,sc01,04-04 19:00:00+01:00,-71.13456433156901
2030,sc01,04-04 21:00:00+01:00,-73.3102216962531
2030,sc01,04-04 23:00:00+01:00,-76.57370772017848
2030,sc01,04-05 01:00:00+01:00,-77.21278822483269
2030,sc01,04-05 03:00:00+01:00,-77.21278822483269
2030,sc01,04-05 05:00:00+01:00,-77.21278822483269
2030,sc01,04-05 07:00:00+01:00,-73.2371522242531
2030,sc01,04-05 09:00:00+01:00,-72.14932353718594
2030,sc01,04-05 11:00:00+01:00,-77.21278822483269
2030,sc01,04-05 13:00:00+01:00,-77.21278822483269
2030,sc01,04-05 15:00:00+01:00,-77.21278822483269
2030,sc01,04-05 17:00:00+01:00,-77.21278822483269
2030,sc01,04-05 19:00:00+01:00,-71.06149485956902
2030,sc01,04-05 21:00:00+01:00,-73.2371522242531
2030,sc01,04-05 23:00:00+01:00,-77.21278822483269
2030,sc01,04-06 01:00:00+01:00,-77.21278822483269
2030,sc01,04-06 03:00:00+01:00,-77.21278822483269
2030,sc01,04-06 05:00:00+01:00,-77.21278822483269
2030,sc01,04-06 07:00:00+01:00,-73.2082252882531
2030,sc01,04-06 09:00:00+01:00,-72.12039660118593
2030,sc01,04-06 11:00:00+01:00,-77.21278822483269
2030,sc01,04-06 13:00:00+01:00,-77.21278822483269
2030,sc01,04-06 15:00:00+01:00,-77.21278822483269
2030,sc01,04-06 17:00:00+01:00,-77.21278822483269
2030,sc01,04-06 19:00:00+01:00,-71.03256792356902
2030,sc01,04-06 21:00:00+01:00,-73.2082252882531
2030,sc01,04-06 23:00:00+01:00,-77.21278822483269
2030,sc01,04-07 01:00:00+01:00,-77.21278822483269
2030,sc01,04-07 03:00:00+01:00,-77.21278822483269
2030,sc01,04-07 05:00:00+01:00,-77.21278822483269
2030,sc01,04-07 07:00:00+01:00,-73.1576008422531
2030,sc01,04-07 09:00:00+01:00,-72.06977215518593
2030,sc01,04-07 11:00:00+01:00,-77.21278822483269
2030,sc01,04-07 13:00:00+01:00,-77.21278822483269
2030,sc01,04-07 15:00:00+01:00,-77.21278822483269
2030,sc01,04-07 17:00:00+01:00,-77.21278822483269
2030,sc01,04-07 19:00:00+01:00,-70.98194347756902
2030,sc01,04-07 21:00:00+01:00,-73.1576008422531
2030,sc01,04-07 23:00:00+01:00,-77.21278822483269
2030,sc01,04-08 01:00:00+01:00,-77.21278822483269
2030,sc01,04-08 03:00:00+01:00,-77.21278822483269
2030,sc01,04-08 05:00:00+01:00,-76.12965840787997
2030,sc01,04-08 07:00:00+01:00,-73.0837381242531
2030,sc01,04-08 09:00:00+01:00,-62.77318542416916
2030,sc01,04-08 11:00:00+01:00,-72.64860664316603
2030,sc01,04-08 13:00:00+01:00,-77.21278822483269
2030,sc01,04-08 15:00:00+01:00,-77.21278822483269
2030,sc01,04-08 17:00:00+01:00,-77.21278822483269
2030,sc01,04-08 19:00:00+01:00,-70.90808075956902
2030,sc01,04-08 21:00:00+01:00,-73.0837381242531
2030,sc01,04-08 23:00:00+01:00,-77.21278822483269
2030,sc01,04-09 01:00:00+01:00,-77.21278822483269
2030,sc01,04-09 03:00:00+01:00,-77.21278822483269
2030,sc01,04-09 05:00:00+01:00,-77.21278822483269
2030,sc01,04-09 07:00:00+01:00,-73.0123688792531
2030,sc01,04-09 09:00:00+01:00,-71.92454019218594
2030,sc01,04-09 11:00:00+01:00,-77.21278822483269
2030,sc01,04-09 13:00:00+01:00,-77.21278822483269
2030,sc01,04-09 15:00:00+01:00,-77.21278822483269
2030,sc01,04-09 17:00:00+01:00,-77.21278822483269
2030,sc01,04-09 19:00:00+01:00,-70.83671151456902
2030,sc01,04-09 21:00:00+01:00,-73.0123688792531
2030,sc01,04-09 23:00:00+01:00,-77.21278822483269
2030,sc01,04-10 01:00:00+01:00,-77.21278822483269
2030,sc01,04-10 03:00:00+01:00,-77.21278822483269
2030,sc01,04-10 05:00:00+01:00,-77.21278822483269
2030,sc01,04-10 07:00:00+01:00,-72.9692275752531
2030,sc01,04-10 09:00:00+01:00,-71.88139888818594
2030,sc01,04-10 11:00:00+01:00,-77.21278822483269
2030,sc01,04-10 13:00:00+01:00,-77.21278822483269
2030,sc01,04-10 15:00:00+01:00,-77.21278822483269
2030,sc01,04-10 17:00:00+01:00,-77.21278822483269
2030,sc01,04-10 19:00:00+01:00,-70.79357021056903
2030,sc01,04-10 21:00:00+01:00,-72.9692275752531
2030,sc01,04-10 23:00:00+01:00,-77.21278822483269
2030,sc01,04-11 01:00:00+01:00,-77.21278822483269
2030,sc01,04-11 03:00:00+01:00,-77.21278822483269
2030,sc01,04-11 05:00:00+01:00,-77.21278822483269
2030,sc01,04-11 07:00:00+01:00,-72.9087493572531
2030,sc01,04-11 09:00:00+01:00,-71.82092067018594
2030,sc01,04-11 11:00:00+01:00,-77.21278822483269
2030,sc01,04-11 13:00:00+01:00,-77.21278822483269
2030,sc01,04-11 15:00:00+01:00,-77.21278822483269
2030,sc01,04-11 17:00:00+01:00,-77.21278822483269
2030,sc01,04-11 19:00:00+01:00,-70.73309199256903
2030,sc01,04-11 21:00:00+01:00,-72.9087493572531
2030,sc01,04-11 23:00:00+01:00,-77.21278822483269
2030,sc01,04-12 01:00:00+01:00,-77.21278822483269
2030,sc01,04-12 03:00:00+01:00,-77.21278822483269
2030,sc01,04-12 05:00:00+01:00,-77.21278822483269
2030,sc01,04-12 07:00:00+01:00,-72.8389103312531
2030,sc01,04-12 09:00:00+01:00,-71.75108164418594
2030,sc01,04-12 11:00:00+01:00,-77.21278822483269
2030,sc01,04-12 13:00:00+01:00,-77.21278822483269
2030,sc01,04-12 15:00:00+01:00,-77.21278822483269
2030,sc01,04-12 17:00:00+01:00,-77.21278822483269
2030,sc01,04-12 19:00:00+01:00,-70.66325296656903
2030,sc01,04-12 21:00:00+01:00,-72.8389103312531
2030,sc01,04-12 23:00:00+01:00,-77.21278822483269
2030,sc01,04-13 01:00:00+01:00,-77.21278822483269
2030,sc01,04-13 03:00:00+01:00,-77.21278822483269
2030,sc01,04-13 05:00:00+01:00,-77.21278822483269
2030,sc01,04-13 07:00:00+01:00,-72.75442908625311
2030,sc01,04-13 09:00:00+01:00,-71.66660039918595
2030,sc01,04-13 11:00:00+01:00,-77.21278822483269
2030,sc01,04-13 13:00:00+01:00,-77.21278822483269
2030,sc01,04-13 15:00:00+01:00,-77.21278822483269
2030,sc01,04-13 17:00:00+01:00,-77.21278822483269
2030,sc01,04-13 19:00:00+01:00,-70.57877172156903
2030,sc01,04-13 21:00:00+01:00,-72.75442908625311
2030,sc01,04-13 23:00:00+01:00,-77.21278822483269
2030,sc01,04-14 01:00:00+01:00,-77.21278822483269
2030,sc01,04-14 03:00:00+01:00,-77.21278822483269
2030,sc01,04-14 05:00:00+01:00,-77.21278822483269
2030,sc01,04-14 07:00:00+01:00,-72.68104859925312
2030,sc01,04-14 09:00:00+01:00,-71.59321991218594
2030,sc01,04-14 11:00:00+01:00,-77.21278822483269
2030,sc01,04-14 13:00:00+01:00,-77.21278822483269
2030,sc01,04-14 15:00:00+01:00,-77.21278822483269
2030,sc01,04-14 17:00:00+01:00,-77.21278822483269
2030,sc01,04-14 19:00:00+01:00,-70.50539123456903
2030,sc01,04-14 21:00:00+01:00,-72.68104859925312
2030,sc01,04-14 23:00:00+01:00,-77.21278822483269
2030,sc01,04-15 01:00:00+01:00,-77.21278822483269
2030,sc01,04-15 03:00:00+01:00,-77.21278822483269
2030,sc01,04-15 05:00:00+01:00,-77.21278822483269
2030,sc01,04-15 07:00:00+01:00,-72.5742127882531
2030,sc01,04-15 09:00:00+01:00,-71.48638410118595
2030,sc01,04-15 11:00:00+01:00,-77.21278822483269
2030,sc01,04-15 13:00:00+01:00,-77.21278822483269
2030,sc01,04-15 15:00:00+01:00,-77.21278822483269
2030,sc01,04-15 17:00:00+01:00,-77.21278822483269
2030,sc01,04-15 19:00:00+01:00,-70.39855542356904
2030,sc01,04-15 21:00:00+01:00,-72.5742127882531
2030,sc01,04-15 23:00:00+01:00,-75.83769881217849
2030,sc01,04-16 01:00:00+01:00,-77.21278822483269
2030,sc01,04-16 03:00:00+01:00,-77.21278822483269
2030,sc01,04-16 05:00:00+01:00,-77.21278822483269
2030,sc01,04-16 07:00:00+01:00,-72.50495074125311
2030,sc01,04-16 09:00:00+01:00,-71.41712205418595
2030,sc01,04-16 11:00:00+01:00,-77.21278822483269
2030,sc01,04-16 13:00:00+01:00,-77.21278822483269
2030,sc01,04-16 15:00:00+01:00,-77.21278822483269
2030,sc01,04-16 17:00:00+01:00,-77.21278822483269
2030,sc01,04-16 19:00:00+01:00,-70.32929337656904
2030,sc01,04-16 21:00:00+01:00,-72.50495074125311
2030,sc01,04-16 23:00:00+01:00,-75.76843676517849
2030,sc01,04-17 01:00:00+01:00,-77.21278822483269
2030,sc01,04-17 03:00:00+01:00,-77.21278822483269
2030,sc01,04-17 05:00:00+01:00,-77.21278822483269
2030,sc01,04-17 07:00:00+01:00,-72.48449999025311
2030,sc01,04-17 09:00:00+01:00,-71.39667130318595
2030,sc01,04-17 11:00:00+01:00,-77.21278822483269
2030,sc01,04-17 13:00:00+01:00,-77.21278822483269
2030,sc01,04-17 15:00:00+01:00,-77.21278822483269
2030,sc01,04-17 17:00:00+01:00,-77.21278822483269
2030,sc01,04-17 19:00:00+01:00,-70.30884262556904
2030,sc01,04-17 21:00:00+01:00,-72.48449999025311
2030,sc01,04-17 23:00:00+01:00,-75.7479860141785
2030,sc01,04-18 01:00:00+01:00,-77.21278822483269
2030,sc01,04-18 03:00:00+01:00,-77.21278822483269
2030,sc01,04-18 05:00:00+01:00,-77.21278822483269
2030,sc01,04-18 07:00:00+01:00,-72.46755852925313
2030,sc01,04-18 09:00:00+01:00,-71.37972984218595
2030,sc01,04-18 11:00:00+01:00,-77.21278822483269
2030,sc01,04-18 13:00:00+01:00,-77.21278822483269
2030,sc01,04-18 15:00:00+01:00,-77.21278822483269
2030,sc01,04-18 17:00:00+01:00,-77.21278822483269
2030,sc01,04-18 19:00:00+01:00,-70.29190116456904
2030,sc01,04-18 21:00:00+01:00,-72.46755852925313
2030,sc01,04-18 23:00:00+01:00,-75.73104455317849
2030,sc01,04-19 01:00:00+01:00,-77.21278822483269
2030,sc01,04-19 03:00:00+01:00,-77.21278822483269
2030,sc01,04-19 05:00:00+01:00,-77.21278822483269
2030,sc01,04-19 07:00:00+01:00,-72.42358639125312
2030,sc01,04-19 09:00:00+01:00,-71.33575770418595
2030,sc01,04-19 11:00:00+01:00,-77.21278822483269
2030,sc01,04-19 13:00:00+01:00,-77.21278822483269
2030,sc01,04-19 15:00:00+01:00,-77.21278822483269
2030,sc01,04-19 17:00:00+01:00,-77.21278822483269
2030,sc01,04-19 19:00:00+01:00,-70.24792902656904
2030,sc01,04-19 21:00:00+01:00,-72.42358639125312
2030,sc01,04-19 23:00:00+01:00,-75.68707241517849
2030,sc01,04-20 01:00:00+01:00,-77.21278822483269
2030,sc01,04-20 03:00:00+01:00,-77.21278822483269
2030,sc01,04-20 05:00:00+01:00,-77.21278822483269
2030,sc01,04-20 07:00:00+01:00,-72.40035146725312
2030,sc01,04-20 09:00:00+01:00,-71.31252278018596
2030,sc01,04-20 11:00:00+01:00,-77.21278822483269
2030,sc01,04-20 13:00:00+01:00,-77.21278822483269
2030,sc01,04-20 15:00:00+01:00,-77.21278822483269
2030,sc01,04-20 17:00:00+01:00,-77.21278822483269
2030,sc01,04-20 19:00:00+01:00,-70.22469410256905
2030,sc01,04-20 21:00:00+01:00,-72.40035146725312
2030,sc01,04-20 23:00:00+01:00,-77.21278822483269
2030,sc01,04-21 01:00:00+01:00,-77.21278822483269
2030,sc01,04-21 03:00:00+01:00,-77.21278822483269
2030,sc01,04-21 05:00:00+01:00,-77.21278822483269
2030,sc01,04-21 07:00:00+01:00,-72.38783104625313
2030,sc01,04-21 09:00:00+01:00,-71.30000235918595
2030,sc01,04-21 11:00:00+01:00,-77.21278822483269
2030,sc01,04-21 13:00:00+01:00,-77.21278822483269
2030,sc01,04-21 15:00:00+01:00,-77.21278822483269
2030,sc01,04-21 17:00:00+01:00,-77.21278822483269
2030,sc01,04-21 19:00:00+01:00,-70.21217368156904
2030,sc01,04-21 21:00:00+01:00,-72.38783104625313
2030,sc01,04-21 23:00:00+01:00,-75.6513170701785
2030,sc01,04-22 01:00:00+01:00,-77.21278822483269
2030,sc01,04-22 03:00:00+01:00,-77.21278822483269
2030,sc01,04-22 05:00:00+01:00,-77.21278822483269
2030,sc01,04-22 07:00:00+01:00,-72.35273664525313
2030,sc01,04-22 09:00:00+01:00,-71.26490795818596
2030,sc01,04-22 11:00:00+01:00,-77.21278822483269
2030,sc01,04-22 13:00:00+01:00,-77.21278822483269
2030,sc01,04-22 15:00:00+01:00,-77.21278822483269
2030,sc01,04-22 17:00:00+01:00,-77.21278822483269
2030,sc01,04-22 19:00:00+01:00,-70.17707928056905
2030,sc01,04-22 21:00:00+01:00,-72.35273664525313
2030,sc01,04-22 23:00:00+01:00,-75.6162226691785
2030,sc01,04-23 01:00:00+01:00,-77.21278822483269
2030,sc01,04-23 03:00:00+01:00,-77.21278822483269
2030,sc01,04-23 05:00:00+01:00,-77.21278822483269
2030,sc01,04-23 07:00:00+01:00,-72.30856464825312
2030,sc01,04-23 09:00:00+01:00,-71.22073596118597
2030,sc01,04-23 11:00:00+01:00,-77.21278822483269
2030,sc01,04-23 13:00:00+01:00,-77.21278822483269
2030,sc01,04-23 15:00:00+01:00,-77.21278822483269
2030,sc01,04-23 17:00:00+01:00,-77.21278822483269
2030,sc01,04-23 19:00:00+01:00,-70.13290728356905
2030,sc01,04-23 21:00:00+01:00,-72.30856464825312
2030,sc01,04-23 23:00:00+01:00,-77.21278822483269
2030,sc01,04-24 01:00:00+01:00,-77.21278822483269
2030,sc01,04-24 03:00:00+01:00,-77.21278822483269
2030,sc01,04-24 05:00:00+01:00,-77.21278822483269
2030,sc01,04-24 07:00:00+01:00,-72.25255057125312
2030,sc01,04-24 09:00:00+01:00,-71.16472188418597
2030,sc01,04-24 11:00:00+01:00,-77.21278822483269
2030,sc01,04-24 13:00:00+01:00,-77.21278822483269
2030,sc01,04-24 15:00:00+01:00,-77.21278822483269
2030,sc01,04-24 17:00:00+01:00,-77.21278822483269
2030,sc01,04-24 19:00:00+01:00,-70.07689320656905
2030,sc01,04-24 21:00:00+01:00,-72.25255057125312
2030,sc01,04-24 23:00:00+01:00,-77.21278822483269
2030,sc01,04-25 01:00:00+01:00,-77.21278822483269
2030,sc01,04-25 03:00:00+01:00,-77.21278822483269
2030,sc01,04-25 05:00:00+01:00,-77.21278822483269
2030,sc01,04-25 07:00:00+01:00,-72.20644853825313
2030,sc01,04-25 09:00:00+01:00,-71.11861985118597
2030,sc01,04-25 11:00:00+01:00,-77.21278822483269
2030,sc01,04-25 13:00:00+01:00,-77.21278822483269
2030,sc01,04-25 15:00:00+01:00,-77.21278822483269
2030,sc01,04-25 17:00:00+01:00,-77.21278822483269
2030,sc01,04-25 19:00:00+01:00,-70.03079117356906
2030,sc01,04-25 21:00:00+01:00,-72.20644853825313
2030,sc01,04-25 23:00:00+01:00,-77.21278822483269
2030,sc01,04-26 01:00:00+01:00,-77.21278822483269
2030,sc01,04-26 03:00:00+01:00,-77.21278822483269
2030,sc01,04-26 05:00:00+01:00,-77.21278822483269
2030,sc01,04-26 07:00:00+01:00,-72.16674522825313
2030,sc01,04-26 09:00:00+01:00,-71.07891654118596
2030,sc01,04-26 11:00:00+01:00,-77.21278822483269
2030,sc01,04-26 13:00:00+01:00,-77.21278822483269
2030,sc01,04-26 15:00:00+01:00,-77.21278822483269
2030,sc01,04-26 17:00:00+01:00,-77.21278822483269
2030,sc01,04-26 19:00:00+01:00,-69.99108786356905
2030,sc01,04-26 21:00:00+01:00,-72.16674522825313
2030,sc01,04-26 23:00:00+01:00,-77.21278822483269
2030,sc01,04-27 01:00:00+01:00,-77.21278822483269
2030,sc01,04-27 03:00:00+01:00,-77.21278822483269
2030,sc01,04-27 05:00:00+01:00,-77.21278822483269
2030,sc01,04-27 07:00:00+01:00,-72.15269453425313
2030,sc01,04-27 09:00:00+01:00,-71.06486584718597
2030,sc01,04-27 11:00:00+01:00,-77.21278822483269
2030,sc01,04-27 13:00:00+01:00,-77.21278822483269
2030,sc01,04-27 15:00:00+01:00,-77.21278822483269
2030,sc01,04-27 17:00:00+01:00,-77.21278822483269
2030,sc01,04-27 19:00:00+01:00,-69.97703716956906
2030,sc01,04-27 21:00:00+01:00,-72.15269453425313
2030,sc01,04-27 23:00:00+01:00,-77.21278822483269
2030,sc01,04-28 01:00:00+01:00,-77.21278822483269
2030,sc01,04-28 03:00:00+01:00,-77.21278822483269
2030,sc01,04-28 05:00:00+01:00,-77.21278822483269
2030,sc01,04-28 07:00:00+01:00,-72.13776792525313
2030,sc01,04-28 09:00:00+01:00,-71.04993923818597
2030,sc01,04-28 11:00:00+01:00,-77.21278822483269
2030,sc01,04-28 13:00:00+01:00,-77.21278822483269
2030,sc01,04-28 15:00:00+01:00,-77.21278822483269
2030,sc01,04-28 17:00:00+01:00,-77.21278822483269
2030,sc01,04-28 19:00:00+01:00,-69.96211056056906
2030,sc01,04-28 21:00:00+01:00,-72.13776792525313
2030,sc01,04-28 23:00:00+01:00,-77.21278822483269
2030,sc01,04-29 01:00:00+01:00,-77.21278822483269
2030,sc01,04-29 03:00:00+01:00,-77.21278822483269
2030,sc01,04-29 05:00:00+01:00,-77.21278822483269
2030,sc01,04-29 07:00:00+01:00,-72.09518736325313
2030,sc01,04-29 09:00:00+01:00,-71.00735867618597
2030,sc01,04-29 11:00:00+01:00,-77.21278822483269
2030,sc01,04-29 13:00:00+01:00,-77.21278822483269
2030,sc01,04-29 15:00:00+01:00,-77.21278822483269
2030,sc01,04-29 17:00:00+01:00,-77.21278822483269
2030,sc01,04-29 19:00:00+01:00,-69.91952999856906
2030,sc01,04-29 21:00:00+01:00,-72.09518736325313
2030,sc01,04-29 23:00:00+01:00,-77.21278822483269
2030,sc01,04-30 01:00:00+01:00,-77.21278822483269
2030,sc01,04-30 03:00:00+01:00,-77.21278822483269
2030,sc01,04-30 05:00:00+01:00,-77.21278822483269
2030,sc01,04-30 07:00:00+01:00,-72.06822604525314
2030,sc01,04-30 09:00:00+01:00,-70.98039735818598
2030,sc01,04-30 11:00:00+01:00,-77.21278822483269
2030,sc01,04-30 13:00:00+01:00,-77.21278822483269
2030,sc01,04-30 15:00:00+01:00,-77.21278822483269
2030,sc01,04-30 17:00:00+01:00,-77.21278822483269
2030,sc01,04-30 19:00:00+01:00,-69.89256868056906
2030,sc01,04-30 21:00:00+01:00,-72.06822604525314
2030,sc01,04-30 23:00:00+01:00,-77.21278822483269
2030,sc01,05-01 01:00:00+01:00,-77.21278822483269
2030,sc01,05-01 03:00:00+01:00,-77.21278822483269
2030,sc01,05-01 05:00:00+01:00,-77.21278822483269
2030,sc01,05-01 07:00:00+01:00,-70.51968996289244
2030,sc01,05-01 09:00:00+01:00,-69.34165767433522
2030,sc01,05-01 11:00:00+01:00,-77.21278822483269
2030,sc01,05-01 13:00:00+01:00,-77.21278822483269
2030,sc01,05-01 15:00:00+01:00,-77.21278822483269
2030,sc01,05-01 17:00:00+01:00,-77.21278822483269
2030,sc01,05-01 19:00:00+01:00,-68.16362538082777
2030,sc01,05-01 21:00:00+01:00,-70.51968996289244
2030,sc01,05-01 23:00:00+01:00,-77.21278822483269
2030,sc01,05-02 01:00:00+01:00,-77.21278822483269
2030,sc01,05-02 03:00:00+01:00,-77.21278822483269
2030,sc01,05-02 05:00:00+01:00,-77.21278822483269
2030,sc01,05-02 07:00:00+01:00,-70.48721103189244
2030,sc01,05-02 09:00:00+01:00,-62.859595894085764
2030,sc01,05-02 11:00:00+01:00,-70.01599812144966
2030,sc01,05-02 13:00:00+01:00,-77.21278822483269
2030,sc01,05-02 15:00:00+01:00,-77.21278822483269
2030,sc01,05-02 17:00:00+01:00,-77.21278822483269
2030,sc01,05-02 19:00:00+01:00,-68.13114644982777
2030,sc01,05-02 21:00:00+01:00,-70.48721103189244
2030,sc01,05-02 23:00:00+01:00,-77.21278822483269
2030,sc01,05-03 01:00:00+01:00,-77.21278822483269
2030,sc01,05-03 03:00:00+01:00,-77.21278822483269
2030,sc01,05-03 05:00:00+01:00,-77.21278822483269
2030,sc01,05-03 07:00:00+01:00,-70.46723625389244
2030,sc01,05-03 09:00:00+01:00,-69.28920396533523
2030,sc01,05-03 11:00:00+01:00,-71.68461856922761
2030,sc01,05-03 13:00:00+01:00,-77.21278822483269
2030,sc01,05-03 15:00:00+01:00,-77.21278822483269
2030,sc01,05-03 17:00:00+01:00,-77.21278822483269
2030,sc01,05-03 19:00:00+01:00,-68.11117167182776
2030,sc01,05-03 21:00:00+01:00,-70.46723625389244
2030,sc01,05-03 23:00:00+01:00,-77.21278822483269
2030,sc01,05-04 01:00:00+01:00,-77.21278822483269
2030,sc01,05-04 03:00:00+01:00,-77.21278822483269
2030,sc01,05-04 05:00:00+01:00,-77.21278822483269
2030,sc01,05-04 07:00:00+01:00,-70.46723625389244
2030,sc01,05-04 09:00:00+01:00,-69.28920396533523
2030,sc01,05-04 11:00:00+01:00,-69.99602334344965
2030,sc01,05-04 13:00:00+01:00,-77.21278822483269
2030,sc01,05-04 15:00:00+01:00,-77.21278822483269
2030,sc01,05-04 17:00:00+01:00,-77.21278822483269
2030,sc01,05-04 19:00:00+01:00,-52.180547264404865
2030,sc01,05-04 21:00:00+01:00,-70.46723625389244
2030,sc01,05-04 23:00:00+01:00,-74.00133313644469
2030,sc01,05-05 01:00:00+01:00,-77.21278822483269
2030,sc01,05-05 03:00:00+01:00,-77.21278822483269
2030,sc01,05-05 05:00:00+01:00,-73.76572667773324
2030,sc01,05-05 07:00:00+01:00,-70.46723625389244
2030,sc01,05-05 09:00:00+01:00,-5.284630535649825
2030,sc01,05-05 11:00:00+01:00,-69.99602334344965
2030,sc01,05-05 13:00:00+01:00,-73.50279930446024
2030,sc01,05-05 15:00:00+01:00,-77.21278822483269
2030,sc01,05-05 17:00:00+01:00,-72.82921954492566
2030,sc01,05-05 19:00:00+01:00,-26.25087706542714
2030,sc01,05-05 21:00:00+01:00,-70.46723625389244
2030,sc01,05-05 23:00:00+01:00,-77.21278822483269
2030,sc01,05-06 01:00:00+01:00,-77.21278822483269
2030,sc01,05-06 03:00:00+01:00,-77.21278822483269
2030,sc01,05-06 05:00:00+01:00,-77.21278822483269
2030,sc01,05-06 07:00:00+01:00,-70.46723625389244
2030,sc01,05-06 09:00:00+01:00,-69.28920396533523
2030,sc01,05-06 11:00:00+01:00,-77.21278822483269
2030,sc01,05-06 13:00:00+01:00,-77.21278822483269
2030,sc01,05-06 15:00:00+01:00,-77.21278822483269
2030,sc01,05-06 17:00:00+01:00,-77.21278822483269
2030,sc01,05-06 19:00:00+01:00,-68.11117167182776
2030,sc01,05-06 21:00:00+01:00,-70.46723625389244
2030,sc01,05-06 23:00:00+01:00,-77.21278822483269
2030,sc01,05-07 01:00:00+01:00,-77.21278822483269
2030,sc01,05-07 03:00:00+01:00,-77.21278822483269
2030,sc01,05-07 05:00:00+01:00,-77.21278822483269
2030,sc01,05-07 07:00:00+01:00,-70.46723625389244
2030,sc01,05-07 09:00:00+01:00,-69.28920396533523
2030,sc01,05-07 11:00:00+01:00,-77.21278822483269
2030,sc01,05-07 13:00:00+01:00,-77.21278822483269
2030,sc01,05-07 15:00:00+01:00,-77.21278822483269
2030,sc01,05-07 17:00:00+01:00,-77.21278822483269
2030,sc01,05-07 19:00:00+01:00,-58.49857123190438
2030,sc01,05-07 21:00:00+01:00,-70.46723625389244
2030,sc01,05-07 23:00:00+01:00,-76.93861142038159
2030,sc01,05-08 01:00:00+01:00,-77.21278822483269
2030,sc01,05-08 03:00:00+01:00,-77.21278822483269
2030,sc01,05-08 05:00:00+01:00,-73.76572667773324
2030,sc01,05-08 07:00:00+01:00,-70.46723625389244
2030,sc01,05-08 09:00:00+01:00,-69.28920396533523
2030,sc01,05-08 11:00:00+01:00,-77.21278822483269
2030,sc01,05-08 13:00:00+01:00,-77.21278822483269
2030,sc01,05-08 15:00:00+01:00,-77.21278822483269
2030,sc01,05-08 17:00:00+01:00,-77.21278822483269
2030,sc01,05-08 19:00:00+01:00,-68.11117167182776
2030,sc01,05-08 21:00:00+01:00,-70.46723625389244
2030,sc01,05-08 23:00:00+01:00,-77.21278822483269
2030,sc01,05-09 01:00:00+01:00,-77.21278822483269
2030,sc01,05-09 03:00:00+01:00,-77.21278822483269
2030,sc01,05-09 05:00:00+01:00,-77.21278822483269
2030,sc01,05-09 07:00:00+01:00,-70.46723625389244
2030,sc01,05-09 09:00:00+01:00,-69.28920396533523
2030,sc01,05-09 11:00:00+01:00,-73.95587092625969
2030,sc01,05-09 13:00:00+01:00,-77.21278822483269
2030,sc01,05-09 15:00:00+01:00,-77.21278822483269
2030,sc01,05-09 17:00:00+01:00,-76.48031864100226
2030,sc01,05-09 19:00:00+01:00,-12.262523972940258
2030,sc01,05-09 21:00:00+01:00,-70.46723625389244
2030,sc01,05-09 23:00:00+01:00,-75.9980441895022
2030,sc01,05-10 01:00:00+01:00,-77.21278822483269
2030,sc01,05-10 03:00:00+01:00,-77.21278822483269
2030,sc01,05-10 05:00:00+01:00,-77.21278822483269
2030,sc01,05-10 07:00:00+01:00,-70.46723625389244
2030,sc01,05-10 09:00:00+01:00,-29.950308348083162
2030,sc01,05-10 11:00:00+01:00,-69.99602334344965
2030,sc01,05-10 13:00:00+01:00,-75.40945525474255
2030,sc01,05-10 15:00:00+01:00,-77.21278822483269
2030,sc01,05-10 17:00:00+01:00,-69.64261365936757
2030,sc01,05-10 19:00:00+01:00,-6.00094324232829
2030,sc01,05-10 21:00:00+01:00,-70.46723625389244
2030,sc01,05-10 23:00:00+01:00,-74.00133313644469
2030,sc01,05-11 01:00:00+01:00,-77.21278822483269
2030,sc01,05-11 03:00:00+01:00,-77.21278822483269
2030,sc01,05-11 05:00:00+01:00,-73.76572667773324
2030,sc01,05-11 07:00:00+01:00,-70.46723625389244
2030,sc01,05-11 09:00:00+01:00,3.8525148536984375
2030,sc01,05-11 11:00:00+01:00,-69.99602334344965
2030,sc01,05-11 13:00:00+01:00,-76.29437175204737
2030,sc01,05-11 15:00:00+01:00,-77.21278822483269
2030,sc01,05-11 17:00:00+01:00,-69.64261365936757
2030,sc01,05-11 19:00:00+01:00,34.431253664103664
2030,sc01,05-11 21:00:00+01:00,-52.19287771470137
2030,sc01,05-11 23:00:00+01:00,-74.00133313644469
2030,sc01,05-12 01:00:00+01:00,-77.21278822483269
2030,sc01,05-12 03:00:00+01:00,-77.21278822483269
2030,sc01,05-12 05:00:00+01:00,-73.76572667773324
2030,sc01,05-12 07:00:00+01:00,-68.62131226209407
2030,sc01,05-12 09:00:00+01:00,-7.754059640372915
2030,sc01,05-12 11:00:00+01:00,-69.99602334344965
2030,sc01,05-12 13:00:00+01:00,-69.40700720164617
2030,sc01,05-12 15:00:00+01:00,-77.21278822483269
2030,sc01,05-12 17:00:00+01:00,-69.64261365936757
2030,sc01,05-12 19:00:00+01:00,39.92421467435403
2030,sc01,05-12 21:00:00+01:00,-53.376285943371904
2030,sc01,05-12 23:00:00+01:00,-74.00133313644469
2030,sc01,05-13 01:00:00+01:00,-77.21278822483269
2030,sc01,05-13 03:00:00+01:00,-77.21278822483269
2030,sc01,05-13 05:00:00+01:00,-73.76572667773324
2030,sc01,05-13 07:00:00+01:00,-70.46723625389244
2030,sc01,05-13 09:00:00+01:00,-26.337750116094604
2030,sc01,05-13 11:00:00+01:00,-69.99602334344965
2030,sc01,05-13 13:00:00+01:00,-70.03762781927692
2030,sc01,05-13 15:00:00+01:00,-77.21278822483269
2030,sc01,05-13 17:00:00+01:00,-69.64261365936757
2030,sc01,05-13 19:00:00+01:00,-14.871219420261852
2030,sc01,05-13 21:00:00+01:00,-70.46723625389244
2030,sc01,05-13 23:00:00+01:00,-74.00133313644469
2030,sc01,05-14 01:00:00+01:00,-77.21278822483269
2030,sc01,05-14 03:00:00+01:00,-77.21278822483269
2030,sc01,05-14 05:00:00+01:00,-73.76572667773324
2030,sc01,05-14 07:00:00+01:00,-70.46723625389244
2030,sc01,05-14 09:00:00+01:00,22.965575885140126
2030,sc01,05-14 11:00:00+01:00,-69.99602334344965
2030,sc01,05-14 13:00:00+01:00,-77.21278822483269
2030,sc01,05-14 15:00:00+01:00,-77.21278822483269
2030,sc01,05-14 17:00:00+01:00,-69.64261365936757
2030,sc01,05-14 19:00:00+01:00,13.228435908411456
2030,sc01,05-14 21:00:00+01:00,-58.125613895531465
2030,sc01,05-14 23:00:00+01:00,-74.00133313644469
2030,sc01,05-15 01:00:00+01:00,-75.85077993288344
2030,sc01,05-15 03:00:00+01:00,-77.21278822483269
2030,sc01,05-15 05:00:00+01:00,-73.76572667773324
2030,sc01,05-15 07:00:00+01:00,-56.41054836166949
2030,sc01,05-15 09:00:00+01:00,-13.02159879399197
2030,sc01,05-15 11:00:00+01:00,-69.99602334344965
2030,sc01,05-15 13:00:00+01:00,-73.53796021457453
2030,sc01,05-15 15:00:00+01:00,-77.21278822483269
2030,sc01,05-15 17:00:00+01:00,-69.64261365936757
2030,sc01,05-15 19:00:00+01:00,-10.04318480198613
2030,sc01,05-15 21:00:00+01:00,-70.46723625389244
2030,sc01,05-15 23:00:00+01:00,-74.00133313644469
2030,sc01,05-16 01:00:00+01:00,-77.21278822483269
2030,sc01,05-16 03:00:00+01:00,-77.21278822483269
2030,sc01,05-16 05:00:00+01:00,-73.76572667773324
2030,sc01,05-16 07:00:00+01:00,-70.46723625389244
2030,sc01,05-16 09:00:00+01:00,-39.375788458510854
2030,sc01,05-16 11:00:00+01:00,-69.99602334344965
2030,sc01,05-16 13:00:00+01:00,-77.21278822483269
2030,sc01,05-16 15:00:00+01:00,-77.21278822483269
2030,sc01,05-16 17:00:00+01:00,-69.64261365936757
2030,sc01,05-16 19:00:00+01:00,22.06667962184477
2030,sc01,05-16 21:00:00+01:00,-65.55565969495301
2030,sc01,05-16 23:00:00+01:00,-74.00133313644469
2030,sc01,05-17 01:00:00+01:00,-77.21278822483269
2030,sc01,05-17 03:00:00+01:00,-77.21278822483269
2030,sc01,05-17 05:00:00+01:00,-73.76572667773324
2030,sc01,05-17 07:00:00+01:00,-70.46723625389244
2030,sc01,05-17 09:00:00+01:00,-37.525841937540974
2030,sc01,05-17 11:00:00+01:00,-69.99602334344965
2030,sc01,05-17 13:00:00+01:00,-77.21278822483269
2030,sc01,05-17 15:00:00+01:00,-77.21278822483269
2030,sc01,05-17 17:00:00+01:00,-69.64261365936757
2030,sc01,05-17 19:00:00+01:00,1.6529309839049233
2030,sc01,05-17 21:00:00+01:00,-70.46723625389244
2030,sc01,05-17 23:00:00+01:00,-74.00133313644469
2030,sc01,05-18 01:00:00+01:00,-77.21278822483269
2030,sc01,05-18 03:00:00+01:00,-77.21278822483269
2030,sc01,05-18 05:00:00+01:00,-73.76572667773324
2030,sc01,05-18 07:00:00+01:00,-70.46723625389244
2030,sc01,05-18 09:00:00+01:00,-32.610493634930805
2030,sc01,05-18 11:00:00+01:00,-77.21278822483269
2030,sc01,05-18 13:00:00+01:00,-77.21278822483269
2030,sc01,05-18 15:00:00+01:00,-77.21278822483269
2030,sc01,05-18 17:00:00+01:00,-69.64261365936757
2030,sc01,05-18 19:00:00+01:00,8.517207306765897
2030,sc01,05-18 21:00:00+01:00,-70.46723625389244
2030,sc01,05-18 23:00:00+01:00,-74.00133313644469
2030,sc01,05-19 01:00:00+01:00,-77.21278822483269
2030,sc01,05-19 03:00:00+01:00,-77.21278822483269
2030,sc01,05-19 05:00:00+01:00,-73.76572667773324
2030,sc01,05-19 07:00:00+01:00,-51.152700156853086
2030,sc01,05-19 09:00:00+01:00,0.9244474668017233
2030,sc01,05-19 11:00:00+01:00,-69.99602334344965
2030,sc01,05-19 13:00:00+01:00,-77.21278822483269
2030,sc01,05-19 15:00:00+01:00,-77.21278822483269
2030,sc01,05-19 17:00:00+01:00,-69.64261365936757
2030,sc01,05-19 19:00:00+01:00,28.73935128097446
2030,sc01,05-19 21:00:00+01:00,-56.85117428398023
2030,sc01,05-19 23:00:00+01:00,-74.00133313644469
2030,sc01,05-20 01:00:00+01:00,-75.17936542747702
2030,sc01,05-20 03:00:00+01:00,-77.21278822483269
2030,sc01,05-20 05:00:00+01:00,-73.76572667773324
2030,sc01,05-20 07:00:00+01:00,-12.148206699793022
2030,sc01,05-20 09:00:00+01:00,38.21810620802077
2030,sc01,05-20 11:00:00+01:00,-69.99602334344965
2030,sc01,05-20 13:00:00+01:00,-74.96303381718187
2030,sc01,05-20 15:00:00+01:00,-77.21278822483269
2030,sc01,05-20 17:00:00+01:00,-69.64261365936757
2030,sc01,05-20 19:00:00+01:00,23.78113251398689
2030,sc01,05-20 21:00:00+01:00,-70.46723625389244
2030,sc01,05-20 23:00:00+01:00,-74.00133313644469
2030,sc01,05-21 01:00:00+01:00,-77.21278822483269
2030,sc01,05-21 03:00:00+01:00,-77.21278822483269
2030,sc01,05-21 05:00:00+01:00,-73.76572667773324
2030,sc01,05-21 07:00:00+01:00,-70.46723625389244
2030,sc01,05-21 09:00:00+01:00,-19.4436795865172
2030,sc01,05-21 11:00:00+01:00,-69.99602334344965
2030,sc01,05-21 13:00:00+01:00,-77.21278822483269
2030,sc01,05-21 15:00:00+01:00,-77.21278822483269
2030,sc01,05-21 17:00:00+01:00,-69.64261365936757
2030,sc01,05-21 19:00:00+01:00,-8.626920697697855
2030,sc01,05-21 21:00:00+01:00,-70.46723625389244
2030,sc01,05-21 23:00:00+01:00,-74.00133313644469
2030,sc01,05-22 01:00:00+01:00,-77.21278822483269
2030,sc01,05-22 03:00:00+01:00,-77.21278822483269
2030,sc01,05-22 05:00:00+01:00,-73.76572667773324
2030,sc01,05-22 07:00:00+01:00,-70.46723625389244
2030,sc01,05-22 09:00:00+01:00,-69.28920396533523
2030,sc01,05-22 11:00:00+01:00,-77.21278822483269
2030,sc01,05-22 13:00:00+01:00,-77.21278822483269
2030,sc01,05-22 15:00:00+01:00,-77.21278822483269
2030,sc01,05-22 17:00:00+01:00,-77.21278822483269
2030,sc01,05-22 19:00:00+01:00,-30.55260836506354
2030,sc01,05-22 21:00:00+01:00,-70.46723625389244
2030,sc01,05-22 23:00:00+01:00,-77.21278822483269
2030,sc01,05-23 01:00:00+01:00,-77.21278822483269
2030,sc01,05-23 03:00:00+01:00,-77.21278822483269
2030,sc01,05-23 05:00:00+01:00,-77.21278822483269
2030,sc01,05-23 07:00:00+01:00,-70.46723625389244
2030,sc01,05-23 09:00:00+01:00,-69.28920396533523
2030,sc01,05-23 11:00:00+01:00,-71.0637182365384
2030,sc01,05-23 13:00:00+01:00,-77.21278822483269
2030,sc01,05-23 15:00:00+01:00,-77.21278822483269
2030,sc01,05-23 17:00:00+01:00,-77.21278822483269
2030,sc01,05-23 19:00:00+01:00,-50.741797629085966
2030,sc01,05-23 21:00:00+01:00,-70.46723625389244
2030,sc01,05-23 23:00:00+01:00,-77.01704487934309
2030,sc01,05-24 01:00:00+01:00,-77.21278822483269
2030,sc01,05-24 03:00:00+01:00,-77.21278822483269
2030,sc01,05-24 05:00:00+01:00,-77.21278822483269
2030,sc01,05-24 07:00:00+01:00,-70.46723625389244
2030,sc01,05-24 09:00:00+01:00,-51.156781165576504
2030,sc01,05-24 11:00:00+01:00,-69.99602334344965
2030,sc01,05-24 13:00:00+01:00,-77.21278822483269
2030,sc01,05-24 15:00:00+01:00,-77.21278822483269
2030,sc01,05-24 17:00:00+01:00,-77.21278822483269
2030,sc01,05-24 19:00:00+01:00,-45.11786213418293
2030,sc01,05-24 21:00:00+01:00,-70.46723625389244
2030,sc01,05-24 23:00:00+01:00,-77.21278822483269
2030,sc01,05-25 01:00:00+01:00,-77.21278822483269
2030,sc01,05-25 03:00:00+01:00,-77.21278822483269
2030,sc01,05-25 05:00:00+01:00,-73.76572667773324
2030,sc01,05-25 07:00:00+01:00,-37.04623431226691
2030,sc01,05-25 09:00:00+01:00,4.991978518177675
2030,sc01,05-25 11:00:00+01:00,-69.99602334344965
2030,sc01,05-25 13:00:00+01:00,-77.21278822483269
2030,sc01,05-25 15:00:00+01:00,-77.21278822483269
2030,sc01,05-25 17:00:00+01:00,-69.64261365936757
2030,sc01,05-25 19:00:00+01:00,32.95144138192059
2030,sc01,05-25 21:00:00+01:00,-47.16103850668686
2030,sc01,05-25 23:00:00+01:00,-74.00133313644469
2030,sc01,05-26 01:00:00+01:00,-75.17936542747702
2030,sc01,05-26 03:00:00+01:00,-77.21278822483269
2030,sc01,05-26 05:00:00+01:00,-73.76572667773324
2030,sc01,05-26 07:00:00+01:00,-15.337806374307696
2030,sc01,05-26 09:00:00+01:00,52.63369367553112
2030,sc01,05-26 11:00:00+01:00,-69.99602334344965
2030,sc01,05-26 13:00:00+01:00,-69.40700720164617
2030,sc01,05-26 15:00:00+01:00,-77.21278822483269
2030,sc01,05-26 17:00:00+01:00,-69.64261365936757
2030,sc01,05-26 19:00:00+01:00,-2.9130391290883892
2030,sc01,05-26 21:00:00+01:00,-64.40050259580839
2030,sc01,05-26 23:00:00+01:00,-74.00133313644469
2030,sc01,05-27 01:00:00+01:00,-77.21278822483269
2030,sc01,05-27 03:00:00+01:00,-77.21278822483269
2030,sc01,05-27 05:00:00+01:00,-73.76572667773324
2030,sc01,05-27 07:00:00+01:00,-41.52220564315159
2030,sc01,05-27 09:00:00+01:00,31.74715755475023
2030,sc01,05-27 11:00:00+01:00,-69.99602334344965
2030,sc01,05-27 13:00:00+01:00,-69.9309803874072
2030,sc01,05-27 15:00:00+01:00,-77.21278822483269
2030,sc01,05-27 17:00:00+01:00,-69.64261365936757
2030,sc01,05-27 19:00:00+01:00,1.538413385475991
2030,sc01,05-27 21:00:00+01:00,-70.46723625389244
2030,sc01,05-27 23:00:00+01:00,-74.00133313644469
2030,sc01,05-28 01:00:00+01:00,-77.21278822483269
2030,sc01,05-28 03:00:00+01:00,-77.21278822483269
2030,sc01,05-28 05:00:00+01:00,-73.76572667773324
2030,sc01,05-28 07:00:00+01:00,-70.46723625389244
2030,sc01,05-28 09:00:00+01:00,11.82791026270165
2030,sc01,05-28 11:00:00+01:00,-69.99602334344965
2030,sc01,05-28 13:00:00+01:00,-69.40700720164617
2030,sc01,05-28 15:00:00+01:00,-77.21278822483269
2030,sc01,05-28 17:00:00+01:00,-69.64261365936757
2030,sc01,05-28 19:00:00+01:00,3.07419783546608
2030,sc01,05-28 21:00:00+01:00,-53.79063576920006
2030,sc01,05-28 23:00:00+01:00,-74.00133313644469
2030,sc01,05-29 01:00:00+01:00,-75.17936542747702
2030,sc01,05-29 03:00:00+01:00,-75.21386030381751
2030,sc01,05-29 05:00:00+01:00,-73.76572667773324
2030,sc01,05-29 07:00:00+01:00,26.238190457891207
2030,sc01,05-29 09:00:00+01:00,73.31537870127609
2030,sc01,05-29 11:00:00+01:00,-69.99602334344965
2030,sc01,05-29 13:00:00+01:00,-69.40700720164617
2030,sc01,05-29 15:00:00+01:00,-77.21278822483269
2030,sc01,05-29 17:00:00+01:00,-69.64261365936757
2030,sc01,05-29 19:00:00+01:00,90.45109706376972
2030,sc01,05-29 21:00:00+01:00,6.37204238306505
2030,sc01,05-29 23:00:00+01:00,-74.00133313644469
2030,sc01,05-30 01:00:00+01:00,-75.22139581147702
2030,sc01,05-30 03:00:00+01:00,-77.21278822483269
2030,sc01,05-30 05:00:00+01:00,-73.80775706173324
2030,sc01,05-30 07:00:00+01:00,23.42286918482472
2030,sc01,05-30 09:00:00+01:00,73.9538366496899
2030,sc01,05-30 11:00:00+01:00,-70.03805372744965
2030,sc01,05-30 13:00:00+01:00,-69.44903758564617
2030,sc01,05-30 15:00:00+01:00,-77.21278822483269
2030,sc01,05-30 17:00:00+01:00,-69.68464404336757
2030,sc01,05-30 19:00:00+01:00,73.83910990962083
2030,sc01,05-30 21:00:00+01:00,-12.452673561314356
2030,sc01,05-30 23:00:00+01:00,-74.04336352044469
2030,sc01,05-31 01:00:00+01:00,-75.52786736247702
2030,sc01,05-31 03:00:00+01:00,-75.79802214141145
2030,sc01,05-31 05:00:00+01:00,-74.11422861273324
2030,sc01,05-31 07:00:00+01:00,6.194303674556167
2030,sc01,05-31 09:00:00+01:00,54.3805119758773
2030,sc01,05-31 11:00:00+01:00,-70.34452527844965
2030,sc01,05-31 13:00:00+01:00,-69.75550913664617
2030,sc01,05-31 15:00:00+01:00,-77.21278822483269
2030,sc01,05-31 17:00:00+01:00,-69.99111559436757
2030,sc01,05-31 19:00:00+01:00,58.65352462379353
2030,sc01,05-31 21:00:00+01:00,-19.60830738087003
2030,sc01,05-31 23:00:00+01:00,-74.34983507144469
2030,sc01,06-01 01:00:00+01:00,-75.49308043038995
2030,sc01,06-01 03:00:00+01:00,-76.09892559997205
2030,sc01,06-01 05:00:00+01:00,-74.03905199535015
2030,sc01,06-01 07:00:00+01:00,41.497410523123776
2030,sc01,06-01 09:00:00+01:00,102.4492548566932
2030,sc01,06-01 11:00:00+01:00,-70.1616428546412
2030,sc01,06-01 13:00:00+01:00,-69.55579767262876
2030,sc01,06-01 15:00:00+01:00,-77.21278822483269
2030,sc01,06-01 17:00:00+01:00,-69.79813574116359
2030,sc01,06-01 19:00:00+01:00,111.98145373095402
2030,sc01,06-01 21:00:00+01:00,18.971662502615445
2030,sc01,06-01 23:00:00+01:00,-74.28139006537504
2030,sc01,06-02 01:00:00+01:00,-75.75176745738996
2030,sc01,06-02 03:00:00+01:00,-76.35761262697204
2030,sc01,06-02 05:00:00+01:00,-74.29773902235016
2030,sc01,06-02 07:00:00+01:00,48.88966367708218
2030,sc01,06-02 09:00:00+01:00,97.1946267008672
2030,sc01,06-02 11:00:00+01:00,-70.4203298816412
2030,sc01,06-02 13:00:00+01:00,-69.81448469962876
2030,sc01,06-02 15:00:00+01:00,-77.21278822483269
2030,sc01,06-02 17:00:00+01:00,-70.05682276816358
2030,sc01,06-02 19:00:00+01:00,122.78721177516731
2030,sc01,06-02 21:00:00+01:00,25.492357427323768
2030,sc01,06-02 23:00:00+01:00,-74.54007709237503
2030,sc01,06-03 01:00:00+01:00,-76.06832827838996
2030,sc01,06-03 03:00:00+01:00,-77.21278822483269
2030,sc01,06-03 05:00:00+01:00,-74.61429984335015
2030,sc01,06-03 07:00:00+01:00,2.263813176707899
2030,sc01,06-03 09:00:00+01:00,80.42255646808003
2030,sc01,06-03 11:00:00+01:00,-70.7368907026412
2030,sc01,06-03 13:00:00+01:00,-70.13104552062876
2030,sc01,06-03 15:00:00+01:00,-77.21278822483269
2030,sc01,06-03 17:00:00+01:00,-70.37338358916358
2030,sc01,06-03 19:00:00+01:00,122.78721177516731
2030,sc01,06-03 21:00:00+01:00,30.96383904272004
2030,sc01,06-03 23:00:00+01:00,-74.85663791337502
2030,sc01,06-04 01:00:00+01:00,-76.39357311438995
2030,sc01,06-04 03:00:00+01:00,-76.99941828397205
2030,sc01,06-04 05:00:00+01:00,-74.93954467935015
2030,sc01,06-04 07:00:00+01:00,54.759698323728244
2030,sc01,06-04 09:00:00+01:00,116.67959261519967
2030,sc01,06-04 11:00:00+01:00,-71.0621355386412
2030,sc01,06-04 13:00:00+01:00,-70.45629035662877
2030,sc01,06-04 15:00:00+01:00,-77.21278822483269
2030,sc01,06-04 17:00:00+01:00,-70.69862842516359
2030,sc01,06-04 19:00:00+01:00,110.94182620575326
2030,sc01,06-04 21:00:00+01:00,22.061625090087873
2030,sc01,06-04 23:00:00+01:00,-75.18188274937503
2030,sc01,06-05 01:00:00+01:00,-76.63816781338996
2030,sc01,06-05 03:00:00+01:00,-77.21278822483269
2030,sc01,06-05 05:00:00+01:00,-75.18413937835015
2030,sc01,06-05 07:00:00+01:00,51.505102544571955
2030,sc01,06-05 09:00:00+01:00,122.78721177516731
2030,sc01,06-05 11:00:00+01:00,-29.151783469698053
2030,sc01,06-05 13:00:00+01:00,-52.57629513601039
2030,sc01,06-05 15:00:00+01:00,-72.03374444919592
2030,sc01,06-05 17:00:00+01:00,-70.9432231241636
2030,sc01,06-05 19:00:00+01:00,111.05726313597513
2030,sc01,06-05 21:00:00+01:00,38.13867819445777
2030,sc01,06-05 23:00:00+01:00,-75.42647744837502
2030,sc01,06-06 01:00:00+01:00,-77.06812955738995
2030,sc01,06-06 03:00:00+01:00,-77.21278822483269
2030,sc01,06-06 05:00:00+01:00,-75.61410112235016
2030,sc01,06-06 07:00:00+01:00,59.341315807512856
2030,sc01,06-06 09:00:00+01:00,122.78721177516731
2030,sc01,06-06 11:00:00+01:00,-30.566467998399816
2030,sc01,06-06 13:00:00+01:00,-71.13084679962877
2030,sc01,06-06 15:00:00+01:00,-72.46370619319593
2030,sc01,06-06 17:00:00+01:00,-71.37318486816359
2030,sc01,06-06 19:00:00+01:00,122.78721177516731
2030,sc01,06-06 21:00:00+01:00,23.140735704705918
2030,sc01,06-06 23:00:00+01:00,-75.85643919237503
2030,sc01,06-07 01:00:00+01:00,-77.21278822483269
2030,sc01,06-07 03:00:00+01:00,-77.21278822483269
2030,sc01,06-07 05:00:00+01:00,-75.81226460035016
2030,sc01,06-07 07:00:00+01:00,40.00160930211284
2030,sc01,06-07 09:00:00+01:00,24.848415830852645
2030,sc01,06-07 11:00:00+01:00,-71.9348554596412
2030,sc01,06-07 13:00:00+01:00,-71.32901027762877
2030,sc01,06-07 15:00:00+01:00,-77.21278822483269
2030,sc01,06-07 17:00:00+01:00,-71.57134834616359
2030,sc01,06-07 19:00:00+01:00,82.9985637620036
2030,sc01,06-07 21:00:00+01:00,29.58078241115666
2030,sc01,06-07 23:00:00+01:00,-76.05460267037503
2030,sc01,06-08 01:00:00+01:00,-77.21278822483269
2030,sc01,06-08 03:00:00+01:00,-77.21278822483269
2030,sc01,06-08 05:00:00+01:00,-76.09050910935015
2030,sc01,06-08 07:00:00+01:00,24.66200305806811
2030,sc01,06-08 09:00:00+01:00,98.14230862207465
2030,sc01,06-08 11:00:00+01:00,-72.2130999686412
2030,sc01,06-08 13:00:00+01:00,-71.60725478662876
2030,sc01,06-08 15:00:00+01:00,-76.35468150049562
2030,sc01,06-08 17:00:00+01:00,-71.84959285516359
2030,sc01,06-08 19:00:00+01:00,87.95365259754495
2030,sc01,06-08 21:00:00+01:00,11.483911507187557
2030,sc01,06-08 23:00:00+01:00,-76.33284717937504
2030,sc01,06-09 01:00:00+01:00,-77.21278822483269
2030,sc01,06-09 03:00:00+01:00,-77.21278822483269
2030,sc01,06-09 05:00:00+01:00,-76.58185867235015
2030,sc01,06-09 07:00:00+01:00,60.843053763802985
2030,sc01,06-09 09:00:00+01:00,109.11728209813118
2030,sc01,06-09 11:00:00+01:00,-72.7044495316412
2030,sc01,06-09 13:00:00+01:00,-72.09860434962876
2030,sc01,06-09 15:00:00+01:00,-77.21278822483269
2030,sc01,06-09 17:00:00+01:00,-72.34094241816359
2030,sc01,06-09 19:00:00+01:00,91.15582021927419
2030,sc01,06-09 21:00:00+01:00,0.6619400958662851
2030,sc01,06-09 23:00:00+01:00,-76.82419674237504
2030,sc01,06-10 01:00:00+01:00,-77.21278822483269
2030,sc01,06-10 03:00:00+01:00,-77.21278822483269
2030,sc01,06-10 05:00:00+01:00,-77.04372445235016
2030,sc01,06-10 07:00:00+01:00,42.207499669859374
2030,sc01,06-10 09:00:00+01:00,100.87292244675594
2030,sc01,06-10 11:00:00+01:00,-73.1663153116412
2030,sc01,06-10 13:00:00+01:00,-72.56047012962877
2030,sc01,06-10 15:00:00+01:00,-77.21278822483269
2030,sc01,06-10 17:00:00+01:00,-72.80280819816359
2030,sc01,06-10 19:00:00+01:00,74.6637724127781
2030,sc01,06-10 21:00:00+01:00,1.0812800261964668
2030,sc01,06-10 23:00:00+01:00,-77.21278822483269
2030,sc01,06-11 01:00:00+01:00,-77.21278822483269
2030,sc01,06-11 03:00:00+01:00,-77.21278822483269
2030,sc01,06-11 05:00:00+01:00,-77.21278822483269
2030,sc01,06-11 07:00:00+01:00,-9.754006202547174
2030,sc01,06-11 09:00:00+01:00,70.05510816794352
2030,sc01,06-11 11:00:00+01:00,-73.7283625926412
2030,sc01,06-11 13:00:00+01:00,-73.12251741062876
2030,sc01,06-11 15:00:00+01:00,-77.21278822483269
2030,sc01,06-11 17:00:00+01:00,-73.3648554791636
2030,sc01,06-11 19:00:00+01:00,74.75002586914026
2030,sc01,06-11 21:00:00+01:00,0.8751802884228681
2030,sc01,06-11 23:00:00+01:00,-77.21278822483269
2030,sc01,06-12 01:00:00+01:00,-77.21278822483269
2030,sc01,06-12 03:00:00+01:00,-77.21278822483269
2030,sc01,06-12 05:00:00+01:00,-77.21278822483269
2030,sc01,06-12 07:00:00+01:00,55.41410145211508
2030,sc01,06-12 09:00:00+01:00,109.25464712113218
2030,sc01,06-12 11:00:00+01:00,-74.50521774664121
2030,sc01,06-12 13:00:00+01:00,-73.89937256462876
2030,sc01,06-12 15:00:00+01:00,-77.21278822483269
2030,sc01,06-12 17:00:00+01:00,-74.14171063316358
2030,sc01,06-12 19:00:00+01:00,122.78721177516731
2030,sc01,06-12 21:00:00+01:00,31.982168329124548
2030,sc01,06-12 23:00:00+01:00,-77.21278822483269
2030,sc01,06-13 01:00:00+01:00,-77.21278822483269
2030,sc01,06-13 03:00:00+01:00,-77.21278822483269
2030,sc01,06-13 05:00:00+01:00,-77.21278822483269
2030,sc01,06-13 07:00:00+01:00,50.6242998775421
2030,sc01,06-13 09:00:00+01:00,122.78721177516731
2030,sc01,06-13 11:00:00+01:00,-75.2331361506412
2030,sc01,06-13 13:00:00+01:00,-74.62729096862876
2030,sc01,06-13 15:00:00+01:00,-77.21278822483269
2030,sc01,06-13 17:00:00+01:00,-74.86962903716359
2030,sc01,06-13 19:00:00+01:00,105.88494981870222
2030,sc01,06-13 21:00:00+01:00,27.338428063420096
2030,sc01,06-13 23:00:00+01:00,-77.21278822483269
2030,sc01,06-14 01:00:00+01:00,-77.21278822483269
2030,sc01,06-14 03:00:00+01:00,-77.21278822483269
2030,sc01,06-14 05:00:00+01:00,-77.21278822483269
2030,sc01,06-14 07:00:00+01:00,52.902763743489956
2030,sc01,06-14 09:00:00+01:00,113.78182007870102
2030,sc01,06-14 11:00:00+01:00,-76.0714798526412
2030,sc01,06-14 13:00:00+01:00,-75.46563467062876
2030,sc01,06-14 15:00:00+01:00,-76.79849406419592
2030,sc01,06-14 17:00:00+01:00,-75.7079727391636
2030,sc01,06-14 19:00:00+01:00,122.78721177516731
2030,sc01,06-14 21:00:00+01:00,36.750894050603776
2030,sc01,06-14 23:00:00+01:00,-77.21278822483269
2030,sc01,06-15 01:00:00+01:00,-77.21278822483269
2030,sc01,06-15 03:00:00+01:00,-77.21278822483269
2030,sc01,06-15 05:00:00+01:00,-77.21278822483269
2030,sc01,06-15 07:00:00+01:00,69.67924896025393
2030,sc01,06-15 09:00:00+01:00,122.78721177516731
2030,sc01,06-15 11:00:00+01:00,-77.21278822483269
2030,sc01,06-15 13:00:00+01:00,-76.77828496062877
2030,sc01,06-15 15:00:00+01:00,-77.21278822483269
2030,sc01,06-15 17:00:00+01:00,-77.02062302916359
2030,sc01,06-15 19:00:00+01:00,114.68046680862848
2030,sc01,06-15 21:00:00+01:00,22.653459296784746
2030,sc01,06-15 23:00:00+01:00,-77.21278822483269
2030,sc01,06-16 01:00:00+01:00,-77.21278822483269
2030,sc01,06-16 03:00:00+01:00,-77.21278822483269
2030,sc01,06-16 05:00:00+01:00,-77.21278822483269
2030,sc01,06-16 07:00:00+01:00,20.62861571729829
2030,sc01,06-16 09:00:00+01:00,102.45540468068155
2030,sc01,06-16 11:00:00+01:00,-77.21278822483269
2030,sc01,06-16 13:00:00+01:00,-77.21278822483269
2030,sc01,06-16 15:00:00+01:00,-77.21278822483269
2030,sc01,06-16 17:00:00+01:00,-77.21278822483269
2030,sc01,06-16 19:00:00+01:00,34.81838246496487
2030,sc01,06-16 21:00:00+01:00,-35.877677751197155
2030,sc01,06-16 23:00:00+01:00,-77.21278822483269
2030,sc01,06-17 01:00:00+01:00,-77.21278822483269
2030,sc01,06-17 03:00:00+01:00,-77.21278822483269
2030,sc01,06-17 05:00:00+01:00,-77.21278822483269
2030,sc01,06-17 07:00:00+01:00,-52.50688194432796
2030,sc01,06-17 09:00:00+01:00,37.37791696350675
2030,sc01,06-17 11:00:00+01:00,-77.21278822483269
2030,sc01,06-17 13:00:00+01:00,-77.21278822483269
2030,sc01,06-17 15:00:00+01:00,-77.21278822483269
2030,sc01,06-17 17:00:00+01:00,-77.21278822483269
2030,sc01,06-17 19:00:00+01:00,5.518103065108136
2030,sc01,06-17 21:00:00+01:00,-47.54632415636972
2030,sc01,06-17 23:00:00+01:00,-77.21278822483269
2030,sc01,06-18 01:00:00+01:00,-77.21278822483269
2030,sc01,06-18 03:00:00+01:00,-77.21278822483269
2030,sc01,06-18 05:00:00+01:00,-77.21278822483269
2030,sc01,06-18 07:00:00+01:00,60.14725837895868
2030,sc01,06-18 09:00:00+01:00,113.19682293812879
2030,sc01,06-18 11:00:00+01:00,-77.21278822483269
2030,sc01,06-18 13:00:00+01:00,-77.21278822483269
2030,sc01,06-18 15:00:00+01:00,-77.21278822483269
2030,sc01,06-18 17:00:00+01:00,-77.21278822483269
2030,sc01,06-18 19:00:00+01:00,87.19161895969928
2030,sc01,06-18 21:00:00+01:00,8.932396636146564
2030,sc01,06-18 23:00:00+01:00,-77.21278822483269
2030,sc01,06-19 01:00:00+01:00,-77.21278822483269
2030,sc01,06-19 03:00:00+01:00,-77.21278822483269
2030,sc01,06-19 05:00:00+01:00,-77.21278822483269
2030,sc01,06-19 07:00:00+01:00,24.88441867189846
2030,sc01,06-19 09:00:00+01:00,48.454067408664116
2030,sc01,06-19 11:00:00+01:00,-77.21278822483269
2030,sc01,06-19 13:00:00+01:00,-77.21278822483269
2030,sc01,06-19 15:00:00+01:00,-77.21278822483269
2030,sc01,06-19 17:00:00+01:00,-77.21278822483269
2030,sc01,06-19 19:00:00+01:00,60.39059891875779
2030,sc01,06-19 21:00:00+01:00,-13.059239863789543
2030,sc01,06-19 23:00:00+01:00,-77.21278822483269
2030,sc01,06-20 01:00:00+01:00,-77.21278822483269
2030,sc01,06-20 03:00:00+01:00,-77.21278822483269
2030,sc01,06-20 05:00:00+01:00,-77.21278822483269
2030,sc01,06-20 07:00:00+01:00,7.931692034195422
2030,sc01,06-20 09:00:00+01:00,93.66695944395947
2030,sc01,06-20 11:00:00+01:00,-77.21278822483269
2030,sc01,06-20 13:00:00+01:00,-77.21278822483269
2030,sc01,06-20 15:00:00+01:00,-77.21278822483269
2030,sc01,06-20 17:00:00+01:00,-77.21278822483269
2030,sc01,06-20 19:00:00+01:00,74.5032239650376
2030,sc01,06-20 21:00:00+01:00,29.557498941391913
2030,sc01,06-20 23:00:00+01:00,-77.21278822483269
2030,sc01,06-21 01:00:00+01:00,-77.21278822483269
2030,sc01,06-21 03:00:00+01:00,-77.21278822483269
2030,sc01,06-21 05:00:00+01:00,-77.21278822483269
2030,sc01,06-21 07:00:00+01:00,29.342468991714327
2030,sc01,06-21 09:00:00+01:00,78.59406967873615
2030,sc01,06-21 11:00:00+01:00,-77.21278822483269
2030,sc01,06-21 13:00:00+01:00,-77.21278822483269
2030,sc01,06-21 15:00:00+01:00,-77.21278822483269
2030,sc01,06-21 17:00:00+01:00,-77.21278822483269
2030,sc01,06-21 19:00:00+01:00,108.31883233857617
2030,sc01,06-21 21:00:00+01:00,26.875621036282297
2030,sc01,06-21 23:00:00+01:00,-77.21278822483269
2030,sc01,06-22 01:00:00+01:00,-77.21278822483269
2030,sc01,06-22 03:00:00+01:00,-77.21278822483269
2030,sc01,06-22 05:00:00+01:00,-77.21278822483269
2030,sc01,06-22 07:00:00+01:00,38.47311740405355
2030,sc01,06-22 09:00:00+01:00,95.12368227891754
2030,sc01,06-22 11:00:00+01:00,-77.21278822483269
2030,sc01,06-22 13:00:00+01:00,-77.21278822483269
2030,sc01,06-22 15:00:00+01:00,-77.21278822483269
2030,sc01,06-22 17:00:00+01:00,-77.21278822483269
2030,sc01,06-22 19:00:00+01:00,70.37203928939924
2030,sc01,06-22 21:00:00+01:00,-15.517638141460075
2030,sc01,06-22 23:00:00+01:00,-77.21278822483269
2030,sc01,06-23 01:00:00+01:00,-77.21278822483269
2030,sc01,06-23 03:00:00+01:00,-77.21278822483269
2030,sc01,06-23 05:00:00+01:00,-77.21278822483269
2030,sc01,06-23 07:00:00+01:00,16.047383031929044
2030,sc01,06-23 09:00:00+01:00,77.61082529153494
2030,sc01,06-23 11:00:00+01:00,-77.21278822483269
2030,sc01,06-23 13:00:00+01:00,-77.21278822483269
2030,sc01,06-23 15:00:00+01:00,-77.21278822483269
2030,sc01,06-23 17:00:00+01:00,-77.21278822483269
2030,sc01,06-23 19:00:00+01:00,83.40349653133536
2030,sc01,06-23 21:00:00+01:00,-27.860833986344865
2030,sc01,06-23 23:00:00+01:00,-77.21278822483269
2030,sc01,06-24 01:00:00+01:00,-77.21278822483269
2030,sc01,06-24 03:00:00+01:00,-77.21278822483269
2030,sc01,06-24 05:00:00+01:00,-77.21278822483269
2030,sc01,06-24 07:00:00+01:00,40.435053172501924
2030,sc01,06-24 09:00:00+01:00,111.37475570912453
2030,sc01,06-24 11:00:00+01:00,-77.21278822483269
2030,sc01,06-24 13:00:00+01:00,-77.21278822483269
2030,sc01,06-24 15:00:00+01:00,-77.21278822483269
2030,sc01,06-24 17:00:00+01:00,-77.21278822483269
2030,sc01,06-24 19:00:00+01:00,59.28234618787526
2030,sc01,06-24 21:00:00+01:00,-22.8626935900595
2030,sc01,06-24 23:00:00+01:00,-77.21278822483269
2030,sc01,06-25 01:00:00+01:00,-77.21278822483269
2030,sc01,06-25 03:00:00+01:00,-77.21278822483269
2030,sc01,06-25 05:00:00+01:00,-77.21278822483269
2030,sc01,06-25 07:00:00+01:00,-3.396376889187465
2030,sc01,06-25 09:00:00+01:00,65.65596489915903
2030,sc01,06-25 11:00:00+01:00,-77.21278822483269
2030,sc01,06-25 13:00:00+01:00,-77.21278822483269
2030,sc01,06-25 15:00:00+01:00,-77.21278822483269
2030,sc01,06-25 17:00:00+01:00,-77.21278822483269
2030,sc01,06-25 19:00:00+01:00,96.43838770829957
2030,sc01,06-25 21:00:00+01:00,9.626662136941235
2030,sc01,06-25 23:00:00+01:00,-77.21278822483269
2030,sc01,06-26 01:00:00+01:00,-77.21278822483269
2030,sc01,06-26 03:00:00+01:00,-77.21278822483269
2030,sc01,06-26 05:00:00+01:00,-77.21278822483269
2030,sc01,06-26 07:00:00+01:00,26.822187079119132
2030,sc01,06-26 09:00:00+01:00,115.43204519428117
2030,sc01,06-26 11:00:00+01:00,-77.21278822483269
2030,sc01,06-26 13:00:00+01:00,-77.21278822483269
2030,sc01,06-26 15:00:00+01:00,-77.21278822483269
2030,sc01,06-26 17:00:00+01:00,-77.21278822483269
2030,sc01,06-26 19:00:00+01:00,104.86391133097011
2030,sc01,06-26 21:00:00+01:00,-62.87222328608433
2030,sc01,06-26 23:00:00+01:00,-77.21278822483269
2030,sc01,06-27 01:00:00+01:00,-77.21278822483269
2030,sc01,06-27 03:00:00+01:00,-77.21278822483269
2030,sc01,06-27 05:00:00+01:00,-77.21278822483269
2030,sc01,06-27 07:00:00+01:00,28.7226085443463
2030,sc01,06-27 09:00:00+01:00,92.07750350536396
2030,sc01,06-27 11:00:00+01:00,-77.21278822483269
2030,sc01,06-27 13:00:00+01:00,-77.21278822483269
2030,sc01,06-27 15:00:00+01:00,-77.21278822483269
2030,sc01,06-27 17:00:00+01:00,-77.21278822483269
2030,sc01,06-27 19:00:00+01:00,119.73446997248298
2030,sc01,06-27 21:00:00+01:00,-33.26178426948929
2030,sc01,06-27 23:00:00+01:00,-77.21278822483269
2030,sc01,06-28 01:00:00+01:00,-77.21278822483269
2030,sc01,06-28 03:00:00+01:00,-77.21278822483269
2030,sc01,06-28 05:00:00+01:00,-77.21278822483269
2030,sc01,06-28 07:00:00+01:00,-53.06341052603689
2030,sc01,06-28 09:00:00+01:00,95.93945857432091
2030,sc01,06-28 11:00:00+01:00,-77.21278822483269
2030,sc01,06-28 13:00:00+01:00,-77.21278822483269
2030,sc01,06-28 15:00:00+01:00,-77.21278822483269
2030,sc01,06-28 17:00:00+01:00,-77.21278822483269
2030,sc01,06-28 19:00:00+01:00,109.05200652347334
2030,sc01,06-28 21:00:00+01:00,-1.4379317413247605
2030,sc01,06-28 23:00:00+01:00,-77.21278822483269
2030,sc01,06-29 01:00:00+01:00,-77.21278822483269
2030,sc01,06-29 03:00:00+01:00,-77.21278822483269
2030,sc01,06-29 05:00:00+01:00,-77.21278822483269
2030,sc01,06-29 07:00:00+01:00,30.500133433377428
2030,sc01,06-29 09:00:00+01:00,95.19820407051596
2030,sc01,06-29 11:00:00+01:00,-77.21278822483269
2030,sc01,06-29 13:00:00+01:00,-77.21278822483269
2030,sc01,06-29 15:00:00+01:00,-77.21278822483269
2030,sc01,06-29 17:00:00+01:00,-77.21278822483269
2030,sc01,06-29 19:00:00+01:00,86.56438926512722
2030,sc01,06-29 21:00:00+01:00,5.1778283228878195
2030,sc01,06-29 23:00:00+01:00,-77.21278822483269
2030,sc01,06-30 01:00:00+01:00,-77.21278822483269
2030,sc01,06-30 03:00:00+01:00,-77.21278822483269
2030,sc01,06-30 05:00:00+01:00,-77.21278822483269
2030,sc01,06-30 07:00:00+01:00,11.568780862364093
2030,sc01,06-30 09:00:00+01:00,74.49517096255725
2030,sc01,06-30 11:00:00+01:00,-77.21278822483269
2030,sc01,06-30 13:00:00+01:00,-77.21278822483269
2030,sc01,06-30 15:00:00+01:00,-77.21278822483269
2030,sc01,06-30 17:00:00+01:00,-77.21278822483269
2030,sc01,06-30 19:00:00+01:00,83.16346015756018
2030,sc01,06-30 21:00:00+01:00,-0.990970480056987
2030,sc01,06-30 23:00:00+01:00,-77.21278822483269
2030,sc01,07-01 01:00:00+01:00,-77.21278822483269
2030,sc01,07-01 03:00:00+01:00,-77.21278822483269
2030,sc01,07-01 05:00:00+01:00,-77.21278822483269
2030,sc01,07-01 07:00:00+01:00,44.227618684036216
2030,sc01,07-01 09:00:00+01:00,117.79401271681822
2030,sc01,07-01 11:00:00+01:00,-77.21278822483269
2030,sc01,07-01 13:00:00+01:00,-77.21278822483269
2030,sc01,07-01 15:00:00+01:00,-77.21278822483269
2030,sc01,07-01 17:00:00+01:00,-77.21278822483269
2030,sc01,07-01 19:00:00+01:00,107.19561843228588
2030,sc01,07-01 21:00:00+01:00,24.097021548859885
2030,sc01,07-01 23:00:00+01:00,-77.21278822483269
2030,sc01,07-02 01:00:00+01:00,-77.21278822483269
2030,sc01,07-02 03:00:00+01:00,-77.21278822483269
2030,sc01,07-02 05:00:00+01:00,-77.21278822483269
2030,sc01,07-02 07:00:00+01:00,55.3008644012083
2030,sc01,07-02 09:00:00+01:00,122.78721177516731
2030,sc01,07-02 11:00:00+01:00,-77.21278822483269
2030,sc01,07-02 13:00:00+01:00,-77.21278822483269
2030,sc01,07-02 15:00:00+01:00,-77.21278822483269
2030,sc01,07-02 17:00:00+01:00,-77.21278822483269
2030,sc01,07-02 19:00:00+01:00,101.72501306302622
2030,sc01,07-02 21:00:00+01:00,7.276070789463901
2030,sc01,07-02 23:00:00+01:00,-77.21278822483269
2030,sc01,07-03 01:00:00+01:00,-77.21278822483269
2030,sc01,07-03 03:00:00+01:00,-77.21278822483269
2030,sc01,07-03 05:00:00+01:00,-77.21278822483269
2030,sc01,07-03 07:00:00+01:00,39.96526019084777
2030,sc01,07-03 09:00:00+01:00,104.2941604658874
2030,sc01,07-03 11:00:00+01:00,-77.21278822483269
2030,sc01,07-03 13:00:00+01:00,-77.21278822483269
2030,sc01,07-03 15:00:00+01:00,-77.21278822483269
2030,sc01,07-03 17:00:00+01:00,-77.21278822483269
2030,sc01,07-03 19:00:00+01:00,87.54305391304239
2030,sc01,07-03 21:00:00+01:00,-8.126221757051525
2030,sc01,07-03 23:00:00+01:00,-77.21278822483269
2030,sc01,07-04 01:00:00+01:00,-77.21278822483269
2030,sc01,07-04 03:00:00+01:00,-77.21278822483269
2030,sc01,07-04 05:00:00+01:00,-77.21278822483269
2030,sc01,07-04 07:00:00+01:00,74.28247631825867
2030,sc01,07-04 09:00:00+01:00,122.78721177516731
2030,sc01,07-04 11:00:00+01:00,-32.79207787086241
2030,sc01,07-04 13:00:00+01:00,4.143068484700237
2030,sc01,07-04 15:00:00+01:00,-77.21278822483269
2030,sc01,07-04 17:00:00+01:00,-77.21278822483269
2030,sc01,07-04 19:00:00+01:00,122.78721177516731
2030,sc01,07-04 21:00:00+01:00,49.01477342879339
2030,sc01,07-04 23:00:00+01:00,-77.21278822483269
2030,sc01,07-05 01:00:00+01:00,-77.21278822483269
2030,sc01,07-05 03:00:00+01:00,-77.21278822483269
2030,sc01,07-05 05:00:00+01:00,-77.21278822483269
2030,sc01,07-05 07:00:00+01:00,63.16414917955332
2030,sc01,07-05 09:00:00+01:00,122.78721177516731
2030,sc01,07-05 11:00:00+01:00,-77.21278822483269
2030,sc01,07-05 13:00:00+01:00,-77.21278822483269
2030,sc01,07-05 15:00:00+01:00,-77.21278822483269
2030,sc01,07-05 17:00:00+01:00,-77.21278822483269
2030,sc01,07-05 19:00:00+01:00,64.7971682341851
2030,sc01,07-05 21:00:00+01:00,-24.153811783151255
2030,sc01,07-05 23:00:00+01:00,-77.21278822483269
2030,sc01,07-06 01:00:00+01:00,-77.21278822483269
2030,sc01,07-06 03:00:00+01:00,-77.21278822483269
2030,sc01,07-06 05:00:00+01:00,-77.21278822483269
2030,sc01,07-06 07:00:00+01:00,35.673734852083854
2030,sc01,07-06 09:00:00+01:00,107.46919126923272
2030,sc01,07-06 11:00:00+01:00,-77.21278822483269
2030,sc01,07-06 13:00:00+01:00,-77.21278822483269
2030,sc01,07-06 15:00:00+01:00,-77.21278822483269
2030,sc01,07-06 17:00:00+01:00,-77.21278822483269
2030,sc01,07-06 19:00:00+01:00,60.70477429392663
2030,sc01,07-06 21:00:00+01:00,-17.93742175274395
2030,sc01,07-06 23:00:00+01:00,-77.21278822483269
2030,sc01,07-07 01:00:00+01:00,-77.21278822483269
2030,sc01,07-07 03:00:00+01:00,-77.21278822483269
2030,sc01,07-07 05:00:00+01:00,-77.21278822483269
2030,sc01,07-07 07:00:00+01:00,62.043239146044456
2030,sc01,07-07 09:00:00+01:00,122.78721177516731
2030,sc01,07-07 11:00:00+01:00,-77.21278822483269
2030,sc01,07-07 13:00:00+01:00,-77.21278822483269
2030,sc01,07-07 15:00:00+01:00,-77.21278822483269
2030,sc01,07-07 17:00:00+01:00,-77.21278822483269
2030,sc01,07-07 19:00:00+01:00,122.78721177516731
2030,sc01,07-07 21:00:00+01:00,10.380916026286698
2030,sc01,07-07 23:00:00+01:00,-77.21278822483269
2030,sc01,07-08 01:00:00+01:00,-77.21278822483269
2030,sc01,07-08 03:00:00+01:00,-77.21278822483269
2030,sc01,07-08 05:00:00+01:00,-77.21278822483269
2030,sc01,07-08 07:00:00+01:00,52.765567898758846
2030,sc01,07-08 09:00:00+01:00,122.78721177516731
2030,sc01,07-08 11:00:00+01:00,-72.55863186329121
2030,sc01,07-08 13:00:00+01:00,-77.21278822483269
2030,sc01,07-08 15:00:00+01:00,-76.55560919957333
2030,sc01,07-08 17:00:00+01:00,-59.82846967645077
2030,sc01,07-08 19:00:00+01:00,122.78721177516731
2030,sc01,07-08 21:00:00+01:00,31.94603833621109
2030,sc01,07-08 23:00:00+01:00,-39.10443077268703
2030,sc01,07-09 01:00:00+01:00,-77.21278822483269
2030,sc01,07-09 03:00:00+01:00,-77.21278822483269
2030,sc01,07-09 05:00:00+01:00,-49.6339901865215
2030,sc01,07-09 07:00:00+01:00,41.89886724035573
2030,sc01,07-09 09:00:00+01:00,104.88148402724461
2030,sc01,07-09 11:00:00+01:00,-13.93464884818605
2030,sc01,07-09 13:00:00+01:00,-44.336296738789564
2030,sc01,07-09 15:00:00+01:00,-77.21278822483269
2030,sc01,07-09 17:00:00+01:00,-39.41266809021934
2030,sc01,07-09 19:00:00+01:00,93.08144216999663
2030,sc01,07-09 21:00:00+01:00,6.03828609182861
2030,sc01,07-09 23:00:00+01:00,-40.197424233777696
2030,sc01,07-10 01:00:00+01:00,-77.21278822483269
2030,sc01,07-10 03:00:00+01:00,-77.21278822483269
2030,sc01,07-10 05:00:00+01:00,-77.21278822483269
2030,sc01,07-10 07:00:00+01:00,-8.48870157526649
2030,sc01,07-10 09:00:00+01:00,45.71619767754251
2030,sc01,07-10 11:00:00+01:00,-16.614781120545324
2030,sc01,07-10 13:00:00+01:00,-8.681827313051102
2030,sc01,07-10 15:00:00+01:00,-77.21278822483269
2030,sc01,07-10 17:00:00+01:00,-12.292764188376623
2030,sc01,07-10 19:00:00+01:00,112.20921982556725
2030,sc01,07-10 21:00:00+01:00,20.025995272810192
2030,sc01,07-10 23:00:00+01:00,-53.664603546186086
2030,sc01,07-11 01:00:00+01:00,-77.21278822483269
2030,sc01,07-11 03:00:00+01:00,-77.21278822483269
2030,sc01,07-11 05:00:00+01:00,-64.51097208089953
2030,sc01,07-11 07:00:00+01:00,34.6271172028904
2030,sc01,07-11 09:00:00+01:00,103.60818173019315
2030,sc01,07-11 11:00:00+01:00,-33.15228149262025
2030,sc01,07-11 13:00:00+01:00,-31.413744952368305
2030,sc01,07-11 15:00:00+01:00,-55.05568032080066
2030,sc01,07-11 17:00:00+01:00,-29.493525804845177
2030,sc01,07-11 19:00:00+01:00,78.12850190425767
2030,sc01,07-11 21:00:00+01:00,-12.825949651077934
2030,sc01,07-11 23:00:00+01:00,-35.09924512394822
2030,sc01,07-12 01:00:00+01:00,-71.09379780431757
2030,sc01,07-12 03:00:00+01:00,-77.21278822483269
2030,sc01,07-12 05:00:00+01:00,-62.41714040128399
2030,sc01,07-12 07:00:00+01:00,48.66653967154099
2030,sc01,07-12 09:00:00+01:00,69.60099508069949
2030,sc01,07-12 11:00:00+01:00,-32.34922142041026
2030,sc01,07-12 13:00:00+01:00,-27.792585925909343
2030,sc01,07-12 15:00:00+01:00,-38.01505519613955
2030,sc01,07-12 17:00:00+01:00,-29.749060133205724
2030,sc01,07-12 19:00:00+01:00,24.486028629870887
2030,sc01,07-12 21:00:00+01:00,39.05556266411024
2030,sc01,07-12 23:00:00+01:00,-63.788857977847485
2030,sc01,07-13 01:00:00+01:00,-77.21278822483269
2030,sc01,07-13 03:00:00+01:00,-77.21278822483269
2030,sc01,07-13 05:00:00+01:00,-67.81723694409422
2030,sc01,07-13 07:00:00+01:00,50.02928173723281
2030,sc01,07-13 09:00:00+01:00,59.401617059741554
2030,sc01,07-13 11:00:00+01:00,-33.22166169199818
2030,sc01,07-13 13:00:00+01:00,-32.62135586162059
2030,sc01,07-13 15:00:00+01:00,-42.033001837981004
2030,sc01,07-13 17:00:00+01:00,-33.292210677681794
2030,sc01,07-13 19:00:00+01:00,64.70473270589817
2030,sc01,07-13 21:00:00+01:00,43.47678681369757
2030,sc01,07-13 23:00:00+01:00,-50.88055818936546
2030,sc01,07-14 01:00:00+01:00,-68.44310229145634
2030,sc01,07-14 03:00:00+01:00,-77.21278822483269
2030,sc01,07-14 05:00:00+01:00,-59.625878355872594
2030,sc01,07-14 07:00:00+01:00,49.8954399660702
2030,sc01,07-14 09:00:00+01:00,90.1553287411161
2030,sc01,07-14 11:00:00+01:00,-25.886449055487084
2030,sc01,07-14 13:00:00+01:00,-25.156054795910016
2030,sc01,07-14 15:00:00+01:00,-35.378524066139555
2030,sc01,07-14 17:00:00+01:00,-12.09220739665156
2030,sc01,07-14 19:00:00+01:00,76.7522368022445
2030,sc01,07-14 21:00:00+01:00,52.86524162770145
2030,sc01,07-14 23:00:00+01:00,-45.34618480720974
2030,sc01,07-15 01:00:00+01:00,-66.07683403879125
2030,sc01,07-15 03:00:00+01:00,-69.9383827574996
2030,sc01,07-15 05:00:00+01:00,-57.70546730409422
2030,sc01,07-15 07:00:00+01:00,88.05369124057079
2030,sc01,07-15 09:00:00+01:00,102.1102190355363
2030,sc01,07-15 11:00:00+01:00,-25.173858684754073
2030,sc01,07-15 13:00:00+01:00,-22.739416615909363
2030,sc01,07-15 15:00:00+01:00,-53.246634686268564
2030,sc01,07-15 17:00:00+01:00,-22.79476303696388
2030,sc01,07-15 19:00:00+01:00,77.54282331023775
2030,sc01,07-15 21:00:00+01:00,62.055029446844216
2030,sc01,07-15 23:00:00+01:00,-58.7356886678475
2030,sc01,07-16 01:00:00+01:00,-77.21278822483269
2030,sc01,07-16 03:00:00+01:00,-77.21278822483269
2030,sc01,07-16 05:00:00+01:00,-61.43082073409422
2030,sc01,07-16 07:00:00+01:00,58.95356568818006
2030,sc01,07-16 09:00:00+01:00,71.96739397000643
2030,sc01,07-16 11:00:00+01:00,-31.021405540410264
2030,sc01,07-16 13:00:00+01:00,-26.464770045909347
2030,sc01,07-16 15:00:00+01:00,-36.68723931613955
2030,sc01,07-16 17:00:00+01:00,-28.421244253205728
2030,sc01,07-16 19:00:00+01:00,76.7362254061426
2030,sc01,07-16 21:00:00+01:00,83.71839466858209
2030,sc01,07-16 23:00:00+01:00,-50.74789168815268
2030,sc01,07-17 01:00:00+01:00,-73.22115802232302
2030,sc01,07-17 03:00:00+01:00,-77.08658322607408
2030,sc01,07-17 05:00:00+01:00,-64.62820506409423
2030,sc01,07-17 07:00:00+01:00,82.35524390008611
2030,sc01,07-17 09:00:00+01:00,122.78721177516731
2030,sc01,07-17 11:00:00+01:00,-16.17340011746586
2030,sc01,07-17 13:00:00+01:00,-29.662154375909367
2030,sc01,07-17 15:00:00+01:00,-39.88462364613956
2030,sc01,07-17 17:00:00+01:00,-31.61862858320574
2030,sc01,07-17 19:00:00+01:00,75.33407099314353
2030,sc01,07-17 21:00:00+01:00,54.38438252361341
2030,sc01,07-17 23:00:00+01:00,-62.40342751749373
2030,sc01,07-18 01:00:00+01:00,-73.4190971563444
2030,sc01,07-18 03:00:00+01:00,-77.03761978654155
2030,sc01,07-18 05:00:00+01:00,-64.70267239914132
2030,sc01,07-18 07:00:00+01:00,97.17268822819408
2030,sc01,07-18 09:00:00+01:00,122.78721177516731
2030,sc01,07-18 11:00:00+01:00,21.471923201978285
2030,sc01,07-18 13:00:00+01:00,-27.151790781725197
2030,sc01,07-18 15:00:00+01:00,-40.04013872613956
2030,sc01,07-18 17:00:00+01:00,-5.307141481462168
2030,sc01,07-18 19:00:00+01:00,79.57289041816539
2030,sc01,07-18 21:00:00+01:00,54.4637230415713
2030,sc01,07-18 23:00:00+01:00,-65.8139415078475
2030,sc01,07-19 01:00:00+01:00,-74.07968755298302
2030,sc01,07-19 03:00:00+01:00,-77.21278822483269
2030,sc01,07-19 05:00:00+01:00,-62.82229818002225
2030,sc01,07-19 07:00:00+01:00,109.44584464787748
2030,sc01,07-19 09:00:00+01:00,122.78721177516731
2030,sc01,07-19 11:00:00+01:00,51.99685298673516
2030,sc01,07-19 13:00:00+01:00,25.764944158272115
2030,sc01,07-19 15:00:00+01:00,-40.647180846139555
2030,sc01,07-19 17:00:00+01:00,65.03765730764961
2030,sc01,07-19 19:00:00+01:00,122.78721177516731
2030,sc01,07-19 21:00:00+01:00,103.48302689777465
2030,sc01,07-19 23:00:00+01:00,-30.65689688308278
2030,sc01,07-20 01:00:00+01:00,-77.21278822483269
2030,sc01,07-20 03:00:00+01:00,-77.21278822483269
2030,sc01,07-20 05:00:00+01:00,-60.22432695980764
2030,sc01,07-20 07:00:00+01:00,104.1303104163657
2030,sc01,07-20 09:00:00+01:00,116.7144463996677
2030,sc01,07-20 11:00:00+01:00,40.068767633134755
2030,sc01,07-20 13:00:00+01:00,2.908004618020456
2030,sc01,07-20 15:00:00+01:00,-45.64712062613954
2030,sc01,07-20 17:00:00+01:00,27.05804881729574
2030,sc01,07-20 19:00:00+01:00,122.78721177516731
2030,sc01,07-20 21:00:00+01:00,78.67799095102869
2030,sc01,07-20 23:00:00+01:00,-60.564405089574066
2030,sc01,07-21 01:00:00+01:00,-77.21278822483269
2030,sc01,07-21 03:00:00+01:00,-77.21278822483269
2030,sc01,07-21 05:00:00+01:00,-77.21278822483269
2030,sc01,07-21 07:00:00+01:00,68.06058282220654
2030,sc01,07-21 09:00:00+01:00,104.0024019674327
2030,sc01,07-21 11:00:00+01:00,-23.516322171480837
2030,sc01,07-21 13:00:00+01:00,-49.961632535909395
2030,sc01,07-21 15:00:00+01:00,-60.18410180613955
2030,sc01,07-21 17:00:00+01:00,-51.91810674320304
2030,sc01,07-21 19:00:00+01:00,122.78721177516731
2030,sc01,07-21 21:00:00+01:00,74.89035025414087
2030,sc01,07-21 23:00:00+01:00,-63.79649467451092
2030,sc01,07-22 01:00:00+01:00,-77.21278822483269
2030,sc01,07-22 03:00:00+01:00,-77.21278822483269
2030,sc01,07-22 05:00:00+01:00,-67.73239722411853
2030,sc01,07-22 07:00:00+01:00,99.44401194948428
2030,sc01,07-22 09:00:00+01:00,112.3489066007247
2030,sc01,07-22 11:00:00+01:00,5.724229112385203
2030,sc01,07-22 13:00:00+01:00,-38.01678432269144
2030,sc01,07-22 15:00:00+01:00,-48.35109144613955
2030,sc01,07-22 17:00:00+01:00,14.164384146749029
2030,sc01,07-22 19:00:00+01:00,122.78721177516731
2030,sc01,07-22 21:00:00+01:00,76.5729156291632
2030,sc01,07-22 23:00:00+01:00,-51.6490277746587
2030,sc01,07-23 01:00:00+01:00,-77.21278822483269
2030,sc01,07-23 03:00:00+01:00,-77.21278822483269
2030,sc01,07-23 05:00:00+01:00,-67.53848003470769
2030,sc01,07-23 07:00:00+01:00,101.02827286749188
2030,sc01,07-23 09:00:00+01:00,122.78721177516731
2030,sc01,07-23 11:00:00+01:00,54.849292929325614
2030,sc01,07-23 13:00:00+01:00,66.9260858574187
2030,sc01,07-23 15:00:00+01:00,-4.59435639811754
2030,sc01,07-23 17:00:00+01:00,47.61975955872295
2030,sc01,07-23 19:00:00+01:00,122.78721177516731
2030,sc01,07-23 21:00:00+01:00,76.60667491476825
2030,sc01,07-23 23:00:00+01:00,-28.03106264538264
2030,sc01,07-24 01:00:00+01:00,-70.06042595774282
2030,sc01,07-24 03:00:00+01:00,-77.21278822483269
2030,sc01,07-24 05:00:00+01:00,-33.952712331359734
2030,sc01,07-24 07:00:00+01:00,122.78721177516731
2030,sc01,07-24 09:00:00+01:00,110.63971178376907
2030,sc01,07-24 11:00:00+01:00,30.654779634562104
2030,sc01,07-24 13:00:00+01:00,-3.6362203869299066
2030,sc01,07-24 15:00:00+01:00,-56.43817044613952
2030,sc01,07-24 17:00:00+01:00,2.7804783285016583
2030,sc01,07-24 19:00:00+01:00,122.78721177516731
2030,sc01,07-24 21:00:00+01:00,80.11643495105209
2030,sc01,07-24 23:00:00+01:00,17.004569900555836
2030,sc01,07-25 01:00:00+01:00,-77.21278822483269
2030,sc01,07-25 03:00:00+01:00,-77.21278822483269
2030,sc01,07-25 05:00:00+01:00,-35.18031849729001
2030,sc01,07-25 07:00:00+01:00,122.78721177516731
2030,sc01,07-25 09:00:00+01:00,122.78721177516731
2030,sc01,07-25 11:00:00+01:00,44.89850505942927
2030,sc01,07-25 13:00:00+01:00,-24.651777893960407
2030,sc01,07-25 15:00:00+01:00,-75.75598554613956
2030,sc01,07-25 17:00:00+01:00,-0.787014378263649
2030,sc01,07-25 19:00:00+01:00,122.78721177516731
2030,sc01,07-25 21:00:00+01:00,122.78721177516731
2030,sc01,07-25 23:00:00+01:00,35.75231933333298
2030,sc01,07-26 01:00:00+01:00,-77.21278822483269
2030,sc01,07-26 03:00:00+01:00,-77.21278822483269
2030,sc01,07-26 05:00:00+01:00,3.47429039456442
2030,sc01,07-26 07:00:00+01:00,122.78721177516731
2030,sc01,07-26 09:00:00+01:00,122.78721177516731
2030,sc01,07-26 11:00:00+01:00,18.167501103860573
2030,sc01,07-26 13:00:00+01:00,14.328050460930754
2030,sc01,07-26 15:00:00+01:00,-69.29152859752705
2030,sc01,07-26 17:00:00+01:00,11.758105897897082
2030,sc01,07-26 19:00:00+01:00,122.78721177516731
2030,sc01,07-26 21:00:00+01:00,122.78721177516731
2030,sc01,07-26 23:00:00+01:00,28.650880900975437
2030,sc01,07-27 01:00:00+01:00,-77.21278822483269
2030,sc01,07-27 03:00:00+01:00,-77.21278822483269
2030,sc01,07-27 05:00:00+01:00,-16.609082644463562
2030,sc01,07-27 07:00:00+01:00,122.78721177516731
2030,sc01,07-27 09:00:00+01:00,122.78721177516731
2030,sc01,07-27 11:00:00+01:00,71.0272699467737
2030,sc01,07-27 13:00:00+01:00,7.990942259603628
2030,sc01,07-27 15:00:00+01:00,-45.901335258736765
2030,sc01,07-27 17:00:00+01:00,29.678530556751895
2030,sc01,07-27 19:00:00+01:00,122.78721177516731
2030,sc01,07-27 21:00:00+01:00,122.78721177516731
2030,sc01,07-27 23:00:00+01:00,61.92293590336864
2030,sc01,07-28 01:00:00+01:00,-76.2966037269556
2030,sc01,07-28 03:00:00+01:00,-77.21278822483269
2030,sc01,07-28 05:00:00+01:00,4.477772424267627
2030,sc01,07-28 07:00:00+01:00,122.78721177516731
2030,sc01,07-28 09:00:00+01:00,122.78721177516731
2030,sc01,07-28 11:00:00+01:00,95.98844004348162
2030,sc01,07-28 13:00:00+01:00,99.5364263743157
2030,sc01,07-28 15:00:00+01:00,26.649283867349638
2030,sc01,07-28 17:00:00+01:00,114.56477671985407
2030,sc01,07-28 19:00:00+01:00,122.78721177516731
2030,sc01,07-28 21:00:00+01:00,122.78721177516731
2030,sc01,07-28 23:00:00+01:00,61.71419587074091
2030,sc01,07-29 01:00:00+01:00,-46.85494436751328
2030,sc01,07-29 03:00:00+01:00,-64.57174162541637
2030,sc01,07-29 05:00:00+01:00,74.16715471024442
2030,sc01,07-29 07:00:00+01:00,122.78721177516731
2030,sc01,07-29 09:00:00+01:00,122.78721177516731
2030,sc01,07-29 11:00:00+01:00,122.78721177516731
2030,sc01,07-29 13:00:00+01:00,122.78721177516731
2030,sc01,07-29 15:00:00+01:00,82.76421260115875
2030,sc01,07-29 17:00:00+01:00,122.78721177516731
2030,sc01,07-29 19:00:00+01:00,122.78721177516731
2030,sc01,07-29 21:00:00+01:00,122.78721177516731
2030,sc01,07-29 23:00:00+01:00,122.78721177516731
2030,sc01,07-30 01:00:00+01:00,-16.734143404850123
2030,sc01,07-30 03:00:00+01:00,-77.21278822483269
2030,sc01,07-30 05:00:00+01:00,-25.852690442419338
2030,sc01,07-30 07:00:00+01:00,122.78721177516731
2030,sc01,07-30 09:00:00+01:00,122.78721177516731
2030,sc01,07-30 11:00:00+01:00,122.78721177516731
2030,sc01,07-30 13:00:00+01:00,122.78721177516731
2030,sc01,07-30 15:00:00+01:00,63.21179562893066
2030,sc01,07-30 17:00:00+01:00,122.78721177516731
2030,sc01,07-30 19:00:00+01:00,122.78721177516731
2030,sc01,07-30 21:00:00+01:00,122.78721177516731
2030,sc01,07-30 23:00:00+01:00,87.44105231495506
2030,sc01,07-31 01:00:00+01:00,-77.21278822483269
2030,sc01,07-31 03:00:00+01:00,-77.21278822483269
2030,sc01,07-31 05:00:00+01:00,64.45279476004119
2030,sc01,07-31 07:00:00+01:00,122.78721177516731
2030,sc01,07-31 09:00:00+01:00,122.78721177516731
2030,sc01,07-31 11:00:00+01:00,122.78721177516731
2030,sc01,07-31 13:00:00+01:00,122.78721177516731
2030,sc01,07-31 15:00:00+01:00,-44.60807240085284
2030,sc01,07-31 17:00:00+01:00,111.09390051406818
2030,sc01,07-31 19:00:00+01:00,122.78721177516731
2030,sc01,07-31 21:00:00+01:00,122.78721177516731
2030,sc01,07-31 23:00:00+01:00,92.07681597804005
2030,sc01,08-01 01:00:00+01:00,-77.21278822483269
2030,sc01,08-01 03:00:00+01:00,-77.21278822483269
2030,sc01,08-01 05:00:00+01:00,26.330098696297924
2030,sc01,08-01 07:00:00+01:00,122.78721177516731
2030,sc01,08-01 09:00:00+01:00,122.78721177516731
2030,sc01,08-01 11:00:00+01:00,122.78721177516731
2030,sc01,08-01 13:00:00+01:00,122.78721177516731
2030,sc01,08-01 15:00:00+01:00,61.09856573852558
2030,sc01,08-01 17:00:00+01:00,122.78721177516731
2030,sc01,08-01 19:00:00+01:00,122.78721177516731
2030,sc01,08-01 21:00:00+01:00,122.78721177516731
2030,sc01,08-01 23:00:00+01:00,81.25023995122096
2030,sc01,08-02 01:00:00+01:00,-77.21278822483269
2030,sc01,08-02 03:00:00+01:00,-77.21278822483269
2030,sc01,08-02 05:00:00+01:00,10.221095619560245
2030,sc01,08-02 07:00:00+01:00,122.78721177516731
2030,sc01,08-02 09:00:00+01:00,122.78721177516731
2030,sc01,08-02 11:00:00+01:00,122.78721177516731
2030,sc01,08-02 13:00:00+01:00,122.78721177516731
2030,sc01,08-02 15:00:00+01:00,32.05096133496653
2030,sc01,08-02 17:00:00+01:00,122.78721177516731
2030,sc01,08-02 19:00:00+01:00,122.78721177516731
2030,sc01,08-02 21:00:00+01:00,122.78721177516731
2030,sc01,08-02 23:00:00+01:00,86.87145213280733
2030,sc01,08-03 01:00:00+01:00,-66.59463416351852
2030,sc01,08-03 03:00:00+01:00,-77.21278822483269
2030,sc01,08-03 05:00:00+01:00,21.603002225296862
2030,sc01,08-03 07:00:00+01:00,122.78721177516731
2030,sc01,08-03 09:00:00+01:00,122.78721177516731
2030,sc01,08-03 11:00:00+01:00,122.78721177516731
2030,sc01,08-03 13:00:00+01:00,122.78721177516731
2030,sc01,08-03 15:00:00+01:00,77.12756515842001
2030,sc01,08-03 17:00:00+01:00,122.78721177516731
2030,sc01,08-03 19:00:00+01:00,122.78721177516731
2030,sc01,08-03 21:00:00+01:00,122.78721177516731
2030,sc01,08-03 23:00:00+01:00,103.98335151647076
2030,sc01,08-04 01:00:00+01:00,-51.04928054319722
2030,sc01,08-04 03:00:00+01:00,-77.21278822483269
2030,sc01,08-04 05:00:00+01:00,38.94016148793618
2030,sc01,08-04 07:00:00+01:00,122.78721177516731
2030,sc01,08-04 09:00:00+01:00,122.78721177516731
2030,sc01,08-04 11:00:00+01:00,122.78721177516731
2030,sc01,08-04 13:00:00+01:00,122.78721177516731
2030,sc01,08-04 15:00:00+01:00,83.00135173204536
2030,sc01,08-04 17:00:00+01:00,122.78721177516731
2030,sc01,08-04 19:00:00+01:00,122.78721177516731
2030,sc01,08-04 21:00:00+01:00,122.78721177516731
2030,sc01,08-04 23:00:00+01:00,77.41828034835548
2030,sc01,08-05 01:00:00+01:00,-72.85254121647264
2030,sc01,08-05 03:00:00+01:00,-77.21278822483269
2030,sc01,08-05 05:00:00+01:00,10.827646158061057
2030,sc01,08-05 07:00:00+01:00,122.78721177516731
2030,sc01,08-05 09:00:00+01:00,122.78721177516731
2030,sc01,08-05 11:00:00+01:00,122.78721177516731
2030,sc01,08-05 13:00:00+01:00,122.78721177516731
2030,sc01,08-05 15:00:00+01:00,42.15120457741911
2030,sc01,08-05 17:00:00+01:00,122.78721177516731
2030,sc01,08-05 19:00:00+01:00,122.78721177516731
2030,sc01,08-05 21:00:00+01:00,122.78721177516731
2030,sc01,08-05 23:00:00+01:00,43.529488711122866
2030,sc01,08-06 01:00:00+01:00,-77.21278822483269
2030,sc01,08-06 03:00:00+01:00,-77.21278822483269
2030,sc01,08-06 05:00:00+01:00,7.303526308756631
2030,sc01,08-06 07:00:00+01:00,122.78721177516731
2030,sc01,08-06 09:00:00+01:00,122.78721177516731
2030,sc01,08-06 11:00:00+01:00,122.78721177516731
2030,sc01,08-06 13:00:00+01:00,122.78721177516731
2030,sc01,08-06 15:00:00+01:00,-13.365424942911908
2030,sc01,08-06 17:00:00+01:00,122.78721177516731
2030,sc01,08-06 19:00:00+01:00,122.78721177516731
2030,sc01,08-06 21:00:00+01:00,122.78721177516731
2030,sc01,08-06 23:00:00+01:00,82.19793667942265
2030,sc01,08-07 01:00:00+01:00,-77.21278822483269
2030,sc01,08-07 03:00:00+01:00,-77.21278822483269
2030,sc01,08-07 05:00:00+01:00,27.158951330088044
2030,sc01,08-07 07:00:00+01:00,122.78721177516731
2030,sc01,08-07 09:00:00+01:00,122.78721177516731
2030,sc01,08-07 11:00:00+01:00,122.78721177516731
2030,sc01,08-07 13:00:00+01:00,122.78721177516731
2030,sc01,08-07 15:00:00+01:00,34.040680967560476
2030,sc01,08-07 17:00:00+01:00,122.78721177516731
2030,sc01,08-07 19:00:00+01:00,122.78721177516731
2030,sc01,08-07 21:00:00+01:00,122.78721177516731
2030,sc01,08-07 23:00:00+01:00,76.26399831603287
2030,sc01,08-08 01:00:00+01:00,-77.21278822483269
2030,sc01,08-08 03:00:00+01:00,-77.21278822483269
2030,sc01,08-08 05:00:00+01:00,23.131912466032574
2030,sc01,08-08 07:00:00+01:00,122.78721177516731
2030,sc01,08-08 09:00:00+01:00,122.78721177516731
2030,sc01,08-08 11:00:00+01:00,122.78721177516731
2030,sc01,08-08 13:00:00+01:00,122.78721177516731
2030,sc01,08-08 15:00:00+01:00,56.12917816266231
2030,sc01,08-08 17:00:00+01:00,122.78721177516731
2030,sc01,08-08 19:00:00+01:00,122.78721177516731
2030,sc01,08-08 21:00:00+01:00,122.78721177516731
2030,sc01,08-08 23:00:00+01:00,69.99505281630009
2030,sc01,08-09 01:00:00+01:00,-77.21278822483269
2030,sc01,08-09 03:00:00+01:00,-77.21278822483269
2030,sc01,08-09 05:00:00+01:00,23.888076315222932
2030,sc01,08-09 07:00:00+01:00,122.78721177516731
2030,sc01,08-09 09:00:00+01:00,122.78721177516731
2030,sc01,08-09 11:00:00+01:00,122.78721177516731
2030,sc01,08-09 13:00:00+01:00,122.78721177516731
2030,sc01,08-09 15:00:00+01:00,122.78721177516731
2030,sc01,08-09 17:00:00+01:00,122.78721177516731
2030,sc01,08-09 19:00:00+01:00,122.78721177516731
2030,sc01,08-09 21:00:00+01:00,122.78721177516731
2030,sc01,08-09 23:00:00+01:00,63.328079025252165
2030,sc01,08-10 01:00:00+01:00,-77.21278822483269
2030,sc01,08-10 03:00:00+01:00,-77.21278822483269
2030,sc01,08-10 05:00:00+01:00,32.7181087952478
2030,sc01,08-10 07:00:00+01:00,122.78721177516731
2030,sc01,08-10 09:00:00+01:00,122.78721177516731
2030,sc01,08-10 11:00:00+01:00,122.78721177516731
2030,sc01,08-10 13:00:00+01:00,122.78721177516731
2030,sc01,08-10 15:00:00+01:00,120.60475466359311
2030,sc01,08-10 17:00:00+01:00,122.78721177516731
2030,sc01,08-10 19:00:00+01:00,122.78721177516731
2030,sc01,08-10 21:00:00+01:00,122.78721177516731
2030,sc01,08-10 23:00:00+01:00,57.17854201603693
2030,sc01,08-11 01:00:00+01:00,-77.21278822483269
2030,sc01,08-11 03:00:00+01:00,-77.21278822483269
2030,sc01,08-11 05:00:00+01:00,-43.09646969382678
2030,sc01,08-11 07:00:00+01:00,122.78721177516731
2030,sc01,08-11 09:00:00+01:00,122.78721177516731
2030,sc01,08-11 11:00:00+01:00,122.78721177516731
2030,sc01,08-11 13:00:00+01:00,122.78721177516731
2030,sc01,08-11 15:00:00+01:00,-26.543228866444963
2030,sc01,08-11 17:00:00+01:00,122.78721177516731
2030,sc01,08-11 19:00:00+01:00,122.78721177516731
2030,sc01,08-11 21:00:00+01:00,122.78721177516731
2030,sc01,08-11 23:00:00+01:00,29.731911326782893
2030,sc01,08-12 01:00:00+01:00,-63.93696547755188
2030,sc01,08-12 03:00:00+01:00,-77.21278822483269
2030,sc01,08-12 05:00:00+01:00,-14.394976243421056
2030,sc01,08-12 07:00:00+01:00,122.78721177516731
2030,sc01,08-12 09:00:00+01:00,122.78721177516731
2030,sc01,08-12 11:00:00+01:00,122.78721177516731
2030,sc01,08-12 13:00:00+01:00,122.78721177516731
2030,sc01,08-12 15:00:00+01:00,15.49923425354659
2030,sc01,08-12 17:00:00+01:00,122.78721177516731
2030,sc01,08-12 19:00:00+01:00,122.78721177516731
2030,sc01,08-12 21:00:00+01:00,122.78721177516731
2030,sc01,08-12 23:00:00+01:00,86.84160001147846
2030,sc01,08-13 01:00:00+01:00,-77.21278822483269
2030,sc01,08-13 03:00:00+01:00,-77.21278822483269
2030,sc01,08-13 05:00:00+01:00,35.79408057797821
2030,sc01,08-13 07:00:00+01:00,122.78721177516731
2030,sc01,08-13 09:00:00+01:00,122.78721177516731
2030,sc01,08-13 11:00:00+01:00,122.78721177516731
2030,sc01,08-13 13:00:00+01:00,122.78721177516731
2030,sc01,08-13 15:00:00+01:00,120.55741588025215
2030,sc01,08-13 17:00:00+01:00,122.78721177516731
2030,sc01,08-13 19:00:00+01:00,122.78721177516731
2030,sc01,08-13 21:00:00+01:00,122.78721177516731
2030,sc01,08-13 23:00:00+01:00,89.9760727603044
2030,sc01,08-14 01:00:00+01:00,-75.11338188845019
2030,sc01,08-14 03:00:00+01:00,-77.21278822483269
2030,sc01,08-14 05:00:00+01:00,28.801683450721796
2030,sc01,08-14 07:00:00+01:00,122.78721177516731
2030,sc01,08-14 09:00:00+01:00,122.78721177516731
2030,sc01,08-14 11:00:00+01:00,122.78721177516731
2030,sc01,08-14 13:00:00+01:00,122.78721177516731
2030,sc01,08-14 15:00:00+01:00,39.26031931732123
2030,sc01,08-14 17:00:00+01:00,122.78721177516731
2030,sc01,08-14 19:00:00+01:00,122.78721177516731
2030,sc01,08-14 21:00:00+01:00,122.78721177516731
2030,sc01,08-14 23:00:00+01:00,53.785350877854725
2030,sc01,08-15 01:00:00+01:00,-77.21278822483269
2030,sc01,08-15 03:00:00+01:00,-70.73835982121902
2030,sc01,08-15 05:00:00+01:00,9.68711078047886
2030,sc01,08-15 07:00:00+01:00,122.78721177516731
2030,sc01,08-15 09:00:00+01:00,122.78721177516731
2030,sc01,08-15 11:00:00+01:00,122.78721177516731
2030,sc01,08-15 13:00:00+01:00,122.78721177516731
2030,sc01,08-15 15:00:00+01:00,122.78721177516731
2030,sc01,08-15 17:00:00+01:00,122.78721177516731
2030,sc01,08-15 19:00:00+01:00,122.78721177516731
2030,sc01,08-15 21:00:00+01:00,122.78721177516731
2030,sc01,08-15 23:00:00+01:00,54.25966791615828
2030,sc01,08-16 01:00:00+01:00,-77.21278822483269
2030,sc01,08-16 03:00:00+01:00,-77.21278822483269
2030,sc01,08-16 05:00:00+01:00,9.714828942392643
2030,sc01,08-16 07:00:00+01:00,122.78721177516731
2030,sc01,08-16 09:00:00+01:00,122.78721177516731
2030,sc01,08-16 11:00:00+01:00,122.78721177516731
2030,sc01,08-16 13:00:00+01:00,122.78721177516731
2030,sc01,08-16 15:00:00+01:00,41.71021991807298
2030,sc01,08-16 17:00:00+01:00,122.78721177516731
2030,sc01,08-16 19:00:00+01:00,122.78721177516731
2030,sc01,08-16 21:00:00+01:00,122.78721177516731
2030,sc01,08-16 23:00:00+01:00,84.94764874716397
2030,sc01,08-17 01:00:00+01:00,-77.21278822483269
2030,sc01,08-17 03:00:00+01:00,-77.21278822483269
2030,sc01,08-17 05:00:00+01:00,16.257445897047333
2030,sc01,08-17 07:00:00+01:00,122.78721177516731
2030,sc01,08-17 09:00:00+01:00,122.78721177516731
2030,sc01,08-17 11:00:00+01:00,122.78721177516731
2030,sc01,08-17 13:00:00+01:00,122.78721177516731
2030,sc01,08-17 15:00:00+01:00,20.609261454374902
2030,sc01,08-17 17:00:00+01:00,122.78721177516731
2030,sc01,08-17 19:00:00+01:00,122.78721177516731
2030,sc01,08-17 21:00:00+01:00,122.78721177516731
2030,sc01,08-17 23:00:00+01:00,53.99763263010077
2030,sc01,08-18 01:00:00+01:00,-77.21278822483269
2030,sc01,08-18 03:00:00+01:00,-77.21278822483269
2030,sc01,08-18 05:00:00+01:00,-15.156917025103645
2030,sc01,08-18 07:00:00+01:00,122.78721177516731
2030,sc01,08-18 09:00:00+01:00,122.78721177516731
2030,sc01,08-18 11:00:00+01:00,122.78721177516731
2030,sc01,08-18 13:00:00+01:00,122.78721177516731
2030,sc01,08-18 15:00:00+01:00,7.555220371638214
2030,sc01,08-18 17:00:00+01:00,122.78721177516731
2030,sc01,08-18 19:00:00+01:00,122.78721177516731
2030,sc01,08-18 21:00:00+01:00,122.78721177516731
2030,sc01,08-18 23:00:00+01:00,80.21111215233906
2030,sc01,08-19 01:00:00+01:00,-77.21278822483269
2030,sc01,08-19 03:00:00+01:00,-77.21278822483269
2030,sc01,08-19 05:00:00+01:00,34.33554110601973
2030,sc01,08-19 07:00:00+01:00,122.78721177516731
2030,sc01,08-19 09:00:00+01:00,122.78721177516731
2030,sc01,08-19 11:00:00+01:00,122.78721177516731
2030,sc01,08-19 13:00:00+01:00,122.78721177516731
2030,sc01,08-19 15:00:00+01:00,122.78721177516731
2030,sc01,08-19 17:00:00+01:00,122.78721177516731
2030,sc01,08-19 19:00:00+01:00,122.78721177516731
2030,sc01,08-19 21:00:00+01:00,122.78721177516731
2030,sc01,08-19 23:00:00+01:00,76.16780814615227
2030,sc01,08-20 01:00:00+01:00,-77.21278822483269
2030,sc01,08-20 03:00:00+01:00,-77.21278822483269
2030,sc01,08-20 05:00:00+01:00,18.239803651729133
2030,sc01,08-20 07:00:00+01:00,122.78721177516731
2030,sc01,08-20 09:00:00+01:00,122.78721177516731
2030,sc01,08-20 11:00:00+01:00,122.78721177516731
2030,sc01,08-20 13:00:00+01:00,122.78721177516731
2030,sc01,08-20 15:00:00+01:00,32.578167394529885
2030,sc01,08-20 17:00:00+01:00,122.78721177516731
2030,sc01,08-20 19:00:00+01:00,122.78721177516731
2030,sc01,08-20 21:00:00+01:00,122.78721177516731
2030,sc01,08-20 23:00:00+01:00,86.36728297265635
2030,sc01,08-21 01:00:00+01:00,-77.21278822483269
2030,sc01,08-21 03:00:00+01:00,-77.21278822483269
2030,sc01,08-21 05:00:00+01:00,23.112013417082068
2030,sc01,08-21 07:00:00+01:00,122.78721177516731
2030,sc01,08-21 09:00:00+01:00,122.78721177516731
2030,sc01,08-21 11:00:00+01:00,122.78721177516731
2030,sc01,08-21 13:00:00+01:00,122.78721177516731
2030,sc01,08-21 15:00:00+01:00,28.306846122241183
2030,sc01,08-21 17:00:00+01:00,122.78721177516731
2030,sc01,08-21 19:00:00+01:00,122.78721177516731
2030,sc01,08-21 21:00:00+01:00,122.78721177516731
2030,sc01,08-21 23:00:00+01:00,86.35733226381136
2030,sc01,08-22 01:00:00+01:00,-77.07444258158456
2030,sc01,08-22 03:00:00+01:00,-77.21278822483269
2030,sc01,08-22 05:00:00+01:00,33.73319846341744
2030,sc01,08-22 07:00:00+01:00,122.78721177516731
2030,sc01,08-22 09:00:00+01:00,122.78721177516731
2030,sc01,08-22 11:00:00+01:00,122.78721177516731
2030,sc01,08-22 13:00:00+01:00,122.78721177516731
2030,sc01,08-22 15:00:00+01:00,34.84421754205778
2030,sc01,08-22 17:00:00+01:00,122.78721177516731
2030,sc01,08-22 19:00:00+01:00,122.78721177516731
2030,sc01,08-22 21:00:00+01:00,122.78721177516731
2030,sc01,08-22 23:00:00+01:00,71.01665875255755
2030,sc01,08-23 01:00:00+01:00,-75.62550602175084
2030,sc01,08-23 03:00:00+01:00,-77.21278822483269
2030,sc01,08-23 05:00:00+01:00,37.904742454463815
2030,sc01,08-23 07:00:00+01:00,122.78721177516731
2030,sc01,08-23 09:00:00+01:00,122.78721177516731
2030,sc01,08-23 11:00:00+01:00,122.78721177516731
2030,sc01,08-23 13:00:00+01:00,122.78721177516731
2030,sc01,08-23 15:00:00+01:00,58.569553924286865
2030,sc01,08-23 17:00:00+01:00,122.78721177516731
2030,sc01,08-23 19:00:00+01:00,122.78721177516731
2030,sc01,08-23 21:00:00+01:00,122.78721177516731
2030,sc01,08-23 23:00:00+01:00,101.30992819727898
2030,sc01,08-24 01:00:00+01:00,-53.1096895199984
2030,sc01,08-24 03:00:00+01:00,-77.21278822483269
2030,sc01,08-24 05:00:00+01:00,26.06711523414053
2030,sc01,08-24 07:00:00+01:00,122.78721177516731
2030,sc01,08-24 09:00:00+01:00,122.78721177516731
2030,sc01,08-24 11:00:00+01:00,122.78721177516731
2030,sc01,08-24 13:00:00+01:00,122.78721177516731
2030,sc01,08-24 15:00:00+01:00,122.78721177516731
2030,sc01,08-24 17:00:00+01:00,122.78721177516731
2030,sc01,08-24 19:00:00+01:00,122.78721177516731
2030,sc01,08-24 21:00:00+01:00,122.78721177516731
2030,sc01,08-24 23:00:00+01:00,95.98629987536516
2030,sc01,08-25 01:00:00+01:00,-73.09611244854858
2030,sc01,08-25 03:00:00+01:00,-77.21278822483269
2030,sc01,08-25 05:00:00+01:00,20.04481967186838
2030,sc01,08-25 07:00:00+01:00,122.78721177516731
2030,sc01,08-25 09:00:00+01:00,122.78721177516731
2030,sc01,08-25 11:00:00+01:00,122.78721177516731
2030,sc01,08-25 13:00:00+01:00,122.78721177516731
2030,sc01,08-25 15:00:00+01:00,87.85236768041877
2030,sc01,08-25 17:00:00+01:00,122.78721177516731
2030,sc01,08-25 19:00:00+01:00,122.78721177516731
2030,sc01,08-25 21:00:00+01:00,122.78721177516731
2030,sc01,08-25 23:00:00+01:00,51.07212473473744
2030,sc01,08-26 01:00:00+01:00,-77.21278822483269
2030,sc01,08-26 03:00:00+01:00,-77.21278822483269
2030,sc01,08-26 05:00:00+01:00,21.586419686586353
2030,sc01,08-26 07:00:00+01:00,122.78721177516731
2030,sc01,08-26 09:00:00+01:00,122.78721177516731
2030,sc01,08-26 11:00:00+01:00,122.78721177516731
2030,sc01,08-26 13:00:00+01:00,119.5150245927503
2030,sc01,08-26 15:00:00+01:00,-25.791763647733298
2030,sc01,08-26 17:00:00+01:00,122.78721177516731
2030,sc01,08-26 19:00:00+01:00,122.78721177516731
2030,sc01,08-26 21:00:00+01:00,122.78721177516731
2030,sc01,08-26 23:00:00+01:00,91.94631277628919
2030,sc01,08-27 01:00:00+01:00,-77.21278822483269
2030,sc01,08-27 03:00:00+01:00,-77.21278822483269
2030,sc01,08-27 05:00:00+01:00,34.64914606983082
2030,sc01,08-27 07:00:00+01:00,122.78721177516731
2030,sc01,08-27 09:00:00+01:00,122.78721177516731
2030,sc01,08-27 11:00:00+01:00,122.78721177516731
2030,sc01,08-27 13:00:00+01:00,122.78721177516731
2030,sc01,08-27 15:00:00+01:00,86.57497672159242
2030,sc01,08-27 17:00:00+01:00,122.78721177516731
2030,sc01,08-27 19:00:00+01:00,122.78721177516731
2030,sc01,08-27 21:00:00+01:00,122.78721177516731
2030,sc01,08-27 23:00:00+01:00,102.19885803539115
2030,sc01,08-28 01:00:00+01:00,-54.89051497680181
2030,sc01,08-28 03:00:00+01:00,-77.21278822483269
2030,sc01,08-28 05:00:00+01:00,16.510962627659566
2030,sc01,08-28 07:00:00+01:00,122.78721177516731
2030,sc01,08-28 09:00:00+01:00,122.78721177516731
2030,sc01,08-28 11:00:00+01:00,122.78721177516731
2030,sc01,08-28 13:00:00+01:00,122.78721177516731
2030,sc01,08-28 15:00:00+01:00,122.78721177516731
2030,sc01,08-28 17:00:00+01:00,122.78721177516731
2030,sc01,08-28 19:00:00+01:00,122.78721177516731
2030,sc01,08-28 21:00:00+01:00,122.78721177516731
2030,sc01,08-28 23:00:00+01:00,99.32310367071572
2030,sc01,08-29 01:00:00+01:00,-52.98205356581846
2030,sc01,08-29 03:00:00+01:00,-77.21278822483269
2030,sc01,08-29 05:00:00+01:00,38.70453728461206
2030,sc01,08-29 07:00:00+01:00,122.78721177516731
2030,sc01,08-29 09:00:00+01:00,122.78721177516731
2030,sc01,08-29 11:00:00+01:00,122.78721177516731
2030,sc01,08-29 13:00:00+01:00,122.78721177516731
2030,sc01,08-29 15:00:00+01:00,122.78721177516731
2030,sc01,08-29 17:00:00+01:00,122.78721177516731
2030,sc01,08-29 19:00:00+01:00,122.78721177516731
2030,sc01,08-29 21:00:00+01:00,122.78721177516731
2030,sc01,08-29 23:00:00+01:00,92.78217217451954
2030,sc01,08-30 01:00:00+01:00,-58.12584976904731
2030,sc01,08-30 03:00:00+01:00,-77.21278822483269
2030,sc01,08-30 05:00:00+01:00,38.84060196564697
2030,sc01,08-30 07:00:00+01:00,122.78721177516731
2030,sc01,08-30 09:00:00+01:00,122.78721177516731
2030,sc01,08-30 11:00:00+01:00,122.78721177516731
2030,sc01,08-30 13:00:00+01:00,122.78721177516731
2030,sc01,08-30 15:00:00+01:00,122.78721177516731
2030,sc01,08-30 17:00:00+01:00,122.78721177516731
2030,sc01,08-30 19:00:00+01:00,122.78721177516731
2030,sc01,08-30 21:00:00+01:00,122.78721177516731
2030,sc01,08-30 23:00:00+01:00,72.82768745513972
2030,sc01,08-31 01:00:00+01:00,-77.21278822483269
2030,sc01,08-31 03:00:00+01:00,-77.21278822483269
2030,sc01,08-31 05:00:00+01:00,-22.70762523216448
2030,sc01,08-31 07:00:00+01:00,122.78721177516731
2030,sc01,08-31 09:00:00+01:00,122.78721177516731
2030,sc01,08-31 11:00:00+01:00,122.78721177516731
2030,sc01,08-31 13:00:00+01:00,18.173579161105565
2030,sc01,08-31 15:00:00+01:00,-77.21278822483269
2030,sc01,08-31 17:00:00+01:00,85.48633873084317
2030,sc01,08-31 19:00:00+01:00,122.78721177516731
2030,sc01,08-31 21:00:00+01:00,122.78721177516731
2030,sc01,08-31 23:00:00+01:00,95.81050404878285
2030,sc01,09-01 01:00:00+01:00,-72.43632242652612
2030,sc01,09-01 03:00:00+01:00,-77.21278822483269
2030,sc01,09-01 05:00:00+01:00,25.078017332424878
2030,sc01,09-01 07:00:00+01:00,122.78721177516731
2030,sc01,09-01 09:00:00+01:00,122.78721177516731
2030,sc01,09-01 11:00:00+01:00,122.78721177516731
2030,sc01,09-01 13:00:00+01:00,122.78721177516731
2030,sc01,09-01 15:00:00+01:00,122.78721177516731
2030,sc01,09-01 17:00:00+01:00,122.78721177516731
2030,sc01,09-01 19:00:00+01:00,122.78721177516731
2030,sc01,09-01 21:00:00+01:00,122.78721177516731
2030,sc01,09-01 23:00:00+01:00,71.3472172494027
2030,sc01,09-02 01:00:00+01:00,-77.21278822483269
2030,sc01,09-02 03:00:00+01:00,-77.21278822483269
2030,sc01,09-02 05:00:00+01:00,32.38437294729849
2030,sc01,09-02 07:00:00+01:00,122.78721177516731
2030,sc01,09-02 09:00:00+01:00,122.78721177516731
2030,sc01,09-02 11:00:00+01:00,122.78721177516731
2030,sc01,09-02 13:00:00+01:00,122.78721177516731
2030,sc01,09-02 15:00:00+01:00,75.06261648484953
2030,sc01,09-02 17:00:00+01:00,122.78721177516731
2030,sc01,09-02 19:00:00+01:00,122.78721177516731
2030,sc01,09-02 21:00:00+01:00,122.78721177516731
2030,sc01,09-02 23:00:00+01:00,74.4850069074222
2030,sc01,09-03 01:00:00+01:00,-77.21278822483269
2030,sc01,09-03 03:00:00+01:00,-73.55916070720556
2030,sc01,09-03 05:00:00+01:00,20.644909901675632
2030,sc01,09-03 07:00:00+01:00,122.78721177516731
2030,sc01,09-03 09:00:00+01:00,122.78721177516731
2030,sc01,09-03 11:00:00+01:00,122.78721177516731
2030,sc01,09-03 13:00:00+01:00,122.78721177516731
2030,sc01,09-03 15:00:00+01:00,39.00906144538676
2030,sc01,09-03 17:00:00+01:00,122.78721177516731
2030,sc01,09-03 19:00:00+01:00,122.78721177516731
2030,sc01,09-03 21:00:00+01:00,122.78721177516731
2030,sc01,09-03 23:00:00+01:00,100.77477517716794
2030,sc01,09-04 01:00:00+01:00,-49.08124571776574
2030,sc01,09-04 03:00:00+01:00,-77.21278822483269
2030,sc01,09-04 05:00:00+01:00,40.493747042579926
2030,sc01,09-04 07:00:00+01:00,122.78721177516731
2030,sc01,09-04 09:00:00+01:00,122.78721177516731
2030,sc01,09-04 11:00:00+01:00,122.78721177516731
2030,sc01,09-04 13:00:00+01:00,122.78721177516731
2030,sc01,09-04 15:00:00+01:00,49.92482054166463
2030,sc01,09-04 17:00:00+01:00,122.78721177516731
2030,sc01,09-04 19:00:00+01:00,122.78721177516731
2030,sc01,09-04 21:00:00+01:00,122.78721177516731
2030,sc01,09-04 23:00:00+01:00,111.89634886293801
2030,sc01,09-05 01:00:00+01:00,-54.3183699721149
2030,sc01,09-05 03:00:00+01:00,-71.94301843099468
2030,sc01,09-05 05:00:00+01:00,14.769499978436784
2030,sc01,09-05 07:00:00+01:00,122.78721177516731
2030,sc01,09-05 09:00:00+01:00,122.78721177516731
2030,sc01,09-05 11:00:00+01:00,122.78721177516731
2030,sc01,09-05 13:00:00+01:00,122.78721177516731
2030,sc01,09-05 15:00:00+01:00,71.66432791866733
2030,sc01,09-05 17:00:00+01:00,122.78721177516731
2030,sc01,09-05 19:00:00+01:00,122.78721177516731
2030,sc01,09-05 21:00:00+01:00,122.78721177516731
2030,sc01,09-05 23:00:00+01:00,111.21306697273626
2030,sc01,09-06 01:00:00+01:00,-42.35908545824397
2030,sc01,09-06 03:00:00+01:00,-77.21278822483269
2030,sc01,09-06 05:00:00+01:00,45.66752355966909
2030,sc01,09-06 07:00:00+01:00,122.78721177516731
2030,sc01,09-06 09:00:00+01:00,122.78721177516731
2030,sc01,09-06 11:00:00+01:00,122.78721177516731
2030,sc01,09-06 13:00:00+01:00,122.78721177516731
2030,sc01,09-06 15:00:00+01:00,122.78721177516731
2030,sc01,09-06 17:00:00+01:00,122.78721177516731
2030,sc01,09-06 19:00:00+01:00,122.78721177516731
2030,sc01,09-06 21:00:00+01:00,122.78721177516731
2030,sc01,09-06 23:00:00+01:00,88.92348296929141
2030,sc01,09-07 01:00:00+01:00,-77.21278822483269
2030,sc01,09-07 03:00:00+01:00,-77.21278822483269
2030,sc01,09-07 05:00:00+01:00,-77.21278822483269
2030,sc01,09-07 07:00:00+01:00,122.78721177516731
2030,sc01,09-07 09:00:00+01:00,122.78721177516731
2030,sc01,09-07 11:00:00+01:00,122.78721177516731
2030,sc01,09-07 13:00:00+01:00,122.78721177516731
2030,sc01,09-07 15:00:00+01:00,25.555876827749955
2030,sc01,09-07 17:00:00+01:00,122.78721177516731
2030,sc01,09-07 19:00:00+01:00,122.78721177516731
2030,sc01,09-07 21:00:00+01:00,122.78721177516731
2030,sc01,09-07 23:00:00+01:00,-77.21278822483269
2030,sc01,09-08 01:00:00+01:00,-77.21278822483269
2030,sc01,09-08 03:00:00+01:00,-77.21278822483269
2030,sc01,09-08 05:00:00+01:00,-77.21278822483269
2030,sc01,09-08 07:00:00+01:00,122.78721177516731
2030,sc01,09-08 09:00:00+01:00,122.78721177516731
2030,sc01,09-08 11:00:00+01:00,122.78721177516731
2030,sc01,09-08 13:00:00+01:00,122.78721177516731
2030,sc01,09-08 15:00:00+01:00,47.15968380148179
2030,sc01,09-08 17:00:00+01:00,122.78721177516731
2030,sc01,09-08 19:00:00+01:00,122.78721177516731
2030,sc01,09-08 21:00:00+01:00,122.78721177516731
2030,sc01,09-08 23:00:00+01:00,58.096192241009376
2030,sc01,09-09 01:00:00+01:00,-77.21278822483269
2030,sc01,09-09 03:00:00+01:00,-77.21278822483269
2030,sc01,09-09 05:00:00+01:00,37.26492871853968
2030,sc01,09-09 07:00:00+01:00,122.78721177516731
2030,sc01,09-09 09:00:00+01:00,122.78721177516731
2030,sc01,09-09 11:00:00+01:00,122.78721177516731
2030,sc01,09-09 13:00:00+01:00,122.78721177516731
2030,sc01,09-09 15:00:00+01:00,95.35379622673737
2030,sc01,09-09 17:00:00+01:00,122.78721177516731
2030,sc01,09-09 19:00:00+01:00,122.78721177516731
2030,sc01,09-09 21:00:00+01:00,122.78721177516731
2030,sc01,09-09 23:00:00+01:00,105.4350230250051
2030,sc01,09-10 01:00:00+01:00,-77.21278822483269
2030,sc01,09-10 03:00:00+01:00,-77.21278822483269
2030,sc01,09-10 05:00:00+01:00,16.807669666170554
2030,sc01,09-10 07:00:00+01:00,122.78721177516731
2030,sc01,09-10 09:00:00+01:00,122.78721177516731
2030,sc01,09-10 11:00:00+01:00,122.78721177516731
2030,sc01,09-10 13:00:00+01:00,122.78721177516731
2030,sc01,09-10 15:00:00+01:00,122.78721177516731
2030,sc01,09-10 17:00:00+01:00,122.78721177516731
2030,sc01,09-10 19:00:00+01:00,122.78721177516731
2030,sc01,09-10 21:00:00+01:00,122.78721177516731
2030,sc01,09-10 23:00:00+01:00,56.152487446526735
2030,sc01,09-11 01:00:00+01:00,-60.529708522541256
2030,sc01,09-11 03:00:00+01:00,-77.21278822483269
2030,sc01,09-11 05:00:00+01:00,31.873411958849005
2030,sc01,09-11 07:00:00+01:00,122.78721177516731
2030,sc01,09-11 09:00:00+01:00,122.78721177516731
2030,sc01,09-11 11:00:00+01:00,122.78721177516731
2030,sc01,09-11 13:00:00+01:00,122.78721177516731
2030,sc01,09-11 15:00:00+01:00,86.52458683088106
2030,sc01,09-11 17:00:00+01:00,122.78721177516731
2030,sc01,09-11 19:00:00+01:00,122.78721177516731
2030,sc01,09-11 21:00:00+01:00,122.78721177516731
2030,sc01,09-11 23:00:00+01:00,111.11687680389623
2030,sc01,09-12 01:00:00+01:00,-44.21892365072203
2030,sc01,09-12 03:00:00+01:00,-77.21278822483269
2030,sc01,09-12 05:00:00+01:00,45.60115054481051
2030,sc01,09-12 07:00:00+01:00,122.78721177516731
2030,sc01,09-12 09:00:00+01:00,122.78721177516731
2030,sc01,09-12 11:00:00+01:00,122.78721177516731
2030,sc01,09-12 13:00:00+01:00,122.78721177516731
2030,sc01,09-12 15:00:00+01:00,122.78721177516731
2030,sc01,09-12 17:00:00+01:00,122.78721177516731
2030,sc01,09-12 19:00:00+01:00,122.78721177516731
2030,sc01,09-12 21:00:00+01:00,122.78721177516731
2030,sc01,09-12 23:00:00+01:00,111.82006010866375
2030,sc01,09-13 01:00:00+01:00,-39.76382105404016
2030,sc01,09-13 03:00:00+01:00,-77.21278822483269
2030,sc01,09-13 05:00:00+01:00,44.35665651385479
2030,sc01,09-13 07:00:00+01:00,122.78721177516731
2030,sc01,09-13 09:00:00+01:00,122.78721177516731
2030,sc01,09-13 11:00:00+01:00,122.78721177516731
2030,sc01,09-13 13:00:00+01:00,122.78721177516731
2030,sc01,09-13 15:00:00+01:00,122.78721177516731
2030,sc01,09-13 17:00:00+01:00,122.78721177516731
2030,sc01,09-13 19:00:00+01:00,122.78721177516731
2030,sc01,09-13 21:00:00+01:00,122.78721177516731
2030,sc01,09-13 23:00:00+01:00,111.88971505860344
2030,sc01,09-14 01:00:00+01:00,-39.9461581313039
2030,sc01,09-14 03:00:00+01:00,-77.21278822483269
2030,sc01,09-14 05:00:00+01:00,44.585643415586546
2030,sc01,09-14 07:00:00+01:00,122.78721177516731
2030,sc01,09-14 09:00:00+01:00,122.78721177516731
2030,sc01,09-14 11:00:00+01:00,122.78721177516731
2030,sc01,09-14 13:00:00+01:00,122.78721177516731
2030,sc01,09-14 15:00:00+01:00,65.9795255728407
2030,sc01,09-14 17:00:00+01:00,122.78721177516731
2030,sc01,09-14 19:00:00+01:00,122.78721177516731
2030,sc01,09-14 21:00:00+01:00,122.78721177516731
2030,sc01,09-14 23:00:00+01:00,104.98392430109443
2030,sc01,09-15 01:00:00+01:00,-40.4323903392483
2030,sc01,09-15 03:00:00+01:00,-77.21278822483269
2030,sc01,09-15 05:00:00+01:00,45.81354419256775
2030,sc01,09-15 07:00:00+01:00,122.78721177516731
2030,sc01,09-15 09:00:00+01:00,122.78721177516731
2030,sc01,09-15 11:00:00+01:00,122.78721177516731
2030,sc01,09-15 13:00:00+01:00,122.78721177516731
2030,sc01,09-15 15:00:00+01:00,49.08890508730212
2030,sc01,09-15 17:00:00+01:00,122.78721177516731
2030,sc01,09-15 19:00:00+01:00,122.78721177516731
2030,sc01,09-15 21:00:00+01:00,122.78721177516731
2030,sc01,09-15 23:00:00+01:00,91.31496958473768
2030,sc01,09-16 01:00:00+01:00,-77.21278822483269
2030,sc01,09-16 03:00:00+01:00,-77.21278822483269
2030,sc01,09-16 05:00:00+01:00,20.933050073046914
2030,sc01,09-16 07:00:00+01:00,122.78721177516731
2030,sc01,09-16 09:00:00+01:00,122.78721177516731
2030,sc01,09-16 11:00:00+01:00,122.78721177516731
2030,sc01,09-16 13:00:00+01:00,122.78721177516731
2030,sc01,09-16 15:00:00+01:00,40.37325281684251
2030,sc01,09-16 17:00:00+01:00,122.78721177516731
2030,sc01,09-16 19:00:00+01:00,122.78721177516731
2030,sc01,09-16 21:00:00+01:00,122.78721177516731
2030,sc01,09-16 23:00:00+01:00,66.01032132194361
2030,sc01,09-17 01:00:00+01:00,-77.21278822483269
2030,sc01,09-17 03:00:00+01:00,-77.21278822483269
2030,sc01,09-17 05:00:00+01:00,8.33164585297233
2030,sc01,09-17 07:00:00+01:00,122.78721177516731
2030,sc01,09-17 09:00:00+01:00,122.78721177516731
2030,sc01,09-17 11:00:00+01:00,122.78721177516731
2030,sc01,09-17 13:00:00+01:00,122.78721177516731
2030,sc01,09-17 15:00:00+01:00,29.640422849028624
2030,sc01,09-17 17:00:00+01:00,122.78721177516731
2030,sc01,09-17 19:00:00+01:00,122.78721177516731
2030,sc01,09-17 21:00:00+01:00,122.78721177516731
2030,sc01,09-17 23:00:00+01:00,79.2513956266974
2030,sc01,09-18 01:00:00+01:00,-56.035859431213595
2030,sc01,09-18 03:00:00+01:00,-77.21278822483269
2030,sc01,09-18 05:00:00+01:00,34.88190862679373
2030,sc01,09-18 07:00:00+01:00,122.78721177516731
2030,sc01,09-18 09:00:00+01:00,122.78721177516731
2030,sc01,09-18 11:00:00+01:00,122.78721177516731
2030,sc01,09-18 13:00:00+01:00,122.78721177516731
2030,sc01,09-18 15:00:00+01:00,122.78721177516731
2030,sc01,09-18 17:00:00+01:00,122.78721177516731
2030,sc01,09-18 19:00:00+01:00,122.78721177516731
2030,sc01,09-18 21:00:00+01:00,122.78721177516731
2030,sc01,09-18 23:00:00+01:00,111.72282892262736
2030,sc01,09-19 01:00:00+01:00,-39.76382105404016
2030,sc01,09-19 03:00:00+01:00,-77.21278822483269
2030,sc01,09-19 05:00:00+01:00,45.13322078895831
2030,sc01,09-19 07:00:00+01:00,122.78721177516731
2030,sc01,09-19 09:00:00+01:00,122.78721177516731
2030,sc01,09-19 11:00:00+01:00,122.78721177516731
2030,sc01,09-19 13:00:00+01:00,122.78721177516731
2030,sc01,09-19 15:00:00+01:00,122.78721177516731
2030,sc01,09-19 17:00:00+01:00,122.78721177516731
2030,sc01,09-19 19:00:00+01:00,122.78721177516731
2030,sc01,09-19 21:00:00+01:00,122.78721177516731
2030,sc01,09-19 23:00:00+01:00,108.15819987957143
2030,sc01,09-20 01:00:00+01:00,-40.572182097816
2030,sc01,09-20 03:00:00+01:00,-77.21278822483269
2030,sc01,09-20 05:00:00+01:00,38.127549059041
2030,sc01,09-20 07:00:00+01:00,122.78721177516731
2030,sc01,09-20 09:00:00+01:00,122.78721177516731
2030,sc01,09-20 11:00:00+01:00,122.78721177516731
2030,sc01,09-20 13:00:00+01:00,122.78721177516731
2030,sc01,09-20 15:00:00+01:00,-54.37456372991967
2030,sc01,09-20 17:00:00+01:00,122.78721177516731
2030,sc01,09-20 19:00:00+01:00,122.78721177516731
2030,sc01,09-20 21:00:00+01:00,122.78721177516731
2030,sc01,09-20 23:00:00+01:00,6.612167784168648
2030,sc01,09-21 01:00:00+01:00,-77.21278822483269
2030,sc01,09-21 03:00:00+01:00,-77.21278822483269
2030,sc01,09-21 05:00:00+01:00,-67.42501915173287
2030,sc01,09-21 07:00:00+01:00,122.78721177516731
2030,sc01,09-21 09:00:00+01:00,122.78721177516731
2030,sc01,09-21 11:00:00+01:00,122.78721177516731
2030,sc01,09-21 13:00:00+01:00,122.78721177516731
2030,sc01,09-21 15:00:00+01:00,35.588958953273945
2030,sc01,09-21 17:00:00+01:00,122.78721177516731
2030,sc01,09-21 19:00:00+01:00,122.78721177516731
2030,sc01,09-21 21:00:00+01:00,122.78721177516731
2030,sc01,09-21 23:00:00+01:00,49.46229534004637
2030,sc01,09-22 01:00:00+01:00,-71.86232191071794
2030,sc01,09-22 03:00:00+01:00,-77.21278822483269
2030,sc01,09-22 05:00:00+01:00,22.72215015243603
2030,sc01,09-22 07:00:00+01:00,122.78721177516731
2030,sc01,09-22 09:00:00+01:00,122.78721177516731
2030,sc01,09-22 11:00:00+01:00,122.78721177516731
2030,sc01,09-22 13:00:00+01:00,122.78721177516731
2030,sc01,09-22 15:00:00+01:00,38.54298015385973
2030,sc01,09-22 17:00:00+01:00,122.78721177516731
2030,sc01,09-22 19:00:00+01:00,122.78721177516731
2030,sc01,09-22 21:00:00+01:00,122.78721177516731
2030,sc01,09-22 23:00:00+01:00,80.9496496498653
2030,sc01,09-23 01:00:00+01:00,-77.21278822483269
2030,sc01,09-23 03:00:00+01:00,-77.21278822483269
2030,sc01,09-23 05:00:00+01:00,16.402294286853902
2030,sc01,09-23 07:00:00+01:00,122.78721177516731
2030,sc01,09-23 09:00:00+01:00,122.78721177516731
2030,sc01,09-23 11:00:00+01:00,122.78721177516731
2030,sc01,09-23 13:00:00+01:00,122.78721177516731
2030,sc01,09-23 15:00:00+01:00,25.49176190103944
2030,sc01,09-23 17:00:00+01:00,122.78721177516731
2030,sc01,09-23 19:00:00+01:00,122.78721177516731
2030,sc01,09-23 21:00:00+01:00,122.78721177516731
2030,sc01,09-23 23:00:00+01:00,75.08536623693426
2030,sc01,09-24 01:00:00+01:00,-77.21278822483269
2030,sc01,09-24 03:00:00+01:00,-77.21278822483269
2030,sc01,09-24 05:00:00+01:00,13.434781713124636
2030,sc01,09-24 07:00:00+01:00,122.78721177516731
2030,sc01,09-24 09:00:00+01:00,122.78721177516731
2030,sc01,09-24 11:00:00+01:00,122.78721177516731
2030,sc01,09-24 13:00:00+01:00,122.78721177516731
2030,sc01,09-24 15:00:00+01:00,35.783050411622
2030,sc01,09-24 17:00:00+01:00,122.78721177516731
2030,sc01,09-24 19:00:00+01:00,122.78721177516731
2030,sc01,09-24 21:00:00+01:00,122.78721177516731
2030,sc01,09-24 23:00:00+01:00,110.18151033231761
2030,sc01,09-25 01:00:00+01:00,-50.5095528253831
2030,sc01,09-25 03:00:00+01:00,-77.21278822483269
2030,sc01,09-25 05:00:00+01:00,33.849808243595874
2030,sc01,09-25 07:00:00+01:00,122.78721177516731
2030,sc01,09-25 09:00:00+01:00,122.78721177516731
2030,sc01,09-25 11:00:00+01:00,122.78721177516731
2030,sc01,09-25 13:00:00+01:00,122.78721177516731
2030,sc01,09-25 15:00:00+01:00,115.9345489457939
2030,sc01,09-25 17:00:00+01:00,122.78721177516731
2030,sc01,09-25 19:00:00+01:00,122.78721177516731
2030,sc01,09-25 21:00:00+01:00,122.78721177516731
2030,sc01,09-25 23:00:00+01:00,108.51974223949809
2030,sc01,09-26 01:00:00+01:00,-43.38625099530883
2030,sc01,09-26 03:00:00+01:00,-77.21278822483269
2030,sc01,09-26 05:00:00+01:00,31.214799549824917
2030,sc01,09-26 07:00:00+01:00,122.78721177516731
2030,sc01,09-26 09:00:00+01:00,122.78721177516731
2030,sc01,09-26 11:00:00+01:00,122.78721177516731
2030,sc01,09-26 13:00:00+01:00,122.78721177516731
2030,sc01,09-26 15:00:00+01:00,112.64788492235466
2030,sc01,09-26 17:00:00+01:00,122.78721177516731
2030,sc01,09-26 19:00:00+01:00,122.78721177516731
2030,sc01,09-26 21:00:00+01:00,122.78721177516731
2030,sc01,09-26 23:00:00+01:00,82.29962891969141
2030,sc01,09-27 01:00:00+01:00,-77.21278822483269
2030,sc01,09-27 03:00:00+01:00,-77.21278822483269
2030,sc01,09-27 05:00:00+01:00,-21.963874230202094
2030,sc01,09-27 07:00:00+01:00,122.78721177516731
2030,sc01,09-27 09:00:00+01:00,122.78721177516731
2030,sc01,09-27 11:00:00+01:00,122.78721177516731
2030,sc01,09-27 13:00:00+01:00,122.78721177516731
2030,sc01,09-27 15:00:00+01:00,31.593562622192195
2030,sc01,09-27 17:00:00+01:00,122.78721177516731
2030,sc01,09-27 19:00:00+01:00,122.78721177516731
2030,sc01,09-27 21:00:00+01:00,122.78721177516731
2030,sc01,09-27 23:00:00+01:00,106.54286841969828
2030,sc01,09-28 01:00:00+01:00,-60.07664372634509
2030,sc01,09-28 03:00:00+01:00,-77.21278822483269
2030,sc01,09-28 05:00:00+01:00,43.629872000674354
2030,sc01,09-28 07:00:00+01:00,122.78721177516731
2030,sc01,09-28 09:00:00+01:00,122.78721177516731
2030,sc01,09-28 11:00:00+01:00,122.78721177516731
2030,sc01,09-28 13:00:00+01:00,122.78721177516731
2030,sc01,09-28 15:00:00+01:00,-12.657403953850292
2030,sc01,09-28 17:00:00+01:00,122.78721177516731
2030,sc01,09-28 19:00:00+01:00,122.78721177516731
2030,sc01,09-28 21:00:00+01:00,122.78721177516731
2030,sc01,09-28 23:00:00+01:00,32.68973854030824
2030,sc01,09-29 01:00:00+01:00,-77.21278822483269
2030,sc01,09-29 03:00:00+01:00,-77.21278822483269
2030,sc01,09-29 05:00:00+01:00,37.201645500243814
2030,sc01,09-29 07:00:00+01:00,122.78721177516731
2030,sc01,09-29 09:00:00+01:00,122.78721177516731
2030,sc01,09-29 11:00:00+01:00,122.78721177516731
2030,sc01,09-29 13:00:00+01:00,122.78721177516731
2030,sc01,09-29 15:00:00+01:00,49.936724116282136
2030,sc01,09-29 17:00:00+01:00,122.78721177516731
2030,sc01,09-29 19:00:00+01:00,122.78721177516731
2030,sc01,09-29 21:00:00+01:00,122.78721177516731
2030,sc01,09-29 23:00:00+01:00,110.47339774178472
2030,sc01,09-30 01:00:00+01:00,-40.006937157058495
2030,sc01,09-30 03:00:00+01:00,-77.21278822483269
2030,sc01,09-30 05:00:00+01:00,45.79031363752418
2030,sc01,09-30 07:00:00+01:00,122.78721177516731
2030,sc01,09-30 09:00:00+01:00,122.78721177516731
2030,sc01,09-30 11:00:00+01:00,122.78721177516731
2030,sc01,09-30 13:00:00+01:00,122.78721177516731
2030,sc01,09-30 15:00:00+01:00,95.53727253004759
2030,sc01,09-30 17:00:00+01:00,122.78721177516731
2030,sc01,09-30 19:00:00+01:00,122.78721177516731
2030,sc01,09-30 21:00:00+01:00,122.78721177516731
2030,sc01,09-30 23:00:00+01:00,111.88971505860322
2030,sc01,10-01 01:00:00+01:00,-9.039954635956946
2030,sc01,10-01 03:00:00+01:00,-46.47524680330204
2030,sc01,10-01 05:00:00+01:00,97.25081987471545
2030,sc01,10-01 07:00:00+01:00,122.78721177516731
2030,sc01,10-01 09:00:00+01:00,122.78721177516731
2030,sc01,10-01 11:00:00+01:00,122.78721177516731
2030,sc01,10-01 13:00:00+01:00,122.78721177516731
2030,sc01,10-01 15:00:00+01:00,122.78721177516731
2030,sc01,10-01 17:00:00+01:00,122.78721177516731
2030,sc01,10-01 19:00:00+01:00,122.78721177516731
2030,sc01,10-01 21:00:00+01:00,122.78721177516731
2030,sc01,10-01 23:00:00+01:00,122.78721177516731
2030,sc01,10-02 01:00:00+01:00,-4.040202427262372
2030,sc01,10-02 03:00:00+01:00,-77.21278822483269
2030,sc01,10-02 05:00:00+01:00,73.57808757821515
2030,sc01,10-02 07:00:00+01:00,122.78721177516731
2030,sc01,10-02 09:00:00+01:00,122.78721177516731
2030,sc01,10-02 11:00:00+01:00,122.78721177516731
2030,sc01,10-02 13:00:00+01:00,122.78721177516731
2030,sc01,10-02 15:00:00+01:00,117.44958136498768
2030,sc01,10-02 17:00:00+01:00,122.78721177516731
2030,sc01,10-02 19:00:00+01:00,122.78721177516731
2030,sc01,10-02 21:00:00+01:00,122.78721177516731
2030,sc01,10-02 23:00:00+01:00,122.78721177516731
2030,sc01,10-03 01:00:00+01:00,-7.298834812081807
2030,sc01,10-03 03:00:00+01:00,-48.162996159646625
2030,sc01,10-03 05:00:00+01:00,97.05512263409376
2030,sc01,10-03 07:00:00+01:00,122.78721177516731
2030,sc01,10-03 09:00:00+01:00,122.78721177516731
2030,sc01,10-03 11:00:00+01:00,122.78721177516731
2030,sc01,10-03 13:00:00+01:00,122.78721177516731
2030,sc01,10-03 15:00:00+01:00,122.78721177516731
2030,sc01,10-03 17:00:00+01:00,122.78721177516731
2030,sc01,10-03 19:00:00+01:00,122.78721177516731
2030,sc01,10-03 21:00:00+01:00,122.78721177516731
2030,sc01,10-03 23:00:00+01:00,122.78721177516731
2030,sc01,10-04 01:00:00+01:00,10.662243929384047
2030,sc01,10-04 03:00:00+01:00,-77.21278822483269
2030,sc01,10-04 05:00:00+01:00,63.57430999910379
2030,sc01,10-04 07:00:00+01:00,122.78721177516731
2030,sc01,10-04 09:00:00+01:00,122.78721177516731
2030,sc01,10-04 11:00:00+01:00,122.78721177516731
2030,sc01,10-04 13:00:00+01:00,122.78721177516731
2030,sc01,10-04 15:00:00+01:00,77.40534826684849
2030,sc01,10-04 17:00:00+01:00,122.78721177516731
2030,sc01,10-04 19:00:00+01:00,122.78721177516731
2030,sc01,10-04 21:00:00+01:00,122.78721177516731
2030,sc01,10-04 23:00:00+01:00,122.78721177516731
2030,sc01,10-05 01:00:00+01:00,-73.22822735228144
2030,sc01,10-05 03:00:00+01:00,-62.77695369624165
2030,sc01,10-05 05:00:00+01:00,29.896524291364116
2030,sc01,10-05 07:00:00+01:00,122.78721177516731
2030,sc01,10-05 09:00:00+01:00,122.78721177516731
2030,sc01,10-05 11:00:00+01:00,122.78721177516731
2030,sc01,10-05 13:00:00+01:00,122.78721177516731
2030,sc01,10-05 15:00:00+01:00,98.54665421396321
2030,sc01,10-05 17:00:00+01:00,122.78721177516731
2030,sc01,10-05 19:00:00+01:00,122.78721177516731
2030,sc01,10-05 21:00:00+01:00,122.78721177516731
2030,sc01,10-05 23:00:00+01:00,119.03874490539594
2030,sc01,10-06 01:00:00+01:00,-42.63072565606272
2030,sc01,10-06 03:00:00+01:00,-77.21278822483269
2030,sc01,10-06 05:00:00+01:00,72.1551364570605
2030,sc01,10-06 07:00:00+01:00,122.78721177516731
2030,sc01,10-06 09:00:00+01:00,122.78721177516731
2030,sc01,10-06 11:00:00+01:00,122.78721177516731
2030,sc01,10-06 13:00:00+01:00,122.78721177516731
2030,sc01,10-06 15:00:00+01:00,105.33053612589156
2030,sc01,10-06 17:00:00+01:00,122.78721177516731
2030,sc01,10-06 19:00:00+01:00,122.78721177516731
2030,sc01,10-06 21:00:00+01:00,122.78721177516731
2030,sc01,10-06 23:00:00+01:00,122.78721177516731
2030,sc01,10-07 01:00:00+01:00,-9.128945204759972
2030,sc01,10-07 03:00:00+01:00,-48.49728080177374
2030,sc01,10-07 05:00:00+01:00,94.30209365767887
2030,sc01,10-07 07:00:00+01:00,122.78721177516731
2030,sc01,10-07 09:00:00+01:00,122.78721177516731
2030,sc01,10-07 11:00:00+01:00,122.78721177516731
2030,sc01,10-07 13:00:00+01:00,122.78721177516731
2030,sc01,10-07 15:00:00+01:00,122.78721177516731
2030,sc01,10-07 17:00:00+01:00,122.78721177516731
2030,sc01,10-07 19:00:00+01:00,122.78721177516731
2030,sc01,10-07 21:00:00+01:00,122.78721177516731
2030,sc01,10-07 23:00:00+01:00,122.78721177516731
2030,sc01,10-08 01:00:00+01:00,7.3072417084938905
2030,sc01,10-08 03:00:00+01:00,-77.21278822483269
2030,sc01,10-08 05:00:00+01:00,69.46181172746718
2030,sc01,10-08 07:00:00+01:00,122.78721177516731
2030,sc01,10-08 09:00:00+01:00,122.78721177516731
2030,sc01,10-08 11:00:00+01:00,122.78721177516731
2030,sc01,10-08 13:00:00+01:00,122.78721177516731
2030,sc01,10-08 15:00:00+01:00,122.78721177516731
2030,sc01,10-08 17:00:00+01:00,122.78721177516731
2030,sc01,10-08 19:00:00+01:00,122.78721177516731
2030,sc01,10-08 21:00:00+01:00,122.78721177516731
2030,sc01,10-08 23:00:00+01:00,122.78721177516731
2030,sc01,10-09 01:00:00+01:00,-17.186705714480695
2030,sc01,10-09 03:00:00+01:00,-71.23047222955232
2030,sc01,10-09 05:00:00+01:00,26.857159266600448
2030,sc01,10-09 07:00:00+01:00,122.78721177516731
2030,sc01,10-09 09:00:00+01:00,122.78721177516731
2030,sc01,10-09 11:00:00+01:00,122.78721177516731
2030,sc01,10-09 13:00:00+01:00,122.78721177516731
2030,sc01,10-09 15:00:00+01:00,104.4837734710441
2030,sc01,10-09 17:00:00+01:00,122.78721177516731
2030,sc01,10-09 19:00:00+01:00,122.78721177516731
2030,sc01,10-09 21:00:00+01:00,122.78721177516731
2030,sc01,10-09 23:00:00+01:00,122.78721177516731
2030,sc01,10-10 01:00:00+01:00,-8.38590277396115
2030,sc01,10-10 03:00:00+01:00,-75.31313424196624
2030,sc01,10-10 05:00:00+01:00,51.19432472488664
2030,sc01,10-10 07:00:00+01:00,122.78721177516731
2030,sc01,10-10 09:00:00+01:00,122.78721177516731
2030,sc01,10-10 11:00:00+01:00,122.78721177516731
2030,sc01,10-10 13:00:00+01:00,122.78721177516731
2030,sc01,10-10 15:00:00+01:00,82.15286931748328
2030,sc01,10-10 17:00:00+01:00,122.78721177516731
2030,sc01,10-10 19:00:00+01:00,122.78721177516731
2030,sc01,10-10 21:00:00+01:00,122.78721177516731
2030,sc01,10-10 23:00:00+01:00,109.19682882363723
2030,sc01,10-11 01:00:00+01:00,-36.66635315584211
2030,sc01,10-11 03:00:00+01:00,-77.21278822483269
2030,sc01,10-11 05:00:00+01:00,46.72896117111988
2030,sc01,10-11 07:00:00+01:00,122.78721177516731
2030,sc01,10-11 09:00:00+01:00,122.78721177516731
2030,sc01,10-11 11:00:00+01:00,122.78721177516731
2030,sc01,10-11 13:00:00+01:00,122.78721177516731
2030,sc01,10-11 15:00:00+01:00,73.61354217500467
2030,sc01,10-11 17:00:00+01:00,122.78721177516731
2030,sc01,10-11 19:00:00+01:00,122.78721177516731
2030,sc01,10-11 21:00:00+01:00,122.78721177516731
2030,sc01,10-11 23:00:00+01:00,122.78721177516731
2030,sc01,10-12 01:00:00+01:00,3.67408923233738
2030,sc01,10-12 03:00:00+01:00,-77.21278822483269
2030,sc01,10-12 05:00:00+01:00,63.61411282407157
2030,sc01,10-12 07:00:00+01:00,122.78721177516731
2030,sc01,10-12 09:00:00+01:00,122.78721177516731
2030,sc01,10-12 11:00:00+01:00,122.78721177516731
2030,sc01,10-12 13:00:00+01:00,122.78721177516731
2030,sc01,10-12 15:00:00+01:00,97.36171873963887
2030,sc01,10-12 17:00:00+01:00,122.78721177516731
2030,sc01,10-12 19:00:00+01:00,122.78721177516731
2030,sc01,10-12 21:00:00+01:00,122.78721177516731
2030,sc01,10-12 23:00:00+01:00,122.78721177516731
2030,sc01,10-13 01:00:00+01:00,-8.130630860832113
2030,sc01,10-13 03:00:00+01:00,-77.21278822483269
2030,sc01,10-13 05:00:00+01:00,66.58605736071051
2030,sc01,10-13 07:00:00+01:00,122.78721177516731
2030,sc01,10-13 09:00:00+01:00,122.78721177516731
2030,sc01,10-13 11:00:00+01:00,122.78721177516731
2030,sc01,10-13 13:00:00+01:00,122.78721177516731
2030,sc01,10-13 15:00:00+01:00,58.11087353575324
2030,sc01,10-13 17:00:00+01:00,122.78721177516731
2030,sc01,10-13 19:00:00+01:00,122.78721177516731
2030,sc01,10-13 21:00:00+01:00,122.78721177516731
2030,sc01,10-13 23:00:00+01:00,91.97679168928708
2030,sc01,10-14 01:00:00+01:00,-67.60614511621463
2030,sc01,10-14 03:00:00+01:00,-77.21278822483269
2030,sc01,10-14 05:00:00+01:00,57.103033455970504
2030,sc01,10-14 07:00:00+01:00,122.78721177516731
2030,sc01,10-14 09:00:00+01:00,122.78721177516731
2030,sc01,10-14 11:00:00+01:00,122.78721177516731
2030,sc01,10-14 13:00:00+01:00,122.78721177516731
2030,sc01,10-14 15:00:00+01:00,62.500400118812635
2030,sc01,10-14 17:00:00+01:00,122.78721177516731
2030,sc01,10-14 19:00:00+01:00,122.78721177516731
2030,sc01,10-14 21:00:00+01:00,122.78721177516731
2030,sc01,10-14 23:00:00+01:00,122.78721177516731
2030,sc01,10-15 01:00:00+01:00,13.012281303162283
2030,sc01,10-15 03:00:00+01:00,-64.75045736806237
2030,sc01,10-15 05:00:00+01:00,99.02761804117368
2030,sc01,10-15 07:00:00+01:00,122.78721177516731
2030,sc01,10-15 09:00:00+01:00,122.78721177516731
2030,sc01,10-15 11:00:00+01:00,122.78721177516731
2030,sc01,10-15 13:00:00+01:00,122.78721177516731
2030,sc01,10-15 15:00:00+01:00,115.62308584287989
2030,sc01,10-15 17:00:00+01:00,122.78721177516731
2030,sc01,10-15 19:00:00+01:00,122.78721177516731
2030,sc01,10-15 21:00:00+01:00,122.78721177516731
2030,sc01,10-15 23:00:00+01:00,122.78721177516731
2030,sc01,10-16 01:00:00+01:00,5.987735060166614
2030,sc01,10-16 03:00:00+01:00,-57.44754888820184
2030,sc01,10-16 05:00:00+01:00,95.85218834357151
2030,sc01,10-16 07:00:00+01:00,122.78721177516731
2030,sc01,10-16 09:00:00+01:00,122.78721177516731
2030,sc01,10-16 11:00:00+01:00,122.78721177516731
2030,sc01,10-16 13:00:00+01:00,122.78721177516731
2030,sc01,10-16 15:00:00+01:00,122.78721177516731
2030,sc01,10-16 17:00:00+01:00,122.78721177516731
2030,sc01,10-16 19:00:00+01:00,122.78721177516731
2030,sc01,10-16 21:00:00+01:00,122.78721177516731
2030,sc01,10-16 23:00:00+01:00,122.78721177516731
2030,sc01,10-17 01:00:00+01:00,-11.164486911694567
2030,sc01,10-17 03:00:00+01:00,-77.21278822483269
2030,sc01,10-17 05:00:00+01:00,73.55343683044087
2030,sc01,10-17 07:00:00+01:00,122.78721177516731
2030,sc01,10-17 09:00:00+01:00,122.78721177516731
2030,sc01,10-17 11:00:00+01:00,122.78721177516731
2030,sc01,10-17 13:00:00+01:00,122.78721177516731
2030,sc01,10-17 15:00:00+01:00,116.61497913083265
2030,sc01,10-17 17:00:00+01:00,122.78721177516731
2030,sc01,10-17 19:00:00+01:00,122.78721177516731
2030,sc01,10-17 21:00:00+01:00,122.78721177516731
2030,sc01,10-17 23:00:00+01:00,90.45639863231709
2030,sc01,10-18 01:00:00+01:00,-77.21278822483269
2030,sc01,10-18 03:00:00+01:00,-77.21278822483269
2030,sc01,10-18 05:00:00+01:00,11.661224099916836
2030,sc01,10-18 07:00:00+01:00,122.78721177516731
2030,sc01,10-18 09:00:00+01:00,122.78721177516731
2030,sc01,10-18 11:00:00+01:00,122.78721177516731
2030,sc01,10-18 13:00:00+01:00,107.36343652744021
2030,sc01,10-18 15:00:00+01:00,-39.56600436522294
2030,sc01,10-18 17:00:00+01:00,122.78721177516731
2030,sc01,10-18 19:00:00+01:00,122.78721177516731
2030,sc01,10-18 21:00:00+01:00,122.78721177516731
2030,sc01,10-18 23:00:00+01:00,-22.79934125810866
2030,sc01,10-19 01:00:00+01:00,-77.21278822483269
2030,sc01,10-19 03:00:00+01:00,-77.21278822483269
2030,sc01,10-19 05:00:00+01:00,-5.8597242491435395
2030,sc01,10-19 07:00:00+01:00,122.78721177516731
2030,sc01,10-19 09:00:00+01:00,122.78721177516731
2030,sc01,10-19 11:00:00+01:00,122.78721177516731
2030,sc01,10-19 13:00:00+01:00,122.78721177516731
2030,sc01,10-19 15:00:00+01:00,84.4613292590087
2030,sc01,10-19 17:00:00+01:00,122.78721177516731
2030,sc01,10-19 19:00:00+01:00,122.78721177516731
2030,sc01,10-19 21:00:00+01:00,122.78721177516731
2030,sc01,10-19 23:00:00+01:00,122.78721177516731
2030,sc01,10-20 01:00:00+01:00,-8.57607433149414
2030,sc01,10-20 03:00:00+01:00,-64.031880792359
2030,sc01,10-20 05:00:00+01:00,92.80455324042408
2030,sc01,10-20 07:00:00+01:00,122.78721177516731
2030,sc01,10-20 09:00:00+01:00,122.78721177516731
2030,sc01,10-20 11:00:00+01:00,122.78721177516731
2030,sc01,10-20 13:00:00+01:00,122.78721177516731
2030,sc01,10-20 15:00:00+01:00,122.78721177516731
2030,sc01,10-20 17:00:00+01:00,122.78721177516731
2030,sc01,10-20 19:00:00+01:00,122.78721177516731
2030,sc01,10-20 21:00:00+01:00,122.78721177516731
2030,sc01,10-20 23:00:00+01:00,122.78721177516731
2030,sc01,10-21 01:00:00+01:00,21.275245753039982
2030,sc01,10-21 03:00:00+01:00,-26.137001874648888
2030,sc01,10-21 05:00:00+01:00,119.52256168901035
2030,sc01,10-21 07:00:00+01:00,122.78721177516731
2030,sc01,10-21 09:00:00+01:00,122.78721177516731
2030,sc01,10-21 11:00:00+01:00,122.78721177516731
2030,sc01,10-21 13:00:00+01:00,122.78721177516731
2030,sc01,10-21 15:00:00+01:00,122.78721177516731
2030,sc01,10-21 17:00:00+01:00,122.78721177516731
2030,sc01,10-21 19:00:00+01:00,122.78721177516731
2030,sc01,10-21 21:00:00+01:00,122.78721177516731
2030,sc01,10-21 23:00:00+01:00,122.78721177516731
2030,sc01,10-22 01:00:00+01:00,-32.64007379935229
2030,sc01,10-22 03:00:00+01:00,-77.21278822483269
2030,sc01,10-22 05:00:00+01:00,30.01591408709686
2030,sc01,10-22 07:00:00+01:00,122.78721177516731
2030,sc01,10-22 09:00:00+01:00,122.78721177516731
2030,sc01,10-22 11:00:00+01:00,122.78721177516731
2030,sc01,10-22 13:00:00+01:00,122.78721177516731
2030,sc01,10-22 15:00:00+01:00,87.55466679169398
2030,sc01,10-22 17:00:00+01:00,122.78721177516731
2030,sc01,10-22 19:00:00+01:00,122.78721177516731
2030,sc01,10-22 21:00:00+01:00,122.78721177516731
2030,sc01,10-22 23:00:00+01:00,100.04003621232131
2030,sc01,10-23 01:00:00+01:00,-26.544987467901464
2030,sc01,10-23 03:00:00+01:00,-68.76315672275888
2030,sc01,10-23 05:00:00+01:00,102.20134121599612
2030,sc01,10-23 07:00:00+01:00,122.78721177516731
2030,sc01,10-23 09:00:00+01:00,122.78721177516731
2030,sc01,10-23 11:00:00+01:00,122.78721177516731
2030,sc01,10-23 13:00:00+01:00,122.78721177516731
2030,sc01,10-23 15:00:00+01:00,122.78721177516731
2030,sc01,10-23 17:00:00+01:00,122.78721177516731
2030,sc01,10-23 19:00:00+01:00,122.78721177516731
2030,sc01,10-23 21:00:00+01:00,122.78721177516731
2030,sc01,10-23 23:00:00+01:00,122.78721177516731
2030,sc01,10-24 01:00:00+01:00,32.52595756165374
2030,sc01,10-24 03:00:00+01:00,-50.7795616071585
2030,sc01,10-24 05:00:00+01:00,109.70528323499802
2030,sc01,10-24 07:00:00+01:00,122.78721177516731
2030,sc01,10-24 09:00:00+01:00,122.78721177516731
2030,sc01,10-24 11:00:00+01:00,122.78721177516731
2030,sc01,10-24 13:00:00+01:00,122.78721177516731
2030,sc01,10-24 15:00:00+01:00,114.9166632044146
2030,sc01,10-24 17:00:00+01:00,122.78721177516731
2030,sc01,10-24 19:00:00+01:00,122.78721177516731
2030,sc01,10-24 21:00:00+01:00,122.78721177516731
2030,sc01,10-24 23:00:00+01:00,122.30295366787031
2030,sc01,10-25 01:00:00+01:00,-30.41422090394194
2030,sc01,10-25 03:00:00+01:00,-35.86168041951315
2030,sc01,10-25 05:00:00+01:00,76.85894451559325
2030,sc01,10-25 07:00:00+01:00,122.78721177516731
2030,sc01,10-25 09:00:00+01:00,122.78721177516731
2030,sc01,10-25 11:00:00+01:00,122.78721177516731
2030,sc01,10-25 13:00:00+01:00,122.78721177516731
2030,sc01,10-25 15:00:00+01:00,86.06196903751258
2030,sc01,10-25 17:00:00+01:00,122.78721177516731
2030,sc01,10-25 19:00:00+01:00,122.78721177516731
2030,sc01,10-25 21:00:00+01:00,122.78721177516731
2030,sc01,10-25 23:00:00+01:00,122.78721177516731
2030,sc01,10-26 01:00:00+01:00,48.051050335267234
2030,sc01,10-26 03:00:00+01:00,-7.303782014764195
2030,sc01,10-26 05:00:00+01:00,122.78721177516731
2030,sc01,10-26 07:00:00+01:00,122.78721177516731
2030,sc01,10-26 09:00:00+01:00,122.78721177516731
2030,sc01,10-26 11:00:00+01:00,122.78721177516731
2030,sc01,10-26 13:00:00+01:00,122.78721177516731
2030,sc01,10-26 15:00:00+01:00,122.78721177516731
2030,sc01,10-26 17:00:00+01:00,122.78721177516731
2030,sc01,10-26 19:00:00+01:00,122.78721177516731
2030,sc01,10-26 21:00:00+01:00,122.78721177516731
2030,sc01,10-26 23:00:00+01:00,122.78721177516731
2030,sc01,10-27 01:00:00+01:00,44.976107322428206
2030,sc01,10-27 03:00:00+01:00,-16.176278623926137
2030,sc01,10-27 05:00:00+01:00,122.78721177516731
2030,sc01,10-27 07:00:00+01:00,122.78721177516731
2030,sc01,10-27 09:00:00+01:00,122.78721177516731
2030,sc01,10-27 11:00:00+01:00,122.78721177516731
2030,sc01,10-27 13:00:00+01:00,122.78721177516731
2030,sc01,10-27 15:00:00+01:00,121.27194742512908
2030,sc01,10-27 17:00:00+01:00,122.78721177516731
2030,sc01,10-27 19:00:00+01:00,122.78721177516731
2030,sc01,10-27 21:00:00+01:00,122.78721177516731
2030,sc01,10-27 23:00:00+01:00,122.78721177516731
2030,sc01,10-28 01:00:00+01:00,31.382751465495843
2030,sc01,10-28 03:00:00+01:00,-54.73377605246543
2030,sc01,10-28 05:00:00+01:00,113.3717609138592
2030,sc01,10-28 07:00:00+01:00,122.78721177516731
2030,sc01,10-28 09:00:00+01:00,122.78721177516731
2030,sc01,10-28 11:00:00+01:00,122.78721177516731
2030,sc01,10-28 13:00:00+01:00,122.78721177516731
2030,sc01,10-28 15:00:00+01:00,99.31713387400849
2030,sc01,10-28 17:00:00+01:00,122.78721177516731
2030,sc01,10-28 19:00:00+01:00,122.78721177516731
2030,sc01,10-28 21:00:00+01:00,122.78721177516731
2030,sc01,10-28 23:00:00+01:00,122.1689785276282
2030,sc01,10-29 01:00:00+01:00,-11.522889989098061
2030,sc01,10-29 03:00:00+01:00,-30.070752699878952
2030,sc01,10-29 05:00:00+01:00,83.18978599853644
2030,sc01,10-29 07:00:00+01:00,122.78721177516731
2030,sc01,10-29 09:00:00+01:00,122.78721177516731
2030,sc01,10-29 11:00:00+01:00,122.78721177516731
2030,sc01,10-29 13:00:00+01:00,122.78721177516731
2030,sc01,10-29 15:00:00+01:00,122.78721177516731
2030,sc01,10-29 17:00:00+01:00,122.78721177516731
2030,sc01,10-29 19:00:00+01:00,122.78721177516731
2030,sc01,10-29 21:00:00+01:00,122.78721177516731
2030,sc01,10-29 23:00:00+01:00,106.10749468120697
2030,sc01,10-30 01:00:00+01:00,-57.063434227178426
2030,sc01,10-30 03:00:00+01:00,-48.70020638256861
2030,sc01,10-30 05:00:00+01:00,28.907997096338747
2030,sc01,10-30 07:00:00+01:00,122.78721177516731
2030,sc01,10-30 09:00:00+01:00,122.78721177516731
2030,sc01,10-30 11:00:00+01:00,122.78721177516731
2030,sc01,10-30 13:00:00+01:00,122.78721177516731
2030,sc01,10-30 15:00:00+01:00,122.78721177516731
2030,sc01,10-30 17:00:00+01:00,122.78721177516731
2030,sc01,10-30 19:00:00+01:00,122.78721177516731
2030,sc01,10-30 21:00:00+01:00,122.78721177516731
2030,sc01,10-30 23:00:00+01:00,96.1883016819299
2030,sc01,10-31 01:00:00+01:00,-46.44278092345277
2030,sc01,10-31 03:00:00+01:00,-61.89338470825547
2030,sc01,10-31 05:00:00+01:00,-19.387617556711362
2030,sc01,10-31 07:00:00+01:00,122.78721177516731
2030,sc01,10-31 09:00:00+01:00,122.78721177516731
2030,sc01,10-31 11:00:00+01:00,122.78721177516731
2030,sc01,10-31 13:00:00+01:00,122.78721177516731
2030,sc01,10-31 15:00:00+01:00,122.78721177516731
2030,sc01,10-31 17:00:00+01:00,122.78721177516731
2030,sc01,10-31 19:00:00+01:00,122.78721177516731
2030,sc01,10-31 21:00:00+01:00,122.78721177516731
2030,sc01,10-31 23:00:00+01:00,69.13969005947432
2030,sc01,11-01 01:00:00+01:00,-71.62073614085868
2030,sc01,11-01 03:00:00+01:00,-77.21278822483269
2030,sc01,11-01 05:00:00+01:00,4.029701946297905
2030,sc01,11-01 07:00:00+01:00,122.78721177516731
2030,sc01,11-01 09:00:00+01:00,122.78721177516731
2030,sc01,11-01 11:00:00+01:00,122.78721177516731
2030,sc01,11-01 13:00:00+01:00,122.78721177516731
2030,sc01,11-01 15:00:00+01:00,64.95994428090405
2030,sc01,11-01 17:00:00+01:00,122.78721177516731
2030,sc01,11-01 19:00:00+01:00,122.78721177516731
2030,sc01,11-01 21:00:00+01:00,122.78721177516731
2030,sc01,11-01 23:00:00+01:00,104.1467372460959
2030,sc01,11-02 01:00:00+01:00,-48.71796424134351
2030,sc01,11-02 03:00:00+01:00,-77.21278822483269
2030,sc01,11-02 05:00:00+01:00,69.9360963769469
2030,sc01,11-02 07:00:00+01:00,122.78721177516731
2030,sc01,11-02 09:00:00+01:00,122.78721177516731
2030,sc01,11-02 11:00:00+01:00,122.78721177516731
2030,sc01,11-02 13:00:00+01:00,122.78721177516731
2030,sc01,11-02 15:00:00+01:00,52.2557653742267
2030,sc01,11-02 17:00:00+01:00,122.78721177516731
2030,sc01,11-02 19:00:00+01:00,122.78721177516731
2030,sc01,11-02 21:00:00+01:00,122.78721177516731
2030,sc01,11-02 23:00:00+01:00,52.05540367196578
2030,sc01,11-03 01:00:00+01:00,-77.21278822483269
2030,sc01,11-03 03:00:00+01:00,-77.21278822483269
2030,sc01,11-03 05:00:00+01:00,-77.21278822483269
2030,sc01,11-03 07:00:00+01:00,122.78721177516731
2030,sc01,11-03 09:00:00+01:00,122.78721177516731
2030,sc01,11-03 11:00:00+01:00,122.78721177516731
2030,sc01,11-03 13:00:00+01:00,122.78721177516731
2030,sc01,11-03 15:00:00+01:00,2.3264001756141255
2030,sc01,11-03 17:00:00+01:00,122.78721177516731
2030,sc01,11-03 19:00:00+01:00,122.78721177516731
2030,sc01,11-03 21:00:00+01:00,122.78721177516731
2030,sc01,11-03 23:00:00+01:00,-25.717308448433535
2030,sc01,11-04 01:00:00+01:00,-77.21278822483269
2030,sc01,11-04 03:00:00+01:00,-77.21278822483269
2030,sc01,11-04 05:00:00+01:00,-70.5842077260595
2030,sc01,11-04 07:00:00+01:00,122.78721177516731
2030,sc01,11-04 09:00:00+01:00,122.78721177516731
2030,sc01,11-04 11:00:00+01:00,122.78721177516731
2030,sc01,11-04 13:00:00+01:00,122.78721177516731
2030,sc01,11-04 15:00:00+01:00,51.496418098750226
2030,sc01,11-04 17:00:00+01:00,122.78721177516731
2030,sc01,11-04 19:00:00+01:00,122.78721177516731
2030,sc01,11-04 21:00:00+01:00,122.78721177516731
2030,sc01,11-04 23:00:00+01:00,70.75825360529485
2030,sc01,11-05 01:00:00+01:00,-77.21278822483269
2030,sc01,11-05 03:00:00+01:00,-24.1896159680102
2030,sc01,11-05 05:00:00+01:00,77.20654144409225
2030,sc01,11-05 07:00:00+01:00,122.78721177516731
2030,sc01,11-05 09:00:00+01:00,122.78721177516731
2030,sc01,11-05 11:00:00+01:00,122.78721177516731
2030,sc01,11-05 13:00:00+01:00,122.78721177516731
2030,sc01,11-05 15:00:00+01:00,28.346466852629945
2030,sc01,11-05 17:00:00+01:00,122.78721177516731
2030,sc01,11-05 19:00:00+01:00,122.78721177516731
2030,sc01,11-05 21:00:00+01:00,122.78721177516731
2030,sc01,11-05 23:00:00+01:00,122.30509805839132
2030,sc01,11-06 01:00:00+01:00,-46.970454496881864
2030,sc01,11-06 03:00:00+01:00,-35.97145500265182
2030,sc01,11-06 05:00:00+01:00,44.68251877643168
2030,sc01,11-06 07:00:00+01:00,122.78721177516731
2030,sc01,11-06 09:00:00+01:00,122.78721177516731
2030,sc01,11-06 11:00:00+01:00,122.78721177516731
2030,sc01,11-06 13:00:00+01:00,122.78721177516731
2030,sc01,11-06 15:00:00+01:00,78.67336129176614
2030,sc01,11-06 17:00:00+01:00,122.78721177516731
2030,sc01,11-06 19:00:00+01:00,122.78721177516731
2030,sc01,11-06 21:00:00+01:00,122.78721177516731
2030,sc01,11-06 23:00:00+01:00,93.04613406610473
2030,sc01,11-07 01:00:00+01:00,-25.416193355163955
2030,sc01,11-07 03:00:00+01:00,-37.671956479239256
2030,sc01,11-07 05:00:00+01:00,36.75388188358485
2030,sc01,11-07 07:00:00+01:00,122.78721177516731
2030,sc01,11-07 09:00:00+01:00,122.78721177516731
2030,sc01,11-07 11:00:00+01:00,122.78721177516731
2030,sc01,11-07 13:00:00+01:00,122.78721177516731
2030,sc01,11-07 15:00:00+01:00,122.78721177516731
2030,sc01,11-07 17:00:00+01:00,122.78721177516731
2030,sc01,11-07 19:00:00+01:00,122.78721177516731
2030,sc01,11-07 21:00:00+01:00,122.78721177516731
2030,sc01,11-07 23:00:00+01:00,97.71251672925312
2030,sc01,11-08 01:00:00+01:00,-29.34060638461959
2030,sc01,11-08 03:00:00+01:00,-23.032790474663464
2030,sc01,11-08 05:00:00+01:00,80.24731719535522
2030,sc01,11-08 07:00:00+01:00,122.78721177516731
2030,sc01,11-08 09:00:00+01:00,122.78721177516731
2030,sc01,11-08 11:00:00+01:00,122.78721177516731
2030,sc01,11-08 13:00:00+01:00,122.78721177516731
2030,sc01,11-08 15:00:00+01:00,59.80910757608437
2030,sc01,11-08 17:00:00+01:00,122.78721177516731
2030,sc01,11-08 19:00:00+01:00,122.78721177516731
2030,sc01,11-08 21:00:00+01:00,122.78721177516731
2030,sc01,11-08 23:00:00+01:00,68.28181560704913
2030,sc01,11-09 01:00:00+01:00,-19.04663339539475
2030,sc01,11-09 03:00:00+01:00,-18.0191673931189
2030,sc01,11-09 05:00:00+01:00,28.808943150731764
2030,sc01,11-09 07:00:00+01:00,122.78721177516731
2030,sc01,11-09 09:00:00+01:00,122.78721177516731
2030,sc01,11-09 11:00:00+01:00,122.78721177516731
2030,sc01,11-09 13:00:00+01:00,60.16149064013565
2030,sc01,11-09 15:00:00+01:00,-41.779992431559066
2030,sc01,11-09 17:00:00+01:00,122.78721177516731
2030,sc01,11-09 19:00:00+01:00,122.78721177516731
2030,sc01,11-09 21:00:00+01:00,122.78721177516731
2030,sc01,11-09 23:00:00+01:00,93.63862571544134
2030,sc01,11-10 01:00:00+01:00,-2.2544632845781933
2030,sc01,11-10 03:00:00+01:00,-77.21278822483269
2030,sc01,11-10 05:00:00+01:00,-8.325373730582427
2030,sc01,11-10 07:00:00+01:00,122.78721177516731
2030,sc01,11-10 09:00:00+01:00,122.78721177516731
2030,sc01,11-10 11:00:00+01:00,122.78721177516731
2030,sc01,11-10 13:00:00+01:00,122.78721177516731
2030,sc01,11-10 15:00:00+01:00,10.797203110582615
2030,sc01,11-10 17:00:00+01:00,122.78721177516731
2030,sc01,11-10 19:00:00+01:00,122.78721177516731
2030,sc01,11-10 21:00:00+01:00,122.78721177516731
2030,sc01,11-10 23:00:00+01:00,41.021070057819344
2030,sc01,11-11 01:00:00+01:00,-77.21278822483269
2030,sc01,11-11 03:00:00+01:00,-77.21278822483269
2030,sc01,11-11 05:00:00+01:00,-62.04222173400827
2030,sc01,11-11 07:00:00+01:00,122.78721177516731
2030,sc01,11-11 09:00:00+01:00,122.78721177516731
2030,sc01,11-11 11:00:00+01:00,122.78721177516731
2030,sc01,11-11 13:00:00+01:00,122.78721177516731
2030,sc01,11-11 15:00:00+01:00,30.34906084728337
2030,sc01,11-11 17:00:00+01:00,122.78721177516731
2030,sc01,11-11 19:00:00+01:00,122.78721177516731
2030,sc01,11-11 21:00:00+01:00,122.78721177516731
2030,sc01,11-11 23:00:00+01:00,-49.09028954089875
2030,sc01,11-12 01:00:00+01:00,-77.21278822483269
2030,sc01,11-12 03:00:00+01:00,-77.21278822483269
2030,sc01,11-12 05:00:00+01:00,-29.700283631422387
2030,sc01,11-12 07:00:00+01:00,122.78721177516731
2030,sc01,11-12 09:00:00+01:00,122.78721177516731
2030,sc01,11-12 11:00:00+01:00,75.02219796869936
2030,sc01,11-12 13:00:00+01:00,48.706744400024746
2030,sc01,11-12 15:00:00+01:00,-30.10806620865116
2030,sc01,11-12 17:00:00+01:00,122.78721177516731
2030,sc01,11-12 19:00:00+01:00,122.78721177516731
2030,sc01,11-12 21:00:00+01:00,122.78721177516731
2030,sc01,11-12 23:00:00+01:00,4.155432337966857
2030,sc01,11-13 01:00:00+01:00,-66.68073041778248
2030,sc01,11-13 03:00:00+01:00,-77.21278822483269
2030,sc01,11-13 05:00:00+01:00,-67.73115002903097
2030,sc01,11-13 07:00:00+01:00,122.78721177516731
2030,sc01,11-13 09:00:00+01:00,122.78721177516731
2030,sc01,11-13 11:00:00+01:00,122.78721177516731
2030,sc01,11-13 13:00:00+01:00,122.78721177516731
2030,sc01,11-13 15:00:00+01:00,104.97515658939095
2030,sc01,11-13 17:00:00+01:00,122.78721177516731
2030,sc01,11-13 19:00:00+01:00,122.78721177516731
2030,sc01,11-13 21:00:00+01:00,122.78721177516731
2030,sc01,11-13 23:00:00+01:00,78.21289700621766
2030,sc01,11-14 01:00:00+01:00,-39.08824729539588
2030,sc01,11-14 03:00:00+01:00,-77.21278822483269
2030,sc01,11-14 05:00:00+01:00,27.479108832696397
2030,sc01,11-14 07:00:00+01:00,122.78721177516731
2030,sc01,11-14 09:00:00+01:00,122.78721177516731
2030,sc01,11-14 11:00:00+01:00,122.78721177516731
2030,sc01,11-14 13:00:00+01:00,122.78721177516731
2030,sc01,11-14 15:00:00+01:00,106.3703754412373
2030,sc01,11-14 17:00:00+01:00,122.78721177516731
2030,sc01,11-14 19:00:00+01:00,122.78721177516731
2030,sc01,11-14 21:00:00+01:00,122.78721177516731
2030,sc01,11-14 23:00:00+01:00,82.42967627068579
2030,sc01,11-15 01:00:00+01:00,-48.04793644609958
2030,sc01,11-15 03:00:00+01:00,-71.7982533471308
2030,sc01,11-15 05:00:00+01:00,23.91920222402969
2030,sc01,11-15 07:00:00+01:00,122.78721177516731
2030,sc01,11-15 09:00:00+01:00,122.78721177516731
2030,sc01,11-15 11:00:00+01:00,122.78721177516731
2030,sc01,11-15 13:00:00+01:00,122.78721177516731
2030,sc01,11-15 15:00:00+01:00,122.78721177516731
2030,sc01,11-15 17:00:00+01:00,122.78721177516731
2030,sc01,11-15 19:00:00+01:00,122.78721177516731
2030,sc01,11-15 21:00:00+01:00,122.78721177516731
2030,sc01,11-15 23:00:00+01:00,78.50244342368678
2030,sc01,11-16 01:00:00+01:00,-11.574384920416634
2030,sc01,11-16 03:00:00+01:00,-56.75562949803608
2030,sc01,11-16 05:00:00+01:00,27.122191282928824
2030,sc01,11-16 07:00:00+01:00,122.78721177516731
2030,sc01,11-16 09:00:00+01:00,122.78721177516731
2030,sc01,11-16 11:00:00+01:00,122.78721177516731
2030,sc01,11-16 13:00:00+01:00,122.78721177516731
2030,sc01,11-16 15:00:00+01:00,105.39936709980283
2030,sc01,11-16 17:00:00+01:00,122.78721177516731
2030,sc01,11-16 19:00:00+01:00,122.78721177516731
2030,sc01,11-16 21:00:00+01:00,122.78721177516731
2030,sc01,11-16 23:00:00+01:00,61.58689528884868
2030,sc01,11-17 01:00:00+01:00,-18.906874812665727
2030,sc01,11-17 03:00:00+01:00,-53.1518082042424
2030,sc01,11-17 05:00:00+01:00,39.825380193068625
2030,sc01,11-17 07:00:00+01:00,122.78721177516731
2030,sc01,11-17 09:00:00+01:00,122.78721177516731
2030,sc01,11-17 11:00:00+01:00,122.78721177516731
2030,sc01,11-17 13:00:00+01:00,122.78721177516731
2030,sc01,11-17 15:00:00+01:00,61.86876913486323
2030,sc01,11-17 17:00:00+01:00,122.78721177516731
2030,sc01,11-17 19:00:00+01:00,122.78721177516731
2030,sc01,11-17 21:00:00+01:00,122.78721177516731
2030,sc01,11-17 23:00:00+01:00,114.71844342429965
2030,sc01,11-18 01:00:00+01:00,14.998979305061383
2030,sc01,11-18 03:00:00+01:00,-58.86396407516584
2030,sc01,11-18 05:00:00+01:00,77.31275524495341
2030,sc01,11-18 07:00:00+01:00,122.78721177516731
2030,sc01,11-18 09:00:00+01:00,122.78721177516731
2030,sc01,11-18 11:00:00+01:00,122.78721177516731
2030,sc01,11-18 13:00:00+01:00,122.78721177516731
2030,sc01,11-18 15:00:00+01:00,116.07124510157924
2030,sc01,11-18 17:00:00+01:00,122.78721177516731
2030,sc01,11-18 19:00:00+01:00,122.78721177516731
2030,sc01,11-18 21:00:00+01:00,122.78721177516731
2030,sc01,11-18 23:00:00+01:00,118.90284063570483
2030,sc01,11-19 01:00:00+01:00,1.753816380512788
2030,sc01,11-19 03:00:00+01:00,-1.1511684887717593
2030,sc01,11-19 05:00:00+01:00,93.00960371907964
2030,sc01,11-19 07:00:00+01:00,122.78721177516731
2030,sc01,11-19 09:00:00+01:00,122.78721177516731
2030,sc01,11-19 11:00:00+01:00,122.78721177516731
2030,sc01,11-19 13:00:00+01:00,122.78721177516731
2030,sc01,11-19 15:00:00+01:00,87.66030461110681
2030,sc01,11-19 17:00:00+01:00,122.78721177516731
2030,sc01,11-19 19:00:00+01:00,122.78721177516731
2030,sc01,11-19 21:00:00+01:00,122.78721177516731
2030,sc01,11-19 23:00:00+01:00,91.12318088037064
2030,sc01,11-20 01:00:00+01:00,22.851028435113378
2030,sc01,11-20 03:00:00+01:00,-54.030194759727245
2030,sc01,11-20 05:00:00+01:00,38.18615253822266
2030,sc01,11-20 07:00:00+01:00,122.78721177516731
2030,sc01,11-20 09:00:00+01:00,122.78721177516731
2030,sc01,11-20 11:00:00+01:00,122.78721177516731
2030,sc01,11-20 13:00:00+01:00,122.78721177516731
2030,sc01,11-20 15:00:00+01:00,44.88105227902739
2030,sc01,11-20 17:00:00+01:00,122.78721177516731
2030,sc01,11-20 19:00:00+01:00,122.78721177516731
2030,sc01,11-20 21:00:00+01:00,122.78721177516731
2030,sc01,11-20 23:00:00+01:00,43.80502370233866
2030,sc01,11-21 01:00:00+01:00,-26.205550926612382
2030,sc01,11-21 03:00:00+01:00,-43.48579649926062
2030,sc01,11-21 05:00:00+01:00,40.7866496667899
2030,sc01,11-21 07:00:00+01:00,122.78721177516731
2030,sc01,11-21 09:00:00+01:00,122.78721177516731
2030,sc01,11-21 11:00:00+01:00,122.78721177516731
2030,sc01,11-21 13:00:00+01:00,122.78721177516731
2030,sc01,11-21 15:00:00+01:00,99.14046820436296
2030,sc01,11-21 17:00:00+01:00,122.78721177516731
2030,sc01,11-21 19:00:00+01:00,122.78721177516731
2030,sc01,11-21 21:00:00+01:00,122.78721177516731
2030,sc01,11-21 23:00:00+01:00,15.35910269000216
2030,sc01,11-22 01:00:00+01:00,-42.38232651858805
2030,sc01,11-22 03:00:00+01:00,-74.99657886322825
2030,sc01,11-22 05:00:00+01:00,-11.018594970497688
2030,sc01,11-22 07:00:00+01:00,122.78721177516731
2030,sc01,11-22 09:00:00+01:00,122.78721177516731
2030,sc01,11-22 11:00:00+01:00,122.78721177516731
2030,sc01,11-22 13:00:00+01:00,122.78721177516731
2030,sc01,11-22 15:00:00+01:00,44.15337511747015
2030,sc01,11-22 17:00:00+01:00,122.78721177516731
2030,sc01,11-22 19:00:00+01:00,122.78721177516731
2030,sc01,11-22 21:00:00+01:00,122.78721177516731
2030,sc01,11-22 23:00:00+01:00,-30.13910414954848
2030,sc01,11-23 01:00:00+01:00,-77.21278822483269
2030,sc01,11-23 03:00:00+01:00,-77.21278822483269
2030,sc01,11-23 05:00:00+01:00,15.005176795337931
2030,sc01,11-23 07:00:00+01:00,122.78721177516731
2030,sc01,11-23 09:00:00+01:00,122.78721177516731
2030,sc01,11-23 11:00:00+01:00,122.78721177516731
2030,sc01,11-23 13:00:00+01:00,122.78721177516731
2030,sc01,11-23 15:00:00+01:00,63.00783725321388
2030,sc01,11-23 17:00:00+01:00,122.78721177516731
2030,sc01,11-23 19:00:00+01:00,122.78721177516731
2030,sc01,11-23 21:00:00+01:00,122.78721177516731
2030,sc01,11-23 23:00:00+01:00,-22.033856532356516
2030,sc01,11-24 01:00:00+01:00,-77.21278822483269
2030,sc01,11-24 03:00:00+01:00,-77.21278822483269
2030,sc01,11-24 05:00:00+01:00,21.345801341512285
2030,sc01,11-24 07:00:00+01:00,122.78721177516731
2030,sc01,11-24 09:00:00+01:00,122.78721177516731
2030,sc01,11-24 11:00:00+01:00,122.78721177516731
2030,sc01,11-24 13:00:00+01:00,122.78721177516731
2030,sc01,11-24 15:00:00+01:00,71.26086379708927
2030,sc01,11-24 17:00:00+01:00,122.78721177516731
2030,sc01,11-24 19:00:00+01:00,122.78721177516731
2030,sc01,11-24 21:00:00+01:00,122.78721177516731
2030,sc01,11-24 23:00:00+01:00,-2.8219168880885377
2030,sc01,11-25 01:00:00+01:00,-62.25709889614329
2030,sc01,11-25 03:00:00+01:00,-77.21278822483269
2030,sc01,11-25 05:00:00+01:00,-19.115652608295015
2030,sc01,11-25 07:00:00+01:00,122.78721177516731
2030,sc01,11-25 09:00:00+01:00,122.78721177516731
2030,sc01,11-25 11:00:00+01:00,122.78721177516731
2030,sc01,11-25 13:00:00+01:00,122.78721177516731
2030,sc01,11-25 15:00:00+01:00,122.78721177516731
2030,sc01,11-25 17:00:00+01:00,122.78721177516731
2030,sc01,11-25 19:00:00+01:00,122.78721177516731
2030,sc01,11-25 21:00:00+01:00,122.78721177516731
2030,sc01,11-25 23:00:00+01:00,29.707732529964915
2030,sc01,11-26 01:00:00+01:00,-64.81973317581149
2030,sc01,11-26 03:00:00+01:00,-77.21278822483269
2030,sc01,11-26 05:00:00+01:00,-10.304798178172135
2030,sc01,11-26 07:00:00+01:00,122.78721177516731
2030,sc01,11-26 09:00:00+01:00,122.78721177516731
2030,sc01,11-26 11:00:00+01:00,122.78721177516731
2030,sc01,11-26 13:00:00+01:00,122.78721177516731
2030,sc01,11-26 15:00:00+01:00,122.78721177516731
2030,sc01,11-26 17:00:00+01:00,122.78721177516731
2030,sc01,11-26 19:00:00+01:00,122.78721177516731
2030,sc01,11-26 21:00:00+01:00,122.78721177516731
2030,sc01,11-26 23:00:00+01:00,122.78721177516731
2030,sc01,11-27 01:00:00+01:00,54.152786363734336
2030,sc01,11-27 03:00:00+01:00,-30.279025961166766
2030,sc01,11-27 05:00:00+01:00,44.76178362046413
2030,sc01,11-27 07:00:00+01:00,122.78721177516731
2030,sc01,11-27 09:00:00+01:00,122.78721177516731
2030,sc01,11-27 11:00:00+01:00,122.78721177516731
2030,sc01,11-27 13:00:00+01:00,122.78721177516731
2030,sc01,11-27 15:00:00+01:00,115.73833831251751
2030,sc01,11-27 17:00:00+01:00,122.78721177516731
2030,sc01,11-27 19:00:00+01:00,122.78721177516731
2030,sc01,11-27 21:00:00+01:00,122.78721177516731
2030,sc01,11-27 23:00:00+01:00,95.0132078172761
2030,sc01,11-28 01:00:00+01:00,12.30809657496529
2030,sc01,11-28 03:00:00+01:00,-17.41314906169015
2030,sc01,11-28 05:00:00+01:00,113.11851533649438
2030,sc01,11-28 07:00:00+01:00,122.78721177516731
2030,sc01,11-28 09:00:00+01:00,122.78721177516731
2030,sc01,11-28 11:00:00+01:00,122.78721177516731
2030,sc01,11-28 13:00:00+01:00,122.78721177516731
2030,sc01,11-28 15:00:00+01:00,122.78721177516731
2030,sc01,11-28 17:00:00+01:00,122.78721177516731
2030,sc01,11-28 19:00:00+01:00,122.78721177516731
2030,sc01,11-28 21:00:00+01:00,122.78721177516731
2030,sc01,11-28 23:00:00+01:00,90.27172753665984
2030,sc01,11-29 01:00:00+01:00,-19.41812717760937
2030,sc01,11-29 03:00:00+01:00,-76.53161095529595
2030,sc01,11-29 05:00:00+01:00,-16.309803365289397
2030,sc01,11-29 07:00:00+01:00,122.78721177516731
2030,sc01,11-29 09:00:00+01:00,122.78721177516731
2030,sc01,11-29 11:00:00+01:00,122.78721177516731
2030,sc01,11-29 13:00:00+01:00,122.78721177516731
2030,sc01,11-29 15:00:00+01:00,122.78721177516731
2030,sc01,11-29 17:00:00+01:00,122.78721177516731
2030,sc01,11-29 19:00:00+01:00,122.78721177516731
2030,sc01,11-29 21:00:00+01:00,122.78721177516731
2030,sc01,11-29 23:00:00+01:00,113.37608122886736
2030,sc01,11-30 01:00:00+01:00,3.409546711149247
2030,sc01,11-30 03:00:00+01:00,-40.12464517044072
2030,sc01,11-30 05:00:00+01:00,-3.640339849919684
2030,sc01,11-30 07:00:00+01:00,122.78721177516731
2030,sc01,11-30 09:00:00+01:00,122.78721177516731
2030,sc01,11-30 11:00:00+01:00,122.78721177516731
2030,sc01,11-30 13:00:00+01:00,122.78721177516731
2030,sc01,11-30 15:00:00+01:00,122.78721177516731
2030,sc01,11-30 17:00:00+01:00,122.78721177516731
2030,sc01,11-30 19:00:00+01:00,122.78721177516731
2030,sc01,11-30 21:00:00+01:00,122.78721177516731
2030,sc01,11-30 23:00:00+01:00,109.85995110829016
2030,sc01,12-01 01:00:00+01:00,-77.21278822483269
2030,sc01,12-01 03:00:00+01:00,-77.21278822483269
2030,sc01,12-01 05:00:00+01:00,11.33327597771192
2030,sc01,12-01 07:00:00+01:00,122.78721177516731
2030,sc01,12-01 09:00:00+01:00,122.78721177516731
2030,sc01,12-01 11:00:00+01:00,122.78721177516731
2030,sc01,12-01 13:00:00+01:00,107.45478704698205
2030,sc01,12-01 15:00:00+01:00,72.97409165672305
2030,sc01,12-01 17:00:00+01:00,122.78721177516731
2030,sc01,12-01 19:00:00+01:00,122.78721177516731
2030,sc01,12-01 21:00:00+01:00,122.78721177516731
2030,sc01,12-01 23:00:00+01:00,40.212012657011016
2030,sc01,12-02 01:00:00+01:00,-25.1734522205291
2030,sc01,12-02 03:00:00+01:00,-77.21278822483269
2030,sc01,12-02 05:00:00+01:00,-11.633450232629613
2030,sc01,12-02 07:00:00+01:00,122.78721177516731
2030,sc01,12-02 09:00:00+01:00,122.78721177516731
2030,sc01,12-02 11:00:00+01:00,122.78721177516731
2030,sc01,12-02 13:00:00+01:00,122.78721177516731
2030,sc01,12-02 15:00:00+01:00,97.0776500103185
2030,sc01,12-02 17:00:00+01:00,122.78721177516731
2030,sc01,12-02 19:00:00+01:00,122.78721177516731
2030,sc01,12-02 21:00:00+01:00,122.78721177516731
2030,sc01,12-02 23:00:00+01:00,119.030994951524
2030,sc01,12-03 01:00:00+01:00,-0.7967124207844591
2030,sc01,12-03 03:00:00+01:00,-59.34525863372369
2030,sc01,12-03 05:00:00+01:00,-6.850131775134997
2030,sc01,12-03 07:00:00+01:00,122.78721177516731
2030,sc01,12-03 09:00:00+01:00,122.78721177516731
2030,sc01,12-03 11:00:00+01:00,122.78721177516731
2030,sc01,12-03 13:00:00+01:00,105.63851275834388
2030,sc01,12-03 15:00:00+01:00,84.51850380897439
2030,sc01,12-03 17:00:00+01:00,122.78721177516731
2030,sc01,12-03 19:00:00+01:00,122.78721177516731
2030,sc01,12-03 21:00:00+01:00,122.78721177516731
2030,sc01,12-03 23:00:00+01:00,115.09129776460391
2030,sc01,12-04 01:00:00+01:00,23.215572532989867
2030,sc01,12-04 03:00:00+01:00,-20.047195056975546
2030,sc01,12-04 05:00:00+01:00,5.625851308510661
2030,sc01,12-04 07:00:00+01:00,122.78721177516731
2030,sc01,12-04 09:00:00+01:00,122.78721177516731
2030,sc01,12-04 11:00:00+01:00,122.78721177516731
2030,sc01,12-04 13:00:00+01:00,116.00078998034404
2030,sc01,12-04 15:00:00+01:00,91.3319720828744
2030,sc01,12-04 17:00:00+01:00,122.78721177516731
2030,sc01,12-04 19:00:00+01:00,122.78721177516731
2030,sc01,12-04 21:00:00+01:00,122.78721177516731
2030,sc01,12-04 23:00:00+01:00,121.75900040495914
2030,sc01,12-05 01:00:00+01:00,-3.396849178088516
2030,sc01,12-05 03:00:00+01:00,-43.025178491479075
2030,sc01,12-05 05:00:00+01:00,16.113240153421714
2030,sc01,12-05 07:00:00+01:00,122.78721177516731
2030,sc01,12-05 09:00:00+01:00,122.78721177516731
2030,sc01,12-05 11:00:00+01:00,122.78721177516731
2030,sc01,12-05 13:00:00+01:00,122.78721177516731
2030,sc01,12-05 15:00:00+01:00,106.50354567839607
2030,sc01,12-05 17:00:00+01:00,122.78721177516731
2030,sc01,12-05 19:00:00+01:00,122.78721177516731
2030,sc01,12-05 21:00:00+01:00,122.78721177516731
2030,sc01,12-05 23:00:00+01:00,54.22755078596053
2030,sc01,12-06 01:00:00+01:00,-24.96258854815669
2030,sc01,12-06 03:00:00+01:00,-75.85504995444256
2030,sc01,12-06 05:00:00+01:00,-3.985263352602729
2030,sc01,12-06 07:00:00+01:00,122.78721177516731
2030,sc01,12-06 09:00:00+01:00,122.78721177516731
2030,sc01,12-06 11:00:00+01:00,122.78721177516731
2030,sc01,12-06 13:00:00+01:00,122.78721177516731
2030,sc01,12-06 15:00:00+01:00,90.67220504248648
2030,sc01,12-06 17:00:00+01:00,122.78721177516731
2030,sc01,12-06 19:00:00+01:00,122.78721177516731
2030,sc01,12-06 21:00:00+01:00,122.78721177516731
2030,sc01,12-06 23:00:00+01:00,118.2145904932283
2030,sc01,12-07 01:00:00+01:00,38.389496965794876
2030,sc01,12-07 03:00:00+01:00,-34.682756958902644
2030,sc01,12-07 05:00:00+01:00,38.65732031488693
2030,sc01,12-07 07:00:00+01:00,122.78721177516731
2030,sc01,12-07 09:00:00+01:00,122.78721177516731
2030,sc01,12-07 11:00:00+01:00,122.78721177516731
2030,sc01,12-07 13:00:00+01:00,82.9907038258033
2030,sc01,12-07 15:00:00+01:00,39.78319150511021
2030,sc01,12-07 17:00:00+01:00,122.78721177516731
2030,sc01,12-07 19:00:00+01:00,122.78721177516731
2030,sc01,12-07 21:00:00+01:00,122.78721177516731
2030,sc01,12-07 23:00:00+01:00,122.78721177516731
2030,sc01,12-08 01:00:00+01:00,37.802047828149185
2030,sc01,12-08 03:00:00+01:00,-26.35833308570607
2030,sc01,12-08 05:00:00+01:00,18.44842786757546
2030,sc01,12-08 07:00:00+01:00,122.78721177516731
2030,sc01,12-08 09:00:00+01:00,122.78721177516731
2030,sc01,12-08 11:00:00+01:00,122.78721177516731
2030,sc01,12-08 13:00:00+01:00,121.24532836519352
2030,sc01,12-08 15:00:00+01:00,95.90687916476834
2030,sc01,12-08 17:00:00+01:00,122.78721177516731
2030,sc01,12-08 19:00:00+01:00,122.78721177516731
2030,sc01,12-08 21:00:00+01:00,122.78721177516731
2030,sc01,12-08 23:00:00+01:00,122.78721177516731
2030,sc01,12-09 01:00:00+01:00,-0.02893081543160747
2030,sc01,12-09 03:00:00+01:00,-54.435315538838985
2030,sc01,12-09 05:00:00+01:00,12.268132205641464
2030,sc01,12-09 07:00:00+01:00,122.78721177516731
2030,sc01,12-09 09:00:00+01:00,122.78721177516731
2030,sc01,12-09 11:00:00+01:00,122.78721177516731
2030,sc01,12-09 13:00:00+01:00,112.47365598979643
2030,sc01,12-09 15:00:00+01:00,80.88085564413011
2030,sc01,12-09 17:00:00+01:00,122.78721177516731
2030,sc01,12-09 19:00:00+01:00,122.78721177516731
2030,sc01,12-09 21:00:00+01:00,122.78721177516731
2030,sc01,12-09 23:00:00+01:00,122.78721177516731
2030,sc01,12-10 01:00:00+01:00,7.58290602071672
2030,sc01,12-10 03:00:00+01:00,-51.756615590626495
2030,sc01,12-10 05:00:00+01:00,6.4491640619203565
2030,sc01,12-10 07:00:00+01:00,122.78721177516731
2030,sc01,12-10 09:00:00+01:00,122.78721177516731
2030,sc01,12-10 11:00:00+01:00,122.78721177516731
2030,sc01,12-10 13:00:00+01:00,122.78721177516731
2030,sc01,12-10 15:00:00+01:00,86.83438706233686
2030,sc01,12-10 17:00:00+01:00,122.78721177516731
2030,sc01,12-10 19:00:00+01:00,122.78721177516731
2030,sc01,12-10 21:00:00+01:00,122.78721177516731
2030,sc01,12-10 23:00:00+01:00,16.333624974019372
2030,sc01,12-11 01:00:00+01:00,-31.224311767560224
2030,sc01,12-11 03:00:00+01:00,-63.66032891364176
2030,sc01,12-11 05:00:00+01:00,23.50464205844814
2030,sc01,12-11 07:00:00+01:00,122.78721177516731
2030,sc01,12-11 09:00:00+01:00,122.78721177516731
2030,sc01,12-11 11:00:00+01:00,122.78721177516731
2030,sc01,12-11 13:00:00+01:00,122.78721177516731
2030,sc01,12-11 15:00:00+01:00,86.06035601132227
2030,sc01,12-11 17:00:00+01:00,122.78721177516731
2030,sc01,12-11 19:00:00+01:00,122.78721177516731
2030,sc01,12-11 21:00:00+01:00,122.78721177516731
2030,sc01,12-11 23:00:00+01:00,-2.379299881226217
2030,sc01,12-12 01:00:00+01:00,-49.155873371834936
2030,sc01,12-12 03:00:00+01:00,-77.21278822483269
2030,sc01,12-12 05:00:00+01:00,26.120916977895973
2030,sc01,12-12 07:00:00+01:00,122.78721177516731
2030,sc01,12-12 09:00:00+01:00,122.78721177516731
2030,sc01,12-12 11:00:00+01:00,122.78721177516731
2030,sc01,12-12 13:00:00+01:00,122.78721177516731
2030,sc01,12-12 15:00:00+01:00,103.14830460607199
2030,sc01,12-12 17:00:00+01:00,122.78721177516731
2030,sc01,12-12 19:00:00+01:00,122.78721177516731
2030,sc01,12-12 21:00:00+01:00,122.78721177516731
2030,sc01,12-12 23:00:00+01:00,-1.8428927380337257
2030,sc01,12-13 01:00:00+01:00,-70.08056458860983
2030,sc01,12-13 03:00:00+01:00,-77.21278822483269
2030,sc01,12-13 05:00:00+01:00,19.469138465597766
2030,sc01,12-13 07:00:00+01:00,122.78721177516731
2030,sc01,12-13 09:00:00+01:00,122.78721177516731
2030,sc01,12-13 11:00:00+01:00,122.78721177516731
2030,sc01,12-13 13:00:00+01:00,83.89973551452162
2030,sc01,12-13 15:00:00+01:00,17.547583222769802
2030,sc01,12-13 17:00:00+01:00,122.78721177516731
2030,sc01,12-13 19:00:00+01:00,122.78721177516731
2030,sc01,12-13 21:00:00+01:00,122.78721177516731
2030,sc01,12-13 23:00:00+01:00,90.93949295838577
2030,sc01,12-14 01:00:00+01:00,-19.851427196251805
2030,sc01,12-14 03:00:00+01:00,-77.21278822483269
2030,sc01,12-14 05:00:00+01:00,26.23853914475984
2030,sc01,12-14 07:00:00+01:00,122.78721177516731
2030,sc01,12-14 09:00:00+01:00,122.78721177516731
2030,sc01,12-14 11:00:00+01:00,122.78721177516731
2030,sc01,12-14 13:00:00+01:00,122.78721177516731
2030,sc01,12-14 15:00:00+01:00,122.78721177516731
2030,sc01,12-14 17:00:00+01:00,122.78721177516731
2030,sc01,12-14 19:00:00+01:00,122.78721177516731
2030,sc01,12-14 21:00:00+01:00,122.78721177516731
2030,sc01,12-14 23:00:00+01:00,23.3831387900986
2030,sc01,12-15 01:00:00+01:00,-3.612691205172638
2030,sc01,12-15 03:00:00+01:00,-67.08213104702999
2030,sc01,12-15 05:00:00+01:00,39.33854786137937
2030,sc01,12-15 07:00:00+01:00,122.78721177516731
2030,sc01,12-15 09:00:00+01:00,122.78721177516731
2030,sc01,12-15 11:00:00+01:00,122.78721177516731
2030,sc01,12-15 13:00:00+01:00,122.78721177516731
2030,sc01,12-15 15:00:00+01:00,122.78721177516731
2030,sc01,12-15 17:00:00+01:00,122.78721177516731
2030,sc01,12-15 19:00:00+01:00,122.78721177516731
2030,sc01,12-15 21:00:00+01:00,122.78721177516731
2030,sc01,12-15 23:00:00+01:00,32.912312128048754
2030,sc01,12-16 01:00:00+01:00,-49.397299471216584
2030,sc01,12-16 03:00:00+01:00,-54.027546326248725
2030,sc01,12-16 05:00:00+01:00,79.74532281060475
2030,sc01,12-16 07:00:00+01:00,122.78721177516731
2030,sc01,12-16 09:00:00+01:00,122.78721177516731
2030,sc01,12-16 11:00:00+01:00,122.78721177516731
2030,sc01,12-16 13:00:00+01:00,122.78721177516731
2030,sc01,12-16 15:00:00+01:00,31.662721109250512
2030,sc01,12-16 17:00:00+01:00,122.78721177516731
2030,sc01,12-16 19:00:00+01:00,122.78721177516731
2030,sc01,12-16 21:00:00+01:00,122.78721177516731
2030,sc01,12-16 23:00:00+01:00,-2.3961681615038657
2030,sc01,12-17 01:00:00+01:00,-54.69292288546016
2030,sc01,12-17 03:00:00+01:00,-77.21278822483269
2030,sc01,12-17 05:00:00+01:00,37.27578007931528
2030,sc01,12-17 07:00:00+01:00,122.78721177516731
2030,sc01,12-17 09:00:00+01:00,122.78721177516731
2030,sc01,12-17 11:00:00+01:00,122.78721177516731
2030,sc01,12-17 13:00:00+01:00,122.78721177516731
2030,sc01,12-17 15:00:00+01:00,101.70824524919324
2030,sc01,12-17 17:00:00+01:00,122.78721177516731
2030,sc01,12-17 19:00:00+01:00,122.78721177516731
2030,sc01,12-17 21:00:00+01:00,122.78721177516731
2030,sc01,12-17 23:00:00+01:00,69.38338899298579
2030,sc01,12-18 01:00:00+01:00,-6.65293574461829
2030,sc01,12-18 03:00:00+01:00,-43.285244661014445
2030,sc01,12-18 05:00:00+01:00,58.118045336826285
2030,sc01,12-18 07:00:00+01:00,122.78721177516731
2030,sc01,12-18 09:00:00+01:00,122.78721177516731
2030,sc01,12-18 11:00:00+01:00,122.78721177516731
2030,sc01,12-18 13:00:00+01:00,122.78721177516731
2030,sc01,12-18 15:00:00+01:00,112.74066147901944
2030,sc01,12-18 17:00:00+01:00,122.78721177516731
2030,sc01,12-18 19:00:00+01:00,122.78721177516731
2030,sc01,12-18 21:00:00+01:00,122.78721177516731
2030,sc01,12-18 23:00:00+01:00,6.941979251462001
2030,sc01,12-19 01:00:00+01:00,-51.0049447214015
2030,sc01,12-19 03:00:00+01:00,-77.21278822483269
2030,sc01,12-19 05:00:00+01:00,39.81153772276507
2030,sc01,12-19 07:00:00+01:00,122.78721177516731
2030,sc01,12-19 09:00:00+01:00,122.78721177516731
2030,sc01,12-19 11:00:00+01:00,122.78721177516731
2030,sc01,12-19 13:00:00+01:00,122.78721177516731
2030,sc01,12-19 15:00:00+01:00,55.82124313944341
2030,sc01,12-19 17:00:00+01:00,122.78721177516731
2030,sc01,12-19 19:00:00+01:00,122.78721177516731
2030,sc01,12-19 21:00:00+01:00,122.78721177516731
2030,sc01,12-19 23:00:00+01:00,-0.09008869892544169
2030,sc01,12-20 01:00:00+01:00,-33.15320960739538
2030,sc01,12-20 03:00:00+01:00,-68.99439781483983
2030,sc01,12-20 05:00:00+01:00,27.710871278509103
2030,sc01,12-20 07:00:00+01:00,122.78721177516731
2030,sc01,12-20 09:00:00+01:00,122.78721177516731
2030,sc01,12-20 11:00:00+01:00,122.78721177516731
2030,sc01,12-20 13:00:00+01:00,122.78721177516731
2030,sc01,12-20 15:00:00+01:00,100.62704255943915
2030,sc01,12-20 17:00:00+01:00,122.78721177516731
2030,sc01,12-20 19:00:00+01:00,122.78721177516731
2030,sc01,12-20 21:00:00+01:00,122.78721177516731
2030,sc01,12-20 23:00:00+01:00,61.91857954149886
2030,sc01,12-21 01:00:00+01:00,-26.316157969423045
2030,sc01,12-21 03:00:00+01:00,-77.21278822483269
2030,sc01,12-21 05:00:00+01:00,23.99684880225655
2030,sc01,12-21 07:00:00+01:00,122.78721177516731
2030,sc01,12-21 09:00:00+01:00,122.78721177516731
2030,sc01,12-21 11:00:00+01:00,122.78721177516731
2030,sc01,12-21 13:00:00+01:00,109.59529799351641
2030,sc01,12-21 15:00:00+01:00,66.76092245629475
2030,sc01,12-21 17:00:00+01:00,122.78721177516731
2030,sc01,12-21 19:00:00+01:00,122.78721177516731
2030,sc01,12-21 21:00:00+01:00,122.78721177516731
2030,sc01,12-21 23:00:00+01:00,122.78721177516731
2030,sc01,12-22 01:00:00+01:00,8.200923330811676
2030,sc01,12-22 03:00:00+01:00,-56.14444785516234
2030,sc01,12-22 05:00:00+01:00,39.89048314621684
2030,sc01,12-22 07:00:00+01:00,122.78721177516731
2030,sc01,12-22 09:00:00+01:00,122.78721177516731
2030,sc01,12-22 11:00:00+01:00,122.78721177516731
2030,sc01,12-22 13:00:00+01:00,122.78721177516731
2030,sc01,12-22 15:00:00+01:00,97.2976298417823
2030,sc01,12-22 17:00:00+01:00,122.78721177516731
2030,sc01,12-22 19:00:00+01:00,122.78721177516731
2030,sc01,12-22 21:00:00+01:00,122.78721177516731
2030,sc01,12-22 23:00:00+01:00,122.78721177516731
2030,sc01,12-23 01:00:00+01:00,29.423148907089924
2030,sc01,12-23 03:00:00+01:00,-38.83865525751639
2030,sc01,12-23 05:00:00+01:00,31.95427480652593
2030,sc01,12-23 07:00:00+01:00,122.78721177516731
2030,sc01,12-23 09:00:00+01:00,122.78721177516731
2030,sc01,12-23 11:00:00+01:00,122.78721177516731
2030,sc01,12-23 13:00:00+01:00,118.05475086720467
2030,sc01,12-23 15:00:00+01:00,88.58937151292271
2030,sc01,12-23 17:00:00+01:00,122.78721177516731
2030,sc01,12-23 19:00:00+01:00,122.78721177516731
2030,sc01,12-23 21:00:00+01:00,122.78721177516731
2030,sc01,12-23 23:00:00+01:00,122.78721177516731
2030,sc01,12-24 01:00:00+01:00,10.404209298843213
2030,sc01,12-24 03:00:00+01:00,-20.87652493814091
2030,sc01,12-24 05:00:00+01:00,42.812587080553655
2030,sc01,12-24 07:00:00+01:00,122.78721177516731
2030,sc01,12-24 09:00:00+01:00,122.78721177516731
2030,sc01,12-24 11:00:00+01:00,122.78721177516731
2030,sc01,12-24 13:00:00+01:00,122.78721177516731
2030,sc01,12-24 15:00:00+01:00,122.78721177516731
2030,sc01,12-24 17:00:00+01:00,122.78721177516731
2030,sc01,12-24 19:00:00+01:00,122.78721177516731
2030,sc01,12-24 21:00:00+01:00,122.78721177516731
2030,sc01,12-24 23:00:00+01:00,122.78721177516731
2030,sc01,12-25 01:00:00+01:00,25.782456099681212
2030,sc01,12-25 03:00:00+01:00,-26.71347272286919
2030,sc01,12-25 05:00:00+01:00,33.16853607159817
2030,sc01,12-25 07:00:00+01:00,122.78721177516731
2030,sc01,12-25 09:00:00+01:00,122.78721177516731
2030,sc01,12-25 11:00:00+01:00,122.78721177516731
2030,sc01,12-25 13:00:00+01:00,122.78721177516731
2030,sc01,12-25 15:00:00+01:00,103.6538488488277
2030,sc01,12-25 17:00:00+01:00,122.78721177516731
2030,sc01,12-25 19:00:00+01:00,122.78721177516731
2030,sc01,12-25 21:00:00+01:00,122.78721177516731
2030,sc01,12-25 23:00:00+01:00,109.66877686950262
2030,sc01,12-26 01:00:00+01:00,11.791067096639452
2030,sc01,12-26 03:00:00+01:00,-46.182493672165926
2030,sc01,12-26 05:00:00+01:00,40.90650569388434
2030,sc01,12-26 07:00:00+01:00,122.78721177516731
2030,sc01,12-26 09:00:00+01:00,122.78721177516731
2030,sc01,12-26 11:00:00+01:00,122.78721177516731
2030,sc01,12-26 13:00:00+01:00,122.78721177516731
2030,sc01,12-26 15:00:00+01:00,122.78721177516731
2030,sc01,12-26 17:00:00+01:00,122.78721177516731
2030,sc01,12-26 19:00:00+01:00,122.78721177516731
2030,sc01,12-26 21:00:00+01:00,122.78721177516731
2030,sc01,12-26 23:00:00+01:00,60.03833409768863
2030,sc01,12-27 01:00:00+01:00,1.3519186295457075
2030,sc01,12-27 03:00:00+01:00,-49.68137909447505
2030,sc01,12-27 05:00:00+01:00,42.60653384312623
2030,sc01,12-27 07:00:00+01:00,122.78721177516731
2030,sc01,12-27 09:00:00+01:00,122.78721177516731
2030,sc01,12-27 11:00:00+01:00,122.78721177516731
2030,sc01,12-27 13:00:00+01:00,122.78721177516731
2030,sc01,12-27 15:00:00+01:00,98.9296698591374
2030,sc01,12-27 17:00:00+01:00,122.78721177516731
2030,sc01,12-27 19:00:00+01:00,122.78721177516731
2030,sc01,12-27 21:00:00+01:00,122.78721177516731
2030,sc01,12-27 23:00:00+01:00,25.31503178242555
2030,sc01,12-28 01:00:00+01:00,-15.851033181503865
2030,sc01,12-28 03:00:00+01:00,-62.446561256469266
2030,sc01,12-28 05:00:00+01:00,50.975397315361434
2030,sc01,12-28 07:00:00+01:00,122.78721177516731
2030,sc01,12-28 09:00:00+01:00,122.78721177516731
2030,sc01,12-28 11:00:00+01:00,122.78721177516731
2030,sc01,12-28 13:00:00+01:00,122.78721177516731
2030,sc01,12-28 15:00:00+01:00,122.78721177516731
2030,sc01,12-28 17:00:00+01:00,122.78721177516731
2030,sc01,12-28 19:00:00+01:00,122.78721177516731
2030,sc01,12-28 21:00:00+01:00,122.78721177516731
2030,sc01,12-28 23:00:00+01:00,25.87691021063324
2030,sc01,12-29 01:00:00+01:00,-14.546948416846156
2030,sc01,12-29 03:00:00+01:00,-44.817992591416356
2030,sc01,12-29 05:00:00+01:00,33.9078925829789
2030,sc01,12-29 07:00:00+01:00,122.78721177516731
2030,sc01,12-29 09:00:00+01:00,122.78721177516731
2030,sc01,12-29 11:00:00+01:00,122.78721177516731
2030,sc01,12-29 13:00:00+01:00,122.78721177516731
2030,sc01,12-29 15:00:00+01:00,122.78721177516731
2030,sc01,12-29 17:00:00+01:00,122.78721177516731
2030,sc01,12-29 19:00:00+01:00,122.78721177516731
2030,sc01,12-29 21:00:00+01:00,122.78721177516731
2030,sc01,12-29 23:00:00+01:00,122.78721177516731
2030,sc01,12-30 01:00:00+01:00,30.788573679464918
2030,sc01,12-30 03:00:00+01:00,4.6704509423580305
2030,sc01,12-30 05:00:00+01:00,58.82402267616446
2030,sc01,12-30 07:00:00+01:00,122.78721177516731
2030,sc01,12-30 09:00:00+01:00,122.78721177516731
2030,sc01,12-30 11:00:00+01:00,122.78721177516731
2030,sc01,12-30 13:00:00+01:00,122.78721177516731
2030,sc01,12-30 15:00:00+01:00,122.78721177516731
2030,sc01,12-30 17:00:00+01:00,122.78721177516731
2030,sc01,12-30 19:00:00+01:00,122.78721177516731
2030,sc01,12-30 21:00:00+01:00,122.78721177516731
2030,sc01,12-30 23:00:00+01:00,116.22398322981302
