Period,Scenario,LoadLevel,MW
2030,sc01,01-01 01:00:00+01:00,600.8931912655
2030,sc01,01-01 03:00:00+01:00,556.947589849
2030,sc01,01-01 05:00:00+01:00,672.700279144
2030,sc01,01-01 07:00:00+01:00,968.7715097055
2030,sc01,01-01 09:00:00+01:00,1013.2576278624999
2030,sc01,01-01 11:00:00+01:00,759.0708092899999
2030,sc01,01-01 13:00:00+01:00,717.6039051884999
2030,sc01,01-01 15:00:00+01:00,682.0878838135001
2030,sc01,01-01 17:00:00+01:00,883.0803041145
2030,sc01,01-01 19:00:00+01:00,1174.1465074745
2030,sc01,01-01 21:00:00+01:00,1077.8493768859998
2030,sc01,01-01 23:00:00+01:00,824.1690116125
2030,sc01,01-02 01:00:00+01:00,670.8139456604999
2030,sc01,01-02 03:00:00+01:00,623.6789435439999
2030,sc01,01-02 05:00:00+01:00,719.3712266489999
2030,sc01,01-02 07:00:00+01:00,996.2518874955
2030,sc01,01-02 09:00:00+01:00,1053.480696394
2030,sc01,01-02 11:00:00+01:00,822.1355206745
2030,sc01,01-02 13:00:00+01:00,788.051180041
2030,sc01,01-02 15:00:00+01:00,751.1370805495001
2030,sc01,01-02 17:00:00+01:00,955.133208613
2030,sc01,01-02 19:00:00+01:00,1237.0115421589999
2030,sc01,01-02 21:00:00+01:00,1121.611310581
2030,sc01,01-02 23:00:00+01:00,852.2165356175
2030,sc01,01-03 01:00:00+01:00,688.2691597905
2030,sc01,01-03 03:00:00+01:00,647.420558789
2030,sc01,01-03 05:00:00+01:00,735.816410774
2030,sc01,01-03 07:00:00+01:00,1026.5602907355
2030,sc01,01-03 09:00:00+01:00,1081.616295649
2030,sc01,01-03 11:00:00+01:00,852.823673642
2030,sc01,01-03 13:00:00+01:00,801.7551413745
2030,sc01,01-03 15:00:00+01:00,748.0542627545001
2030,sc01,01-03 17:00:00+01:00,964.9607147215
2030,sc01,01-03 19:00:00+01:00,1239.3441169025
2030,sc01,01-03 21:00:00+01:00,1143.670604596
2030,sc01,01-03 23:00:00+01:00,864.4718477424999
2030,sc01,01-04 01:00:00+01:00,707.3654364555
2030,sc01,01-04 03:00:00+01:00,641.807742354
2030,sc01,01-04 05:00:00+01:00,722.751038739
2030,sc01,01-04 07:00:00+01:00,1007.0619517205
2030,sc01,01-04 09:00:00+01:00,1068.1617191525
2030,sc01,01-04 11:00:00+01:00,844.3302918905
2030,sc01,01-04 13:00:00+01:00,804.290792316
2030,sc01,01-04 15:00:00+01:00,759.417813694
2030,sc01,01-04 17:00:00+01:00,955.0792011135
2030,sc01,01-04 19:00:00+01:00,1257.4242266859999
2030,sc01,01-04 21:00:00+01:00,1159.042196566
2030,sc01,01-04 23:00:00+01:00,886.1457719125
2030,sc01,01-05 01:00:00+01:00,723.6881511954999
2030,sc01,01-05 03:00:00+01:00,660.701732164
2030,sc01,01-05 05:00:00+01:00,762.3554224989999
2030,sc01,01-05 07:00:00+01:00,1083.9036238155
2030,sc01,01-05 09:00:00+01:00,1166.440557458
2030,sc01,01-05 11:00:00+01:00,1009.58037121
2030,sc01,01-05 13:00:00+01:00,955.0538282289999
2030,sc01,01-05 15:00:00+01:00,872.4548850855
2030,sc01,01-05 17:00:00+01:00,1023.326766368
2030,sc01,01-05 19:00:00+01:00,1202.2372488785
2030,sc01,01-05 21:00:00+01:00,1080.966935636
2030,sc01,01-05 23:00:00+01:00,816.9122560975
2030,sc01,01-06 01:00:00+01:00,679.7097508654999
2030,sc01,01-06 03:00:00+01:00,643.261312034
2030,sc01,01-06 05:00:00+01:00,736.729617424
2030,sc01,01-06 07:00:00+01:00,1037.7203630805
2030,sc01,01-06 09:00:00+01:00,1101.4252143765
2030,sc01,01-06 11:00:00+01:00,908.655892828
2030,sc01,01-06 13:00:00+01:00,862.940151285
2030,sc01,01-06 15:00:00+01:00,714.2777100195
2030,sc01,01-06 17:00:00+01:00,864.2246493245
2030,sc01,01-06 19:00:00+01:00,1103.967897912
2030,sc01,01-06 21:00:00+01:00,978.387678991
2030,sc01,01-06 23:00:00+01:00,709.2955944125
2030,sc01,01-07 01:00:00+01:00,573.4750697005
2030,sc01,01-07 03:00:00+01:00,543.816453874
2030,sc01,01-07 05:00:00+01:00,666.288869464
2030,sc01,01-07 07:00:00+01:00,985.1256023155
2030,sc01,01-07 09:00:00+01:00,1090.3030579219999
2030,sc01,01-07 11:00:00+01:00,847.774115158
2030,sc01,01-07 13:00:00+01:00,746.3592997799999
2030,sc01,01-07 15:00:00+01:00,657.4703737425
2030,sc01,01-07 17:00:00+01:00,850.387010066
2030,sc01,01-07 19:00:00+01:00,1120.306046397
2030,sc01,01-07 21:00:00+01:00,996.466341116
2030,sc01,01-07 23:00:00+01:00,769.0531278325
2030,sc01,01-08 01:00:00+01:00,642.8431421954999
2030,sc01,01-08 03:00:00+01:00,641.0702752990001
2030,sc01,01-08 05:00:00+01:00,746.572912689
2030,sc01,01-08 07:00:00+01:00,1091.3008241755
2030,sc01,01-08 09:00:00+01:00,1208.051313054
2030,sc01,01-08 11:00:00+01:00,941.1796964064999
2030,sc01,01-08 13:00:00+01:00,862.5695864679999
2030,sc01,01-08 15:00:00+01:00,755.81686512
2030,sc01,01-08 17:00:00+01:00,891.4842813614999
2030,sc01,01-08 19:00:00+01:00,1147.3589534555
2030,sc01,01-08 21:00:00+01:00,1067.962804836
2030,sc01,01-08 23:00:00+01:00,784.7653488475
2030,sc01,01-09 01:00:00+01:00,627.5101019604999
2030,sc01,01-09 03:00:00+01:00,573.212489729
2030,sc01,01-09 05:00:00+01:00,708.585887629
2030,sc01,01-09 07:00:00+01:00,1043.5607966655
2030,sc01,01-09 09:00:00+01:00,1103.7303529295
2030,sc01,01-09 11:00:00+01:00,874.0346891674999
2030,sc01,01-09 13:00:00+01:00,812.8526821615
2030,sc01,01-09 15:00:00+01:00,716.71417084
2030,sc01,01-09 17:00:00+01:00,864.5486622479999
2030,sc01,01-09 19:00:00+01:00,1124.6071881854998
2030,sc01,01-09 21:00:00+01:00,1035.800179801
2030,sc01,01-09 23:00:00+01:00,775.0878392174999
2030,sc01,01-10 01:00:00+01:00,641.5395571355
2030,sc01,01-10 03:00:00+01:00,604.151185079
2030,sc01,01-10 05:00:00+01:00,729.777952979
2030,sc01,01-10 07:00:00+01:00,1036.7938301555
2030,sc01,01-10 09:00:00+01:00,1074.8714518855
2030,sc01,01-10 11:00:00+01:00,814.367699498
2030,sc01,01-10 13:00:00+01:00,769.0579536414999
2030,sc01,01-10 15:00:00+01:00,717.2390069595
2030,sc01,01-10 17:00:00+01:00,904.5684833805
2030,sc01,01-10 19:00:00+01:00,1191.3935842395
2030,sc01,01-10 21:00:00+01:00,1093.397931501
2030,sc01,01-10 23:00:00+01:00,813.7116838425
2030,sc01,01-11 01:00:00+01:00,662.8766757105
2030,sc01,01-11 03:00:00+01:00,621.276128094
2030,sc01,01-11 05:00:00+01:00,746.3548671039999
2030,sc01,01-11 07:00:00+01:00,1061.1387351355
2030,sc01,01-11 09:00:00+01:00,1110.6729339425
2030,sc01,01-11 11:00:00+01:00,889.6561088039999
2030,sc01,01-11 13:00:00+01:00,846.3131702814999
2030,sc01,01-11 15:00:00+01:00,767.3137539595
2030,sc01,01-11 17:00:00+01:00,928.2386193264999
2030,sc01,01-11 19:00:00+01:00,1184.2102551584999
2030,sc01,01-11 21:00:00+01:00,1092.300914051
2030,sc01,01-11 23:00:00+01:00,837.6583120175
2030,sc01,01-12 01:00:00+01:00,684.8080473504999
2030,sc01,01-12 03:00:00+01:00,639.744084629
2030,sc01,01-12 05:00:00+01:00,762.280224504
2030,sc01,01-12 07:00:00+01:00,1067.1645242255
2030,sc01,01-12 09:00:00+01:00,1136.924414078
2030,sc01,01-12 11:00:00+01:00,917.5423458229999
2030,sc01,01-12 13:00:00+01:00,863.471151591
2030,sc01,01-12 15:00:00+01:00,775.8019982495
2030,sc01,01-12 17:00:00+01:00,922.992738424
2030,sc01,01-12 19:00:00+01:00,1162.893779564
2030,sc01,01-12 21:00:00+01:00,1059.407093571
2030,sc01,01-12 23:00:00+01:00,790.5571612775
2030,sc01,01-13 01:00:00+01:00,667.0833791755
2030,sc01,01-13 03:00:00+01:00,648.025298839
2030,sc01,01-13 05:00:00+01:00,789.573580364
2030,sc01,01-13 07:00:00+01:00,1115.4486609205
2030,sc01,01-13 09:00:00+01:00,1187.096994395
2030,sc01,01-13 11:00:00+01:00,952.7363343129999
2030,sc01,01-13 13:00:00+01:00,877.3884714074999
2030,sc01,01-13 15:00:00+01:00,778.7853834685
2030,sc01,01-13 17:00:00+01:00,940.693326826
2030,sc01,01-13 19:00:00+01:00,1193.3356047585
2030,sc01,01-13 21:00:00+01:00,1065.442026581
2030,sc01,01-13 23:00:00+01:00,812.6792910775
2030,sc01,01-14 01:00:00+01:00,681.2233096154999
2030,sc01,01-14 03:00:00+01:00,650.315697709
2030,sc01,01-14 05:00:00+01:00,773.1003623189999
2030,sc01,01-14 07:00:00+01:00,1081.0721038405
2030,sc01,01-14 09:00:00+01:00,1145.5619057024999
2030,sc01,01-14 11:00:00+01:00,918.1291463169999
2030,sc01,01-14 13:00:00+01:00,845.5579737935
2030,sc01,01-14 15:00:00+01:00,763.5319760275
2030,sc01,01-14 17:00:00+01:00,931.922345394
2030,sc01,01-14 19:00:00+01:00,1184.9872430785
2030,sc01,01-14 21:00:00+01:00,1061.203872041
2030,sc01,01-14 23:00:00+01:00,799.5038049924999
2030,sc01,01-15 01:00:00+01:00,664.0923374655
2030,sc01,01-15 03:00:00+01:00,612.413793529
2030,sc01,01-15 05:00:00+01:00,734.019558784
2030,sc01,01-15 07:00:00+01:00,1048.6855368805
2030,sc01,01-15 09:00:00+01:00,1125.6320849665
2030,sc01,01-15 11:00:00+01:00,924.7713594439999
2030,sc01,01-15 13:00:00+01:00,848.9093468079999
2030,sc01,01-15 15:00:00+01:00,749.1603247875
2030,sc01,01-15 17:00:00+01:00,875.7917321379999
2030,sc01,01-15 19:00:00+01:00,1086.222918128
2030,sc01,01-15 21:00:00+01:00,955.856180281
2030,sc01,01-15 23:00:00+01:00,694.7455628525
2030,sc01,01-16 01:00:00+01:00,587.6026499454999
2030,sc01,01-16 03:00:00+01:00,571.969750134
2030,sc01,01-16 05:00:00+01:00,682.857089999
2030,sc01,01-16 07:00:00+01:00,991.5839643005
2030,sc01,01-16 09:00:00+01:00,1044.687878586
2030,sc01,01-16 11:00:00+01:00,779.930035895
2030,sc01,01-16 13:00:00+01:00,704.7781421635
2030,sc01,01-16 15:00:00+01:00,638.703402821
2030,sc01,01-16 17:00:00+01:00,793.856242093
2030,sc01,01-16 19:00:00+01:00,1050.116113139
2030,sc01,01-16 21:00:00+01:00,945.7895055409999
2030,sc01,01-16 23:00:00+01:00,691.8574293275
2030,sc01,01-17 01:00:00+01:00,568.2082781255
2030,sc01,01-17 03:00:00+01:00,551.539858609
2030,sc01,01-17 05:00:00+01:00,694.6143368840001
2030,sc01,01-17 07:00:00+01:00,1019.3997320905
2030,sc01,01-17 09:00:00+01:00,1075.9967585155
2030,sc01,01-17 11:00:00+01:00,791.6247474945
2030,sc01,01-17 13:00:00+01:00,706.957613284
2030,sc01,01-17 15:00:00+01:00,646.9491745605001
2030,sc01,01-17 17:00:00+01:00,803.630635645
2030,sc01,01-17 19:00:00+01:00,1074.6785319409998
2030,sc01,01-17 21:00:00+01:00,997.364874461
2030,sc01,01-17 23:00:00+01:00,719.2430581075
2030,sc01,01-18 01:00:00+01:00,594.7864397605
2030,sc01,01-18 03:00:00+01:00,575.339641284
2030,sc01,01-18 05:00:00+01:00,724.719637919
2030,sc01,01-18 07:00:00+01:00,1035.2785855805
2030,sc01,01-18 09:00:00+01:00,1083.0245148175
2030,sc01,01-18 11:00:00+01:00,816.6677968524999
2030,sc01,01-18 13:00:00+01:00,734.4566593105
2030,sc01,01-18 15:00:00+01:00,673.287812998
2030,sc01,01-18 17:00:00+01:00,839.6935208699999
2030,sc01,01-18 19:00:00+01:00,1114.1509006325
2030,sc01,01-18 21:00:00+01:00,1018.5424026009999
2030,sc01,01-18 23:00:00+01:00,711.2061859025
2030,sc01,01-19 01:00:00+01:00,576.3561450055
2030,sc01,01-19 03:00:00+01:00,563.632259014
2030,sc01,01-19 05:00:00+01:00,697.597350129
2030,sc01,01-19 07:00:00+01:00,1013.8564354705001
2030,sc01,01-19 09:00:00+01:00,1079.4014801275
2030,sc01,01-19 11:00:00+01:00,827.312951131
2030,sc01,01-19 13:00:00+01:00,750.4515496339999
2030,sc01,01-19 15:00:00+01:00,671.7187299775
2030,sc01,01-19 17:00:00+01:00,838.1375840789999
2030,sc01,01-19 19:00:00+01:00,1097.267598726
2030,sc01,01-19 21:00:00+01:00,996.776141306
2030,sc01,01-19 23:00:00+01:00,711.2113279624999
2030,sc01,01-20 01:00:00+01:00,577.1432201655
2030,sc01,01-20 03:00:00+01:00,551.403648159
2030,sc01,01-20 05:00:00+01:00,681.6249372890001
2030,sc01,01-20 07:00:00+01:00,1010.1987414605001
2030,sc01,01-20 09:00:00+01:00,1098.4628566474998
2030,sc01,01-20 11:00:00+01:00,869.3218269749999
2030,sc01,01-20 13:00:00+01:00,797.254484168
2030,sc01,01-20 15:00:00+01:00,722.6732815715
2030,sc01,01-20 17:00:00+01:00,898.8449879364999
2030,sc01,01-20 19:00:00+01:00,1166.646968178
2030,sc01,01-20 21:00:00+01:00,1070.355471931
2030,sc01,01-20 23:00:00+01:00,802.5952249775
2030,sc01,01-21 01:00:00+01:00,659.3626574154999
2030,sc01,01-21 03:00:00+01:00,610.6345480790001
2030,sc01,01-21 05:00:00+01:00,728.114165614
2030,sc01,01-21 07:00:00+01:00,1053.5304312705
2030,sc01,01-21 09:00:00+01:00,1103.173552169
2030,sc01,01-21 11:00:00+01:00,846.6510425634999
2030,sc01,01-21 13:00:00+01:00,773.6275699895
2030,sc01,01-21 15:00:00+01:00,734.2417621459999
2030,sc01,01-21 17:00:00+01:00,933.2521759345
2030,sc01,01-21 19:00:00+01:00,1210.2236984664999
2030,sc01,01-21 21:00:00+01:00,1106.811310941
2030,sc01,01-21 23:00:00+01:00,833.0195600225
2030,sc01,01-22 01:00:00+01:00,676.3942663605
2030,sc01,01-22 03:00:00+01:00,628.1217856840001
2030,sc01,01-22 05:00:00+01:00,732.330820024
2030,sc01,01-22 07:00:00+01:00,1022.7911269255001
2030,sc01,01-22 09:00:00+01:00,1079.114357889
2030,sc01,01-22 11:00:00+01:00,867.7377957414999
2030,sc01,01-22 13:00:00+01:00,822.2793615579999
2030,sc01,01-22 15:00:00+01:00,766.4727974545
2030,sc01,01-22 17:00:00+01:00,951.995883197
2030,sc01,01-22 19:00:00+01:00,1225.4299414754998
2030,sc01,01-22 21:00:00+01:00,1115.319796221
2030,sc01,01-22 23:00:00+01:00,823.1085395375
2030,sc01,01-23 01:00:00+01:00,663.4613626205
2030,sc01,01-23 03:00:00+01:00,621.073820039
2030,sc01,01-23 05:00:00+01:00,737.890704969
2030,sc01,01-23 07:00:00+01:00,1052.3655101955
2030,sc01,01-23 09:00:00+01:00,1113.8806945689998
2030,sc01,01-23 11:00:00+01:00,886.4395645115
2030,sc01,01-23 13:00:00+01:00,835.7142777605
2030,sc01,01-23 15:00:00+01:00,761.158288962
2030,sc01,01-23 17:00:00+01:00,925.590993522
2030,sc01,01-23 19:00:00+01:00,1190.368662403
2030,sc01,01-23 21:00:00+01:00,1104.225338216
2030,sc01,01-23 23:00:00+01:00,863.4682587775
2030,sc01,01-24 01:00:00+01:00,718.0107289955
2030,sc01,01-24 03:00:00+01:00,657.659309314
2030,sc01,01-24 05:00:00+01:00,764.525646494
2030,sc01,01-24 07:00:00+01:00,1067.6957628405
2030,sc01,01-24 09:00:00+01:00,1138.0530815524999
2030,sc01,01-24 11:00:00+01:00,918.8315665779999
2030,sc01,01-24 13:00:00+01:00,856.1968352424999
2030,sc01,01-24 15:00:00+01:00,774.039476703
2030,sc01,01-24 17:00:00+01:00,935.9057629335
2030,sc01,01-24 19:00:00+01:00,1193.5931046335
2030,sc01,01-24 21:00:00+01:00,1083.290097926
2030,sc01,01-24 23:00:00+01:00,814.2904135575
2030,sc01,01-25 01:00:00+01:00,673.5353109905
2030,sc01,01-25 03:00:00+01:00,628.611541704
2030,sc01,01-25 05:00:00+01:00,739.202563584
2030,sc01,01-25 07:00:00+01:00,1053.9099624655
2030,sc01,01-25 09:00:00+01:00,1106.767316658
2030,sc01,01-25 11:00:00+01:00,874.6834748785
2030,sc01,01-25 13:00:00+01:00,821.2343520804999
2030,sc01,01-25 15:00:00+01:00,739.4127985355
2030,sc01,01-25 17:00:00+01:00,897.193993117
2030,sc01,01-25 19:00:00+01:00,1140.994094985
2030,sc01,01-25 21:00:00+01:00,1034.624807916
2030,sc01,01-25 23:00:00+01:00,765.5613992275
2030,sc01,01-26 01:00:00+01:00,606.3485994955
2030,sc01,01-26 03:00:00+01:00,548.992221414
2030,sc01,01-26 05:00:00+01:00,672.146486934
2030,sc01,01-26 07:00:00+01:00,990.8493987205001
2030,sc01,01-26 09:00:00+01:00,1052.494095707
2030,sc01,01-26 11:00:00+01:00,831.5066538269999
2030,sc01,01-26 13:00:00+01:00,778.4490805999999
2030,sc01,01-26 15:00:00+01:00,710.2595898679999
2030,sc01,01-26 17:00:00+01:00,887.8746612829999
2030,sc01,01-26 19:00:00+01:00,1158.3291612045
2030,sc01,01-26 21:00:00+01:00,1054.530082361
2030,sc01,01-26 23:00:00+01:00,776.5006662225
2030,sc01,01-27 01:00:00+01:00,603.5595782905
2030,sc01,01-27 03:00:00+01:00,546.5441251740001
2030,sc01,01-27 05:00:00+01:00,667.519019929
2030,sc01,01-27 07:00:00+01:00,997.4055444905
2030,sc01,01-27 09:00:00+01:00,1099.601786446
2030,sc01,01-27 11:00:00+01:00,917.4244184474999
2030,sc01,01-27 13:00:00+01:00,849.5135874569999
2030,sc01,01-27 15:00:00+01:00,773.085169984
2030,sc01,01-27 17:00:00+01:00,950.6177346049999
2030,sc01,01-27 19:00:00+01:00,1165.7349463589999
2030,sc01,01-27 21:00:00+01:00,1024.240844171
2030,sc01,01-27 23:00:00+01:00,728.2093164075
2030,sc01,01-28 01:00:00+01:00,609.3026775655001
2030,sc01,01-28 03:00:00+01:00,586.5326573640001
2030,sc01,01-28 05:00:00+01:00,720.007071489
2030,sc01,01-28 07:00:00+01:00,1013.0386534555
2030,sc01,01-28 09:00:00+01:00,1079.1110526999998
2030,sc01,01-28 11:00:00+01:00,862.7739446415
2030,sc01,01-28 13:00:00+01:00,806.3826938534999
2030,sc01,01-28 15:00:00+01:00,711.782363196
2030,sc01,01-28 17:00:00+01:00,843.5041409209999
2030,sc01,01-28 19:00:00+01:00,1082.2981316045
2030,sc01,01-28 21:00:00+01:00,993.275566686
2030,sc01,01-28 23:00:00+01:00,739.4072148025
2030,sc01,01-29 01:00:00+01:00,628.2424373704999
2030,sc01,01-29 03:00:00+01:00,624.5674004340001
2030,sc01,01-29 05:00:00+01:00,763.1142679440001
2030,sc01,01-29 07:00:00+01:00,1088.3521056055001
2030,sc01,01-29 09:00:00+01:00,1157.3829266425
2030,sc01,01-29 11:00:00+01:00,909.1625488709999
2030,sc01,01-29 13:00:00+01:00,841.4274862455
2030,sc01,01-29 15:00:00+01:00,743.5042923789999
2030,sc01,01-29 17:00:00+01:00,876.3959939455
2030,sc01,01-29 19:00:00+01:00,1122.7649006435
2030,sc01,01-29 21:00:00+01:00,1030.822818946
2030,sc01,01-29 23:00:00+01:00,765.1304251725
2030,sc01,01-30 01:00:00+01:00,626.1785914855
2030,sc01,01-30 03:00:00+01:00,580.0185710290001
2030,sc01,01-30 05:00:00+01:00,713.983662144
2030,sc01,01-30 07:00:00+01:00,1042.0890928105
2030,sc01,01-30 09:00:00+01:00,1121.11349986
2030,sc01,01-30 11:00:00+01:00,880.9150156354999
2030,sc01,01-30 13:00:00+01:00,799.2800959369999
2030,sc01,01-30 15:00:00+01:00,681.510264301
2030,sc01,01-30 17:00:00+01:00,813.6238493019999
2030,sc01,01-30 19:00:00+01:00,1072.344110237
2030,sc01,01-30 21:00:00+01:00,977.521458381
2030,sc01,01-30 23:00:00+01:00,708.6014294275
2030,sc01,01-31 01:00:00+01:00,582.2547649005
2030,sc01,01-31 03:00:00+01:00,545.691622349
2030,sc01,01-31 05:00:00+01:00,660.007328944
2030,sc01,01-31 07:00:00+01:00,971.7706656355001
2030,sc01,01-31 09:00:00+01:00,1046.3239169495
2030,sc01,01-31 11:00:00+01:00,817.9441078445
2030,sc01,01-31 13:00:00+01:00,746.4048612344999
2030,sc01,01-31 15:00:00+01:00,661.4002083
2030,sc01,01-31 17:00:00+01:00,805.922684893
2030,sc01,01-31 19:00:00+01:00,1055.2591844615
2030,sc01,01-31 21:00:00+01:00,957.7427649660001
2030,sc01,01-31 23:00:00+01:00,723.3198798525
2030,sc01,02-01 01:00:00+01:00,609.8212016825001
2030,sc01,02-01 03:00:00+01:00,578.1516097785001
2030,sc01,02-01 05:00:00+01:00,685.837780321
2030,sc01,02-01 07:00:00+01:00,985.6172619970001
2030,sc01,02-01 09:00:00+01:00,1062.8818517079999
2030,sc01,02-01 11:00:00+01:00,833.0450623835001
2030,sc01,02-01 13:00:00+01:00,742.0405609795
2030,sc01,02-01 15:00:00+01:00,645.5114259145
2030,sc01,02-01 17:00:00+01:00,801.1709691684999
2030,sc01,02-01 19:00:00+01:00,1064.1454320285
2030,sc01,02-01 21:00:00+01:00,967.2556136095002
2030,sc01,02-01 23:00:00+01:00,714.6619902900001
2030,sc01,02-02 01:00:00+01:00,588.3264147025001
2030,sc01,02-02 03:00:00+01:00,557.7879289485
2030,sc01,02-02 05:00:00+01:00,666.535108916
2030,sc01,02-02 07:00:00+01:00,982.678988007
2030,sc01,02-02 09:00:00+01:00,1062.3804946149999
2030,sc01,02-02 11:00:00+01:00,789.194819061
2030,sc01,02-02 13:00:00+01:00,704.6857514554999
2030,sc01,02-02 15:00:00+01:00,635.9291522815
2030,sc01,02-02 17:00:00+01:00,789.205793396
2030,sc01,02-02 19:00:00+01:00,1049.1834858935
2030,sc01,02-02 21:00:00+01:00,989.1857434345001
2030,sc01,02-02 23:00:00+01:00,758.9274835000001
2030,sc01,02-03 01:00:00+01:00,649.9894110475001
2030,sc01,02-03 03:00:00+01:00,625.1574353785
2030,sc01,02-03 05:00:00+01:00,706.840909761
2030,sc01,02-03 07:00:00+01:00,1008.423788767
2030,sc01,02-03 09:00:00+01:00,1075.6265336704998
2030,sc01,02-03 11:00:00+01:00,774.0859929380001
2030,sc01,02-03 13:00:00+01:00,683.7809775439999
2030,sc01,02-03 15:00:00+01:00,645.584312525
2030,sc01,02-03 17:00:00+01:00,833.050545535
2030,sc01,02-03 19:00:00+01:00,1110.156297856
2030,sc01,02-03 21:00:00+01:00,1017.8873512495
2030,sc01,02-03 23:00:00+01:00,749.3977040000001
2030,sc01,02-04 01:00:00+01:00,629.6985812945001
2030,sc01,02-04 03:00:00+01:00,597.3885603805
2030,sc01,02-04 05:00:00+01:00,702.509828218
2030,sc01,02-04 07:00:00+01:00,1012.220740359
2030,sc01,02-04 09:00:00+01:00,1091.9079486905
2030,sc01,02-04 11:00:00+01:00,883.0839880780001
2030,sc01,02-04 13:00:00+01:00,795.930907167
2030,sc01,02-04 15:00:00+01:00,695.3147925635
2030,sc01,02-04 17:00:00+01:00,852.6278259469999
2030,sc01,02-04 19:00:00+01:00,1088.626926383
2030,sc01,02-04 21:00:00+01:00,989.9782827665001
2030,sc01,02-04 23:00:00+01:00,736.549871292
2030,sc01,02-05 01:00:00+01:00,614.8926211495001
2030,sc01,02-05 03:00:00+01:00,580.1355874805
2030,sc01,02-05 05:00:00+01:00,704.699135993
2030,sc01,02-05 07:00:00+01:00,1074.833419019
2030,sc01,02-05 09:00:00+01:00,1160.0186972044999
2030,sc01,02-05 11:00:00+01:00,936.284204003
2030,sc01,02-05 13:00:00+01:00,854.92580334
2030,sc01,02-05 15:00:00+01:00,759.631995543
2030,sc01,02-05 17:00:00+01:00,909.5156940475
2030,sc01,02-05 19:00:00+01:00,1139.8236456035
2030,sc01,02-05 21:00:00+01:00,1023.3032781265001
2030,sc01,02-05 23:00:00+01:00,747.5490619770001
2030,sc01,02-06 01:00:00+01:00,613.4563692225
2030,sc01,02-06 03:00:00+01:00,619.0336243085001
2030,sc01,02-06 05:00:00+01:00,737.986249171
2030,sc01,02-06 07:00:00+01:00,1025.983109767
2030,sc01,02-06 09:00:00+01:00,1097.7065910889999
2030,sc01,02-06 11:00:00+01:00,961.53049615
2030,sc01,02-06 13:00:00+01:00,926.5995097425
2030,sc01,02-06 15:00:00+01:00,840.2122566840001
2030,sc01,02-06 17:00:00+01:00,1014.2414989179999
2030,sc01,02-06 19:00:00+01:00,1224.42776989
2030,sc01,02-06 21:00:00+01:00,1109.8766418945002
2030,sc01,02-06 23:00:00+01:00,779.2143920100001
2030,sc01,02-07 01:00:00+01:00,614.5298567985001
2030,sc01,02-07 03:00:00+01:00,604.5838751295
2030,sc01,02-07 05:00:00+01:00,734.796581852
2030,sc01,02-07 07:00:00+01:00,1069.532022268
2030,sc01,02-07 09:00:00+01:00,1129.116827246
2030,sc01,02-07 11:00:00+01:00,925.2262446485
2030,sc01,02-07 13:00:00+01:00,915.94418851
2030,sc01,02-07 15:00:00+01:00,803.4303572205
2030,sc01,02-07 17:00:00+01:00,868.004880838
2030,sc01,02-07 19:00:00+01:00,1105.395415091
2030,sc01,02-07 21:00:00+01:00,1013.0027109605
2030,sc01,02-07 23:00:00+01:00,748.5340663860001
2030,sc01,02-08 01:00:00+01:00,617.1911386285001
2030,sc01,02-08 03:00:00+01:00,582.8164506495
2030,sc01,02-08 05:00:00+01:00,708.654484932
2030,sc01,02-08 07:00:00+01:00,992.968081638
2030,sc01,02-08 09:00:00+01:00,1055.862596127
2030,sc01,02-08 11:00:00+01:00,801.2429938675
2030,sc01,02-08 13:00:00+01:00,715.197528928
2030,sc01,02-08 15:00:00+01:00,656.236722062
2030,sc01,02-08 17:00:00+01:00,795.299022577
2030,sc01,02-08 19:00:00+01:00,1084.9677863504999
2030,sc01,02-08 21:00:00+01:00,1019.1943183205001
2030,sc01,02-08 23:00:00+01:00,730.4562782610001
2030,sc01,02-09 01:00:00+01:00,601.6934066375001
2030,sc01,02-09 03:00:00+01:00,580.7103780635
2030,sc01,02-09 05:00:00+01:00,682.3491135510001
2030,sc01,02-09 07:00:00+01:00,990.438242492
2030,sc01,02-09 09:00:00+01:00,1070.2991739779998
2030,sc01,02-09 11:00:00+01:00,795.1524164815
2030,sc01,02-09 13:00:00+01:00,682.475813209
2030,sc01,02-09 15:00:00+01:00,602.053701195
2030,sc01,02-09 17:00:00+01:00,758.8852631579999
2030,sc01,02-09 19:00:00+01:00,1030.263746438
2030,sc01,02-09 21:00:00+01:00,963.9294437145
2030,sc01,02-09 23:00:00+01:00,709.8255548100001
2030,sc01,02-10 01:00:00+01:00,587.7409851625
2030,sc01,02-10 03:00:00+01:00,563.6004180435
2030,sc01,02-10 05:00:00+01:00,684.6495719809999
2030,sc01,02-10 07:00:00+01:00,994.542098307
2030,sc01,02-10 09:00:00+01:00,1071.1956831789998
2030,sc01,02-10 11:00:00+01:00,821.4571038095
2030,sc01,02-10 13:00:00+01:00,757.5727549974999
2030,sc01,02-10 15:00:00+01:00,661.721980566
2030,sc01,02-10 17:00:00+01:00,803.872212904
2030,sc01,02-10 19:00:00+01:00,1074.9243788065
2030,sc01,02-10 21:00:00+01:00,1006.9178608095001
2030,sc01,02-10 23:00:00+01:00,736.7363336850001
2030,sc01,02-11 01:00:00+01:00,602.4426990045
2030,sc01,02-11 03:00:00+01:00,556.9353777305
2030,sc01,02-11 05:00:00+01:00,672.644436303
2030,sc01,02-11 07:00:00+01:00,982.830094369
2030,sc01,02-11 09:00:00+01:00,1046.4375644539998
2030,sc01,02-11 11:00:00+01:00,790.48388111
2030,sc01,02-11 13:00:00+01:00,694.7461853919999
2030,sc01,02-11 15:00:00+01:00,636.014137913
2030,sc01,02-11 17:00:00+01:00,833.885281686
2030,sc01,02-11 19:00:00+01:00,1125.951934375
2030,sc01,02-11 21:00:00+01:00,1049.9609522365001
2030,sc01,02-11 23:00:00+01:00,798.558973152
2030,sc01,02-12 01:00:00+01:00,630.7873902485001
2030,sc01,02-12 03:00:00+01:00,600.4623808545
2030,sc01,02-12 05:00:00+01:00,739.430804932
2030,sc01,02-12 07:00:00+01:00,1037.798793548
2030,sc01,02-12 09:00:00+01:00,1081.7196668699999
2030,sc01,02-12 11:00:00+01:00,841.5322661074999
2030,sc01,02-12 13:00:00+01:00,794.073835383
2030,sc01,02-12 15:00:00+01:00,711.9673237259999
2030,sc01,02-12 17:00:00+01:00,881.5879178905
2030,sc01,02-12 19:00:00+01:00,1185.585700506
2030,sc01,02-12 21:00:00+01:00,1140.1596246905
2030,sc01,02-12 23:00:00+01:00,886.2628396910001
2030,sc01,02-13 01:00:00+01:00,745.9803133145
2030,sc01,02-13 03:00:00+01:00,690.8920451855
2030,sc01,02-13 05:00:00+01:00,776.669805118
2030,sc01,02-13 07:00:00+01:00,1049.771113109
2030,sc01,02-13 09:00:00+01:00,1100.9349445829998
2030,sc01,02-13 11:00:00+01:00,940.2725661134999
2030,sc01,02-13 13:00:00+01:00,857.8466818914999
2030,sc01,02-13 15:00:00+01:00,779.527632409
2030,sc01,02-13 17:00:00+01:00,941.2852774195
2030,sc01,02-13 19:00:00+01:00,1122.6509045615
2030,sc01,02-13 21:00:00+01:00,1022.7238441615
2030,sc01,02-13 23:00:00+01:00,806.6824730920001
2030,sc01,02-14 01:00:00+01:00,661.7588530585001
2030,sc01,02-14 03:00:00+01:00,607.5404215095
2030,sc01,02-14 05:00:00+01:00,706.671606222
2030,sc01,02-14 07:00:00+01:00,1010.564490708
2030,sc01,02-14 09:00:00+01:00,1106.297352939
2030,sc01,02-14 11:00:00+01:00,900.3112336165
2030,sc01,02-14 13:00:00+01:00,833.256605318
2030,sc01,02-14 15:00:00+01:00,732.276981813
2030,sc01,02-14 17:00:00+01:00,899.2010820029999
2030,sc01,02-14 19:00:00+01:00,1171.9336442009999
2030,sc01,02-14 21:00:00+01:00,1109.2866649255
2030,sc01,02-14 23:00:00+01:00,853.0384536560001
2030,sc01,02-15 01:00:00+01:00,679.0390464085001
2030,sc01,02-15 03:00:00+01:00,607.0256070995
2030,sc01,02-15 05:00:00+01:00,683.098157772
2030,sc01,02-15 07:00:00+01:00,983.970510983
2030,sc01,02-15 09:00:00+01:00,1053.891971696
2030,sc01,02-15 11:00:00+01:00,789.717589246
2030,sc01,02-15 13:00:00+01:00,680.0993761699999
2030,sc01,02-15 15:00:00+01:00,558.2307140304999
2030,sc01,02-15 17:00:00+01:00,708.8688432864999
2030,sc01,02-15 19:00:00+01:00,995.027403436
2030,sc01,02-15 21:00:00+01:00,939.0358340355001
2030,sc01,02-15 23:00:00+01:00,694.6498991860001
2030,sc01,02-16 01:00:00+01:00,564.5161241635001
2030,sc01,02-16 03:00:00+01:00,531.3617563295
2030,sc01,02-16 05:00:00+01:00,650.932506797
2030,sc01,02-16 07:00:00+01:00,963.001217583
2030,sc01,02-16 09:00:00+01:00,1048.5343751839998
2030,sc01,02-16 11:00:00+01:00,819.3893347
2030,sc01,02-16 13:00:00+01:00,764.6465609124999
2030,sc01,02-16 15:00:00+01:00,641.987326794
2030,sc01,02-16 17:00:00+01:00,789.4703612129999
2030,sc01,02-16 19:00:00+01:00,1038.382551169
2030,sc01,02-16 21:00:00+01:00,949.4380081905001
2030,sc01,02-16 23:00:00+01:00,712.8105054910001
2030,sc01,02-17 01:00:00+01:00,630.9327304465
2030,sc01,02-17 03:00:00+01:00,634.7480089825001
2030,sc01,02-17 05:00:00+01:00,773.53800503
2030,sc01,02-17 07:00:00+01:00,1099.689783726
2030,sc01,02-17 09:00:00+01:00,1173.286283557
2030,sc01,02-17 11:00:00+01:00,926.099526942
2030,sc01,02-17 13:00:00+01:00,842.4333327955
2030,sc01,02-17 15:00:00+01:00,720.7887126344999
2030,sc01,02-17 17:00:00+01:00,854.150825018
2030,sc01,02-17 19:00:00+01:00,1089.512525815
2030,sc01,02-17 21:00:00+01:00,1024.9385119235
2030,sc01,02-17 23:00:00+01:00,777.1273964940001
2030,sc01,02-18 01:00:00+01:00,658.6547952735001
2030,sc01,02-18 03:00:00+01:00,600.2879124595
2030,sc01,02-18 05:00:00+01:00,730.6312539969999
2030,sc01,02-18 07:00:00+01:00,1056.706563558
2030,sc01,02-18 09:00:00+01:00,1139.5811614319998
2030,sc01,02-18 11:00:00+01:00,922.021614215
2030,sc01,02-18 13:00:00+01:00,850.185557942
2030,sc01,02-18 15:00:00+01:00,745.957905905
2030,sc01,02-18 17:00:00+01:00,876.0545101175
2030,sc01,02-18 19:00:00+01:00,1121.976110506
2030,sc01,02-18 21:00:00+01:00,1061.4131078255
2030,sc01,02-18 23:00:00+01:00,832.8531001760001
2030,sc01,02-19 01:00:00+01:00,676.2751552405001
2030,sc01,02-19 03:00:00+01:00,600.6389901165
2030,sc01,02-19 05:00:00+01:00,753.805185769
2030,sc01,02-19 07:00:00+01:00,1121.591228745
2030,sc01,02-19 09:00:00+01:00,1203.9249175749999
2030,sc01,02-19 11:00:00+01:00,970.2147053135
2030,sc01,02-19 13:00:00+01:00,868.0685700035
2030,sc01,02-19 15:00:00+01:00,736.4598044295
2030,sc01,02-19 17:00:00+01:00,847.706553455
2030,sc01,02-19 19:00:00+01:00,1124.0758649885
2030,sc01,02-19 21:00:00+01:00,1072.5845697325
2030,sc01,02-19 23:00:00+01:00,832.1176786630001
2030,sc01,02-20 01:00:00+01:00,690.7581227115
2030,sc01,02-20 03:00:00+01:00,668.1278212475
2030,sc01,02-20 05:00:00+01:00,790.18381898
2030,sc01,02-20 07:00:00+01:00,1099.149156901
2030,sc01,02-20 09:00:00+01:00,1191.4250288165
2030,sc01,02-20 11:00:00+01:00,973.6594771265
2030,sc01,02-20 13:00:00+01:00,850.2484575679999
2030,sc01,02-20 15:00:00+01:00,686.996069574
2030,sc01,02-20 17:00:00+01:00,782.1875005575
2030,sc01,02-20 19:00:00+01:00,1052.7243227945
2030,sc01,02-20 21:00:00+01:00,956.3722064485
2030,sc01,02-20 23:00:00+01:00,732.142264209
2030,sc01,02-21 01:00:00+01:00,631.9242018055
2030,sc01,02-21 03:00:00+01:00,590.6354284465001
2030,sc01,02-21 05:00:00+01:00,754.109027884
2030,sc01,02-21 07:00:00+01:00,1073.63985294
2030,sc01,02-21 09:00:00+01:00,1160.840651111
2030,sc01,02-21 11:00:00+01:00,916.715585439
2030,sc01,02-21 13:00:00+01:00,803.8588322265
2030,sc01,02-21 15:00:00+01:00,693.2138374795
2030,sc01,02-21 17:00:00+01:00,866.211585006
2030,sc01,02-21 19:00:00+01:00,1159.767235691
2030,sc01,02-21 21:00:00+01:00,1086.0825259225
2030,sc01,02-21 23:00:00+01:00,823.178312653
2030,sc01,02-22 01:00:00+01:00,688.4577577915001
2030,sc01,02-22 03:00:00+01:00,646.8471768125
2030,sc01,02-22 05:00:00+01:00,767.087032305
2030,sc01,02-22 07:00:00+01:00,1091.180516461
2030,sc01,02-22 09:00:00+01:00,1148.4493758274998
2030,sc01,02-22 11:00:00+01:00,919.024476496
2030,sc01,02-22 13:00:00+01:00,847.4507526594999
2030,sc01,02-22 15:00:00+01:00,721.429663588
2030,sc01,02-22 17:00:00+01:00,876.7278104694999
2030,sc01,02-22 19:00:00+01:00,1175.0598061265
2030,sc01,02-22 21:00:00+01:00,1132.9204313535001
2030,sc01,02-22 23:00:00+01:00,876.3058054190001
2030,sc01,02-23 01:00:00+01:00,758.6196046505
2030,sc01,02-23 03:00:00+01:00,721.6959451315
2030,sc01,02-23 05:00:00+01:00,827.505435354
2030,sc01,02-23 07:00:00+01:00,1131.372830145
2030,sc01,02-23 09:00:00+01:00,1186.5341040659998
2030,sc01,02-23 11:00:00+01:00,927.438061821
2030,sc01,02-23 13:00:00+01:00,863.0322032225
2030,sc01,02-23 15:00:00+01:00,755.49879723
2030,sc01,02-23 17:00:00+01:00,907.8165149514999
2030,sc01,02-23 19:00:00+01:00,1228.417687739
2030,sc01,02-23 21:00:00+01:00,1183.343679652
2030,sc01,02-23 23:00:00+01:00,945.3333599275
2030,sc01,02-24 01:00:00+01:00,807.8334033010001
2030,sc01,02-24 03:00:00+01:00,761.373403918
2030,sc01,02-24 05:00:00+01:00,874.839367478
2030,sc01,02-24 07:00:00+01:00,1186.5990154745
2030,sc01,02-24 09:00:00+01:00,1250.5304865834999
2030,sc01,02-24 11:00:00+01:00,975.3708459970001
2030,sc01,02-24 13:00:00+01:00,874.7215011785
2030,sc01,02-24 15:00:00+01:00,753.4250954335
2030,sc01,02-24 17:00:00+01:00,912.409323349
2030,sc01,02-24 19:00:00+01:00,1204.188439749
2030,sc01,02-24 21:00:00+01:00,1168.3584432455
2030,sc01,02-24 23:00:00+01:00,930.7432141145001
2030,sc01,02-25 01:00:00+01:00,796.2872927290001
2030,sc01,02-25 03:00:00+01:00,761.9603979945001
2030,sc01,02-25 05:00:00+01:00,879.5971162725
2030,sc01,02-25 07:00:00+01:00,1200.7624693465
2030,sc01,02-25 09:00:00+01:00,1263.6094904059998
2030,sc01,02-25 11:00:00+01:00,985.029821449
2030,sc01,02-25 13:00:00+01:00,892.3566550229999
2030,sc01,02-25 15:00:00+01:00,779.9872987235
2030,sc01,02-25 17:00:00+01:00,899.240836509
2030,sc01,02-25 19:00:00+01:00,1170.9756630495
2030,sc01,02-25 21:00:00+01:00,1147.7475525465002
2030,sc01,02-25 23:00:00+01:00,920.812514272
2030,sc01,02-26 01:00:00+01:00,790.6978353735001
2030,sc01,02-26 03:00:00+01:00,753.9717211545001
2030,sc01,02-26 05:00:00+01:00,877.063238582
2030,sc01,02-26 07:00:00+01:00,1188.2398093415
2030,sc01,02-26 09:00:00+01:00,1252.3104168349998
2030,sc01,02-26 11:00:00+01:00,973.245086809
2030,sc01,02-26 13:00:00+01:00,870.6829961564999
2030,sc01,02-26 15:00:00+01:00,752.675216722
2030,sc01,02-26 17:00:00+01:00,887.306101506
2030,sc01,02-26 19:00:00+01:00,1137.656584877
2030,sc01,02-26 21:00:00+01:00,1081.2599783105002
2030,sc01,02-26 23:00:00+01:00,844.8109036660001
2030,sc01,02-27 01:00:00+01:00,738.1355256655
2030,sc01,02-27 03:00:00+01:00,728.7120831115001
2030,sc01,02-27 05:00:00+01:00,853.141810614
2030,sc01,02-27 07:00:00+01:00,1146.497883915
2030,sc01,02-27 09:00:00+01:00,1208.5917600424998
2030,sc01,02-27 11:00:00+01:00,959.2223099665
2030,sc01,02-27 13:00:00+01:00,866.18980969
2030,sc01,02-27 15:00:00+01:00,745.0345504835
2030,sc01,02-27 17:00:00+01:00,890.1113659409999
2030,sc01,02-27 19:00:00+01:00,1167.8253813259998
2030,sc01,02-27 21:00:00+01:00,1122.8630506075
2030,sc01,02-27 23:00:00+01:00,886.5063761880001
2030,sc01,02-28 01:00:00+01:00,752.8219848165
2030,sc01,02-28 03:00:00+01:00,718.1892134925
2030,sc01,02-28 05:00:00+01:00,840.89201276
2030,sc01,02-28 07:00:00+01:00,1152.231080451
2030,sc01,02-28 09:00:00+01:00,1211.080905005
2030,sc01,02-28 11:00:00+01:00,948.8505094635
2030,sc01,02-28 13:00:00+01:00,854.67859269
2030,sc01,02-28 15:00:00+01:00,745.066805018
2030,sc01,02-28 17:00:00+01:00,885.7221518324999
2030,sc01,02-28 19:00:00+01:00,1155.5301492485
2030,sc01,02-28 21:00:00+01:00,1102.1761568785
2030,sc01,02-28 23:00:00+01:00,876.655797824
2030,sc01,03-01 01:00:00+01:00,751.1202772570001
2030,sc01,03-01 03:00:00+01:00,686.3319859540001
2030,sc01,03-01 05:00:00+01:00,756.271921926
2030,sc01,03-01 07:00:00+01:00,1054.5653697065
2030,sc01,03-01 09:00:00+01:00,1179.5911514284999
2030,sc01,03-01 11:00:00+01:00,936.4732231464999
2030,sc01,03-01 13:00:00+01:00,853.1914593239999
2030,sc01,03-01 15:00:00+01:00,740.7736788619998
2030,sc01,03-01 17:00:00+01:00,845.1951534749999
2030,sc01,03-01 19:00:00+01:00,1091.4496680485
2030,sc01,03-01 21:00:00+01:00,1030.690331121
2030,sc01,03-01 23:00:00+01:00,799.521424058
2030,sc01,03-02 01:00:00+01:00,687.501633311
2030,sc01,03-02 03:00:00+01:00,652.829441048
2030,sc01,03-02 05:00:00+01:00,787.009832875
2030,sc01,03-02 07:00:00+01:00,1113.9027416105
2030,sc01,03-02 09:00:00+01:00,1174.6476882724999
2030,sc01,03-02 11:00:00+01:00,887.9813949919999
2030,sc01,03-02 13:00:00+01:00,798.4365761189999
2030,sc01,03-02 15:00:00+01:00,692.2169607239998
2030,sc01,03-02 17:00:00+01:00,830.4986857414999
2030,sc01,03-02 19:00:00+01:00,1090.5174028264998
2030,sc01,03-02 21:00:00+01:00,1013.27816925
2030,sc01,03-02 23:00:00+01:00,786.872652747
2030,sc01,03-03 01:00:00+01:00,656.800536708
2030,sc01,03-03 03:00:00+01:00,627.35373615
2030,sc01,03-03 05:00:00+01:00,754.068827507
2030,sc01,03-03 07:00:00+01:00,1031.4830119375
2030,sc01,03-03 09:00:00+01:00,1063.6976379695
2030,sc01,03-03 11:00:00+01:00,816.9061802879999
2030,sc01,03-03 13:00:00+01:00,743.7513767815
2030,sc01,03-03 15:00:00+01:00,638.7788546199998
2030,sc01,03-03 17:00:00+01:00,767.0574623769999
2030,sc01,03-03 19:00:00+01:00,1017.6618730319999
2030,sc01,03-03 21:00:00+01:00,952.381318232
2030,sc01,03-03 23:00:00+01:00,710.146688329
2030,sc01,03-04 01:00:00+01:00,591.326601596
2030,sc01,03-04 03:00:00+01:00,550.903292263
2030,sc01,03-04 05:00:00+01:00,659.40916803
2030,sc01,03-04 07:00:00+01:00,979.6397023505
2030,sc01,03-04 09:00:00+01:00,1098.8146265824998
2030,sc01,03-04 11:00:00+01:00,862.6558361474998
2030,sc01,03-04 13:00:00+01:00,805.1764613349999
2030,sc01,03-04 15:00:00+01:00,663.4705913674999
2030,sc01,03-04 17:00:00+01:00,759.3136866769999
2030,sc01,03-04 19:00:00+01:00,1038.195434435
2030,sc01,03-04 21:00:00+01:00,967.52498133
2030,sc01,03-04 23:00:00+01:00,723.0536288769999
2030,sc01,03-05 01:00:00+01:00,593.531307284
2030,sc01,03-05 03:00:00+01:00,544.588060476
2030,sc01,03-05 05:00:00+01:00,660.052628553
2030,sc01,03-05 07:00:00+01:00,980.1525280535
2030,sc01,03-05 09:00:00+01:00,1065.4562414524999
2030,sc01,03-05 11:00:00+01:00,879.3288986944999
2030,sc01,03-05 13:00:00+01:00,851.9441930605
2030,sc01,03-05 15:00:00+01:00,745.4012549024999
2030,sc01,03-05 17:00:00+01:00,857.2278037304999
2030,sc01,03-05 19:00:00+01:00,1086.573311599
2030,sc01,03-05 21:00:00+01:00,999.931813743
2030,sc01,03-05 23:00:00+01:00,756.77636789
2030,sc01,03-06 01:00:00+01:00,608.839896384
2030,sc01,03-06 03:00:00+01:00,570.057487546
2030,sc01,03-06 05:00:00+01:00,690.310935968
2030,sc01,03-06 07:00:00+01:00,992.4055376085
2030,sc01,03-06 09:00:00+01:00,1033.7242519485
2030,sc01,03-06 11:00:00+01:00,832.7182737214999
2030,sc01,03-06 13:00:00+01:00,828.673275377
2030,sc01,03-06 15:00:00+01:00,755.0881496509999
2030,sc01,03-06 17:00:00+01:00,887.3829199254999
2030,sc01,03-06 19:00:00+01:00,1102.4753949249998
2030,sc01,03-06 21:00:00+01:00,996.575558658
2030,sc01,03-06 23:00:00+01:00,748.663094575
2030,sc01,03-07 01:00:00+01:00,618.460365391
2030,sc01,03-07 03:00:00+01:00,597.508012533
2030,sc01,03-07 05:00:00+01:00,719.501134105
2030,sc01,03-07 07:00:00+01:00,1035.1339609655
2030,sc01,03-07 09:00:00+01:00,1116.6563386545
2030,sc01,03-07 11:00:00+01:00,908.0134049889999
2030,sc01,03-07 13:00:00+01:00,860.7975457774999
2030,sc01,03-07 15:00:00+01:00,773.5068612909998
2030,sc01,03-07 17:00:00+01:00,887.9263354459999
2030,sc01,03-07 19:00:00+01:00,1102.9779171854998
2030,sc01,03-07 21:00:00+01:00,1042.107850705
2030,sc01,03-07 23:00:00+01:00,783.324022937
2030,sc01,03-08 01:00:00+01:00,626.752503029
2030,sc01,03-08 03:00:00+01:00,605.287169666
2030,sc01,03-08 05:00:00+01:00,728.338114408
2030,sc01,03-08 07:00:00+01:00,1041.5685355485
2030,sc01,03-08 09:00:00+01:00,1093.580829372
2030,sc01,03-08 11:00:00+01:00,875.5300453014999
2030,sc01,03-08 13:00:00+01:00,832.6647744554999
2030,sc01,03-08 15:00:00+01:00,758.5308905509999
2030,sc01,03-08 17:00:00+01:00,906.8987254439999
2030,sc01,03-08 19:00:00+01:00,1153.7607925839998
2030,sc01,03-08 21:00:00+01:00,1091.473478898
2030,sc01,03-08 23:00:00+01:00,861.74474072
2030,sc01,03-09 01:00:00+01:00,715.872269878
2030,sc01,03-09 03:00:00+01:00,652.99570725
2030,sc01,03-09 05:00:00+01:00,757.611215162
2030,sc01,03-09 07:00:00+01:00,1064.9280222875
2030,sc01,03-09 09:00:00+01:00,1136.6816361525
2030,sc01,03-09 11:00:00+01:00,948.434594891
2030,sc01,03-09 13:00:00+01:00,876.9902368984999
2030,sc01,03-09 15:00:00+01:00,780.2766412619999
2030,sc01,03-09 17:00:00+01:00,918.4795357879999
2030,sc01,03-09 19:00:00+01:00,1131.7729140555
2030,sc01,03-09 21:00:00+01:00,1050.611627072
2030,sc01,03-09 23:00:00+01:00,817.409915144
2030,sc01,03-10 01:00:00+01:00,672.673434112
2030,sc01,03-10 03:00:00+01:00,610.402252269
2030,sc01,03-10 05:00:00+01:00,711.528855331
2030,sc01,03-10 07:00:00+01:00,1023.6695911365
2030,sc01,03-10 09:00:00+01:00,1092.454642073
2030,sc01,03-10 11:00:00+01:00,885.457822247
2030,sc01,03-10 13:00:00+01:00,835.1750483975
2030,sc01,03-10 15:00:00+01:00,748.7001641039999
2030,sc01,03-10 17:00:00+01:00,888.7633908524999
2030,sc01,03-10 19:00:00+01:00,1106.0816591599998
2030,sc01,03-10 21:00:00+01:00,1013.966834446
2030,sc01,03-10 23:00:00+01:00,764.1235244229999
2030,sc01,03-11 01:00:00+01:00,608.453336548
2030,sc01,03-11 03:00:00+01:00,569.52436179
2030,sc01,03-11 05:00:00+01:00,685.202406272
2030,sc01,03-11 07:00:00+01:00,985.4744932174999
2030,sc01,03-11 09:00:00+01:00,1027.033469522
2030,sc01,03-11 11:00:00+01:00,816.4344037745
2030,sc01,03-11 13:00:00+01:00,768.9623308734999
2030,sc01,03-11 15:00:00+01:00,686.8212734609999
2030,sc01,03-11 17:00:00+01:00,831.744994273
2030,sc01,03-11 19:00:00+01:00,1070.63163732
2030,sc01,03-11 21:00:00+01:00,991.642270747
2030,sc01,03-11 23:00:00+01:00,721.015283794
2030,sc01,03-12 01:00:00+01:00,594.4369649439999
2030,sc01,03-12 03:00:00+01:00,571.063089106
2030,sc01,03-12 05:00:00+01:00,700.206075923
2030,sc01,03-12 07:00:00+01:00,1020.0797541635
2030,sc01,03-12 09:00:00+01:00,1104.472330603
2030,sc01,03-12 11:00:00+01:00,910.095017892
2030,sc01,03-12 13:00:00+01:00,835.9460035655
2030,sc01,03-12 15:00:00+01:00,763.4090009089999
2030,sc01,03-12 17:00:00+01:00,935.701953336
2030,sc01,03-12 19:00:00+01:00,1185.8064258359998
2030,sc01,03-12 21:00:00+01:00,1098.071177963
2030,sc01,03-12 23:00:00+01:00,807.402902115
2030,sc01,03-13 01:00:00+01:00,655.34855513
2030,sc01,03-13 03:00:00+01:00,621.568502892
2030,sc01,03-13 05:00:00+01:00,738.5337780039999
2030,sc01,03-13 07:00:00+01:00,1046.6120904195
2030,sc01,03-13 09:00:00+01:00,1108.2852291269999
2030,sc01,03-13 11:00:00+01:00,902.6528839465
2030,sc01,03-13 13:00:00+01:00,838.3701909064999
2030,sc01,03-13 15:00:00+01:00,755.2508399169999
2030,sc01,03-13 17:00:00+01:00,881.0457826474999
2030,sc01,03-13 19:00:00+01:00,1110.7568015564998
2030,sc01,03-13 21:00:00+01:00,1014.248976544
2030,sc01,03-13 23:00:00+01:00,742.363434881
2030,sc01,03-14 01:00:00+01:00,604.778126619
2030,sc01,03-14 03:00:00+01:00,586.941891536
2030,sc01,03-14 05:00:00+01:00,748.042609283
2030,sc01,03-14 07:00:00+01:00,1081.2346640135
2030,sc01,03-14 09:00:00+01:00,1156.254960167
2030,sc01,03-14 11:00:00+01:00,937.0458470715
2030,sc01,03-14 13:00:00+01:00,855.3799731295
2030,sc01,03-14 15:00:00+01:00,746.6556384304998
2030,sc01,03-14 17:00:00+01:00,857.5613194695
2030,sc01,03-14 19:00:00+01:00,1048.5009751535
2030,sc01,03-14 21:00:00+01:00,963.2038020529999
2030,sc01,03-14 23:00:00+01:00,721.529945875
2030,sc01,03-15 01:00:00+01:00,587.945486575
2030,sc01,03-15 03:00:00+01:00,551.648324957
2030,sc01,03-15 05:00:00+01:00,675.852679359
2030,sc01,03-15 07:00:00+01:00,1022.6753594945
2030,sc01,03-15 09:00:00+01:00,1145.969882812
2030,sc01,03-15 11:00:00+01:00,917.847035647
2030,sc01,03-15 13:00:00+01:00,835.0986776999999
2030,sc01,03-15 15:00:00+01:00,707.7506861305
2030,sc01,03-15 17:00:00+01:00,830.606208436
2030,sc01,03-15 19:00:00+01:00,1086.4777572715
2030,sc01,03-15 21:00:00+01:00,995.234946974
2030,sc01,03-15 23:00:00+01:00,747.953353346
2030,sc01,03-16 01:00:00+01:00,601.033164185
2030,sc01,03-16 03:00:00+01:00,549.330655632
2030,sc01,03-16 05:00:00+01:00,666.662345424
2030,sc01,03-16 07:00:00+01:00,979.7302696295
2030,sc01,03-16 09:00:00+01:00,1047.80214625
2030,sc01,03-16 11:00:00+01:00,802.5304776004999
2030,sc01,03-16 13:00:00+01:00,731.243821971
2030,sc01,03-16 15:00:00+01:00,652.159015398
2030,sc01,03-16 17:00:00+01:00,810.869158505
2030,sc01,03-16 19:00:00+01:00,1079.0111298005
2030,sc01,03-16 21:00:00+01:00,995.6701669439999
2030,sc01,03-16 23:00:00+01:00,752.170609821
2030,sc01,03-17 01:00:00+01:00,646.480958966
2030,sc01,03-17 03:00:00+01:00,619.7679303929999
2030,sc01,03-17 05:00:00+01:00,736.74276416
2030,sc01,03-17 07:00:00+01:00,1042.6831266355
2030,sc01,03-17 09:00:00+01:00,1107.823956295
2030,sc01,03-17 11:00:00+01:00,866.8910271474999
2030,sc01,03-17 13:00:00+01:00,813.795238781
2030,sc01,03-17 15:00:00+01:00,732.3436626914998
2030,sc01,03-17 17:00:00+01:00,862.180135395
2030,sc01,03-17 19:00:00+01:00,1085.253374108
2030,sc01,03-17 21:00:00+01:00,1001.75865451
2030,sc01,03-17 23:00:00+01:00,744.896114047
2030,sc01,03-18 01:00:00+01:00,606.274696761
2030,sc01,03-18 03:00:00+01:00,578.0928233179999
2030,sc01,03-18 05:00:00+01:00,708.437012925
2030,sc01,03-18 07:00:00+01:00,1035.4860461805
2030,sc01,03-18 09:00:00+01:00,1121.9736922815
2030,sc01,03-18 11:00:00+01:00,929.0515495989999
2030,sc01,03-18 13:00:00+01:00,865.822282024
2030,sc01,03-18 15:00:00+01:00,740.3058822134999
2030,sc01,03-18 17:00:00+01:00,858.6269441474999
2030,sc01,03-18 19:00:00+01:00,1070.9020655035
2030,sc01,03-18 21:00:00+01:00,990.4449849949999
2030,sc01,03-18 23:00:00+01:00,729.5136486419999
2030,sc01,03-19 01:00:00+01:00,605.694035699
2030,sc01,03-19 03:00:00+01:00,579.487615271
2030,sc01,03-19 05:00:00+01:00,701.777054738
2030,sc01,03-19 07:00:00+01:00,1026.2643715885
2030,sc01,03-19 09:00:00+01:00,1098.0737308005
2030,sc01,03-19 11:00:00+01:00,871.7724919044999
2030,sc01,03-19 13:00:00+01:00,808.622291886
2030,sc01,03-19 15:00:00+01:00,722.5189895724999
2030,sc01,03-19 17:00:00+01:00,845.5032595495
2030,sc01,03-19 19:00:00+01:00,1056.4094695939998
2030,sc01,03-19 21:00:00+01:00,971.269576433
2030,sc01,03-19 23:00:00+01:00,713.629599635
2030,sc01,03-20 01:00:00+01:00,588.576821409
2030,sc01,03-20 03:00:00+01:00,559.047179251
2030,sc01,03-20 05:00:00+01:00,674.196312123
2030,sc01,03-20 07:00:00+01:00,988.6757293784999
2030,sc01,03-20 09:00:00+01:00,1075.857341427
2030,sc01,03-20 11:00:00+01:00,855.6310879014999
2030,sc01,03-20 13:00:00+01:00,812.3585353039999
2030,sc01,03-20 15:00:00+01:00,698.5916064889999
2030,sc01,03-20 17:00:00+01:00,795.9056665699999
2030,sc01,03-20 19:00:00+01:00,1033.42018022
2030,sc01,03-20 21:00:00+01:00,976.494097823
2030,sc01,03-20 23:00:00+01:00,726.9024987199999
2030,sc01,03-21 01:00:00+01:00,597.5000179079999
2030,sc01,03-21 03:00:00+01:00,565.437335265
2030,sc01,03-21 05:00:00+01:00,700.1912456819999
2030,sc01,03-21 07:00:00+01:00,1040.2017993825
2030,sc01,03-21 09:00:00+01:00,1127.9339370455
2030,sc01,03-21 11:00:00+01:00,888.6779106329999
2030,sc01,03-21 13:00:00+01:00,827.527361588
2030,sc01,03-21 15:00:00+01:00,731.1382474744998
2030,sc01,03-21 17:00:00+01:00,845.645515536
2030,sc01,03-21 19:00:00+01:00,1084.336011996
2030,sc01,03-21 21:00:00+01:00,1007.172766677
2030,sc01,03-21 23:00:00+01:00,752.4895968789999
2030,sc01,03-22 01:00:00+01:00,640.7914286619999
2030,sc01,03-22 03:00:00+01:00,614.438442314
2030,sc01,03-22 05:00:00+01:00,734.529393856
2030,sc01,03-22 07:00:00+01:00,1052.6187920715
2030,sc01,03-22 09:00:00+01:00,1117.2658893149999
2030,sc01,03-22 11:00:00+01:00,872.8244898559999
2030,sc01,03-22 13:00:00+01:00,794.4632821214999
2030,sc01,03-22 15:00:00+01:00,728.8643668989998
2030,sc01,03-22 17:00:00+01:00,880.6460768584999
2030,sc01,03-22 19:00:00+01:00,1118.6868231899998
2030,sc01,03-22 21:00:00+01:00,1018.092238581
2030,sc01,03-22 23:00:00+01:00,726.9524029429999
2030,sc01,03-23 01:00:00+01:00,598.542579352
2030,sc01,03-23 03:00:00+01:00,567.8595275839999
2030,sc01,03-23 05:00:00+01:00,696.2410091309999
2030,sc01,03-23 07:00:00+01:00,1025.1444191915
2030,sc01,03-23 09:00:00+01:00,1064.0247710935
2030,sc01,03-23 11:00:00+01:00,827.5714607449999
2030,sc01,03-23 13:00:00+01:00,777.0934528134999
2030,sc01,03-23 15:00:00+01:00,716.3563680759999
2030,sc01,03-23 17:00:00+01:00,903.7788618454999
2030,sc01,03-23 19:00:00+01:00,1175.898977674
2030,sc01,03-23 21:00:00+01:00,1079.2360483359998
2030,sc01,03-23 23:00:00+01:00,783.052435268
2030,sc01,03-24 01:00:00+01:00,622.852610489
2030,sc01,03-24 03:00:00+01:00,562.773544186
2030,sc01,03-24 05:00:00+01:00,684.094374473
2030,sc01,03-24 07:00:00+01:00,991.6851960084999
2030,sc01,03-24 09:00:00+01:00,1048.7286697205
2030,sc01,03-24 11:00:00+01:00,817.7315873154998
2030,sc01,03-24 13:00:00+01:00,774.954093086
2030,sc01,03-24 15:00:00+01:00,706.0753466634999
2030,sc01,03-24 17:00:00+01:00,894.2212537339999
2030,sc01,03-24 19:00:00+01:00,1170.8231181479998
2030,sc01,03-24 21:00:00+01:00,1095.124914653
2030,sc01,03-24 23:00:00+01:00,817.0899791149999
2030,sc01,03-25 01:00:00+01:00,676.173602779
2030,sc01,03-25 03:00:00+01:00,628.1224960359999
2030,sc01,03-25 05:00:00+01:00,734.388462978
2030,sc01,03-25 07:00:00+01:00,1045.1177058485
2030,sc01,03-25 09:00:00+01:00,1108.733567199
2030,sc01,03-25 11:00:00+01:00,869.6872051574999
2030,sc01,03-25 13:00:00+01:00,814.288258706
2030,sc01,03-25 15:00:00+01:00,757.6086301619998
2030,sc01,03-25 17:00:00+01:00,901.324936131
2030,sc01,03-25 19:00:00+01:00,1119.9417151735
2030,sc01,03-25 21:00:00+01:00,1040.7040651329999
2030,sc01,03-25 23:00:00+01:00,773.2250580849999
2030,sc01,03-26 01:00:00+01:00,640.7266371779999
2030,sc01,03-26 03:00:00+01:00,622.1862486499999
2030,sc01,03-26 05:00:00+01:00,752.527252087
2030,sc01,03-26 07:00:00+01:00,1074.8415706475
2030,sc01,03-26 09:00:00+01:00,1147.15518047
2030,sc01,03-26 11:00:00+01:00,909.8843093314999
2030,sc01,03-26 13:00:00+01:00,847.0838714434999
2030,sc01,03-26 15:00:00+01:00,753.0541618449998
2030,sc01,03-26 17:00:00+01:00,911.563645387
2030,sc01,03-26 19:00:00+01:00,1164.818810029
2030,sc01,03-26 21:00:00+01:00,1057.912479592
2030,sc01,03-26 23:00:00+01:00,773.3458044489998
2030,sc01,03-27 01:00:00+01:00,656.7299192539999
2030,sc01,03-27 03:00:00+01:00,626.164757401
2030,sc01,03-27 05:00:00+01:00,770.3020694029999
2030,sc01,03-27 07:00:00+01:00,1101.8213615334998
2030,sc01,03-27 09:00:00+01:00,1178.889221
2030,sc01,03-27 11:00:00+01:00,965.0330920119999
2030,sc01,03-27 13:00:00+01:00,908.4947133459999
2030,sc01,03-27 15:00:00+01:00,819.3392849599999
2030,sc01,03-27 17:00:00+01:00,969.6929685054998
2030,sc01,03-27 19:00:00+01:00,1190.917740767
2030,sc01,03-27 21:00:00+01:00,1105.006842323
2030,sc01,03-27 23:00:00+01:00,871.2730325849999
2030,sc01,03-28 01:00:00+01:00,724.8258724409999
2030,sc01,03-28 03:00:00+01:00,653.480351793
2030,sc01,03-28 05:00:00+01:00,744.9176767099999
2030,sc01,03-28 07:00:00+01:00,1056.2299967605
2030,sc01,03-28 09:00:00+01:00,1115.578572666
2030,sc01,03-28 11:00:00+01:00,891.0964336739999
2030,sc01,03-28 13:00:00+01:00,808.9187352524999
2030,sc01,03-28 15:00:00+01:00,677.3639540434998
2030,sc01,03-28 17:00:00+01:00,802.9709703554998
2030,sc01,03-28 19:00:00+01:00,1074.2593303689998
2030,sc01,03-28 21:00:00+01:00,1003.45917929
2030,sc01,03-28 23:00:00+01:00,763.3465682219999
2030,sc01,03-29 01:00:00+01:00,656.217603117
2030,sc01,03-29 03:00:00+01:00,638.110539809
2030,sc01,03-29 05:00:00+01:00,754.715772711
2030,sc01,03-29 07:00:00+01:00,1072.7733087665
2030,sc01,03-29 09:00:00+01:00,1145.9979476674998
2030,sc01,03-29 11:00:00+01:00,906.9961949724998
2030,sc01,03-29 13:00:00+01:00,869.5557884549999
2030,sc01,03-29 15:00:00+01:00,693.2836016754998
2030,sc01,03-29 17:00:00+01:00,851.9970184534999
2030,sc01,03-29 19:00:00+01:00,1096.6589381395
2030,sc01,03-29 21:00:00+01:00,1017.214553661
2030,sc01,03-29 23:00:00+01:00,751.9945726529999
2030,sc01,03-30 01:00:00+01:00,643.0838830329999
2030,sc01,03-30 03:00:00+01:00,608.5773738899999
2030,sc01,03-30 05:00:00+01:00,728.477152542
2030,sc01,03-30 07:00:00+01:00,1088.0319456825
2030,sc01,03-30 09:00:00+01:00,1160.870661018
2030,sc01,03-30 11:00:00+01:00,959.7352043049998
2030,sc01,03-30 13:00:00+01:00,905.9517225899998
2030,sc01,03-30 15:00:00+01:00,795.9316682279998
2030,sc01,03-30 17:00:00+01:00,872.0755279459999
2030,sc01,03-30 19:00:00+01:00,1147.9902398615
2030,sc01,03-30 21:00:00+01:00,1095.3053396169998
2030,sc01,03-30 23:00:00+01:00,820.539460109
2030,sc01,03-31 01:00:00+01:00,695.4991070639999
2030,sc01,03-31 03:00:00+01:00,650.2295655159999
2030,sc01,03-31 05:00:00+01:00,787.3603919379999
2030,sc01,03-31 07:00:00+01:00,1121.5784077135
2030,sc01,03-31 09:00:00+01:00,1160.7602024985
2030,sc01,03-31 11:00:00+01:00,909.0904909224998
2030,sc01,03-31 13:00:00+01:00,857.6533646369999
2030,sc01,03-31 15:00:00+01:00,760.5456242244998
2030,sc01,03-31 17:00:00+01:00,894.1728534809998
2030,sc01,03-31 19:00:00+01:00,1137.8590161969998
2030,sc01,03-31 21:00:00+01:00,1066.0483285179998
2030,sc01,03-31 23:00:00+01:00,799.6112136049999
2030,sc01,04-01 01:00:00+01:00,802.9720465375
2030,sc01,04-01 03:00:00+01:00,740.2572323969998
2030,sc01,04-01 05:00:00+01:00,898.0538390075
2030,sc01,04-01 07:00:00+01:00,1298.975933855
2030,sc01,04-01 09:00:00+01:00,1397.4797970379998
2030,sc01,04-01 11:00:00+01:00,1141.0045288014999
2030,sc01,04-01 13:00:00+01:00,1060.5732172145
2030,sc01,04-01 15:00:00+01:00,914.6129246634998
2030,sc01,04-01 17:00:00+01:00,1054.7665698824999
2030,sc01,04-01 19:00:00+01:00,1372.8166149459998
2030,sc01,04-01 21:00:00+01:00,1305.9636841079998
2030,sc01,04-01 23:00:00+01:00,994.2910615549999
2030,sc01,04-02 01:00:00+01:00,809.2551970105
2030,sc01,04-02 03:00:00+01:00,763.2265879849999
2030,sc01,04-02 05:00:00+01:00,912.1049803305
2030,sc01,04-02 07:00:00+01:00,1262.519203673
2030,sc01,04-02 09:00:00+01:00,1298.7747102769997
2030,sc01,04-02 11:00:00+01:00,1007.1707262484998
2030,sc01,04-02 13:00:00+01:00,968.3670800564998
2030,sc01,04-02 15:00:00+01:00,859.4447842534998
2030,sc01,04-02 17:00:00+01:00,1007.6946867119998
2030,sc01,04-02 19:00:00+01:00,1338.5064192189998
2030,sc01,04-02 21:00:00+01:00,1275.516154366
2030,sc01,04-02 23:00:00+01:00,985.882577203
2030,sc01,04-03 01:00:00+01:00,822.2183959744999
2030,sc01,04-03 03:00:00+01:00,787.322420249
2030,sc01,04-03 05:00:00+01:00,940.0242699394998
2030,sc01,04-03 07:00:00+01:00,1321.402125327
2030,sc01,04-03 09:00:00+01:00,1400.8335203049999
2030,sc01,04-03 11:00:00+01:00,1126.6164858979998
2030,sc01,04-03 13:00:00+01:00,1050.8889697625
2030,sc01,04-03 15:00:00+01:00,931.4147081624999
2030,sc01,04-03 17:00:00+01:00,1077.9396661179999
2030,sc01,04-03 19:00:00+01:00,1390.5478278389999
2030,sc01,04-03 21:00:00+01:00,1331.8405458349998
2030,sc01,04-03 23:00:00+01:00,1055.6081866719999
2030,sc01,04-04 01:00:00+01:00,891.8237530475
2030,sc01,04-04 03:00:00+01:00,849.0801311269998
2030,sc01,04-04 05:00:00+01:00,992.5993107424999
2030,sc01,04-04 07:00:00+01:00,1338.686654825
2030,sc01,04-04 09:00:00+01:00,1383.2609035125
2030,sc01,04-04 11:00:00+01:00,1122.8892605869999
2030,sc01,04-04 13:00:00+01:00,1092.4668964124999
2030,sc01,04-04 15:00:00+01:00,992.4382577674999
2030,sc01,04-04 17:00:00+01:00,1158.2395996149999
2030,sc01,04-04 19:00:00+01:00,1431.2767586919997
2030,sc01,04-04 21:00:00+01:00,1320.6116421729998
2030,sc01,04-04 23:00:00+01:00,1037.567156505
2030,sc01,04-05 01:00:00+01:00,896.9182965045
2030,sc01,04-05 03:00:00+01:00,830.5616392489999
2030,sc01,04-05 05:00:00+01:00,924.2133764544999
2030,sc01,04-05 07:00:00+01:00,1276.743246102
2030,sc01,04-05 09:00:00+01:00,1370.7597098064998
2030,sc01,04-05 11:00:00+01:00,1128.5465458254998
2030,sc01,04-05 13:00:00+01:00,1060.2947652389998
2030,sc01,04-05 15:00:00+01:00,927.2828324954999
2030,sc01,04-05 17:00:00+01:00,1054.0341823269998
2030,sc01,04-05 19:00:00+01:00,1325.6367484214998
2030,sc01,04-05 21:00:00+01:00,1207.4370912399997
2030,sc01,04-05 23:00:00+01:00,904.7878280719999
2030,sc01,04-06 01:00:00+01:00,736.0019726505
2030,sc01,04-06 03:00:00+01:00,691.54416734
2030,sc01,04-06 05:00:00+01:00,829.5384511105
2030,sc01,04-06 07:00:00+01:00,1196.084478198
2030,sc01,04-06 09:00:00+01:00,1260.2960374429997
2030,sc01,04-06 11:00:00+01:00,1043.6093892814997
2030,sc01,04-06 13:00:00+01:00,1016.8087908294998
2030,sc01,04-06 15:00:00+01:00,843.7313682739998
2030,sc01,04-06 17:00:00+01:00,967.6255000509998
2030,sc01,04-06 19:00:00+01:00,1257.3874720584997
2030,sc01,04-06 21:00:00+01:00,1176.674441706
2030,sc01,04-06 23:00:00+01:00,887.2192925429999
2030,sc01,04-07 01:00:00+01:00,729.4571331664998
2030,sc01,04-07 03:00:00+01:00,688.1600526059999
2030,sc01,04-07 05:00:00+01:00,836.3406639614999
2030,sc01,04-07 07:00:00+01:00,1228.319054844
2030,sc01,04-07 09:00:00+01:00,1303.7347905934998
2030,sc01,04-07 11:00:00+01:00,1057.2803060415
2030,sc01,04-07 13:00:00+01:00,1052.8718963195
2030,sc01,04-07 15:00:00+01:00,920.6527203349998
2030,sc01,04-07 17:00:00+01:00,1036.5681065609997
2030,sc01,04-07 19:00:00+01:00,1309.1144079359997
2030,sc01,04-07 21:00:00+01:00,1200.8415233519997
2030,sc01,04-07 23:00:00+01:00,938.3959141589999
2030,sc01,04-08 01:00:00+01:00,803.5403852594999
2030,sc01,04-08 03:00:00+01:00,782.5586080789999
2030,sc01,04-08 05:00:00+01:00,1017.2258246194999
2030,sc01,04-08 07:00:00+01:00,1424.644610746
2030,sc01,04-08 09:00:00+01:00,1471.9516837134997
2030,sc01,04-08 11:00:00+01:00,1199.6207486619999
2030,sc01,04-08 13:00:00+01:00,1110.8610664239998
2030,sc01,04-08 15:00:00+01:00,952.1916900754999
2030,sc01,04-08 17:00:00+01:00,1070.2217782729997
2030,sc01,04-08 19:00:00+01:00,1333.5182412214997
2030,sc01,04-08 21:00:00+01:00,1203.7319996499998
2030,sc01,04-08 23:00:00+01:00,902.0035524319999
2030,sc01,04-09 01:00:00+01:00,741.8692907894999
2030,sc01,04-09 03:00:00+01:00,714.6871402339998
2030,sc01,04-09 05:00:00+01:00,913.4489061194998
2030,sc01,04-09 07:00:00+01:00,1329.448167772
2030,sc01,04-09 09:00:00+01:00,1407.6426480429998
2030,sc01,04-09 11:00:00+01:00,1145.5311683419998
2030,sc01,04-09 13:00:00+01:00,1050.6897770404998
2030,sc01,04-09 15:00:00+01:00,908.1201029999997
2030,sc01,04-09 17:00:00+01:00,1039.5667267679999
2030,sc01,04-09 19:00:00+01:00,1313.0627314879998
2030,sc01,04-09 21:00:00+01:00,1207.6268262649999
2030,sc01,04-09 23:00:00+01:00,897.8053942869999
2030,sc01,04-10 01:00:00+01:00,747.7145286334999
2030,sc01,04-10 03:00:00+01:00,707.3892434429998
2030,sc01,04-10 05:00:00+01:00,860.2472176334999
2030,sc01,04-10 07:00:00+01:00,1240.086131481
2030,sc01,04-10 09:00:00+01:00,1316.1214848384998
2030,sc01,04-10 11:00:00+01:00,1064.550119976
2030,sc01,04-10 13:00:00+01:00,1019.6122730189998
2030,sc01,04-10 15:00:00+01:00,917.4465236684998
2030,sc01,04-10 17:00:00+01:00,1043.7950061249999
2030,sc01,04-10 19:00:00+01:00,1280.0037416544997
2030,sc01,04-10 21:00:00+01:00,1177.8119519039997
2030,sc01,04-10 23:00:00+01:00,888.382292456
2030,sc01,04-11 01:00:00+01:00,736.1389516515
2030,sc01,04-11 03:00:00+01:00,693.7521857059999
2030,sc01,04-11 05:00:00+01:00,832.3900848414999
2030,sc01,04-11 07:00:00+01:00,1204.390911049
2030,sc01,04-11 09:00:00+01:00,1307.330178176
2030,sc01,04-11 11:00:00+01:00,1079.9841435004998
2030,sc01,04-11 13:00:00+01:00,1050.6783065285
2030,sc01,04-11 15:00:00+01:00,927.9988947984999
2030,sc01,04-11 17:00:00+01:00,1022.5240642189998
2030,sc01,04-11 19:00:00+01:00,1270.1398834364998
2030,sc01,04-11 21:00:00+01:00,1177.0376419169997
2030,sc01,04-11 23:00:00+01:00,886.661676804
2030,sc01,04-12 01:00:00+01:00,741.1346781874998
2030,sc01,04-12 03:00:00+01:00,714.4304598719999
2030,sc01,04-12 05:00:00+01:00,865.6730233225
2030,sc01,04-12 07:00:00+01:00,1225.4547171499999
2030,sc01,04-12 09:00:00+01:00,1268.5267696765
2030,sc01,04-12 11:00:00+01:00,998.0368676734998
2030,sc01,04-12 13:00:00+01:00,968.3866488784998
2030,sc01,04-12 15:00:00+01:00,860.4147944999999
2030,sc01,04-12 17:00:00+01:00,994.1089996039998
2030,sc01,04-12 19:00:00+01:00,1283.3182607099998
2030,sc01,04-12 21:00:00+01:00,1188.7690258479997
2030,sc01,04-12 23:00:00+01:00,893.4608007249999
2030,sc01,04-13 01:00:00+01:00,751.9248400224999
2030,sc01,04-13 03:00:00+01:00,712.3992947319999
2030,sc01,04-13 05:00:00+01:00,846.4012517424999
2030,sc01,04-13 07:00:00+01:00,1219.329266405
2030,sc01,04-13 09:00:00+01:00,1278.6743965679998
2030,sc01,04-13 11:00:00+01:00,1008.9046397264998
2030,sc01,04-13 13:00:00+01:00,975.5297641574998
2030,sc01,04-13 15:00:00+01:00,879.7322378604998
2030,sc01,04-13 17:00:00+01:00,1026.5203647664998
2030,sc01,04-13 19:00:00+01:00,1284.2613634934996
2030,sc01,04-13 21:00:00+01:00,1187.6236282929997
2030,sc01,04-13 23:00:00+01:00,901.7752739499999
2030,sc01,04-14 01:00:00+01:00,742.1687489494999
2030,sc01,04-14 03:00:00+01:00,700.3491291789999
2030,sc01,04-14 05:00:00+01:00,847.2074615395
2030,sc01,04-14 07:00:00+01:00,1222.977579542
2030,sc01,04-14 09:00:00+01:00,1312.120843797
2030,sc01,04-14 11:00:00+01:00,1081.6733255839997
2030,sc01,04-14 13:00:00+01:00,1057.7010775864999
2030,sc01,04-14 15:00:00+01:00,960.6238939504998
2030,sc01,04-14 17:00:00+01:00,1111.1748591224998
2030,sc01,04-14 19:00:00+01:00,1360.1433940579998
2030,sc01,04-14 21:00:00+01:00,1246.7057005149998
2030,sc01,04-14 23:00:00+01:00,940.2202351169999
2030,sc01,04-15 01:00:00+01:00,780.4782960604999
2030,sc01,04-15 03:00:00+01:00,744.4161658599999
2030,sc01,04-15 05:00:00+01:00,884.2775712905
2030,sc01,04-15 07:00:00+01:00,1289.491496983
2030,sc01,04-15 09:00:00+01:00,1405.2708041124997
2030,sc01,04-15 11:00:00+01:00,1166.1402670154998
2030,sc01,04-15 13:00:00+01:00,1110.3753722299998
2030,sc01,04-15 15:00:00+01:00,982.3463309189998
2030,sc01,04-15 17:00:00+01:00,1113.0959467874998
2030,sc01,04-15 19:00:00+01:00,1376.7602149714999
2030,sc01,04-15 21:00:00+01:00,1301.1629825109999
2030,sc01,04-15 23:00:00+01:00,1008.7032331229999
2030,sc01,04-16 01:00:00+01:00,847.1012056525
2030,sc01,04-16 03:00:00+01:00,807.4864463169998
2030,sc01,04-16 05:00:00+01:00,952.3820705924999
2030,sc01,04-16 07:00:00+01:00,1317.04504494
2030,sc01,04-16 09:00:00+01:00,1385.953331732
2030,sc01,04-16 11:00:00+01:00,1152.4094528604999
2030,sc01,04-16 13:00:00+01:00,1101.9516385499999
2030,sc01,04-16 15:00:00+01:00,976.8743826669998
2030,sc01,04-16 17:00:00+01:00,1128.3983856964999
2030,sc01,04-16 19:00:00+01:00,1423.4374996059996
2030,sc01,04-16 21:00:00+01:00,1330.5900245479997
2030,sc01,04-16 23:00:00+01:00,1038.4042895999999
2030,sc01,04-17 01:00:00+01:00,880.2264245984999
2030,sc01,04-17 03:00:00+01:00,841.1373906429999
2030,sc01,04-17 05:00:00+01:00,965.0677237984999
2030,sc01,04-17 07:00:00+01:00,1324.8940246109998
2030,sc01,04-17 09:00:00+01:00,1381.803865298
2030,sc01,04-17 11:00:00+01:00,1122.797317377
2030,sc01,04-17 13:00:00+01:00,1030.0990633274998
2030,sc01,04-17 15:00:00+01:00,887.9097197074998
2030,sc01,04-17 17:00:00+01:00,1059.9620569904998
2030,sc01,04-17 19:00:00+01:00,1394.7879034459997
2030,sc01,04-17 21:00:00+01:00,1288.2178919689998
2030,sc01,04-17 23:00:00+01:00,1013.6614816109999
2030,sc01,04-18 01:00:00+01:00,874.6356286194999
2030,sc01,04-18 03:00:00+01:00,819.7174812489999
2030,sc01,04-18 05:00:00+01:00,925.1008600795
2030,sc01,04-18 07:00:00+01:00,1251.264805152
2030,sc01,04-18 09:00:00+01:00,1291.6299730424998
2030,sc01,04-18 11:00:00+01:00,1026.1502157419998
2030,sc01,04-18 13:00:00+01:00,951.8819172044998
2030,sc01,04-18 15:00:00+01:00,876.5196107349998
2030,sc01,04-18 17:00:00+01:00,1109.7943177029997
2030,sc01,04-18 19:00:00+01:00,1434.8397768419998
2030,sc01,04-18 21:00:00+01:00,1340.4728194299998
2030,sc01,04-18 23:00:00+01:00,1019.6908097469999
2030,sc01,04-19 01:00:00+01:00,870.0245414325
2030,sc01,04-19 03:00:00+01:00,833.3602166819999
2030,sc01,04-19 05:00:00+01:00,956.7552658074999
2030,sc01,04-19 07:00:00+01:00,1317.607527675
2030,sc01,04-19 09:00:00+01:00,1376.4020010114998
2030,sc01,04-19 11:00:00+01:00,1100.0174159544997
2030,sc01,04-19 13:00:00+01:00,1020.2573601289998
2030,sc01,04-19 15:00:00+01:00,888.3828496814998
2030,sc01,04-19 17:00:00+01:00,1045.278260224
2030,sc01,04-19 19:00:00+01:00,1366.8790033134999
2030,sc01,04-19 21:00:00+01:00,1327.4501260879997
2030,sc01,04-19 23:00:00+01:00,1059.59432472
2030,sc01,04-20 01:00:00+01:00,898.9499276815
2030,sc01,04-20 03:00:00+01:00,815.6840303109999
2030,sc01,04-20 05:00:00+01:00,920.8475603264999
2030,sc01,04-20 07:00:00+01:00,1266.233937259
2030,sc01,04-20 09:00:00+01:00,1327.6856063184998
2030,sc01,04-20 11:00:00+01:00,1093.5838058579998
2030,sc01,04-20 13:00:00+01:00,1036.2700233019998
2030,sc01,04-20 15:00:00+01:00,909.6889197604999
2030,sc01,04-20 17:00:00+01:00,1080.9146100459998
2030,sc01,04-20 19:00:00+01:00,1385.5295798794998
2030,sc01,04-20 21:00:00+01:00,1300.5339177869998
2030,sc01,04-20 23:00:00+01:00,969.419014599
2030,sc01,04-21 01:00:00+01:00,804.7747625525
2030,sc01,04-21 03:00:00+01:00,785.0706573819999
2030,sc01,04-21 05:00:00+01:00,941.9974274325
2030,sc01,04-21 07:00:00+01:00,1318.7871340049999
2030,sc01,04-21 09:00:00+01:00,1367.5763806114999
2030,sc01,04-21 11:00:00+01:00,1102.1981558095
2030,sc01,04-21 13:00:00+01:00,1058.7043331999998
2030,sc01,04-21 15:00:00+01:00,951.3170773499999
2030,sc01,04-21 17:00:00+01:00,1110.0623439574997
2030,sc01,04-21 19:00:00+01:00,1389.3458165524999
2030,sc01,04-21 21:00:00+01:00,1283.2452937179999
2030,sc01,04-21 23:00:00+01:00,1019.305349915
2030,sc01,04-22 01:00:00+01:00,885.5740210035
2030,sc01,04-22 03:00:00+01:00,850.024871313
2030,sc01,04-22 05:00:00+01:00,961.1784844985
2030,sc01,04-22 07:00:00+01:00,1298.873339706
2030,sc01,04-22 09:00:00+01:00,1341.1277491404999
2030,sc01,04-22 11:00:00+01:00,1084.2028424384998
2030,sc01,04-22 13:00:00+01:00,1024.8043734095
2030,sc01,04-22 15:00:00+01:00,897.8133893354999
2030,sc01,04-22 17:00:00+01:00,1082.6719325169997
2030,sc01,04-22 19:00:00+01:00,1407.3259419654999
2030,sc01,04-22 21:00:00+01:00,1305.2907575739998
2030,sc01,04-22 23:00:00+01:00,1004.464009026
2030,sc01,04-23 01:00:00+01:00,863.0693533005
2030,sc01,04-23 03:00:00+01:00,834.1634607499999
2030,sc01,04-23 05:00:00+01:00,957.9631591054999
2030,sc01,04-23 07:00:00+01:00,1285.124389328
2030,sc01,04-23 09:00:00+01:00,1318.4818430965
2030,sc01,04-23 11:00:00+01:00,1066.2008872934998
2030,sc01,04-23 13:00:00+01:00,1020.9446215779999
2030,sc01,04-23 15:00:00+01:00,899.7864147234999
2030,sc01,04-23 17:00:00+01:00,1078.2437063419998
2030,sc01,04-23 19:00:00+01:00,1379.2728549549997
2030,sc01,04-23 21:00:00+01:00,1267.7471576659998
2030,sc01,04-23 23:00:00+01:00,965.7829305429999
2030,sc01,04-24 01:00:00+01:00,809.9601929524999
2030,sc01,04-24 03:00:00+01:00,749.5617567369999
2030,sc01,04-24 05:00:00+01:00,871.3350227175
2030,sc01,04-24 07:00:00+01:00,1234.242392875
2030,sc01,04-24 09:00:00+01:00,1285.9159007934998
2030,sc01,04-24 11:00:00+01:00,1042.4026796765
2030,sc01,04-24 13:00:00+01:00,999.5593804699998
2030,sc01,04-24 15:00:00+01:00,873.8145474789999
2030,sc01,04-24 17:00:00+01:00,1038.7601639549998
2030,sc01,04-24 19:00:00+01:00,1339.3635819899998
2030,sc01,04-24 21:00:00+01:00,1241.0580876129998
2030,sc01,04-24 23:00:00+01:00,933.1483843199999
2030,sc01,04-25 01:00:00+01:00,772.9251311854999
2030,sc01,04-25 03:00:00+01:00,730.5160617749999
2030,sc01,04-25 05:00:00+01:00,868.8735739704998
2030,sc01,04-25 07:00:00+01:00,1231.7841303779999
2030,sc01,04-25 09:00:00+01:00,1310.2179421175
2030,sc01,04-25 11:00:00+01:00,1081.7784705469999
2030,sc01,04-25 13:00:00+01:00,1052.7145011295
2030,sc01,04-25 15:00:00+01:00,951.6363753304998
2030,sc01,04-25 17:00:00+01:00,1085.0722314569998
2030,sc01,04-25 19:00:00+01:00,1340.5411053679998
2030,sc01,04-25 21:00:00+01:00,1202.6688846359998
2030,sc01,04-25 23:00:00+01:00,901.6700804779999
2030,sc01,04-26 01:00:00+01:00,749.0299915254999
2030,sc01,04-26 03:00:00+01:00,713.2291308549999
2030,sc01,04-26 05:00:00+01:00,863.6496510104998
2030,sc01,04-26 07:00:00+01:00,1232.336814193
2030,sc01,04-26 09:00:00+01:00,1304.0004687109997
2030,sc01,04-26 11:00:00+01:00,1102.9941237649998
2030,sc01,04-26 13:00:00+01:00,1077.4414127224998
2030,sc01,04-26 15:00:00+01:00,987.3558259899999
2030,sc01,04-26 17:00:00+01:00,1116.0572384094999
2030,sc01,04-26 19:00:00+01:00,1384.1359428199999
2030,sc01,04-26 21:00:00+01:00,1293.8215765109999
2030,sc01,04-26 23:00:00+01:00,983.5923091079999
2030,sc01,04-27 01:00:00+01:00,809.9007383044999
2030,sc01,04-27 03:00:00+01:00,750.8182086389999
2030,sc01,04-27 05:00:00+01:00,867.3119172344999
2030,sc01,04-27 07:00:00+01:00,1265.057356292
2030,sc01,04-27 09:00:00+01:00,1370.9388108269998
2030,sc01,04-27 11:00:00+01:00,1155.1294798134998
2030,sc01,04-27 13:00:00+01:00,1119.7306321679998
2030,sc01,04-27 15:00:00+01:00,982.4656247194998
2030,sc01,04-27 17:00:00+01:00,1114.3438128904997
2030,sc01,04-27 19:00:00+01:00,1383.3984942059997
2030,sc01,04-27 21:00:00+01:00,1272.5071076449997
2030,sc01,04-27 23:00:00+01:00,974.7678009069999
2030,sc01,04-28 01:00:00+01:00,855.4434832535
2030,sc01,04-28 03:00:00+01:00,819.8242368429999
2030,sc01,04-28 05:00:00+01:00,945.0035660584999
2030,sc01,04-28 07:00:00+01:00,1303.517146516
2030,sc01,04-28 09:00:00+01:00,1368.1686767674998
2030,sc01,04-28 11:00:00+01:00,1102.2634811509997
2030,sc01,04-28 13:00:00+01:00,1046.0640205979998
2030,sc01,04-28 15:00:00+01:00,960.1346781169998
2030,sc01,04-28 17:00:00+01:00,1130.3369434119998
2030,sc01,04-28 19:00:00+01:00,1385.4970060799997
2030,sc01,04-28 21:00:00+01:00,1258.7703326789997
2030,sc01,04-28 23:00:00+01:00,954.6522245859999
2030,sc01,04-29 01:00:00+01:00,794.6134366155
2030,sc01,04-29 03:00:00+01:00,759.2331563049999
2030,sc01,04-29 05:00:00+01:00,880.6304490005
2030,sc01,04-29 07:00:00+01:00,1232.389254798
2030,sc01,04-29 09:00:00+01:00,1311.6459043104999
2030,sc01,04-29 11:00:00+01:00,1097.5229458899998
2030,sc01,04-29 13:00:00+01:00,1056.2078056975
2030,sc01,04-29 15:00:00+01:00,948.3928606419998
2030,sc01,04-29 17:00:00+01:00,1106.3106900684998
2030,sc01,04-29 19:00:00+01:00,1362.6502770254997
2030,sc01,04-29 21:00:00+01:00,1237.5927249509998
2030,sc01,04-29 23:00:00+01:00,927.0289050079999
2030,sc01,04-30 01:00:00+01:00,767.3664021834999
2030,sc01,04-30 03:00:00+01:00,737.9634601979999
2030,sc01,04-30 05:00:00+01:00,909.9068590284999
2030,sc01,04-30 07:00:00+01:00,1293.260167346
2030,sc01,04-30 09:00:00+01:00,1352.3867415479997
2030,sc01,04-30 11:00:00+01:00,1086.6973359619997
2030,sc01,04-30 13:00:00+01:00,1031.3218057719998
2030,sc01,04-30 15:00:00+01:00,924.4938936089999
2030,sc01,04-30 17:00:00+01:00,1036.9579382799998
2030,sc01,04-30 19:00:00+01:00,1300.4834828329997
2030,sc01,04-30 21:00:00+01:00,1199.4392784289998
2030,sc01,04-30 23:00:00+01:00,894.0562432259999
2030,sc01,05-01 01:00:00+01:00,817.2708530164998
2030,sc01,05-01 03:00:00+01:00,770.8599323549998
2030,sc01,05-01 05:00:00+01:00,923.2137350559999
2030,sc01,05-01 07:00:00+01:00,1321.6592237915
2030,sc01,05-01 09:00:00+01:00,1383.4083432984999
2030,sc01,05-01 11:00:00+01:00,1145.9927715234999
2030,sc01,05-01 13:00:00+01:00,1129.1695325019998
2030,sc01,05-01 15:00:00+01:00,1014.6695665364998
2030,sc01,05-01 17:00:00+01:00,1189.3590504944998
2030,sc01,05-01 19:00:00+01:00,1458.7404277939997
2030,sc01,05-01 21:00:00+01:00,1320.0721884529999
2030,sc01,05-01 23:00:00+01:00,989.7205825134998
2030,sc01,05-02 01:00:00+01:00,831.6763453324999
2030,sc01,05-02 03:00:00+01:00,796.0571330459999
2030,sc01,05-02 05:00:00+01:00,966.4608406369998
2030,sc01,05-02 07:00:00+01:00,1390.2271756174998
2030,sc01,05-02 09:00:00+01:00,1473.8366398624999
2030,sc01,05-02 11:00:00+01:00,1228.1510596899998
2030,sc01,05-02 13:00:00+01:00,1212.2875318074998
2030,sc01,05-02 15:00:00+01:00,1093.2787432804998
2030,sc01,05-02 17:00:00+01:00,1216.0024335194998
2030,sc01,05-02 19:00:00+01:00,1452.4202791474997
2030,sc01,05-02 21:00:00+01:00,1323.663668924
2030,sc01,05-02 23:00:00+01:00,997.9639361144999
2030,sc01,05-03 01:00:00+01:00,821.5864616104999
2030,sc01,05-03 03:00:00+01:00,782.0768815239999
2030,sc01,05-03 05:00:00+01:00,944.8049984599999
2030,sc01,05-03 07:00:00+01:00,1358.9330347705
2030,sc01,05-03 09:00:00+01:00,1462.158947796
2030,sc01,05-03 11:00:00+01:00,1220.9431828814998
2030,sc01,05-03 13:00:00+01:00,1166.1306805364998
2030,sc01,05-03 15:00:00+01:00,1004.7225789259998
2030,sc01,05-03 17:00:00+01:00,1148.8684812464999
2030,sc01,05-03 19:00:00+01:00,1430.7732172494998
2030,sc01,05-03 21:00:00+01:00,1317.0658762619998
2030,sc01,05-03 23:00:00+01:00,987.3323959774999
2030,sc01,05-04 01:00:00+01:00,827.9365870154999
2030,sc01,05-04 03:00:00+01:00,802.0544461539998
2030,sc01,05-04 05:00:00+01:00,958.9549768849998
2030,sc01,05-04 07:00:00+01:00,1359.1624421855
2030,sc01,05-04 09:00:00+01:00,1462.4025444264998
2030,sc01,05-04 11:00:00+01:00,1248.5554440684998
2030,sc01,05-04 13:00:00+01:00,1221.4341927555
2030,sc01,05-04 15:00:00+01:00,1058.7070069845
2030,sc01,05-04 17:00:00+01:00,1197.8692710214998
2030,sc01,05-04 19:00:00+01:00,1484.9270866099998
2030,sc01,05-04 21:00:00+01:00,1367.4367405669998
2030,sc01,05-04 23:00:00+01:00,1071.6141407774999
2030,sc01,05-05 01:00:00+01:00,899.4830326354999
2030,sc01,05-05 03:00:00+01:00,850.6569614439999
2030,sc01,05-05 05:00:00+01:00,1011.0049762099999
2030,sc01,05-05 07:00:00+01:00,1414.8224225205
2030,sc01,05-05 09:00:00+01:00,1532.4962097159998
2030,sc01,05-05 11:00:00+01:00,1282.8704768424998
2030,sc01,05-05 13:00:00+01:00,1226.634749983
2030,sc01,05-05 15:00:00+01:00,1085.5073524984998
2030,sc01,05-05 17:00:00+01:00,1221.2492346984998
2030,sc01,05-05 19:00:00+01:00,1511.3883676629998
2030,sc01,05-05 21:00:00+01:00,1379.506120932
2030,sc01,05-05 23:00:00+01:00,1038.6878005625
2030,sc01,05-06 01:00:00+01:00,875.6246588104999
2030,sc01,05-06 03:00:00+01:00,842.4333419689999
2030,sc01,05-06 05:00:00+01:00,989.9249813449999
2030,sc01,05-06 07:00:00+01:00,1372.6624328404998
2030,sc01,05-06 09:00:00+01:00,1443.5436945304998
2030,sc01,05-06 11:00:00+01:00,1190.9140035975
2030,sc01,05-06 13:00:00+01:00,1131.6323430774999
2030,sc01,05-06 15:00:00+01:00,994.7248121134999
2030,sc01,05-06 17:00:00+01:00,1140.0515168025
2030,sc01,05-06 19:00:00+01:00,1445.4916898364997
2030,sc01,05-06 21:00:00+01:00,1340.309310742
2030,sc01,05-06 23:00:00+01:00,1033.5388779925
2030,sc01,05-07 01:00:00+01:00,864.0873762604999
2030,sc01,05-07 03:00:00+01:00,800.2892833389999
2030,sc01,05-07 05:00:00+01:00,946.4299678599999
2030,sc01,05-07 07:00:00+01:00,1348.4695065004998
2030,sc01,05-07 09:00:00+01:00,1401.7987936645
2030,sc01,05-07 11:00:00+01:00,1184.9138498179998
2030,sc01,05-07 13:00:00+01:00,1160.4287847809999
2030,sc01,05-07 15:00:00+01:00,1033.2305011139997
2030,sc01,05-07 17:00:00+01:00,1178.3663204409997
2030,sc01,05-07 19:00:00+01:00,1478.4759454275
2030,sc01,05-07 21:00:00+01:00,1368.0102592019998
2030,sc01,05-07 23:00:00+01:00,1060.7332183575
2030,sc01,05-08 01:00:00+01:00,902.6692470954999
2030,sc01,05-08 03:00:00+01:00,851.724343314
2030,sc01,05-08 05:00:00+01:00,1004.10044948
2030,sc01,05-08 07:00:00+01:00,1385.7768915104998
2030,sc01,05-08 09:00:00+01:00,1452.9810866564999
2030,sc01,05-08 11:00:00+01:00,1198.8065154745
2030,sc01,05-08 13:00:00+01:00,1138.1593127989997
2030,sc01,05-08 15:00:00+01:00,1018.2311508854998
2030,sc01,05-08 17:00:00+01:00,1178.0865918404998
2030,sc01,05-08 19:00:00+01:00,1450.3375214399998
2030,sc01,05-08 21:00:00+01:00,1329.9286240119998
2030,sc01,05-08 23:00:00+01:00,1001.8360441774998
2030,sc01,05-09 01:00:00+01:00,846.1681061405
2030,sc01,05-09 03:00:00+01:00,798.2501060889999
2030,sc01,05-09 05:00:00+01:00,968.31926112
2030,sc01,05-09 07:00:00+01:00,1381.1600668004999
2030,sc01,05-09 09:00:00+01:00,1451.9435592169998
2030,sc01,05-09 11:00:00+01:00,1218.5635671409998
2030,sc01,05-09 13:00:00+01:00,1190.690593827
2030,sc01,05-09 15:00:00+01:00,1061.2482195359999
2030,sc01,05-09 17:00:00+01:00,1217.4826502605
2030,sc01,05-09 19:00:00+01:00,1525.6371227299999
2030,sc01,05-09 21:00:00+01:00,1409.523447327
2030,sc01,05-09 23:00:00+01:00,1063.3204245225
2030,sc01,05-10 01:00:00+01:00,883.2620147954999
2030,sc01,05-10 03:00:00+01:00,842.7137288539999
2030,sc01,05-10 05:00:00+01:00,986.614504575
2030,sc01,05-10 07:00:00+01:00,1408.0867651504998
2030,sc01,05-10 09:00:00+01:00,1507.406540339
2030,sc01,05-10 11:00:00+01:00,1272.4310045769998
2030,sc01,05-10 13:00:00+01:00,1224.6648584025
2030,sc01,05-10 15:00:00+01:00,1092.8125191655
2030,sc01,05-10 17:00:00+01:00,1241.8653989215
2030,sc01,05-10 19:00:00+01:00,1531.9977059965
2030,sc01,05-10 21:00:00+01:00,1410.7342088169999
2030,sc01,05-10 23:00:00+01:00,1068.9472792225
2030,sc01,05-11 01:00:00+01:00,914.9043106055
2030,sc01,05-11 03:00:00+01:00,886.7663298739999
2030,sc01,05-11 05:00:00+01:00,1036.905713525
2030,sc01,05-11 07:00:00+01:00,1456.0552237805
2030,sc01,05-11 09:00:00+01:00,1541.778547942
2030,sc01,05-11 11:00:00+01:00,1289.215504286
2030,sc01,05-11 13:00:00+01:00,1223.7353300544999
2030,sc01,05-11 15:00:00+01:00,1089.2891216975
2030,sc01,05-11 17:00:00+01:00,1258.366762835
2030,sc01,05-11 19:00:00+01:00,1573.0729691865
2030,sc01,05-11 21:00:00+01:00,1476.615565117
2030,sc01,05-11 23:00:00+01:00,1158.1421667025
2030,sc01,05-12 01:00:00+01:00,966.1004044704999
2030,sc01,05-12 03:00:00+01:00,919.613014694
2030,sc01,05-12 05:00:00+01:00,1075.9623303199999
2030,sc01,05-12 07:00:00+01:00,1465.5469566455
2030,sc01,05-12 09:00:00+01:00,1529.9847228684998
2030,sc01,05-12 11:00:00+01:00,1296.313229311
2030,sc01,05-12 13:00:00+01:00,1259.2382560884998
2030,sc01,05-12 15:00:00+01:00,1134.1749371105
2030,sc01,05-12 17:00:00+01:00,1299.5096692114998
2030,sc01,05-12 19:00:00+01:00,1578.65929395
2030,sc01,05-12 21:00:00+01:00,1475.414362262
2030,sc01,05-12 23:00:00+01:00,1169.1314203524998
2030,sc01,05-13 01:00:00+01:00,981.6969242255
2030,sc01,05-13 03:00:00+01:00,931.8417057739999
2030,sc01,05-13 05:00:00+01:00,1083.787673025
2030,sc01,05-13 07:00:00+01:00,1450.8808115105
2030,sc01,05-13 09:00:00+01:00,1511.0847937725
2030,sc01,05-13 11:00:00+01:00,1273.894248854
2030,sc01,05-13 13:00:00+01:00,1230.2479620079998
2030,sc01,05-13 15:00:00+01:00,1106.3126528399998
2030,sc01,05-13 17:00:00+01:00,1248.1834463159998
2030,sc01,05-13 19:00:00+01:00,1522.982579826
2030,sc01,05-13 21:00:00+01:00,1417.316927887
2030,sc01,05-13 23:00:00+01:00,1116.1478601825
2030,sc01,05-14 01:00:00+01:00,931.6510537705
2030,sc01,05-14 03:00:00+01:00,881.394372304
2030,sc01,05-14 05:00:00+01:00,1039.527968015
2030,sc01,05-14 07:00:00+01:00,1457.8713660255
2030,sc01,05-14 09:00:00+01:00,1561.1720434699998
2030,sc01,05-14 11:00:00+01:00,1312.0574701804999
2030,sc01,05-14 13:00:00+01:00,1208.0334222689999
2030,sc01,05-14 15:00:00+01:00,1054.0506176565
2030,sc01,05-14 17:00:00+01:00,1230.7837351045
2030,sc01,05-14 19:00:00+01:00,1551.5413684169998
2030,sc01,05-14 21:00:00+01:00,1470.593619802
2030,sc01,05-14 23:00:00+01:00,1172.6394424675
2030,sc01,05-15 01:00:00+01:00,1002.7801052755
2030,sc01,05-15 03:00:00+01:00,949.522009789
2030,sc01,05-15 05:00:00+01:00,1091.3899807149999
2030,sc01,05-15 07:00:00+01:00,1477.9413308805
2030,sc01,05-15 09:00:00+01:00,1524.6211612144998
2030,sc01,05-15 11:00:00+01:00,1239.259633404
2030,sc01,05-15 13:00:00+01:00,1226.6533476349998
2030,sc01,05-15 15:00:00+01:00,1094.6013017449998
2030,sc01,05-15 17:00:00+01:00,1243.2268926635
2030,sc01,05-15 19:00:00+01:00,1527.893212346
2030,sc01,05-15 21:00:00+01:00,1407.216628062
2030,sc01,05-15 23:00:00+01:00,1093.4938754025
2030,sc01,05-16 01:00:00+01:00,882.9306485305
2030,sc01,05-16 03:00:00+01:00,828.417184554
2030,sc01,05-16 05:00:00+01:00,1008.0895899999999
2030,sc01,05-16 07:00:00+01:00,1418.6713695805
2030,sc01,05-16 09:00:00+01:00,1497.8027735819999
2030,sc01,05-16 11:00:00+01:00,1246.8579898364999
2030,sc01,05-16 13:00:00+01:00,1179.2067742875
2030,sc01,05-16 15:00:00+01:00,1062.5109269389998
2030,sc01,05-16 17:00:00+01:00,1254.2950243829998
2030,sc01,05-16 19:00:00+01:00,1560.5249276739999
2030,sc01,05-16 21:00:00+01:00,1463.051850182
2030,sc01,05-16 23:00:00+01:00,1162.2683144175
2030,sc01,05-17 01:00:00+01:00,977.3827898554999
2030,sc01,05-17 03:00:00+01:00,895.827923789
2030,sc01,05-17 05:00:00+01:00,1032.0658537699999
2030,sc01,05-17 07:00:00+01:00,1415.3577065505
2030,sc01,05-17 09:00:00+01:00,1499.6765993945
2030,sc01,05-17 11:00:00+01:00,1252.5613702295
2030,sc01,05-17 13:00:00+01:00,1200.088646023
2030,sc01,05-17 15:00:00+01:00,1079.618941066
2030,sc01,05-17 17:00:00+01:00,1245.3642503385
2030,sc01,05-17 19:00:00+01:00,1539.7853657384999
2030,sc01,05-17 21:00:00+01:00,1426.008920917
2030,sc01,05-17 23:00:00+01:00,1116.4059435475
2030,sc01,05-18 01:00:00+01:00,948.1747619455
2030,sc01,05-18 03:00:00+01:00,905.485339804
2030,sc01,05-18 05:00:00+01:00,1050.4343801
2030,sc01,05-18 07:00:00+01:00,1435.4945819055
2030,sc01,05-18 09:00:00+01:00,1504.6918840439998
2030,sc01,05-18 11:00:00+01:00,1211.5894686145
2030,sc01,05-18 13:00:00+01:00,1172.6949951254999
2030,sc01,05-18 15:00:00+01:00,1076.23163368
2030,sc01,05-18 17:00:00+01:00,1264.5274810145
2030,sc01,05-18 19:00:00+01:00,1546.7589752395
2030,sc01,05-18 21:00:00+01:00,1436.032751597
2030,sc01,05-18 23:00:00+01:00,1108.5646697775
2030,sc01,05-19 01:00:00+01:00,948.7833289005
2030,sc01,05-19 03:00:00+01:00,919.514242049
2030,sc01,05-19 05:00:00+01:00,1103.3127952
2030,sc01,05-19 07:00:00+01:00,1483.2782400905
2030,sc01,05-19 09:00:00+01:00,1538.797278065
2030,sc01,05-19 11:00:00+01:00,1259.2878106915
2030,sc01,05-19 13:00:00+01:00,1218.7771752534998
2030,sc01,05-19 15:00:00+01:00,1100.8121566114999
2030,sc01,05-19 17:00:00+01:00,1275.6955659854998
2030,sc01,05-19 19:00:00+01:00,1567.3060736414998
2030,sc01,05-19 21:00:00+01:00,1471.8872228569999
2030,sc01,05-19 23:00:00+01:00,1158.0051594775
2030,sc01,05-20 01:00:00+01:00,987.8781802705
2030,sc01,05-20 03:00:00+01:00,955.652286404
2030,sc01,05-20 05:00:00+01:00,1120.58526377
2030,sc01,05-20 07:00:00+01:00,1523.6061564555
2030,sc01,05-20 09:00:00+01:00,1576.6803624205
2030,sc01,05-20 11:00:00+01:00,1292.1684518789998
2030,sc01,05-20 13:00:00+01:00,1225.1689563594998
2030,sc01,05-20 15:00:00+01:00,1089.0687313924998
2030,sc01,05-20 17:00:00+01:00,1264.5796389625
2030,sc01,05-20 19:00:00+01:00,1562.2668775139998
2030,sc01,05-20 21:00:00+01:00,1456.246096102
2030,sc01,05-20 23:00:00+01:00,1134.8636838925
2030,sc01,05-21 01:00:00+01:00,962.5063545605
2030,sc01,05-21 03:00:00+01:00,924.0800873640001
2030,sc01,05-21 05:00:00+01:00,1084.93152401
2030,sc01,05-21 07:00:00+01:00,1462.8227432905
2030,sc01,05-21 09:00:00+01:00,1518.0995665594999
2030,sc01,05-21 11:00:00+01:00,1262.7258920694999
2030,sc01,05-21 13:00:00+01:00,1204.0556929954998
2030,sc01,05-21 15:00:00+01:00,1073.4942745519998
2030,sc01,05-21 17:00:00+01:00,1235.4529287135
2030,sc01,05-21 19:00:00+01:00,1529.3401343224998
2030,sc01,05-21 21:00:00+01:00,1415.803476022
2030,sc01,05-21 23:00:00+01:00,1106.7899483225
2030,sc01,05-22 01:00:00+01:00,936.4622376055
2030,sc01,05-22 03:00:00+01:00,890.153275839
2030,sc01,05-22 05:00:00+01:00,1006.88201473
2030,sc01,05-22 07:00:00+01:00,1374.8991553855
2030,sc01,05-22 09:00:00+01:00,1438.2045144644999
2030,sc01,05-22 11:00:00+01:00,1202.458646571
2030,sc01,05-22 13:00:00+01:00,1160.357145452
2030,sc01,05-22 15:00:00+01:00,1031.0917894059999
2030,sc01,05-22 17:00:00+01:00,1200.2875000074998
2030,sc01,05-22 19:00:00+01:00,1507.0096280619998
2030,sc01,05-22 21:00:00+01:00,1356.224451927
2030,sc01,05-22 23:00:00+01:00,1046.8954889775
2030,sc01,05-23 01:00:00+01:00,895.0573807705
2030,sc01,05-23 03:00:00+01:00,843.092888339
2030,sc01,05-23 05:00:00+01:00,943.31066388
2030,sc01,05-23 07:00:00+01:00,1335.6163173555
2030,sc01,05-23 09:00:00+01:00,1435.6024621279998
2030,sc01,05-23 11:00:00+01:00,1221.6098002084998
2030,sc01,05-23 13:00:00+01:00,1200.7530921979999
2030,sc01,05-23 15:00:00+01:00,1055.114206286
2030,sc01,05-23 17:00:00+01:00,1208.735753142
2030,sc01,05-23 19:00:00+01:00,1486.3985425039998
2030,sc01,05-23 21:00:00+01:00,1360.337854792
2030,sc01,05-23 23:00:00+01:00,1052.1814187725001
2030,sc01,05-24 01:00:00+01:00,879.2059638105001
2030,sc01,05-24 03:00:00+01:00,794.343807179
2030,sc01,05-24 05:00:00+01:00,980.5957454750001
2030,sc01,05-24 07:00:00+01:00,1404.6679570605002
2030,sc01,05-24 09:00:00+01:00,1485.7753849639998
2030,sc01,05-24 11:00:00+01:00,1251.8212279089998
2030,sc01,05-24 13:00:00+01:00,1201.1425239325
2030,sc01,05-24 15:00:00+01:00,1031.1089376999998
2030,sc01,05-24 17:00:00+01:00,1144.933956274
2030,sc01,05-24 19:00:00+01:00,1492.139374553
2030,sc01,05-24 21:00:00+01:00,1392.480386212
2030,sc01,05-24 23:00:00+01:00,1036.9290102025
2030,sc01,05-25 01:00:00+01:00,915.0699937255
2030,sc01,05-25 03:00:00+01:00,950.9494338640001
2030,sc01,05-25 05:00:00+01:00,1125.2212058
2030,sc01,05-25 07:00:00+01:00,1497.5970878505
2030,sc01,05-25 09:00:00+01:00,1542.924951425
2030,sc01,05-25 11:00:00+01:00,1258.2734894335
2030,sc01,05-25 13:00:00+01:00,1201.3276643765
2030,sc01,05-25 15:00:00+01:00,1083.7539142675
2030,sc01,05-25 17:00:00+01:00,1272.1835696374999
2030,sc01,05-25 19:00:00+01:00,1571.5782526725
2030,sc01,05-25 21:00:00+01:00,1481.723066887
2030,sc01,05-25 23:00:00+01:00,1185.6901768875
2030,sc01,05-26 01:00:00+01:00,1023.1272707905
2030,sc01,05-26 03:00:00+01:00,931.089759164
2030,sc01,05-26 05:00:00+01:00,1077.4789684
2030,sc01,05-26 07:00:00+01:00,1520.3657763555
2030,sc01,05-26 09:00:00+01:00,1591.109419544
2030,sc01,05-26 11:00:00+01:00,1310.5885823684998
2030,sc01,05-26 13:00:00+01:00,1247.658305985
2030,sc01,05-26 15:00:00+01:00,1097.2050528675
2030,sc01,05-26 17:00:00+01:00,1235.617472576
2030,sc01,05-26 19:00:00+01:00,1535.158019125
2030,sc01,05-26 21:00:00+01:00,1464.224377102
2030,sc01,05-26 23:00:00+01:00,1143.7118014325001
2030,sc01,05-27 01:00:00+01:00,952.0587573605001
2030,sc01,05-27 03:00:00+01:00,901.177577859
2030,sc01,05-27 05:00:00+01:00,1080.697045
2030,sc01,05-27 07:00:00+01:00,1493.0535460455
2030,sc01,05-27 09:00:00+01:00,1570.1093253925
2030,sc01,05-27 11:00:00+01:00,1281.9644542055
2030,sc01,05-27 13:00:00+01:00,1230.3943850735
2030,sc01,05-27 15:00:00+01:00,1104.104708954
2030,sc01,05-27 17:00:00+01:00,1251.2774442
2030,sc01,05-27 19:00:00+01:00,1539.6658828759998
2030,sc01,05-27 21:00:00+01:00,1432.301694472
2030,sc01,05-27 23:00:00+01:00,1087.4050195725001
2030,sc01,05-28 01:00:00+01:00,930.0133395455
2030,sc01,05-28 03:00:00+01:00,906.113024049
2030,sc01,05-28 05:00:00+01:00,1060.40404513
2030,sc01,05-28 07:00:00+01:00,1458.7125266405
2030,sc01,05-28 09:00:00+01:00,1549.8745842735
2030,sc01,05-28 11:00:00+01:00,1300.6059927315
2030,sc01,05-28 13:00:00+01:00,1251.3970424279998
2030,sc01,05-28 15:00:00+01:00,1111.7920862365
2030,sc01,05-28 17:00:00+01:00,1253.976050159
2030,sc01,05-28 19:00:00+01:00,1541.2281114199998
2030,sc01,05-28 21:00:00+01:00,1474.993781957
2030,sc01,05-28 23:00:00+01:00,1204.6895736775
2030,sc01,05-29 01:00:00+01:00,1058.8511072655
2030,sc01,05-29 03:00:00+01:00,1016.219036986
2030,sc01,05-29 05:00:00+01:00,1164.070718654
2030,sc01,05-29 07:00:00+01:00,1562.595862746
2030,sc01,05-29 09:00:00+01:00,1611.4633604235
2030,sc01,05-29 11:00:00+01:00,1327.0152562849999
2030,sc01,05-29 13:00:00+01:00,1256.2692615004999
2030,sc01,05-29 15:00:00+01:00,1140.912045851
2030,sc01,05-29 17:00:00+01:00,1318.1995468399998
2030,sc01,05-29 19:00:00+01:00,1628.927555815
2030,sc01,05-29 21:00:00+01:00,1542.0858997455
2030,sc01,05-29 23:00:00+01:00,1228.5320164505001
2030,sc01,05-30 01:00:00+01:00,1053.382953664
2030,sc01,05-30 03:00:00+01:00,992.9271997200001
2030,sc01,05-30 05:00:00+01:00,1151.780879899
2030,sc01,05-30 07:00:00+01:00,1559.7372187835
2030,sc01,05-30 09:00:00+01:00,1612.096731875
2030,sc01,05-30 11:00:00+01:00,1333.8834053755
2030,sc01,05-30 13:00:00+01:00,1271.918772475
2030,sc01,05-30 15:00:00+01:00,1140.6327338955
2030,sc01,05-30 17:00:00+01:00,1309.0461544119999
2030,sc01,05-30 19:00:00+01:00,1612.5667578154998
2030,sc01,05-30 21:00:00+01:00,1522.9648172030002
2030,sc01,05-30 23:00:00+01:00,1211.819712035
2030,sc01,05-31 01:00:00+01:00,1052.569874015
2030,sc01,05-31 03:00:00+01:00,1004.6709912375001
2030,sc01,05-31 05:00:00+01:00,1147.0105219050001
2030,sc01,05-31 07:00:00+01:00,1542.2443064555
2030,sc01,05-31 09:00:00+01:00,1592.8286330575
2030,sc01,05-31 11:00:00+01:00,1323.4906591315
2030,sc01,05-31 13:00:00+01:00,1266.3376304874998
2030,sc01,05-31 15:00:00+01:00,1144.994243814
2030,sc01,05-31 17:00:00+01:00,1300.4161492675
2030,sc01,05-31 19:00:00+01:00,1597.5354993965
2030,sc01,05-31 21:00:00+01:00,1509.674521747
2030,sc01,05-31 23:00:00+01:00,1184.5992869825002
2030,sc01,06-01 01:00:00+01:00,1056.245322466
2030,sc01,06-01 03:00:00+01:00,1014.0948110830001
2030,sc01,06-01 05:00:00+01:00,1178.8695294170002
2030,sc01,06-01 07:00:00+01:00,1578.5641005155
2030,sc01,06-01 09:00:00+01:00,1640.85826606
2030,sc01,06-01 11:00:00+01:00,1362.0307974255
2030,sc01,06-01 13:00:00+01:00,1314.9832368614998
2030,sc01,06-01 15:00:00+01:00,1197.9320832259998
2030,sc01,06-01 17:00:00+01:00,1367.5957206735
2030,sc01,06-01 19:00:00+01:00,1650.8144752375
2030,sc01,06-01 21:00:00+01:00,1555.4543600845
2030,sc01,06-01 23:00:00+01:00,1243.786575994
2030,sc01,06-02 01:00:00+01:00,1068.865314269
2030,sc01,06-02 03:00:00+01:00,1022.2955234310001
2030,sc01,06-02 05:00:00+01:00,1190.3042494420001
2030,sc01,06-02 07:00:00+01:00,1585.9172798265001
2030,sc01,06-02 09:00:00+01:00,1635.6968161139998
2030,sc01,06-02 11:00:00+01:00,1373.019084008
2030,sc01,06-02 13:00:00+01:00,1314.5983471979998
2030,sc01,06-02 15:00:00+01:00,1181.8145352574998
2030,sc01,06-02 17:00:00+01:00,1362.8918135259999
2030,sc01,06-02 19:00:00+01:00,1665.1678055969999
2030,sc01,06-02 21:00:00+01:00,1562.0810824925
2030,sc01,06-02 23:00:00+01:00,1237.8054478125
2030,sc01,06-03 01:00:00+01:00,1062.635139418
2030,sc01,06-03 03:00:00+01:00,995.9221007900002
2030,sc01,06-03 05:00:00+01:00,1131.2785010690002
2030,sc01,06-03 07:00:00+01:00,1538.8111597225002
2030,sc01,06-03 09:00:00+01:00,1619.1925007245
2030,sc01,06-03 11:00:00+01:00,1357.6624237934998
2030,sc01,06-03 13:00:00+01:00,1316.9166531285
2030,sc01,06-03 15:00:00+01:00,1193.6706671494999
2030,sc01,06-03 17:00:00+01:00,1367.5223289439998
2030,sc01,06-03 19:00:00+01:00,1664.6543514349999
2030,sc01,06-03 21:00:00+01:00,1567.643087341
2030,sc01,06-03 23:00:00+01:00,1253.8724017175002
2030,sc01,06-04 01:00:00+01:00,1074.4684889495002
2030,sc01,06-04 03:00:00+01:00,1032.142735761
2030,sc01,06-04 05:00:00+01:00,1191.0611919295002
2030,sc01,06-04 07:00:00+01:00,1591.686137652
2030,sc01,06-04 09:00:00+01:00,1654.832253247
2030,sc01,06-04 11:00:00+01:00,1388.5144155899998
2030,sc01,06-04 13:00:00+01:00,1326.6832475004999
2030,sc01,06-04 15:00:00+01:00,1176.7382984229998
2030,sc01,06-04 17:00:00+01:00,1349.5298730865
2030,sc01,06-04 19:00:00+01:00,1649.796803576
2030,sc01,06-04 21:00:00+01:00,1558.6067321855
2030,sc01,06-04 23:00:00+01:00,1248.901656206
2030,sc01,06-05 01:00:00+01:00,1086.5545441915
2030,sc01,06-05 03:00:00+01:00,1036.409820732
2030,sc01,06-05 05:00:00+01:00,1175.9624654390002
2030,sc01,06-05 07:00:00+01:00,1588.478363507
2030,sc01,06-05 09:00:00+01:00,1682.561736042
2030,sc01,06-05 11:00:00+01:00,1507.4420362664998
2030,sc01,06-05 13:00:00+01:00,1484.1455033889997
2030,sc01,06-05 15:00:00+01:00,1325.1439160725
2030,sc01,06-05 17:00:00+01:00,1381.5601360585
2030,sc01,06-05 19:00:00+01:00,1649.8970317389999
2030,sc01,06-05 21:00:00+01:00,1574.889031868
2030,sc01,06-05 23:00:00+01:00,1267.5481270120001
2030,sc01,06-06 01:00:00+01:00,1094.0009045815002
2030,sc01,06-06 03:00:00+01:00,1043.1615863685001
2030,sc01,06-06 05:00:00+01:00,1188.2550580135003
2030,sc01,06-06 07:00:00+01:00,1596.1859934865001
2030,sc01,06-06 09:00:00+01:00,1691.892499852
2030,sc01,06-06 11:00:00+01:00,1506.1014515499999
2030,sc01,06-06 13:00:00+01:00,1438.566856967
2030,sc01,06-06 15:00:00+01:00,1254.3240926535
2030,sc01,06-06 17:00:00+01:00,1401.7193851944999
2030,sc01,06-06 19:00:00+01:00,1671.2863735249998
2030,sc01,06-06 21:00:00+01:00,1559.7132696225
2030,sc01,06-06 23:00:00+01:00,1234.2364320875001
2030,sc01,06-07 01:00:00+01:00,1059.6242186410002
2030,sc01,06-07 03:00:00+01:00,1022.8424786080002
2030,sc01,06-07 05:00:00+01:00,1177.7654218470002
2030,sc01,06-07 07:00:00+01:00,1577.0680885705
2030,sc01,06-07 09:00:00+01:00,1563.5819645254999
2030,sc01,06-07 11:00:00+01:00,1313.9708899514999
2030,sc01,06-07 13:00:00+01:00,1293.7010650865
2030,sc01,06-07 15:00:00+01:00,1144.9582059615
2030,sc01,06-07 17:00:00+01:00,1284.5117264459998
2030,sc01,06-07 19:00:00+01:00,1622.3075154614999
2030,sc01,06-07 21:00:00+01:00,1566.2571359285
2030,sc01,06-07 23:00:00+01:00,1256.1378520735002
2030,sc01,06-08 01:00:00+01:00,1071.8295623635001
2030,sc01,06-08 03:00:00+01:00,1004.9444681590002
2030,sc01,06-08 05:00:00+01:00,1142.824350278
2030,sc01,06-08 07:00:00+01:00,1561.5852286765
2030,sc01,06-08 09:00:00+01:00,1636.6014849704998
2030,sc01,06-08 11:00:00+01:00,1379.4058202899998
2030,sc01,06-08 13:00:00+01:00,1333.5748675549999
2030,sc01,06-08 15:00:00+01:00,1209.3093507185
2030,sc01,06-08 17:00:00+01:00,1366.355537981
2030,sc01,06-08 19:00:00+01:00,1627.171201107
2030,sc01,06-08 21:00:00+01:00,1547.882815777
2030,sc01,06-08 23:00:00+01:00,1236.8347210555
2030,sc01,06-09 01:00:00+01:00,1076.652818514
2030,sc01,06-09 03:00:00+01:00,1030.0447931
2030,sc01,06-09 05:00:00+01:00,1187.175782964
2030,sc01,06-09 07:00:00+01:00,1597.6493175645
2030,sc01,06-09 09:00:00+01:00,1647.366980287
2030,sc01,06-09 11:00:00+01:00,1371.421949551
2030,sc01,06-09 13:00:00+01:00,1315.8010817215
2030,sc01,06-09 15:00:00+01:00,1178.3340806074998
2030,sc01,06-09 17:00:00+01:00,1334.1864911035
2030,sc01,06-09 19:00:00+01:00,1630.3125084165
2030,sc01,06-09 21:00:00+01:00,1536.897649305
2030,sc01,06-09 23:00:00+01:00,1232.3414861375002
2030,sc01,06-10 01:00:00+01:00,1068.056547228
2030,sc01,06-10 03:00:00+01:00,1029.0412708600002
2030,sc01,06-10 05:00:00+01:00,1178.7834294035001
2030,sc01,06-10 07:00:00+01:00,1579.2713678985
2030,sc01,06-10 09:00:00+01:00,1639.2723663885
2030,sc01,06-10 11:00:00+01:00,1373.1084851105
2030,sc01,06-10 13:00:00+01:00,1312.8094097219998
2030,sc01,06-10 15:00:00+01:00,1180.0425133175
2030,sc01,06-10 17:00:00+01:00,1340.116814846
2030,sc01,06-10 19:00:00+01:00,1614.0670457945
2030,sc01,06-10 21:00:00+01:00,1537.3311882115001
2030,sc01,06-10 23:00:00+01:00,1213.1701690725001
2030,sc01,06-11 01:00:00+01:00,1034.577718408
2030,sc01,06-11 03:00:00+01:00,983.6619310550002
2030,sc01,06-11 05:00:00+01:00,1137.549354594
2030,sc01,06-11 07:00:00+01:00,1526.6497626275002
2030,sc01,06-11 09:00:00+01:00,1608.949112416
2030,sc01,06-11 11:00:00+01:00,1387.3043103799998
2030,sc01,06-11 13:00:00+01:00,1329.9036628664999
2030,sc01,06-11 15:00:00+01:00,1183.6592742399998
2030,sc01,06-11 17:00:00+01:00,1322.5329053715
2030,sc01,06-11 19:00:00+01:00,1614.138747582
2030,sc01,06-11 21:00:00+01:00,1537.1307958745
2030,sc01,06-11 23:00:00+01:00,1225.0566616665
2030,sc01,06-12 01:00:00+01:00,1061.0015760640001
2030,sc01,06-12 03:00:00+01:00,1018.9020441060002
2030,sc01,06-12 05:00:00+01:00,1179.6015941530002
2030,sc01,06-12 07:00:00+01:00,1592.2768029430001
2030,sc01,06-12 09:00:00+01:00,1647.47075385
2030,sc01,06-12 11:00:00+01:00,1382.692205485
2030,sc01,06-12 13:00:00+01:00,1323.435904102
2030,sc01,06-12 15:00:00+01:00,1199.4303696149998
2030,sc01,06-12 17:00:00+01:00,1369.786185491
2030,sc01,06-12 19:00:00+01:00,1670.0621921714999
2030,sc01,06-12 21:00:00+01:00,1568.7321343765
2030,sc01,06-12 23:00:00+01:00,1255.7022534715002
2030,sc01,06-13 01:00:00+01:00,1071.1960008120002
2030,sc01,06-13 03:00:00+01:00,1021.1404913545001
2030,sc01,06-13 05:00:00+01:00,1174.059305706
2030,sc01,06-13 07:00:00+01:00,1587.5501854015001
2030,sc01,06-13 09:00:00+01:00,1660.7617760115
2030,sc01,06-13 11:00:00+01:00,1401.1921072779999
2030,sc01,06-13 13:00:00+01:00,1332.1554783655
2030,sc01,06-13 15:00:00+01:00,1183.043217366
2030,sc01,06-13 17:00:00+01:00,1342.6175265835
2030,sc01,06-13 19:00:00+01:00,1644.7467798305
2030,sc01,06-13 21:00:00+01:00,1564.0323293815
2030,sc01,06-13 23:00:00+01:00,1251.9123829765
2030,sc01,06-14 01:00:00+01:00,1067.8978995510001
2030,sc01,06-14 03:00:00+01:00,1024.0555082855
2030,sc01,06-14 05:00:00+01:00,1182.9930817390002
2030,sc01,06-14 07:00:00+01:00,1589.7801662205002
2030,sc01,06-14 09:00:00+01:00,1651.8877058345
2030,sc01,06-14 11:00:00+01:00,1409.3254406745
2030,sc01,06-14 13:00:00+01:00,1382.0580193434998
2030,sc01,06-14 15:00:00+01:00,1242.6206130609999
2030,sc01,06-14 17:00:00+01:00,1406.9645974854998
2030,sc01,06-14 19:00:00+01:00,1680.192439168
2030,sc01,06-14 21:00:00+01:00,1573.4993683589998
2030,sc01,06-14 23:00:00+01:00,1238.5649613265002
2030,sc01,06-15 01:00:00+01:00,1067.8438039670002
2030,sc01,06-15 03:00:00+01:00,1029.5040050690002
2030,sc01,06-15 05:00:00+01:00,1198.5801129195002
2030,sc01,06-15 07:00:00+01:00,1606.27526852
2030,sc01,06-15 09:00:00+01:00,1681.9546720014998
2030,sc01,06-15 11:00:00+01:00,1427.0996881195
2030,sc01,06-15 13:00:00+01:00,1361.3094035875
2030,sc01,06-15 15:00:00+01:00,1223.8721799994998
2030,sc01,06-15 17:00:00+01:00,1403.523002814
2030,sc01,06-15 19:00:00+01:00,1653.3846450229998
2030,sc01,06-15 21:00:00+01:00,1559.3087134009997
2030,sc01,06-15 23:00:00+01:00,1245.1477504545
2030,sc01,06-16 01:00:00+01:00,1062.3696024760002
2030,sc01,06-16 03:00:00+01:00,1007.8788825030001
2030,sc01,06-16 05:00:00+01:00,1137.3471584570002
2030,sc01,06-16 07:00:00+01:00,1557.5959990105002
2030,sc01,06-16 09:00:00+01:00,1640.7231559779998
2030,sc01,06-16 11:00:00+01:00,1373.4614207539998
2030,sc01,06-16 13:00:00+01:00,1315.3876461954999
2030,sc01,06-16 15:00:00+01:00,1172.6948319164999
2030,sc01,06-16 17:00:00+01:00,1305.6567220514999
2030,sc01,06-16 19:00:00+01:00,1574.1476767775
2030,sc01,06-16 21:00:00+01:00,1499.854519301
2030,sc01,06-16 23:00:00+01:00,1194.8753737195002
2030,sc01,06-17 01:00:00+01:00,964.0031098900001
2030,sc01,06-17 03:00:00+01:00,873.8873260520002
2030,sc01,06-17 05:00:00+01:00,1058.0182972460002
2030,sc01,06-17 07:00:00+01:00,1483.2280736995
2030,sc01,06-17 09:00:00+01:00,1576.4667261905
2030,sc01,06-17 11:00:00+01:00,1326.519077557
2030,sc01,06-17 13:00:00+01:00,1247.679719457
2030,sc01,06-17 15:00:00+01:00,1103.537540821
2030,sc01,06-17 17:00:00+01:00,1252.2544780444998
2030,sc01,06-17 19:00:00+01:00,1544.3730470839998
2030,sc01,06-17 21:00:00+01:00,1487.9780623909999
2030,sc01,06-17 23:00:00+01:00,1181.2749305035002
2030,sc01,06-18 01:00:00+01:00,932.7308517650001
2030,sc01,06-18 03:00:00+01:00,838.3710302920001
2030,sc01,06-18 05:00:00+01:00,1062.0939023060002
2030,sc01,06-18 07:00:00+01:00,1596.8457317295001
2030,sc01,06-18 09:00:00+01:00,1651.2667693499998
2030,sc01,06-18 11:00:00+01:00,1386.5009275945
2030,sc01,06-18 13:00:00+01:00,1307.5752363795
2030,sc01,06-18 15:00:00+01:00,1171.6717423759999
2030,sc01,06-18 17:00:00+01:00,1321.910304776
2030,sc01,06-18 19:00:00+01:00,1626.2855792569999
2030,sc01,06-18 21:00:00+01:00,1545.4205934304998
2030,sc01,06-18 23:00:00+01:00,1183.2125856535001
2030,sc01,06-19 01:00:00+01:00,1008.1357885400001
2030,sc01,06-19 03:00:00+01:00,996.5824945620002
2030,sc01,06-19 05:00:00+01:00,1160.681735436
2030,sc01,06-19 07:00:00+01:00,1561.9439240445001
2030,sc01,06-19 09:00:00+01:00,1587.5147141979999
2030,sc01,06-19 11:00:00+01:00,1339.9579454124998
2030,sc01,06-19 13:00:00+01:00,1305.199720335
2030,sc01,06-19 15:00:00+01:00,1173.5548510904998
2030,sc01,06-19 17:00:00+01:00,1304.0337588055
2030,sc01,06-19 19:00:00+01:00,1599.8274899894998
2030,sc01,06-19 21:00:00+01:00,1523.0934682344998
2030,sc01,06-19 23:00:00+01:00,1163.5823038585002
2030,sc01,06-20 01:00:00+01:00,1001.38703008
2030,sc01,06-20 03:00:00+01:00,939.7751207920002
2030,sc01,06-20 05:00:00+01:00,1133.2512589460002
2030,sc01,06-20 07:00:00+01:00,1544.7507546045001
2030,sc01,06-20 09:00:00+01:00,1632.0522189505
2030,sc01,06-20 11:00:00+01:00,1374.1906459954998
2030,sc01,06-20 13:00:00+01:00,1311.9145563319998
2030,sc01,06-20 15:00:00+01:00,1182.1345129464999
2030,sc01,06-20 17:00:00+01:00,1341.1841358969998
2030,sc01,06-20 19:00:00+01:00,1613.7614203609999
2030,sc01,06-20 21:00:00+01:00,1566.3103270354998
2030,sc01,06-20 23:00:00+01:00,1237.6869234145001
2030,sc01,06-21 01:00:00+01:00,1033.98918251
2030,sc01,06-21 03:00:00+01:00,958.9951725120002
2030,sc01,06-21 05:00:00+01:00,1135.7628020610002
2030,sc01,06-21 07:00:00+01:00,1566.4082603795
2030,sc01,06-21 09:00:00+01:00,1617.2115072559998
2030,sc01,06-21 11:00:00+01:00,1343.703898191
2030,sc01,06-21 13:00:00+01:00,1292.3458427535
2030,sc01,06-21 15:00:00+01:00,1171.4128165215
2030,sc01,06-21 17:00:00+01:00,1342.659198565
2030,sc01,06-21 19:00:00+01:00,1646.959805693
2030,sc01,06-21 21:00:00+01:00,1563.6296156934998
2030,sc01,06-21 23:00:00+01:00,1242.4065131475002
2030,sc01,06-22 01:00:00+01:00,1062.803256249
2030,sc01,06-22 03:00:00+01:00,1010.1095612170002
2030,sc01,06-22 05:00:00+01:00,1169.8468745060002
2030,sc01,06-22 07:00:00+01:00,1575.4391285650001
2030,sc01,06-22 09:00:00+01:00,1633.4229778795
2030,sc01,06-22 11:00:00+01:00,1368.5889276379999
2030,sc01,06-22 13:00:00+01:00,1310.1417516365
2030,sc01,06-22 15:00:00+01:00,1173.708529002
2030,sc01,06-22 17:00:00+01:00,1334.7131640665
2030,sc01,06-22 19:00:00+01:00,1609.6582707065
2030,sc01,06-22 21:00:00+01:00,1520.6565188114998
2030,sc01,06-22 23:00:00+01:00,1206.2823500685001
2030,sc01,06-23 01:00:00+01:00,1018.9812100550001
2030,sc01,06-23 03:00:00+01:00,986.4243903920001
2030,sc01,06-23 05:00:00+01:00,1135.7204788960003
2030,sc01,06-23 07:00:00+01:00,1553.0603056595
2030,sc01,06-23 09:00:00+01:00,1616.207735474
2030,sc01,06-23 11:00:00+01:00,1384.1365761475
2030,sc01,06-23 13:00:00+01:00,1371.1627748815
2030,sc01,06-23 15:00:00+01:00,1217.265133035
2030,sc01,06-23 17:00:00+01:00,1356.462248499
2030,sc01,06-23 19:00:00+01:00,1622.482957746
2030,sc01,06-23 21:00:00+01:00,1508.1463901774998
2030,sc01,06-23 23:00:00+01:00,1206.0062968435002
2030,sc01,06-24 01:00:00+01:00,1045.642152605
2030,sc01,06-24 03:00:00+01:00,1012.3174552550001
2030,sc01,06-24 05:00:00+01:00,1180.0840289655002
2030,sc01,06-24 07:00:00+01:00,1577.3092838615
2030,sc01,06-24 09:00:00+01:00,1649.3607649795
2030,sc01,06-24 11:00:00+01:00,1390.9861463569998
2030,sc01,06-24 13:00:00+01:00,1298.77768427
2030,sc01,06-24 15:00:00+01:00,1140.9538738724998
2030,sc01,06-24 17:00:00+01:00,1304.6571976705
2030,sc01,06-24 19:00:00+01:00,1598.6843729895
2030,sc01,06-24 21:00:00+01:00,1513.2576272539998
2030,sc01,06-24 23:00:00+01:00,1214.7734590135
2030,sc01,06-25 01:00:00+01:00,1045.751406045
2030,sc01,06-25 03:00:00+01:00,972.1688890420002
2030,sc01,06-25 05:00:00+01:00,1104.1192260660002
2030,sc01,06-25 07:00:00+01:00,1533.3850535295
2030,sc01,06-25 09:00:00+01:00,1604.3476575144998
2030,sc01,06-25 11:00:00+01:00,1325.7096477819998
2030,sc01,06-25 13:00:00+01:00,1260.299607256
2030,sc01,06-25 15:00:00+01:00,1154.627166279
2030,sc01,06-25 17:00:00+01:00,1337.047426824
2030,sc01,06-25 19:00:00+01:00,1635.144535208
2030,sc01,06-25 21:00:00+01:00,1546.2973954729998
2030,sc01,06-25 23:00:00+01:00,1239.295487603
2030,sc01,06-26 01:00:00+01:00,1068.2526950420001
2030,sc01,06-26 03:00:00+01:00,985.2421694770002
2030,sc01,06-26 05:00:00+01:00,1139.8815396260002
2030,sc01,06-26 07:00:00+01:00,1563.8423200215002
2030,sc01,06-26 09:00:00+01:00,1653.1990889934998
2030,sc01,06-26 11:00:00+01:00,1401.2363697389999
2030,sc01,06-26 13:00:00+01:00,1337.043499742
2030,sc01,06-26 15:00:00+01:00,1206.0960097099999
2030,sc01,06-26 17:00:00+01:00,1370.4763135404999
2030,sc01,06-26 19:00:00+01:00,1643.4665078355
2030,sc01,06-26 21:00:00+01:00,1472.60557086
2030,sc01,06-26 23:00:00+01:00,1226.920473175
2030,sc01,06-27 01:00:00+01:00,1049.8125972295002
2030,sc01,06-27 03:00:00+01:00,989.8830091770002
2030,sc01,06-27 05:00:00+01:00,1142.0530631310003
2030,sc01,06-27 07:00:00+01:00,1565.7047807210001
2030,sc01,06-27 09:00:00+01:00,1630.2843183465
2030,sc01,06-27 11:00:00+01:00,1355.7128134465
2030,sc01,06-27 13:00:00+01:00,1322.9747477575
2030,sc01,06-27 15:00:00+01:00,1202.4178334194999
2030,sc01,06-27 17:00:00+01:00,1371.1420038514998
2030,sc01,06-27 19:00:00+01:00,1658.075824411
2030,sc01,06-27 21:00:00+01:00,1502.7641733785001
2030,sc01,06-27 23:00:00+01:00,1214.0084574485002
2030,sc01,06-28 01:00:00+01:00,1036.6810312250002
2030,sc01,06-28 03:00:00+01:00,955.2859163820001
2030,sc01,06-28 05:00:00+01:00,1081.8388061160001
2030,sc01,06-28 07:00:00+01:00,1482.9098218645001
2030,sc01,06-28 09:00:00+01:00,1634.1203277099999
2030,sc01,06-28 11:00:00+01:00,1419.263169117
2030,sc01,06-28 13:00:00+01:00,1327.2914107114998
2030,sc01,06-28 15:00:00+01:00,1184.5273662084999
2030,sc01,06-28 17:00:00+01:00,1357.2245027529998
2030,sc01,06-28 19:00:00+01:00,1647.5162674375
2030,sc01,06-28 21:00:00+01:00,1535.081707293
2030,sc01,06-28 23:00:00+01:00,1222.8617711840002
2030,sc01,06-29 01:00:00+01:00,1052.21059248
2030,sc01,06-29 03:00:00+01:00,1009.3909760555001
2030,sc01,06-29 05:00:00+01:00,1165.5820326490002
2030,sc01,06-29 07:00:00+01:00,1567.4782779425002
2030,sc01,06-29 09:00:00+01:00,1633.3714653944999
2030,sc01,06-29 11:00:00+01:00,1359.458360443
2030,sc01,06-29 13:00:00+01:00,1293.8882761829998
2030,sc01,06-29 15:00:00+01:00,1150.0280455784998
2030,sc01,06-29 17:00:00+01:00,1321.865538397
2030,sc01,06-29 19:00:00+01:00,1625.4469713395
2030,sc01,06-29 21:00:00+01:00,1541.7916629909998
2030,sc01,06-29 23:00:00+01:00,1219.1370384835002
2030,sc01,06-30 01:00:00+01:00,1040.0095646050002
2030,sc01,06-30 03:00:00+01:00,996.0970766220001
2030,sc01,06-30 05:00:00+01:00,1143.376291381
2030,sc01,06-30 07:00:00+01:00,1548.5989445645
2030,sc01,06-30 09:00:00+01:00,1613.0641684334998
2030,sc01,06-30 11:00:00+01:00,1352.228734247
2030,sc01,06-30 13:00:00+01:00,1299.1997637169998
2030,sc01,06-30 15:00:00+01:00,1170.672984566
2030,sc01,06-30 17:00:00+01:00,1338.318474192
2030,sc01,06-30 19:00:00+01:00,1622.097217236
2030,sc01,06-30 21:00:00+01:00,1535.531501475
2030,sc01,06-30 23:00:00+01:00,1225.0878743585001
2030,sc01,07-01 01:00:00+01:00,1068.716563309
2030,sc01,07-01 03:00:00+01:00,1009.0235683200001
2030,sc01,07-01 05:00:00+01:00,1165.7993969575002
2030,sc01,07-01 07:00:00+01:00,1581.2791459750001
2030,sc01,07-01 09:00:00+01:00,1655.8312719705
2030,sc01,07-01 11:00:00+01:00,1394.6567753284999
2030,sc01,07-01 13:00:00+01:00,1330.46504429
2030,sc01,07-01 15:00:00+01:00,1194.383491692
2030,sc01,07-01 17:00:00+01:00,1353.0050646285
2030,sc01,07-01 19:00:00+01:00,1646.0192984219998
2030,sc01,07-01 21:00:00+01:00,1561.0794952864999
2030,sc01,07-01 23:00:00+01:00,1253.500473716
2030,sc01,07-02 01:00:00+01:00,1075.3094593810001
2030,sc01,07-02 03:00:00+01:00,1039.4525347285
2030,sc01,07-02 05:00:00+01:00,1191.2100756030002
2030,sc01,07-02 07:00:00+01:00,1592.1798039950002
2030,sc01,07-02 09:00:00+01:00,1676.4390919855
2030,sc01,07-02 11:00:00+01:00,1426.9537909375
2030,sc01,07-02 13:00:00+01:00,1352.1604363375
2030,sc01,07-02 15:00:00+01:00,1212.7451718144998
2030,sc01,07-02 17:00:00+01:00,1361.8521453619999
2030,sc01,07-02 19:00:00+01:00,1640.6240804244999
2030,sc01,07-02 21:00:00+01:00,1544.1517186575
2030,sc01,07-02 23:00:00+01:00,1233.9600388200001
2030,sc01,07-03 01:00:00+01:00,1059.1388294645
2030,sc01,07-03 03:00:00+01:00,1010.5625367050001
2030,sc01,07-03 05:00:00+01:00,1171.7703896575001
2030,sc01,07-03 07:00:00+01:00,1577.08611457
2030,sc01,07-03 09:00:00+01:00,1642.5839527204998
2030,sc01,07-03 11:00:00+01:00,1381.2448937579998
2030,sc01,07-03 13:00:00+01:00,1323.4980724319998
2030,sc01,07-03 15:00:00+01:00,1197.0193106425
2030,sc01,07-03 17:00:00+01:00,1361.7581587265
2030,sc01,07-03 19:00:00+01:00,1626.6958374549997
2030,sc01,07-03 21:00:00+01:00,1528.5045205044999
2030,sc01,07-03 23:00:00+01:00,1236.3140597505
2030,sc01,07-04 01:00:00+01:00,1076.7370598905002
2030,sc01,07-04 03:00:00+01:00,1030.894539135
2030,sc01,07-04 05:00:00+01:00,1196.4005953835
2030,sc01,07-04 07:00:00+01:00,1610.8661282080002
2030,sc01,07-04 09:00:00+01:00,1700.1125697315
2030,sc01,07-04 11:00:00+01:00,1504.2023097659999
2030,sc01,07-04 13:00:00+01:00,1542.3069125974998
2030,sc01,07-04 15:00:00+01:00,1383.7777613169999
2030,sc01,07-04 17:00:00+01:00,1443.507943223
2030,sc01,07-04 19:00:00+01:00,1708.2509249669997
2030,sc01,07-04 21:00:00+01:00,1585.63481149
2030,sc01,07-04 23:00:00+01:00,1224.77435898
2030,sc01,07-05 01:00:00+01:00,1056.5336898345001
2030,sc01,07-05 03:00:00+01:00,1033.0456497025
2030,sc01,07-05 05:00:00+01:00,1198.7142028885
2030,sc01,07-05 07:00:00+01:00,1599.9260835785
2030,sc01,07-05 09:00:00+01:00,1682.1745578025
2030,sc01,07-05 11:00:00+01:00,1413.1162132534998
2030,sc01,07-05 13:00:00+01:00,1355.3999196099999
2030,sc01,07-05 15:00:00+01:00,1214.2599898975
2030,sc01,07-05 17:00:00+01:00,1335.7063172394999
2030,sc01,07-05 19:00:00+01:00,1604.3461533854997
2030,sc01,07-05 21:00:00+01:00,1512.2213003585
2030,sc01,07-05 23:00:00+01:00,1212.56201478
2030,sc01,07-06 01:00:00+01:00,1045.2449024345
2030,sc01,07-06 03:00:00+01:00,1008.0880022800001
2030,sc01,07-06 05:00:00+01:00,1153.1449341525001
2030,sc01,07-06 07:00:00+01:00,1572.8527897500003
2030,sc01,07-06 09:00:00+01:00,1645.696835497
2030,sc01,07-06 11:00:00+01:00,1356.7253468089998
2030,sc01,07-06 13:00:00+01:00,1271.2714814914998
2030,sc01,07-06 15:00:00+01:00,1143.3092621659998
2030,sc01,07-06 17:00:00+01:00,1322.814583296
2030,sc01,07-06 19:00:00+01:00,1600.3029984114999
2030,sc01,07-06 21:00:00+01:00,1518.5470529575
2030,sc01,07-06 23:00:00+01:00,1219.109655895
2030,sc01,07-07 01:00:00+01:00,1051.0354174245
2030,sc01,07-07 03:00:00+01:00,1015.5130452885
2030,sc01,07-07 05:00:00+01:00,1175.6375853180002
2030,sc01,07-07 07:00:00+01:00,1598.7961111805002
2030,sc01,07-07 09:00:00+01:00,1680.6702902074999
2030,sc01,07-07 11:00:00+01:00,1448.4557843429998
2030,sc01,07-07 13:00:00+01:00,1428.445561738
2030,sc01,07-07 15:00:00+01:00,1296.8774826709998
2030,sc01,07-07 17:00:00+01:00,1420.1718930319998
2030,sc01,07-07 19:00:00+01:00,1663.9781101504998
2030,sc01,07-07 21:00:00+01:00,1547.3226929159998
2030,sc01,07-07 23:00:00+01:00,1231.371372447
2030,sc01,07-08 01:00:00+01:00,1077.331902412
2030,sc01,07-08 03:00:00+01:00,1036.007433755
2030,sc01,07-08 05:00:00+01:00,1183.192756886
2030,sc01,07-08 07:00:00+01:00,1589.6364017110002
2030,sc01,07-08 09:00:00+01:00,1691.3891038259999
2030,sc01,07-08 11:00:00+01:00,1446.2095550225
2030,sc01,07-08 13:00:00+01:00,1418.5440465479999
2030,sc01,07-08 15:00:00+01:00,1295.7554091129998
2030,sc01,07-08 17:00:00+01:00,1450.1363278175
2030,sc01,07-08 19:00:00+01:00,1699.6005175074997
2030,sc01,07-08 21:00:00+01:00,1568.77577772
2030,sc01,07-08 23:00:00+01:00,1242.2784416185
2030,sc01,07-09 01:00:00+01:00,1067.4470232505
2030,sc01,07-09 03:00:00+01:00,1022.1493451675001
2030,sc01,07-09 05:00:00+01:00,1177.3416252240002
2030,sc01,07-09 07:00:00+01:00,1578.856196287
2030,sc01,07-09 09:00:00+01:00,1643.033890967
2030,sc01,07-09 11:00:00+01:00,1396.2573238584998
2030,sc01,07-09 13:00:00+01:00,1387.055528311
2030,sc01,07-09 15:00:00+01:00,1230.6095909305
2030,sc01,07-09 17:00:00+01:00,1375.8341586284998
2030,sc01,07-09 19:00:00+01:00,1631.9818491175
2030,sc01,07-09 21:00:00+01:00,1516.0738556924998
2030,sc01,07-09 23:00:00+01:00,1196.51678769
2030,sc01,07-10 01:00:00+01:00,1001.8848023495001
2030,sc01,07-10 03:00:00+01:00,959.840249225
2030,sc01,07-10 05:00:00+01:00,1106.1206874475001
2030,sc01,07-10 07:00:00+01:00,1508.033535315
2030,sc01,07-10 09:00:00+01:00,1584.660181703
2030,sc01,07-10 11:00:00+01:00,1340.2273365544997
2030,sc01,07-10 13:00:00+01:00,1363.2097305204998
2030,sc01,07-10 15:00:00+01:00,1215.4836723365
2030,sc01,07-10 17:00:00+01:00,1377.3900801245
2030,sc01,07-10 19:00:00+01:00,1650.448561625
2030,sc01,07-10 21:00:00+01:00,1556.7319322044998
2030,sc01,07-10 23:00:00+01:00,1239.3368377000002
2030,sc01,07-11 01:00:00+01:00,1047.909086335
2030,sc01,07-11 03:00:00+01:00,995.1556664255
2030,sc01,07-11 05:00:00+01:00,1156.2328845815002
2030,sc01,07-11 07:00:00+01:00,1571.2123979335001
2030,sc01,07-11 09:00:00+01:00,1641.157282382
2030,sc01,07-11 11:00:00+01:00,1385.495577173
2030,sc01,07-11 13:00:00+01:00,1317.3345767955
2030,sc01,07-11 15:00:00+01:00,1195.7339281959999
2030,sc01,07-11 17:00:00+01:00,1366.862580782
2030,sc01,07-11 19:00:00+01:00,1616.7694052779998
2030,sc01,07-11 21:00:00+01:00,1500.839917172
2030,sc01,07-11 23:00:00+01:00,1200.174492008
2030,sc01,07-12 01:00:00+01:00,1021.6578314835001
2030,sc01,07-12 03:00:00+01:00,974.1361757110001
2030,sc01,07-12 05:00:00+01:00,1129.6534496435002
2030,sc01,07-12 07:00:00+01:00,1537.9419126355
2030,sc01,07-12 09:00:00+01:00,1607.540165378
2030,sc01,07-12 11:00:00+01:00,1341.7456131659999
2030,sc01,07-12 13:00:00+01:00,1302.6072306894998
2030,sc01,07-12 15:00:00+01:00,1113.828653506
2030,sc01,07-12 17:00:00+01:00,1250.8852448905
2030,sc01,07-12 19:00:00+01:00,1533.8428664464998
2030,sc01,07-12 21:00:00+01:00,1449.5001234939998
2030,sc01,07-12 23:00:00+01:00,1135.790622555
2030,sc01,07-13 01:00:00+01:00,904.1099298045001
2030,sc01,07-13 03:00:00+01:00,864.9425283400001
2030,sc01,07-13 05:00:00+01:00,1041.4346520275
2030,sc01,07-13 07:00:00+01:00,1472.4471965200003
2030,sc01,07-13 09:00:00+01:00,1562.9102582004998
2030,sc01,07-13 11:00:00+01:00,1318.5365436485
2030,sc01,07-13 13:00:00+01:00,1281.4965805389998
2030,sc01,07-13 15:00:00+01:00,1149.1467294109998
2030,sc01,07-13 17:00:00+01:00,1316.6462249669999
2030,sc01,07-13 19:00:00+01:00,1599.5289620024998
2030,sc01,07-13 21:00:00+01:00,1500.8033891419998
2030,sc01,07-13 23:00:00+01:00,1185.4520692835001
2030,sc01,07-14 01:00:00+01:00,1024.9475365770002
2030,sc01,07-14 03:00:00+01:00,975.8901254365
2030,sc01,07-14 05:00:00+01:00,1139.4525908675
2030,sc01,07-14 07:00:00+01:00,1553.8267234730001
2030,sc01,07-14 09:00:00+01:00,1627.733912106
2030,sc01,07-14 11:00:00+01:00,1364.7083921289998
2030,sc01,07-14 13:00:00+01:00,1313.7966545094998
2030,sc01,07-14 15:00:00+01:00,1177.2558631809998
2030,sc01,07-14 17:00:00+01:00,1359.4932304259999
2030,sc01,07-14 19:00:00+01:00,1615.2085771624998
2030,sc01,07-14 21:00:00+01:00,1492.920295764
2030,sc01,07-14 23:00:00+01:00,1189.2377156060002
2030,sc01,07-15 01:00:00+01:00,1025.0414244190001
2030,sc01,07-15 03:00:00+01:00,968.0344082135
2030,sc01,07-15 05:00:00+01:00,1100.9040697925002
2030,sc01,07-15 07:00:00+01:00,1502.3804062800002
2030,sc01,07-15 09:00:00+01:00,1591.8412429005
2030,sc01,07-15 11:00:00+01:00,1311.253249941
2030,sc01,07-15 13:00:00+01:00,1202.8200493059999
2030,sc01,07-15 15:00:00+01:00,1012.2214846799998
2030,sc01,07-15 17:00:00+01:00,1147.9821060944998
2030,sc01,07-15 19:00:00+01:00,1470.2152049294998
2030,sc01,07-15 21:00:00+01:00,1418.5416387809998
2030,sc01,07-15 23:00:00+01:00,1103.5236619450002
2030,sc01,07-16 01:00:00+01:00,898.3441240795
2030,sc01,07-16 03:00:00+01:00,846.77597595
2030,sc01,07-16 05:00:00+01:00,1024.7688066525002
2030,sc01,07-16 07:00:00+01:00,1444.7156283400002
2030,sc01,07-16 09:00:00+01:00,1508.0472012065
2030,sc01,07-16 11:00:00+01:00,1273.9180057629999
2030,sc01,07-16 13:00:00+01:00,1239.830589195
2030,sc01,07-16 15:00:00+01:00,1092.7149831919999
2030,sc01,07-16 17:00:00+01:00,1245.4580218395
2030,sc01,07-16 19:00:00+01:00,1551.8674864109998
2030,sc01,07-16 21:00:00+01:00,1462.6217872485
2030,sc01,07-16 23:00:00+01:00,1180.4541412400001
2030,sc01,07-17 01:00:00+01:00,1007.9004969010001
2030,sc01,07-17 03:00:00+01:00,950.396431235
2030,sc01,07-17 05:00:00+01:00,1082.3994424875002
2030,sc01,07-17 07:00:00+01:00,1500.367625
2030,sc01,07-17 09:00:00+01:00,1576.3558653124999
2030,sc01,07-17 11:00:00+01:00,1319.8476988024997
2030,sc01,07-17 13:00:00+01:00,1257.6930041179999
2030,sc01,07-17 15:00:00+01:00,1115.4504654389998
2030,sc01,07-17 17:00:00+01:00,1277.7725779225
2030,sc01,07-17 19:00:00+01:00,1529.8096984999997
2030,sc01,07-17 21:00:00+01:00,1427.3454975144998
2030,sc01,07-17 23:00:00+01:00,1161.8099892300002
2030,sc01,07-18 01:00:00+01:00,1005.7886461455
2030,sc01,07-18 03:00:00+01:00,959.958870249
2030,sc01,07-18 05:00:00+01:00,1115.6067789725
2030,sc01,07-18 07:00:00+01:00,1529.1811717510002
2030,sc01,07-18 09:00:00+01:00,1602.7134097004998
2030,sc01,07-18 11:00:00+01:00,1359.1382426269997
2030,sc01,07-18 13:00:00+01:00,1312.7895418454998
2030,sc01,07-18 15:00:00+01:00,1201.2867632234997
2030,sc01,07-18 17:00:00+01:00,1331.308728951
2030,sc01,07-18 19:00:00+01:00,1566.2460064024997
2030,sc01,07-18 21:00:00+01:00,1421.5431101484999
2030,sc01,07-18 23:00:00+01:00,1145.21997999
2030,sc01,07-19 01:00:00+01:00,1002.7122878235
2030,sc01,07-19 03:00:00+01:00,967.0146738945
2030,sc01,07-19 05:00:00+01:00,1128.2448303410001
2030,sc01,07-19 07:00:00+01:00,1553.5413061020001
2030,sc01,07-19 09:00:00+01:00,1647.9465652
2030,sc01,07-19 11:00:00+01:00,1405.5604710869998
2030,sc01,07-19 13:00:00+01:00,1379.1377587469997
2030,sc01,07-19 15:00:00+01:00,1252.5367765064998
2030,sc01,07-19 17:00:00+01:00,1447.1344603009998
2030,sc01,07-19 19:00:00+01:00,1684.8423247079998
2030,sc01,07-19 21:00:00+01:00,1533.439191411
2030,sc01,07-19 23:00:00+01:00,1204.252500048
2030,sc01,07-20 01:00:00+01:00,1019.8979592950001
2030,sc01,07-20 03:00:00+01:00,974.0936731135
2030,sc01,07-20 05:00:00+01:00,1137.1176683015
2030,sc01,07-20 07:00:00+01:00,1547.929613146
2030,sc01,07-20 09:00:00+01:00,1626.5806045539998
2030,sc01,07-20 11:00:00+01:00,1377.5743578514998
2030,sc01,07-20 13:00:00+01:00,1342.1157778764998
2030,sc01,07-20 15:00:00+01:00,1215.5825099454999
2030,sc01,07-20 17:00:00+01:00,1367.9854262145
2030,sc01,07-20 19:00:00+01:00,1611.4790970549998
2030,sc01,07-20 21:00:00+01:00,1490.329369337
2030,sc01,07-20 23:00:00+01:00,1169.9298286350001
2030,sc01,07-21 01:00:00+01:00,968.1109449145
2030,sc01,07-21 03:00:00+01:00,915.26193858
2030,sc01,07-21 05:00:00+01:00,1075.6541206225002
2030,sc01,07-21 07:00:00+01:00,1491.6532225950002
2030,sc01,07-21 09:00:00+01:00,1576.6333800859998
2030,sc01,07-21 11:00:00+01:00,1312.1970637109998
2030,sc01,07-21 13:00:00+01:00,1248.9287204349998
2030,sc01,07-21 15:00:00+01:00,1104.5400412579997
2030,sc01,07-21 17:00:00+01:00,1259.8732321794998
2030,sc01,07-21 19:00:00+01:00,1574.4929829764997
2030,sc01,07-21 21:00:00+01:00,1496.7475227984999
2030,sc01,07-21 23:00:00+01:00,1171.346223233
2030,sc01,07-22 01:00:00+01:00,994.801273283
2030,sc01,07-22 03:00:00+01:00,957.7176560655
2030,sc01,07-22 05:00:00+01:00,1125.642049086
2030,sc01,07-22 07:00:00+01:00,1541.3830676925002
2030,sc01,07-22 09:00:00+01:00,1612.4872885035
2030,sc01,07-22 11:00:00+01:00,1343.1609061074998
2030,sc01,07-22 13:00:00+01:00,1293.2709520209999
2030,sc01,07-22 15:00:00+01:00,1178.4034594734999
2030,sc01,07-22 17:00:00+01:00,1354.7346029034998
2030,sc01,07-22 19:00:00+01:00,1603.0451188689997
2030,sc01,07-22 21:00:00+01:00,1488.8227357734997
2030,sc01,07-22 23:00:00+01:00,1183.4882963925
2030,sc01,07-23 01:00:00+01:00,1018.164133029
2030,sc01,07-23 03:00:00+01:00,967.9118914675
2030,sc01,07-23 05:00:00+01:00,1126.8447872945
2030,sc01,07-23 07:00:00+01:00,1545.4183505520002
2030,sc01,07-23 09:00:00+01:00,1642.5037186495
2030,sc01,07-23 11:00:00+01:00,1447.5782713984997
2030,sc01,07-23 13:00:00+01:00,1453.2011369289999
2030,sc01,07-23 15:00:00+01:00,1314.2966650654998
2030,sc01,07-23 17:00:00+01:00,1415.3432047729998
2030,sc01,07-23 19:00:00+01:00,1608.6301044159998
2030,sc01,07-23 21:00:00+01:00,1489.524178859
2030,sc01,07-23 23:00:00+01:00,1174.7787214305001
2030,sc01,07-24 01:00:00+01:00,989.865360377
2030,sc01,07-24 03:00:00+01:00,951.7430372505
2030,sc01,07-24 05:00:00+01:00,1107.9549059340002
2030,sc01,07-24 07:00:00+01:00,1520.4013787925
2030,sc01,07-24 09:00:00+01:00,1603.8276417594998
2030,sc01,07-24 11:00:00+01:00,1367.9526278339997
2030,sc01,07-24 13:00:00+01:00,1328.2337219249998
2030,sc01,07-24 15:00:00+01:00,1170.8132065154998
2030,sc01,07-24 17:00:00+01:00,1343.4206919649998
2030,sc01,07-24 19:00:00+01:00,1621.3855004579998
2030,sc01,07-24 21:00:00+01:00,1471.9727208784998
2030,sc01,07-24 23:00:00+01:00,1156.4241241
2030,sc01,07-25 01:00:00+01:00,942.5343477845
2030,sc01,07-25 03:00:00+01:00,871.94131314
2030,sc01,07-25 05:00:00+01:00,1025.3748028225002
2030,sc01,07-25 07:00:00+01:00,1460.6536884650002
2030,sc01,07-25 09:00:00+01:00,1537.3293534744998
2030,sc01,07-25 11:00:00+01:00,1284.3993264554997
2030,sc01,07-25 13:00:00+01:00,1202.4917180475
2030,sc01,07-25 15:00:00+01:00,1021.7885222164998
2030,sc01,07-25 17:00:00+01:00,1222.288159688
2030,sc01,07-25 19:00:00+01:00,1547.0282728079999
2030,sc01,07-25 21:00:00+01:00,1464.2300209285
2030,sc01,07-25 23:00:00+01:00,1145.846095252
2030,sc01,07-26 01:00:00+01:00,961.0816656795
2030,sc01,07-26 03:00:00+01:00,914.936454555
2030,sc01,07-26 05:00:00+01:00,1063.1764146675
2030,sc01,07-26 07:00:00+01:00,1454.7786725600001
2030,sc01,07-26 09:00:00+01:00,1508.2669470529997
2030,sc01,07-26 11:00:00+01:00,1252.5510748384997
2030,sc01,07-26 13:00:00+01:00,1191.7613759879998
2030,sc01,07-26 15:00:00+01:00,1038.5874081174998
2030,sc01,07-26 17:00:00+01:00,1215.4935977374998
2030,sc01,07-26 19:00:00+01:00,1523.2886304794997
2030,sc01,07-26 21:00:00+01:00,1437.4429298334999
2030,sc01,07-26 23:00:00+01:00,1130.6099812700002
2030,sc01,07-27 01:00:00+01:00,941.7269482595001
2030,sc01,07-27 03:00:00+01:00,879.36390555
2030,sc01,07-27 05:00:00+01:00,1043.5253793025001
2030,sc01,07-27 07:00:00+01:00,1464.6287968350002
2030,sc01,07-27 09:00:00+01:00,1572.744233599
2030,sc01,07-27 11:00:00+01:00,1319.0364220824997
2030,sc01,07-27 13:00:00+01:00,1219.8107212114999
2030,sc01,07-27 15:00:00+01:00,1070.6788870339997
2030,sc01,07-27 17:00:00+01:00,1231.2419419305
2030,sc01,07-27 19:00:00+01:00,1508.5222366649998
2030,sc01,07-27 21:00:00+01:00,1414.3939040039998
2030,sc01,07-27 23:00:00+01:00,1143.416912565
2030,sc01,07-28 01:00:00+01:00,953.9905389045
2030,sc01,07-28 03:00:00+01:00,903.056447455
2030,sc01,07-28 05:00:00+01:00,1063.6971542275
2030,sc01,07-28 07:00:00+01:00,1479.6803251295
2030,sc01,07-28 09:00:00+01:00,1553.0710612305
2030,sc01,07-28 11:00:00+01:00,1283.0290441274997
2030,sc01,07-28 13:00:00+01:00,1259.8277240254997
2030,sc01,07-28 15:00:00+01:00,1129.6882923899998
2030,sc01,07-28 17:00:00+01:00,1279.6732168689998
2030,sc01,07-28 19:00:00+01:00,1516.9760310284998
2030,sc01,07-28 21:00:00+01:00,1440.7258980774998
2030,sc01,07-28 23:00:00+01:00,1139.5614442830001
2030,sc01,07-29 01:00:00+01:00,940.9175104465
2030,sc01,07-29 03:00:00+01:00,898.1974798575
2030,sc01,07-29 05:00:00+01:00,1064.6753315155001
2030,sc01,07-29 07:00:00+01:00,1476.9593074375002
2030,sc01,07-29 09:00:00+01:00,1551.4053054019998
2030,sc01,07-29 11:00:00+01:00,1323.1180736504998
2030,sc01,07-29 13:00:00+01:00,1293.0992731454999
2030,sc01,07-29 15:00:00+01:00,1074.7464762399998
2030,sc01,07-29 17:00:00+01:00,1259.430134237
2030,sc01,07-29 19:00:00+01:00,1546.0084385254997
2030,sc01,07-29 21:00:00+01:00,1435.4298548255
2030,sc01,07-29 23:00:00+01:00,1116.8118825220001
2030,sc01,07-30 01:00:00+01:00,886.8173587295
2030,sc01,07-30 03:00:00+01:00,826.3883481949999
2030,sc01,07-30 05:00:00+01:00,951.8851095275
2030,sc01,07-30 07:00:00+01:00,1393.99205275
2030,sc01,07-30 09:00:00+01:00,1484.8329930584998
2030,sc01,07-30 11:00:00+01:00,1252.3324569949998
2030,sc01,07-30 13:00:00+01:00,1208.6662761735
2030,sc01,07-30 15:00:00+01:00,1055.8088057114999
2030,sc01,07-30 17:00:00+01:00,1206.8593513514998
2030,sc01,07-30 19:00:00+01:00,1491.0672698224998
2030,sc01,07-30 21:00:00+01:00,1402.7800523279998
2030,sc01,07-30 23:00:00+01:00,1078.148939835
2030,sc01,07-31 01:00:00+01:00,881.0453382945
2030,sc01,07-31 03:00:00+01:00,818.943565175
2030,sc01,07-31 05:00:00+01:00,998.1917643725001
2030,sc01,07-31 07:00:00+01:00,1416.5614099050001
2030,sc01,07-31 09:00:00+01:00,1489.2653795949998
2030,sc01,07-31 11:00:00+01:00,1220.7135001789998
2030,sc01,07-31 13:00:00+01:00,1126.0646730654998
2030,sc01,07-31 15:00:00+01:00,950.4205721549997
2030,sc01,07-31 17:00:00+01:00,1102.8409583379998
2030,sc01,07-31 19:00:00+01:00,1415.9915215179997
2030,sc01,07-31 21:00:00+01:00,1320.1580310594998
2030,sc01,07-31 23:00:00+01:00,1082.2159496450001
2030,sc01,08-01 01:00:00+01:00,875.082401205
2030,sc01,08-01 03:00:00+01:00,830.2869571630001
2030,sc01,08-01 05:00:00+01:00,966.9458766645001
2030,sc01,08-01 07:00:00+01:00,1358.26648996
2030,sc01,08-01 09:00:00+01:00,1405.6109523884998
2030,sc01,08-01 11:00:00+01:00,1200.8750358534999
2030,sc01,08-01 13:00:00+01:00,1192.3509773339997
2030,sc01,08-01 15:00:00+01:00,1053.8382546009998
2030,sc01,08-01 17:00:00+01:00,1174.3159746464999
2030,sc01,08-01 19:00:00+01:00,1448.0938075694996
2030,sc01,08-01 21:00:00+01:00,1363.3080430975
2030,sc01,08-01 23:00:00+01:00,1070.98078629
2030,sc01,08-02 01:00:00+01:00,882.65144834
2030,sc01,08-02 03:00:00+01:00,836.482745868
2030,sc01,08-02 05:00:00+01:00,992.3003728845
2030,sc01,08-02 07:00:00+01:00,1413.313318695
2030,sc01,08-02 09:00:00+01:00,1509.2853752994997
2030,sc01,08-02 11:00:00+01:00,1272.3158481789999
2030,sc01,08-02 13:00:00+01:00,1172.3577528029998
2030,sc01,08-02 15:00:00+01:00,1024.7446430199998
2030,sc01,08-02 17:00:00+01:00,1165.8528795044997
2030,sc01,08-02 19:00:00+01:00,1474.6507675844998
2030,sc01,08-02 21:00:00+01:00,1395.4077553185
2030,sc01,08-02 23:00:00+01:00,1075.873413285
2030,sc01,08-03 01:00:00+01:00,908.695565296
2030,sc01,08-03 03:00:00+01:00,858.7480124814999
2030,sc01,08-03 05:00:00+01:00,1012.510531179
2030,sc01,08-03 07:00:00+01:00,1419.2301189375
2030,sc01,08-03 09:00:00+01:00,1487.6814630519998
2030,sc01,08-03 11:00:00+01:00,1243.2041228929997
2030,sc01,08-03 13:00:00+01:00,1205.2159708589998
2030,sc01,08-03 15:00:00+01:00,1067.8853139704997
2030,sc01,08-03 17:00:00+01:00,1223.6614519694997
2030,sc01,08-03 19:00:00+01:00,1497.1622779279996
2030,sc01,08-03 21:00:00+01:00,1408.9953472589998
2030,sc01,08-03 23:00:00+01:00,1092.3110936594999
2030,sc01,08-04 01:00:00+01:00,916.6865911499999
2030,sc01,08-04 03:00:00+01:00,869.8232939279999
2030,sc01,08-04 05:00:00+01:00,1029.1585017095
2030,sc01,08-04 07:00:00+01:00,1442.9132509849999
2030,sc01,08-04 09:00:00+01:00,1515.4779570459996
2030,sc01,08-04 11:00:00+01:00,1247.1109637089996
2030,sc01,08-04 13:00:00+01:00,1197.5920412724997
2030,sc01,08-04 15:00:00+01:00,1073.6670486489998
2030,sc01,08-04 17:00:00+01:00,1253.7442614709996
2030,sc01,08-04 19:00:00+01:00,1535.3841959424997
2030,sc01,08-04 21:00:00+01:00,1409.0539981374998
2030,sc01,08-04 23:00:00+01:00,1066.792702089
2030,sc01,08-05 01:00:00+01:00,905.5029784115
2030,sc01,08-05 03:00:00+01:00,846.6722596944999
2030,sc01,08-05 05:00:00+01:00,1002.14577556
2030,sc01,08-05 07:00:00+01:00,1412.4371097199999
2030,sc01,08-05 09:00:00+01:00,1470.8006566004997
2030,sc01,08-05 11:00:00+01:00,1255.8305960109997
2030,sc01,08-05 13:00:00+01:00,1206.6915826384998
2030,sc01,08-05 15:00:00+01:00,1034.4206797454997
2030,sc01,08-05 17:00:00+01:00,1227.1085754749997
2030,sc01,08-05 19:00:00+01:00,1509.3277983229996
2030,sc01,08-05 21:00:00+01:00,1367.243183286
2030,sc01,08-05 23:00:00+01:00,1034.2391489899999
2030,sc01,08-06 01:00:00+01:00,889.7821962869999
2030,sc01,08-06 03:00:00+01:00,848.2717393544999
2030,sc01,08-06 05:00:00+01:00,994.7027785894999
2030,sc01,08-06 07:00:00+01:00,1398.0131168799999
2030,sc01,08-06 09:00:00+01:00,1468.8290712374996
2030,sc01,08-06 11:00:00+01:00,1194.4969522524998
2030,sc01,08-06 13:00:00+01:00,1129.2670317244997
2030,sc01,08-06 15:00:00+01:00,980.0941640369996
2030,sc01,08-06 17:00:00+01:00,1160.1908678324996
2030,sc01,08-06 19:00:00+01:00,1475.8295092879996
2030,sc01,08-06 21:00:00+01:00,1389.1101730909998
2030,sc01,08-06 23:00:00+01:00,1071.384037119
2030,sc01,08-07 01:00:00+01:00,897.5278836329999
2030,sc01,08-07 03:00:00+01:00,856.3328619234999
2030,sc01,08-07 05:00:00+01:00,1017.8474403924998
2030,sc01,08-07 07:00:00+01:00,1429.9485443659999
2030,sc01,08-07 09:00:00+01:00,1496.7612728364998
2030,sc01,08-07 11:00:00+01:00,1230.3053114934996
2030,sc01,08-07 13:00:00+01:00,1169.1901019274997
2030,sc01,08-07 15:00:00+01:00,1026.2836908229997
2030,sc01,08-07 17:00:00+01:00,1181.8501899964997
2030,sc01,08-07 19:00:00+01:00,1465.6630652674996
2030,sc01,08-07 21:00:00+01:00,1380.348083336
2030,sc01,08-07 23:00:00+01:00,1065.6838994549998
2030,sc01,08-08 01:00:00+01:00,891.0630544974998
2030,sc01,08-08 03:00:00+01:00,850.6805174834998
2030,sc01,08-08 05:00:00+01:00,1013.9793760439999
2030,sc01,08-08 07:00:00+01:00,1434.2531200949998
2030,sc01,08-08 09:00:00+01:00,1514.3404059729996
2030,sc01,08-08 11:00:00+01:00,1238.1149900379996
2030,sc01,08-08 13:00:00+01:00,1199.8465997104995
2030,sc01,08-08 15:00:00+01:00,1047.6948144714995
2030,sc01,08-08 17:00:00+01:00,1216.7324093549996
2030,sc01,08-08 19:00:00+01:00,1511.1656813164996
2030,sc01,08-08 21:00:00+01:00,1394.1157159959998
2030,sc01,08-08 23:00:00+01:00,1059.6619541349999
2030,sc01,08-09 01:00:00+01:00,885.9491802999997
2030,sc01,08-09 03:00:00+01:00,841.8387723664998
2030,sc01,08-09 05:00:00+01:00,1014.7058329394998
2030,sc01,08-09 07:00:00+01:00,1436.1043106939997
2030,sc01,08-09 09:00:00+01:00,1535.3192638999994
2030,sc01,08-09 11:00:00+01:00,1320.5525082964996
2030,sc01,08-09 13:00:00+01:00,1282.5523864049997
2030,sc01,08-09 15:00:00+01:00,1176.9219670204996
2030,sc01,08-09 17:00:00+01:00,1344.1289010524995
2030,sc01,08-09 19:00:00+01:00,1539.0837417974997
2030,sc01,08-09 21:00:00+01:00,1407.6284515054997
2030,sc01,08-09 23:00:00+01:00,1053.2576630749998
2030,sc01,08-10 01:00:00+01:00,887.7175293199997
2030,sc01,08-10 03:00:00+01:00,834.4021478279998
2030,sc01,08-10 05:00:00+01:00,973.7757220394998
2030,sc01,08-10 07:00:00+01:00,1363.6434215449997
2030,sc01,08-10 09:00:00+01:00,1426.1966390974994
2030,sc01,08-10 11:00:00+01:00,1233.1497659559996
2030,sc01,08-10 13:00:00+01:00,1194.3973859194996
2030,sc01,08-10 15:00:00+01:00,1110.7260479329996
2030,sc01,08-10 17:00:00+01:00,1279.7283531659996
2030,sc01,08-10 19:00:00+01:00,1529.2315696214996
2030,sc01,08-10 21:00:00+01:00,1380.3703868409998
2030,sc01,08-10 23:00:00+01:00,1047.3504214799998
2030,sc01,08-11 01:00:00+01:00,855.3105420949997
2030,sc01,08-11 03:00:00+01:00,792.7870008279997
2030,sc01,08-11 05:00:00+01:00,924.3575358394997
2030,sc01,08-11 07:00:00+01:00,1294.0278219349998
2030,sc01,08-11 09:00:00+01:00,1402.8999591309994
2030,sc01,08-11 11:00:00+01:00,1227.3941999604997
2030,sc01,08-11 13:00:00+01:00,1126.2499448949995
2030,sc01,08-11 15:00:00+01:00,967.1692786839994
2030,sc01,08-11 17:00:00+01:00,1122.5165516584996
2030,sc01,08-11 19:00:00+01:00,1422.5074117929994
2030,sc01,08-11 21:00:00+01:00,1338.3697078859998
2030,sc01,08-11 23:00:00+01:00,1020.9844968599998
2030,sc01,08-12 01:00:00+01:00,843.6075763999997
2030,sc01,08-12 03:00:00+01:00,794.3418734779997
2030,sc01,08-12 05:00:00+01:00,939.8648415944997
2030,sc01,08-12 07:00:00+01:00,1362.6939296399996
2030,sc01,08-12 09:00:00+01:00,1453.0425229664995
2030,sc01,08-12 11:00:00+01:00,1193.0256809179996
2030,sc01,08-12 13:00:00+01:00,1146.5297291479994
2030,sc01,08-12 15:00:00+01:00,1008.1270451409995
2030,sc01,08-12 17:00:00+01:00,1194.5577907294994
2030,sc01,08-12 19:00:00+01:00,1490.4302179779995
2030,sc01,08-12 21:00:00+01:00,1394.9536904034996
2030,sc01,08-12 23:00:00+01:00,1075.8447373549998
2030,sc01,08-13 01:00:00+01:00,902.1988740214997
2030,sc01,08-13 03:00:00+01:00,858.8404127004997
2030,sc01,08-13 05:00:00+01:00,1026.1379704054998
2030,sc01,08-13 07:00:00+01:00,1441.3520059014998
2030,sc01,08-13 09:00:00+01:00,1519.2778960579994
2030,sc01,08-13 11:00:00+01:00,1274.5293624619994
2030,sc01,08-13 13:00:00+01:00,1239.7334768404994
2030,sc01,08-13 15:00:00+01:00,1110.2015238634995
2030,sc01,08-13 17:00:00+01:00,1255.9889545769995
2030,sc01,08-13 19:00:00+01:00,1491.6315960064994
2030,sc01,08-13 21:00:00+01:00,1386.5293393759996
2030,sc01,08-13 23:00:00+01:00,1078.8557100139997
2030,sc01,08-14 01:00:00+01:00,904.3495687784996
2030,sc01,08-14 03:00:00+01:00,859.9141669714996
2030,sc01,08-14 05:00:00+01:00,1019.4246165479997
2030,sc01,08-14 07:00:00+01:00,1433.2048555394997
2030,sc01,08-14 09:00:00+01:00,1509.1202077819994
2030,sc01,08-14 11:00:00+01:00,1220.1189465824996
2030,sc01,08-14 13:00:00+01:00,1166.6662215779995
2030,sc01,08-14 15:00:00+01:00,1031.0135256259994
2030,sc01,08-14 17:00:00+01:00,1209.7485791414995
2030,sc01,08-14 19:00:00+01:00,1453.5617129569994
2030,sc01,08-14 21:00:00+01:00,1354.4059252409995
2030,sc01,08-14 23:00:00+01:00,1044.0909240899996
2030,sc01,08-15 01:00:00+01:00,864.7003160949996
2030,sc01,08-15 03:00:00+01:00,824.1234199929996
2030,sc01,08-15 05:00:00+01:00,992.7400704844996
2030,sc01,08-15 07:00:00+01:00,1404.7392155949997
2030,sc01,08-15 09:00:00+01:00,1485.2786037694993
2030,sc01,08-15 11:00:00+01:00,1245.8683795019995
2030,sc01,08-15 13:00:00+01:00,1235.8610563744994
2030,sc01,08-15 15:00:00+01:00,1156.3568996314993
2030,sc01,08-15 17:00:00+01:00,1286.1848186689992
2030,sc01,08-15 19:00:00+01:00,1485.9676236499993
2030,sc01,08-15 21:00:00+01:00,1371.4234966459996
2030,sc01,08-15 23:00:00+01:00,1044.5465527549995
2030,sc01,08-16 01:00:00+01:00,875.9221634099996
2030,sc01,08-16 03:00:00+01:00,837.8337007979995
2030,sc01,08-16 05:00:00+01:00,1001.0752074994996
2030,sc01,08-16 07:00:00+01:00,1418.8477732059996
2030,sc01,08-16 09:00:00+01:00,1491.5124150019994
2030,sc01,08-16 11:00:00+01:00,1217.4524163254994
2030,sc01,08-16 13:00:00+01:00,1163.8652344044995
2030,sc01,08-16 15:00:00+01:00,1033.4275545384994
2030,sc01,08-16 17:00:00+01:00,1214.6393216259994
2030,sc01,08-16 19:00:00+01:00,1504.0068651604993
2030,sc01,08-16 21:00:00+01:00,1391.8598761609996
2030,sc01,08-16 23:00:00+01:00,1074.0254088964996
2030,sc01,08-17 01:00:00+01:00,899.7709786059995
2030,sc01,08-17 03:00:00+01:00,843.2470791554995
2030,sc01,08-17 05:00:00+01:00,987.3298783394996
2030,sc01,08-17 07:00:00+01:00,1403.6941372549995
2030,sc01,08-17 09:00:00+01:00,1490.3689293454993
2030,sc01,08-17 11:00:00+01:00,1243.4359824794994
2030,sc01,08-17 13:00:00+01:00,1158.8667195019993
2030,sc01,08-17 15:00:00+01:00,1013.1064459089993
2030,sc01,08-17 17:00:00+01:00,1179.3219269254994
2030,sc01,08-17 19:00:00+01:00,1470.2887542269993
2030,sc01,08-17 21:00:00+01:00,1369.8590653509996
2030,sc01,08-17 23:00:00+01:00,1044.2948418149995
2030,sc01,08-18 01:00:00+01:00,865.3248141299995
2030,sc01,08-18 03:00:00+01:00,808.1636717879995
2030,sc01,08-18 05:00:00+01:00,939.4761234294996
2030,sc01,08-18 07:00:00+01:00,1328.1107579399995
2030,sc01,08-18 09:00:00+01:00,1414.5588222049994
2030,sc01,08-18 11:00:00+01:00,1200.9690753624993
2030,sc01,08-18 13:00:00+01:00,1128.0661881029994
2030,sc01,08-18 15:00:00+01:00,1000.5716389249993
2030,sc01,08-18 17:00:00+01:00,1182.4756267944992
2030,sc01,08-18 19:00:00+01:00,1479.6598685139993
2030,sc01,08-18 21:00:00+01:00,1393.8799361259994
2030,sc01,08-18 23:00:00+01:00,1069.4754946594996
2030,sc01,08-19 01:00:00+01:00,883.7028991049995
2030,sc01,08-19 03:00:00+01:00,817.9166742329994
2030,sc01,08-19 05:00:00+01:00,972.4438844044995
2030,sc01,08-19 07:00:00+01:00,1396.5665755249995
2030,sc01,08-19 09:00:00+01:00,1532.6655917364992
2030,sc01,08-19 11:00:00+01:00,1378.9976924049993
2030,sc01,08-19 13:00:00+01:00,1369.2563133729993
2030,sc01,08-19 15:00:00+01:00,1238.6922175379993
2030,sc01,08-19 17:00:00+01:00,1307.3171473639993
2030,sc01,08-19 19:00:00+01:00,1526.9579688634992
2030,sc01,08-19 21:00:00+01:00,1395.9509755254994
2030,sc01,08-19 23:00:00+01:00,1065.5914992349994
2030,sc01,08-20 01:00:00+01:00,893.5610466309995
2030,sc01,08-20 03:00:00+01:00,849.4984319149994
2030,sc01,08-20 05:00:00+01:00,1009.2765235034996
2030,sc01,08-20 07:00:00+01:00,1420.1413762744994
2030,sc01,08-20 09:00:00+01:00,1488.2358007784992
2030,sc01,08-20 11:00:00+01:00,1235.4498761884993
2030,sc01,08-20 13:00:00+01:00,1180.8696368089993
2030,sc01,08-20 15:00:00+01:00,1024.6582848944993
2030,sc01,08-20 17:00:00+01:00,1187.4352751059992
2030,sc01,08-20 19:00:00+01:00,1480.7700022944991
2030,sc01,08-20 21:00:00+01:00,1380.8578776509994
2030,sc01,08-20 23:00:00+01:00,1075.3891086894994
2030,sc01,08-21 01:00:00+01:00,899.7327440319993
2030,sc01,08-21 03:00:00+01:00,854.1757947369994
2030,sc01,08-21 05:00:00+01:00,1013.9602587569995
2030,sc01,08-21 07:00:00+01:00,1429.2889979734994
2030,sc01,08-21 09:00:00+01:00,1492.980436671499
2030,sc01,08-21 11:00:00+01:00,1232.1033218574992
2030,sc01,08-21 13:00:00+01:00,1169.9317931129992
2030,sc01,08-21 15:00:00+01:00,1020.4492911804991
2030,sc01,08-21 17:00:00+01:00,1197.8071734934992
2030,sc01,08-21 19:00:00+01:00,1471.814853244999
2030,sc01,08-21 21:00:00+01:00,1374.1636410809995
2030,sc01,08-21 23:00:00+01:00,1075.3795500444994
2030,sc01,08-22 01:00:00+01:00,903.3490974394994
2030,sc01,08-22 03:00:00+01:00,862.8614153429994
2030,sc01,08-22 05:00:00+01:00,1024.1593312289995
2030,sc01,08-22 07:00:00+01:00,1435.9067653969994
2030,sc01,08-22 09:00:00+01:00,1506.496145977499
2030,sc01,08-22 11:00:00+01:00,1226.4795228984992
2030,sc01,08-22 13:00:00+01:00,1163.3329286534993
2030,sc01,08-22 15:00:00+01:00,1026.650886939499
2030,sc01,08-22 17:00:00+01:00,1193.0138399299992
2030,sc01,08-22 19:00:00+01:00,1482.084751913999
2030,sc01,08-22 21:00:00+01:00,1385.2006879509993
2030,sc01,08-22 23:00:00+01:00,1060.6433081899993
2030,sc01,08-23 01:00:00+01:00,904.0882991914993
2030,sc01,08-23 03:00:00+01:00,869.2688926129994
2030,sc01,08-23 05:00:00+01:00,1028.1644027994994
2030,sc01,08-23 07:00:00+01:00,1433.4756837684993
2030,sc01,08-23 09:00:00+01:00,1497.4495443039991
2030,sc01,08-23 11:00:00+01:00,1230.040758675999
2030,sc01,08-23 13:00:00+01:00,1167.079390289499
2030,sc01,08-23 15:00:00+01:00,1049.965529315999
2030,sc01,08-23 17:00:00+01:00,1224.677841211499
2030,sc01,08-23 19:00:00+01:00,1527.2292678449992
2030,sc01,08-23 21:00:00+01:00,1400.4148619749994
2030,sc01,08-23 23:00:00+01:00,1089.7430048084993
2030,sc01,08-24 01:00:00+01:00,915.6064644494993
2030,sc01,08-24 03:00:00+01:00,869.4122722634993
2030,sc01,08-24 05:00:00+01:00,1016.7991758369993
2030,sc01,08-24 07:00:00+01:00,1424.0444889799992
2030,sc01,08-24 09:00:00+01:00,1527.6602294749991
2030,sc01,08-24 11:00:00+01:00,1360.6833548764992
2030,sc01,08-24 13:00:00+01:00,1349.118276209999
2030,sc01,08-24 15:00:00+01:00,1160.116169143499
2030,sc01,08-24 17:00:00+01:00,1299.7745005024992
2030,sc01,08-24 19:00:00+01:00,1543.6911754614991
2030,sc01,08-24 21:00:00+01:00,1403.4545105674993
2030,sc01,08-24 23:00:00+01:00,1084.6291306074993
2030,sc01,08-25 01:00:00+01:00,905.3787160479993
2030,sc01,08-25 03:00:00+01:00,854.2299603849992
2030,sc01,08-25 05:00:00+01:00,1011.0130103879993
2030,sc01,08-25 07:00:00+01:00,1426.1919975209992
2030,sc01,08-25 09:00:00+01:00,1489.359460149499
2030,sc01,08-25 11:00:00+01:00,1214.810821670499
2030,sc01,08-25 13:00:00+01:00,1181.103937268499
2030,sc01,08-25 15:00:00+01:00,1078.484918612499
2030,sc01,08-25 17:00:00+01:00,1224.053916630499
2030,sc01,08-25 19:00:00+01:00,1494.2450273759991
2030,sc01,08-25 21:00:00+01:00,1385.6340131159993
2030,sc01,08-25 23:00:00+01:00,1041.4846006699993
2030,sc01,08-26 01:00:00+01:00,831.7325551249993
2030,sc01,08-26 03:00:00+01:00,838.2383500324993
2030,sc01,08-26 05:00:00+01:00,1012.4946001084993
2030,sc01,08-26 07:00:00+01:00,1406.2845296049993
2030,sc01,08-26 09:00:00+01:00,1436.598084987499
2030,sc01,08-26 11:00:00+01:00,1134.0703626314992
2030,sc01,08-26 13:00:00+01:00,1109.0010545829991
2030,sc01,08-26 15:00:00+01:00,967.954628595499
2030,sc01,08-26 17:00:00+01:00,1166.055145562999
2030,sc01,08-26 19:00:00+01:00,1492.439457148999
2030,sc01,08-26 21:00:00+01:00,1399.6183083614992
2030,sc01,08-26 23:00:00+01:00,1080.7483214019992
2030,sc01,08-27 01:00:00+01:00,888.4184964999993
2030,sc01,08-27 03:00:00+01:00,849.9668054444992
2030,sc01,08-27 05:00:00+01:00,1025.0387264184992
2030,sc01,08-27 07:00:00+01:00,1442.6424227564992
2030,sc01,08-27 09:00:00+01:00,1518.194827223499
2030,sc01,08-27 11:00:00+01:00,1265.420183088499
2030,sc01,08-27 13:00:00+01:00,1213.122056110999
2030,sc01,08-27 15:00:00+01:00,1077.406718947999
2030,sc01,08-27 17:00:00+01:00,1258.357099888999
2030,sc01,08-27 19:00:00+01:00,1542.802851409999
2030,sc01,08-27 21:00:00+01:00,1413.6981900429992
2030,sc01,08-27 23:00:00+01:00,1090.5969102824993
2030,sc01,08-28 01:00:00+01:00,914.6729036144992
2030,sc01,08-28 03:00:00+01:00,851.4611400199992
2030,sc01,08-28 05:00:00+01:00,1007.6133195594992
2030,sc01,08-28 07:00:00+01:00,1426.953502779999
2030,sc01,08-28 09:00:00+01:00,1560.087794912499
2030,sc01,08-28 11:00:00+01:00,1364.772340592499
2030,sc01,08-28 13:00:00+01:00,1303.768327477999
2030,sc01,08-28 15:00:00+01:00,1178.237236496499
2030,sc01,08-28 17:00:00+01:00,1273.773111030499
2030,sc01,08-28 19:00:00+01:00,1562.950748135999
2030,sc01,08-28 21:00:00+01:00,1416.1260854574991
2030,sc01,08-28 23:00:00+01:00,1087.8344623494993
2030,sc01,08-29 01:00:00+01:00,915.6733749529992
2030,sc01,08-29 03:00:00+01:00,869.6958453494991
2030,sc01,08-29 05:00:00+01:00,1028.9322804829992
2030,sc01,08-29 07:00:00+01:00,1442.473553389499
2030,sc01,08-29 09:00:00+01:00,1516.4779701229988
2030,sc01,08-29 11:00:00+01:00,1277.7969334564991
2030,sc01,08-29 13:00:00+01:00,1229.954009828999
2030,sc01,08-29 15:00:00+01:00,1120.767712320999
2030,sc01,08-29 17:00:00+01:00,1366.926429780999
2030,sc01,08-29 19:00:00+01:00,1595.9210170329989
2030,sc01,08-29 21:00:00+01:00,1422.211755067499
2030,sc01,08-29 23:00:00+01:00,1081.5512474429993
2030,sc01,08-30 01:00:00+01:00,913.0160720974991
2030,sc01,08-30 03:00:00+01:00,869.8018762359991
2030,sc01,08-30 05:00:00+01:00,1029.062915275999
2030,sc01,08-30 07:00:00+01:00,1442.766685119999
2030,sc01,08-30 09:00:00+01:00,1528.725202963999
2030,sc01,08-30 11:00:00+01:00,1292.982976006499
2030,sc01,08-30 13:00:00+01:00,1273.053131823999
2030,sc01,08-30 15:00:00+01:00,1142.637221227499
2030,sc01,08-30 17:00:00+01:00,1348.900199882499
2030,sc01,08-30 19:00:00+01:00,1526.770969226999
2030,sc01,08-30 21:00:00+01:00,1308.706051310999
2030,sc01,08-30 23:00:00+01:00,1062.3829812849992
2030,sc01,08-31 01:00:00+01:00,891.9424496894991
2030,sc01,08-31 03:00:00+01:00,812.793241387999
2030,sc01,08-31 05:00:00+01:00,935.6239901544991
2030,sc01,08-31 07:00:00+01:00,1352.4693674549992
2030,sc01,08-31 09:00:00+01:00,1438.8099036609988
2030,sc01,08-31 11:00:00+01:00,1118.503713664499
2030,sc01,08-31 13:00:00+01:00,1010.7005082229989
2030,sc01,08-31 15:00:00+01:00,898.2868739724988
2030,sc01,08-31 17:00:00+01:00,1076.841381480499
2030,sc01,08-31 19:00:00+01:00,1432.4412644159988
2030,sc01,08-31 21:00:00+01:00,1366.096146075999
2030,sc01,08-31 23:00:00+01:00,1084.460261240999
2030,sc01,09-01 01:00:00+01:00,906.0305158119991
2030,sc01,09-01 03:00:00+01:00,851.786759579999
2030,sc01,09-01 05:00:00+01:00,1015.981791958999
2030,sc01,09-01 07:00:00+01:00,1432.806794255499
2030,sc01,09-01 09:00:00+01:00,1511.4713150534988
2030,sc01,09-01 11:00:00+01:00,1241.0836312349988
2030,sc01,09-01 13:00:00+01:00,1196.2310580434987
2030,sc01,09-01 15:00:00+01:00,1127.0985925704988
2030,sc01,09-01 17:00:00+01:00,1306.1895537809987
2030,sc01,09-01 19:00:00+01:00,1525.0413979764987
2030,sc01,09-01 21:00:00+01:00,1390.695884230499
2030,sc01,09-01 23:00:00+01:00,1061.079405640999
2030,sc01,09-02 01:00:00+01:00,875.490650254499
2030,sc01,09-02 03:00:00+01:00,809.2189344519991
2030,sc01,09-02 05:00:00+01:00,967.280504013999
2030,sc01,09-02 07:00:00+01:00,1375.550520493999
2030,sc01,09-02 09:00:00+01:00,1451.1922800614989
2030,sc01,09-02 11:00:00+01:00,1253.9669703879988
2030,sc01,09-02 13:00:00+01:00,1217.4944473429987
2030,sc01,09-02 15:00:00+01:00,1066.2355015109988
2030,sc01,09-02 17:00:00+01:00,1208.3440356189988
2030,sc01,09-02 19:00:00+01:00,1512.6555942479988
2030,sc01,09-02 21:00:00+01:00,1398.138881195499
2030,sc01,09-02 23:00:00+01:00,1064.093564520999
2030,sc01,09-03 01:00:00+01:00,881.190787924499
2030,sc01,09-03 03:00:00+01:00,831.092296686999
2030,sc01,09-03 05:00:00+01:00,1011.718637020499
2030,sc01,09-03 07:00:00+01:00,1445.777873301999
2030,sc01,09-03 09:00:00+01:00,1519.9152940104989
2030,sc01,09-03 11:00:00+01:00,1226.2877157674989
2030,sc01,09-03 13:00:00+01:00,1165.9211846034987
2030,sc01,09-03 15:00:00+01:00,1031.0260415539988
2030,sc01,09-03 17:00:00+01:00,1218.8339588229987
2030,sc01,09-03 19:00:00+01:00,1553.8495111624989
2030,sc01,09-03 21:00:00+01:00,1409.214162646499
2030,sc01,09-03 23:00:00+01:00,1089.347500290999
2030,sc01,09-04 01:00:00+01:00,917.982006234499
2030,sc01,09-04 03:00:00+01:00,874.271874988999
2030,sc01,09-04 05:00:00+01:00,1030.784944321999
2030,sc01,09-04 07:00:00+01:00,1438.248848543999
2030,sc01,09-04 09:00:00+01:00,1502.2469019964988
2030,sc01,09-04 11:00:00+01:00,1239.4115161184989
2030,sc01,09-04 13:00:00+01:00,1189.0878096369988
2030,sc01,09-04 15:00:00+01:00,1041.7292715769988
2030,sc01,09-04 17:00:00+01:00,1238.617646419999
2030,sc01,09-04 19:00:00+01:00,1545.8850024674987
2030,sc01,09-04 21:00:00+01:00,1421.551185018499
2030,sc01,09-04 23:00:00+01:00,1100.030877361499
2030,sc01,09-05 01:00:00+01:00,915.273723946999
2030,sc01,09-05 03:00:00+01:00,814.654616311999
2030,sc01,09-05 05:00:00+01:00,1006.066292576499
2030,sc01,09-05 07:00:00+01:00,1432.003868206999
2030,sc01,09-05 09:00:00+01:00,1531.4938139844987
2030,sc01,09-05 11:00:00+01:00,1270.6871519619988
2030,sc01,09-05 13:00:00+01:00,1204.0675317779987
2030,sc01,09-05 15:00:00+01:00,1062.654427693999
2030,sc01,09-05 17:00:00+01:00,1274.938210683999
2030,sc01,09-05 19:00:00+01:00,1573.9521017279988
2030,sc01,09-05 21:00:00+01:00,1421.8156408179989
2030,sc01,09-05 23:00:00+01:00,1099.3745171839992
2030,sc01,09-06 01:00:00+01:00,921.505959421999
2030,sc01,09-06 03:00:00+01:00,870.3400863509991
2030,sc01,09-06 05:00:00+01:00,1035.752252657999
2030,sc01,09-06 07:00:00+01:00,1451.6883011174991
2030,sc01,09-06 09:00:00+01:00,1532.7266520099988
2030,sc01,09-06 11:00:00+01:00,1283.8559478549987
2030,sc01,09-06 13:00:00+01:00,1284.054500960999
2030,sc01,09-06 15:00:00+01:00,1137.688796001499
2030,sc01,09-06 17:00:00+01:00,1320.4437701604988
2030,sc01,09-06 19:00:00+01:00,1591.5415243079988
2030,sc01,09-06 21:00:00+01:00,1430.593661642499
2030,sc01,09-06 23:00:00+01:00,1077.9631560419991
2030,sc01,09-07 01:00:00+01:00,886.438483129499
2030,sc01,09-07 03:00:00+01:00,827.9634340969991
2030,sc01,09-07 05:00:00+01:00,898.796010493999
2030,sc01,09-07 07:00:00+01:00,1257.485343848999
2030,sc01,09-07 09:00:00+01:00,1357.0084997424988
2030,sc01,09-07 11:00:00+01:00,1253.2578078039987
2030,sc01,09-07 13:00:00+01:00,1213.7188918954987
2030,sc01,09-07 15:00:00+01:00,1018.7965125684989
2030,sc01,09-07 17:00:00+01:00,1130.1353172669988
2030,sc01,09-07 19:00:00+01:00,1359.7583004649987
2030,sc01,09-07 21:00:00+01:00,1211.923763555499
2030,sc01,09-07 23:00:00+01:00,909.4602045459991
2030,sc01,09-08 01:00:00+01:00,749.587386034499
2030,sc01,09-08 03:00:00+01:00,707.460803396999
2030,sc01,09-08 05:00:00+01:00,892.241967368999
2030,sc01,09-08 07:00:00+01:00,1320.5915073489991
2030,sc01,09-08 09:00:00+01:00,1359.157537324499
2030,sc01,09-08 11:00:00+01:00,1119.3908353054987
2030,sc01,09-08 13:00:00+01:00,1128.2924732199988
2030,sc01,09-08 15:00:00+01:00,1040.072776374499
2030,sc01,09-08 17:00:00+01:00,1143.5650176564989
2030,sc01,09-08 19:00:00+01:00,1476.8405902094987
2030,sc01,09-08 21:00:00+01:00,1353.589230680499
2030,sc01,09-08 23:00:00+01:00,1048.350478895999
2030,sc01,09-09 01:00:00+01:00,870.058154604499
2030,sc01,09-09 03:00:00+01:00,811.3696292069991
2030,sc01,09-09 05:00:00+01:00,969.839034218999
2030,sc01,09-09 07:00:00+01:00,1394.406537643999
2030,sc01,09-09 09:00:00+01:00,1479.2284497324988
2030,sc01,09-09 11:00:00+01:00,1258.242683913499
2030,sc01,09-09 13:00:00+01:00,1232.5283347804987
2030,sc01,09-09 15:00:00+01:00,1085.8459126979988
2030,sc01,09-09 17:00:00+01:00,1262.0998983604989
2030,sc01,09-09 19:00:00+01:00,1533.1613596479988
2030,sc01,09-09 21:00:00+01:00,1399.617284705499
2030,sc01,09-09 23:00:00+01:00,1093.8241316029992
2030,sc01,09-10 01:00:00+01:00,899.438238102999
2030,sc01,09-10 03:00:00+01:00,815.046520691999
2030,sc01,09-10 05:00:00+01:00,959.114236358999
2030,sc01,09-10 07:00:00+01:00,1409.556987368999
2030,sc01,09-10 09:00:00+01:00,1525.0420831389988
2030,sc01,09-10 11:00:00+01:00,1319.6023919049987
2030,sc01,09-10 13:00:00+01:00,1327.1254977819988
2030,sc01,09-10 15:00:00+01:00,1148.9817581264988
2030,sc01,09-10 17:00:00+01:00,1329.9777839399987
2030,sc01,09-10 19:00:00+01:00,1558.0622500264988
2030,sc01,09-10 21:00:00+01:00,1390.456918145499
2030,sc01,09-10 23:00:00+01:00,1046.483357225999
2030,sc01,09-11 01:00:00+01:00,855.783913849499
2030,sc01,09-11 03:00:00+01:00,822.6424559519991
2030,sc01,09-11 05:00:00+01:00,979.181015003999
2030,sc01,09-11 07:00:00+01:00,1399.791240063999
2030,sc01,09-11 09:00:00+01:00,1500.8503648539988
2030,sc01,09-11 11:00:00+01:00,1241.7648549454989
2030,sc01,09-11 13:00:00+01:00,1208.5277373109986
2030,sc01,09-11 15:00:00+01:00,1077.100878417999
2030,sc01,09-11 17:00:00+01:00,1263.4602662094987
2030,sc01,09-11 19:00:00+01:00,1556.6953089134988
2030,sc01,09-11 21:00:00+01:00,1424.769261617999
2030,sc01,09-11 23:00:00+01:00,1099.282116964999
2030,sc01,09-12 01:00:00+01:00,920.530977797999
2030,sc01,09-12 03:00:00+01:00,874.220895557499
2030,sc01,09-12 05:00:00+01:00,1035.688528368999
2030,sc01,09-12 07:00:00+01:00,1451.9686879889991
2030,sc01,09-12 09:00:00+01:00,1562.8017641989986
2030,sc01,09-12 11:00:00+01:00,1390.3441015109988
2030,sc01,09-12 13:00:00+01:00,1370.1111309464986
2030,sc01,09-12 15:00:00+01:00,1294.9804166569988
2030,sc01,09-12 17:00:00+01:00,1383.8603576434987
2030,sc01,09-12 19:00:00+01:00,1584.6585825204988
2030,sc01,09-12 21:00:00+01:00,1430.896352015999
2030,sc01,09-12 23:00:00+01:00,1099.957594429499
2030,sc01,09-13 01:00:00+01:00,922.866472994499
2030,sc01,09-13 03:00:00+01:00,875.3010222584991
2030,sc01,09-13 05:00:00+01:00,1034.493697947999
2030,sc01,09-13 07:00:00+01:00,1448.565810950999
2030,sc01,09-13 09:00:00+01:00,1514.4175682064988
2030,sc01,09-13 11:00:00+01:00,1253.9429757504988
2030,sc01,09-13 13:00:00+01:00,1205.0971913799988
2030,sc01,09-13 15:00:00+01:00,1115.2553779954987
2030,sc01,09-13 17:00:00+01:00,1299.8171340974989
2030,sc01,09-13 19:00:00+01:00,1577.3811542204987
2030,sc01,09-13 21:00:00+01:00,1428.579974107499
2030,sc01,09-13 23:00:00+01:00,1100.024504932999
2030,sc01,09-14 01:00:00+01:00,922.770886560999
2030,sc01,09-14 03:00:00+01:00,875.6037126309991
2030,sc01,09-14 05:00:00+01:00,1034.7135467454991
2030,sc01,09-14 07:00:00+01:00,1446.3736954054991
2030,sc01,09-14 09:00:00+01:00,1521.5642304124988
2030,sc01,09-14 11:00:00+01:00,1234.3961039094988
2030,sc01,09-14 13:00:00+01:00,1188.9812558099986
2030,sc01,09-14 15:00:00+01:00,1056.9613641764988
2030,sc01,09-14 17:00:00+01:00,1269.6614785589989
2030,sc01,09-14 19:00:00+01:00,1553.5503295609988
2030,sc01,09-14 21:00:00+01:00,1423.176154390999
2030,sc01,09-14 23:00:00+01:00,1093.3908064369991
2030,sc01,09-15 01:00:00+01:00,922.515989403999
2030,sc01,09-15 03:00:00+01:00,875.508126197499
2030,sc01,09-15 05:00:00+01:00,1035.892446093999
2030,sc01,09-15 07:00:00+01:00,1451.9686879889991
2030,sc01,09-15 09:00:00+01:00,1508.3376747909988
2030,sc01,09-15 11:00:00+01:00,1228.1449012394987
2030,sc01,09-15 13:00:00+01:00,1173.6330700379988
2030,sc01,09-15 15:00:00+01:00,1040.5609130244989
2030,sc01,09-15 17:00:00+01:00,1230.0557862099988
2030,sc01,09-15 19:00:00+01:00,1520.1033529029987
2030,sc01,09-15 21:00:00+01:00,1403.883625865499
2030,sc01,09-15 23:00:00+01:00,1080.260416662999
2030,sc01,09-16 01:00:00+01:00,901.461484282999
2030,sc01,09-16 03:00:00+01:00,852.0575878069991
2030,sc01,09-16 05:00:00+01:00,1011.995837678499
2030,sc01,09-16 07:00:00+01:00,1429.1235303474991
2030,sc01,09-16 09:00:00+01:00,1491.0622490219987
2030,sc01,09-16 11:00:00+01:00,1208.5900314779988
2030,sc01,09-16 13:00:00+01:00,1152.4367756084987
2030,sc01,09-16 15:00:00+01:00,1032.0242786784988
2030,sc01,09-16 17:00:00+01:00,1214.8700879729988
2030,sc01,09-16 19:00:00+01:00,1517.7888437224988
2030,sc01,09-16 21:00:00+01:00,1388.051326235499
2030,sc01,09-16 23:00:00+01:00,1055.952786585999
2030,sc01,09-17 01:00:00+01:00,882.130721184499
2030,sc01,09-17 03:00:00+01:00,840.8930923569991
2030,sc01,09-17 05:00:00+01:00,998.5659437489991
2030,sc01,09-17 07:00:00+01:00,1425.236348710499
2030,sc01,09-17 09:00:00+01:00,1494.8593085069988
2030,sc01,09-17 11:00:00+01:00,1213.3054692119988
2030,sc01,09-17 13:00:00+01:00,1149.7710545444986
2030,sc01,09-17 15:00:00+01:00,1021.6301738704989
2030,sc01,09-17 17:00:00+01:00,1213.0417848844988
2030,sc01,09-17 19:00:00+01:00,1520.8481094539986
2030,sc01,09-17 21:00:00+01:00,1414.885624378999
2030,sc01,09-17 23:00:00+01:00,1068.6721546909992
2030,sc01,09-18 01:00:00+01:00,914.397514972499
2030,sc01,09-18 03:00:00+01:00,863.075517392999
2030,sc01,09-18 05:00:00+01:00,1025.397055677999
2030,sc01,09-18 07:00:00+01:00,1450.8280232139991
2030,sc01,09-18 09:00:00+01:00,1518.5895783029987
2030,sc01,09-18 11:00:00+01:00,1250.2864560734988
2030,sc01,09-18 13:00:00+01:00,1224.6601056159986
2030,sc01,09-18 15:00:00+01:00,1115.0715188209988
2030,sc01,09-18 17:00:00+01:00,1340.8888264899988
2030,sc01,09-18 19:00:00+01:00,1586.8098031619986
2030,sc01,09-18 21:00:00+01:00,1431.138504314499
2030,sc01,09-18 23:00:00+01:00,1099.8641942099991
2030,sc01,09-19 01:00:00+01:00,922.866472994499
2030,sc01,09-19 03:00:00+01:00,875.747092281999
2030,sc01,09-19 05:00:00+01:00,1035.239272130499
2030,sc01,09-19 07:00:00+01:00,1448.6008593094991
2030,sc01,09-19 09:00:00+01:00,1519.0912375384987
2030,sc01,09-19 11:00:00+01:00,1289.4641025879987
2030,sc01,09-19 13:00:00+01:00,1227.5157751884988
2030,sc01,09-19 15:00:00+01:00,1132.7727851204988
2030,sc01,09-19 17:00:00+01:00,1300.6880492254988
2030,sc01,09-19 19:00:00+01:00,1581.7942908429986
2030,sc01,09-19 21:00:00+01:00,1429.746128597499
2030,sc01,09-19 23:00:00+01:00,1096.440013670499
2030,sc01,09-20 01:00:00+01:00,922.442706471999
2030,sc01,09-20 03:00:00+01:00,872.423870604999
2030,sc01,09-20 05:00:00+01:00,1028.513173415499
2030,sc01,09-20 07:00:00+01:00,1438.9306984369991
2030,sc01,09-20 09:00:00+01:00,1491.0217652879987
2030,sc01,09-20 11:00:00+01:00,1200.6946386289987
2030,sc01,09-20 13:00:00+01:00,1121.1628292659987
2030,sc01,09-20 15:00:00+01:00,940.0245066989988
2030,sc01,09-20 17:00:00+01:00,1130.225272567499
2030,sc01,09-20 19:00:00+01:00,1439.0573294489986
2030,sc01,09-20 21:00:00+01:00,1288.708345725499
2030,sc01,09-20 23:00:00+01:00,998.712443890999
2030,sc01,09-21 01:00:00+01:00,802.462614939499
2030,sc01,09-21 03:00:00+01:00,762.110753731999
2030,sc01,09-21 05:00:00+01:00,916.103527423999
2030,sc01,09-21 07:00:00+01:00,1335.496618573999
2030,sc01,09-21 09:00:00+01:00,1409.6318951699986
2030,sc01,09-21 11:00:00+01:00,1169.3128672454989
2030,sc01,09-21 13:00:00+01:00,1120.0531037604987
2030,sc01,09-21 15:00:00+01:00,1027.5726659934987
2030,sc01,09-21 17:00:00+01:00,1249.0847979509988
2030,sc01,09-21 19:00:00+01:00,1544.3961575014987
2030,sc01,09-21 21:00:00+01:00,1403.883625866999
2030,sc01,09-21 23:00:00+01:00,1040.056762665999
2030,sc01,09-22 01:00:00+01:00,843.386353404499
2030,sc01,09-22 03:00:00+01:00,815.266369486999
2030,sc01,09-22 05:00:00+01:00,986.716412188999
2030,sc01,09-22 07:00:00+01:00,1402.413494563999
2030,sc01,09-22 09:00:00+01:00,1467.9352133029988
2030,sc01,09-22 11:00:00+01:00,1189.6936545314989
2030,sc01,09-22 13:00:00+01:00,1143.8246250319987
2030,sc01,09-22 15:00:00+01:00,1030.4952072104988
2030,sc01,09-22 17:00:00+01:00,1221.2339778669989
2030,sc01,09-22 19:00:00+01:00,1522.9942285609986
2030,sc01,09-22 21:00:00+01:00,1380.1654454604989
2030,sc01,09-22 23:00:00+01:00,1070.303496495999
2030,sc01,09-23 01:00:00+01:00,894.751316639499
2030,sc01,09-23 03:00:00+01:00,845.433447951999
2030,sc01,09-23 05:00:00+01:00,1007.637096308999
2030,sc01,09-23 07:00:00+01:00,1428.081638217999
2030,sc01,09-23 09:00:00+01:00,1498.5734031094987
2030,sc01,09-23 11:00:00+01:00,1226.5359496509989
2030,sc01,09-23 13:00:00+01:00,1134.4216450819986
2030,sc01,09-23 15:00:00+01:00,1017.8513775034988
2030,sc01,09-23 17:00:00+01:00,1188.9975272429988
2030,sc01,09-23 19:00:00+01:00,1506.3516746754988
2030,sc01,09-23 21:00:00+01:00,1394.8889424554989
2030,sc01,09-23 23:00:00+01:00,1064.6702693359991
2030,sc01,09-24 01:00:00+01:00,885.109831704499
2030,sc01,09-24 03:00:00+01:00,846.261863711999
2030,sc01,09-24 05:00:00+01:00,1004.782248148999
2030,sc01,09-24 07:00:00+01:00,1421.224904703999
2030,sc01,09-24 09:00:00+01:00,1481.4442556764989
2030,sc01,09-24 11:00:00+01:00,1206.8432941549988
2030,sc01,09-24 13:00:00+01:00,1151.6952852069987
2030,sc01,09-24 15:00:00+01:00,1027.4938020284987
2030,sc01,09-24 17:00:00+01:00,1226.5528381189988
2030,sc01,09-24 19:00:00+01:00,1558.7451330659987
2030,sc01,09-24 21:00:00+01:00,1426.445210421999
2030,sc01,09-24 23:00:00+01:00,1098.383604488499
2030,sc01,09-25 01:00:00+01:00,917.233245837499
2030,sc01,09-25 03:00:00+01:00,861.9189215459991
2030,sc01,09-25 05:00:00+01:00,1024.406142981999
2030,sc01,09-25 07:00:00+01:00,1440.727723390499
2030,sc01,09-25 09:00:00+01:00,1506.7966724384987
2030,sc01,09-25 11:00:00+01:00,1209.5741792679987
2030,sc01,09-25 13:00:00+01:00,1204.5748531119987
2030,sc01,09-25 15:00:00+01:00,1105.8824255694988
2030,sc01,09-25 17:00:00+01:00,1352.8660960794987
2030,sc01,09-25 19:00:00+01:00,1568.4813111239987
2030,sc01,09-25 21:00:00+01:00,1421.324963791999
2030,sc01,09-25 23:00:00+01:00,1096.787311046499
2030,sc01,09-26 01:00:00+01:00,920.967489178999
2030,sc01,09-26 03:00:00+01:00,868.183019164999
2030,sc01,09-26 05:00:00+01:00,1021.8762887049991
2030,sc01,09-26 07:00:00+01:00,1432.398958805499
2030,sc01,09-26 09:00:00+01:00,1560.5324113634988
2030,sc01,09-26 11:00:00+01:00,1307.8622068119987
2030,sc01,09-26 13:00:00+01:00,1314.6216986299987
2030,sc01,09-26 15:00:00+01:00,1102.6179655454987
2030,sc01,09-26 17:00:00+01:00,1295.6132846789988
2030,sc01,09-26 19:00:00+01:00,1558.7149616659988
2030,sc01,09-26 21:00:00+01:00,1397.326396515499
2030,sc01,09-26 23:00:00+01:00,1071.600285779999
2030,sc01,09-27 01:00:00+01:00,883.121633879499
2030,sc01,09-27 03:00:00+01:00,811.172083906999
2030,sc01,09-27 05:00:00+01:00,939.334217018999
2030,sc01,09-27 07:00:00+01:00,1371.813090928999
2030,sc01,09-27 09:00:00+01:00,1454.4150782169986
2030,sc01,09-27 11:00:00+01:00,1182.7679141259987
2030,sc01,09-27 13:00:00+01:00,1139.9481565614988
2030,sc01,09-27 15:00:00+01:00,1023.4595550534988
2030,sc01,09-27 17:00:00+01:00,1221.4782699829987
2030,sc01,09-27 19:00:00+01:00,1534.5462902479987
2030,sc01,09-27 21:00:00+01:00,1411.919258717999
2030,sc01,09-27 23:00:00+01:00,1094.888327230499
2030,sc01,09-28 01:00:00+01:00,912.336034219499
2030,sc01,09-28 03:00:00+01:00,860.520173400999
2030,sc01,09-28 05:00:00+01:00,1033.795916982999
2030,sc01,09-28 07:00:00+01:00,1444.395056228499
2030,sc01,09-28 09:00:00+01:00,1483.8570157519987
2030,sc01,09-28 11:00:00+01:00,1187.7379463609986
2030,sc01,09-28 13:00:00+01:00,1112.7650601624987
2030,sc01,09-28 15:00:00+01:00,980.7196066629988
2030,sc01,09-28 17:00:00+01:00,1152.3513815844988
2030,sc01,09-28 19:00:00+01:00,1491.2075603389987
2030,sc01,09-28 21:00:00+01:00,1369.364178450499
2030,sc01,09-28 23:00:00+01:00,1023.944076165999
2030,sc01,09-29 01:00:00+01:00,863.966112574499
2030,sc01,09-29 03:00:00+01:00,850.8723160294991
2030,sc01,09-29 05:00:00+01:00,1027.624219582499
2030,sc01,09-29 07:00:00+01:00,1451.662811401499
2030,sc01,09-29 09:00:00+01:00,1515.5149969739987
2030,sc01,09-29 11:00:00+01:00,1227.8482526219987
2030,sc01,09-29 13:00:00+01:00,1144.8959998794987
2030,sc01,09-29 15:00:00+01:00,1041.9812742549989
2030,sc01,09-29 17:00:00+01:00,1195.2596394409986
2030,sc01,09-29 19:00:00+01:00,1522.7781787469987
2030,sc01,09-29 21:00:00+01:00,1403.692452997999
2030,sc01,09-29 23:00:00+01:00,1098.663991360499
2030,sc01,09-30 01:00:00+01:00,922.739024416499
2030,sc01,09-30 03:00:00+01:00,874.6223585789991
2030,sc01,09-30 05:00:00+01:00,1035.870142592999
2030,sc01,09-30 07:00:00+01:00,1451.9686879889991
2030,sc01,09-30 09:00:00+01:00,1512.7729526639987
2030,sc01,09-30 11:00:00+01:00,1232.7018783399988
2030,sc01,09-30 13:00:00+01:00,1202.8515820639986
2030,sc01,09-30 15:00:00+01:00,1085.8442939124989
2030,sc01,09-30 17:00:00+01:00,1292.3023899174987
2030,sc01,09-30 19:00:00+01:00,1578.4569918699988
2030,sc01,09-30 21:00:00+01:00,1431.221345890499
2030,sc01,09-30 23:00:00+01:00,1100.024504932999
2030,sc01,10-01 01:00:00+01:00,968.2980963204991
2030,sc01,10-01 03:00:00+01:00,919.534408897999
2030,sc01,10-01 05:00:00+01:00,1086.232156426999
2030,sc01,10-01 07:00:00+01:00,1518.978927146999
2030,sc01,10-01 09:00:00+01:00,1588.1918225029988
2030,sc01,10-01 11:00:00+01:00,1310.6709808844987
2030,sc01,10-01 13:00:00+01:00,1291.6399594684988
2030,sc01,10-01 15:00:00+01:00,1156.6019227889988
2030,sc01,10-01 17:00:00+01:00,1369.6428915584988
2030,sc01,10-01 19:00:00+01:00,1651.8792330529989
2030,sc01,10-01 21:00:00+01:00,1468.428118969499
2030,sc01,10-01 23:00:00+01:00,1117.729781882499
2030,sc01,10-02 01:00:00+01:00,943.375526848499
2030,sc01,10-02 03:00:00+01:00,900.7845368289991
2030,sc01,10-02 05:00:00+01:00,1063.492143856999
2030,sc01,10-02 07:00:00+01:00,1497.5325176499991
2030,sc01,10-02 09:00:00+01:00,1563.5838718874988
2030,sc01,10-02 11:00:00+01:00,1284.0315651304986
2030,sc01,10-02 13:00:00+01:00,1230.4731111614988
2030,sc01,10-02 15:00:00+01:00,1106.9560295699987
2030,sc01,10-02 17:00:00+01:00,1303.5167392609987
2030,sc01,10-02 19:00:00+01:00,1624.5432008069988
2030,sc01,10-02 21:00:00+01:00,1488.469407895499
2030,sc01,10-02 23:00:00+01:00,1152.733533889999
2030,sc01,10-03 01:00:00+01:00,966.8642998154991
2030,sc01,10-03 03:00:00+01:00,918.6496412794991
2030,sc01,10-03 05:00:00+01:00,1086.044169773999
2030,sc01,10-03 07:00:00+01:00,1518.9497212034992
2030,sc01,10-03 09:00:00+01:00,1585.6182881479988
2030,sc01,10-03 11:00:00+01:00,1298.7843543564989
2030,sc01,10-03 13:00:00+01:00,1252.7401982464987
2030,sc01,10-03 15:00:00+01:00,1129.8153280794988
2030,sc01,10-03 17:00:00+01:00,1322.557111473999
2030,sc01,10-03 19:00:00+01:00,1642.8454864574987
2030,sc01,10-03 21:00:00+01:00,1484.4770811829992
2030,sc01,10-03 23:00:00+01:00,1131.398641892499
2030,sc01,10-04 01:00:00+01:00,951.0829796169991
2030,sc01,10-04 03:00:00+01:00,895.2405236779991
2030,sc01,10-04 05:00:00+01:00,1053.8825210619991
2030,sc01,10-04 07:00:00+01:00,1489.5924712269991
2030,sc01,10-04 09:00:00+01:00,1552.608522813499
2030,sc01,10-04 11:00:00+01:00,1267.888418445999
2030,sc01,10-04 13:00:00+01:00,1212.3053278909988
2030,sc01,10-04 15:00:00+01:00,1068.223703287999
2030,sc01,10-04 17:00:00+01:00,1273.785603774999
2030,sc01,10-04 19:00:00+01:00,1607.7365249384989
2030,sc01,10-04 21:00:00+01:00,1474.867458382499
2030,sc01,10-04 23:00:00+01:00,1117.573657377499
2030,sc01,10-05 01:00:00+01:00,905.2110501044991
2030,sc01,10-05 03:00:00+01:00,845.7044475349991
2030,sc01,10-05 05:00:00+01:00,1021.4914649069991
2030,sc01,10-05 07:00:00+01:00,1458.2719831319991
2030,sc01,10-05 09:00:00+01:00,1549.3455771329989
2030,sc01,10-05 11:00:00+01:00,1249.1129659184987
2030,sc01,10-05 13:00:00+01:00,1197.4247458914988
2030,sc01,10-05 15:00:00+01:00,1088.527819137499
2030,sc01,10-05 17:00:00+01:00,1295.9539557504988
2030,sc01,10-05 19:00:00+01:00,1619.1324231319988
2030,sc01,10-05 21:00:00+01:00,1470.2729371434991
2030,sc01,10-05 23:00:00+01:00,1107.734627137499
2030,sc01,10-06 01:00:00+01:00,923.4330105694992
2030,sc01,10-06 03:00:00+01:00,879.4592034749992
2030,sc01,10-06 05:00:00+01:00,1062.125257855999
2030,sc01,10-06 07:00:00+01:00,1509.703856867499
2030,sc01,10-06 09:00:00+01:00,1573.4266624999989
2030,sc01,10-06 11:00:00+01:00,1286.2419686924989
2030,sc01,10-06 13:00:00+01:00,1225.6516785124988
2030,sc01,10-06 15:00:00+01:00,1095.1739858324988
2030,sc01,10-06 17:00:00+01:00,1311.024540791999
2030,sc01,10-06 19:00:00+01:00,1633.3099920829989
2030,sc01,10-06 21:00:00+01:00,1490.2791777059992
2030,sc01,10-06 23:00:00+01:00,1151.682083119999
2030,sc01,10-07 01:00:00+01:00,968.3713792529992
2030,sc01,10-07 03:00:00+01:00,918.4743994844991
2030,sc01,10-07 05:00:00+01:00,1083.3996117759991
2030,sc01,10-07 07:00:00+01:00,1516.4235831539993
2030,sc01,10-07 09:00:00+01:00,1572.849042298999
2030,sc01,10-07 11:00:00+01:00,1275.849464582999
2030,sc01,10-07 13:00:00+01:00,1235.485402765999
2030,sc01,10-07 15:00:00+01:00,1139.6064743924987
2030,sc01,10-07 17:00:00+01:00,1345.467694432999
2030,sc01,10-07 19:00:00+01:00,1635.140662653499
2030,sc01,10-07 21:00:00+01:00,1467.1536331944992
2030,sc01,10-07 23:00:00+01:00,1142.7288204999993
2030,sc01,10-08 01:00:00+01:00,949.3241892409992
2030,sc01,10-08 03:00:00+01:00,901.5173661524992
2030,sc01,10-08 05:00:00+01:00,1059.5380517219992
2030,sc01,10-08 07:00:00+01:00,1491.8578697019993
2030,sc01,10-08 09:00:00+01:00,1588.303401427499
2030,sc01,10-08 11:00:00+01:00,1309.9603275614988
2030,sc01,10-08 13:00:00+01:00,1258.5250809989989
2030,sc01,10-08 15:00:00+01:00,1149.952171372999
2030,sc01,10-08 17:00:00+01:00,1330.284830968999
2030,sc01,10-08 19:00:00+01:00,1615.934008553999
2030,sc01,10-08 21:00:00+01:00,1450.7733046744993
2030,sc01,10-08 23:00:00+01:00,1126.1190845424992
2030,sc01,10-09 01:00:00+01:00,936.4837449844993
2030,sc01,10-09 03:00:00+01:00,863.4675931249992
2030,sc01,10-09 05:00:00+01:00,1018.1013327319993
2030,sc01,10-09 07:00:00+01:00,1470.5803295719993
2030,sc01,10-09 09:00:00+01:00,1567.525633387999
2030,sc01,10-09 11:00:00+01:00,1277.031906220499
2030,sc01,10-09 13:00:00+01:00,1224.001805126499
2030,sc01,10-09 15:00:00+01:00,1094.359033464999
2030,sc01,10-09 17:00:00+01:00,1293.194710517499
2030,sc01,10-09 19:00:00+01:00,1613.848767017499
2030,sc01,10-09 21:00:00+01:00,1466.9783913894994
2030,sc01,10-09 23:00:00+01:00,1131.2648208924993
2030,sc01,10-10 01:00:00+01:00,941.0973835139993
2030,sc01,10-10 03:00:00+01:00,866.8449804449992
2030,sc01,10-10 05:00:00+01:00,1041.9883824969993
2030,sc01,10-10 07:00:00+01:00,1482.9460278719994
2030,sc01,10-10 09:00:00+01:00,1566.664556250999
2030,sc01,10-10 11:00:00+01:00,1272.444596090999
2030,sc01,10-10 13:00:00+01:00,1203.722123714999
2030,sc01,10-10 15:00:00+01:00,1072.792831763999
2030,sc01,10-10 17:00:00+01:00,1264.8971544864992
2030,sc01,10-10 19:00:00+01:00,1577.473974429499
2030,sc01,10-10 21:00:00+01:00,1431.0092164094992
2030,sc01,10-10 23:00:00+01:00,1098.2779426324992
2030,sc01,10-11 01:00:00+01:00,926.4758453794993
2030,sc01,10-11 03:00:00+01:00,884.1270076549993
2030,sc01,10-11 05:00:00+01:00,1037.6933654169993
2030,sc01,10-11 07:00:00+01:00,1446.2280924869995
2030,sc01,10-11 09:00:00+01:00,1493.863579244499
2030,sc01,10-11 11:00:00+01:00,1212.053524901499
2030,sc01,10-11 13:00:00+01:00,1195.686607236999
2030,sc01,10-11 15:00:00+01:00,1064.518747576999
2030,sc01,10-11 17:00:00+01:00,1251.407697469499
2030,sc01,10-11 19:00:00+01:00,1558.349624552999
2030,sc01,10-11 21:00:00+01:00,1445.5606578244992
2030,sc01,10-11 23:00:00+01:00,1137.4428907184993
2030,sc01,10-12 01:00:00+01:00,957.8281956204994
2030,sc01,10-12 03:00:00+01:00,897.6716053054993
2030,sc01,10-12 05:00:00+01:00,1053.9207556319993
2030,sc01,10-12 07:00:00+01:00,1499.3614047454994
2030,sc01,10-12 09:00:00+01:00,1562.6307626999992
2030,sc01,10-12 11:00:00+01:00,1269.983040871999
2030,sc01,10-12 13:00:00+01:00,1213.3947004894992
2030,sc01,10-12 15:00:00+01:00,1087.502816798999
2030,sc01,10-12 17:00:00+01:00,1267.113766254999
2030,sc01,10-12 19:00:00+01:00,1577.0213853974992
2030,sc01,10-12 21:00:00+01:00,1451.0441328994993
2030,sc01,10-12 23:00:00+01:00,1126.6957893624992
2030,sc01,10-13 01:00:00+01:00,941.2312045234994
2030,sc01,10-13 03:00:00+01:00,874.8200752299994
2030,sc01,10-13 05:00:00+01:00,1056.7756037869992
2030,sc01,10-13 07:00:00+01:00,1510.9687840059994
2030,sc01,10-13 09:00:00+01:00,1565.9293610769992
2030,sc01,10-13 11:00:00+01:00,1263.3810841084992
2030,sc01,10-13 13:00:00+01:00,1197.8875284399992
2030,sc01,10-13 15:00:00+01:00,1049.483103991999
2030,sc01,10-13 17:00:00+01:00,1217.306899727499
2030,sc01,10-13 19:00:00+01:00,1533.1819391104991
2030,sc01,10-13 21:00:00+01:00,1411.2769902844993
2030,sc01,10-13 23:00:00+01:00,1081.7319309624993
2030,sc01,10-14 01:00:00+01:00,910.6913389644994
2030,sc01,10-14 03:00:00+01:00,873.3639752249993
2030,sc01,10-14 05:00:00+01:00,1047.6662166619994
2030,sc01,10-14 07:00:00+01:00,1482.3852541219994
2030,sc01,10-14 09:00:00+01:00,1541.2699171694992
2030,sc01,10-14 11:00:00+01:00,1261.3764739244991
2030,sc01,10-14 13:00:00+01:00,1199.5571447094992
2030,sc01,10-14 15:00:00+01:00,1053.7367055329992
2030,sc01,10-14 17:00:00+01:00,1255.3276231809991
2030,sc01,10-14 19:00:00+01:00,1594.6880488964991
2030,sc01,10-14 21:00:00+01:00,1470.5533240164993
2030,sc01,10-14 23:00:00+01:00,1130.5256191354993
2030,sc01,10-15 01:00:00+01:00,953.6765209839995
2030,sc01,10-15 03:00:00+01:00,911.0727861009993
2030,sc01,10-15 05:00:00+01:00,1088.0153993184995
2030,sc01,10-15 07:00:00+01:00,1520.8587564724994
2030,sc01,10-15 09:00:00+01:00,1584.5317681169993
2030,sc01,10-15 11:00:00+01:00,1270.816445466499
2030,sc01,10-15 13:00:00+01:00,1220.6668181574992
2030,sc01,10-15 15:00:00+01:00,1105.205318545999
2030,sc01,10-15 17:00:00+01:00,1313.4523881024993
2030,sc01,10-15 19:00:00+01:00,1634.6886798179992
2030,sc01,10-15 21:00:00+01:00,1480.1310474579996
2030,sc01,10-15 23:00:00+01:00,1139.6827622774995
2030,sc01,10-16 01:00:00+01:00,968.4389561194995
2030,sc01,10-16 03:00:00+01:00,917.2101387084994
2030,sc01,10-16 05:00:00+01:00,1085.1590685189994
2030,sc01,10-16 07:00:00+01:00,1519.0305729409995
2030,sc01,10-16 09:00:00+01:00,1587.550746202999
2030,sc01,10-16 11:00:00+01:00,1300.1463361409992
2030,sc01,10-16 13:00:00+01:00,1258.8447724129992
2030,sc01,10-16 15:00:00+01:00,1158.1164450014992
2030,sc01,10-16 17:00:00+01:00,1353.5920358014992
2030,sc01,10-16 19:00:00+01:00,1661.2776741744992
2030,sc01,10-16 21:00:00+01:00,1476.9582814334995
2030,sc01,10-16 23:00:00+01:00,1131.0424522474993
2030,sc01,10-17 01:00:00+01:00,945.1036852594995
2030,sc01,10-17 03:00:00+01:00,895.4679750749995
2030,sc01,10-17 05:00:00+01:00,1063.9203267719995
2030,sc01,10-17 07:00:00+01:00,1502.0008204919995
2030,sc01,10-17 09:00:00+01:00,1578.5824970624992
2030,sc01,10-17 11:00:00+01:00,1297.3087814679993
2030,sc01,10-17 13:00:00+01:00,1218.5990356979992
2030,sc01,10-17 15:00:00+01:00,1106.7021189994991
2030,sc01,10-17 17:00:00+01:00,1295.5293799394992
2030,sc01,10-17 19:00:00+01:00,1558.7498720784993
2030,sc01,10-17 21:00:00+01:00,1406.6645819294995
2030,sc01,10-17 23:00:00+01:00,1080.7199449424995
2030,sc01,10-18 01:00:00+01:00,902.9303471344996
2030,sc01,10-18 03:00:00+01:00,853.1480710849995
2030,sc01,10-18 05:00:00+01:00,994.9636699269995
2030,sc01,10-18 07:00:00+01:00,1417.8714104169997
2030,sc01,10-18 09:00:00+01:00,1464.5274305709993
2030,sc01,10-18 11:00:00+01:00,1173.6560603254993
2030,sc01,10-18 13:00:00+01:00,1097.6346561419991
2030,sc01,10-18 15:00:00+01:00,954.6524558529993
2030,sc01,10-18 17:00:00+01:00,1143.9195061974992
2030,sc01,10-18 19:00:00+01:00,1436.2448123864992
2030,sc01,10-18 21:00:00+01:00,1292.1896653444996
2030,sc01,10-18 23:00:00+01:00,970.7567080974995
2030,sc01,10-19 01:00:00+01:00,830.2876249644995
2030,sc01,10-19 03:00:00+01:00,811.5581949899995
2030,sc01,10-19 05:00:00+01:00,987.1412946369995
2030,sc01,10-19 07:00:00+01:00,1457.5268167219997
2030,sc01,10-19 09:00:00+01:00,1553.5503513734993
2030,sc01,10-19 11:00:00+01:00,1283.5594201669992
2030,sc01,10-19 13:00:00+01:00,1227.3301980404992
2030,sc01,10-19 15:00:00+01:00,1075.6694999274991
2030,sc01,10-19 17:00:00+01:00,1275.7967145119994
2030,sc01,10-19 19:00:00+01:00,1608.1153682099994
2030,sc01,10-19 21:00:00+01:00,1460.1475553794996
2030,sc01,10-19 23:00:00+01:00,1112.6895983874995
2030,sc01,10-20 01:00:00+01:00,950.8644900694995
2030,sc01,10-20 03:00:00+01:00,920.5467981284995
2030,sc01,10-20 05:00:00+01:00,1082.7701005614995
2030,sc01,10-20 07:00:00+01:00,1512.7034439229997
2030,sc01,10-20 09:00:00+01:00,1564.6733900619993
2030,sc01,10-20 11:00:00+01:00,1277.7426939444993
2030,sc01,10-20 13:00:00+01:00,1235.9103801214992
2030,sc01,10-20 15:00:00+01:00,1121.0382599064992
2030,sc01,10-20 17:00:00+01:00,1328.3775094539994
2030,sc01,10-20 19:00:00+01:00,1633.5670250579994
2030,sc01,10-20 21:00:00+01:00,1498.2843076669997
2030,sc01,10-20 23:00:00+01:00,1169.8894717669996
2030,sc01,10-21 01:00:00+01:00,984.4178930369995
2030,sc01,10-21 03:00:00+01:00,940.9156456794996
2030,sc01,10-21 05:00:00+01:00,1108.5140918994996
2030,sc01,10-21 07:00:00+01:00,1539.9704457649996
2030,sc01,10-21 09:00:00+01:00,1621.8964062629993
2030,sc01,10-21 11:00:00+01:00,1382.1761705109993
2030,sc01,10-21 13:00:00+01:00,1332.5393790099993
2030,sc01,10-21 15:00:00+01:00,1223.9161202759994
2030,sc01,10-21 17:00:00+01:00,1433.2725678649995
2030,sc01,10-21 19:00:00+01:00,1676.0417402419994
2030,sc01,10-21 21:00:00+01:00,1468.6295882694997
2030,sc01,10-21 23:00:00+01:00,1112.5592936074995
2030,sc01,10-22 01:00:00+01:00,915.4945126544997
2030,sc01,10-22 03:00:00+01:00,848.7137824899995
2030,sc01,10-22 05:00:00+01:00,1008.6653140219996
2030,sc01,10-22 07:00:00+01:00,1439.8380947969997
2030,sc01,10-22 09:00:00+01:00,1518.8806397139995
2030,sc01,10-22 11:00:00+01:00,1228.6016065499994
2030,sc01,10-22 13:00:00+01:00,1189.2856407524994
2030,sc01,10-22 15:00:00+01:00,1078.8303505529993
2030,sc01,10-22 17:00:00+01:00,1283.6713367074994
2030,sc01,10-22 19:00:00+01:00,1600.2735221029996
2030,sc01,10-22 21:00:00+01:00,1449.5131122594996
2030,sc01,10-22 23:00:00+01:00,1090.4191000774997
2030,sc01,10-23 01:00:00+01:00,944.7469245694997
2030,sc01,10-23 03:00:00+01:00,910.3222021949996
2030,sc01,10-23 05:00:00+01:00,1092.0419508804996
2030,sc01,10-23 07:00:00+01:00,1543.3484208054997
2030,sc01,10-23 09:00:00+01:00,1595.0440889254994
2030,sc01,10-23 11:00:00+01:00,1292.3861907784994
2030,sc01,10-23 13:00:00+01:00,1239.7229084859994
2030,sc01,10-23 15:00:00+01:00,1143.1219066159995
2030,sc01,10-23 17:00:00+01:00,1347.5310890559995
2030,sc01,10-23 19:00:00+01:00,1660.3324585729995
2030,sc01,10-23 21:00:00+01:00,1494.9355625244998
2030,sc01,10-23 23:00:00+01:00,1147.3151086074997
2030,sc01,10-24 01:00:00+01:00,977.3767594679997
2030,sc01,10-24 03:00:00+01:00,932.5203709734997
2030,sc01,10-24 05:00:00+01:00,1099.4242224404995
2030,sc01,10-24 07:00:00+01:00,1530.8136658009996
2030,sc01,10-24 09:00:00+01:00,1587.7071045589996
2030,sc01,10-24 11:00:00+01:00,1285.0816402044993
2030,sc01,10-24 13:00:00+01:00,1233.1404612339993
2030,sc01,10-24 15:00:00+01:00,1105.6060844914994
2030,sc01,10-24 17:00:00+01:00,1297.8767363704994
2030,sc01,10-24 19:00:00+01:00,1600.6188765699994
2030,sc01,10-24 21:00:00+01:00,1453.8427673644997
2030,sc01,10-24 23:00:00+01:00,1112.0913204624997
2030,sc01,10-25 01:00:00+01:00,933.3723936094997
2030,sc01,10-25 03:00:00+01:00,876.4689282499996
2030,sc01,10-25 05:00:00+01:00,1040.3586208419997
2030,sc01,10-25 07:00:00+01:00,1458.9267372319998
2030,sc01,10-25 09:00:00+01:00,1514.7788481364996
2030,sc01,10-25 11:00:00+01:00,1220.7383909029995
2030,sc01,10-25 13:00:00+01:00,1179.0340895604995
2030,sc01,10-25 15:00:00+01:00,1077.7358938009995
2030,sc01,10-25 17:00:00+01:00,1294.0605329104994
2030,sc01,10-25 19:00:00+01:00,1631.9574955594996
2030,sc01,10-25 21:00:00+01:00,1506.9191697389997
2030,sc01,10-25 23:00:00+01:00,1154.3409661224996
2030,sc01,10-26 01:00:00+01:00,992.6380755184997
2030,sc01,10-26 03:00:00+01:00,958.6863299344997
2030,sc01,10-26 05:00:00+01:00,1114.1916752439997
2030,sc01,10-26 07:00:00+01:00,1538.5300260189997
2030,sc01,10-26 09:00:00+01:00,1600.1763152334995
2030,sc01,10-26 11:00:00+01:00,1306.3320978474994
2030,sc01,10-26 13:00:00+01:00,1270.4000457239995
2030,sc01,10-26 15:00:00+01:00,1133.1712980344994
2030,sc01,10-26 17:00:00+01:00,1329.6526049239994
2030,sc01,10-26 19:00:00+01:00,1662.2166321654995
2030,sc01,10-26 21:00:00+01:00,1514.5458739709998
2030,sc01,10-26 23:00:00+01:00,1171.1567128449997
2030,sc01,10-27 01:00:00+01:00,1002.5591233459998
2030,sc01,10-27 03:00:00+01:00,956.0554619724998
2030,sc01,10-27 05:00:00+01:00,1115.5195026869997
2030,sc01,10-27 07:00:00+01:00,1549.7606079864997
2030,sc01,10-27 09:00:00+01:00,1599.4276933864996
2030,sc01,10-27 11:00:00+01:00,1290.4844490254995
2030,sc01,10-27 13:00:00+01:00,1236.8060418739994
2030,sc01,10-27 15:00:00+01:00,1112.0833676024995
2030,sc01,10-27 17:00:00+01:00,1344.1199131794995
2030,sc01,10-27 19:00:00+01:00,1663.5791604904996
2030,sc01,10-27 21:00:00+01:00,1499.8438564894998
2030,sc01,10-27 23:00:00+01:00,1167.2814520774998
2030,sc01,10-28 01:00:00+01:00,983.8415848394998
2030,sc01,10-28 03:00:00+01:00,933.9159291399998
2030,sc01,10-28 05:00:00+01:00,1103.5312491169998
2030,sc01,10-28 07:00:00+01:00,1526.9105493369998
2030,sc01,10-28 09:00:00+01:00,1583.2327937319997
2030,sc01,10-28 11:00:00+01:00,1279.8071070799995
2030,sc01,10-28 13:00:00+01:00,1218.9665251064996
2030,sc01,10-28 15:00:00+01:00,1090.9873162804995
2030,sc01,10-28 17:00:00+01:00,1272.2535868899995
2030,sc01,10-28 19:00:00+01:00,1606.8574762189996
2030,sc01,10-28 21:00:00+01:00,1452.1158353644998
2030,sc01,10-28 23:00:00+01:00,1112.5437591574998
2030,sc01,10-29 01:00:00+01:00,942.2348846094998
2030,sc01,10-29 03:00:00+01:00,885.9782207849997
2030,sc01,10-29 05:00:00+01:00,1059.5922398969997
2030,sc01,10-29 07:00:00+01:00,1482.4617458019998
2030,sc01,10-29 09:00:00+01:00,1557.3644684944995
2030,sc01,10-29 11:00:00+01:00,1304.8554284549996
2030,sc01,10-29 13:00:00+01:00,1259.9218302314996
2030,sc01,10-29 15:00:00+01:00,1132.4433379989996
2030,sc01,10-29 17:00:00+01:00,1320.6637388009997
2030,sc01,10-29 19:00:00+01:00,1589.9163385589995
2030,sc01,10-29 21:00:00+01:00,1449.3395306994998
2030,sc01,10-29 23:00:00+01:00,1097.1564176724999
2030,sc01,10-30 01:00:00+01:00,936.4343958644998
2030,sc01,10-30 03:00:00+01:00,877.1954353049998
2030,sc01,10-30 05:00:00+01:00,1020.6997278169998
2030,sc01,10-30 07:00:00+01:00,1484.515275692
2030,sc01,10-30 09:00:00+01:00,1575.5794683669997
2030,sc01,10-30 11:00:00+01:00,1288.3281831234995
2030,sc01,10-30 13:00:00+01:00,1244.7236475699997
2030,sc01,10-30 15:00:00+01:00,1122.5716827974995
2030,sc01,10-30 17:00:00+01:00,1318.0983760004997
2030,sc01,10-30 19:00:00+01:00,1600.3894413884996
2030,sc01,10-30 21:00:00+01:00,1436.9435780294998
2030,sc01,10-30 23:00:00+01:00,1087.6408028775
2030,sc01,10-31 01:00:00+01:00,909.4643572844999
2030,sc01,10-31 03:00:00+01:00,819.2776957199999
2030,sc01,10-31 05:00:00+01:00,974.6251473369998
2030,sc01,10-31 07:00:00+01:00,1437.9659492819999
2030,sc01,10-31 09:00:00+01:00,1535.3280517684998
2030,sc01,10-31 11:00:00+01:00,1271.4332162744995
2030,sc01,10-31 13:00:00+01:00,1277.3399836299996
2030,sc01,10-31 15:00:00+01:00,1157.7082133354995
2030,sc01,10-31 17:00:00+01:00,1344.6052313339997
2030,sc01,10-31 19:00:00+01:00,1572.3237325694997
2030,sc01,10-31 21:00:00+01:00,1403.2888615195
2030,sc01,10-31 23:00:00+01:00,1061.3940349724999
2030,sc01,11-01 01:00:00+01:00,852.9354465099998
2030,sc01,11-01 03:00:00+01:00,810.2592097319998
2030,sc01,11-01 05:00:00+01:00,973.7785595759999
2030,sc01,11-01 07:00:00+01:00,1408.0435575195
2030,sc01,11-01 09:00:00+01:00,1480.3991644099995
2030,sc01,11-01 11:00:00+01:00,1202.8097317064996
2030,sc01,11-01 13:00:00+01:00,1153.4918131359996
2030,sc01,11-01 15:00:00+01:00,1057.3119192389995
2030,sc01,11-01 17:00:00+01:00,1257.0101166004995
2030,sc01,11-01 19:00:00+01:00,1537.7893266449996
2030,sc01,11-01 21:00:00+01:00,1410.9142097554998
2030,sc01,11-01 23:00:00+01:00,1094.1580411885
2030,sc01,11-02 01:00:00+01:00,924.2790260299998
2030,sc01,11-02 03:00:00+01:00,899.7992600094999
2030,sc01,11-02 05:00:00+01:00,1060.632631066
2030,sc01,11-02 07:00:00+01:00,1465.5525938755
2030,sc01,11-02 09:00:00+01:00,1502.4647033504996
2030,sc01,11-02 11:00:00+01:00,1206.4594262719995
2030,sc01,11-02 13:00:00+01:00,1158.0861602094997
2030,sc01,11-02 15:00:00+01:00,1045.2456253599996
2030,sc01,11-02 17:00:00+01:00,1215.0847206269996
2030,sc01,11-02 19:00:00+01:00,1534.5580820954997
2030,sc01,11-02 21:00:00+01:00,1413.8242751985
2030,sc01,11-02 23:00:00+01:00,1033.9969914884998
2030,sc01,11-03 01:00:00+01:00,793.2600574149999
2030,sc01,11-03 03:00:00+01:00,742.7775952319998
2030,sc01,11-03 05:00:00+01:00,914.7212960709999
2030,sc01,11-03 07:00:00+01:00,1339.0516773444997
2030,sc01,11-03 09:00:00+01:00,1420.1864392484995
2030,sc01,11-03 11:00:00+01:00,1164.0191750399995
2030,sc01,11-03 13:00:00+01:00,1124.9721601344995
2030,sc01,11-03 15:00:00+01:00,996.4343756409995
2030,sc01,11-03 17:00:00+01:00,1141.2160322149996
2030,sc01,11-03 19:00:00+01:00,1405.5006144754996
2030,sc01,11-03 21:00:00+01:00,1270.6498984334999
2030,sc01,11-03 23:00:00+01:00,968.1711568384999
2030,sc01,11-04 01:00:00+01:00,812.3870971499998
2030,sc01,11-04 03:00:00+01:00,768.4076986569999
2030,sc01,11-04 05:00:00+01:00,923.9200915709998
2030,sc01,11-04 07:00:00+01:00,1357.6338744144998
2030,sc01,11-04 09:00:00+01:00,1465.9750216869995
2030,sc01,11-04 11:00:00+01:00,1204.0298798684996
2030,sc01,11-04 13:00:00+01:00,1168.2144065439995
2030,sc01,11-04 15:00:00+01:00,1044.3791675784996
2030,sc01,11-04 17:00:00+01:00,1234.4703776469996
2030,sc01,11-04 19:00:00+01:00,1531.6724376394995
2030,sc01,11-04 21:00:00+01:00,1377.8853264984998
2030,sc01,11-04 23:00:00+01:00,1062.2538916335
2030,sc01,11-05 01:00:00+01:00,906.6763984349999
2030,sc01,11-05 03:00:00+01:00,876.8087437669998
2030,sc01,11-05 05:00:00+01:00,1027.882739946
2030,sc01,11-05 07:00:00+01:00,1431.0725883044997
2030,sc01,11-05 09:00:00+01:00,1482.7031272974996
2030,sc01,11-05 11:00:00+01:00,1185.4842928029996
2030,sc01,11-05 13:00:00+01:00,1130.1853933959997
2030,sc01,11-05 15:00:00+01:00,1019.5020503124996
2030,sc01,11-05 17:00:00+01:00,1221.6211518604996
2030,sc01,11-05 19:00:00+01:00,1561.4561437204995
2030,sc01,11-05 21:00:00+01:00,1430.100665906
2030,sc01,11-05 23:00:00+01:00,1111.821486826
2030,sc01,11-06 01:00:00+01:00,932.5998245314998
2030,sc01,11-06 03:00:00+01:00,862.5030261519998
2030,sc01,11-06 05:00:00+01:00,997.8657988509999
2030,sc01,11-06 07:00:00+01:00,1402.3874848594999
2030,sc01,11-06 09:00:00+01:00,1476.9293575749996
2030,sc01,11-06 11:00:00+01:00,1204.0939444534995
2030,sc01,11-06 13:00:00+01:00,1162.8010676209994
2030,sc01,11-06 15:00:00+01:00,1071.0162159184995
2030,sc01,11-06 17:00:00+01:00,1273.5542175399996
2030,sc01,11-06 19:00:00+01:00,1559.8996731459995
2030,sc01,11-06 21:00:00+01:00,1405.0287296484998
2030,sc01,11-06 23:00:00+01:00,1083.7640676234998
2030,sc01,11-07 01:00:00+01:00,917.0227457699999
2030,sc01,11-07 03:00:00+01:00,862.2357078419999
2030,sc01,11-07 05:00:00+01:00,994.4250109459999
2030,sc01,11-07 07:00:00+01:00,1410.4967243494998
2030,sc01,11-07 09:00:00+01:00,1504.1432789284995
2030,sc01,11-07 11:00:00+01:00,1269.9390834809997
2030,sc01,11-07 13:00:00+01:00,1242.3081323484996
2030,sc01,11-07 15:00:00+01:00,1166.8510705774995
2030,sc01,11-07 17:00:00+01:00,1301.1097505624996
2030,sc01,11-07 19:00:00+01:00,1575.6410232319995
2030,sc01,11-07 21:00:00+01:00,1408.4128131085
2030,sc01,11-07 23:00:00+01:00,1088.2951882834998
2030,sc01,11-08 01:00:00+01:00,922.6837923549999
2030,sc01,11-08 03:00:00+01:00,870.3692568469999
2030,sc01,11-08 05:00:00+01:00,1032.2923132509998
2030,sc01,11-08 07:00:00+01:00,1444.0498922794998
2030,sc01,11-08 09:00:00+01:00,1531.3226704339995
2030,sc01,11-08 11:00:00+01:00,1248.9790491089996
2030,sc01,11-08 13:00:00+01:00,1157.4173363979996
2030,sc01,11-08 15:00:00+01:00,1042.1472614199995
2030,sc01,11-08 17:00:00+01:00,1231.6206152609996
2030,sc01,11-08 19:00:00+01:00,1525.2774003999996
2030,sc01,11-08 21:00:00+01:00,1355.9987288184998
2030,sc01,11-08 23:00:00+01:00,1046.2617906884998
2030,sc01,11-09 01:00:00+01:00,916.8190169649998
2030,sc01,11-09 03:00:00+01:00,881.2830867819998
2030,sc01,11-09 05:00:00+01:00,991.7296624409998
2030,sc01,11-09 07:00:00+01:00,1373.2022730694998
2030,sc01,11-09 09:00:00+01:00,1428.8182608999996
2030,sc01,11-09 11:00:00+01:00,1141.8718773169994
2030,sc01,11-09 13:00:00+01:00,1053.1290774319996
2030,sc01,11-09 15:00:00+01:00,953.5706494914996
2030,sc01,11-09 17:00:00+01:00,1215.6902104339995
2030,sc01,11-09 19:00:00+01:00,1573.2077753289996
2030,sc01,11-09 21:00:00+01:00,1441.2628730645
2030,sc01,11-09 23:00:00+01:00,1084.4910371484998
2030,sc01,11-10 01:00:00+01:00,895.1366706749999
2030,sc01,11-10 03:00:00+01:00,822.0034099169999
2030,sc01,11-10 05:00:00+01:00,961.043074106
2030,sc01,11-10 07:00:00+01:00,1380.8267273494998
2030,sc01,11-10 09:00:00+01:00,1443.2276309029994
2030,sc01,11-10 11:00:00+01:00,1185.9589231884995
2030,sc01,11-10 13:00:00+01:00,1121.9279394074997
2030,sc01,11-10 15:00:00+01:00,1004.9556774424996
2030,sc01,11-10 17:00:00+01:00,1246.8144562554996
2030,sc01,11-10 19:00:00+01:00,1582.8439986249996
2030,sc01,11-10 21:00:00+01:00,1389.6970214034998
2030,sc01,11-10 23:00:00+01:00,1033.5433110884999
2030,sc01,11-11 01:00:00+01:00,826.9334007499999
2030,sc01,11-11 03:00:00+01:00,767.9756081069999
2030,sc01,11-11 05:00:00+01:00,932.4890568509999
2030,sc01,11-11 07:00:00+01:00,1350.2494639244999
2030,sc01,11-11 09:00:00+01:00,1403.1834119709995
2030,sc01,11-11 11:00:00+01:00,1158.7324876664995
2030,sc01,11-11 13:00:00+01:00,1123.7137560299996
2030,sc01,11-11 15:00:00+01:00,1023.9327476809996
2030,sc01,11-11 17:00:00+01:00,1195.9907654009996
2030,sc01,11-11 19:00:00+01:00,1457.9921948809995
2030,sc01,11-11 21:00:00+01:00,1265.0085416334998
2030,sc01,11-11 23:00:00+01:00,945.5409045584998
2030,sc01,11-12 01:00:00+01:00,755.6399526699998
2030,sc01,11-12 03:00:00+01:00,694.0662779519998
2030,sc01,11-12 05:00:00+01:00,874.0647289559998
2030,sc01,11-12 07:00:00+01:00,1304.5572489845
2030,sc01,11-12 09:00:00+01:00,1377.1062984474995
2030,sc01,11-12 11:00:00+01:00,1068.3745913954997
2030,sc01,11-12 13:00:00+01:00,1042.1153466279995
2030,sc01,11-12 15:00:00+01:00,965.4433039289996
2030,sc01,11-12 17:00:00+01:00,1177.3970989814995
2030,sc01,11-12 19:00:00+01:00,1488.3850068649997
2030,sc01,11-12 21:00:00+01:00,1330.0659549235
2030,sc01,11-12 23:00:00+01:00,997.6814044484998
2030,sc01,11-13 01:00:00+01:00,814.5115430349998
2030,sc01,11-13 03:00:00+01:00,760.3585617669999
2030,sc01,11-13 05:00:00+01:00,920.4272413759999
2030,sc01,11-13 07:00:00+01:00,1347.4595325044997
2030,sc01,11-13 09:00:00+01:00,1459.1774596854996
2030,sc01,11-13 11:00:00+01:00,1207.1531174649995
2030,sc01,11-13 13:00:00+01:00,1192.5693252374995
2030,sc01,11-13 15:00:00+01:00,1097.1952894339995
2030,sc01,11-13 17:00:00+01:00,1277.6456525599997
2030,sc01,11-13 19:00:00+01:00,1541.1800998599997
2030,sc01,11-13 21:00:00+01:00,1376.9382616584999
2030,sc01,11-13 23:00:00+01:00,1055.9731037884999
2030,sc01,11-14 01:00:00+01:00,881.0339700899998
2030,sc01,11-14 03:00:00+01:00,830.4750387519998
2030,sc01,11-14 05:00:00+01:00,986.6087434859999
2030,sc01,11-14 07:00:00+01:00,1407.6127168644998
2030,sc01,11-14 09:00:00+01:00,1509.9845712564995
2030,sc01,11-14 11:00:00+01:00,1253.8020469154997
2030,sc01,11-14 13:00:00+01:00,1201.0290365934995
2030,sc01,11-14 15:00:00+01:00,1098.4612233119997
2030,sc01,11-14 17:00:00+01:00,1286.6536977444996
2030,sc01,11-14 19:00:00+01:00,1557.5697967664996
2030,sc01,11-14 21:00:00+01:00,1396.8081366635
2030,sc01,11-14 23:00:00+01:00,1059.4467192035
2030,sc01,11-15 01:00:00+01:00,876.6136748899999
2030,sc01,11-15 03:00:00+01:00,814.5333920819999
2030,sc01,11-15 05:00:00+01:00,993.7607791859999
2030,sc01,11-15 07:00:00+01:00,1407.3376866744998
2030,sc01,11-15 09:00:00+01:00,1510.6895076789995
2030,sc01,11-15 11:00:00+01:00,1342.3743630514996
2030,sc01,11-15 13:00:00+01:00,1296.1917564844996
2030,sc01,11-15 15:00:00+01:00,1157.3442444274997
2030,sc01,11-15 17:00:00+01:00,1363.2557937999995
2030,sc01,11-15 19:00:00+01:00,1588.3919897214996
2030,sc01,11-15 21:00:00+01:00,1399.5217756184998
2030,sc01,11-15 23:00:00+01:00,1058.4834666885
2030,sc01,11-16 01:00:00+01:00,896.9444578149999
2030,sc01,11-16 03:00:00+01:00,847.6154052569998
2030,sc01,11-16 05:00:00+01:00,995.063489381
2030,sc01,11-16 07:00:00+01:00,1406.5120056094997
2030,sc01,11-16 09:00:00+01:00,1487.3223472429995
2030,sc01,11-16 11:00:00+01:00,1216.8449686579995
2030,sc01,11-16 13:00:00+01:00,1184.6937758399995
2030,sc01,11-16 15:00:00+01:00,1097.5449441749995
2030,sc01,11-16 17:00:00+01:00,1272.0332435394996
2030,sc01,11-16 19:00:00+01:00,1548.4851079964997
2030,sc01,11-16 21:00:00+01:00,1377.2146366984998
2030,sc01,11-16 23:00:00+01:00,1050.6449276034998
2030,sc01,11-17 01:00:00+01:00,894.2553596599998
2030,sc01,11-17 03:00:00+01:00,846.3250552369999
2030,sc01,11-17 05:00:00+01:00,1005.8297748659999
2030,sc01,11-17 07:00:00+01:00,1421.9907022744999
2030,sc01,11-17 09:00:00+01:00,1510.9480334364996
2030,sc01,11-17 11:00:00+01:00,1289.3700461404997
2030,sc01,11-17 13:00:00+01:00,1232.0462289944996
2030,sc01,11-17 15:00:00+01:00,1055.7046535299996
2030,sc01,11-17 17:00:00+01:00,1230.9501808229995
2030,sc01,11-17 19:00:00+01:00,1555.2338263179995
2030,sc01,11-17 21:00:00+01:00,1409.9211949284997
2030,sc01,11-17 23:00:00+01:00,1105.4223933735
2030,sc01,11-18 01:00:00+01:00,923.8184319049999
2030,sc01,11-18 03:00:00+01:00,856.8791720569999
2030,sc01,11-18 05:00:00+01:00,1025.901114266
2030,sc01,11-18 07:00:00+01:00,1435.0619285095
2030,sc01,11-18 09:00:00+01:00,1535.9064310304996
2030,sc01,11-18 11:00:00+01:00,1346.7170548364995
2030,sc01,11-18 13:00:00+01:00,1229.9862466169996
2030,sc01,11-18 15:00:00+01:00,1107.8791372879996
2030,sc01,11-18 17:00:00+01:00,1296.0581809529997
2030,sc01,11-18 19:00:00+01:00,1615.5086258804995
2030,sc01,11-18 21:00:00+01:00,1427.4531214034998
2030,sc01,11-18 23:00:00+01:00,1109.5180534835
2030,sc01,11-19 01:00:00+01:00,938.6892096599998
2030,sc01,11-19 03:00:00+01:00,906.4064044404998
2030,sc01,11-19 05:00:00+01:00,1084.0056359599998
2030,sc01,11-19 07:00:00+01:00,1498.538407781
2030,sc01,11-19 09:00:00+01:00,1547.7012739734996
2030,sc01,11-19 11:00:00+01:00,1209.3705844264996
2030,sc01,11-19 13:00:00+01:00,1168.4909028539996
2030,sc01,11-19 15:00:00+01:00,1080.2834892204996
2030,sc01,11-19 17:00:00+01:00,1258.3264611754996
2030,sc01,11-19 19:00:00+01:00,1523.5394548679997
2030,sc01,11-19 21:00:00+01:00,1374.9354634185
2030,sc01,11-19 23:00:00+01:00,1080.3202990984998
2030,sc01,11-20 01:00:00+01:00,926.8496001099999
2030,sc01,11-20 03:00:00+01:00,862.4083323969999
2030,sc01,11-20 05:00:00+01:00,995.961335281
2030,sc01,11-20 07:00:00+01:00,1397.7811114244998
2030,sc01,11-20 09:00:00+01:00,1466.8477118619994
2030,sc01,11-20 11:00:00+01:00,1174.2174568994997
2030,sc01,11-20 13:00:00+01:00,1134.9549275859995
2030,sc01,11-20 15:00:00+01:00,1038.7716266494997
2030,sc01,11-20 17:00:00+01:00,1226.6968696234997
2030,sc01,11-20 19:00:00+01:00,1516.0410621454996
2030,sc01,11-20 21:00:00+01:00,1346.6486148534998
2030,sc01,11-20 23:00:00+01:00,1036.8511386535
2030,sc01,11-21 01:00:00+01:00,896.0900445399999
2030,sc01,11-21 03:00:00+01:00,857.1544235319999
2030,sc01,11-21 05:00:00+01:00,1012.2303050709999
2030,sc01,11-21 07:00:00+01:00,1426.9383186794998
2030,sc01,11-21 09:00:00+01:00,1503.1617233729996
2030,sc01,11-21 11:00:00+01:00,1238.9901739459995
2030,sc01,11-21 13:00:00+01:00,1194.7143904769996
2030,sc01,11-21 15:00:00+01:00,1091.6900197624996
2030,sc01,11-21 17:00:00+01:00,1285.6028621784997
2030,sc01,11-21 19:00:00+01:00,1567.5785776694997
2030,sc01,11-21 21:00:00+01:00,1376.4016442184998
2030,sc01,11-21 23:00:00+01:00,1009.1599076034998
2030,sc01,11-22 01:00:00+01:00,838.8153185249998
2030,sc01,11-22 03:00:00+01:00,805.7423321119999
2030,sc01,11-22 05:00:00+01:00,975.6149935859999
2030,sc01,11-22 07:00:00+01:00,1390.3931039144998
2030,sc01,11-22 09:00:00+01:00,1461.0942981439996
2030,sc01,11-22 11:00:00+01:00,1201.9977940474996
2030,sc01,11-22 13:00:00+01:00,1160.1296802394995
2030,sc01,11-22 15:00:00+01:00,1038.3665027514996
2030,sc01,11-22 17:00:00+01:00,1162.8466986339995
2030,sc01,11-22 19:00:00+01:00,1410.6268463679996
2030,sc01,11-22 21:00:00+01:00,1258.6143332584998
2030,sc01,11-22 23:00:00+01:00,934.0423806334999
2030,sc01,11-23 01:00:00+01:00,758.5846731649999
2030,sc01,11-23 03:00:00+01:00,711.5943019869999
2030,sc01,11-23 05:00:00+01:00,898.140423741
2030,sc01,11-23 07:00:00+01:00,1341.9736236544998
2030,sc01,11-23 09:00:00+01:00,1432.6011711219996
2030,sc01,11-23 11:00:00+01:00,1123.6621881309995
2030,sc01,11-23 13:00:00+01:00,1121.3426365709995
2030,sc01,11-23 15:00:00+01:00,1057.8743384429997
2030,sc01,11-23 17:00:00+01:00,1210.8987982779995
2030,sc01,11-23 19:00:00+01:00,1444.8060918714996
2030,sc01,11-23 21:00:00+01:00,1269.6464285184998
2030,sc01,11-23 23:00:00+01:00,953.5721098484998
2030,sc01,11-24 01:00:00+01:00,801.4664495949999
2030,sc01,11-24 03:00:00+01:00,747.0330814819998
2030,sc01,11-24 05:00:00+01:00,903.096689516
2030,sc01,11-24 07:00:00+01:00,1329.3865926395
2030,sc01,11-24 09:00:00+01:00,1422.1928455884995
2030,sc01,11-24 11:00:00+01:00,1163.9638296699995
2030,sc01,11-24 13:00:00+01:00,1133.3185816169996
2030,sc01,11-24 15:00:00+01:00,1065.2961453244995
2030,sc01,11-24 17:00:00+01:00,1268.6375943934995
2030,sc01,11-24 19:00:00+01:00,1527.5177909469996
2030,sc01,11-24 21:00:00+01:00,1336.2463853584998
2030,sc01,11-24 23:00:00+01:00,991.7255440234999
2030,sc01,11-25 01:00:00+01:00,818.9382534399998
2030,sc01,11-25 03:00:00+01:00,801.0252753719999
2030,sc01,11-25 05:00:00+01:00,955.5722452959999
2030,sc01,11-25 07:00:00+01:00,1375.9931414644998
2030,sc01,11-25 09:00:00+01:00,1498.0849387089995
2030,sc01,11-25 11:00:00+01:00,1331.5730251459995
2030,sc01,11-25 13:00:00+01:00,1301.6068179079996
2030,sc01,11-25 15:00:00+01:00,1223.5619030589996
2030,sc01,11-25 17:00:00+01:00,1408.8587593204995
2030,sc01,11-25 19:00:00+01:00,1615.7818937844995
2030,sc01,11-25 21:00:00+01:00,1396.0852828284999
2030,sc01,11-25 23:00:00+01:00,1023.6468304484998
2030,sc01,11-26 01:00:00+01:00,816.3656551149999
2030,sc01,11-26 03:00:00+01:00,784.7742584769999
2030,sc01,11-26 05:00:00+01:00,951.8589822559999
2030,sc01,11-26 07:00:00+01:00,1378.2508442795
2030,sc01,11-26 09:00:00+01:00,1485.9760845009996
2030,sc01,11-26 11:00:00+01:00,1319.1438573594996
2030,sc01,11-26 13:00:00+01:00,1293.2484739654997
2030,sc01,11-26 15:00:00+01:00,1144.1825046069996
2030,sc01,11-26 17:00:00+01:00,1350.0948022624996
2030,sc01,11-26 19:00:00+01:00,1628.3459132459996
2030,sc01,11-26 21:00:00+01:00,1450.3897987834998
2030,sc01,11-26 23:00:00+01:00,1130.4346708935
2030,sc01,11-27 01:00:00+01:00,950.0346658599999
2030,sc01,11-27 03:00:00+01:00,876.3788659319998
2030,sc01,11-27 05:00:00+01:00,1014.2428169759999
2030,sc01,11-27 07:00:00+01:00,1415.1354047144998
2030,sc01,11-27 09:00:00+01:00,1512.5581448639996
2030,sc01,11-27 11:00:00+01:00,1266.1831091669997
2030,sc01,11-27 13:00:00+01:00,1208.9714097554995
2030,sc01,11-27 15:00:00+01:00,1108.5789539604996
2030,sc01,11-27 17:00:00+01:00,1309.3807220114995
2030,sc01,11-27 19:00:00+01:00,1614.0920645969995
2030,sc01,11-27 21:00:00+01:00,1437.7382830784998
2030,sc01,11-27 23:00:00+01:00,1087.2050550585
2030,sc01,11-28 01:00:00+01:00,929.5994808499998
2030,sc01,11-28 03:00:00+01:00,900.5889178719998
2030,sc01,11-28 05:00:00+01:00,1062.6521677059998
2030,sc01,11-28 07:00:00+01:00,1452.5204534344998
2030,sc01,11-28 09:00:00+01:00,1496.1156595179996
2030,sc01,11-28 11:00:00+01:00,1245.3599046174995
2030,sc01,11-28 13:00:00+01:00,1213.8379223604995
2030,sc01,11-28 15:00:00+01:00,1118.3100092959996
2030,sc01,11-28 17:00:00+01:00,1321.9941285899997
2030,sc01,11-28 19:00:00+01:00,1628.3262637969997
2030,sc01,11-28 21:00:00+01:00,1442.7067859134997
2030,sc01,11-28 23:00:00+01:00,1082.9908878484998
2030,sc01,11-29 01:00:00+01:00,875.4642355649999
2030,sc01,11-29 03:00:00+01:00,803.9400130969999
2030,sc01,11-29 05:00:00+01:00,978.4103820309999
2030,sc01,11-29 07:00:00+01:00,1405.6083563144998
2030,sc01,11-29 09:00:00+01:00,1505.8127947444996
2030,sc01,11-29 11:00:00+01:00,1261.2216289209996
2030,sc01,11-29 13:00:00+01:00,1222.0942844934996
2030,sc01,11-29 15:00:00+01:00,1120.9105707824997
2030,sc01,11-29 17:00:00+01:00,1341.5643919814995
2030,sc01,11-29 19:00:00+01:00,1630.7344216054996
2030,sc01,11-29 21:00:00+01:00,1464.8973079134998
2030,sc01,11-29 23:00:00+01:00,1098.7038358485
2030,sc01,11-30 01:00:00+01:00,902.1459995649999
2030,sc01,11-30 03:00:00+01:00,840.6137456369999
2030,sc01,11-30 05:00:00+01:00,990.8848157759999
2030,sc01,11-30 07:00:00+01:00,1387.2625376294998
2030,sc01,11-30 09:00:00+01:00,1481.7728424144996
2030,sc01,11-30 11:00:00+01:00,1295.1489288314997
2030,sc01,11-30 13:00:00+01:00,1254.0814001189997
2030,sc01,11-30 15:00:00+01:00,1149.1546361239996
2030,sc01,11-30 17:00:00+01:00,1344.0363599524997
2030,sc01,11-30 19:00:00+01:00,1632.2576319834996
2030,sc01,11-30 21:00:00+01:00,1470.8240709534998
2030,sc01,11-30 23:00:00+01:00,1098.0446936034998
2030,sc01,12-01 01:00:00+01:00,795.3332890179998
2030,sc01,12-01 03:00:00+01:00,737.5906984049999
2030,sc01,12-01 05:00:00+01:00,892.6361857314998
2030,sc01,12-01 07:00:00+01:00,1289.1657520019999
2030,sc01,12-01 09:00:00+01:00,1366.8288746989995
2030,sc01,12-01 11:00:00+01:00,1126.4411987704996
2030,sc01,12-01 13:00:00+01:00,1100.0473884984995
2030,sc01,12-01 15:00:00+01:00,1011.3435697009996
2030,sc01,12-01 17:00:00+01:00,1210.3919381739997
2030,sc01,12-01 19:00:00+01:00,1522.0992068694995
2030,sc01,12-01 21:00:00+01:00,1366.0827260644999
2030,sc01,12-01 23:00:00+01:00,1018.9260684724999
2030,sc01,12-02 01:00:00+01:00,855.2958182679998
2030,sc01,12-02 03:00:00+01:00,789.9732234549998
2030,sc01,12-02 05:00:00+01:00,939.9749333064998
2030,sc01,12-02 07:00:00+01:00,1328.3828389219998
2030,sc01,12-02 09:00:00+01:00,1396.3384435154994
2030,sc01,12-02 11:00:00+01:00,1153.1493129409996
2030,sc01,12-02 13:00:00+01:00,1117.4695741309995
2030,sc01,12-02 15:00:00+01:00,1028.4855843874996
2030,sc01,12-02 17:00:00+01:00,1220.0802616294995
2030,sc01,12-02 19:00:00+01:00,1521.2296642144995
2030,sc01,12-02 21:00:00+01:00,1371.1977596694999
2030,sc01,12-02 23:00:00+01:00,1060.5519335274998
2030,sc01,12-03 01:00:00+01:00,882.0134010629998
2030,sc01,12-03 03:00:00+01:00,820.6990640299998
2030,sc01,12-03 05:00:00+01:00,943.4681989364998
2030,sc01,12-03 07:00:00+01:00,1317.1557937669998
2030,sc01,12-03 09:00:00+01:00,1372.0495319739994
2030,sc01,12-03 11:00:00+01:00,1128.4181666574996
2030,sc01,12-03 13:00:00+01:00,1098.1924104894995
2030,sc01,12-03 15:00:00+01:00,1016.7348715074995
2030,sc01,12-03 17:00:00+01:00,1221.7132188194996
2030,sc01,12-03 19:00:00+01:00,1534.2773087899996
2030,sc01,12-03 21:00:00+01:00,1399.2408076699999
2030,sc01,12-03 23:00:00+01:00,1087.7920554874997
2030,sc01,12-04 01:00:00+01:00,929.0653416329998
2030,sc01,12-04 03:00:00+01:00,879.7980814649998
2030,sc01,12-04 05:00:00+01:00,998.9413043064998
2030,sc01,12-04 07:00:00+01:00,1342.3789791069999
2030,sc01,12-04 09:00:00+01:00,1376.6036050574994
2030,sc01,12-04 11:00:00+01:00,1137.9697257484995
2030,sc01,12-04 13:00:00+01:00,1105.2327519539995
2030,sc01,12-04 15:00:00+01:00,1021.7474774349995
2030,sc01,12-04 17:00:00+01:00,1225.2270983814994
2030,sc01,12-04 19:00:00+01:00,1539.6100729859995
2030,sc01,12-04 21:00:00+01:00,1405.3881270684997
2030,sc01,12-04 23:00:00+01:00,1085.7954107374997
2030,sc01,12-05 01:00:00+01:00,915.5756162979998
2030,sc01,12-05 03:00:00+01:00,837.0111142099997
2030,sc01,12-05 05:00:00+01:00,958.0087138714997
2030,sc01,12-05 07:00:00+01:00,1340.4966330219997
2030,sc01,12-05 09:00:00+01:00,1407.7419827009994
2030,sc01,12-05 11:00:00+01:00,1173.0448186939996
2030,sc01,12-05 13:00:00+01:00,1127.4293710589995
2030,sc01,12-05 15:00:00+01:00,1033.7465895629996
2030,sc01,12-05 17:00:00+01:00,1233.3158461564994
2030,sc01,12-05 19:00:00+01:00,1539.5453358844993
2030,sc01,12-05 21:00:00+01:00,1384.6433914194997
2030,sc01,12-05 23:00:00+01:00,1029.7569775624997
2030,sc01,12-06 01:00:00+01:00,855.5143217929997
2030,sc01,12-06 03:00:00+01:00,803.7904902749997
2030,sc01,12-06 05:00:00+01:00,946.7442937514996
2030,sc01,12-06 07:00:00+01:00,1321.4164288419997
2030,sc01,12-06 09:00:00+01:00,1391.1301198979993
2030,sc01,12-06 11:00:00+01:00,1165.9935868389994
2030,sc01,12-06 13:00:00+01:00,1118.1328512889993
2030,sc01,12-06 15:00:00+01:00,1029.5104285409993
2030,sc01,12-06 17:00:00+01:00,1234.5631812439995
2030,sc01,12-06 19:00:00+01:00,1550.6553691614993
2030,sc01,12-06 21:00:00+01:00,1423.6223870424997
2030,sc01,12-06 23:00:00+01:00,1109.4430490684997
2030,sc01,12-07 01:00:00+01:00,949.2046025169997
2030,sc01,12-07 03:00:00+01:00,901.9159815254997
2030,sc01,12-07 05:00:00+01:00,1026.7720868914996
2030,sc01,12-07 07:00:00+01:00,1372.4528566569998
2030,sc01,12-07 09:00:00+01:00,1399.9220205414993
2030,sc01,12-07 11:00:00+01:00,1124.5223188754994
2030,sc01,12-07 13:00:00+01:00,1077.2445376119995
2030,sc01,12-07 15:00:00+01:00,1004.1443673149994
2030,sc01,12-07 17:00:00+01:00,1225.6752082619994
2030,sc01,12-07 19:00:00+01:00,1548.4581401769992
2030,sc01,12-07 21:00:00+01:00,1423.9597704399996
2030,sc01,12-07 23:00:00+01:00,1114.4259331429996
2030,sc01,12-08 01:00:00+01:00,940.2012230654997
2030,sc01,12-08 03:00:00+01:00,853.6679986249997
2030,sc01,12-08 05:00:00+01:00,961.8697610314996
2030,sc01,12-08 07:00:00+01:00,1318.0745971519996
2030,sc01,12-08 09:00:00+01:00,1365.4343623894993
2030,sc01,12-08 11:00:00+01:00,1132.0674454769994
2030,sc01,12-08 13:00:00+01:00,1114.6864452479995
2030,sc01,12-08 15:00:00+01:00,1037.4671748964993
2030,sc01,12-08 17:00:00+01:00,1239.9356897404994
2030,sc01,12-08 19:00:00+01:00,1553.0838718259993
2030,sc01,12-08 21:00:00+01:00,1420.9815225254995
2030,sc01,12-08 23:00:00+01:00,1093.9585540864996
2030,sc01,12-09 01:00:00+01:00,903.4321882729996
2030,sc01,12-09 03:00:00+01:00,825.4985566449997
2030,sc01,12-09 05:00:00+01:00,942.7109335314996
2030,sc01,12-09 07:00:00+01:00,1321.5219612019996
2030,sc01,12-09 09:00:00+01:00,1389.4665666629992
2030,sc01,12-09 11:00:00+01:00,1133.6605766524992
2030,sc01,12-09 13:00:00+01:00,1106.1069453384994
2030,sc01,12-09 15:00:00+01:00,1024.4122955684993
2030,sc01,12-09 17:00:00+01:00,1226.1087931564994
2030,sc01,12-09 19:00:00+01:00,1537.8769462729992
2030,sc01,12-09 21:00:00+01:00,1394.7524851444996
2030,sc01,12-09 23:00:00+01:00,1076.1124469324996
2030,sc01,12-10 01:00:00+01:00,902.3762220729996
2030,sc01,12-10 03:00:00+01:00,828.1736475699996
2030,sc01,12-10 05:00:00+01:00,954.9478540364995
2030,sc01,12-10 07:00:00+01:00,1330.5025705419996
2030,sc01,12-10 09:00:00+01:00,1402.5616430539992
2030,sc01,12-10 11:00:00+01:00,1158.9231380539993
2030,sc01,12-10 13:00:00+01:00,1116.4501120299992
2030,sc01,12-10 15:00:00+01:00,1026.6690795874993
2030,sc01,12-10 17:00:00+01:00,1227.7419455034992
2030,sc01,12-10 19:00:00+01:00,1511.2077443284993
2030,sc01,12-10 21:00:00+01:00,1331.3104399094996
2030,sc01,12-10 23:00:00+01:00,1007.7222106474995
2030,sc01,12-11 01:00:00+01:00,849.2538382379995
2030,sc01,12-11 03:00:00+01:00,815.9909332799996
2030,sc01,12-11 05:00:00+01:00,968.2229932464995
2030,sc01,12-11 07:00:00+01:00,1343.8892272519995
2030,sc01,12-11 09:00:00+01:00,1414.7443893089992
2030,sc01,12-11 11:00:00+01:00,1172.3469524714992
2030,sc01,12-11 13:00:00+01:00,1127.8724552564993
2030,sc01,12-11 15:00:00+01:00,1025.7894578279993
2030,sc01,12-11 17:00:00+01:00,1192.9597199659993
2030,sc01,12-11 19:00:00+01:00,1445.1397553284992
2030,sc01,12-11 21:00:00+01:00,1299.7332382244995
2030,sc01,12-11 23:00:00+01:00,992.2162746824995
2030,sc01,12-12 01:00:00+01:00,831.0950861279995
2030,sc01,12-12 03:00:00+01:00,789.7455688849996
2030,sc01,12-12 05:00:00+01:00,943.8606815914994
2030,sc01,12-12 07:00:00+01:00,1343.5254828719997
2030,sc01,12-12 09:00:00+01:00,1424.3806429024992
2030,sc01,12-12 11:00:00+01:00,1172.1383823284993
2030,sc01,12-12 13:00:00+01:00,1132.6190044044993
2030,sc01,12-12 15:00:00+01:00,1037.5730208584991
2030,sc01,12-12 17:00:00+01:00,1230.6630271529993
2030,sc01,12-12 19:00:00+01:00,1514.6550621189992
2030,sc01,12-12 21:00:00+01:00,1339.7069688544996
2030,sc01,12-12 23:00:00+01:00,992.7829049224995
2030,sc01,12-13 01:00:00+01:00,809.6998733929995
2030,sc01,12-13 03:00:00+01:00,759.9865431899995
2030,sc01,12-13 05:00:00+01:00,900.9712661464995
2030,sc01,12-13 07:00:00+01:00,1256.3062657319995
2030,sc01,12-13 09:00:00+01:00,1342.197428101499
2030,sc01,12-13 11:00:00+01:00,1120.0998329574993
2030,sc01,12-13 13:00:00+01:00,1078.5327975074993
2030,sc01,12-13 15:00:00+01:00,997.6952827064993
2030,sc01,12-13 17:00:00+01:00,1199.1892891584994
2030,sc01,12-13 19:00:00+01:00,1507.0352775214992
2030,sc01,12-13 21:00:00+01:00,1378.9613482744994
2030,sc01,12-13 23:00:00+01:00,1057.5238137724996
2030,sc01,12-14 01:00:00+01:00,860.6264310979994
2030,sc01,12-14 03:00:00+01:00,780.0227517649995
2030,sc01,12-14 05:00:00+01:00,907.7273328414993
2030,sc01,12-14 07:00:00+01:00,1264.1169694369994
2030,sc01,12-14 09:00:00+01:00,1335.203735096499
2030,sc01,12-14 11:00:00+01:00,1167.2906894829991
2030,sc01,12-14 13:00:00+01:00,1218.3077207909992
2030,sc01,12-14 15:00:00+01:00,1141.7579670354992
2030,sc01,12-14 17:00:00+01:00,1269.1749404689992
2030,sc01,12-14 19:00:00+01:00,1467.792133468999
2030,sc01,12-14 21:00:00+01:00,1273.6040869244994
2030,sc01,12-14 23:00:00+01:00,1016.0405936324994
2030,sc01,12-15 01:00:00+01:00,876.8641569679994
2030,sc01,12-15 03:00:00+01:00,812.3285571349994
2030,sc01,12-15 05:00:00+01:00,942.5438752164994
2030,sc01,12-15 07:00:00+01:00,1321.5715654719995
2030,sc01,12-15 09:00:00+01:00,1420.220154505499
2030,sc01,12-15 11:00:00+01:00,1265.9497187394993
2030,sc01,12-15 13:00:00+01:00,1279.678438767999
2030,sc01,12-15 15:00:00+01:00,1213.8861480424991
2030,sc01,12-15 17:00:00+01:00,1308.0686297079992
2030,sc01,12-15 19:00:00+01:00,1444.632648926999
2030,sc01,12-15 21:00:00+01:00,1307.6177032644994
2030,sc01,12-15 23:00:00+01:00,1021.6140597224994
2030,sc01,12-16 01:00:00+01:00,830.6977836629994
2030,sc01,12-16 03:00:00+01:00,825.6201317799994
2030,sc01,12-16 05:00:00+01:00,1002.0387456764994
2030,sc01,12-16 07:00:00+01:00,1368.3534402569994
2030,sc01,12-16 09:00:00+01:00,1447.001759134499
2030,sc01,12-16 11:00:00+01:00,1170.4106489234991
2030,sc01,12-16 13:00:00+01:00,1117.992339852999
2030,sc01,12-16 15:00:00+01:00,1010.2326287844992
2030,sc01,12-16 17:00:00+01:00,1178.249614932499
2030,sc01,12-16 19:00:00+01:00,1454.400909587499
2030,sc01,12-16 21:00:00+01:00,1302.9294697394994
2030,sc01,12-16 23:00:00+01:00,992.3664851724993
2030,sc01,12-17 01:00:00+01:00,825.2818732429994
2030,sc01,12-17 03:00:00+01:00,800.8447823249994
2030,sc01,12-17 05:00:00+01:00,948.8391770664994
2030,sc01,12-17 07:00:00+01:00,1347.2740995719994
2030,sc01,12-17 09:00:00+01:00,1449.728572345499
2030,sc01,12-17 11:00:00+01:00,1202.2301964814992
2030,sc01,12-17 13:00:00+01:00,1147.6329391959991
2030,sc01,12-17 15:00:00+01:00,1044.9133311234991
2030,sc01,12-17 17:00:00+01:00,1226.5723421774992
2030,sc01,12-17 19:00:00+01:00,1507.969801331499
2030,sc01,12-17 21:00:00+01:00,1361.1518206294993
2030,sc01,12-17 23:00:00+01:00,1041.2277379974994
2030,sc01,12-18 01:00:00+01:00,873.8243080429994
2030,sc01,12-18 03:00:00+01:00,836.5467728699994
2030,sc01,12-18 05:00:00+01:00,991.6974052764994
2030,sc01,12-18 07:00:00+01:00,1369.0841950969993
2030,sc01,12-18 09:00:00+01:00,1440.021075738999
2030,sc01,12-18 11:00:00+01:00,1205.5925337049991
2030,sc01,12-18 13:00:00+01:00,1143.878678978499
2030,sc01,12-18 15:00:00+01:00,1046.7250993414991
2030,sc01,12-18 17:00:00+01:00,1225.8580446414992
2030,sc01,12-18 19:00:00+01:00,1474.865207934499
2030,sc01,12-18 21:00:00+01:00,1302.6820567344994
2030,sc01,12-18 23:00:00+01:00,982.7547878624994
2030,sc01,12-19 01:00:00+01:00,829.0088362179994
2030,sc01,12-19 03:00:00+01:00,797.9125570949993
2030,sc01,12-19 05:00:00+01:00,949.7463402514993
2030,sc01,12-19 07:00:00+01:00,1333.4259036119993
2030,sc01,12-19 09:00:00+01:00,1416.236059017999
2030,sc01,12-19 11:00:00+01:00,1169.9977660989991
2030,sc01,12-19 13:00:00+01:00,1122.175235123999
2030,sc01,12-19 15:00:00+01:00,1019.166336728499
2030,sc01,12-19 17:00:00+01:00,1177.2849615409991
2030,sc01,12-19 19:00:00+01:00,1466.518923990999
2030,sc01,12-19 21:00:00+01:00,1313.3162750844992
2030,sc01,12-19 23:00:00+01:00,992.3088795324993
2030,sc01,12-20 01:00:00+01:00,847.1930813179993
2030,sc01,12-20 03:00:00+01:00,810.2787745899993
2030,sc01,12-20 05:00:00+01:00,965.2764687014993
2030,sc01,12-20 07:00:00+01:00,1355.5610546369994
2030,sc01,12-20 09:00:00+01:00,1440.366512080499
2030,sc01,12-20 11:00:00+01:00,1187.438561917499
2030,sc01,12-20 13:00:00+01:00,1142.472396012999
2030,sc01,12-20 15:00:00+01:00,1042.509145528999
2030,sc01,12-20 17:00:00+01:00,1237.625775310999
2030,sc01,12-20 19:00:00+01:00,1531.489351501999
2030,sc01,12-20 21:00:00+01:00,1380.7912578044993
2030,sc01,12-20 23:00:00+01:00,1038.8536194924993
2030,sc01,12-21 01:00:00+01:00,854.1356539179993
2030,sc01,12-21 03:00:00+01:00,774.5770528999993
2030,sc01,12-21 05:00:00+01:00,905.5060830114992
2030,sc01,12-21 07:00:00+01:00,1285.6362034719994
2030,sc01,12-21 09:00:00+01:00,1363.799075971999
2030,sc01,12-21 11:00:00+01:00,1131.504429788499
2030,sc01,12-21 13:00:00+01:00,1103.942823488999
2030,sc01,12-21 15:00:00+01:00,1034.390986101499
2030,sc01,12-21 17:00:00+01:00,1234.213939233499
2030,sc01,12-21 19:00:00+01:00,1540.813938117499
2030,sc01,12-21 21:00:00+01:00,1412.3537094944993
2030,sc01,12-21 23:00:00+01:00,1081.5264009874993
2030,sc01,12-22 01:00:00+01:00,895.8720715429993
2030,sc01,12-22 03:00:00+01:00,823.3518182749992
2030,sc01,12-22 05:00:00+01:00,955.8357210564992
2030,sc01,12-22 07:00:00+01:00,1338.3236402069992
2030,sc01,12-22 09:00:00+01:00,1382.9318522314989
2030,sc01,12-22 11:00:00+01:00,1150.110047254499
2030,sc01,12-22 13:00:00+01:00,1127.371378574999
2030,sc01,12-22 15:00:00+01:00,1059.655619923499
2030,sc01,12-22 17:00:00+01:00,1268.420386805999
2030,sc01,12-22 19:00:00+01:00,1570.5847320914988
2030,sc01,12-22 21:00:00+01:00,1424.6017123434992
2030,sc01,12-22 23:00:00+01:00,1098.604704957499
2030,sc01,12-23 01:00:00+01:00,912.8799162529992
2030,sc01,12-23 03:00:00+01:00,840.9873472349992
2030,sc01,12-23 05:00:00+01:00,966.1397705414992
2030,sc01,12-23 07:00:00+01:00,1331.8044773719992
2030,sc01,12-23 09:00:00+01:00,1390.616539241499
2030,sc01,12-23 11:00:00+01:00,1140.7447525649989
2030,sc01,12-23 13:00:00+01:00,1112.054448542499
2030,sc01,12-23 15:00:00+01:00,1035.4623614159989
2030,sc01,12-23 17:00:00+01:00,1237.674620981999
2030,sc01,12-23 19:00:00+01:00,1549.4963470459988
2030,sc01,12-23 21:00:00+01:00,1426.000292431499
2030,sc01,12-23 23:00:00+01:00,1095.7879233174992
2030,sc01,12-24 01:00:00+01:00,903.5426221129992
2030,sc01,12-24 03:00:00+01:00,859.1662011349991
2030,sc01,12-24 05:00:00+01:00,986.5330434914991
2030,sc01,12-24 07:00:00+01:00,1346.6824130969992
2030,sc01,12-24 09:00:00+01:00,1430.656764173999
2030,sc01,12-24 11:00:00+01:00,1186.686909655999
2030,sc01,12-24 13:00:00+01:00,1165.301548929499
2030,sc01,12-24 15:00:00+01:00,1067.418821962499
2030,sc01,12-24 17:00:00+01:00,1240.7062926569988
2030,sc01,12-24 19:00:00+01:00,1535.4955114799989
2030,sc01,12-24 21:00:00+01:00,1407.9964949794992
2030,sc01,12-24 23:00:00+01:00,1098.8641207024991
2030,sc01,12-25 01:00:00+01:00,924.6427558979991
2030,sc01,12-25 03:00:00+01:00,853.3014019799991
2030,sc01,12-25 05:00:00+01:00,968.5893053414991
2030,sc01,12-25 07:00:00+01:00,1333.709169496999
2030,sc01,12-25 09:00:00+01:00,1433.6249530339987
2030,sc01,12-25 11:00:00+01:00,1205.787301733499
2030,sc01,12-25 13:00:00+01:00,1159.119982505999
2030,sc01,12-25 15:00:00+01:00,1053.3081301264988
2030,sc01,12-25 17:00:00+01:00,1237.781373707999
2030,sc01,12-25 19:00:00+01:00,1530.2657641709989
2030,sc01,12-25 21:00:00+01:00,1395.179375884499
2030,sc01,12-25 23:00:00+01:00,1073.502875297499
2030,sc01,12-26 01:00:00+01:00,898.8912493529991
2030,sc01,12-26 03:00:00+01:00,833.4475783899991
2030,sc01,12-26 05:00:00+01:00,961.626905431499
2030,sc01,12-26 07:00:00+01:00,1335.5439077019992
2030,sc01,12-26 09:00:00+01:00,1433.8473552264988
2030,sc01,12-26 11:00:00+01:00,1194.813972891999
2030,sc01,12-26 13:00:00+01:00,1154.9144767039988
2030,sc01,12-26 15:00:00+01:00,1079.3636666949988
2030,sc01,12-26 17:00:00+01:00,1283.3433800874989
2030,sc01,12-26 19:00:00+01:00,1556.9783990934989
2030,sc01,12-26 21:00:00+01:00,1381.108531524499
2030,sc01,12-26 23:00:00+01:00,1040.375282282499
2030,sc01,12-27 01:00:00+01:00,881.8291400279991
2030,sc01,12-27 03:00:00+01:00,829.8695286499991
2030,sc01,12-27 05:00:00+01:00,960.696599906499
2030,sc01,12-27 07:00:00+01:00,1331.714147021999
2030,sc01,12-27 09:00:00+01:00,1421.0670392659988
2030,sc01,12-27 11:00:00+01:00,1177.0532327619987
2030,sc01,12-27 13:00:00+01:00,1137.0910020624988
2030,sc01,12-27 15:00:00+01:00,1044.1072902989988
2030,sc01,12-27 17:00:00+01:00,1224.3183938004988
2030,sc01,12-27 19:00:00+01:00,1488.9055845304988
2030,sc01,12-27 21:00:00+01:00,1335.144270884499
2030,sc01,12-27 23:00:00+01:00,1019.7573576324991
2030,sc01,12-28 01:00:00+01:00,864.624753257999
2030,sc01,12-28 03:00:00+01:00,816.832710384999
2030,sc01,12-28 05:00:00+01:00,953.197422366499
2030,sc01,12-28 07:00:00+01:00,1337.125510446999
2030,sc01,12-28 09:00:00+01:00,1432.1405847719986
2030,sc01,12-28 11:00:00+01:00,1192.1627250684987
2030,sc01,12-28 13:00:00+01:00,1152.0871309254987
2030,sc01,12-28 15:00:00+01:00,1057.8546547414987
2030,sc01,12-28 17:00:00+01:00,1235.8239537459988
2030,sc01,12-28 19:00:00+01:00,1509.6380393464988
2030,sc01,12-28 21:00:00+01:00,1345.150155559499
2030,sc01,12-28 23:00:00+01:00,1020.322488882499
2030,sc01,12-29 01:00:00+01:00,865.929154087999
2030,sc01,12-29 03:00:00+01:00,834.801012814999
2030,sc01,12-29 05:00:00+01:00,982.992952851499
2030,sc01,12-29 07:00:00+01:00,1365.716651876999
2030,sc01,12-29 09:00:00+01:00,1467.7451119944988
2030,sc01,12-29 11:00:00+01:00,1257.1324409984989
2030,sc01,12-29 13:00:00+01:00,1212.7855446429987
2030,sc01,12-29 15:00:00+01:00,1119.1042333039989
2030,sc01,12-29 17:00:00+01:00,1323.2467119894989
2030,sc01,12-29 19:00:00+01:00,1561.9935957484986
2030,sc01,12-29 21:00:00+01:00,1392.285065119499
2030,sc01,12-29 23:00:00+01:00,1084.401686907499
2030,sc01,12-30 01:00:00+01:00,925.602962167999
2030,sc01,12-30 03:00:00+01:00,884.6899563099989
2030,sc01,12-30 05:00:00+01:00,1021.6664214564989
2030,sc01,12-30 07:00:00+01:00,1392.648920216999
2030,sc01,12-30 09:00:00+01:00,1474.0880434239987
2030,sc01,12-30 11:00:00+01:00,1216.9158378259988
2030,sc01,12-30 13:00:00+01:00,1166.0023979689986
2030,sc01,12-30 15:00:00+01:00,1064.5924039714987
2030,sc01,12-30 17:00:00+01:00,1240.6642016904987
2030,sc01,12-30 19:00:00+01:00,1524.7400659144987
2030,sc01,12-30 21:00:00+01:00,1389.9710709744988
2030,sc01,12-30 23:00:00+01:00,1078.216442197499
