time,Hydro|Reservoir,Electricity|Gas|Fossil|CCGT|w/o CCS,Electricity|Gas|Fossil|OCGT|w/o CCS,Electricity|Oil|w/o CCS,Solar|PV|Utility,Wind|Onshore,Hydro|Run of River,SlackUnit
2030-01-01 00:00:00,0.0,164.0161654332645,0.0,53.887180512182766,0.0,68.11235982195734,0.0,0
2030-01-01 01:00:00,0.0,164.0161654332645,0.0,0.0,0.0,66.63486828568931,0.0,0
2030-01-01 02:00:00,0.0,164.0161654332645,0.0,0.0,0.0,69.5898513582254,0.0,0
2030-01-01 03:00:00,0.0,164.0161654332645,0.0,0.0,0.0,78.25090674382874,0.0,0
2030-01-01 04:00:00,0.0,164.0161654332645,0.0,0.0,0.0,84.0116462437379,0.0,0
2030-01-01 05:00:00,0.0,164.0161654332645,0.0,0.0,0.0,89.06466729777463,0.0,0
2030-01-01 06:00:00,0.0,164.0161654332645,0.0,0.0,0.0,89.90535998191116,0.0,0
2030-01-01 07:00:00,0.0,164.0161654332645,0.0,0.0,0.0,95.7436677874744,0.0,0
2030-01-01 08:00:00,0.0,164.0161654332645,0.0,0.0,0.0,99.35465710211352,0.0,0
2030-01-01 09:00:00,0.0,164.0161654332645,0.0,0.0,28.69457405059884,97.04312159362215,0.0,0
2030-01-01 10:00:00,0.0,164.0161654332645,0.0,0.0,79.67980319254536,72.98808189164193,0.0,0
2030-01-01 11:00:00,0.0,164.0161654332645,0.0,0.0,141.99850162342537,69.73760051185222,0.0,0
2030-01-01 12:00:00,0.0,164.0161654332645,0.0,0.0,194.37231149314007,66.4132445552491,0.0,0
2030-01-01 13:00:00,0.0,164.0161654332645,0.0,0.0,217.41612519822823,62.86726486820574,0.0,0
2030-01-01 14:00:00,0.0,164.0161654332645,0.0,0.0,219.54425680358912,59.02578687390881,0.0,0
2030-01-01 15:00:00,0.0,164.0161654332645,0.0,0.0,208.6882415612296,62.86726486820574,0.0,0
2030-01-01 16:00:00,0.0,164.0161654332645,0.0,0.0,178.66661741587828,71.06734289449344,0.0,0
2030-01-01 17:00:00,0.0,164.0161654332645,0.0,0.0,131.88736202497725,89.08165845044172,0.0,0
2030-01-01 18:00:00,0.0,164.0161654332645,0.0,0.0,68.94566593481314,109.31812127693713,0.0,0
2030-01-01 19:00:00,0.0,164.0161654332645,0.0,77.55776409525714,11.53699369044695,139.10730563117372,0.0,0
2030-01-01 20:00:00,0.0,164.0161654332645,0.0,80.25042486966377,0.0,172.67074211480696,0.0,0
2030-01-01 21:00:00,0.0,164.0161654332645,0.0,42.29326214357075,0.0,196.43323849260608,0.0,0
2030-01-01 22:00:00,0.0,164.0161654332645,0.0,42.29326214357076,0.0,182.2722208632449,0.0,0
2030-01-01 23:00:00,0.0,164.0161654332645,0.0,27.236036685581094,0.0,175.74392451024457,0.0,0
2030-01-02 00:00:00,0.0,164.0161654332645,0.0,0.0,0.0,171.7916346507275,0.0,0
2030-01-02 01:00:00,0.0,164.0161654332645,0.0,0.0,0.0,165.86689359029256,0.0,0
2030-01-02 02:00:00,0.0,164.0161654332645,0.0,0.0,0.0,160.88405338422857,0.0,0
2030-01-02 03:00:00,0.0,164.0161654332645,0.0,0.0,0.0,165.54110670654546,0.0,0
2030-01-02 04:00:00,0.0,164.0161654332645,0.0,0.0,0.0,160.5966812804244,0.0,0
2030-01-02 05:00:00,0.0,164.0161654332645,0.0,0.0,0.0,164.92942521053047,0.0,0
2030-01-02 06:00:00,0.0,164.0161654332645,0.0,0.0,0.0,167.94867916489423,0.0,0
2030-01-02 07:00:00,0.0,164.0161654332645,0.0,0.0,0.0,174.95642152141363,0.0,0
2030-01-02 08:00:00,0.0,164.0161654332645,0.0,0.0,0.0,177.1674876054388,0.0,0
2030-01-02 09:00:00,0.0,164.0161654332645,0.0,0.0,45.85215441075076,156.62518403093588,0.0,0
2030-01-02 10:00:00,0.0,164.0161654332645,0.0,0.0,114.28900934178004,126.0876502135796,0.0,0
2030-01-02 11:00:00,0.0,164.0161654332645,0.0,0.0,169.83342173391043,118.06191618857152,0.0,0
2030-01-02 12:00:00,0.0,164.0161654332645,0.0,0.0,205.34961307942487,116.29409756542678,0.0,0
2030-01-02 13:00:00,0.0,164.0161654332645,0.0,0.0,226.31025987250973,100.23671954926556,0.0,0
2030-01-02 14:00:00,0.0,164.0161654332645,0.0,0.0,228.06210799135144,97.4479542745596,0.0,0
2030-01-02 15:00:00,0.0,164.0161654332645,0.0,0.0,214.5981405342488,110.84880250851081,0.0,0
2030-01-02 16:00:00,0.0,164.0161654332645,0.0,0.0,184.3511012814072,131.55289140623515,0.0,0
2030-01-02 17:00:00,0.0,164.0161654332645,0.0,0.0,136.05487913038792,150.76840758116927,0.0,0
2030-01-02 18:00:00,0.0,164.0161654332645,0.0,0.0,72.82327909620746,158.1920638051481,0.0,0
2030-01-02 19:00:00,0.0,164.0161654332645,0.0,29.086951684138967,13.7260642881215,188.34249484000225,0.0,0
2030-01-02 20:00:00,0.0,164.0161654332645,0.0,30.969767562300035,0.0,215.42934717440448,0.0,0
2030-01-02 21:00:00,0.0,164.0161654332645,0.0,19.485810023602824,0.0,234.07529036210732,0.0,0
2030-01-02 22:00:00,0.0,164.0161654332645,0.0,19.485810023602824,0.0,205.0935551324413,0.0,0
2030-01-02 23:00:00,0.0,164.0161654332645,0.0,8.55903566272559,0.0,194.922503396772,0.0,0
2030-01-03 00:00:00,0.0,164.0161654332645,0.0,0.0,0.0,182.13333665883573,0.0,0
2030-01-03 01:00:00,0.0,164.0161654332645,0.0,0.0,0.0,181.21581441481325,0.0,0
2030-01-03 02:00:00,0.0,164.0161654332645,0.0,0.0,0.0,199.9954705865484,0.0,0
2030-01-03 03:00:00,0.0,164.0161654332645,0.0,0.0,0.0,227.63194977244237,0.0,0
2030-01-03 04:00:00,0.0,164.0161654332645,0.0,0.0,0.0,244.36823514951877,0.0,0
2030-01-03 05:00:00,0.0,164.0161654332645,0.0,0.0,0.0,240.6338752916012,0.0,0
2030-01-03 06:00:00,0.0,164.0161654332645,0.0,0.0,0.0,226.31550481362757,0.0,0
2030-01-03 07:00:00,0.0,164.0161654332645,0.0,0.0,0.0,199.6977560419904,0.0,0
2030-01-03 08:00:00,0.0,164.0161654332645,0.0,0.0,0.0,185.3579619367408,0.0,0
2030-01-03 09:00:00,0.0,164.0161654332645,0.0,0.0,42.71645868975748,155.71948171920357,0.0,0
2030-01-03 10:00:00,0.0,164.0161654332645,0.0,0.0,110.18183958798096,85.46549791542566,0.0,0
2030-01-03 11:00:00,0.0,164.0161654332645,0.0,0.0,167.04679402714095,80.18198818173107,0.0,0
2030-01-03 12:00:00,0.0,164.0161654332645,0.0,0.0,207.24818809238096,78.25090674382874,0.0,0
2030-01-03 13:00:00,0.0,164.0161654332645,0.0,0.0,228.44253296278515,74.5763852931301,0.0,0
2030-01-03 14:00:00,0.0,164.0161654332645,0.0,0.0,229.84117158248853,80.99239228937411,0.0,0
2030-01-03 15:00:00,0.0,164.0161654332645,0.0,0.0,216.577178682687,89.22349763792347,0.0,0
2030-01-03 16:00:00,0.0,164.0161654332645,0.0,0.0,186.18341253573104,92.53233993339576,0.0,0
2030-01-03 17:00:00,0.0,164.0161654332645,0.0,0.0,138.62969946581487,93.13663397172942,0.0,0
2030-01-03 18:00:00,0.0,164.0161654332645,0.0,0.0,74.34616226334644,90.16613723806248,0.0,0
2030-01-03 19:00:00,0.0,164.0161654332645,0.0,99.9999999999999,13.489408007291814,98.25688089066637,0.0,0
2030-01-03 20:00:00,0.0,164.0161654332645,0.0,99.9999999999999,0.0,98.4452610615405,0.0,0
2030-01-03 21:00:00,0.0,164.0161654332645,0.0,99.9999999999999,0.0,97.15023973000159,0.0,0
2030-01-03 22:00:00,0.0,164.0161654332645,0.0,99.9999999999999,0.0,96.42848511453465,0.0,0
2030-01-03 23:00:00,0.0,164.0161654332645,0.0,89.96576305176926,0.0,113.95818344658696,0.0,0
2030-01-04 00:00:00,0.0,164.0161654332645,0.0,0.0,0.0,144.16993038019615,0.0,0
2030-01-04 01:00:00,0.0,164.0161654332645,0.0,0.0,0.0,165.82183009843644,0.0,0
2030-01-04 02:00:00,0.0,164.0161654332645,0.0,0.0,0.0,163.61962896362883,0.0,0
2030-01-04 03:00:00,0.0,164.0161654332645,0.0,0.0,0.0,153.78913902706935,0.0,0
2030-01-04 04:00:00,0.0,164.0161654332645,0.0,0.0,0.0,143.36765247600263,0.0,0
2030-01-04 05:00:00,0.0,164.0161654332645,0.0,0.0,0.0,137.42592026290066,0.0,0
2030-01-04 06:00:00,0.0,164.0161654332645,0.0,0.0,0.0,127.11820056012655,0.0,0
2030-01-04 07:00:00,0.0,164.0161654332645,0.0,0.0,0.0,120.19541396694258,0.0,0
2030-01-04 08:00:00,0.0,164.0161654332645,0.0,0.0,0.0,110.03322718049088,0.0,0
2030-01-04 09:00:00,0.0,164.0161654332645,0.0,0.0,50.17113153589244,91.54315934986428,0.0,0
2030-01-04 10:00:00,0.0,164.0161654332645,0.0,0.0,118.47250074614674,45.4328647402427,0.0,0
2030-01-04 11:00:00,0.0,164.0161654332645,0.0,0.0,173.23298920802878,39.153525711103455,0.0,0
2030-01-04 12:00:00,0.0,164.0161654332645,0.0,0.0,210.05256502021268,28.220088342719844,0.0,0
2030-01-04 13:00:00,0.0,164.0161654332645,0.0,0.0,230.02753840364196,21.497501852700204,0.0,0
2030-01-04 14:00:00,0.0,164.0161654332645,0.0,0.0,232.06159913737304,15.956908591694976,0.0,0
2030-01-04 15:00:00,0.0,164.0161654332645,0.0,0.0,218.45859611528297,19.576762855551717,0.0,0
2030-01-04 16:00:00,0.0,164.0161654332645,0.0,0.0,188.503235728564,36.346291792194165,0.0,0
2030-01-04 17:00:00,0.0,164.0161654332645,0.0,0.0,141.34769685114375,66.5609937088759,0.0,0
2030-01-04 18:00:00,0.0,164.0161654332645,0.0,0.0,77.08368379184378,101.82576169652184,0.0,0
2030-01-04 19:00:00,0.0,164.0161654332645,0.0,81.02149390858982,15.737642675173788,134.23675478186607,0.0,0
2030-01-04 20:00:00,0.0,164.0161654332645,0.0,99.9999999999999,0.0,145.30759886312262,0.0,0
2030-01-04 21:00:00,0.0,164.0161654332645,0.0,99.9999999999999,0.0,140.6860053376761,0.0,0
2030-01-04 22:00:00,0.0,164.0161654332645,0.0,99.9999999999999,0.0,123.08834239495545,0.0,0
2030-01-04 23:00:00,0.0,164.0161654332645,0.0,87.59620966504053,0.0,116.81343584042499,0.0,0
2030-01-05 00:00:00,0.0,164.0161654332645,0.0,22.543455785226456,0.0,115.03896850536704,0.0,0
2030-01-05 01:00:00,0.0,164.0161654332645,0.0,0.0,0.0,122.90734968176258,0.0,0
2030-01-05 02:00:00,0.0,164.0161654332645,0.0,0.0,0.0,134.61056014054188,0.0,0
2030-01-05 03:00:00,0.0,164.0161654332645,0.0,0.0,0.0,142.6444203689994,0.0,0
2030-01-05 04:00:00,0.0,164.0161654332645,0.0,0.0,0.0,143.76731393656314,0.0,0
2030-01-05 05:00:00,0.0,164.0161654332645,0.0,0.0,0.0,147.69891891457243,0.0,0
2030-01-05 06:00:00,0.0,164.0161654332645,0.0,0.0,0.0,140.5944008624275,0.0,0
2030-01-05 07:00:00,0.0,164.0161654332645,0.0,0.0,0.0,117.78267028821683,0.0,0
2030-01-05 08:00:00,0.0,164.0161654332645,0.0,0.0,0.0,96.92492227072071,0.0,0
2030-01-05 09:00:00,0.0,164.0161654332645,0.0,0.0,45.85215441075076,73.28358019889555,0.0,0
2030-01-05 10:00:00,0.0,164.0161654332645,0.0,0.0,110.72614903388924,27.481342574585828,0.0,0
2030-01-05 11:00:00,0.0,164.0161654332645,0.0,0.0,169.95293315572943,28.589461226786863,0.0,0
2030-01-05 12:00:00,0.0,164.0161654332645,0.0,0.0,211.641711945984,39.59677317198388,0.0,0
2030-01-05 13:00:00,0.0,164.0161654332645,0.0,0.0,230.00209785345277,60.94652587105728,0.0,0
2030-01-05 14:00:00,0.0,164.0161654332645,0.0,0.0,231.65987510066464,79.41886380324864,0.0,0
2030-01-05 15:00:00,0.0,164.0161654332645,0.0,0.0,216.4032363162772,88.39831861491777,0.0,0
2030-01-05 16:00:00,0.0,164.0161654332645,0.0,0.0,184.5392430246668,86.2241898192993,0.0,0
2030-01-05 17:00:00,0.0,164.0161654332645,0.0,0.0,132.10686072544675,110.73799064329076,0.0,0
2030-01-05 18:00:00,0.0,164.0161654332645,0.0,0.0,70.14669656002374,162.23226441107315,0.0,0
2030-01-05 19:00:00,0.0,164.0161654332645,0.0,0.0,13.66690021791408,213.60464512711343,0.0,0
2030-01-05 20:00:00,0.0,164.0161654332645,0.0,0.0,0.0,225.50879443482515,0.0,0
2030-01-05 21:00:00,0.0,164.0161654332645,0.0,24.175644307531343,0.0,165.94224565864224,0.0,0
2030-01-05 22:00:00,0.0,164.0161654332645,0.0,59.78752167933197,0.0,123.87362914648192,0.0,0
2030-01-05 23:00:00,0.0,164.0161654332645,0.0,99.9999999999999,0.0,87.9957021712847,0.0,0
2030-01-06 00:00:00,0.0,164.0161654332645,0.0,80.0451836434743,0.0,72.69258358438833,0.0,0
2030-01-06 01:00:00,0.0,164.0161654332645,0.0,20.273489632061935,0.0,56.218552954999495,0.0,0
2030-01-06 02:00:00,0.0,164.0161654332645,0.0,0.0,0.0,70.03309881910583,0.0,0
2030-01-06 03:00:00,0.0,164.0161654332645,0.0,0.0,0.0,88.09764908728721,0.0,0
2030-01-06 04:00:00,0.0,164.0161654332645,0.0,0.0,0.0,109.0743351734529,0.0,0
2030-01-06 05:00:00,0.0,164.0161654332645,0.0,0.0,0.0,135.0471588895091,0.0,0
2030-01-06 06:00:00,0.0,164.0161654332645,0.0,0.0,0.0,130.89097519798705,0.0,0
2030-01-06 07:00:00,0.0,164.0161654332645,0.0,0.0,0.0,97.74493007334945,0.0,0
2030-01-06 08:00:00,0.0,164.0161654332645,0.0,0.0,0.0,82.68190386109664,0.0,0
2030-01-06 09:00:00,0.0,164.0161654332645,0.0,0.0,47.68624058718078,83.40218098502734,0.0,0
2030-01-06 10:00:00,0.0,164.0161654332645,0.0,0.0,118.01575412414547,103.12890923151028,0.0,0
2030-01-06 11:00:00,0.0,124.48264752567212,0.0,0.0,174.56358914699368,94.13467950447848,0.0,0
2030-01-06 12:00:00,0.0,77.72716535293283,0.0,0.0,213.8165831668088,88.16561369795554,0.0,0
2030-01-06 13:00:00,0.0,55.93151933521602,0.0,0.0,235.34579667458695,70.99346831768007,0.0,0
2030-01-06 14:00:00,0.0,76.65076483176637,0.0,0.0,237.4189056946549,65.00962759579443,0.0,0
2030-01-06 15:00:00,0.0,90.73034826755668,0.0,0.0,223.90405713717396,62.276268253698525,0.0,0
2030-01-06 16:00:00,0.0,158.415807315547,0.0,0.0,193.03402022504824,52.820322421582965,0.0,0
2030-01-06 17:00:00,0.0,164.0161654332645,0.0,0.0,144.02842087224198,49.64371561860664,0.0,0
2030-01-06 18:00:00,0.0,164.0161654332645,0.0,0.0,78.89824582510539,54.002315650597424,0.0,0
2030-01-06 19:00:00,0.0,164.0161654332645,0.0,58.11154403921529,16.092627096418322,59.690658065229435,0.0,0
2030-01-06 20:00:00,0.0,164.0161654332645,0.0,94.95024757615624,0.0,54.37168853466444,0.0,0
2030-01-06 21:00:00,0.0,164.0161654332645,0.0,99.9999999999999,0.0,47.575227467831375,0.0,0
2030-01-06 22:00:00,0.0,164.0161654332645,0.0,99.9999999999999,0.0,46.98423085332416,0.0,0
2030-01-06 23:00:00,0.0,164.0161654332645,0.0,99.9999999999999,0.0,40.77876640099833,0.0,0
2030-01-07 00:00:00,0.0,164.0161654332645,0.0,83.38275519455593,0.0,41.73913589957255,0.0,0
2030-01-07 01:00:00,0.0,164.0161654332645,0.0,22.609628976452736,0.0,41.22201386187875,0.0,0
2030-01-07 02:00:00,0.0,164.0161654332645,0.0,16.43772945384154,0.0,43.21662743584061,0.0,0
2030-01-07 03:00:00,0.0,164.0161654332645,0.0,16.43772945384154,0.0,44.91574270254886,0.0,0
2030-01-07 04:00:00,0.0,164.0161654332645,0.0,16.43772945384154,0.0,44.767993548922085,0.0,0
2030-01-07 05:00:00,0.0,164.0161654332645,0.0,16.43772945384154,0.0,43.80762405034783,0.0,0
2030-01-07 06:00:00,0.0,164.0161654332645,0.0,16.43772945384154,0.0,40.04002063286428,0.0,0
2030-01-07 07:00:00,0.0,164.0161654332645,0.0,16.43772945384154,0.0,31.987691760203383,0.0,0
2030-01-07 08:00:00,0.0,164.0161654332645,0.0,16.43772945384154,0.0,22.82724423534143,0.0,0
2030-01-07 09:00:00,0.0,164.0161654332645,0.0,0.0,47.094599885106554,10.859562791570209,0.0,0
2030-01-07 10:00:00,0.0,164.0161654332645,0.0,0.0,114.90964043825588,11.52443398289082,0.0,0
2030-01-07 11:00:00,0.0,164.0161654332645,0.0,0.0,172.52538692834807,18.468644203350674,0.0,0
2030-01-07 12:00:00,0.0,164.0161654332645,0.0,0.0,210.65012212930765,17.951522165656872,0.0,0
2030-01-07 13:00:00,0.0,164.0161654332645,0.0,0.0,233.15909263972068,17.286650974336233,0.0,0
2030-01-07 14:00:00,0.0,164.0161654332645,0.0,0.0,235.41206043321924,17.286650974336233,0.0,0
2030-01-07 15:00:00,0.0,164.0161654332645,0.0,0.0,221.7469351374114,15.365911977187771,0.0,0
2030-01-07 16:00:00,0.0,164.0161654332645,0.0,0.0,191.18395974966216,14.036169594546516,0.0,0
2030-01-07 17:00:00,0.0,164.0161654332645,0.0,0.0,142.89187908355743,13.7406712872929,0.0,0
2030-01-07 18:00:00,0.0,164.0161654332645,0.0,0.0,78.33145403251827,15.439786554001175,0.0,0
2030-01-07 19:00:00,0.0,164.0161654332645,0.0,99.9999999999999,16.0334630262109,19.872261162805334,0.0,0
2030-01-07 20:00:00,0.0,164.0161654332645,0.0,99.9999999999999,0.0,16.030783168508385,0.0,0
2030-01-07 21:00:00,0.0,164.0161654332645,0.0,99.9999999999999,0.0,8.347827179914512,0.0,0
2030-01-07 22:00:00,0.0,164.0161654332645,0.0,99.9999999999999,0.0,5.060408511718069,0.0,0
2030-01-07 23:00:00,0.0,164.0161654332645,0.0,99.9999999999999,0.0,2.120200354544653,0.0,0
2030-01-08 00:00:00,0.0,164.0161654332645,0.0,99.9999999999999,0.0,1.2337054327838008,0.0,0
2030-01-08 01:00:00,0.0,164.0161654332645,0.0,99.9999999999999,0.0,0.5577530549411769,0.0,0
2030-01-08 02:00:00,0.0,164.0161654332645,0.0,99.9999999999999,0.0,0.3110119683844219,0.0,0
2030-01-08 03:00:00,0.0,164.0161654332645,0.0,95.76791514983296,0.0,0.1300192551915813,0.0,0
2030-01-08 04:00:00,0.0,164.0161654332645,0.0,62.80382066644856,0.0,0.0484617223895714,0.0,0
2030-01-08 05:00:00,0.0,164.0161654332645,0.0,62.63600270695966,0.0,0.0317660680297586,0.0,0
2030-01-08 06:00:00,0.0,164.0161654332645,0.0,62.63600270695965,0.0,0.0200200103164321,0.0,0
2030-01-08 07:00:00,0.0,164.0161654332645,0.0,62.63600270695965,0.0,0.0083478271799145,0.0,0
2030-01-08 08:00:00,0.0,164.0161654332645,0.0,62.63600270695965,0.0,0.0,0.0,0
2030-01-08 09:00:00,0.0,164.0161654332645,0.0,62.006565140716845,45.7338262703359,0.0,0.0,0
2030-01-08 10:00:00,0.0,164.0161654332645,0.0,0.0,111.2379182411834,0.0300669527630431,0.0,0
2030-01-08 11:00:00,0.0,164.0161654332645,0.0,0.0,167.5857787067305,3.228319006745693,0.0,0
2030-01-08 12:00:00,0.0,164.0161654332645,0.0,0.0,203.35637555413683,7.7568305654072764,0.0,0
2030-01-08 13:00:00,0.0,164.0161654332645,0.0,0.0,221.7132116173932,8.052328872660894,0.0,0
2030-01-08 14:00:00,0.0,164.0161654332645,0.0,0.0,219.19933027427993,9.60369498574236,0.0,0
2030-01-08 15:00:00,0.0,164.0161654332645,0.0,0.0,212.11561614834545,10.342440753876378,0.0,0
2030-01-08 16:00:00,0.0,164.0161654332645,0.0,0.0,179.19199435932015,12.410928904651646,0.0,0
2030-01-08 17:00:00,0.0,164.0161654332645,0.0,0.0,128.8658529594843,7.7568305654072764,0.0,0
2030-01-08 18:00:00,0.0,164.0161654332645,0.0,99.9999999999999,47.68624058718078,9.973067869809352,0.0,0
2030-01-08 19:00:00,0.0,164.0161654332645,0.0,99.9999999999999,4.147401321540158,10.120817023436164,0.0,0
2030-01-08 20:00:00,0.0,164.0161654332645,0.0,99.9999999999999,0.0,5.378069192015707,0.0,0
2030-01-08 21:00:00,0.0,164.0161654332645,0.0,99.9999999999999,0.0,1.9355139125111425,0.0,0
2030-01-08 22:00:00,0.0,164.0161654332645,0.0,99.9999999999999,0.0,1.2041556020584652,0.0,0
2030-01-08 23:00:00,0.0,164.0161654332645,0.0,99.9999999999999,0.0,0.3878415282703469,0.0,0
2030-01-09 00:00:00,0.0,164.0161654332645,0.0,99.9999999999999,0.0,0.8421701756727837,0.0,0
2030-01-09 01:00:00,0.0,164.0161654332645,0.0,99.9999999999999,0.0,0.319138171833886,0.0,0
2030-01-09 02:00:00,0.0,164.0161654332645,0.0,99.9999999999999,0.0,0.1484878993949323,0.0,0
2030-01-09 03:00:00,0.0,164.0161654332645,0.0,95.80115870939896,0.0,0.0967756956255493,0.0,0
2030-01-09 04:00:00,0.0,164.0161654332645,0.0,62.79377372400194,0.0,0.0585086648361934,0.0,0
2030-01-09 05:00:00,0.0,164.0161654332645,0.0,62.637701822226376,0.0,0.0300669527630431,0.0,0
2030-01-09 06:00:00,0.0,164.0161654332645,0.0,62.63770182222638,0.0,0.0,0.0,0
2030-01-09 07:00:00,0.0,164.0161654332645,0.0,62.63770182222638,0.0,0.0,0.0,0
2030-01-09 08:00:00,0.0,164.0161654332645,0.0,62.63770182222638,0.0,0.0,0.0,0
2030-01-09 09:00:00,0.0,164.0161654332645,0.0,62.63770182222638,5.6915835539538095,0.0,0.0,0
2030-01-09 10:00:00,0.0,164.0161654332645,0.0,62.63770182222638,15.08683790289218,9.677569562555764,0.0,0
2030-01-09 11:00:00,0.0,164.0161654332645,0.0,62.61253244391042,21.23990120446388,14.183918748173326,0.0,0
2030-01-09 12:00:00,0.0,164.0161654332645,0.0,57.845340789393816,28.16209741873207,5.156445461575495,0.0,0
2030-01-09 13:00:00,0.0,164.0161654332645,0.0,61.15278836777293,41.11902879415712,1.4110044171359712,0.0,0
2030-01-09 14:00:00,0.0,164.0161654332645,0.0,9.120259433827101,44.78720114701719,0.1987226116280421,0.0,0
2030-01-09 15:00:00,0.0,164.0161654332645,0.0,81.75434931261374,33.30937152677763,0.0,0.0,0
2030-01-09 16:00:00,0.0,164.0161654332645,0.0,99.9999999999999,26.91965194437624,0.0,0.0,0
2030-01-09 17:00:00,0.0,164.0161654332645,0.0,99.9999999999999,15.678478604966363,0.0217191255831404,0.0,0
2030-01-09 18:00:00,0.0,164.0161654332645,0.0,99.9999999999999,5.892741392659046,3.597691890812715,0.0,0
2030-01-09 19:00:00,0.0,164.0161654332645,0.0,99.9999999999999,0.4171066949622929,8.421701756727916,0.0,0
2030-01-09 20:00:00,0.0,164.0161654332645,0.0,99.9999999999999,0.0,4.558061389386944,0.0,0
2030-01-09 21:00:00,0.0,164.0161654332645,0.0,99.9999999999999,0.0,9.751444139369143,0.0,0
2030-01-09 22:00:00,0.0,164.0161654332645,0.0,99.9999999999999,0.0,23.71373915710228,0.0,0
2030-01-09 23:00:00,0.0,164.0161654332645,0.0,99.9999999999999,0.0,33.31743414284464,0.0,0
2030-01-10 00:00:00,0.0,164.0161654332645,0.0,99.9999999999999,0.0,35.23817313999313,0.0,0
2030-01-10 01:00:00,0.0,164.0161654332645,0.0,99.9999999999999,0.0,38.04540705890241,0.0,0
2030-01-10 02:00:00,0.0,164.0161654332645,0.0,83.57868633940805,0.0,35.385922293619906,0.0,0
2030-01-10 03:00:00,0.0,164.0161654332645,0.0,61.10300872591183,0.0,34.7949256791127,0.0,0
2030-01-10 04:00:00,0.0,164.0161654332645,0.0,21.187021066078955,0.0,41.66526132275915,0.0,0
2030-01-10 05:00:00,0.0,164.0161654332645,0.0,12.211432811435316,0.0,50.45633596355409,0.0,0
2030-01-10 06:00:00,0.0,164.0161654332645,0.0,12.211432811435316,0.0,61.31589875512429,0.0,0
2030-01-10 07:00:00,0.0,164.0161654332645,0.0,12.211432811435316,0.0,67.29973947700992,0.0,0
2030-01-10 08:00:00,0.0,164.0161654332645,0.0,12.211432811435316,0.0,78.99777871541225,0.0,0
2030-01-10 09:00:00,0.0,164.0161654332645,0.0,12.211432811435316,1.490934569226971,105.57859019864271,0.0,0
2030-01-10 10:00:00,0.0,164.0161654332645,0.0,0.0,4.662128732344698,217.61012468193607,0.0,0
2030-01-10 11:00:00,0.0,164.0161654332645,0.0,0.0,7.158852495097845,242.81760778220544,0.0,0
2030-01-10 12:00:00,0.0,164.0161654332645,0.0,0.0,12.483618813765668,270.3092927975451,0.0,0
2030-01-10 13:00:00,0.0,164.0161654332645,0.0,0.0,33.78268408843701,274.81194825432203,0.0,0
2030-01-10 14:00:00,0.0,164.0161654332645,0.0,0.0,37.03670794984512,275.594280022776,0.0,0
2030-01-10 15:00:00,0.0,164.0161654332645,0.0,0.0,39.403270758141936,267.971901187169,0.0,0
2030-01-10 16:00:00,0.0,164.0161654332645,0.0,0.0,45.02385742784688,261.6135163608394,0.0,0
2030-01-10 17:00:00,0.0,164.0161654332645,0.0,0.0,32.12609012262922,259.946167162161,0.0,0
2030-01-10 18:00:00,0.0,164.0161654332645,0.0,0.0,12.77943916480278,267.69413277835065,0.0,0
2030-01-10 19:00:00,0.0,164.0161654332645,0.0,4.943132324432213,3.076531650785851,262.56132718135547,0.0,0
2030-01-10 20:00:00,0.0,164.0161654332645,0.0,4.943132324432213,0.0,250.72735872161647,0.0,0
2030-01-10 21:00:00,0.0,164.0161654332645,0.0,4.943132324432213,0.0,242.13057421784083,0.0,0
2030-01-10 22:00:00,0.0,164.0161654332645,0.0,4.943132324432213,0.0,235.72121593351,0.0,0
2030-01-10 23:00:00,0.0,164.0161654332645,0.0,4.943132324432213,0.0,203.074562948131,0.0,0
2030-01-11 00:00:00,0.0,164.0161654332645,0.0,4.943132324432213,0.0,179.23745324775032,0.0,0
2030-01-11 01:00:00,0.0,164.0161654332645,0.0,4.943132324432213,0.0,147.9042902381137,0.0,0
2030-01-11 02:00:00,0.0,164.0161654332645,0.0,4.943132324432213,0.0,110.05982202814371,0.0,0
2030-01-11 03:00:00,0.0,164.0161654332645,0.0,4.943132324432213,0.0,85.90357415592915,0.0,0
2030-01-11 04:00:00,0.0,164.0161654332645,0.0,0.0,0.0,87.79845705119291,0.0,0
2030-01-11 05:00:00,0.0,164.0161654332645,0.0,0.0,0.0,111.10071481544456,0.0,0
2030-01-11 06:00:00,0.0,164.0161654332645,0.0,0.0,0.0,158.6766810290441,0.0,0
2030-01-11 07:00:00,0.0,164.0161654332645,0.0,0.0,0.0,199.13483176667225,0.0,0
2030-01-11 08:00:00,0.0,164.0161654332645,0.0,0.0,0.0,233.66233147772044,0.0,0
2030-01-11 09:00:00,0.0,164.0161654332645,0.0,0.0,3.5320949913829685,264.93196235129756,0.0,0
2030-01-11 10:00:00,0.0,164.0161654332645,0.0,0.0,17.749221062226074,274.30073618277333,0.0,0
2030-01-11 11:00:00,0.0,164.0161654332645,0.0,0.0,16.32928337724801,280.5970663645796,0.0,0
2030-01-11 12:00:00,0.0,164.0161654332645,0.0,0.0,18.222533623885447,279.0412677768893,0.0,0
2030-01-11 13:00:00,0.0,164.0161654332645,0.0,0.0,13.134423586047316,267.49688765825886,0.0,0
2030-01-11 14:00:00,0.0,164.0161654332645,0.0,0.0,35.320949913829914,265.31167767611845,0.0,0
2030-01-11 15:00:00,0.0,164.0161654332645,0.0,0.0,37.09587202005255,264.4539938393148,0.0,0
2030-01-11 16:00:00,0.0,164.0161654332645,0.0,0.0,73.19601273851417,235.9938131219515,0.0,0
2030-01-11 17:00:00,0.0,164.0161654332645,0.0,0.0,42.71645868975748,205.35433238859264,0.0,0
2030-01-11 18:00:00,0.0,164.0161654332645,0.0,0.0,21.35822934487872,181.94274025065715,0.0,0
2030-01-11 19:00:00,0.0,164.0161654332645,0.0,50.711925625015056,7.868821337586877,213.86025116288783,0.0,0
2030-01-11 20:00:00,0.0,164.0161654332645,0.0,57.29471535267634,0.0,207.8823204071473,0.0,0
2030-01-11 21:00:00,0.0,164.0161654332645,0.0,57.29471535267634,0.0,180.92031610755967,0.0,0
2030-01-11 22:00:00,0.0,164.0161654332645,0.0,57.29471535267634,0.0,219.45846659380751,0.0,0
2030-01-11 23:00:00,0.0,164.0161654332645,0.0,57.29471535267634,0.0,189.45356847527583,0.0,0
2030-01-12 00:00:00,0.0,164.0161654332645,0.0,57.29471535267634,0.0,141.69365456541092,0.0,0
2030-01-12 01:00:00,0.0,164.0161654332645,0.0,57.29471535267634,0.0,103.09714316348048,0.0,0
2030-01-12 02:00:00,0.0,164.0161654332645,0.0,57.29471535267634,0.0,72.54483443076153,0.0,0
2030-01-12 03:00:00,0.0,164.0161654332645,0.0,54.17068289008309,0.0,49.422091888166456,0.0,0
2030-01-12 04:00:00,0.0,164.0161654332645,0.0,44.96776577971167,0.0,36.19854263856736,0.0,0
2030-01-12 05:00:00,0.0,164.0161654332645,0.0,33.592850453796956,0.0,37.52828502120861,0.0,0
2030-01-12 06:00:00,0.0,164.0161654332645,0.0,33.592850453796956,0.0,44.32474608804166,0.0,0
2030-01-12 07:00:00,0.0,164.0161654332645,0.0,18.265529698611232,0.0,55.47980718686546,0.0,0
2030-01-12 08:00:00,0.0,164.0161654332645,0.0,0.2741150516386596,0.0,69.29435305097181,0.0,0
2030-01-12 09:00:00,0.0,164.0161654332645,0.0,0.0,45.08302149805426,70.69797001042645,0.0,0
2030-01-12 10:00:00,0.0,164.0161654332645,0.0,0.0,115.17647039489135,54.962685149171655,0.0,0
2030-01-12 11:00:00,0.0,164.0161654332645,0.0,0.0,173.6897358300301,64.56638013491401,0.0,0
2030-01-12 12:00:00,0.0,164.0161654332645,0.0,0.0,213.25038301492376,64.3447564044738,0.0,0
2030-01-12 13:00:00,0.0,140.48115215525746,0.0,0.0,234.55595633731787,53.928441073784015,0.0,0
2030-01-12 14:00:00,0.0,157.94626671752013,0.0,0.0,236.69177927180573,44.02924778078804,0.0,0
2030-01-12 15:00:00,0.0,164.0161654332645,0.0,0.0,223.62184452228456,42.69950539814679,0.0,0
2030-01-12 16:00:00,0.0,164.0161654332645,0.0,0.0,192.3968231889144,46.61485796925714,0.0,0
2030-01-12 17:00:00,0.0,164.0161654332645,0.0,0.0,144.7022996319045,55.84918007093248,0.0,0
2030-01-12 18:00:00,0.0,164.0161654332645,0.0,0.0,80.89089170969126,67.37361405382333,0.0,0
2030-01-12 19:00:00,0.0,164.0161654332645,0.0,99.9999999999999,17.749221062226074,86.91787209557715,0.0,0
2030-01-12 20:00:00,0.0,164.0161654332645,0.0,99.9999999999999,0.0,105.95461179462292,0.0,0
2030-01-12 21:00:00,0.0,164.0161654332645,0.0,99.9999999999999,0.0,119.0259794159864,0.0,0
2030-01-12 22:00:00,0.0,164.0161654332645,0.0,99.9999999999999,0.0,148.72651427804686,0.0,0
2030-01-12 23:00:00,0.0,164.0161654332645,0.0,99.9999999999999,0.0,162.8173510594353,0.0,0
2030-01-13 00:00:00,0.0,164.0161654332645,0.0,78.10391723742242,0.0,160.4851306694362,0.0,0
2030-01-13 01:00:00,0.0,164.0161654332645,0.0,32.77737112910745,0.0,139.36143417541177,0.0,0
2030-01-13 02:00:00,0.0,164.0161654332645,0.0,14.23246238198186,0.0,120.00038508415516,0.0,0
2030-01-13 03:00:00,0.0,164.0161654332645,0.0,0.0,0.0,112.09654411088923,0.0,0
2030-01-13 04:00:00,0.0,164.0161654332645,0.0,0.0,0.0,116.36944963377643,0.0,0
2030-01-13 05:00:00,0.0,164.0161654332645,0.0,0.0,0.0,139.54021065130024,0.0,0
2030-01-13 06:00:00,0.0,164.0161654332645,0.0,0.0,0.0,155.54587646369208,0.0,0
2030-01-13 07:00:00,0.0,164.0161654332645,0.0,0.0,0.0,158.5200669261997,0.0,0
2030-01-13 08:00:00,0.0,164.0161654332645,0.0,0.0,0.0,153.66576848379097,0.0,0
2030-01-13 09:00:00,0.0,164.0161654332645,0.0,0.0,47.272092095728816,140.8278445251578,0.0,0
2030-01-13 10:00:00,0.0,164.0161654332645,0.0,0.0,117.10876892786573,79.5222882107874,0.0,0
2030-01-13 11:00:00,0.0,142.0078773937455,0.0,0.0,174.62807798351977,85.42560564394641,0.0,0
2030-01-13 12:00:00,0.0,82.02528406070861,0.0,0.0,214.33367714042163,90.13732615310526,0.0,0
2030-01-13 13:00:00,0.0,54.28904989181319,0.0,0.0,235.9315209696404,79.18985261512712,0.0,0
2030-01-13 14:00:00,0.0,79.86784087004133,0.0,0.0,238.91398174879643,65.82224794074186,0.0,0
2030-01-13 15:00:00,0.0,103.57769384187594,0.0,0.0,226.03041382042863,55.92305464774588,0.0,0
2030-01-13 16:00:00,0.0,164.0161654332645,0.0,0.0,196.030088740352,48.60947154321903,0.0,0
2030-01-13 17:00:00,0.0,164.0161654332645,0.0,0.0,148.5296233336225,46.39323423881692,0.0,0
2030-01-13 18:00:00,0.0,164.0161654332645,0.0,0.0,83.92600851133196,56.809549569506736,0.0,0
2030-01-13 19:00:00,0.0,164.0161654332645,0.0,44.410995736984766,19.10999467699675,90.12255123774256,0.0,0
2030-01-13 20:00:00,0.0,164.0161654332645,0.0,44.410995736984766,0.0,126.81900852403228,0.0,0
2030-01-13 21:00:00,0.0,164.0161654332645,0.0,44.410995736984766,0.0,150.51649527423564,0.0,0
2030-01-13 22:00:00,0.0,164.0161654332645,0.0,44.410995736984766,0.0,177.40757998008235,0.0,0
2030-01-13 23:00:00,0.0,164.0161654332645,0.0,44.410995736984766,0.0,170.8260939317763,0.0,0
2030-01-14 00:00:00,0.0,164.0161654332645,0.0,44.410995736984766,0.0,161.32065213319575,0.0,0
2030-01-14 01:00:00,0.0,164.0161654332645,0.0,14.733650949856552,0.0,146.51397070248547,0.0,0
2030-01-14 02:00:00,0.0,164.0161654332645,0.0,0.0,0.0,136.3983248994262,0.0,0
2030-01-14 03:00:00,0.0,164.0161654332645,0.0,0.0,0.0,143.17557857628776,0.0,0
2030-01-14 04:00:00,0.0,164.0161654332645,0.0,0.0,0.0,146.79838782321704,0.0,0
2030-01-14 05:00:00,0.0,164.0161654332645,0.0,0.0,0.0,151.31286321228407,0.0,0
2030-01-14 06:00:00,0.0,164.0161654332645,0.0,0.0,0.0,152.81030088429176,0.0,0
2030-01-14 07:00:00,0.0,164.0161654332645,0.0,0.0,0.0,149.58198187754604,0.0,0
2030-01-14 08:00:00,0.0,164.0161654332645,0.0,0.0,0.0,138.53256142356543,0.0,0
2030-01-14 09:00:00,0.0,164.0161654332645,0.0,0.0,48.277881289255,126.8914056093094,0.0,0
2030-01-14 10:00:00,0.0,164.0161654332645,0.0,0.0,119.07183277734792,90.71428659801792,0.0,0
2030-01-14 11:00:00,0.0,164.0161654332645,0.0,0.0,177.05025501781157,83.79962620828343,0.0,0
2030-01-14 12:00:00,0.0,164.0161654332645,0.0,0.0,216.55587961741236,72.10158696988108,0.0,0
2030-01-14 13:00:00,0.0,164.0161654332645,0.0,0.0,237.28341997388,50.604085117180894,0.0,0
2030-01-14 14:00:00,0.0,164.0161654332645,0.0,0.0,239.7038220860656,35.903044331313744,0.0,0
2030-01-14 15:00:00,0.0,164.0161654332645,0.0,0.0,226.61436319337585,26.668722229638405,0.0,0
2030-01-14 16:00:00,0.0,164.0161654332645,0.0,0.0,196.34129174964303,21.349752699073395,0.0,0
2030-01-14 17:00:00,0.0,164.0161654332645,0.0,0.0,148.876324785038,20.53713235412597,0.0,0
2030-01-14 18:00:00,0.0,164.0161654332645,0.0,41.91337882014835,84.5140993691937,31.54444429932296,0.0,0
2030-01-14 19:00:00,0.0,164.0161654332645,0.0,99.9999999999999,19.40581502803386,52.52482411432936,0.0,0
2030-01-14 20:00:00,0.0,164.0161654332645,0.0,99.9999999999999,0.0,81.36693639381808,0.0,0
2030-01-14 21:00:00,0.0,164.0161654332645,0.0,99.9999999999999,0.0,107.6906643497379,0.0,0
2030-01-14 22:00:00,0.0,164.0161654332645,0.0,99.9999999999999,0.0,170.50400077686984,0.0,0
2030-01-14 23:00:00,0.0,164.0161654332645,0.0,99.9999999999999,0.0,170.1508802997018,0.0,0
2030-01-15 00:00:00,0.0,164.0161654332645,0.0,0.0,0.0,159.62966306993698,0.0,0
2030-01-15 01:00:00,0.0,164.0161654332645,0.0,0.0,0.0,140.51092259062835,0.0,0
2030-01-15 02:00:00,0.0,164.0161654332645,0.0,0.0,0.0,124.5318516258893,0.0,0
2030-01-15 03:00:00,0.0,164.0161654332645,0.0,0.0,0.0,120.06391722021472,0.0,0
2030-01-15 04:00:00,0.0,164.0161654332645,0.0,0.0,0.0,120.00334006722773,0.0,0
2030-01-15 05:00:00,0.0,164.0161654332645,0.0,0.0,0.0,126.09060519665212,0.0,0
2030-01-15 06:00:00,0.0,164.0161654332645,0.0,0.0,0.0,128.02242538032257,0.0,0
2030-01-15 07:00:00,0.0,164.0161654332645,0.0,0.0,0.0,125.64292526116289,0.0,0
2030-01-15 08:00:00,0.0,164.0161654332645,0.0,0.0,0.0,115.1963213539796,0.0,0
2030-01-15 09:00:00,0.0,164.0161654332645,0.0,0.0,47.39042023614366,99.67675025701996,0.0,0
2030-01-15 10:00:00,0.0,164.0161654332645,0.0,0.0,117.84536160194808,61.242024178310885,0.0,0
2030-01-15 11:00:00,0.0,164.0161654332645,0.0,0.0,174.8907664552407,55.7753054941191,0.0,0
2030-01-15 12:00:00,0.0,164.0161654332645,0.0,0.0,214.3100115123387,48.60947154321903,0.0,0
2030-01-15 13:00:00,0.0,164.0161654332645,0.0,0.0,235.71202226917083,38.48865451978285,0.0,0
2030-01-15 14:00:00,0.0,164.0161654332645,0.0,0.0,238.60455366161167,31.396695145696174,0.0,0
2030-01-15 15:00:00,0.0,164.0161654332645,0.0,0.0,224.84062436855737,24.895732386116723,0.0,0
2030-01-15 16:00:00,0.0,164.0161654332645,0.0,0.0,193.7528636780684,19.724512009178525,0.0,0
2030-01-15 17:00:00,0.0,164.0161654332645,0.0,0.0,147.1398593244502,21.4236272758868,0.0,0
2030-01-15 18:00:00,0.0,164.0161654332645,0.0,43.229331165894905,83.95914039064812,31.76606802976317,0.0,0
2030-01-15 19:00:00,0.0,164.0161654332645,0.0,99.9999999999999,19.524143168448703,50.30858680992728,0.0,0
2030-01-15 20:00:00,0.0,164.0161654332645,0.0,99.9999999999999,0.0,68.99885474371817,0.0,0
2030-01-15 21:00:00,0.0,164.0161654332645,0.0,99.9999999999999,0.0,87.96393610325494,0.0,0
2030-01-15 22:00:00,0.0,164.0161654332645,0.0,99.9999999999999,0.0,141.95738680463475,0.0,0
2030-01-15 23:00:00,0.0,164.0161654332645,0.0,99.9999999999999,0.0,155.1247913758557,0.0,0
2030-01-16 00:00:00,0.0,164.0161654332645,0.0,59.94987041828495,0.0,158.90421472562937,0.0,0
2030-01-16 01:00:00,0.0,164.0161654332645,0.0,8.784531279073235,0.0,152.46309037326878,0.0,0
2030-01-16 02:00:00,0.0,164.0161654332645,0.0,0.0,0.0,151.7708855885272,0.0,0
2030-01-16 03:00:00,0.0,164.0161654332645,0.0,0.0,0.0,148.4428359030834,0.0,0
2030-01-16 04:00:00,0.0,164.0161654332645,0.0,0.0,0.0,141.82589005790692,0.0,0
2030-01-16 05:00:00,0.0,164.0161654332645,0.0,0.0,0.0,132.51547714211375,0.0,0
2030-01-16 06:00:00,0.0,164.0161654332645,0.0,0.0,0.0,125.48926614139101,0.0,0
2030-01-16 07:00:00,0.0,164.0161654332645,0.0,0.0,0.0,122.11024299794596,0.0,0
2030-01-16 08:00:00,0.0,164.0161654332645,0.0,0.0,0.0,123.09646859840488,0.0,0
2030-01-16 09:00:00,0.0,164.0161654332645,0.0,0.0,45.26051370867654,116.16851078484397,0.0,0
2030-01-16 10:00:00,0.0,164.0161654332645,0.0,0.0,112.55846028821303,70.10697339591923,0.0,0
2030-01-16 11:00:00,0.0,164.0161654332645,0.0,0.0,169.8174474349544,60.20778010292326,0.0,0
2030-01-16 12:00:00,0.0,164.0161654332645,0.0,0.0,209.70172208388271,51.268956308501515,0.0,0
2030-01-16 13:00:00,0.0,164.0161654332645,0.0,0.0,226.88829283843623,39.52289859517048,0.0,0
2030-01-16 14:00:00,0.0,164.0161654332645,0.0,0.0,227.34918094535203,32.72643752833743,0.0,0
2030-01-16 15:00:00,0.0,164.0161654332645,0.0,0.0,214.3591176906108,29.697579878987906,0.0,0
2030-01-16 16:00:00,0.0,164.0161654332645,0.0,0.0,177.45197905451997,29.99307818624152,0.0,0
2030-01-16 17:00:00,0.0,164.0161654332645,0.0,0.0,131.75187630420228,40.63101724737152,0.0,0
2030-01-16 18:00:00,0.0,164.0161654332645,0.0,34.776409122170094,75.59215758191473,60.87265129424387,0.0,0
2030-01-16 19:00:00,0.0,164.0161654332645,0.0,99.9999999999999,17.098416289944463,93.28881559996499,0.0,0
2030-01-16 20:00:00,0.0,164.0161654332645,0.0,99.9999999999999,0.0,118.70388626107996,0.0,0
2030-01-16 21:00:00,0.0,164.0161654332645,0.0,99.9999999999999,0.0,133.7669124733328,0.0,0
2030-01-16 22:00:00,0.0,164.0161654332645,0.0,99.9999999999999,0.0,188.280440195479,0.0,0
2030-01-16 23:00:00,0.0,164.0161654332645,0.0,99.9999999999999,0.0,181.5534212308505,0.0,0
2030-01-17 00:00:00,0.0,164.0161654332645,0.0,47.77903388827684,0.0,171.07505125563748,0.0,0
2030-01-17 01:00:00,0.0,164.0161654332645,0.0,0.0,0.0,169.92556284042095,0.0,0
2030-01-17 02:00:00,0.0,164.0161654332645,0.0,0.0,0.0,173.8069331061971,0.0,0
2030-01-17 03:00:00,0.0,164.0161654332645,0.0,0.0,0.0,169.85685948398446,0.0,0
2030-01-17 04:00:00,0.0,164.0161654332645,0.0,0.0,0.0,168.1363205900003,0.0,0
2030-01-17 05:00:00,0.0,164.0161654332645,0.0,0.0,0.0,168.01368879249003,0.0,0
2030-01-17 06:00:00,0.0,164.0161654332645,0.0,0.0,0.0,165.47092585857277,0.0,0
2030-01-17 07:00:00,0.0,164.0161654332645,0.0,0.0,0.0,164.77576609075862,0.0,0
2030-01-17 08:00:00,0.0,164.0161654332645,0.0,0.0,0.0,157.3720560025194,0.0,0
2030-01-17 09:00:00,0.0,164.0161654332645,0.0,0.0,45.14218556826169,131.36081750652028,0.0,0
2030-01-17 10:00:00,0.0,164.0161654332645,0.0,0.0,115.20191094508058,77.3533306355459,0.0,0
2030-01-17 11:00:00,0.0,164.0161654332645,0.0,0.0,171.6361509531305,63.9015089435934,0.0,0
2030-01-17 12:00:00,0.0,164.0161654332645,0.0,0.0,210.27738848700088,60.35552925655004,0.0,0
2030-01-17 13:00:00,0.0,164.0161654332645,0.0,0.0,232.1692777451505,58.95191229709541,0.0,0
2030-01-17 14:00:00,0.0,164.0161654332645,0.0,0.0,236.69177927180573,54.59331226510463,0.0,0
2030-01-17 15:00:00,0.0,164.0161654332645,0.0,0.0,224.50398080907715,50.9734580012479,0.0,0
2030-01-17 16:00:00,0.0,164.0161654332645,0.0,0.0,194.65038262311492,53.2635698824634,0.0,0
2030-01-17 17:00:00,0.0,164.0161654332645,0.0,0.0,147.14577573147096,69.29435305097181,0.0,0
2030-01-17 18:00:00,0.0,164.0161654332645,0.0,0.0,83.12847684493593,87.64110420258035,0.0,0
2030-01-17 19:00:00,0.0,164.0161654332645,0.0,99.9999999999999,19.701635379070968,110.14034531687032,0.0,0
2030-01-17 20:00:00,0.0,164.0161654332645,0.0,99.9999999999999,0.0,125.57569939626268,0.0,0
2030-01-17 21:00:00,0.0,164.0161654332645,0.0,99.9999999999999,0.0,139.97459316296306,0.0,0
2030-01-17 22:00:00,0.0,164.0161654332645,0.0,99.9999999999999,0.0,149.63221658977915,0.0,0
2030-01-17 23:00:00,0.0,164.0161654332645,0.0,99.9999999999999,0.0,159.01281035354506,0.0,0
2030-01-18 00:00:00,0.0,164.0161654332645,0.0,50.3956713990076,0.0,168.45841374490675,0.0,0
2030-01-18 01:00:00,0.0,164.0161654332645,0.0,0.0,0.0,172.31983787494332,0.0,0
2030-01-18 02:00:00,0.0,164.0161654332645,0.0,0.0,0.0,175.91900725729232,0.0,0
2030-01-18 03:00:00,0.0,164.0161654332645,0.0,0.0,0.0,178.1596231720428,0.0,0
2030-01-18 04:00:00,0.0,164.0161654332645,0.0,0.0,0.0,180.65953885140837,0.0,0
2030-01-18 05:00:00,0.0,164.0161654332645,0.0,0.0,0.0,184.3754300651225,0.0,0
2030-01-18 06:00:00,0.0,164.0161654332645,0.0,0.0,0.0,185.2043028169689,0.0,0
2030-01-18 07:00:00,0.0,164.0161654332645,0.0,0.0,0.0,182.96516439375463,0.0,0
2030-01-18 08:00:00,0.0,164.0161654332645,0.0,0.0,0.0,171.79680587110443,0.0,0
2030-01-18 09:00:00,0.0,164.0161654332645,0.0,0.0,33.66435594802216,147.72551376222526,0.0,0
2030-01-18 10:00:00,0.0,164.0161654332645,0.0,0.0,102.10653564537016,93.35604146486521,0.0,0
2030-01-18 11:00:00,0.0,164.0161654332645,0.0,0.0,145.9175296339649,82.62649792848657,0.0,0
2030-01-18 12:00:00,0.0,164.0161654332645,0.0,0.0,199.32966893581985,75.37644696001925,0.0,0
2030-01-18 13:00:00,0.0,164.0161654332645,0.0,0.0,218.2704543720234,68.26010897558415,0.0,0
2030-01-18 14:00:00,0.0,164.0161654332645,0.0,0.0,214.51590247666047,62.35014283051193,0.0,0
2030-01-18 15:00:00,0.0,164.0161654332645,0.0,0.0,205.49811489564547,56.809549569506736,0.0,0
2030-01-18 16:00:00,0.0,164.0161654332645,0.0,0.0,175.1061236707957,62.20239367688512,0.0,0
2030-01-18 17:00:00,0.0,164.0161654332645,0.0,0.0,104.48729783051672,71.14121747130687,0.0,0
2030-01-18 18:00:00,0.0,164.0161654332645,0.0,11.427207009725576,72.15945822848019,79.13814041135771,0.0,0
2030-01-18 19:00:00,0.0,164.0161654332645,0.0,99.9999999999999,11.596157760654371,94.45160143900797,0.0,0
2030-01-18 20:00:00,0.0,164.0161654332645,0.0,99.9999999999999,0.0,119.87627579510864,0.0,0
2030-01-18 21:00:00,0.0,164.0161654332645,0.0,99.9999999999999,0.0,145.35266235497875,0.0,0
2030-01-18 22:00:00,0.0,164.0161654332645,0.0,99.9999999999999,0.0,145.2861752358467,0.0,0
2030-01-18 23:00:00,0.0,164.0161654332645,0.0,99.9999999999999,0.0,164.37979835903877,0.0,0
2030-01-19 00:00:00,0.0,164.0161654332645,0.0,50.95593976862,0.0,175.33909182930708,0.0,0
2030-01-19 01:00:00,0.0,164.0161654332645,0.0,0.0,0.0,186.29912404534352,0.0,0
2030-01-19 02:00:00,0.0,164.0161654332645,0.0,0.0,0.0,192.3826954459272,0.0,0
2030-01-19 03:00:00,0.0,164.0161654332645,0.0,0.0,0.0,204.93472479229249,0.0,0
2030-01-19 04:00:00,0.0,164.0161654332645,0.0,0.0,0.0,210.36155120500504,0.0,0
2030-01-19 05:00:00,0.0,164.0161654332645,0.0,0.0,0.0,211.32930816126063,0.0,0
2030-01-19 06:00:00,0.0,164.0161654332645,0.0,0.0,0.0,202.5500534527559,0.0,0
2030-01-19 07:00:00,0.0,164.0161654332645,0.0,0.0,0.0,191.43488462541129,0.0,0
2030-01-19 08:00:00,0.0,164.0161654332645,0.0,0.0,0.0,186.86721954103857,0.0,0
2030-01-19 09:00:00,0.0,164.0161654332645,0.0,0.0,19.701635379070968,177.1637938765981,0.0,0
2030-01-19 10:00:00,0.0,164.0161654332645,0.0,0.0,72.11035205020802,130.19581543017293,0.0,0
2030-01-19 11:00:00,0.0,164.0161654332645,0.0,0.0,110.62438683313248,134.7959853283435,0.0,0
2030-01-19 12:00:00,0.0,164.0161654332645,0.0,0.0,143.6598287148497,135.39806312937276,0.0,0
2030-01-19 13:00:00,0.0,153.96092141812557,0.0,0.0,192.34594208853596,126.83230594785869,0.0,0
2030-01-19 14:00:00,0.0,116.17353583316611,0.0,0.0,213.5207628157717,119.9117355919791,0.0,0
2030-01-19 15:00:00,0.0,163.68831257288656,0.0,0.0,189.96932138830385,116.59993831343424,0.0,0
2030-01-19 16:00:00,0.0,164.0161654332645,0.0,0.0,149.0958234855075,115.00941867464168,0.0,0
2030-01-19 17:00:00,0.0,164.0161654332645,0.0,0.0,101.08358887148384,123.25160520971303,0.0,0
2030-01-19 18:00:00,0.0,164.0161654332645,0.0,0.0,51.11775665921116,139.07184583430325,0.0,0
2030-01-19 19:00:00,0.0,164.0161654332645,0.0,56.99942151033622,5.0762772237966525,165.98583165896218,0.0,0
2030-01-19 20:00:00,0.0,164.0161654332645,0.0,56.99942151033622,0.0,181.63172828227275,0.0,0
2030-01-19 21:00:00,0.0,164.0161654332645,0.0,56.99942151033622,0.0,179.09856904334117,0.0,0
2030-01-19 22:00:00,0.0,164.0161654332645,0.0,56.99942151033622,0.0,180.20668769554217,0.0,0
2030-01-19 23:00:00,0.0,164.0161654332645,0.0,56.99942151033622,0.0,192.5718143625696,0.0,0
2030-01-20 00:00:00,0.0,164.0161654332645,0.0,37.68259411632869,0.0,201.0178947296459,0.0,0
2030-01-20 01:00:00,0.0,164.0161654332645,0.0,0.0,0.0,202.78275836971807,0.0,0
2030-01-20 02:00:00,0.0,164.0161654332645,0.0,0.0,0.0,196.54996032397128,0.0,0
2030-01-20 03:00:00,0.0,164.0161654332645,0.0,0.0,0.0,195.4507066209879,0.0,0
2030-01-20 04:00:00,0.0,164.0161654332645,0.0,0.0,0.0,190.24033271833852,0.0,0
2030-01-20 05:00:00,0.0,164.0161654332645,0.0,0.0,0.0,177.99931534035767,0.0,0
2030-01-20 06:00:00,0.0,164.0161654332645,0.0,0.0,0.0,157.3033526460829,0.0,0
2030-01-20 07:00:00,0.0,164.0161654332645,0.0,0.0,0.0,159.36666957648123,0.0,0
2030-01-20 08:00:00,0.0,164.0161654332645,0.0,0.0,0.0,182.0727595058488,0.0,0
2030-01-20 09:00:00,0.0,164.0161654332645,0.0,0.0,21.12157306404904,196.38300378037297,0.0,0
2030-01-20 10:00:00,0.0,164.0161654332645,0.0,0.0,72.3612077078875,156.3695779951615,0.0,0
2030-01-20 11:00:00,0.0,123.53650987462991,0.0,0.0,136.78378047534335,159.47083272978816,0.0,0
2030-01-20 12:00:00,0.0,75.61938585587164,0.0,0.0,181.36509065803872,145.9096766641518,0.0,0
2030-01-20 13:00:00,0.0,56.481918968863965,0.0,0.0,222.94974068472817,107.84727845258232,0.0,0
2030-01-20 14:00:00,0.0,82.3541407850883,0.0,0.0,223.1455737571148,88.46849946289049,0.0,0
2030-01-20 15:00:00,0.0,118.152007059298,0.0,0.0,212.8462924154071,79.6692986186461,0.0,0
2030-01-20 16:00:00,0.0,164.0161654332645,0.0,0.0,181.5567822455108,77.70127989233706,0.0,0
2030-01-20 17:00:00,0.0,164.0161654332645,0.0,0.0,136.7098253875841,83.06161918591755,0.0,0
2030-01-20 18:00:00,0.0,164.0161654332645,0.0,0.0,77.37950414288089,95.6402433799356,0.0,0
2030-01-20 19:00:00,0.0,164.0161654332645,0.0,44.633084124142954,12.956931375425047,116.01706790237652,0.0,0
2030-01-20 20:00:00,0.0,164.0161654332645,0.0,44.633084124142954,0.0,147.86439796663444,0.0,0
2030-01-20 21:00:00,0.0,164.0161654332645,0.0,44.633084124142954,0.0,174.95863775871803,0.0,0
2030-01-20 22:00:00,0.0,164.0161654332645,0.0,44.633084124142954,0.0,176.90153912891057,0.0,0
2030-01-20 23:00:00,0.0,164.0161654332645,0.0,44.633084124142954,0.0,176.5639323128733,0.0,0
2030-01-21 00:00:00,0.0,164.0161654332645,0.0,44.633084124142954,0.0,174.831573486599,0.0,0
2030-01-21 01:00:00,0.0,164.0161654332645,0.0,0.0,0.0,167.36211502499583,0.0,0
2030-01-21 02:00:00,0.0,164.0161654332645,0.0,0.0,0.0,163.3233919106071,0.0,0
2030-01-21 03:00:00,0.0,164.0161654332645,0.0,0.0,0.0,162.1221912916212,0.0,0
2030-01-21 04:00:00,0.0,164.0161654332645,0.0,0.0,0.0,156.39765033435063,0.0,0
2030-01-21 05:00:00,0.0,164.0161654332645,0.0,0.0,0.0,153.30821553201412,0.0,0
2030-01-21 06:00:00,0.0,164.0161654332645,0.0,0.0,0.0,149.42536777470167,0.0,0
2030-01-21 07:00:00,0.0,164.0161654332645,0.0,0.0,0.0,161.59915928778227,0.0,0
2030-01-21 08:00:00,0.0,164.0161654332645,0.0,0.0,0.0,169.59164975322435,0.0,0
2030-01-21 09:00:00,0.0,164.0161654332645,0.0,0.0,32.48107454387375,166.9897871578563,0.0,0
2030-01-21 10:00:00,0.0,164.0161654332645,0.0,0.0,92.45569251313572,110.11670545229003,0.0,0
2030-01-21 11:00:00,0.0,164.0161654332645,0.0,0.0,142.42744113242915,111.1295259004018,0.0,0
2030-01-21 12:00:00,0.0,164.0161654332645,0.0,0.0,181.7354577375372,112.59667499591596,0.0,0
2030-01-21 13:00:00,0.0,164.0161654332645,0.0,0.0,193.84515962759195,106.61800549440729,0.0,0
2030-01-21 14:00:00,0.0,158.76192015773591,0.0,0.0,217.97463402098631,102.54234509161184,0.0,0
2030-01-21 15:00:00,0.0,164.0161654332645,0.0,0.0,195.27338028239913,97.43096312189252,0.0,0
2030-01-21 16:00:00,0.0,164.0161654332645,0.0,0.0,180.53206054951823,89.78642191324158,0.0,0
2030-01-21 17:00:00,0.0,164.0161654332645,0.0,0.0,135.5064281995651,93.3405278037344,0.0,0
2030-01-21 18:00:00,0.0,164.0161654332645,0.0,0.0,72.55704078027408,104.06933259434489,0.0,0
2030-01-21 19:00:00,0.0,164.0161654332645,0.0,99.9999999999999,11.773649971276638,120.41260522277396,0.0,0
2030-01-21 20:00:00,0.0,164.0161654332645,0.0,99.9999999999999,0.0,141.87095354976307,0.0,0
2030-01-21 21:00:00,0.0,164.0161654332645,0.0,99.9999999999999,0.0,161.602853016623,0.0,0
2030-01-21 22:00:00,0.0,164.0161654332645,0.0,99.9999999999999,0.0,185.59879305715248,0.0,0
2030-01-21 23:00:00,0.0,164.0161654332645,0.0,98.801946345908,0.0,186.82363354071873,0.0,0
2030-01-22 00:00:00,0.0,164.0161654332645,0.0,0.0,0.0,179.67183575941314,0.0,0
2030-01-22 01:00:00,0.0,164.0161654332645,0.0,0.0,0.0,170.5837853198283,0.0,0
2030-01-22 02:00:00,0.0,164.0161654332645,0.0,0.0,0.0,165.9887866420347,0.0,0
2030-01-22 03:00:00,0.0,164.0161654332645,0.0,0.0,0.0,164.53050249573812,0.0,0
2030-01-22 04:00:00,0.0,164.0161654332645,0.0,0.0,0.0,167.85707468964563,0.0,0
2030-01-22 05:00:00,0.0,164.0161654332645,0.0,0.0,0.0,181.3125901104388,0.0,0
2030-01-22 06:00:00,0.0,164.0161654332645,0.0,0.0,0.0,186.44391821589775,0.0,0
2030-01-22 07:00:00,0.0,164.0161654332645,0.0,0.0,0.0,196.73390802023664,0.0,0
2030-01-22 08:00:00,0.0,164.0161654332645,0.0,0.0,0.0,199.7132697031212,0.0,0
2030-01-22 09:00:00,0.0,164.0161654332645,0.0,0.0,22.955659240479086,188.4643878917444,0.0,0
2030-01-22 10:00:00,0.0,164.0161654332645,0.0,0.0,70.68568123961336,109.33954490421301,0.0,0
2030-01-22 11:00:00,0.0,164.0161654332645,0.0,0.0,128.75758271100472,105.78248403064768,0.0,0
2030-01-22 12:00:00,0.0,164.0161654332645,0.0,0.0,180.2717386406056,93.83844245145674,0.0,0
2030-01-22 13:00:00,0.0,164.0161654332645,0.0,0.0,209.1349302912956,70.10697339591923,0.0,0
2030-01-22 14:00:00,0.0,164.0161654332645,0.0,0.0,214.98270699059705,56.07080380137269,0.0,0
2030-01-22 15:00:00,0.0,164.0161654332645,0.0,0.0,191.1975674858099,49.34821731135305,0.0,0
2030-01-22 16:00:00,0.0,164.0161654332645,0.0,0.0,162.7301834648075,48.313973235965406,0.0,0
2030-01-22 17:00:00,0.0,164.0161654332645,0.0,0.0,125.26986077227728,63.162763175459354,0.0,0
2030-01-22 18:00:00,0.0,164.0161654332645,0.0,0.0,66.22175214246349,86.44655229550764,0.0,0
2030-01-22 19:00:00,0.0,164.0161654332645,0.0,99.9999999999999,11.30033740961726,104.04938645860526,0.0,0
2030-01-22 20:00:00,0.0,164.0161654332645,0.0,99.9999999999999,0.0,125.37697678463466,0.0,0
2030-01-22 21:00:00,0.0,164.0161654332645,0.0,99.9999999999999,0.0,140.92166523771084,0.0,0
2030-01-22 22:00:00,0.0,164.0161654332645,0.0,99.9999999999999,0.0,141.93965690619956,0.0,0
2030-01-22 23:00:00,0.0,164.0161654332645,0.0,99.9999999999999,0.0,171.62984932750612,0.0,0
2030-01-23 00:00:00,0.0,164.0161654332645,0.0,22.32924217605961,0.0,196.5248429678547,0.0,0
2030-01-23 01:00:00,0.0,164.0161654332645,0.0,0.0,0.0,196.62531239232092,0.0,0
2030-01-23 02:00:00,0.0,164.0161654332645,0.0,0.0,0.0,186.0612479080044,0.0,0
2030-01-23 03:00:00,0.0,164.0161654332645,0.0,0.0,0.0,169.53919880368684,0.0,0
2030-01-23 04:00:00,0.0,164.0161654332645,0.0,0.0,0.0,163.25025607956186,0.0,0
2030-01-23 05:00:00,0.0,164.0161654332645,0.0,0.0,0.0,164.8577668710215,0.0,0
2030-01-23 06:00:00,0.0,164.0161654332645,0.0,0.0,0.0,164.02741662763884,0.0,0
2030-01-23 07:00:00,0.0,164.0161654332645,0.0,0.0,0.0,164.44628547817084,0.0,0
2030-01-23 08:00:00,0.0,164.0161654332645,0.0,0.0,0.0,164.56152981799977,0.0,0
2030-01-23 09:00:00,0.0,164.0161654332645,0.0,0.0,42.77562275996488,144.41741021252108,0.0,0
2030-01-23 10:00:00,0.0,164.0161654332645,0.0,0.0,112.4898299667724,104.42762429188988,0.0,0
2030-01-23 11:00:00,0.0,164.0161654332645,0.0,0.0,170.83861928673448,90.42322076537312,0.0,0
2030-01-23 12:00:00,0.0,164.0161654332645,0.0,0.0,210.8637044227564,81.52059551358995,0.0,0
2030-01-23 13:00:00,0.0,164.0161654332645,0.0,0.0,233.19399944114303,68.40785812921095,0.0,0
2030-01-23 14:00:00,0.0,164.0161654332645,0.0,0.0,237.92830833914084,60.57715298699025,0.0,0
2030-01-23 15:00:00,0.0,164.0161654332645,0.0,0.0,224.1726620159156,57.178922453573726,0.0,0
2030-01-23 16:00:00,0.0,164.0161654332645,0.0,0.0,195.33017778979817,54.962685149171655,0.0,0
2030-01-23 17:00:00,0.0,164.0161654332645,0.0,0.0,148.46099301218183,62.276268253698525,0.0,0
2030-01-23 18:00:00,0.0,164.0161654332645,0.0,0.0,86.09910481005049,85.4337318473959,0.0,0
2030-01-23 19:00:00,0.0,164.0161654332645,0.0,99.9999999999999,21.35822934487872,114.62822585828452,0.0,0
2030-01-23 20:00:00,0.0,164.0161654332645,0.0,99.9999999999999,0.0,147.37830325120223,0.0,0
2030-01-23 21:00:00,0.0,164.0161654332645,0.0,99.9999999999999,0.0,166.54506220543962,0.0,0
2030-01-23 22:00:00,0.0,164.0161654332645,0.0,99.9999999999999,0.0,188.63503816418327,0.0,0
2030-01-23 23:00:00,0.0,164.0161654332645,0.0,99.9999999999999,0.0,174.2664329739765,0.0,0
2030-01-24 00:00:00,0.0,164.0161654332645,0.0,49.461896748086126,0.0,169.39218839582816,0.0,0
2030-01-24 01:00:00,0.0,164.0161654332645,0.0,0.0,0.0,162.964361467294,0.0,0
2030-01-24 02:00:00,0.0,164.0161654332645,0.0,0.0,0.0,157.76802373423925,0.0,0
2030-01-24 03:00:00,0.0,164.0161654332645,0.0,0.0,0.0,149.10622960286776,0.0,0
2030-01-24 04:00:00,0.0,164.0161654332645,0.0,0.0,0.0,141.7704841252969,0.0,0
2030-01-24 05:00:00,0.0,164.0161654332645,0.0,0.0,0.0,143.94609041245155,0.0,0
2030-01-24 06:00:00,0.0,164.0161654332645,0.0,0.0,0.0,143.27309301768148,0.0,0
2030-01-24 07:00:00,0.0,164.0161654332645,0.0,0.0,0.0,140.6010495743407,0.0,0
2030-01-24 08:00:00,0.0,164.0161654332645,0.0,0.0,0.0,127.16991276389597,0.0,0
2030-01-24 09:00:00,0.0,164.0161654332645,0.0,0.0,43.48559160245394,104.15798208652096,0.0,0
2030-01-24 10:00:00,0.0,164.0161654332645,0.0,0.0,112.88800415926832,63.38438690589957,0.0,0
2030-01-24 11:00:00,0.0,164.0161654332645,0.0,0.0,169.68846976190224,49.34821731135305,0.0,0
2030-01-24 12:00:00,0.0,164.0161654332645,0.0,0.0,209.95612758577457,44.98961727936227,0.0,0
2030-01-24 13:00:00,0.0,164.0161654332645,0.0,0.0,230.64698621871364,39.44902401835707,0.0,0
2030-01-24 14:00:00,0.0,164.0161654332645,0.0,0.0,232.7514521959916,34.57330194867249,0.0,0
2030-01-24 15:00:00,0.0,164.0161654332645,0.0,0.0,219.511124924273,32.2093154906436,0.0,0
2030-01-24 16:00:00,0.0,164.0161654332645,0.0,0.0,187.62346600457968,30.953447684815757,0.0,0
2030-01-24 17:00:00,0.0,164.0161654332645,0.0,0.0,141.87307379458565,37.45441044439521,0.0,0
2030-01-24 18:00:00,0.0,164.0161654332645,0.0,47.48034771919254,81.97418583518913,49.422091888166456,0.0,0
2030-01-24 19:00:00,0.0,164.0161654332645,0.0,99.9999999999999,21.831541906538103,67.07811574656971,0.0,0
2030-01-24 20:00:00,0.0,164.0161654332645,0.0,99.9999999999999,0.0,81.67277714182556,0.0,0
2030-01-24 21:00:00,0.0,164.0161654332645,0.0,99.9999999999999,0.0,89.6933399464567,0.0,0
2030-01-24 22:00:00,0.0,164.0161654332645,0.0,99.9999999999999,0.0,91.04155097330128,0.0,0
2030-01-24 23:00:00,0.0,164.0161654332645,0.0,99.9999999999999,0.0,95.95938155176952,0.0,0
2030-01-25 00:00:00,0.0,164.0161654332645,0.0,99.9999999999999,0.0,106.05951369369797,0.0,0
2030-01-25 01:00:00,0.0,164.0161654332645,0.0,48.47069268900134,0.0,112.77692896334064,0.0,0
2030-01-25 02:00:00,0.0,164.0161654332645,0.0,0.0,0.0,125.55132078591429,0.0,0
2030-01-25 03:00:00,0.0,164.0161654332645,0.0,0.0,0.0,131.1037339792096,0.0,0
2030-01-25 04:00:00,0.0,164.0161654332645,0.0,0.0,0.0,133.16852840114427,0.0,0
2030-01-25 05:00:00,0.0,164.0161654332645,0.0,0.0,0.0,139.1235580380726,0.0,0
2030-01-25 06:00:00,0.0,164.0161654332645,0.0,0.0,0.0,141.37303890204075,0.0,0
2030-01-25 07:00:00,0.0,164.0161654332645,0.0,0.0,0.0,131.58465747426487,0.0,0
2030-01-25 08:00:00,0.0,164.0161654332645,0.0,0.0,0.0,119.63913840353764,0.0,0
2030-01-25 09:00:00,0.0,164.0161654332645,0.0,0.0,44.19556044494296,103.51675075978062,0.0,0
2030-01-25 10:00:00,0.0,164.0161654332645,0.0,0.0,113.81451349871656,71.06734289449344,0.0,0
2030-01-25 11:00:00,0.0,164.0161654332645,0.0,0.0,171.4811410891871,65.08350217260785,0.0,0
2030-01-25 12:00:00,0.0,164.0161654332645,0.0,0.0,211.8842846338344,61.46364790875111,0.0,0
2030-01-25 13:00:00,0.0,164.0161654332645,0.0,0.0,233.9092930499508,54.07619022741083,0.0,0
2030-01-25 14:00:00,0.0,164.0161654332645,0.0,0.0,237.0408472860296,51.268956308501515,0.0,0
2030-01-25 15:00:00,0.0,164.0161654332645,0.0,0.0,224.7566113888629,50.30858680992728,0.0,0
2030-01-25 16:00:00,0.0,164.0161654332645,0.0,0.0,196.41228863389196,51.93382749982215,0.0,0
2030-01-25 17:00:00,0.0,164.0161654332645,0.0,0.0,150.33826895986334,55.405932610052055,0.0,0
2030-01-25 18:00:00,0.0,164.0161654332645,0.0,31.4984782118089,87.849178006786,62.64564113776555,0.0,0
2030-01-25 19:00:00,0.0,164.0161654332645,0.0,99.9999999999999,22.54151074902713,69.81147508866562,0.0,0
2030-01-25 20:00:00,0.0,164.0161654332645,0.0,99.9999999999999,0.0,87.6699152875376,0.0,0
2030-01-25 21:00:00,0.0,164.0161654332645,0.0,99.9999999999999,0.0,111.4250242076554,0.0,0
2030-01-25 22:00:00,0.0,164.0161654332645,0.0,99.9999999999999,0.0,138.9469977994886,0.0,0
2030-01-25 23:00:00,0.0,164.0161654332645,0.0,99.9999999999999,0.0,162.49525790452887,0.0,0
2030-01-26 00:00:00,0.0,164.0161654332645,0.0,34.182717103136895,0.0,192.11231449479016,0.0,0
2030-01-26 01:00:00,0.0,164.0161654332645,0.0,0.0,0.0,213.2426597007278,0.0,0
2030-01-26 02:00:00,0.0,164.0161654332645,0.0,0.0,0.0,222.06623915532063,0.0,0
2030-01-26 03:00:00,0.0,164.0161654332645,0.0,0.0,0.0,222.89511190716695,0.0,0
2030-01-26 04:00:00,0.0,164.0161654332645,0.0,0.0,0.0,219.5870083574628,0.0,0
2030-01-26 05:00:00,0.0,164.0161654332645,0.0,0.0,0.0,213.82553011178547,0.0,0
2030-01-26 06:00:00,0.0,164.0161654332645,0.0,0.0,0.0,215.81053999076167,0.0,0
2030-01-26 07:00:00,0.0,164.0161654332645,0.0,0.0,0.0,221.9480398324192,0.0,0
2030-01-26 08:00:00,0.0,164.0161654332645,0.0,0.0,0.0,222.26052929233984,0.0,0
2030-01-26 09:00:00,0.0,164.0161654332645,0.0,0.0,44.90552928743204,209.76833835319343,0.0,0
2030-01-26 10:00:00,0.0,164.0161654332645,0.0,0.0,114.69605814480708,177.12537909665517,0.0,0
2030-01-26 11:00:00,0.0,164.0161654332645,0.0,0.0,172.63306553612557,160.81904375663277,0.0,0
2030-01-26 12:00:00,0.0,164.0161654332645,0.0,0.0,212.95456266388663,130.01039024237127,0.0,0
2030-01-26 13:00:00,0.0,164.0161654332645,0.0,0.0,235.32982237563087,96.2696547743858,0.0,0
2030-01-26 14:00:00,0.0,164.0161654332645,0.0,0.0,238.829968769102,71.8799632394409,0.0,0
2030-01-26 15:00:00,0.0,164.0161654332645,0.0,0.0,226.6025303793344,54.445563111477846,0.0,0
2030-01-26 16:00:00,0.0,164.0161654332645,0.0,0.0,197.62870191735647,43.95537320397464,0.0,0
2030-01-26 17:00:00,0.0,164.0161654332645,0.0,0.0,151.26655322141775,40.33551894011791,0.0,0
2030-01-26 18:00:00,0.0,164.0161654332645,0.0,20.781294384419084,88.47040074396392,44.69411897210868,0.0,0
2030-01-26 19:00:00,0.0,164.0161654332645,0.0,99.9999999999999,23.0739873808939,54.15006480422424,0.0,0
2030-01-26 20:00:00,0.0,164.0161654332645,0.0,99.9999999999999,0.0,71.4367157785605,0.0,0
2030-01-26 21:00:00,0.0,164.0161654332645,0.0,99.9999999999999,0.0,89.64975394613678,0.0,0
2030-01-26 22:00:00,0.0,164.0161654332645,0.0,99.9999999999999,0.0,104.43427300380309,0.0,0
2030-01-26 23:00:00,0.0,164.0161654332645,0.0,99.9999999999999,0.0,116.07025759768219,0.0,0
2030-01-27 00:00:00,0.0,164.0161654332645,0.0,99.9999999999999,0.0,135.10330356788722,0.0,0
2030-01-27 01:00:00,0.0,164.0161654332645,0.0,19.465172387332245,0.0,152.67363291718695,0.0,0
2030-01-27 02:00:00,0.0,164.0161654332645,0.0,0.0,0.0,169.10038381741523,0.0,0
2030-01-27 03:00:00,0.0,164.0161654332645,0.0,0.0,0.0,169.75712880528636,0.0,0
2030-01-27 04:00:00,0.0,164.0161654332645,0.0,0.0,0.0,158.3375967214706,0.0,0
2030-01-27 05:00:00,0.0,164.0161654332645,0.0,0.0,0.0,145.2425892355268,0.0,0
2030-01-27 06:00:00,0.0,164.0161654332645,0.0,0.0,0.0,142.08814480559448,0.0,0
2030-01-27 07:00:00,0.0,164.0161654332645,0.0,0.0,0.0,147.12417470696417,0.0,0
2030-01-27 08:00:00,0.0,164.0161654332645,0.0,0.0,0.0,157.75324881887653,0.0,0
2030-01-27 09:00:00,0.0,164.0161654332645,0.0,0.0,45.08302149805426,157.41047078246237,0.0,0
2030-01-27 10:00:00,0.0,164.0161654332645,0.0,0.0,114.87650855893976,87.89892647565914,0.0,0
2030-01-27 11:00:00,0.0,157.41738429013668,0.0,0.0,172.61176647085088,104.62265317467725,0.0,0
2030-01-27 12:00:00,0.0,114.07939696765852,0.0,0.0,207.16180854987812,100.78634640075728,0.0,0
2030-01-27 13:00:00,0.0,104.74900091085084,0.0,0.0,224.366720166196,76.96105663266673,0.0,0
2030-01-27 14:00:00,0.0,149.74187053989397,0.0,0.0,226.54750779404148,50.08696307948707,0.0,0
2030-01-27 15:00:00,0.0,164.0161654332645,0.0,0.0,215.69977552151096,36.49404094582096,0.0,0
2030-01-27 16:00:00,0.0,164.0161654332645,0.0,0.0,178.2004045426438,28.81108495722708,0.0,0
2030-01-27 17:00:00,0.0,164.0161654332645,0.0,0.0,125.66744332407114,20.020010316432135,0.0,0
2030-01-27 18:00:00,0.0,164.0161654332645,0.0,13.497064571779788,64.91481783158157,27.185844267332207,0.0,0
2030-01-27 19:00:00,0.0,164.0161654332645,0.0,99.9999999999999,20.94408085342677,61.09427502468408,0.0,0
2030-01-27 20:00:00,0.0,164.0161654332645,0.0,99.9999999999999,0.0,109.89951419645864,0.0,0
2030-01-27 21:00:00,0.0,164.0161654332645,0.0,99.9999999999999,0.0,138.36191115112646,0.0,0
2030-01-27 22:00:00,0.0,164.0161654332645,0.0,99.9999999999999,0.0,164.05696645836423,0.0,0
2030-01-27 23:00:00,0.0,164.0161654332645,0.0,85.79484946250238,0.0,162.54844759983456,0.0,0
2030-01-28 00:00:00,0.0,164.0161654332645,0.0,51.15731828595381,0.0,167.69676685796054,0.0,0
2030-01-28 01:00:00,0.0,164.0161654332645,0.0,0.0,0.0,165.69476582631737,0.0,0
2030-01-28 02:00:00,0.0,164.0161654332645,0.0,0.0,0.0,166.7689021731842,0.0,0
2030-01-28 03:00:00,0.0,164.0161654332645,0.0,0.0,0.0,183.21264422607953,0.0,0
2030-01-28 04:00:00,0.0,164.0161654332645,0.0,0.0,0.0,195.4802564517132,0.0,0
2030-01-28 05:00:00,0.0,164.0161654332645,0.0,0.0,0.0,171.006347899201,0.0,0
2030-01-28 06:00:00,0.0,164.0161654332645,0.0,0.0,0.0,146.97347057026482,0.0,0
2030-01-28 07:00:00,0.0,164.0161654332645,0.0,0.0,0.0,138.92852915528528,0.0,0
2030-01-28 08:00:00,0.0,164.0161654332645,0.0,0.0,0.0,147.3177260982153,0.0,0
2030-01-28 09:00:00,0.0,164.0161654332645,0.0,0.0,43.189771251416815,158.99138672626918,0.0,0
2030-01-28 10:00:00,0.0,164.0161654332645,0.0,0.0,114.4670931931044,136.7174630712601,0.0,0
2030-01-28 11:00:00,0.0,164.0161654332645,0.0,0.0,170.75638122914617,111.79070336288174,0.0,0
2030-01-28 12:00:00,0.0,164.0161654332645,0.0,0.0,212.17655514065908,76.68993693576155,0.0,0
2030-01-28 13:00:00,0.0,164.0161654332645,0.0,0.0,234.2092548859024,39.670647748797286,0.0,0
2030-01-28 14:00:00,0.0,164.0161654332645,0.0,0.0,235.9942348840603,18.838017087417697,0.0,0
2030-01-28 15:00:00,0.0,164.0161654332645,0.0,0.0,225.33050286987483,3.981839690242392,0.0,0
2030-01-28 16:00:00,0.0,164.0161654332645,0.0,0.0,196.4099220710836,1.9502888278738233,0.0,0
2030-01-28 17:00:00,0.0,164.0161654332645,0.0,5.8218429966669305,147.2126311308053,7.010697339591919,0.0,0
2030-01-28 18:00:00,0.0,164.0161654332645,0.0,94.75947586750544,83.39885664578385,16.547905206202213,0.0,0
2030-01-28 19:00:00,0.0,164.0161654332645,0.0,99.9999999999999,23.13315145110135,25.92997646150436,0.0,0
2030-01-28 20:00:00,0.0,164.0161654332645,0.0,99.9999999999999,0.0,37.45441044439521,0.0,0
2030-01-28 21:00:00,0.0,164.0161654332645,0.0,99.9999999999999,0.0,51.85995292300874,0.0,0
2030-01-28 22:00:00,0.0,164.0161654332645,0.0,99.9999999999999,0.0,78.29597023568493,0.0,0
2030-01-28 23:00:00,0.0,164.0161654332645,0.0,99.9999999999999,0.0,91.96572192923696,0.0,0
2030-01-29 00:00:00,0.0,164.0161654332645,0.0,32.3882025214275,0.0,103.21091001177312,0.0,0
2030-01-29 01:00:00,0.0,164.0161654332645,0.0,32.3882025214275,0.0,111.21152668066466,0.0,0
2030-01-29 02:00:00,0.0,164.0161654332645,0.0,0.3294257283844217,0.0,118.63518290464351,0.0,0
2030-01-29 03:00:00,0.0,164.0161654332645,0.0,0.0,0.0,121.2296580423302,0.0,0
2030-01-29 04:00:00,0.0,164.0161654332645,0.0,0.0,0.0,119.02080819560948,0.0,0
2030-01-29 05:00:00,0.0,164.0161654332645,0.0,0.0,0.0,120.91790732817766,0.0,0
2030-01-29 06:00:00,0.0,164.0161654332645,0.0,0.0,0.0,128.54841236723405,0.0,0
2030-01-29 07:00:00,0.0,164.0161654332645,0.0,0.0,0.0,135.86051798022464,0.0,0
2030-01-29 08:00:00,0.0,164.0161654332645,0.0,0.0,0.0,142.6547628097533,0.0,0
2030-01-29 09:00:00,0.0,164.0161654332645,0.0,0.0,45.67466220012849,134.9548156684923,0.0,0
2030-01-29 10:00:00,0.0,164.0161654332645,0.0,0.0,115.03920975201017,104.08484625547568,0.0,0
2030-01-29 11:00:00,0.0,164.0161654332645,0.0,0.0,174.04827009548703,86.45467849895714,0.0,0
2030-01-29 12:00:00,0.0,164.0161654332645,0.0,0.0,214.24788923862084,70.91959374086665,0.0,0
2030-01-29 13:00:00,0.0,164.0161654332645,0.0,0.0,237.00357392179885,48.1662240823386,0.0,0
2030-01-29 14:00:00,0.0,164.0161654332645,0.0,0.0,240.25818942390904,33.31743414284464,0.0,0
2030-01-29 15:00:00,0.0,164.0161654332645,0.0,0.0,227.61127777637088,21.64525100632701,0.0,0
2030-01-29 16:00:00,0.0,164.0161654332645,0.0,0.0,200.1408083383636,16.917278090269235,0.0,0
2030-01-29 17:00:00,0.0,164.0161654332645,0.0,0.0,154.2886539276128,22.014623890394002,0.0,0
2030-01-29 18:00:00,0.0,164.0161654332645,0.0,61.721372806948125,91.3073179104097,40.04002063286428,0.0,0
2030-01-29 19:00:00,0.0,164.0161654332645,0.0,99.9999999999999,24.493925065872,65.08350217260785,0.0,0
2030-01-29 20:00:00,0.0,164.0161654332645,0.0,99.9999999999999,0.0,91.99896548880302,0.0,0
2030-01-29 21:00:00,0.0,164.0161654332645,0.0,99.9999999999999,0.0,114.0933739221555,0.0,0
2030-01-29 22:00:00,0.0,164.0161654332645,0.0,99.9999999999999,0.0,140.33879482665313,0.0,0
2030-01-29 23:00:00,0.0,164.0161654332645,0.0,99.9999999999999,0.0,168.3712417442669,0.0,0
2030-01-30 00:00:00,0.0,164.0161654332645,0.0,25.916591626118475,0.0,192.93749351779587,0.0,0
2030-01-30 01:00:00,0.0,164.0161654332645,0.0,0.0,0.0,213.10525298785487,0.0,0
2030-01-30 02:00:00,0.0,164.0161654332645,0.0,0.0,0.0,225.71933697874337,0.0,0
2030-01-30 03:00:00,0.0,164.0161654332645,0.0,0.0,0.0,231.6293031238156,0.0,0
2030-01-30 04:00:00,0.0,164.0161654332645,0.0,0.0,0.0,229.31998385262864,0.0,0
2030-01-30 05:00:00,0.0,164.0161654332645,0.0,0.0,0.0,218.08439946507815,0.0,0
2030-01-30 06:00:00,0.0,164.0161654332645,0.0,0.0,0.0,198.63543962741363,0.0,0
2030-01-30 07:00:00,0.0,164.0161654332645,0.0,0.0,0.0,179.92079308327433,0.0,0
2030-01-30 08:00:00,0.0,164.0161654332645,0.0,0.0,0.0,176.79294350099485,0.0,0
2030-01-30 09:00:00,0.0,164.0161654332645,0.0,0.0,45.08302149805426,169.5044777525845,0.0,0
2030-01-30 10:00:00,0.0,164.0161654332645,0.0,0.0,112.58035099418976,70.47634627998626,0.0,0
2030-01-30 11:00:00,0.0,164.0161654332645,0.0,0.0,171.9473539624216,64.27088182766042,0.0,0
2030-01-30 12:00:00,0.0,164.0161654332645,0.0,0.0,214.21653228141096,57.03117329994695,0.0,0
2030-01-30 13:00:00,0.0,164.0161654332645,0.0,0.0,235.784794075526,46.02386135474991,0.0,0
2030-01-30 14:00:00,0.0,164.0161654332645,0.0,0.0,240.39722498889648,43.29050201265402,0.0,0
2030-01-30 15:00:00,0.0,164.0161654332645,0.0,0.0,224.55486190945555,36.71566467626117,0.0,0
2030-01-30 16:00:00,0.0,164.0161654332645,0.0,0.0,190.53374661808263,30.731823954375542,0.0,0
2030-01-30 17:00:00,0.0,164.0161654332645,0.0,0.0,143.40305665014952,31.10119683844256,0.0,0
2030-01-30 18:00:00,0.0,164.0161654332645,0.0,80.4764339411982,78.90002074721161,41.88688505319936,0.0,0
2030-01-30 19:00:00,0.0,164.0161654332645,0.0,99.9999999999999,24.31643285524973,57.62216991445416,0.0,0
2030-01-30 20:00:00,0.0,164.0161654332645,0.0,99.9999999999999,0.0,95.03151686699316,0.0,0
2030-01-30 21:00:00,0.0,164.0161654332645,0.0,99.9999999999999,0.0,133.5482437259651,0.0,0
2030-01-30 22:00:00,0.0,164.0161654332645,0.0,99.9999999999999,0.0,175.415921389193,0.0,0
2030-01-30 23:00:00,0.0,164.0161654332645,0.0,99.1800420550158,0.0,184.58818884634516,0.0,0
2030-01-31 00:00:00,0.0,164.0161654332645,0.0,20.805209656399143,0.0,198.0488754875152,0.0,0
2030-01-31 01:00:00,0.0,164.0161654332645,0.0,0.0,0.0,201.0178947296459,0.0,0
2030-01-31 02:00:00,0.0,164.0161654332645,0.0,0.0,0.0,203.3840974249792,0.0,0
2030-01-31 03:00:00,0.0,164.0161654332645,0.0,0.0,0.0,214.96689232355257,0.0,0
2030-01-31 04:00:00,0.0,164.0161654332645,0.0,0.0,0.0,221.50848610037943,0.0,0
2030-01-31 05:00:00,0.0,164.0161654332645,0.0,0.0,0.0,221.2174202677346,0.0,0
2030-01-31 06:00:00,0.0,164.0161654332645,0.0,0.0,0.0,212.2098931168764,0.0,0
2030-01-31 07:00:00,0.0,164.0161654332645,0.0,0.0,0.0,202.47691762171056,0.0,0
2030-01-31 08:00:00,0.0,164.0161654332645,0.0,0.0,0.0,190.53804726289653,0.0,0
2030-01-31 09:00:00,0.0,164.0161654332645,0.0,0.0,46.20713883199526,170.90661722050288,0.0,0
2030-01-31 10:00:00,0.0,164.0161654332645,0.0,0.0,117.4258883441775,117.2781069285813,0.0,0
2030-01-31 11:00:00,0.0,164.0161654332645,0.0,0.0,176.2018422510371,93.11003912407661,0.0,0
2030-01-31 12:00:00,0.0,164.0161654332645,0.0,0.0,216.89903122461533,70.40247170317282,0.0,0
2030-01-31 13:00:00,0.0,164.0161654332645,0.0,0.0,239.56833636529052,54.37168853466444,0.0,0
2030-01-31 14:00:00,0.0,164.0161654332645,0.0,0.0,243.3305795897804,46.17161050837672,0.0,0
2030-01-31 15:00:00,0.0,164.0161654332645,0.0,0.0,231.4894825784673,38.710278250223055,0.0,0
2030-01-31 16:00:00,0.0,164.0161654332645,0.0,0.0,202.70616242255727,34.35167821823227,0.0,0
2030-01-31 17:00:00,0.0,164.0161654332645,0.0,0.0,156.81614300687383,38.56252909659624,0.0,0
2030-01-31 18:00:00,0.0,164.0161654332645,0.0,16.96923003103427,93.74901908786995,58.21316652896137,0.0,0
2030-01-31 19:00:00,0.0,164.0161654332645,0.0,99.9999999999999,25.55887832960556,88.88441333034996,0.0,0
2030-01-31 20:00:00,0.0,164.0161654332645,0.0,99.9999999999999,0.0,128.16278707626807,0.0,0
2030-01-31 21:00:00,0.0,164.0161654332645,0.0,99.9999999999999,0.0,146.59966521158898,0.0,0
2030-01-31 22:00:00,0.0,164.0161654332645,0.0,99.9999999999999,0.0,148.5144942425924,0.0,0
2030-01-31 23:00:00,0.0,164.0161654332645,0.0,99.9999999999999,0.0,131.44134079524687,0.0,0
2030-02-01 00:00:00,0.0,164.0161654332645,0.0,55.381597567176925,0.0,125.40726536112813,0.0,0
2030-02-01 01:00:00,0.0,164.0161654332645,0.0,0.0,0.0,130.59030567035649,0.0,0
2030-02-01 02:00:00,0.0,164.0161654332645,0.0,0.0,0.0,136.95533920859927,0.0,0
2030-02-01 03:00:00,0.0,164.0161654332645,0.0,0.0,0.0,147.079111215108,0.0,0
2030-02-01 04:00:00,0.0,164.0161654332645,0.0,0.0,0.0,159.1561270325631,0.0,0
2030-02-01 05:00:00,0.0,164.0161654332645,0.0,0.0,0.0,172.3530814345093,0.0,0
2030-02-01 06:00:00,0.0,164.0161654332645,0.0,0.0,0.0,170.4618922680862,0.0,0
2030-02-01 07:00:00,0.0,164.0161654332645,0.0,0.0,0.0,157.28488400187956,0.0,0
2030-02-01 08:00:00,0.0,164.0161654332645,0.0,0.0,0.0,142.06154995794165,0.0,0
2030-02-01 09:00:00,0.0,164.0161654332645,0.0,0.0,40.290731811253245,127.44398744387364,0.0,0
2030-02-01 10:00:00,0.0,164.0161654332645,0.0,0.0,109.73278429510663,76.51633168025005,0.0,0
2030-02-01 11:00:00,0.0,164.0161654332645,0.0,0.0,168.81224988213037,66.26549540162227,0.0,0
2030-02-01 12:00:00,0.0,164.0161654332645,0.0,0.0,211.34529995424484,53.78069192015721,0.0,0
2030-02-01 13:00:00,0.0,164.0161654332645,0.0,0.0,227.2628014028492,37.45441044439521,0.0,0
2030-02-01 14:00:00,0.0,164.0161654332645,0.0,0.0,233.6974856786082,25.486729000623928,0.0,0
2030-02-01 15:00:00,0.0,164.0161654332645,0.0,0.0,223.5514392787377,16.252406898948596,0.0,0
2030-02-01 16:00:00,0.0,164.0161654332645,0.0,0.0,196.45547840514337,13.371298403225879,0.0,0
2030-02-01 17:00:00,0.0,164.0161654332645,0.0,0.0,149.27390733683183,18.838017087417697,0.0,0
2030-02-01 18:00:00,0.0,164.0161654332645,0.0,1.5614070260635344,89.85188178330718,34.27780364141887,0.0,0
2030-02-01 19:00:00,0.0,164.0161654332645,0.0,99.9999999999999,23.66562808296812,55.92305464774588,0.0,0
2030-02-01 20:00:00,0.0,164.0161654332645,0.0,99.9999999999999,0.0,75.12453465308553,0.0,0
2030-02-01 21:00:00,0.0,164.0161654332645,0.0,99.9999999999999,0.0,84.20741387229344,0.0,0
2030-02-01 22:00:00,0.0,164.0161654332645,0.0,99.9999999999999,0.0,91.35256294168573,0.0,0
2030-02-01 23:00:00,0.0,164.0161654332645,0.0,99.9999999999999,0.0,91.76182809723198,0.0,0
2030-02-02 00:00:00,0.0,164.0161654332645,0.0,99.9999999999999,0.0,92.64093556131145,0.0,0
2030-02-02 01:00:00,0.0,164.0161654332645,0.0,53.77151557933263,0.0,91.69977345270874,0.0,0
2030-02-02 02:00:00,0.0,164.0161654332645,0.0,0.2879842151838545,0.0,88.44633708984645,0.0,0
2030-02-02 03:00:00,0.0,164.0161654332645,0.0,0.0,0.0,90.02725303365328,0.0,0
2030-02-02 04:00:00,0.0,164.0161654332645,0.0,0.0,0.0,96.19947392641309,0.0,0
2030-02-02 05:00:00,0.0,164.0161654332645,0.0,0.0,0.0,95.16375235948918,0.0,0
2030-02-02 06:00:00,0.0,164.0161654332645,0.0,0.0,0.0,103.20943252023687,0.0,0
2030-02-02 07:00:00,0.0,164.0161654332645,0.0,0.0,0.0,94.52030479544445,0.0,0
2030-02-02 08:00:00,0.0,164.0161654332645,0.0,0.0,0.0,72.84033273801512,0.0,0
2030-02-02 09:00:00,0.0,164.0161654332645,0.0,0.0,36.97754387963769,67.66911236107694,0.0,0
2030-02-02 10:00:00,0.0,164.0161654332645,0.0,0.0,93.97857568027473,44.620244395295245,0.0,0
2030-02-02 11:00:00,0.0,164.0161654332645,0.0,0.0,128.6499041032272,45.80223762430972,0.0,0
2030-02-02 12:00:00,0.0,164.0161654332645,0.0,0.0,144.79045409651354,47.13198000695097,0.0,0
2030-02-02 13:00:00,0.0,164.0161654332645,0.0,0.0,141.40271943643663,37.01116298351478,0.0,0
2030-02-02 14:00:00,0.0,164.0161654332645,0.0,0.0,142.83330665405208,27.481342574585828,0.0,0
2030-02-02 15:00:00,0.0,164.0161654332645,0.0,0.0,187.1335875032622,31.47056972250956,0.0,0
2030-02-02 16:00:00,0.0,164.0161654332645,0.0,0.0,183.57723524309412,25.33897984699715,0.0,0
2030-02-02 17:00:00,0.0,164.0161654332645,0.0,0.0,141.8275174605259,24.009237464355877,0.0,0
2030-02-02 18:00:00,0.0,164.0161654332645,0.0,0.0,74.99460047281977,31.692193452949773,0.0,0
2030-02-02 19:00:00,0.0,164.0161654332645,0.0,72.32446250765045,17.21674443035931,47.20585458376434,0.0,0
2030-02-02 20:00:00,0.0,164.0161654332645,0.0,72.32446250765045,0.0,91.77512552105838,0.0,0
2030-02-02 21:00:00,0.0,164.0161654332645,0.0,72.32446250765045,0.0,139.8290602466406,0.0,0
2030-02-02 22:00:00,0.0,164.0161654332645,0.0,72.32446250765045,0.0,141.91232331277857,0.0,0
2030-02-02 23:00:00,0.0,164.0161654332645,0.0,72.32446250765045,0.0,134.0794019332535,0.0,0
2030-02-03 00:00:00,0.0,164.0161654332645,0.0,25.4958690960986,0.0,149.70091994621566,0.0,0
2030-02-03 01:00:00,0.0,164.0161654332645,0.0,0.0,0.0,165.0180747027066,0.0,0
2030-02-03 02:00:00,0.0,164.0161654332645,0.0,0.0,0.0,154.69705757610606,0.0,0
2030-02-03 03:00:00,0.0,164.0161654332645,0.0,0.0,0.0,164.31626622297927,0.0,0
2030-02-03 04:00:00,0.0,164.0161654332645,0.0,0.0,0.0,134.56697414022196,0.0,0
2030-02-03 05:00:00,0.0,164.0161654332645,0.0,0.0,0.0,116.2771064127597,0.0,0
2030-02-03 06:00:00,0.0,164.0161654332645,0.0,0.0,0.0,127.67669236083589,0.0,0
2030-02-03 07:00:00,0.0,164.0161654332645,0.0,0.0,0.0,137.5529845350197,0.0,0
2030-02-03 08:00:00,0.0,164.0161654332645,0.0,0.0,0.0,147.91980389924447,0.0,0
2030-02-03 09:00:00,0.0,164.0161654332645,0.0,0.0,34.49265293092604,131.06014797888974,0.0,0
2030-02-03 10:00:00,0.0,164.0161654332645,0.0,0.0,106.55863192847852,52.89419699839638,0.0,0
2030-02-03 11:00:00,0.0,164.0161654332645,0.0,0.0,165.23045707177315,37.01116298351478,0.0,0
2030-02-03 12:00:00,0.0,164.0161654332645,0.0,0.0,203.70544356836064,25.92997646150436,0.0,0
2030-02-03 13:00:00,0.0,164.0161654332645,0.0,0.0,213.42669194414188,30.43632564712192,0.0,0
2030-02-03 14:00:00,0.0,164.0161654332645,0.0,0.0,202.67480546534736,38.48865451978285,0.0,0
2030-02-03 15:00:00,0.0,164.0161654332645,0.0,0.0,172.1550198488496,43.733749473534445,0.0,0
2030-02-03 16:00:00,0.0,164.0161654332645,0.0,0.0,124.25283040541171,58.95191229709541,0.0,0
2030-02-03 17:00:00,0.0,164.0161654332645,0.0,0.0,63.61734977193282,77.61706287476974,0.0,0
2030-02-03 18:00:00,0.0,164.0161654332645,0.0,0.0,23.13315145110135,96.24305992673298,0.0,0
2030-02-03 19:00:00,0.0,164.0161654332645,0.0,0.0,4.005407553042345,128.8025409114721,0.0,0
2030-02-03 20:00:00,0.0,164.0161654332645,0.0,0.0,0.0,155.20457591881413,0.0,0
2030-02-03 21:00:00,0.0,164.0161654332645,0.0,0.0,0.0,160.58042887352548,0.0,0
2030-02-03 22:00:00,0.0,164.0161654332645,0.0,0.0,0.0,162.21896698724674,0.0,0
2030-02-03 23:00:00,0.0,164.0161654332645,0.0,0.0,0.0,163.97348818656508,0.0,0
2030-02-04 00:00:00,0.0,164.0161654332645,0.0,0.0,0.0,169.3190525647829,0.0,0
2030-02-04 01:00:00,0.0,164.0161654332645,0.0,0.0,0.0,188.99037487865576,0.0,0
2030-02-04 02:00:00,0.0,164.0161654332645,0.0,0.0,0.0,190.48264133028647,0.0,0
2030-02-04 03:00:00,0.0,164.0161654332645,0.0,0.0,0.0,192.46986744656704,0.0,0
2030-02-04 04:00:00,0.0,164.0161654332645,0.0,0.0,0.0,206.8547250436728,0.0,0
2030-02-04 05:00:00,0.0,164.0161654332645,0.0,0.0,0.0,210.27142422129276,0.0,0
2030-02-04 06:00:00,0.0,164.0161654332645,0.0,0.0,0.0,203.92338183571704,0.0,0
2030-02-04 07:00:00,0.0,164.0161654332645,0.0,0.0,0.0,194.21921742550845,0.0,0
2030-02-04 08:00:00,0.0,164.0161654332645,0.0,0.0,0.0,185.61356797251517,0.0,0
2030-02-04 09:00:00,0.0,164.0161654332645,0.0,0.0,22.06819818736776,169.5059552441208,0.0,0
2030-02-04 10:00:00,0.0,164.0161654332645,0.0,0.0,75.71758541075444,204.85937272394287,0.0,0
2030-02-04 11:00:00,0.0,164.0161654332645,0.0,0.0,134.0580917608875,194.65359993717124,0.0,0
2030-02-04 12:00:00,0.0,148.6140980692556,0.0,0.0,182.8211184258433,161.91164874770297,0.0,0
2030-02-04 13:00:00,0.0,155.39695090964796,0.0,0.0,215.6642770793865,127.1285430008804,0.0,0
2030-02-04 14:00:00,0.0,164.0161654332645,0.0,0.0,218.44853822334767,88.61403237921292,0.0,0
2030-02-04 15:00:00,0.0,164.0161654332645,0.0,0.0,199.29239557158917,58.58253941302839,0.0,0
2030-02-04 16:00:00,0.0,164.0161654332645,0.0,0.0,169.22166524796572,42.99500370540041,0.0,0
2030-02-04 17:00:00,0.0,164.0161654332645,0.0,0.0,143.93849148552667,39.153525711103455,0.0,0
2030-02-04 18:00:00,0.0,164.0161654332645,0.0,11.301744279319225,74.79107607130625,41.73913589957255,0.0,0
2030-02-04 19:00:00,0.0,164.0161654332645,0.0,99.9999999999999,13.311915796669547,56.366302108626314,0.0,0
2030-02-04 20:00:00,0.0,164.0161654332645,0.0,99.9999999999999,0.0,79.30657444649226,0.0,0
2030-02-04 21:00:00,0.0,164.0161654332645,0.0,99.9999999999999,0.0,91.00978490527152,0.0,0
2030-02-04 22:00:00,0.0,164.0161654332645,0.0,99.9999999999999,0.0,118.08555605315176,0.0,0
2030-02-04 23:00:00,0.0,164.0161654332645,0.0,99.9999999999999,0.0,126.85077459206204,0.0,0
2030-02-05 00:00:00,0.0,164.0161654332645,0.0,0.0,0.0,141.40111124122984,0.0,0
2030-02-05 01:00:00,0.0,164.0161654332645,0.0,0.0,0.0,144.68779116365815,0.0,0
2030-02-05 02:00:00,0.0,164.0161654332645,0.0,0.0,0.0,134.7029033615586,0.0,0
2030-02-05 03:00:00,0.0,164.0161654332645,0.0,0.0,0.0,127.45950110500446,0.0,0
2030-02-05 04:00:00,0.0,164.0161654332645,0.0,0.0,0.0,159.0091166247044,0.0,0
2030-02-05 05:00:00,0.0,164.0161654332645,0.0,0.0,0.0,208.17929620593716,0.0,0
2030-02-05 06:00:00,0.0,164.0161654332645,0.0,0.0,0.0,220.92487694355347,0.0,0
2030-02-05 07:00:00,0.0,164.0161654332645,0.0,0.0,0.0,234.11075015897785,0.0,0
2030-02-05 08:00:00,0.0,164.0161654332645,0.0,0.0,0.0,248.34638111092053,0.0,0
2030-02-05 09:00:00,0.0,164.0161654332645,0.0,0.0,15.915134885796055,239.99338271062905,0.0,0
2030-02-05 10:00:00,0.0,164.0161654332645,0.0,0.0,41.71066949623133,190.42132543153136,0.0,0
2030-02-05 11:00:00,0.0,164.0161654332645,0.0,0.0,68.74746629961828,120.10233200015767,0.0,0
2030-02-05 12:00:00,0.0,164.0161654332645,0.0,0.0,127.4938381713742,81.75330043055217,0.0,0
2030-02-05 13:00:00,0.0,164.0161654332645,0.0,0.0,150.6222564968589,69.95922424229242,0.0,0
2030-02-05 14:00:00,0.0,164.0161654332645,0.0,0.0,171.69058189772136,64.12313267403358,0.0,0
2030-02-05 15:00:00,0.0,164.0161654332645,0.0,0.0,190.41186863345533,67.74298693789035,0.0,0
2030-02-05 16:00:00,0.0,164.0161654332645,0.0,0.0,179.99721735484317,85.13675604860603,0.0,0
2030-02-05 17:00:00,0.0,164.0161654332645,0.0,0.0,137.02871972600207,100.38225246558795,0.0,0
2030-02-05 18:00:00,0.0,164.0161654332645,0.0,0.0,73.94798807085051,123.55079724580736,0.0,0
2030-02-05 19:00:00,0.0,164.0161654332645,0.0,49.86794180180419,16.861760009114775,153.33481037966692,0.0,0
2030-02-05 20:00:00,0.0,164.0161654332645,0.0,49.86794180180419,0.0,175.94560210494512,0.0,0
2030-02-05 21:00:00,0.0,164.0161654332645,0.0,49.86794180180419,0.0,187.10952815298657,0.0,0
2030-02-05 22:00:00,0.0,164.0161654332645,0.0,49.86794180180419,0.0,199.7797568222533,0.0,0
2030-02-05 23:00:00,0.0,164.0161654332645,0.0,37.04150025525183,0.0,196.0269283201324,0.0,0
2030-02-06 00:00:00,0.0,164.0161654332645,0.0,0.0,0.0,188.6431643676328,0.0,0
2030-02-06 01:00:00,0.0,164.0161654332645,0.0,0.0,0.0,193.33641623258825,0.0,0
2030-02-06 02:00:00,0.0,164.0161654332645,0.0,0.0,0.0,193.54400379343392,0.0,0
2030-02-06 03:00:00,0.0,164.0161654332645,0.0,0.0,0.0,193.560994946101,0.0,0
2030-02-06 04:00:00,0.0,164.0161654332645,0.0,0.0,0.0,193.65407691288587,0.0,0
2030-02-06 05:00:00,0.0,164.0161654332645,0.0,0.0,0.0,191.14751252160715,0.0,0
2030-02-06 06:00:00,0.0,164.0161654332645,0.0,0.0,0.0,200.27471648690303,0.0,0
2030-02-06 07:00:00,0.0,164.0161654332645,0.0,0.0,0.0,215.31779656341624,0.0,0
2030-02-06 08:00:00,0.0,164.0161654332645,0.0,0.0,0.0,232.8622698108313,0.0,0
2030-02-06 09:00:00,0.0,164.0161654332645,0.0,0.0,43.54475567266136,211.755564469474,0.0,0
2030-02-06 10:00:00,0.0,164.0161654332645,0.0,0.0,113.63820456949844,148.43249346232952,0.0,0
2030-02-06 11:00:00,0.0,164.0161654332645,0.0,0.0,175.59245232790073,145.32459001578968,0.0,0
2030-02-06 12:00:00,0.0,112.56392935847605,0.0,0.0,217.46345645439416,134.45025230885676,0.0,0
2030-02-06 13:00:00,0.0,96.27993655980087,0.0,0.0,240.37770084572807,131.11038269112282,0.0,0
2030-02-06 14:00:00,0.0,109.259975109828,0.0,0.0,245.01024754296904,114.2906190422473,0.0,0
2030-02-06 15:00:00,0.0,134.5248698114441,0.0,0.0,231.7066147161285,102.58740858346803,0.0,0
2030-02-06 16:00:00,0.0,164.0161654332645,0.0,0.0,201.84591684174137,99.49132506921828,0.0,0
2030-02-06 17:00:00,0.0,164.0161654332645,0.0,0.0,156.22036081988503,89.58105058970035,0.0,0
2030-02-06 18:00:00,0.0,164.0161654332645,0.0,0.0,91.9149329114399,95.23245571592564,0.0,0
2030-02-06 19:00:00,0.0,164.0161654332645,0.0,80.56740428903015,21.71321376612326,111.7744509559828,0.0,0
2030-02-06 20:00:00,0.0,164.0161654332645,0.0,80.56740428903015,0.0,143.5538164095724,0.0,0
2030-02-06 21:00:00,0.0,164.0161654332645,0.0,80.56740428903015,0.0,187.7374620559005,0.0,0
2030-02-06 22:00:00,0.0,164.0161654332645,0.0,74.9356354779045,0.0,202.490215045537,0.0,0
2030-02-06 23:00:00,0.0,164.0161654332645,0.0,21.96157674266294,0.0,210.81292486933495,0.0,0
2030-02-07 00:00:00,0.0,164.0161654332645,0.0,0.0,0.0,219.0270390652172,0.0,0
2030-02-07 01:00:00,0.0,164.0161654332645,0.0,0.0,0.0,231.5642934962198,0.0,0
2030-02-07 02:00:00,0.0,164.0161654332645,0.0,0.0,0.0,235.18488650584467,0.0,0
2030-02-07 03:00:00,0.0,164.0161654332645,0.0,0.0,0.0,236.59810716028505,0.0,0
2030-02-07 04:00:00,0.0,164.0161654332645,0.0,0.0,0.0,231.9262789226055,0.0,0
2030-02-07 05:00:00,0.0,164.0161654332645,0.0,0.0,0.0,236.95566011206196,0.0,0
2030-02-07 06:00:00,0.0,164.0161654332645,0.0,0.0,0.0,240.23790755988145,0.0,0
2030-02-07 07:00:00,0.0,164.0161654332645,0.0,0.0,0.0,234.29100412640247,0.0,0
2030-02-07 08:00:00,0.0,164.0161654332645,0.0,0.0,0.0,227.98285401230603,0.0,0
2030-02-07 09:00:00,0.0,164.0161654332645,0.0,0.0,46.443795112824944,211.34260558508703,0.0,0
2030-02-07 10:00:00,0.0,164.0161654332645,0.0,0.0,118.14532343789972,145.60235842460807,0.0,0
2030-02-07 11:00:00,0.0,162.6902388714439,0.0,0.0,178.17851383666707,136.32814405145348,0.0,0
2030-02-07 12:00:00,0.0,125.82145289563556,0.0,0.0,219.94775576240372,106.07650484636504,0.0,0
2030-02-07 13:00:00,0.0,140.40052205435015,0.0,0.0,242.78390358106384,71.95383781625429,0.0,0
2030-02-07 14:00:00,0.0,164.0161654332645,0.0,0.0,245.64685293840088,48.01847492871177,0.0,0
2030-02-07 15:00:00,0.0,164.0161654332645,0.0,0.0,233.1117613835548,29.91920360942812,0.0,0
2030-02-07 16:00:00,0.0,164.0161654332645,0.0,0.0,205.03781842943175,20.906505238192967,0.0,0
2030-02-07 17:00:00,0.0,164.0161654332645,0.0,0.0,159.00698852665457,22.38399677446103,0.0,0
2030-02-07 18:00:00,0.0,164.0161654332645,0.0,0.0,95.5144749428594,33.539057873284854,0.0,0
2030-02-07 19:00:00,0.0,164.0161654332645,0.0,99.9999999999999,27.15630822520593,52.45094953751596,0.0,0
2030-02-07 20:00:00,0.0,164.0161654332645,0.0,99.9999999999999,0.0,78.45627806737002,0.0,0
2030-02-07 21:00:00,0.0,164.0161654332645,0.0,99.9999999999999,0.0,91.93543335274349,0.0,0
2030-02-07 22:00:00,0.0,164.0161654332645,0.0,99.9999999999999,0.0,118.63148917580283,0.0,0
2030-02-07 23:00:00,0.0,164.0161654332645,0.0,99.9999999999999,0.0,105.11391911048636,0.0,0
2030-02-08 00:00:00,0.0,164.0161654332645,0.0,78.73261255212542,0.0,102.05625037617963,0.0,0
2030-02-08 01:00:00,0.0,164.0161654332645,0.0,23.452632077544532,0.0,100.80777002803312,0.0,0
2030-02-08 02:00:00,0.0,164.0161654332645,0.0,0.0,0.0,107.57394251837272,0.0,0
2030-02-08 03:00:00,0.0,164.0161654332645,0.0,0.0,0.0,117.92007700108977,0.0,0
2030-02-08 04:00:00,0.0,164.0161654332645,0.0,0.0,0.0,125.19672281720995,0.0,0
2030-02-08 05:00:00,0.0,164.0161654332645,0.0,0.0,0.0,134.7413181415016,0.0,0
2030-02-08 06:00:00,0.0,164.0161654332645,0.0,0.0,0.0,131.42952086295676,0.0,0
2030-02-08 07:00:00,0.0,164.0161654332645,0.0,0.0,0.0,122.36806527102476,0.0,0
2030-02-08 08:00:00,0.0,164.0161654332645,0.0,0.0,0.0,110.17358887643633,0.0,0
2030-02-08 09:00:00,0.0,164.0161654332645,0.0,0.0,46.2663029022027,93.78525275615107,0.0,0
2030-02-08 10:00:00,0.0,164.0161654332645,0.0,0.0,117.7607569815515,53.2635698824634,0.0,0
2030-02-08 11:00:00,0.0,164.0161654332645,0.0,0.0,176.68343778252557,39.153525711103455,0.0,0
2030-02-08 12:00:00,0.0,164.0161654332645,0.0,0.0,217.3948261329536,24.600234078863114,0.0,0
2030-02-08 13:00:00,0.0,164.0161654332645,0.0,0.0,240.2877714590128,15.439786554001175,0.0,0
2030-02-08 14:00:00,0.0,164.0161654332645,0.0,0.0,244.20265798463777,8.717200063981506,0.0,0
2030-02-08 15:00:00,0.0,164.0161654332645,0.0,0.0,232.51834575937437,5.067795969399409,0.0,0
2030-02-08 16:00:00,0.0,164.0161654332645,0.0,0.0,204.45978546350523,7.535206834967062,0.0,0
2030-02-08 17:00:00,0.0,164.0161654332645,0.0,0.0,158.3839908673704,14.25779332498673,0.0,0
2030-02-08 18:00:00,0.0,164.0161654332645,0.0,0.0,94.93052556991213,23.492115426662068,0.0,0
2030-02-08 19:00:00,0.0,164.0161654332645,0.0,99.9999999999999,26.91965194437624,40.77876640099833,0.0,0
2030-02-08 20:00:00,0.0,164.0161654332645,0.0,99.9999999999999,0.0,59.616783488416026,0.0,0
2030-02-08 21:00:00,0.0,164.0161654332645,0.0,99.9999999999999,0.0,71.4367157785605,0.0,0
2030-02-08 22:00:00,0.0,164.0161654332645,0.0,99.9999999999999,0.0,91.0851369736212,0.0,0
2030-02-08 23:00:00,0.0,164.0161654332645,0.0,99.9999999999999,0.0,92.87290173250554,0.0,0
2030-02-09 00:00:00,0.0,164.0161654332645,0.0,99.9999999999999,0.0,93.40258244825766,0.0,0
2030-02-09 01:00:00,0.0,164.0161654332645,0.0,55.989057331728525,0.0,88.3081916312054,0.0,0
2030-02-09 02:00:00,0.0,164.0161654332645,0.0,1.7726224407761035,0.0,86.86394365450337,0.0,0
2030-02-09 03:00:00,0.0,164.0161654332645,0.0,0.0,0.0,92.72884630771944,0.0,0
2030-02-09 04:00:00,0.0,164.0161654332645,0.0,0.0,0.0,93.69808075551128,0.0,0
2030-02-09 05:00:00,0.0,164.0161654332645,0.0,0.0,0.0,107.84949468988668,0.0,0
2030-02-09 06:00:00,0.0,164.0161654332645,0.0,0.0,0.0,119.7698964044974,0.0,0
2030-02-09 07:00:00,0.0,164.0161654332645,0.0,0.0,0.0,135.0102216011024,0.0,0
2030-02-09 08:00:00,0.0,164.0161654332645,0.0,0.0,0.0,145.08375889537797,0.0,0
2030-02-09 09:00:00,0.0,164.0161654332645,0.0,0.0,36.090082826526405,147.15076955461697,0.0,0
2030-02-09 10:00:00,0.0,164.0161654332645,0.0,0.0,99.71394064618205,139.12208054653638,0.0,0
2030-02-09 11:00:00,0.0,138.70343420508044,0.0,0.0,169.0844046050845,139.5867516346927,0.0,0
2030-02-09 12:00:00,0.0,113.99945071945587,0.0,0.0,213.59530954423303,109.32476998885036,0.0,0
2030-02-09 13:00:00,0.0,112.77508516756734,0.0,0.0,236.7349690430572,84.85751014825135,0.0,0
2030-02-09 14:00:00,0.0,132.2569748141791,0.0,0.0,243.7559692545717,65.23125132623466,0.0,0
2030-02-09 15:00:00,0.0,164.0161654332645,0.0,0.0,231.18360433549492,43.80762405034783,0.0,0
2030-02-09 16:00:00,0.0,164.0161654332645,0.0,0.0,201.23238543369047,30.805698531188945,0.0,0
2030-02-09 17:00:00,0.0,164.0161654332645,0.0,0.0,152.36582164587168,26.964220536892,0.0,0
2030-02-09 18:00:00,0.0,164.0161654332645,0.0,0.0,87.5509910929406,27.40746799777242,0.0,0
2030-02-09 19:00:00,0.0,164.0161654332645,0.0,99.9999999999999,24.198104714834887,28.73721038041367,0.0,0
2030-02-09 20:00:00,0.0,164.0161654332645,0.0,99.9999999999999,0.0,34.86880025592611,0.0,0
2030-02-09 21:00:00,0.0,164.0161654332645,0.0,99.9999999999999,0.0,45.4328647402427,0.0,0
2030-02-09 22:00:00,0.0,164.0161654332645,0.0,99.9999999999999,0.0,82.72548986141653,0.0,0
2030-02-09 23:00:00,0.0,164.0161654332645,0.0,99.9999999999999,0.0,114.00324693844316,0.0,0
2030-02-10 00:00:00,0.0,164.0161654332645,0.0,36.17262752571418,0.0,138.00066447050892,0.0,0
2030-02-10 01:00:00,0.0,164.0161654332645,0.0,0.0,0.0,151.35497172106773,0.0,0
2030-02-10 02:00:00,0.0,164.0161654332645,0.0,0.0,0.0,148.57137766673873,0.0,0
2030-02-10 03:00:00,0.0,164.0161654332645,0.0,0.0,0.0,151.45839612860647,0.0,0
2030-02-10 04:00:00,0.0,164.0161654332645,0.0,0.0,0.0,174.34030755078987,0.0,0
2030-02-10 05:00:00,0.0,164.0161654332645,0.0,0.0,0.0,205.49617157607435,0.0,0
2030-02-10 06:00:00,0.0,164.0161654332645,0.0,0.0,0.0,221.92809369667953,0.0,0
2030-02-10 07:00:00,0.0,164.0161654332645,0.0,0.0,0.0,229.56524744764917,0.0,0
2030-02-10 08:00:00,0.0,164.0161654332645,0.0,0.0,0.0,223.2408449266537,0.0,0
2030-02-10 09:00:00,0.0,164.0161654332645,0.0,0.0,42.53896647913522,209.85551035383324,0.0,0
2030-02-10 10:00:00,0.0,164.0161654332645,0.0,0.0,115.01199427971476,140.9416113734505,0.0,0
2030-02-10 11:00:00,0.0,125.0144629620916,0.0,0.0,167.230794285486,112.59962997898852,0.0,0
2030-02-10 12:00:00,0.0,102.13222011781556,0.0,0.0,207.28960294152617,79.9367245867106,0.0,0
2030-02-10 13:00:00,0.0,123.21644728950484,0.0,0.0,210.3773757656514,55.84918007093248,0.0,0
2030-02-10 14:00:00,0.0,164.0161654332645,0.0,0.0,128.0269064439431,37.52828502120861,0.0,0
2030-02-10 15:00:00,0.0,164.0161654332645,0.0,0.0,130.20769407178858,24.600234078863114,0.0,0
2030-02-10 16:00:00,0.0,164.0161654332645,0.0,0.0,159.39510482721525,16.695654359829025,0.0,0
2030-02-10 17:00:00,0.0,164.0161654332645,0.0,0.0,137.8303928773126,14.627166209053728,0.0,0
2030-02-10 18:00:00,0.0,164.0161654332645,0.0,0.0,84.49043374111075,14.405542478613539,0.0,0
2030-02-10 19:00:00,0.0,164.0161654332645,0.0,78.72214295381846,20.88491678321935,20.020010316432135,0.0,0
2030-02-10 20:00:00,0.0,164.0161654332645,0.0,78.72214295381846,0.0,35.385922293619906,0.0,0
2030-02-10 21:00:00,0.0,164.0161654332645,0.0,78.72214295381846,0.0,52.00770207663555,0.0,0
2030-02-10 22:00:00,0.0,164.0161654332645,0.0,78.72214295381846,0.0,67.59523778426355,0.0,0
2030-02-10 23:00:00,0.0,164.0161654332645,0.0,78.72214295381846,0.0,64.71412928854082,0.0,0
2030-02-11 00:00:00,0.0,164.0161654332645,0.0,78.72214295381846,0.0,65.52674963348825,0.0,0
2030-02-11 01:00:00,0.0,164.0161654332645,0.0,68.41122203464522,0.0,55.84918007093248,0.0,0
2030-02-11 02:00:00,0.0,164.0161654332645,0.0,9.865329003249345,0.0,57.54829533764075,0.0,0
2030-02-11 03:00:00,0.0,164.0161654332645,0.0,0.0,0.0,68.85110559009138,0.0,0
2030-02-11 04:00:00,0.0,164.0161654332645,0.0,0.0,0.0,83.48048803644953,0.0,0
2030-02-11 05:00:00,0.0,164.0161654332645,0.0,0.0,0.0,92.40970813588557,0.0,0
2030-02-11 06:00:00,0.0,164.0161654332645,0.0,0.0,0.0,92.01226291262941,0.0,0
2030-02-11 07:00:00,0.0,164.0161654332645,0.0,0.0,0.0,85.94051144433585,0.0,0
2030-02-11 08:00:00,0.0,164.0161654332645,0.0,0.0,0.0,78.8943543078735,0.0,0
2030-02-11 09:00:00,0.0,164.0161654332645,0.0,0.0,43.308099391831675,57.62216991445416,0.0,0
2030-02-11 10:00:00,0.0,164.0161654332645,0.0,0.0,114.4966752282081,27.333593420959012,0.0,0
2030-02-11 11:00:00,0.0,164.0161654332645,0.0,0.0,174.58311329016215,20.68488150775276,0.0,0
2030-02-11 12:00:00,0.0,164.0161654332645,0.0,0.0,216.7381049536512,16.547905206202213,0.0,0
2030-02-11 13:00:00,0.0,164.0161654332645,0.0,0.0,237.15030081591328,10.268566177062972,0.0,0
2030-02-11 14:00:00,0.0,164.0161654332645,0.0,0.0,236.2764474989497,2.437861034842266,0.0,0
2030-02-11 15:00:00,0.0,164.0161654332645,0.0,0.0,230.01393066749424,0.1019469160024928,0.0,0
2030-02-11 16:00:00,0.0,164.0161654332645,0.0,0.0,200.9170409394849,0.0033391308719658,0.0,0
2030-02-11 17:00:00,0.0,164.0161654332645,0.0,0.0,157.3137128373182,0.1839476962653612,0.0,0
2030-02-11 18:00:00,0.0,164.0161654332645,0.0,10.807119365692811,92.3071906969151,10.637939061129995,0.0,0
2030-02-11 19:00:00,0.0,164.0161654332645,0.0,99.9999999999999,25.0264016977388,35.60754602406012,0.0,0
2030-02-11 20:00:00,0.0,164.0161654332645,0.0,99.9999999999999,0.0,64.27088182766042,0.0,0
2030-02-11 21:00:00,0.0,164.0161654332645,0.0,99.9999999999999,0.0,80.45458537017254,0.0,0
2030-02-11 22:00:00,0.0,164.0161654332645,0.0,99.9999999999999,0.0,81.91139202493284,0.0,0
2030-02-11 23:00:00,0.0,164.0161654332645,0.0,99.9999999999999,0.0,85.94198893587209,0.0,0
2030-02-12 00:00:00,0.0,164.0161654332645,0.0,19.137960499664985,0.0,87.34412840379049,0.0,0
2030-02-12 01:00:00,0.0,164.0161654332645,0.0,19.137960499664985,0.0,82.38936053691558,0.0,0
2030-02-12 02:00:00,0.0,164.0161654332645,0.0,0.0,0.0,79.94485079016006,0.0,0
2030-02-12 03:00:00,0.0,164.0161654332645,0.0,0.0,0.0,74.89552346496397,0.0,0
2030-02-12 04:00:00,0.0,164.0161654332645,0.0,0.0,0.0,70.77184458723984,0.0,0
2030-02-12 05:00:00,0.0,164.0161654332645,0.0,0.0,0.0,70.25472254954602,0.0,0
2030-02-12 06:00:00,0.0,164.0161654332645,0.0,0.0,0.0,73.57907850614913,0.0,0
2030-02-12 07:00:00,0.0,164.0161654332645,0.0,0.0,0.0,87.61968057530446,0.0,0
2030-02-12 08:00:00,0.0,164.0161654332645,0.0,0.0,0.0,108.43236510094447,0.0,0
2030-02-12 09:00:00,0.0,164.0161654332645,0.0,0.0,47.7454046573882,122.57491408610228,0.0,0
2030-02-12 10:00:00,0.0,164.0161654332645,0.0,0.0,118.73873906208016,83.141403728876,0.0,0
2030-02-12 11:00:00,0.0,164.0161654332645,0.0,0.0,178.09627577907875,69.2204784741584,0.0,0
2030-02-12 12:00:00,0.0,164.0161654332645,0.0,0.0,219.2579027037852,52.45094953751596,0.0,0
2030-02-12 13:00:00,0.0,164.0161654332645,0.0,0.0,242.131323886676,35.903044331313744,0.0,0
2030-02-12 14:00:00,0.0,164.0161654332645,0.0,0.0,245.51728362464667,19.798386585991928,0.0,0
2030-02-12 15:00:00,0.0,164.0161654332645,0.0,0.0,232.5124293523536,7.032859712635938,0.0,0
2030-02-12 16:00:00,0.0,164.0161654332645,0.0,0.0,204.52249937792513,1.11550610988238,0.0,0
2030-02-12 17:00:00,0.0,164.0161654332645,0.0,0.0,158.94782445644717,2.1423627275886745,0.0,0
2030-02-12 18:00:00,0.0,164.0161654332645,0.0,29.116768765758366,95.89312499218688,13.001925519158881,0.0,0
2030-02-12 19:00:00,0.0,164.0161654332645,0.0,99.9999999999999,27.807112997487536,39.44902401835707,0.0,0
2030-02-12 20:00:00,0.0,164.0161654332645,0.0,99.9999999999999,0.0,80.01503163813278,0.0,0
2030-02-12 21:00:00,0.0,164.0161654332645,0.0,99.9999999999999,0.0,104.09444995046144,0.0,0
2030-02-12 22:00:00,0.0,164.0161654332645,0.0,99.9999999999999,0.0,126.79610740522013,0.0,0
2030-02-12 23:00:00,0.0,164.0161654332645,0.0,99.56090971899748,0.0,133.2135918930004,0.0,0
2030-02-13 00:00:00,0.0,164.0161654332645,0.0,48.87694107875682,0.0,131.91192184954826,0.0,0
2030-02-13 01:00:00,0.0,164.0161654332645,0.0,0.0,0.0,126.23096689259756,0.0,0
2030-02-13 02:00:00,0.0,164.0161654332645,0.0,0.0,0.0,128.30314877221355,0.0,0
2030-02-13 03:00:00,0.0,164.0161654332645,0.0,0.0,0.0,134.81149898947433,0.0,0
2030-02-13 04:00:00,0.0,164.0161654332645,0.0,0.0,0.0,147.54156606595987,0.0,0
2030-02-13 05:00:00,0.0,164.0161654332645,0.0,0.0,0.0,166.07226491383386,0.0,0
2030-02-13 06:00:00,0.0,164.0161654332645,0.0,0.0,0.0,178.0879648325338,0.0,0
2030-02-13 07:00:00,0.0,164.0161654332645,0.0,0.0,0.0,181.35322112768617,0.0,0
2030-02-13 08:00:00,0.0,164.0161654332645,0.0,0.0,0.0,171.7148050908415,0.0,0
2030-02-13 09:00:00,0.0,164.0161654332645,0.0,0.0,46.50295918303237,147.7306849826022,0.0,0
2030-02-13 10:00:00,0.0,164.0161654332645,0.0,0.0,116.86974608422774,81.77472405782807,0.0,0
2030-02-13 11:00:00,0.0,164.0161654332645,0.0,0.0,174.77539651833624,69.4421022045986,0.0,0
2030-02-13 12:00:00,0.0,164.0161654332645,0.0,0.0,215.30988429884405,55.84918007093248,0.0,0
2030-02-13 13:00:00,0.0,164.0161654332645,0.0,0.0,237.96144021845697,39.153525711103455,0.0,0
2030-02-13 14:00:00,0.0,164.0161654332645,0.0,0.0,241.97276417852007,27.924590035466224,0.0,0
2030-02-13 15:00:00,0.0,164.0161654332645,0.0,0.0,230.6623688769676,17.58214928158985,0.0,0
2030-02-13 16:00:00,0.0,164.0161654332645,0.0,0.0,202.69018812360127,14.036169594546516,0.0,0
2030-02-13 17:00:00,0.0,164.0161654332645,0.0,0.0,157.33323698048665,20.75875608456616,0.0,0
2030-02-13 18:00:00,0.0,164.0161654332645,0.0,10.20442096845784,94.97016549695113,41.88688505319936,0.0,0
2030-02-13 19:00:00,0.0,164.0161654332645,0.0,99.39842048129923,27.39296450603561,89.93860354147718,0.0,0
2030-02-13 20:00:00,0.0,164.0161654332645,0.0,99.39842048129923,0.0,152.65959674759245,0.0,0
2030-02-13 21:00:00,0.0,164.0161654332645,0.0,97.36335708112797,0.0,197.62779039967884,0.0,0
2030-02-13 22:00:00,0.0,164.0161654332645,0.0,72.53158509950492,0.0,205.1822046246174,0.0,0
2030-02-13 23:00:00,0.0,164.0161654332645,0.0,12.078741978160336,0.0,220.87020975671163,0.0,0
2030-02-14 00:00:00,0.0,164.0161654332645,0.0,0.0,0.0,239.48881935099357,0.0,0
2030-02-14 01:00:00,0.0,164.0161654332645,0.0,0.0,0.0,249.00977481070487,0.0,0
2030-02-14 02:00:00,0.0,164.0161654332645,0.0,0.0,0.0,256.3588177121022,0.0,0
2030-02-14 03:00:00,0.0,164.0161654332645,0.0,0.0,0.0,256.41570113624846,0.0,0
2030-02-14 04:00:00,0.0,164.0161654332645,0.0,0.0,0.0,250.23313780273483,0.0,0
2030-02-14 05:00:00,0.0,164.0161654332645,0.0,0.0,0.0,243.9050415528988,0.0,0
2030-02-14 06:00:00,0.0,164.0161654332645,0.0,0.0,0.0,233.24641761026095,0.0,0
2030-02-14 07:00:00,0.0,164.0161654332645,0.0,0.0,0.0,218.58453035010487,0.0,0
2030-02-14 08:00:00,0.0,164.0161654332645,0.0,0.0,0.0,200.89452418636748,0.0,0
2030-02-14 09:00:00,0.0,164.0161654332645,0.0,0.0,46.50295918303237,171.66826410744906,0.0,0
2030-02-14 10:00:00,0.0,164.0161654332645,0.0,0.0,117.1300679931404,114.6562981974736,0.0,0
2030-02-14 11:00:00,0.0,164.0161654332645,0.0,0.0,175.80189313643496,92.15262460857488,0.0,0
2030-02-14 12:00:00,0.0,164.0161654332645,0.0,0.0,217.17118594756948,72.84033273801512,0.0,0
2030-02-14 13:00:00,0.0,164.0161654332645,0.0,0.0,240.60489087532451,65.60062421030165,0.0,0
2030-02-14 14:00:00,0.0,164.0161654332645,0.0,0.0,244.78838227969123,69.36822762778519,0.0,0
2030-02-14 15:00:00,0.0,164.0161654332645,0.0,0.0,233.7779488140903,71.51059035537385,0.0,0
2030-02-14 16:00:00,0.0,164.0161654332645,0.0,0.0,205.5472210739176,75.19102177221758,0.0,0
2030-02-14 17:00:00,0.0,164.0161654332645,0.0,0.0,160.1121733581292,90.36485984969053,0.0,0
2030-02-14 18:00:00,0.0,164.0161654332645,0.0,0.0,96.38655333771672,118.70684124415249,0.0,0
2030-02-14 19:00:00,0.0,164.0161654332645,0.0,52.82446187543461,27.925441137902386,153.48846949943882,0.0,0
2030-02-14 20:00:00,0.0,164.0161654332645,0.0,52.82446187543462,0.0,179.46646443587187,0.0,0
2030-02-14 21:00:00,0.0,164.0161654332645,0.0,52.82446187543461,0.0,193.0394404337984,0.0,0
2030-02-14 22:00:00,0.0,164.0161654332645,0.0,52.82446187543461,0.0,189.43509983107245,0.0,0
2030-02-14 23:00:00,0.0,164.0161654332645,0.0,46.55885583845355,0.0,186.2156457735444,0.0,0
2030-02-15 00:00:00,0.0,164.0161654332645,0.0,1.2256227968076132,0.0,179.56324013149745,0.0,0
2030-02-15 01:00:00,0.0,164.0161654332645,0.0,0.0,0.0,178.37681442787417,0.0,0
2030-02-15 02:00:00,0.0,164.0161654332645,0.0,0.0,0.0,181.48693411171848,0.0,0
2030-02-15 03:00:00,0.0,164.0161654332645,0.0,0.0,0.0,192.76019453344367,0.0,0
2030-02-15 04:00:00,0.0,164.0161654332645,0.0,0.0,0.0,195.77427726743056,0.0,0
2030-02-15 05:00:00,0.0,164.0161654332645,0.0,0.0,0.0,197.51919477176313,0.0,0
2030-02-15 06:00:00,0.0,164.0161654332645,0.0,0.0,0.0,190.80695072249736,0.0,0
2030-02-15 07:00:00,0.0,164.0161654332645,0.0,0.0,0.0,186.11517634907813,0.0,0
2030-02-15 08:00:00,0.0,164.0161654332645,0.0,0.0,0.0,175.3176682020312,0.0,0
2030-02-15 09:00:00,0.0,164.0161654332645,0.0,0.0,47.272092095728816,153.51875807593228,0.0,0
2030-02-15 10:00:00,0.0,164.0161654332645,0.0,0.0,118.11159991788148,97.14211352655208,0.0,0
2030-02-15 11:00:00,0.0,164.0161654332645,0.0,0.0,177.30288559759722,86.31431680301164,0.0,0
2030-02-15 12:00:00,0.0,164.0161654332645,0.0,0.0,219.26204418869972,71.58446493218727,0.0,0
2030-02-15 13:00:00,0.0,164.0161654332645,0.0,0.0,242.7288809957709,66.5609937088759,0.0,0
2030-02-15 14:00:00,0.0,151.88400949316105,0.0,0.0,247.59867561454368,74.34885159654483,0.0,0
2030-02-15 15:00:00,0.0,134.17930081409372,0.0,0.0,236.31963727020107,92.9460375635508,0.0,0
2030-02-15 16:00:00,0.0,164.0161654332645,0.0,0.0,208.14748195953376,118.8457254485617,0.0,0
2030-02-15 17:00:00,0.0,164.0161654332645,0.0,0.0,162.0793786925259,141.68405087042518,0.0,0
2030-02-15 18:00:00,0.0,164.0161654332645,0.0,0.0,97.96209252734033,157.26863159498063,0.0,0
2030-02-15 19:00:00,0.0,164.0161654332645,0.0,1.5661787391013604,28.753738120806258,195.39012946800088,0.0,0
2030-02-15 20:00:00,0.0,164.0161654332645,0.0,1.5661787391013604,0.0,221.5099635919157,0.0,0
2030-02-15 21:00:00,0.0,164.0161654332645,0.0,1.5661787391013604,0.0,235.3333744052396,0.0,0
2030-02-15 22:00:00,0.0,164.0161654332645,0.0,1.5661787391013604,0.0,218.45746607798583,0.0,0
2030-02-15 23:00:00,0.0,164.0161654332645,0.0,1.5661787391013604,0.0,225.15567395765711,0.0,0
2030-02-16 00:00:00,0.0,164.0161654332645,0.0,0.0,0.0,227.14807129431455,0.0,0
2030-02-16 01:00:00,0.0,164.0161654332645,0.0,0.0,0.0,227.32832526173928,0.0,0
2030-02-16 02:00:00,0.0,164.0161654332645,0.0,0.0,0.0,222.1246000710032,0.0,0
2030-02-16 03:00:00,0.0,164.0161654332645,0.0,0.0,0.0,223.4151889279333,0.0,0
2030-02-16 04:00:00,0.0,164.0161654332645,0.0,0.0,0.0,223.34944055456944,0.0,0
2030-02-16 05:00:00,0.0,164.0161654332645,0.0,0.0,0.0,214.70907005047377,0.0,0
2030-02-16 06:00:00,0.0,164.0161654332645,0.0,0.0,0.0,201.61258507299377,0.0,0
2030-02-16 07:00:00,0.0,164.0161654332645,0.0,0.0,0.0,191.96013286655457,0.0,0
2030-02-16 08:00:00,0.0,164.0161654332645,0.0,0.0,0.0,191.8079512383189,0.0,0
2030-02-16 09:00:00,0.0,164.0161654332645,0.0,0.0,47.804568727595615,170.06075331598944,0.0,0
2030-02-16 10:00:00,0.0,164.0161654332645,0.0,0.0,118.52693169073758,111.65920661615388,0.0,0
2030-02-16 11:00:00,0.0,164.0161654332645,0.0,0.0,178.05308600782735,99.70039012160022,0.0,0
2030-02-16 12:00:00,0.0,122.41222381484896,0.0,0.0,220.4240265275735,99.96781608966477,0.0,0
2030-02-16 13:00:00,0.0,85.43786653038768,0.0,0.0,244.53220185569316,108.25358862505603,0.0,0
2030-02-16 14:00:00,0.0,58.47791466360825,0.0,0.0,249.80904527749297,126.76212509988594,0.0,0
2030-02-16 15:00:00,0.0,51.83198618926224,0.0,0.0,238.3773636320152,158.3863539421674,0.0,0
2030-02-16 16:00:00,0.0,70.12348389592273,0.0,0.0,209.9111628924169,187.59192913957807,0.0,0
2030-02-16 17:00:00,0.0,121.06752508616034,0.0,0.0,163.49221668907907,201.01124601773273,0.0,0
2030-02-16 18:00:00,0.0,164.0161654332645,0.0,0.0,98.66141183719203,193.22782060467256,0.0,0
2030-02-16 19:00:00,0.0,164.0161654332645,0.0,0.0,28.69457405059884,196.179109948368,0.0,0
2030-02-16 20:00:00,0.0,164.0161654332645,0.0,0.0,0.0,201.9405881940453,0.0,0
2030-02-16 21:00:00,0.0,164.0161654332645,0.0,0.0,0.0,198.46626684651096,0.0,0
2030-02-16 22:00:00,0.0,164.0161654332645,0.0,0.0,0.0,200.33307740258564,0.0,0
2030-02-16 23:00:00,0.0,164.0161654332645,0.0,0.0,0.0,204.72935346875124,0.0,0
2030-02-17 00:00:00,0.0,164.0161654332645,0.0,0.0,0.0,197.07299232781017,0.0,0
2030-02-17 01:00:00,0.0,164.0161654332645,0.0,0.0,0.0,193.3969933855752,0.0,0
2030-02-17 02:00:00,0.0,164.0161654332645,0.0,0.0,0.0,199.51897956610196,0.0,0
2030-02-17 03:00:00,0.0,164.0161654332645,0.0,0.0,0.0,208.36841512257945,0.0,0
2030-02-17 04:00:00,0.0,164.0161654332645,0.0,0.0,0.0,216.176219145988,0.0,0
2030-02-17 05:00:00,0.0,164.0161654332645,0.0,0.0,0.0,223.45655869094887,0.0,0
2030-02-17 06:00:00,0.0,164.0161654332645,0.0,0.0,0.0,231.95656749909895,0.0,0
2030-02-17 07:00:00,0.0,164.0161654332645,0.0,0.0,0.0,241.8904818431972,0.0,0
2030-02-17 08:00:00,0.0,164.0161654332645,0.0,0.0,0.0,249.77511542649168,0.0,0
2030-02-17 09:00:00,0.0,164.0161654332645,0.0,0.0,45.91131848095817,238.9864722286624,0.0,0
2030-02-17 10:00:00,0.0,141.5446241782019,0.0,0.0,116.99458227236536,205.66312811967268,0.0,0
2030-02-17 11:00:00,0.0,29.93491240778292,0.0,0.0,177.3774323260586,200.90929910173017,0.0,0
2030-02-17 12:00:00,0.0,0.0,0.0,0.0,219.5637809467576,209.6567877422052,0.0,0
2030-02-17 13:00:00,0.0,0.0,0.0,0.0,244.17307594953405,219.03221028559412,0.0,0
2030-02-17 14:00:00,0.0,0.0,0.0,0.0,249.27597700492407,214.65957408400885,0.0,0
2030-02-17 15:00:00,0.0,0.0,0.0,0.0,237.13491815765937,208.58191264957017,0.0,0
2030-02-17 16:00:00,0.0,28.323236331677602,0.0,0.0,207.9652566232949,199.86840631442936,0.0,0
2030-02-17 17:00:00,0.0,121.80541449136103,0.0,0.0,158.60703941205244,192.1019720540363,0.0,0
2030-02-17 18:00:00,0.0,164.0161654332645,0.0,0.0,96.29248246608697,187.84605768381616,0.0,0
2030-02-17 19:00:00,0.0,164.0161654332645,0.0,0.0,27.807112997487536,199.8196490937325,0.0,0
2030-02-17 20:00:00,0.0,164.0161654332645,0.0,0.0,0.0,209.7181036409603,0.0,0
2030-02-17 21:00:00,0.0,164.0161654332645,0.0,0.0,0.0,218.73301824949988,0.0,0
2030-02-17 22:00:00,0.0,164.0161654332645,0.0,0.0,0.0,223.84070649037852,0.0,0
2030-02-17 23:00:00,0.0,164.0161654332645,0.0,0.0,0.0,236.32255498877112,0.0,0
2030-02-18 00:00:00,0.0,164.0161654332645,0.0,0.0,0.0,241.52923516257968,0.0,0
2030-02-18 01:00:00,0.0,164.0161654332645,0.0,0.0,0.0,245.9373311610354,0.0,0
2030-02-18 02:00:00,0.0,164.0161654332645,0.0,0.0,0.0,251.41956350635803,0.0,0
2030-02-18 03:00:00,0.0,164.0161654332645,0.0,0.0,0.0,257.71367745086,0.0,0
2030-02-18 04:00:00,0.0,164.0161654332645,0.0,0.0,0.0,256.29676306757887,0.0,0
2030-02-18 05:00:00,0.0,164.0161654332645,0.0,0.0,0.0,251.13514638562648,0.0,0
2030-02-18 06:00:00,0.0,164.0161654332645,0.0,0.0,0.0,231.57906841158243,0.0,0
2030-02-18 07:00:00,0.0,164.0161654332645,0.0,0.0,0.0,216.57883558962104,0.0,0
2030-02-18 08:00:00,0.0,164.0161654332645,0.0,0.0,0.0,196.47165327254908,0.0,0
2030-02-18 09:00:00,0.0,164.0161654332645,0.0,0.0,33.368535596985055,156.4345876227573,0.0,0
2030-02-18 10:00:00,0.0,164.0161654332645,0.0,0.0,92.02852792623817,151.6342176214224,0.0,0
2030-02-18 11:00:00,0.0,164.0161654332645,0.0,0.0,145.99385128453247,146.07515571621383,0.0,0
2030-02-18 12:00:00,0.0,96.8790028622932,0.0,0.0,214.71410211185537,131.12146387764483,0.0,0
2030-02-18 13:00:00,0.0,67.6283664604411,0.0,0.0,239.4647992424276,120.14222427163693,0.0,0
2030-02-18 14:00:00,0.0,74.08189259081182,0.0,0.0,234.6618600229892,112.53979157176965,0.0,0
2030-02-18 15:00:00,0.0,112.87948343467508,0.0,0.0,217.7450774285815,103.03508851895724,0.0,0
2030-02-18 16:00:00,0.0,164.0161654332645,0.0,0.0,200.17039037346728,107.9492253685848,0.0,0
2030-02-18 17:00:00,0.0,164.0161654332645,0.0,0.0,144.39701302963422,124.99282898520497,0.0,0
2030-02-18 18:00:00,0.0,164.0161654332645,0.0,0.0,85.58201083643763,148.68809949810387,0.0,0
2030-02-18 19:00:00,0.0,164.0161654332645,0.0,41.89120047961092,19.464979098241283,178.06949618833045,0.0,0
2030-02-18 20:00:00,0.0,164.0161654332645,0.0,41.89120047961092,0.0,186.2555380450236,0.0,0
2030-02-18 21:00:00,0.0,164.0161654332645,0.0,41.89120047961092,0.0,189.0923217946583,0.0,0
2030-02-18 22:00:00,0.0,164.0161654332645,0.0,41.89120047961093,0.0,181.120516210724,0.0,0
2030-02-18 23:00:00,0.0,164.0161654332645,0.0,41.89120047961093,0.0,174.76287013016255,0.0,0
2030-02-19 00:00:00,0.0,164.0161654332645,0.0,0.0,0.0,171.6763903108986,0.0,0
2030-02-19 01:00:00,0.0,164.0161654332645,0.0,0.0,0.0,169.81179599212828,0.0,0
2030-02-19 02:00:00,0.0,164.0161654332645,0.0,0.0,0.0,176.66440173733955,0.0,0
2030-02-19 03:00:00,0.0,164.0161654332645,0.0,0.0,0.0,187.25949354391767,0.0,0
2030-02-19 04:00:00,0.0,164.0161654332645,0.0,0.0,0.0,193.77966369346868,0.0,0
2030-02-19 05:00:00,0.0,164.0161654332645,0.0,0.0,0.0,172.09452041566243,0.0,0
2030-02-19 06:00:00,0.0,164.0161654332645,0.0,0.0,0.0,151.4650448405197,0.0,0
2030-02-19 07:00:00,0.0,164.0161654332645,0.0,0.0,0.0,136.75809408850748,0.0,0
2030-02-19 08:00:00,0.0,164.0161654332645,0.0,0.0,0.0,126.77763876101675,0.0,0
2030-02-19 09:00:00,0.0,164.0161654332645,0.0,0.0,41.592341355816494,108.01275750464433,0.0,0
2030-02-19 10:00:00,0.0,164.0161654332645,0.0,0.0,93.9980998234432,61.5375224855645,0.0,0
2030-02-19 11:00:00,0.0,164.0161654332645,0.0,0.0,153.13436291786604,53.04194615202319,0.0,0
2030-02-19 12:00:00,0.0,164.0161654332645,0.0,0.0,183.87305559413124,51.268956308501515,0.0,0
2030-02-19 13:00:00,0.0,164.0161654332645,0.0,0.0,210.51641133063887,52.22932580707575,0.0,0
2030-02-19 14:00:00,0.0,164.0161654332645,0.0,0.0,212.8208518652179,63.01501402183255,0.0,0
2030-02-19 15:00:00,0.0,164.0161654332645,0.0,0.0,194.1528127926705,67.74298693789035,0.0,0
2030-02-19 16:00:00,0.0,164.0161654332645,0.0,0.0,143.91245929463543,76.64339595236909,0.0,0
2030-02-19 17:00:00,0.0,164.0161654332645,0.0,0.0,103.75425500064676,87.49113881164915,0.0,0
2030-02-19 18:00:00,0.0,164.0161654332645,0.0,0.0,55.73255413538995,98.12464539817037,0.0,0
2030-02-19 19:00:00,0.0,164.0161654332645,0.0,89.216499089003,15.796806745381213,121.36706475520316,0.0,0
2030-02-19 20:00:00,0.0,164.0161654332645,0.0,89.216499089003,0.0,142.61117680943337,0.0,0
2030-02-19 21:00:00,0.0,164.0161654332645,0.0,89.216499089003,0.0,155.77119392297297,0.0,0
2030-02-19 22:00:00,0.0,164.0161654332645,0.0,89.216499089003,0.0,175.4077951857435,0.0,0
2030-02-19 23:00:00,0.0,164.0161654332645,0.0,68.0969771402219,0.0,164.83929822681813,0.0,0
2030-02-20 00:00:00,0.0,164.0161654332645,0.0,23.447095502279183,0.0,157.3417674260259,0.0,0
2030-02-20 01:00:00,0.0,164.0161654332645,0.0,0.0,0.0,149.19931156965265,0.0,0
2030-02-20 02:00:00,0.0,164.0161654332645,0.0,0.0,0.0,140.45921038685896,0.0,0
2030-02-20 03:00:00,0.0,164.0161654332645,0.0,0.0,0.0,139.57493170240252,0.0,0
2030-02-20 04:00:00,0.0,164.0161654332645,0.0,0.0,0.0,139.5549855666629,0.0,0
2030-02-20 05:00:00,0.0,164.0161654332645,0.0,0.0,0.0,148.05794935788555,0.0,0
2030-02-20 06:00:00,0.0,164.0161654332645,0.0,0.0,0.0,144.76314323200782,0.0,0
2030-02-20 07:00:00,0.0,164.0161654332645,0.0,0.0,0.0,140.48063401413484,0.0,0
2030-02-20 08:00:00,0.0,164.0161654332645,0.0,0.0,0.0,127.62941263167528,0.0,0
2030-02-20 09:00:00,0.0,164.0161654332645,0.0,0.0,44.60970893639492,107.608663569475,0.0,0
2030-02-20 10:00:00,0.0,164.0161654332645,0.0,0.0,107.01478690977774,65.82224794074186,0.0,0
2030-02-20 11:00:00,0.0,164.0161654332645,0.0,0.0,160.5062060657106,56.735674992693326,0.0,0
2030-02-20 12:00:00,0.0,164.0161654332645,0.0,0.0,199.8509043943472,71.8060886626275,0.0,0
2030-02-20 13:00:00,0.0,156.55515625234,0.0,0.0,219.71464932578652,83.88827570045953,0.0,0
2030-02-20 14:00:00,0.0,138.58881817811732,0.0,0.0,223.9454719863192,86.7908078234581,0.0,0
2030-02-20 15:00:00,0.0,164.0161654332645,0.0,0.0,205.5413046668969,83.03428559249657,0.0,0
2030-02-20 16:00:00,0.0,164.0161654332645,0.0,0.0,182.140731618458,89.044721162035,0.0,0
2030-02-20 17:00:00,0.0,164.0161654332645,0.0,0.0,130.91707127357554,102.09983637649955,0.0,0
2030-02-20 18:00:00,0.0,164.0161654332645,0.0,0.0,71.2187495121822,126.4880504199082,0.0,0
2030-02-20 19:00:00,0.0,164.0161654332645,0.0,58.81751682529347,16.32928337724801,163.50216838649555,0.0,0
2030-02-20 20:00:00,0.0,164.0161654332645,0.0,58.81751682529347,0.0,176.58904966898984,0.0,0
2030-02-20 21:00:00,0.0,164.0161654332645,0.0,58.81751682529347,0.0,180.90036997182,0.0,0
2030-02-20 22:00:00,0.0,164.0161654332645,0.0,58.81751682529347,0.0,182.9319208341886,0.0,0
2030-02-20 23:00:00,0.0,164.0161654332645,0.0,58.81751682529347,0.0,168.99326568103575,0.0,0
2030-02-21 00:00:00,0.0,164.0161654332645,0.0,14.923303545848682,0.0,166.65882905373223,0.0,0
2030-02-21 01:00:00,0.0,164.0161654332645,0.0,0.0,0.0,164.32291493489245,0.0,0
2030-02-21 02:00:00,0.0,164.0161654332645,0.0,0.0,0.0,161.71661986491563,0.0,0
2030-02-21 03:00:00,0.0,164.0161654332645,0.0,0.0,0.0,180.0094425754504,0.0,0
2030-02-21 04:00:00,0.0,164.0161654332645,0.0,0.0,0.0,197.8117380959442,0.0,0
2030-02-21 05:00:00,0.0,164.0161654332645,0.0,0.0,0.0,205.57817235633723,0.0,0
2030-02-21 06:00:00,0.0,164.0161654332645,0.0,0.0,0.0,190.4774701099096,0.0,0
2030-02-21 07:00:00,0.0,164.0161654332645,0.0,0.0,0.0,185.87286773713015,0.0,0
2030-02-21 08:00:00,0.0,164.0161654332645,0.0,0.0,0.0,180.12838064411997,0.0,0
2030-02-21 09:00:00,0.0,164.0161654332645,0.0,0.0,46.38463104261752,167.13679756571497,0.0,0
2030-02-21 10:00:00,0.0,164.0161654332645,0.0,0.0,118.93457213446672,136.19295357588496,0.0,0
2030-02-21 11:00:00,0.0,162.05516298590197,0.0,0.0,179.40735157487515,137.7051661632553,0.0,0
2030-02-21 12:00:00,0.0,89.10510760442634,0.0,0.0,221.98181649613488,149.36479062171466,0.0,0
2030-02-21 13:00:00,0.0,34.402421995632835,0.0,0.0,245.83913616657503,160.96309918141887,0.0,0
2030-02-21 14:00:00,0.0,0.0,0.0,0.0,250.93197933002975,187.33780059533993,0.0,0
2030-02-21 15:00:00,0.0,0.0,0.0,0.0,239.125789120139,212.4485079999837,0.0,0
2030-02-21 16:00:00,0.0,61.01745064404048,0.0,0.0,210.477363044302,230.96221569519057,0.0,0
2030-02-21 17:00:00,0.0,112.52369688862576,0.0,0.0,163.81939399732616,232.94427059109415,0.0,0
2030-02-21 18:00:00,0.0,164.0161654332645,0.0,0.0,99.20039651678167,209.17069302677305,0.0,0
2030-02-21 19:00:00,0.0,164.0161654332645,0.0,27.21446083414673,29.46370696329532,199.69627855045408,0.0,0
2030-02-21 20:00:00,0.0,164.0161654332645,0.0,36.53879498407446,0.0,201.22843727356408,0.0,0
2030-02-21 21:00:00,0.0,164.0161654332645,0.0,36.53879498407446,0.0,202.5404497577701,0.0,0
2030-02-21 22:00:00,0.0,164.0161654332645,0.0,36.53879498407446,0.0,200.7519462531177,0.0,0
2030-02-21 23:00:00,0.0,164.0161654332645,0.0,36.53879498407446,0.0,193.7959161003676,0.0,0
2030-02-22 00:00:00,0.0,164.0161654332645,0.0,0.4521559775712944,0.0,180.33670695073377,0.0,0
2030-02-22 01:00:00,0.0,164.0161654332645,0.0,0.0,0.0,168.3483406254548,0.0,0
2030-02-22 02:00:00,0.0,164.0161654332645,0.0,0.0,0.0,154.0550875035976,0.0,0
2030-02-22 03:00:00,0.0,164.0161654332645,0.0,0.0,0.0,153.66946221263163,0.0,0
2030-02-22 04:00:00,0.0,164.0161654332645,0.0,0.0,0.0,162.413257124266,0.0,0
2030-02-22 05:00:00,0.0,164.0161654332645,0.0,0.0,0.0,174.70081548563928,0.0,0
2030-02-22 06:00:00,0.0,164.0161654332645,0.0,0.0,0.0,179.30763409572307,0.0,0
2030-02-22 07:00:00,0.0,164.0161654332645,0.0,0.0,0.0,166.75264976628523,0.0,0
2030-02-22 08:00:00,0.0,164.0161654332645,0.0,0.0,0.0,152.70539898521673,0.0,0
2030-02-22 09:00:00,0.0,164.0161654332645,0.0,0.0,39.6399270389716,134.13259162855917,0.0,0
2030-02-22 10:00:00,0.0,164.0161654332645,0.0,0.0,102.59049773966684,105.18409995845916,0.0,0
2030-02-22 11:00:00,0.0,164.0161654332645,0.0,0.0,174.46537679044937,87.05010758807313,0.0,0
2030-02-22 12:00:00,0.0,153.05500857491717,0.0,0.0,213.9088791163324,73.65295308296254,0.0,0
2030-02-22 13:00:00,0.0,103.27701484532952,0.0,0.0,247.1833438416876,74.40942874953181,0.0,0
2030-02-22 14:00:00,0.0,86.48644418993142,0.0,0.0,252.99917194307704,78.75029888308734,0.0,0
2030-02-22 15:00:00,0.0,114.88617114726564,0.0,0.0,241.01075639694747,78.26051043881449,0.0,0
2030-02-22 16:00:00,0.0,164.0161654332645,0.0,0.0,212.23690249227067,77.16495046467173,0.0,0
2030-02-22 17:00:00,0.0,164.0161654332645,0.0,0.0,164.87369772842237,70.55022085679965,0.0,0
2030-02-22 18:00:00,0.0,164.0161654332645,0.0,0.0,99.2885509813907,64.197007250847,0.0,0
2030-02-22 19:00:00,0.0,164.0161654332645,0.0,99.9999999999999,29.227050682465634,71.51059035537385,0.0,0
2030-02-22 20:00:00,0.0,164.0161654332645,0.0,99.9999999999999,0.0,77.78919063874497,0.0,0
2030-02-22 21:00:00,0.0,164.0161654332645,0.0,99.9999999999999,0.0,71.95383781625429,0.0,0
2030-02-22 22:00:00,0.0,164.0161654332645,0.0,99.9999999999999,0.0,54.59331226510463,0.0,0
2030-02-22 23:00:00,0.0,164.0161654332645,0.0,99.9999999999999,0.0,52.00770207663555,0.0,0
2030-02-23 00:00:00,0.0,164.0161654332645,0.0,99.9999999999999,0.0,53.78069192015721,0.0,0
2030-02-23 01:00:00,0.0,164.0161654332645,0.0,88.59581804562828,0.0,55.701430917305665,0.0,0
2030-02-23 02:00:00,0.0,164.0161654332645,0.0,25.47380291982012,0.0,63.162763175459354,0.0,0
2030-02-23 03:00:00,0.0,164.0161654332645,0.0,0.0,0.0,74.09546179807484,0.0,0
2030-02-23 04:00:00,0.0,164.0161654332645,0.0,0.0,0.0,76.71505429187812,0.0,0
2030-02-23 05:00:00,0.0,164.0161654332645,0.0,0.0,0.0,71.14121747130687,0.0,0
2030-02-23 06:00:00,0.0,164.0161654332645,0.0,0.0,0.0,62.12851910007171,0.0,0
2030-02-23 07:00:00,0.0,164.0161654332645,0.0,0.0,0.0,56.58792583906652,0.0,0
2030-02-23 08:00:00,0.0,164.0161654332645,0.0,0.0,0.0,52.45094953751596,0.0,0
2030-02-23 09:00:00,0.0,164.0161654332645,0.0,0.0,48.69202978070692,40.85264097781173,0.0,0
2030-02-23 10:00:00,0.0,164.0161654332645,0.0,0.0,110.42263735372516,36.420166369007546,0.0,0
2030-02-23 11:00:00,0.0,164.0161654332645,0.0,0.0,177.29105278355576,31.618318876136367,0.0,0
2030-02-23 12:00:00,0.0,164.0161654332645,0.0,0.0,221.27421421645408,25.634478154250743,0.0,0
2030-02-23 13:00:00,0.0,157.3961039564366,0.0,0.0,244.74164266422733,19.798386585991928,0.0,0
2030-02-23 14:00:00,0.0,160.1848521649781,0.0,0.0,248.52518495399187,16.104657745321788,0.0,0
2030-02-23 15:00:00,0.0,164.0161654332645,0.0,0.0,236.1196627129,22.162373044020818,0.0,0
2030-02-23 16:00:00,0.0,164.0161654332645,0.0,0.0,206.86007179182027,33.61293245009826,0.0,0
2030-02-23 17:00:00,0.0,164.0161654332645,0.0,0.0,157.6959127308581,50.53021054036747,0.0,0
2030-02-23 18:00:00,0.0,164.0161654332645,0.0,0.0,93.37687708626527,56.66180041587992,0.0,0
2030-02-23 19:00:00,0.0,164.0161654332645,0.0,91.40895879940568,26.328011242302015,65.82224794074186,0.0,0
2030-02-23 20:00:00,0.0,164.0161654332645,0.0,91.40895879940568,0.0,70.77184458723984,0.0,0
2030-02-23 21:00:00,0.0,164.0161654332645,0.0,91.40895879940568,0.0,67.96461066833055,0.0,0
2030-02-23 22:00:00,0.0,164.0161654332645,0.0,91.40895879940568,0.0,67.15199032338312,0.0,0
2030-02-23 23:00:00,0.0,164.0161654332645,0.0,91.40895879940568,0.0,59.91228179566964,0.0,0
2030-02-24 00:00:00,0.0,164.0161654332645,0.0,91.40895879940568,0.0,61.5375224855645,0.0,0
2030-02-24 01:00:00,0.0,164.0161654332645,0.0,46.88271888387016,0.0,71.8799632394409,0.0,0
2030-02-24 02:00:00,0.0,164.0161654332645,0.0,0.0,0.0,80.798840898123,0.0,0
2030-02-24 03:00:00,0.0,164.0161654332645,0.0,0.0,0.0,87.15500948714819,0.0,0
2030-02-24 04:00:00,0.0,164.0161654332645,0.0,0.0,0.0,92.03220904836904,0.0,0
2030-02-24 05:00:00,0.0,164.0161654332645,0.0,0.0,0.0,103.11708929922013,0.0,0
2030-02-24 06:00:00,0.0,164.0161654332645,0.0,0.0,0.0,106.86031410635525,0.0,0
2030-02-24 07:00:00,0.0,164.0161654332645,0.0,0.0,0.0,111.8180369563027,0.0,0
2030-02-24 08:00:00,0.0,164.0161654332645,0.0,0.0,0.0,114.23742934694164,0.0,0
2030-02-24 09:00:00,0.0,164.0161654332645,0.0,0.0,45.7338262703359,100.73463419698788,0.0,0
2030-02-24 10:00:00,0.0,164.0161654332645,0.0,0.0,101.65748035249584,65.37900047986146,0.0,0
2030-02-24 11:00:00,0.0,164.0161654332645,0.0,0.0,172.6413485059546,68.99885474371817,0.0,0
2030-02-24 12:00:00,0.0,131.5858156510903,0.0,0.0,214.55317584089116,73.65295308296254,0.0,0
2030-02-24 13:00:00,0.0,110.36667511123056,0.0,0.0,239.01811051236157,69.6637259350388,0.0,0
2030-02-24 14:00:00,0.0,110.37620090328863,0.0,0.0,245.62555387312625,60.87265129424387,0.0,0
2030-02-24 15:00:00,0.0,135.63825578923104,0.0,0.0,236.1196627129,56.218552954999495,0.0,0
2030-02-24 16:00:00,0.0,164.0161654332645,0.0,0.0,206.6464894983715,64.3447564044738,0.0,0
2030-02-24 17:00:00,0.0,164.0161654332645,0.0,0.0,154.85662900160403,88.25278569859535,0.0,0
2030-02-24 18:00:00,0.0,164.0161654332645,0.0,0.0,94.84237110530307,117.80631015279712,0.0,0
2030-02-24 19:00:00,0.0,164.0161654332645,0.0,0.0,27.688784857072694,149.4903774022974,0.0,0
2030-02-24 20:00:00,0.0,164.0161654332645,0.0,0.0,0.0,163.03823604410735,0.0,0
2030-02-24 21:00:00,0.0,164.0161654332645,0.0,0.0,0.0,164.15078717091723,0.0,0
2030-02-24 22:00:00,0.0,164.0161654332645,0.0,0.0,0.0,177.29898435216663,0.0,0
2030-02-24 23:00:00,0.0,164.0161654332645,0.0,0.0,0.0,173.01869137159807,0.0,0
2030-02-25 00:00:00,0.0,164.0161654332645,0.0,0.0,0.0,174.67126565491392,0.0,0
2030-02-25 01:00:00,0.0,164.0161654332645,0.0,0.0,0.0,183.7888659252241,0.0,0
2030-02-25 02:00:00,0.0,164.0161654332645,0.0,0.0,0.0,199.05947969832255,0.0,0
2030-02-25 03:00:00,0.0,164.0161654332645,0.0,0.0,0.0,211.97275572530535,0.0,0
2030-02-25 04:00:00,0.0,164.0161654332645,0.0,0.0,0.0,225.89959094616805,0.0,0
2030-02-25 05:00:00,0.0,164.0161654332645,0.0,0.0,0.0,233.47247381531,0.0,0
2030-02-25 06:00:00,0.0,164.0161654332645,0.0,0.0,0.0,235.4471412535323,0.0,0
2030-02-25 07:00:00,0.0,164.0161654332645,0.0,0.0,0.0,243.37905456598725,0.0,0
2030-02-25 08:00:00,0.0,164.0161654332645,0.0,0.0,0.0,253.6069897258029,0.0,0
2030-02-25 09:00:00,0.0,164.0161654332645,0.0,0.0,50.88110037838146,241.36375611051767,0.0,0
2030-02-25 10:00:00,0.0,164.0161654332645,0.0,0.0,120.03029071470812,150.46921554507503,0.0,0
2030-02-25 11:00:00,0.0,164.0161654332645,0.0,0.0,177.3928149843125,116.75211994166986,0.0,0
2030-02-25 12:00:00,0.0,164.0161654332645,0.0,0.0,217.15343672650727,107.57394251837272,0.0,0
2030-02-25 13:00:00,0.0,164.0161654332645,0.0,0.0,239.38847759186,107.71578170585444,0.0,0
2030-02-25 14:00:00,0.0,164.0161654332645,0.0,0.0,241.1284928966602,115.35367420259216,0.0,0
2030-02-25 15:00:00,0.0,164.0161654332645,0.0,0.0,215.27261093461337,100.20790846430832,0.0,0
2030-02-25 16:00:00,0.0,164.0161654332645,0.0,0.0,190.86447377054216,74.92876702453002,0.0,0
2030-02-25 17:00:00,0.0,164.0161654332645,0.0,0.0,135.67859564386873,65.74837336392845,0.0,0
2030-02-25 18:00:00,0.0,164.0161654332645,0.0,26.96523723441197,76.48198519783433,71.8799632394409,0.0,0
2030-02-25 19:00:00,0.0,164.0161654332645,0.0,99.9999999999999,25.14472983815364,89.64310523422358,0.0,0
2030-02-25 20:00:00,0.0,164.0161654332645,0.0,99.9999999999999,0.0,122.2542984227321,0.0,0
2030-02-25 21:00:00,0.0,164.0161654332645,0.0,99.9999999999999,0.0,143.52205034154267,0.0,0
2030-02-25 22:00:00,0.0,164.0161654332645,0.0,99.9999999999999,0.0,116.42263932908212,0.0,0
2030-02-25 23:00:00,0.0,164.0161654332645,0.0,99.9999999999999,0.0,132.4334763618509,0.0,0
2030-02-26 00:00:00,0.0,164.0161654332645,0.0,0.0,0.0,154.0218439440316,0.0,0
2030-02-26 01:00:00,0.0,164.0161654332645,0.0,0.0,0.0,162.56026753212464,0.0,0
2030-02-26 02:00:00,0.0,164.0161654332645,0.0,0.0,0.0,158.27923580578795,0.0,0
2030-02-26 03:00:00,0.0,164.0161654332645,0.0,0.0,0.0,146.59966521158898,0.0,0
2030-02-26 04:00:00,0.0,164.0161654332645,0.0,0.0,0.0,121.96840381046424,0.0,0
2030-02-26 05:00:00,0.0,164.0161654332645,0.0,0.0,0.0,113.04583242294144,0.0,0
2030-02-26 06:00:00,0.0,164.0161654332645,0.0,0.0,0.0,120.63718393628675,0.0,0
2030-02-26 07:00:00,0.0,164.0161654332645,0.0,0.0,0.0,118.18233174877732,0.0,0
2030-02-26 08:00:00,0.0,164.0161654332645,0.0,0.0,0.0,97.9089316338752,0.0,0
2030-02-26 09:00:00,0.0,164.0161654332645,0.0,0.0,37.3325283008822,62.20239367688512,0.0,0
2030-02-26 10:00:00,0.0,164.0161654332645,0.0,0.0,96.13983916495182,42.77337997496019,0.0,0
2030-02-26 11:00:00,0.0,164.0161654332645,0.0,0.0,156.94571232062805,38.48865451978285,0.0,0
2030-02-26 12:00:00,0.0,164.0161654332645,0.0,0.0,206.04301598225575,37.60215959802199,0.0,0
2030-02-26 13:00:00,0.0,164.0161654332645,0.0,0.0,224.3785529802375,47.64910204464478,0.0,0
2030-02-26 14:00:00,0.0,164.0161654332645,0.0,0.0,233.67618661333356,68.03848524514396,0.0,0
2030-02-26 15:00:00,0.0,164.0161654332645,0.0,0.0,203.25638827548633,97.38589963003632,0.0,0
2030-02-26 16:00:00,0.0,164.0161654332645,0.0,0.0,178.53763974282612,122.15900021864284,0.0,0
2030-02-26 17:00:00,0.0,164.0161654332645,0.0,0.0,141.48495749402497,144.10787573567293,0.0,0
2030-02-26 18:00:00,0.0,164.0161654332645,0.0,0.0,83.16160872425209,190.68136394191453,0.0,0
2030-02-26 19:00:00,0.0,164.0161654332645,0.0,22.343388576572636,14.90934569226991,234.7652789095445,0.0,0
2030-02-26 20:00:00,0.0,164.0161654332645,0.0,68.6317694291406,0.0,244.54184040503023,0.0,0
2030-02-26 21:00:00,0.0,164.0161654332645,0.0,68.6317694291406,0.0,233.42667157768568,0.0,0
2030-02-26 22:00:00,0.0,164.0161654332645,0.0,86.95621258059231,0.0,141.64194236164155,0.0,0
2030-02-26 23:00:00,0.0,164.0161654332645,0.0,86.95621258059231,0.0,109.14082229258496,0.0,0
2030-02-27 00:00:00,0.0,164.0161654332645,0.0,86.95621258059231,0.0,73.57907850614913,0.0,0
2030-02-27 01:00:00,0.0,164.0161654332645,0.0,53.427218657430245,0.0,71.95383781625429,0.0,0
2030-02-27 02:00:00,0.0,164.0161654332645,0.0,0.0,0.0,88.67904200680867,0.0,0
2030-02-27 03:00:00,0.0,164.0161654332645,0.0,0.0,0.0,95.90545311069577,0.0,0
2030-02-27 04:00:00,0.0,164.0161654332645,0.0,0.0,0.0,97.74714631065389,0.0,0
2030-02-27 05:00:00,0.0,164.0161654332645,0.0,0.0,0.0,125.66804261727945,0.0,0
2030-02-27 06:00:00,0.0,164.0161654332645,0.0,0.0,0.0,142.7345473527118,0.0,0
2030-02-27 07:00:00,0.0,164.0161654332645,0.0,0.0,0.0,134.42882868158088,0.0,0
2030-02-27 08:00:00,0.0,164.0161654332645,0.0,0.0,0.0,128.26325650073431,0.0,0
2030-02-27 09:00:00,0.0,164.0161654332645,0.0,0.0,39.758255179386445,119.22691826491884,0.0,0
2030-02-27 10:00:00,0.0,164.0161654332645,0.0,0.0,109.42927261494256,91.76478308030451,0.0,0
2030-02-27 11:00:00,0.0,164.0161654332645,0.0,0.0,161.83029795695265,89.95411720260803,0.0,0
2030-02-27 12:00:00,0.0,164.0161654332645,0.0,0.0,201.02886103217696,68.62948185965118,0.0,0
2030-02-27 13:00:00,0.0,164.0161654332645,0.0,0.0,226.43213785713704,42.25625793726638,0.0,0
2030-02-27 14:00:00,0.0,164.0161654332645,0.0,0.0,233.11590286846933,34.86880025592611,0.0,0
2030-02-27 15:00:00,0.0,164.0161654332645,0.0,0.0,213.10128955800107,33.169684989217835,0.0,0
2030-02-27 16:00:00,0.0,164.0161654332645,0.0,0.0,187.69801273304097,36.86341382988797,0.0,0
2030-02-27 17:00:00,0.0,164.0161654332645,0.0,0.0,153.01840134025952,53.6329427665304,0.0,0
2030-02-27 18:00:00,0.0,164.0161654332645,0.0,0.0,96.42974310896814,75.01076780479289,0.0,0
2030-02-27 19:00:00,0.0,164.0161654332645,0.0,99.9999999999999,29.64119917391756,102.30668519157707,0.0,0
2030-02-27 20:00:00,0.0,164.0161654332645,0.0,99.9999999999999,0.0,119.97526772803865,0.0,0
2030-02-27 21:00:00,0.0,164.0161654332645,0.0,99.9999999999999,0.0,127.72323334422832,0.0,0
2030-02-27 22:00:00,0.0,164.0161654332645,0.0,99.9999999999999,0.0,139.2225499710026,0.0,0
2030-02-27 23:00:00,0.0,164.0161654332645,0.0,91.94665708684009,0.0,140.8278445251578,0.0,0
2030-02-28 00:00:00,0.0,164.0161654332645,0.0,46.283204686838246,0.0,134.5056582414668,0.0,0
2030-02-28 01:00:00,0.0,164.0161654332645,0.0,0.0,0.0,130.16404936214315,0.0,0
2030-02-28 02:00:00,0.0,164.0161654332645,0.0,0.0,0.0,125.9406398057209,0.0,0
2030-02-28 03:00:00,0.0,164.0161654332645,0.0,0.0,0.0,127.50234835955624,0.0,0
2030-02-28 04:00:00,0.0,164.0161654332645,0.0,0.0,0.0,136.06293432069336,0.0,0
2030-02-28 05:00:00,0.0,164.0161654332645,0.0,0.0,0.0,144.77496316429793,0.0,0
2030-02-28 06:00:00,0.0,164.0161654332645,0.0,0.0,0.0,155.25850435988795,0.0,0
2030-02-28 07:00:00,0.0,164.0161654332645,0.0,0.0,0.0,157.43041691820198,0.0,0
2030-02-28 08:00:00,0.0,164.0161654332645,0.0,0.0,0.0,158.02880099039055,0.0,0
2030-02-28 09:00:00,0.0,164.0161654332645,0.0,0.0,43.89974009390589,131.09486902999203,0.0,0
2030-02-28 10:00:00,0.0,164.0161654332645,0.0,0.0,113.01875675442676,95.84192097463622,0.0,0
2030-02-28 11:00:00,0.0,164.0161654332645,0.0,0.0,175.6019185791339,77.74412714688881,0.0,0
2030-02-28 12:00:00,0.0,164.0161654332645,0.0,0.0,216.0364190809912,64.27088182766042,0.0,0
2030-02-28 13:00:00,0.0,164.0161654332645,0.0,0.0,231.35813834260685,57.10504787676033,0.0,0
2030-02-28 14:00:00,0.0,164.0161654332645,0.0,0.0,242.5490222223404,51.78607834619534,0.0,0
2030-02-28 15:00:00,0.0,154.65965911021567,0.0,0.0,239.915037816706,56.66180041587992,0.0,0
2030-02-28 16:00:00,0.0,164.0161654332645,0.0,0.0,216.1287150305148,67.07811574656971,0.0,0
2030-02-28 17:00:00,0.0,164.0161654332645,0.0,0.0,169.35300948382618,87.5007425066349,0.0,0
2030-02-28 18:00:00,0.0,164.0161654332645,0.0,0.0,104.7144878601132,118.2222240202566,0.0,0
2030-02-28 19:00:00,0.0,164.0161654332645,0.0,68.21576679757925,31.41612128014019,149.17788794237677,0.0,0
2030-02-28 20:00:00,0.0,164.0161654332645,0.0,69.155051812939,0.0,167.82678611315217,0.0,0
2030-02-28 21:00:00,0.0,164.0161654332645,0.0,69.155051812939,0.0,168.7310109333482,0.0,0
2030-02-28 22:00:00,0.0,164.0161654332645,0.0,69.155051812939,0.0,153.5822902119918,0.0,0
2030-02-28 23:00:00,0.0,164.0161654332645,0.0,69.155051812939,0.0,150.2402043569535,0.0,0
2030-03-01 00:00:00,0.0,164.0161654332645,0.0,0.0,0.0,143.08545159257545,0.0,0
2030-03-01 01:00:00,0.0,164.0161654332645,0.0,0.0,0.0,134.62090258129575,0.0,0
2030-03-01 02:00:00,0.0,164.0161654332645,0.0,0.0,0.0,134.7612642772412,0.0,0
2030-03-01 03:00:00,0.0,164.0161654332645,0.0,0.0,0.0,133.6819567099974,0.0,0
2030-03-01 04:00:00,0.0,164.0161654332645,0.0,0.0,0.0,133.83561582976927,0.0,0
2030-03-01 05:00:00,0.0,164.0161654332645,0.0,0.0,0.0,139.30602824280177,0.0,0
2030-03-01 06:00:00,0.0,164.0161654332645,0.0,0.0,0.0,143.82050363186875,0.0,0
2030-03-01 07:00:00,0.0,164.0161654332645,0.0,0.0,0.0,141.06572066249697,0.0,0
2030-03-01 08:00:00,0.0,164.0161654332645,0.0,0.0,0.0,133.9974011529906,0.0,0
2030-03-01 09:00:00,0.0,164.0161654332645,0.0,0.0,50.76277223796662,99.92570758088112,0.0,0
2030-03-01 10:00:00,0.0,164.0161654332645,0.0,0.0,124.09604561936204,52.37707496070255,0.0,0
2030-03-01 11:00:00,0.0,164.0161654332645,0.0,0.0,184.99776456877436,47.35360373739116,0.0,0
2030-03-01 12:00:00,0.0,164.0161654332645,0.0,0.0,223.3751303495196,54.07619022741083,0.0,0
2030-03-01 13:00:00,0.0,152.681612623074,0.0,0.0,231.92433849449188,60.28165467973666,0.0,0
2030-03-01 14:00:00,0.0,124.69148836629796,0.0,0.0,234.8245612160596,65.67449878711506,0.0,0
2030-03-01 15:00:00,0.0,158.8080820249591,0.0,0.0,220.45715840688965,71.36284120174707,0.0,0
2030-03-01 16:00:00,0.0,164.0161654332645,0.0,0.0,191.50936213580297,74.22548105326642,0.0,0
2030-03-01 17:00:00,0.0,164.0161654332645,0.0,0.0,152.70719833096848,75.29518492552451,0.0,0
2030-03-01 18:00:00,0.0,164.0161654332645,0.0,0.0,90.32992747058313,75.63205299579363,0.0,0
2030-03-01 19:00:00,0.0,164.0161654332645,0.0,87.61951942325437,23.369807731931008,82.54671338552812,0.0,0
2030-03-01 20:00:00,0.0,164.0161654332645,0.0,96.99568426296446,0.0,93.93226316400975,0.0,0
2030-03-01 21:00:00,0.0,164.0161654332645,0.0,96.99568426296446,0.0,96.12781558690408,0.0,0
2030-03-01 22:00:00,0.0,164.0161654332645,0.0,96.99568426296446,0.0,100.8698246725564,0.0,0
2030-03-01 23:00:00,0.0,164.0161654332645,0.0,95.0091579968672,0.0,104.29686629093015,0.0,0
2030-03-02 00:00:00,0.0,164.0161654332645,0.0,39.61436647345528,0.0,109.56560110926203,0.0,0
2030-03-02 01:00:00,0.0,164.0161654332645,0.0,0.0,0.0,112.54644028368286,0.0,0
2030-03-02 02:00:00,0.0,164.0161654332645,0.0,0.0,0.0,109.2110031405577,0.0,0
2030-03-02 03:00:00,0.0,164.0161654332645,0.0,0.0,0.0,111.37848322426296,0.0,0
2030-03-02 04:00:00,0.0,164.0161654332645,0.0,0.0,0.0,125.68651126148282,0.0,0
2030-03-02 05:00:00,0.0,164.0161654332645,0.0,0.0,0.0,128.72275636851367,0.0,0
2030-03-02 06:00:00,0.0,164.0161654332645,0.0,0.0,0.0,125.49739234484048,0.0,0
2030-03-02 07:00:00,0.0,164.0161654332645,0.0,0.0,0.0,123.4370303975147,0.0,0
2030-03-02 08:00:00,0.0,164.0161654332645,0.0,0.0,0.0,120.27076603529224,0.0,0
2030-03-02 09:00:00,0.0,164.0161654332645,0.0,0.0,49.40199862319594,97.9192740746291,0.0,0
2030-03-02 10:00:00,0.0,164.0161654332645,0.0,0.0,117.58681461514168,76.51928666332257,0.0,0
2030-03-02 11:00:00,0.0,164.0161654332645,0.0,0.0,175.14753851994092,73.13583104526873,0.0,0
2030-03-02 12:00:00,0.0,132.1297262102815,0.0,0.0,225.3754675632325,67.81686151470372,0.0,0
2030-03-02 13:00:00,0.0,119.0630965890312,0.0,0.0,253.03999515152017,60.06003094929645,0.0,0
2030-03-02 14:00:00,0.0,103.39847973986097,0.0,0.0,255.80295723020663,59.76453264204283,0.0,0
2030-03-02 15:00:00,0.0,116.13437321101564,0.0,0.0,236.00429277599557,69.6637259350388,0.0,0
2030-03-02 16:00:00,0.0,164.0161654332645,0.0,0.0,192.86540262495708,94.4434752355585,0.0,0
2030-03-02 17:00:00,0.0,164.0161654332645,0.0,0.0,142.97825862606027,127.225318696506,0.0,0
2030-03-02 18:00:00,0.0,164.0161654332645,0.0,0.0,88.60351990193061,152.65294803567923,0.0,0
2030-03-02 19:00:00,0.0,164.0161654332645,0.0,0.0,29.996183595162087,173.25582876316912,0.0,0
2030-03-02 20:00:00,0.0,164.0161654332645,0.0,21.855179103480737,0.0,173.67986883407806,0.0,0
2030-03-02 21:00:00,0.0,164.0161654332645,0.0,21.855179103480737,0.0,165.24560839929188,0.0,0
2030-03-02 22:00:00,0.0,164.0161654332645,0.0,21.855179103480737,0.0,140.31219997900027,0.0,0
2030-03-02 23:00:00,0.0,164.0161654332645,0.0,21.855179103480737,0.0,136.65393093520055,0.0,0
2030-03-03 00:00:00,0.0,164.0161654332645,0.0,0.0,0.0,124.04871189352968,0.0,0
2030-03-03 01:00:00,0.0,164.0161654332645,0.0,0.0,0.0,110.48090711598012,0.0,0
2030-03-03 02:00:00,0.0,164.0161654332645,0.0,0.0,0.0,101.60487671184976,0.0,0
2030-03-03 03:00:00,0.0,164.0161654332645,0.0,0.0,0.0,91.18856138115997,0.0,0
2030-03-03 04:00:00,0.0,164.0161654332645,0.0,0.0,0.0,83.9917001079983,0.0,0
2030-03-03 05:00:00,0.0,164.0161654332645,0.0,0.0,0.0,90.30502144247168,0.0,0
2030-03-03 06:00:00,0.0,164.0161654332645,0.0,0.0,0.0,110.47425840406687,0.0,0
2030-03-03 07:00:00,0.0,164.0161654332645,0.0,0.0,0.0,121.87532184367936,0.0,0
2030-03-03 08:00:00,0.0,164.0161654332645,0.0,0.0,0.0,116.99442855361784,0.0,0
2030-03-03 09:00:00,0.0,164.0161654332645,0.0,0.0,43.3672634620391,97.54325247864888,0.0,0
2030-03-03 10:00:00,0.0,164.0161654332645,0.0,0.0,99.52579890292247,61.5375224855645,0.0,0
2030-03-03 11:00:00,0.0,164.0161654332645,0.0,0.0,156.22805214901203,62.42401740732534,0.0,0
2030-03-03 12:00:00,0.0,122.9750440473785,0.0,0.0,199.03799006969723,72.2493361235079,0.0,0
2030-03-03 13:00:00,0.0,85.82494020623415,0.0,0.0,221.21386686484252,93.27921190497926,0.0,0
2030-03-03 14:00:00,0.0,20.923486476873393,0.0,0.0,226.8492445520993,128.06084016026557,0.0,0
2030-03-03 15:00:00,0.0,36.429070792278026,0.0,0.0,215.0590286411646,154.43628031995476,0.0,0
2030-03-03 16:00:00,0.0,96.18007276191082,0.0,0.0,180.6024657930651,153.2365571925051,0.0,0
2030-03-03 17:00:00,0.0,157.8000640948029,0.0,0.0,140.77380537013178,159.6459154768359,0.0,0
2030-03-03 18:00:00,0.0,164.0161654332645,0.0,0.0,89.33656273180054,149.52731469070415,0.0,0
2030-03-03 19:00:00,0.0,164.0161654332645,0.0,0.0,27.037980084791084,160.77915148515353,0.0,0
2030-03-03 20:00:00,0.0,164.0161654332645,0.0,10.469530725804702,0.0,190.65994031463865,0.0,0
2030-03-03 21:00:00,0.0,164.0161654332645,0.0,15.494227354229736,0.0,195.41894055295808,0.0,0
2030-03-03 22:00:00,0.0,164.0161654332645,0.0,34.79237909634094,0.0,116.54157739775168,0.0,0
2030-03-03 23:00:00,0.0,164.0161654332645,0.0,34.79237909634094,0.0,115.13278921792008,0.0,0
2030-03-04 00:00:00,0.0,164.0161654332645,0.0,0.0,0.0,128.8993166070977,0.0,0
2030-03-04 01:00:00,0.0,164.0161654332645,0.0,0.0,0.0,140.52422001445476,0.0,0
2030-03-04 02:00:00,0.0,164.0161654332645,0.0,0.0,0.0,152.47786528863142,0.0,0
2030-03-04 03:00:00,0.0,164.0161654332645,0.0,0.0,0.0,158.83920509803357,0.0,0
2030-03-04 04:00:00,0.0,164.0161654332645,0.0,0.0,0.0,189.22603477869052,0.0,0
2030-03-04 05:00:00,0.0,164.0161654332645,0.0,0.0,0.0,223.51861333547208,0.0,0
2030-03-04 06:00:00,0.0,164.0161654332645,0.0,0.0,0.0,220.85986731595773,0.0,0
2030-03-04 07:00:00,0.0,164.0161654332645,0.0,0.0,0.0,213.47979709229875,0.0,0
2030-03-04 08:00:00,0.0,164.0161654332645,0.0,0.0,1.0235384145883697,210.035764321258,0.0,0
2030-03-04 09:00:00,0.0,164.0161654332645,0.0,0.0,53.89846795895993,189.23489972790816,0.0,0
2030-03-04 10:00:00,0.0,164.0161654332645,0.0,0.0,124.41139011356762,139.29273081897534,0.0,0
2030-03-04 11:00:00,0.0,119.72063815243064,0.0,0.0,185.09597692531864,149.515494758414,0.0,0
2030-03-04 12:00:00,0.0,51.08563199512264,0.0,0.0,226.33984190761345,159.97835107249622,0.0,0
2030-03-04 13:00:00,0.0,1.0592547730556703,0.0,0.0,248.60209824526157,179.39258985905852,0.0,0
2030-03-04 14:00:00,0.0,0.0,0.0,0.0,250.112556957657,179.6452409117603,0.0,0
2030-03-04 15:00:00,0.0,0.0,0.0,0.0,240.05229845958723,222.88550821218124,0.0,0
2030-03-04 16:00:00,0.0,12.386783165173824,0.0,0.0,212.58005409947367,259.70385855021306,0.0,0
2030-03-04 17:00:00,0.0,90.82869592023667,0.0,0.0,165.71619408817605,261.5987414454769,0.0,0
2030-03-04 18:00:00,0.0,164.0161654332645,0.0,0.0,101.20901670032357,250.87954034985208,0.0,0
2030-03-04 19:00:00,0.0,164.0161654332645,0.0,0.0,31.06113685889565,259.7939855339254,0.0,0
2030-03-04 20:00:00,0.0,164.0161654332645,0.0,0.0,0.0,267.66088921878463,0.0,0
2030-03-04 21:00:00,0.0,164.0161654332645,0.0,0.0,0.0,267.1230822995831,0.0,0
2030-03-04 22:00:00,0.0,164.0161654332645,0.0,0.0,0.0,266.40945388756563,0.0,0
2030-03-04 23:00:00,0.0,164.0161654332645,0.0,0.0,0.0,256.86190358020144,0.0,0
2030-03-05 00:00:00,0.0,164.0161654332645,0.0,0.0,0.0,246.645788352676,0.0,0
2030-03-05 01:00:00,0.0,164.0161654332645,0.0,0.0,0.0,234.03539809062812,0.0,0
2030-03-05 02:00:00,0.0,164.0161654332645,0.0,0.0,0.0,213.48496831267568,0.0,0
2030-03-05 03:00:00,0.0,164.0161654332645,0.0,0.0,0.0,202.97113854059228,0.0,0
2030-03-05 04:00:00,0.0,164.0161654332645,0.0,0.0,0.0,213.42956238006568,0.0,0
2030-03-05 05:00:00,0.0,164.0161654332645,0.0,0.0,0.0,220.75127168804207,0.0,0
2030-03-05 06:00:00,0.0,164.0161654332645,0.0,0.0,0.0,223.70551601481,0.0,0
2030-03-05 07:00:00,0.0,164.0161654332645,0.0,0.0,0.0,226.3169823051638,0.0,0
2030-03-05 08:00:00,0.0,164.0161654332645,0.0,0.0,3.017367580578429,227.7405454003581,0.0,0
2030-03-05 09:00:00,0.0,164.0161654332645,0.0,0.0,52.241873993152154,208.3314778341728,0.0,0
2030-03-05 10:00:00,0.0,164.0161654332645,0.0,0.0,119.83445764232158,204.90443621579905,0.0,0
2030-03-05 11:00:00,0.0,76.07541556621054,0.0,0.0,181.97033909626063,206.199457547338,0.0,0
2030-03-05 12:00:00,0.0,12.850067551295297,0.0,0.0,222.04630533266092,214.70094384702432,0.0,0
2030-03-05 13:00:00,0.0,0.0,0.0,0.0,245.59774676012876,227.210864684606,0.0,0
2030-03-05 14:00:00,0.0,0.0,0.0,0.0,251.39582564045597,233.88617144546504,0.0,0
2030-03-05 15:00:00,0.0,0.0,0.0,0.0,239.30801445637792,223.35608926648257,0.0,0
2030-03-05 16:00:00,0.0,74.7600301853339,0.0,0.0,210.08155541461437,212.7410513241648,0.0,0
2030-03-05 17:00:00,0.0,159.35149605360965,0.0,0.0,164.96599367794593,208.0226821030928,0.0,0
2030-03-05 18:00:00,0.0,164.0161654332645,0.0,0.0,101.57938377982204,210.9495928364397,0.0,0
2030-03-05 19:00:00,0.0,164.0161654332645,0.0,0.0,31.53444942055503,240.33985447588395,0.0,0
2030-03-05 20:00:00,0.0,164.0161654332645,0.0,0.0,0.0,259.5265595658609,0.0,0
2030-03-05 21:00:00,0.0,164.0161654332645,0.0,0.0,0.0,267.7155564056266,0.0,0
2030-03-05 22:00:00,0.0,164.0161654332645,0.0,0.0,0.0,266.83866517885144,0.0,0
2030-03-05 23:00:00,0.0,164.0161654332645,0.0,0.0,0.0,266.05190093578875,0.0,0
2030-03-06 00:00:00,0.0,164.0161654332645,0.0,0.0,0.0,269.9214512692748,0.0,0
2030-03-06 01:00:00,0.0,164.0161654332645,0.0,0.0,0.0,265.83249344265295,0.0,0
2030-03-06 02:00:00,0.0,164.0161654332645,0.0,0.0,0.0,257.02073392035027,0.0,0
2030-03-06 03:00:00,0.0,164.0161654332645,0.0,0.0,0.0,248.58056351941892,0.0,0
2030-03-06 04:00:00,0.0,164.0161654332645,0.0,0.0,0.0,254.6959009880325,0.0,0
2030-03-06 05:00:00,0.0,164.0161654332645,0.0,0.0,0.0,262.86199670898606,0.0,0
2030-03-06 06:00:00,0.0,164.0161654332645,0.0,0.0,0.0,264.9489535039647,0.0,0
2030-03-06 07:00:00,0.0,164.0161654332645,0.0,0.0,0.0,254.68925227611925,0.0,0
2030-03-06 08:00:00,0.0,164.0161654332645,0.0,0.0,5.265602248460403,233.51532106986167,0.0,0
2030-03-06 09:00:00,0.0,164.0161654332645,0.0,0.0,58.63159357555354,193.76415003233788,0.0,0
2030-03-06 10:00:00,0.0,164.0161654332645,0.0,0.0,129.31609153376274,114.30243897453744,0.0,0
2030-03-06 11:00:00,0.0,164.0161654332645,0.0,0.0,188.5369592485822,99.19065554158776,0.0,0
2030-03-06 12:00:00,0.0,148.43616879345643,0.0,0.0,229.35365964397943,76.28879798366475,0.0,0
2030-03-06 13:00:00,0.0,135.2111299419076,0.0,0.0,251.5413692531662,62.20239367688512,0.0,0
2030-03-06 14:00:00,0.0,132.00946128223006,0.0,0.0,253.9789289457119,57.47442076082734,0.0,0
2030-03-06 15:00:00,0.0,164.0161654332645,0.0,0.0,242.131323886676,52.820322421582965,0.0,0
2030-03-06 16:00:00,0.0,164.0161654332645,0.0,0.0,214.14967688207656,63.75375978996659,0.0,0
2030-03-06 17:00:00,0.0,164.0161654332645,0.0,0.0,168.45785710158793,93.34717651564755,0.0,0
2030-03-06 18:00:00,0.0,164.0161654332645,0.0,0.0,104.08971527872288,144.9906769285931,0.0,0
2030-03-06 19:00:00,0.0,164.0161654332645,0.0,0.0,31.59361349076245,188.5478661635435,0.0,0
2030-03-06 20:00:00,0.0,164.0161654332645,0.0,0.0,0.0,217.06566905082133,0.0,0
2030-03-06 21:00:00,0.0,164.0161654332645,0.0,0.0,0.0,236.5382687530662,0.0,0
2030-03-06 22:00:00,0.0,164.0161654332645,0.0,0.0,0.0,231.52070749589984,0.0,0
2030-03-06 23:00:00,0.0,164.0161654332645,0.0,0.0,0.0,227.16949492159043,0.0,0
2030-03-07 00:00:00,0.0,164.0161654332645,0.0,0.0,0.0,220.44099846542568,0.0,0
2030-03-07 01:00:00,0.0,164.0161654332645,0.0,0.0,0.0,218.42865499302863,0.0,0
2030-03-07 02:00:00,0.0,164.0161654332645,0.0,0.0,0.0,224.03130289855713,0.0,0
2030-03-07 03:00:00,0.0,164.0161654332645,0.0,0.0,0.0,228.15202679320873,0.0,0
2030-03-07 04:00:00,0.0,164.0161654332645,0.0,0.0,0.0,228.28721726877723,0.0,0
2030-03-07 05:00:00,0.0,164.0161654332645,0.0,0.0,0.0,217.81918973431803,0.0,0
2030-03-07 06:00:00,0.0,164.0161654332645,0.0,0.0,0.0,202.1141934495568,0.0,0
2030-03-07 07:00:00,0.0,164.0161654332645,0.0,0.0,0.0,176.89193543392483,0.0,0
2030-03-07 08:00:00,0.0,164.0161654332645,0.0,0.0,5.289267876543373,151.14295168561327,0.0,0
2030-03-07 09:00:00,0.0,164.0161654332645,0.0,0.0,58.5132654351387,118.8893114488816,0.0,0
2030-03-07 10:00:00,0.0,164.0161654332645,0.0,0.0,129.96097989902364,52.00770207663555,0.0,0
2030-03-07 11:00:00,0.0,164.0161654332645,0.0,0.0,188.01927363426728,51.71220376938194,0.0,0
2030-03-07 12:00:00,0.0,164.0161654332645,0.0,0.0,222.64977884877663,48.97884442728603,0.0,0
2030-03-07 13:00:00,0.0,164.0161654332645,0.0,0.0,232.20240962446667,38.34090536615604,0.0,0
2030-03-07 14:00:00,0.0,164.0161654332645,0.0,0.0,224.1726620159156,36.71566467626117,0.0,0
2030-03-07 15:00:00,0.0,164.0161654332645,0.0,0.0,208.42200324529617,44.91574270254886,0.0,0
2030-03-07 16:00:00,0.0,164.0161654332645,0.0,0.0,163.85252587664226,56.4401766854397,0.0,0
2030-03-07 17:00:00,0.0,164.0161654332645,0.0,0.0,120.89231121763024,76.2090134407063,0.0,0
2030-03-07 18:00:00,0.0,164.0161654332645,0.0,0.0,62.25775943856634,99.70851632504973,0.0,0
2030-03-07 19:00:00,0.0,164.0161654332645,0.0,58.25153821642175,16.68426779849251,145.31941879541273,0.0,0
2030-03-07 20:00:00,0.0,164.0161654332645,0.0,62.02941075778699,0.0,174.3499112457756,0.0,0
2030-03-07 21:00:00,0.0,164.0161654332645,0.0,62.02941075778699,0.0,168.03067994515712,0.0,0
2030-03-07 22:00:00,0.0,164.0161654332645,0.0,62.02941075778699,0.0,127.75499941225809,0.0,0
2030-03-07 23:00:00,0.0,164.0161654332645,0.0,62.02941075778699,0.0,122.39466011867756,0.0,0
2030-03-08 00:00:00,0.0,164.0161654332645,0.0,0.0,0.0,124.35824637037781,0.0,0
2030-03-08 01:00:00,0.0,164.0161654332645,0.0,0.0,0.0,128.0992549402085,0.0,0
2030-03-08 02:00:00,0.0,164.0161654332645,0.0,0.0,0.0,133.61620833663346,0.0,0
2030-03-08 03:00:00,0.0,164.0161654332645,0.0,0.0,0.0,138.70912166214947,0.0,0
2030-03-08 04:00:00,0.0,164.0161654332645,0.0,0.0,0.0,136.99523148007853,0.0,0
2030-03-08 05:00:00,0.0,164.0161654332645,0.0,0.0,0.0,135.04198766913214,0.0,0
2030-03-08 06:00:00,0.0,164.0161654332645,0.0,0.0,0.0,138.6492832549306,0.0,0
2030-03-08 07:00:00,0.0,164.0161654332645,0.0,0.0,0.0,140.9401338819142,0.0,0
2030-03-08 08:00:00,0.0,164.0161654332645,0.0,0.0,4.2065653917475805,142.98202718503663,0.0,0
2030-03-08 09:00:00,0.0,164.0161654332645,0.0,0.0,53.95763202916732,122.75369056199072,0.0,0
2030-03-08 10:00:00,0.0,164.0161654332645,0.0,0.0,124.32323564895856,93.44616844857758,0.0,0
2030-03-08 11:00:00,0.0,164.0161654332645,0.0,0.0,179.65643231044842,94.94951608673027,0.0,0
2030-03-08 12:00:00,0.0,140.71774815773364,0.0,0.0,212.4741504138024,109.59367344845114,0.0,0
2030-03-08 13:00:00,0.0,88.74730414658785,0.0,0.0,238.0495946830661,120.71844597078147,0.0,0
2030-03-08 14:00:00,0.0,62.223073075145976,0.0,0.0,228.71882917065383,140.34839852163887,0.0,0
2030-03-08 15:00:00,0.0,74.08393721300206,0.0,0.0,219.3052339599512,165.2618608061908,0.0,0
2030-03-08 16:00:00,0.0,133.7442697619448,0.0,0.0,202.0163093639388,164.3280861552694,0.0,0
2030-03-08 17:00:00,0.0,164.0161654332645,0.0,0.0,152.75985435345305,152.92923895296136,0.0,0
2030-03-08 18:00:00,0.0,164.0161654332645,0.0,0.0,85.9736769812108,140.16962204575043,0.0,0
2030-03-08 19:00:00,0.0,164.0161654332645,0.0,19.429776825590746,27.62962078686527,156.38952413090112,0.0,0
2030-03-08 20:00:00,0.0,164.0161654332645,0.0,31.398527492015205,0.0,164.72700887006175,0.0,0
2030-03-08 21:00:00,0.0,164.0161654332645,0.0,31.398527492015205,0.0,163.97348818656508,0.0,0
2030-03-08 22:00:00,0.0,164.0161654332645,0.0,31.398527492015205,0.0,184.55642277831527,0.0,0
2030-03-08 23:00:00,0.0,164.0161654332645,0.0,1.2474189293567974,0.0,198.51354657567157,0.0,0
2030-03-09 00:00:00,0.0,164.0161654332645,0.0,0.0,0.0,198.96639773153768,0.0,0
2030-03-09 01:00:00,0.0,164.0161654332645,0.0,0.0,0.0,192.22755883461912,0.0,0
2030-03-09 02:00:00,0.0,164.0161654332645,0.0,0.0,0.0,193.7781862019324,0.0,0
2030-03-09 03:00:00,0.0,164.0161654332645,0.0,0.0,0.0,191.16598116581048,0.0,0
2030-03-09 04:00:00,0.0,164.0161654332645,0.0,0.0,0.0,192.91237616167933,0.0,0
2030-03-09 05:00:00,0.0,164.0161654332645,0.0,0.0,0.0,204.30309716053793,0.0,0
2030-03-09 06:00:00,0.0,164.0161654332645,0.0,0.0,0.0,200.58720594682373,0.0,0
2030-03-09 07:00:00,0.0,164.0161654332645,0.0,0.0,0.0,184.6295586093606,0.0,0
2030-03-09 08:00:00,0.0,164.0161654332645,0.0,0.0,5.2301038063359515,151.10601439720656,0.0,0
2030-03-09 09:00:00,0.0,164.0161654332645,0.0,0.0,59.69299699507466,105.51136433374248,0.0,0
2030-03-09 10:00:00,0.0,164.0161654332645,0.0,0.0,129.6219697767351,77.34520443209644,0.0,0
2030-03-09 11:00:00,0.0,164.0161654332645,0.0,0.0,188.072521297454,75.67046777573658,0.0,0
2030-03-09 12:00:00,0.0,128.38184596507597,0.0,0.0,228.417092412596,67.37361405382333,0.0,0
2030-03-09 13:00:00,0.0,116.28548849180957,0.0,0.0,250.92606292300897,67.66911236107694,0.0,0
2030-03-09 14:00:00,0.0,91.07193615762424,0.0,0.0,254.45283314807332,75.92976754035165,0.0,0
2030-03-09 15:00:00,0.0,103.91154317737865,0.0,0.0,242.99748587451265,79.76976804311232,0.0,0
2030-03-09 16:00:00,0.0,161.48966688152257,0.0,0.0,214.0928793746774,82.35242324850887,0.0,0
2030-03-09 17:00:00,0.0,164.0161654332645,0.0,0.0,167.37397133538795,85.35394730443743,0.0,0
2030-03-09 18:00:00,0.0,164.0161654332645,0.0,0.0,102.99399669848142,103.12890923151028,0.0,0
2030-03-09 19:00:00,0.0,164.0161654332645,0.0,42.34999623737497,32.30358233325149,123.08834239495545,0.0,0
2030-03-09 20:00:00,0.0,164.0161654332645,0.0,59.16317246961108,0.0,126.72740404878364,0.0,0
2030-03-09 21:00:00,0.0,164.0161654332645,0.0,59.16317246961109,0.0,125.3474269539093,0.0,0
2030-03-09 22:00:00,0.0,164.0161654332645,0.0,59.16317246961109,0.0,125.13023569807788,0.0,0
2030-03-09 23:00:00,0.0,164.0161654332645,0.0,57.632585172952304,0.0,126.6572232008109,0.0,0
2030-03-10 00:00:00,0.0,164.0161654332645,0.0,0.0,0.0,119.84672596438332,0.0,0
2030-03-10 01:00:00,0.0,164.0161654332645,0.0,0.0,0.0,116.81343584042499,0.0,0
2030-03-10 02:00:00,0.0,164.0161654332645,0.0,0.0,0.0,105.29417307791108,0.0,0
2030-03-10 03:00:00,0.0,164.0161654332645,0.0,0.0,0.0,92.40823064434925,0.0,0
2030-03-10 04:00:00,0.0,164.0161654332645,0.0,0.0,0.0,79.47722471893125,0.0,0
2030-03-10 05:00:00,0.0,164.0161654332645,0.0,0.0,0.0,75.85958669237891,0.0,0
2030-03-10 06:00:00,0.0,164.0161654332645,0.0,0.0,0.0,75.96670482875832,0.0,0
2030-03-10 07:00:00,0.0,164.0161654332645,0.0,0.0,0.0,78.6749468147377,0.0,0
2030-03-10 08:00:00,0.0,164.0161654332645,0.0,0.0,5.437178052061928,83.08821403357037,0.0,0
2030-03-10 09:00:00,0.0,164.0161654332645,0.0,0.0,61.07802787863034,62.57176656095214,0.0,0
2030-03-10 10:00:00,0.0,164.0161654332645,0.0,0.0,131.4601974380797,51.63832919256853,0.0,0
2030-03-10 11:00:00,0.0,164.0161654332645,0.0,0.0,189.38123053044208,44.398620664855066,0.0,0
2030-03-10 12:00:00,0.0,126.4713525617621,0.0,0.0,228.91052075812584,38.41477994296944,0.0,0
2030-03-10 13:00:00,0.0,107.36167669872104,0.0,0.0,251.11597958837487,39.00577655747664,0.0,0
2030-03-10 14:00:00,0.0,72.36401170016245,0.0,0.0,254.82320022757176,57.03117329994695,0.0,0
2030-03-10 15:00:00,0.0,75.26426694548611,0.0,0.0,243.1483542535416,78.35285365983121,0.0,0
2030-03-10 16:00:00,0.0,113.00572605996187,0.0,0.0,214.01419116130157,91.62146640128653,0.0,0
2030-03-10 17:00:00,0.0,164.0161654332645,0.0,0.0,167.2035788131906,102.2047382755746,0.0,0
2030-03-10 18:00:00,0.0,164.0161654332645,0.0,0.0,102.32189286092515,99.4632527300292,0.0,0
2030-03-10 19:00:00,0.0,164.0161654332645,0.0,33.156164862743594,32.185254192836645,91.90071230164115,0.0,0
2030-03-10 20:00:00,0.0,164.0161654332645,0.0,69.9826194261787,0.0,92.23093165999708,0.0,0
2030-03-10 21:00:00,0.0,164.0161654332645,0.0,69.9826194261787,0.0,97.05346403437603,0.0,0
2030-03-10 22:00:00,0.0,164.0161654332645,0.0,69.9826194261787,0.0,105.19074867037234,0.0,0
2030-03-10 23:00:00,0.0,164.0161654332645,0.0,48.770373092149725,0.0,105.63177989394836,0.0,0
2030-03-11 00:00:00,0.0,164.0161654332645,0.0,12.126098356874024,0.0,93.5798814326098,0.0,0
2030-03-11 01:00:00,0.0,164.0161654332645,0.0,0.0,0.0,87.1749556228878,0.0,0
2030-03-11 02:00:00,0.0,164.0161654332645,0.0,0.0,0.0,77.68945996004689,0.0,0
2030-03-11 03:00:00,0.0,164.0161654332645,0.0,0.0,0.0,72.91420731482852,0.0,0
2030-03-11 04:00:00,0.0,164.0161654332645,0.0,0.0,0.0,80.84907561035612,0.0,0
2030-03-11 05:00:00,0.0,164.0161654332645,0.0,0.0,0.0,90.53551012212947,0.0,0
2030-03-11 06:00:00,0.0,164.0161654332645,0.0,0.0,0.0,90.48823039296893,0.0,0
2030-03-11 07:00:00,0.0,164.0161654332645,0.0,0.0,0.0,94.749315983566,0.0,0
2030-03-11 08:00:00,0.0,164.0161654332645,0.0,0.0,5.472676494186348,104.49263391948566,0.0,0
2030-03-11 09:00:00,0.0,164.0161654332645,0.0,0.0,61.09163561477808,91.58970033325673,0.0,0
2030-03-11 10:00:00,0.0,164.0161654332645,0.0,0.0,131.27560553903248,64.27088182766042,0.0,0
2030-03-11 11:00:00,0.0,164.0161654332645,0.0,0.0,189.44216952275576,71.51059035537385,0.0,0
2030-03-11 12:00:00,0.0,139.0058689227818,0.0,0.0,229.58262459568212,82.47505504601911,0.0,0
2030-03-11 13:00:00,0.0,87.52764195679157,0.0,0.0,252.48976929859117,101.46156003283176,0.0,0
2030-03-11 14:00:00,0.0,54.55387210423993,0.0,0.0,256.0242308527824,119.01637572100068,0.0,0
2030-03-11 15:00:00,0.0,82.90139023953655,0.0,0.0,244.34938487875215,126.05366790824537,0.0,0
2030-03-11 16:00:00,0.0,147.66799387910424,0.0,0.0,215.0448292643148,130.74248729859207,0.0,0
2030-03-11 17:00:00,0.0,164.0161654332645,0.0,0.0,168.04193368802976,136.7329767323909,0.0,0
2030-03-11 18:00:00,0.0,164.0161654332645,0.0,0.0,103.444826913462,145.7707924597426,0.0,0
2030-03-11 19:00:00,0.0,164.0161654332645,0.0,13.020023713777844,32.30358233325149,155.2814054787001,0.0,0
2030-03-11 20:00:00,0.0,164.0161654332645,0.0,63.24924027386015,0.0,145.43466313524166,0.0,0
2030-03-11 21:00:00,0.0,164.0161654332645,0.0,63.24924027386015,0.0,133.0200405017493,0.0,0
2030-03-11 22:00:00,0.0,164.0161654332645,0.0,63.24924027386015,0.0,126.0558841455498,0.0,0
2030-03-11 23:00:00,0.0,164.0161654332645,0.0,63.24924027386015,0.0,122.9295120548066,0.0,0
2030-03-12 00:00:00,0.0,164.0161654332645,0.0,0.0,0.0,113.82964168293164,0.0,0
2030-03-12 01:00:00,0.0,164.0161654332645,0.0,0.0,0.0,111.31347359666717,0.0,0
2030-03-12 02:00:00,0.0,164.0161654332645,0.0,0.0,0.0,130.0222101746614,0.0,0
2030-03-12 03:00:00,0.0,164.0161654332645,0.0,0.0,0.0,148.60462122630474,0.0,0
2030-03-12 04:00:00,0.0,164.0161654332645,0.0,0.0,0.0,174.31149646583268,0.0,0
2030-03-12 05:00:00,0.0,164.0161654332645,0.0,0.0,0.0,192.29921717412807,0.0,0
2030-03-12 06:00:00,0.0,164.0161654332645,0.0,0.0,0.0,201.7632892096931,0.0,0
2030-03-12 07:00:00,0.0,164.0161654332645,0.0,0.0,0.0,205.24869174374945,0.0,0
2030-03-12 08:00:00,0.0,164.0161654332645,0.0,0.0,5.662001518850097,210.4154796460789,0.0,0
2030-03-12 09:00:00,0.0,164.0161654332645,0.0,0.0,61.697475693702046,204.7086685872435,0.0,0
2030-03-12 10:00:00,0.0,160.0043454381622,0.0,0.0,132.55946586253356,200.8243433383948,0.0,0
2030-03-12 11:00:00,0.0,76.49392161073318,0.0,0.0,190.9686025341072,186.53626143691451,0.0,0
2030-03-12 12:00:00,0.0,16.61745398686253,0.0,0.0,231.41671077211217,194.0315760004024,0.0,0
2030-03-12 13:00:00,0.0,0.0,0.0,0.0,251.89753695581484,207.8003196268844,0.0,0
2030-03-12 14:00:00,0.0,0.0,0.0,0.0,258.4191924147788,223.48980225051488,0.0,0
2030-03-12 15:00:00,0.0,0.0,0.0,0.0,246.28582489664103,233.615790494328,0.0,0
2030-03-12 16:00:00,0.0,36.34075305463892,0.0,0.0,216.92210521199627,232.99893777793608,0.0,0
2030-03-12 17:00:00,0.0,134.20979050851474,0.0,0.0,166.5586904479297,220.18169870081067,0.0,0
2030-03-12 18:00:00,0.0,164.0161654332645,0.0,0.0,100.96230252755863,210.736095309449,0.0,0
2030-03-12 19:00:00,0.0,164.0161654332645,0.0,0.0,32.0669260524218,225.99119542141668,0.0,0
2030-03-12 20:00:00,0.0,164.0161654332645,0.0,0.0,0.0,244.86614979724104,0.0,0
2030-03-12 21:00:00,0.0,164.0161654332645,0.0,0.0,0.0,247.6098515800909,0.0,0
2030-03-12 22:00:00,0.0,164.0161654332645,0.0,0.0,0.0,250.61063689025127,0.0,0
2030-03-12 23:00:00,0.0,164.0161654332645,0.0,0.0,0.0,243.70336395819825,0.0,0
2030-03-13 00:00:00,0.0,164.0161654332645,0.0,0.0,0.0,235.7108734927561,0.0,0
2030-03-13 01:00:00,0.0,164.0161654332645,0.0,0.0,0.0,233.68301635922816,0.0,0
2030-03-13 02:00:00,0.0,164.0161654332645,0.0,0.0,0.0,238.48338636056312,0.0,0
2030-03-13 03:00:00,0.0,164.0161654332645,0.0,0.0,0.0,245.67655390488412,0.0,0
2030-03-13 04:00:00,0.0,164.0161654332645,0.0,0.0,0.0,249.58673525561747,0.0,0
2030-03-13 05:00:00,0.0,164.0161654332645,0.0,0.0,0.0,258.6430196271726,0.0,0
2030-03-13 06:00:00,0.0,164.0161654332645,0.0,0.0,0.0,270.2405894411087,0.0,0
2030-03-13 07:00:00,0.0,164.0161654332645,0.0,0.0,0.0,273.2716633277626,0.0,0
2030-03-13 08:00:00,0.0,164.0161654332645,0.0,0.0,5.82766091543088,271.256364872293,0.0,0
2030-03-13 09:00:00,0.0,164.0161654332645,0.0,0.0,62.62990144017098,266.6414200587597,0.0,0
2030-03-13 10:00:00,0.0,72.82657642167021,0.0,0.0,133.07478491404015,278.90459980978454,0.0,0
2030-03-13 11:00:00,0.0,0.0,0.0,0.0,190.59823545460867,277.418982070067,0.0,0
2030-03-13 12:00:00,0.0,0.0,0.0,0.0,231.7947691807376,275.2647994101882,0.0,0
2030-03-13 13:00:00,0.0,0.0,0.0,0.0,254.85869866969625,275.7811827021139,0.0,0
2030-03-13 14:00:00,0.0,0.0,0.0,0.0,258.5700607938078,278.5788129260374,0.0,0
2030-03-13 15:00:00,0.0,0.0,0.0,0.0,243.996767020316,279.05973642109274,0.0,0
2030-03-13 16:00:00,0.0,0.0,0.0,0.0,213.9124289605448,277.87848193784635,0.0,0
2030-03-13 17:00:00,0.0,66.1604372294305,0.0,0.0,166.66459413360099,276.82207548941466,0.0,0
2030-03-13 18:00:00,0.0,164.0161654332645,0.0,0.0,101.4403482148346,273.91806587487986,0.0,0
2030-03-13 19:00:00,0.0,164.0161654332645,0.0,0.0,31.53444942055503,271.8399740291188,0.0,0
2030-03-13 20:00:00,0.0,164.0161654332645,0.0,0.0,0.0,277.8518870901936,0.0,0
2030-03-13 21:00:00,0.0,164.0161654332645,0.0,0.0,0.0,277.016365626434,0.0,0
2030-03-13 22:00:00,0.0,164.0161654332645,0.0,0.0,0.0,269.64442160622445,0.0,0
2030-03-13 23:00:00,0.0,164.0161654332645,0.0,0.0,0.0,265.4365257109331,0.0,0
2030-03-14 00:00:00,0.0,164.0161654332645,0.0,0.0,0.0,263.4263984758404,0.0,0
2030-03-14 01:00:00,0.0,164.0161654332645,0.0,0.0,0.0,259.24583617397,0.0,0
2030-03-14 02:00:00,0.0,164.0161654332645,0.0,0.0,0.0,258.90527437486014,0.0,0
2030-03-14 03:00:00,0.0,164.0161654332645,0.0,0.0,0.0,256.6779558839361,0.0,0
2030-03-14 04:00:00,0.0,164.0161654332645,0.0,0.0,0.0,259.5501994304412,0.0,0
2030-03-14 05:00:00,0.0,164.0161654332645,0.0,0.0,0.0,259.4733698705552,0.0,0
2030-03-14 06:00:00,0.0,164.0161654332645,0.0,0.0,0.0,252.98496578903408,0.0,0
2030-03-14 07:00:00,0.0,164.0161654332645,0.0,0.0,0.0,250.65052916173047,0.0,0
2030-03-14 08:00:00,0.0,164.0161654332645,0.0,0.0,6.09389923136428,243.4071269051764,0.0,0
2030-03-14 09:00:00,0.0,164.0161654332645,0.0,0.0,63.5765265634897,209.93381740525547,0.0,0
2030-03-14 10:00:00,0.0,163.46017402435095,0.0,0.0,133.025678735768,192.65824761744128,0.0,0
2030-03-14 11:00:00,0.0,81.40301989989285,0.0,0.0,193.55111419866108,175.97441318990235,0.0,0
2030-03-14 12:00:00,0.0,31.85394130688792,0.0,0.0,233.2667712474982,178.7129437523752,0.0,0
2030-03-14 13:00:00,0.0,0.0,0.0,0.0,255.65208885117775,183.00210168216137,0.0,0
2030-03-14 14:00:00,0.0,0.0,0.0,0.0,259.01852444598,200.27619397843927,0.0,0
2030-03-14 15:00:00,0.0,5.954373093936397,0.0,0.0,246.64790900631047,194.03526972924303,0.0,0
2030-03-14 16:00:00,0.0,92.04543302012462,0.0,0.0,216.9534621692062,177.99266662844448,0.0,0
2030-03-14 17:00:00,0.0,164.0161654332645,0.0,0.0,169.4547716845829,167.59629743349433,0.0,0
2030-03-14 18:00:00,0.0,164.0161654332645,0.0,0.0,104.31276382340488,180.51400593508595,0.0,0
2030-03-14 19:00:00,0.0,164.0161654332645,0.0,0.0,32.717730824703445,216.81154050658324,0.0,0
2030-03-14 20:00:00,0.0,164.0161654332645,0.0,0.0,0.0,236.43632183706367,0.0,0
2030-03-14 21:00:00,0.0,164.0161654332645,0.0,0.0,0.0,250.4687977027696,0.0,0
2030-03-14 22:00:00,0.0,164.0161654332645,0.0,0.0,0.0,247.3889665954188,0.0,0
2030-03-14 23:00:00,0.0,164.0161654332645,0.0,0.0,0.0,251.9108294421672,0.0,0
2030-03-15 00:00:00,0.0,164.0161654332645,0.0,0.0,0.0,245.6026793280707,0.0,0
2030-03-15 01:00:00,0.0,164.0161654332645,0.0,0.0,0.0,229.38351598868812,0.0,0
2030-03-15 02:00:00,0.0,164.0161654332645,0.0,0.0,0.0,219.91575022428245,0.0,0
2030-03-15 03:00:00,0.0,164.0161654332645,0.0,0.0,0.0,213.98953167231124,0.0,0
2030-03-15 04:00:00,0.0,164.0161654332645,0.0,0.0,0.0,212.72775390033837,0.0,0
2030-03-15 05:00:00,0.0,164.0161654332645,0.0,0.0,0.0,209.46914631709916,0.0,0
2030-03-15 06:00:00,0.0,164.0161654332645,0.0,0.0,0.0,206.98991551924132,0.0,0
2030-03-15 07:00:00,0.0,164.0161654332645,0.0,0.0,0.0,207.14505213054957,0.0,0
2030-03-15 08:00:00,0.0,164.0161654332645,0.0,0.0,6.212227371779124,198.7691526114459,0.0,0
2030-03-15 09:00:00,0.0,164.0161654332645,0.0,0.0,64.60124825948223,166.27985247467947,0.0,0
2030-03-15 10:00:00,0.0,164.0161654332645,0.0,0.0,134.7148129401899,115.9365446136499,0.0,0
2030-03-15 11:00:00,0.0,158.9411039511188,0.0,0.0,192.48497765352337,117.98656412022181,0.0,0
2030-03-15 12:00:00,0.0,98.544355973226,0.0,0.0,232.25920713186585,124.63896976226874,0.0,0
2030-03-15 13:00:00,0.0,57.00353250423682,0.0,0.0,254.3688201683788,134.35347661323124,0.0,0
2030-03-15 14:00:00,0.0,25.659852504913204,0.0,0.0,257.3997954851049,149.69722621737495,0.0,0
2030-03-15 15:00:00,0.0,37.4498908335878,0.0,0.0,245.47231893128904,174.13124249840794,0.0,0
2030-03-15 16:00:00,0.0,73.6408116468994,0.0,0.0,216.09913299541108,207.43094674281735,0.0,0
2030-03-15 17:00:00,0.0,122.67433669920126,0.0,0.0,168.95542693203228,236.89951543368375,0.0,0
2030-03-15 18:00:00,0.0,164.0161654332645,0.0,0.0,104.17964466543815,251.41586977751737,0.0,0
2030-03-15 19:00:00,0.0,164.0161654332645,0.0,0.0,32.65856675449602,271.9530021316433,0.0,0
2030-03-15 20:00:00,0.0,164.0161654332645,0.0,0.0,0.0,280.653949788726,0.0,0
2030-03-15 21:00:00,0.0,164.0161654332645,0.0,0.0,0.0,282.4801293275533,0.0,0
2030-03-15 22:00:00,0.0,164.0161654332645,0.0,0.0,0.0,283.4043002834889,0.0,0
2030-03-15 23:00:00,0.0,164.0161654332645,0.0,0.0,0.0,283.25876736716646,0.0,0
2030-03-16 00:00:00,0.0,164.0161654332645,0.0,0.0,0.0,282.5739500401063,0.0,0
2030-03-16 01:00:00,0.0,164.0161654332645,0.0,0.0,0.0,281.1481707076076,0.0,0
2030-03-16 02:00:00,0.0,164.0161654332645,0.0,0.0,0.0,278.879482453668,0.0,0
2030-03-16 03:00:00,0.0,164.0161654332645,0.0,0.0,0.0,277.9021218024266,0.0,0
2030-03-16 04:00:00,0.0,164.0161654332645,0.0,0.0,0.0,277.82824722561327,0.0,0
2030-03-16 05:00:00,0.0,164.0161654332645,0.0,0.0,0.0,278.43992872162823,0.0,0
2030-03-16 06:00:00,0.0,164.0161654332645,0.0,0.0,0.0,278.47834350157126,0.0,0
2030-03-16 07:00:00,0.0,164.0161654332645,0.0,0.0,0.0,279.3936495082893,0.0,0
2030-03-16 08:00:00,0.0,164.0161654332645,0.0,0.0,5.7507476241612325,279.76154490082007,0.0,0
2030-03-16 09:00:00,0.0,164.0161654332645,0.0,0.0,58.63159357555354,273.29160946350214,0.0,0
2030-03-16 10:00:00,0.0,75.35164639716419,0.0,0.0,131.28566343096776,268.9403968891928,0.0,0
2030-03-16 11:00:00,0.0,0.0,0.0,0.0,191.7756004517364,266.09991941071746,0.0,0
2030-03-16 12:00:00,0.0,0.0,0.0,0.0,230.86056851216244,257.37311565175014,0.0,0
2030-03-16 13:00:00,0.0,0.0,0.0,0.0,249.65817689846403,241.63265957011848,0.0,0
2030-03-16 14:00:00,0.0,0.0,0.0,0.0,252.95420724971945,222.3240614283994,0.0,0
2030-03-16 15:00:00,0.0,0.0,0.0,0.0,242.47447549387903,216.59582674228807,0.0,0
2030-03-16 16:00:00,0.0,14.923257529469993,0.0,0.0,214.3023201832117,233.09645221932976,0.0,0
2030-03-16 17:00:00,0.0,77.60650120504557,0.0,0.0,168.0815736150687,255.79589343678404,0.0,0
2030-03-16 18:00:00,0.0,164.0161654332645,0.0,0.0,104.1482877082282,272.56985484803533,0.0,0
2030-03-16 19:00:00,0.0,164.0161654332645,0.0,0.0,32.24441826304406,280.70861697556785,0.0,0
2030-03-16 20:00:00,0.0,164.0161654332645,0.0,0.0,0.0,282.5636075993524,0.0,0
2030-03-16 21:00:00,0.0,164.0161654332645,0.0,0.0,0.0,283.40060655464833,0.0,0
2030-03-16 22:00:00,0.0,164.0161654332645,0.0,0.0,0.0,281.70813999985324,0.0,0
2030-03-16 23:00:00,0.0,164.0161654332645,0.0,0.0,0.0,277.6376508174347,0.0,0
2030-03-17 00:00:00,0.0,164.0161654332645,0.0,0.0,0.0,268.7136019383756,0.0,0
2030-03-17 01:00:00,0.0,164.0161654332645,0.0,0.0,0.0,257.2460513796312,0.0,0
2030-03-17 02:00:00,0.0,164.0161654332645,0.0,0.0,0.0,262.7785184371869,0.0,0
2030-03-17 03:00:00,0.0,164.0161654332645,0.0,0.0,0.0,274.74915486403063,0.0,0
2030-03-17 04:00:00,0.0,164.0161654332645,0.0,0.0,0.0,279.35892845718706,0.0,0
2030-03-17 05:00:00,0.0,164.0161654332645,0.0,0.0,0.0,281.19988291137696,0.0,0
2030-03-17 06:00:00,0.0,164.0161654332645,0.0,0.0,0.0,281.2338652167112,0.0,0
2030-03-17 07:00:00,0.0,164.0161654332645,0.0,0.0,0.0,281.828555560059,0.0,0
2030-03-17 08:00:00,0.0,164.0161654332645,0.0,0.0,6.685539933438469,281.33876711578614,0.0,0
2030-03-17 09:00:00,0.0,117.99802601901985,0.0,0.0,65.77092192748293,276.3677468420123,0.0,0
2030-03-17 10:00:00,0.0,50.005093942212625,0.0,0.0,135.68096220667704,256.5471978829764,0.0,0
2030-03-17 11:00:00,0.0,0.0,0.0,0.0,192.77724816034805,226.3310184747584,0.0,0
2030-03-17 12:00:00,0.0,0.0,0.0,0.0,231.13094831301032,177.9808466961544,0.0,0
2030-03-17 13:00:00,0.0,0.0,0.0,0.0,252.3501420929016,150.04295923686172,0.0,0
2030-03-17 14:00:00,0.0,0.0,0.0,0.0,255.5071368791696,147.889515322751,0.0,0
2030-03-17 15:00:00,0.0,5.50462369967687,0.0,0.0,243.19746043181368,153.76106668788023,0.0,0
2030-03-17 16:00:00,0.0,38.02078105544092,0.0,0.0,214.1709759473512,172.37376631601708,0.0,0
2030-03-17 17:00:00,0.0,98.98575392747966,0.0,0.0,167.30948249886185,189.28956691475005,0.0,0
2030-03-17 18:00:00,0.0,164.0161654332645,0.0,0.0,103.07623475606977,217.322752578132,0.0,0
2030-03-17 19:00:00,0.0,164.0161654332645,0.0,0.0,32.36274640345891,242.0352760137515,0.0,0
2030-03-17 20:00:00,0.0,164.0161654332645,0.0,0.0,0.0,261.8159327013081,0.0,0
2030-03-17 21:00:00,0.0,164.0161654332645,0.0,0.0,0.0,262.1387646019828,0.0,0
2030-03-17 22:00:00,0.0,164.0161654332645,0.0,0.0,0.0,252.9938307382517,0.0,0
2030-03-17 23:00:00,0.0,164.0161654332645,0.0,0.0,0.0,251.0464968934504,0.0,0
2030-03-18 00:00:00,0.0,164.0161654332645,0.0,0.0,0.0,242.77106679881305,0.0,0
2030-03-18 01:00:00,0.0,164.0161654332645,0.0,0.0,0.0,233.26488625446436,0.0,0
2030-03-18 02:00:00,0.0,164.0161654332645,0.0,0.0,0.0,228.82871791681947,0.0,0
2030-03-18 03:00:00,0.0,164.0161654332645,0.0,0.0,0.0,229.2749203607724,0.0,0
2030-03-18 04:00:00,0.0,164.0161654332645,0.0,0.0,0.0,229.1995682924228,0.0,0
2030-03-18 05:00:00,0.0,164.0161654332645,0.0,0.0,0.0,225.82128389474587,0.0,0
2030-03-18 06:00:00,0.0,164.0161654332645,0.0,0.0,0.0,213.13849654742089,0.0,0
2030-03-18 07:00:00,0.0,164.0161654332645,0.0,0.0,0.0,202.80270450545768,0.0,0
2030-03-18 08:00:00,0.0,164.0161654332645,0.0,0.0,7.099688424890423,193.96508888127036,0.0,0
2030-03-18 09:00:00,0.0,164.0161654332645,0.0,0.0,67.52868645334541,163.13648923126922,0.0,0
2030-03-18 10:00:00,0.0,164.0161654332645,0.0,0.0,137.54403877750872,102.95161024715811,0.0,0
2030-03-18 11:00:00,0.0,164.0161654332645,0.0,0.0,194.41550126439148,95.18739222406944,0.0,0
2030-03-18 12:00:00,0.0,143.08555496684932,0.0,0.0,233.45077150584328,80.36593587799646,0.0,0
2030-03-18 13:00:00,0.0,126.08715977430688,0.0,0.0,254.55459534883013,68.55560728283777,0.0,0
2030-03-18 14:00:00,0.0,122.02286884144029,0.0,0.0,256.4886688039107,61.75914621600472,0.0,0
2030-03-18 15:00:00,0.0,164.0161654332645,0.0,0.0,243.78555128967548,70.32859712635943,0.0,0
2030-03-18 16:00:00,0.0,164.0161654332645,0.0,0.0,215.0276716839547,90.21267822145491,0.0,0
2030-03-18 17:00:00,0.0,164.0161654332645,0.0,0.0,168.4010595941888,118.0449250359044,0.0,0
2030-03-18 18:00:00,0.0,164.0161654332645,0.0,0.0,103.78383703575052,150.48103547736517,0.0,0
2030-03-18 19:00:00,0.0,164.0161654332645,0.0,0.0,32.83605896511828,182.3106356431879,0.0,0
2030-03-18 20:00:00,0.0,164.0161654332645,0.0,2.9782606194168006,0.0,198.5970248474707,0.0,0
2030-03-18 21:00:00,0.0,164.0161654332645,0.0,2.9782606194168006,0.0,194.60336522493813,0.0,0
2030-03-18 22:00:00,0.0,164.0161654332645,0.0,2.9782606194168006,0.0,199.77827933071697,0.0,0
2030-03-18 23:00:00,0.0,164.0161654332645,0.0,2.9782606194168006,0.0,186.47420679239127,0.0,0
2030-03-19 00:00:00,0.0,164.0161654332645,0.0,0.0,0.0,175.44103874530958,0.0,0
2030-03-19 01:00:00,0.0,164.0161654332645,0.0,0.0,0.0,167.77876763822343,0.0,0
2030-03-19 02:00:00,0.0,164.0161654332645,0.0,0.0,0.0,164.4847002581138,0.0,0
2030-03-19 03:00:00,0.0,164.0161654332645,0.0,0.0,0.0,172.40700987558313,0.0,0
2030-03-19 04:00:00,0.0,164.0161654332645,0.0,0.0,0.0,181.59700723117044,0.0,0
2030-03-19 05:00:00,0.0,164.0161654332645,0.0,0.0,0.0,193.88308810100744,0.0,0
2030-03-19 06:00:00,0.0,164.0161654332645,0.0,0.0,0.0,185.12599576554663,0.0,0
2030-03-19 07:00:00,0.0,164.0161654332645,0.0,0.0,0.0,175.11672935309875,0.0,0
2030-03-19 08:00:00,0.0,164.0161654332645,0.0,0.0,7.454672846134955,152.24589911743735,0.0,0
2030-03-19 09:00:00,0.0,164.0161654332645,0.0,0.0,68.83562076422733,114.34380873755293,0.0,0
2030-03-19 10:00:00,0.0,164.0161654332645,0.0,0.0,139.2018160247206,73.92998274601281,0.0,0
2030-03-19 11:00:00,0.0,164.0161654332645,0.0,0.0,194.07412457929473,62.05464452325831,0.0,0
2030-03-19 12:00:00,0.0,164.0161654332645,0.0,0.0,231.98527748680547,43.43825116628082,0.0,0
2030-03-19 13:00:00,0.0,164.0161654332645,0.0,0.0,252.27382044233408,31.24894599206937,0.0,0
2030-03-19 14:00:00,0.0,164.0161654332645,0.0,0.0,253.72393180311795,17.656023858403252,0.0,0
2030-03-19 15:00:00,0.0,164.0161654332645,0.0,0.0,241.41839684067656,9.012698371235123,0.0,0
2030-03-19 16:00:00,0.0,164.0161654332645,0.0,0.0,212.662292157062,9.825318716182547,0.0,0
2030-03-19 17:00:00,0.0,164.0161654332645,0.0,0.0,166.6137130332226,20.167759470058954,0.0,0
2030-03-19 18:00:00,0.0,164.0161654332645,0.0,0.0,102.77272307590572,34.7210511022993,0.0,0
2030-03-19 19:00:00,0.0,164.0161654332645,0.0,99.9999999999999,32.717730824703445,57.03117329994695,0.0,0
2030-03-19 20:00:00,0.0,164.0161654332645,0.0,99.9999999999999,0.0,85.65757181514051,0.0,0
2030-03-19 21:00:00,0.0,164.0161654332645,0.0,99.9999999999999,0.0,97.152455967306,0.0,0
2030-03-19 22:00:00,0.0,164.0161654332645,0.0,99.9999999999999,0.0,118.86050036392436,0.0,0
2030-03-19 23:00:00,0.0,164.0161654332645,0.0,89.25261678847902,0.0,111.9443624826536,0.0,0
2030-03-20 00:00:00,0.0,164.0161654332645,0.0,0.0,0.0,112.08841790743976,0.0,0
2030-03-20 01:00:00,0.0,164.0161654332645,0.0,0.0,0.0,107.53331150112533,0.0,0
2030-03-20 02:00:00,0.0,164.0161654332645,0.0,0.0,0.0,109.581853516161,0.0,0
2030-03-20 03:00:00,0.0,164.0161654332645,0.0,0.0,0.0,114.53145016265898,0.0,0
2030-03-20 04:00:00,0.0,164.0161654332645,0.0,0.0,0.0,126.12901997659507,0.0,0
2030-03-20 05:00:00,0.0,164.0161654332645,0.0,0.0,0.0,144.3073370930691,0.0,0
2030-03-20 06:00:00,0.0,164.0161654332645,0.0,0.0,0.0,158.29770444999133,0.0,0
2030-03-20 07:00:00,0.0,164.0161654332645,0.0,0.0,0.0,158.41147129828397,0.0,0
2030-03-20 08:00:00,0.0,164.0161654332645,0.0,0.0,7.691329126964611,133.5667123701685,0.0,0
2030-03-20 09:00:00,0.0,164.0161654332645,0.0,0.0,69.06340243452591,91.20703002536332,0.0,0
2030-03-20 10:00:00,0.0,164.0161654332645,0.0,0.0,138.48297257170043,73.20970562208214,0.0,0
2030-03-20 11:00:00,0.0,164.0161654332645,0.0,0.0,193.2138789984788,65.00962759579443,0.0,0
2030-03-20 12:00:00,0.0,164.0161654332645,0.0,0.0,230.21390522479527,51.56445461575512,0.0,0
2030-03-20 13:00:00,0.0,164.0161654332645,0.0,0.0,249.8717591919128,45.506739317056095,0.0,0
2030-03-20 14:00:00,0.0,164.0161654332645,0.0,0.0,251.4313240825804,36.64179009944776,0.0,0
2030-03-20 15:00:00,0.0,164.0161654332645,0.0,0.0,239.34114633569408,28.66333580360027,0.0,0
2030-03-20 16:00:00,0.0,164.0161654332645,0.0,0.0,210.8323474655465,19.798386585991928,0.0,0
2030-03-20 17:00:00,0.0,164.0161654332645,0.0,0.0,165.01450821551603,21.349752699073395,0.0,0
2030-03-20 18:00:00,0.0,164.0161654332645,0.0,0.0,100.89367220611804,28.81108495722708,0.0,0
2030-03-20 19:00:00,0.0,164.0161654332645,0.0,99.9999999999999,32.185254192836645,45.949986777936495,0.0,0
2030-03-20 20:00:00,0.0,164.0161654332645,0.0,99.9999999999999,0.0,81.56270402237358,0.0,0
2030-03-20 21:00:00,0.0,164.0161654332645,0.0,99.9999999999999,0.0,120.7036710554188,0.0,0
2030-03-20 22:00:00,0.0,164.0161654332645,0.0,81.82190253937648,0.0,154.02479892710414,0.0,0
2030-03-20 23:00:00,0.0,164.0161654332645,0.0,48.58447250785576,0.0,159.5476622896741,0.0,0
2030-03-21 00:00:00,0.0,164.0161654332645,0.0,0.0,0.0,168.00925631788127,0.0,0
2030-03-21 01:00:00,0.0,164.0161654332645,0.0,0.0,0.0,164.0554889668279,0.0,0
2030-03-21 02:00:00,0.0,164.0161654332645,0.0,0.0,0.0,164.9877861262131,0.0,0
2030-03-21 03:00:00,0.0,164.0161654332645,0.0,0.0,0.0,176.97171997688326,0.0,0
2030-03-21 04:00:00,0.0,164.0161654332645,0.0,0.0,0.0,195.99663974363887,0.0,0
2030-03-21 05:00:00,0.0,164.0161654332645,0.0,0.0,0.0,222.823453567658,0.0,0
2030-03-21 06:00:00,0.0,164.0161654332645,0.0,0.0,0.0,238.24255524015135,0.0,0
2030-03-21 07:00:00,0.0,164.0161654332645,0.0,0.0,0.0,243.35245971833447,0.0,0
2030-03-21 08:00:00,0.0,164.0161654332645,0.0,0.0,7.632165056757223,223.46985611477527,0.0,0
2030-03-21 09:00:00,0.0,164.0161654332645,0.0,0.0,68.402539770309,169.77338121218534,0.0,0
2030-03-21 10:00:00,0.0,164.0161654332645,0.0,0.0,137.95759562825856,86.7102845347315,0.0,0
2030-03-21 11:00:00,0.0,164.0161654332645,0.0,0.0,191.63656488674897,66.4871191320625,0.0,0
2030-03-21 12:00:00,0.0,164.0161654332645,0.0,0.0,228.54252024143568,51.04733257806129,0.0,0
2030-03-21 13:00:00,0.0,164.0161654332645,0.0,0.0,247.22830853504524,44.98961727936227,0.0,0
2030-03-21 14:00:00,0.0,164.0161654332645,0.0,0.0,250.1811872790976,52.22932580707575,0.0,0
2030-03-21 15:00:00,0.0,164.0161654332645,0.0,0.0,238.9944448842786,81.76438161707419,0.0,0
2030-03-21 16:00:00,0.0,164.0161654332645,0.0,0.0,210.40104139373443,131.40957472721712,0.0,0
2030-03-21 17:00:00,0.0,164.0161654332645,0.0,0.0,164.05841684096407,201.84824497302847,0.0,0
2030-03-21 18:00:00,0.0,164.0161654332645,0.0,0.0,100.1470216401004,248.53697751909908,0.0,0
2030-03-21 19:00:00,0.0,164.0161654332645,0.0,0.0,31.35695720993276,276.6551189458164,0.0,0
2030-03-21 20:00:00,0.0,164.0161654332645,0.0,0.0,0.0,282.1691173591688,0.0,0
2030-03-21 21:00:00,0.0,164.0161654332645,0.0,0.0,0.0,281.9016913911043,0.0,0
2030-03-21 22:00:00,0.0,164.0161654332645,0.0,0.0,0.0,276.2155652137767,0.0,0
2030-03-21 23:00:00,0.0,164.0161654332645,0.0,0.0,0.0,269.78108957332927,0.0,0
2030-03-22 00:00:00,0.0,164.0161654332645,0.0,0.0,0.0,259.1239431222279,0.0,0
2030-03-22 01:00:00,0.0,164.0161654332645,0.0,0.0,0.0,253.9608489487392,0.0,0
2030-03-22 02:00:00,0.0,164.0161654332645,0.0,0.0,0.0,256.1349777443576,0.0,0
2030-03-22 03:00:00,0.0,164.0161654332645,0.0,0.0,0.0,255.7936771994796,0.0,0
2030-03-22 04:00:00,0.0,164.0161654332645,0.0,0.0,0.0,251.00364963889857,0.0,0
2030-03-22 05:00:00,0.0,164.0161654332645,0.0,0.0,0.0,239.58781128392343,0.0,0
2030-03-22 06:00:00,0.0,164.0161654332645,0.0,0.0,0.0,217.8841993619139,0.0,0
2030-03-22 07:00:00,0.0,164.0161654332645,0.0,0.0,0.0,188.05142900735743,0.0,0
2030-03-22 08:00:00,0.0,164.0161654332645,0.0,0.0,7.395508775927532,141.9662517538524,0.0,0
2030-03-22 09:00:00,0.0,164.0161654332645,0.0,0.0,63.19018518503528,93.84730740067434,0.0,0
2030-03-22 10:00:00,0.0,164.0161654332645,0.0,0.0,130.9780102658892,54.22393938103763,0.0,0
2030-03-22 11:00:00,0.0,164.0161654332645,0.0,0.0,186.60051923069335,45.506739317056095,0.0,0
2030-03-22 12:00:00,0.0,164.0161654332645,0.0,0.0,225.02521626760452,40.92651555462513,0.0,0
2030-03-22 13:00:00,0.0,164.0161654332645,0.0,0.0,239.55058714422836,36.346291792194165,0.0,0
2030-03-22 14:00:00,0.0,164.0161654332645,0.0,0.0,226.54928271614767,31.54444429932296,0.0,0
2030-03-22 15:00:00,0.0,164.0161654332645,0.0,0.0,206.55478518955,36.93728840670137,0.0,0
2030-03-22 16:00:00,0.0,164.0161654332645,0.0,0.0,181.3627240952304,53.48519361290359,0.0,0
2030-03-22 17:00:00,0.0,164.0161654332645,0.0,0.0,144.4106207657819,91.27351714449537,0.0,0
2030-03-22 18:00:00,0.0,164.0161654332645,0.0,0.0,88.31361595791422,141.81924134599373,0.0,0
2030-03-22 19:00:00,0.0,164.0161654332645,0.0,14.698442517490603,29.46370696329532,186.34049380835904,0.0,0
2030-03-22 20:00:00,0.0,164.0161654332645,0.0,14.698442517490603,0.0,218.3385280093163,0.0,0
2030-03-22 21:00:00,0.0,164.0161654332645,0.0,14.698442517490603,0.0,232.67684462302967,0.0,0
2030-03-22 22:00:00,0.0,164.0161654332645,0.0,0.0,0.0,254.7394869883524,0.0,0
2030-03-22 23:00:00,0.0,164.0161654332645,0.0,0.0,0.0,256.84343493599806,0.0,0
2030-03-23 00:00:00,0.0,164.0161654332645,0.0,0.0,0.0,262.5458135202246,0.0,0
2030-03-23 01:00:00,0.0,164.0161654332645,0.0,0.0,0.0,266.8238902634888,0.0,0
2030-03-23 02:00:00,0.0,164.0161654332645,0.0,0.0,0.0,267.29299382625385,0.0,0
2030-03-23 03:00:00,0.0,164.0161654332645,0.0,0.0,0.0,258.00104955466406,0.0,0
2030-03-23 04:00:00,0.0,164.0161654332645,0.0,0.0,0.0,230.2692721646808,0.0,0
2030-03-23 05:00:00,0.0,164.0161654332645,0.0,0.0,0.0,189.9263657668816,0.0,0
2030-03-23 06:00:00,0.0,164.0161654332645,0.0,0.0,0.0,149.0441749583445,0.0,0
2030-03-23 07:00:00,0.0,164.0161654332645,0.0,0.0,0.0,123.8152682307993,0.0,0
2030-03-23 08:00:00,0.0,164.0161654332645,0.0,0.0,5.792162473306428,108.85862140915776,0.0,0
2030-03-23 09:00:00,0.0,164.0161654332645,0.0,0.0,55.14091343331573,84.4829660438074,0.0,0
2030-03-23 10:00:00,0.0,164.0161654332645,0.0,0.0,127.61749107810772,67.59523778426355,0.0,0
2030-03-23 11:00:00,0.0,164.0161654332645,0.0,0.0,182.2348024900878,59.83840721885624,0.0,0
2030-03-23 12:00:00,0.0,164.0161654332645,0.0,0.0,211.33169221809715,44.398620664855066,0.0,0
2030-03-23 13:00:00,0.0,164.0161654332645,0.0,0.0,221.13340372936045,31.027322261629156,0.0,0
2030-03-23 14:00:00,0.0,164.0161654332645,0.0,0.0,239.6683236439411,17.58214928158985,0.0,0
2030-03-23 15:00:00,0.0,164.0161654332645,0.0,0.0,222.0131734533448,8.569450910354698,0.0,0
2030-03-23 16:00:00,0.0,164.0161654332645,0.0,0.0,198.40493451847783,7.682955988593872,0.0,0
2030-03-23 17:00:00,0.0,164.0161654332645,0.0,0.0,154.76255812997425,14.183918748173326,0.0,0
2030-03-23 18:00:00,0.0,164.0161654332645,0.0,0.0,90.90973535861582,27.185844267332207,0.0,0
2030-03-23 19:00:00,0.0,164.0161654332645,0.0,99.9999999999999,25.67720647002041,42.10850878363958,0.0,0
2030-03-23 20:00:00,0.0,164.0161654332645,0.0,99.9999999999999,0.0,50.899583424434496,0.0,0
2030-03-23 21:00:00,0.0,164.0161654332645,0.0,99.9999999999999,0.0,53.6329427665304,0.0,0
2030-03-23 22:00:00,0.0,164.0161654332645,0.0,99.9999999999999,0.0,107.70691675663682,0.0,0
2030-03-23 23:00:00,0.0,164.0161654332645,0.0,86.6549090551639,0.0,105.25132582335932,0.0,0
2030-03-24 00:00:00,0.0,164.0161654332645,0.0,19.487703459149543,0.0,96.2563573505594,0.0,0
2030-03-24 01:00:00,0.0,164.0161654332645,0.0,0.0,0.0,87.23183904703411,0.0,0
2030-03-24 02:00:00,0.0,164.0161654332645,0.0,0.0,0.0,81.44081097063147,0.0,0
2030-03-24 03:00:00,0.0,164.0161654332645,0.0,0.0,0.0,73.80070223658937,0.0,0
2030-03-24 04:00:00,0.0,164.0161654332645,0.0,0.0,0.0,49.93921392586026,0.0,0
2030-03-24 05:00:00,0.0,164.0161654332645,0.0,0.0,0.0,24.747983232489915,0.0,0
2030-03-24 06:00:00,0.0,164.0161654332645,0.0,0.0,0.0,7.978454295847488,0.0,0
2030-03-24 07:00:00,0.0,164.0161654332645,0.0,0.0,0.0,2.629934934557117,0.0,0
2030-03-24 08:00:00,0.0,164.0161654332645,0.0,0.0,8.164641688623988,1.1081186522010391,0.0,0
2030-03-24 09:00:00,0.0,164.0161654332645,0.0,0.0,68.04045566063958,3.2430939221083737,0.0,0
2030-03-24 10:00:00,0.0,164.0161654332645,0.0,0.0,137.04055254004356,0.1034244075387401,0.0,0
2030-03-24 11:00:00,0.0,164.0161654332645,0.0,0.0,194.59950152273652,0.4676260712288184,0.0,0
2030-03-24 12:00:00,0.0,164.0161654332645,0.0,0.0,233.04313106211413,2.349211542666207,0.0,0
2030-03-24 13:00:00,0.0,148.23849065071863,0.0,0.0,254.37828641961204,5.030858680992708,0.0,0
2030-03-24 14:00:00,0.0,135.47899757140783,0.0,0.0,256.2632536964204,10.268566177062972,0.0,0
2030-03-24 15:00:00,0.0,164.0161654332645,0.0,0.0,242.17865514284196,15.365911977187771,0.0,0
2030-03-24 16:00:00,0.0,164.0161654332645,0.0,0.0,212.73092247850263,19.28126454829812,0.0,0
2030-03-24 17:00:00,0.0,164.0161654332645,0.0,0.0,164.70685505043744,23.048867965781668,0.0,0
2030-03-24 18:00:00,0.0,164.0161654332645,0.0,0.0,100.96821893457938,26.22547476875798,0.0,0
2030-03-24 19:00:00,0.0,164.0161654332645,0.0,99.9999999999999,31.23862906951792,32.35706464427041,0.0,0
2030-03-24 20:00:00,0.0,164.0161654332645,0.0,99.9999999999999,0.0,33.24355956603124,0.0,0
2030-03-24 21:00:00,0.0,164.0161654332645,0.0,99.9999999999999,0.0,29.40208157173429,0.0,0
2030-03-24 22:00:00,0.0,164.0161654332645,0.0,99.9999999999999,0.0,8.495576333541319,0.0,0
2030-03-24 23:00:00,0.0,164.0161654332645,0.0,99.9999999999999,0.0,5.983840721885624,0.0,0
2030-03-25 00:00:00,0.0,164.0161654332645,0.0,99.9999999999999,0.0,4.402924778078797,0.0,0
2030-03-25 01:00:00,0.0,164.0161654332645,0.0,38.79295251300917,0.0,5.451943768829112,0.0,0
2030-03-25 02:00:00,0.0,164.0161654332645,0.0,0.0,0.0,11.155061098823799,0.0,0
2030-03-25 03:00:00,0.0,164.0161654332645,0.0,0.0,0.0,15.070413669934153,0.0,0
2030-03-25 04:00:00,0.0,164.0161654332645,0.0,0.0,0.0,15.661410284441388,0.0,0
2030-03-25 05:00:00,0.0,164.0161654332645,0.0,0.0,0.0,16.843403513455833,0.0,0
2030-03-25 06:00:00,0.0,164.0161654332645,0.0,0.0,0.0,17.951522165656872,0.0,0
2030-03-25 07:00:00,0.0,164.0161654332645,0.0,0.0,0.0,20.241634046872353,0.0,0
2030-03-25 08:00:00,0.0,164.0161654332645,0.0,0.0,8.815446460905598,18.985766241044505,0.0,0
2030-03-25 09:00:00,0.0,164.0161654332645,0.0,0.0,70.95191955554672,12.18930517421146,0.0,0
2030-03-25 10:00:00,0.0,164.0161654332645,0.0,0.0,138.00078539951,13.223549249599095,0.0,0
2030-03-25 11:00:00,0.0,164.0161654332645,0.0,0.0,196.4158384781044,19.798386585991928,0.0,0
2030-03-25 12:00:00,0.0,164.0161654332645,0.0,0.0,234.49738390781252,32.06156633701679,0.0,0
2030-03-25 13:00:00,0.0,147.2315895421812,0.0,0.0,255.51482820829656,53.11582072883657,0.0,0
2030-03-25 14:00:00,0.0,106.05627072750993,0.0,0.0,258.50734687938785,77.86158772402212,0.0,0
2030-03-25 15:00:00,0.0,133.3684222648107,0.0,0.0,245.3019264090917,92.28486010107088,0.0,0
2030-03-25 16:00:00,0.0,164.0161654332645,0.0,0.0,215.13357536962596,101.07519599609768,0.0,0
2030-03-25 17:00:00,0.0,164.0161654332645,0.0,0.0,167.5011740863339,105.74554674224098,0.0,0
2030-03-25 18:00:00,0.0,164.0161654332645,0.0,0.0,102.72539181973976,99.27117883031437,0.0,0
2030-03-25 19:00:00,0.0,164.0161654332645,0.0,78.35527258161414,31.652777560969877,99.89246402131508,0.0,0
2030-03-25 20:00:00,0.0,164.0161654332645,0.0,99.9999999999999,0.0,107.48824800926918,0.0,0
2030-03-25 21:00:00,0.0,164.0161654332645,0.0,99.9999999999999,0.0,116.29926878580372,0.0,0
2030-03-25 22:00:00,0.0,164.0161654332645,0.0,99.9999999999999,0.0,105.33628158669472,0.0,0
2030-03-25 23:00:00,0.0,164.0161654332645,0.0,85.71787108560653,0.0,113.9980757180662,0.0,0
2030-03-26 00:00:00,0.0,164.0161654332645,0.0,0.0,0.0,124.63527603342808,0.0,0
2030-03-26 01:00:00,0.0,164.0161654332645,0.0,0.0,0.0,125.43533770031723,0.0,0
2030-03-26 02:00:00,0.0,164.0161654332645,0.0,0.0,0.0,130.59178316189275,0.0,0
2030-03-26 03:00:00,0.0,164.0161654332645,0.0,0.0,0.0,131.97249900253524,0.0,0
2030-03-26 04:00:00,0.0,164.0161654332645,0.0,0.0,0.0,144.2482374316184,0.0,0
2030-03-26 05:00:00,0.0,164.0161654332645,0.0,0.0,0.0,167.0629229889016,0.0,0
2030-03-26 06:00:00,0.0,164.0161654332645,0.0,0.0,0.0,183.80585707789115,0.0,0
2030-03-26 07:00:00,0.0,164.0161654332645,0.0,0.0,0.0,194.61518515722824,0.0,0
2030-03-26 08:00:00,0.0,164.0161654332645,0.0,0.0,7.632165056757223,191.12978262317196,0.0,0
2030-03-26 09:00:00,0.0,164.0161654332645,0.0,0.0,58.15828101389416,145.96951507137067,0.0,0
2030-03-26 10:00:00,0.0,164.0161654332645,0.0,0.0,120.80238183091495,99.94565371662074,0.0,0
2030-03-26 11:00:00,0.0,164.0161654332645,0.0,0.0,168.3460370088959,84.79250052065555,0.0,0
2030-03-26 12:00:00,0.0,127.34216373128749,0.0,0.0,207.62447157890017,114.64004579057467,0.0,0
2030-03-26 13:00:00,0.0,95.699430955438,0.0,0.0,223.37868019373204,127.90865853202997,0.0,0
2030-03-26 14:00:00,0.0,89.36190395567398,0.0,0.0,227.64263473358088,118.09515974813752,0.0,0
2030-03-26 15:00:00,0.0,136.71866917199088,0.0,0.0,195.208891445873,131.4760618463492,0.0,0
2030-03-26 16:00:00,0.0,164.0161654332645,0.0,0.0,165.5907662593363,155.25850435988795,0.0,0
2030-03-26 17:00:00,0.0,164.0161654332645,0.0,0.0,111.2473844924166,151.25302480506522,0.0,0
2030-03-26 18:00:00,0.0,164.0161654332645,0.0,0.0,67.47958027507325,158.6471311983187,0.0,0
2030-03-26 19:00:00,0.0,164.0161654332645,0.0,29.804313062968788,17.86754920264092,156.4626599619464,0.0,0
2030-03-26 20:00:00,0.0,164.0161654332645,0.0,48.970512767116126,0.0,160.31743538006975,0.0,0
2030-03-26 21:00:00,0.0,164.0161654332645,0.0,48.970512767116126,0.0,180.6041329187983,0.0,0
2030-03-26 22:00:00,0.0,164.0161654332645,0.0,48.970512767116126,0.0,169.2023307334177,0.0,0
2030-03-26 23:00:00,0.0,164.0161654332645,0.0,32.55189702997575,0.0,166.75412725782155,0.0,0
2030-03-27 00:00:00,0.0,164.0161654332645,0.0,0.0,0.0,175.68851857763448,0.0,0
2030-03-27 01:00:00,0.0,164.0161654332645,0.0,0.0,0.0,182.1362916419083,0.0,0
2030-03-27 02:00:00,0.0,164.0161654332645,0.0,0.0,0.0,191.59223747402385,0.0,0
2030-03-27 03:00:00,0.0,164.0161654332645,0.0,0.0,0.0,195.84962933578024,0.0,0
2030-03-27 04:00:00,0.0,164.0161654332645,0.0,0.0,0.0,195.12935221184955,0.0,0
2030-03-27 05:00:00,0.0,164.0161654332645,0.0,0.0,0.0,198.37983359163923,0.0,0
2030-03-27 06:00:00,0.0,164.0161654332645,0.0,0.0,0.0,205.87884188396777,0.0,0
2030-03-27 07:00:00,0.0,164.0161654332645,0.0,0.0,0.0,228.44974133776677,0.0,0
2030-03-27 08:00:00,0.0,164.0161654332645,0.0,0.0,6.744704003645889,221.9613372562456,0.0,0
2030-03-27 09:00:00,0.0,164.0161654332645,0.0,0.0,43.130607181209406,220.5510715848777,0.0,0
2030-03-27 10:00:00,0.0,164.0161654332645,0.0,0.0,104.05835832151293,199.9385871624021,0.0,0
2030-03-27 11:00:00,0.0,126.6171760466682,0.0,0.0,164.30335609162285,176.60234709281625,0.0,0
2030-03-27 12:00:00,0.0,137.52533224746776,0.0,0.0,175.77231110133127,142.45382396082084,0.0,0
2030-03-27 13:00:00,0.0,131.85615879419674,0.0,0.0,172.39640925529588,137.75022965511147,0.0,0
2030-03-27 14:00:00,0.0,73.69891908640534,0.0,0.0,202.42986621468864,142.48041880847367,0.0,0
2030-03-27 15:00:00,0.0,92.89327977338296,0.0,0.0,203.96399055516707,153.02084342820996,0.0,0
2030-03-27 16:00:00,0.0,164.0161654332645,0.0,0.0,141.22641050721853,177.13055031703206,0.0,0
2030-03-27 17:00:00,0.0,164.0161654332645,0.0,0.0,112.37446002986792,195.39012946800088,0.0,0
2030-03-27 18:00:00,0.0,164.0161654332645,0.0,0.0,48.9286860615366,207.71167013470827,0.0,0
2030-03-27 19:00:00,0.0,164.0161654332645,0.0,0.0,24.789745416909106,213.82922384062616,0.0,0
2030-03-27 20:00:00,0.0,164.0161654332645,0.0,0.0,0.0,238.69540639601763,0.0,0
2030-03-27 21:00:00,0.0,164.0161654332645,0.0,0.0,0.0,259.2709535300865,0.0,0
2030-03-27 22:00:00,0.0,164.0161654332645,0.0,0.0,0.0,248.7541687749305,0.0,0
2030-03-27 23:00:00,0.0,164.0161654332645,0.0,0.0,0.0,241.00103193836384,0.0,0
2030-03-28 00:00:00,0.0,164.0161654332645,0.0,0.0,0.0,229.647248227912,0.0,0
2030-03-28 01:00:00,0.0,164.0161654332645,0.0,0.0,0.0,211.48592226410503,0.0,0
2030-03-28 02:00:00,0.0,164.0161654332645,0.0,0.0,0.0,189.294738135127,0.0,0
2030-03-28 03:00:00,0.0,164.0161654332645,0.0,0.0,0.0,174.06475537927588,0.0,0
2030-03-28 04:00:00,0.0,164.0161654332645,0.0,0.0,0.0,170.82092271139936,0.0,0
2030-03-28 05:00:00,0.0,164.0161654332645,0.0,0.0,0.0,175.40114647383035,0.0,0
2030-03-28 06:00:00,0.0,164.0161654332645,0.0,0.0,0.0,178.31993100372787,0.0,0
2030-03-28 07:00:00,0.0,164.0161654332645,0.0,0.0,0.0,182.5625479501216,0.0,0
2030-03-28 08:00:00,0.0,164.0161654332645,0.0,0.0,8.637954250283363,181.622124587287,0.0,0
2030-03-28 09:00:00,0.0,164.0161654332645,0.0,0.0,63.5179541339844,162.6237996681842,0.0,0
2030-03-28 10:00:00,0.0,164.0161654332645,0.0,0.0,105.063555874337,139.5682829904893,0.0,0
2030-03-28 11:00:00,0.0,164.0161654332645,0.0,0.0,163.6762169474242,130.28963614272595,0.0,0
2030-03-28 12:00:00,0.0,147.03201881867562,0.0,0.0,186.37332920109685,115.319691897258,0.0,0
2030-03-28 13:00:00,0.0,118.55380035442766,0.0,0.0,220.3062900278607,97.35265607047032,0.0,0
2030-03-28 14:00:00,0.0,108.3997214579391,0.0,0.0,229.3613509731064,87.45050779440177,0.0,0
2030-03-28 15:00:00,0.0,142.6917600354169,0.0,0.0,226.63743718075676,83.72427413993374,0.0,0
2030-03-28 16:00:00,0.0,164.0161654332645,0.0,0.0,195.38520037509113,88.92282811029291,0.0,0
2030-03-28 17:00:00,0.0,164.0161654332645,0.0,0.0,158.07811262439807,98.69938960577862,0.0,0
2030-03-28 18:00:00,0.0,164.0161654332645,0.0,0.0,94.47792043282536,118.01020398480212,0.0,0
2030-03-28 19:00:00,0.0,164.0161654332645,0.0,36.92372633986173,29.7595273143324,138.27473915048665,0.0,0
2030-03-28 20:00:00,0.0,164.0161654332645,0.0,36.92372633986173,0.0,165.28402317923482,0.0,0
2030-03-28 21:00:00,0.0,164.0161654332645,0.0,36.92372633986173,0.0,167.12867136226552,0.0,0
2030-03-28 22:00:00,0.0,164.0161654332645,0.0,36.92372633986173,0.0,155.82142863520605,0.0,0
2030-03-28 23:00:00,0.0,164.0161654332645,0.0,36.92372633986173,0.0,143.85226969989856,0.0,0
2030-03-29 00:00:00,0.0,164.0161654332645,0.0,0.0,0.0,132.21776259755572,0.0,0
2030-03-29 01:00:00,0.0,164.0161654332645,0.0,0.0,0.0,123.15852324292815,0.0,0
2030-03-29 02:00:00,0.0,164.0161654332645,0.0,0.0,0.0,119.29192789251464,0.0,0
2030-03-29 03:00:00,0.0,164.0161654332645,0.0,0.0,0.0,119.51059663988232,0.0,0
2030-03-29 04:00:00,0.0,164.0161654332645,0.0,0.0,0.0,128.4915289430877,0.0,0
2030-03-29 05:00:00,0.0,164.0161654332645,0.0,0.0,0.0,139.9044123149903,0.0,0
2030-03-29 06:00:00,0.0,164.0161654332645,0.0,0.0,0.0,150.93019290439068,0.0,0
2030-03-29 07:00:00,0.0,164.0161654332645,0.0,0.0,0.0,149.4586113342677,0.0,0
2030-03-29 08:00:00,0.0,164.0161654332645,0.0,0.0,7.809657267379454,132.43717009069155,0.0,0
2030-03-29 09:00:00,0.0,164.0161654332645,0.0,0.0,58.927413926590646,87.64258169411664,0.0,0
2030-03-29 10:00:00,0.0,164.0161654332645,0.0,0.0,106.13501718579336,58.95191229709541,0.0,0
2030-03-29 11:00:00,0.0,164.0161654332645,0.0,0.0,151.1121349981764,60.87265129424387,0.0,0
2030-03-29 12:00:00,0.0,164.0161654332645,0.0,0.0,188.2097819403352,64.78800386535423,0.0,0
2030-03-29 13:00:00,0.0,164.0161654332645,0.0,0.0,212.23690249227067,70.03309881910583,0.0,0
2030-03-29 14:00:00,0.0,139.79665970914664,0.0,0.0,220.17731235480852,78.62175711943203,0.0,0
2030-03-29 15:00:00,0.0,132.39625339596637,0.0,0.0,224.10817317938955,102.17149471600858,0.0,0
2030-03-29 16:00:00,0.0,156.62533728900814,0.0,0.0,205.37860347382647,135.4143155362717,0.0,0
2030-03-29 17:00:00,0.0,164.0161654332645,0.0,0.0,162.024356107233,154.25602635253003,0.0,0
2030-03-29 18:00:00,0.0,164.0161654332645,0.0,0.0,97.37045182526612,162.7154041434328,0.0,0
2030-03-29 19:00:00,0.0,164.0161654332645,0.0,3.088731957889877,29.64119917391756,171.9290413636004,0.0,0
2030-03-29 20:00:00,0.0,164.0161654332645,0.0,10.173929351960224,0.0,199.1134081393964,0.0,0
2030-03-29 21:00:00,0.0,164.0161654332645,0.0,10.173929351960224,0.0,209.45437140173647,0.0,0
2030-03-29 22:00:00,0.0,164.0161654332645,0.0,10.173929351960224,0.0,188.203610635593,0.0,0
2030-03-29 23:00:00,0.0,164.0161654332645,0.0,10.173929351960224,0.0,164.45293419008405,0.0,0
2030-03-30 00:00:00,0.0,164.0161654332645,0.0,1.4677765933727756,0.0,147.79421711866172,0.0,0
2030-03-30 01:00:00,0.0,164.0161654332645,0.0,0.0,0.0,144.59249295956883,0.0,0
2030-03-30 02:00:00,0.0,164.0161654332645,0.0,0.0,0.0,155.5355340229382,0.0,0
2030-03-30 03:00:00,0.0,164.0161654332645,0.0,0.0,0.0,182.77973920595304,0.0,0
2030-03-30 04:00:00,0.0,164.0161654332645,0.0,0.0,0.0,207.28541382649496,0.0,0
2030-03-30 05:00:00,0.0,164.0161654332645,0.0,0.0,0.0,207.22188169043545,0.0,0
2030-03-30 06:00:00,0.0,164.0161654332645,0.0,0.0,0.0,197.2968322955548,0.0,0
2030-03-30 07:00:00,0.0,164.0161654332645,0.0,0.0,0.0,185.28482610569552,0.0,0
2030-03-30 08:00:00,0.0,164.0161654332645,0.0,0.0,8.637954250283363,174.34843375423935,0.0,0
2030-03-30 09:00:00,0.0,164.0161654332645,0.0,0.0,59.04574206700549,148.71173936268417,0.0,0
2030-03-30 10:00:00,0.0,164.0161654332645,0.0,0.0,128.5972480807426,96.24453741826926,0.0,0
2030-03-30 11:00:00,0.0,164.0161654332645,0.0,0.0,181.2668783014944,92.7694773249668,0.0,0
2030-03-30 12:00:00,0.0,108.96546775364776,0.0,0.0,226.7942219668064,99.79716581722579,0.0,0
2030-03-30 13:00:00,0.0,85.10977343280734,0.0,0.0,246.77925324217088,111.58902576818114,0.0,0
2030-03-30 14:00:00,0.0,50.816470283458784,0.0,0.0,253.58312131602423,121.50225523077168,0.0,0
2030-03-30 15:00:00,0.0,69.2088081691549,0.0,0.0,238.12059156731496,132.04785107088492,0.0,0
2030-03-30 16:00:00,0.0,104.37677991908356,0.0,0.0,209.82300842780796,155.41511846273238,0.0,0
2030-03-30 17:00:00,0.0,164.0161654332645,0.0,0.0,162.2657455136793,172.8879333706384,0.0,0
2030-03-30 18:00:00,0.0,164.0161654332645,0.0,0.0,98.10290301443402,155.59758866746145,0.0,0
2030-03-30 19:00:00,0.0,164.0161654332645,0.0,31.66445900805741,29.937019524954668,145.2078681844245,0.0,0
2030-03-30 20:00:00,0.0,164.0161654332645,0.0,42.78456564459384,0.0,159.88822408878391,0.0,0
2030-03-30 21:00:00,0.0,164.0161654332645,0.0,42.78456564459384,0.0,180.8183691915572,0.0,0
2030-03-30 22:00:00,0.0,164.0161654332645,0.0,30.56544158029737,0.0,186.2053033327905,0.0,0
2030-03-30 23:00:00,0.0,164.0161654332645,0.0,0.0,0.0,223.42183763984656,0.0,0
2030-03-31 00:00:00,0.0,164.0161654332645,0.0,0.0,0.0,224.60826334346976,0.0,0
2030-03-31 01:00:00,0.0,164.0161654332645,0.0,0.0,0.0,199.8078291614424,0.0,0
2030-03-31 02:00:00,0.0,164.0161654332645,0.0,0.0,0.0,189.6404711546137,0.0,0
2030-03-31 03:00:00,0.0,164.0161654332645,0.0,0.0,0.0,192.06872849447024,0.0,0
2030-03-31 04:00:00,0.0,164.0161654332645,0.0,0.0,0.0,168.04397736898352,0.0,0
2030-03-31 05:00:00,0.0,164.0161654332645,0.0,0.0,0.0,152.4660453563413,0.0,0
2030-03-31 06:00:00,0.0,164.0161654332645,0.0,0.0,0.0,162.32313014055364,0.0,0
2030-03-31 07:00:00,0.0,164.0161654332645,0.0,0.0,0.0,167.63988343381425,0.0,0
2030-03-31 08:00:00,0.0,164.0161654332645,0.0,0.0,8.815446460905598,152.29539508390235,0.0,0
2030-03-31 09:00:00,0.0,164.0161654332645,0.0,0.0,61.00348115016902,131.1037339792096,0.0,0
2030-03-31 10:00:00,0.0,145.77433945212692,0.0,0.0,120.94910872502936,179.31132782456373,0.0,0
2030-03-31 11:00:00,0.0,1.9302298403543432,0.0,0.0,186.78274456693217,222.9623377720672,0.0,0
2030-03-31 12:00:00,0.0,0.0,0.0,0.0,228.05855814713897,237.26150086006936,0.0,0
2030-03-31 13:00:00,0.0,0.0,0.0,0.0,247.73593625742487,246.4655343852513,0.0,0
2030-03-31 14:00:00,0.0,0.0,0.0,0.0,253.22636197267357,260.2283680455882,0.0,0
2030-03-31 15:00:00,0.0,0.0,0.0,0.0,239.32931352165252,264.7768257399894,0.0,0
2030-03-31 16:00:00,0.0,0.0,0.0,0.0,202.64936491515817,246.69380682760473,0.0,0
2030-03-31 17:00:00,0.0,62.324564755639805,0.0,0.0,155.119317473325,219.9748498857332,0.0,0
2030-03-31 18:00:00,0.0,164.0161654332645,0.0,0.0,87.90360895137681,214.24144397924496,0.0,0
2030-03-31 19:00:00,0.0,164.0161654332645,0.0,0.0,25.499714259398136,186.29247533343027,0.0,0
2030-03-31 20:00:00,0.0,164.0161654332645,0.0,13.22468087638768,0.0,161.04288372437736,0.0,0
2030-03-31 21:00:00,0.0,164.0161654332645,0.0,13.22468087638768,0.0,163.17490401121216,0.0,0
2030-03-31 22:00:00,0.0,164.0161654332645,0.0,13.22468087638768,0.0,179.16579490824137,0.0,0
2030-03-31 23:00:00,0.0,164.0161654332645,0.0,0.0,0.0,168.24787120098853,0.0,0
2030-04-01 00:00:00,0.0,164.0161654332645,0.0,99.9999999999999,0.0,172.1447551278955,0.0,0
2030-04-01 01:00:00,0.0,164.0161654332645,0.0,68.09629319813371,0.0,187.7810480562204,0.0,0
2030-04-01 02:00:00,0.0,164.0161654332645,0.0,0.0,0.0,196.26775944054407,0.0,0
2030-04-01 03:00:00,0.0,164.0161654332645,0.0,0.0,0.0,211.85381765663575,0.0,0
2030-04-01 04:00:00,0.0,164.0161654332645,0.0,0.0,0.0,216.9784970501816,0.0,0
2030-04-01 05:00:00,0.0,164.0161654332645,0.0,0.0,0.0,204.9229048600024,0.0,0
2030-04-01 06:00:00,0.0,164.0161654332645,0.0,0.0,0.0,202.23904148437143,0.0,0
2030-04-01 07:00:00,0.0,164.0161654332645,0.0,0.0,0.0,198.1175788439517,0.0,0
2030-04-01 08:00:00,0.0,164.0161654332645,0.0,0.0,6.98136028447558,177.78212408452632,0.0,0
2030-04-01 09:00:00,0.0,164.0161654332645,0.0,0.0,48.218717219047534,186.65150577674345,0.0,0
2030-04-01 10:00:00,0.0,164.0161654332645,0.0,0.0,105.52799382546524,203.0664367446816,0.0,0
2030-04-01 11:00:00,0.0,164.0161654332645,0.0,0.0,182.36614672594828,226.3672170173969,0.0,0
2030-04-01 12:00:00,0.0,121.54294231717584,0.0,0.0,224.90156336087105,261.7243282260596,0.0,0
2030-04-01 13:00:00,0.0,103.27177890807911,0.0,0.0,247.2460577561075,275.2566732067387,0.0,0
2030-04-01 14:00:00,0.0,103.57539319221256,0.0,0.0,253.29262573130583,276.21408772224044,0.0,0
2030-04-01 15:00:00,0.0,164.0161654332645,0.0,0.0,230.73514068332267,275.72282178643127,0.0,0
2030-04-01 16:00:00,0.0,164.0161654332645,0.0,0.0,185.2054304552024,275.84175985510086,0.0,0
2030-04-01 17:00:00,0.0,164.0161654332645,0.0,0.0,133.42740277247643,272.0187505050073,0.0,0
2030-04-01 18:00:00,0.0,164.0161654332645,0.0,0.0,69.95500497255173,267.249407825934,0.0,0
2030-04-01 19:00:00,0.0,164.0161654332645,0.0,60.2681487159478,17.453400711188998,253.3646811138549,0.0,0
2030-04-01 20:00:00,0.0,164.0161654332645,0.0,99.9999999999999,0.0,236.3262487176117,0.0,0
2030-04-01 21:00:00,0.0,164.0161654332645,0.0,99.9999999999999,0.0,249.6399249509232,0.0,0
2030-04-01 22:00:00,0.0,164.0161654332645,0.0,99.9999999999999,0.0,230.771619287012,0.0,0
2030-04-01 23:00:00,0.0,164.0161654332645,0.0,99.9999999999999,0.0,232.469257062184,0.0,0
2030-04-02 00:00:00,0.0,164.0161654332645,0.0,88.87097410163653,0.0,225.8308875897316,0.0,0
2030-04-02 01:00:00,0.0,164.0161654332645,0.0,45.206255572500815,0.0,210.67108568185324,0.0,0
2030-04-02 02:00:00,0.0,164.0161654332645,0.0,0.0,0.0,197.1247045315796,0.0,0
2030-04-02 03:00:00,0.0,164.0161654332645,0.0,0.0,0.0,198.42268084619107,0.0,0
2030-04-02 04:00:00,0.0,164.0161654332645,0.0,0.0,0.0,208.1741249855602,0.0,0
2030-04-02 05:00:00,0.0,164.0161654332645,0.0,0.0,0.0,216.8314866423229,0.0,0
2030-04-02 06:00:00,0.0,164.0161654332645,0.0,0.0,0.0,225.33666667084995,0.0,0
2030-04-02 07:00:00,0.0,164.0161654332645,0.0,0.0,0.0,237.13295909641408,0.0,0
2030-04-02 08:00:00,0.0,164.0161654332645,0.0,0.0,9.05210274173529,245.7097974644502,0.0,0
2030-04-02 09:00:00,0.0,164.0161654332645,0.0,0.0,66.01586117814166,243.5881196183693,0.0,0
2030-04-02 10:00:00,0.0,164.0161654332645,0.0,0.0,126.68269876883048,257.25787131192124,0.0,0
2030-04-02 11:00:00,0.0,164.0161654332645,0.0,0.0,188.44466329905865,256.495485679207,0.0,0
2030-04-02 12:00:00,0.0,130.00352963141987,0.0,0.0,225.594966263702,256.70602822312514,0.0,0
2030-04-02 13:00:00,0.0,127.97219354110706,0.0,0.0,250.7237218028997,253.1053813492399,0.0,0
2030-04-02 14:00:00,0.0,140.78445165857283,0.0,0.0,252.5483417280965,248.34194863631168,0.0,0
2030-04-02 15:00:00,0.0,164.0161654332645,0.0,0.0,240.2404402028468,241.56247872214567,0.0,0
2030-04-02 16:00:00,0.0,164.0161654332645,0.0,0.0,210.32649466527303,242.2125749981037,0.0,0
2030-04-02 17:00:00,0.0,164.0161654332645,0.0,0.0,162.77869800237764,261.27147707019344,0.0,0
2030-04-02 18:00:00,0.0,164.0161654332645,0.0,0.0,98.62058862874895,265.42987699901994,0.0,0
2030-04-02 19:00:00,0.0,164.0161654332645,0.0,50.90309130039782,29.996183595162087,269.14798445003845,0.0,0
2030-04-02 20:00:00,0.0,164.0161654332645,0.0,99.9999999999999,0.0,268.51118559790694,0.0,0
2030-04-02 21:00:00,0.0,164.0161654332645,0.0,99.9999999999999,0.0,266.7514931782118,0.0,0
2030-04-02 22:00:00,0.0,164.0161654332645,0.0,99.9999999999999,0.0,267.9696849498647,0.0,0
2030-04-02 23:00:00,0.0,164.0161654332645,0.0,99.9999999999999,0.0,267.25605653784714,0.0,0
2030-04-03 00:00:00,0.0,164.0161654332645,0.0,68.7038760694486,0.0,263.66058088433886,0.0,0
2030-04-03 01:00:00,0.0,164.0161654332645,0.0,0.0,0.0,258.10151897913033,0.0,0
2030-04-03 02:00:00,0.0,164.0161654332645,0.0,0.0,0.0,254.40335766385135,0.0,0
2030-04-03 03:00:00,0.0,164.0161654332645,0.0,0.0,0.0,248.7807636225833,0.0,0
2030-04-03 04:00:00,0.0,164.0161654332645,0.0,0.0,0.0,246.31852397739257,0.0,0
2030-04-03 05:00:00,0.0,164.0161654332645,0.0,0.0,0.0,243.25863900578145,0.0,0
2030-04-03 06:00:00,0.0,164.0161654332645,0.0,0.0,0.0,245.44902020829883,0.0,0
2030-04-03 07:00:00,0.0,164.0161654332645,0.0,0.0,0.0,247.21905506874796,0.0,0
2030-04-03 08:00:00,0.0,164.0161654332645,0.0,0.0,11.53699369044695,242.61519144173667,0.0,0
2030-04-03 09:00:00,0.0,164.0161654332645,0.0,0.0,74.70055504388888,213.0387658687228,0.0,0
2030-04-03 10:00:00,0.0,164.0161654332645,0.0,0.0,142.20971735406587,211.08995453238524,0.0,0
2030-04-03 11:00:00,0.0,164.0161654332645,0.0,0.0,196.17089922744563,213.23231725997388,0.0,0
2030-04-03 12:00:00,0.0,164.0161654332645,0.0,0.0,230.6955007562837,201.27054578234768,0.0,0
2030-04-03 13:00:00,0.0,164.0161654332645,0.0,0.0,249.78537964940995,183.5000163298837,0.0,0
2030-04-03 14:00:00,0.0,164.0161654332645,0.0,0.0,251.14319506067028,172.97658286281444,0.0,0
2030-04-03 15:00:00,0.0,164.0161654332645,0.0,0.0,237.72478393762728,184.6598471858541,0.0,0
2030-04-03 16:00:00,0.0,164.0161654332645,0.0,0.0,207.90490927168327,206.94632951892143,0.0,0
2030-04-03 17:00:00,0.0,164.0161654332645,0.0,0.0,161.38360922688665,232.1959211279744,0.0,0
2030-04-03 18:00:00,0.0,164.0161654332645,0.0,0.0,98.18336614991613,253.06548907776073,0.0,0
2030-04-03 19:00:00,0.0,164.0161654332645,0.0,68.15398761643166,30.055347665369506,270.9638215481119,0.0,0
2030-04-03 20:00:00,0.0,164.0161654332645,0.0,99.9999999999999,0.0,274.2645376401348,0.0,0
2030-04-03 21:00:00,0.0,164.0161654332645,0.0,99.9999999999999,0.0,276.72234481071666,0.0,0
2030-04-03 22:00:00,0.0,164.0161654332645,0.0,99.9999999999999,0.0,278.54483062070324,0.0,0
2030-04-03 23:00:00,0.0,164.0161654332645,0.0,99.9999999999999,0.0,278.9880780815837,0.0,0
2030-04-04 00:00:00,0.0,164.0161654332645,0.0,59.05384092610666,0.0,275.7678852782875,0.0,0
2030-04-04 01:00:00,0.0,164.0161654332645,0.0,0.0,0.0,271.69591860433275,0.0,0
2030-04-04 02:00:00,0.0,164.0161654332645,0.0,0.0,0.0,267.5441673874196,0.0,0
2030-04-04 03:00:00,0.0,164.0161654332645,0.0,0.0,0.0,263.9479529881431,0.0,0
2030-04-04 04:00:00,0.0,164.0161654332645,0.0,0.0,0.0,259.04859105387806,0.0,0
2030-04-04 05:00:00,0.0,164.0161654332645,0.0,0.0,0.0,254.6959009880325,0.0,0
2030-04-04 06:00:00,0.0,164.0161654332645,0.0,0.0,0.0,244.68737332135265,0.0,0
2030-04-04 07:00:00,0.0,164.0161654332645,0.0,0.0,0.0,236.3410236329744,0.0,0
2030-04-04 08:00:00,0.0,164.0161654332645,0.0,0.0,12.069470322313748,213.76052048418967,0.0,0
2030-04-04 09:00:00,0.0,164.0161654332645,0.0,0.0,76.11339304044209,153.51875807593228,0.0,0
2030-04-04 10:00:00,0.0,164.0161654332645,0.0,0.0,142.75639336278243,97.92222905770163,0.0,0
2030-04-04 11:00:00,0.0,164.0161654332645,0.0,0.0,196.99387144403087,88.99670268710634,0.0,0
2030-04-04 12:00:00,0.0,164.0161654332645,0.0,0.0,233.96431563524368,80.38809825104049,0.0,0
2030-04-04 13:00:00,0.0,164.0161654332645,0.0,0.0,253.44763559524927,78.55822498337251,0.0,0
2030-04-04 14:00:00,0.0,164.0161654332645,0.0,0.0,254.35521243223107,87.84499803458537,0.0,0
2030-04-04 15:00:00,0.0,164.0161654332645,0.0,0.0,241.24386283356472,113.16255425430661,0.0,0
2030-04-04 16:00:00,0.0,164.0161654332645,0.0,0.0,211.33760862511784,146.26205839555175,0.0,0
2030-04-04 17:00:00,0.0,164.0161654332645,0.0,0.0,164.41340126220865,180.35517559493712,0.0,0
2030-04-04 18:00:00,0.0,164.0161654332645,0.0,0.0,100.31741416229772,203.20679844062695,0.0,0
2030-04-04 19:00:00,0.0,164.0161654332645,0.0,97.00611035847464,30.82448057806597,226.73141868108695,0.0,0
2030-04-04 20:00:00,0.0,164.0161654332645,0.0,99.9999999999999,0.0,234.63156592551223,0.0,0
2030-04-04 21:00:00,0.0,164.0161654332645,0.0,99.9999999999999,0.0,236.87070434872652,0.0,0
2030-04-04 22:00:00,0.0,164.0161654332645,0.0,99.9999999999999,0.0,236.93940770516292,0.0,0
2030-04-04 23:00:00,0.0,164.0161654332645,0.0,99.9999999999999,0.0,235.3237707102539,0.0,0
2030-04-05 00:00:00,0.0,164.0161654332645,0.0,99.9999999999999,0.0,229.3251550730056,0.0,0
2030-04-05 01:00:00,0.0,164.0161654332645,0.0,28.138273345532298,0.0,227.73906790882177,0.0,0
2030-04-05 02:00:00,0.0,164.0161654332645,0.0,0.0,0.0,220.85986731595773,0.0,0
2030-04-05 03:00:00,0.0,164.0161654332645,0.0,0.0,0.0,213.5795277709969,0.0,0
2030-04-05 04:00:00,0.0,164.0161654332645,0.0,0.0,0.0,205.74365140839924,0.0,0
2030-04-05 05:00:00,0.0,164.0161654332645,0.0,0.0,0.0,194.04191844115624,0.0,0
2030-04-05 06:00:00,0.0,164.0161654332645,0.0,0.0,0.0,188.3727834164957,0.0,0
2030-04-05 07:00:00,0.0,164.0161654332645,0.0,0.0,0.0,173.2639549666186,0.0,0
2030-04-05 08:00:00,0.0,164.0161654332645,0.0,0.0,12.424454743558249,153.0563032250804,0.0,0
2030-04-05 09:00:00,0.0,164.0161654332645,0.0,0.0,76.67604334811465,106.8182055975716,0.0,0
2030-04-05 10:00:00,0.0,164.0161654332645,0.0,0.0,143.51901822775608,79.4417649220608,0.0,0
2030-04-05 11:00:00,0.0,164.0161654332645,0.0,0.0,197.95647086630564,74.43232986834396,0.0,0
2030-04-05 12:00:00,0.0,164.0161654332645,0.0,0.0,234.50507523693952,73.80070223658937,0.0,0
2030-04-05 13:00:00,0.0,164.0161654332645,0.0,0.0,254.0020029330928,74.00681230589875,0.0,0
2030-04-05 14:00:00,0.0,164.0161654332645,0.0,0.0,255.72486065753287,78.66977559436073,0.0,0
2030-04-05 15:00:00,0.0,164.0161654332645,0.0,0.0,242.1490731077382,94.98793086667328,0.0,0
2030-04-05 16:00:00,0.0,164.0161654332645,0.0,0.0,212.00793754056795,127.93894710852344,0.0,0
2030-04-05 17:00:00,0.0,164.0161654332645,0.0,0.0,164.56426964123756,157.27010908651687,0.0,0
2030-04-05 18:00:00,0.0,164.0161654332645,0.0,0.0,100.38190299882385,171.20876423966973,0.0,0
2030-04-05 19:00:00,0.0,164.0161654332645,0.0,99.9999999999999,30.88364464827339,176.07414386860043,0.0,0
2030-04-05 20:00:00,0.0,164.0161654332645,0.0,99.9999999999999,0.0,175.80228542592712,0.0,0
2030-04-05 21:00:00,0.0,164.0161654332645,0.0,99.9999999999999,0.0,173.96059222596898,0.0,0
2030-04-05 22:00:00,0.0,164.0161654332645,0.0,99.9999999999999,0.0,210.70285174988297,0.0,0
2030-04-05 23:00:00,0.0,164.0161654332645,0.0,99.9999999999999,0.0,208.90326705870848,0.0,0
2030-04-06 00:00:00,0.0,164.0161654332645,0.0,99.9999999999999,0.0,192.04508862989,0.0,0
2030-04-06 01:00:00,0.0,164.0161654332645,0.0,99.9999999999999,0.0,175.97441318990235,0.0,0
2030-04-06 02:00:00,0.0,164.0161654332645,0.0,55.727776989047584,0.0,175.3575604735104,0.0,0
2030-04-06 03:00:00,0.0,164.0161654332645,0.0,22.50964344080785,0.0,168.84477778164083,0.0,0
2030-04-06 04:00:00,0.0,164.0161654332645,0.0,16.930856821949305,0.0,158.77715045351033,0.0,0
2030-04-06 05:00:00,0.0,164.0161654332645,0.0,16.93085682194931,0.0,146.20517497140543,0.0,0
2030-04-06 06:00:00,0.0,164.0161654332645,0.0,16.93085682194931,0.0,138.45720935521572,0.0,0
2030-04-06 07:00:00,0.0,164.0161654332645,0.0,0.0,0.0,136.1811336435948,0.0,0
2030-04-06 08:00:00,0.0,164.0161654332645,0.0,0.0,12.897767305217624,129.48070952661917,0.0,0
2030-04-06 09:00:00,0.0,164.0161654332645,0.0,0.0,77.74158825255027,99.97077107273729,0.0,0
2030-04-06 10:00:00,0.0,164.0161654332645,0.0,0.0,145.30399822591394,79.65600119481967,0.0,0
2030-04-06 11:00:00,0.0,164.0161654332645,0.0,0.0,200.877992653148,83.50560539256608,0.0,0
2030-04-06 12:00:00,0.0,164.0161654332645,0.0,0.0,238.65720968409627,92.23462538883776,0.0,0
2030-04-06 13:00:00,0.0,164.0161654332645,0.0,0.0,258.98716748877,100.13994385364,0.0,0
2030-04-06 14:00:00,0.0,164.0161654332645,0.0,0.0,260.8135623360731,110.80152277935028,0.0,0
2030-04-06 15:00:00,0.0,164.0161654332645,0.0,0.0,244.9824404299716,123.94011626561397,0.0,0
2030-04-06 16:00:00,0.0,164.0161654332645,0.0,0.0,214.30823659023244,139.54981434628596,0.0,0
2030-04-06 17:00:00,0.0,164.0161654332645,0.0,0.0,166.8450445477336,160.7274392813841,0.0,0
2030-04-06 18:00:00,0.0,164.0161654332645,0.0,0.0,101.0818139493776,166.29832111888285,0.0,0
2030-04-06 19:00:00,0.0,164.0161654332645,0.0,99.9999999999999,30.82448057806597,162.7058004484471,0.0,0
2030-04-06 20:00:00,0.0,164.0161654332645,0.0,99.9999999999999,0.0,167.7484790617299,0.0,0
2030-04-06 21:00:00,0.0,164.0161654332645,0.0,99.9999999999999,0.0,159.47748144170137,0.0,0
2030-04-06 22:00:00,0.0,164.0161654332645,0.0,99.9999999999999,0.0,157.37722722289635,0.0,0
2030-04-06 23:00:00,0.0,164.0161654332645,0.0,99.9999999999999,0.0,138.149891115672,0.0,0
2030-04-07 00:00:00,0.0,164.0161654332645,0.0,99.9999999999999,0.0,122.8120514776733,0.0,0
2030-04-07 01:00:00,0.0,164.0161654332645,0.0,99.9999999999999,0.0,127.17656147580912,0.0,0
2030-04-07 02:00:00,0.0,164.0161654332645,0.0,99.82356458040499,0.0,134.0121760683533,0.0,0
2030-04-07 03:00:00,0.0,164.0161654332645,0.0,53.45641977077985,0.0,135.57831709679746,0.0,0
2030-04-07 04:00:00,0.0,164.0161654332645,0.0,26.93694619430846,0.0,144.62795275643927,0.0,0
2030-04-07 05:00:00,0.0,164.0161654332645,0.0,0.0,0.0,158.42476872211037,0.0,0
2030-04-07 06:00:00,0.0,164.0161654332645,0.0,0.0,0.0,157.298181425706,0.0,0
2030-04-07 07:00:00,0.0,164.0161654332645,0.0,0.0,0.0,154.24420642023992,0.0,0
2030-04-07 08:00:00,0.0,164.0161654332645,0.0,0.0,13.193587656254705,134.6844347173553,0.0,0
2030-04-07 09:00:00,0.0,164.0161654332645,0.0,0.0,76.48376011994051,111.4183754957422,0.0,0
2030-04-07 10:00:00,0.0,164.0161654332645,0.0,0.0,143.69118567205967,119.0259794159864,0.0,0
2030-04-07 11:00:00,0.0,164.0161654332645,0.0,0.0,198.23809184049287,128.6673504359036,0.0,0
2030-04-07 12:00:00,0.0,150.21661149766152,0.0,0.0,237.47747812416037,129.97714668280523,0.0,0
2030-04-07 13:00:00,0.0,139.79927564730673,0.0,0.0,257.3489143847266,128.45311416314473,0.0,0
2030-04-07 14:00:00,0.0,157.22149168371828,0.0,0.0,260.2591949982296,127.06796584789345,0.0,0
2030-04-07 15:00:00,0.0,164.0161654332645,0.0,0.0,245.17649858025192,130.2194552947532,0.0,0
2030-04-07 16:00:00,0.0,164.0161654332645,0.0,0.0,213.587026574404,134.91344590547683,0.0,0
2030-04-07 17:00:00,0.0,164.0161654332645,0.0,0.0,164.29388984038965,146.0448671397203,0.0,0
2030-04-07 18:00:00,0.0,164.0161654332645,0.0,0.0,98.55195830730833,149.8080380825951,0.0,0
2030-04-07 19:00:00,0.0,164.0161654332645,0.0,99.9999999999999,27.86627706769496,149.1594192981734,0.0,0
2030-04-07 20:00:00,0.0,164.0161654332645,0.0,99.9999999999999,0.0,150.24685306886667,0.0,0
2030-04-07 21:00:00,0.0,164.0161654332645,0.0,99.9999999999999,0.0,142.9901533884861,0.0,0
2030-04-07 22:00:00,0.0,164.0161654332645,0.0,99.9999999999999,0.0,87.36555203106637,0.0,0
2030-04-07 23:00:00,0.0,164.0161654332645,0.0,99.9999999999999,0.0,96.22606877406592,0.0,0
2030-04-08 00:00:00,0.0,164.0161654332645,0.0,99.9999999999999,0.0,107.96621652125187,0.0,0
2030-04-08 01:00:00,0.0,164.0161654332645,0.0,99.9999999999999,0.0,121.61897706213686,0.0,0
2030-04-08 02:00:00,0.0,164.0161654332645,0.0,51.96630090985809,0.0,133.04663534940212,0.0,0
2030-04-08 03:00:00,0.0,164.0161654332645,0.0,12.348814573642528,0.0,137.99770948743637,0.0,0
2030-04-08 04:00:00,0.0,164.0161654332645,0.0,11.417591380438182,0.0,121.79775353802528,0.0,0
2030-04-08 05:00:00,0.0,164.0161654332645,0.0,18.476064799871207,0.0,109.7790986362528,0.0,0
2030-04-08 06:00:00,0.0,164.0161654332645,0.0,18.476064799871207,0.0,107.02357692111286,0.0,0
2030-04-08 07:00:00,0.0,164.0161654332645,0.0,18.476064799871207,0.0,106.14668569433776,0.0,0
2030-04-08 08:00:00,0.0,164.0161654332645,0.0,18.476064799871207,8.992938671527865,100.22342212543911,0.0,0
2030-04-08 09:00:00,0.0,164.0161654332645,0.0,14.980972908493356,47.804568727595615,78.66682061128819,0.0,0
2030-04-08 10:00:00,0.0,164.0161654332645,0.0,0.0,102.62185469687678,82.95080732069742,0.0,0
2030-04-08 11:00:00,0.0,164.0161654332645,0.0,0.0,180.06170619136924,89.19985777334318,0.0,0
2030-04-08 12:00:00,0.0,164.0161654332645,0.0,0.0,216.3168567737744,91.11838053318725,0.0,0
2030-04-08 13:00:00,0.0,164.0161654332645,0.0,0.0,252.40338975608833,102.1596747837184,0.0,0
2030-04-08 14:00:00,0.0,164.0161654332645,0.0,0.0,251.77625061188968,110.5377905401264,0.0,0
2030-04-08 15:00:00,0.0,164.0161654332645,0.0,0.0,237.42482210167572,108.78474683234438,0.0,0
2030-04-08 16:00:00,0.0,164.0161654332645,0.0,0.0,201.55956274193744,102.86813197535893,0.0,0
2030-04-08 17:00:00,0.0,164.0161654332645,0.0,0.0,157.6882214017312,117.48200076058627,0.0,0
2030-04-08 18:00:00,0.0,164.0161654332645,0.0,2.968440887986105,90.60208219353729,129.4489434585894,0.0,0
2030-04-08 19:00:00,0.0,164.0161654332645,0.0,99.9999999999999,26.20968310188717,134.50713573300308,0.0,0
2030-04-08 20:00:00,0.0,164.0161654332645,0.0,99.9999999999999,0.0,126.2294894010613,0.0,0
2030-04-08 21:00:00,0.0,164.0161654332645,0.0,99.9999999999999,0.0,112.89365079470583,0.0,0
2030-04-08 22:00:00,0.0,164.0161654332645,0.0,99.9999999999999,0.0,78.03149925069295,0.0,0
2030-04-08 23:00:00,0.0,164.0161654332645,0.0,99.9999999999999,0.0,79.09972563141474,0.0,0
2030-04-09 00:00:00,0.0,164.0161654332645,0.0,99.9999999999999,0.0,73.35745477570894,0.0,0
2030-04-09 01:00:00,0.0,164.0161654332645,0.0,99.9999999999999,0.0,76.98617398878329,0.0,0
2030-04-09 02:00:00,0.0,164.0161654332645,0.0,99.9999999999999,0.0,84.90257364010753,0.0,0
2030-04-09 03:00:00,0.0,164.0161654332645,0.0,46.78840353828275,0.0,103.55812052279612,0.0,0
2030-04-09 04:00:00,0.0,164.0161654332645,0.0,16.754290809438373,0.0,116.46105410902504,0.0,0
2030-04-09 05:00:00,0.0,164.0161654332645,0.0,16.754290809438366,0.0,125.4020941407512,0.0,0
2030-04-09 06:00:00,0.0,164.0161654332645,0.0,16.754290809438366,0.0,140.28338889404307,0.0,0
2030-04-09 07:00:00,0.0,164.0161654332645,0.0,16.488867877396558,0.0,139.2070363098718,0.0,0
2030-04-09 08:00:00,0.0,164.0161654332645,0.0,16.48886787739656,11.063681128787572,125.95024350070663,0.0,0
2030-04-09 09:00:00,0.0,164.0161654332645,0.0,0.7240644516300562,56.44252297787899,81.90031083841083,0.0,0
2030-04-09 10:00:00,0.0,164.0161654332645,0.0,0.0,128.59547315863637,65.30512590304802,0.0,0
2030-04-09 11:00:00,0.0,164.0161654332645,0.0,0.0,179.3836859467922,52.37707496070255,0.0,0
2030-04-09 12:00:00,0.0,164.0161654332645,0.0,0.0,228.12482190577128,49.422091888166456,0.0,0
2030-04-09 13:00:00,0.0,164.0161654332645,0.0,0.0,248.9665489177393,68.18623439877075,0.0,0
2030-04-09 14:00:00,0.0,164.0161654332645,0.0,0.0,250.120248286784,97.52773881751808,0.0,0
2030-04-09 15:00:00,0.0,164.0161654332645,0.0,0.0,234.73049034442977,126.0839564847389,0.0,0
2030-04-09 16:00:00,0.0,164.0161654332645,0.0,0.0,205.46675793843556,138.4069746429826,0.0,0
2030-04-09 17:00:00,0.0,164.0161654332645,0.0,0.0,158.1349101317972,140.70816771072012,0.0,0
2030-04-09 18:00:00,0.0,164.0161654332645,0.0,0.2712587913432571,93.51768757335894,127.98401060037963,0.0,0
2030-04-09 19:00:00,0.0,164.0161654332645,0.0,99.9999999999999,28.39875369956176,115.36475538911417,0.0,0
2030-04-09 20:00:00,0.0,164.0161654332645,0.0,99.9999999999999,0.0,121.22153183888076,0.0,0
2030-04-09 21:00:00,0.0,164.0161654332645,0.0,99.9999999999999,0.0,122.6687347986553,0.0,0
2030-04-09 22:00:00,0.0,164.0161654332645,0.0,99.9999999999999,0.0,105.43675101116096,0.0,0
2030-04-09 23:00:00,0.0,164.0161654332645,0.0,99.9999999999999,0.0,82.97296969374146,0.0,0
2030-04-10 00:00:00,0.0,164.0161654332645,0.0,99.9999999999999,0.0,71.6583395090007,0.0,0
2030-04-10 01:00:00,0.0,164.0161654332645,0.0,99.9999999999999,0.0,68.70335643646457,0.0,0
2030-04-10 02:00:00,0.0,164.0161654332645,0.0,99.9999999999999,0.0,77.38361921203939,0.0,0
2030-04-10 03:00:00,0.0,164.0161654332645,0.0,56.67799313629297,0.0,93.66853092478593,0.0,0
2030-04-10 04:00:00,0.0,164.0161654332645,0.0,38.508137443681115,0.0,94.70720747478236,0.0,0
2030-04-10 05:00:00,0.0,164.0161654332645,0.0,38.508137443681115,0.0,106.82189932641228,0.0,0
2030-04-10 06:00:00,0.0,164.0161654332645,0.0,15.904654720124311,0.0,149.06042736524347,0.0,0
2030-04-10 07:00:00,0.0,164.0161654332645,0.0,0.0,0.0,178.21355161311655,0.0,0
2030-04-10 08:00:00,0.0,164.0161654332645,0.0,0.0,12.306126603143404,175.54446315284835,0.0,0
2030-04-10 09:00:00,0.0,164.0161654332645,0.0,0.0,72.57479000133628,164.144138459004,0.0,0
2030-04-10 10:00:00,0.0,164.0161654332645,0.0,0.0,138.56698555139502,162.69398051615693,0.0,0
2030-04-10 11:00:00,0.0,164.0161654332645,0.0,0.0,189.79064589627745,182.3904201861464,0.0,0
2030-04-10 12:00:00,0.0,164.0161654332645,0.0,0.0,230.8777260925225,208.12758400216777,0.0,0
2030-04-10 13:00:00,0.0,162.28959381069262,0.0,0.0,250.6337924161844,219.80050588445351,0.0,0
2030-04-10 14:00:00,0.0,156.25087234304175,0.0,0.0,251.91173633266465,231.7260788194412,0.0,0
2030-04-10 15:00:00,0.0,164.0161654332645,0.0,0.0,238.23773642632565,232.68201584340656,0.0,0
2030-04-10 16:00:00,0.0,164.0161654332645,0.0,0.0,207.19553206989636,232.0703343473916,0.0,0
2030-04-10 17:00:00,0.0,164.0161654332645,0.0,0.0,157.97220893872677,237.18688753748796,0.0,0
2030-04-10 18:00:00,0.0,164.0161654332645,0.0,0.0,95.21865459182224,234.3242476859685,0.0,0
2030-04-10 19:00:00,0.0,164.0161654332645,0.0,90.1102096628016,28.51708183997657,226.17366562614583,0.0,0
2030-04-10 20:00:00,0.0,164.0161654332645,0.0,99.9999999999999,0.0,242.99638425809388,0.0,0
2030-04-10 21:00:00,0.0,164.0161654332645,0.0,99.9999999999999,0.0,240.2829710517376,0.0,0
2030-04-10 22:00:00,0.0,164.0161654332645,0.0,99.9999999999999,0.0,240.21796142414175,0.0,0
2030-04-10 23:00:00,0.0,164.0161654332645,0.0,99.9999999999999,0.0,237.79635279619848,0.0,0
2030-04-11 00:00:00,0.0,164.0161654332645,0.0,96.22357021000003,0.0,235.59932288176785,0.0,0
2030-04-11 01:00:00,0.0,164.0161654332645,0.0,28.19811175275112,0.0,227.67922950160295,0.0,0
2030-04-11 02:00:00,0.0,164.0161654332645,0.0,0.0,0.0,222.2553580719629,0.0,0
2030-04-11 03:00:00,0.0,164.0161654332645,0.0,0.0,0.0,225.9025459292406,0.0,0
2030-04-11 04:00:00,0.0,164.0161654332645,0.0,0.0,0.0,233.7642783937229,0.0,0
2030-04-11 05:00:00,0.0,164.0161654332645,0.0,0.0,0.0,237.88869601721527,0.0,0
2030-04-11 06:00:00,0.0,164.0161654332645,0.0,0.0,0.0,230.11191931606828,0.0,0
2030-04-11 07:00:00,0.0,164.0161654332645,0.0,0.0,0.0,223.8340577784653,0.0,0
2030-04-11 08:00:00,0.0,164.0161654332645,0.0,0.0,13.785228358328924,224.03499662739773,0.0,0
2030-04-11 09:00:00,0.0,164.0161654332645,0.0,0.0,76.53286629821272,247.32247947628676,0.0,0
2030-04-11 10:00:00,0.0,164.0161654332645,0.0,0.0,142.47832223280759,272.4531330166701,0.0,0
2030-04-11 11:00:00,0.0,146.8723102336488,0.0,0.0,196.40223074195669,265.8228897476672,0.0,0
2030-04-11 12:00:00,0.0,115.99641675006183,0.0,0.0,231.50723179952948,265.3397500153076,0.0,0
2030-04-11 13:00:00,0.0,121.58268976696796,0.0,0.0,251.16508576664705,260.9841049663893,0.0,0
2030-04-11 14:00:00,0.0,114.04633744968773,0.0,0.0,253.3440984723863,264.52121970421507,0.0,0
2030-04-11 15:00:00,0.0,164.0161654332645,0.0,0.0,239.02757676359477,272.1325173532999,0.0,0
2030-04-11 16:00:00,0.0,164.0161654332645,0.0,0.0,207.9966135805048,278.20057509275284,0.0,0
2030-04-11 17:00:00,0.0,164.0161654332645,0.0,0.0,159.38090545036547,277.6930567500448,0.0,0
2030-04-11 18:00:00,0.0,164.0161654332645,0.0,0.0,95.29320132028364,271.09975076944846,0.0,0
2030-04-11 19:00:00,0.0,164.0161654332645,0.0,61.50301715349019,28.81290219101368,251.60351120262348,0.0,0
2030-04-11 20:00:00,0.0,164.0161654332645,0.0,99.9999999999999,0.0,249.57639281486365,0.0,0
2030-04-11 21:00:00,0.0,164.0161654332645,0.0,99.9999999999999,0.0,246.63396842038577,0.0,0
2030-04-11 22:00:00,0.0,164.0161654332645,0.0,99.9999999999999,0.0,207.9569337297288,0.0,0
2030-04-11 23:00:00,0.0,164.0161654332645,0.0,99.9999999999999,0.0,205.16004225157337,0.0,0
2030-04-12 00:00:00,0.0,164.0161654332645,0.0,99.9999999999999,0.0,186.8155073372692,0.0,0
2030-04-12 01:00:00,0.0,164.0161654332645,0.0,81.49049272017174,0.0,174.38684853418235,0.0,0
2030-04-12 02:00:00,0.0,164.0161654332645,0.0,21.436893295951226,0.0,163.57604296330896,0.0,0
2030-04-12 03:00:00,0.0,164.0161654332645,0.0,0.0,0.0,157.3705785109831,0.0,0
2030-04-12 04:00:00,0.0,164.0161654332645,0.0,0.0,0.0,162.2463005806677,0.0,0
2030-04-12 05:00:00,0.0,164.0161654332645,0.0,0.0,0.0,182.4236637457124,0.0,0
2030-04-12 06:00:00,0.0,164.0161654332645,0.0,0.0,0.0,189.52892054362547,0.0,0
2030-04-12 07:00:00,0.0,164.0161654332645,0.0,0.0,0.0,181.15745349913067,0.0,0
2030-04-12 08:00:00,0.0,164.0161654332645,0.0,0.0,14.258540919988269,160.76585406132713,0.0,0
2030-04-12 09:00:00,0.0,164.0161654332645,0.0,0.0,77.06356800797326,146.12021920807004,0.0,0
2030-04-12 10:00:00,0.0,164.0161654332645,0.0,0.0,142.13517062560453,133.2505291814071,0.0,0
2030-04-12 11:00:00,0.0,164.0161654332645,0.0,0.0,195.6378309548768,122.22770357507927,0.0,0
2030-04-12 12:00:00,0.0,164.0161654332645,0.0,0.0,232.03438366507763,126.69194425191321,0.0,0
2030-04-12 13:00:00,0.0,164.0161654332645,0.0,0.0,251.62538223286072,144.89833370757634,0.0,0
2030-04-12 14:00:00,0.0,164.0161654332645,0.0,0.0,253.4085873089124,173.20707154247228,0.0,0
2030-04-12 15:00:00,0.0,164.0161654332645,0.0,0.0,238.75719696274683,192.24381124151805,0.0,0
2030-04-12 16:00:00,0.0,164.0161654332645,0.0,0.0,207.68718549332,199.63791763477153,0.0,0
2030-04-12 17:00:00,0.0,164.0161654332645,0.0,0.0,159.67317595719007,200.2628965546129,0.0,0
2030-04-12 18:00:00,0.0,164.0161654332645,0.0,0.0,95.65942691486752,194.73338448012967,0.0,0
2030-04-12 19:00:00,0.0,164.0161654332645,0.0,99.9999999999999,28.753738120806258,188.25680033089867,0.0,0
2030-04-12 20:00:00,0.0,164.0161654332645,0.0,99.9999999999999,0.0,200.92111903402036,0.0,0
2030-04-12 21:00:00,0.0,164.0161654332645,0.0,99.9999999999999,0.0,206.71066961888667,0.0,0
2030-04-12 22:00:00,0.0,164.0161654332645,0.0,99.9999999999999,0.0,217.1639222379832,0.0,0
2030-04-12 23:00:00,0.0,164.0161654332645,0.0,99.9999999999999,0.0,211.84716894472257,0.0,0
2030-04-13 00:00:00,0.0,164.0161654332645,0.0,99.9999999999999,0.0,202.76576721705095,0.0,0
2030-04-13 01:00:00,0.0,164.0161654332645,0.0,99.9999999999999,0.0,181.08579515962168,0.0,0
2030-04-13 02:00:00,0.0,164.0161654332645,0.0,63.86358413350762,0.0,167.2217533290504,0.0,0
2030-04-13 03:00:00,0.0,164.0161654332645,0.0,23.537238804282254,0.0,167.81718241816642,0.0,0
2030-04-13 04:00:00,0.0,164.0161654332645,0.0,6.8853918668628475,0.0,168.82261540859685,0.0,0
2030-04-13 05:00:00,0.0,164.0161654332645,0.0,6.885391866862846,0.0,163.85676635519988,0.0,0
2030-04-13 06:00:00,0.0,164.0161654332645,0.0,0.0,0.0,161.43589647302463,0.0,0
2030-04-13 07:00:00,0.0,164.0161654332645,0.0,0.0,0.0,163.91882099972318,0.0,0
2030-04-13 08:00:00,0.0,164.0161654332645,0.0,0.0,14.850181622062488,163.82130655832947,0.0,0
2030-04-13 09:00:00,0.0,164.0161654332645,0.0,0.0,78.38056021079045,163.2465623507212,0.0,0
2030-04-13 10:00:00,0.0,164.0161654332645,0.0,0.0,144.21656261550154,163.6144577432519,0.0,0
2030-04-13 11:00:00,0.0,164.0161654332645,0.0,0.0,197.9345801603289,178.46250893697777,0.0,0
2030-04-13 12:00:00,0.0,164.0161654332645,0.0,0.0,235.18132055941035,190.3843881431247,0.0,0
2030-04-13 13:00:00,0.0,158.72314742217927,0.0,0.0,254.76048631315197,204.4870448568033,0.0,0
2030-04-13 14:00:00,0.0,132.15880663355287,0.0,0.0,255.47577992195963,220.39519622780145,0.0,0
2030-04-13 15:00:00,0.0,164.0161654332645,0.0,0.0,240.81669824666713,227.80112255334504,0.0,0
2030-04-13 16:00:00,0.0,164.0161654332645,0.0,0.0,209.45264134830944,225.61886755427716,0.0,0
2030-04-13 17:00:00,0.0,164.0161654332645,0.0,0.0,160.88012298942152,220.387070024352,0.0,0
2030-04-13 18:00:00,0.0,164.0161654332645,0.0,0.0,96.34158864435912,210.54402140973417,0.0,0
2030-04-13 19:00:00,0.0,164.0161654332645,0.0,99.9999999999999,28.81290219101368,201.63917992064657,0.0,0
2030-04-13 20:00:00,0.0,164.0161654332645,0.0,99.9999999999999,0.0,212.9619363088368,0.0,0
2030-04-13 21:00:00,0.0,164.0161654332645,0.0,99.9999999999999,0.0,212.8045834602243,0.0,0
2030-04-13 22:00:00,0.0,164.0161654332645,0.0,99.9999999999999,0.0,178.34874208868507,0.0,0
2030-04-13 23:00:00,0.0,164.0161654332645,0.0,99.9999999999999,0.0,168.82926412051003,0.0,0
2030-04-14 00:00:00,0.0,164.0161654332645,0.0,99.9999999999999,0.0,165.52411555387835,0.0,0
2030-04-14 01:00:00,0.0,164.0161654332645,0.0,99.9999999999999,0.0,164.29114886686267,0.0,0
2030-04-14 02:00:00,0.0,164.0161654332645,0.0,66.74105159182693,0.0,167.09468905693134,0.0,0
2030-04-14 03:00:00,0.0,164.0161654332645,0.0,6.786155868912715,0.0,182.24858099866464,0.0,0
2030-04-14 04:00:00,0.0,164.0161654332645,0.0,0.0,0.0,195.77427726743056,0.0,0
2030-04-14 05:00:00,0.0,164.0161654332645,0.0,0.0,0.0,205.03667170829496,0.0,0
2030-04-14 06:00:00,0.0,164.0161654332645,0.0,0.0,0.0,205.75473259492128,0.0,0
2030-04-14 07:00:00,0.0,164.0161654332645,0.0,0.0,0.0,206.6759485677844,0.0,0
2030-04-14 08:00:00,0.0,164.0161654332645,0.0,0.0,15.1460019730996,195.09758614381985,0.0,0
2030-04-14 09:00:00,0.0,164.0161654332645,0.0,0.0,78.38647661781118,160.36323761769407,0.0,0
2030-04-14 10:00:00,0.0,164.0161654332645,0.0,0.0,143.31312726343424,93.22232848083294,0.0,0
2030-04-14 11:00:00,0.0,164.0161654332645,0.0,0.0,196.81578759270647,87.48227386243155,0.0,0
2030-04-14 12:00:00,0.0,164.0161654332645,0.0,0.0,233.24724710432972,82.57847945355788,0.0,0
2030-04-14 13:00:00,0.0,164.0161654332645,0.0,0.0,252.26198762829253,78.0049044030401,0.0,0
2030-04-14 14:00:00,0.0,164.0161654332645,0.0,0.0,252.37025787677211,88.03707193430019,0.0,0
2030-04-14 15:00:00,0.0,164.0161654332645,0.0,0.0,237.75791581694352,104.3973357153964,0.0,0
2030-04-14 16:00:00,0.0,164.0161654332645,0.0,0.0,206.81510709846268,124.87610715383975,0.0,0
2030-04-14 17:00:00,0.0,164.0161654332645,0.0,0.0,158.3230518750568,132.7009023299154,0.0,0
2030-04-14 18:00:00,0.0,164.0161654332645,0.0,0.0,94.91100142674368,131.20863587828467,0.0,0
2030-04-14 19:00:00,0.0,164.0161654332645,0.0,99.9999999999999,28.280425559146913,132.90331867038412,0.0,0
2030-04-14 20:00:00,0.0,164.0161654332645,0.0,99.9999999999999,0.0,134.10304179783378,0.0,0
2030-04-14 21:00:00,0.0,164.0161654332645,0.0,99.9999999999999,0.0,122.85933120683389,0.0,0
2030-04-14 22:00:00,0.0,164.0161654332645,0.0,99.9999999999999,0.0,88.37320125880119,0.0,0
2030-04-14 23:00:00,0.0,164.0161654332645,0.0,99.9999999999999,0.0,96.07758087467096,0.0,0
2030-04-15 00:00:00,0.0,164.0161654332645,0.0,99.9999999999999,0.0,102.42710075178294,0.0,0
2030-04-15 01:00:00,0.0,164.0161654332645,0.0,99.9999999999999,0.0,100.47902816121352,0.0,0
2030-04-15 02:00:00,0.0,164.0161654332645,0.0,77.67686987822663,0.0,107.33606638103356,0.0,0
2030-04-15 03:00:00,0.0,164.0161654332645,0.0,35.46786338739696,0.0,114.87866067368196,0.0,0
2030-04-15 04:00:00,0.0,164.0161654332645,0.0,6.247109749268134,0.0,126.96823516919532,0.0,0
2030-04-15 05:00:00,0.0,164.0161654332645,0.0,13.643112221761555,0.0,132.13945554613355,0.0,0
2030-04-15 06:00:00,0.0,164.0161654332645,0.0,13.643112221761555,0.0,123.8566379938148,0.0,0
2030-04-15 07:00:00,0.0,164.0161654332645,0.0,13.643112221761555,0.0,110.27405830090258,0.0,0
2030-04-15 08:00:00,0.0,164.0161654332645,0.0,13.643112221761555,15.382658253929256,86.44655229550764,0.0,0
2030-04-15 09:00:00,0.0,164.0161654332645,0.0,0.0,78.73554463203494,52.37707496070255,0.0,0
2030-04-15 10:00:00,0.0,164.0161654332645,0.0,0.0,142.33751174571387,41.66526132275915,0.0,0
2030-04-15 11:00:00,0.0,164.0161654332645,0.0,0.0,194.94442805204585,47.20585458376434,0.0,0
2030-04-15 12:00:00,0.0,164.0161654332645,0.0,0.0,230.3487993048682,63.75375978996659,0.0,0
2030-04-15 13:00:00,0.0,164.0161654332645,0.0,0.0,249.40317975587004,73.06195646845536,0.0,0
2030-04-15 14:00:00,0.0,164.0161654332645,0.0,0.0,250.14213899276072,69.146603897345,0.0,0
2030-04-15 15:00:00,0.0,164.0161654332645,0.0,0.0,235.16534626045436,68.85110559009138,0.0,0
2030-04-15 16:00:00,0.0,164.0161654332645,0.0,0.0,204.2012384766988,68.55560728283777,0.0,0
2030-04-15 17:00:00,0.0,164.0161654332645,0.0,0.0,156.9965934210064,76.82217242825753,0.0,0
2030-04-15 18:00:00,0.0,164.0161654332645,0.0,69.21924215890772,94.09572053928544,87.40766053985001,0.0,0
2030-04-15 19:00:00,0.0,164.0161654332645,0.0,99.9999999999999,28.39875369956176,113.3332045267456,0.0,0
2030-04-15 20:00:00,0.0,164.0161654332645,0.0,99.9999999999999,0.0,134.49531580071297,0.0,0
2030-04-15 21:00:00,0.0,164.0161654332645,0.0,99.9999999999999,0.0,155.25850435988795,0.0,0
2030-04-15 22:00:00,0.0,164.0161654332645,0.0,99.9999999999999,0.0,152.0080229800982,0.0,0
2030-04-15 23:00:00,0.0,164.0161654332645,0.0,99.9999999999999,0.0,163.47114106423393,0.0,0
2030-04-16 00:00:00,0.0,164.0161654332645,0.0,99.9999999999999,0.0,155.10262900281165,0.0,0
2030-04-16 01:00:00,0.0,164.0161654332645,0.0,99.9999999999999,0.0,139.786951737857,0.0,0
2030-04-16 02:00:00,0.0,164.0161654332645,0.0,48.64268369902311,0.0,136.37025256023713,0.0,0
2030-04-16 03:00:00,0.0,164.0161654332645,0.0,11.545059177912663,0.0,138.8014648831662,0.0,0
2030-04-16 04:00:00,0.0,164.0161654332645,0.0,0.0,0.0,133.73366891376676,0.0,0
2030-04-16 05:00:00,0.0,164.0161654332645,0.0,13.35894166889784,0.0,123.73622243360899,0.0,0
2030-04-16 06:00:00,0.0,164.0161654332645,0.0,13.35894166889784,0.0,112.30708665480743,0.0,0
2030-04-16 07:00:00,0.0,164.0161654332645,0.0,13.35894166889784,0.0,101.86048274762412,0.0,0
2030-04-16 08:00:00,0.0,164.0161654332645,0.0,13.35894166889784,15.855970815588632,95.60478358306521,0.0,0
2030-04-16 09:00:00,0.0,164.0161654332645,0.0,0.0,79.49343637139202,76.71357680034183,0.0,0
2030-04-16 10:00:00,0.0,164.0161654332645,0.0,0.0,144.47333468020176,83.19976464455861,0.0,0
2030-04-16 11:00:00,0.0,164.0161654332645,0.0,0.0,196.47086106339728,89.46580624987139,0.0,0
2030-04-16 12:00:00,0.0,164.0161654332645,0.0,0.0,231.73264690701976,89.71180859066003,0.0,0
2030-04-16 13:00:00,0.0,164.0161654332645,0.0,0.0,251.1396452164578,91.23214738147988,0.0,0
2030-04-16 14:00:00,0.0,164.0161654332645,0.0,0.0,251.46682252470487,96.51713460671073,0.0,0
2030-04-16 15:00:00,0.0,164.0161654332645,0.0,0.0,235.0067865522984,104.2916950705532,0.0,0
2030-04-16 16:00:00,0.0,164.0161654332645,0.0,0.0,204.6378693148296,120.4650561723115,0.0,0
2030-04-16 17:00:00,0.0,164.0161654332645,0.0,0.0,158.23489741044776,138.86795200229827,0.0,0
2030-04-16 18:00:00,0.0,164.0161654332645,0.0,0.0,95.7617807563264,142.4589951811977,0.0,0
2030-04-16 19:00:00,0.0,164.0161654332645,0.0,99.9999999999999,28.931230331428523,151.9097697929364,0.0,0
2030-04-16 20:00:00,0.0,164.0161654332645,0.0,99.9999999999999,0.0,164.4063932066916,0.0,0
2030-04-16 21:00:00,0.0,164.0161654332645,0.0,99.9999999999999,0.0,174.1696572783509,0.0,0
2030-04-16 22:00:00,0.0,164.0161654332645,0.0,99.9999999999999,0.0,155.32499147901999,0.0,0
2030-04-16 23:00:00,0.0,164.0161654332645,0.0,99.9999999999999,0.0,153.89477967191252,0.0,0
2030-04-17 00:00:00,0.0,164.0161654332645,0.0,99.9999999999999,0.0,147.32289731859223,0.0,0
2030-04-17 01:00:00,0.0,164.0161654332645,0.0,99.9999999999999,0.0,146.49402456674585,0.0,0
2030-04-17 02:00:00,0.0,164.0161654332645,0.0,29.990266292525742,0.0,155.0560880194192,0.0,0
2030-04-17 03:00:00,0.0,164.0161654332645,0.0,0.0,0.0,174.9268716906883,0.0,0
2030-04-17 04:00:00,0.0,164.0161654332645,0.0,0.0,0.0,202.04918382196095,0.0,0
2030-04-17 05:00:00,0.0,164.0161654332645,0.0,0.0,0.0,224.07488889887705,0.0,0
2030-04-17 06:00:00,0.0,164.0161654332645,0.0,0.0,0.0,240.12931193196573,0.0,0
2030-04-17 07:00:00,0.0,164.0161654332645,0.0,0.0,0.0,240.91607617502845,0.0,0
2030-04-17 08:00:00,0.0,164.0161654332645,0.0,0.0,16.0334630262109,228.25027998037052,0.0,0
2030-04-17 09:00:00,0.0,164.0161654332645,0.0,0.0,77.53628892893056,165.5226380623421,0.0,0
2030-04-17 10:00:00,0.0,164.0161654332645,0.0,0.0,141.21457769317706,108.69314235709577,0.0,0
2030-04-17 11:00:00,0.0,164.0161654332645,0.0,0.0,193.4020207417384,81.69420076910144,0.0,0
2030-04-17 12:00:00,0.0,164.0161654332645,0.0,0.0,228.08754854154063,70.03309881910583,0.0,0
2030-04-17 13:00:00,0.0,164.0161654332645,0.0,0.0,249.04464549041305,71.4367157785605,0.0,0
2030-04-17 14:00:00,0.0,164.0161654332645,0.0,0.0,250.1675795429499,75.87288411620531,0.0,0
2030-04-17 15:00:00,0.0,164.0161654332645,0.0,0.0,234.83639403010108,84.03897983715886,0.0,0
2030-04-17 16:00:00,0.0,164.0161654332645,0.0,0.0,204.23437035601492,94.72124364437688,0.0,0
2030-04-17 17:00:00,0.0,164.0161654332645,0.0,0.0,157.14746180003536,116.47656777015588,0.0,0
2030-04-17 18:00:00,0.0,164.0161654332645,0.0,20.4352767890187,94.84473766811139,133.36429602969977,0.0,0
2030-04-17 19:00:00,0.0,164.0161654332645,0.0,99.9999999999999,28.635409980391408,153.5423979405126,0.0,0
2030-04-17 20:00:00,0.0,164.0161654332645,0.0,99.9999999999999,0.0,166.0441925746447,0.0,0
2030-04-17 21:00:00,0.0,164.0161654332645,0.0,99.9999999999999,0.0,167.72483919714966,0.0,0
2030-04-17 22:00:00,0.0,164.0161654332645,0.0,99.9999999999999,0.0,181.04220915930176,0.0,0
2030-04-17 23:00:00,0.0,164.0161654332645,0.0,99.9999999999999,0.0,192.60653541367185,0.0,0
2030-04-18 00:00:00,0.0,164.0161654332645,0.0,99.9999999999999,0.0,202.04918382196095,0.0,0
2030-04-18 01:00:00,0.0,164.0161654332645,0.0,43.7632228106408,0.0,212.7262764088021,0.0,0
2030-04-18 02:00:00,0.0,164.0161654332645,0.0,0.0,0.0,229.19439707204583,0.0,0
2030-04-18 03:00:00,0.0,164.0161654332645,0.0,0.0,0.0,244.90604206872035,0.0,0
2030-04-18 04:00:00,0.0,164.0161654332645,0.0,0.0,0.0,250.51386119462572,0.0,0
2030-04-18 05:00:00,0.0,164.0161654332645,0.0,0.0,0.0,249.81353020643465,0.0,0
2030-04-18 06:00:00,0.0,164.0161654332645,0.0,0.0,0.0,244.04244826577164,0.0,0
2030-04-18 07:00:00,0.0,164.0161654332645,0.0,0.0,0.0,237.93819198368013,0.0,0
2030-04-18 08:00:00,0.0,164.0161654332645,0.0,0.0,16.625103728285087,227.122953938198,0.0,0
2030-04-18 09:00:00,0.0,164.0161654332645,0.0,0.0,80.32232499499797,181.5748448581264,0.0,0
2030-04-18 10:00:00,0.0,164.0161654332645,0.0,0.0,145.1336057037166,156.35923555440766,0.0,0
2030-04-18 11:00:00,0.0,164.0161654332645,0.0,0.0,196.731774613012,145.97764127482014,0.0,0
2030-04-18 12:00:00,0.0,164.0161654332645,0.0,0.0,230.7037837261128,156.3341181982911,0.0,0
2030-04-18 13:00:00,0.0,164.0161654332645,0.0,0.0,247.56909357944,172.44837963859862,0.0,0
2030-04-18 14:00:00,0.0,164.0161654332645,0.0,0.0,249.8599263778713,195.09093743190655,0.0,0
2030-04-18 15:00:00,0.0,164.0161654332645,0.0,0.0,234.971288110174,203.98248149716767,0.0,0
2030-04-18 16:00:00,0.0,164.0161654332645,0.0,0.0,204.48345109158825,214.572402083369,0.0,0
2030-04-18 17:00:00,0.0,164.0161654332645,0.0,0.0,156.93742935079902,222.0780590876108,0.0,0
2030-04-18 18:00:00,0.0,164.0161654332645,0.0,0.0,95.6008544853622,230.3328043007404,0.0,0
2030-04-18 19:00:00,0.0,164.0161654332645,0.0,67.24603840327171,29.04955847184337,251.3057966580654,0.0,0
2030-04-18 20:00:00,0.0,164.0161654332645,0.0,99.9999999999999,0.0,261.9429969734273,0.0,0
2030-04-18 21:00:00,0.0,164.0161654332645,0.0,99.9999999999999,0.0,266.84383639922845,0.0,0
2030-04-18 22:00:00,0.0,164.0161654332645,0.0,99.9999999999999,0.0,272.73385640856094,0.0,0
2030-04-18 23:00:00,0.0,164.0161654332645,0.0,99.9999999999999,0.0,268.4941944452398,0.0,0
2030-04-19 00:00:00,0.0,164.0161654332645,0.0,67.8906595696505,0.0,264.1799191593371,0.0,0
2030-04-19 01:00:00,0.0,164.0161654332645,0.0,0.0,0.0,260.7314539136875,0.0,0
2030-04-19 02:00:00,0.0,164.0161654332645,0.0,0.0,0.0,256.97049920811713,0.0,0
2030-04-19 03:00:00,0.0,164.0161654332645,0.0,0.0,0.0,250.29519244725805,0.0,0
2030-04-19 04:00:00,0.0,164.0161654332645,0.0,0.0,0.0,244.2662882335163,0.0,0
2030-04-19 05:00:00,0.0,164.0161654332645,0.0,0.0,0.0,242.89591483362764,0.0,0
2030-04-19 06:00:00,0.0,164.0161654332645,0.0,0.0,0.0,243.1537371067064,0.0,0
2030-04-19 07:00:00,0.0,164.0161654332645,0.0,0.0,0.0,240.6250103423837,0.0,0
2030-04-19 08:00:00,0.0,164.0161654332645,0.0,0.0,17.21674443035931,228.72824849235323,0.0,0
2030-04-19 09:00:00,0.0,164.0161654332645,0.0,0.0,81.50797296195469,190.77222967139505,0.0,0
2030-04-19 10:00:00,0.0,164.0161654332645,0.0,0.0,145.65306624013772,173.07188106690376,0.0,0
2030-04-19 11:00:00,0.0,164.0161654332645,0.0,0.0,197.68786598756392,154.40968547230193,0.0,0
2030-04-19 12:00:00,0.0,164.0161654332645,0.0,0.0,232.72009523878165,112.34254645167783,0.0,0
2030-04-19 13:00:00,0.0,164.0161654332645,0.0,0.0,250.6651493733943,69.95922424229242,0.0,0
2030-04-19 14:00:00,0.0,164.0161654332645,0.0,0.0,249.06594455568768,48.75722069684584,0.0,0
2030-04-19 15:00:00,0.0,164.0161654332645,0.0,0.0,234.12879175042033,54.888810572358246,0.0,0
2030-04-19 16:00:00,0.0,164.0161654332645,0.0,0.0,203.86222835441032,80.39253072564928,0.0,0
2030-04-19 17:00:00,0.0,164.0161654332645,0.0,0.0,157.1078218729964,120.92603353162713,0.0,0
2030-04-19 18:00:00,0.0,164.0161654332645,0.0,10.863805829736805,95.12695028300078,150.80017364919908,0.0,0
2030-04-19 19:00:00,0.0,164.0161654332645,0.0,99.9999999999999,29.167886612258208,185.50497234459945,0.0,0
2030-04-19 20:00:00,0.0,164.0161654332645,0.0,99.9999999999999,0.0,196.50637432365136,0.0,0
2030-04-19 21:00:00,0.0,164.0161654332645,0.0,99.9999999999999,0.0,200.57686350606988,0.0,0
2030-04-19 22:00:00,0.0,164.0161654332645,0.0,99.9999999999999,0.0,233.37200439084367,0.0,0
2030-04-19 23:00:00,0.0,164.0161654332645,0.0,99.9999999999999,0.0,233.1075334058517,0.0,0
2030-04-20 00:00:00,0.0,164.0161654332645,0.0,99.9999999999999,0.0,222.07141037569747,0.0,0
2030-04-20 01:00:00,0.0,164.0161654332645,0.0,97.61925494457876,0.0,195.62948309687627,0.0,0
2030-04-20 02:00:00,0.0,164.0161654332645,0.0,58.73373351958492,0.0,172.35160394297304,0.0,0
2030-04-20 03:00:00,0.0,164.0161654332645,0.0,33.41426972423426,0.0,157.94015149821445,0.0,0
2030-04-20 04:00:00,0.0,164.0161654332645,0.0,20.75755990088362,0.0,154.95044737457604,0.0,0
2030-04-20 05:00:00,0.0,164.0161654332645,0.0,20.75755990088362,0.0,161.35906691313875,0.0,0
2030-04-20 06:00:00,0.0,164.0161654332645,0.0,0.0,0.0,167.46258444946207,0.0,0
2030-04-20 07:00:00,0.0,164.0161654332645,0.0,0.0,0.0,173.97388964979538,0.0,0
2030-04-20 08:00:00,0.0,164.0161654332645,0.0,0.0,17.86754920264092,152.97208620751312,0.0,0
2030-04-20 09:00:00,0.0,164.0161654332645,0.0,0.0,82.9793833880132,98.16970889002654,0.0,0
2030-04-20 10:00:00,0.0,164.0161654332645,0.0,0.0,147.11678533706927,54.15006480422424,0.0,0
2030-04-20 11:00:00,0.0,164.0161654332645,0.0,0.0,198.56349422663368,37.01116298351478,0.0,0
2030-04-20 12:00:00,0.0,164.0161654332645,0.0,0.0,233.19222451903684,26.22547476875798,0.0,0
2030-04-20 13:00:00,0.0,164.0161654332645,0.0,0.0,250.8237090815502,22.08849846720741,0.0,0
2030-04-20 14:00:00,0.0,164.0161654332645,0.0,0.0,250.47700763013475,25.26510527018372,0.0,0
2030-04-20 15:00:00,0.0,164.0161654332645,0.0,0.0,236.49180471450467,32.80031210515081,0.0,0
2030-04-20 16:00:00,0.0,164.0161654332645,0.0,0.0,205.6489832746744,48.01847492871177,0.0,0
2030-04-20 17:00:00,0.0,164.0161654332645,0.0,0.0,158.8874771048356,81.11945656149315,0.0,0
2030-04-20 18:00:00,0.0,164.0161654332645,0.0,29.062029667289323,95.86531787918936,119.39682979158968,0.0,0
2030-04-20 19:00:00,0.0,164.0161654332645,0.0,99.9999999999999,29.34537882288048,153.2380346840414,0.0,0
2030-04-20 20:00:00,0.0,164.0161654332645,0.0,99.9999999999999,0.0,157.52571512229127,0.0,0
2030-04-20 21:00:00,0.0,164.0161654332645,0.0,99.9999999999999,0.0,153.4072074649441,0.0,0
2030-04-20 22:00:00,0.0,164.0161654332645,0.0,99.9999999999999,0.0,157.353587358316,0.0,0
2030-04-20 23:00:00,0.0,164.0161654332645,0.0,99.9999999999999,0.0,174.9933588098204,0.0,0
2030-04-21 00:00:00,0.0,164.0161654332645,0.0,99.9999999999999,0.0,191.63212974550305,0.0,0
2030-04-21 01:00:00,0.0,164.0161654332645,0.0,95.67462602407136,0.0,196.69032201991675,0.0,0
2030-04-21 02:00:00,0.0,164.0161654332645,0.0,39.30255627179281,0.0,194.53318437696544,0.0,0
2030-04-21 03:00:00,0.0,164.0161654332645,0.0,0.0,0.0,191.7325991699693,0.0,0
2030-04-21 04:00:00,0.0,164.0161654332645,0.0,0.0,0.0,191.0507368259816,0.0,0
2030-04-21 05:00:00,0.0,164.0161654332645,0.0,0.0,0.0,197.1579480911456,0.0,0
2030-04-21 06:00:00,0.0,164.0161654332645,0.0,0.0,0.0,206.2393498188172,0.0,0
2030-04-21 07:00:00,0.0,164.0161654332645,0.0,0.0,0.0,215.3207515464888,0.0,0
2030-04-21 08:00:00,0.0,164.0161654332645,0.0,0.0,18.222533623885447,210.4834442567472,0.0,0
2030-04-21 09:00:00,0.0,164.0161654332645,0.0,0.0,83.55564143183351,159.78332218970888,0.0,0
2030-04-21 10:00:00,0.0,164.0161654332645,0.0,0.0,147.8711272322139,111.04087640822569,0.0,0
2030-04-21 11:00:00,0.0,164.0161654332645,0.0,0.0,199.26340517718756,90.92926161654493,0.0,0
2030-04-21 12:00:00,0.0,164.0161654332645,0.0,0.0,233.89746023590928,75.79309957324685,0.0,0
2030-04-21 13:00:00,0.0,164.0161654332645,0.0,0.0,251.65259770515613,61.16814960149749,0.0,0
2030-04-21 14:00:00,0.0,164.0161654332645,0.0,0.0,251.92711899091856,63.606010636339775,0.0,0
2030-04-21 15:00:00,0.0,164.0161654332645,0.0,0.0,235.8120095478214,80.40952187831638,0.0,0
2030-04-21 16:00:00,0.0,164.0161654332645,0.0,0.0,204.90824911567748,94.26322126813379,0.0,0
2030-04-21 17:00:00,0.0,164.0161654332645,0.0,0.0,157.25514040781283,110.07311945197011,0.0,0
2030-04-21 18:00:00,0.0,164.0161654332645,0.0,0.0,94.61103959079206,125.66139390536625,0.0,0
2030-04-21 19:00:00,0.0,164.0161654332645,0.0,99.9999999999999,28.931230331428523,145.9030279522386,0.0,0
2030-04-21 20:00:00,0.0,164.0161654332645,0.0,99.9999999999999,0.0,158.9426295055723,0.0,0
2030-04-21 21:00:00,0.0,164.0161654332645,0.0,99.9999999999999,0.0,164.66199924246598,0.0,0
2030-04-21 22:00:00,0.0,164.0161654332645,0.0,99.9999999999999,0.0,123.58773453421404,0.0,0
2030-04-21 23:00:00,0.0,164.0161654332645,0.0,99.9999999999999,0.0,126.36837360547052,0.0,0
2030-04-22 00:00:00,0.0,164.0161654332645,0.0,99.9999999999999,0.0,124.66039338954462,0.0,0
2030-04-22 01:00:00,0.0,164.0161654332645,0.0,99.9999999999999,0.0,125.58087061663961,0.0,0
2030-04-22 02:00:00,0.0,164.0161654332645,0.0,57.05773674383784,0.0,127.9551995154224,0.0,0
2030-04-22 03:00:00,0.0,164.0161654332645,0.0,23.84148248850363,0.0,126.50504157257528,0.0,0
2030-04-22 04:00:00,0.0,164.0161654332645,0.0,7.298344977322813,0.0,125.91699994114065,0.0,0
2030-04-22 05:00:00,0.0,164.0161654332645,0.0,7.298344977322815,0.0,123.74287114552217,0.0,0
2030-04-22 06:00:00,0.0,164.0161654332645,0.0,7.298344977322815,0.0,127.39227524010428,0.0,0
2030-04-22 07:00:00,0.0,164.0161654332645,0.0,7.298344977322815,0.0,130.59547689073344,0.0,0
2030-04-22 08:00:00,0.0,164.0161654332645,0.0,7.298344977322815,17.453400711188998,125.17308295262964,0.0,0
2030-04-22 09:00:00,0.0,164.0161654332645,0.0,0.0,71.19922536901375,87.4423815909523,0.0,0
2030-04-22 10:00:00,0.0,164.0161654332645,0.0,0.0,125.96148875300204,56.95729872313355,0.0,0
2030-04-22 11:00:00,0.0,164.0161654332645,0.0,0.0,191.85251374300603,31.322820568882772,0.0,0
2030-04-22 12:00:00,0.0,164.0161654332645,0.0,0.0,226.32031776444495,17.729898435216658,0.0,0
2030-04-22 13:00:00,0.0,164.0161654332645,0.0,0.0,244.25176416290995,14.25779332498673,0.0,0
2030-04-22 14:00:00,0.0,164.0161654332645,0.0,0.0,247.34190354984352,18.09927131928368,0.0,0
2030-04-22 15:00:00,0.0,164.0161654332645,0.0,0.0,233.63891324910287,30.214701916681708,0.0,0
2030-04-22 16:00:00,0.0,164.0161654332645,0.0,0.0,202.76650977416887,48.24009865915201,0.0,0
2030-04-22 17:00:00,0.0,164.0161654332645,0.0,0.0,156.1422642472113,69.5898513582254,0.0,0
2030-04-22 18:00:00,0.0,164.0161654332645,0.0,54.191773443054494,94.28386228254499,90.13732615310526,0.0,0
2030-04-22 19:00:00,0.0,164.0161654332645,0.0,99.9999999999999,28.339589629354336,99.82228317334234,0.0,0
2030-04-22 20:00:00,0.0,164.0161654332645,0.0,99.9999999999999,0.0,109.7923960600792,0.0,0
2030-04-22 21:00:00,0.0,164.0161654332645,0.0,99.9999999999999,0.0,114.69323548588032,0.0,0
2030-04-22 22:00:00,0.0,164.0161654332645,0.0,99.9999999999999,0.0,98.37655770510406,0.0,0
2030-04-22 23:00:00,0.0,164.0161654332645,0.0,99.9999999999999,0.0,91.70642216462193,0.0,0
2030-04-23 00:00:00,0.0,164.0161654332645,0.0,99.9999999999999,0.0,80.2041505547751,0.0,0
2030-04-23 01:00:00,0.0,164.0161654332645,0.0,99.9999999999999,0.0,80.88749039029909,0.0,0
2030-04-23 02:00:00,0.0,164.0161654332645,0.0,99.21278651086979,0.0,85.80014974839038,0.0,0
2030-04-23 03:00:00,0.0,164.0161654332645,0.0,35.63481993099521,0.0,114.7117041300837,0.0,0
2030-04-23 04:00:00,0.0,164.0161654332645,0.0,0.0,0.0,141.2592720537481,0.0,0
2030-04-23 05:00:00,0.0,164.0161654332645,0.0,0.0,0.0,162.65187200737327,0.0,0
2030-04-23 06:00:00,0.0,164.0161654332645,0.0,0.0,0.0,174.6077335188544,0.0,0
2030-04-23 07:00:00,0.0,164.0161654332645,0.0,0.0,0.0,163.7245308627039,0.0,0
2030-04-23 08:00:00,0.0,164.0161654332645,0.0,0.0,14.317704990195688,139.81871780588676,0.0,0
2030-04-23 09:00:00,0.0,164.0161654332645,0.0,0.0,63.717337050583374,113.09237340633388,0.0,0
2030-04-23 10:00:00,0.0,164.0161654332645,0.0,0.0,142.60197513954108,91.54463684140057,0.0,0
2030-04-23 11:00:00,0.0,164.0161654332645,0.0,0.0,194.39006071420232,93.59982756834943,0.0,0
2030-04-23 12:00:00,0.0,164.0161654332645,0.0,0.0,228.9614018585042,100.6895707051317,0.0,0
2030-04-23 13:00:00,0.0,164.0161654332645,0.0,0.0,245.8503773399144,118.38253185194164,0.0,0
2030-04-23 14:00:00,0.0,164.0161654332645,0.0,0.0,245.750981701966,145.4797266270978,0.0,0
2030-04-23 15:00:00,0.0,164.0161654332645,0.0,0.0,228.32893794798687,172.7793377427227,0.0,0
2030-04-23 16:00:00,0.0,164.0161654332645,0.0,0.0,199.9254511228085,193.53883257305696,0.0,0
2030-04-23 17:00:00,0.0,164.0161654332645,0.0,0.0,153.44970741207155,198.69380054309624,0.0,0
2030-04-23 18:00:00,0.0,164.0161654332645,0.0,0.0,91.97764682585981,191.20439594575348,0.0,0
2030-04-23 19:00:00,0.0,164.0161654332645,0.0,99.9999999999999,25.44055018919072,207.8468606102768,0.0,0
2030-04-23 20:00:00,0.0,164.0161654332645,0.0,99.9999999999999,0.0,234.26884175335843,0.0,0
2030-04-23 21:00:00,0.0,164.0161654332645,0.0,99.9999999999999,0.0,245.68837383717425,0.0,0
2030-04-23 22:00:00,0.0,164.0161654332645,0.0,99.9999999999999,0.0,241.21379071958648,0.0,0
2030-04-23 23:00:00,0.0,164.0161654332645,0.0,99.9999999999999,0.0,248.30131761906435,0.0,0
2030-04-24 00:00:00,0.0,164.0161654332645,0.0,85.75247249234093,0.0,253.67864806531196,0.0,0
2030-04-24 01:00:00,0.0,164.0161654332645,0.0,8.666175039032451,0.0,255.1539233642756,0.0,0
2030-04-24 02:00:00,0.0,164.0161654332645,0.0,0.0,0.0,257.78385829883274,0.0,0
2030-04-24 03:00:00,0.0,164.0161654332645,0.0,0.0,0.0,260.2453591982553,0.0,0
2030-04-24 04:00:00,0.0,164.0161654332645,0.0,0.0,0.0,263.33110027175115,0.0,0
2030-04-24 05:00:00,0.0,164.0161654332645,0.0,0.0,0.0,269.55872709712094,0.0,0
2030-04-24 06:00:00,0.0,164.0161654332645,0.0,0.0,0.0,279.9137265290557,0.0,0
2030-04-24 07:00:00,0.0,164.0161654332645,0.0,0.0,0.0,283.36440801200973,0.0,0
2030-04-24 08:00:00,0.0,164.0161654332645,0.0,0.0,11.063681128787572,281.8750965434515,0.0,0
2030-04-24 09:00:00,0.0,164.0161654332645,0.0,0.0,33.25020745657021,258.3955397948477,0.0,0
2030-04-24 10:00:00,0.0,164.0161654332645,0.0,0.0,105.02805743221256,94.67765764405696,0.0,0
2030-04-24 11:00:00,0.0,164.0161654332645,0.0,0.0,164.61692566372216,68.18623439877075,0.0,0
2030-04-24 12:00:00,0.0,164.0161654332645,0.0,0.0,215.98376305850655,51.41670546212832,0.0,0
2030-04-24 13:00:00,0.0,164.0161654332645,0.0,0.0,235.90193893453676,42.921129128587005,0.0,0
2030-04-24 14:00:00,0.0,164.0161654332645,0.0,0.0,240.4989871896533,41.517512169132345,0.0,0
2030-04-24 15:00:00,0.0,164.0161654332645,0.0,0.0,216.51860625318167,46.02386135474991,0.0,0
2030-04-24 16:00:00,0.0,164.0161654332645,0.0,0.0,191.21531670687213,58.28704110577477,0.0,0
2030-04-24 17:00:00,0.0,164.0161654332645,0.0,16.241450856358426,144.84725160391267,85.41230822012001,0.0,0
2030-04-24 18:00:00,0.0,164.0161654332645,0.0,80.51828543492888,67.18375992403614,149.97499462619336,0.0,0
2030-04-24 19:00:00,0.0,164.0161654332645,0.0,99.9999999999999,22.127362257575175,232.41311238380572,0.0,0
2030-04-24 20:00:00,0.0,164.0161654332645,0.0,99.9999999999999,0.0,262.3788569766264,0.0,0
2030-04-24 21:00:00,0.0,164.0161654332645,0.0,99.9999999999999,0.0,260.36060353808426,0.0,0
2030-04-24 22:00:00,0.0,164.0161654332645,0.0,99.9999999999999,0.0,230.98216183093015,0.0,0
2030-04-24 23:00:00,0.0,164.0161654332645,0.0,99.9999999999999,0.0,191.15785496236103,0.0,0
2030-04-25 00:00:00,0.0,164.0161654332645,0.0,99.9999999999999,0.0,181.451474314848,0.0,0
2030-04-25 01:00:00,0.0,164.0161654332645,0.0,85.69275527872422,0.0,197.35371571970117,0.0,0
2030-04-25 02:00:00,0.0,164.0161654332645,0.0,0.0,0.0,216.2818597908312,0.0,0
2030-04-25 03:00:00,0.0,164.0161654332645,0.0,0.0,0.0,218.18339139800813,0.0,0
2030-04-25 04:00:00,0.0,164.0161654332645,0.0,0.0,0.0,217.3678160699882,0.0,0
2030-04-25 05:00:00,0.0,164.0161654332645,0.0,0.0,0.0,220.04946320831468,0.0,0
2030-04-25 06:00:00,0.0,164.0161654332645,0.0,0.0,0.0,228.4357051681722,0.0,0
2030-04-25 07:00:00,0.0,164.0161654332645,0.0,0.0,0.0,214.27838126765167,0.0,0
2030-04-25 08:00:00,0.0,164.0161654332645,0.0,0.0,17.63089292181123,196.73538551177293,0.0,0
2030-04-25 09:00:00,0.0,164.0161654332645,0.0,0.0,75.4140737305904,177.72671815191623,0.0,0
2030-04-25 10:00:00,0.0,164.0161654332645,0.0,0.0,144.1461573719547,148.62604485358065,0.0,0
2030-04-25 11:00:00,0.0,164.0161654332645,0.0,0.0,193.95461315747568,149.26653743455284,0.0,0
2030-04-25 12:00:00,0.0,164.0161654332645,0.0,0.0,226.33215057848648,137.58179561997693,0.0,0
2030-04-25 13:00:00,0.0,164.0161654332645,0.0,0.0,243.30513903959124,139.35774044657114,0.0,0
2030-04-25 14:00:00,0.0,164.0161654332645,0.0,0.0,244.13047781898473,139.2055588183355,0.0,0
2030-04-25 15:00:00,0.0,164.0161654332645,0.0,0.0,228.8010672282421,132.9749770098931,0.0,0
2030-04-25 16:00:00,0.0,164.0161654332645,0.0,0.0,198.4889474981724,147.42632172613096,0.0,0
2030-04-25 17:00:00,0.0,164.0161654332645,0.0,0.0,152.76399583836755,172.23783709468043,0.0,0
2030-04-25 18:00:00,0.0,164.0161654332645,0.0,0.0,91.83861126087236,203.13514010111805,0.0,0
2030-04-25 19:00:00,0.0,164.0161654332645,0.0,99.9999999999999,27.925441137902386,223.96259954212067,0.0,0
2030-04-25 20:00:00,0.0,164.0161654332645,0.0,99.9999999999999,0.0,245.37219064841287,0.0,0
2030-04-25 21:00:00,0.0,164.0161654332645,0.0,99.9999999999999,0.0,251.81405374654167,0.0,0
2030-04-25 22:00:00,0.0,164.0161654332645,0.0,99.9999999999999,0.0,259.8375715342453,0.0,0
2030-04-25 23:00:00,0.0,164.0161654332645,0.0,99.9999999999999,0.0,263.5940937652068,0.0,0
2030-04-26 00:00:00,0.0,164.0161654332645,0.0,96.6939301506045,0.0,263.0910078971076,0.0,0
2030-04-26 01:00:00,0.0,164.0161654332645,0.0,25.2846339317432,0.0,257.15592439591876,0.0,0
2030-04-26 02:00:00,0.0,164.0161654332645,0.0,0.0,0.0,243.7085351785751,0.0,0
2030-04-26 03:00:00,0.0,164.0161654332645,0.0,0.0,0.0,225.976420506054,0.0,0
2030-04-26 04:00:00,0.0,164.0161654332645,0.0,0.0,0.0,203.983958988704,0.0,0
2030-04-26 05:00:00,0.0,164.0161654332645,0.0,0.0,0.0,174.91652924993443,0.0,0
2030-04-26 06:00:00,0.0,164.0161654332645,0.0,23.136304715135,0.0,147.52383616752468,0.0,0
2030-04-26 07:00:00,0.0,164.0161654332645,0.0,23.136304715135,0.0,121.41065075552304,0.0,0
2030-04-26 08:00:00,0.0,164.0161654332645,0.0,23.136304715135,12.069470322313748,104.33897479971378,0.0,0
2030-04-26 09:00:00,0.0,164.0161654332645,0.0,23.136304715135,59.04574206700549,79.96479692589969,0.0,0
2030-04-26 10:00:00,0.0,164.0161654332645,0.0,1.4851456378277703,112.32357892948954,57.84379364489437,0.0,0
2030-04-26 11:00:00,0.0,164.0161654332645,0.0,0.0,154.36852542239282,40.04002063286428,0.0,0
2030-04-26 12:00:00,0.0,164.0161654332645,0.0,0.0,209.8153170986809,26.44709849919819,0.0,0
2030-04-26 13:00:00,0.0,164.0161654332645,0.0,0.0,236.73319412095097,16.695654359829025,0.0,0
2030-04-26 14:00:00,0.0,164.0161654332645,0.0,0.0,241.20836439144023,15.883034014881572,0.0,0
2030-04-26 15:00:00,0.0,164.0161654332645,0.0,0.0,226.90426713739217,21.79300015995379,0.0,0
2030-04-26 16:00:00,0.0,164.0161654332645,0.0,7.7672958625316255,196.5903724852163,28.73721038041367,0.0,0
2030-04-26 17:00:00,0.0,164.0161654332645,0.0,53.016090751369234,151.0139226416321,47.87072577508499,0.0,0
2030-04-26 18:00:00,0.0,164.0161654332645,0.0,99.9999999999999,91.6699936607812,80.6052895068719,0.0,0
2030-04-26 19:00:00,0.0,164.0161654332645,0.0,99.9999999999999,27.9846052081098,121.78667235150328,0.0,0
2030-04-26 20:00:00,0.0,164.0161654332645,0.0,99.9999999999999,0.0,163.5095558441769,0.0,0
2030-04-26 21:00:00,0.0,164.0161654332645,0.0,99.9999999999999,0.0,174.75769890978555,0.0,0
2030-04-26 22:00:00,0.0,164.0161654332645,0.0,99.9999999999999,0.0,131.52925154165484,0.0,0
2030-04-26 23:00:00,0.0,164.0161654332645,0.0,99.9999999999999,0.0,134.32835925711467,0.0,0
2030-04-27 00:00:00,0.0,164.0161654332645,0.0,99.9999999999999,0.0,150.52609896922135,0.0,0
2030-04-27 01:00:00,0.0,164.0161654332645,0.0,99.9999999999999,0.0,162.5218527521817,0.0,0
2030-04-27 02:00:00,0.0,164.0161654332645,0.0,74.15932397403833,0.0,165.6312336902578,0.0,0
2030-04-27 03:00:00,0.0,164.0161654332645,0.0,31.233991361121127,0.0,168.04397736898352,0.0,0
2030-04-27 04:00:00,0.0,164.0161654332645,0.0,15.685136201450007,0.0,167.7351816379035,0.0,0
2030-04-27 05:00:00,0.0,164.0161654332645,0.0,15.685136201450003,0.0,167.77655140091906,0.0,0
2030-04-27 06:00:00,0.0,164.0161654332645,0.0,2.4582125601739904,0.0,168.49535103331343,0.0,0
2030-04-27 07:00:00,0.0,164.0161654332645,0.0,0.0,0.0,165.1998061616675,0.0,0
2030-04-27 08:00:00,0.0,164.0161654332645,0.0,0.0,14.495197200817955,150.06364411836947,0.0,0
2030-04-27 09:00:00,0.0,164.0161654332645,0.0,0.0,71.60272432782835,117.66594845685167,0.0,0
2030-04-27 10:00:00,0.0,164.0161654332645,0.0,0.0,114.98418716671723,87.6979876267267,0.0,0
2030-04-27 11:00:00,0.0,164.0161654332645,0.0,0.0,170.4741686142568,71.58446493218727,0.0,0
2030-04-27 12:00:00,0.0,164.0161654332645,0.0,0.0,205.47504090826456,64.3447564044738,0.0,0
2030-04-27 13:00:00,0.0,164.0161654332645,0.0,0.0,228.3011308349894,56.66180041587992,0.0,0
2030-04-27 14:00:00,0.0,164.0161654332645,0.0,0.0,237.34258404408743,54.51943768829125,0.0,0
2030-04-27 15:00:00,0.0,164.0161654332645,0.0,0.0,225.1388112824028,65.89612251755527,0.0,0
2030-04-27 16:00:00,0.0,164.0161654332645,0.0,0.0,191.8874205444285,92.478411492322,0.0,0
2030-04-27 17:00:00,0.0,164.0161654332645,0.0,0.0,149.73242888093938,127.04801971215385,0.0,0
2030-04-27 18:00:00,0.0,164.0161654332645,0.0,44.4552493947624,87.64151212035796,144.32506699150431,0.0,0
2030-04-27 19:00:00,0.0,164.0161654332645,0.0,99.9999999999999,27.33380043582819,157.3033526460829,0.0,0
2030-04-27 20:00:00,0.0,164.0161654332645,0.0,99.9999999999999,0.0,172.27994560346409,0.0,0
2030-04-27 21:00:00,0.0,164.0161654332645,0.0,99.9999999999999,0.0,176.17830702190736,0.0,0
2030-04-27 22:00:00,0.0,164.0161654332645,0.0,99.9999999999999,0.0,183.82284823055824,0.0,0
2030-04-27 23:00:00,0.0,164.0161654332645,0.0,99.9999999999999,0.0,180.95355966712572,0.0,0
2030-04-28 00:00:00,0.0,164.0161654332645,0.0,99.9999999999999,0.0,170.04450090909052,0.0,0
2030-04-28 01:00:00,0.0,164.0161654332645,0.0,99.9999999999999,0.0,158.8052227926994,0.0,0
2030-04-28 02:00:00,0.0,164.0161654332645,0.0,83.78822944132845,0.0,160.46444578792844,0.0,0
2030-04-28 03:00:00,0.0,164.0161654332645,0.0,33.09270912657223,0.0,166.1609144060099,0.0,0
2030-04-28 04:00:00,0.0,164.0161654332645,0.0,0.0,0.0,183.92110141772008,0.0,0
2030-04-28 05:00:00,0.0,164.0161654332645,0.0,0.0,0.0,199.43697878583913,0.0,0
2030-04-28 06:00:00,0.0,164.0161654332645,0.0,0.0,0.0,209.2135402813248,0.0,0
2030-04-28 07:00:00,0.0,164.0161654332645,0.0,0.0,0.0,209.74691472591752,0.0,0
2030-04-28 08:00:00,0.0,164.0161654332645,0.0,0.0,18.340861764300296,184.7713977968424,0.0,0
2030-04-28 09:00:00,0.0,164.0161654332645,0.0,0.0,80.47141845192067,140.2065593341571,0.0,0
2030-04-28 10:00:00,0.0,164.0161654332645,0.0,0.0,139.59584873230204,84.70015729963883,0.0,0
2030-04-28 11:00:00,0.0,164.0161654332645,0.0,0.0,194.23505085025883,78.70819037430371,0.0,0
2030-04-28 12:00:00,0.0,164.0161654332645,0.0,0.0,226.3357004226989,73.43132935252235,0.0,0
2030-04-28 13:00:00,0.0,164.0161654332645,0.0,0.0,242.97618680923796,71.58446493218727,0.0,0
2030-04-28 14:00:00,0.0,164.0161654332645,0.0,0.0,243.08209049490924,84.28941465255629,0.0,0
2030-04-28 15:00:00,0.0,164.0161654332645,0.0,0.0,228.7105462008248,114.7316502658233,0.0,0
2030-04-28 16:00:00,0.0,164.0161654332645,0.0,0.0,199.77872422869413,157.85667322641532,0.0,0
2030-04-28 17:00:00,0.0,164.0161654332645,0.0,0.0,153.94964380532429,199.05430847794565,0.0,0
2030-04-28 18:00:00,0.0,164.0161654332645,0.0,0.0,92.73790512802513,211.28719965247697,0.0,0
2030-04-28 19:00:00,0.0,164.0161654332645,0.0,63.54948677846618,28.043769278317228,237.13960780832727,0.0,0
2030-04-28 20:00:00,0.0,164.0161654332645,0.0,99.9999999999999,0.0,252.58087185386475,0.0,0
2030-04-28 21:00:00,0.0,164.0161654332645,0.0,88.99283516652747,0.0,260.5142626578561,0.0,0
2030-04-28 22:00:00,0.0,164.0161654332645,0.0,88.99283516652747,0.0,270.73185537691774,0.0,0
2030-04-28 23:00:00,0.0,164.0161654332645,0.0,73.8143223058115,0.0,269.7596659460534,0.0,0
2030-04-29 00:00:00,0.0,164.0161654332645,0.0,73.81432230581153,0.0,267.33805731811015,0.0,0
2030-04-29 01:00:00,0.0,164.0161654332645,0.0,10.03231178728879,0.0,257.047328768003,0.0,0
2030-04-29 02:00:00,0.0,164.0161654332645,0.0,0.0,0.0,245.07299861231863,0.0,0
2030-04-29 03:00:00,0.0,164.0161654332645,0.0,0.0,0.0,242.81095907029223,0.0,0
2030-04-29 04:00:00,0.0,164.0161654332645,0.0,0.0,0.0,246.2579468244056,0.0,0
2030-04-29 05:00:00,0.0,164.0161654332645,0.0,0.0,0.0,247.84034025974864,0.0,0
2030-04-29 06:00:00,0.0,164.0161654332645,0.0,0.0,0.0,225.04707832974137,0.0,0
2030-04-29 07:00:00,0.0,164.0161654332645,0.0,0.0,0.0,202.7221812167311,0.0,0
2030-04-29 08:00:00,0.0,164.0161654332645,0.0,0.0,19.464979098241283,187.0910595087832,0.0,0
2030-04-29 09:00:00,0.0,164.0161654332645,0.0,0.0,78.93137770442151,149.51180102957335,0.0,0
2030-04-29 10:00:00,0.0,164.0161654332645,0.0,0.0,144.7318816670082,147.61026942239639,0.0,0
2030-04-29 11:00:00,0.0,164.0161654332645,0.0,0.0,195.54198516114076,150.00676069422315,0.0,0
2030-04-29 12:00:00,0.0,164.0161654332645,0.0,0.0,229.9098019039292,149.69205499699802,0.0,0
2030-04-29 13:00:00,0.0,164.0161654332645,0.0,0.0,246.3603716251024,146.66319734764852,0.0,0
2030-04-29 14:00:00,0.0,164.0161654332645,0.0,0.0,247.585067878396,145.94292022371783,0.0,0
2030-04-29 15:00:00,0.0,164.0161654332645,0.0,0.0,230.21982163181605,163.62627767554207,0.0,0
2030-04-29 16:00:00,0.0,164.0161654332645,0.0,0.0,199.55685896541635,192.7771856861108,0.0,0
2030-04-29 17:00:00,0.0,164.0161654332645,0.0,0.0,153.2047681614129,215.61698859951056,0.0,0
2030-04-29 18:00:00,0.0,164.0161654332645,0.0,0.0,93.63542407307169,227.72429299345916,0.0,0
2030-04-29 19:00:00,0.0,164.0161654332645,0.0,73.99142332917177,28.51708183997657,241.70136292655496,0.0,0
2030-04-29 20:00:00,0.0,164.0161654332645,0.0,99.9999999999999,0.0,248.67216799466763,0.0,0
2030-04-29 21:00:00,0.0,164.0161654332645,0.0,99.9999999999999,0.0,236.96083133243883,0.0,0
2030-04-29 22:00:00,0.0,164.0161654332645,0.0,99.9999999999999,0.0,227.2862167529556,0.0,0
2030-04-29 23:00:00,0.0,164.0161654332645,0.0,99.9999999999999,0.0,218.4005826538396,0.0,0
2030-04-30 00:00:00,0.0,164.0161654332645,0.0,94.76631470254148,0.0,222.58779366762323,0.0,0
2030-04-30 01:00:00,0.0,164.0161654332645,0.0,32.8989417366696,0.0,224.02613167818015,0.0,0
2030-04-30 02:00:00,0.0,164.0161654332645,0.0,0.0,0.0,221.50700860884317,0.0,0
2030-04-30 03:00:00,0.0,164.0161654332645,0.0,0.0,0.0,224.54473120741025,0.0,0
2030-04-30 04:00:00,0.0,164.0161654332645,0.0,0.0,0.0,226.2320265418284,0.0,0
2030-04-30 05:00:00,0.0,164.0161654332645,0.0,0.0,0.0,220.80963260372465,0.0,0
2030-04-30 06:00:00,0.0,164.0161654332645,0.0,0.0,0.0,216.57588060654848,0.0,0
2030-04-30 07:00:00,0.0,164.0161654332645,0.0,0.0,0.0,204.4382876361064,0.0,0
2030-04-30 08:00:00,0.0,164.0161654332645,0.0,0.0,19.583307238656126,188.12382609263457,0.0,0
2030-04-30 09:00:00,0.0,164.0161654332645,0.0,0.0,82.75633484333126,146.01457856322685,0.0,0
2030-04-30 10:00:00,0.0,164.0161654332645,0.0,0.0,146.66773004419503,124.46167077791658,0.0,0
2030-04-30 11:00:00,0.0,164.0161654332645,0.0,0.0,196.7844306354966,100.50562300886637,0.0,0
2030-04-30 12:00:00,0.0,164.0161654332645,0.0,0.0,230.06895325278717,86.52485934692986,0.0,0
2030-04-30 13:00:00,0.0,164.0161654332645,0.0,0.0,246.40296975565175,81.9520230421802,0.0,0
2030-04-30 14:00:00,0.0,164.0161654332645,0.0,0.0,246.48343289113384,93.58283641568237,0.0,0
2030-04-30 15:00:00,0.0,164.0161654332645,0.0,0.0,231.8971230221964,125.1265419692372,0.0,0
2030-04-30 16:00:00,0.0,164.0161654332645,0.0,0.0,201.92223849230896,142.4553014523571,0.0,0
2030-04-30 17:00:00,0.0,164.0161654332645,0.0,0.0,154.82941352930862,149.6492077424463,0.0,0
2030-04-30 18:00:00,0.0,164.0161654332645,0.0,0.0,93.76085190191144,151.5234057562023,0.0,0
2030-04-30 19:00:00,0.0,164.0161654332645,0.0,99.9999999999999,28.635409980391408,172.35677516335,0.0,0
2030-04-30 20:00:00,0.0,164.0161654332645,0.0,99.9999999999999,0.0,208.24652207083733,0.0,0
2030-04-30 21:00:00,0.0,164.0161654332645,0.0,99.9999999999999,0.0,217.79702736127408,0.0,0
2030-04-30 22:00:00,0.0,164.0161654332645,0.0,99.9999999999999,0.0,201.07330066225597,0.0,0
2030-04-30 23:00:00,0.0,164.0161654332645,0.0,99.9999999999999,0.0,191.57376882982047,0.0,0
2030-05-01 00:00:00,0.0,164.0161654332645,0.0,99.9999999999999,0.0,187.69609229288497,0.0,0
2030-05-01 01:00:00,0.0,164.0161654332645,0.0,99.9999999999999,0.0,189.11965538807925,0.0,0
2030-05-01 02:00:00,0.0,164.0161654332645,0.0,99.74012275405585,0.0,190.56833583939,0.0,0
2030-05-01 03:00:00,0.0,164.0161654332645,0.0,62.12070678724251,0.0,188.66680423221308,0.0,0
2030-05-01 04:00:00,0.0,164.0161654332645,0.0,50.296974920356085,0.0,185.90315631362367,0.0,0
2030-05-01 05:00:00,0.0,164.0161654332645,0.0,11.580597575248532,0.0,190.46417268608312,0.0,0
2030-05-01 06:00:00,0.0,164.0161654332645,0.0,11.580597575248532,0.0,189.24450342289387,0.0,0
2030-05-01 07:00:00,0.0,164.0161654332645,0.0,0.0,0.0,188.71630019867808,0.0,0
2030-05-01 08:00:00,0.0,164.0161654332645,0.0,0.0,19.997455730108047,183.666972873482,0.0,0
2030-05-01 09:00:00,0.0,164.0161654332645,0.0,0.0,83.19533224427029,161.34872447238487,0.0,0
2030-05-01 10:00:00,0.0,164.0161654332645,0.0,0.0,145.81340087039985,126.58039364092498,0.0,0
2030-05-01 11:00:00,0.0,164.0161654332645,0.0,0.0,196.36318245561975,120.10233200015767,0.0,0
2030-05-01 12:00:00,0.0,164.0161654332645,0.0,0.0,230.62154566852445,114.90894925017548,0.0,0
2030-05-01 13:00:00,0.0,164.0161654332645,0.0,0.0,248.40981501708748,113.88800259861424,0.0,0
2030-05-01 14:00:00,0.0,164.0161654332645,0.0,0.0,248.0435894225035,122.75738429083138,0.0,0
2030-05-01 15:00:00,0.0,164.0161654332645,0.0,0.0,232.76683485424553,142.42575162163175,0.0,0
2030-05-01 16:00:00,0.0,164.0161654332645,0.0,0.0,202.09440593661256,157.48877783388454,0.0,0
2030-05-01 17:00:00,0.0,164.0161654332645,0.0,0.0,155.38969727417287,171.05510511989783,0.0,0
2030-05-01 18:00:00,0.0,164.0161654332645,0.0,0.0,93.42953310874991,164.8858392102106,0.0,0
2030-05-01 19:00:00,0.0,164.0161654332645,0.0,99.9999999999999,28.39875369956176,158.7874928942642,0.0,0
2030-05-01 20:00:00,0.0,164.0161654332645,0.0,99.9999999999999,0.0,167.65170336610439,0.0,0
2030-05-01 21:00:00,0.0,164.0161654332645,0.0,99.9999999999999,0.0,175.0066562336468,0.0,0
2030-05-01 22:00:00,0.0,164.0161654332645,0.0,99.9999999999999,0.0,158.5932027572449,0.0,0
2030-05-01 23:00:00,0.0,164.0161654332645,0.0,99.9999999999999,0.0,161.0015139613619,0.0,0
2030-05-02 00:00:00,0.0,164.0161654332645,0.0,99.9999999999999,0.0,157.84485329412516,0.0,0
2030-05-02 01:00:00,0.0,164.0161654332645,0.0,99.9999999999999,0.0,156.88226755824653,0.0,0
2030-05-02 02:00:00,0.0,164.0161654332645,0.0,99.9999999999999,0.0,153.6509935684283,0.0,0
2030-05-02 03:00:00,0.0,164.0161654332645,0.0,93.49745579719911,0.0,157.29005522225648,0.0,0
2030-05-02 04:00:00,0.0,164.0161654332645,0.0,76.82829043712161,0.0,159.37184079685818,0.0,0
2030-05-02 05:00:00,0.0,164.0161654332645,0.0,70.55802890749476,0.0,149.05747238217091,0.0,0
2030-05-02 06:00:00,0.0,164.0161654332645,0.0,70.55802890749476,0.0,129.94242563170295,0.0,0
2030-05-02 07:00:00,0.0,164.0161654332645,0.0,66.47684252130534,0.0,114.73682148620024,0.0,0
2030-05-02 08:00:00,0.0,164.0161654332645,0.0,65.97568614451416,20.29327608114516,94.03568757154851,0.0,0
2030-05-02 09:00:00,0.0,164.0161654332645,0.0,47.210676044608704,83.81418841863993,77.67616253622047,0.0,0
2030-05-02 10:00:00,0.0,164.0161654332645,0.0,0.0,145.8938640058819,69.36822762778519,0.0,0
2030-05-02 11:00:00,0.0,164.0161654332645,0.0,0.0,196.2708865060962,51.34283088531491,0.0,0
2030-05-02 12:00:00,0.0,164.0161654332645,0.0,0.0,230.52747479689464,41.517512169132345,0.0,0
2030-05-02 13:00:00,0.0,164.0161654332645,0.0,0.0,248.25894663805852,39.22740028791686,0.0,0
2030-05-02 14:00:00,0.0,164.0161654332645,0.0,0.0,247.93531917402396,47.72297662145817,0.0,0
2030-05-02 15:00:00,0.0,164.0161654332645,0.0,0.0,233.49810276200924,62.94113944501914,0.0,0
2030-05-02 16:00:00,0.0,164.0161654332645,0.0,0.0,202.3671523002688,76.34715889934736,0.0,0
2030-05-02 17:00:00,0.0,164.0161654332645,0.0,0.0,155.29385148043687,89.31066963856328,0.0,0
2030-05-02 18:00:00,0.0,164.0161654332645,0.0,57.43421809822354,93.36504427222381,103.41111011493744,0.0,0
2030-05-02 19:00:00,0.0,164.0161654332645,0.0,99.9999999999999,28.51708183997657,109.54048375314547,0.0,0
2030-05-02 20:00:00,0.0,164.0161654332645,0.0,99.9999999999999,0.0,109.83450456886283,0.0,0
2030-05-02 21:00:00,0.0,164.0161654332645,0.0,99.9999999999999,0.0,99.13229462590515,0.0,0
2030-05-02 22:00:00,0.0,164.0161654332645,0.0,99.9999999999999,0.0,89.77312448941518,0.0,0
2030-05-02 23:00:00,0.0,164.0161654332645,0.0,99.9999999999999,0.0,72.39708527713472,0.0,0
2030-05-03 00:00:00,0.0,164.0161654332645,0.0,99.9999999999999,0.0,61.02040044787068,0.0,0
2030-05-03 01:00:00,0.0,164.0161654332645,0.0,99.9999999999999,0.0,60.503278410176875,0.0,0
2030-05-03 02:00:00,0.0,164.0161654332645,0.0,99.9999999999999,0.0,63.310512329086166,0.0,0
2030-05-03 03:00:00,0.0,164.0161654332645,0.0,99.9999999999999,0.0,60.57715298699025,0.0,0
2030-05-03 04:00:00,0.0,164.0161654332645,0.0,99.9999999999999,0.0,50.604085117180894,0.0,0
2030-05-03 05:00:00,0.0,164.0161654332645,0.0,99.9999999999999,0.0,40.409393516931296,0.0,0
2030-05-03 06:00:00,0.0,164.0161654332645,0.0,99.9999999999999,0.0,37.7499087516488,0.0,0
2030-05-03 07:00:00,0.0,164.0161654332645,0.0,99.9999999999999,0.0,39.30127486473027,0.0,0
2030-05-03 08:00:00,0.0,164.0161654332645,0.0,99.9999999999999,20.411604221560005,36.12466806175396,0.0,0
2030-05-03 09:00:00,0.0,164.0161654332645,0.0,96.08542037179984,83.95559054643564,28.36783749634665,0.0,0
2030-05-03 10:00:00,0.0,164.0161654332645,0.0,0.0,146.24234037940363,22.014623890394002,0.0,0
2030-05-03 11:00:00,0.0,164.0161654332645,0.0,0.0,196.75484860039288,22.014623890394002,0.0,0
2030-05-03 12:00:00,0.0,164.0161654332645,0.0,0.0,231.0285944715515,29.032708687667263,0.0,0
2030-05-03 13:00:00,0.0,164.0161654332645,0.0,0.0,248.73521740322823,38.19315621252922,0.0,0
2030-05-03 14:00:00,0.0,164.0161654332645,0.0,0.0,248.91921766157327,42.03463420682617,0.0,0
2030-05-03 15:00:00,0.0,164.0161654332645,0.0,0.0,233.65252098525056,44.32474608804166,0.0,0
2030-05-03 16:00:00,0.0,164.0161654332645,0.0,0.0,202.4629980940048,48.90496985047263,0.0,0
2030-05-03 17:00:00,0.0,164.0161654332645,0.0,17.01236612939232,155.08618559400884,53.70681734334383,0.0,0
2030-05-03 18:00:00,0.0,164.0161654332645,0.0,73.62255706782224,93.13371275771279,55.701430917305665,0.0,0
2030-05-03 19:00:00,0.0,164.0161654332645,0.0,99.9999999999999,28.457917769769146,57.40054618401393,0.0,0
2030-05-03 20:00:00,0.0,164.0161654332645,0.0,99.9999999999999,0.0,65.08350217260785,0.0,0
2030-05-03 21:00:00,0.0,164.0161654332645,0.0,99.9999999999999,0.0,63.606010636339775,0.0,0
2030-05-03 22:00:00,0.0,164.0161654332645,0.0,99.9999999999999,0.0,57.54829533764075,0.0,0
2030-05-03 23:00:00,0.0,164.0161654332645,0.0,99.9999999999999,0.0,52.74644784476957,0.0,0
2030-05-04 00:00:00,0.0,164.0161654332645,0.0,99.9999999999999,0.0,51.56445461575512,0.0,0
2030-05-04 01:00:00,0.0,164.0161654332645,0.0,99.9999999999999,0.0,47.87072577508499,0.0,0
2030-05-04 02:00:00,0.0,164.0161654332645,0.0,99.9999999999999,0.0,48.90496985047263,0.0,0
2030-05-04 03:00:00,0.0,164.0161654332645,0.0,99.9999999999999,0.0,58.13929195214799,0.0,0
2030-05-04 04:00:00,0.0,164.0161654332645,0.0,99.9999999999999,0.0,76.66999080002194,0.0,0
2030-05-04 05:00:00,0.0,164.0161654332645,0.0,99.9999999999999,0.0,93.63307112791549,0.0,0
2030-05-04 06:00:00,0.0,164.0161654332645,0.0,99.9999999999999,0.0,91.88224365743783,0.0,0
2030-05-04 07:00:00,0.0,164.0161654332645,0.0,83.79852567874313,0.0,69.515976781412,0.0,0
2030-05-04 08:00:00,0.0,164.0161654332645,0.0,83.79852567874313,15.264330113514443,42.33013251407976,0.0,0
2030-05-04 09:00:00,0.0,164.0161654332645,0.0,83.79852567874313,69.55505585794955,30.584074800748727,0.0,0
2030-05-04 10:00:00,0.0,164.0161654332645,0.0,0.0,140.9714133646245,28.36783749634665,0.0,0
2030-05-04 11:00:00,0.0,164.0161654332645,0.0,0.0,193.6611593692469,44.620244395295245,0.0,0
2030-05-04 12:00:00,0.0,164.0161654332645,0.0,0.0,228.4460828069976,71.8799632394409,0.0,0
2030-05-04 13:00:00,0.0,164.0161654332645,0.0,0.0,248.2258147587424,92.64758427322467,0.0,0
2030-05-04 14:00:00,0.0,164.0161654332645,0.0,0.0,248.03353153056824,101.71568857706984,0.0,0
2030-05-04 15:00:00,0.0,164.0161654332645,0.0,0.0,233.20583225518456,89.43256269030537,0.0,0
2030-05-04 16:00:00,0.0,164.0161654332645,0.0,0.0,201.84946668595387,70.55022085679965,0.0,0
2030-05-04 17:00:00,0.0,164.0161654332645,0.0,0.0,154.24901400057382,61.242024178310885,0.0,0
2030-05-04 18:00:00,0.0,164.0161654332645,0.0,63.86880723407904,92.32671484008355,62.49789198413874,0.0,0
2030-05-04 19:00:00,0.0,164.0161654332645,0.0,99.9999999999999,28.043769278317228,59.98615637248304,0.0,0
2030-05-04 20:00:00,0.0,164.0161654332645,0.0,99.9999999999999,0.0,66.4132445552491,0.0,0
2030-05-04 21:00:00,0.0,164.0161654332645,0.0,99.9999999999999,0.0,77.3548081270822,0.0,0
2030-05-04 22:00:00,0.0,164.0161654332645,0.0,99.9999999999999,0.0,61.87069682699296,0.0,0
2030-05-04 23:00:00,0.0,164.0161654332645,0.0,99.9999999999999,0.0,60.20778010292326,0.0,0
2030-05-05 00:00:00,0.0,164.0161654332645,0.0,99.9999999999999,0.0,58.95191229709541,0.0,0
2030-05-05 01:00:00,0.0,164.0161654332645,0.0,99.9999999999999,0.0,56.66180041587992,0.0,0
2030-05-05 02:00:00,0.0,164.0161654332645,0.0,99.9999999999999,0.0,66.63486828568931,0.0,0
2030-05-05 03:00:00,0.0,164.0161654332645,0.0,99.9999999999999,0.0,74.52615058089698,0.0,0
2030-05-05 04:00:00,0.0,164.0161654332645,0.0,99.9999999999999,0.0,80.62154191377086,0.0,0
2030-05-05 05:00:00,0.0,164.0161654332645,0.0,99.9999999999999,0.0,72.17546154669449,0.0,0
2030-05-05 06:00:00,0.0,164.0161654332645,0.0,92.66087165092544,0.0,79.80818282305526,0.0,0
2030-05-05 07:00:00,0.0,164.0161654332645,0.0,92.66087165092544,0.0,83.43246956152083,0.0,0
2030-05-05 08:00:00,0.0,164.0161654332645,0.0,10.182663237390955,19.701635379070968,84.84051899558428,0.0,0
2030-05-05 09:00:00,0.0,164.0161654332645,0.0,0.0,81.09855759611933,101.70682362785227,0.0,0
2030-05-05 10:00:00,0.0,164.0161654332645,0.0,0.0,144.27513504500692,122.38136269485116,0.0,0
2030-05-05 11:00:00,0.0,164.0161654332645,0.0,0.0,194.72492935157632,113.89465131052744,0.0,0
2030-05-05 12:00:00,0.0,164.0161654332645,0.0,0.0,228.03844236326847,99.92275259780858,0.0,0
2030-05-05 13:00:00,0.0,164.0161654332645,0.0,0.0,245.69595911667304,98.24801594144877,0.0,0
2030-05-05 14:00:00,0.0,164.0161654332645,0.0,0.0,246.3917285823123,111.9266325842184,0.0,0
2030-05-05 15:00:00,0.0,164.0161654332645,0.0,0.0,231.43268507106816,117.4605771333104,0.0,0
2030-05-05 16:00:00,0.0,164.0161654332645,0.0,0.0,200.50525901084123,113.19949154271332,0.0,0
2030-05-05 17:00:00,0.0,164.0161654332645,0.0,0.0,153.34972013342107,107.2023533970013,0.0,0
2030-05-05 18:00:00,0.0,164.0161654332645,0.0,0.0,92.03266941115267,107.06420793836024,0.0,0
2030-05-05 19:00:00,0.0,164.0161654332645,0.0,99.9999999999999,28.102933348524648,102.94865526408557,0.0,0
2030-05-05 20:00:00,0.0,164.0161654332645,0.0,99.9999999999999,0.0,98.16970889002654,0.0,0
2030-05-05 21:00:00,0.0,164.0161654332645,0.0,99.9999999999999,0.0,95.97415646713219,0.0,0
2030-05-05 22:00:00,0.0,164.0161654332645,0.0,99.9999999999999,0.0,82.57330823318092,0.0,0
2030-05-05 23:00:00,0.0,164.0161654332645,0.0,99.9999999999999,0.0,72.47095985394812,0.0,0
2030-05-06 00:00:00,0.0,164.0161654332645,0.0,99.9999999999999,0.0,71.95383781625429,0.0,0
2030-05-06 01:00:00,0.0,164.0161654332645,0.0,99.9999999999999,0.0,87.01317029966648,0.0,0
2030-05-06 02:00:00,0.0,164.0161654332645,0.0,99.9999999999999,0.0,110.21052616484305,0.0,0
2030-05-06 03:00:00,0.0,164.0161654332645,0.0,66.26437452484464,0.0,138.49562413515872,0.0,0
2030-05-06 04:00:00,0.0,164.0161654332645,0.0,24.94415307957428,0.0,165.2419146704512,0.0,0
2030-05-06 05:00:00,0.0,164.0161654332645,0.0,24.944153079574274,0.0,181.29116648316293,0.0,0
2030-05-06 06:00:00,0.0,164.0161654332645,0.0,24.944153079574274,0.0,200.0220654342012,0.0,0
2030-05-06 07:00:00,0.0,164.0161654332645,0.0,1.6164909116545232,0.0,195.84150313233076,0.0,0
2030-05-06 08:00:00,0.0,164.0161654332645,0.0,1.6164909116545232,20.766588642804535,157.5175889188418,0.0,0
2030-05-06 09:00:00,0.0,164.0161654332645,0.0,0.0,83.45387923107673,133.58961348898063,0.0,0
2030-05-06 10:00:00,0.0,164.0161654332645,0.0,0.0,145.1726539900535,112.83898360786392,0.0,0
2030-05-06 11:00:00,0.0,164.0161654332645,0.0,0.0,195.56387586711756,99.55633469681412,0.0,0
2030-05-06 12:00:00,0.0,164.0161654332645,0.0,0.0,229.7376344596256,90.68916924190135,0.0,0
2030-05-06 13:00:00,0.0,164.0161654332645,0.0,0.0,247.44011590638783,77.88448884283427,0.0,0
2030-05-06 14:00:00,0.0,164.0161654332645,0.0,0.0,247.1892602487084,74.94206444835645,0.0,0
2030-05-06 15:00:00,0.0,164.0161654332645,0.0,0.0,232.659156246468,91.12207426202791,0.0,0
2030-05-06 16:00:00,0.0,164.0161654332645,0.0,0.0,201.85183324876215,108.8069092053884,0.0,0
2030-05-06 17:00:00,0.0,164.0161654332645,0.0,0.0,155.00335589571844,120.4547137315576,0.0,0
2030-05-06 18:00:00,0.0,164.0161654332645,0.0,37.76436555625435,93.13193783560656,118.91590629653444,0.0,0
2030-05-06 19:00:00,0.0,164.0161654332645,0.0,99.9999999999999,28.51708183997657,102.68270678755732,0.0,0
2030-05-06 20:00:00,0.0,164.0161654332645,0.0,99.9999999999999,0.0,94.8793352387576,0.0,0
2030-05-06 21:00:00,0.0,164.0161654332645,0.0,99.9999999999999,0.0,89.81523299819881,0.0,0
2030-05-06 22:00:00,0.0,164.0161654332645,0.0,99.9999999999999,0.0,84.49626346763382,0.0,0
2030-05-06 23:00:00,0.0,164.0161654332645,0.0,99.9999999999999,0.0,74.26537332474567,0.0,0
2030-05-07 00:00:00,0.0,164.0161654332645,0.0,99.9999999999999,0.0,71.58446493218727,0.0,0
2030-05-07 01:00:00,0.0,164.0161654332645,0.0,99.9999999999999,0.0,76.18241859305347,0.0,0
2030-05-07 02:00:00,0.0,164.0161654332645,0.0,99.9999999999999,0.0,94.24770760700298,0.0,0
2030-05-07 03:00:00,0.0,164.0161654332645,0.0,78.72039141688117,0.0,126.040370484419,0.0,0
2030-05-07 04:00:00,0.0,164.0161654332645,0.0,28.141469259587097,0.0,162.04536173173523,0.0,0
2030-05-07 05:00:00,0.0,164.0161654332645,0.0,17.20870333238304,0.0,178.90649514362633,0.0,0
2030-05-07 06:00:00,0.0,164.0161654332645,0.0,17.20870333238304,0.0,183.29612249787868,0.0,0
2030-05-07 07:00:00,0.0,164.0161654332645,0.0,11.569840217246567,0.0,175.6715274249674,0.0,0
2030-05-07 08:00:00,0.0,164.0161654332645,0.0,11.569840217246565,21.23990120446388,146.8648749423491,0.0,0
2030-05-07 09:00:00,0.0,164.0161654332645,0.0,0.0,84.40227927650166,138.23189189593487,0.0,0
2030-05-07 10:00:00,0.0,164.0161654332645,0.0,0.0,145.9488865911748,111.0911111204588,0.0,0
2030-05-07 11:00:00,0.0,164.0161654332645,0.0,0.0,195.9360178687222,92.406753152813,0.0,0
2030-05-07 12:00:00,0.0,164.0161654332645,0.0,0.0,229.6962196104804,72.91420731482852,0.0,0
2030-05-07 13:00:00,0.0,164.0161654332645,0.0,0.0,247.0011185054488,60.503278410176875,0.0,0
2030-05-07 14:00:00,0.0,164.0161654332645,0.0,0.0,246.79522754112693,60.503278410176875,0.0,0
2030-05-07 15:00:00,0.0,164.0161654332645,0.0,0.0,231.43860147808888,74.40278003761857,0.0,0
2030-05-07 16:00:00,0.0,164.0161654332645,0.0,0.0,200.64074473161628,94.41170916752873,0.0,0
2030-05-07 17:00:00,0.0,164.0161654332645,0.0,0.0,153.45562381909235,110.52597060783629,0.0,0
2030-05-07 18:00:00,0.0,164.0161654332645,0.0,9.799062884678222,92.29713280497984,122.62662628987164,0.0,0
2030-05-07 19:00:00,0.0,164.0161654332645,0.0,99.9999999999999,28.280425559146913,119.45519070727228,0.0,0
2030-05-07 20:00:00,0.0,164.0161654332645,0.0,99.9999999999999,0.0,118.66694897267328,0.0,0
2030-05-07 21:00:00,0.0,164.0161654332645,0.0,99.9999999999999,0.0,122.50177825505696,0.0,0
2030-05-07 22:00:00,0.0,164.0161654332645,0.0,99.9999999999999,0.0,93.39445624480815,0.0,0
2030-05-07 23:00:00,0.0,164.0161654332645,0.0,99.9999999999999,0.0,91.28385958524927,0.0,0
2030-05-08 00:00:00,0.0,164.0161654332645,0.0,99.9999999999999,0.0,94.5151335750675,0.0,0
2030-05-08 01:00:00,0.0,164.0161654332645,0.0,99.9999999999999,0.0,97.87421058277295,0.0,0
2030-05-08 02:00:00,0.0,164.0161654332645,0.0,99.9999999999999,0.0,106.38234559437252,0.0,0
2030-05-08 03:00:00,0.0,164.0161654332645,0.0,97.50658202491336,0.0,107.2548043465388,0.0,0
2030-05-08 04:00:00,0.0,164.0161654332645,0.0,88.1179076614683,0.0,102.06954780000608,0.0,0
2030-05-08 05:00:00,0.0,164.0161654332645,0.0,68.03651414169241,0.0,112.49251184260908,0.0,0
2030-05-08 06:00:00,0.0,164.0161654332645,0.0,68.03651414169241,0.0,132.4689361587213,0.0,0
2030-05-08 07:00:00,0.0,164.0161654332645,0.0,29.450729163266946,0.0,151.76793060545467,0.0,0
2030-05-08 08:00:00,0.0,164.0161654332645,0.0,22.221477081639136,19.583307238656126,139.0467284781867,0.0,0
2030-05-08 09:00:00,0.0,164.0161654332645,0.0,0.0,81.26125878918972,136.05111438840322,0.0,0
2030-05-08 10:00:00,0.0,164.0161654332645,0.0,0.0,136.00636459281785,121.27841526302704,0.0,0
2030-05-08 11:00:00,0.0,164.0161654332645,0.0,0.0,191.644847856578,122.23730727006505,0.0,0
2030-05-08 12:00:00,0.0,164.0161654332645,0.0,0.0,222.293611146128,114.73829897773648,0.0,0
2030-05-08 13:00:00,0.0,164.0161654332645,0.0,0.0,238.87079197754505,99.72033625733985,0.0,0
2030-05-08 14:00:00,0.0,164.0161654332645,0.0,0.0,242.33721485099784,93.86355980757328,0.0,0
2030-05-08 15:00:00,0.0,164.0161654332645,0.0,0.0,227.0450776244859,96.98845440678019,0.0,0
2030-05-08 16:00:00,0.0,164.0161654332645,0.0,0.0,196.91163338644256,101.29903596384229,0.0,0
2030-05-08 17:00:00,0.0,164.0161654332645,0.0,0.0,149.3324797663372,102.78317621202356,0.0,0
2030-05-08 18:00:00,0.0,164.0161654332645,0.0,15.380446395195804,86.42450719619131,110.79191908436457,0.0,0
2030-05-08 19:00:00,0.0,164.0161654332645,0.0,99.9999999999999,22.60067481923456,112.41568228272313,0.0,0
2030-05-08 20:00:00,0.0,164.0161654332645,0.0,99.9999999999999,0.0,112.67350455580193,0.0,0
2030-05-08 21:00:00,0.0,164.0161654332645,0.0,99.9999999999999,0.0,104.07450381472184,0.0,0
2030-05-08 22:00:00,0.0,164.0161654332645,0.0,99.9999999999999,0.0,103.94079083068956,0.0,0
2030-05-08 23:00:00,0.0,164.0161654332645,0.0,99.9999999999999,0.0,89.8300079135615,0.0,0
2030-05-09 00:00:00,0.0,164.0161654332645,0.0,99.9999999999999,0.0,92.9297851566519,0.0,0
2030-05-09 01:00:00,0.0,164.0161654332645,0.0,99.9999999999999,0.0,108.52249208465678,0.0,0
2030-05-09 02:00:00,0.0,164.0161654332645,0.0,99.9999999999999,0.0,121.71279777468986,0.0,0
2030-05-09 03:00:00,0.0,164.0161654332645,0.0,68.06597139761999,0.0,136.69603944398423,0.0,0
2030-05-09 04:00:00,0.0,164.0161654332645,0.0,54.51963585111656,0.0,135.6684440805098,0.0,0
2030-05-09 05:00:00,0.0,164.0161654332645,0.0,50.42913322836978,0.0,138.28508159124053,0.0,0
2030-05-09 06:00:00,0.0,164.0161654332645,0.0,50.42913322836978,0.0,150.07694154219587,0.0,0
2030-05-09 07:00:00,0.0,164.0161654332645,0.0,15.741709668387728,0.0,165.47757457048596,0.0,0
2030-05-09 08:00:00,0.0,164.0161654332645,0.0,0.0,20.707424572597112,160.45631958447896,0.0,0
2030-05-09 09:00:00,0.0,164.0161654332645,0.0,0.0,82.3605272136436,175.9389533930319,0.0,0
2030-05-09 10:00:00,0.0,164.0161654332645,0.0,0.0,142.99186636220796,185.8861651609566,0.0,0
2030-05-09 11:00:00,0.0,164.0161654332645,0.0,0.0,192.56958227392,185.53378342955665,0.0,0
2030-05-09 12:00:00,0.0,164.0161654332645,0.0,0.0,225.19560878980192,161.69150250879906,0.0,0
2030-05-09 13:00:00,0.0,164.0161654332645,0.0,0.0,240.77528339752195,119.18628724767149,0.0,0
2030-05-09 14:00:00,0.0,164.0161654332645,0.0,0.0,240.84628028177085,92.08244376060216,0.0,0
2030-05-09 15:00:00,0.0,164.0161654332645,0.0,0.0,212.7037070062072,78.42303450780396,0.0,0
2030-05-09 16:00:00,0.0,164.0161654332645,0.0,0.0,196.42175488512513,77.97683206385102,0.0,0
2030-05-09 17:00:00,0.0,164.0161654332645,0.0,0.0,149.02896808617317,87.9757560355451,0.0,0
2030-05-09 18:00:00,0.0,164.0161654332645,0.0,42.937658174134526,90.54350976403192,100.79447260420672,0.0,0
2030-05-09 19:00:00,0.0,164.0161654332645,0.0,99.9999999999999,27.925441137902386,117.34016157310457,0.0,0
2030-05-09 20:00:00,0.0,164.0161654332645,0.0,99.9999999999999,0.0,146.57085412663176,0.0,0
2030-05-09 21:00:00,0.0,164.0161654332645,0.0,99.9999999999999,0.0,164.86293809139843,0.0,0
2030-05-09 22:00:00,0.0,164.0161654332645,0.0,99.9999999999999,0.0,182.37564527078368,0.0,0
2030-05-09 23:00:00,0.0,164.0161654332645,0.0,99.9999999999999,0.0,188.83523826734765,0.0,0
2030-05-10 00:00:00,0.0,164.0161654332645,0.0,99.9999999999999,0.0,184.58597260904068,0.0,0
2030-05-10 01:00:00,0.0,164.0161654332645,0.0,99.9999999999999,0.0,172.91822194713188,0.0,0
2030-05-10 02:00:00,0.0,164.0161654332645,0.0,84.95951221452657,0.0,172.0509344153425,0.0,0
2030-05-10 03:00:00,0.0,164.0161654332645,0.0,21.52841340774728,0.0,183.69061273806227,0.0,0
2030-05-10 04:00:00,0.0,164.0161654332645,0.0,0.0,0.0,197.6211416877656,0.0,0
2030-05-10 05:00:00,0.0,164.0161654332645,0.0,0.0,0.0,223.2578360793208,0.0,0
2030-05-10 06:00:00,0.0,164.0161654332645,0.0,0.0,0.0,243.7314362973873,0.0,0
2030-05-10 07:00:00,0.0,164.0161654332645,0.0,0.0,0.0,257.3960167705624,0.0,0
2030-05-10 08:00:00,0.0,164.0161654332645,0.0,0.0,21.12157306404904,255.3629884166575,0.0,0
2030-05-10 09:00:00,0.0,164.0161654332645,0.0,0.0,82.93264377254934,218.1900401099213,0.0,0
2030-05-10 10:00:00,0.0,164.0161654332645,0.0,0.0,142.42329964751468,201.24173469739048,0.0,0
2030-05-10 11:00:00,0.0,164.0161654332645,0.0,0.0,190.50238966087272,178.0864873409975,0.0,0
2030-05-10 12:00:00,0.0,164.0161654332645,0.0,0.0,223.091142812524,151.84919263994942,0.0,0
2030-05-10 13:00:00,0.0,164.0161654332645,0.0,0.0,239.40977665713467,135.44977533314213,0.0,0
2030-05-10 14:00:00,0.0,164.0161654332645,0.0,0.0,239.4275258781969,140.79829469443249,0.0,0
2030-05-10 15:00:00,0.0,164.0161654332645,0.0,0.0,225.06012306902687,158.79857408078618,0.0,0
2030-05-10 16:00:00,0.0,164.0161654332645,0.0,0.0,195.26983043818663,190.60675061933304,0.0,0
2030-05-10 17:00:00,0.0,164.0161654332645,0.0,0.0,149.94778609649438,222.12312257946687,0.0,0
2030-05-10 18:00:00,0.0,164.0161654332645,0.0,0.0,90.4731045204851,241.93850031812596,0.0,0
2030-05-10 19:00:00,0.0,164.0161654332645,0.0,78.17225370805613,28.043769278317228,266.5091845662637,0.0,0
2030-05-10 20:00:00,0.0,164.0161654332645,0.0,99.9999999999999,0.0,274.6701090668404,0.0,0
2030-05-10 21:00:00,0.0,164.0161654332645,0.0,99.9999999999999,0.0,276.38769297775195,0.0,0
2030-05-10 22:00:00,0.0,164.0161654332645,0.0,99.9999999999999,0.0,276.1638530100073,0.0,0
2030-05-10 23:00:00,0.0,164.0161654332645,0.0,99.9999999999999,0.0,278.08533075292394,0.0,0
2030-05-11 00:00:00,0.0,164.0161654332645,0.0,99.9999999999999,0.0,280.742599280902,0.0,0
2030-05-11 01:00:00,0.0,164.0161654332645,0.0,93.20523935961398,0.0,282.0058545444112,0.0,0
2030-05-11 02:00:00,0.0,164.0161654332645,0.0,30.160083212206583,0.0,282.28657793630214,0.0,0
2030-05-11 03:00:00,0.0,164.0161654332645,0.0,0.0,0.0,280.73077934861186,0.0,0
2030-05-11 04:00:00,0.0,164.0161654332645,0.0,0.0,0.0,273.89664224760395,0.0,0
2030-05-11 05:00:00,0.0,164.0161654332645,0.0,0.0,0.0,254.3804565450392,0.0,0
2030-05-11 06:00:00,0.0,164.0161654332645,0.0,0.0,0.0,227.4103260420021,0.0,0
2030-05-11 07:00:00,0.0,164.0161654332645,0.0,0.0,0.0,203.47939562906845,0.0,0
2030-05-11 08:00:00,0.0,164.0161654332645,0.0,0.0,21.41739341508615,182.7568380871409,0.0,0
2030-05-11 09:00:00,0.0,164.0161654332645,0.0,0.0,83.37755758050915,146.07146198737317,0.0,0
2030-05-11 10:00:00,0.0,164.0161654332645,0.0,0.0,142.55701044618343,131.3091053027509,0.0,0
2030-05-11 11:00:00,0.0,164.0161654332645,0.0,0.0,190.46866614085448,113.07907598250748,0.0,0
2030-05-11 12:00:00,0.0,164.0161654332645,0.0,0.0,222.54979157012608,96.13298680728103,0.0,0
2030-05-11 13:00:00,0.0,164.0161654332645,0.0,0.0,238.7554220406406,80.05492390961204,0.0,0
2030-05-11 14:00:00,0.0,164.0161654332645,0.0,0.0,239.06899161273992,84.24435116070013,0.0,0
2030-05-11 15:00:00,0.0,164.0161654332645,0.0,0.0,223.62598600719903,109.67050300833708,0.0,0
2030-05-11 16:00:00,0.0,164.0161654332645,0.0,0.0,194.09601528527136,142.91480132013646,0.0,0
2030-05-11 17:00:00,0.0,164.0161654332645,0.0,0.0,149.5797855798042,170.39318891164976,0.0,0
2030-05-11 18:00:00,0.0,164.0161654332645,0.0,0.0,90.59261594230409,188.98889738711952,0.0,0
2030-05-11 19:00:00,0.0,164.0161654332645,0.0,92.48034982411768,28.39875369956176,224.37038720613063,0.0,0
2030-05-11 20:00:00,0.0,164.0161654332645,0.0,99.9999999999999,0.0,248.7224027069007,0.0,0
2030-05-11 21:00:00,0.0,164.0161654332645,0.0,99.9999999999999,0.0,260.6664442860917,0.0,0
2030-05-11 22:00:00,0.0,164.0161654332645,0.0,99.9999999999999,0.0,261.4967945294744,0.0,0
2030-05-11 23:00:00,0.0,164.0161654332645,0.0,99.9999999999999,0.0,267.3085074873847,0.0,0
2030-05-12 00:00:00,0.0,164.0161654332645,0.0,99.9999999999999,0.0,269.30459855288285,0.0,0
2030-05-12 01:00:00,0.0,164.0161654332645,0.0,71.85439064992107,0.0,265.37520981217796,0.0,0
2030-05-12 02:00:00,0.0,164.0161654332645,0.0,31.717437076897625,0.0,254.6796485811336,0.0,0
2030-05-12 03:00:00,0.0,164.0161654332645,0.0,31.620170571237285,0.0,241.25220549952945,0.0,0
2030-05-12 04:00:00,0.0,164.0161654332645,0.0,31.620170571237285,0.0,213.1754338358276,0.0,0
2030-05-12 05:00:00,0.0,164.0161654332645,0.0,31.62017057123728,0.0,174.48731795864853,0.0,0
2030-05-12 06:00:00,0.0,164.0161654332645,0.0,25.649213850587444,0.0,147.15224704615326,0.0,0
2030-05-12 07:00:00,0.0,164.0161654332645,0.0,17.45828533731259,0.0,126.1275424850588,0.0,0
2030-05-12 08:00:00,0.0,164.0161654332645,0.0,0.0,18.400025834507716,98.24506095837619,0.0,0
2030-05-12 09:00:00,0.0,164.0161654332645,0.0,0.0,57.86246066285708,61.906895369631535,0.0,0
2030-05-12 10:00:00,0.0,164.0161654332645,0.0,0.0,116.42660719837416,48.90496985047263,0.0,0
2030-05-12 11:00:00,0.0,164.0161654332645,0.0,0.0,153.29114770391567,43.29050201265402,0.0,0
2030-05-12 12:00:00,0.0,164.0161654332645,0.0,0.0,200.6448862165308,42.33013251407976,0.0,0
2030-05-12 13:00:00,0.0,164.0161654332645,0.0,0.0,235.81615103273592,40.26164436330449,0.0,0
2030-05-12 14:00:00,0.0,164.0161654332645,0.0,0.0,235.93329589174664,41.59138674594576,0.0,0
2030-05-12 15:00:00,0.0,164.0161654332645,0.0,0.0,225.02284970479633,42.8472545517736,0.0,0
2030-05-12 16:00:00,0.0,164.0161654332645,0.0,0.0,194.6521575452212,50.9734580012479,0.0,0
2030-05-12 17:00:00,0.0,164.0161654332645,0.0,0.0,150.3323525528426,66.4871191320625,0.0,0
2030-05-12 18:00:00,0.0,164.0161654332645,0.0,0.0,90.87246199438515,84.55536312908454,0.0,0
2030-05-12 19:00:00,0.0,164.0161654332645,0.0,99.9999999999999,28.457917769769146,92.97484864850803,0.0,0
2030-05-12 20:00:00,0.0,164.0161654332645,0.0,99.9999999999999,0.0,93.31910417645852,0.0,0
2030-05-12 21:00:00,0.0,164.0161654332645,0.0,99.9999999999999,0.0,97.30611508707784,0.0,0
2030-05-12 22:00:00,0.0,164.0161654332645,0.0,99.9999999999999,0.0,120.03215115218492,0.0,0
2030-05-12 23:00:00,0.0,164.0161654332645,0.0,99.9999999999999,0.0,145.4250594402559,0.0,0
2030-05-13 00:00:00,0.0,164.0161654332645,0.0,99.9999999999999,0.0,162.08894773205515,0.0,0
2030-05-13 01:00:00,0.0,164.0161654332645,0.0,99.9999999999999,0.0,183.3781232781416,0.0,0
2030-05-13 02:00:00,0.0,164.0161654332645,0.0,52.1478551865348,0.0,205.51759520335025,0.0,0
2030-05-13 03:00:00,0.0,164.0161654332645,0.0,30.413416994442567,0.0,220.79485768836193,0.0,0
2030-05-13 04:00:00,0.0,164.0161654332645,0.0,20.7751103761085,0.0,215.74553036316587,0.0,0
2030-05-13 05:00:00,0.0,164.0161654332645,0.0,30.41341699444257,0.0,191.7961313060288,0.0,0
2030-05-13 06:00:00,0.0,164.0161654332645,0.0,36.04607380485885,0.0,165.07791310992545,0.0,0
2030-05-13 07:00:00,0.0,164.0161654332645,0.0,46.30716758180375,0.0,135.53990231685447,0.0,0
2030-05-13 08:00:00,0.0,164.0161654332645,0.0,53.24368424943889,21.890705976745487,106.90833258128391,0.0,0
2030-05-13 09:00:00,0.0,164.0161654332645,0.0,22.40745162068015,84.20052979709439,66.26549540162227,0.0,0
2030-05-13 10:00:00,0.0,164.0161654332645,0.0,0.0,143.901218121296,45.87611220112313,0.0,0
2030-05-13 11:00:00,0.0,164.0161654332645,0.0,0.0,191.9874078230789,22.679495081714645,0.0,0
2030-05-13 12:00:00,0.0,164.0161654332645,0.0,0.0,225.1660267546982,9.455945832115551,0.0,0
2030-05-13 13:00:00,0.0,164.0161654332645,0.0,0.0,240.47354663946408,7.7568305654072764,0.0,0
2030-05-13 14:00:00,0.0,164.0161654332645,0.0,0.0,241.66925249835603,19.50288827873831,0.0,0
2030-05-13 15:00:00,0.0,164.0161654332645,0.0,0.0,225.98308256426267,38.41477994296944,0.0,0
2030-05-13 16:00:00,0.0,164.0161654332645,0.0,0.0,195.56920063343617,62.42401740732534,0.0,0
2030-05-13 17:00:00,0.0,164.0161654332645,0.0,0.0,151.0044563903989,96.51713460671073,0.0,0
2030-05-13 18:00:00,0.0,164.0161654332645,0.0,29.04604037300271,91.53095809579372,124.07900047002315,0.0,0
2030-05-13 19:00:00,0.0,164.0161654332645,0.0,99.9999999999999,28.81290219101368,148.31060041058743,0.0,0
2030-05-13 20:00:00,0.0,164.0161654332645,0.0,99.9999999999999,0.0,179.17539860322708,0.0,0
2030-05-13 21:00:00,0.0,164.0161654332645,0.0,99.9999999999999,0.0,233.4303653065264,0.0,0
2030-05-13 22:00:00,0.0,164.0161654332645,0.0,99.9999999999999,0.0,268.7586654302318,0.0,0
2030-05-13 23:00:00,0.0,164.0161654332645,0.0,99.9999999999999,0.0,275.17984364685276,0.0,0
2030-05-14 00:00:00,0.0,164.0161654332645,0.0,93.7241978437512,0.0,272.8926867487099,0.0,0
2030-05-14 01:00:00,0.0,164.0161654332645,0.0,35.636985007674184,0.0,267.6889615579737,0.0,0
2030-05-14 02:00:00,0.0,164.0161654332645,0.0,0.0,0.0,267.23980413094836,0.0,0
2030-05-14 03:00:00,0.0,164.0161654332645,0.0,0.0,0.0,263.4064523401008,0.0,0
2030-05-14 04:00:00,0.0,164.0161654332645,0.0,0.0,0.0,250.93346879092587,0.0,0
2030-05-14 05:00:00,0.0,164.0161654332645,0.0,0.0,0.0,229.44039941283447,0.0,0
2030-05-14 06:00:00,0.0,164.0161654332645,0.0,3.784009351354257,0.0,197.77480080753747,0.0,0
2030-05-14 07:00:00,0.0,164.0161654332645,0.0,36.41260614282976,0.0,145.75232381553923,0.0,0
2030-05-14 08:00:00,0.0,164.0161654332645,0.0,99.9999999999999,21.062408993841608,62.35014283051193,0.0,0
2030-05-14 09:00:00,0.0,164.0161654332645,0.0,86.69074332152908,83.21308146533255,8.569450910354698,0.0,0
2030-05-14 10:00:00,0.0,164.0161654332645,0.0,22.881083325631376,143.05458027662783,3.8193156212529025,0.0,0
2030-05-14 11:00:00,0.0,164.0161654332645,0.0,0.0,190.61598467567097,0.8717200063981455,0.0,0
2030-05-14 12:00:00,0.0,164.0161654332645,0.0,0.0,223.96262956667923,12.63255263509186,0.0,0
2030-05-14 13:00:00,0.0,164.0161654332645,0.0,0.0,240.79539918139247,39.52289859517048,0.0,0
2030-05-14 14:00:00,0.0,164.0161654332645,0.0,0.0,240.23274887371988,74.63843993765336,0.0,0
2030-05-14 15:00:00,0.0,164.0161654332645,0.0,0.0,225.73991823571015,105.85561986169296,0.0,0
2030-05-14 16:00:00,0.0,164.0161654332645,0.0,0.0,195.82419777603016,130.32287970229197,0.0,0
2030-05-14 17:00:00,0.0,164.0161654332645,0.0,0.0,151.20620586980624,162.964361467294,0.0,0
2030-05-14 18:00:00,0.0,164.0161654332645,0.0,0.0,91.78950508260019,191.10614275859163,0.0,0
2030-05-14 19:00:00,0.0,164.0161654332645,0.0,87.04736556391651,28.8720662612211,246.8179161166512,0.0,0
2030-05-14 20:00:00,0.0,164.0161654332645,0.0,99.9999999999999,0.0,277.12126752550904,0.0,0
2030-05-14 21:00:00,0.0,164.0161654332645,0.0,99.9999999999999,0.0,281.4806063032679,0.0,0
2030-05-14 22:00:00,0.0,164.0161654332645,0.0,99.9999999999999,0.0,278.4997671288471,0.0,0
2030-05-14 23:00:00,0.0,164.0161654332645,0.0,99.9999999999999,0.0,276.69057874268685,0.0,0
2030-05-15 00:00:00,0.0,164.0161654332645,0.0,99.9999999999999,0.0,273.6846222121495,0.0,0
2030-05-15 01:00:00,0.0,164.0161654332645,0.0,40.543531487501006,0.0,269.525483537555,0.0,0
2030-05-15 02:00:00,0.0,164.0161654332645,0.0,34.65231259004497,0.0,260.8215808973999,0.0,0
2030-05-15 03:00:00,0.0,164.0161654332645,0.0,15.999826965252623,0.0,237.91676835640436,0.0,0
2030-05-15 04:00:00,0.0,164.0161654332645,0.0,34.65231259004497,0.0,191.31816279404612,0.0,0
2030-05-15 05:00:00,0.0,164.0161654332645,0.0,55.27748844086767,0.0,127.40409517239443,0.0,0
2030-05-15 06:00:00,0.0,164.0161654332645,0.0,99.9999999999999,0.0,85.73144639195392,0.0,0
2030-05-15 07:00:00,0.0,164.0161654332645,0.0,99.9999999999999,0.0,60.72490214061708,0.0,0
2030-05-15 08:00:00,0.0,164.0161654332645,0.0,99.9999999999999,22.00903411716033,38.41477994296944,0.0,0
2030-05-15 09:00:00,0.0,164.0161654332645,0.0,83.34476510757963,83.98458094083729,20.389383200499164,0.0,0
2030-05-15 10:00:00,0.0,164.0161654332645,0.0,0.0,143.92429210867687,52.00770207663555,0.0,0
2030-05-15 11:00:00,0.0,164.0161654332645,0.0,0.0,191.05498207661003,79.60724397412281,0.0,0
2030-05-15 12:00:00,0.0,164.0161654332645,0.0,0.0,222.57582376101732,107.73203411275335,0.0,0
2030-05-15 13:00:00,0.0,164.0161654332645,0.0,0.0,238.319974483914,110.6781522360719,0.0,0
2030-05-15 14:00:00,0.0,164.0161654332645,0.0,0.0,238.02652069568515,101.76518454353484,0.0,0
2030-05-15 15:00:00,0.0,164.0161654332645,0.0,0.0,224.1608292018741,104.3751733423524,0.0,0
2030-05-15 16:00:00,0.0,164.0161654332645,0.0,0.0,194.6935723943664,108.76627818814102,0.0,0
2030-05-15 17:00:00,0.0,164.0161654332645,0.0,20.15112675218711,149.95961891053585,92.0861374894428,0.0,0
2030-05-15 18:00:00,0.0,164.0161654332645,0.0,99.9999999999999,91.22330493071517,57.91766822170775,0.0,0
2030-05-15 19:00:00,0.0,164.0161654332645,0.0,99.9999999999999,28.69457405059884,30.87957310800235,0.0,0
2030-05-15 20:00:00,0.0,164.0161654332645,0.0,99.9999999999999,0.0,10.120817023436164,0.0,0
2030-05-15 21:00:00,0.0,164.0161654332645,0.0,99.9999999999999,0.0,1.3075800095972054,0.0,0
2030-05-15 22:00:00,0.0,164.0161654332645,0.0,99.9999999999999,0.0,2.2088498467207383,0.0,0
2030-05-15 23:00:00,0.0,164.0161654332645,0.0,99.9999999999999,0.0,4.476799354892201,0.0,0
2030-05-16 00:00:00,0.0,164.0161654332645,0.0,99.9999999999999,0.0,7.461332258153659,0.0,0
2030-05-16 01:00:00,0.0,164.0161654332645,0.0,99.9999999999999,0.0,25.04348153974353,0.0,0
2030-05-16 02:00:00,0.0,164.0161654332645,0.0,99.9999999999999,0.0,44.250871511228254,0.0,0
2030-05-16 03:00:00,0.0,164.0161654332645,0.0,99.9999999999999,0.0,55.55368176367889,0.0,0
2030-05-16 04:00:00,0.0,164.0161654332645,0.0,99.9999999999999,0.0,60.87265129424387,0.0,0
2030-05-16 05:00:00,0.0,164.0161654332645,0.0,99.9999999999999,0.0,50.45633596355409,0.0,0
2030-05-16 06:00:00,0.0,164.0161654332645,0.0,99.9999999999999,0.0,48.01847492871177,0.0,0
2030-05-16 07:00:00,0.0,164.0161654332645,0.0,99.9999999999999,0.0,57.99154279852115,0.0,0
2030-05-16 08:00:00,0.0,164.0161654332645,0.0,99.9999999999999,21.23990120446388,62.64564113776555,0.0,0
2030-05-16 09:00:00,0.0,164.0161654332645,0.0,65.72315333404123,77.21857787191671,55.03655972598506,0.0,0
2030-05-16 10:00:00,0.0,164.0161654332645,0.0,13.955502530614808,138.0303674346137,9.60369498574236,0.0,0
2030-05-16 11:00:00,0.0,164.0161654332645,0.0,0.0,171.30483215996898,2.881108495722692,0.0,0
2030-05-16 12:00:00,0.0,164.0161654332645,0.0,0.0,188.88366069999768,1.0046942446622733,0.0,0
2030-05-16 13:00:00,0.0,164.0161654332645,0.0,0.0,193.70020765558377,0.0601339055260862,0.0,0
2030-05-16 14:00:00,0.0,164.0161654332645,0.0,0.0,188.025190041288,10.120817023436164,0.0,0
2030-05-16 15:00:00,0.0,164.0161654332645,0.0,19.427189760466263,133.22920313728153,20.31550862368576,0.0,0
2030-05-16 16:00:00,0.0,164.0161654332645,0.0,22.76506520275564,147.0457884528204,36.71566467626117,0.0,0
2030-05-16 17:00:00,0.0,164.0161654332645,0.0,81.8360437548759,99.68258368897214,70.62409543361305,0.0,0
2030-05-16 18:00:00,0.0,164.0161654332645,0.0,99.9999999999999,67.71327835239256,60.28165467973666,0.0,0
2030-05-16 19:00:00,0.0,164.0161654332645,0.0,99.9999999999999,22.36401853840487,50.30858680992728,0.0,0
2030-05-16 20:00:00,0.0,164.0161654332645,0.0,99.9999999999999,0.0,53.70681734334383,0.0,0
2030-05-16 21:00:00,0.0,164.0161654332645,0.0,99.9999999999999,0.0,69.6637259350388,0.0,0
2030-05-16 22:00:00,0.0,164.0161654332645,0.0,99.9999999999999,0.0,46.467108815630326,0.0,0
2030-05-16 23:00:00,0.0,164.0161654332645,0.0,99.9999999999999,0.0,25.560603577437337,0.0,0
2030-05-17 00:00:00,0.0,164.0161654332645,0.0,99.9999999999999,0.0,19.05964081785791,0.0,0
2030-05-17 01:00:00,0.0,164.0161654332645,0.0,99.9999999999999,0.0,23.196617119408447,0.0,0
2030-05-17 02:00:00,0.0,164.0161654332645,0.0,99.9999999999999,0.0,32.80031210515081,0.0,0
2030-05-17 03:00:00,0.0,164.0161654332645,0.0,99.9999999999999,0.0,41.59138674594576,0.0,0
2030-05-17 04:00:00,0.0,164.0161654332645,0.0,99.9999999999999,0.0,39.153525711103455,0.0,0
2030-05-17 05:00:00,0.0,164.0161654332645,0.0,99.9999999999999,0.0,43.80762405034783,0.0,0
2030-05-17 06:00:00,0.0,164.0161654332645,0.0,99.9999999999999,0.0,49.56984104179326,0.0,0
2030-05-17 07:00:00,0.0,164.0161654332645,0.0,99.9999999999999,0.0,50.75183427080768,0.0,0
2030-05-17 08:00:00,0.0,164.0161654332645,0.0,99.9999999999999,19.287486887619018,44.176996934414845,0.0,0
2030-05-17 09:00:00,0.0,164.0161654332645,0.0,83.29483328346272,78.3746438037697,30.657949377562137,0.0,0
2030-05-17 10:00:00,0.0,164.0161654332645,0.0,19.237578598092057,135.88626153029676,11.819932290144436,0.0,0
2030-05-17 11:00:00,0.0,164.0161654332645,0.0,0.0,178.84884275211712,15.439786554001175,0.0,0
2030-05-17 12:00:00,0.0,164.0161654332645,0.0,0.0,210.14841081394871,39.89227147923751,0.0,0
2030-05-17 13:00:00,0.0,164.0161654332645,0.0,0.0,231.63620947258167,88.29489420737897,0.0,0
2030-05-17 14:00:00,0.0,164.0161654332645,0.0,0.0,229.40809058857027,92.61212447635425,0.0,0
2030-05-17 15:00:00,0.0,164.0161654332645,0.0,0.0,183.7925924586492,80.21892547013778,0.0,0
2030-05-17 16:00:00,0.0,164.0161654332645,0.0,49.48280142749337,119.26766584973448,51.85995292300874,0.0,0
2030-05-17 17:00:00,0.0,164.0161654332645,0.0,99.9999999999999,120.2261237870947,37.232786713954994,0.0,0
2030-05-17 18:00:00,0.0,164.0161654332645,0.0,99.9999999999999,83.26573748781712,40.48326809374471,0.0,0
2030-05-17 19:00:00,0.0,164.0161654332645,0.0,99.9999999999999,27.570456716657848,53.18969530565,0.0,0
2030-05-17 20:00:00,0.0,164.0161654332645,0.0,99.9999999999999,0.0,68.9249801669048,0.0,0
2030-05-17 21:00:00,0.0,164.0161654332645,0.0,99.9999999999999,0.0,93.33905031219813,0.0,0
2030-05-17 22:00:00,0.0,164.0161654332645,0.0,99.9999999999999,0.0,131.3024565908377,0.0,0
2030-05-17 23:00:00,0.0,164.0161654332645,0.0,99.9999999999999,0.0,130.6604865183292,0.0,0
2030-05-18 00:00:00,0.0,164.0161654332645,0.0,99.9999999999999,0.0,119.63101220008816,0.0,0
2030-05-18 01:00:00,0.0,164.0161654332645,0.0,99.9999999999999,0.0,98.96312184500246,0.0,0
2030-05-18 02:00:00,0.0,164.0161654332645,0.0,99.9999999999999,0.0,71.8060886626275,0.0,0
2030-05-18 03:00:00,0.0,164.0161654332645,0.0,99.9999999999999,0.0,53.41131903609018,0.0,0
2030-05-18 04:00:00,0.0,164.0161654332645,0.0,99.9999999999999,0.0,58.06541737533456,0.0,0
2030-05-18 05:00:00,0.0,164.0161654332645,0.0,99.9999999999999,0.0,65.60062421030165,0.0,0
2030-05-18 06:00:00,0.0,164.0161654332645,0.0,99.9999999999999,0.0,61.61139706237789,0.0,0
2030-05-18 07:00:00,0.0,164.0161654332645,0.0,99.02208633287817,0.0,46.467108815630326,0.0,0
2030-05-18 08:00:00,0.0,164.0161654332645,0.0,99.02208633287817,20.411604221560005,32.1354409138302,0.0,0
2030-05-18 09:00:00,0.0,164.0161654332645,0.0,72.3647236842351,72.13579260039721,20.463257777312567,0.0,0
2030-05-18 10:00:00,0.0,164.0161654332645,0.0,34.43913438911375,129.50659983983064,17.286650974336233,0.0,0
2030-05-18 11:00:00,0.0,164.0161654332645,0.0,0.0,176.40359173044445,22.901118812154856,0.0,0
2030-05-18 12:00:00,0.0,164.0161654332645,0.0,0.0,215.7405987299541,24.156986617982703,0.0,0
2030-05-18 13:00:00,0.0,164.0161654332645,0.0,0.0,230.3275002395936,13.445172980039281,0.0,0
2030-05-18 14:00:00,0.0,164.0161654332645,0.0,0.0,234.0974347932104,4.7575227467831365,0.0,0
2030-05-18 15:00:00,0.0,164.0161654332645,0.0,0.0,216.72627213960968,3.856252909659604,0.0,0
2030-05-18 16:00:00,0.0,164.0161654332645,0.0,0.0,187.23179985980647,7.609081411780467,0.0,0
2030-05-18 17:00:00,0.0,164.0161654332645,0.0,70.05553380751934,146.1997422488543,11.302810252450609,0.0,0
2030-05-18 18:00:00,0.0,164.0161654332645,0.0,99.9999999999999,89.0697327751651,24.156986617982703,0.0,0
2030-05-18 19:00:00,0.0,164.0161654332645,0.0,99.9999999999999,28.16209741873207,41.66526132275915,0.0,0
2030-05-18 20:00:00,0.0,164.0161654332645,0.0,99.9999999999999,0.0,59.83840721885624,0.0,0
2030-05-18 21:00:00,0.0,164.0161654332645,0.0,99.9999999999999,0.0,57.62216991445416,0.0,0
2030-05-18 22:00:00,0.0,164.0161654332645,0.0,99.9999999999999,0.0,53.928441073784015,0.0,0
2030-05-18 23:00:00,0.0,164.0161654332645,0.0,99.9999999999999,0.0,50.38246138674069,0.0,0
2030-05-19 00:00:00,0.0,164.0161654332645,0.0,99.9999999999999,0.0,54.962685149171655,0.0,0
2030-05-19 01:00:00,0.0,164.0161654332645,0.0,99.9999999999999,0.0,70.77184458723984,0.0,0
2030-05-19 02:00:00,0.0,164.0161654332645,0.0,99.9999999999999,0.0,85.50760642420931,0.0,0
2030-05-19 03:00:00,0.0,164.0161654332645,0.0,99.9999999999999,0.0,84.42977634850175,0.0,0
2030-05-19 04:00:00,0.0,164.0161654332645,0.0,99.9999999999999,0.0,90.02060432174007,0.0,0
2030-05-19 05:00:00,0.0,164.0161654332645,0.0,99.9999999999999,0.0,102.829717195416,0.0,0
2030-05-19 06:00:00,0.0,164.0161654332645,0.0,64.48494884845195,0.0,111.27801379979672,0.0,0
2030-05-19 07:00:00,0.0,164.0161654332645,0.0,39.59461499486565,0.0,106.97555844618417,0.0,0
2030-05-19 08:00:00,0.0,164.0161654332645,0.0,13.947562550695295,21.299065274671303,78.37279979557084,0.0,0
2030-05-19 09:00:00,0.0,164.0161654332645,0.0,0.0,78.85268949104568,56.95729872313355,0.0,0
2030-05-19 10:00:00,0.0,164.0161654332645,0.0,0.0,140.49750916226313,45.506739317056095,0.0,0
2030-05-19 11:00:00,0.0,164.0161654332645,0.0,0.0,188.9481495365238,38.710278250223055,0.0,0
2030-05-19 12:00:00,0.0,164.0161654332645,0.0,0.0,221.60553300961564,31.027322261629156,0.0,0
2030-05-19 13:00:00,0.0,164.0161654332645,0.0,0.0,238.73944774168456,29.25433241810748,0.0,0
2030-05-19 14:00:00,0.0,164.0161654332645,0.0,0.0,238.5791131114225,33.539057873284854,0.0,0
2030-05-19 15:00:00,0.0,164.0161654332645,0.0,0.0,224.3471960230275,37.60215959802199,0.0,0
2030-05-19 16:00:00,0.0,164.0161654332645,0.0,0.0,194.72492935157632,42.182383360452974,0.0,0
2030-05-19 17:00:00,0.0,164.0161654332645,0.0,0.0,149.56026143663578,42.4778816677066,0.0,0
2030-05-19 18:00:00,0.0,164.0161654332645,0.0,1.2585849386019277,90.66065462304259,34.86880025592611,0.0,0
2030-05-19 19:00:00,0.0,164.0161654332645,0.0,99.9999999999999,28.81290219101368,29.475956148547688,0.0,0
2030-05-19 20:00:00,0.0,164.0161654332645,0.0,99.9999999999999,0.0,25.486729000623928,0.0,0
2030-05-19 21:00:00,0.0,164.0161654332645,0.0,99.9999999999999,0.0,17.13890182070942,0.0,0
2030-05-19 22:00:00,0.0,164.0161654332645,0.0,99.9999999999999,0.0,3.730666129076816,0.0,0
2030-05-19 23:00:00,0.0,164.0161654332645,0.0,99.9999999999999,0.0,3.3686807026911607,0.0,0
2030-05-20 00:00:00,0.0,164.0161654332645,0.0,99.9999999999999,0.0,6.168527163919109,0.0,0
2030-05-20 01:00:00,0.0,164.0161654332645,0.0,99.9999999999999,0.0,13.001925519158881,0.0,0
2030-05-20 02:00:00,0.0,164.0161654332645,0.0,99.9999999999999,0.0,15.661410284441388,0.0,0
2030-05-20 03:00:00,0.0,164.0161654332645,0.0,99.9999999999999,0.0,12.63255263509186,0.0,0
2030-05-20 04:00:00,0.0,164.0161654332645,0.0,99.9999999999999,0.0,11.00731194519699,0.0,0
2030-05-20 05:00:00,0.0,164.0161654332645,0.0,99.9999999999999,0.0,13.7406712872929,0.0,0
2030-05-20 06:00:00,0.0,164.0161654332645,0.0,99.9999999999999,0.0,28.66333580360027,0.0,0
2030-05-20 07:00:00,0.0,164.0161654332645,0.0,99.9999999999999,0.0,52.22932580707575,0.0,0
2030-05-20 08:00:00,0.0,164.0161654332645,0.0,99.9999999999999,22.1865263277826,47.35360373739116,0.0,0
2030-05-20 09:00:00,0.0,164.0161654332645,0.0,52.30344576675969,83.85146178287059,33.83455618053847,0.0,0
2030-05-20 10:00:00,0.0,164.0161654332645,0.0,0.0,143.64799590080824,30.36245107030854,0.0,0
2030-05-20 11:00:00,0.0,164.0161654332645,0.0,0.0,192.27731176709528,27.555217151399226,0.0,0
2030-05-20 12:00:00,0.0,164.0161654332645,0.0,0.0,225.3245864628541,28.81108495722708,0.0,0
2030-05-20 13:00:00,0.0,164.0161654332645,0.0,0.0,242.51352378021596,39.670647748797286,0.0,0
2030-05-20 14:00:00,0.0,164.0161654332645,0.0,0.0,242.46678416475203,48.60947154321903,0.0,0
2030-05-20 15:00:00,0.0,164.0161654332645,0.0,0.0,227.89585695406856,62.64564113776555,0.0,0
2030-05-20 16:00:00,0.0,164.0161654332645,0.0,0.0,197.78962818832068,81.18668242639339,0.0,0
2030-05-20 17:00:00,0.0,164.0161654332645,0.0,0.0,151.61739615774775,104.27839764672684,0.0,0
2030-05-20 18:00:00,0.0,164.0161654332645,0.0,18.29739683465908,92.31843187025453,113.23790632265631,0.0,0
2030-05-20 19:00:00,0.0,164.0161654332645,0.0,99.9999999999999,29.46370696329532,102.83858214463356,0.0,0
2030-05-20 20:00:00,0.0,164.0161654332645,0.0,99.9999999999999,0.0,80.93255388215526,0.0,0
2030-05-20 21:00:00,0.0,164.0161654332645,0.0,99.9999999999999,0.0,62.35014283051193,0.0,0
2030-05-20 22:00:00,0.0,164.0161654332645,0.0,99.9999999999999,0.0,40.557142670558115,0.0,0
2030-05-20 23:00:00,0.0,164.0161654332645,0.0,99.9999999999999,0.0,46.097735931563335,0.0,0
2030-05-21 00:00:00,0.0,164.0161654332645,0.0,99.9999999999999,0.0,53.6329427665304,0.0,0
2030-05-21 01:00:00,0.0,164.0161654332645,0.0,99.9999999999999,0.0,60.42940383336344,0.0,0
2030-05-21 02:00:00,0.0,164.0161654332645,0.0,99.9999999999999,0.0,64.41863098128724,0.0,0
2030-05-21 03:00:00,0.0,164.0161654332645,0.0,99.9999999999999,0.0,58.656413989841795,0.0,0
2030-05-21 04:00:00,0.0,164.0161654332645,0.0,99.9999999999999,0.0,51.93382749982215,0.0,0
2030-05-21 05:00:00,0.0,164.0161654332645,0.0,99.9999999999999,0.0,55.332058033238674,0.0,0
2030-05-21 06:00:00,0.0,164.0161654332645,0.0,99.9999999999999,0.0,63.53213605952637,0.0,0
2030-05-21 07:00:00,0.0,164.0161654332645,0.0,99.9999999999999,0.0,69.2204784741584,0.0,0
2030-05-21 08:00:00,0.0,164.0161654332645,0.0,97.85487593069487,22.304854468197448,58.87803772028201,0.0,0
2030-05-21 09:00:00,0.0,164.0161654332645,0.0,41.452792192871016,83.71420113998937,44.02924778078804,0.0,0
2030-05-21 10:00:00,0.0,164.0161654332645,0.0,0.0,143.24035545707915,21.497501852700204,0.0,0
2030-05-21 11:00:00,0.0,164.0161654332645,0.0,0.0,191.7111116152103,16.400156052575404,0.0,0
2030-05-21 12:00:00,0.0,164.0161654332645,0.0,0.0,224.75246990394837,17.80377301203006,0.0,0
2030-05-21 13:00:00,0.0,164.0161654332645,0.0,0.0,241.6982428927577,18.61639335697748,0.0,0
2030-05-21 14:00:00,0.0,164.0161654332645,0.0,0.0,240.94212607550685,19.05964081785791,0.0,0
2030-05-21 15:00:00,0.0,164.0161654332645,0.0,0.0,226.51615083683157,24.0831120411693,0.0,0
2030-05-21 16:00:00,0.0,164.0161654332645,0.0,0.0,196.3785651138737,26.964220536892,0.0,0
2030-05-21 17:00:00,0.0,164.0161654332645,0.0,35.44438875647404,150.67313759723737,30.36245107030854,0.0,0
2030-05-21 18:00:00,0.0,164.0161654332645,0.0,99.9999999999999,91.60136333934061,37.97153248208901,0.0,0
2030-05-21 19:00:00,0.0,164.0161654332645,0.0,99.9999999999999,28.81290219101368,48.60947154321903,0.0,0
2030-05-21 20:00:00,0.0,164.0161654332645,0.0,99.9999999999999,0.0,53.41131903609018,0.0,0
2030-05-21 21:00:00,0.0,164.0161654332645,0.0,99.9999999999999,0.0,58.28704110577477,0.0,0
2030-05-21 22:00:00,0.0,164.0161654332645,0.0,99.9999999999999,0.0,71.95383781625429,0.0,0
2030-05-21 23:00:00,0.0,164.0161654332645,0.0,99.9999999999999,0.0,103.50862455633116,0.0,0
2030-05-22 00:00:00,0.0,164.0161654332645,0.0,99.9999999999999,0.0,112.08472417859907,0.0,0
2030-05-22 01:00:00,0.0,164.0161654332645,0.0,99.9999999999999,0.0,93.43582600782368,0.0,0
2030-05-22 02:00:00,0.0,164.0161654332645,0.0,99.9999999999999,0.0,72.39708527713472,0.0,0
2030-05-22 03:00:00,0.0,164.0161654332645,0.0,99.9999999999999,0.0,60.13390552610986,0.0,0
2030-05-22 04:00:00,0.0,164.0161654332645,0.0,99.9999999999999,0.0,58.508664836214976,0.0,0
2030-05-22 05:00:00,0.0,164.0161654332645,0.0,99.9999999999999,0.0,78.20732074350883,0.0,0
2030-05-22 06:00:00,0.0,164.0161654332645,0.0,99.9999999999999,0.0,85.89027673210273,0.0,0
2030-05-22 07:00:00,0.0,164.0161654332645,0.0,99.9999999999999,0.0,69.95922424229242,0.0,0
2030-05-22 08:00:00,0.0,164.0161654332645,0.0,99.9999999999999,13.844392428536347,44.10312235760144,0.0,0
2030-05-22 09:00:00,0.0,164.0161654332645,0.0,79.51314760928221,69.14919033632664,33.095810412404425,0.0,0
2030-05-22 10:00:00,0.0,164.0161654332645,0.0,35.60424096326864,85.9736769812108,30.36245107030854,0.0,0
2030-05-22 11:00:00,0.0,164.0161654332645,0.0,0.3775189617695673,110.92849015399858,20.241634046872353,0.0,0
2030-05-22 12:00:00,0.0,164.0161654332645,0.0,0.0,121.8134957907598,18.54251878016408,0.0,0
2030-05-22 13:00:00,0.0,164.0161654332645,0.0,0.0,141.42046865749887,21.497501852700204,0.0,0
2030-05-22 14:00:00,0.0,164.0161654332645,0.0,0.0,191.87972921530144,30.731823954375542,0.0,0
2030-05-22 15:00:00,0.0,164.0161654332645,0.0,0.0,187.31817940230937,42.40400709089317,0.0,0
2030-05-22 16:00:00,0.0,164.0161654332645,0.0,0.0,185.96391383526156,60.65102756380366,0.0,0
2030-05-22 17:00:00,0.0,164.0161654332645,0.0,2.10493750598738,143.73023395839658,85.58960720447217,0.0,0
2030-05-22 18:00:00,0.0,164.0161654332645,0.0,56.34561267395276,84.44901889196557,97.07341017011562,0.0,0
2030-05-22 19:00:00,0.0,164.0161654332645,0.0,99.9999999999999,27.925441137902386,93.96550672357576,0.0,0
2030-05-22 20:00:00,0.0,164.0161654332645,0.0,99.9999999999999,0.0,98.48219834994723,0.0,0
2030-05-22 21:00:00,0.0,164.0161654332645,0.0,99.9999999999999,0.0,99.85257174983585,0.0,0
2030-05-22 22:00:00,0.0,164.0161654332645,0.0,99.9999999999999,0.0,100.283260532658,0.0,0
2030-05-22 23:00:00,0.0,164.0161654332645,0.0,99.9999999999999,0.0,97.41471071499357,0.0,0
2030-05-23 00:00:00,0.0,164.0161654332645,0.0,99.9999999999999,0.0,82.65530901344383,0.0,0
2030-05-23 01:00:00,0.0,164.0161654332645,0.0,99.9999999999999,0.0,74.65986356492925,0.0,0
2030-05-23 02:00:00,0.0,164.0161654332645,0.0,99.9999999999999,0.0,72.10158696988108,0.0,0
2030-05-23 03:00:00,0.0,164.0161654332645,0.0,99.9999999999999,0.0,77.46709748383854,0.0,0
2030-05-23 04:00:00,0.0,164.0161654332645,0.0,99.9999999999999,0.0,81.70971443023228,0.0,0
2030-05-23 05:00:00,0.0,164.0161654332645,0.0,94.33744306192887,0.0,90.7394039541345,0.0,0
2030-05-23 06:00:00,0.0,164.0161654332645,0.0,94.33744306192887,0.0,106.1732805419906,0.0,0
2030-05-23 07:00:00,0.0,164.0161654332645,0.0,61.10165493633008,0.0,120.12227813589728,0.0,0
2030-05-23 08:00:00,0.0,164.0161654332645,0.0,53.19219322611684,20.29327608114516,110.59984518464968,0.0,0
2030-05-23 09:00:00,0.0,164.0161654332645,0.0,19.45936416917664,71.99261555049527,88.22471335940625,0.0,0
2030-05-23 10:00:00,0.0,164.0161654332645,0.0,0.0,135.2437397278442,61.09427502468408,0.0,0
2030-05-23 11:00:00,0.0,164.0161654332645,0.0,0.0,182.18983779673013,53.559068189717,0.0,0
2030-05-23 12:00:00,0.0,164.0161654332645,0.0,0.0,218.4349304872,41.88688505319936,0.0,0
2030-05-23 13:00:00,0.0,164.0161654332645,0.0,0.0,234.44650280743417,32.28319006745701,0.0,0
2030-05-23 14:00:00,0.0,164.0161654332645,0.0,0.0,237.507060159264,34.35167821823227,0.0,0
2030-05-23 15:00:00,0.0,164.0161654332645,0.0,0.0,214.04554811851153,47.501352891017966,0.0,0
2030-05-23 16:00:00,0.0,164.0161654332645,0.0,0.0,192.7754732382418,70.55022085679965,0.0,0
2030-05-23 17:00:00,0.0,164.0161654332645,0.0,0.0,149.35437047231395,95.97415646713219,0.0,0
2030-05-23 18:00:00,0.0,164.0161654332645,0.0,36.14307186779592,90.81980597190056,114.26919541497142,0.0,0
2030-05-23 19:00:00,0.0,164.0161654332645,0.0,99.9999999999999,29.404542893087896,120.20871139076898,0.0,0
2030-05-23 20:00:00,0.0,164.0161654332645,0.0,99.9999999999999,0.0,141.74388927764403,0.0,0
2030-05-23 21:00:00,0.0,164.0161654332645,0.0,99.9999999999999,0.0,151.9600045051695,0.0,0
2030-05-23 22:00:00,0.0,164.0161654332645,0.0,99.9999999999999,0.0,139.29790203935227,0.0,0
2030-05-23 23:00:00,0.0,164.0161654332645,0.0,99.9999999999999,0.0,148.4206735300394,0.0,0
2030-05-24 00:00:00,0.0,164.0161654332645,0.0,99.9999999999999,0.0,150.00454445691875,0.0,0
2030-05-24 01:00:00,0.0,164.0161654332645,0.0,99.9999999999999,0.0,125.8165305166744,0.0,0
2030-05-24 02:00:00,0.0,164.0161654332645,0.0,99.9999999999999,0.0,91.10138938052016,0.0,0
2030-05-24 03:00:00,0.0,164.0161654332645,0.0,99.9999999999999,0.0,84.41795641621161,0.0,0
2030-05-24 04:00:00,0.0,164.0161654332645,0.0,99.9999999999999,0.0,112.05148061903304,0.0,0
2030-05-24 05:00:00,0.0,164.0161654332645,0.0,99.9999999999999,0.0,124.2910205054776,0.0,0
2030-05-24 06:00:00,0.0,164.0161654332645,0.0,99.9999999999999,0.0,97.94439143074567,0.0,0
2030-05-24 07:00:00,0.0,164.0161654332645,0.0,99.9999999999999,0.0,81.58117266657695,0.0,0
2030-05-24 08:00:00,0.0,164.0161654332645,0.0,90.84438888813185,21.594885625708407,73.9514063732887,0.0,0
2030-05-24 09:00:00,0.0,164.0161654332645,0.0,55.15619521775864,81.12813963122302,51.268956308501515,0.0,0
2030-05-24 10:00:00,0.0,164.0161654332645,0.0,0.0,139.8898941612329,27.85071545865282,0.0,0
2030-05-24 11:00:00,0.0,164.0161654332645,0.0,0.0,185.5976882406776,15.956908591694976,0.0,0
2030-05-24 12:00:00,0.0,164.0161654332645,0.0,0.0,216.63220126797992,10.194691600249568,0.0,0
2030-05-24 13:00:00,0.0,164.0161654332645,0.0,0.0,233.1472598256792,15.661410284441388,0.0,0
2030-05-24 14:00:00,0.0,164.0161654332645,0.0,0.0,233.36439196334044,29.845329032614718,0.0,0
2030-05-24 15:00:00,0.0,164.0161654332645,0.0,0.0,219.73417346895496,40.04002063286428,0.0,0
2030-05-24 16:00:00,0.0,164.0161654332645,0.0,0.0,190.17107086771117,45.211241009802485,0.0,0
2030-05-24 17:00:00,0.0,164.0161654332645,0.0,60.166478075177736,144.89635778218482,52.08157665344896,0.0,0
2030-05-24 18:00:00,0.0,164.0161654332645,0.0,99.9999999999999,87.94679872262823,53.48519361290359,0.0,0
2030-05-24 19:00:00,0.0,164.0161654332645,0.0,99.9999999999999,28.69457405059884,48.1662240823386,0.0,0
2030-05-24 20:00:00,0.0,164.0161654332645,0.0,99.9999999999999,0.0,35.0904239863663,0.0,0
2030-05-24 21:00:00,0.0,164.0161654332645,0.0,99.9999999999999,0.0,19.798386585991928,0.0,0
2030-05-24 22:00:00,0.0,164.0161654332645,0.0,99.9999999999999,0.0,8.864949217608313,0.0,0
2030-05-24 23:00:00,0.0,164.0161654332645,0.0,99.9999999999999,0.0,3.4721051102299274,0.0,0
2030-05-25 00:00:00,0.0,164.0161654332645,0.0,99.9999999999999,0.0,7.83070514222068,0.0,0
2030-05-25 01:00:00,0.0,164.0161654332645,0.0,99.9999999999999,0.0,11.00731194519699,0.0,0
2030-05-25 02:00:00,0.0,164.0161654332645,0.0,99.9999999999999,0.0,12.337054327838242,0.0,0
2030-05-25 03:00:00,0.0,164.0161654332645,0.0,99.9999999999999,0.0,9.160447524861937,0.0,0
2030-05-25 04:00:00,0.0,164.0161654332645,0.0,99.9999999999999,0.0,4.033551894011774,0.0,0
2030-05-25 05:00:00,0.0,164.0161654332645,0.0,99.9999999999999,0.0,3.0510200223935224,0.0,0
2030-05-25 06:00:00,0.0,164.0161654332645,0.0,99.9999999999999,0.0,0.1551366113081231,0.0,0
2030-05-25 07:00:00,0.0,164.0161654332645,0.0,99.9999999999999,0.0,0.0250434815397435,0.0,0
2030-05-25 08:00:00,0.0,164.0161654332645,0.0,99.9999999999999,21.12157306404904,0.0066856492016129,0.0,0
2030-05-25 09:00:00,0.0,164.0161654332645,0.0,70.77275036538725,79.73660069994449,0.0,0.0,0
2030-05-25 10:00:00,0.0,164.0161654332645,0.0,11.589900126273562,136.63527865912272,0.0,0.0,0
2030-05-25 11:00:00,0.0,164.0161654332645,0.0,0.0,183.91624536538268,0.0116721831365176,0.0,0
2030-05-25 12:00:00,0.0,164.0161654332645,0.0,0.0,213.47579812241403,0.0333913087196514,0.0,0
2030-05-25 13:00:00,0.0,164.0161654332645,0.0,0.0,230.74460693455583,0.0183947696265372,0.0,0
2030-05-25 14:00:00,0.0,164.0161654332645,0.0,0.0,231.13272323511652,0.3405617991097836,0.0,0
2030-05-25 15:00:00,0.0,164.0161654332645,0.0,0.0,217.27117322622004,8.052328872660894,0.0,0
2030-05-25 16:00:00,0.0,164.0161654332645,0.0,0.0,187.43769082412837,21.4236272758868,0.0,0
2030-05-25 17:00:00,0.0,164.0161654332645,0.0,41.35170540049154,144.3538232583828,40.04002063286428,0.0,0
2030-05-25 18:00:00,0.0,164.0161654332645,0.0,84.93827358929377,87.11199369200153,67.0042411697563,0.0,0
2030-05-25 19:00:00,0.0,164.0161654332645,0.0,99.9999999999999,26.15051903167978,84.89444743665806,0.0,0
2030-05-25 20:00:00,0.0,164.0161654332645,0.0,99.9999999999999,0.0,74.28753569778969,0.0,0
2030-05-25 21:00:00,0.0,164.0161654332645,0.0,99.9999999999999,0.0,57.99154279852115,0.0,0
2030-05-25 22:00:00,0.0,164.0161654332645,0.0,99.9999999999999,0.0,49.93921392586026,0.0,0
2030-05-25 23:00:00,0.0,164.0161654332645,0.0,99.9999999999999,0.0,42.25625793726638,0.0,0
2030-05-26 00:00:00,0.0,164.0161654332645,0.0,99.9999999999999,0.0,36.93728840670137,0.0,0
2030-05-26 01:00:00,0.0,164.0161654332645,0.0,99.9999999999999,0.0,32.2093154906436,0.0,0
2030-05-26 02:00:00,0.0,164.0161654332645,0.0,99.9999999999999,0.0,33.982305334165275,0.0,0
2030-05-26 03:00:00,0.0,164.0161654332645,0.0,99.9999999999999,0.0,47.87072577508499,0.0,0
2030-05-26 04:00:00,0.0,164.0161654332645,0.0,99.9999999999999,0.0,66.9303665929429,0.0,0
2030-05-26 05:00:00,0.0,164.0161654332645,0.0,99.9999999999999,0.0,86.13406283558697,0.0,0
2030-05-26 06:00:00,0.0,164.0161654332645,0.0,87.93185078751173,0.0,93.15658010746903,0.0,0
2030-05-26 07:00:00,0.0,164.0161654332645,0.0,60.34369178894445,0.0,90.94994649805267,0.0,0
2030-05-26 08:00:00,0.0,164.0161654332645,0.0,40.244119141106005,17.27590850056673,73.06195646845536,0.0,0
2030-05-26 09:00:00,0.0,164.0161654332645,0.0,0.0,71.35364359225512,52.52482411432936,0.0,0
2030-05-26 10:00:00,0.0,164.0161654332645,0.0,0.0,119.89894647884766,39.52289859517048,0.0,0
2030-05-26 11:00:00,0.0,164.0161654332645,0.0,0.0,173.6524624657994,32.80031210515081,0.0,0
2030-05-26 12:00:00,0.0,164.0161654332645,0.0,0.0,212.0742012992002,29.845329032614718,0.0,0
2030-05-26 13:00:00,0.0,164.0161654332645,0.0,0.0,215.89146710898305,33.982305334165275,0.0,0
2030-05-26 14:00:00,0.0,164.0161654332645,0.0,0.0,223.57687982892693,48.4617223895922,0.0,0
2030-05-26 15:00:00,0.0,164.0161654332645,0.0,0.0,217.7356111773483,76.03836316826732,0.0,0
2030-05-26 16:00:00,0.0,164.0161654332645,0.0,0.0,189.6539768940983,102.02596179968616,0.0,0
2030-05-26 17:00:00,0.0,164.0161654332645,0.0,0.0,145.62170928292778,117.84989615311704,0.0,0
2030-05-26 18:00:00,0.0,164.0161654332645,0.0,0.0,88.08820085042397,116.03996902118865,0.0,0
2030-05-26 19:00:00,0.0,164.0161654332645,0.0,99.9999999999999,28.753738120806258,116.85037312883168,0.0,0
2030-05-26 20:00:00,0.0,164.0161654332645,0.0,99.9999999999999,0.0,126.46810428416865,0.0,0
2030-05-26 21:00:00,0.0,164.0161654332645,0.0,99.9999999999999,0.0,137.92752863946365,0.0,0
2030-05-26 22:00:00,0.0,164.0161654332645,0.0,99.9999999999999,0.0,136.87481591987267,0.0,0
2030-05-26 23:00:00,0.0,164.0161654332645,0.0,99.9999999999999,0.0,128.5919983675539,0.0,0
2030-05-27 00:00:00,0.0,164.0161654332645,0.0,99.9999999999999,0.0,103.89277235576085,0.0,0
2030-05-27 01:00:00,0.0,164.0161654332645,0.0,99.9999999999999,0.0,82.94268111724796,0.0,0
2030-05-27 02:00:00,0.0,164.0161654332645,0.0,99.9999999999999,0.0,71.36284120174707,0.0,0
2030-05-27 03:00:00,0.0,164.0161654332645,0.0,99.9999999999999,0.0,72.54483443076153,0.0,0
2030-05-27 04:00:00,0.0,164.0161654332645,0.0,99.9999999999999,0.0,89.60469045428064,0.0,0
2030-05-27 05:00:00,0.0,164.0161654332645,0.0,96.50449224704232,0.0,104.786654735203,0.0,0
2030-05-27 06:00:00,0.0,164.0161654332645,0.0,96.50449224704232,0.0,107.54513143341546,0.0,0
2030-05-27 07:00:00,0.0,164.0161654332645,0.0,78.14165393737164,0.0,106.51088735802784,0.0,0
2030-05-27 08:00:00,0.0,164.0161654332645,0.0,71.63971343270822,21.18073713425646,103.28256835128212,0.0,0
2030-05-27 09:00:00,0.0,164.0161654332645,0.0,34.009327054887194,79.82475516455358,82.35463948581327,0.0,0
2030-05-27 10:00:00,0.0,164.0161654332645,0.0,0.0,136.90151697505613,86.4783183635374,0.0,0
2030-05-27 11:00:00,0.0,164.0161654332645,0.0,0.0,183.45003249214824,74.68498092104579,0.0,0
2030-05-27 12:00:00,0.0,164.0161654332645,0.0,0.0,215.87194296581453,65.15737674942125,0.0,0
2030-05-27 13:00:00,0.0,164.0161654332645,0.0,0.0,231.62851814345473,71.14121747130687,0.0,0
2030-05-27 14:00:00,0.0,164.0161654332645,0.0,0.0,231.19721207164267,105.87113352282378,0.0,0
2030-05-27 15:00:00,0.0,164.0161654332645,0.0,0.0,218.9739151667896,155.01619574793995,0.0,0
2030-05-27 16:00:00,0.0,164.0161654332645,0.0,0.0,190.10658203118507,191.02783570716943,0.0,0
2030-05-27 17:00:00,0.0,164.0161654332645,0.0,0.0,146.29381312048406,211.51325585752605,0.0,0
2030-05-27 18:00:00,0.0,164.0161654332645,0.0,0.0,89.15019591064716,201.58303524226844,0.0,0
2030-05-27 19:00:00,0.0,164.0161654332645,0.0,99.9999999999999,29.108722542050792,210.2795504247422,0.0,0
2030-05-27 20:00:00,0.0,164.0161654332645,0.0,99.9999999999999,0.0,229.76470880504527,0.0,0
2030-05-27 21:00:00,0.0,164.0161654332645,0.0,99.9999999999999,0.0,230.41406633523513,0.0,0
2030-05-27 22:00:00,0.0,164.0161654332645,0.0,99.9999999999999,0.0,233.18953418611463,0.0,0
2030-05-27 23:00:00,0.0,164.0161654332645,0.0,99.9999999999999,0.0,227.89789824897065,0.0,0
2030-05-28 00:00:00,0.0,164.0161654332645,0.0,99.9999999999999,0.0,223.33983685958367,0.0,0
2030-05-28 01:00:00,0.0,164.0161654332645,0.0,99.9999999999999,0.0,206.71731833079988,0.0,0
2030-05-28 02:00:00,0.0,164.0161654332645,0.0,81.99391719094957,0.0,184.1567613177548,0.0,0
2030-05-28 03:00:00,0.0,164.0161654332645,0.0,77.72607651307453,0.0,169.45941426072835,0.0,0
2030-05-28 04:00:00,0.0,164.0161654332645,0.0,77.72607651307453,0.0,161.39748169308172,0.0,0
2030-05-28 05:00:00,0.0,164.0161654332645,0.0,77.72607651307453,0.0,154.2124403522101,0.0,0
2030-05-28 06:00:00,0.0,164.0161654332645,0.0,77.72607651307453,0.0,140.37720960659607,0.0,0
2030-05-28 07:00:00,0.0,164.0161654332645,0.0,81.16285663962286,0.0,109.32624748038663,0.0,0
2030-05-28 08:00:00,0.0,164.0161654332645,0.0,99.9999999999999,21.18073713425646,68.48173270602439,0.0,0
2030-05-28 09:00:00,0.0,164.0161654332645,0.0,83.5472665331183,79.74429202907149,37.45441044439521,0.0,0
2030-05-28 10:00:00,0.0,164.0161654332645,0.0,17.386299891872568,137.30915741878525,29.25433241810748,0.0,0
2030-05-28 11:00:00,0.0,164.0161654332645,0.0,0.0,183.4991386704204,18.468644203350674,0.0,0
2030-05-28 12:00:00,0.0,164.0161654332645,0.0,0.0,215.0921605204808,15.883034014881572,0.0,0
2030-05-28 13:00:00,0.0,164.0161654332645,0.0,0.0,231.7693286305484,31.76606802976317,0.0,0
2030-05-28 14:00:00,0.0,164.0161654332645,0.0,0.0,232.49290520918515,66.63486828568931,0.0,0
2030-05-28 15:00:00,0.0,164.0161654332645,0.0,0.0,218.32902680152876,102.78834743240049,0.0,0
2030-05-28 16:00:00,0.0,164.0161654332645,0.0,0.0,189.52618250245024,129.02490338768047,0.0,0
2030-05-28 17:00:00,0.0,164.0161654332645,0.0,0.0,145.78381883529613,148.26184318989056,0.0,0
2030-05-28 18:00:00,0.0,164.0161654332645,0.0,11.396427597094371,89.15019591064716,151.6504700283213,0.0,0
2030-05-28 19:00:00,0.0,164.0161654332645,0.0,99.9999999999999,29.582035103710133,140.76505113486644,0.0,0
2030-05-28 20:00:00,0.0,164.0161654332645,0.0,99.9999999999999,0.0,144.7498458081814,0.0,0
2030-05-28 21:00:00,0.0,164.0161654332645,0.0,99.9999999999999,0.0,134.16288020505263,0.0,0
2030-05-28 22:00:00,0.0,164.0161654332645,0.0,99.9999999999999,0.0,122.93911574979236,0.0,0
2030-05-28 23:00:00,0.0,164.0161654332645,0.0,99.9999999999999,0.0,86.97475551972349,0.0,0
2030-05-29 00:00:00,0.0,164.0161654332645,0.0,99.9999999999999,0.0,49.71759019542005,0.0,0
2030-05-29 01:00:00,0.0,164.0161654332645,0.0,99.9999999999999,0.0,17.360525551149635,0.0,0
2030-05-29 02:00:00,0.0,164.0161654332645,0.0,99.9999999999999,0.0,2.3122742542595045,0.0,0
2030-05-29 03:00:00,0.0,164.0161654332645,0.0,99.9999999999999,0.0,0.1440554247861125,0.0,0
2030-05-29 04:00:00,0.0,164.0161654332645,0.0,99.9999999999999,0.0,0.9086572948048478,0.0,0
2030-05-29 05:00:00,0.0,164.0161654332645,0.0,99.9999999999999,0.0,2.4304735771609254,0.0,0
2030-05-29 06:00:00,0.0,164.0161654332645,0.0,99.9999999999999,0.0,2.0093884893245466,0.0,0
2030-05-29 07:00:00,0.0,164.0161654332645,0.0,99.9999999999999,0.0,2.9845329032614583,0.0,0
2030-05-29 08:00:00,0.0,164.0161654332645,0.0,99.9999999999999,21.18073713425646,8.93882379442172,0.0,0
2030-05-29 09:00:00,0.0,164.0161654332645,0.0,93.14344579534176,78.37878528868423,7.83070514222068,0.0,0
2030-05-29 10:00:00,0.0,164.0161654332645,0.0,27.803558976572617,135.4709297574407,2.541285442381032,0.0,0
2030-05-29 11:00:00,0.0,164.0161654332645,0.0,0.0,169.89613564833033,0.1935513912510986,0.0,0
2030-05-29 12:00:00,0.0,164.0161654332645,0.0,0.0,215.64297801411183,0.22383996774461,0.0,0
2030-05-29 13:00:00,0.0,164.0161654332645,0.0,0.0,221.4741887737552,4.920046815772601,0.0,0
2030-05-29 14:00:00,0.0,164.0161654332645,0.0,0.0,227.2468271038932,15.070413669934153,0.0,0
2030-05-29 15:00:00,0.0,164.0161654332645,0.0,0.0,217.63384897659157,29.54983072536109,0.0,0
2030-05-29 16:00:00,0.0,164.0161654332645,0.0,0.0,191.50522065088848,47.42747831420456,0.0,0
2030-05-29 17:00:00,0.0,164.0161654332645,0.0,19.381771367682063,147.36172458772805,64.71412928854082,0.0,0
2030-05-29 18:00:00,0.0,164.0161654332645,0.0,80.73089583046635,89.8299910773304,73.28358019889555,0.0,0
2030-05-29 19:00:00,0.0,164.0161654332645,0.0,99.9999999999999,29.7595273143324,67.81686151470372,0.0,0
2030-05-29 20:00:00,0.0,164.0161654332645,0.0,99.9999999999999,0.0,68.18623439877075,0.0,0
2030-05-29 21:00:00,0.0,164.0161654332645,0.0,99.9999999999999,0.0,65.15737674942125,0.0,0
2030-05-29 22:00:00,0.0,164.0161654332645,0.0,99.9999999999999,0.0,62.20239367688512,0.0,0
2030-05-29 23:00:00,0.0,164.0161654332645,0.0,99.9999999999999,0.0,51.78607834619534,0.0,0
2030-05-30 00:00:00,0.0,164.0161654332645,0.0,99.9999999999999,0.0,49.34821731135305,0.0,0
2030-05-30 01:00:00,0.0,164.0161654332645,0.0,99.9999999999999,0.0,46.467108815630326,0.0,0
2030-05-30 02:00:00,0.0,164.0161654332645,0.0,99.9999999999999,0.0,39.153525711103455,0.0,0
2030-05-30 03:00:00,0.0,164.0161654332645,0.0,99.9999999999999,0.0,42.69950539814679,0.0,0
2030-05-30 04:00:00,0.0,164.0161654332645,0.0,99.9999999999999,0.0,55.55368176367889,0.0,0
2030-05-30 05:00:00,0.0,164.0161654332645,0.0,99.9999999999999,0.0,62.94113944501914,0.0,0
2030-05-30 06:00:00,0.0,164.0161654332645,0.0,99.9999999999999,0.0,65.89612251755527,0.0,0
2030-05-30 07:00:00,0.0,164.0161654332645,0.0,99.9999999999999,0.0,65.52674963348825,0.0,0
2030-05-30 08:00:00,0.0,164.0161654332645,0.0,99.9999999999999,21.41739341508615,51.34283088531491,0.0,0
2030-05-30 09:00:00,0.0,164.0161654332645,0.0,48.072163727926124,80.78912950893452,44.620244395295245,0.0,0
2030-05-30 10:00:00,0.0,164.0161654332645,0.0,0.0,137.39908680550053,42.4778816677066,0.0,0
2030-05-30 11:00:00,0.0,164.0161654332645,0.0,0.0,186.54608828610247,39.44902401835707,0.0,0
2030-05-30 12:00:00,0.0,164.0161654332645,0.0,0.0,219.25612778167897,40.04002063286428,0.0,0
2030-05-30 13:00:00,0.0,164.0161654332645,0.0,0.0,236.2095920996153,40.77876640099833,0.0,0
2030-05-30 14:00:00,0.0,164.0161654332645,0.0,0.0,235.45525020447073,43.586000319907605,0.0,0
2030-05-30 15:00:00,0.0,164.0161654332645,0.0,0.0,221.0375579356244,54.297813957851034,0.0,0
2030-05-30 16:00:00,0.0,164.0161654332645,0.0,0.0,191.4856965077201,74.00681230589875,0.0,0
2030-05-30 17:00:00,0.0,164.0161654332645,0.0,0.0,147.85160308904548,96.88502999924147,0.0,0
2030-05-30 18:00:00,0.0,164.0161654332645,0.0,46.92078795088394,90.42754818642537,102.33992875114312,0.0,0
2030-05-30 19:00:00,0.0,164.0161654332645,0.0,99.9999999999999,29.937019524954668,93.40110495672137,0.0,0
2030-05-30 20:00:00,0.0,164.0161654332645,0.0,99.9999999999999,0.0,91.99379426842609,0.0,0
2030-05-30 21:00:00,0.0,164.0161654332645,0.0,99.9999999999999,0.0,110.3309417250489,0.0,0
2030-05-30 22:00:00,0.0,164.0161654332645,0.0,99.9999999999999,0.0,105.21438853495265,0.0,0
2030-05-30 23:00:00,0.0,164.0161654332645,0.0,99.9999999999999,0.0,126.47327550454554,0.0,0
2030-05-31 00:00:00,0.0,164.0161654332645,0.0,99.9999999999999,0.0,146.53613307552948,0.0,0
2030-05-31 01:00:00,0.0,164.0161654332645,0.0,99.9999999999999,0.0,159.5676084254137,0.0,0
2030-05-31 02:00:00,0.0,164.0161654332645,0.0,99.9999999999999,0.0,159.79957459660778,0.0,0
2030-05-31 03:00:00,0.0,164.0161654332645,0.0,99.9999999999999,0.0,140.99036859414733,0.0,0
2030-05-31 04:00:00,0.0,164.0161654332645,0.0,99.9999999999999,0.0,105.0186209063971,0.0,0
2030-05-31 05:00:00,0.0,164.0161654332645,0.0,99.9999999999999,0.0,77.42868270389557,0.0,0
2030-05-31 06:00:00,0.0,164.0161654332645,0.0,99.9999999999999,0.0,48.831095273659216,0.0,0
2030-05-31 07:00:00,0.0,164.0161654332645,0.0,99.9999999999999,0.0,15.956908591694976,0.0,0
2030-05-31 08:00:00,0.0,164.0161654332645,0.0,99.9999999999999,19.16915874720417,0.319138171833886,0.0,0
2030-05-31 09:00:00,0.0,164.0161654332645,0.0,99.9999999999999,76.58197247648484,0.0200200103164321,0.0,0
2030-05-31 10:00:00,0.0,164.0161654332645,0.0,48.25473778464874,126.68447369093668,0.1322354924959782,0.0,0
2030-05-31 11:00:00,0.0,164.0161654332645,0.0,4.88161116466199,171.18354581604376,0.1270642721190347,0.0,0
2030-05-31 12:00:00,0.0,164.0161654332645,0.0,0.0,203.10788645926567,3.974452232561051,0.0,0
2030-05-31 13:00:00,0.0,164.0161654332645,0.0,6.833346053909906,138.33565403688397,39.89227147923751,0.0,0
2030-05-31 14:00:00,0.0,164.0161654332645,0.0,6.833346053909907,99.410428966018,70.10697339591923,0.0,0
2030-05-31 15:00:00,0.0,164.0161654332645,0.0,6.833346053909907,109.0198572491072,81.76142663400164,0.0,0
2030-05-31 16:00:00,0.0,164.0161654332645,0.0,6.833346053909906,117.51226788668032,75.22943655216058,0.0,0
2030-05-31 17:00:00,0.0,164.0161654332645,0.0,55.111683282539104,110.6575187124486,53.18969530565,0.0,0
2030-05-31 18:00:00,0.0,164.0161654332645,0.0,91.71318902686409,77.82441795084067,56.95729872313355,0.0,0
2030-05-31 19:00:00,0.0,164.0161654332645,0.0,99.9999999999999,25.0264016977388,66.63486828568931,0.0,0
2030-05-31 20:00:00,0.0,164.0161654332645,0.0,99.9999999999999,0.0,66.5609937088759,0.0,0
2030-05-31 21:00:00,0.0,164.0161654332645,0.0,99.9999999999999,0.0,77.86602019863093,0.0,0
2030-05-31 22:00:00,0.0,164.0161654332645,0.0,99.9999999999999,0.0,42.99500370540041,0.0,0
2030-05-31 23:00:00,0.0,164.0161654332645,0.0,99.9999999999999,0.0,55.92305464774588,0.0,0
2030-06-01 00:00:00,0.0,164.0161654332645,0.0,99.9999999999999,0.0,51.04733257806129,0.0,0
2030-06-01 01:00:00,0.0,164.0161654332645,0.0,99.9999999999999,0.0,29.032708687667263,0.0,0
2030-06-01 02:00:00,0.0,164.0161654332645,0.0,99.9999999999999,0.0,12.780301788718669,0.0,0
2030-06-01 03:00:00,0.0,164.0161654332645,0.0,99.9999999999999,0.0,6.397538352040662,0.0,0
2030-06-01 04:00:00,0.0,164.0161654332645,0.0,99.9999999999999,0.0,0.5614467837818472,0.0,0
2030-06-01 05:00:00,0.0,164.0161654332645,0.0,99.9999999999999,0.0,0.234182408498471,0.0,0
2030-06-01 06:00:00,0.0,164.0161654332645,0.0,99.9999999999999,0.0,0.5030858680992473,0.0,0
2030-06-01 07:00:00,0.0,164.0161654332645,0.0,99.9999999999999,0.0,11.893806866957844,0.0,0
2030-06-01 08:00:00,0.0,164.0161654332645,0.0,99.9999999999999,20.411604221560005,20.61100693093937,0.0,0
2030-06-01 09:00:00,0.0,164.0161654332645,0.0,99.9999999999999,77.30495741441953,18.247020472910464,0.0,0
2030-06-01 10:00:00,0.0,164.0161654332645,0.0,14.165429024143576,137.08965871831572,31.10119683844256,0.0,0
2030-06-01 11:00:00,0.0,164.0161654332645,0.0,0.0,183.75531909441847,61.46364790875111,0.0,0
2030-06-01 12:00:00,0.0,164.0161654332645,0.0,0.0,213.71245440324367,137.84922158804144,0.0,0
2030-06-01 13:00:00,0.0,164.0161654332645,0.0,0.0,222.49713554764148,194.38248024026603,0.0,0
2030-06-01 14:00:00,0.0,164.0161654332645,0.0,0.0,210.565517508911,149.0441749583445,0.0,0
2030-06-01 15:00:00,0.0,164.0161654332645,0.0,0.0,176.26041468054248,85.00821428495068,0.0,0
2030-06-01 16:00:00,0.0,164.0161654332645,0.0,0.0,163.36087245321863,59.247410604349,0.0,0
2030-06-01 17:00:00,0.0,164.0161654332645,0.0,89.23326098869893,78.29832215320212,53.2635698824634,0.0,0
2030-06-01 18:00:00,0.0,164.0161654332645,0.0,99.9999999999999,44.25472451515039,49.34821731135305,0.0,0
2030-06-01 19:00:00,0.0,164.0161654332645,0.0,99.9999999999999,21.12157306404904,46.61485796925714,0.0,0
2030-06-01 20:00:00,0.0,164.0161654332645,0.0,99.9999999999999,0.0,37.676034174835394,0.0,0
2030-06-01 21:00:00,0.0,164.0161654332645,0.0,99.9999999999999,0.0,32.06156633701679,0.0,0
2030-06-01 22:00:00,0.0,164.0161654332645,0.0,99.9999999999999,0.0,42.182383360452974,0.0,0
2030-06-01 23:00:00,0.0,164.0161654332645,0.0,99.9999999999999,0.0,51.34283088531491,0.0,0
2030-06-02 00:00:00,0.0,164.0161654332645,0.0,99.9999999999999,0.0,59.98615637248304,0.0,0
2030-06-02 01:00:00,0.0,164.0161654332645,0.0,99.9999999999999,0.0,59.616783488416026,0.0,0
2030-06-02 02:00:00,0.0,164.0161654332645,0.0,99.9999999999999,0.0,62.35014283051193,0.0,0
2030-06-02 03:00:00,0.0,164.0161654332645,0.0,99.9999999999999,0.0,69.07272932053156,0.0,0
2030-06-02 04:00:00,0.0,164.0161654332645,0.0,99.9999999999999,0.0,64.93575301898103,0.0,0
2030-06-02 05:00:00,0.0,164.0161654332645,0.0,99.9999999999999,0.0,56.2924275318129,0.0,0
2030-06-02 06:00:00,0.0,164.0161654332645,0.0,99.9999999999999,0.0,60.20778010292326,0.0,0
2030-06-02 07:00:00,0.0,164.0161654332645,0.0,99.9999999999999,0.0,60.06003094929645,0.0,0
2030-06-02 08:00:00,0.0,164.0161654332645,0.0,97.606439963498,22.127362257575175,45.28511558661589,0.0,0
2030-06-02 09:00:00,0.0,164.0161654332645,0.0,8.183914766899532,81.03584368169948,32.504813797897214,0.0,0
2030-06-02 10:00:00,0.0,164.0161654332645,0.0,0.0,137.61089417684306,40.26164436330449,0.0,0
2030-06-02 11:00:00,0.0,164.0161654332645,0.0,0.0,183.6908302578924,45.654488470682885,0.0,0
2030-06-02 12:00:00,0.0,164.0161654332645,0.0,0.0,213.51662133085716,46.467108815630326,0.0,0
2030-06-02 13:00:00,0.0,164.0161654332645,0.0,0.0,229.00459162975565,41.00039013143854,0.0,0
2030-06-02 14:00:00,0.0,164.0161654332645,0.0,0.0,227.09418380275807,22.310122197647622,0.0,0
2030-06-02 15:00:00,0.0,164.0161654332645,0.0,0.0,213.26399075107147,11.228935675637201,0.0,0
2030-06-02 16:00:00,0.0,164.0161654332645,0.0,0.0,184.90191877503833,9.086572948048529,0.0,0
2030-06-02 17:00:00,0.0,164.0161654332645,0.0,22.36481590805306,142.06121553784527,11.672183136517628,0.0,0
2030-06-02 18:00:00,0.0,164.0161654332645,0.0,97.5623032237919,87.51016788449748,17.286650974336233,0.0,0
2030-06-02 19:00:00,0.0,164.0161654332645,0.0,99.9999999999999,29.167886612258208,26.15160019194457,0.0,0
2030-06-02 20:00:00,0.0,164.0161654332645,0.0,99.9999999999999,0.0,30.36245107030854,0.0,0
2030-06-02 21:00:00,0.0,164.0161654332645,0.0,99.9999999999999,0.0,20.906505238192967,0.0,0
2030-06-02 22:00:00,0.0,164.0161654332645,0.0,99.9999999999999,0.0,18.985766241044505,0.0,0
2030-06-02 23:00:00,0.0,164.0161654332645,0.0,99.9999999999999,0.0,36.56791552263436,0.0,0
2030-06-03 00:00:00,0.0,164.0161654332645,0.0,99.9999999999999,0.0,44.54636981848187,0.0,0
2030-06-03 01:00:00,0.0,164.0161654332645,0.0,99.9999999999999,0.0,49.422091888166456,0.0,0
2030-06-03 02:00:00,0.0,164.0161654332645,0.0,99.9999999999999,0.0,48.831095273659216,0.0,0
2030-06-03 03:00:00,0.0,164.0161654332645,0.0,99.9999999999999,0.0,43.88149862716122,0.0,0
2030-06-03 04:00:00,0.0,164.0161654332645,0.0,99.9999999999999,0.0,39.89227147923751,0.0,0
2030-06-03 05:00:00,0.0,164.0161654332645,0.0,99.9999999999999,0.0,35.459796870433316,0.0,0
2030-06-03 06:00:00,0.0,164.0161654332645,0.0,99.9999999999999,0.0,27.0380951137054,0.0,0
2030-06-03 07:00:00,0.0,164.0161654332645,0.0,99.9999999999999,0.0,17.80377301203006,0.0,0
2030-06-03 08:00:00,0.0,164.0161654332645,0.0,99.9999999999999,22.1865263277826,9.455945832115551,0.0,0
2030-06-03 09:00:00,0.0,164.0161654332645,0.0,99.9999999999999,80.9985703174688,2.3122742542595045,0.0,0
2030-06-03 10:00:00,0.0,164.0161654332645,0.0,99.9999999999999,137.7481548197243,0.7387457681340177,0.0,0
2030-06-03 11:00:00,0.0,164.0161654332645,0.0,43.492446052912605,183.04416697052528,0.7187996323943932,0.0,0
2030-06-03 12:00:00,0.0,164.0161654332645,0.0,22.41155857382012,212.7054819283134,0.542978139578496,0.0,0
2030-06-03 13:00:00,0.0,164.0161654332645,0.0,22.41155857382012,228.26977387777947,0.8569450910354646,0.0,0
2030-06-03 14:00:00,0.0,164.0161654332645,0.0,20.27131361974369,228.0248346271208,1.5809159438068014,0.0,0
2030-06-03 15:00:00,0.0,164.0161654332645,0.0,22.411558573820127,213.41071764518583,2.260562050490121,0.0,0
2030-06-03 16:00:00,0.0,164.0161654332645,0.0,99.48138599859072,184.3925161305524,2.807233918909288,0.0,0
2030-06-03 17:00:00,0.0,164.0161654332645,0.0,99.9999999999999,141.28912442163843,6.242401740732513,0.0,0
2030-06-03 18:00:00,0.0,164.0161654332645,0.0,99.9999999999999,85.79559312988641,15.070413669934153,0.0,0
2030-06-03 19:00:00,0.0,164.0161654332645,0.0,99.9999999999999,28.69457405059884,36.93728840670137,0.0,0
2030-06-03 20:00:00,0.0,164.0161654332645,0.0,99.9999999999999,0.0,57.54829533764075,0.0,0
2030-06-03 21:00:00,0.0,164.0161654332645,0.0,99.9999999999999,0.0,67.89073609151713,0.0,0
2030-06-03 22:00:00,0.0,164.0161654332645,0.0,99.9999999999999,0.0,95.78873127933056,0.0,0
2030-06-03 23:00:00,0.0,164.0161654332645,0.0,99.9999999999999,0.0,96.67227121801886,0.0,0
2030-06-04 00:00:00,0.0,164.0161654332645,0.0,99.9999999999999,0.0,102.24536929282196,0.0,0
2030-06-04 01:00:00,0.0,164.0161654332645,0.0,99.9999999999999,0.0,109.96821755289508,0.0,0
2030-06-04 02:00:00,0.0,164.0161654332645,0.0,99.9999999999999,0.0,108.06299221687745,0.0,0
2030-06-04 03:00:00,0.0,164.0161654332645,0.0,99.9999999999999,0.0,97.72867766645052,0.0,0
2030-06-04 04:00:00,0.0,164.0161654332645,0.0,99.9999999999999,0.0,84.99417811535616,0.0,0
2030-06-04 05:00:00,0.0,164.0161654332645,0.0,99.9999999999999,0.0,70.99346831768007,0.0,0
2030-06-04 06:00:00,0.0,164.0161654332645,0.0,99.9999999999999,0.0,53.18969530565,0.0,0
2030-06-04 07:00:00,0.0,164.0161654332645,0.0,99.9999999999999,0.0,43.14275285902722,0.0,0
2030-06-04 08:00:00,0.0,164.0161654332645,0.0,99.9999999999999,22.304854468197448,29.623705302174496,0.0,0
2030-06-04 09:00:00,0.0,164.0161654332645,0.0,99.9999999999999,81.31391481167434,14.774915362680535,0.0,0
2030-06-04 10:00:00,0.0,164.0161654332645,0.0,99.9999999999999,138.85333965119892,1.5439786554000992,0.0,0
2030-06-04 11:00:00,0.0,164.0161654332645,0.0,70.27583967871556,185.27228585453676,0.5961678348841523,0.0,0
2030-06-04 12:00:00,0.0,164.0161654332645,0.0,37.27104596483349,216.11096580945255,0.6885110559009078,0.0,0
2030-06-04 13:00:00,0.0,164.0161654332645,0.0,16.35862137703515,231.46759187249052,1.4331667901799927,0.0,0
2030-06-04 14:00:00,0.0,164.0161654332645,0.0,0.3643760019859314,230.5097255758324,3.8045407058902208,0.0,0
2030-06-04 15:00:00,0.0,164.0161654332645,0.0,40.11669047064515,215.68971762957568,4.033551894011774,0.0,0
2030-06-04 16:00:00,0.0,164.0161654332645,0.0,99.9999999999999,184.46706285901377,3.0066952763054795,0.0,0
2030-06-04 17:00:00,0.0,164.0161654332645,0.0,99.9999999999999,143.2894616353513,6.2941139445018965,0.0,0
2030-06-04 18:00:00,0.0,164.0161654332645,0.0,99.9999999999999,87.4865022564145,16.326281475762,0.0,0
2030-06-04 19:00:00,0.0,164.0161654332645,0.0,99.9999999999999,28.931230331428523,43.36437658946743,0.0,0
2030-06-04 20:00:00,0.0,164.0161654332645,0.0,99.9999999999999,0.0,84.6115078074627,0.0,0
2030-06-04 21:00:00,0.0,164.0161654332645,0.0,99.9999999999999,0.0,101.81763549307234,0.0,0
2030-06-04 22:00:00,0.0,164.0161654332645,0.0,99.9999999999999,0.0,99.29260245759023,0.0,0
2030-06-04 23:00:00,0.0,164.0161654332645,0.0,99.9999999999999,0.0,81.74591297287085,0.0,0
2030-06-05 00:00:00,0.0,164.0161654332645,0.0,99.9999999999999,0.0,79.46244980356856,0.0,0
2030-06-05 01:00:00,0.0,164.0161654332645,0.0,99.9999999999999,0.0,91.22032744918972,0.0,0
2030-06-05 02:00:00,0.0,164.0161654332645,0.0,99.9999999999999,0.0,91.55941175676327,0.0,0
2030-06-05 03:00:00,0.0,164.0161654332645,0.0,99.9999999999999,0.0,78.35580864290378,0.0,0
2030-06-05 04:00:00,0.0,164.0161654332645,0.0,99.9999999999999,0.0,94.81801934000244,0.0,0
2030-06-05 05:00:00,0.0,164.0161654332645,0.0,99.9999999999999,0.0,111.69909888763311,0.0,0
2030-06-05 06:00:00,0.0,164.0161654332645,0.0,99.9999999999999,0.0,99.86069795328531,0.0,0
2030-06-05 07:00:00,0.0,164.0161654332645,0.0,99.9999999999999,0.0,68.99885474371817,0.0,0
2030-06-05 08:00:00,0.0,164.0161654332645,0.0,99.9999999999999,15.205166043307022,46.910356276510754,0.0,0
2030-06-05 09:00:00,0.0,164.0161654332645,0.0,99.9999999999999,51.41357701024826,59.32128518116243,0.0,0
2030-06-05 10:00:00,0.0,164.0161654332645,0.0,99.9999999999999,68.47708649877035,28.589461226786863,0.0,0
2030-06-05 11:00:00,0.0,164.0161654332645,0.0,99.9999999999999,113.58140706209932,20.906505238192967,0.0,0
2030-06-05 12:00:00,0.0,164.0161654332645,0.0,99.9999999999999,144.6928333806713,17.43440012796304,0.0,0
2030-06-05 13:00:00,0.0,164.0161654332645,0.0,99.9999999999999,153.94964380532429,20.906505238192967,0.0,0
2030-06-05 14:00:00,0.0,164.0161654332645,0.0,29.778908351112705,188.30148624915668,29.10658326448067,0.0,0
2030-06-05 15:00:00,0.0,164.0161654332645,0.0,39.71037299014813,197.79731951744765,31.47056972250956,0.0,0
2030-06-05 16:00:00,0.0,164.0161654332645,0.0,99.9999999999999,158.85612014762563,26.07772561513117,0.0,0
2030-06-05 17:00:00,0.0,164.0161654332645,0.0,99.9999999999999,105.53923499880467,20.167759470058954,0.0,0
2030-06-05 18:00:00,0.0,164.0161654332645,0.0,99.9999999999999,52.241873993152154,18.61639335697748,0.0,0
2030-06-05 19:00:00,0.0,164.0161654332645,0.0,99.9999999999999,16.98008814952962,25.117356116556937,0.0,0
2030-06-05 20:00:00,0.0,164.0161654332645,0.0,99.9999999999999,0.0,31.618318876136367,0.0,0
2030-06-05 21:00:00,0.0,164.0161654332645,0.0,99.9999999999999,0.0,25.85610188469096,0.0,0
2030-06-05 22:00:00,0.0,164.0161654332645,0.0,99.9999999999999,0.0,38.48865451978285,0.0,0
2030-06-05 23:00:00,0.0,164.0161654332645,0.0,99.9999999999999,0.0,27.481342574585828,0.0,0
2030-06-06 00:00:00,0.0,164.0161654332645,0.0,99.9999999999999,0.0,15.21816282356096,0.0,0
2030-06-06 01:00:00,0.0,164.0161654332645,0.0,99.9999999999999,0.0,9.529820408928957,0.0,0
2030-06-06 02:00:00,0.0,164.0161654332645,0.0,99.9999999999999,0.0,10.04694244662276,0.0,0
2030-06-06 03:00:00,0.0,164.0161654332645,0.0,99.9999999999999,0.0,12.854176365532073,0.0,0
2030-06-06 04:00:00,0.0,164.0161654332645,0.0,99.9999999999999,0.0,14.70104078586713,0.0,0
2030-06-06 05:00:00,0.0,164.0161654332645,0.0,99.9999999999999,0.0,16.843403513455833,0.0,0
2030-06-06 06:00:00,0.0,164.0161654332645,0.0,99.9999999999999,0.0,17.360525551149635,0.0,0
2030-06-06 07:00:00,0.0,164.0161654332645,0.0,99.9999999999999,0.0,17.80377301203006,0.0,0
2030-06-06 08:00:00,0.0,164.0161654332645,0.0,99.9999999999999,19.524143168448703,15.21816282356096,0.0,0
2030-06-06 09:00:00,0.0,164.0161654332645,0.0,99.9999999999999,70.59161036798355,17.06502724389602,0.0,0
2030-06-06 10:00:00,0.0,164.0161654332645,0.0,99.9999999999999,117.4826858515766,7.904579719034085,0.0,0
2030-06-06 11:00:00,0.0,164.0161654332645,0.0,96.83063421912753,165.09497135099815,13.445172980039281,0.0,0
2030-06-06 12:00:00,0.0,164.0161654332645,0.0,42.589226840276474,205.07686671576863,22.23624762083422,0.0,0
2030-06-06 13:00:00,0.0,164.0161654332645,0.0,8.396278294846525,221.32923680174696,33.02193583559102,0.0,0
2030-06-06 14:00:00,0.0,164.0161654332645,0.0,0.0,222.7657404263832,46.98423085332416,0.0,0
2030-06-06 15:00:00,0.0,164.0161654332645,0.0,0.0,208.34331503192033,67.96461066833055,0.0,0
2030-06-06 16:00:00,0.0,164.0161654332645,0.0,57.62552945499158,175.14753851994092,83.4989566806529,0.0,0
2030-06-06 17:00:00,0.0,164.0161654332645,0.0,99.9999999999999,124.17828367695036,69.146603897345,0.0,0
2030-06-06 18:00:00,0.0,164.0161654332645,0.0,99.9999999999999,62.75947075392524,47.944600351898394,0.0,0
2030-06-06 19:00:00,0.0,164.0161654332645,0.0,99.9999999999999,25.322222048775878,47.944600351898394,0.0,0
2030-06-06 20:00:00,0.0,164.0161654332645,0.0,99.9999999999999,0.0,35.829169754500334,0.0,0
2030-06-06 21:00:00,0.0,164.0161654332645,0.0,99.9999999999999,0.0,28.66333580360027,0.0,0
2030-06-06 22:00:00,0.0,164.0161654332645,0.0,99.9999999999999,0.0,38.56252909659624,0.0,0
2030-06-06 23:00:00,0.0,164.0161654332645,0.0,99.9999999999999,0.0,36.86341382988797,0.0,0
2030-06-07 00:00:00,0.0,164.0161654332645,0.0,99.9999999999999,0.0,37.158912137141584,0.0,0
2030-06-07 01:00:00,0.0,164.0161654332645,0.0,99.9999999999999,0.0,40.04002063286428,0.0,0
2030-06-07 02:00:00,0.0,164.0161654332645,0.0,99.9999999999999,0.0,40.18776978649109,0.0,0
2030-06-07 03:00:00,0.0,164.0161654332645,0.0,99.9999999999999,0.0,38.19315621252922,0.0,0
2030-06-07 04:00:00,0.0,164.0161654332645,0.0,99.9999999999999,0.0,36.27241721538076,0.0,0
2030-06-07 05:00:00,0.0,164.0161654332645,0.0,99.9999999999999,0.0,26.15160019194457,0.0,0
2030-06-07 06:00:00,0.0,164.0161654332645,0.0,99.9999999999999,0.0,19.872261162805334,0.0,0
2030-06-07 07:00:00,0.0,164.0161654332645,0.0,99.9999999999999,0.0,20.31550862368576,0.0,0
2030-06-07 08:00:00,0.0,164.0161654332645,0.0,99.9999999999999,17.86754920264092,23.196617119408447,0.0,0
2030-06-07 09:00:00,0.0,164.0161654332645,0.0,99.9999999999999,61.99152112263294,33.02193583559102,0.0,0
2030-06-07 10:00:00,0.0,164.0161654332645,0.0,99.9999999999999,127.0234838132252,12.706427211905266,0.0,0
2030-06-07 11:00:00,0.0,164.0161654332645,0.0,91.84422684492243,176.51541182313647,9.677569562555764,0.0,0
2030-06-07 12:00:00,0.0,164.0161654332645,0.0,51.6476339522323,208.3634308157908,13.001925519158881,0.0,0
2030-06-07 13:00:00,0.0,164.0161654332645,0.0,24.70215639550514,223.6608928086214,19.798386585991928,0.0,0
2030-06-07 14:00:00,0.0,164.0161654332645,0.0,1.2948627788903764,223.06156077742028,29.697579878987906,0.0,0
2030-06-07 15:00:00,0.0,164.0161654332645,0.0,23.600120370355228,209.77390224953567,39.96614605605088,0.0,0
2030-06-07 16:00:00,0.0,164.0161654332645,0.0,84.67118066718852,182.491574554788,47.42747831420456,0.0,0
2030-06-07 17:00:00,0.0,164.0161654332645,0.0,99.9999999999999,137.9516792212378,55.584709085940496,0.0,0
2030-06-07 18:00:00,0.0,164.0161654332645,0.0,99.9999999999999,83.84968686076438,59.02578687390881,0.0,0
2030-06-07 19:00:00,0.0,164.0161654332645,0.0,99.9999999999999,28.221261488939493,56.809549569506736,0.0,0
2030-06-07 20:00:00,0.0,164.0161654332645,0.0,99.9999999999999,0.0,51.71220376938194,0.0,0
2030-06-07 21:00:00,0.0,164.0161654332645,0.0,99.9999999999999,0.0,44.69411897210868,0.0,0
2030-06-07 22:00:00,0.0,164.0161654332645,0.0,99.9999999999999,0.0,34.94267483273951,0.0,0
2030-06-07 23:00:00,0.0,164.0161654332645,0.0,99.9999999999999,0.0,46.39323423881692,0.0,0
2030-06-08 00:00:00,0.0,164.0161654332645,0.0,99.9999999999999,0.0,61.3897733319377,0.0,0
2030-06-08 01:00:00,0.0,164.0161654332645,0.0,99.9999999999999,0.0,70.55022085679965,0.0,0
2030-06-08 02:00:00,0.0,164.0161654332645,0.0,99.9999999999999,0.0,73.20970562208214,0.0,0
2030-06-08 03:00:00,0.0,164.0161654332645,0.0,99.9999999999999,0.0,71.6583395090007,0.0,0
2030-06-08 04:00:00,0.0,164.0161654332645,0.0,99.9999999999999,0.0,76.20236472879309,0.0,0
2030-06-08 05:00:00,0.0,164.0161654332645,0.0,99.9999999999999,0.0,91.18856138115997,0.0,0
2030-06-08 06:00:00,0.0,164.0161654332645,0.0,99.9999999999999,0.0,95.79020877086685,0.0,0
2030-06-08 07:00:00,0.0,164.0161654332645,0.0,99.9999999999999,0.0,93.5392504153624,0.0,0
2030-06-08 08:00:00,0.0,164.0161654332645,0.0,99.9999999999999,21.12157306404904,75.04401136435892,0.0,0
2030-06-08 09:00:00,0.0,164.0161654332645,0.0,99.9999999999999,78.20602620367855,63.75375978996659,0.0,0
2030-06-08 10:00:00,0.0,164.0161654332645,0.0,74.09902555349834,131.35784359662085,60.72490214061708,0.0,0
2030-06-08 11:00:00,0.0,164.0161654332645,0.0,11.247573861832109,179.35824539660302,60.87265129424387,0.0,0
2030-06-08 12:00:00,0.0,164.0161654332645,0.0,0.0,210.64775556649937,61.16814960149749,0.0,0
2030-06-08 13:00:00,0.0,164.0161654332645,0.0,0.0,226.7687814166173,60.42940383336344,0.0,0
2030-06-08 14:00:00,0.0,164.0161654332645,0.0,0.0,226.63980374356504,64.64025471172741,0.0,0
2030-06-08 15:00:00,0.0,164.0161654332645,0.0,0.0,212.03515301286336,81.94980680487582,0.0,0
2030-06-08 16:00:00,0.0,164.0161654332645,0.0,0.0,184.707860624758,108.3791754056388,0.0,0
2030-06-08 17:00:00,0.0,164.0161654332645,0.0,15.131165116910893,143.51310182073533,142.01944144915802,0.0,0
2030-06-08 18:00:00,0.0,164.0161654332645,0.0,65.40637168779085,89.11114762431028,159.90669273298724,0.0,0
2030-06-08 19:00:00,0.0,164.0161654332645,0.0,99.9999999999999,30.35116801640662,176.5122201091039,0.0,0
2030-06-08 20:00:00,0.0,164.0161654332645,0.0,99.9999999999999,0.0,205.63653327201985,0.0,0
2030-06-08 21:00:00,0.0,164.0161654332645,0.0,99.9999999999999,0.0,222.40089098828528,0.0,0
2030-06-08 22:00:00,0.0,164.0161654332645,0.0,99.9999999999999,0.0,244.44358721786847,0.0,0
2030-06-08 23:00:00,0.0,164.0161654332645,0.0,99.9999999999999,0.0,242.27980086300383,0.0,0
2030-06-09 00:00:00,0.0,164.0161654332645,0.0,99.9999999999999,0.0,231.3936432237808,0.0,0
2030-06-09 01:00:00,0.0,164.0161654332645,0.0,99.9999999999999,0.0,216.6194666068684,0.0,0
2030-06-09 02:00:00,0.0,164.0161654332645,0.0,99.9999999999999,0.0,187.44196374864688,0.0,0
2030-06-09 03:00:00,0.0,164.0161654332645,0.0,99.9999999999999,0.0,154.42076665882396,0.0,0
2030-06-09 04:00:00,0.0,164.0161654332645,0.0,99.9999999999999,0.0,119.06808792477004,0.0,0
2030-06-09 05:00:00,0.0,164.0161654332645,0.0,99.9999999999999,0.0,67.81686151470372,0.0,0
2030-06-09 06:00:00,0.0,164.0161654332645,0.0,99.9999999999999,0.0,19.13351539467132,0.0,0
2030-06-09 07:00:00,0.0,164.0161654332645,0.0,99.9999999999999,0.0,2.1793000159953766,0.0,0
2030-06-09 08:00:00,0.0,164.0161654332645,0.0,99.9999999999999,21.53572155550099,0.8938823794421668,0.0,0
2030-06-09 09:00:00,0.0,164.0161654332645,0.0,99.9999999999999,79.08579592766289,0.930819667848869,0.0,0
2030-06-09 10:00:00,0.0,164.0161654332645,0.0,19.84373884950037,136.0744032735564,0.2792459003546373,0.0,0
2030-06-09 11:00:00,0.0,164.0161654332645,0.0,0.0,182.51701510497725,1.11550610988238,0.0,0
2030-06-09 12:00:00,0.0,164.0161654332645,0.0,0.0,213.65979838075913,5.252482411432921,0.0,0
2030-06-09 13:00:00,0.0,164.0161654332645,0.0,0.0,230.1115513833365,8.864949217608313,0.0,0
2030-06-09 14:00:00,0.0,164.0161654332645,0.0,0.0,230.88364249954327,13.371298403225879,0.0,0
2030-06-09 15:00:00,0.0,164.0161654332645,0.0,0.0,216.0364190809912,22.97499338896824,0.0,0
2030-06-09 16:00:00,0.0,164.0161654332645,0.0,0.0,187.5844177182428,35.60754602406012,0.0,0
2030-06-09 17:00:00,0.0,164.0161654332645,0.0,3.932813788066937,143.91245929463543,48.60947154321903,0.0,0
2030-06-09 18:00:00,0.0,164.0161654332645,0.0,89.07561009566318,88.58399575876217,53.48519361290359,0.0,0
2030-06-09 19:00:00,0.0,164.0161654332645,0.0,99.9999999999999,30.17367580578436,47.79685119827159,0.0,0
2030-06-09 20:00:00,0.0,164.0161654332645,0.0,99.9999999999999,0.0,40.409393516931296,0.0,0
2030-06-09 21:00:00,0.0,164.0161654332645,0.0,99.9999999999999,0.0,32.57868837471062,0.0,0
2030-06-09 22:00:00,0.0,164.0161654332645,0.0,99.9999999999999,0.0,22.45787135127443,0.0,0
2030-06-09 23:00:00,0.0,164.0161654332645,0.0,99.9999999999999,0.0,21.64525100632701,0.0,0
2030-06-10 00:00:00,0.0,164.0161654332645,0.0,99.9999999999999,0.0,24.156986617982703,0.0,0
2030-06-10 01:00:00,0.0,164.0161654332645,0.0,99.9999999999999,0.0,24.304735771609515,0.0,0
2030-06-10 02:00:00,0.0,164.0161654332645,0.0,99.9999999999999,0.0,22.310122197647622,0.0,0
2030-06-10 03:00:00,0.0,164.0161654332645,0.0,99.9999999999999,0.0,20.31550862368576,0.0,0
2030-06-10 04:00:00,0.0,164.0161654332645,0.0,99.9999999999999,0.0,18.09927131928368,0.0,0
2030-06-10 05:00:00,0.0,164.0161654332645,0.0,99.9999999999999,0.0,17.80377301203006,0.0,0
2030-06-10 06:00:00,0.0,164.0161654332645,0.0,99.9999999999999,0.0,21.866874736767222,0.0,0
2030-06-10 07:00:00,0.0,164.0161654332645,0.0,99.9999999999999,0.0,26.742596806451782,0.0,0
2030-06-10 08:00:00,0.0,164.0161654332645,0.0,99.9999999999999,20.82575271301196,21.12812896863318,0.0,0
2030-06-10 09:00:00,0.0,164.0161654332645,0.0,99.9999999999999,77.13042340730765,18.025396742470274,0.0,0
2030-06-10 10:00:00,0.0,164.0161654332645,0.0,100.0,134.33261304664995,11.672183136517628,0.0,0
2030-06-10 11:00:00,0.0,164.0161654332645,0.0,62.55520869686319,182.75012154159444,8.93882379442172,0.0,0
2030-06-10 12:00:00,0.0,164.0161654332645,0.0,22.526719732559627,214.52359380578747,12.780301788718669,0.0,0
2030-06-10 13:00:00,0.0,164.0161654332645,0.0,0.0,231.05640158454895,20.389383200499164,0.0,0
2030-06-10 14:00:00,0.0,164.0161654332645,0.0,0.0,230.32335875467905,27.259718844145613,0.0,0
2030-06-10 15:00:00,0.0,164.0161654332645,0.0,9.336810993455629,215.9855379806128,38.93190198066324,0.0,0
2030-06-10 16:00:00,0.0,164.0161654332645,0.0,61.70561957990668,188.14706802591533,55.701430917305665,0.0,0
2030-06-10 17:00:00,0.0,164.0161654332645,0.0,99.9999999999999,145.0667503043822,75.87657784504599,0.0,0
2030-06-10 18:00:00,0.0,164.0161654332645,0.0,99.9999999999999,89.45193266870501,80.2107992666883,0.0,0
2030-06-10 19:00:00,0.0,164.0161654332645,0.0,99.9999999999999,30.58782429723631,54.962685149171655,0.0,0
2030-06-10 20:00:00,0.0,164.0161654332645,0.0,99.9999999999999,0.0,28.81108495722708,0.0,0
2030-06-10 21:00:00,0.0,164.0161654332645,0.0,99.9999999999999,0.0,18.764142510604287,0.0,0
2030-06-10 22:00:00,0.0,164.0161654332645,0.0,99.9999999999999,0.0,14.479417055426916,0.0,0
2030-06-10 23:00:00,0.0,164.0161654332645,0.0,99.9999999999999,0.0,17.656023858403252,0.0,0
2030-06-11 00:00:00,0.0,164.0161654332645,0.0,99.9999999999999,0.0,24.230861194796084,0.0,0
2030-06-11 01:00:00,0.0,164.0161654332645,0.0,99.9999999999999,0.0,30.953447684815757,0.0,0
2030-06-11 02:00:00,0.0,164.0161654332645,0.0,99.9999999999999,0.0,32.87418668196421,0.0,0
2030-06-11 03:00:00,0.0,164.0161654332645,0.0,99.9999999999999,0.0,37.7499087516488,0.0,0
2030-06-11 04:00:00,0.0,164.0161654332645,0.0,99.9999999999999,0.0,35.68142060087353,0.0,0
2030-06-11 05:00:00,0.0,164.0161654332645,0.0,99.9999999999999,0.0,41.29588843869213,0.0,0
2030-06-11 06:00:00,0.0,164.0161654332645,0.0,99.9999999999999,0.0,46.097735931563335,0.0,0
2030-06-11 07:00:00,0.0,164.0161654332645,0.0,99.9999999999999,0.0,46.245485085190154,0.0,0
2030-06-11 08:00:00,0.0,164.0161654332645,0.0,99.9999999999999,17.808385132433497,50.30858680992728,0.0,0
2030-06-11 09:00:00,0.0,164.0161654332645,0.0,99.9999999999999,66.35901278534472,45.28511558661589,0.0,0
2030-06-11 10:00:00,0.0,164.0161654332645,0.0,99.9999999999999,114.43573623589448,48.5355969664056,0.0,0
2030-06-11 11:00:00,0.0,164.0161654332645,0.0,37.16787288186595,171.6006525110061,45.4328647402427,0.0,0
2030-06-11 12:00:00,0.0,164.0161654332645,0.0,0.0,211.54172466733343,50.9734580012479,0.0,0
2030-06-11 13:00:00,0.0,164.0161654332645,0.0,0.0,229.26728010147656,55.332058033238674,0.0,0
2030-06-11 14:00:00,0.0,164.0161654332645,0.0,0.0,229.80212329615165,57.69604449126756,0.0,0
2030-06-11 15:00:00,0.0,164.0161654332645,0.0,0.0,214.43958082609288,72.69258358438833,0.0,0
2030-06-11 16:00:00,0.0,164.0161654332645,0.0,25.514594348841285,188.0506305914772,90.5421588340427,0.0,0
2030-06-11 17:00:00,0.0,164.0161654332645,0.0,62.72047004966213,145.00817787487685,106.3454083059658,0.0,0
2030-06-11 18:00:00,0.0,164.0161654332645,0.0,99.9999999999999,88.38224627935486,99.6132181209604,0.0,0
2030-06-11 19:00:00,0.0,164.0161654332645,0.0,99.9999999999999,30.410332086614044,70.91959374086665,0.0,0
2030-06-11 20:00:00,0.0,164.0161654332645,0.0,99.9999999999999,0.0,47.72297662145817,0.0,0
2030-06-11 21:00:00,0.0,164.0161654332645,0.0,99.9999999999999,0.0,39.744522325610696,0.0,0
2030-06-11 22:00:00,0.0,164.0161654332645,0.0,99.9999999999999,0.0,35.53367144724672,0.0,0
2030-06-11 23:00:00,0.0,164.0161654332645,0.0,99.9999999999999,0.0,26.003851038317762,0.0,0
2030-06-12 00:00:00,0.0,164.0161654332645,0.0,99.9999999999999,0.0,10.711813637943399,0.0,0
2030-06-12 01:00:00,0.0,164.0161654332645,0.0,99.99999999999987,0.0,5.680954956950665,0.0,0
2030-06-12 02:00:00,0.0,164.0161654332645,0.0,99.9999999999999,0.0,26.373223922384785,0.0,0
2030-06-12 03:00:00,0.0,164.0161654332645,0.0,99.9999999999999,0.0,36.05079348494055,0.0,0
2030-06-12 04:00:00,0.0,164.0161654332645,0.0,99.99999999999987,0.0,27.0380951137054,0.0,0
2030-06-12 05:00:00,0.0,164.0161654332645,0.0,99.9999999999999,0.0,19.28126454829812,0.0,0
2030-06-12 06:00:00,0.0,164.0161654332645,0.0,99.9999999999999,0.0,4.233013251407966,0.0,0
2030-06-12 07:00:00,0.0,164.0161654332645,0.0,99.9999999999999,0.0,0.0267425968064347,0.0,0
2030-06-12 08:00:00,0.0,164.0161654332645,0.0,99.9999999999999,8.223805758831409,0.00501608376563,0.0,0
2030-06-12 09:00:00,0.0,164.0161654332645,0.0,99.9999999999999,30.055347665369506,0.016695654359829,0.0,0
2030-06-12 10:00:00,0.0,164.0161654332645,0.0,99.9999999999999,61.9968458889516,0.3545979687043149,0.0,0
2030-06-12 11:00:00,0.0,164.0161654332645,0.0,99.9999999999999,107.1579639596797,0.5415006480422228,0.0,0
2030-06-12 12:00:00,0.0,164.0161654332645,0.0,92.76062512046845,178.696199450982,1.1081186522010391,0.0,0
2030-06-12 13:00:00,0.0,164.0161654332645,0.0,89.85209101625038,176.00778410075682,7.32835801988953,0.0,0
2030-06-12 14:00:00,0.0,164.0161654332645,0.0,99.9999999999999,139.26098009492804,18.32089504972387,0.0,0
2030-06-12 15:00:00,0.0,164.0161654332645,0.0,80.38172345487237,173.56194143838206,29.771454455801308,0.0,0
2030-06-12 16:00:00,0.0,164.0161654332645,0.0,99.9999999999999,174.80261199063165,39.079651134290046,0.0,0
2030-06-12 17:00:00,0.0,164.0161654332645,0.0,99.9999999999999,135.15972674814967,46.39323423881692,0.0,0
2030-06-12 18:00:00,0.0,164.0161654332645,0.0,99.9999999999999,81.48253241176549,51.04733257806129,0.0,0
2030-06-12 19:00:00,0.0,164.0161654332645,0.0,99.9999999999999,29.34537882288048,47.13198000695097,0.0,0
2030-06-12 20:00:00,0.0,164.0161654332645,0.0,99.9999999999999,0.0,33.76068160372507,0.0,0
2030-06-12 21:00:00,0.0,164.0161654332645,0.0,99.9999999999999,0.0,20.241634046872353,0.0,0
2030-06-12 22:00:00,0.0,164.0161654332645,0.0,99.9999999999999,0.0,5.008696307948686,0.0,0
2030-06-12 23:00:00,0.0,164.0161654332645,0.0,99.9999999999999,0.0,2.836783749634649,0.0,0
2030-06-13 00:00:00,0.0,164.0161654332645,0.0,99.9999999999999,0.0,0.1455329163223858,0.0,0
2030-06-13 01:00:00,0.0,164.0161654332645,0.0,99.9999999999999,0.0,0.3206156633701593,0.0,0
2030-06-13 02:00:00,0.0,164.0161654332645,0.0,99.9999999999999,0.0,3.5459796870433316,0.0,0
2030-06-13 03:00:00,0.0,164.0161654332645,0.0,99.9999999999999,0.0,3.058407480074863,0.0,0
2030-06-13 04:00:00,0.0,164.0161654332645,0.0,99.9999999999999,0.0,4.883109527365924,0.0,0
2030-06-13 05:00:00,0.0,164.0161654332645,0.0,99.9999999999999,0.0,8.864949217608313,0.0,0
2030-06-13 06:00:00,0.0,164.0161654332645,0.0,99.9999999999999,0.0,33.83455618053847,0.0,0
2030-06-13 07:00:00,0.0,164.0161654332645,0.0,99.9999999999999,0.0,47.944600351898394,0.0,0
2030-06-13 08:00:00,0.0,164.0161654332645,0.0,99.9999999999999,8.342133899246257,34.13005448779206,0.0,0
2030-06-13 09:00:00,0.0,164.0161654332645,0.0,99.9999999999999,39.22577854751968,33.169684989217835,0.0,0
2030-06-13 10:00:00,0.0,164.0161654332645,0.0,99.9999999999999,65.0792939467582,32.87418668196421,0.0,0
2030-06-13 11:00:00,0.0,164.0161654332645,0.0,99.9999999999999,108.85893097814302,35.23817313999313,0.0,0
2030-06-13 12:00:00,0.0,164.0161654332645,0.0,85.78032962255598,157.44150722896623,46.83648169969735,0.0,0
2030-06-13 13:00:00,0.0,164.0161654332645,0.0,0.0,182.28982507538072,105.17745124654591,0.0,0
2030-06-13 14:00:00,0.0,164.0161654332645,0.0,0.0,208.1770639946375,211.623328976978,0.0,0
2030-06-13 15:00:00,0.0,164.0161654332645,0.0,0.0,196.0454713986059,260.0281679424239,0.0,0
2030-06-13 16:00:00,0.0,164.0161654332645,0.0,0.0,172.69045468422675,225.56715535050773,0.0,0
2030-06-13 17:00:00,0.0,164.0161654332645,0.0,85.56597516139844,132.50444327724065,108.11987564102373,0.0,0
2030-06-13 18:00:00,0.0,164.0161654332645,0.0,99.9999999999999,86.62034026857789,42.55175624451998,0.0,0
2030-06-13 19:00:00,0.0,164.0161654332645,0.0,99.9999999999999,29.996183595162087,19.355139125111528,0.0,0
2030-06-13 20:00:00,0.0,164.0161654332645,0.0,99.9999999999999,0.0,8.643325487168102,0.0,0
2030-06-13 21:00:00,0.0,164.0161654332645,0.0,99.9999999999999,0.0,8.93882379442172,0.0,0
2030-06-13 22:00:00,0.0,164.0161654332645,0.0,99.9999999999999,0.0,7.210158696988111,0.0,0
2030-06-13 23:00:00,0.0,164.0161654332645,0.0,99.9999999999999,0.0,9.234322101675335,0.0,0
2030-06-14 00:00:00,0.0,164.0161654332645,0.0,99.9999999999999,0.0,11.819932290144436,0.0,0
2030-06-14 01:00:00,0.0,164.0161654332645,0.0,99.9999999999999,0.0,23.122742542595077,0.0,0
2030-06-14 02:00:00,0.0,164.0161654332645,0.0,99.9999999999999,0.0,40.70489182418492,0.0,0
2030-06-14 03:00:00,0.0,164.0161654332645,0.0,99.9999999999999,0.0,49.05271900409944,0.0,0
2030-06-14 04:00:00,0.0,164.0161654332645,0.0,99.9999999999999,0.0,44.767993548922085,0.0,0
2030-06-14 05:00:00,0.0,164.0161654332645,0.0,99.9999999999999,0.0,40.33551894011791,0.0,0
2030-06-14 06:00:00,0.0,164.0161654332645,0.0,99.9999999999999,0.0,43.65987489672104,0.0,0
2030-06-14 07:00:00,0.0,164.0161654332645,0.0,99.9999999999999,0.0,51.78607834619534,0.0,0
2030-06-14 08:00:00,0.0,164.0161654332645,0.0,99.9999999999999,20.115783870522893,55.701430917305665,0.0,0
2030-06-14 09:00:00,0.0,164.0161654332645,0.0,99.9999999999999,76.10747663342134,60.13390552610986,0.0,0
2030-06-14 10:00:00,0.0,164.0161654332645,0.0,54.17983846873955,133.288367207489,88.53720281932692,0.0,0
2030-06-14 11:00:00,0.0,164.0161654332645,0.0,0.0,180.9065691139312,77.25286121107966,0.0,0
2030-06-14 12:00:00,0.0,164.0161654332645,0.0,0.0,213.66748970988607,64.86187844216762,0.0,0
2030-06-14 13:00:00,0.0,164.0161654332645,0.0,0.0,231.03096103435976,66.63486828568931,0.0,0
2030-06-14 14:00:00,0.0,164.0161654332645,0.0,0.0,230.6369283267784,67.29973947700992,0.0,0
2030-06-14 15:00:00,0.0,164.0161654332645,0.0,0.0,217.28478096236776,66.9303665929429,0.0,0
2030-06-14 16:00:00,0.0,164.0161654332645,0.0,43.70043172712656,188.95051609933205,63.45826148271298,0.0,0
2030-06-14 17:00:00,0.0,164.0161654332645,0.0,99.9999999999999,145.75068695597997,57.47442076082734,0.0,0
2030-06-14 18:00:00,0.0,164.0161654332645,0.0,99.9999999999999,89.75366942676288,55.7753054941191,0.0,0
2030-06-14 19:00:00,0.0,164.0161654332645,0.0,99.9999999999999,31.1794649993105,57.62216991445416,0.0,0
2030-06-14 20:00:00,0.0,164.0161654332645,0.0,99.9999999999999,0.1118200926919947,56.366302108626314,0.0,0
2030-06-14 21:00:00,0.0,164.0161654332645,0.0,99.9999999999999,0.0,51.41670546212832,0.0,0
2030-06-14 22:00:00,0.0,164.0161654332645,0.0,99.9999999999999,0.0,34.078342284022675,0.0,0
2030-06-14 23:00:00,0.0,164.0161654332645,0.0,99.9999999999999,0.0,32.28319006745701,0.0,0
2030-06-15 00:00:00,0.0,164.0161654332645,0.0,99.9999999999999,0.0,32.72643752833743,0.0,0
2030-06-15 01:00:00,0.0,164.0161654332645,0.0,99.9999999999999,0.0,29.771454455801308,0.0,0
2030-06-15 02:00:00,0.0,164.0161654332645,0.0,99.9999999999999,0.0,30.87957310800235,0.0,0
2030-06-15 03:00:00,0.0,164.0161654332645,0.0,99.9999999999999,0.0,38.11928163571582,0.0,0
2030-06-15 04:00:00,0.0,164.0161654332645,0.0,99.9999999999999,0.0,40.70489182418492,0.0,0
2030-06-15 05:00:00,0.0,164.0161654332645,0.0,99.9999999999999,0.0,40.04002063286428,0.0,0
2030-06-15 06:00:00,0.0,164.0161654332645,0.0,99.9999999999999,0.0,35.976918908127146,0.0,0
2030-06-15 07:00:00,0.0,164.0161654332645,0.0,99.9999999999999,0.0,30.43632564712192,0.0,0
2030-06-15 08:00:00,0.0,164.0161654332645,0.0,99.9999999999999,20.411604221560005,24.009237464355877,0.0,0
2030-06-15 09:00:00,0.0,164.0161654332645,0.0,99.9999999999999,77.23632709297891,21.05425439181977,0.0,0
2030-06-15 10:00:00,0.0,164.0161654332645,0.0,63.976887360429146,134.20126881078943,22.53174592808784,0.0,0
2030-06-15 11:00:00,0.0,164.0161654332645,0.0,0.0,181.90999174464903,17.43440012796304,0.0,0
2030-06-15 12:00:00,0.0,164.0161654332645,0.0,0.0,214.45555512504887,18.17314589609708,0.0,0
2030-06-15 13:00:00,0.0,164.0161654332645,0.0,0.0,231.8912066151757,24.452484925236295,0.0,0
2030-06-15 14:00:00,0.0,164.0161654332645,0.0,0.0,231.97521959487025,35.312047716806504,0.0,0
2030-06-15 15:00:00,0.0,164.0161654332645,0.0,0.0,219.05792814648413,50.45633596355409,0.0,0
2030-06-15 16:00:00,0.0,164.0161654332645,0.0,0.0,190.88222299160435,60.42940383336344,0.0,0
2030-06-15 17:00:00,0.0,164.0161654332645,0.0,32.58159090610923,147.56939047415605,64.12313267403358,0.0,0
2030-06-15 18:00:00,0.0,164.0161654332645,0.0,99.9999999999999,91.08604428783396,70.03309881910583,0.0,0
2030-06-15 19:00:00,0.0,164.0161654332645,0.0,99.9999999999999,31.652777560969877,69.88534966547903,0.0,0
2030-06-15 20:00:00,0.0,164.0161654332645,0.0,99.9999999999999,0.2899039440163354,65.23125132623466,0.0,0
2030-06-15 21:00:00,0.0,164.0161654332645,0.0,99.9999999999999,0.0,50.6779596939943,0.0,0
2030-06-15 22:00:00,0.0,164.0161654332645,0.0,99.9999999999999,0.0,38.56252909659624,0.0,0
2030-06-15 23:00:00,0.0,164.0161654332645,0.0,99.9999999999999,0.0,41.074264708251945,0.0,0
2030-06-16 00:00:00,0.0,164.0161654332645,0.0,99.9999999999999,0.0,46.097735931563335,0.0,0
2030-06-16 01:00:00,0.0,164.0161654332645,0.0,99.9999999999999,0.0,45.28511558661589,0.0,0
2030-06-16 02:00:00,0.0,164.0161654332645,0.0,99.9999999999999,0.0,44.767993548922085,0.0,0
2030-06-16 03:00:00,0.0,164.0161654332645,0.0,99.9999999999999,0.0,55.332058033238674,0.0,0
2030-06-16 04:00:00,0.0,164.0161654332645,0.0,99.9999999999999,0.0,57.54829533764075,0.0,0
2030-06-16 05:00:00,0.0,164.0161654332645,0.0,99.9999999999999,0.0,43.95537320397464,0.0,0
2030-06-16 06:00:00,0.0,164.0161654332645,0.0,99.9999999999999,0.0,30.87957310800235,0.0,0
2030-06-16 07:00:00,0.0,164.0161654332645,0.0,99.9999999999999,0.0,25.117356116556937,0.0,0
2030-06-16 08:00:00,0.0,164.0161654332645,0.0,99.9999999999999,18.87333839616706,19.872261162805334,0.0,0
2030-06-16 09:00:00,0.0,164.0161654332645,0.0,78.88987598718717,75.48862045905172,17.80377301203006,0.0,0
2030-06-16 10:00:00,0.0,164.0161654332645,0.0,0.0,132.3654077122532,12.337054327838242,0.0,0
2030-06-16 11:00:00,0.0,164.0161654332645,0.0,0.0,175.07713327639408,14.774915362680535,0.0,0
2030-06-16 12:00:00,0.0,164.0161654332645,0.0,0.0,212.92912211369747,19.50288827873831,0.0,0
2030-06-16 13:00:00,0.0,164.0161654332645,0.0,0.0,230.3511658676765,26.22547476875798,0.0,0
2030-06-16 14:00:00,0.0,164.0161654332645,0.0,0.0,230.53871597023408,38.26703078934264,0.0,0
2030-06-16 15:00:00,0.0,164.0161654332645,0.0,0.0,216.17782120878687,54.002315650597424,0.0,0
2030-06-16 16:00:00,0.0,164.0161654332645,0.0,0.0,188.15475935504227,58.95191229709541,0.0,0
2030-06-16 17:00:00,0.0,164.0161654332645,0.0,0.0,145.54893747657266,52.74644784476957,0.0,0
2030-06-16 18:00:00,0.0,164.0161654332645,0.0,57.183042950151616,90.137644242409,42.99500370540041,0.0,0
2030-06-16 19:00:00,0.0,164.0161654332645,0.0,99.9999999999999,31.35695720993276,35.0904239863663,0.0,0
2030-06-16 20:00:00,0.0,164.0161654332645,0.0,99.9999999999999,0.3467014514154605,34.7949256791127,0.0,0
2030-06-16 21:00:00,0.0,164.0161654332645,0.0,99.9999999999999,0.0,35.0904239863663,0.0,0
2030-06-16 22:00:00,0.0,164.0161654332645,0.0,99.9999999999999,0.0,32.57868837471062,0.0,0
2030-06-16 23:00:00,0.0,164.0161654332645,0.0,99.9999999999999,0.0,25.634478154250743,0.0,0
2030-06-17 00:00:00,0.0,164.0161654332645,0.0,99.9999999999999,0.0,22.23624762083422,0.0,0
2030-06-17 01:00:00,0.0,164.01616543326455,0.0,99.9999999999999,0.0,20.906505238192967,0.0,0
2030-06-17 02:00:00,0.0,164.0161654332645,0.0,99.9999999999999,0.0,21.12812896863318,0.0,0
2030-06-17 03:00:00,0.0,164.0161654332645,0.0,99.9999999999999,0.0,24.452484925236295,0.0,0
2030-06-17 04:00:00,0.0,164.0161654332645,0.0,99.9999999999999,0.0,22.23624762083422,0.0,0
2030-06-17 05:00:00,0.0,164.0161654332645,0.0,99.9999999999999,0.0,14.25779332498673,0.0,0
2030-06-17 06:00:00,0.0,164.0161654332645,0.0,99.9999999999999,0.0,3.7011162983514554,0.0,0
2030-06-17 07:00:00,0.0,164.0161654332645,0.0,99.9999999999999,0.0,0.2171912558313932,0.0,0
2030-06-17 08:00:00,0.0,164.0161654332645,0.0,99.9999999999999,16.44761151766282,0.00501608376563,0.0,0
2030-06-17 09:00:00,0.0,164.0161654332645,0.0,99.9999999999999,68.98648914325625,0.0,0.0,0
2030-06-17 10:00:00,0.0,164.0161654332645,0.0,99.9999999999999,121.89573384834812,0.0,0.0,0
2030-06-17 11:00:00,0.0,164.0161654332645,0.0,90.89476027530985,172.47450582796967,0.0,0.0,0
2030-06-17 12:00:00,0.0,164.0161654332645,0.0,52.9513081566376,204.41067928523307,0.040113895209665,0.0,0
2030-06-17 13:00:00,0.0,164.0161654332645,0.0,27.55317920131733,222.4344216332216,0.4425087151122765,0.0,0
2030-06-17 14:00:00,0.0,164.0161654332645,0.0,10.76183360957384,219.34842373120253,0.930819667848869,0.0,0
2030-06-17 15:00:00,0.0,164.0161654332645,0.0,48.904246204382794,208.55512240326289,3.4203929064605445,0.0,0
2030-06-17 16:00:00,0.0,164.0161654332645,0.0,99.9999999999999,180.58708313481117,6.419700725084683,0.0,0
2030-06-17 17:00:00,0.0,164.0161654332645,0.0,99.9999999999999,137.48546634800334,12.26317975102484,0.0,0
2030-06-17 18:00:00,0.0,164.0161654332645,0.0,99.9999999999999,83.17344153829353,14.627166209053728,0.0,0
2030-06-17 19:00:00,0.0,164.0161654332645,0.0,99.9999999999999,21.41739341508615,13.962295017733112,0.0,0
2030-06-17 20:00:00,0.0,164.0161654332645,0.0,99.9999999999999,0.291678866122558,8.052328872660894,0.0,0
2030-06-17 21:00:00,0.0,164.0161654332645,0.0,99.9999999999999,0.0,11.893806866957844,0.0,0
2030-06-17 22:00:00,0.0,164.0161654332645,0.0,99.9999999999999,0.0,0.0417391358995578,0.0,0
2030-06-17 23:00:00,0.0,164.0161654332645,0.0,99.9999999999999,0.0,0.0701808479727081,0.0,0
2030-06-18 00:00:00,0.0,164.0161654332645,0.0,99.9999999999999,0.0,0.3006695276305349,0.0,0
2030-06-18 01:00:00,0.0,164.0161654332645,0.0,99.9999999999999,0.0,12.18930517421146,0.0,0
2030-06-18 02:00:00,0.0,164.0161654332645,0.0,99.9999999999999,0.0,15.513661130814576,0.0,0
2030-06-18 03:00:00,0.0,164.0161654332645,0.0,99.9999999999999,0.0,7.904579719034085,0.0,0
2030-06-18 04:00:00,0.0,164.0161654332645,0.0,99.9999999999999,0.0,3.058407480074863,0.0,0
2030-06-18 05:00:00,0.0,164.0161654332645,0.0,99.9999999999999,0.0,2.4747983232489683,0.0,0
2030-06-18 06:00:00,0.0,164.0161654332645,0.0,99.9999999999999,0.0,3.5607546024060124,0.0,0
2030-06-18 07:00:00,0.0,164.0161654332645,0.0,99.9999999999999,0.0,0.812620344947422,0.0,0
2030-06-18 08:00:00,0.0,164.0161654332645,0.0,99.9999999999999,17.985877343055765,0.050160837656287,0.0,0
2030-06-18 09:00:00,0.0,164.0161654332645,0.0,99.9999999999999,66.60217711389721,0.0735052039293165,0.0,0
2030-06-18 10:00:00,0.0,164.0161654332645,0.0,99.9999999999999,118.5997034970927,5.178607834619516,0.0,0
2030-06-18 11:00:00,0.0,164.0161654332645,0.0,99.9999999999999,160.70203913809715,10.194691600249568,0.0,0
2030-06-18 12:00:00,0.0,164.0161654332645,0.0,99.9999999999999,187.8216656397745,6.8112359821957265,0.0,0
2030-06-18 13:00:00,0.0,164.0161654332645,0.0,99.9999999999999,208.0185042864816,5.5258183456425165,0.0,0
2030-06-18 14:00:00,0.0,164.0161654332645,0.0,99.9999999999999,174.31864989633493,15.144288246747555,0.0,0
2030-06-18 15:00:00,0.0,164.0161654332645,0.0,99.9999999999999,147.70073471001652,21.05425439181977,0.0,0
2030-06-18 16:00:00,0.0,164.0161654332645,0.0,99.9999999999999,117.89624270232648,17.877647588843466,0.0,0
2030-06-18 17:00:00,0.0,164.0161654332645,0.0,99.9999999999999,126.37090411883736,15.58753570762798,0.0,0
2030-06-18 18:00:00,0.0,164.0161654332645,0.0,99.9999999999999,83.6538537883778,25.26510527018372,0.0,0
2030-06-18 19:00:00,0.0,164.0161654332645,0.0,99.9999999999999,29.64119917391756,48.60947154321903,0.0,0
2030-06-18 20:00:00,0.0,164.0161654332645,0.0,99.9999999999999,0.5170939736128362,74.28088698587646,0.0,0
2030-06-18 21:00:00,0.0,164.0161654332645,0.0,99.9999999999999,0.0,78.36762857519393,0.0,0
2030-06-18 22:00:00,0.0,164.0161654332645,0.0,99.9999999999999,0.0,63.38438690589957,0.0,0
2030-06-18 23:00:00,0.0,164.0161654332645,0.0,99.9999999999999,0.0,63.67988521315316,0.0,0
2030-06-19 00:00:00,0.0,164.0161654332645,0.0,99.9999999999999,0.0,67.07811574656971,0.0,0
2030-06-19 01:00:00,0.0,164.0161654332645,0.0,99.9999999999999,0.0,77.90147999550136,0.0,0
2030-06-19 02:00:00,0.0,164.0161654332645,0.0,99.9999999999999,0.0,113.56221571486712,0.0,0
2030-06-19 03:00:00,0.0,164.0161654332645,0.0,99.9999999999999,0.0,150.38573727327588,0.0,0
2030-06-19 04:00:00,0.0,164.0161654332645,0.0,99.9999999999999,0.0,155.33533391977383,0.0,0
2030-06-19 05:00:00,0.0,164.0161654332645,0.0,99.9999999999999,0.0,155.05239429057855,0.0,0
2030-06-19 06:00:00,0.0,164.0161654332645,0.0,99.9999999999999,0.0,168.78124564558132,0.0,0
2030-06-19 07:00:00,0.0,164.0161654332645,0.0,99.9999999999999,0.0,177.70898825348104,0.0,0
2030-06-19 08:00:00,0.0,164.0161654332645,0.0,99.9999999999999,19.464979098241283,152.93588766487454,0.0,0
2030-06-19 09:00:00,0.0,164.0161654332645,0.0,99.9999999999999,76.0098559175791,149.26949241762537,0.0,0
2030-06-19 10:00:00,0.0,164.0161654332645,0.0,99.9999999999999,133.71139030947202,141.39150754624413,0.0,0
2030-06-19 11:00:00,0.0,164.0161654332645,0.0,99.9999999999999,181.00655639258167,111.6643778365308,0.0,0
2030-06-19 12:00:00,0.0,164.0161654332645,0.0,88.76003344455125,213.65802345865288,87.35077711570369,0.0,0
2030-06-19 13:00:00,0.0,164.0161654332645,0.0,88.97101759950361,230.4487865835188,62.05464452325831,0.0,0
2030-06-19 14:00:00,0.0,164.0161654332645,0.0,68.70484073984801,232.70826242474013,50.01308850267366,0.0,0
2030-06-19 15:00:00,0.0,164.0161654332645,0.0,99.9999999999999,217.80779134300133,54.962685149171655,0.0,0
2030-06-19 16:00:00,0.0,164.0161654332645,0.0,99.9999999999999,189.6557518162045,58.28704110577477,0.0,0
2030-06-19 17:00:00,0.0,164.0161654332645,0.0,99.9999999999999,145.44125886879516,51.56445461575512,0.0,0
2030-06-19 18:00:00,0.0,164.0161654332645,0.0,99.9999999999999,90.69201158025254,45.4328647402427,0.0,0
2030-06-19 19:00:00,0.0,164.0161654332645,0.0,99.9999999999999,31.889433841799526,49.71759019542005,0.0,0
2030-06-19 20:00:00,0.0,164.0161654332645,0.0,99.9999999999999,0.6330555512193837,50.53021054036747,0.0,0
2030-06-19 21:00:00,0.0,164.0161654332645,0.0,99.9999999999999,0.0,45.28511558661589,0.0,0
2030-06-19 22:00:00,0.0,164.0161654332645,0.0,99.9999999999999,0.0,28.293962919533246,0.0,0
2030-06-19 23:00:00,0.0,164.0161654332645,0.0,99.9999999999999,0.0,32.43093922108381,0.0,0
2030-06-20 00:00:00,0.0,164.0161654332645,0.0,99.9999999999999,0.0,36.93728840670137,0.0,0
2030-06-20 01:00:00,0.0,164.0161654332645,0.0,99.9999999999999,0.0,38.48865451978285,0.0,0
2030-06-20 02:00:00,0.0,164.0161654332645,0.0,99.9999999999999,0.0,40.48326809374471,0.0,0
2030-06-20 03:00:00,0.0,164.0161654332645,0.0,99.9999999999999,0.0,39.744522325610696,0.0,0
2030-06-20 04:00:00,0.0,164.0161654332645,0.0,99.9999999999999,0.0,39.670647748797286,0.0,0
2030-06-20 05:00:00,0.0,164.0161654332645,0.0,99.9999999999999,0.0,35.385922293619906,0.0,0
2030-06-20 06:00:00,0.0,164.0161654332645,0.0,99.9999999999999,0.0,33.02193583559102,0.0,0
2030-06-20 07:00:00,0.0,164.0161654332645,0.0,99.9999999999999,0.0,39.670647748797286,0.0,0
2030-06-20 08:00:00,0.0,164.0161654332645,0.0,99.9999999999999,16.210955236833165,40.77876640099833,0.0,0
2030-06-20 09:00:00,0.0,164.0161654332645,0.0,99.9999999999999,58.8090857861758,42.182383360452974,0.0,0
2030-06-20 10:00:00,0.0,164.0161654332645,0.0,99.9999999999999,103.6879912420145,36.93728840670137,0.0,0
2030-06-20 11:00:00,0.0,164.0161654332645,0.0,99.9999999999999,156.6670495499511,34.35167821823227,0.0,0
2030-06-20 12:00:00,0.0,164.0161654332645,0.0,99.9999999999999,203.98765618325,29.845329032614718,0.0,0
2030-06-20 13:00:00,0.0,164.0161654332645,0.0,99.9999999999999,225.9185937277366,25.117356116556937,0.0,0
2030-06-20 14:00:00,0.0,164.0161654332645,0.0,99.9999999999999,227.01194574516967,22.08849846720741,0.0,0
2030-06-20 15:00:00,0.0,164.0161654332645,0.0,99.9999999999999,213.47934796662648,25.33897984699715,0.0,0
2030-06-20 16:00:00,0.0,164.0161654332645,0.0,99.9999999999999,185.28411866857823,32.80031210515081,0.0,0
2030-06-20 17:00:00,0.0,164.0161654332645,0.0,99.9999999999999,142.7978082119276,44.32474608804166,0.0,0
2030-06-20 18:00:00,0.0,164.0161654332645,0.0,99.9999999999999,88.30178314387277,57.99154279852115,0.0,0
2030-06-20 19:00:00,0.0,164.0161654332645,0.0,99.9999999999999,31.23862906951792,73.20970562208214,0.0,0
2030-06-20 20:00:00,0.0,164.0161654332645,0.0,99.9999999999999,0.6863032144060635,86.74057311122499,0.0,0
2030-06-20 21:00:00,0.0,164.0161654332645,0.0,99.9999999999999,0.0,81.03967201853469,0.0,0
2030-06-20 22:00:00,0.0,164.0161654332645,0.0,99.9999999999999,0.0,58.7302885666552,0.0,0
2030-06-20 23:00:00,0.0,164.0161654332645,0.0,99.9999999999999,0.0,39.079651134290046,0.0,0
2030-06-21 00:00:00,0.0,164.0161654332645,0.0,99.9999999999999,0.0,28.51558664997346,0.0,0
2030-06-21 01:00:00,0.0,164.0161654332645,0.0,99.9999999999999,0.0,28.293962919533246,0.0,0
2030-06-21 02:00:00,0.0,164.0161654332645,0.0,99.9999999999999,0.0,33.02193583559102,0.0,0
2030-06-21 03:00:00,0.0,164.0161654332645,0.0,99.9999999999999,0.0,38.78415282703642,0.0,0
2030-06-21 04:00:00,0.0,164.0161654332645,0.0,99.9999999999999,0.0,42.55175624451998,0.0,0
2030-06-21 05:00:00,0.0,164.0161654332645,0.0,99.9999999999999,0.0,39.59677317198388,0.0,0
2030-06-21 06:00:00,0.0,164.0161654332645,0.0,99.9999999999999,0.0,34.94267483273951,0.0,0
2030-06-21 07:00:00,0.0,164.0161654332645,0.0,99.9999999999999,0.0,31.692193452949773,0.0,0
2030-06-21 08:00:00,0.0,164.0161654332645,0.0,99.9999999999999,17.92671327284834,23.048867965781668,0.0,0
2030-06-21 09:00:00,0.0,164.0161654332645,0.0,99.9999999999999,72.32156778084851,22.82724423534143,0.0,0
2030-06-21 10:00:00,0.0,164.0161654332645,0.0,99.9999999999999,127.38793448570291,11.819932290144436,0.0,0
2030-06-21 11:00:00,0.0,164.0161654332645,0.0,99.9999999999999,173.31345234351087,9.973067869809352,0.0,0
2030-06-21 12:00:00,0.0,164.0161654332645,0.0,99.9999999999999,205.08514968559768,11.376684829264011,0.0,0
2030-06-21 13:00:00,0.0,164.0161654332645,0.0,99.9999999999999,220.77072797898893,13.519047556852684,0.0,0
2030-06-21 14:00:00,0.0,164.0161654332645,0.0,99.9999999999999,221.18014334482433,17.951522165656872,0.0,0
2030-06-21 15:00:00,0.0,164.0161654332645,0.0,99.9999999999999,207.21683113517105,25.78222730787755,0.0,0
2030-06-21 16:00:00,0.0,164.0161654332645,0.0,99.9999999999999,178.93522229461996,39.00577655747664,0.0,0
2030-06-21 17:00:00,0.0,164.0161654332645,0.0,99.9999999999999,138.2143676929588,55.55368176367889,0.0,0
2030-06-21 18:00:00,0.0,164.0161654332645,0.0,99.9999999999999,85.75240335863501,75.10902099195474,0.0,0
2030-06-21 19:00:00,0.0,164.0161654332645,0.0,99.9999999999999,30.410332086614044,90.24592178102095,0.0,0
2030-06-21 20:00:00,0.0,164.0161654332645,0.0,99.9999999999999,0.7868821337586811,79.9234271628842,0.0,0
2030-06-21 21:00:00,0.0,164.0161654332645,0.0,99.9999999999999,0.0,54.445563111477846,0.0,0
2030-06-21 22:00:00,0.0,164.0161654332645,0.0,99.9999999999999,0.0,26.732993111466044,0.0,0
2030-06-21 23:00:00,0.0,164.0161654332645,0.0,99.9999999999999,0.0,25.92997646150436,0.0,0
2030-06-22 00:00:00,0.0,164.0161654332645,0.0,99.9999999999999,0.0,19.355139125111528,0.0,0
2030-06-22 01:00:00,0.0,164.0161654332645,0.0,99.9999999999999,0.0,14.479417055426916,0.0,0
2030-06-22 02:00:00,0.0,164.0161654332645,0.0,99.9999999999999,0.0,8.347827179914512,0.0,0
2030-06-22 03:00:00,0.0,164.0161654332645,0.0,99.9999999999999,0.0,0.2489573238611519,0.0,0
2030-06-22 04:00:00,0.0,164.0161654332645,0.0,99.9999999999999,0.0,0.2002001031643154,0.0,0
2030-06-22 05:00:00,0.0,164.0161654332645,0.0,99.9999999999999,0.0,0.2622547476875595,0.0,0
2030-06-22 06:00:00,0.0,164.0161654332645,0.0,99.9999999999999,0.0,0.2873721038041273,0.0,0
2030-06-22 07:00:00,0.0,164.0161654332645,0.0,99.9999999999999,0.0,1.3297423826412265,0.0,0
2030-06-22 08:00:00,0.0,164.0161654332645,0.0,99.9999999999999,6.212227371779124,0.3509042398636447,0.0,0
2030-06-22 09:00:00,0.0,164.0161654332645,0.0,99.9999999999999,22.482346678819717,0.0367895392530566,0.0,0
2030-06-22 10:00:00,0.0,164.0161654332645,0.0,99.9999999999999,52.41936620377438,0.9012698371235072,0.0,0
2030-06-22 11:00:00,0.0,164.0161654332645,0.0,99.9999999999999,75.07269704549358,0.4897884442728397,0.0,0
2030-06-22 12:00:00,0.0,164.0161654332645,0.0,99.9999999999999,111.40831076338078,0.997306786980933,0.0,0
2030-06-22 13:00:00,0.0,164.0161654332645,0.0,99.9999999999999,111.25152597733111,3.9153525711103274,0.0,0
2030-06-22 14:00:00,0.0,164.0161654332645,0.0,99.9999999999999,120.4184070152688,5.267257326795601,0.0,0
2030-06-22 15:00:00,0.0,164.0161654332645,0.0,99.9999999999999,80.01703839272767,1.3149674672785459,0.0,0
2030-06-22 16:00:00,0.0,164.0161654332645,0.0,99.9999999999999,62.24770154663104,0.542978139578496,0.0,0
2030-06-22 17:00:00,0.0,164.0161654332645,0.0,99.9999999999999,52.4785302739818,0.44767993548922,0.0,0
2030-06-22 18:00:00,0.0,164.0161654332645,0.0,99.9999999999999,41.00070065374227,4.107426470825177,0.0,0
2030-06-22 19:00:00,0.0,164.0161654332645,0.0,99.9999999999999,23.01482331068648,14.183918748173326,0.0,0
2030-06-22 20:00:00,0.0,164.0161654332645,0.0,99.9999999999999,0.7987149478001656,34.13005448779206,0.0,0
2030-06-22 21:00:00,0.0,164.0161654332645,0.0,99.9999999999999,0.0,43.06887828221381,0.0,0
2030-06-22 22:00:00,0.0,164.0161654332645,0.0,99.9999999999999,0.0,28.072339189093036,0.0,0
2030-06-22 23:00:00,0.0,164.0161654332645,0.0,99.9999999999999,0.0,27.555217151399226,0.0,0
2030-06-23 00:00:00,0.0,164.0161654332645,0.0,99.9999999999999,0.0,26.964220536892,0.0,0
2030-06-23 01:00:00,0.0,164.0161654332645,0.0,99.9999999999999,0.0,29.54983072536109,0.0,0
2030-06-23 02:00:00,0.0,164.0161654332645,0.0,99.9999999999999,0.0,27.333593420959012,0.0,0
2030-06-23 03:00:00,0.0,164.0161654332645,0.0,99.9999999999999,0.0,25.33897984699715,0.0,0
2030-06-23 04:00:00,0.0,164.0161654332645,0.0,99.9999999999999,0.0,29.328206994920883,0.0,0
2030-06-23 05:00:00,0.0,164.0161654332645,0.0,99.9999999999999,0.0,29.697579878987906,0.0,0
2030-06-23 06:00:00,0.0,164.0161654332645,0.0,99.9999999999999,0.0,30.14082733986833,0.0,0
2030-06-23 07:00:00,0.0,164.0161654332645,0.0,99.9999999999999,0.0,33.76068160372507,0.0,0
2030-06-23 08:00:00,0.0,164.0161654332645,0.0,99.9999999999999,17.69005699201865,27.259718844145613,0.0,0
2030-06-23 09:00:00,0.0,164.0161654332645,0.0,99.9999999999999,68.64156261394699,24.82185780930332,0.0,0
2030-06-23 10:00:00,0.0,164.0161654332645,0.0,99.9999999999999,119.9693517223945,11.598308559704224,0.0,0
2030-06-23 11:00:00,0.0,164.0161654332645,0.0,69.33119341812187,164.9831512583061,3.4942674832739486,0.0,0
2030-06-23 12:00:00,0.0,164.0161654332645,0.0,49.61613989164573,201.83408402769996,4.572836304749625,0.0,0
2030-06-23 13:00:00,0.0,164.0161654332645,0.0,26.53030598555756,218.9384167246652,12.26317975102484,0.0,0
2030-06-23 14:00:00,0.0,164.0161654332645,0.0,29.562955651279538,221.2824971862831,21.64525100632701,0.0,0
2030-06-23 15:00:00,0.0,164.0161654332645,0.0,59.80496082278438,207.32273482084233,33.61293245009826,0.0,0
2030-06-23 16:00:00,0.0,164.0161654332645,0.0,79.80677494961945,182.01352886751204,50.53021054036747,0.0,0
2030-06-23 17:00:00,0.0,164.0161654332645,0.0,99.9999999999999,141.1554136229696,71.6583395090007,0.0,0
2030-06-23 18:00:00,0.0,164.0161654332645,0.0,99.9999999999999,87.960998099478,80.41986431907024,0.0,0
2030-06-23 19:00:00,0.0,164.0161654332645,0.0,99.9999999999999,31.297793139725343,76.93741676808644,0.0,0
2030-06-23 20:00:00,0.0,164.0161654332645,0.0,99.9999999999999,0.9347923092772364,74.20701240906308,0.0,0
2030-06-23 21:00:00,0.0,164.0161654332645,0.0,99.9999999999999,0.0,67.0042411697563,0.0,0
2030-06-23 22:00:00,0.0,164.0161654332645,0.0,99.9999999999999,0.0,63.38438690589957,0.0,0
2030-06-23 23:00:00,0.0,164.0161654332645,0.0,99.9999999999999,0.0,58.656413989841795,0.0,0
2030-06-24 00:00:00,0.0,164.0161654332645,0.0,99.9999999999999,0.0,63.01501402183255,0.0,0
2030-06-24 01:00:00,0.0,164.0161654332645,0.0,99.9999999999999,0.0,68.33398355239756,0.0,0
2030-06-24 02:00:00,0.0,164.0161654332645,0.0,99.9999999999999,0.0,59.17353602753562,0.0,0
2030-06-24 03:00:00,0.0,164.0161654332645,0.0,99.9999999999999,0.0,46.68873254607053,0.0,0
2030-06-24 04:00:00,0.0,164.0161654332645,0.0,99.9999999999999,0.0,48.75722069684584,0.0,0
2030-06-24 05:00:00,0.0,164.0161654332645,0.0,99.9999999999999,0.0,61.02040044787068,0.0,0
2030-06-24 06:00:00,0.0,164.0161654332645,0.0,99.9999999999999,0.0,64.3447564044738,0.0,0
2030-06-24 07:00:00,0.0,164.0161654332645,0.0,99.9999999999999,0.0,59.83840721885624,0.0,0
2030-06-24 08:00:00,0.0,164.0161654332645,0.0,99.9999999999999,18.16336955367803,42.99500370540041,0.0,0
2030-06-24 09:00:00,0.0,164.0161654332645,0.0,99.9999999999999,72.29257738644687,47.72297662145817,0.0,0
2030-06-24 10:00:00,0.0,164.0161654332645,0.0,99.9999999999999,128.59547315863637,68.48173270602439,0.0,0
2030-06-24 11:00:00,0.0,164.0161654332645,0.0,99.9999999999999,175.3865613635789,97.5779735297512,0.0,0
2030-06-24 12:00:00,0.0,164.0161654332645,0.0,75.34172623260497,207.49490226514592,122.55644544189894,0.0,0
2030-06-24 13:00:00,0.0,164.0161654332645,0.0,30.62834273971509,224.43120900272203,144.61761031568543,0.0,0
2030-06-24 14:00:00,0.0,164.0161654332645,0.0,0.0,225.7203940925417,161.88874762889083,0.0,0
2030-06-24 15:00:00,0.0,164.0161654332645,0.0,6.477679229890896,212.90308992280623,176.56910353325023,0.0,0
2030-06-24 16:00:00,0.0,164.0161654332645,0.0,93.0545707849276,185.3190254700006,169.23557429298376,0.0,0
2030-06-24 17:00:00,0.0,164.0161654332645,0.0,99.9999999999999,144.12249174387173,160.10024412423834,0.0,0
2030-06-24 18:00:00,0.0,164.0161654332645,0.0,99.9999999999999,89.51464658312489,149.5472608264438,0.0,0
2030-06-24 19:00:00,0.0,164.0161654332645,0.0,99.9999999999999,31.889433841799526,140.99036859414733,0.0,0
2030-06-24 20:00:00,0.0,164.0161654332645,0.0,99.9999999999999,1.0708696707543075,127.1130293397496,0.0,0
2030-06-24 21:00:00,0.0,164.0161654332645,0.0,99.9999999999999,0.0,114.73682148620024,0.0,0
2030-06-24 22:00:00,0.0,164.0161654332645,0.0,99.9999999999999,0.0,70.10697339591923,0.0,0
2030-06-24 23:00:00,0.0,164.0161654332645,0.0,99.9999999999999,0.0,73.50520392933576,0.0,0
2030-06-25 00:00:00,0.0,164.0161654332645,0.0,99.9999999999999,0.0,80.43316174289667,0.0,0
2030-06-25 01:00:00,0.0,164.0161654332645,0.0,99.9999999999999,0.0,87.11954969027772,0.0,0
2030-06-25 02:00:00,0.0,164.0161654332645,0.0,99.9999999999999,0.0,95.65132456645763,0.0,0
2030-06-25 03:00:00,0.0,164.0161654332645,0.0,99.9999999999999,0.0,104.8834304308286,0.0,0
2030-06-25 04:00:00,0.0,164.0161654332645,0.0,99.9999999999999,0.0,111.88304658389848,0.0,0
2030-06-25 05:00:00,0.0,164.0161654332645,0.0,99.9999999999999,0.0,122.4064800509677,0.0,0
2030-06-25 06:00:00,0.0,164.0161654332645,0.0,99.9999999999999,0.0,125.30679593666191,0.0,0
2030-06-25 07:00:00,0.0,164.0161654332645,0.0,99.99999999999991,0.0,120.42664139236852,0.0,0
2030-06-25 08:00:00,0.0,164.0161654332645,0.0,99.9999999999999,16.74343186869993,106.69779003736576,0.0,0
2030-06-25 09:00:00,0.0,164.0161654332645,0.0,99.9999999999999,64.82488844486629,109.7643237208901,0.0,0
2030-06-25 10:00:00,0.0,164.0161654332645,0.0,99.9999999999999,116.73011887853824,100.41032480477703,0.0,0
2030-06-25 11:00:00,0.0,164.0161654332645,0.0,99.9999999999999,165.58484985231559,118.53988470055423,0.0,0
2030-06-25 12:00:00,0.0,164.0161654332645,0.0,64.76863602778224,202.2162839212399,132.3381781577616,0.0,0
2030-06-25 13:00:00,0.0,164.0161654332645,0.0,11.66820371758763,223.75318875814503,157.51241769846487,0.0,0
2030-06-25 14:00:00,0.0,164.0161654332645,0.0,0.0,225.79139097679064,162.56839373557415,0.0,0
2030-06-25 15:00:00,0.0,164.0161654332645,0.0,6.657506226810597,211.2358464243611,163.23030994382222,0.0,0
2030-06-25 16:00:00,0.0,164.0161654332645,0.0,89.35932899610985,183.1577619853236,162.5765199390236,0.0,0
2030-06-25 17:00:00,0.0,164.0161654332645,0.0,99.9999999999999,141.16369659279863,156.6214903020952,0.0,0
2030-06-25 18:00:00,0.0,164.0161654332645,0.0,99.9999999999999,85.73465413757276,142.02609016107124,0.0,0
2030-06-25 19:00:00,0.0,164.0161654332645,0.0,99.9999999999999,26.328011242302015,120.49312851150059,0.0,0
2030-06-25 20:00:00,0.0,164.0161654332645,0.0,99.9999999999999,0.8578790180075877,88.3163178346549,0.0,0
2030-06-25 21:00:00,0.0,164.0161654332645,0.0,99.9999999999999,0.0,57.252797030387136,0.0,0
2030-06-25 22:00:00,0.0,164.0161654332645,0.0,99.9999999999999,0.0,29.475956148547688,0.0,0
2030-06-25 23:00:00,0.0,164.0161654332645,0.0,99.9999999999999,0.0,26.299349345571375,0.0,0
2030-06-26 00:00:00,0.0,164.0161654332645,0.0,99.9999999999999,0.0,26.964220536892,0.0,0
2030-06-26 01:00:00,0.0,164.0161654332645,0.0,99.9999999999999,0.0,27.1119696905188,0.0,0
2030-06-26 02:00:00,0.0,164.0161654332645,0.0,99.9999999999999,0.0,25.634478154250743,0.0,0
2030-06-26 03:00:00,0.0,164.0161654332645,0.0,99.9999999999999,0.0,29.032708687667263,0.0,0
2030-06-26 04:00:00,0.0,164.0161654332645,0.0,99.9999999999999,0.0,35.68142060087353,0.0,0
2030-06-26 05:00:00,0.0,164.0161654332645,0.0,99.9999999999999,0.0,37.085037560328175,0.0,0
2030-06-26 06:00:00,0.0,164.0161654332645,0.0,99.9999999999999,0.0,45.580613893869504,0.0,0
2030-06-26 07:00:00,0.0,164.0161654332645,0.0,99.9999999999999,0.0,53.854566496970605,0.0,0
2030-06-26 08:00:00,0.0,164.0161654332645,0.0,99.9999999999999,14.19937684978088,65.08350217260785,0.0,0
2030-06-26 09:00:00,0.0,164.0161654332645,0.0,99.9999999999999,43.89974009390589,69.95922424229242,0.0,0
2030-06-26 10:00:00,0.0,164.0161654332645,0.0,99.9999999999999,87.10075251866213,55.84918007093248,0.0,0
2030-06-26 11:00:00,0.0,164.0161654332645,0.0,99.9999999999999,129.0498532178293,38.85802740384984,0.0,0
2030-06-26 12:00:00,0.0,164.0161654332645,0.0,99.9999999999999,178.1394655503302,28.293962919533246,0.0,0
2030-06-26 13:00:00,0.0,164.0161654332645,0.0,99.9999999999999,200.6448862165308,22.014623890394002,0.0,0
2030-06-26 14:00:00,0.0,164.0161654332645,0.0,99.9999999999999,209.02725168351807,21.12812896863318,0.0,0
2030-06-26 15:00:00,0.0,164.0161654332645,0.0,99.9999999999999,212.87409952840457,21.4236272758868,0.0,0
2030-06-26 16:00:00,0.0,164.0161654332645,0.0,99.9999999999999,178.55302240108003,24.96960696293013,0.0,0
2030-06-26 17:00:00,0.0,164.0161654332645,0.0,99.9999999999999,141.5595042224863,30.87957310800235,0.0,0
2030-06-26 18:00:00,0.0,164.0161654332645,0.0,99.9999999999999,86.4339734474245,39.670647748797286,0.0,0
2030-06-26 19:00:00,0.0,164.0161654332645,0.0,99.9999999999999,31.41612128014019,47.575227467831375,0.0,0
2030-06-26 20:00:00,0.0,164.0161654332645,0.0,99.9999999999999,1.650677558787011,47.87072577508499,0.0,0
2030-06-26 21:00:00,0.0,164.0161654332645,0.0,99.9999999999999,0.0,42.10850878363958,0.0,0
2030-06-26 22:00:00,0.0,164.0161654332645,0.0,99.9999999999999,0.0,31.618318876136367,0.0,0
2030-06-26 23:00:00,0.0,164.0161654332645,0.0,99.9999999999999,0.0,21.12812896863318,0.0,0
2030-06-27 00:00:00,0.0,164.0161654332645,0.0,99.9999999999999,0.0,15.956908591694976,0.0,0
2030-06-27 01:00:00,0.0,164.0161654332645,0.0,99.9999999999999,0.0,17.951522165656872,0.0,0
2030-06-27 02:00:00,0.0,164.0161654332645,0.0,99.9999999999999,0.0,20.241634046872353,0.0,0
2030-06-27 03:00:00,0.0,164.0161654332645,0.0,99.9999999999999,0.0,17.06502724389602,0.0,0
2030-06-27 04:00:00,0.0,164.0161654332645,0.0,99.9999999999999,0.0,14.405542478613539,0.0,0
2030-06-27 05:00:00,0.0,164.0161654332645,0.0,99.9999999999999,0.0,11.302810252450609,0.0,0
2030-06-27 06:00:00,0.0,164.0161654332645,0.0,99.9999999999999,0.0,7.609081411780467,0.0,0
2030-06-27 07:00:00,0.0,164.0161654332645,0.0,99.9999999999999,0.0,2.770296630502586,0.0,0
2030-06-27 08:00:00,0.0,164.0161654332645,0.0,99.9999999999999,15.855970815588632,0.4277337997495956,0.0,0
2030-06-27 09:00:00,0.0,164.0161654332645,0.0,99.9999999999999,61.91697439417159,0.4580223762430811,0.0,0
2030-06-27 10:00:00,0.0,164.0161654332645,0.0,99.9999999999999,117.8157795668444,0.2304886796578008,0.0,0
2030-06-27 11:00:00,0.0,164.0161654332645,0.0,99.9999999999999,164.11758091117153,0.0916044752486058,0.0,0
2030-06-27 12:00:00,0.0,164.0161654332645,0.0,99.9999999999999,200.63896980951003,0.1049018990750134,0.0,0
2030-06-27 13:00:00,0.0,164.0161654332645,0.0,99.9999999999999,218.00599097819625,0.1536591197718758,0.0,0
2030-06-27 14:00:00,0.0,164.0161654332645,0.0,99.9999999999999,220.4240265275735,1.795152216565674,0.0,0
2030-06-27 15:00:00,0.0,164.0161654332645,0.0,99.9999999999999,206.28795523291447,6.552674963348812,0.0,0
2030-06-27 16:00:00,0.0,164.0161654332645,0.0,99.9999999999999,178.59798709443768,15.439786554001175,0.0,0
2030-06-27 17:00:00,0.0,164.0161654332645,0.0,99.9999999999999,135.4963703076299,23.270491696221853,0.0,0
2030-06-27 18:00:00,0.0,164.0161654332645,0.0,99.9999999999999,78.52373726069241,29.032708687667263,0.0,0
2030-06-27 19:00:00,0.0,164.0161654332645,0.0,99.9999999999999,27.747948927280117,37.45441044439521,0.0,0
2030-06-27 20:00:00,0.0,164.0161654332645,0.0,99.9999999999999,0.9880399724639164,42.69950539814679,0.0,0
2030-06-27 21:00:00,0.0,164.0161654332645,0.0,99.9999999999999,0.0,44.98961727936227,0.0,0
2030-06-27 22:00:00,0.0,164.0161654332645,0.0,99.9999999999999,0.0,29.845329032614718,0.0,0
2030-06-27 23:00:00,0.0,164.0161654332645,0.0,99.9999999999999,0.0,30.43632564712192,0.0,0
2030-06-28 00:00:00,0.0,164.0161654332645,0.0,99.9999999999999,0.0,27.776840881839444,0.0,0
2030-06-28 01:00:00,0.0,164.0161654332645,0.0,99.9999999999999,0.0,26.373223922384785,0.0,0
2030-06-28 02:00:00,0.0,164.0161654332645,0.0,99.9999999999999,0.0,22.901118812154856,0.0,0
2030-06-28 03:00:00,0.0,164.0161654332645,0.0,99.9999999999999,0.0,18.394769626537272,0.0,0
2030-06-28 04:00:00,0.0,164.0161654332645,0.0,99.9999999999999,0.0,13.888420440919708,0.0,0
2030-06-28 05:00:00,0.0,164.0161654332645,0.0,99.9999999999999,0.0,12.337054327838242,0.0,0
2030-06-28 06:00:00,0.0,164.0161654332645,0.0,99.9999999999999,0.0,13.2974238264125,0.0,0
2030-06-28 07:00:00,0.0,164.0161654332645,0.0,99.9999999999999,0.0,10.933437368383611,0.0,0
2030-06-28 08:00:00,0.0,164.0161654332645,0.0,99.9999999999999,15.205166043307022,9.455945832115551,0.0,0
2030-06-28 09:00:00,0.0,164.0161654332645,0.0,99.9999999999999,58.927413926590646,3.7011162983514554,0.0,0
2030-06-28 10:00:00,0.0,164.0161654332645,0.0,99.9999999999999,113.76363239833817,0.0467626071228818,0.0,0
2030-06-28 11:00:00,0.0,164.0161654332645,0.0,99.9999999999999,162.49116062116957,0.0601339055260862,0.0,0
2030-06-28 12:00:00,0.0,164.0161654332645,0.0,99.9999999999999,200.111817943962,0.1049018990750134,0.0,0
2030-06-28 13:00:00,0.0,164.0161654332645,0.0,99.9999999999999,217.22798345496864,0.5230320038388718,0.0,0
2030-06-28 14:00:00,0.0,164.0161654332645,0.0,99.9999999999999,217.541553027068,2.0241634046872274,0.0,0
2030-06-28 15:00:00,0.0,164.0161654332645,0.0,99.9999999999999,197.73460560302777,6.9515976781411934,0.0,0
2030-06-28 16:00:00,0.0,164.0161654332645,0.0,99.9999999999999,172.58218443574717,14.553291632240322,0.0,0
2030-06-28 17:00:00,0.0,164.0161654332645,0.0,99.9999999999999,124.71726835653998,29.40208157173429,0.0,0
2030-06-28 18:00:00,0.0,164.0161654332645,0.0,99.9999999999999,68.79243099297591,43.06887828221381,0.0,0
2030-06-28 19:00:00,0.0,164.0161654332645,0.0,99.9999999999999,24.257268785042314,37.3066612907684,0.0,0
2030-06-28 20:00:00,0.0,164.0161654332645,0.0,99.9999999999999,0.6626375863230947,25.78222730787755,0.0,0
2030-06-28 21:00:00,0.0,164.0161654332645,0.0,99.9999999999999,0.0,19.28126454829812,0.0,0
2030-06-28 22:00:00,0.0,164.0161654332645,0.0,99.9999999999999,0.0,21.57137642951361,0.0,0
2030-06-28 23:00:00,0.0,164.0161654332645,0.0,99.9999999999999,0.0,22.82724423534143,0.0,0
2030-06-29 00:00:00,0.0,164.0161654332645,0.0,99.9999999999999,0.0,24.96960696293013,0.0,0
2030-06-29 01:00:00,0.0,164.0161654332645,0.0,99.9999999999999,0.0,24.600234078863114,0.0,0
2030-06-29 02:00:00,0.0,164.0161654332645,0.0,99.9999999999999,0.0,26.964220536892,0.0,0
2030-06-29 03:00:00,0.0,164.0161654332645,0.0,99.9999999999999,0.0,34.6471765254859,0.0,0
2030-06-29 04:00:00,0.0,164.0161654332645,0.0,99.9999999999999,0.0,36.64179009944776,0.0,0
2030-06-29 05:00:00,0.0,164.0161654332645,0.0,99.9999999999999,0.0,39.30127486473027,0.0,0
2030-06-29 06:00:00,0.0,164.0161654332645,0.0,99.9999999999999,0.0,45.06349185617567,0.0,0
2030-06-29 07:00:00,0.0,164.0161654332645,0.0,99.9999999999999,0.0,59.616783488416026,0.0,0
2030-06-29 08:00:00,0.0,164.0161654332645,0.0,99.9999999999999,17.27590850056673,66.11774624799547,0.0,0
2030-06-29 09:00:00,0.0,164.0161654332645,0.0,99.9999999999999,71.12467864055243,69.88534966547903,0.0,0
2030-06-29 10:00:00,0.0,164.0161654332645,0.0,99.9999999999999,128.00146589375387,63.606010636339775,0.0,0
2030-06-29 11:00:00,0.0,164.0161654332645,0.0,66.53362423666982,175.14162211292015,69.146603897345,0.0,0
2030-06-29 12:00:00,0.0,164.0161654332645,0.0,11.579281802376443,206.71334489770587,77.63922524781377,0.0,0
2030-06-29 13:00:00,0.0,164.0161654332645,0.0,0.0,224.96782711950337,79.21496997124363,0.0,0
2030-06-29 14:00:00,0.0,164.0161654332645,0.0,0.0,226.82972040893088,86.7553480265877,0.0,0
2030-06-29 15:00:00,0.0,164.0161654332645,0.0,0.0,214.9998645709572,95.7348028382568,0.0,0
2030-06-29 16:00:00,0.0,164.0161654332645,0.0,27.96937629677683,187.95300987563496,96.0827520950479,0.0,0
2030-06-29 17:00:00,0.0,164.0161654332645,0.0,99.9999999999999,145.80393461916665,96.29181714742985,0.0,0
2030-06-29 18:00:00,0.0,164.0161654332645,0.0,99.9999999999999,91.20555570965294,97.94586892228192,0.0,0
2030-06-29 19:00:00,0.0,164.0161654332645,0.0,99.9999999999999,33.368535596985055,82.29775606166695,0.0,0
2030-06-29 20:00:00,0.0,164.0161654332645,0.0,99.9999999999999,1.1951142181898606,64.27088182766042,0.0,0
2030-06-29 21:00:00,0.0,164.0161654332645,0.0,99.9999999999999,0.0,50.899583424434496,0.0,0
2030-06-29 22:00:00,0.0,164.0161654332645,0.0,99.9999999999999,0.0,45.35899016342929,0.0,0
2030-06-29 23:00:00,0.0,164.0161654332645,0.0,99.9999999999999,0.0,41.59138674594576,0.0,0
2030-06-30 00:00:00,0.0,164.0161654332645,0.0,99.9999999999999,0.0,45.580613893869504,0.0,0
2030-06-30 01:00:00,0.0,164.0161654332645,0.0,99.9999999999999,0.0,54.37168853466444,0.0,0
2030-06-30 02:00:00,0.0,164.0161654332645,0.0,99.9999999999999,0.0,55.11043430279845,0.0,0
2030-06-30 03:00:00,0.0,164.0161654332645,0.0,99.9999999999999,0.0,53.6329427665304,0.0,0
2030-06-30 04:00:00,0.0,164.0161654332645,0.0,99.9999999999999,0.0,48.60947154321903,0.0,0
2030-06-30 05:00:00,0.0,164.0161654332645,0.0,99.9999999999999,0.0,41.22201386187875,0.0,0
2030-06-30 06:00:00,0.0,164.0161654332645,0.0,99.9999999999999,0.0,33.24355956603124,0.0,0
2030-06-30 07:00:00,0.0,164.0161654332645,0.0,99.9999999999999,0.0,28.95883411085386,0.0,0
2030-06-30 08:00:00,0.0,164.0161654332645,0.0,99.9999999999999,17.33507257077415,24.674108655676513,0.0,0
2030-06-30 09:00:00,0.0,164.0161654332645,0.0,99.9999999999999,72.3706739591207,13.519047556852684,0.0,0
2030-06-30 10:00:00,0.0,164.0161654332645,0.0,55.413912733192205,128.29728624479097,5.4002315650597295,0.0,0
2030-06-30 11:00:00,0.0,164.0161654332645,0.0,0.0,174.80852839765242,5.053021054036728,0.0,0
2030-06-30 12:00:00,0.0,164.0161654332645,0.0,0.0,206.66838020434824,6.124202417831065,0.0,0
2030-06-30 13:00:00,0.0,164.0161654332645,0.0,0.0,223.7099989868936,7.055022085679961,0.0,0
2030-06-30 14:00:00,0.0,164.0161654332645,0.0,0.0,224.5921352736862,6.552674963348812,0.0,0
2030-06-30 15:00:00,0.0,164.0161654332645,0.0,0.0,212.17063873363833,8.643325487168102,0.0,0
2030-06-30 16:00:00,0.0,164.0161654332645,0.0,0.0,184.6155646752344,19.724512009178525,0.0,0
2030-06-30 17:00:00,0.0,164.0161654332645,0.0,6.909385052684172,143.56575784321993,40.77876640099833,0.0,0
2030-06-30 18:00:00,0.0,164.0161654332645,0.0,66.9406456487934,89.70278832638448,75.58255702932864,0.0,0
2030-06-30 19:00:00,0.0,164.0161654332645,0.0,99.9999999999999,32.48107454387375,103.39264147073408,0.0,0
2030-06-30 20:00:00,0.0,164.0161654332645,0.0,99.9999999999999,1.1951142181898606,110.24672470748165,0.0,0
2030-06-30 21:00:00,0.0,164.0161654332645,0.0,99.9999999999999,0.0,106.62465420632049,0.0,0
2030-06-30 22:00:00,0.0,164.0161654332645,0.0,99.9999999999999,0.0,71.06734289449344,0.0,0
2030-06-30 23:00:00,0.0,164.0161654332645,0.0,99.9999999999999,0.0,73.20970562208214,0.0,0
2030-07-01 00:00:00,0.0,164.0161654332645,0.0,99.9999999999999,0.0,65.67449878711506,0.0,0
2030-07-01 01:00:00,0.0,164.0161654332645,0.0,99.9999999999999,0.0,59.83840721885624,0.0,0
2030-07-01 02:00:00,0.0,164.0161654332645,0.0,99.9999999999999,0.0,62.94113944501914,0.0,0
2030-07-01 03:00:00,0.0,164.0161654332645,0.0,99.9999999999999,0.0,72.47095985394812,0.0,0
2030-07-01 04:00:00,0.0,164.0161654332645,0.0,99.9999999999999,0.0,77.47374619575174,0.0,0
2030-07-01 05:00:00,0.0,164.0161654332645,0.0,99.9999999999999,0.0,81.49400066593714,0.0,0
2030-07-01 06:00:00,0.0,164.0161654332645,0.0,99.9999999999999,0.0,78.87588566367013,0.0,0
2030-07-01 07:00:00,0.0,164.0161654332645,0.0,99.9999999999999,0.0,75.05066007627212,0.0,0
2030-07-01 08:00:00,0.0,164.0161654332645,0.0,99.9999999999999,16.32928337724801,57.47442076082734,0.0,0
2030-07-01 09:00:00,0.0,164.0161654332645,0.0,99.9999999999999,68.50075212685333,71.51059035537385,0.0,0
2030-07-01 10:00:00,0.0,164.0161654332645,0.0,99.9999999999999,123.01038493105588,58.87803772028201,0.0,0
2030-07-01 11:00:00,0.0,164.0161654332645,0.0,90.5075623873256,166.81546251262992,63.310512329086166,0.0,0
2030-07-01 12:00:00,0.0,164.0161654332645,0.0,40.41128377805848,202.3434866721858,70.32859712635943,0.0,0
2030-07-01 13:00:00,0.0,164.0161654332645,0.0,0.0,220.46484973601656,75.73252242025985,0.0,0
2030-07-01 14:00:00,0.0,164.0161654332645,0.0,0.0,221.69191255211848,81.54275788663395,0.0,0
2030-07-01 15:00:00,0.0,164.0161654332645,0.0,25.600202177622577,209.7247960712636,85.16999960817203,0.0,0
2030-07-01 16:00:00,0.0,164.0161654332645,0.0,81.87212415312872,180.872845593913,84.76738316453901,0.0,0
2030-07-01 17:00:00,0.0,164.0161654332645,0.0,99.9999999999999,141.13825604260947,89.22054265485093,0.0,0
2030-07-01 18:00:00,0.0,164.0161654332645,0.0,99.9999999999999,86.43634001023278,85.39753330475733,0.0,0
2030-07-01 19:00:00,0.0,164.0161654332645,0.0,99.9999999999999,32.12609012262922,64.64025471172741,0.0,0
2030-07-01 20:00:00,0.0,164.0161654332645,0.0,99.9999999999999,1.1891978111691186,47.944600351898394,0.0,0
2030-07-01 21:00:00,0.0,164.0161654332645,0.0,99.9999999999999,0.0,33.31743414284464,0.0,0
2030-07-01 22:00:00,0.0,164.0161654332645,0.0,99.9999999999999,0.0,14.553291632240322,0.0,0
2030-07-01 23:00:00,0.0,164.0161654332645,0.0,99.9999999999999,0.0,8.200078026287702,0.0,0
2030-07-02 00:00:00,0.0,164.0161654332645,0.0,99.9999999999999,0.0,8.126203449474298,0.0,0
2030-07-02 01:00:00,0.0,164.0161654332645,0.0,99.9999999999999,0.0,7.31358310452685,0.0,0
2030-07-02 02:00:00,0.0,164.0161654332645,0.0,99.9999999999999,0.0,4.890496985047239,0.0,0
2030-07-02 03:00:00,0.0,164.0161654332645,0.0,99.9999999999999,0.0,5.5405932610051964,0.0,0
2030-07-02 04:00:00,0.0,164.0161654332645,0.0,99.9999999999999,0.0,6.5231251326234485,0.0,0
2030-07-02 05:00:00,0.0,164.0161654332645,0.0,99.9999999999999,0.0,7.904579719034085,0.0,0
2030-07-02 06:00:00,0.0,164.0161654332645,0.0,99.9999999999999,0.0,11.302810252450609,0.0,0
2030-07-02 07:00:00,0.0,164.0161654332645,0.0,99.9999999999999,0.0,15.21816282356096,0.0,0
2030-07-02 08:00:00,0.0,164.0161654332645,0.0,99.9999999999999,15.382658253929256,12.115430597398028,0.0,0
2030-07-02 09:00:00,0.0,164.0161654332645,0.0,99.9999999999999,65.76914700537671,16.030783168508385,0.0,0
2030-07-02 10:00:00,0.0,164.0161654332645,0.0,99.9999999999999,113.18382451030544,15.883034014881572,0.0,0
2030-07-02 11:00:00,0.0,164.0161654332645,0.0,99.9999999999999,160.57661130925743,13.2974238264125,0.0,0
2030-07-02 12:00:00,0.0,164.0161654332645,0.0,99.9999999999999,198.9575269342152,11.376684829264011,0.0,0
2030-07-02 13:00:00,0.0,164.0161654332645,0.0,99.9999999999999,216.8676742674054,11.746057713331032,0.0,0
2030-07-02 14:00:00,0.0,164.0161654332645,0.0,76.6831654078008,221.39017579406064,15.21816282356096,0.0,0
2030-07-02 15:00:00,0.0,164.0161654332645,0.0,99.9999999999999,208.7805375107532,18.764142510604287,0.0,0
2030-07-02 16:00:00,0.0,164.0161654332645,0.0,99.9999999999999,181.32781729380807,29.25433241810748,0.0,0
2030-07-02 17:00:00,0.0,164.0161654332645,0.0,99.9999999999999,138.11674697711652,54.22393938103763,0.0,0
2030-07-02 18:00:00,0.0,164.0161654332645,0.0,99.9999999999999,80.09690988750773,67.52136320745014,0.0,0
2030-07-02 19:00:00,0.0,164.0161654332645,0.0,99.9999999999999,27.452128576243,50.234712233113875,0.0,0
2030-07-02 20:00:00,0.0,164.0161654332645,0.0,99.9999999999999,1.485018162206229,35.312047716806504,0.0,0
2030-07-02 21:00:00,0.0,164.0161654332645,0.0,99.9999999999999,0.0,25.04348153974353,0.0,0
2030-07-02 22:00:00,0.0,164.0161654332645,0.0,99.9999999999999,0.0,14.70104078586713,0.0,0
2030-07-02 23:00:00,0.0,164.0161654332645,0.0,99.9999999999999,0.0,13.519047556852684,0.0,0
2030-07-03 00:00:00,0.0,164.0161654332645,0.0,99.9999999999999,0.0,14.036169594546516,0.0,0
2030-07-03 01:00:00,0.0,164.0161654332645,0.0,99.9999999999999,0.0,14.922664516307345,0.0,0
2030-07-03 02:00:00,0.0,164.0161654332645,0.0,99.9999999999999,0.0,14.183918748173326,0.0,0
2030-07-03 03:00:00,0.0,164.0161654332645,0.0,99.9999999999999,0.0,10.933437368383611,0.0,0
2030-07-03 04:00:00,0.0,164.0161654332645,0.0,99.9999999999999,0.0,6.855560728283769,0.0,0
2030-07-03 05:00:00,0.0,164.0161654332645,0.0,99.9999999999999,0.0,8.495576333541319,0.0,0
2030-07-03 06:00:00,0.0,164.0161654332645,0.0,99.9999999999999,0.0,11.893806866957844,0.0,0
2030-07-03 07:00:00,0.0,164.0161654332645,0.0,99.9999999999999,0.0,11.672183136517628,0.0,0
2030-07-03 08:00:00,0.0,164.0161654332645,0.0,99.9999999999999,13.311915796669547,8.495576333541319,0.0,0
2030-07-03 09:00:00,0.0,164.0161654332645,0.0,99.9999999999999,51.65023329107792,8.93882379442172,0.0,0
2030-07-03 10:00:00,0.0,164.0161654332645,0.0,99.9999999999999,101.9556672663412,7.83070514222068,0.0,0
2030-07-03 11:00:00,0.0,164.0161654332645,0.0,99.9999999999999,148.77811242849367,8.495576333541319,0.0,0
2030-07-03 12:00:00,0.0,164.0161654332645,0.0,99.9999999999999,191.09758020715935,10.342440753876378,0.0,0
2030-07-03 13:00:00,0.0,164.0161654332645,0.0,99.9999999999999,210.1620185500964,16.030783168508385,0.0,0
2030-07-03 14:00:00,0.0,164.0161654332645,0.0,85.39973744936958,214.623581084438,22.753369658528047,0.0,0
2030-07-03 15:00:00,0.0,164.0161654332645,0.0,99.9999999999999,191.89333695144916,32.94806125877762,0.0,0
2030-07-03 16:00:00,0.0,164.0161654332645,0.0,99.9999999999999,175.74332070692967,54.74106141873144,0.0,0
2030-07-03 17:00:00,0.0,164.0161654332645,0.0,99.9999999999999,138.14396244941193,73.72682765977596,0.0,0
2030-07-03 18:00:00,0.0,164.0161654332645,0.0,99.9999999999999,87.59832234910652,82.92790620188528,0.0,0
2030-07-03 19:00:00,0.0,164.0161654332645,0.0,99.9999999999999,32.42191047366633,76.8170012078806,0.0,0
2030-07-03 20:00:00,0.0,164.0161654332645,0.0,99.9999999999999,1.1891978111691186,67.66911236107694,0.0,0
2030-07-03 21:00:00,0.0,164.0161654332645,0.0,99.9999999999999,0.0,55.84918007093248,0.0,0
2030-07-03 22:00:00,0.0,164.0161654332645,0.0,99.9999999999999,0.0,35.016549409552916,0.0,0
2030-07-03 23:00:00,0.0,164.0161654332645,0.0,99.9999999999999,0.0,41.517512169132345,0.0,0
2030-07-04 00:00:00,0.0,164.0161654332645,0.0,99.9999999999999,0.0,49.20046815772624,0.0,0
2030-07-04 01:00:00,0.0,164.0161654332645,0.0,99.9999999999999,0.0,70.47634627998626,0.0,0
2030-07-04 02:00:00,0.0,164.0161654332645,0.0,99.9999999999999,0.0,85.78168110418704,0.0,0
2030-07-04 03:00:00,0.0,164.0161654332645,0.0,99.9999999999999,0.0,105.98933284572522,0.0,0
2030-07-04 04:00:00,0.0,164.0161654332645,0.0,99.9999999999999,0.0,116.63687560184098,0.0,0
2030-07-04 05:00:00,0.0,164.0161654332645,0.0,99.9999999999999,0.0,117.4406309975708,0.0,0
2030-07-04 06:00:00,0.0,164.0161654332645,0.0,99.9999999999999,0.0,112.50802550373989,0.0,0
2030-07-04 07:00:00,0.0,164.0161654332645,0.0,99.9999999999999,0.0,108.44714001630715,0.0,0
2030-07-04 08:00:00,0.0,164.0161654332645,0.0,99.9999999999999,16.32928337724801,92.97337115697178,0.0,0
2030-07-04 09:00:00,0.0,164.0161654332645,0.0,99.9999999999999,71.05782324121802,89.77829570979209,0.0,0
2030-07-04 10:00:00,0.0,164.0161654332645,0.0,99.9999999999999,126.94716216265763,77.27797856719621,0.0,0
2030-07-04 11:00:00,0.0,164.0161654332645,0.0,85.36382399860041,171.66928283244667,90.7009891741915,0.0,0
2030-07-04 12:00:00,0.0,164.0161654332645,0.0,30.729182605751703,206.54472729761477,105.31116423057816,0.0,0
2030-07-04 13:00:00,0.0,164.0161654332645,0.0,0.0,226.02035592849333,116.42263932908212,0.0,0
2030-07-04 14:00:00,0.0,164.0161654332645,0.0,0.0,227.85621702702963,114.29209653378356,0.0,0
2030-07-04 15:00:00,0.0,164.0161654332645,0.0,19.522682764273668,213.59294298142473,112.26571689179188,0.0,0
2030-07-04 16:00:00,0.0,164.0161654332645,0.0,71.59062902064295,188.33284320636665,114.2824928387978,0.0,0
2030-07-04 17:00:00,0.0,164.0161654332645,0.0,99.9999999999999,146.96591695804037,129.27903193191858,0.0,0
2030-07-04 18:00:00,0.0,164.0161654332645,0.0,99.9999999999999,92.37759594046193,143.23615572927477,0.0,0
2030-07-04 19:00:00,0.0,164.0161654332645,0.0,99.9999999999999,34.315160720303766,142.12138836516047,0.0,0
2030-07-04 20:00:00,0.0,164.0161654332645,0.0,99.9999999999999,1.2897767305217362,130.3147534988425,0.0,0
2030-07-04 21:00:00,0.0,164.0161654332645,0.0,99.9999999999999,0.0,124.30136294623152,0.0,0
2030-07-04 22:00:00,0.0,164.0161654332645,0.0,99.9999999999999,0.0,119.06587168746564,0.0,0
2030-07-04 23:00:00,0.0,164.0161654332645,0.0,99.9999999999999,0.0,112.5560439786686,0.0,0
2030-07-05 00:00:00,0.0,164.0161654332645,0.0,99.9999999999999,0.0,110.31025684354115,0.0,0
2030-07-05 01:00:00,0.0,164.0161654332645,0.0,99.9999999999999,0.0,105.1922261619086,0.0,0
2030-07-05 02:00:00,0.0,164.0161654332645,0.0,99.9999999999999,0.0,91.62442138435905,0.0,0
2030-07-05 03:00:00,0.0,164.0161654332645,0.0,99.9999999999999,0.0,77.33190700827002,0.0,0
2030-07-05 04:00:00,0.0,164.0161654332645,0.0,99.9999999999999,0.0,63.08888859864595,0.0,0
2030-07-05 05:00:00,0.0,164.0161654332645,0.0,99.9999999999999,0.0,50.38246138674069,0.0,0
2030-07-05 06:00:00,0.0,164.0161654332645,0.0,99.9999999999999,0.0,41.59138674594576,0.0,0
2030-07-05 07:00:00,0.0,164.0161654332645,0.0,99.9999999999999,0.0,36.346291792194165,0.0,0
2030-07-05 08:00:00,0.0,164.0161654332645,0.0,99.9999999999999,16.270119307040588,30.214701916681708,0.0,0
2030-07-05 09:00:00,0.0,164.0161654332645,0.0,99.9999999999999,70.57977755394207,24.600234078863114,0.0,0
2030-07-05 10:00:00,0.0,164.0161654332645,0.0,99.9999999999999,126.02242774531564,8.93882379442172,0.0,0
2030-07-05 11:00:00,0.0,164.0161654332645,0.0,99.9999999999999,173.6347132447372,4.883109527365924,0.0,0
2030-07-05 12:00:00,0.0,164.0161654332645,0.0,99.9999999999999,206.35481063224887,3.486880025592608,0.0,0
2030-07-05 13:00:00,0.0,164.0161654332645,0.0,71.0855408504724,219.2087965255131,4.484186812573541,0.0,0
2030-07-05 14:00:00,0.0,164.0161654332645,0.0,45.92893205860497,226.1043689081879,6.035552925655006,0.0,0
2030-07-05 15:00:00,0.0,164.0161654332645,0.0,96.32764261969214,212.69187419216567,9.30819667848874,0.0,0
2030-07-05 16:00:00,0.0,164.0161654332645,0.0,99.9999999999999,185.5172251051955,14.922664516307345,0.0,0
2030-07-05 17:00:00,0.0,164.0161654332645,0.0,99.9999999999999,143.54445877794527,25.92997646150436,0.0,0
2030-07-05 18:00:00,0.0,164.0161654332645,0.0,99.9999999999999,89.53239580418708,45.28511558661589,0.0,0
2030-07-05 19:00:00,0.0,164.0161654332645,0.0,99.9999999999999,32.24441826304406,74.62809749689949,0.0,0
2030-07-05 20:00:00,0.0,164.0161654332645,0.0,99.9999999999999,1.236529067335056,85.84521324024652,0.0,0
2030-07-05 21:00:00,0.0,164.0161654332645,0.0,99.9999999999999,0.0,69.07272932053156,0.0,0
2030-07-05 22:00:00,0.0,164.0161654332645,0.0,99.9999999999999,0.0,36.49404094582096,0.0,0
2030-07-05 23:00:00,0.0,164.0161654332645,0.0,99.9999999999999,0.0,21.940749313580604,0.0,0
2030-07-06 00:00:00,0.0,164.0161654332645,0.0,99.9999999999999,0.0,18.54251878016408,0.0,0
2030-07-06 01:00:00,0.0,164.0161654332645,0.0,99.9999999999999,0.0,16.400156052575404,0.0,0
2030-07-06 02:00:00,0.0,164.0161654332645,0.0,99.9999999999999,0.0,20.463257777312567,0.0,0
2030-07-06 03:00:00,0.0,164.0161654332645,0.0,99.9999999999999,0.0,28.14621376590644,0.0,0
2030-07-06 04:00:00,0.0,164.0161654332645,0.0,99.9999999999999,0.0,31.396695145696174,0.0,0
2030-07-06 05:00:00,0.0,164.0161654332645,0.0,99.9999999999999,0.0,37.085037560328175,0.0,0
2030-07-06 06:00:00,0.0,164.0161654332645,0.0,99.9999999999999,0.0,43.29050201265402,0.0,0
2030-07-06 07:00:00,0.0,164.0161654332645,0.0,99.9999999999999,0.0,43.51212574309423,0.0,0
2030-07-06 08:00:00,0.0,164.0161654332645,0.0,99.9999999999999,13.489408007291814,35.60754602406012,0.0,0
2030-07-06 09:00:00,0.0,164.0161654332645,0.0,99.9999999999999,55.14091343331573,48.01847492871177,0.0,0
2030-07-06 10:00:00,0.0,164.0161654332645,0.0,99.9999999999999,68.05997980380806,21.940749313580604,0.0,0
2030-07-06 11:00:00,0.0,164.0161654332645,0.0,99.9999999999999,104.9008546812666,17.212776397522827,0.0,0
2030-07-06 12:00:00,0.0,164.0161654332645,0.0,95.82050448319984,131.87138772602125,14.331667901800135,0.0,0
2030-07-06 13:00:00,0.0,164.0161654332645,0.0,36.304772174817856,169.886077756395,8.79107464079491,0.0,0
2030-07-06 14:00:00,0.0,164.0161654332645,0.0,81.18257751577767,127.1589695340002,1.7508274704776314,0.0,0
2030-07-06 15:00:00,0.0,164.0161654332645,0.0,95.9721117370629,126.85309129102787,2.23101221976476,0.0,0
2030-07-06 16:00:00,0.0,164.0161654332645,0.0,99.9999999999999,111.74554596356305,5.732667160720048,0.0,0
2030-07-06 17:00:00,0.0,164.0161654332645,0.0,99.9999999999999,79.02722349815755,16.17853232213519,0.0,0
2030-07-06 18:00:00,0.0,164.0161654332645,0.0,99.9999999999999,59.50248868900676,30.06695276305493,0.0,0
2030-07-06 19:00:00,0.0,164.0161654332645,0.0,99.9999999999999,26.91965194437624,50.9734580012479,0.0,0
2030-07-06 20:00:00,0.0,164.0161654332645,0.0,99.9999999999999,0.9466251233187208,64.56638013491401,0.0,0
2030-07-06 21:00:00,0.0,164.0161654332645,0.0,99.9999999999999,0.0,51.78607834619534,0.0,0
2030-07-06 22:00:00,0.0,164.0161654332645,0.0,99.9999999999999,0.0,43.43825116628082,0.0,0
2030-07-06 23:00:00,0.0,164.0161654332645,0.0,99.9999999999999,0.0,33.83455618053847,0.0,0
2030-07-07 00:00:00,0.0,164.0161654332645,0.0,99.9999999999999,0.0,22.38399677446103,0.0,0
2030-07-07 01:00:00,0.0,164.0161654332645,0.0,99.9999999999999,0.0,17.06502724389602,0.0,0
2030-07-07 02:00:00,0.0,164.0161654332645,0.0,99.9999999999999,0.0,16.843403513455833,0.0,0
2030-07-07 03:00:00,0.0,164.0161654332645,0.0,99.9999999999999,0.0,17.729898435216658,0.0,0
2030-07-07 04:00:00,0.0,164.0161654332645,0.0,99.9999999999999,0.0,19.872261162805334,0.0,0
2030-07-07 05:00:00,0.0,164.0161654332645,0.0,99.9999999999999,0.0,19.946135739618736,0.0,0
2030-07-07 06:00:00,0.0,164.0161654332645,0.0,99.9999999999999,0.0,15.21816282356096,0.0,0
2030-07-07 07:00:00,0.0,164.0161654332645,0.0,99.9999999999999,0.0,10.933437368383611,0.0,0
2030-07-07 08:00:00,0.0,164.0161654332645,0.0,99.9999999999999,11.182009269202416,8.347827179914512,0.0,0
2030-07-07 09:00:00,0.0,164.0161654332645,0.0,99.9999999999999,50.9402644485889,5.865641398984176,0.0,0
2030-07-07 10:00:00,0.0,164.0161654332645,0.0,38.02523201251728,102.46684483293332,0.0434382511662734,0.0,0
2030-07-07 11:00:00,0.0,164.0161654332645,0.0,0.0,146.6618136371742,0.0434382511662734,0.0,0
2030-07-07 12:00:00,0.0,164.0161654332645,0.0,0.0,176.78165013906985,0.1455329163223858,0.0,0
2030-07-07 13:00:00,0.0,164.0161654332645,0.0,0.0,186.6596833009008,1.994613573961866,0.0,0
2030-07-07 14:00:00,0.0,164.0161654332645,0.0,0.0,188.85230374278777,3.996614605605072,0.0,0
2030-07-07 15:00:00,0.0,164.0161654332645,0.0,0.0,192.64412900238133,9.60369498574236,0.0,0
2030-07-07 16:00:00,0.0,164.0161654332645,0.0,0.0,165.17957597139474,19.872261162805334,0.0,0
2030-07-07 17:00:00,0.0,164.0161654332645,0.0,33.04288197574721,129.06168603187086,41.29588843869213,0.0,0
2030-07-07 18:00:00,0.0,164.0161654332645,0.0,99.9999999999999,80.57732213759196,58.58253941302839,0.0,0
2030-07-07 19:00:00,0.0,164.0161654332645,0.0,99.9999999999999,25.20389390836103,65.96999709436867,0.0,0
2030-07-07 20:00:00,0.0,164.0161654332645,0.0,99.9999999999999,0.5662001518849967,46.76260712288394,0.0,0
2030-07-07 21:00:00,0.0,164.0161654332645,0.0,99.9999999999999,0.0,33.02193583559102,0.0,0
2030-07-07 22:00:00,0.0,164.0161654332645,0.0,99.9999999999999,0.0,19.20738997148472,0.0,0
2030-07-07 23:00:00,0.0,164.0161654332645,0.0,99.9999999999999,0.0,5.969065806522942,0.0,0
2030-07-08 00:00:00,0.0,164.0161654332645,0.0,99.9999999999999,0.0,0.3124894599206693,0.0,0
2030-07-08 01:00:00,0.0,164.0161654332645,0.0,99.9999999999999,0.0,0.6264564113776377,0.0,0
2030-07-08 02:00:00,0.0,164.0161654332645,0.0,99.9999999999999,0.0,7.30619564684551,0.0,0
2030-07-08 03:00:00,0.0,164.0161654332645,0.0,99.9999999999999,0.0,12.26317975102484,0.0,0
2030-07-08 04:00:00,0.0,164.0161654332645,0.0,99.9999999999999,0.0,4.055714267055795,0.0,0
2030-07-08 05:00:00,0.0,164.0161654332645,0.0,99.9999999999999,0.0,0.9234322101675286,0.0,0
2030-07-08 06:00:00,0.0,164.0161654332645,0.0,99.9999999999999,0.0,1.9281264548298016,0.0,0
2030-07-08 07:00:00,0.0,164.0161654332645,0.0,99.9999999999999,0.0,4.0926515554624965,0.0,0
2030-07-08 08:00:00,0.0,164.0161654332645,0.0,99.9999999999999,14.791017551855067,4.402924778078797,0.0,0
2030-07-08 09:00:00,0.0,164.0161654332645,0.0,99.9999999999999,55.9692104162196,5.799154279852113,0.0,0
2030-07-08 10:00:00,0.0,164.0161654332645,0.0,99.9999999999999,104.43819165224456,6.19068953696313,0.0,0
2030-07-08 11:00:00,0.0,164.0161654332645,0.0,99.9999999999999,157.09421413684868,8.79107464079491,0.0,0
2030-07-08 12:00:00,0.0,164.0161654332645,0.0,99.9999999999999,168.3087636446652,10.120817023436164,0.0,0
2030-07-08 13:00:00,0.0,164.0161654332645,0.0,99.9999999999999,199.15158508449548,12.780301788718669,0.0,0
2030-07-08 14:00:00,0.0,164.0161654332645,0.0,99.9999999999999,202.3281040139319,17.43440012796304,0.0,0
2030-07-08 15:00:00,0.0,164.0161654332645,0.0,99.9999999999999,193.74517234894145,20.020010316432135,0.0,0
2030-07-08 16:00:00,0.0,164.0161654332645,0.0,99.9999999999999,166.4391790261107,22.53174592808784,0.0,0
2030-07-08 17:00:00,0.0,164.0161654332645,0.0,99.9999999999999,125.29352640036024,26.44709849919819,0.0,0
2030-07-08 18:00:00,0.0,164.0161654332645,0.0,99.9999999999999,76.77011421974444,33.83455618053847,0.0,0
2030-07-08 19:00:00,0.0,164.0161654332645,0.0,99.9999999999999,30.469496156821467,36.86341382988797,0.0,0
2030-07-08 20:00:00,0.0,164.0161654332645,0.0,99.9999999999999,1.6092627096418155,36.93728840670137,0.0,0
2030-07-08 21:00:00,0.0,164.0161654332645,0.0,99.9999999999999,0.0,35.829169754500334,0.0,0
2030-07-08 22:00:00,0.0,164.0161654332645,0.0,99.9999999999999,0.0,24.230861194796084,0.0,0
2030-07-08 23:00:00,0.0,164.0161654332645,0.0,99.9999999999999,0.0,24.009237464355877,0.0,0
2030-07-09 00:00:00,0.0,164.0161654332645,0.0,99.9999999999999,0.0,22.97499338896824,0.0,0
2030-07-09 01:00:00,0.0,164.0161654332645,0.0,99.9999999999999,0.0,20.020010316432135,0.0,0
2030-07-09 02:00:00,0.0,164.0161654332645,0.0,99.9999999999999,0.0,22.08849846720741,0.0,0
2030-07-09 03:00:00,0.0,164.0161654332645,0.0,99.9999999999999,0.0,25.85610188469096,0.0,0
2030-07-09 04:00:00,0.0,164.0161654332645,0.0,99.9999999999999,0.0,30.87957310800235,0.0,0
2030-07-09 05:00:00,0.0,164.0161654332645,0.0,99.9999999999999,0.0,28.441712073160055,0.0,0
2030-07-09 06:00:00,0.0,164.0161654332645,0.0,99.9999999999999,0.0,25.33897984699715,0.0,0
2030-07-09 07:00:00,0.0,164.0161654332645,0.0,99.9999999999999,0.0,19.13351539467132,0.0,0
2030-07-09 08:00:00,0.0,164.0161654332645,0.0,99.9999999999999,14.6135253412328,11.598308559704224,0.0,0
2030-07-09 09:00:00,0.0,164.0161654332645,0.0,99.9999999999999,64.16994218767016,1.521816282356078,0.0,0
2030-07-09 10:00:00,0.0,164.0161654332645,0.0,99.9999999999999,125.00717230055633,5.053021054036728,0.0,0
2030-07-09 11:00:00,0.0,164.0161654332645,0.0,99.9999999999999,174.00508032423562,7.535206834967062,0.0,0
2030-07-09 12:00:00,0.0,164.0161654332645,0.0,90.18187702988297,204.58521329234495,11.598308559704224,0.0,0
2030-07-09 13:00:00,0.0,164.0161654332645,0.0,48.80111804814612,225.06603947604768,15.439786554001175,0.0,0
2030-07-09 14:00:00,0.0,164.0161654332645,0.0,39.79456357632142,225.53047742717595,21.4236272758868,0.0,0
2030-07-09 15:00:00,0.0,164.0161654332645,0.0,75.78897712863443,214.17334251015953,29.845329032614718,0.0,0
2030-07-09 16:00:00,0.0,164.0161654332645,0.0,99.9999999999999,187.6997876551472,38.48865451978285,0.0,0
2030-07-09 17:00:00,0.0,164.0161654332645,0.0,99.9999999999999,146.48964619287068,50.45633596355409,0.0,0
2030-07-09 18:00:00,0.0,164.0161654332645,0.0,99.9999999999999,92.50065720649337,54.81493599554484,0.0,0
2030-07-09 19:00:00,0.0,164.0161654332645,0.0,99.9999999999999,34.374324790511196,41.44363759231894,0.0,0
2030-07-09 20:00:00,0.0,164.0161654332645,0.0,99.9999999999999,1.3134423586047048,31.10119683844256,0.0,0
2030-07-09 21:00:00,0.0,164.0161654332645,0.0,99.9999999999999,0.0,28.441712073160055,0.0,0
2030-07-09 22:00:00,0.0,164.0161654332645,0.0,99.9999999999999,0.0,35.976918908127146,0.0,0
2030-07-09 23:00:00,0.0,164.0161654332645,0.0,99.9999999999999,0.0,46.31935966200354,0.0,0
2030-07-10 00:00:00,0.0,164.0161654332645,0.0,99.9999999999999,0.0,65.96999709436867,0.0,0
2030-07-10 01:00:00,0.0,164.0161654332645,0.0,99.9999999999999,0.0,89.07353224699226,0.0,0
2030-07-10 02:00:00,0.0,164.0161654332645,0.0,99.9999999999999,0.0,107.4114184493832,0.0,0
2030-07-10 03:00:00,0.0,164.0161654332645,0.0,99.9999999999999,0.0,114.92076918246563,0.0,0
2030-07-10 04:00:00,0.0,164.0161654332645,0.0,99.9999999999999,0.0,103.3992901826473,0.0,0
2030-07-10 05:00:00,0.0,164.0161654332645,0.0,99.9999999999999,0.0,82.72401236988028,0.0,0
2030-07-10 06:00:00,0.0,164.0161654332645,0.0,99.9999999999999,0.0,63.67988521315316,0.0,0
2030-07-10 07:00:00,0.0,164.0161654332645,0.0,99.9999999999999,0.0,51.93382749982215,0.0,0
2030-07-10 08:00:00,0.0,164.0161654332645,0.0,99.9999999999999,14.258540919988269,37.52828502120861,0.0,0
2030-07-10 09:00:00,0.0,164.0161654332645,0.0,99.9999999999999,61.01531396421051,29.10658326448067,0.0,0
2030-07-10 10:00:00,0.0,164.0161654332645,0.0,99.9999999999999,125.85203522311828,34.13005448779206,0.0,0
2030-07-10 11:00:00,0.0,164.0161654332645,0.0,99.9999999999999,174.98306240476427,25.117356116556937,0.0,0
2030-07-10 12:00:00,0.0,164.0161654332645,0.0,71.07501574339318,207.58305672975493,24.009237464355877,0.0,0
2030-07-10 13:00:00,0.0,164.0161654332645,0.0,19.049087927739837,225.68903713533183,37.232786713954994,0.0,0
2030-07-10 14:00:00,0.0,164.0161654332645,0.0,0.0,228.5715106358373,66.9303665929429,0.0,0
2030-07-10 15:00:00,0.0,164.0161654332645,0.0,0.0,216.56002110232683,94.75965842431987,0.0,0
2030-07-10 16:00:00,0.0,164.0161654332645,0.0,39.501923601063936,189.84566848157036,101.61669664413988,0.0,0
2030-07-10 17:00:00,0.0,164.0161654332645,0.0,99.9999999999999,147.89065137538236,96.55924311549437,0.0,0
2030-07-10 18:00:00,0.0,164.0161654332645,0.0,99.9999999999999,92.74559645715209,91.90883850509064,0.0,0
2030-07-10 19:00:00,0.0,164.0161654332645,0.0,99.9999999999999,33.90101222885182,84.57309302751975,0.0,0
2030-07-10 20:00:00,0.0,164.0161654332645,0.0,99.9999999999999,1.396272056895096,72.17546154669449,0.0,0
2030-07-10 21:00:00,0.0,164.0161654332645,0.0,99.9999999999999,0.0,53.78069192015721,0.0,0
2030-07-10 22:00:00,0.0,164.0161654332645,0.0,99.9999999999999,0.0,37.085037560328175,0.0,0
2030-07-10 23:00:00,0.0,164.0161654332645,0.0,99.9999999999999,0.0,34.499427371859085,0.0,0
2030-07-11 00:00:00,0.0,164.0161654332645,0.0,99.9999999999999,0.0,31.322820568882772,0.0,0
2030-07-11 01:00:00,0.0,164.0161654332645,0.0,99.9999999999999,0.0,26.07772561513117,0.0,0
2030-07-11 02:00:00,0.0,164.0161654332645,0.0,99.9999999999999,0.0,23.71373915710228,0.0,0
2030-07-11 03:00:00,0.0,164.0161654332645,0.0,99.9999999999999,0.0,27.702966305026013,0.0,0
2030-07-11 04:00:00,0.0,164.0161654332645,0.0,99.9999999999999,0.0,36.86341382988797,0.0,0
2030-07-11 05:00:00,0.0,164.0161654332645,0.0,99.9999999999999,0.0,48.831095273659216,0.0,0
2030-07-11 06:00:00,0.0,164.0161654332645,0.0,99.9999999999999,0.0,62.05464452325831,0.0,0
2030-07-11 07:00:00,0.0,164.0161654332645,0.0,99.9999999999999,0.0,63.53213605952637,0.0,0
2030-07-11 08:00:00,0.0,164.0161654332645,0.0,99.9999999999999,9.525415303394665,55.18430887961186,0.0,0
2030-07-11 09:00:00,0.0,164.0161654332645,0.0,99.9999999999999,44.60970893639492,47.575227467831375,0.0,0
2030-07-11 10:00:00,0.0,164.0161654332645,0.0,99.9999999999999,77.32034007267347,34.27780364141887,0.0,0
2030-07-11 11:00:00,0.0,164.0161654332645,0.0,99.9999999999999,136.8547773595922,31.913817183389984,0.0,0
2030-07-11 12:00:00,0.0,164.0161654332645,0.0,75.70845564341614,189.71669080851817,31.47056972250956,0.0,0
2030-07-11 13:00:00,0.0,164.0161654332645,0.0,20.45676250748028,225.28376325441096,33.02193583559102,0.0,0
2030-07-11 14:00:00,0.0,164.0161654332645,0.0,0.0,228.9969003006287,38.34090536615604,0.0,0
2030-07-11 15:00:00,0.0,164.0161654332645,0.0,47.82856298414799,216.29910755271212,44.176996934414845,0.0,0
2030-07-11 16:00:00,0.0,164.0161654332645,0.0,95.16454297695603,184.72560984582017,51.78607834619534,0.0,0
2030-07-11 17:00:00,0.0,164.0161654332645,0.0,99.9999999999999,148.09831726181045,58.28704110577477,0.0,0
2030-07-11 18:00:00,0.0,164.0161654332645,0.0,99.9999999999999,92.60478597005843,61.98076994644492,0.0,0
2030-07-11 19:00:00,0.0,164.0161654332645,0.0,99.9999999999999,34.96596549258541,58.58253941302839,0.0,0
2030-07-11 20:00:00,0.0,164.0161654332645,0.0,99.9999999999999,1.3311915796669318,50.53021054036747,0.0,0
2030-07-11 21:00:00,0.0,164.0161654332645,0.0,99.9999999999999,0.0,43.06887828221381,0.0,0
2030-07-11 22:00:00,0.0,164.0161654332645,0.0,99.9999999999999,0.0,36.05079348494055,0.0,0
2030-07-11 23:00:00,0.0,164.0161654332645,0.0,99.9999999999999,0.0,33.02193583559102,0.0,0
2030-07-12 00:00:00,0.0,164.0161654332645,0.0,99.9999999999999,0.0,28.51558664997346,0.0,0
2030-07-12 01:00:00,0.0,164.0161654332645,0.0,99.9999999999999,0.0,25.191230693370343,0.0,0
2030-07-12 02:00:00,0.0,164.0161654332645,0.0,99.9999999999999,0.0,22.753369658528047,0.0,0
2030-07-12 03:00:00,0.0,164.0161654332645,0.0,99.9999999999999,0.0,21.940749313580604,0.0,0
2030-07-12 04:00:00,0.0,164.0161654332645,0.0,99.9999999999999,0.0,24.009237464355877,0.0,0
2030-07-12 05:00:00,0.0,164.0161654332645,0.0,99.9999999999999,0.0,27.185844267332207,0.0,0
2030-07-12 06:00:00,0.0,164.0161654332645,0.0,99.9999999999999,0.0,29.623705302174496,0.0,0
2030-07-12 07:00:00,0.0,164.0161654332645,0.0,99.9999999999999,0.0,30.731823954375542,0.0,0
2030-07-12 08:00:00,0.0,164.0161654332645,0.0,99.9999999999999,15.205166043307022,27.629091728212636,0.0,0
2030-07-12 09:00:00,0.0,164.0161654332645,0.0,99.9999999999999,69.54144812180185,24.747983232489915,0.0,0
2030-07-12 10:00:00,0.0,164.0161654332645,0.0,99.9999999999999,126.28866606124907,23.565990003475477,0.0,0
2030-07-12 11:00:00,0.0,164.0161654332645,0.0,99.9999999999999,174.2967591903582,21.57137642951361,0.0,0
2030-07-12 12:00:00,0.0,164.0161654332645,0.0,67.12591676440422,207.81852972918048,23.048867965781668,0.0,0
2030-07-12 13:00:00,0.0,164.0161654332645,0.0,24.002404283773387,226.90426713739217,25.04348153974353,0.0,0
2030-07-12 14:00:00,0.0,164.0161654332645,0.0,7.220820160554637,228.62830814323647,27.185844267332207,0.0,0
2030-07-12 15:00:00,0.0,164.0161654332645,0.0,52.20102358315711,216.47186663771777,30.288576493495118,0.0,0
2030-07-12 16:00:00,0.0,164.0161654332645,0.0,99.9999999999999,189.37531412342136,32.06156633701679,0.0,0
2030-07-12 17:00:00,0.0,164.0161654332645,0.0,99.9999999999999,148.19830454046095,34.7210511022993,0.0,0
2030-07-12 18:00:00,0.0,164.0161654332645,0.0,99.9999999999999,93.75079400997616,39.00577655747664,0.0,0
2030-07-12 19:00:00,0.0,164.0161654332645,0.0,99.9999999999999,33.486863737399894,42.4778816677066,0.0,0
2030-07-12 20:00:00,0.0,164.0161654332645,0.0,99.9999999999999,1.2187798462728296,44.767993548922085,0.0,0
2030-07-12 21:00:00,0.0,164.0161654332645,0.0,99.9999999999999,0.0,41.517512169132345,0.0,0
2030-07-12 22:00:00,0.0,164.0161654332645,0.0,99.9999999999999,0.0,31.913817183389984,0.0,0
2030-07-12 23:00:00,0.0,164.0161654332645,0.0,99.9999999999999,0.0,27.85071545865282,0.0,0
2030-07-13 00:00:00,0.0,164.0161654332645,0.0,99.9999999999999,0.0,21.05425439181977,0.0,0
2030-07-13 01:00:00,0.0,164.0161654332645,0.0,99.9999999999999,0.0,20.83263066137956,0.0,0
2030-07-13 02:00:00,0.0,164.0161654332645,0.0,99.9999999999999,0.0,22.901118812154856,0.0,0
2030-07-13 03:00:00,0.0,164.0161654332645,0.0,99.9999999999999,0.0,23.492115426662068,0.0,0
2030-07-13 04:00:00,0.0,164.0161654332645,0.0,99.9999999999999,0.0,20.241634046872353,0.0,0
2030-07-13 05:00:00,0.0,164.0161654332645,0.0,99.9999999999999,0.0,11.819932290144436,0.0,0
2030-07-13 06:00:00,0.0,164.0161654332645,0.0,99.9999999999999,0.0,3.265256295152395,0.0,0
2030-07-13 07:00:00,0.0,164.0161654332645,0.0,99.9999999999999,0.0,1.965063743236504,0.0,0
2030-07-13 08:00:00,0.0,164.0161654332645,0.0,99.9999999999999,13.548572077499236,0.2792459003546373,0.0,0
2030-07-13 09:00:00,0.0,164.0161654332645,0.0,99.9999999999999,66.25488402177965,0.2770296630502404,0.0,0
2030-07-13 10:00:00,0.0,164.0161654332645,0.0,99.9999999999999,123.14764557393713,1.4922664516307163,0.0,0
2030-07-13 11:00:00,0.0,164.0161654332645,0.0,29.16309242510556,169.36661721997388,3.457330194867246,0.0,0
2030-07-13 12:00:00,0.0,164.0161654332645,0.0,0.0,200.65080262355153,5.208157665344878,0.0,0
2030-07-13 13:00:00,0.0,164.0161654332645,0.0,0.0,217.69419632820316,9.30819667848874,0.0,0
2030-07-13 14:00:00,0.0,164.0161654332645,0.0,0.0,220.7671781347765,12.484803481465052,0.0,0
2030-07-13 15:00:00,0.0,164.0161654332645,0.0,0.0,210.54244352153012,17.877647588843466,0.0,0
2030-07-13 16:00:00,0.0,164.0161654332645,0.0,0.0,183.41275912791752,24.37861034842292,0.0,0
2030-07-13 17:00:00,0.0,164.0161654332645,0.0,65.36844233459988,142.78420047577993,34.42555279504568,0.0,0
2030-07-13 18:00:00,0.0,164.0161654332645,0.0,99.9999999999999,89.13244668958492,44.176996934414845,0.0,0
2030-07-13 19:00:00,0.0,164.0161654332645,0.0,99.9999999999999,30.88364464827339,45.13736643298908,0.0,0
2030-07-13 20:00:00,0.0,164.0161654332645,0.0,99.9999999999999,1.2483618813765407,52.89419699839638,0.0,0
2030-07-13 21:00:00,0.0,164.0161654332645,0.0,99.9999999999999,0.0,59.02578687390881,0.0,0
2030-07-13 22:00:00,0.0,164.0161654332645,0.0,99.9999999999999,0.0,57.62216991445416,0.0,0
2030-07-13 23:00:00,0.0,164.0161654332645,0.0,99.9999999999999,0.0,41.59138674594576,0.0,0
2030-07-14 00:00:00,0.0,164.0161654332645,0.0,99.9999999999999,0.0,33.982305334165275,0.0,0
2030-07-14 01:00:00,0.0,164.0161654332645,0.0,99.9999999999999,0.0,27.702966305026013,0.0,0
2030-07-14 02:00:00,0.0,164.0161654332645,0.0,99.9999999999999,0.0,25.117356116556937,0.0,0
2030-07-14 03:00:00,0.0,164.0161654332645,0.0,99.9999999999999,0.0,27.1119696905188,0.0,0
2030-07-14 04:00:00,0.0,164.0161654332645,0.0,99.9999999999999,0.0,31.175071415255964,0.0,0
2030-07-14 05:00:00,0.0,164.0161654332645,0.0,99.9999999999999,0.0,34.7210511022993,0.0,0
2030-07-14 06:00:00,0.0,164.0161654332645,0.0,99.9999999999999,0.0,38.636403673409646,0.0,0
2030-07-14 07:00:00,0.0,164.0161654332645,0.0,99.9999999999999,0.0,37.89765790527561,0.0,0
2030-07-14 08:00:00,0.0,164.0161654332645,0.0,99.9999999999999,14.258540919988269,30.584074800748727,0.0,0
2030-07-14 09:00:00,0.0,164.0161654332645,0.0,95.60391248733907,65.94959741950935,35.23817313999313,0.0,0
2030-07-14 10:00:00,0.0,164.0161654332645,0.0,0.0,120.58643297465788,43.733749473534445,0.0,0
2030-07-14 11:00:00,0.0,164.0161654332645,0.0,0.0,169.3257940115308,51.93382749982215,0.0,0
2030-07-14 12:00:00,0.0,143.1255395468022,0.0,0.0,203.1859830319395,59.46903433478924,0.0,0
2030-07-14 13:00:00,0.0,164.0161654332645,0.0,0.0,220.96892761418383,59.83840721885624,0.0,0
2030-07-14 14:00:00,0.0,164.0161654332645,0.0,0.0,224.00226949371827,55.84918007093248,0.0,0
2030-07-14 15:00:00,0.0,164.0161654332645,0.0,0.0,211.4080138686647,56.95729872313355,0.0,0
2030-07-14 16:00:00,0.0,164.0161654332645,0.0,0.0,184.8605039258931,67.37361405382333,0.0,0
2030-07-14 17:00:00,0.0,164.0161654332645,0.0,0.0,144.0438035304959,79.23639359851953,0.0,0
2030-07-14 18:00:00,0.0,164.0161654332645,0.0,0.0,90.17669252874592,89.32544455392596,0.0,0
2030-07-14 19:00:00,0.0,164.0161654332645,0.0,99.9999999999999,34.43348886071862,87.2554789116144,0.0,0
2030-07-14 20:00:00,0.0,164.0161654332645,0.0,99.9999999999999,1.2720275094595095,81.76438161707419,0.0,0
2030-07-14 21:00:00,0.0,164.0161654332645,0.0,99.9999999999999,0.0,82.73878728524296,0.0,0
2030-07-14 22:00:00,0.0,164.0161654332645,0.0,99.9999999999999,0.0,85.06435896332889,0.0,0
2030-07-14 23:00:00,0.0,164.0161654332645,0.0,99.9999999999999,0.0,93.20016610778895,0.0,0
2030-07-15 00:00:00,0.0,164.0161654332645,0.0,99.9999999999999,0.0,97.84909322665635,0.0,0
2030-07-15 01:00:00,0.0,164.0161654332645,0.0,99.9999999999999,0.0,104.9706024314684,0.0,0
2030-07-15 02:00:00,0.0,164.0161654332645,0.0,99.9999999999999,0.0,115.46226983050786,0.0,0
2030-07-15 03:00:00,0.0,164.0161654332645,0.0,99.9999999999999,0.0,112.54126906330592,0.0,0
2030-07-15 04:00:00,0.0,164.0161654332645,0.0,99.9999999999999,0.0,94.0829673007091,0.0,0
2030-07-15 05:00:00,0.0,164.0161654332645,0.0,99.9999999999999,0.0,84.92251977584714,0.0,0
2030-07-15 06:00:00,0.0,164.0161654332645,0.0,99.9999999999999,0.0,91.76995430068143,0.0,0
2030-07-15 07:00:00,0.0,164.0161654332645,0.0,99.9999999999999,0.0,90.9181804300229,0.0,0
2030-07-15 08:00:00,0.0,164.0161654332645,0.0,99.9999999999999,13.430243937084391,91.7603506056957,0.0,0
2030-07-15 09:00:00,0.0,164.0161654332645,0.0,99.9999999999999,61.93827345944626,78.31591637142456,0.0,0
2030-07-15 10:00:00,0.0,164.0161654332645,0.0,99.9999999999999,117.68857681589844,67.59523778426355,0.0,0
2030-07-15 11:00:00,0.0,164.0161654332645,0.0,55.05074593667501,167.97744485150363,72.98808189164193,0.0,0
2030-07-15 12:00:00,0.0,164.0161654332645,0.0,3.116684812677647,197.5896536310196,93.90862329942944,0.0,0
2030-07-15 13:00:00,0.0,164.0161654332645,0.0,0.0,219.94598084029752,109.54565497352245,0.0,0
2030-07-15 14:00:00,0.0,164.0161654332645,0.0,0.0,221.64694785876085,114.1539510751425,0.0,0
2030-07-15 15:00:00,0.0,164.0161654332645,0.0,0.0,209.83839108606185,104.89820534619126,0.0,0
2030-07-15 16:00:00,0.0,164.0161654332645,0.0,37.76243326949066,177.46736171277388,105.26757823025827,0.0,0
2030-07-15 17:00:00,0.0,164.0161654332645,0.0,81.67085889690799,142.69604601117086,109.87587433187836,0.0,0
2030-07-15 18:00:00,0.0,164.0161654332645,0.0,99.9999999999999,90.25360582001555,117.29657557278465,0.0,0
2030-07-15 19:00:00,0.0,164.0161654332645,0.0,99.9999999999999,33.54602780760732,118.21262032527083,0.0,0
2030-07-15 20:00:00,0.0,164.0161654332645,0.0,99.9999999999999,1.3489408007291583,105.45669714690057,0.0,0
2030-07-15 21:00:00,0.0,164.0161654332645,0.0,99.9999999999999,0.0,80.7183176093964,0.0,0
2030-07-15 22:00:00,0.0,164.0161654332645,0.0,99.9999999999999,0.0,40.557142670558115,0.0,0
2030-07-15 23:00:00,0.0,164.0161654332645,0.0,99.9999999999999,0.0,34.86880025592611,0.0,0
2030-07-16 00:00:00,0.0,164.0161654332645,0.0,99.9999999999999,0.0,32.28319006745701,0.0,0
2030-07-16 01:00:00,0.0,164.0161654332645,0.0,99.9999999999999,0.0,34.86880025592611,0.0,0
2030-07-16 02:00:00,0.0,164.0161654332645,0.0,99.9999999999999,0.0,31.396695145696174,0.0,0
2030-07-16 03:00:00,0.0,164.0161654332645,0.0,99.9999999999999,0.0,26.373223922384785,0.0,0
2030-07-16 04:00:00,0.0,164.0161654332645,0.0,99.9999999999999,0.0,25.708352731064146,0.0,0
2030-07-16 05:00:00,0.0,164.0161654332645,0.0,99.9999999999999,0.0,25.560603577437337,0.0,0
2030-07-16 06:00:00,0.0,164.0161654332645,0.0,99.9999999999999,0.0,21.202003545446583,0.0,0
2030-07-16 07:00:00,0.0,164.0161654332645,0.0,99.9999999999999,0.0,17.729898435216658,0.0,0
2030-07-16 08:00:00,0.0,164.0161654332645,0.0,99.9999999999999,14.495197200817955,14.036169594546516,0.0,0
2030-07-16 09:00:00,0.0,164.0161654332645,0.0,99.9999999999999,65.44788610415044,18.61639335697748,0.0,0
2030-07-16 10:00:00,0.0,164.0161654332645,0.0,99.9999999999999,120.9668579460916,19.355139125111528,0.0,0
2030-07-16 11:00:00,0.0,164.0161654332645,0.0,84.71447035290838,170.55818159395133,30.731823954375542,0.0,0
2030-07-16 12:00:00,0.0,164.0161654332645,0.0,57.98912098937456,199.80593970098957,44.54636981848187,0.0,0
2030-07-16 13:00:00,0.0,164.0161654332645,0.0,12.119509388719052,208.51193263201145,62.57176656095214,0.0,0
2030-07-16 14:00:00,0.0,164.0161654332645,0.0,0.0,218.15685935722513,77.27650107565998,0.0,0
2030-07-16 15:00:00,0.0,164.0161654332645,0.0,0.0,207.11506893441427,86.83439382377803,0.0,0
2030-07-16 16:00:00,0.0,164.0161654332645,0.0,38.160604158710385,180.82018957142836,98.52356811296272,0.0,0
2030-07-16 17:00:00,0.0,164.0161654332645,0.0,91.8773647918891,133.13335734354553,112.97048035459179,0.0,0
2030-07-16 18:00:00,0.0,164.0161654332645,0.0,99.9999999999999,87.41018060584695,120.8492039717412,0.0,0
2030-07-16 19:00:00,0.0,164.0161654332645,0.0,99.9999999999999,33.42769966719247,107.04721678569317,0.0,0
2030-07-16 20:00:00,0.0,164.0161654332645,0.0,99.9999999999999,1.2424454743557984,89.58917679314979,0.0,0
2030-07-16 21:00:00,0.0,164.0161654332645,0.0,99.9999999999999,0.0,74.56973658121689,0.0,0
2030-07-16 22:00:00,0.0,164.0161654332645,0.0,99.9999999999999,0.0,39.670647748797286,0.0,0
2030-07-16 23:00:00,0.0,164.0161654332645,0.0,99.9999999999999,0.0,37.7499087516488,0.0,0
2030-07-17 00:00:00,0.0,164.0161654332645,0.0,99.9999999999999,0.0,41.00039013143854,0.0,0
2030-07-17 01:00:00,0.0,164.0161654332645,0.0,99.9999999999999,0.0,41.517512169132345,0.0,0
2030-07-17 02:00:00,0.0,164.0161654332645,0.0,99.9999999999999,0.0,44.176996934414845,0.0,0
2030-07-17 03:00:00,0.0,164.0161654332645,0.0,99.9999999999999,0.0,47.058105430137566,0.0,0
2030-07-17 04:00:00,0.0,164.0161654332645,0.0,99.9999999999999,0.0,49.56984104179326,0.0,0
2030-07-17 05:00:00,0.0,164.0161654332645,0.0,99.9999999999999,0.0,47.35360373739116,0.0,0
2030-07-17 06:00:00,0.0,164.0161654332645,0.0,99.9999999999999,0.0,45.13736643298908,0.0,0
2030-07-17 07:00:00,0.0,164.0161654332645,0.0,99.9999999999999,0.0,43.95537320397464,0.0,0
2030-07-17 08:00:00,0.0,164.0161654332645,0.0,99.9999999999999,5.389846795895989,45.72836304749632,0.0,0
2030-07-17 09:00:00,0.0,164.0161654332645,0.0,99.9999999999999,35.26178584362249,47.27972916057775,0.0,0
2030-07-17 10:00:00,0.0,164.0161654332645,0.0,99.9999999999999,84.82175253427232,25.33897984699715,0.0,0
2030-07-17 11:00:00,0.0,164.0161654332645,0.0,99.9999999999999,141.6494336092016,23.639864580288876,0.0,0
2030-07-17 12:00:00,0.0,164.0161654332645,0.0,99.9999999999999,160.59199396751134,18.61639335697748,0.0,0
2030-07-17 13:00:00,0.0,164.0161654332645,0.0,94.70320457567529,173.58560706646503,14.996539093120749,0.0,0
2030-07-17 14:00:00,0.0,164.0161654332645,0.0,76.32377684346932,167.57572081479526,17.656023858403252,0.0,0
2030-07-17 15:00:00,0.0,164.0161654332645,0.0,96.9737058454326,172.62951569191313,26.373223922384785,0.0,0
2030-07-17 16:00:00,0.0,164.0161654332645,0.0,99.9999999999999,140.9477477365416,41.29588843869213,0.0,0
2030-07-17 17:00:00,0.0,164.0161654332645,0.0,99.9999999999999,134.80888381181964,55.405932610052055,0.0,0
2030-07-17 18:00:00,0.0,164.0161654332645,0.0,99.9999999999999,83.32253499521626,66.11774624799547,0.0,0
2030-07-17 19:00:00,0.0,164.0161654332645,0.0,99.9999999999999,31.00197278868823,67.96461066833055,0.0,0
2030-07-17 20:00:00,0.0,164.0161654332645,0.0,99.9999999999999,1.236529067335056,53.2635698824634,0.0,0
2030-07-17 21:00:00,0.0,164.0161654332645,0.0,99.9999999999999,0.0,37.823783328462206,0.0,0
2030-07-17 22:00:00,0.0,164.0161654332645,0.0,99.9999999999999,0.0,30.214701916681708,0.0,0
2030-07-17 23:00:00,0.0,164.0161654332645,0.0,99.9999999999999,0.0,28.293962919533246,0.0,0
2030-07-18 00:00:00,0.0,164.0161654332645,0.0,99.9999999999999,0.0,21.866874736767222,0.0,0
2030-07-18 01:00:00,0.0,164.0161654332645,0.0,99.9999999999999,0.0,22.97499338896824,0.0,0
2030-07-18 02:00:00,0.0,164.0161654332645,0.0,99.9999999999999,0.0,21.4236272758868,0.0,0
2030-07-18 03:00:00,0.0,164.0161654332645,0.0,99.9999999999999,0.0,21.349752699073395,0.0,0
2030-07-18 04:00:00,0.0,164.0161654332645,0.0,99.9999999999999,0.0,16.917278090269235,0.0,0
2030-07-18 05:00:00,0.0,164.0161654332645,0.0,99.9999999999999,0.0,20.75875608456616,0.0,0
2030-07-18 06:00:00,0.0,164.0161654332645,0.0,99.9999999999999,0.0,23.861488310729086,0.0,0
2030-07-18 07:00:00,0.0,164.0161654332645,0.0,99.9999999999999,0.0,25.26510527018372,0.0,0
2030-07-18 08:00:00,0.0,164.0161654332645,0.0,99.9999999999999,12.069470322313748,23.122742542595077,0.0,0
2030-07-18 09:00:00,0.0,164.0161654332645,0.0,99.9999999999999,53.89846795895993,28.51558664997346,0.0,0
2030-07-18 10:00:00,0.0,164.0161654332645,0.0,99.9999999999999,101.0386241781262,34.20392906460547,0.0,0
2030-07-18 11:00:00,0.0,164.0161654332645,0.0,95.58494186997916,153.8709555919484,35.755295177686925,0.0,0
2030-07-18 12:00:00,0.0,164.0161654332645,0.0,58.39100008261618,187.77847586852312,30.584074800748727,0.0,0
2030-07-18 13:00:00,0.0,164.0161654332645,0.0,19.078128604196024,208.85685916132073,26.89034596007859,0.0,0
2030-07-18 14:00:00,0.0,164.0161654332645,0.0,3.1472230688103195,212.51142377803313,28.14621376590644,0.0,0
2030-07-18 15:00:00,0.0,164.0161654332645,0.0,52.24095889436677,201.4932989833052,31.692193452949773,0.0,0
2030-07-18 16:00:00,0.0,164.0161654332645,0.0,99.9999999999999,172.39226777038138,35.016549409552916,0.0,0
2030-07-18 17:00:00,0.0,164.0161654332645,0.0,99.9999999999999,138.95332692984942,41.66526132275915,0.0,0
2030-07-18 18:00:00,0.0,164.0161654332645,0.0,99.9999999999999,88.26273485753586,48.387847812778816,0.0,0
2030-07-18 19:00:00,0.0,164.0161654332645,0.0,99.9999999999999,33.54602780760732,68.03848524514396,0.0,0
2030-07-18 20:00:00,0.0,164.0161654332645,0.0,99.9999999999999,1.1832814041483763,69.29435305097181,0.0,0
2030-07-18 21:00:00,0.0,164.0161654332645,0.0,99.9999999999999,0.0,55.62755634049229,0.0,0
2030-07-18 22:00:00,0.0,164.0161654332645,0.0,99.9999999999999,0.0,49.56984104179326,0.0,0
2030-07-18 23:00:00,0.0,164.0161654332645,0.0,99.9999999999999,0.0,44.91574270254886,0.0,0
2030-07-19 00:00:00,0.0,164.0161654332645,0.0,99.9999999999999,0.0,40.18776978649109,0.0,0
2030-07-19 01:00:00,0.0,164.0161654332645,0.0,99.9999999999999,0.0,46.910356276510754,0.0,0
2030-07-19 02:00:00,0.0,164.0161654332645,0.0,99.9999999999999,0.0,50.82570884762112,0.0,0
2030-07-19 03:00:00,0.0,164.0161654332645,0.0,99.9999999999999,0.0,64.0492580972202,0.0,0
2030-07-19 04:00:00,0.0,164.0161654332645,0.0,99.9999999999999,0.0,77.95319219927073,0.0,0
2030-07-19 05:00:00,0.0,164.0161654332645,0.0,99.9999999999999,0.0,85.99739486848217,0.0,0
2030-07-19 06:00:00,0.0,164.0161654332645,0.0,99.9999999999999,0.0,97.27065529020739,0.0,0
2030-07-19 07:00:00,0.0,164.0161654332645,0.0,99.9999999999999,0.0,89.24344377366307,0.0,0
2030-07-19 08:00:00,0.0,164.0161654332645,0.0,99.9999999999999,13.016095445632468,72.76645816120171,0.0,0
2030-07-19 09:00:00,0.0,164.0161654332645,0.0,99.9999999999999,60.9466836427699,77.12949066780129,0.0,0
2030-07-19 10:00:00,0.0,164.0161654332645,0.0,99.9999999999999,118.1683974252806,54.445563111477846,0.0,0
2030-07-19 11:00:00,0.0,164.0161654332645,0.0,85.75072266848758,154.417631600665,52.52482411432936,0.0,0
2030-07-19 12:00:00,0.0,164.0161654332645,0.0,32.718825852583166,201.08565853957603,50.16083765630047,0.0,0
2030-07-19 13:00:00,0.0,164.0161654332645,0.0,0.0,225.02521626760452,57.69604449126756,0.0,0
2030-07-19 14:00:00,0.0,164.0161654332645,0.0,0.0,230.08256098893483,79.78971417885192,0.0,0
2030-07-19 15:00:00,0.0,164.0161654332645,0.0,0.0,218.40771501490457,105.47959826571272,0.0,0
2030-07-19 16:00:00,0.0,164.0161654332645,0.0,6.354248731897428,191.772050607524,118.60858805699068,0.0,0
2030-07-19 17:00:00,0.0,164.0161654332645,0.0,53.531741279425546,150.52818562522918,130.91830879140798,0.0,0
2030-07-19 18:00:00,0.0,164.0161654332645,0.0,99.9999999999999,94.90745158253124,125.8881888561834,0.0,0
2030-07-19 19:00:00,0.0,164.0161654332645,0.0,99.9999999999999,35.26178584362249,108.24398493007025,0.0,0
2030-07-19 20:00:00,0.0,164.0161654332645,0.0,99.9999999999999,1.4968509762477136,91.833486436741,0.0,0
2030-07-19 21:00:00,0.0,164.0161654332645,0.0,99.9999999999999,0.0,75.70888255567955,0.0,0
2030-07-19 22:00:00,0.0,164.0161654332645,0.0,99.9999999999999,0.0,51.1212071548747,0.0,0
2030-07-19 23:00:00,0.0,164.0161654332645,0.0,99.9999999999999,0.0,48.68334612003241,0.0,0
2030-07-20 00:00:00,0.0,164.0161654332645,0.0,99.9999999999999,0.0,46.39323423881692,0.0,0
2030-07-20 01:00:00,0.0,164.0161654332645,0.0,99.9999999999999,0.0,45.80223762430972,0.0,0
2030-07-20 02:00:00,0.0,164.0161654332645,0.0,99.9999999999999,0.0,59.616783488416026,0.0,0
2030-07-20 03:00:00,0.0,164.0161654332645,0.0,99.9999999999999,0.0,74.70197207371288,0.0,0
2030-07-20 04:00:00,0.0,164.0161654332645,0.0,99.9999999999999,0.0,76.82734364863448,0.0,0
2030-07-20 05:00:00,0.0,164.0161654332645,0.0,99.9999999999999,0.0,75.01076780479289,0.0,0
2030-07-20 06:00:00,0.0,164.0161654332645,0.0,99.9999999999999,0.0,71.21509204812027,0.0,0
2030-07-20 07:00:00,0.0,164.0161654332645,0.0,99.9999999999999,0.0,65.82224794074186,0.0,0
2030-07-20 08:00:00,0.0,164.0161654332645,0.0,99.9999999999999,14.081048709366035,56.144678378186086,0.0,0
2030-07-20 09:00:00,0.0,164.0161654332645,0.0,99.9999999999999,65.69105043270295,62.49789198413874,0.0,0
2030-07-20 10:00:00,0.0,164.0161654332645,0.0,50.75474441760821,123.85702277572406,70.47634627998626,0.0,0
2030-07-20 11:00:00,0.0,164.0161654332645,0.0,0.0,170.54043237288903,58.28704110577477,0.0,0
2030-07-20 12:00:00,0.0,164.0161654332645,0.0,0.0,207.84219535726348,45.13736643298908,0.0,0
2030-07-20 13:00:00,0.0,164.0161654332645,0.0,0.0,227.3704800106267,33.31743414284464,0.0,0
2030-07-20 14:00:00,0.0,164.0161654332645,0.0,0.0,229.56487537461996,29.032708687667263,0.0,0
2030-07-20 15:00:00,0.0,164.0161654332645,0.0,0.0,217.5202539617933,30.731823954375542,0.0,0
2030-07-20 16:00:00,0.0,164.0161654332645,0.0,0.0,189.98470404655785,31.913817183389984,0.0,0
2030-07-20 17:00:00,0.0,164.0161654332645,0.0,33.6184193229052,147.92378325469852,35.903044331313744,0.0,0
2030-07-20 18:00:00,0.0,164.0161654332645,0.0,99.9999999999999,93.25322417953176,45.211241009802485,0.0,0
2030-07-20 19:00:00,0.0,164.0161654332645,0.0,99.9999999999999,31.35695720993276,50.9734580012479,0.0,0
2030-07-20 20:00:00,0.0,164.0161654332645,0.0,99.9999999999999,1.319358765625447,54.37168853466444,0.0,0
2030-07-20 21:00:00,0.0,164.0161654332645,0.0,99.9999999999999,0.0,57.47442076082734,0.0,0
2030-07-20 22:00:00,0.0,164.0161654332645,0.0,99.9999999999999,0.0,48.97884442728603,0.0,0
2030-07-20 23:00:00,0.0,164.0161654332645,0.0,99.9999999999999,0.0,43.88149862716122,0.0,0
2030-07-21 00:00:00,0.0,164.0161654332645,0.0,99.9999999999999,0.0,40.92651555462513,0.0,0
2030-07-21 01:00:00,0.0,164.0161654332645,0.0,99.9999999999999,0.0,29.91920360942812,0.0,0
2030-07-21 02:00:00,0.0,164.0161654332645,0.0,99.9999999999999,0.0,21.497501852700204,0.0,0
2030-07-21 03:00:00,0.0,164.0161654332645,0.0,99.9999999999999,0.0,12.484803481465052,0.0,0
2030-07-21 04:00:00,0.0,164.0161654332645,0.0,99.9999999999999,0.0,5.717892245357368,0.0,0
2030-07-21 05:00:00,0.0,164.0161654332645,0.0,99.9999999999999,0.0,3.073182395437544,0.0,0
2030-07-21 06:00:00,0.0,164.0161654332645,0.0,99.9999999999999,0.0,1.6326281475761844,0.0,0
2030-07-21 07:00:00,0.0,164.0161654332645,0.0,99.9999999999999,0.0,1.573528486125461,0.0,0
2030-07-21 08:00:00,0.0,164.0161654332645,0.0,99.9999999999999,13.548572077499236,0.3575529517768615,0.0,0
2030-07-21 09:00:00,0.0,164.0161654332645,0.0,99.9999999999999,66.34717997130323,0.2142362727588466,0.0,0
2030-07-21 10:00:00,0.0,164.0161654332645,0.0,0.0,122.89915647906597,0.0317660680297586,0.0,0
2030-07-21 11:00:00,0.0,164.0161654332645,0.0,0.0,169.71982671911215,0.0,0.0,0
2030-07-21 12:00:00,0.0,164.0161654332645,0.0,0.0,202.2849142426805,0.0,0.0,0
2030-07-21 13:00:00,0.0,164.0161654332645,0.0,0.0,217.3220543265984,0.0284417120731502,0.0,0
2030-07-21 14:00:00,0.0,164.0161654332645,0.0,0.0,216.10741596524008,0.1100731194519569,0.0,0
2030-07-21 15:00:00,0.0,164.0161654332645,0.0,0.0,208.69652453105857,2.0463257777312487,0.0,0
2030-07-21 16:00:00,0.0,164.0161654332645,0.0,0.0,181.69226796628575,8.79107464079491,0.0,0
2030-07-21 17:00:00,0.0,164.0161654332645,0.0,36.96686667295717,138.84919816628437,16.47403062938881,0.0,0
2030-07-21 18:00:00,0.0,164.0161654332645,0.0,95.16660516248623,88.86384181084323,22.23624762083422,0.0,0
2030-07-21 19:00:00,0.0,164.0161654332645,0.0,99.9999999999999,30.410332086614044,34.86880025592611,0.0,0
2030-07-21 20:00:00,0.0,164.0161654332645,0.0,99.9999999999999,1.1951142181898606,45.506739317056095,0.0,0
2030-07-21 21:00:00,0.0,164.0161654332645,0.0,99.9999999999999,0.0,28.884959534040483,0.0,0
2030-07-21 22:00:00,0.0,164.0161654332645,0.0,99.9999999999999,0.0,19.429013701924905,0.0,0
2030-07-21 23:00:00,0.0,164.0161654332645,0.0,99.9999999999999,0.0,17.951522165656872,0.0,0
2030-07-22 00:00:00,0.0,164.0161654332645,0.0,99.9999999999999,0.0,13.962295017733112,0.0,0
2030-07-22 01:00:00,0.0,164.0161654332645,0.0,99.9999999999999,0.0,10.41631533068978,0.0,0
2030-07-22 02:00:00,0.0,164.0161654332645,0.0,99.9999999999999,0.0,7.003309881910577,0.0,0
2030-07-22 03:00:00,0.0,164.0161654332645,0.0,99.9999999999999,0.0,4.2921129128586895,0.0,0
2030-07-22 04:00:00,0.0,164.0161654332645,0.0,99.9999999999999,0.0,1.1893806866957843,0.0,0
2030-07-22 05:00:00,0.0,164.0161654332645,0.0,99.9999999999999,0.0,1.6695654359828866,0.0,0
2030-07-22 06:00:00,0.0,164.0161654332645,0.0,99.9999999999999,0.0,3.398230533416523,0.0,0
2030-07-22 07:00:00,0.0,164.0161654332645,0.0,99.9999999999999,0.0,5.843479025940155,0.0,0
2030-07-22 08:00:00,0.0,164.0161654332645,0.0,99.9999999999999,12.956931375425047,3.8414779942969224,0.0,0
2030-07-22 09:00:00,0.0,164.0161654332645,0.0,99.9999999999999,63.3434201268725,7.904579719034085,0.0,0
2030-07-22 10:00:00,0.0,164.0161654332645,0.0,99.9999999999999,116.36566820606052,14.036169594546516,0.0,0
2030-07-22 11:00:00,0.0,164.0161654332645,0.0,99.9999999999999,163.0786598383292,13.7406712872929,0.0,0
2030-07-22 12:00:00,0.0,164.0161654332645,0.0,89.12195055219438,197.38967907371847,13.2974238264125,0.0,0
2030-07-22 13:00:00,0.0,164.0161654332645,0.0,50.19439234903575,211.6943679684686,17.43440012796304,0.0,0
2030-07-22 14:00:00,0.0,164.0161654332645,0.0,20.60414729691541,219.03662908120944,25.92997646150436,0.0,0
2030-07-22 15:00:00,0.0,164.0161654332645,0.0,59.141358951741374,205.7862439175556,38.11928163571582,0.0,0
2030-07-22 16:00:00,0.0,164.0161654332645,0.0,99.9999999999999,182.3507640676943,53.04194615202319,0.0,0
2030-07-22 17:00:00,0.0,164.0161654332645,0.0,99.9999999999999,136.9210411182245,73.87827054224346,0.0,0
2030-07-22 18:00:00,0.0,164.0161654332645,0.0,99.9999999999999,76.21160539698641,91.32227436519224,0.0,0
2030-07-22 19:00:00,0.0,164.0161654332645,0.0,99.9999999999999,32.00776198221437,98.00570732950077,0.0,0
2030-07-22 20:00:00,0.0,164.0161654332645,0.0,99.9999999999999,1.1122845198994695,85.2749015072471,0.0,0
2030-07-22 21:00:00,0.0,164.0161654332645,0.0,99.9999999999999,0.0,71.36284120174707,0.0,0
2030-07-22 22:00:00,0.0,164.0161654332645,0.0,99.9999999999999,0.0,47.575227467831375,0.0,0
2030-07-22 23:00:00,0.0,164.0161654332645,0.0,99.9999999999999,0.0,46.39323423881692,0.0,0
2030-07-23 00:00:00,0.0,164.0161654332645,0.0,99.9999999999999,0.0,45.654488470682885,0.0,0
2030-07-23 01:00:00,0.0,164.0161654332645,0.0,99.9999999999999,0.0,68.9249801669048,0.0,0
2030-07-23 02:00:00,0.0,164.0161654332645,0.0,99.9999999999999,0.0,92.77095481650305,0.0,0
2030-07-23 03:00:00,0.0,164.0161654332645,0.0,99.9999999999999,0.0,103.3992901826473,0.0,0
2030-07-23 04:00:00,0.0,164.0161654332645,0.0,99.9999999999999,0.0,122.03193594652376,0.0,0
2030-07-23 05:00:00,0.0,164.0161654332645,0.0,99.9999999999999,0.0,152.12548355723152,0.0,0
2030-07-23 06:00:00,0.0,164.0161654332645,0.0,99.9999999999999,0.0,160.09359541232516,0.0,0
2030-07-23 07:00:00,0.0,164.0161654332645,0.0,99.9999999999999,0.0,123.67638402639012,0.0,0
2030-07-23 08:00:00,0.0,164.0161654332645,0.0,99.9999999999999,13.37107986687697,75.56556587666157,0.0,0
2030-07-23 09:00:00,0.0,164.0161654332645,0.0,99.9999999999999,62.86300787678824,73.57907850614913,0.0,0
2030-07-23 10:00:00,0.0,164.0161654332645,0.0,57.40298162599083,120.1202201014234,92.9497312923915,0.0,0
2030-07-23 11:00:00,0.0,164.0161654332645,0.0,0.0,173.5447838580219,113.56221571486712,0.0,0
2030-07-23 12:00:00,0.0,164.0161654332645,0.0,0.0,207.58897313677568,123.25160520971303,0.0,0
2030-07-23 13:00:00,0.0,164.0161654332645,0.0,0.0,227.14920638805097,142.90667511668698,0.0,0
2030-07-23 14:00:00,0.0,164.0161654332645,0.0,0.0,230.7996295198488,159.21301045670938,0.0,0
2030-07-23 15:00:00,0.0,164.0161654332645,0.0,0.0,219.69098369770353,156.5446607422093,0.0,0
2030-07-23 16:00:00,0.0,164.0161654332645,0.0,0.0,192.24832137269368,150.90581429404224,0.0,0
2030-07-23 17:00:00,0.0,164.0161654332645,0.0,0.0,150.01050001091423,142.28834490875883,0.0,0
2030-07-23 18:00:00,0.0,164.0161654332645,0.0,49.669122710173376,93.08874806435517,136.1611875078552,0.0,0
2030-07-23 19:00:00,0.0,164.0161654332645,0.0,99.9999999999999,34.6701451415483,128.00395673611925,0.0,0
2030-07-23 20:00:00,0.0,164.0161654332645,0.0,99.9999999999999,1.1359501479824388,116.361323430327,0.0,0
2030-07-23 21:00:00,0.0,164.0161654332645,0.0,99.9999999999999,0.0,117.61423625308228,0.0,0
2030-07-23 22:00:00,0.0,164.0161654332645,0.0,99.9999999999999,0.0,99.33101723753325,0.0,0
2030-07-23 23:00:00,0.0,164.0161654332645,0.0,99.9999999999999,0.0,74.87040610884743,0.0,0
2030-07-24 00:00:00,0.0,164.0161654332645,0.0,99.9999999999999,0.0,44.69411897210868,0.0,0
2030-07-24 01:00:00,0.0,164.0161654332645,0.0,99.9999999999999,0.0,29.99307818624152,0.0,0
2030-07-24 02:00:00,0.0,164.0161654332645,0.0,99.9999999999999,0.0,29.10658326448067,0.0,0
2030-07-24 03:00:00,0.0,164.0161654332645,0.0,99.9999999999999,0.0,31.10119683844256,0.0,0
2030-07-24 04:00:00,0.0,164.0161654332645,0.0,99.9999999999999,0.0,29.99307818624152,0.0,0
2030-07-24 05:00:00,0.0,164.0161654332645,0.0,99.9999999999999,0.0,31.322820568882772,0.0,0
2030-07-24 06:00:00,0.0,164.0161654332645,0.0,99.9999999999999,0.0,30.731823954375542,0.0,0
2030-07-24 07:00:00,0.0,164.0161654332645,0.0,99.9999999999999,0.0,31.54444429932296,0.0,0
2030-07-24 08:00:00,0.0,164.0161654332645,0.0,99.9999999999999,13.7260642881215,24.600234078863114,0.0,0
2030-07-24 09:00:00,0.0,164.0161654332645,0.0,99.9999999999999,64.39949878007492,26.668722229638405,0.0,0
2030-07-24 10:00:00,0.0,164.0161654332645,0.0,99.9999999999999,119.27180733464903,26.15160019194457,0.0,0
2030-07-24 11:00:00,0.0,164.0161654332645,0.0,56.38762837786828,168.44602428754644,26.373223922384785,0.0,0
2030-07-24 12:00:00,0.0,164.0161654332645,0.0,37.39469515336356,199.76866633675888,28.14621376590644,0.0,0
2030-07-24 13:00:00,0.0,164.0161654332645,0.0,37.39469515336356,219.2833432539744,30.584074800748727,0.0,0
2030-07-24 14:00:00,0.0,164.0161654332645,0.0,13.02429139570637,223.498191615551,31.839942606576574,0.0,0
2030-07-24 15:00:00,0.0,164.0161654332645,0.0,37.39469515336356,212.5232565920746,30.36245107030854,0.0,0
2030-07-24 16:00:00,0.0,164.0161654332645,0.0,54.2956982186048,183.32815450752096,35.53367144724672,0.0,0
2030-07-24 17:00:00,0.0,164.0161654332645,0.0,99.9999999999999,124.19780782011883,34.499427371859085,0.0,0
2030-07-24 18:00:00,0.0,164.0161654332645,0.0,99.9999999999999,77.89482319438754,32.1354409138302,0.0,0
2030-07-24 19:00:00,0.0,164.0161654332645,0.0,99.9999999999999,29.34537882288048,24.96960696293013,0.0,0
2030-07-24 20:00:00,0.0,164.0161654332645,0.0,99.9999999999999,0.8578790180075877,54.07619022741083,0.0,0
2030-07-24 21:00:00,0.0,164.0161654332645,0.0,99.9999999999999,0.0,50.30858680992728,0.0,0
2030-07-24 22:00:00,0.0,164.0161654332645,0.0,99.9999999999999,0.0,8.421701756727916,0.0,0
2030-07-24 23:00:00,0.0,164.0161654332645,0.0,99.9999999999999,0.0,3.0362451070308416,0.0,0
2030-07-25 00:00:00,0.0,164.0161654332645,0.0,99.9999999999999,0.0,2.149750185270015,0.0,0
2030-07-25 01:00:00,0.0,164.0161654332645,0.0,99.9999999999999,0.0,5.4002315650597295,0.0,0
2030-07-25 02:00:00,0.0,164.0161654332645,0.0,99.9999999999999,0.0,12.410928904651646,0.0,0
2030-07-25 03:00:00,0.0,164.0161654332645,0.0,99.9999999999999,0.0,16.030783168508385,0.0,0
2030-07-25 04:00:00,0.0,164.0161654332645,0.0,99.9999999999999,0.0,14.110044171359922,0.0,0
2030-07-25 05:00:00,0.0,164.0161654332645,0.0,99.9999999999999,0.0,13.445172980039281,0.0,0
2030-07-25 06:00:00,0.0,164.0161654332645,0.0,99.9999999999999,0.0,19.65063743236512,0.0,0
2030-07-25 07:00:00,0.0,164.0161654332645,0.0,99.9999999999999,0.0,32.87418668196421,0.0,0
2030-07-25 08:00:00,0.0,164.0161654332645,0.0,99.9999999999999,12.069470322313748,22.45787135127443,0.0,0
2030-07-25 09:00:00,0.0,164.0161654332645,0.0,99.9999999999999,56.62001518850125,26.520973076011597,0.0,0
2030-07-25 10:00:00,0.0,164.0161654332645,0.0,99.9999999999999,89.45370759081123,20.463257777312567,0.0,0
2030-07-25 11:00:00,0.0,164.0161654332645,0.0,99.9999999999999,117.8861848103912,18.69026793379089,0.0,0
2030-07-25 12:00:00,0.0,164.0161654332645,0.0,99.9999999999999,138.686496973214,18.025396742470274,0.0,0
2030-07-25 13:00:00,0.0,164.0161654332645,0.0,99.9999999999999,120.86864558954728,22.162373044020818,0.0,0
2030-07-25 14:00:00,0.0,164.0161654332645,0.0,99.9999999999999,127.63701522127616,25.26510527018372,0.0,0
2030-07-25 15:00:00,0.0,164.0161654332645,0.0,99.9999999999999,130.68810632187282,29.91920360942812,0.0,0
2030-07-25 16:00:00,0.0,164.0161654332645,0.0,99.9999999999999,134.06637473071655,48.1662240823386,0.0,0
2030-07-25 17:00:00,0.0,164.0161654332645,0.0,99.9999999999999,122.1069495789886,76.94554297153594,0.0,0
2030-07-25 18:00:00,0.0,164.0161654332645,0.0,99.9999999999999,81.20801112600306,119.15304368810548,0.0,0
2030-07-25 19:00:00,0.0,164.0161654332645,0.0,99.9999999999999,32.24441826304406,132.0973470373499,0.0,0
2030-07-25 20:00:00,0.0,164.0161654332645,0.0,99.9999999999999,0.9347923092772364,125.50404105675368,0.0,0
2030-07-25 21:00:00,0.0,164.0161654332645,0.0,99.9999999999999,0.0,115.78584047695055,0.0,0
2030-07-25 22:00:00,0.0,164.0161654332645,0.0,99.9999999999999,0.0,118.24069266445994,0.0,0
2030-07-25 23:00:00,0.0,164.0161654332645,0.0,99.9999999999999,0.0,100.19313354894562,0.0,0
2030-07-26 00:00:00,0.0,164.0161654332645,0.0,99.9999999999999,0.0,95.77543385550416,0.0,0
2030-07-26 01:00:00,0.0,164.0161654332645,0.0,99.9999999999999,0.0,101.44161389709215,0.0,0
2030-07-26 02:00:00,0.0,164.0161654332645,0.0,99.9999999999999,0.0,119.55713762327476,0.0,0
2030-07-26 03:00:00,0.0,164.0161654332645,0.0,99.9999999999999,0.0,135.17052943278748,0.0,0
2030-07-26 04:00:00,0.0,164.0161654332645,0.0,99.9999999999999,0.0,155.2732792752506,0.0,0
2030-07-26 05:00:00,0.0,164.0161654332645,0.0,99.9999999999999,0.0,175.823709053203,0.0,0
2030-07-26 06:00:00,0.0,164.0161654332645,0.0,99.9999999999999,0.0,190.92219506232624,0.0,0
2030-07-26 07:00:00,0.0,164.0161654332645,0.0,91.54615151914538,0.0,198.19071467499697,0.0,0
2030-07-26 08:00:00,0.0,164.0161654332645,0.0,90.2243994988588,13.252751726462124,184.68644203350692,0.0,0
2030-07-26 09:00:00,0.0,164.0161654332645,0.0,27.081408024006407,63.17066104186682,191.34032516709007,0.0,0
2030-07-26 10:00:00,0.0,164.0161654332645,0.0,8.522638636790703,120.2574807443046,144.51418590814663,0.0,0
2030-07-26 11:00:00,0.0,164.0161654332645,0.0,0.0,165.0009004793683,150.45444062971237,0.0,0
2030-07-26 12:00:00,0.0,164.0161654332645,0.0,0.0,193.17305579003568,142.41245419780532,0.0,0
2030-07-26 13:00:00,0.0,164.0161654332645,0.0,0.0,223.2532523648923,144.17140787173244,0.0,0
2030-07-26 14:00:00,0.0,164.0161654332645,0.0,0.0,229.661312809058,141.88277348205327,0.0,0
2030-07-26 15:00:00,0.0,164.0161654332645,0.0,0.0,215.61517090111437,140.24866784294076,0.0,0
2030-07-26 16:00:00,0.0,164.0161654332645,0.0,0.0,190.7804607908476,132.0256886978409,0.0,0
2030-07-26 17:00:00,0.0,164.0161654332645,0.0,0.0,148.65682608456845,116.72330885671263,0.0,0
2030-07-26 18:00:00,0.0,164.0161654332645,0.0,82.80309244144246,93.84900636652048,98.00275234642825,0.0,0
2030-07-26 19:00:00,0.0,164.0161654332645,0.0,99.9999999999999,33.368535596985055,77.19967151577401,0.0,0
2030-07-26 20:00:00,0.0,164.0161654332645,0.0,99.9999999999999,0.727718063551259,56.51405126225312,0.0,0
2030-07-26 21:00:00,0.0,164.0161654332645,0.0,99.9999999999999,0.0,43.51212574309423,0.0,0
2030-07-26 22:00:00,0.0,164.0161654332645,0.0,99.9999999999999,0.0,22.38399677446103,0.0,0
2030-07-26 23:00:00,0.0,164.0161654332645,0.0,99.9999999999999,0.0,21.866874736767222,0.0,0
2030-07-27 00:00:00,0.0,164.0161654332645,0.0,99.9999999999999,0.0,23.565990003475477,0.0,0
2030-07-27 01:00:00,0.0,164.0161654332645,0.0,99.9999999999999,0.0,26.594847652825,0.0,0
2030-07-27 02:00:00,0.0,164.0161654332645,0.0,99.9999999999999,0.0,31.987691760203383,0.0,0
2030-07-27 03:00:00,0.0,164.0161654332645,0.0,99.9999999999999,0.0,37.3805358675818,0.0,0
2030-07-27 04:00:00,0.0,164.0161654332645,0.0,99.9999999999999,0.0,43.586000319907605,0.0,0
2030-07-27 05:00:00,0.0,164.0161654332645,0.0,99.9999999999999,0.0,47.944600351898394,0.0,0
2030-07-27 06:00:00,0.0,164.0161654332645,0.0,99.9999999999999,0.0,48.831095273659216,0.0,0
2030-07-27 07:00:00,0.0,164.0161654332645,0.0,99.9999999999999,0.0,45.211241009802485,0.0,0
2030-07-27 08:00:00,0.0,164.0161654332645,0.0,99.9999999999999,12.365290673350824,33.908430757351844,0.0,0
2030-07-27 09:00:00,0.0,164.0161654332645,0.0,99.9999999999999,66.01231133392922,34.7949256791127,0.0,0
2030-07-27 10:00:00,0.0,164.0161654332645,0.0,42.091243080666,125.87333428839295,26.964220536892,0.0,0
2030-07-27 11:00:00,0.0,164.0161654332645,0.0,0.0,170.52268315182687,25.92997646150436,0.0,0
2030-07-27 12:00:00,0.0,164.0161654332645,0.0,0.0,210.75602581497893,28.36783749634665,0.0,0
2030-07-27 13:00:00,0.0,164.0161654332645,0.0,0.0,229.3199361239612,30.805698531188945,0.0,0
2030-07-27 14:00:00,0.0,164.0161654332645,0.0,0.0,232.80824970339071,30.584074800748727,0.0,0
2030-07-27 15:00:00,0.0,164.0161654332645,0.0,0.0,221.06654833002605,31.987691760203383,0.0,0
2030-07-27 16:00:00,0.0,164.0161654332645,0.0,0.0,190.6254509269041,33.908430757351844,0.0,0
2030-07-27 17:00:00,0.0,164.0161654332645,0.0,12.24418326374041,150.81631464713928,39.8183969024241,0.0,0
2030-07-27 18:00:00,0.0,164.0161654332645,0.0,77.807053308553,91.63094537444432,56.66180041587992,0.0,0
2030-07-27 19:00:00,0.0,164.0161654332645,0.0,99.9999999999999,34.72930921175573,71.95383781625429,0.0,0
2030-07-27 20:00:00,0.0,164.0161654332645,0.0,99.9999999999999,0.6922196214268058,69.07272932053156,0.0,0
2030-07-27 21:00:00,0.0,164.0161654332645,0.0,99.9999999999999,0.0,52.22932580707575,0.0,0
2030-07-27 22:00:00,0.0,164.0161654332645,0.0,99.9999999999999,0.0,52.74644784476957,0.0,0
2030-07-27 23:00:00,0.0,164.0161654332645,0.0,99.9999999999999,0.0,38.19315621252922,0.0,0
2030-07-28 00:00:00,0.0,164.0161654332645,0.0,99.9999999999999,0.0,29.10658326448067,0.0,0
2030-07-28 01:00:00,0.0,164.0161654332645,0.0,99.9999999999999,0.0,26.22547476875798,0.0,0
2030-07-28 02:00:00,0.0,164.0161654332645,0.0,99.9999999999999,0.0,24.526359502049704,0.0,0
2030-07-28 03:00:00,0.0,164.0161654332645,0.0,99.9999999999999,0.0,19.798386585991928,0.0,0
2030-07-28 04:00:00,0.0,164.0161654332645,0.0,99.9999999999999,0.0,12.115430597398028,0.0,0
2030-07-28 05:00:00,0.0,164.0161654332645,0.0,99.9999999999999,0.0,13.149674672785688,0.0,0
2030-07-28 06:00:00,0.0,164.0161654332645,0.0,99.9999999999999,0.0,17.951522165656872,0.0,0
2030-07-28 07:00:00,0.0,164.0161654332645,0.0,99.9999999999999,0.0,21.866874736767222,0.0,0
2030-07-28 08:00:00,0.0,164.0161654332645,0.0,99.9999999999999,8.223805758831409,22.310122197647622,0.0,0
2030-07-28 09:00:00,0.0,164.0161654332645,0.0,67.48211742360957,54.90425715248604,28.51558664997346,0.0,0
2030-07-28 10:00:00,0.0,164.0161654332645,0.0,0.0,104.83399928193224,26.373223922384785,0.0,0
2030-07-28 11:00:00,0.0,164.0161654332645,0.0,0.0,150.94351739808528,27.629091728212636,0.0,0
2030-07-28 12:00:00,0.0,164.0161654332645,0.0,0.0,173.95597414596347,28.36783749634665,0.0,0
2030-07-28 13:00:00,0.0,164.0161654332645,0.0,0.0,199.06520554199264,28.884959534040483,0.0,0
2030-07-28 14:00:00,0.0,164.0161654332645,0.0,0.0,205.39280285067633,30.214701916681708,0.0,0
2030-07-28 15:00:00,0.0,164.0161654332645,0.0,0.0,202.35354456412117,34.27780364141887,0.0,0
2030-07-28 16:00:00,0.0,164.0161654332645,0.0,0.0,189.16173182997255,42.55175624451998,0.0,0
2030-07-28 17:00:00,0.0,164.0161654332645,0.0,0.0,146.37782610017865,54.74106141873144,0.0,0
2030-07-28 18:00:00,0.0,164.0161654332645,0.0,0.0,94.39982386015156,70.47634627998626,0.0,0
2030-07-28 19:00:00,0.0,164.0161654332645,0.0,99.9999999999999,35.20262177341507,80.0467977061626,0.0,0
2030-07-28 20:00:00,0.0,164.0161654332645,0.0,99.9999999999999,0.6803868073853213,75.38678940077311,0.0,0
2030-07-28 21:00:00,0.0,164.0161654332645,0.0,99.9999999999999,0.0,54.445563111477846,0.0,0
2030-07-28 22:00:00,0.0,164.0161654332645,0.0,99.9999999999999,0.0,34.7949256791127,0.0,0
2030-07-28 23:00:00,0.0,164.0161654332645,0.0,99.9999999999999,0.0,28.36783749634665,0.0,0
2030-07-29 00:00:00,0.0,164.0161654332645,0.0,99.9999999999999,0.0,25.92997646150436,0.0,0
2030-07-29 01:00:00,0.0,164.0161654332645,0.0,99.9999999999999,0.0,23.787613733915688,0.0,0
2030-07-29 02:00:00,0.0,164.0161654332645,0.0,99.9999999999999,0.0,21.57137642951361,0.0,0
2030-07-29 03:00:00,0.0,164.0161654332645,0.0,99.9999999999999,0.0,18.911891664231103,0.0,0
2030-07-29 04:00:00,0.0,164.0161654332645,0.0,99.9999999999999,0.0,13.223549249599095,0.0,0
2030-07-29 05:00:00,0.0,164.0161654332645,0.0,99.9999999999999,0.0,10.56406448431659,0.0,0
2030-07-29 06:00:00,0.0,164.0161654332645,0.0,99.9999999999999,0.0,7.7568305654072764,0.0,0
2030-07-29 07:00:00,0.0,164.0161654332645,0.0,99.9999999999999,0.0,5.939515975797581,0.0,0
2030-07-29 08:00:00,0.0,164.0161654332645,0.0,99.9999999999999,10.412876356505963,4.233013251407966,0.0,0
2030-07-29 09:00:00,0.0,164.0161654332645,0.0,99.9999999999999,52.95184283564119,3.339130871965799,0.0,0
2030-07-29 10:00:00,0.0,164.0161654332645,0.0,99.9999999999999,113.483194705555,2.319661711940845,0.0,0
2030-07-29 11:00:00,0.0,164.0161654332645,0.0,99.9999999999999,137.12515716044018,4.528511558661584,0.0,0
2030-07-29 12:00:00,0.0,164.0161654332645,0.0,93.16087447884138,156.09907447595987,6.589612251755513,0.0,0
2030-07-29 13:00:00,0.0,164.0161654332645,0.0,44.225904894736,196.1046354688133,10.194691600249568,0.0,0
2030-07-29 14:00:00,0.0,164.0161654332645,0.0,11.37337802681094,220.77841930811593,13.371298403225879,0.0,0
2030-07-29 15:00:00,0.0,164.0161654332645,0.0,44.225904894736,208.35159800174935,15.21816282356096,0.0,0
2030-07-29 16:00:00,0.0,164.0161654332645,0.0,44.225904894736,185.6154374617398,24.526359502049704,0.0,0
2030-07-29 17:00:00,0.0,164.0161654332645,0.0,65.62813869970836,150.16373495275147,46.39323423881692,0.0,0
2030-07-29 18:00:00,0.0,164.0161654332645,0.0,99.9999999999999,94.2525053253351,79.6545237032834,0.0,0
2030-07-29 19:00:00,0.0,164.0161654332645,0.0,99.9999999999999,34.315160720303766,92.42374430548008,0.0,0
2030-07-29 20:00:00,0.0,164.0161654332645,0.0,99.9999999999999,0.5194605364211332,64.78800386535423,0.0,0
2030-07-29 21:00:00,0.0,164.0161654332645,0.0,99.9999999999999,0.0,38.34090536615604,0.0,0
2030-07-29 22:00:00,0.0,164.0161654332645,0.0,99.9999999999999,0.0,24.747983232489915,0.0,0
2030-07-29 23:00:00,0.0,164.0161654332645,0.0,99.9999999999999,0.0,19.50288827873831,0.0,0
2030-07-30 00:00:00,0.0,164.0161654332645,0.0,99.9999999999999,0.0,17.58214928158985,0.0,0
2030-07-30 01:00:00,0.0,164.0161654332645,0.0,99.9999999999999,0.0,18.025396742470274,0.0,0
2030-07-30 02:00:00,0.0,164.0161654332645,0.0,99.9999999999999,0.0,17.80377301203006,0.0,0
2030-07-30 03:00:00,0.0,164.0161654332645,0.0,99.9999999999999,0.0,19.28126454829812,0.0,0
2030-07-30 04:00:00,0.0,164.0161654332645,0.0,99.9999999999999,0.0,21.940749313580604,0.0,0
2030-07-30 05:00:00,0.0,164.0161654332645,0.0,99.9999999999999,0.0,23.196617119408447,0.0,0
2030-07-30 06:00:00,0.0,164.0161654332645,0.0,99.9999999999999,0.0,20.61100693093937,0.0,0
2030-07-30 07:00:00,0.0,164.0161654332645,0.0,99.9999999999999,0.0,17.877647588843466,0.0,0
2030-07-30 08:00:00,0.0,164.0161654332645,0.0,99.9999999999999,9.821235654431774,12.337054327838242,0.0,0
2030-07-30 09:00:00,0.0,164.0161654332645,0.0,99.9999999999999,52.516986919616635,11.52443398289082,0.0,0
2030-07-30 10:00:00,0.0,164.0161654332645,0.0,99.9999999999999,84.98622864944893,11.746057713331032,0.0,0
2030-07-30 11:00:00,0.0,164.0161654332645,0.0,91.35254475040136,138.21259277085255,12.854176365532073,0.0,0
2030-07-30 12:00:00,0.0,164.0161654332645,0.0,59.8254823073911,172.88983760082579,12.706427211905266,0.0,0
2030-07-30 13:00:00,0.0,164.0161654332645,0.0,41.347239757720445,212.22566131893123,9.160447524861937,0.0,0
2030-07-30 14:00:00,0.0,164.0161654332645,0.0,21.2707597039352,214.46916286119665,6.973760051185216,0.0,0
2030-07-30 15:00:00,0.0,164.0161654332645,0.0,41.347239757720445,203.8486206182626,9.455945832115551,0.0,0
2030-07-30 16:00:00,0.0,164.0161654332645,0.0,83.78693680470364,166.22204688844948,10.268566177062972,0.0,0
2030-07-30 17:00:00,0.0,164.0161654332645,0.0,99.9999999999999,142.08843101014068,19.724512009178525,0.0,0
2030-07-30 18:00:00,0.0,164.0161654332645,0.0,99.9999999999999,90.77839112275537,42.4778816677066,0.0,0
2030-07-30 19:00:00,0.0,164.0161654332645,0.0,99.9999999999999,29.7595273143324,65.67449878711506,0.0,0
2030-07-30 20:00:00,0.0,164.0161654332645,0.0,99.9999999999999,0.2899039440163354,83.89492441237273,0.0,0
2030-07-30 21:00:00,0.0,164.0161654332645,0.0,99.9999999999999,0.0,77.41021405969222,0.0,0
2030-07-30 22:00:00,0.0,164.0161654332645,0.0,99.9999999999999,0.0,68.18623439877075,0.0,0
2030-07-30 23:00:00,0.0,164.0161654332645,0.0,99.9999999999999,0.0,50.899583424434496,0.0,0
2030-07-31 00:00:00,0.0,164.0161654332645,0.0,99.9999999999999,0.0,45.654488470682885,0.0,0
2030-07-31 01:00:00,0.0,164.0161654332645,0.0,99.9999999999999,0.0,42.8472545517736,0.0,0
2030-07-31 02:00:00,0.0,164.0161654332645,0.0,99.9999999999999,0.0,34.20392906460547,0.0,0
2030-07-31 03:00:00,0.0,164.0161654332645,0.0,99.9999999999999,0.0,28.884959534040483,0.0,0
2030-07-31 04:00:00,0.0,164.0161654332645,0.0,99.9999999999999,0.0,26.373223922384785,0.0,0
2030-07-31 05:00:00,0.0,164.0161654332645,0.0,99.9999999999999,0.0,22.82724423534143,0.0,0
2030-07-31 06:00:00,0.0,164.0161654332645,0.0,99.9999999999999,0.0,18.911891664231103,0.0,0
2030-07-31 07:00:00,0.0,164.0161654332645,0.0,99.9999999999999,0.0,14.036169594546516,0.0,0
2030-07-31 08:00:00,0.0,164.0161654332645,0.0,99.9999999999999,12.542782883973095,12.484803481465052,0.0,0
2030-07-31 09:00:00,0.0,164.0161654332645,0.0,99.9999999999999,64.5403092671686,18.025396742470274,0.0,0
2030-07-31 10:00:00,0.0,164.0161654332645,0.0,99.9999999999999,120.40834912333352,17.06502724389602,0.0,0
2030-07-31 11:00:00,0.0,164.0161654332645,0.0,99.9999999999999,164.90091320071778,8.421701756727916,0.0,0
2030-07-31 12:00:00,0.0,164.0161654332645,0.0,99.9999999999999,193.53928138461964,1.7656023858403125,0.0,0
2030-07-31 13:00:00,0.0,164.0161654332645,0.0,99.9999999999999,191.33896961360563,0.2844171207315808,0.0,0
2030-07-31 14:00:00,0.0,164.0161654332645,0.0,99.9999999999999,120.13796932248565,5.341131903609004,0.0,0
2030-07-31 15:00:00,0.0,164.0161654332645,0.0,99.9999999999999,144.77862128247205,17.877647588843466,0.0,0
2030-07-31 16:00:00,0.0,164.0161654332645,0.0,99.9999999999999,96.81963433163507,29.10658326448067,0.0,0
2030-07-31 17:00:00,0.0,164.0161654332645,0.0,99.9999999999999,91.61142123127584,44.767993548922085,0.0,0
2030-07-31 18:00:00,0.0,164.0161654332645,0.0,99.9999999999999,57.86246066285708,49.422091888166456,0.0,0
2030-07-31 19:00:00,0.0,164.0161654332645,0.0,99.9999999999999,24.020612504212654,52.45094953751596,0.0,0
2030-07-31 20:00:00,0.0,164.0161654332645,0.0,99.9999999999999,0.0668553993343539,51.04733257806129,0.0,0
2030-07-31 21:00:00,0.0,164.0161654332645,0.0,99.9999999999999,0.0,39.744522325610696,0.0,0
2030-07-31 22:00:00,0.0,164.0161654332645,0.0,99.9999999999999,0.0,34.27780364141887,0.0,0
2030-07-31 23:00:00,0.0,164.0161654332645,0.0,99.9999999999999,0.0,34.42555279504568,0.0,0
2030-08-01 00:00:00,0.0,164.0161654332645,0.0,99.9999999999999,0.0,36.71566467626117,0.0,0
2030-08-01 01:00:00,0.0,164.0161654332645,0.0,99.9999999999999,0.0,37.52828502120861,0.0,0
2030-08-01 02:00:00,0.0,164.0161654332645,0.0,99.9999999999999,0.0,37.158912137141584,0.0,0
2030-08-01 03:00:00,0.0,164.0161654332645,0.0,99.9999999999999,0.0,37.97153248208901,0.0,0
2030-08-01 04:00:00,0.0,164.0161654332645,0.0,99.9999999999999,0.0,34.499427371859085,0.0,0
2030-08-01 05:00:00,0.0,164.0161654332645,0.0,99.9999999999999,0.0,24.452484925236295,0.0,0
2030-08-01 06:00:00,0.0,164.0161654332645,0.0,99.9999999999999,0.0,17.877647588843466,0.0,0
2030-08-01 07:00:00,0.0,164.0161654332645,0.0,99.9999999999999,0.0,13.2974238264125,0.0,0
2030-08-01 08:00:00,0.0,164.0161654332645,0.0,99.9999999999999,9.525415303394665,9.825318716182547,0.0,0
2030-08-01 09:00:00,0.0,164.0161654332645,0.0,99.9999999999999,59.10490613721288,12.18930517421146,0.0,0
2030-08-01 10:00:00,0.0,164.0161654332645,0.0,71.38949136084345,112.66850545879883,16.769528936642427,0.0,0
2030-08-01 11:00:00,0.0,164.0161654332645,0.0,22.650411102199428,162.48701913625504,12.18930517421146,0.0,0
2030-08-01 12:00:00,0.0,164.0161654332645,0.0,0.1892762011725608,196.85661080114963,8.421701756727916,0.0,0
2030-08-01 13:00:00,0.0,164.0161654332645,0.0,0.1892762011725608,204.07581064785907,11.081186522010395,0.0,0
2030-08-01 14:00:00,0.0,164.0161654332645,0.0,0.0,201.4873825762845,19.946135739618736,0.0,0
2030-08-01 15:00:00,0.0,164.0161654332645,0.0,0.0,209.4585577553302,27.259718844145613,0.0,0
2030-08-01 16:00:00,0.0,164.0161654332645,0.0,6.80652250293474,184.67472874544185,46.245485085190154,0.0,0
2030-08-01 17:00:00,0.0,164.0161654332645,0.0,30.063370960666248,138.5237957801436,72.2493361235079,0.0,0
2030-08-01 18:00:00,0.0,164.0161654332645,0.0,54.69704063751789,80.95123906130286,101.81763549307234,0.0,0
2030-08-01 19:00:00,0.0,164.0161654332645,0.0,99.9999999999999,32.36274640345891,109.83450456886283,0.0,0
2030-08-01 20:00:00,0.0,164.0161654332645,0.0,99.9999999999999,0.0,100.75088660388684,0.0,0
2030-08-01 21:00:00,0.0,164.0161654332645,0.0,99.9999999999999,0.0,71.7322140858141,0.0,0
2030-08-01 22:00:00,0.0,164.0161654332645,0.0,99.9999999999999,0.0,40.85264097781173,0.0,0
2030-08-01 23:00:00,0.0,164.0161654332645,0.0,99.9999999999999,0.0,36.86341382988797,0.0,0
2030-08-02 00:00:00,0.0,164.0161654332645,0.0,99.9999999999999,0.0,33.982305334165275,0.0,0
2030-08-02 01:00:00,0.0,164.0161654332645,0.0,99.9999999999999,0.0,54.37168853466444,0.0,0
2030-08-02 02:00:00,0.0,164.0161654332645,0.0,99.9999999999999,0.0,62.35014283051193,0.0,0
2030-08-02 03:00:00,0.0,164.0161654332645,0.0,99.9999999999999,0.0,65.74837336392845,0.0,0
2030-08-02 04:00:00,0.0,164.0161654332645,0.0,99.9999999999999,0.0,70.40247170317282,0.0,0
2030-08-02 05:00:00,0.0,164.0161654332645,0.0,99.9999999999999,0.0,69.73760051185222,0.0,0
2030-08-02 06:00:00,0.0,164.0161654332645,0.0,99.9999999999999,0.0,71.21509204812027,0.0,0
2030-08-02 07:00:00,0.0,164.0161654332645,0.0,99.9999999999999,0.0,67.37361405382333,0.0,0
2030-08-02 08:00:00,0.0,164.0161654332645,0.0,99.9999999999999,10.708696707543075,63.38438690589957,0.0,0
2030-08-02 09:00:00,0.0,164.0161654332645,0.0,43.95092121674742,60.98395700700057,87.66474406716064,0.0,0
2030-08-02 10:00:00,0.0,164.0161654332645,0.0,0.0,118.40150386189787,105.05186446596316,0.0,0
2030-08-02 11:00:00,0.0,164.0161654332645,0.0,0.0,162.0379638433807,107.36783244906334,0.0,0
2030-08-02 12:00:00,0.0,164.0161654332645,0.0,0.0,204.5242743000313,105.20921731457568,0.0,0
2030-08-02 13:00:00,0.0,164.0161654332645,0.0,0.0,222.78348964744535,105.69235704693534,0.0,0
2030-08-02 14:00:00,0.0,164.0161654332645,0.0,0.0,221.8859707023988,99.44626157736216,0.0,0
2030-08-02 15:00:00,0.0,164.0161654332645,0.0,0.0,213.2190260577138,101.87895139182748,0.0,0
2030-08-02 16:00:00,0.0,164.0161654332645,0.0,0.0,180.7184273706716,113.84441659829434,0.0,0
2030-08-02 17:00:00,0.0,164.0161654332645,0.0,0.0,143.26993749218283,131.44429577831943,0.0,0
2030-08-02 18:00:00,0.0,164.0161654332645,0.0,0.0,91.95398119777681,146.29234697204524,0.0,0
2030-08-02 19:00:00,0.0,164.0161654332645,0.0,99.9999999999999,33.42769966719247,141.6589335143086,0.0,0
2030-08-02 20:00:00,0.0,164.0161654332645,0.0,99.9999999999999,0.0,124.55844647354213,0.0,0
2030-08-02 21:00:00,0.0,164.0161654332645,0.0,99.9999999999999,0.0,117.8683647973204,0.0,0
2030-08-02 22:00:00,0.0,164.0161654332645,0.0,99.9999999999999,0.0,81.58929887002645,0.0,0
2030-08-02 23:00:00,0.0,164.0161654332645,0.0,99.9999999999999,0.0,95.66166700721152,0.0,0
2030-08-03 00:00:00,0.0,164.0161654332645,0.0,99.9999999999999,0.0,105.59558135130978,0.0,0
2030-08-03 01:00:00,0.0,164.0161654332645,0.0,99.9999999999999,0.0,97.19382573032148,0.0,0
2030-08-03 02:00:00,0.0,164.0161654332645,0.0,99.9999999999999,0.0,88.55197773468963,0.0,0
2030-08-03 03:00:00,0.0,164.0161654332645,0.0,99.9999999999999,0.0,93.90566831635692,0.0,0
2030-08-03 04:00:00,0.0,164.0161654332645,0.0,99.9999999999999,0.0,96.65232508227928,0.0,0
2030-08-03 05:00:00,0.0,164.0161654332645,0.0,99.9999999999999,0.0,99.43961286544892,0.0,0
2030-08-03 06:00:00,0.0,164.0161654332645,0.0,99.9999999999999,0.0,110.59984518464968,0.0,0
2030-08-03 07:00:00,0.0,164.0161654332645,0.0,99.9999999999999,0.0,111.34450091892877,0.0,0
2030-08-03 08:00:00,0.0,164.0161654332645,0.0,99.9999999999999,12.601946954180516,99.94786995392512,0.0,0
2030-08-03 09:00:00,0.0,164.0161654332645,0.0,59.38364509311856,63.237516441201215,120.80857295449383,0.0,0
2030-08-03 10:00:00,0.0,164.0161654332645,0.0,21.88793547523403,102.72361689763352,102.05994410502032,0.0,0
2030-08-03 11:00:00,0.0,164.0161654332645,0.0,0.0,154.13364406366935,94.31123974306253,0.0,0
2030-08-03 12:00:00,0.0,164.0161654332645,0.0,0.0,183.46186530618968,83.40218098502734,0.0,0
2030-08-03 13:00:00,0.0,164.0161654332645,0.0,0.0,213.8733806742079,75.00707407595222,0.0,0
2030-08-03 14:00:00,0.0,164.0161654332645,0.0,0.0,222.4716949974523,74.27867074857208,0.0,0
2030-08-03 15:00:00,0.0,164.0161654332645,0.0,0.0,201.4264435839708,63.9753835204068,0.0,0
2030-08-03 16:00:00,0.0,164.0161654332645,0.0,16.038310328465514,171.63023454610976,46.097735931563335,0.0,0
2030-08-03 17:00:00,0.0,164.0161654332645,0.0,75.26392968747552,133.025678735768,42.99500370540041,0.0,0
2030-08-03 18:00:00,0.0,164.0161654332645,0.0,99.9999999999999,84.69987454964499,44.767993548922085,0.0,0
2030-08-03 19:00:00,0.0,164.0161654332645,0.0,99.9999999999999,26.860487874168815,50.01308850267366,0.0,0
2030-08-03 20:00:00,0.0,164.0161654332645,0.0,99.9999999999999,0.0,53.2635698824634,0.0,0
2030-08-03 21:00:00,0.0,164.0161654332645,0.0,99.9999999999999,0.0,50.45633596355409,0.0,0
2030-08-03 22:00:00,0.0,164.0161654332645,0.0,99.9999999999999,0.0,49.56984104179326,0.0,0
2030-08-03 23:00:00,0.0,164.0161654332645,0.0,99.9999999999999,0.0,42.77337997496019,0.0,0
2030-08-04 00:00:00,0.0,164.0161654332645,0.0,99.9999999999999,0.0,33.24355956603124,0.0,0
2030-08-04 01:00:00,0.0,164.0161654332645,0.0,99.9999999999999,0.0,25.85610188469096,0.0,0
2030-08-04 02:00:00,0.0,164.0161654332645,0.0,99.9999999999999,0.0,28.66333580360027,0.0,0
2030-08-04 03:00:00,0.0,164.0161654332645,0.0,99.9999999999999,0.0,34.57330194867249,0.0,0
2030-08-04 04:00:00,0.0,164.0161654332645,0.0,99.9999999999999,0.0,37.45441044439521,0.0,0
2030-08-04 05:00:00,0.0,164.0161654332645,0.0,99.9999999999999,0.0,36.49404094582096,0.0,0
2030-08-04 06:00:00,0.0,164.0161654332645,0.0,99.9999999999999,0.0,35.016549409552916,0.0,0
2030-08-04 07:00:00,0.0,164.0161654332645,0.0,99.9999999999999,0.0,37.45441044439521,0.0,0
2030-08-04 08:00:00,0.0,164.0161654332645,0.0,99.9999999999999,4.25981305493426,32.43093922108381,0.0,0
2030-08-04 09:00:00,0.0,164.0161654332645,0.0,78.89282102657155,28.931230331428523,39.52289859517048,0.0,0
2030-08-04 10:00:00,0.0,164.0161654332645,0.0,0.0,64.3699167449712,69.515976781412,0.0,0
2030-08-04 11:00:00,0.0,164.0161654332645,0.0,0.0,88.1313906216754,50.899583424434496,0.0,0
2030-08-04 12:00:00,0.0,164.0161654332645,0.0,0.0,150.21047456821535,40.26164436330449,0.0,0
2030-08-04 13:00:00,0.0,164.0161654332645,0.0,0.0,126.8158179267972,38.34090536615604,0.0,0
2030-08-04 14:00:00,0.0,164.0161654332645,0.0,0.0,123.52215413835007,41.44363759231894,0.0,0
2030-08-04 15:00:00,0.0,164.0161654332645,0.0,0.0,148.5822793561071,41.369763015505534,0.0,0
2030-08-04 16:00:00,0.0,164.0161654332645,0.0,0.0,137.22691936119696,43.88149862716122,0.0,0
2030-08-04 17:00:00,0.0,164.0161654332645,0.0,58.86419782329028,88.65617592441518,43.29050201265402,0.0,0
2030-08-04 18:00:00,0.0,164.0161654332645,0.0,79.35009409262214,52.77435062501892,47.35360373739116,0.0,0
2030-08-04 19:00:00,0.0,164.0161654332645,0.0,99.9999999999999,22.482346678819717,46.467108815630326,0.0,0
2030-08-04 20:00:00,0.0,164.0161654332645,0.0,99.9999999999999,0.0,39.89227147923751,0.0,0
2030-08-04 21:00:00,0.0,164.0161654332645,0.0,99.9999999999999,0.0,40.92651555462513,0.0,0
2030-08-04 22:00:00,0.0,164.0161654332645,0.0,99.9999999999999,0.0,38.41477994296944,0.0,0
2030-08-04 23:00:00,0.0,164.0161654332645,0.0,99.9999999999999,0.0,33.982305334165275,0.0,0
2030-08-05 00:00:00,0.0,164.0161654332645,0.0,99.9999999999999,0.0,25.560603577437337,0.0,0
2030-08-05 01:00:00,0.0,164.0161654332645,0.0,99.9999999999999,0.0,17.877647588843466,0.0,0
2030-08-05 02:00:00,0.0,164.0161654332645,0.0,99.9999999999999,0.0,13.7406712872929,0.0,0
2030-08-05 03:00:00,0.0,164.0161654332645,0.0,99.9999999999999,0.0,11.598308559704224,0.0,0
2030-08-05 04:00:00,0.0,164.0161654332645,0.0,99.9999999999999,0.0,7.461332258153659,0.0,0
2030-08-05 05:00:00,0.0,164.0161654332645,0.0,99.9999999999999,0.0,3.9522898595170286,0.0,0
2030-08-05 06:00:00,0.0,164.0161654332645,0.0,99.9999999999999,0.0,2.4083112041169303,0.0,0
2030-08-05 07:00:00,0.0,164.0161654332645,0.0,99.9999999999999,0.0,0.4860947154321695,0.0,0
2030-08-05 08:00:00,0.0,164.0161654332645,0.0,99.9999999999999,11.951142181898904,0.0805232887265951,0.0,0
2030-08-05 09:00:00,0.0,164.0161654332645,0.0,99.9999999999999,63.18663534082283,0.0133712984032259,0.0,0
2030-08-05 10:00:00,0.0,164.0161654332645,0.0,91.41629449273103,110.0404374601852,0.0350904239863411,0.0,0
2030-08-05 11:00:00,0.0,164.0161654332645,0.0,46.109911272543,151.64106178583074,0.0,0.0,0
2030-08-05 12:00:00,0.0,164.0161654332645,0.0,36.49495579676966,161.56583456312552,0.0,0.0,0
2030-08-05 13:00:00,0.0,164.0161654332645,0.0,35.294326244019146,187.70807062497627,0.3073182395437517,0.0,0
2030-08-05 14:00:00,0.0,164.0161654332645,0.0,33.83088174401337,182.02536168155356,1.610465774532163,0.0,0
2030-08-05 15:00:00,0.0,164.0161654332645,0.0,44.09861479014086,176.47222205188507,5.252482411432921,0.0,0
2030-08-05 16:00:00,0.0,164.0161654332645,0.0,94.13799082725565,131.3815092247038,9.751444139369143,0.0,0
2030-08-05 17:00:00,0.0,164.0161654332645,0.0,99.9999999999999,116.45618923347784,14.479417055426916,0.0,0
2030-08-05 18:00:00,0.0,164.0161654332645,0.0,99.9999999999999,78.20247635946609,21.05425439181977,0.0,0
2030-08-05 19:00:00,0.0,164.0161654332645,0.0,99.9999999999999,28.753738120806258,34.7210511022993,0.0,0
2030-08-05 20:00:00,0.0,164.0161654332645,0.0,99.9999999999999,0.0,46.61485796925714,0.0,0
2030-08-05 21:00:00,0.0,164.0161654332645,0.0,99.9999999999999,0.0,37.60215959802199,0.0,0
2030-08-05 22:00:00,0.0,164.0161654332645,0.0,99.9999999999999,0.0,19.20738997148472,0.0,0
2030-08-05 23:00:00,0.0,164.0161654332645,0.0,99.9999999999999,0.0,10.41631533068978,0.0,0
2030-08-06 00:00:00,0.0,164.0161654332645,0.0,99.9999999999999,0.0,6.907272932053153,0.0,0
2030-08-06 01:00:00,0.0,164.0161654332645,0.0,99.9999999999999,0.0,9.455945832115551,0.0,0
2030-08-06 02:00:00,0.0,164.0161654332645,0.0,99.9999999999999,0.0,13.592922133666091,0.0,0
2030-08-06 03:00:00,0.0,164.0161654332645,0.0,99.9999999999999,0.0,15.809159438068171,0.0,0
2030-08-06 04:00:00,0.0,164.0161654332645,0.0,99.9999999999999,0.0,12.558678058278456,0.0,0
2030-08-06 05:00:00,0.0,164.0161654332645,0.0,99.9999999999999,0.0,5.259869869114261,0.0,0
2030-08-06 06:00:00,0.0,164.0161654332645,0.0,99.9999999999999,0.0,1.610465774532163,0.0,0
2030-08-06 07:00:00,0.0,164.0161654332645,0.0,99.9999999999999,0.0,0.8200078026287623,0.0,0
2030-08-06 08:00:00,0.0,164.0161654332645,0.0,99.9999999999999,13.311915796669547,0.6700424116975569,0.0,0
2030-08-06 09:00:00,0.0,164.0161654332645,0.0,99.9999999999999,68.83207092001489,1.351904755685248,0.0,0
2030-08-06 10:00:00,0.0,164.0161654332645,0.0,73.97240482288555,127.587909043004,3.671566467626093,0.0,0
2030-08-06 11:00:00,0.0,164.0161654332645,0.0,22.254475077517384,176.9070779679096,1.507041366993397,0.0,0
2030-08-06 12:00:00,0.0,164.0161654332645,0.0,0.0,211.14355047483753,0.916044752486188,0.0,0
2030-08-06 13:00:00,0.0,164.0161654332645,0.0,0.0,229.3613509731064,1.4774915362680354,0.0,0
2030-08-06 14:00:00,0.0,164.0161654332645,0.0,0.0,230.19615600373308,3.981839690242392,0.0,0
2030-08-06 15:00:00,0.0,164.0161654332645,0.0,11.91614603820568,205.1750790723129,11.967681443771248,0.0,0
2030-08-06 16:00:00,0.0,164.0161654332645,0.0,28.64317496567924,182.98736946312616,25.33897984699715,0.0,0
2030-08-06 17:00:00,0.0,164.0161654332645,0.0,53.738319344513855,147.4143806102126,40.409393516931296,0.0,0
2030-08-06 18:00:00,0.0,164.0161654332645,0.0,84.11754825304865,91.8285533689371,61.75914621600472,0.0,0
2030-08-06 19:00:00,0.0,164.0161654332645,0.0,99.9999999999999,31.23862906951792,74.8519374646441,0.0,0
2030-08-06 20:00:00,0.0,164.0161654332645,0.0,99.9999999999999,0.0,78.06031033565014,0.0,0
2030-08-06 21:00:00,0.0,164.0161654332645,0.0,99.9999999999999,0.0,71.14121747130687,0.0,0
2030-08-06 22:00:00,0.0,164.0161654332645,0.0,99.9999999999999,0.0,66.4132445552491,0.0,0
2030-08-06 23:00:00,0.0,164.0161654332645,0.0,99.9999999999999,0.0,61.75914621600472,0.0,0
2030-08-07 00:00:00,0.0,164.0161654332645,0.0,99.9999999999999,0.0,65.23125132623466,0.0,0
2030-08-07 01:00:00,0.0,164.0161654332645,0.0,99.9999999999999,0.0,82.7875445059398,0.0,0
2030-08-07 02:00:00,0.0,164.0161654332645,0.0,99.9999999999999,0.0,105.07402683900716,0.0,0
2030-08-07 03:00:00,0.0,164.0161654332645,0.0,99.9999999999999,0.0,117.447279709484,0.0,0
2030-08-07 04:00:00,0.0,164.0161654332645,0.0,99.9999999999999,0.0,96.96333705066368,0.0,0
2030-08-07 05:00:00,0.0,164.0161654332645,0.0,99.9999999999999,0.0,94.8076768992486,0.0,0
2030-08-07 06:00:00,0.0,164.0161654332645,0.0,79.7744721825239,0.0,138.29173030315374,0.0,0
2030-08-07 07:00:00,0.0,164.0161654332645,0.0,31.180882790183148,0.0,187.2395474081781,0.0,0
2030-08-07 08:00:00,0.0,164.0161654332645,0.0,31.180882790183148,11.773649971276638,153.627353703848,0.0,0
2030-08-07 09:00:00,0.0,164.0161654332645,0.0,17.636826070116513,53.83930388875248,125.7515208890786,0.0,0
2030-08-07 10:00:00,0.0,164.0161654332645,0.0,14.4813472842186,101.66931316653728,87.86716040762937,0.0,0
2030-08-07 11:00:00,0.0,164.0161654332645,0.0,0.0,159.7341149495038,118.01315896787465,0.0,0
2030-08-07 12:00:00,0.0,164.0161654332645,0.0,0.0,201.49093242049688,143.63360095253088,0.0,0
2030-08-07 13:00:00,0.0,164.0161654332645,0.0,0.0,222.50305195466223,178.44921151315134,0.0,0
2030-08-07 14:00:00,0.0,164.0161654332645,0.0,0.0,231.7438880803592,196.1658125245416,0.0,0
2030-08-07 15:00:00,0.0,164.0161654332645,0.0,0.0,208.10429218828236,185.60691926060193,0.0,0
2030-08-07 16:00:00,0.0,164.0161654332645,0.0,0.0,165.82209777384736,176.6156445166427,0.0,0
2030-08-07 17:00:00,0.0,164.0161654332645,0.0,0.0,138.50663819978342,175.7387532898676,0.0,0
2030-08-07 18:00:00,0.0,164.0161654332645,0.0,0.0,89.8554316275196,176.06971139399164,0.0,0
2030-08-07 19:00:00,0.0,164.0161654332645,0.0,99.9999999999999,27.86627706769496,147.8060370509519,0.0,0
2030-08-07 20:00:00,0.0,164.0161654332645,0.0,99.9999999999999,0.0,111.1561207480546,0.0,0
2030-08-07 21:00:00,0.0,164.0161654332645,0.0,99.9999999999999,0.0,106.6342579013062,0.0,0
2030-08-07 22:00:00,0.0,164.0161654332645,0.0,99.9999999999999,0.0,99.60804690058349,0.0,0
2030-08-07 23:00:00,0.0,164.0161654332645,0.0,99.9999999999999,0.0,77.91477741932776,0.0,0
2030-08-08 00:00:00,0.0,164.0161654332645,0.0,99.9999999999999,0.0,57.62216991445416,0.0,0
2030-08-08 01:00:00,0.0,164.0161654332645,0.0,99.9999999999999,0.0,51.04733257806129,0.0,0
2030-08-08 02:00:00,0.0,164.0161654332645,0.0,99.9999999999999,0.0,61.98076994644492,0.0,0
2030-08-08 03:00:00,0.0,164.0161654332645,0.0,99.9999999999999,0.0,59.39515975797583,0.0,0
2030-08-08 04:00:00,0.0,164.0161654332645,0.0,99.9999999999999,0.0,48.90496985047263,0.0,0
2030-08-08 05:00:00,0.0,164.0161654332645,0.0,99.9999999999999,0.0,47.13198000695097,0.0,0
2030-08-08 06:00:00,0.0,164.0161654332645,0.0,99.9999999999999,0.0,49.27434273453965,0.0,0
2030-08-08 07:00:00,0.0,164.0161654332645,0.0,99.9999999999999,0.0,40.48326809374471,0.0,0
2030-08-08 08:00:00,0.0,164.0161654332645,0.0,99.9999999999999,10.945352988372727,25.78222730787755,0.0,0
2030-08-08 09:00:00,0.0,164.0161654332645,0.0,98.37614505208222,59.1640702074203,34.13005448779206,0.0,0
2030-08-08 10:00:00,0.0,164.0161654332645,0.0,68.88516537650185,104.41097617994916,31.913817183389984,0.0,0
2030-08-08 11:00:00,0.0,164.0161654332645,0.0,29.48068321849712,147.9255581768047,26.89034596007859,0.0,0
2030-08-08 12:00:00,0.0,164.0161654332645,0.0,23.7819882657447,166.30191838322952,27.776840881839444,0.0,0
2030-08-08 13:00:00,0.0,164.0161654332645,0.0,23.7819882657447,175.4528251222112,36.86341382988797,0.0,0
2030-08-08 14:00:00,0.0,164.0161654332645,0.0,0.0,204.83192746510997,41.73913589957255,0.0,0
2030-08-08 15:00:00,0.0,164.0161654332645,0.0,23.7819882657447,178.66839233798447,42.33013251407976,0.0,0
2030-08-08 16:00:00,0.0,164.0161654332645,0.0,57.81401391238819,142.39430925311305,39.744522325610696,0.0,0
2030-08-08 17:00:00,0.0,164.0161654332645,0.0,99.9999999999999,98.74601645758864,41.22201386187875,0.0,0
2030-08-08 18:00:00,0.0,164.0161654332645,0.0,99.9999999999999,47.98206093821789,43.06887828221381,0.0,0
2030-08-08 19:00:00,0.0,164.0161654332645,0.0,99.9999999999999,18.16336955367803,36.05079348494055,0.0,0
2030-08-08 20:00:00,0.0,164.0161654332645,0.0,99.9999999999999,0.0,30.36245107030854,0.0,0
2030-08-08 21:00:00,0.0,164.0161654332645,0.0,99.9999999999999,0.0,31.618318876136367,0.0,0
2030-08-08 22:00:00,0.0,164.0161654332645,0.0,99.9999999999999,0.0,30.87957310800235,0.0,0
2030-08-08 23:00:00,0.0,164.0161654332645,0.0,99.9999999999999,0.0,33.46518329647145,0.0,0
2030-08-09 00:00:00,0.0,164.0161654332645,0.0,99.9999999999999,0.0,29.54983072536109,0.0,0
2030-08-09 01:00:00,0.0,164.0161654332645,0.0,99.9999999999999,0.0,24.895732386116723,0.0,0
2030-08-09 02:00:00,0.0,164.0161654332645,0.0,99.9999999999999,0.0,23.787613733915688,0.0,0
2030-08-09 03:00:00,0.0,164.0161654332645,0.0,99.9999999999999,0.0,19.355139125111528,0.0,0
2030-08-09 04:00:00,0.0,164.0161654332645,0.0,99.9999999999999,0.0,14.553291632240322,0.0,0
2030-08-09 05:00:00,0.0,164.0161654332645,0.0,99.9999999999999,0.0,13.962295017733112,0.0,0
2030-08-09 06:00:00,0.0,164.0161654332645,0.0,99.9999999999999,0.0,17.58214928158985,0.0,0
2030-08-09 07:00:00,0.0,164.0161654332645,0.0,99.9999999999999,0.0,21.05425439181977,0.0,0
2030-08-09 08:00:00,0.0,164.0161654332645,0.0,99.9999999999999,11.951142181898904,21.349752699073395,0.0,0
2030-08-09 09:00:00,0.0,164.0161654332645,0.0,99.9999999999999,63.44104084271471,19.429013701924905,0.0,0
2030-08-09 10:00:00,0.0,164.0161654332645,0.0,64.29926849116384,123.55942750258072,17.729898435216658,0.0,0
2030-08-09 11:00:00,0.0,164.0161654332645,0.0,20.84640683587122,166.29245213199636,12.63255263509186,0.0,0
2030-08-09 12:00:00,0.0,164.0161654332645,0.0,13.806655677013282,197.6505926233332,12.04155602058465,0.0,0
2030-08-09 13:00:00,0.0,164.0161654332645,0.0,13.806655677013282,201.706881276754,10.785688214756805,0.0,0
2030-08-09 14:00:00,0.0,164.0161654332645,0.0,11.129753418013363,202.87655494475473,4.993921392586005,0.0,0
2030-08-09 15:00:00,0.0,164.0161654332645,0.0,22.645122910162566,200.2271878808664,4.210850878363945,0.0,0
2030-08-09 16:00:00,0.0,164.0161654332645,0.0,56.4438619101382,173.98141469615263,4.705810543013754,0.0,0
2030-08-09 17:00:00,0.0,164.0161654332645,0.0,99.9999999999999,131.59154167394013,3.235706464427033,0.0,0
2030-08-09 18:00:00,0.0,164.0161654332645,0.0,99.9999999999999,74.2343421706544,4.410312235760137,0.0,0
2030-08-09 19:00:00,0.0,164.0161654332645,0.0,99.9999999999999,20.766588642804535,10.194691600249568,0.0,0
2030-08-09 20:00:00,0.0,164.0161654332645,0.0,99.9999999999999,0.0,19.946135739618736,0.0,0
2030-08-09 21:00:00,0.0,164.0161654332645,0.0,99.9999999999999,0.0,28.73721038041367,0.0,0
2030-08-09 22:00:00,0.0,164.0161654332645,0.0,99.9999999999999,0.0,32.87418668196421,0.0,0
2030-08-09 23:00:00,0.0,164.0161654332645,0.0,99.9999999999999,0.0,31.10119683844256,0.0,0
2030-08-10 00:00:00,0.0,164.0161654332645,0.0,99.9999999999999,0.0,26.668722229638405,0.0,0
2030-08-10 01:00:00,0.0,164.0161654332645,0.0,99.9999999999999,0.0,19.576762855551717,0.0,0
2030-08-10 02:00:00,0.0,164.0161654332645,0.0,99.9999999999999,0.0,10.933437368383611,0.0,0
2030-08-10 03:00:00,0.0,164.0161654332645,0.0,99.9999999999999,0.0,5.392844107378388,0.0,0
2030-08-10 04:00:00,0.0,164.0161654332645,0.0,99.9999999999999,0.0,3.6050793484940553,0.0,0
2030-08-10 05:00:00,0.0,164.0161654332645,0.0,99.9999999999999,0.0,5.821316652896134,0.0,0
2030-08-10 06:00:00,0.0,164.0161654332645,0.0,99.9999999999999,0.0,8.569450910354698,0.0,0
2030-08-10 07:00:00,0.0,164.0161654332645,0.0,99.9999999999999,0.0,9.899193292995951,0.0,0
2030-08-10 08:00:00,0.0,164.0161654332645,0.0,99.9999999999999,11.773649971276638,6.737361405382321,0.0,0
2030-08-10 09:00:00,0.0,164.0161654332645,0.0,99.9999999999999,61.94241494436078,15.070413669934153,0.0,0
2030-08-10 10:00:00,0.0,164.0161654332645,0.0,99.9999999999999,112.13307062342167,12.706427211905266,0.0,0
2030-08-10 11:00:00,0.0,164.0161654332645,0.0,46.62641777427518,155.7009002834639,22.23624762083422,0.0,0
2030-08-10 12:00:00,0.0,164.0161654332645,0.0,46.62641777427518,182.33478976873832,25.560603577437337,0.0,0
2030-08-10 13:00:00,0.0,164.0161654332645,0.0,46.62641777427518,182.29574148240144,27.333593420959012,0.0,0
2030-08-10 14:00:00,0.0,164.0161654332645,0.0,0.0,191.23720741284887,33.83455618053847,0.0,0
2030-08-10 15:00:00,0.0,164.0161654332645,0.0,0.0,183.69852158701937,53.33744445927681,0.0,0
2030-08-10 16:00:00,0.0,164.0161654332645,0.0,0.0,164.03889269779566,82.937509896871,0.0,0
2030-08-10 17:00:00,0.0,164.0161654332645,0.0,44.34251229363065,99.00278852228887,102.2047382755746,0.0,0
2030-08-10 18:00:00,0.0,164.0161654332645,0.0,99.9999999999999,46.38463104261752,79.60576648258655,0.0,0
2030-08-10 19:00:00,0.0,164.0161654332645,0.0,99.9999999999999,6.3897195824013915,41.148139285065355,0.0,0
2030-08-10 20:00:00,0.0,164.0161654332645,0.0,99.9999999999999,0.0,32.94806125877762,0.0,0
2030-08-10 21:00:00,0.0,164.0161654332645,0.0,99.9999999999999,0.0,33.686807026911666,0.0,0
2030-08-10 22:00:00,0.0,164.0161654332645,0.0,99.9999999999999,0.0,0.1403616959454423,0.0,0
2030-08-10 23:00:00,0.0,164.0161654332645,0.0,99.9999999999999,0.0,0.8421701756727837,0.0,0
2030-08-11 00:00:00,0.0,164.0161654332645,0.0,99.9999999999999,0.0,3.065794937756203,0.0,0
2030-08-11 01:00:00,0.0,164.0161654332645,0.0,99.9999999999999,0.0,53.854566496970605,0.0,0
2030-08-11 02:00:00,0.0,164.0161654332645,0.0,99.9999999999999,0.0,140.99332357721983,0.0,0
2030-08-11 03:00:00,0.0,164.0161654332645,0.0,99.9999999999999,0.0,194.4895983766455,0.0,0
2030-08-11 04:00:00,0.0,164.0161654332645,0.0,99.9999999999999,0.0,185.98294085658216,0.0,0
2030-08-11 05:00:00,0.0,164.0161654332645,0.0,99.9999999999999,0.0,150.0496079487749,0.0,0
2030-08-11 06:00:00,0.0,164.0161654332645,0.0,99.9999999999999,0.0,134.97993302460887,0.0,0
2030-08-11 07:00:00,0.0,164.0161654332645,0.0,57.506596643878815,0.0,135.19195306006333,0.0,0
2030-08-11 08:00:00,0.0,164.0161654332645,0.0,36.26084804136224,8.87461053111302,127.9507670408136,0.0,0
2030-08-11 09:00:00,0.0,164.0161654332645,0.0,0.0,49.87531118485533,126.90913550774462,0.0,0
2030-08-11 10:00:00,0.0,164.0161654332645,0.0,0.0,91.19194797350525,102.1249537326161,0.0,0
2030-08-11 11:00:00,0.0,164.0161654332645,0.0,0.0,136.4276127726947,73.20970562208214,0.0,0
2030-08-11 12:00:00,0.0,164.0161654332645,0.0,0.0,190.14385539541576,52.00770207663555,0.0,0
2030-08-11 13:00:00,0.0,164.0161654332645,0.0,0.0,206.01935035417287,48.97884442728603,0.0,0
2030-08-11 14:00:00,0.0,164.0161654332645,0.0,0.0,227.0492191094004,48.97884442728603,0.0,0
2030-08-11 15:00:00,0.0,164.0161654332645,0.0,0.0,217.14397047527407,49.865339349046856,0.0,0
2030-08-11 16:00:00,0.0,164.0161654332645,0.0,0.0,191.89747843636368,52.67257326795617,0.0,0
2030-08-11 17:00:00,0.0,164.0161654332645,0.0,0.0,149.62475027316185,45.06349185617567,0.0,0
2030-08-11 18:00:00,0.0,164.0161654332645,0.0,47.04340650904202,93.62359125903022,42.25625793726638,0.0,0
2030-08-11 19:00:00,0.0,164.0161654332645,0.0,99.9999999999999,31.53444942055503,46.245485085190154,0.0,0
2030-08-11 20:00:00,0.0,164.0161654332645,0.0,99.9999999999999,0.0,47.13198000695097,0.0,0
2030-08-11 21:00:00,0.0,164.0161654332645,0.0,99.9999999999999,0.0,40.33551894011791,0.0,0
2030-08-11 22:00:00,0.0,164.0161654332645,0.0,99.9999999999999,0.0,12.854176365532073,0.0,0
2030-08-11 23:00:00,0.0,164.0161654332645,0.0,99.9999999999999,0.0,16.252406898948596,0.0,0
2030-08-12 00:00:00,0.0,164.0161654332645,0.0,99.9999999999999,0.0,20.68488150775276,0.0,0
2030-08-12 01:00:00,0.0,164.0161654332645,0.0,99.9999999999999,0.0,25.191230693370343,0.0,0
2030-08-12 02:00:00,0.0,164.0161654332645,0.0,99.9999999999999,0.0,26.373223922384785,0.0,0
2030-08-12 03:00:00,0.0,164.0161654332645,0.0,99.9999999999999,0.0,27.1119696905188,0.0,0
2030-08-12 04:00:00,0.0,164.0161654332645,0.0,99.9999999999999,0.0,19.28126454829812,0.0,0
2030-08-12 05:00:00,0.0,164.0161654332645,0.0,99.9999999999999,0.0,9.751444139369143,0.0,0
2030-08-12 06:00:00,0.0,164.0161654332645,0.0,99.9999999999999,0.0,5.961678348841603,0.0,0
2030-08-12 07:00:00,0.0,164.0161654332645,0.0,99.9999999999999,0.0,2.962370530217437,0.0,0
2030-08-12 08:00:00,0.0,164.0161654332645,0.0,99.9999999999999,13.07525951583989,1.6695654359828866,0.0,0
2030-08-12 09:00:00,0.0,164.0161654332645,0.0,99.9999999999999,69.60179547341342,1.6474030629388654,0.0,0
2030-08-12 10:00:00,0.0,164.0161654332645,0.0,66.07375402874686,129.916015205666,9.30819667848874,0.0,0
2030-08-12 11:00:00,0.0,164.0161654332645,0.0,16.376010018293698,178.92930588759927,6.766911236107684,0.0,0
2030-08-12 12:00:00,0.0,164.0161654332645,0.0,0.0,214.12778617609976,5.429781395785091,0.0,0
2030-08-12 13:00:00,0.0,164.0161654332645,0.0,0.0,233.74067544985965,6.050327841017688,0.0,0
2030-08-12 14:00:00,0.0,164.0161654332645,0.0,0.0,235.0931660948013,6.050327841017688,0.0,0
2030-08-12 15:00:00,0.0,164.0161654332645,0.0,0.0,221.91141125258804,5.5258183456425165,0.0,0
2030-08-12 16:00:00,0.0,164.0161654332645,0.0,32.798812068954476,193.4688761410728,8.052328872660894,0.0,0
2030-08-12 17:00:00,0.0,164.0161654332645,0.0,77.73598100040742,149.71704622268544,11.746057713331032,0.0,0
2030-08-12 18:00:00,0.0,164.0161654332645,0.0,99.9999999999999,92.83966732878191,19.355139125111528,0.0,0
2030-08-12 19:00:00,0.0,164.0161654332645,0.0,99.9999999999999,31.771105701384688,28.66333580360027,0.0,0
2030-08-12 20:00:00,0.0,164.0161654332645,0.0,99.9999999999999,0.0,33.539057873284854,0.0,0
2030-08-12 21:00:00,0.0,164.0161654332645,0.0,99.9999999999999,0.0,25.26510527018372,0.0,0
2030-08-12 22:00:00,0.0,164.0161654332645,0.0,99.9999999999999,0.0,20.906505238192967,0.0,0
2030-08-12 23:00:00,0.0,164.0161654332645,0.0,99.9999999999999,0.0,17.877647588843466,0.0,0
2030-08-13 00:00:00,0.0,164.0161654332645,0.0,99.9999999999999,0.0,12.04155602058465,0.0,0
2030-08-13 01:00:00,0.0,164.0161654332645,0.0,99.9999999999999,0.0,4.026164436330434,0.0,0
2030-08-13 02:00:00,0.0,164.0161654332645,0.0,99.9999999999999,0.0,0.3560754602405882,0.0,0
2030-08-13 03:00:00,0.0,164.0161654332645,0.0,99.9999999999999,0.0,0.4558061389386841,0.0,0
2030-08-13 04:00:00,0.0,164.0161654332645,0.0,99.9999999999999,0.0,0.997306786980933,0.0,0
2030-08-13 05:00:00,0.0,164.0161654332645,0.0,99.9999999999999,0.0,1.4257793324986523,0.0,0
2030-08-13 06:00:00,0.0,164.0161654332645,0.0,99.9999999999999,0.0,1.3740671287292692,0.0,0
2030-08-13 07:00:00,0.0,164.0161654332645,0.0,99.9999999999999,0.0,0.72544834430761,0.0,0
2030-08-13 08:00:00,0.0,164.0161654332645,0.0,99.9999999999999,12.77943916480278,0.1854251878016345,0.0,0
2030-08-13 09:00:00,0.0,164.0161654332645,0.0,99.9999999999999,63.835073550296144,0.0938207125530027,0.0,0
2030-08-13 10:00:00,0.0,164.0161654332645,0.0,58.665488776438046,126.38273693287884,4.8313973235965415,0.0,0
2030-08-13 11:00:00,0.0,164.0161654332645,0.0,21.402102439493376,170.4309788430054,5.555368176367878,0.0,0
2030-08-13 12:00:00,0.0,164.0161654332645,0.0,2.6537906178536446,194.30368117169948,3.176606802976309,0.0,0
2030-08-13 13:00:00,0.0,164.0161654332645,0.0,21.402102439493376,186.0621261918058,3.4425552795045653,0.0,0
2030-08-13 14:00:00,0.0,164.0161654332645,0.0,0.0,212.65460082793507,5.104733257806111,0.0,0
2030-08-13 15:00:00,0.0,164.0161654332645,0.0,0.0,204.8437602791514,7.904579719034085,0.0,0
2030-08-13 16:00:00,0.0,164.0161654332645,0.0,48.40028206344903,159.2383200411656,10.490189907503186,0.0,0
2030-08-13 17:00:00,0.0,164.0161654332645,0.0,95.73496787253782,111.44913397182388,20.020010316432135,0.0,0
2030-08-13 18:00:00,0.0,164.0161654332645,0.0,99.9999999999999,56.205866697049295,15.439786554001175,0.0,0
2030-08-13 19:00:00,0.0,164.0161654332645,0.0,99.9999999999999,18.636682115337372,14.479417055426916,0.0,0
2030-08-13 20:00:00,0.0,164.0161654332645,0.0,99.9999999999999,0.0,8.200078026287702,0.0,0
2030-08-13 21:00:00,0.0,164.0161654332645,0.0,99.9999999999999,0.0,0.2873721038041273,0.0,0
2030-08-13 22:00:00,0.0,164.0161654332645,0.0,99.9999999999999,0.0,0.1366679671047721,0.0,0
2030-08-13 23:00:00,0.0,164.0161654332645,0.0,99.9999999999999,0.0,0.0217191255831404,0.0,0
2030-08-14 00:00:00,0.0,164.0161654332645,0.0,99.9999999999999,0.0,0.0284417120731502,0.0,0
2030-08-14 01:00:00,0.0,164.0161654332645,0.0,99.9999999999999,0.0,4.070489182418477,0.0,0
2030-08-14 02:00:00,0.0,164.0161654332645,0.0,99.9999999999999,0.0,14.774915362680535,0.0,0
2030-08-14 03:00:00,0.0,164.0161654332645,0.0,99.9999999999999,0.0,9.60369498574236,0.0,0
2030-08-14 04:00:00,0.0,164.0161654332645,0.0,99.9999999999999,0.0,0.0938207125530027,0.0,0
2030-08-14 05:00:00,0.0,164.0161654332645,0.0,99.9999999999999,0.0,0.0350904239863411,0.0,0
2030-08-14 06:00:00,0.0,164.0161654332645,0.0,99.9999999999999,0.0,0.0568095495695037,0.0,0
2030-08-14 07:00:00,0.0,164.0161654332645,0.0,99.9999999999999,0.0,0.0467626071228818,0.0,0
2030-08-14 08:00:00,0.0,164.0161654332645,0.0,99.9999999999999,5.79807888032717,0.050160837656287,0.0,0
2030-08-14 09:00:00,0.0,164.0161654332645,0.0,99.9999999999999,52.71518655481149,0.0484617223895714,0.0,0
2030-08-14 10:00:00,0.0,164.0161654332645,0.0,77.77328753076705,123.90612895399624,0.040113895209665,0.0,0
2030-08-14 11:00:00,0.0,164.0161654332645,0.0,32.160942635675895,166.90598354004723,0.0783070514221982,0.0,0
2030-08-14 12:00:00,0.0,164.0161654332645,0.0,31.098144986557088,180.92431833499347,0.8495576333541242,0.0,0
2030-08-14 13:00:00,0.0,164.0161654332645,0.0,31.098144986557088,191.0135672274648,3.0879573108002245,0.0,0
2030-08-14 14:00:00,0.0,164.0161654332645,0.0,20.63836698219319,200.86615983910647,3.79715324820888,0.0,0
2030-08-14 15:00:00,0.0,164.0161654332645,0.0,31.098144986557088,191.39162563609025,4.063101724737136,0.0,0
2030-08-14 16:00:00,0.0,164.0161654332645,0.0,52.12916993253082,176.78579162398438,3.3243559566031182,0.0,0
2030-08-14 17:00:00,0.0,164.0161654332645,0.0,99.9999999999999,117.64124555973248,2.083263066137951,0.0,0
2030-08-14 18:00:00,0.0,164.0161654332645,0.0,99.9999999999999,76.95233955598331,3.2948061258777566,0.0,0
2030-08-14 19:00:00,0.0,164.0161654332645,0.0,99.9999999999999,23.42897180213843,11.598308559704224,0.0,0
2030-08-14 20:00:00,0.0,164.0161654332645,0.0,99.9999999999999,0.0,20.68488150775276,0.0,0
2030-08-14 21:00:00,0.0,164.0161654332645,0.0,99.9999999999999,0.0,23.71373915710228,0.0,0
2030-08-14 22:00:00,0.0,164.0161654332645,0.0,99.9999999999999,0.0,22.97499338896824,0.0,0
2030-08-14 23:00:00,0.0,164.0161654332645,0.0,99.9999999999999,0.0,21.202003545446583,0.0,0
2030-08-15 00:00:00,0.0,164.0161654332645,0.0,99.9999999999999,0.0,23.196617119408447,0.0,0
2030-08-15 01:00:00,0.0,164.0161654332645,0.0,99.9999999999999,0.0,25.560603577437337,0.0,0
2030-08-15 02:00:00,0.0,164.0161654332645,0.0,99.9999999999999,0.0,25.191230693370343,0.0,0
2030-08-15 03:00:00,0.0,164.0161654332645,0.0,99.9999999999999,0.0,23.787613733915688,0.0,0
2030-08-15 04:00:00,0.0,164.0161654332645,0.0,99.9999999999999,0.0,28.293962919533246,0.0,0
2030-08-15 05:00:00,0.0,164.0161654332645,0.0,99.9999999999999,0.0,31.322820568882772,0.0,0
2030-08-15 06:00:00,0.0,164.0161654332645,0.0,99.9999999999999,0.0,35.976918908127146,0.0,0
2030-08-15 07:00:00,0.0,164.0161654332645,0.0,99.9999999999999,0.0,34.57330194867249,0.0,0
2030-08-15 08:00:00,0.0,164.0161654332645,0.0,99.9999999999999,12.601946954180516,32.652562951524,0.0,0
2030-08-15 09:00:00,0.0,164.0161654332645,0.0,91.63921060839903,63.30200527772731,46.83648169969735,0.0,0
2030-08-15 10:00:00,0.0,164.0161654332645,0.0,38.08594842656845,110.80661216937132,58.13929195214799,0.0,0
2030-08-15 11:00:00,0.0,164.0161654332645,0.0,11.65010555803832,131.9477093765888,61.61139706237789,0.0,0
2030-08-15 12:00:00,0.0,164.0161654332645,0.0,11.581343942056831,157.93671049660236,59.98615637248304,0.0,0
2030-08-15 13:00:00,0.0,164.0161654332645,0.0,11.581343942056831,158.8283130346281,54.962685149171655,0.0,0
2030-08-15 14:00:00,0.0,164.0161654332645,0.0,4.835229188928793,174.8203612116939,51.93382749982215,0.0,0
2030-08-15 15:00:00,0.0,164.0161654332645,0.0,4.835229188928792,182.80336920478112,59.247410604349,0.0,0
2030-08-15 16:00:00,0.0,164.0161654332645,0.0,4.835229188928792,165.98065748200324,75.39713184152697,0.0,0
2030-08-15 17:00:00,0.0,164.0161654332645,0.0,4.835229188928793,149.42063423094626,98.46225221420761,0.0,0
2030-08-15 18:00:00,0.0,164.0161654332645,0.0,20.91892831942107,91.52918317368754,120.43624508735428,0.0,0
2030-08-15 19:00:00,0.0,164.0161654332645,0.0,99.9999999999999,31.53444942055503,125.7448721771654,0.0,0
2030-08-15 20:00:00,0.0,164.0161654332645,0.0,99.9999999999999,0.0,120.71179725886824,0.0,0
2030-08-15 21:00:00,0.0,164.0161654332645,0.0,99.9999999999999,0.0,90.90783798926904,0.0,0
2030-08-15 22:00:00,0.0,164.0161654332645,0.0,99.9999999999999,0.0,47.35360373739116,0.0,0
2030-08-15 23:00:00,0.0,164.0161654332645,0.0,99.9999999999999,0.0,55.47980718686546,0.0,0
2030-08-16 00:00:00,0.0,164.0161654332645,0.0,99.9999999999999,0.0,72.2493361235079,0.0,0
2030-08-16 01:00:00,0.0,164.0161654332645,0.0,99.9999999999999,0.0,77.47374619575174,0.0,0
2030-08-16 02:00:00,0.0,164.0161654332645,0.0,99.9999999999999,0.0,79.79266916192445,0.0,0
2030-08-16 03:00:00,0.0,164.0161654332645,0.0,99.9999999999999,0.0,73.65295308296254,0.0,0
2030-08-16 04:00:00,0.0,164.0161654332645,0.0,99.9999999999999,0.0,63.9015089435934,0.0,0
2030-08-16 05:00:00,0.0,164.0161654332645,0.0,99.9999999999999,0.0,65.82224794074186,0.0,0
2030-08-16 06:00:00,0.0,164.0161654332645,0.0,99.9999999999999,0.0,75.58698950393742,0.0,0
2030-08-16 07:00:00,0.0,164.0161654332645,0.0,99.9999999999999,0.0,80.63040686298845,0.0,0
2030-08-16 08:00:00,0.0,164.0161654332645,0.0,99.9999999999999,12.72027509459536,63.9753835204068,0.0,0
2030-08-16 09:00:00,0.0,164.0161654332645,0.0,48.090701584815854,64.92250916070853,73.97800122094154,0.0,0
2030-08-16 10:00:00,0.0,164.0161654332645,0.0,3.3833603692753518,109.95819940259688,72.98808189164193,0.0,0
2030-08-16 11:00:00,0.0,164.0161654332645,0.0,0.0,165.87120395211943,65.67449878711506,0.0,0
2030-08-16 12:00:00,0.0,164.0161654332645,0.0,0.0,193.0831264033204,50.45633596355409,0.0,0
2030-08-16 13:00:00,0.0,164.0161654332645,0.0,0.0,220.99200160156477,41.88688505319936,0.0,0
2030-08-16 14:00:00,0.0,164.0161654332645,0.0,0.0,224.26259140263093,35.385922293619906,0.0,0
2030-08-16 15:00:00,0.0,164.0161654332645,0.0,0.0,222.17942449062767,36.64179009944776,0.0,0
2030-08-16 16:00:00,0.0,164.0161654332645,0.0,0.0,194.82669155233313,40.63101724737152,0.0,0
2030-08-16 17:00:00,0.0,164.0161654332645,0.0,36.005163622571786,147.92200833259233,38.11928163571582,0.0,0
2030-08-16 18:00:00,0.0,164.0161654332645,0.0,99.9999999999999,77.15231411328439,30.953447684815757,0.0,0
2030-08-16 19:00:00,0.0,164.0161654332645,0.0,99.9999999999999,15.027673832684753,24.747983232489915,0.0,0
2030-08-16 20:00:00,0.0,164.0161654332645,0.0,99.9999999999999,0.0,18.61639335697748,0.0,0
2030-08-16 21:00:00,0.0,164.0161654332645,0.0,99.9999999999999,0.0,14.479417055426916,0.0,0
2030-08-16 22:00:00,0.0,164.0161654332645,0.0,99.9999999999999,0.0,15.144288246747555,0.0,0
2030-08-16 23:00:00,0.0,164.0161654332645,0.0,99.9999999999999,0.0,7.010697339591919,0.0,0
2030-08-17 00:00:00,0.0,164.0161654332645,0.0,99.9999999999999,0.0,8.052328872660894,0.0,0
2030-08-17 01:00:00,0.0,164.0161654332645,0.0,99.9999999999999,0.0,14.553291632240322,0.0,0
2030-08-17 02:00:00,0.0,164.0161654332645,0.0,99.9999999999999,0.0,19.576762855551717,0.0,0
2030-08-17 03:00:00,0.0,164.0161654332645,0.0,99.9999999999999,0.0,14.110044171359922,0.0,0
2030-08-17 04:00:00,0.0,164.0161654332645,0.0,99.9999999999999,0.0,10.194691600249568,0.0,0
2030-08-17 05:00:00,0.0,164.0161654332645,0.0,99.9999999999999,0.0,10.859562791570209,0.0,0
2030-08-17 06:00:00,0.0,164.0161654332645,0.0,99.9999999999999,0.0,12.558678058278456,0.0,0
2030-08-17 07:00:00,0.0,164.0161654332645,0.0,99.9999999999999,0.0,21.4236272758868,0.0,0
2030-08-17 08:00:00,0.0,164.0161654332645,0.0,99.9999999999999,12.483618813765668,26.003851038317762,0.0,0
2030-08-17 09:00:00,0.0,164.0161654332645,0.0,99.9999999999999,62.89850631891269,32.28319006745701,0.0,0
2030-08-17 10:00:00,0.0,164.0161654332645,0.0,54.79023613385596,122.29331640014192,48.75722069684584,0.0,0
2030-08-17 11:00:00,0.0,164.0161654332645,0.0,19.45859923356528,170.5090754156792,56.2924275318129,0.0,0
2030-08-17 12:00:00,0.0,164.0161654332645,0.0,43.76620220392732,181.04560467891864,49.865339349046856,0.0,0
2030-08-17 13:00:00,0.0,164.0161654332645,0.0,43.76620220392732,171.9710195905045,41.517512169132345,0.0,0
2030-08-17 14:00:00,0.0,164.0161654332645,0.0,37.80662715749168,153.7496692480232,38.04540705890241,0.0,0
2030-08-17 15:00:00,0.0,164.0161654332645,0.0,25.954360743668015,174.34231552441793,36.86341382988797,0.0,0
2030-08-17 16:00:00,0.0,164.0161654332645,0.0,62.409852401854096,137.179588105031,37.60215959802199,0.0,0
2030-08-17 17:00:00,0.0,164.0161654332645,0.0,99.9999999999999,104.5287126796619,38.41477994296944,0.0,0
2030-08-17 18:00:00,0.0,164.0161654332645,0.0,99.9999999999999,74.20121029133824,39.22740028791686,0.0,0
2030-08-17 19:00:00,0.0,164.0161654332645,0.0,99.9999999999999,23.902284363797808,37.823783328462206,0.0,0
2030-08-17 20:00:00,0.0,164.0161654332645,0.0,99.9999999999999,0.0,41.59138674594576,0.0,0
2030-08-17 21:00:00,0.0,164.0161654332645,0.0,99.9999999999999,0.0,41.44363759231894,0.0,0
2030-08-17 22:00:00,0.0,164.0161654332645,0.0,99.9999999999999,0.0,29.25433241810748,0.0,0
2030-08-17 23:00:00,0.0,164.0161654332645,0.0,99.9999999999999,0.0,25.33897984699715,0.0,0
2030-08-18 00:00:00,0.0,164.0161654332645,0.0,99.9999999999999,0.0,21.05425439181977,0.0,0
2030-08-18 01:00:00,0.0,164.0161654332645,0.0,99.9999999999999,0.0,17.13890182070942,0.0,0
2030-08-18 02:00:00,0.0,164.0161654332645,0.0,99.9999999999999,0.0,16.917278090269235,0.0,0
2030-08-18 03:00:00,0.0,164.0161654332645,0.0,99.9999999999999,0.0,19.13351539467132,0.0,0
2030-08-18 04:00:00,0.0,164.0161654332645,0.0,99.9999999999999,0.0,19.13351539467132,0.0,0
2030-08-18 05:00:00,0.0,164.0161654332645,0.0,99.9999999999999,0.0,17.13890182070942,0.0,0
2030-08-18 06:00:00,0.0,164.0161654332645,0.0,99.9999999999999,0.0,15.513661130814576,0.0,0
2030-08-18 07:00:00,0.0,164.0161654332645,0.0,99.9999999999999,0.0,13.075800095972289,0.0,0
2030-08-18 08:00:00,0.0,164.0161654332645,0.0,99.9999999999999,10.294548216091115,12.26317975102484,0.0,0
2030-08-18 09:00:00,0.0,164.0161654332645,0.0,77.88139702124852,52.71518655481149,13.445172980039281,0.0,0
2030-08-18 10:00:00,0.0,164.0161654332645,0.0,14.818796409585332,105.00439180412955,0.7978454295847411,0.0,0
2030-08-18 11:00:00,0.0,164.0161654332645,0.0,0.0,151.874168222448,0.2954983072535914,0.0,0
2030-08-18 12:00:00,0.0,164.0161654332645,0.0,0.0,177.2656122333666,0.4292112912858689,0.0,0
2030-08-18 13:00:00,0.0,164.0161654332645,0.0,0.0,185.7739971698957,1.1007311945196991,0.0,0
2030-08-18 14:00:00,0.0,164.0161654332645,0.0,0.0,190.13793898839495,3.2726437528337358,0.0,0
2030-08-18 15:00:00,0.0,164.0161654332645,0.0,0.0,184.52741021062536,12.484803481465052,0.0,0
2030-08-18 16:00:00,0.0,164.0161654332645,0.0,12.151329534391948,165.8611460601842,15.956908591694976,0.0,0
2030-08-18 17:00:00,0.0,164.0161654332645,0.0,60.521860958909535,121.52122528393512,16.62177978301562,0.0,0
2030-08-18 18:00:00,0.0,164.0161654332645,0.0,99.9999999999999,63.9622763012421,23.935362887542492,0.0,0
2030-08-18 19:00:00,0.0,164.0161654332645,0.0,99.9999999999999,24.31643285524973,22.162373044020818,0.0,0
2030-08-18 20:00:00,0.0,164.0161654332645,0.0,99.9999999999999,0.0,16.62177978301562,0.0,0
2030-08-18 21:00:00,0.0,164.0161654332645,0.0,99.9999999999999,0.0,14.996539093120749,0.0,0
2030-08-18 22:00:00,0.0,164.0161654332645,0.0,99.9999999999999,0.0,19.50288827873831,0.0,0
2030-08-18 23:00:00,0.0,164.0161654332645,0.0,99.9999999999999,0.0,9.973067869809352,0.0,0
2030-08-19 00:00:00,0.0,164.0161654332645,0.0,99.9999999999999,0.0,1.1746057713331035,0.0,0
2030-08-19 01:00:00,0.0,164.0161654332645,0.0,99.9999999999999,0.0,0.2437861034842084,0.0,0
2030-08-19 02:00:00,0.0,164.0161654332645,0.0,99.9999999999999,0.0,0.4063101724736979,0.0,0
2030-08-19 03:00:00,0.0,164.0161654332645,0.0,99.9999999999999,0.0,1.2780301788718436,0.0,0
2030-08-19 04:00:00,0.0,164.0161654332645,0.0,99.9999999999999,0.0,3.4203929064605445,0.0,0
2030-08-19 05:00:00,0.0,164.0161654332645,0.0,99.9999999999999,0.0,6.471412928854066,0.0,0
2030-08-19 06:00:00,0.0,164.0161654332645,0.0,99.9999999999999,0.0,6.478800386535407,0.0,0
2030-08-19 07:00:00,0.0,164.0161654332645,0.0,99.9999999999999,0.0,10.637939061129995,0.0,0
2030-08-19 08:00:00,0.0,164.0161654332645,0.0,99.9999999999999,5.082193630817394,1.832089504972376,0.0,0
2030-08-19 09:00:00,0.0,164.0161654332645,0.0,99.9999999999999,14.850181622062488,0.1137668482926271,0.0,0
2030-08-19 10:00:00,0.0,164.0161654332645,0.0,99.9999999999999,47.33125616593624,0.0016695654359829,0.0,0
2030-08-19 11:00:00,0.0,164.0161654332645,0.0,99.9999999999999,98.33837601385957,0.00501608376563,0.0,0
2030-08-19 12:00:00,0.0,164.0161654332645,0.0,85.61285754080721,125.79701263782536,0.0317660680297586,0.0,0
2030-08-19 13:00:00,0.0,164.0161654332645,0.0,85.61285754080721,165.14999393629103,0.0434382511662734,0.0,0
2030-08-19 14:00:00,0.0,164.0161654332645,0.0,49.772455806436994,179.94456133235855,0.1100731194519569,0.0,0
2030-08-19 15:00:00,0.0,164.0161654332645,0.0,85.61285754080721,154.23540626442613,0.9677569562555712,0.0,0
2030-08-19 16:00:00,0.0,164.0161654332645,0.0,99.9999999999999,106.73849070190909,3.989227147923732,0.0,0
2030-08-19 17:00:00,0.0,164.0161654332645,0.0,99.9999999999999,76.18616484679721,6.6339369978435565,0.0,0
2030-08-19 18:00:00,0.0,164.0161654332645,0.0,99.9999999999999,39.935747390008714,14.405542478613539,0.0,0
2030-08-19 19:00:00,0.0,164.0161654332645,0.0,99.9999999999999,18.400025834507716,18.838017087417697,0.0,0
2030-08-19 20:00:00,0.0,164.0161654332645,0.0,99.9999999999999,0.0,15.292037400374364,0.0,0
2030-08-19 21:00:00,0.0,164.0161654332645,0.0,99.9999999999999,0.0,15.809159438068171,0.0,0
2030-08-19 22:00:00,0.0,164.0161654332645,0.0,99.9999999999999,0.0,6.574837336392832,0.0,0
2030-08-19 23:00:00,0.0,164.0161654332645,0.0,99.9999999999999,0.0,6.796461066833046,0.0,0
2030-08-20 00:00:00,0.0,164.0161654332645,0.0,99.9999999999999,0.0,4.225625793726626,0.0,0
2030-08-20 01:00:00,0.0,164.0161654332645,0.0,99.9999999999999,0.0,1.4627166209053544,0.0,0
2030-08-20 02:00:00,0.0,164.0161654332645,0.0,99.9999999999999,0.0,0.040113895209665,0.0,0
2030-08-20 03:00:00,0.0,164.0161654332645,0.0,99.9999999999999,0.0,0.0768295598859249,0.0,0
2030-08-20 04:00:00,0.0,164.0161654332645,0.0,99.9999999999999,0.0,0.7830705142220603,0.0,0
2030-08-20 05:00:00,0.0,164.0161654332645,0.0,99.9999999999999,0.0,1.351904755685248,0.0,0
2030-08-20 06:00:00,0.0,164.0161654332645,0.0,99.9999999999999,0.0,0.6345826148271279,0.0,0
2030-08-20 07:00:00,0.0,164.0161654332645,0.0,99.9999999999999,0.0,0.6685649201612835,0.0,0
2030-08-20 08:00:00,0.0,164.0161654332645,0.0,99.9999999999999,9.70290751401693,0.8864949217608264,0.0,0
2030-08-20 09:00:00,0.0,164.0161654332645,0.0,99.9999999999999,46.3254669724101,1.2115430597397796,0.0,0
2030-08-20 10:00:00,0.0,164.0161654332645,0.0,92.21235553982734,96.39246974473747,2.3344366273035257,0.0,0
2030-08-20 11:00:00,0.0,164.0161654332645,0.0,38.878580826779455,152.679391217971,3.176606802976309,0.0,0
2030-08-20 12:00:00,0.0,164.0161654332645,0.0,21.949016827394928,190.43139277662385,0.7069797001042589,0.0,0
2030-08-20 13:00:00,0.0,164.0161654332645,0.0,22.692434719723053,193.75878008508917,0.1654790520620101,0.0,0
2030-08-20 14:00:00,0.0,164.0161654332645,0.0,14.506889911947098,196.0904360919636,0.1536591197718758,0.0,0
2030-08-20 15:00:00,0.0,164.0161654332645,0.0,40.10494728866934,179.89308859127812,1.7582149281589718,0.0,0
2030-08-20 16:00:00,0.0,164.0161654332645,0.0,71.61502774025848,147.96105661892915,3.4721051102299274,0.0,0
2030-08-20 17:00:00,0.0,164.0161654332645,0.0,99.9999999999999,110.24632842450704,8.495576333541319,0.0,0
2030-08-20 18:00:00,0.0,164.0161654332645,0.0,99.9999999999999,61.92880720821307,16.47403062938881,0.0,0
2030-08-20 19:00:00,0.0,164.0161654332645,0.0,99.9999999999999,14.376869060403113,20.020010316432135,0.0,0
2030-08-20 20:00:00,0.0,164.0161654332645,0.0,99.9999999999999,0.0,11.450559406077415,0.0,0
2030-08-20 21:00:00,0.0,164.0161654332645,0.0,99.9999999999999,0.0,3.8414779942969224,0.0,0
2030-08-20 22:00:00,0.0,164.0161654332645,0.0,99.9999999999999,0.0,1.5144288246747375,0.0,0
2030-08-20 23:00:00,0.0,164.0161654332645,0.0,99.9999999999999,0.0,1.1007311945196991,0.0,0
2030-08-21 00:00:00,0.0,164.0161654332645,0.0,99.9999999999999,0.0,0.7535206834966985,0.0,0
2030-08-21 01:00:00,0.0,164.0161654332645,0.0,99.9999999999999,0.0,0.2888495953404006,0.0,0
2030-08-21 02:00:00,0.0,164.0161654332645,0.0,99.9999999999999,0.0,3.6198542638567095,0.0,0
2030-08-21 03:00:00,0.0,164.0161654332645,0.0,99.9999999999999,0.0,8.643325487168102,0.0,0
2030-08-21 04:00:00,0.0,164.0161654332645,0.0,99.9999999999999,0.0,13.445172980039281,0.0,0
2030-08-21 05:00:00,0.0,164.0161654332645,0.0,99.9999999999999,0.0,18.764142510604287,0.0,0
2030-08-21 06:00:00,0.0,164.0161654332645,0.0,99.9999999999999,0.0,20.75875608456616,0.0,0
2030-08-21 07:00:00,0.0,164.0161654332645,0.0,99.9999999999999,0.0,19.05964081785791,0.0,0
2030-08-21 08:00:00,0.0,164.0161654332645,0.0,99.9999999999999,12.72027509459536,14.848789939493939,0.0,0
2030-08-21 09:00:00,0.0,164.0161654332645,0.0,99.9999999999999,67.031116622901,13.371298403225879,0.0,0
2030-08-21 10:00:00,0.0,164.0161654332645,0.0,63.64754606093573,120.16340987267483,14.996539093120749,0.0,0
2030-08-21 11:00:00,0.0,164.0161654332645,0.0,14.019208544418348,163.9235227608912,16.400156052575404,0.0,0
2030-08-21 12:00:00,0.0,164.0161654332645,0.0,0.0,203.49363619701808,19.724512009178525,0.0,0
2030-08-21 13:00:00,0.0,164.0161654332645,0.0,0.0,229.30041198079277,22.45787135127443,0.0,0
2030-08-21 14:00:00,0.0,164.0161654332645,0.0,0.0,227.38231282466816,24.452484925236295,0.0,0
2030-08-21 15:00:00,0.0,164.0161654332645,0.0,0.0,212.9699453221406,28.66333580360027,0.0,0
2030-08-21 16:00:00,0.0,164.0161654332645,0.0,3.010792586030675,184.37476690949015,35.385922293619906,0.0,0
2030-08-21 17:00:00,0.0,164.0161654332645,0.0,39.95928094630432,141.6730992372846,44.54636981848187,0.0,0
2030-08-21 18:00:00,0.0,164.0161654332645,0.0,88.8595768026496,86.26594748803545,55.11043430279845,0.0,0
2030-08-21 19:00:00,0.0,164.0161654332645,0.0,99.9999999999999,27.9846052081098,53.78069192015721,0.0,0
2030-08-21 20:00:00,0.0,164.0161654332645,0.0,99.9999999999999,0.0,64.56638013491401,0.0,0
2030-08-21 21:00:00,0.0,164.0161654332645,0.0,99.9999999999999,0.0,66.4132445552491,0.0,0
2030-08-21 22:00:00,0.0,164.0161654332645,0.0,99.9999999999999,0.0,32.2093154906436,0.0,0
2030-08-21 23:00:00,0.0,164.0161654332645,0.0,99.9999999999999,0.0,28.884959534040483,0.0,0
2030-08-22 00:00:00,0.0,164.0161654332645,0.0,99.9999999999999,0.0,31.76606802976317,0.0,0
2030-08-22 01:00:00,0.0,164.0161654332645,0.0,99.9999999999999,0.0,29.180457841294075,0.0,0
2030-08-22 02:00:00,0.0,164.0161654332645,0.0,99.9999999999999,0.0,23.270491696221853,0.0,0
2030-08-22 03:00:00,0.0,164.0161654332645,0.0,99.9999999999999,0.0,16.62177978301562,0.0,0
2030-08-22 04:00:00,0.0,164.0161654332645,0.0,99.9999999999999,0.0,13.592922133666091,0.0,0
2030-08-22 05:00:00,0.0,164.0161654332645,0.0,99.9999999999999,0.0,14.405542478613539,0.0,0
2030-08-22 06:00:00,0.0,164.0161654332645,0.0,99.9999999999999,0.0,14.331667901800135,0.0,0
2030-08-22 07:00:00,0.0,164.0161654332645,0.0,99.9999999999999,0.0,18.911891664231103,0.0,0
2030-08-22 08:00:00,0.0,164.0161654332645,0.0,99.9999999999999,10.35371228629854,20.83263066137956,0.0,0
2030-08-22 09:00:00,0.0,164.0161654332645,0.0,99.9999999999999,56.5016870480864,20.020010316432135,0.0,0
2030-08-22 10:00:00,0.0,164.0161654332645,0.0,88.51785730658638,104.54232041580964,8.495576333541319,0.0,0
2030-08-22 11:00:00,0.0,164.0161654332645,0.0,25.858003663300394,168.12653830842635,1.337129840322567,0.0,0
2030-08-22 12:00:00,0.0,164.0161654332645,0.0,1.3798047599339576,200.654352467764,0.1920738997148253,0.0,0
2030-08-22 13:00:00,0.0,164.0161654332645,0.0,1.3798047599339545,216.23461871618605,0.2703809511370496,0.0,0
2030-08-22 14:00:00,0.0,164.0161654332645,0.0,0.0,212.97408680705516,1.1228935675637204,0.0,0
2030-08-22 15:00:00,0.0,164.0161654332645,0.0,1.3798047599339611,210.19751699222087,5.695729872313346,0.0,0
2030-08-22 16:00:00,0.0,164.0161654332645,0.0,70.26974277845875,145.4312009768599,12.18930517421146,0.0,0
2030-08-22 17:00:00,0.0,164.0161654332645,0.0,84.84866573835187,127.2879472070524,17.13890182070942,0.0,0
2030-08-22 18:00:00,0.0,164.0161654332645,0.0,99.9999999999999,81.51388936897543,22.014623890394002,0.0,0
2030-08-22 19:00:00,0.0,164.0161654332645,0.0,99.9999999999999,27.39296450603561,29.54983072536109,0.0,0
2030-08-22 20:00:00,0.0,164.0161654332645,0.0,99.9999999999999,0.0,33.46518329647145,0.0,0
2030-08-22 21:00:00,0.0,164.0161654332645,0.0,99.9999999999999,0.0,33.169684989217835,0.0,0
2030-08-22 22:00:00,0.0,164.0161654332645,0.0,99.9999999999999,0.0,35.312047716806504,0.0,0
2030-08-22 23:00:00,0.0,164.0161654332645,0.0,99.9999999999999,0.0,36.71566467626117,0.0,0
2030-08-23 00:00:00,0.0,164.0161654332645,0.0,99.9999999999999,0.0,25.92997646150436,0.0,0
2030-08-23 01:00:00,0.0,164.0161654332645,0.0,99.9999999999999,0.0,22.310122197647622,0.0,0
2030-08-23 02:00:00,0.0,164.0161654332645,0.0,99.9999999999999,0.0,15.883034014881572,0.0,0
2030-08-23 03:00:00,0.0,164.0161654332645,0.0,99.9999999999999,0.0,10.120817023436164,0.0,0
2030-08-23 04:00:00,0.0,164.0161654332645,0.0,99.9999999999999,0.0,9.899193292995951,0.0,0
2030-08-23 05:00:00,0.0,164.0161654332645,0.0,99.9999999999999,0.0,13.001925519158881,0.0,0
2030-08-23 06:00:00,0.0,164.0161654332645,0.0,99.9999999999999,0.0,13.814545864106304,0.0,0
2030-08-23 07:00:00,0.0,164.0161654332645,0.0,99.9999999999999,0.0,8.569450910354698,0.0,0
2030-08-23 08:00:00,0.0,164.0161654332645,0.0,99.9999999999999,12.18779846272856,3.738053586758157,0.0,0
2030-08-23 09:00:00,0.0,164.0161654332645,0.0,99.9999999999999,64.8130556308248,0.6050327841017661,0.0,0
2030-08-23 10:00:00,0.0,164.0161654332645,0.0,79.99439778039955,118.65058459747108,0.3878415282703469,0.0,0
2030-08-23 11:00:00,0.0,164.0161654332645,0.0,24.991373661382223,167.93248015814603,0.1507041366993293,0.0,0
2030-08-23 12:00:00,0.0,164.0161654332645,0.0,4.905524829759088,189.96517990338933,0.0,0.0,0
2030-08-23 13:00:00,0.0,164.0161654332645,0.0,4.905524829759087,209.11185630391475,0.0217191255831404,0.0,0
2030-08-23 14:00:00,0.0,164.0161654332645,0.0,0.0,210.7264437798752,0.4395537320397299,0.0,0
2030-08-23 15:00:00,0.0,164.0161654332645,0.0,14.925302538941308,202.8943041658169,1.0711813637943373,0.0,0
2030-08-23 16:00:00,0.0,164.0161654332645,0.0,58.89702414034036,168.07565720804794,1.72866509743361,0.0,0
2030-08-23 17:00:00,0.0,164.0161654332645,0.0,99.9999999999999,105.40848240364626,1.780377301202993,0.0,0
2030-08-23 18:00:00,0.0,164.0161654332645,0.0,99.9999999999999,67.20920047422534,3.4942674832739486,0.0,0
2030-08-23 19:00:00,0.0,164.0161654332645,0.0,99.9999999999999,20.234112010937732,5.592305464774581,0.0,0
2030-08-23 20:00:00,0.0,164.0161654332645,0.0,99.9999999999999,0.0,0.6146364790875035,0.0,0
2030-08-23 21:00:00,0.0,164.0161654332645,0.0,99.9999999999999,0.0,0.9529820408928904,0.0,0
2030-08-23 22:00:00,0.0,164.0161654332645,0.0,99.9999999999999,0.0,2.267949508171462,0.0,0
2030-08-23 23:00:00,0.0,164.0161654332645,0.0,99.9999999999999,0.0,3.4425552795045653,0.0,0
2030-08-24 00:00:00,0.0,164.0161654332645,0.0,99.9999999999999,0.0,3.597691890812715,0.0,0
2030-08-24 01:00:00,0.0,164.0161654332645,0.0,99.9999999999999,0.0,4.735360373739115,0.0,0
2030-08-24 02:00:00,0.0,164.0161654332645,0.0,99.9999999999999,0.0,1.351904755685248,0.0,0
2030-08-24 03:00:00,0.0,164.0161654332645,0.0,99.9999999999999,0.0,9.086572948048529,0.0,0
2030-08-24 04:00:00,0.0,164.0161654332645,0.0,99.9999999999999,0.0,12.04155602058465,0.0,0
2030-08-24 05:00:00,0.0,164.0161654332645,0.0,99.9999999999999,0.0,15.956908591694976,0.0,0
2030-08-24 06:00:00,0.0,164.0161654332645,0.0,99.9999999999999,0.0,22.82724423534143,0.0,0
2030-08-24 07:00:00,0.0,164.0161654332645,0.0,99.9999999999999,0.0,23.270491696221853,0.0,0
2030-08-24 08:00:00,0.0,164.0161654332645,0.0,99.9999999999999,2.7274636365620606,20.53713235412597,0.0,0
2030-08-24 09:00:00,0.0,164.0161654332645,0.0,99.9999999999999,14.317704990195688,14.996539093120749,0.0,0
2030-08-24 10:00:00,0.0,164.0161654332645,0.0,99.9999999999999,30.58782429723631,6.116814960149726,0.0,0
2030-08-24 11:00:00,0.0,164.0161654332645,0.0,99.9999999999999,70.62474224729971,11.967681443771248,0.0,0
2030-08-24 12:00:00,0.0,164.0161654332645,0.0,99.9999999999999,96.69420650279532,19.429013701924905,0.0,0
2030-08-24 13:00:00,0.0,164.0161654332645,0.0,99.9999999999999,113.49147767538405,32.2093154906436,0.0,0
2030-08-24 14:00:00,0.0,164.0161654332645,0.0,95.50798712382137,102.09056134641412,33.169684989217835,0.0,0
2030-08-24 15:00:00,0.0,164.0161654332645,0.0,99.9999999999999,80.39095531643859,35.459796870433316,0.0,0
2030-08-24 16:00:00,0.0,164.0161654332645,0.0,99.9999999999999,71.16786841180384,27.924590035466224,0.0,0
2030-08-24 17:00:00,0.0,164.0161654332645,0.0,99.9999999999999,62.08736691636896,18.025396742470274,0.0,0
2030-08-24 18:00:00,0.0,164.0161654332645,0.0,99.9999999999999,44.78720114701719,6.3827634366779815,0.0,0
2030-08-24 19:00:00,0.0,164.0161654332645,0.0,99.9999999999999,19.76079944927836,5.880416314346857,0.0,0
2030-08-24 20:00:00,0.0,164.0161654332645,0.0,99.9999999999999,0.0,10.711813637943399,0.0,0
2030-08-24 21:00:00,0.0,164.0161654332645,0.0,99.9999999999999,0.0,11.00731194519699,0.0,0
2030-08-24 22:00:00,0.0,164.0161654332645,0.0,99.9999999999999,0.0,10.268566177062972,0.0,0
2030-08-24 23:00:00,0.0,164.0161654332645,0.0,99.9999999999999,0.0,15.513661130814576,0.0,0
2030-08-25 00:00:00,0.0,164.0161654332645,0.0,99.9999999999999,0.0,2.7629091728212454,0.0,0
2030-08-25 01:00:00,0.0,164.0161654332645,0.0,99.9999999999999,0.0,3.0510200223935224,0.0,0
2030-08-25 02:00:00,0.0,164.0161654332645,0.0,99.9999999999999,0.0,6.449250555810044,0.0,0
2030-08-25 03:00:00,0.0,164.0161654332645,0.0,99.9999999999999,0.0,16.695654359829025,0.0,0
2030-08-25 04:00:00,0.0,164.0161654332645,0.0,99.9999999999999,0.0,20.906505238192967,0.0,0
2030-08-25 05:00:00,0.0,164.0161654332645,0.0,99.9999999999999,0.0,19.429013701924905,0.0,0
2030-08-25 06:00:00,0.0,164.0161654332645,0.0,99.9999999999999,0.0,25.191230693370343,0.0,0
2030-08-25 07:00:00,0.0,164.0161654332645,0.0,99.9999999999999,0.0,18.247020472910464,0.0,0
2030-08-25 08:00:00,0.0,164.0161654332645,0.0,99.9999999999999,12.542782883973095,4.986533934904664,0.0,0
2030-08-25 09:00:00,0.0,164.0161654332645,0.0,94.20224485813208,61.34840767947826,2.7038095113705216,0.0,0
2030-08-25 10:00:00,0.0,164.0161654332645,0.0,21.223457374735688,114.35349817830615,1.7508274704776314,0.0,0
2030-08-25 11:00:00,0.0,164.0161654332645,0.0,0.0,162.75148253008223,0.6131589875512303,0.0,0
2030-08-25 12:00:00,0.0,164.0161654332645,0.0,0.0,183.21100964851024,0.0434382511662734,0.0,0
2030-08-25 13:00:00,0.0,164.0161654332645,0.0,0.0,174.8434351990748,0.0300669527630431,0.0,0
2030-08-25 14:00:00,0.0,164.0161654332645,0.0,0.0,187.1335875032622,0.1085956279156836,0.0,0
2030-08-25 15:00:00,0.0,164.0161654332645,0.0,0.0,169.88430283428875,3.5607546024060124,0.0,0
2030-08-25 16:00:00,0.0,164.0161654332645,0.0,35.42774474803099,141.6239930590124,8.79107464079491,0.0,0
2030-08-25 17:00:00,0.0,164.0161654332645,0.0,84.43383364456268,109.0198572491072,10.933437368383611,0.0,0
2030-08-25 18:00:00,0.0,164.0161654332645,0.0,99.9999999999999,64.41310651622267,11.819932290144436,0.0,0
2030-08-25 19:00:00,0.0,164.0161654332645,0.0,99.9999999999999,18.57751804512995,12.04155602058465,0.0,0
2030-08-25 20:00:00,0.0,164.0161654332645,0.0,99.9999999999999,0.0,10.637939061129995,0.0,0
2030-08-25 21:00:00,0.0,164.0161654332645,0.0,99.9999999999999,0.0,8.200078026287702,0.0,0
2030-08-25 22:00:00,0.0,164.0161654332645,0.0,99.9999999999999,0.0,0.2822008834271839,0.0,0
2030-08-25 23:00:00,0.0,164.0161654332645,0.0,99.9999999999999,0.0,0.0982531871618226,0.0,0
2030-08-26 00:00:00,0.0,164.0161654332645,0.0,99.9999999999999,0.0,1.1450559406077419,0.0,0
2030-08-26 01:00:00,0.0,164.0161654332645,0.0,99.9999999999999,0.0,12.854176365532073,0.0,0
2030-08-26 02:00:00,0.0,164.0161654332645,0.0,99.9999999999999,0.0,21.64525100632701,0.0,0
2030-08-26 03:00:00,0.0,164.0161654332645,0.0,99.9999999999999,0.0,23.492115426662068,0.0,0
2030-08-26 04:00:00,0.0,164.0161654332645,0.0,99.9999999999999,0.0,23.122742542595077,0.0,0
2030-08-26 05:00:00,0.0,164.0161654332645,0.0,99.9999999999999,0.0,28.36783749634665,0.0,0
2030-08-26 06:00:00,0.0,164.0161654332645,0.0,99.9999999999999,0.0,37.45441044439521,0.0,0
2030-08-26 07:00:00,0.0,164.0161654332645,0.0,99.9999999999999,0.0,36.19854263856736,0.0,0
2030-08-26 08:00:00,0.0,164.0161654332645,0.0,99.9999999999999,13.844392428536347,27.259718844145613,0.0,0
2030-08-26 09:00:00,0.0,164.0161654332645,0.0,99.9999999999999,64.87931938945711,20.83263066137956,0.0,0
2030-08-26 10:00:00,0.0,164.0161654332645,0.0,78.58691039495953,115.26462485950044,7.978454295847488,0.0,0
2030-08-26 11:00:00,0.0,164.0161654332645,0.0,30.924388242313,161.816690220805,3.1248945992069266,0.0,0
2030-08-26 12:00:00,0.0,164.0161654332645,0.0,0.0,202.376618551502,0.8569450910354646,0.0,0
2030-08-26 13:00:00,0.0,164.0161654332645,0.0,0.0,231.05226009963448,0.2356599000347443,0.0,0
2030-08-26 14:00:00,0.0,164.0161654332645,0.0,0.0,232.07698179562695,0.2002001031643154,0.0,0
2030-08-26 15:00:00,0.0,164.0161654332645,0.0,0.0,221.0215836366684,1.0120817023436135,0.0,0
2030-08-26 16:00:00,0.0,164.0161654332645,0.0,31.93137620278401,193.86054228584592,3.331743414284459,0.0,0
2030-08-26 17:00:00,0.0,164.0161654332645,0.0,76.32691563872817,147.5398084390524,10.194691600249568,0.0,0
2030-08-26 18:00:00,0.0,164.0161654332645,0.0,99.9999999999999,83.7692237252823,18.468644203350674,0.0,0
2030-08-26 19:00:00,0.0,164.0161654332645,0.0,99.9999999999999,26.97881601458366,29.697579878987906,0.0,0
2030-08-26 20:00:00,0.0,164.0161654332645,0.0,99.9999999999999,0.0,32.2093154906436,0.0,0
2030-08-26 21:00:00,0.0,164.0161654332645,0.0,99.9999999999999,0.0,16.400156052575404,0.0,0
2030-08-26 22:00:00,0.0,164.0161654332645,0.0,99.9999999999999,0.0,7.018084797273258,0.0,0
2030-08-26 23:00:00,0.0,164.0161654332645,0.0,99.9999999999999,0.0,4.750135289101797,0.0,0
2030-08-27 00:00:00,0.0,164.0161654332645,0.0,99.9999999999999,0.0,11.155061098823799,0.0,0
2030-08-27 01:00:00,0.0,164.0161654332645,0.0,99.9999999999999,0.0,13.519047556852684,0.0,0
2030-08-27 02:00:00,0.0,164.0161654332645,0.0,99.9999999999999,0.0,11.819932290144436,0.0,0
2030-08-27 03:00:00,0.0,164.0161654332645,0.0,99.9999999999999,0.0,12.26317975102484,0.0,0
2030-08-27 04:00:00,0.0,164.0161654332645,0.0,99.9999999999999,0.0,14.848789939493939,0.0,0
2030-08-27 05:00:00,0.0,164.0161654332645,0.0,99.9999999999999,0.0,15.58753570762798,0.0,0
2030-08-27 06:00:00,0.0,164.0161654332645,0.0,99.9999999999999,0.0,15.883034014881572,0.0,0
2030-08-27 07:00:00,0.0,164.0161654332645,0.0,99.9999999999999,0.0,14.183918748173326,0.0,0
2030-08-27 08:00:00,0.0,164.0161654332645,0.0,99.9999999999999,13.785228358328924,10.490189907503186,0.0,0
2030-08-27 09:00:00,0.0,164.0161654332645,0.0,99.9999999999999,73.23269446204282,4.646710881563031,0.0,0
2030-08-27 10:00:00,0.0,164.0161654332645,0.0,50.085831566330235,135.84957980676816,13.001925519158881,0.0,0
2030-08-27 11:00:00,0.0,164.0161654332645,0.0,5.7279090000168935,182.1661721686472,7.121509204812025,0.0,0
2030-08-27 12:00:00,0.0,164.0161654332645,0.0,0.0,219.13247487494547,8.126203449474298,0.0,0
2030-08-27 13:00:00,0.0,164.0161654332645,0.0,0.0,235.82206743975664,12.410928904651646,0.0,0
2030-08-27 14:00:00,0.0,164.0161654332645,0.0,0.0,236.0764729416486,15.144288246747555,0.0,0
2030-08-27 15:00:00,0.0,164.0161654332645,0.0,0.0,223.46505973623485,19.429013701924905,0.0,0
2030-08-27 16:00:00,0.0,164.0161654332645,0.0,9.494326011966336,194.5326461234022,25.486729000623928,0.0,0
2030-08-27 17:00:00,0.0,164.0161654332645,0.0,48.91654828735392,150.11462877447929,32.80031210515081,0.0,0
2030-08-27 18:00:00,0.0,164.0161654332645,0.0,99.9999999999999,91.02155545130783,35.60754602406012,0.0,0
2030-08-27 19:00:00,0.0,164.0161654332645,0.0,99.9999999999999,28.043769278317228,38.78415282703642,0.0,0
2030-08-27 20:00:00,0.0,164.0161654332645,0.0,99.9999999999999,0.0,51.56445461575512,0.0,0
2030-08-27 21:00:00,0.0,164.0161654332645,0.0,99.9999999999999,0.0,64.27088182766042,0.0,0
2030-08-27 22:00:00,0.0,164.0161654332645,0.0,99.9999999999999,0.0,52.37707496070255,0.0,0
2030-08-27 23:00:00,0.0,164.0161654332645,0.0,99.9999999999999,0.0,48.4617223895922,0.0,0
2030-08-28 00:00:00,0.0,164.0161654332645,0.0,99.9999999999999,0.0,49.79146477223345,0.0,0
2030-08-28 01:00:00,0.0,164.0161654332645,0.0,99.9999999999999,0.0,67.22586490019653,0.0,0
2030-08-28 02:00:00,0.0,164.0161654332645,0.0,99.9999999999999,0.0,80.63188435452473,0.0,0
2030-08-28 03:00:00,0.0,164.0161654332645,0.0,99.9999999999999,0.0,85.85038446062349,0.0,0
2030-08-28 04:00:00,0.0,164.0161654332645,0.0,99.9999999999999,0.0,92.34174352521718,0.0,0
2030-08-28 05:00:00,0.0,164.0161654332645,0.0,99.9999999999999,0.0,88.58891502309632,0.0,0
2030-08-28 06:00:00,0.0,164.0161654332645,0.0,99.9999999999999,0.0,74.92581204145749,0.0,0
2030-08-28 07:00:00,0.0,164.0161654332645,0.0,99.9999999999999,0.0,64.27088182766042,0.0,0
2030-08-28 08:00:00,0.0,164.0161654332645,0.0,99.9999999999999,8.105477618416566,53.18969530565,0.0,0
2030-08-28 09:00:00,0.0,164.0161654332645,0.0,90.88758275795101,45.14218556826169,74.37396895266137,0.0,0
2030-08-28 10:00:00,0.0,164.0161654332645,0.0,34.44466974557906,97.47635551093742,77.71236107885902,0.0,0
2030-08-28 11:00:00,0.0,164.0161654332645,0.0,0.0,135.64132227963808,78.25903294727824,0.0,0
2030-08-28 12:00:00,0.0,164.0161654332645,0.0,0.0,147.57116539626227,78.158563522812,0.0,0
2030-08-28 13:00:00,0.0,164.0161654332645,0.0,0.0,188.82686319259855,68.99885474371817,0.0,0
2030-08-28 14:00:00,0.0,164.0161654332645,0.0,0.0,187.52170380382287,50.16083765630047,0.0,0
2030-08-28 15:00:00,0.0,164.0161654332645,0.0,0.0,177.3638245899109,55.84918007093248,0.0,0
2030-08-28 16:00:00,0.0,164.0161654332645,0.0,99.9999999999999,81.16127151053918,31.76606802976317,0.0,0
2030-08-28 17:00:00,0.0,164.0161654332645,0.0,99.9999999999999,53.72097574833764,20.906505238192967,0.0,0
2030-08-28 18:00:00,0.0,164.0161654332645,0.0,99.9999999999999,29.46370696329532,6.0577152986990015,0.0,0
2030-08-28 19:00:00,0.0,164.0161654332645,0.0,99.9999999999999,6.034735161156858,17.508274704776447,0.0,0
2030-08-28 20:00:00,0.0,164.0161654332645,0.0,99.9999999999999,0.0,20.241634046872353,0.0,0
2030-08-28 21:00:00,0.0,164.0161654332645,0.0,99.9999999999999,0.0,15.439786554001175,0.0,0
2030-08-28 22:00:00,0.0,164.0161654332645,0.0,99.9999999999999,0.0,1.3445172980039075,0.0,0
2030-08-28 23:00:00,0.0,164.0161654332645,0.0,99.9999999999999,0.0,5.481493599554474,0.0,0
2030-08-29 00:00:00,0.0,164.0161654332645,0.0,99.9999999999999,0.0,18.09927131928368,0.0,0
2030-08-29 01:00:00,0.0,164.0161654332645,0.0,99.9999999999999,0.0,25.92997646150436,0.0,0
2030-08-29 02:00:00,0.0,164.0161654332645,0.0,99.9999999999999,0.0,26.07772561513117,0.0,0
2030-08-29 03:00:00,0.0,164.0161654332645,0.0,99.9999999999999,0.0,24.230861194796084,0.0,0
2030-08-29 04:00:00,0.0,164.0161654332645,0.0,99.9999999999999,0.0,14.036169594546516,0.0,0
2030-08-29 05:00:00,0.0,164.0161654332645,0.0,99.9999999999999,0.0,7.114121747130685,0.0,0
2030-08-29 06:00:00,0.0,164.0161654332645,0.0,99.9999999999999,0.0,12.337054327838242,0.0,0
2030-08-29 07:00:00,0.0,164.0161654332645,0.0,99.9999999999999,0.0,20.241634046872353,0.0,0
2030-08-29 08:00:00,0.0,164.0161654332645,0.0,99.9999999999999,3.8042497143371103,25.191230693370343,0.0,0
2030-08-29 09:00:00,0.0,164.0161654332645,0.0,99.9999999999999,26.26884717209463,47.13198000695097,0.0,0
2030-08-29 10:00:00,0.0,164.0161654332645,0.0,99.9999999999999,53.48431946750799,26.742596806451782,0.0,0
2030-08-29 11:00:00,0.0,164.0161654332645,0.0,99.9999999999999,96.34750505137987,12.706427211905266,0.0,0
2030-08-29 12:00:00,0.0,164.0161654332645,0.0,99.9999999999999,76.87601790541572,3.250481379789714,0.0,0
2030-08-29 13:00:00,0.0,164.0161654332645,0.0,99.9999999999999,47.15376395531398,1.9576762855551637,0.0,0
2030-08-29 14:00:00,0.0,164.0161654332645,0.0,99.9999999999999,39.10745040710484,4.698423085332414,0.0,0
2030-08-29 15:00:00,0.0,164.0161654332645,0.0,99.9999999999999,57.32998403099028,18.32089504972387,0.0,0
2030-08-29 16:00:00,0.0,164.0161654332645,0.0,99.9999999999999,106.785821958075,32.80031210515081,0.0,0
2030-08-29 17:00:00,0.0,164.0161654332645,0.0,99.9999999999999,46.91710767448432,29.475956148547688,0.0,0
2030-08-29 18:00:00,0.0,164.0161654332645,0.0,99.9999999999999,47.094599885106554,16.400156052575404,0.0,0
2030-08-29 19:00:00,0.0,164.0161654332645,0.0,99.9999999999999,18.755010255752214,9.160447524861937,0.0,0
2030-08-29 20:00:00,0.0,164.0161654332645,0.0,99.9999999999999,0.0,2.6447098499197983,0.0,0
2030-08-29 21:00:00,0.0,164.0161654332645,0.0,99.9999999999999,0.0,1.9207389971484612,0.0,0
2030-08-29 22:00:00,0.0,164.0161654332645,0.0,99.9999999999999,0.0,0.6146364790875035,0.0,0
2030-08-29 23:00:00,0.0,164.0161654332645,0.0,99.9999999999999,0.0,2.9919203609427982,0.0,0
2030-08-30 00:00:00,0.0,164.0161654332645,0.0,99.9999999999999,0.0,3.553367144724672,0.0,0
2030-08-30 01:00:00,0.0,164.0161654332645,0.0,99.9999999999999,0.0,3.457330194867246,0.0,0
2030-08-30 02:00:00,0.0,164.0161654332645,0.0,99.9999999999999,0.0,2.445248492523606,0.0,0
2030-08-30 03:00:00,0.0,164.0161654332645,0.0,99.9999999999999,0.0,0.7904579719034007,0.0,0
2030-08-30 04:00:00,0.0,164.0161654332645,0.0,99.9999999999999,0.0,0.0684817327060185,0.0,0
2030-08-30 05:00:00,0.0,164.0161654332645,0.0,99.9999999999999,0.0,0.045137366432989,0.0,0
2030-08-30 06:00:00,0.0,164.0161654332645,0.0,99.9999999999999,0.0,0.0551104343027882,0.0,0
2030-08-30 07:00:00,0.0,164.0161654332645,0.0,99.9999999999999,0.0,0.0484617223895714,0.0,0
2030-08-30 08:00:00,0.0,164.0161654332645,0.0,99.9999999999999,14.258540919988269,0.0016695654359829,0.0,0
2030-08-30 09:00:00,0.0,164.0161654332645,0.0,99.9999999999999,72.26122042923697,0.0,0.0,0
2030-08-30 10:00:00,0.0,164.0161654332645,0.0,62.84308277788057,134.43674181021498,0.0,0.0,0
2030-08-30 11:00:00,0.0,164.0161654332645,0.0,19.4633420168264,183.86122278008975,0.0,0.0,0
2030-08-30 12:00:00,0.0,164.0161654332645,0.0,7.5242627858101505,203.49363619701808,0.0,0.0,0
2030-08-30 13:00:00,0.0,164.0161654332645,0.0,24.945090023391913,196.81756251481275,0.0200200103164321,0.0,0
2030-08-30 14:00:00,0.0,164.0161654332645,0.0,44.537576668188194,174.1482573741376,0.1167218313651737,0.0,0
2030-08-30 15:00:00,0.0,164.0161654332645,0.0,45.21467608098295,188.13523521187383,0.3974452232560842,0.0,0
2030-08-30 16:00:00,0.0,164.0161654332645,0.0,83.01515904174317,152.6776162958647,2.519123069337011,0.0,0
2030-08-30 17:00:00,0.0,164.0161654332645,0.0,99.9999999999999,124.3859495633784,5.149058003894154,0.0,0
2030-08-30 18:00:00,0.0,164.0161654332645,0.0,99.9999999999999,69.40418747892063,10.711813637943399,0.0,0
2030-08-30 19:00:00,0.0,164.0161654332645,0.0,99.9999999999999,19.938291659900624,21.79300015995379,0.0,0
2030-08-30 20:00:00,0.0,164.0161654332645,0.0,99.9999999999999,0.0,30.14082733986833,0.0,0
2030-08-30 21:00:00,0.0,164.0161654332645,0.0,99.9999999999999,0.0,23.344366273035256,0.0,0
2030-08-30 22:00:00,0.0,164.0161654332645,0.0,99.9999999999999,0.0,9.30819667848874,0.0,0
2030-08-30 23:00:00,0.0,164.0161654332645,0.0,99.9999999999999,0.0,13.888420440919708,0.0,0
2030-08-31 00:00:00,0.0,164.0161654332645,0.0,99.9999999999999,0.0,16.400156052575404,0.0,0
2030-08-31 01:00:00,0.0,164.0161654332645,0.0,99.9999999999999,0.0,20.463257777312567,0.0,0
2030-08-31 02:00:00,0.0,164.0161654332645,0.0,99.9999999999999,0.0,23.196617119408447,0.0,0
2030-08-31 03:00:00,0.0,164.0161654332645,0.0,99.9999999999999,0.0,22.53174592808784,0.0,0
2030-08-31 04:00:00,0.0,164.0161654332645,0.0,99.9999999999999,0.0,17.43440012796304,0.0,0
2030-08-31 05:00:00,0.0,164.0161654332645,0.0,99.9999999999999,0.0,9.825318716182547,0.0,0
2030-08-31 06:00:00,0.0,164.0161654332645,0.0,99.9999999999999,0.0,3.228319006745693,0.0,0
2030-08-31 07:00:00,0.0,164.0161654332645,0.0,99.9999999999999,0.0,0.2792459003546373,0.0,0
2030-08-31 08:00:00,0.0,164.0161654332645,0.0,99.9999999999999,13.07525951583989,0.2452635950204817,0.0,0
2030-08-31 09:00:00,0.0,164.0161654332645,0.0,99.9999999999999,64.29004525019123,0.2954983072535914,0.0,0
2030-08-31 10:00:00,0.0,164.0161654332645,0.0,99.9999999999999,110.97522976946244,6.818623439877066,0.0,0
2030-08-31 11:00:00,0.0,164.0161654332645,0.0,77.43714999894632,154.1963579780892,4.661485796925712,0.0,0
2030-08-31 12:00:00,0.0,164.0161654332645,0.0,85.48138606804042,152.25459319388168,4.7575227467831365,0.0,0
2030-08-31 13:00:00,0.0,164.0161654332645,0.0,85.48138606804042,183.15007065619656,6.3679885213153,0.0,0
2030-08-31 14:00:00,0.0,164.0161654332645,0.0,72.55567062468604,150.29685411071816,8.347827179914512,0.0,0
2030-08-31 15:00:00,0.0,164.0161654332645,0.0,89.13671052117877,134.3426709385852,2.6964220536891808,0.0,0
2030-08-31 16:00:00,0.0,164.0161654332645,0.0,99.9999999999999,75.012349693882,0.0016695654359829,0.0,0
2030-08-31 17:00:00,0.0,164.0161654332645,0.0,99.9999999999999,60.93721739153671,0.0820007802628684,0.0,0
2030-08-31 18:00:00,0.0,164.0161654332645,0.0,99.9999999999999,44.432216725772655,3.5755295177686928,0.0,0
2030-08-31 19:00:00,0.0,164.0161654332645,0.0,99.9999999999999,14.376869060403113,6.2719515714578735,0.0,0
2030-08-31 20:00:00,0.0,164.0161654332645,0.0,99.9999999999999,0.0,2.1275878122259937,0.0,0
2030-08-31 21:00:00,0.0,164.0161654332645,0.0,99.9999999999999,0.0,5.880416314346857,0.0,0
2030-08-31 22:00:00,0.0,164.0161654332645,0.0,99.9999999999999,0.0,27.924590035466224,0.0,0
2030-08-31 23:00:00,0.0,164.0161654332645,0.0,99.9999999999999,0.0,7.978454295847488,0.0,0
2030-09-01 00:00:00,0.0,164.0161654332645,0.0,99.9999999999999,0.0,0.3206156633701593,0.0,0
2030-09-01 01:00:00,0.0,164.0161654332645,0.0,99.9999999999999,0.0,0.2423086119479611,0.0,0
2030-09-01 02:00:00,0.0,164.0161654332645,0.0,99.9999999999999,0.0,0.1684340351345567,0.0,0
2030-09-01 03:00:00,0.0,164.0161654332645,0.0,99.9999999999999,0.0,0.2371373915710176,0.0,0
2030-09-01 04:00:00,0.0,164.0161654332645,0.0,99.9999999999999,0.0,0.4631935966200245,0.0,0
2030-09-01 05:00:00,0.0,164.0161654332645,0.0,99.9999999999999,0.0,4.594998677793647,0.0,0
2030-09-01 06:00:00,0.0,164.0161654332645,0.0,99.9999999999999,0.0,11.746057713331032,0.0,0
2030-09-01 07:00:00,0.0,164.0161654332645,0.0,99.9999999999999,0.0,16.843403513455833,0.0,0
2030-09-01 08:00:00,0.0,164.0161654332645,0.0,99.9999999999999,9.821235654431774,27.259718844145613,0.0,0
2030-09-01 09:00:00,0.0,164.0161654332645,0.0,95.54601651962125,38.45664563482319,18.69026793379089,0.0,0
2030-09-01 10:00:00,0.0,164.0161654332645,0.0,39.244432197677774,82.08600592788119,21.27587812225999,0.0,0
2030-09-01 11:00:00,0.0,164.0161654332645,0.0,27.394712521463983,106.96627237220764,22.60562050490124,0.0,0
2030-09-01 12:00:00,0.0,164.0161654332645,0.0,25.713143624827524,118.35298932432777,39.00577655747664,0.0,0
2030-09-01 13:00:00,0.0,164.0161654332645,0.0,25.713143624827524,114.11447533466816,60.35552925655004,0.0,0
2030-09-01 14:00:00,0.0,164.0161654332645,0.0,8.78215070008855,121.71114194930097,74.92876702453002,0.0,0
2030-09-01 15:00:00,0.0,164.0161654332645,0.0,25.785904956257752,96.56877867395562,69.73760051185222,0.0,0
2030-09-01 16:00:00,0.0,164.0161654332645,0.0,36.67342905292526,76.59735513473883,75.28779746784313,0.0,0
2030-09-01 17:00:00,0.0,164.0161654332645,0.0,77.84949424011131,39.817419249593854,88.99670268710634,0.0,0
2030-09-01 18:00:00,0.0,164.0161654332645,0.0,99.9999999999999,23.369807731931008,96.61095531926371,0.0,0
2030-09-01 19:00:00,0.0,164.0161654332645,0.0,99.9999999999999,11.418665550032104,83.8897531919958,0.0,0
2030-09-01 20:00:00,0.0,164.0161654332645,0.0,99.9999999999999,0.0,71.6583395090007,0.0,0
2030-09-01 21:00:00,0.0,164.0161654332645,0.0,99.9999999999999,0.0,62.42401740732534,0.0,0
2030-09-01 22:00:00,0.0,164.0161654332645,0.0,99.9999999999999,0.0,41.44363759231894,0.0,0
2030-09-01 23:00:00,0.0,164.0161654332645,0.0,99.9999999999999,0.0,29.032708687667263,0.0,0
2030-09-02 00:00:00,0.0,164.0161654332645,0.0,99.9999999999999,0.0,19.50288827873831,0.0,0
2030-09-02 01:00:00,0.0,164.0161654332645,0.0,99.9999999999999,0.0,14.036169594546516,0.0,0
2030-09-02 02:00:00,0.0,164.0161654332645,0.0,99.9999999999999,0.0,9.382071255302144,0.0,0
2030-09-02 03:00:00,0.0,164.0161654332645,0.0,99.9999999999999,0.0,6.050327841017688,0.0,0
2030-09-02 04:00:00,0.0,164.0161654332645,0.0,99.9999999999999,0.0,3.5903044331313745,0.0,0
2030-09-02 05:00:00,0.0,164.0161654332645,0.0,99.9999999999999,0.0,0.4779685119827054,0.0,0
2030-09-02 06:00:00,0.0,164.0161654332645,0.0,99.9999999999999,0.0,0.1403616959454423,0.0,0
2030-09-02 07:00:00,0.0,164.0161654332645,0.0,99.9999999999999,0.0,0.0568095495695037,0.0,0
2030-09-02 08:00:00,0.0,164.0161654332645,0.0,99.9999999999999,12.069470322313748,0.0267425968064347,0.0,0
2030-09-02 09:00:00,0.0,164.0161654332645,0.0,99.9999999999999,65.13017504713659,0.0,0.0,0
2030-09-02 10:00:00,0.0,164.0161654332645,0.0,92.11761396786785,126.24784285280592,0.0,0.0,0
2030-09-02 11:00:00,0.0,164.0161654332645,0.0,30.42030018112712,185.05692863898176,0.0116721831365176,0.0,0
2030-09-02 12:00:00,0.0,164.0161654332645,0.0,0.0,216.51268984616087,0.611681496014957,0.0,0
2030-09-02 13:00:00,0.0,164.0161654332645,0.0,0.0,236.09244724060457,11.228935675637201,0.0,0
2030-09-02 14:00:00,0.0,164.0161654332645,0.0,0.0,237.55616633753615,20.167759470058954,0.0,0
2030-09-02 15:00:00,0.0,164.0161654332645,0.0,0.0,213.32256318057685,15.292037400374364,0.0,0
2030-09-02 16:00:00,0.0,164.0161654332645,0.0,61.320562890961526,171.70241471176283,10.637939061129995,0.0,0
2030-09-02 17:00:00,0.0,164.0161654332645,0.0,99.9999999999999,117.48682733649112,12.04155602058465,0.0,0
2030-09-02 18:00:00,0.0,164.0161654332645,0.0,99.9999999999999,56.5016870480864,13.592922133666091,0.0,0
2030-09-02 19:00:00,0.0,164.0161654332645,0.0,99.9999999999999,15.323494183721866,15.439786554001175,0.0,0
2030-09-02 20:00:00,0.0,164.0161654332645,0.0,99.9999999999999,0.0,15.956908591694976,0.0,0
2030-09-02 21:00:00,0.0,164.0161654332645,0.0,99.9999999999999,0.0,19.798386585991928,0.0,0
2030-09-02 22:00:00,0.0,164.0161654332645,0.0,99.9999999999999,0.0,0.0901269837123325,0.0,0
2030-09-02 23:00:00,0.0,164.0161654332645,0.0,99.9999999999999,0.0,0.0267425968064347,0.0,0
2030-09-03 00:00:00,0.0,164.0161654332645,0.0,99.9999999999999,0.0,0.0916044752486058,0.0,0
2030-09-03 01:00:00,0.0,164.0161654332645,0.0,99.9999999999999,0.0,12.410928904651646,0.0,0
2030-09-03 02:00:00,0.0,164.0161654332645,0.0,99.9999999999999,0.0,17.80377301203006,0.0,0
2030-09-03 03:00:00,0.0,164.0161654332645,0.0,99.9999999999999,0.0,24.674108655676513,0.0,0
2030-09-03 04:00:00,0.0,164.0161654332645,0.0,99.9999999999999,0.0,39.59677317198388,0.0,0
2030-09-03 05:00:00,0.0,164.0161654332645,0.0,99.9999999999999,0.0,69.146603897345,0.0,0
2030-09-03 06:00:00,0.0,164.0161654332645,0.0,99.9999999999999,0.0,106.70813247811962,0.0,0
2030-09-03 07:00:00,0.0,164.0161654332645,0.0,99.9999999999999,0.0,124.85394478079574,0.0,0
2030-09-03 08:00:00,0.0,164.0161654332645,0.0,99.9999999999999,13.016095445632468,112.10171533126616,0.0,0
2030-09-03 09:00:00,0.0,164.0161654332645,0.0,81.3853230098436,67.09797202223538,88.28085803778445,0.0,0
2030-09-03 10:00:00,0.0,164.0161654332645,0.0,43.509311075479104,126.6158433694961,55.701430917305665,0.0,0
2030-09-03 11:00:00,0.0,164.0161654332645,0.0,0.0,184.18248368131609,42.921129128587005,0.0,0
2030-09-03 12:00:00,0.0,164.0161654332645,0.0,0.0,219.65962674049365,35.829169754500334,0.0,0
2030-09-03 13:00:00,0.0,164.0161654332645,0.0,0.0,237.29170294370903,25.04348153974353,0.0,0
2030-09-03 14:00:00,0.0,164.0161654332645,0.0,0.0,237.33075123004596,17.951522165656872,0.0,0
2030-09-03 15:00:00,0.0,164.0161654332645,0.0,0.0,223.06747718444103,14.405542478613539,0.0,0
2030-09-03 16:00:00,0.0,164.0161654332645,0.0,39.60636639346279,193.0925926545536,9.973067869809352,0.0,0
2030-09-03 17:00:00,0.0,164.0161654332645,0.0,97.37303721310256,142.864663611262,7.83070514222068,0.0,0
2030-09-03 18:00:00,0.0,164.0161654332645,0.0,99.9999999999999,83.61066401712641,9.529820408928957,0.0,0
2030-09-03 19:00:00,0.0,164.0161654332645,0.0,99.9999999999999,24.198104714834887,20.98037981500637,0.0,0
2030-09-03 20:00:00,0.0,164.0161654332645,0.0,99.9999999999999,0.0,32.87418668196421,0.0,0
2030-09-03 21:00:00,0.0,164.0161654332645,0.0,99.9999999999999,0.0,38.636403673409646,0.0,0
2030-09-03 22:00:00,0.0,164.0161654332645,0.0,99.9999999999999,0.0,26.15160019194457,0.0,0
2030-09-03 23:00:00,0.0,164.0161654332645,0.0,99.9999999999999,0.0,27.629091728212636,0.0,0
2030-09-04 00:00:00,0.0,164.0161654332645,0.0,99.9999999999999,0.0,25.85610188469096,0.0,0
2030-09-04 01:00:00,0.0,164.0161654332645,0.0,99.9999999999999,0.0,27.776840881839444,0.0,0
2030-09-04 02:00:00,0.0,164.0161654332645,0.0,99.9999999999999,0.0,31.76606802976317,0.0,0
2030-09-04 03:00:00,0.0,164.0161654332645,0.0,99.9999999999999,0.0,33.539057873284854,0.0,0
2030-09-04 04:00:00,0.0,164.0161654332645,0.0,99.9999999999999,0.0,27.555217151399226,0.0,0
2030-09-04 05:00:00,0.0,164.0161654332645,0.0,99.9999999999999,0.0,16.17853232213519,0.0,0
2030-09-04 06:00:00,0.0,164.0161654332645,0.0,99.9999999999999,0.0,8.569450910354698,0.0,0
2030-09-04 07:00:00,0.0,164.0161654332645,0.0,99.9999999999999,0.0,6.70042411697562,0.0,0
2030-09-04 08:00:00,0.0,164.0161654332645,0.0,99.9999999999999,15.08683790289218,3.642016636900731,0.0,0
2030-09-04 09:00:00,0.0,164.0161654332645,0.0,99.9999999999999,76.11516796254833,0.2807233918909106,0.0,0
2030-09-04 10:00:00,0.0,164.0161654332645,0.0,86.61955892954978,138.27708160737868,0.2977145445579884,0.0,0
2030-09-04 11:00:00,0.0,164.0161654332645,0.0,33.38344442662344,188.4624125201209,0.8791074640794859,0.0,0
2030-09-04 12:00:00,0.0,164.0161654332645,0.0,0.0,222.02086478247176,5.666180041587984,0.0,0
2030-09-04 13:00:00,0.0,164.0161654332645,0.0,0.0,238.93173096985876,9.529820408928957,0.0,0
2030-09-04 14:00:00,0.0,164.0161654332645,0.0,0.0,236.92488570842303,13.888420440919708,0.0,0
2030-09-04 15:00:00,0.0,164.0161654332645,0.0,0.0,223.6141531931576,20.53713235412597,0.0,0
2030-09-04 16:00:00,0.0,164.0161654332645,0.0,20.893658166122407,194.0037193357479,29.40208157173429,0.0,0
2030-09-04 17:00:00,0.0,164.0161654332645,0.0,56.87508965056384,147.70073471001652,41.22201386187875,0.0,0
2030-09-04 18:00:00,0.0,164.0161654332645,0.0,99.9999999999999,87.69416814284254,45.949986777936495,0.0,0
2030-09-04 19:00:00,0.0,164.0161654332645,0.0,99.9999999999999,23.54729994255328,41.813010476385955,0.0,0
2030-09-04 20:00:00,0.0,164.0161654332645,0.0,99.9999999999999,0.0,33.908430757351844,0.0,0
2030-09-04 21:00:00,0.0,164.0161654332645,0.0,99.9999999999999,0.0,37.158912137141584,0.0,0
2030-09-04 22:00:00,0.0,164.0161654332645,0.0,99.9999999999999,0.0,45.4328647402427,0.0,0
2030-09-04 23:00:00,0.0,164.0161654332645,0.0,99.9999999999999,0.0,71.36284120174707,0.0,0
2030-09-05 00:00:00,0.0,164.0161654332645,0.0,99.9999999999999,0.0,79.40999885403103,0.0,0
2030-09-05 01:00:00,0.0,164.0161654332645,0.0,99.9999999999999,0.0,68.26010897558415,0.0,0
2030-09-05 02:00:00,0.0,164.0161654332645,0.0,99.9999999999999,0.0,81.0160321539544,0.0,0
2030-09-05 03:00:00,0.0,164.0161654332645,0.0,99.9999999999999,0.0,103.64898625227661,0.0,0
2030-09-05 04:00:00,0.0,164.0161654332645,0.0,99.9999999999999,0.0,101.14907057291109,0.0,0
2030-09-05 05:00:00,0.0,164.0161654332645,0.0,99.9999999999999,0.0,119.00603328024675,0.0,0
2030-09-05 06:00:00,0.0,164.0161654332645,0.0,99.9999999999999,0.0,132.36181802234188,0.0,0
2030-09-05 07:00:00,0.0,164.0161654332645,0.0,99.9999999999999,0.0,113.52527842646045,0.0,0
2030-09-05 08:00:00,0.0,164.0161654332645,0.0,99.9999999999999,12.069470322313748,112.38391621469336,0.0,0
2030-09-05 09:00:00,0.0,164.0161654332645,0.0,54.752064903355176,60.71357720615266,125.90665750038674,0.0,0
2030-09-05 10:00:00,0.0,164.0161654332645,0.0,48.27362425172987,99.40628748110349,79.8059665857509,0.0,0
2030-09-05 11:00:00,0.0,164.0161654332645,0.0,0.0,170.06061176350687,57.252797030387136,0.0,0
2030-09-05 12:00:00,0.0,164.0161654332645,0.0,0.0,208.37289706702407,43.65987489672104,0.0,0
2030-09-05 13:00:00,0.0,164.0161654332645,0.0,0.0,231.4107943650914,42.8472545517736,0.0,0
2030-09-05 14:00:00,0.0,164.0161654332645,0.0,0.0,233.2999031268144,52.08157665344896,0.0,0
2030-09-05 15:00:00,0.0,164.0161654332645,0.0,0.0,224.55486190945555,63.9015089435934,0.0,0
2030-09-05 16:00:00,0.0,164.0161654332645,0.0,0.0,196.2513623629277,65.82224794074186,0.0,0
2030-09-05 17:00:00,0.0,164.0161654332645,0.0,3.976808459193876,150.0187829807433,86.44138107513069,0.0,0
2030-09-05 18:00:00,0.0,164.0161654332645,0.0,62.38875714007531,88.2822590007043,92.9460375635508,0.0,0
2030-09-05 19:00:00,0.0,164.0161654332645,0.0,99.9999999999999,23.902284363797808,74.90734339725414,0.0,0
2030-09-05 20:00:00,0.0,164.0161654332645,0.0,99.9999999999999,0.0,39.96614605605088,0.0,0
2030-09-05 21:00:00,0.0,164.0161654332645,0.0,99.9999999999999,0.0,18.54251878016408,0.0,0
2030-09-05 22:00:00,0.0,164.0161654332645,0.0,99.9999999999999,0.0,16.991152667082638,0.0,0
2030-09-05 23:00:00,0.0,164.0161654332645,0.0,99.9999999999999,0.0,27.702966305026013,0.0,0
2030-09-06 00:00:00,0.0,164.0161654332645,0.0,99.9999999999999,0.0,30.214701916681708,0.0,0
2030-09-06 01:00:00,0.0,164.0161654332645,0.0,99.9999999999999,0.0,29.91920360942812,0.0,0
2030-09-06 02:00:00,0.0,164.0161654332645,0.0,99.9999999999999,0.0,27.924590035466224,0.0,0
2030-09-06 03:00:00,0.0,164.0161654332645,0.0,99.9999999999999,0.0,25.33897984699715,0.0,0
2030-09-06 04:00:00,0.0,164.0161654332645,0.0,99.9999999999999,0.0,19.798386585991928,0.0,0
2030-09-06 05:00:00,0.0,164.0161654332645,0.0,99.9999999999999,0.0,9.234322101675335,0.0,0
2030-09-06 06:00:00,0.0,164.0161654332645,0.0,99.9999999999999,0.0,1.1893806866957843,0.0,0
2030-09-06 07:00:00,0.0,164.0161654332645,0.0,99.9999999999999,0.0,0.5363294276652792,0.0,0
2030-09-06 08:00:00,0.0,164.0161654332645,0.0,99.9999999999999,13.962720568951193,0.128541763655308,0.0,0
2030-09-06 09:00:00,0.0,164.0161654332645,0.0,99.9999999999999,65.46149384029815,0.050160837656287,0.0,0
2030-09-06 10:00:00,0.0,164.0161654332645,0.0,98.22860642907608,126.68861517585123,0.0083478271799145,0.0,0
2030-09-06 11:00:00,0.0,164.0161654332645,0.0,58.99400375206153,164.81867514312947,0.480923495055252,0.0,0
2030-09-06 12:00:00,0.0,164.0161654332645,0.0,20.71010281754212,186.5951944643747,19.946135739618736,0.0,0
2030-09-06 13:00:00,0.0,164.0161654332645,0.0,8.2113527365899,164.28974835547513,58.21316652896137,0.0,0
2030-09-06 14:00:00,0.0,164.0161654332645,0.0,8.211352736589902,138.22620050700024,92.4636365769593,0.0,0
2030-09-06 15:00:00,0.0,164.0161654332645,0.0,0.0,167.9283386732315,108.1900564889965,0.0,0
2030-09-06 16:00:00,0.0,164.0161654332645,0.0,8.2113527365899,152.80126920259826,112.497683062986,0.0,0
2030-09-06 17:00:00,0.0,164.0161654332645,0.0,41.12884900530469,107.9833027390732,95.61290978651469,0.0,0
2030-09-06 18:00:00,0.0,164.0161654332645,0.0,99.9999999999999,69.75680533735687,71.95383781625429,0.0,0
2030-09-06 19:00:00,0.0,164.0161654332645,0.0,99.9999999999999,22.36401853840487,67.74298693789035,0.0,0
2030-09-06 20:00:00,0.0,164.0161654332645,0.0,99.9999999999999,0.0,74.69975583640849,0.0,0
2030-09-06 21:00:00,0.0,164.0161654332645,0.0,99.9999999999999,0.0,69.515976781412,0.0,0
2030-09-06 22:00:00,0.0,164.0161654332645,0.0,99.9999999999999,0.0,42.55175624451998,0.0,0
2030-09-06 23:00:00,0.0,164.0161654332645,0.0,99.9999999999999,0.0,19.872261162805334,0.0,0
2030-09-07 00:00:00,0.0,164.0161654332645,0.0,99.9999999999999,0.0,5.296807157520963,0.0,0
2030-09-07 01:00:00,0.0,164.0161654332645,0.0,99.9999999999999,0.0,2.2162373044020782,0.0,0
2030-09-07 02:00:00,0.0,164.0161654332645,0.0,99.9999999999999,0.0,3.5459796870433316,0.0,0
2030-09-07 03:00:00,0.0,164.0161654332645,0.0,99.9999999999999,0.0,4.4324746088041564,0.0,0
2030-09-07 04:00:00,0.0,164.0161654332645,0.0,99.9999999999999,0.0,4.7575227467831365,0.0,0
2030-09-07 05:00:00,0.0,164.0161654332645,0.0,99.9999999999999,0.0,9.086572948048529,0.0,0
2030-09-07 06:00:00,0.0,164.0161654332645,0.0,99.9999999999999,0.0,0.3110119683844219,0.0,0
2030-09-07 07:00:00,0.0,164.0161654332645,0.0,99.9999999999999,0.0,1.1893806866957843,0.0,0
2030-09-07 08:00:00,0.0,164.0161654332645,0.0,99.9999999999999,14.317704990195688,14.774915362680535,0.0,0
2030-09-07 09:00:00,0.0,164.0161654332645,0.0,99.9999999999999,73.48946652674297,22.97499338896824,0.0,0
2030-09-07 10:00:00,0.0,164.0161654332645,0.0,99.9999999999999,135.92945130154823,8.200078026287702,0.0,0
2030-09-07 11:00:00,0.0,164.0161654332645,0.0,39.727847879653375,186.52833906504023,0.6981147508866453,0.0,0
2030-09-07 12:00:00,0.0,164.0161654332645,0.0,37.448578351977005,211.968889254231,0.4698423085332413,0.0,0
2030-09-07 13:00:00,0.0,164.0161654332645,0.0,37.448578351977005,228.7969257433276,1.1228935675637204,0.0,0
2030-09-07 14:00:00,0.0,164.0161654332645,0.0,0.0,216.22870230916527,3.634629179219417,0.0,0
2030-09-07 15:00:00,0.0,164.0161654332645,0.0,37.448578351977005,185.7544730267272,11.52443398289082,0.0,0
2030-09-07 16:00:00,0.0,164.0161654332645,0.0,67.5979440758693,157.72312820315355,18.394769626537272,0.0,0
2030-09-07 17:00:00,0.0,164.0161654332645,0.0,99.9999999999999,124.56225849259654,21.71912558314041,0.0,0
2030-09-07 18:00:00,0.0,164.0161654332645,0.0,99.9999999999999,77.37950414288089,25.92997646150436,0.0,0
2030-09-07 19:00:00,0.0,164.0161654332645,0.0,99.9999999999999,23.0739873808939,27.185844267332207,0.0,0
2030-09-07 20:00:00,0.0,164.0161654332645,0.0,99.9999999999999,0.0,28.220088342719844,0.0,0
2030-09-07 21:00:00,0.0,164.0161654332645,0.0,99.9999999999999,0.0,39.59677317198388,0.0,0
2030-09-07 22:00:00,0.0,164.0161654332645,0.0,99.9999999999999,0.0,64.4925055581006,0.0,0
2030-09-07 23:00:00,0.0,164.0161654332645,0.0,99.9999999999999,0.0,78.81383101914686,0.0,0
2030-09-08 00:00:00,0.0,164.0161654332645,0.0,99.9999999999999,0.0,85.07839513292342,0.0,0
2030-09-08 01:00:00,0.0,164.0161654332645,0.0,99.9999999999999,0.0,92.90319030899904,0.0,0
2030-09-08 02:00:00,0.0,164.0161654332645,0.0,99.9999999999999,0.0,109.98668619709844,0.0,0
2030-09-08 03:00:00,0.0,164.0161654332645,0.0,99.9999999999999,0.0,124.5119054901497,0.0,0
2030-09-08 04:00:00,0.0,164.0161654332645,0.0,99.9999999999999,0.0,135.16535821241055,0.0,0
2030-09-08 05:00:00,0.0,164.0161654332645,0.0,99.9999999999999,0.0,144.23863373663264,0.0,0
2030-09-08 06:00:00,0.0,164.0161654332645,0.0,99.9999999999999,0.0,147.3361947424186,0.0,0
2030-09-08 07:00:00,0.0,164.0161654332645,0.0,99.9999999999999,0.0,103.34314550426912,0.0,0
2030-09-08 08:00:00,0.0,164.0161654332645,0.0,84.05767060815299,11.122845198994995,62.35014283051193,0.0,0
2030-09-08 09:00:00,0.0,164.0161654332645,0.0,25.14745010162983,50.58528002734436,81.63583985341886,0.0,0
2030-09-08 10:00:00,0.0,164.0161654332645,0.0,14.768485484443827,101.54033549348512,14.25779332498673,0.0,0
2030-09-08 11:00:00,0.0,164.0161654332645,0.0,0.0,158.68158614051376,28.293962919533246,0.0,0
2030-09-08 12:00:00,0.0,164.0161654332645,0.0,0.0,199.77458274377963,48.90496985047263,0.0,0
2030-09-08 13:00:00,0.0,164.0161654332645,0.0,0.0,216.15829706561848,77.97313833501033,0.0,0
2030-09-08 14:00:00,0.0,164.0161654332645,0.0,0.0,230.5156419828532,109.77392741587585,0.0,0
2030-09-08 15:00:00,0.0,164.0161654332645,0.0,0.0,225.3896669400823,131.30541157391022,0.0,0
2030-09-08 16:00:00,0.0,164.0161654332645,0.0,0.0,197.1352735718266,147.03552521478807,0.0,0
2030-09-08 17:00:00,0.0,164.0161654332645,0.0,0.0,148.9822284707093,132.3145382931813,0.0,0
2030-09-08 18:00:00,0.0,164.0161654332645,0.0,8.58227975610032,87.2415630057558,108.88226127373808,0.0,0
2030-09-08 19:00:00,0.0,164.0161654332645,0.0,99.9999999999999,20.82575271301196,77.0208950398856,0.0,0
2030-09-08 20:00:00,0.0,164.0161654332645,0.0,99.9999999999999,0.0,58.13929195214799,0.0,0
2030-09-08 21:00:00,0.0,164.0161654332645,0.0,99.9999999999999,0.0,36.12466806175396,0.0,0
2030-09-08 22:00:00,0.0,164.0161654332645,0.0,99.9999999999999,0.0,7.535206834967062,0.0,0
2030-09-08 23:00:00,0.0,164.0161654332645,0.0,99.9999999999999,0.0,1.6547905206202058,0.0,0
2030-09-09 00:00:00,0.0,164.0161654332645,0.0,99.9999999999999,0.0,3.863640367340945,0.0,0
2030-09-09 01:00:00,0.0,164.0161654332645,0.0,99.9999999999999,0.0,18.69026793379089,0.0,0
2030-09-09 02:00:00,0.0,164.0161654332645,0.0,99.9999999999999,0.0,39.44902401835707,0.0,0
2030-09-09 03:00:00,0.0,164.0161654332645,0.0,99.9999999999999,0.0,47.35360373739116,0.0,0
2030-09-09 04:00:00,0.0,164.0161654332645,0.0,99.9999999999999,0.0,39.89227147923751,0.0,0
2030-09-09 05:00:00,0.0,164.0161654332645,0.0,99.9999999999999,0.0,25.92997646150436,0.0,0
2030-09-09 06:00:00,0.0,164.0161654332645,0.0,99.9999999999999,0.0,15.144288246747555,0.0,0
2030-09-09 07:00:00,0.0,164.0161654332645,0.0,99.9999999999999,0.0,4.7205854583764335,0.0,0
2030-09-09 08:00:00,0.0,164.0161654332645,0.0,99.9999999999999,9.584579373602082,0.0668564920161257,0.0,0
2030-09-09 09:00:00,0.0,164.0161654332645,0.0,99.9999999999999,54.01679609937474,0.0016695654359829,0.0,0
2030-09-09 10:00:00,0.0,164.0161654332645,0.0,99.9999999999999,100.24464235594264,0.0,0.0,0
2030-09-09 11:00:00,0.0,164.0161654332645,0.0,99.9999999999999,145.80925938548532,0.0901269837123325,0.0,0
2030-09-09 12:00:00,0.0,164.0161654332645,0.0,99.9999999999999,138.64153227985636,1.5809159438068014,0.0,0
2030-09-09 13:00:00,0.0,164.0161654332645,0.0,99.9999999999999,167.64849262115038,6.464025471172726,0.0,0
2030-09-09 14:00:00,0.0,164.0161654332645,0.0,99.9999999999999,140.82823631472257,8.421701756727916,0.0,0
2030-09-09 15:00:00,0.0,164.0161654332645,0.0,99.9999999999999,148.76036320743145,6.803848524514386,0.0,0
2030-09-09 16:00:00,0.0,164.0161654332645,0.0,99.9999999999999,113.48911111257576,4.29950037054003,0.0,0
2030-09-09 17:00:00,0.0,164.0161654332645,0.0,99.9999999999999,69.02612907029523,3.35390578732848,0.0,0
2030-09-09 18:00:00,0.0,164.0161654332645,0.0,99.9999999999999,32.77689489491086,0.2940208157173181,0.0,0
2030-09-09 19:00:00,0.0,164.0161654332645,0.0,99.9999999999999,13.016095445632468,0.0651573767494101,0.0,0
2030-09-09 20:00:00,0.0,164.0161654332645,0.0,99.9999999999999,0.0,1.5365911977187587,0.0,0
2030-09-09 21:00:00,0.0,164.0161654332645,0.0,99.9999999999999,0.0,14.110044171359922,0.0,0
2030-09-09 22:00:00,0.0,164.0161654332645,0.0,99.9999999999999,0.0,0.2053713235412589,0.0,0
2030-09-09 23:00:00,0.0,164.0161654332645,0.0,99.9999999999999,0.0,0.5060408511717938,0.0,0
2030-09-10 00:00:00,0.0,164.0161654332645,0.0,99.9999999999999,0.0,0.1669565435982834,0.0,0
2030-09-10 01:00:00,0.0,164.0161654332645,0.0,99.9999999999999,0.0,0.3789765790527332,0.0,0
2030-09-10 02:00:00,0.0,164.0161654332645,0.0,99.9999999999999,0.0,0.7682955988593794,0.0,0
2030-09-10 03:00:00,0.0,164.0161654332645,0.0,99.9999999999999,0.0,0.7830705142220603,0.0,0
2030-09-10 04:00:00,0.0,164.0161654332645,0.0,99.9999999999999,0.0,0.404093935169301,0.0,0
2030-09-10 05:00:00,0.0,164.0161654332645,0.0,99.9999999999999,0.0,0.0967756956255493,0.0,0
2030-09-10 06:00:00,0.0,164.0161654332645,0.0,99.9999999999999,0.0,0.0066856492016129,0.0,0
2030-09-10 07:00:00,0.0,164.0161654332645,0.0,99.9999999999999,0.0,0.0,0.0,0
2030-09-10 08:00:00,0.0,164.0161654332645,0.0,99.9999999999999,13.311915796669547,0.0,0.0,0
2030-09-10 09:00:00,0.0,164.0161654332645,0.0,99.9999999999999,66.06141751220137,0.0,0.0,0
2030-09-10 10:00:00,0.0,164.0161654332645,0.0,99.9999999999999,119.03455941311726,0.0,0.0,0
2030-09-10 11:00:00,0.0,164.0161654332645,0.0,51.88208595633984,171.49297390322855,0.0083478271799145,0.0,0
2030-09-10 12:00:00,0.0,164.0161654332645,0.0,20.230659805217385,203.03156480869808,0.0066856492016129,0.0,0
2030-09-10 13:00:00,0.0,164.0161654332645,0.0,20.230659805217385,208.8533093171083,0.0066856492016129,0.0,0
2030-09-10 14:00:00,0.0,164.0161654332645,0.0,11.5387282702971,225.83990551436077,0.0116721831365176,0.0,0
2030-09-10 15:00:00,0.0,164.0161654332645,0.0,20.230659805217385,200.83066139698207,0.0200200103164321,0.0,0
2030-09-10 16:00:00,0.0,164.0161654332645,0.0,67.62023251696678,166.64329506832627,3.996614605605072,0.0,0
2030-09-10 17:00:00,0.0,164.0161654332645,0.0,99.9999999999999,98.59514807855972,23.270491696221853,0.0,0
2030-09-10 18:00:00,0.0,164.0161654332645,0.0,99.9999999999999,42.77562275996488,18.69026793379089,0.0,0
2030-09-10 19:00:00,0.0,164.0161654332645,0.0,99.9999999999999,14.19937684978088,15.58753570762798,0.0,0
2030-09-10 20:00:00,0.0,164.0161654332645,0.0,99.9999999999999,0.0,18.32089504972387,0.0,0
2030-09-10 21:00:00,0.0,164.0161654332645,0.0,99.9999999999999,0.0,12.928050942345479,0.0,0
2030-09-10 22:00:00,0.0,164.0161654332645,0.0,99.9999999999999,0.0,0.0250434815397435,0.0,0
2030-09-10 23:00:00,0.0,164.0161654332645,0.0,99.9999999999999,0.0,0.0,0.0,0
2030-09-11 00:00:00,0.0,164.0161654332645,0.0,99.9999999999999,0.0,0.0,0.0,0
2030-09-11 01:00:00,0.0,164.0161654332645,0.0,99.9999999999999,0.0,0.8569450910354646,0.0,0
2030-09-11 02:00:00,0.0,164.0161654332645,0.0,99.9999999999999,0.0,9.751444139369143,0.0,0
2030-09-11 03:00:00,0.0,164.0161654332645,0.0,99.9999999999999,0.0,10.637939061129995,0.0,0
2030-09-11 04:00:00,0.0,164.0161654332645,0.0,99.9999999999999,0.0,8.93882379442172,0.0,0
2030-09-11 05:00:00,0.0,164.0161654332645,0.0,99.9999999999999,0.0,9.60369498574236,0.0,0
2030-09-11 06:00:00,0.0,164.0161654332645,0.0,99.9999999999999,0.0,7.682955988593872,0.0,0
2030-09-11 07:00:00,0.0,164.0161654332645,0.0,99.9999999999999,0.0,10.120817023436164,0.0,0
2030-09-11 08:00:00,0.0,164.0161654332645,0.0,99.9999999999999,13.430243937084391,15.58753570762798,0.0,0
2030-09-11 09:00:00,0.0,164.0161654332645,0.0,99.9999999999999,67.68547123939508,17.508274704776447,0.0,0
2030-09-11 10:00:00,0.0,164.0161654332645,0.0,52.27268866615384,132.95527349222118,32.28319006745701,0.0,0
2030-09-11 11:00:00,0.0,164.0161654332645,0.0,0.0,188.48607814820383,45.211241009802485,0.0,0
2030-09-11 12:00:00,0.0,164.0161654332645,0.0,0.0,220.67843202946537,62.12851910007171,0.0,0
2030-09-11 13:00:00,0.0,164.0161654332645,0.0,0.0,238.1614147757581,76.75864029219801,0.0,0
2030-09-11 14:00:00,0.0,164.0161654332645,0.0,0.0,240.67766268167964,92.68895403624016,0.0,0
2030-09-11 15:00:00,0.0,164.0161654332645,0.0,0.0,227.58820378899,98.25170967028944,0.0,0
2030-09-11 16:00:00,0.0,164.0161654332645,0.0,0.0,197.03706121528236,85.52238133957196,0.0,0
2030-09-11 17:00:00,0.0,164.0161654332645,0.0,12.849768844798234,148.75444680041068,75.06100251702601,0.0,0
2030-09-11 18:00:00,0.0,164.0161654332645,0.0,92.21149753810664,86.4795297814842,63.45826148271298,0.0,0
2030-09-11 19:00:00,0.0,164.0161654332645,0.0,99.9999999999999,19.879127589693205,53.04194615202319,0.0,0
2030-09-11 20:00:00,0.0,164.0161654332645,0.0,99.9999999999999,0.0,47.64910204464478,0.0,0
2030-09-11 21:00:00,0.0,164.0161654332645,0.0,99.9999999999999,0.0,46.245485085190154,0.0,0
2030-09-11 22:00:00,0.0,164.0161654332645,0.0,99.9999999999999,0.0,25.41285442381056,0.0,0
2030-09-11 23:00:00,0.0,164.0161654332645,0.0,99.9999999999999,0.0,26.299349345571375,0.0,0
2030-09-12 00:00:00,0.0,164.0161654332645,0.0,99.9999999999999,0.0,22.38399677446103,0.0,0
2030-09-12 01:00:00,0.0,164.0161654332645,0.0,99.9999999999999,0.0,17.80377301203006,0.0,0
2030-09-12 02:00:00,0.0,164.0161654332645,0.0,99.9999999999999,0.0,14.405542478613539,0.0,0
2030-09-12 03:00:00,0.0,164.0161654332645,0.0,99.9999999999999,0.0,19.13351539467132,0.0,0
2030-09-12 04:00:00,0.0,164.0161654332645,0.0,99.9999999999999,0.0,20.906505238192967,0.0,0
2030-09-12 05:00:00,0.0,164.0161654332645,0.0,99.9999999999999,0.0,25.04348153974353,0.0,0
2030-09-12 06:00:00,0.0,164.0161654332645,0.0,99.9999999999999,0.0,29.771454455801308,0.0,0
2030-09-12 07:00:00,0.0,164.0161654332645,0.0,99.9999999999999,0.0,26.22547476875798,0.0,0
2030-09-12 08:00:00,0.0,164.0161654332645,0.0,99.9999999999999,16.506775587870244,16.252406898948596,0.0,0
2030-09-12 09:00:00,0.0,164.0161654332645,0.0,99.9999999999999,79.397590577656,4.646710881563031,0.0,0
2030-09-12 10:00:00,0.0,164.0161654332645,0.0,80.27611083816981,141.79261065910356,0.128541763655308,0.0,0
2030-09-12 11:00:00,0.0,164.0161654332645,0.0,26.11657213118144,192.58496493217396,0.138884204409195,0.0,0
2030-09-12 12:00:00,0.0,164.0161654332645,0.0,0.0,226.37474870903577,1.0785688214756777,0.0,0
2030-09-12 13:00:00,0.0,164.0161654332645,0.0,0.0,242.482166823006,2.090650523819292,0.0,0
2030-09-12 14:00:00,0.0,164.0161654332645,0.0,0.0,241.96093136447865,3.9153525711103274,0.0,0
2030-09-12 15:00:00,0.0,164.0161654332645,0.0,0.0,218.5857988662289,6.3310512329085995,0.0,0
2030-09-12 16:00:00,0.0,164.0161654332645,0.0,38.055583380117696,189.07949377238424,10.637939061129995,0.0,0
2030-09-12 17:00:00,0.0,164.0161654332645,0.0,71.58979298372589,147.24990449503602,19.50288827873831,0.0,0
2030-09-12 18:00:00,0.0,164.0161654332645,0.0,99.9999999999999,85.23885922923462,28.51558664997346,0.0,0
2030-09-12 19:00:00,0.0,164.0161654332645,0.0,99.9999999999999,20.707424572597112,38.48865451978285,0.0,0
2030-09-12 20:00:00,0.0,164.0161654332645,0.0,99.9999999999999,0.0,39.00577655747664,0.0,0
2030-09-12 21:00:00,0.0,164.0161654332645,0.0,99.9999999999999,0.0,35.312047716806504,0.0,0
2030-09-12 22:00:00,0.0,164.0161654332645,0.0,99.9999999999999,0.0,12.706427211905266,0.0,0
2030-09-12 23:00:00,0.0,164.0161654332645,0.0,99.9999999999999,0.0,14.627166209053728,0.0,0
2030-09-13 00:00:00,0.0,164.0161654332645,0.0,99.9999999999999,0.0,19.20738997148472,0.0,0
2030-09-13 01:00:00,0.0,164.0161654332645,0.0,99.9999999999999,0.0,24.674108655676513,0.0,0
2030-09-13 02:00:00,0.0,164.0161654332645,0.0,99.9999999999999,0.0,28.441712073160055,0.0,0
2030-09-13 03:00:00,0.0,164.0161654332645,0.0,99.9999999999999,0.0,31.24894599206937,0.0,0
2030-09-13 04:00:00,0.0,164.0161654332645,0.0,99.9999999999999,0.0,32.87418668196421,0.0,0
2030-09-13 05:00:00,0.0,164.0161654332645,0.0,99.9999999999999,0.0,33.76068160372507,0.0,0
2030-09-13 06:00:00,0.0,164.0161654332645,0.0,99.9999999999999,0.0,31.10119683844256,0.0,0
2030-09-13 07:00:00,0.0,164.0161654332645,0.0,99.9999999999999,0.0,29.180457841294075,0.0,0
2030-09-13 08:00:00,0.0,164.0161654332645,0.0,99.9999999999999,14.436033130610534,23.787613733915688,0.0,0
2030-09-13 09:00:00,0.0,164.0161654332645,0.0,99.9999999999999,58.45410136493127,28.51558664997346,0.0,0
2030-09-13 10:00:00,0.0,164.0161654332645,0.0,99.9999999999999,106.15690789177012,17.877647588843466,0.0,0
2030-09-13 11:00:00,0.0,164.0161654332645,0.0,69.05090465079002,142.8877375986429,16.400156052575404,0.0,0
2030-09-13 12:00:00,0.0,164.0161654332645,0.0,57.35380498343471,165.76115878153365,11.302810252450609,0.0,0
2030-09-13 13:00:00,0.0,164.0161654332645,0.0,57.35380498343472,192.58319001006768,7.365295308296232,0.0,0
2030-09-13 14:00:00,0.0,164.0161654332645,0.0,57.35380498343471,190.4591998896213,6.5969997094368535,0.0,0
2030-09-13 15:00:00,0.0,164.0161654332645,0.0,57.35380498343472,165.4026245160767,6.774298693789024,0.0,0
2030-09-13 16:00:00,0.0,164.0161654332645,0.0,79.76135657865966,155.89318351163809,6.028165467973666,0.0,0
2030-09-13 17:00:00,0.0,164.0161654332645,0.0,99.9999999999999,101.80065740239777,6.9515976781411934,0.0,0
2030-09-13 18:00:00,0.0,164.0161654332645,0.0,99.9999999999999,57.68496845223481,5.821316652896134,0.0,0
2030-09-13 19:00:00,0.0,164.0161654332645,0.0,99.9999999999999,9.880399724639165,4.29950037054003,0.0,0
2030-09-13 20:00:00,0.0,164.0161654332645,0.0,99.9999999999999,0.0,14.405542478613539,0.0,0
2030-09-13 21:00:00,0.0,164.0161654332645,0.0,99.9999999999999,0.0,8.126203449474298,0.0,0
2030-09-13 22:00:00,0.0,164.0161654332645,0.0,99.9999999999999,0.0,15.439786554001175,0.0,0
2030-09-13 23:00:00,0.0,164.0161654332645,0.0,99.9999999999999,0.0,11.967681443771248,0.0,0
2030-09-14 00:00:00,0.0,164.0161654332645,0.0,99.9999999999999,0.0,2.895883411085373,0.0,0
2030-09-14 01:00:00,0.0,164.0161654332645,0.0,99.9999999999999,0.0,0.8495576333541242,0.0,0
2030-09-14 02:00:00,0.0,164.0161654332645,0.0,99.9999999999999,0.0,0.8569450910354646,0.0,0
2030-09-14 03:00:00,0.0,164.0161654332645,0.0,99.9999999999999,0.0,4.9495966464979615,0.0,0
2030-09-14 04:00:00,0.0,164.0161654332645,0.0,99.9999999999999,0.0,10.194691600249568,0.0,0
2030-09-14 05:00:00,0.0,164.0161654332645,0.0,99.9999999999999,0.0,9.60369498574236,0.0,0
2030-09-14 06:00:00,0.0,164.0161654332645,0.0,99.9999999999999,0.0,6.508350217260769,0.0,0
2030-09-14 07:00:00,0.0,164.0161654332645,0.0,99.9999999999999,0.0,12.558678058278456,0.0,0
2030-09-14 08:00:00,0.0,164.0161654332645,0.0,99.9999999999999,9.46625123318724,13.814545864106304,0.0,0
2030-09-14 09:00:00,0.0,164.0161654332645,0.0,99.9999999999999,42.18398205789068,11.746057713331032,0.0,0
2030-09-14 10:00:00,0.0,164.0161654332645,0.0,99.9999999999999,92.69885684168824,5.08995834244343,0.0,0
2030-09-14 11:00:00,0.0,164.0161654332645,0.0,98.77625466899258,124.23508118434948,2.1054254391819724,0.0,0
2030-09-14 12:00:00,0.0,164.0161654332645,0.0,95.13521725723469,144.13609948001945,0.9899193292995924,0.0,0
2030-09-14 13:00:00,0.0,164.0161654332645,0.0,94.9637668923915,165.3026372374262,0.7904579719034007,0.0,0
2030-09-14 14:00:00,0.0,164.0161654332645,0.0,13.4634513257231,195.23433199606225,0.5599692922455739,0.0,0
2030-09-14 15:00:00,0.0,164.0161654332645,0.0,94.9637668923915,153.2751734049597,0.8791074640794859,0.0,0
2030-09-14 16:00:00,0.0,164.0161654332645,0.0,99.9999999999999,114.13814096275117,2.4747983232489683,0.0,0
2030-09-14 17:00:00,0.0,164.0161654332645,0.0,99.9999999999999,55.25924157373058,4.750135289101797,0.0,0
2030-09-14 18:00:00,0.0,164.0161654332645,0.0,99.9999999999999,29.64119917391756,4.676260712288393,0.0,0
2030-09-14 19:00:00,0.0,164.0161654332645,0.0,99.9999999999999,5.975571090949435,1.0711813637943373,0.0,0
2030-09-14 20:00:00,0.0,164.0161654332645,0.0,99.9999999999999,0.0,0.0916044752486058,0.0,0
2030-09-14 21:00:00,0.0,164.0161654332645,0.0,99.9999999999999,0.0,0.1218930517420912,0.0,0
2030-09-14 22:00:00,0.0,164.0161654332645,0.0,99.9999999999999,0.0,7.978454295847488,0.0,0
2030-09-14 23:00:00,0.0,164.0161654332645,0.0,99.9999999999999,0.0,10.41631533068978,0.0,0
2030-09-15 00:00:00,0.0,164.0161654332645,0.0,99.9999999999999,0.0,14.848789939493939,0.0,0
2030-09-15 01:00:00,0.0,164.0161654332645,0.0,99.9999999999999,0.0,16.326281475762,0.0,0
2030-09-15 02:00:00,0.0,164.0161654332645,0.0,99.9999999999999,0.0,11.598308559704224,0.0,0
2030-09-15 03:00:00,0.0,164.0161654332645,0.0,99.9999999999999,0.0,4.698423085332414,0.0,0
2030-09-15 04:00:00,0.0,164.0161654332645,0.0,99.9999999999999,0.0,2.267949508171462,0.0,0
2030-09-15 05:00:00,0.0,164.0161654332645,0.0,99.9999999999999,0.0,1.0933437368383587,0.0,0
2030-09-15 06:00:00,0.0,164.0161654332645,0.0,99.9999999999999,0.0,1.322354924959886,0.0,0
2030-09-15 07:00:00,0.0,164.0161654332645,0.0,99.9999999999999,0.0,0.3907965113428935,0.0,0
2030-09-15 08:00:00,0.0,164.0161654332645,0.0,99.9999999999999,12.661111024387935,0.1987226116280421,0.0,0
2030-09-15 09:00:00,0.0,164.0161654332645,0.0,93.53547554735343,67.80734922402237,0.9455945832115498,0.0,0
2030-09-15 10:00:00,0.0,164.0161654332645,0.0,23.365462036833833,119.83978240864025,0.016695654359829,0.0,0
2030-09-15 11:00:00,0.0,164.0161654332645,0.0,1.159316823456777,160.97833534596575,0.0066856492016129,0.0,0
2030-09-15 12:00:00,0.0,164.0161654332645,0.0,1.159316823456777,188.25060514877833,0.084955763335389,0.0,0
2030-09-15 13:00:00,0.0,164.0161654332645,0.0,0.0,208.28060111750048,0.6663486828568865,0.0,0
2030-09-15 14:00:00,0.0,164.0161654332645,0.0,0.0,213.0740740857057,10.859562791570209,0.0,0
2030-09-15 15:00:00,0.0,164.0161654332645,0.0,45.88013268460293,140.74244841292185,18.985766241044505,0.0,0
2030-09-15 16:00:00,0.0,164.0161654332645,0.0,99.9999999999999,81.36893739696723,26.520973076011597,0.0,0
2030-09-15 17:00:00,0.0,164.0161654332645,0.0,99.9999999999999,37.45085644129704,27.40746799777242,0.0,0
2030-09-15 18:00:00,0.0,164.0161654332645,0.0,99.9999999999999,17.098416289944463,18.911891664231103,0.0,0
2030-09-15 19:00:00,0.0,164.0161654332645,0.0,99.9999999999999,6.3897195824013915,13.7406712872929,0.0,0
2030-09-15 20:00:00,0.0,164.0161654332645,0.0,99.9999999999999,0.0,9.899193292995951,0.0,0
2030-09-15 21:00:00,0.0,164.0161654332645,0.0,99.9999999999999,0.0,5.208157665344878,0.0,0
2030-09-15 22:00:00,0.0,164.0161654332645,0.0,99.9999999999999,0.0,2.0537132354125887,0.0,0
2030-09-15 23:00:00,0.0,164.0161654332645,0.0,99.9999999999999,0.0,1.507041366993397,0.0,0
2030-09-16 00:00:00,0.0,164.0161654332645,0.0,99.9999999999999,0.0,7.2397085277134465,0.0,0
2030-09-16 01:00:00,0.0,164.0161654332645,0.0,99.9999999999999,0.0,14.331667901800135,0.0,0
2030-09-16 02:00:00,0.0,164.0161654332645,0.0,99.9999999999999,0.0,26.742596806451782,0.0,0
2030-09-16 03:00:00,0.0,164.0161654332645,0.0,99.9999999999999,0.0,33.095810412404425,0.0,0
2030-09-16 04:00:00,0.0,164.0161654332645,0.0,99.9999999999999,0.0,35.23817313999313,0.0,0
2030-09-16 05:00:00,0.0,164.0161654332645,0.0,99.9999999999999,0.0,32.94806125877762,0.0,0
2030-09-16 06:00:00,0.0,164.0161654332645,0.0,99.9999999999999,0.0,27.924590035466224,0.0,0
2030-09-16 07:00:00,0.0,164.0161654332645,0.0,99.9999999999999,0.0,24.96960696293013,0.0,0
2030-09-16 08:00:00,0.0,164.0161654332645,0.0,99.9999999999999,10.59036856712823,23.270491696221853,0.0,0
2030-09-16 09:00:00,0.0,164.0161654332645,0.0,99.9999999999999,57.21165589057544,22.53174592808784,0.0,0
2030-09-16 10:00:00,0.0,164.0161654332645,0.0,99.9999999999999,93.84486488160596,14.331667901800135,0.0,0
2030-09-16 11:00:00,0.0,164.0161654332645,0.0,62.4101713290616,147.25582090205677,13.666796710479495,0.0,0
2030-09-16 12:00:00,0.0,164.0161654332645,0.0,28.148894849989006,180.43207327086768,21.4236272758868,0.0,0
2030-09-16 13:00:00,0.0,164.0161654332645,0.0,15.776916223924786,213.818358088915,22.901118812154856,0.0,0
2030-09-16 14:00:00,0.0,164.0161654332645,0.0,7.720661997567446,215.92874047321368,26.964220536892,0.0,0
2030-09-16 15:00:00,0.0,164.0161654332645,0.0,15.776916223924786,204.29708427043485,35.13770371552688,0.0,0
2030-09-16 16:00:00,0.0,164.0161654332645,0.0,41.712912082322646,160.16719594342212,45.949986777936495,0.0,0
2030-09-16 17:00:00,0.0,164.0161654332645,0.0,67.00327340032948,126.48686569644391,54.66718684191803,0.0,0
2030-09-16 18:00:00,0.0,164.0161654332645,0.0,99.9999999999999,67.3429112728941,50.234712233113875,0.0,0
2030-09-16 19:00:00,0.0,164.0161654332645,0.0,99.9999999999999,17.51256478139642,41.88688505319936,0.0,0
2030-09-16 20:00:00,0.0,164.0161654332645,0.0,99.9999999999999,0.0,33.982305334165275,0.0,0
2030-09-16 21:00:00,0.0,164.0161654332645,0.0,99.9999999999999,0.0,20.75875608456616,0.0,0
2030-09-16 22:00:00,0.0,164.0161654332645,0.0,99.9999999999999,0.0,9.751444139369143,0.0,0
2030-09-16 23:00:00,0.0,164.0161654332645,0.0,99.9999999999999,0.0,15.956908591694976,0.0,0
2030-09-17 00:00:00,0.0,164.0161654332645,0.0,99.9999999999999,0.0,14.996539093120749,0.0,0
2030-09-17 01:00:00,0.0,164.0161654332645,0.0,99.9999999999999,0.0,13.223549249599095,0.0,0
2030-09-17 02:00:00,0.0,164.0161654332645,0.0,99.9999999999999,0.0,18.985766241044505,0.0,0
2030-09-17 03:00:00,0.0,164.0161654332645,0.0,99.9999999999999,0.0,26.89034596007859,0.0,0
2030-09-17 04:00:00,0.0,164.0161654332645,0.0,99.9999999999999,0.0,31.396695145696174,0.0,0
2030-09-17 05:00:00,0.0,164.0161654332645,0.0,99.9999999999999,0.0,32.2093154906436,0.0,0
2030-09-17 06:00:00,0.0,164.0161654332645,0.0,99.9999999999999,0.0,30.731823954375542,0.0,0
2030-09-17 07:00:00,0.0,164.0161654332645,0.0,99.9999999999999,0.0,22.60562050490124,0.0,0
2030-09-17 08:00:00,0.0,164.0161654332645,0.0,99.9999999999999,16.68426779849251,18.025396742470274,0.0,0
2030-09-17 09:00:00,0.0,164.0161654332645,0.0,99.9999999999999,73.4776337127015,11.598308559704224,0.0,0
2030-09-17 10:00:00,0.0,164.0161654332645,0.0,95.50801126716931,131.97137500467178,1.1228935675637204,0.0,0
2030-09-17 11:00:00,0.0,164.0161654332645,0.0,42.37018060049394,183.64172407962027,0.1071181363794103,0.0,0
2030-09-17 12:00:00,0.0,164.0161654332645,0.0,1.3725488047253407,220.26546681941755,0.0901269837123325,0.0,0
2030-09-17 13:00:00,0.0,164.0161654332645,0.0,1.3725488047253362,232.26749010169485,0.1721277639752269,0.0,0
2030-09-17 14:00:00,0.0,164.0161654332645,0.0,0.0,240.14636933121704,0.9234322101675286,0.0,0
2030-09-17 15:00:00,0.0,164.0161654332645,0.0,1.3725488047253407,220.44532559284812,2.1054254391819724,0.0,0
2030-09-17 16:00:00,0.0,164.0161654332645,0.0,52.0330724430936,188.4624125201209,4.329050201265392,0.0,0
2030-09-17 17:00:00,0.0,164.0161654332645,0.0,99.9999999999999,143.89707663638148,4.646710881563031,0.0,0
2030-09-17 18:00:00,0.0,164.0161654332645,0.0,99.9999999999999,81.4020692762834,6.050327841017688,0.0,0
2030-09-17 19:00:00,0.0,164.0161654332645,0.0,99.9999999999999,18.400025834507716,10.04694244662276,0.0,0
2030-09-17 20:00:00,0.0,164.0161654332645,0.0,99.9999999999999,0.0,13.666796710479495,0.0,0
2030-09-17 21:00:00,0.0,164.0161654332645,0.0,99.9999999999999,0.0,14.479417055426916,0.0,0
2030-09-17 22:00:00,0.0,164.0161654332645,0.0,99.9999999999999,0.0,3.678953925307433,0.0,0
2030-09-17 23:00:00,0.0,164.0161654332645,0.0,99.9999999999999,0.0,2.038938320049908,0.0,0
2030-09-18 00:00:00,0.0,164.0161654332645,0.0,99.9999999999999,0.0,2.585610188469075,0.0,0
2030-09-18 01:00:00,0.0,164.0161654332645,0.0,99.9999999999999,0.0,5.902578687390879,0.0,0
2030-09-18 02:00:00,0.0,164.0161654332645,0.0,99.9999999999999,0.0,9.234322101675335,0.0,0
2030-09-18 03:00:00,0.0,164.0161654332645,0.0,99.9999999999999,0.0,9.899193292995951,0.0,0
2030-09-18 04:00:00,0.0,164.0161654332645,0.0,99.9999999999999,0.0,11.228935675637201,0.0,0
2030-09-18 05:00:00,0.0,164.0161654332645,0.0,99.9999999999999,0.0,17.06502724389602,0.0,0
2030-09-18 06:00:00,0.0,164.0161654332645,0.0,99.9999999999999,0.0,24.82185780930332,0.0,0
2030-09-18 07:00:00,0.0,164.0161654332645,0.0,99.9999999999999,0.0,28.072339189093036,0.0,0
2030-09-18 08:00:00,0.0,164.0161654332645,0.0,99.9999999999999,13.607736147706659,24.747983232489915,0.0,0
2030-09-18 09:00:00,0.0,164.0161654332645,0.0,99.9999999999999,59.81428333899987,33.02193583559102,0.0,0
2030-09-18 10:00:00,0.0,164.0161654332645,0.0,69.86026302870141,111.24146808539584,41.813010476385955,0.0,0
2030-09-18 11:00:00,0.0,164.0161654332645,0.0,30.70710246075305,159.37321412123848,37.158912137141584,0.0,0
2030-09-18 12:00:00,0.0,164.0161654332645,0.0,26.868003886625328,175.57056162192399,29.697579878987906,0.0,0
2030-09-18 13:00:00,0.0,164.0161654332645,0.0,26.868003886625328,177.9850473270888,30.87957310800235,0.0,0
2030-09-18 14:00:00,0.0,164.0161654332645,0.0,26.868003886625328,162.36928263654227,36.93728840670137,0.0,0
2030-09-18 15:00:00,0.0,164.0161654332645,0.0,26.868003886625328,176.88932874684735,45.28511558661589,0.0,0
2030-09-18 16:00:00,0.0,164.0161654332645,0.0,26.86800388662533,171.7106976815919,54.66718684191803,0.0,0
2030-09-18 17:00:00,0.0,164.0161654332645,0.0,49.693551154594616,137.7108814554936,57.62216991445416,0.0,0
2030-09-18 18:00:00,0.0,164.0161654332645,0.0,99.9999999999999,78.72134525518516,51.1212071548747,0.0,0
2030-09-18 19:00:00,0.0,164.0161654332645,0.0,99.9999999999999,18.104205483470608,47.79685119827159,0.0,0
2030-09-18 20:00:00,0.0,164.0161654332645,0.0,99.9999999999999,0.0,52.96807157520976,0.0,0
2030-09-18 21:00:00,0.0,164.0161654332645,0.0,99.9999999999999,0.0,73.06195646845536,0.0,0
2030-09-18 22:00:00,0.0,164.0161654332645,0.0,99.9999999999999,0.0,69.88534966547903,0.0,0
2030-09-18 23:00:00,0.0,164.0161654332645,0.0,99.9999999999999,0.0,72.91420731482852,0.0,0
2030-09-19 00:00:00,0.0,164.0161654332645,0.0,99.9999999999999,0.0,70.77184458723984,0.0,0
2030-09-19 01:00:00,0.0,164.0161654332645,0.0,99.9999999999999,0.0,67.74298693789035,0.0,0
2030-09-19 02:00:00,0.0,164.0161654332645,0.0,99.9999999999999,0.0,68.11235982195734,0.0,0
2030-09-19 03:00:00,0.0,164.0161654332645,0.0,99.9999999999999,0.0,79.79931787383765,0.0,0
2030-09-19 04:00:00,0.0,164.0161654332645,0.0,99.9999999999999,0.0,95.19404093598264,0.0,0
2030-09-19 05:00:00,0.0,164.0161654332645,0.0,99.9999999999999,0.0,100.05942056491337,0.0,0
2030-09-19 06:00:00,0.0,164.0161654332645,0.0,99.9999999999999,0.0,104.2887400874807,0.0,0
2030-09-19 07:00:00,0.0,164.0161654332645,0.0,99.9999999999999,0.0,107.3198139741346,0.0,0
2030-09-19 08:00:00,0.0,164.0161654332645,0.0,99.9999999999999,17.51256478139642,106.61948298594352,0.0,0
2030-09-19 09:00:00,0.0,164.0161654332645,0.0,39.83505374932446,81.92330473481076,114.2736278895802,0.0,0
2030-09-19 10:00:00,0.0,164.0161654332645,0.0,0.0,145.11408156054816,101.85605027301531,0.0,0
2030-09-19 11:00:00,0.0,164.0161654332645,0.0,0.0,191.80163264262768,83.14952993232549,0.0,0
2030-09-19 12:00:00,0.0,164.0161654332645,0.0,0.0,224.5270547964581,48.0923495055252,0.0,0
2030-09-19 13:00:00,0.0,164.0161654332645,0.0,0.0,235.91791323349267,23.344366273035256,0.0,0
2030-09-19 14:00:00,0.0,164.0161654332645,0.0,0.0,242.17451365792743,13.223549249599095,0.0,0
2030-09-19 15:00:00,0.0,164.0161654332645,0.0,0.0,226.90426713739217,11.672183136517628,0.0,0
2030-09-19 16:00:00,0.0,164.0161654332645,0.0,43.85378006436349,190.56096209037807,13.149674672785688,0.0,0
2030-09-19 17:00:00,0.0,164.0161654332645,0.0,93.06008817655923,143.92843359359145,13.445172980039281,0.0,0
2030-09-19 18:00:00,0.0,164.0161654332645,0.0,99.9999999999999,82.59185872815462,16.547905206202213,0.0,0
2030-09-19 19:00:00,0.0,164.0161654332645,0.0,99.9999999999999,18.695846185544795,14.405542478613539,0.0,0
2030-09-19 20:00:00,0.0,164.0161654332645,0.0,99.9999999999999,0.0,4.942209188816622,0.0,0
2030-09-19 21:00:00,0.0,164.0161654332645,0.0,99.9999999999999,0.0,0.3339130871965669,0.0,0
2030-09-19 22:00:00,0.0,164.0161654332645,0.0,99.9999999999999,0.0,7.83070514222068,0.0,0
2030-09-19 23:00:00,0.0,164.0161654332645,0.0,99.9999999999999,0.0,21.4236272758868,0.0,0
2030-09-20 00:00:00,0.0,164.0161654332645,0.0,99.9999999999999,0.0,33.24355956603124,0.0,0
2030-09-20 01:00:00,0.0,164.0161654332645,0.0,99.9999999999999,0.0,40.33551894011791,0.0,0
2030-09-20 02:00:00,0.0,164.0161654332645,0.0,99.9999999999999,0.0,43.733749473534445,0.0,0
2030-09-20 03:00:00,0.0,164.0161654332645,0.0,99.9999999999999,0.0,43.586000319907605,0.0,0
2030-09-20 04:00:00,0.0,164.0161654332645,0.0,99.9999999999999,0.0,30.805698531188945,0.0,0
2030-09-20 05:00:00,0.0,164.0161654332645,0.0,99.9999999999999,0.0,18.468644203350674,0.0,0
2030-09-20 06:00:00,0.0,164.0161654332645,0.0,99.9999999999999,0.0,8.126203449474298,0.0,0
2030-09-20 07:00:00,0.0,164.0161654332645,0.0,99.9999999999999,0.0,0.4927434273453862,0.0,0
2030-09-20 08:00:00,0.0,164.0161654332645,0.0,99.9999999999999,16.68426779849251,0.0267425968064347,0.0,0
2030-09-20 09:00:00,0.0,164.0161654332645,0.0,99.9999999999999,76.36602362022779,0.2822008834271839,0.0,0
2030-09-20 10:00:00,0.0,164.0161654332645,0.0,86.36836533068947,131.81873170353663,0.6914660389734285,0.0,0
2030-09-20 11:00:00,0.0,164.0161654332645,0.0,44.377202750567456,173.84415405327144,2.6964220536891808,0.0,0
2030-09-20 12:00:00,0.0,164.0161654332645,0.0,44.37720275056745,189.2540277794961,6.774298693789024,0.0,0
2030-09-20 13:00:00,0.0,164.0161654332645,0.0,44.37720275056745,215.20989702019352,7.33574547757087,0.0,0
2030-09-20 14:00:00,0.0,164.0161654332645,0.0,44.37720275056745,191.60520792953903,5.466718684191793,0.0,0
2030-09-20 15:00:00,0.0,164.0161654332645,0.0,61.54582476709255,160.27250798839128,3.073182395437544,0.0,0
2030-09-20 16:00:00,0.0,164.0161654332645,0.0,99.9999999999999,132.67069431452347,0.5511043430279601,0.0,0
2030-09-20 17:00:00,0.0,164.0161654332645,0.0,99.9999999999999,80.0146718299194,0.1034244075387401,0.0,0
2030-09-20 18:00:00,0.0,164.0161654332645,0.0,99.9999999999999,36.563395388185754,0.997306786980933,0.0,0
2030-09-20 19:00:00,0.0,164.0161654332645,0.0,99.9999999999999,8.637954250283363,0.1736052555114742,0.0,0
2030-09-20 20:00:00,0.0,164.0161654332645,0.0,99.9999999999999,0.0,2.098037981500632,0.0,0
2030-09-20 21:00:00,0.0,164.0161654332645,0.0,99.9999999999999,0.0,1.0046942446622733,0.0,0
2030-09-20 22:00:00,0.0,164.0161654332645,0.0,99.9999999999999,0.0,0.0066856492016129,0.0,0
2030-09-20 23:00:00,0.0,164.0161654332645,0.0,99.9999999999999,0.0,0.2725971884414465,0.0,0
2030-09-21 00:00:00,0.0,164.0161654332645,0.0,99.9999999999999,0.0,0.6885110559009078,0.0,0
2030-09-21 01:00:00,0.0,164.0161654332645,0.0,99.9999999999999,0.0,15.21816282356096,0.0,0
2030-09-21 02:00:00,0.0,164.0161654332645,0.0,99.9999999999999,0.0,39.96614605605088,0.0,0
2030-09-21 03:00:00,0.0,164.0161654332645,0.0,99.9999999999999,0.0,37.085037560328175,0.0,0
2030-09-21 04:00:00,0.0,164.0161654332645,0.0,99.9999999999999,0.0,23.418240849848665,0.0,0
2030-09-21 05:00:00,0.0,164.0161654332645,0.0,99.9999999999999,0.0,17.212776397522827,0.0,0
2030-09-21 06:00:00,0.0,164.0161654332645,0.0,99.9999999999999,0.0,6.840785812921089,0.0,0
2030-09-21 07:00:00,0.0,164.0161654332645,0.0,99.9999999999999,0.0,3.065794937756203,0.0,0
2030-09-21 08:00:00,0.0,164.0161654332645,0.0,99.9999999999999,5.886824985638302,4.9348217311352816,0.0,0
2030-09-21 09:00:00,0.0,164.0161654332645,0.0,99.9999999999999,29.582035103710133,6.146364790875087,0.0,0
2030-09-21 10:00:00,0.0,164.0161654332645,0.0,99.9999999999999,75.72764330268971,2.881108495722692,0.0,0
2030-09-21 11:00:00,0.0,164.0161654332645,0.0,99.9999999999999,92.17939630526713,0.2437861034842084,0.0,0
2030-09-21 12:00:00,0.0,164.0161654332645,0.0,99.9999999999999,104.63816620954564,0.1736052555114742,0.0,0
2030-09-21 13:00:00,0.0,164.0161654332645,0.0,99.9999999999999,112.773817503768,0.0234182408498486,0.0,0
2030-09-21 14:00:00,0.0,164.0161654332645,0.0,99.9999999999999,98.85961147238692,0.0066856492016129,0.0,0
2030-09-21 15:00:00,0.0,164.0161654332645,0.0,99.9999999999999,108.31402989153268,0.0116721831365176,0.0,0
2030-09-21 16:00:00,0.0,164.0161654332645,0.0,99.9999999999999,86.677137775977,0.0668564920161257,0.0,0
2030-09-21 17:00:00,0.0,164.0161654332645,0.0,99.9999999999999,73.47585879059528,0.3612466806175317,0.0,0
2030-09-21 18:00:00,0.0,164.0161654332645,0.0,99.9999999999999,35.49844212445218,2.157137642951356,0.0,0
2030-09-21 19:00:00,0.0,164.0161654332645,0.0,99.9999999999999,7.395508775927532,16.104657745321788,0.0,0
2030-09-21 20:00:00,0.0,164.0161654332645,0.0,99.9999999999999,0.0,20.167759470058954,0.0,0
2030-09-21 21:00:00,0.0,164.0161654332645,0.0,99.9999999999999,0.0,16.769528936642427,0.0,0
2030-09-21 22:00:00,0.0,164.0161654332645,0.0,99.9999999999999,0.0,4.964371561860644,0.0,0
2030-09-21 23:00:00,0.0,164.0161654332645,0.0,99.9999999999999,0.0,9.751444139369143,0.0,0
2030-09-22 00:00:00,0.0,164.0161654332645,0.0,99.9999999999999,0.0,13.814545864106304,0.0,0
2030-09-22 01:00:00,0.0,164.0161654332645,0.0,99.9999999999999,0.0,19.13351539467132,0.0,0
2030-09-22 02:00:00,0.0,164.0161654332645,0.0,99.9999999999999,0.0,19.05964081785791,0.0,0
2030-09-22 03:00:00,0.0,164.0161654332645,0.0,99.9999999999999,0.0,14.922664516307345,0.0,0
2030-09-22 04:00:00,0.0,164.0161654332645,0.0,99.9999999999999,0.0,12.780301788718669,0.0,0
2030-09-22 05:00:00,0.0,164.0161654332645,0.0,99.9999999999999,0.0,15.513661130814576,0.0,0
2030-09-22 06:00:00,0.0,164.0161654332645,0.0,99.9999999999999,0.0,19.355139125111528,0.0,0
2030-09-22 07:00:00,0.0,164.0161654332645,0.0,99.9999999999999,0.0,22.23624762083422,0.0,0
2030-09-22 08:00:00,0.0,164.0161654332645,0.0,99.9999999999999,12.956931375425047,22.753369658528047,0.0,0
2030-09-22 09:00:00,0.0,164.0161654332645,0.0,83.6613765578999,64.44268855132637,23.196617119408447,0.0,0
2030-09-22 10:00:00,0.0,164.0161654332645,0.0,9.443081241867617,129.3770305260764,19.872261162805334,0.0,0
2030-09-22 11:00:00,0.0,164.0161654332645,0.0,0.0,173.74653333742918,17.43440012796304,0.0,0
2030-09-22 12:00:00,0.0,164.0161654332645,0.0,0.0,207.09554479124583,12.928050942345479,0.0,0
2030-09-22 13:00:00,0.0,164.0161654332645,0.0,0.0,217.25164908305163,12.854176365532073,0.0,0
2030-09-22 14:00:00,0.0,164.0161654332645,0.0,0.0,204.95143888692888,13.7406712872929,0.0,0
2030-09-22 15:00:00,0.0,164.0161654332645,0.0,0.0,199.394749413048,20.98037981500637,0.0,0
2030-09-22 16:00:00,0.0,164.0161654332645,0.0,0.0,170.25644483589352,39.744522325610696,0.0,0
2030-09-22 17:00:00,0.0,164.0161654332645,0.0,11.542776283365924,125.68519254513336,70.10697339591923,0.0,0
2030-09-22 18:00:00,0.0,164.0161654332645,0.0,65.42165075170618,71.13236996967939,98.7112095380688,0.0,0
2030-09-22 19:00:00,0.0,164.0161654332645,0.0,99.9999999999999,13.962720568951193,114.40955711091688,0.0,0
2030-09-22 20:00:00,0.0,164.0161654332645,0.0,99.9999999999999,0.0,126.97931635571736,0.0,0
2030-09-22 21:00:00,0.0,164.0161654332645,0.0,99.9999999999999,0.0,120.79379803913112,0.0,0
2030-09-22 22:00:00,0.0,164.0161654332645,0.0,99.9999999999999,0.0,74.7669817013087,0.0,0
2030-09-22 23:00:00,0.0,164.0161654332645,0.0,99.9999999999999,0.0,72.39708527713472,0.0,0
2030-09-23 00:00:00,0.0,164.0161654332645,0.0,99.9999999999999,0.0,70.40247170317282,0.0,0
2030-09-23 01:00:00,0.0,164.0161654332645,0.0,99.9999999999999,0.0,72.91420731482852,0.0,0
2030-09-23 02:00:00,0.0,164.0161654332645,0.0,99.9999999999999,0.0,79.52081071925113,0.0,0
2030-09-23 03:00:00,0.0,164.0161654332645,0.0,99.9999999999999,0.0,84.82574408022158,0.0,0
2030-09-23 04:00:00,0.0,164.0161654332645,0.0,99.9999999999999,0.0,78.27085287956835,0.0,0
2030-09-23 05:00:00,0.0,164.0161654332645,0.0,99.9999999999999,0.0,78.71483908621691,0.0,0
2030-09-23 06:00:00,0.0,164.0161654332645,0.0,99.9999999999999,0.0,78.64539698401232,0.0,0
2030-09-23 07:00:00,0.0,164.0161654332645,0.0,99.9999999999999,0.0,48.831095273659216,0.0,0
2030-09-23 08:00:00,0.0,164.0161654332645,0.0,99.9999999999999,17.92671327284834,23.861488310729086,0.0,0
2030-09-23 09:00:00,0.0,164.0161654332645,0.0,99.9999999999999,81.49614014791318,17.13890182070942,0.0,0
2030-09-23 10:00:00,0.0,164.0161654332645,0.0,46.74686111059157,141.55536273757178,26.520973076011597,0.0,0
2030-09-23 11:00:00,0.0,164.0161654332645,0.0,0.0,191.49575439965528,30.43632564712192,0.0,0
2030-09-23 12:00:00,0.0,164.0161654332645,0.0,0.0,217.8101579058097,36.49404094582096,0.0,0
2030-09-23 13:00:00,0.0,164.0161654332645,0.0,0.0,234.02880447176983,40.70489182418492,0.0,0
2030-09-23 14:00:00,0.0,164.0161654332645,0.0,0.0,228.1697865991289,43.06887828221381,0.0,0
2030-09-23 15:00:00,0.0,164.0161654332645,0.0,0.0,213.1657783945272,38.41477994296944,0.0,0
2030-09-23 16:00:00,0.0,164.0161654332645,0.0,27.506464896391886,180.11258729174764,30.953447684815757,0.0,0
2030-09-23 17:00:00,0.0,164.0161654332645,0.0,82.54281105456401,135.25143105697117,26.22547476875798,0.0,0
2030-09-23 18:00:00,0.0,164.0161654332645,0.0,99.9999999999999,70.81288399055931,21.64525100632701,0.0,0
2030-09-23 19:00:00,0.0,164.0161654332645,0.0,99.9999999999999,14.968509762477332,20.53713235412597,0.0,0
2030-09-23 20:00:00,0.0,164.0161654332645,0.0,99.9999999999999,0.0,23.048867965781668,0.0,0
2030-09-23 21:00:00,0.0,164.0161654332645,0.0,99.9999999999999,0.0,26.964220536892,0.0,0
2030-09-23 22:00:00,0.0,164.0161654332645,0.0,99.9999999999999,0.0,24.156986617982703,0.0,0
2030-09-23 23:00:00,0.0,164.0161654332645,0.0,99.9999999999999,0.0,24.82185780930332,0.0,0
2030-09-24 00:00:00,0.0,164.0161654332645,0.0,99.9999999999999,0.0,26.373223922384785,0.0,0
2030-09-24 01:00:00,0.0,164.0161654332645,0.0,99.9999999999999,0.0,29.99307818624152,0.0,0
2030-09-24 02:00:00,0.0,164.0161654332645,0.0,99.9999999999999,0.0,34.13005448779206,0.0,0
2030-09-24 03:00:00,0.0,164.0161654332645,0.0,99.9999999999999,0.0,38.93190198066324,0.0,0
2030-09-24 04:00:00,0.0,164.0161654332645,0.0,99.9999999999999,0.0,42.77337997496019,0.0,0
2030-09-24 05:00:00,0.0,164.0161654332645,0.0,99.9999999999999,0.0,53.18969530565,0.0,0
2030-09-24 06:00:00,0.0,164.0161654332645,0.0,99.9999999999999,0.0,68.26010897558415,0.0,0
2030-09-24 07:00:00,0.0,164.0161654332645,0.0,99.9999999999999,0.0,80.70058771096119,0.0,0
2030-09-24 08:00:00,0.0,164.0161654332645,0.0,99.9999999999999,17.69005699201865,76.95219168344913,0.0,0
2030-09-24 09:00:00,0.0,164.0161654332645,0.0,63.615258593460446,79.46444597699039,94.66436022023059,0.0,0
2030-09-24 10:00:00,0.0,164.0161654332645,0.0,0.0,137.3446558609097,117.2936205897121,0.0,0
2030-09-24 11:00:00,0.0,164.0161654332645,0.0,0.0,185.48409322587932,101.5450383046309,0.0,0
2030-09-24 12:00:00,0.0,164.0161654332645,0.0,0.0,218.211881942518,92.63207061209388,0.0,0
2030-09-24 13:00:00,0.0,164.0161654332645,0.0,0.0,236.89944515823376,95.69860429561821,0.0,0
2030-09-24 14:00:00,0.0,164.0161654332645,0.0,0.0,235.49074864659516,93.61460248371213,0.0,0
2030-09-24 15:00:00,0.0,164.0161654332645,0.0,0.0,221.47596369586137,93.360473939474,0.0,0
2030-09-24 16:00:00,0.0,164.0161654332645,0.0,0.0,186.0597596289975,96.41518769070824,0.0,0
2030-09-24 17:00:00,0.0,164.0161654332645,0.0,4.657652569201105,141.34592192903753,97.96064383764461,0.0,0
2030-09-24 18:00:00,0.0,164.0161654332645,0.0,78.50039855694092,70.6915976466341,98.82276014905699,0.0,0
2030-09-24 19:00:00,0.0,164.0161654332645,0.0,99.9999999999999,11.83281404148406,99.10717726978861,0.0,0
2030-09-24 20:00:00,0.0,164.0161654332645,0.0,99.9999999999999,0.0,89.74135842138541,0.0,0
2030-09-24 21:00:00,0.0,164.0161654332645,0.0,99.9999999999999,0.0,75.17107563647795,0.0,0
2030-09-24 22:00:00,0.0,164.0161654332645,0.0,99.9999999999999,0.0,33.46518329647145,0.0,0
2030-09-24 23:00:00,0.0,164.0161654332645,0.0,99.9999999999999,0.0,27.1119696905188,0.0,0
2030-09-25 00:00:00,0.0,164.0161654332645,0.0,99.9999999999999,0.0,21.64525100632701,0.0,0
2030-09-25 01:00:00,0.0,164.0161654332645,0.0,99.9999999999999,0.0,13.371298403225879,0.0,0
2030-09-25 02:00:00,0.0,164.0161654332645,0.0,99.9999999999999,0.0,8.347827179914512,0.0,0
2030-09-25 03:00:00,0.0,164.0161654332645,0.0,99.9999999999999,0.0,5.680954956950665,0.0,0
2030-09-25 04:00:00,0.0,164.0161654332645,0.0,99.9999999999999,0.0,6.892498016690472,0.0,0
2030-09-25 05:00:00,0.0,164.0161654332645,0.0,99.9999999999999,0.0,9.160447524861937,0.0,0
2030-09-25 06:00:00,0.0,164.0161654332645,0.0,99.9999999999999,0.0,11.00731194519699,0.0,0
2030-09-25 07:00:00,0.0,164.0161654332645,0.0,99.9999999999999,0.0,10.859562791570209,0.0,0
2030-09-25 08:00:00,0.0,164.0161654332645,0.0,99.9999999999999,17.92671327284834,9.012698371235123,0.0,0
2030-09-25 09:00:00,0.0,164.0161654332645,0.0,99.9999999999999,79.95018299339331,6.929435305097173,0.0,0
2030-09-25 10:00:00,0.0,164.0161654332645,0.0,73.70406230614819,139.76032484747867,9.382071255302144,0.0,0
2030-09-25 11:00:00,0.0,164.0161654332645,0.0,54.352060536873296,162.18114089328267,5.895191229709539,0.0,0
2030-09-25 12:00:00,0.0,164.0161654332645,0.0,29.693631235112548,186.2579592641924,2.6373223922384574,0.0,0
2030-09-25 13:00:00,0.0,164.0161654332645,0.0,26.984385177599226,203.59953988268927,4.388149862716116,0.0,0
2030-09-25 14:00:00,0.0,164.0161654332645,0.0,26.984385177599226,206.873679527968,6.626549540162215,0.0,0
2030-09-25 15:00:00,0.0,164.0161654332645,0.0,24.581335784308408,222.34626716861257,5.163832919256835,0.0,0
2030-09-25 16:00:00,0.0,164.0161654332645,0.0,59.86902681983963,180.3167033339633,1.8542518780163977,0.0,0
2030-09-25 17:00:00,0.0,164.0161654332645,0.0,99.9999999999999,135.91406864329423,5.651405126225304,0.0,0
2030-09-25 18:00:00,0.0,164.0161654332645,0.0,99.9999999999999,71.8476635784871,16.695654359829025,0.0,0
2030-09-25 19:00:00,0.0,164.0161654332645,0.0,99.9999999999999,14.436033130610534,34.499427371859085,0.0,0
2030-09-25 20:00:00,0.0,164.0161654332645,0.0,99.9999999999999,0.0,37.7499087516488,0.0,0
2030-09-25 21:00:00,0.0,164.0161654332645,0.0,99.9999999999999,0.0,27.629091728212636,0.0,0
2030-09-25 22:00:00,0.0,164.0161654332645,0.0,99.9999999999999,0.0,32.2093154906436,0.0,0
2030-09-25 23:00:00,0.0,164.0161654332645,0.0,99.9999999999999,0.0,27.85071545865282,0.0,0
2030-09-26 00:00:00,0.0,164.0161654332645,0.0,99.9999999999999,0.0,25.560603577437337,0.0,0
2030-09-26 01:00:00,0.0,164.0161654332645,0.0,99.9999999999999,0.0,27.85071545865282,0.0,0
2030-09-26 02:00:00,0.0,164.0161654332645,0.0,99.9999999999999,0.0,34.056179910978656,0.0,0
2030-09-26 03:00:00,0.0,164.0161654332645,0.0,99.9999999999999,0.0,36.12466806175396,0.0,0
2030-09-26 04:00:00,0.0,164.0161654332645,0.0,99.9999999999999,0.0,32.35706464427041,0.0,0
2030-09-26 05:00:00,0.0,164.0161654332645,0.0,99.9999999999999,0.0,29.845329032614718,0.0,0
2030-09-26 06:00:00,0.0,164.0161654332645,0.0,99.9999999999999,0.0,31.913817183389984,0.0,0
2030-09-26 07:00:00,0.0,164.0161654332645,0.0,99.9999999999999,0.0,35.53367144724672,0.0,0
2030-09-26 08:00:00,0.0,164.0161654332645,0.0,99.9999999999999,17.749221062226074,34.42555279504568,0.0,0
2030-09-26 09:00:00,0.0,164.0161654332645,0.0,99.9999999999999,78.73909447624743,31.76606802976317,0.0,0
2030-09-26 10:00:00,0.0,164.0161654332645,0.0,46.94137848430216,139.70766882499407,27.629091728212636,0.0,0
2030-09-26 11:00:00,0.0,164.0161654332645,0.0,5.900470667467913,186.669149552134,23.787613733915688,0.0,0
2030-09-26 12:00:00,0.0,164.0161654332645,0.0,0.0,220.84349978534408,22.60562050490124,0.0,0
2030-09-26 13:00:00,0.0,164.0161654332645,0.0,0.0,234.55418141521167,26.07772561513117,0.0,0
2030-09-26 14:00:00,0.0,164.0161654332645,0.0,0.0,234.3873387372268,28.589461226786863,0.0,0
2030-09-26 15:00:00,0.0,164.0161654332645,0.0,0.0,218.71122669506863,31.913817183389984,0.0,0
2030-09-26 16:00:00,0.0,164.0161654332645,0.0,47.5370018962816,181.43372097947935,33.095810412404425,0.0,0
2030-09-26 17:00:00,0.0,164.0161654332645,0.0,97.35486574513372,133.7486636737027,35.23817313999313,0.0,0
2030-09-26 18:00:00,0.0,164.0161654332645,0.0,99.9999999999999,71.49504572005085,37.676034174835394,0.0,0
2030-09-26 19:00:00,0.0,164.0161654332645,0.0,99.9999999999999,13.844392428536347,43.06887828221381,0.0,0
2030-09-26 20:00:00,0.0,164.0161654332645,0.0,99.9999999999999,0.0,39.52289859517048,0.0,0
2030-09-26 21:00:00,0.0,164.0161654332645,0.0,99.9999999999999,0.0,30.657949377562137,0.0,0
2030-09-26 22:00:00,0.0,164.0161654332645,0.0,99.9999999999999,0.0,23.565990003475477,0.0,0
2030-09-26 23:00:00,0.0,164.0161654332645,0.0,99.9999999999999,0.0,19.576762855551717,0.0,0
2030-09-27 00:00:00,0.0,164.0161654332645,0.0,99.9999999999999,0.0,18.985766241044505,0.0,0
2030-09-27 01:00:00,0.0,164.0161654332645,0.0,99.9999999999999,0.0,23.418240849848665,0.0,0
2030-09-27 02:00:00,0.0,164.0161654332645,0.0,99.9999999999999,0.0,21.79300015995379,0.0,0
2030-09-27 03:00:00,0.0,164.0161654332645,0.0,99.9999999999999,0.0,13.2974238264125,0.0,0
2030-09-27 04:00:00,0.0,164.0161654332645,0.0,99.9999999999999,0.0,0.9455945832115498,0.0,0
2030-09-27 05:00:00,0.0,164.0161654332645,0.0,99.9999999999999,0.0,0.0033391308719658,0.0,0
2030-09-27 06:00:00,0.0,164.0161654332645,0.0,99.9999999999999,0.0,0.0,0.0,0
2030-09-27 07:00:00,0.0,164.0161654332645,0.0,99.9999999999999,0.0,0.0,0.0,0
2030-09-27 08:00:00,0.0,164.0161654332645,0.0,99.9999999999999,15.855970815588632,0.0,0.0,0
2030-09-27 09:00:00,0.0,164.0161654332645,0.0,99.9999999999999,77.62207683073133,0.0,0.0,0
2030-09-27 10:00:00,0.0,164.0161654332645,0.0,91.7723245836039,131.90511124603947,0.016695654359829,0.0,0
2030-09-27 11:00:00,0.0,164.0161654332645,0.0,37.52563838365148,185.7384987277712,0.4543286474024108,0.0,0
2030-09-27 12:00:00,0.0,164.0161654332645,0.0,0.0,220.4707661430373,1.7138901820709291,0.0,0
2030-09-27 13:00:00,0.0,164.0161654332645,0.0,0.0,233.80338936427952,8.273952603101106,0.0,0
2030-09-27 14:00:00,0.0,164.0161654332645,0.0,0.0,226.9705308960245,18.61639335697748,0.0,0
2030-09-27 15:00:00,0.0,164.0161654332645,0.0,0.0,211.89434252576967,29.032708687667263,0.0,0
2030-09-27 16:00:00,0.0,164.0161654332645,0.0,43.618688743689454,172.31772104191998,33.46518329647145,0.0,0
2030-09-27 17:00:00,0.0,164.0161654332645,0.0,99.25629392209788,123.75940205988182,32.1354409138302,0.0,0
2030-09-27 18:00:00,0.0,164.0161654332645,0.0,99.9999999999999,52.59685841439668,35.53367144724672,0.0,0
2030-09-27 19:00:00,0.0,164.0161654332645,0.0,99.9999999999999,13.134423586047316,48.4617223895922,0.0,0
2030-09-27 20:00:00,0.0,164.0161654332645,0.0,99.9999999999999,0.0,48.90496985047263,0.0,0
2030-09-27 21:00:00,0.0,164.0161654332645,0.0,99.9999999999999,0.0,33.61293245009826,0.0,0
2030-09-27 22:00:00,0.0,164.0161654332645,0.0,99.9999999999999,0.0,19.798386585991928,0.0,0
2030-09-27 23:00:00,0.0,164.0161654332645,0.0,99.9999999999999,0.0,32.43093922108381,0.0,0
2030-09-28 00:00:00,0.0,164.0161654332645,0.0,99.9999999999999,0.0,36.93728840670137,0.0,0
2030-09-28 01:00:00,0.0,164.0161654332645,0.0,99.9999999999999,0.0,40.85264097781173,0.0,0
2030-09-28 02:00:00,0.0,164.0161654332645,0.0,99.9999999999999,0.0,41.00039013143854,0.0,0
2030-09-28 03:00:00,0.0,164.0161654332645,0.0,99.9999999999999,0.0,48.24009865915201,0.0,0
2030-09-28 04:00:00,0.0,164.0161654332645,0.0,99.9999999999999,0.0,63.9015089435934,0.0,0
2030-09-28 05:00:00,0.0,164.0161654332645,0.0,99.9999999999999,0.0,85.36576723672755,0.0,0
2030-09-28 06:00:00,0.0,164.0161654332645,0.0,99.9999999999999,0.0,100.11999771790036,0.0,0
2030-09-28 07:00:00,0.0,164.0161654332645,0.0,99.9999999999999,0.0,111.36149207159586,0.0,0
2030-09-28 08:00:00,0.0,164.0161654332645,0.0,99.9999999999999,14.672689411440224,112.29526672251728,0.0,0
2030-09-28 09:00:00,0.0,164.0161654332645,0.0,59.582226764380266,68.61848862656609,123.37054327838264,0.0,0
2030-09-28 10:00:00,0.0,164.0161654332645,0.0,14.437101506505428,124.84092126327344,110.31025684354115,0.0,0
2030-09-28 11:00:00,0.0,164.0161654332645,0.0,0.0,190.97274401902172,92.67270162934126,0.0,0
2030-09-28 12:00:00,0.0,164.0161654332645,0.0,0.0,219.93592294836228,84.34260434786194,0.0,0
2030-09-28 13:00:00,0.0,164.0161654332645,0.0,0.0,237.97741451741305,93.89384838406681,0.0,0
2030-09-28 14:00:00,0.0,164.0161654332645,0.0,0.0,240.3368776372849,111.1930580364613,0.0,0
2030-09-28 15:00:00,0.0,164.0161654332645,0.0,0.0,219.5010670323377,115.77623678196483,0.0,0
2030-09-28 16:00:00,0.0,164.0161654332645,0.0,0.0,191.87558773038697,122.48848083123058,0.0,0
2030-09-28 17:00:00,0.0,164.0161654332645,0.0,0.0,141.62576798111863,126.9409015757744,0.0,0
2030-09-28 18:00:00,0.0,164.0161654332645,0.0,31.640249746253744,77.61852698651887,128.72054013120925,0.0,0
2030-09-28 19:00:00,0.0,164.0161654332645,0.0,99.9999999999999,12.897767305217624,114.71983033353315,0.0,0
2030-09-28 20:00:00,0.0,164.0161654332645,0.0,99.9999999999999,0.0,88.60221244692275,0.0,0
2030-09-28 21:00:00,0.0,164.0161654332645,0.0,99.9999999999999,0.0,67.07811574656971,0.0,0
2030-09-28 22:00:00,0.0,164.0161654332645,0.0,99.9999999999999,0.0,34.20392906460547,0.0,0
2030-09-28 23:00:00,0.0,164.0161654332645,0.0,99.9999999999999,0.0,46.540983392443735,0.0,0
2030-09-29 00:00:00,0.0,164.0161654332645,0.0,99.9999999999999,0.0,77.52250341644861,0.0,0
2030-09-29 01:00:00,0.0,164.0161654332645,0.0,99.9999999999999,0.0,113.33468201828184,0.0,0
2030-09-29 02:00:00,0.0,164.0161654332645,0.0,99.9999999999999,0.0,138.8649970192257,0.0,0
2030-09-29 03:00:00,0.0,164.0161654332645,0.0,99.9999999999999,0.0,140.66458171040023,0.0,0
2030-09-29 04:00:00,0.0,164.0161654332645,0.0,99.9999999999999,0.0,140.28043391097054,0.0,0
2030-09-29 05:00:00,0.0,164.0161654332645,0.0,99.9999999999999,0.0,136.89845578445295,0.0,0
2030-09-29 06:00:00,0.0,164.0161654332645,0.0,99.9999999999999,0.0,113.20761774616284,0.0,0
2030-09-29 07:00:00,0.0,164.0161654332645,0.0,99.9999999999999,0.0,92.9364338685651,0.0,0
2030-09-29 08:00:00,0.0,164.0161654332645,0.0,99.9999999999999,9.880399724639165,66.7087428625027,0.0,0
2030-09-29 09:00:00,0.0,164.0161654332645,0.0,41.62031672809417,63.2629569913904,70.62409543361305,0.0,0
2030-09-29 10:00:00,0.0,164.0161654332645,0.0,8.567941861716804,128.84218733140133,32.06156633701679,0.0,0
2030-09-29 11:00:00,0.0,164.0161654332645,0.0,0.0,164.16017904172088,20.463257777312567,0.0,0
2030-09-29 12:00:00,0.0,164.0161654332645,0.0,0.0,214.13784406803504,17.58214928158985,0.0,0
2030-09-29 13:00:00,0.0,164.0161654332645,0.0,0.0,241.40833894874132,18.247020472910464,0.0,0
2030-09-29 14:00:00,0.0,164.0161654332645,0.0,0.0,238.19691321788247,20.020010316432135,0.0,0
2030-09-29 15:00:00,0.0,164.0161654332645,0.0,0.0,222.1953987895837,25.92997646150436,0.0,0
2030-09-29 16:00:00,0.0,164.0161654332645,0.0,0.0,190.18882008877335,36.05079348494055,0.0,0
2030-09-29 17:00:00,0.0,164.0161654332645,0.0,24.317314118499663,138.44392428536355,53.48519361290359,0.0,0
2030-09-29 18:00:00,0.0,164.0161654332645,0.0,79.53213226337617,76.69911733549557,76.87905585240385,0.0,0
2030-09-29 19:00:00,0.0,164.0161654332645,0.0,99.9999999999999,13.66690021791408,95.96233653484205,0.0,0
2030-09-29 20:00:00,0.0,164.0161654332645,0.0,99.9999999999999,0.0,105.99450406610218,0.0,0
2030-09-29 21:00:00,0.0,164.0161654332645,0.0,99.9999999999999,0.0,113.64569398666627,0.0,0
2030-09-29 22:00:00,0.0,164.0161654332645,0.0,99.9999999999999,0.0,129.22362599930852,0.0,0
2030-09-29 23:00:00,0.0,164.0161654332645,0.0,99.9999999999999,0.0,140.1430271980976,0.0,0
2030-09-30 00:00:00,0.0,164.0161654332645,0.0,99.9999999999999,0.0,128.24922033113972,0.0,0
2030-09-30 01:00:00,0.0,164.0161654332645,0.0,99.9999999999999,0.0,107.36339997445452,0.0,0
2030-09-30 02:00:00,0.0,164.0161654332645,0.0,99.9999999999999,0.0,109.91946033219826,0.0,0
2030-09-30 03:00:00,0.0,164.0161654332645,0.0,99.9999999999999,0.0,119.70636426843784,0.0,0
2030-09-30 04:00:00,0.0,164.0161654332645,0.0,99.9999999999999,0.0,131.03355313123689,0.0,0
2030-09-30 05:00:00,0.0,164.0161654332645,0.0,99.9999999999999,0.0,132.1712216141633,0.0,0
2030-09-30 06:00:00,0.0,164.0161654332645,0.0,99.9999999999999,0.0,120.12227813589728,0.0,0
2030-09-30 07:00:00,0.0,164.0161654332645,0.0,99.9999999999999,0.0,97.68509166613059,0.0,0
2030-09-30 08:00:00,0.0,164.0161654332645,0.0,99.9999999999999,16.74343186869993,69.146603897345,0.0,0
2030-09-30 09:00:00,0.0,164.0161654332645,0.0,97.48139207117919,73.13684866830675,67.96461066833055,0.0,0
2030-09-30 10:00:00,0.0,164.0161654332645,0.0,13.853120295264375,139.76269141028695,67.59523778426355,0.0,0
2030-09-30 11:00:00,0.0,164.0161654332645,0.0,0.0,187.71398703199696,48.90496985047263,0.0,0
2030-09-30 12:00:00,0.0,164.0161654332645,0.0,0.0,222.4758364823668,44.767993548922085,0.0,0
2030-09-30 13:00:00,0.0,164.0161654332645,0.0,0.0,238.8080780631252,42.10850878363958,0.0,0
2030-09-30 14:00:00,0.0,164.0161654332645,0.0,0.0,239.17667022051745,40.77876640099833,0.0,0
2030-09-30 15:00:00,0.0,164.0161654332645,0.0,0.0,221.02572512158292,37.158912137141584,0.0,0
2030-09-30 16:00:00,0.0,164.0161654332645,0.0,34.88911334958641,183.7162708080816,31.987691760203383,0.0,0
2030-09-30 17:00:00,0.0,164.0161654332645,0.0,99.17951734425667,130.94842823078548,27.185844267332207,0.0,0
2030-09-30 18:00:00,0.0,164.0161654332645,0.0,99.9999999999999,71.94765085713765,25.78222730787755,0.0,0
2030-09-30 19:00:00,0.0,164.0161654332645,0.0,99.9999999999999,13.489408007291814,29.771454455801308,0.0,0
2030-09-30 20:00:00,0.0,164.0161654332645,0.0,99.9999999999999,0.0,29.475956148547688,0.0,0
2030-09-30 21:00:00,0.0,164.0161654332645,0.0,99.9999999999999,0.0,27.629091728212636,0.0,0
2030-09-30 22:00:00,0.0,164.0161654332645,0.0,99.9999999999999,0.0,30.657949377562137,0.0,0
2030-09-30 23:00:00,0.0,164.0161654332645,0.0,99.9999999999999,0.0,37.3066612907684,0.0,0
2030-10-01 00:00:00,0.0,164.0161654332645,0.0,99.9999999999999,0.0,57.91766822170775,0.0,0
2030-10-01 01:00:00,0.0,164.0161654332645,0.0,99.9999999999999,0.0,75.8832265569592,0.0,0
2030-10-01 02:00:00,0.0,164.0161654332645,0.0,99.9999999999999,0.0,87.80141203426545,0.0,0
2030-10-01 03:00:00,0.0,164.0161654332645,0.0,99.9999999999999,0.0,85.26677530379762,0.0,0
2030-10-01 04:00:00,0.0,164.0161654332645,0.0,99.9999999999999,0.0,78.81530851068315,0.0,0
2030-10-01 05:00:00,0.0,164.0161654332645,0.0,99.9999999999999,0.0,66.63486828568931,0.0,0
2030-10-01 06:00:00,0.0,164.0161654332645,0.0,99.9999999999999,0.0,57.40054618401393,0.0,0
2030-10-01 07:00:00,0.0,164.0161654332645,0.0,99.9999999999999,0.0,49.495966464979865,0.0,0
2030-10-01 08:00:00,0.0,164.0161654332645,0.0,99.9999999999999,17.749221062226074,41.59138674594576,0.0,0
2030-10-01 09:00:00,0.0,164.0161654332645,0.0,99.9999999999999,80.33829929395398,48.1662240823386,0.0,0
2030-10-01 10:00:00,0.0,164.0161654332645,0.0,19.165344481509976,143.8811023374255,54.445563111477846,0.0,0
2030-10-01 11:00:00,0.0,164.0161654332645,0.0,0.0,195.27929668941985,58.43479025940158,0.0,0
2030-10-01 12:00:00,0.0,164.0161654332645,0.0,0.0,224.83707452434487,65.82224794074186,0.0,0
2030-10-01 13:00:00,0.0,164.0161654332645,0.0,0.0,237.50291867434953,77.25655493992035,0.0,0
2030-10-01 14:00:00,0.0,164.0161654332645,0.0,0.0,238.04604483885365,87.07153121534903,0.0,0
2030-10-01 15:00:00,0.0,164.0161654332645,0.0,0.0,223.5023331004656,91.078488261708,0.0,0
2030-10-01 16:00:00,0.0,164.0161654332645,0.0,0.0,188.23877233473684,90.69729544535086,0.0,0
2030-10-01 17:00:00,0.0,164.0161654332645,0.0,16.011269519482084,141.1128154924203,83.20641335647177,0.0,0
2030-10-01 18:00:00,0.0,164.0161654332645,0.0,99.9999999999999,76.22521313313412,74.37101396958883,0.0,0
2030-10-01 19:00:00,0.0,164.0161654332645,0.0,99.9999999999999,13.489408007291814,58.58253941302839,0.0,0
2030-10-01 20:00:00,0.0,164.0161654332645,0.0,99.9999999999999,0.0,38.78415282703642,0.0,0
2030-10-01 21:00:00,0.0,164.0161654332645,0.0,99.9999999999999,0.0,25.191230693370343,0.0,0
2030-10-01 22:00:00,0.0,164.0161654332645,0.0,99.9999999999999,0.0,23.270491696221853,0.0,0
2030-10-01 23:00:00,0.0,164.0161654332645,0.0,99.9999999999999,0.0,39.59677317198388,0.0,0
2030-10-02 00:00:00,0.0,164.0161654332645,0.0,99.9999999999999,0.0,52.37707496070255,0.0,0
2030-10-02 01:00:00,0.0,164.0161654332645,0.0,99.9999999999999,0.0,63.162763175459354,0.0,0
2030-10-02 02:00:00,0.0,164.0161654332645,0.0,99.9999999999999,0.0,78.58481983102531,0.0,0
2030-10-02 03:00:00,0.0,164.0161654332645,0.0,99.9999999999999,0.0,88.67017705759106,0.0,0
2030-10-02 04:00:00,0.0,164.0161654332645,0.0,99.9999999999999,0.0,99.8710403940392,0.0,0
2030-10-02 05:00:00,0.0,164.0161654332645,0.0,99.9999999999999,0.0,107.45500444970313,0.0,0
2030-10-02 06:00:00,0.0,164.0161654332645,0.0,99.9999999999999,0.0,103.88242991500697,0.0,0
2030-10-02 07:00:00,0.0,164.0161654332645,0.0,99.9999999999999,0.0,92.30480623681049,0.0,0
2030-10-02 08:00:00,0.0,164.0161654332645,0.0,99.9999999999999,17.63089292181123,67.22586490019653,0.0,0
2030-10-02 09:00:00,0.0,164.0161654332645,0.0,92.97062841031823,79.50171934122106,61.46364790875111,0.0,0
2030-10-02 10:00:00,0.0,164.0161654332645,0.0,14.655425270886496,142.83863142037072,58.58253941302839,0.0,0
2030-10-02 11:00:00,0.0,164.0161654332645,0.0,0.0,189.86164278052635,52.22932580707575,0.0,0
2030-10-02 12:00:00,0.0,164.0161654332645,0.0,0.0,228.76556878611768,48.90496985047263,0.0,0
2030-10-02 13:00:00,0.0,164.0161654332645,0.0,0.0,244.6730123427868,51.63832919256853,0.0,0
2030-10-02 14:00:00,0.0,164.0161654332645,0.0,0.0,243.6423742397735,49.27434273453965,0.0,0
2030-10-02 15:00:00,0.0,164.0161654332645,0.0,0.0,226.26943666406663,40.557142670558115,0.0,0
2030-10-02 16:00:00,0.0,164.0161654332645,0.0,7.499923575587445,192.89261809725247,33.908430757351844,0.0,0
2030-10-02 17:00:00,0.0,164.0161654332645,0.0,75.73701781724532,142.1120966382236,24.304735771609515,0.0,0
2030-10-02 18:00:00,0.0,164.0161654332645,0.0,99.9999999999999,73.75038007635771,18.69026793379089,0.0,0
2030-10-02 19:00:00,0.0,164.0161654332645,0.0,99.9999999999999,13.607736147706659,12.780301788718669,0.0,0
2030-10-02 20:00:00,0.0,164.0161654332645,0.0,99.9999999999999,0.0,9.751444139369143,0.0,0
2030-10-02 21:00:00,0.0,164.0161654332645,0.0,99.9999999999999,0.0,10.194691600249568,0.0,0
2030-10-02 22:00:00,0.0,164.0161654332645,0.0,99.9999999999999,0.0,7.461332258153659,0.0,0
2030-10-02 23:00:00,0.0,164.0161654332645,0.0,99.9999999999999,0.0,9.825318716182547,0.0,0
2030-10-03 00:00:00,0.0,164.0161654332645,0.0,99.9999999999999,0.0,15.809159438068171,0.0,0
2030-10-03 01:00:00,0.0,164.0161654332645,0.0,99.9999999999999,0.0,18.17314589609708,0.0,0
2030-10-03 02:00:00,0.0,164.0161654332645,0.0,99.9999999999999,0.0,21.05425439181977,0.0,0
2030-10-03 03:00:00,0.0,164.0161654332645,0.0,99.9999999999999,0.0,21.64525100632701,0.0,0
2030-10-03 04:00:00,0.0,164.0161654332645,0.0,99.9999999999999,0.0,19.576762855551717,0.0,0
2030-10-03 05:00:00,0.0,164.0161654332645,0.0,99.9999999999999,0.0,17.286650974336233,0.0,0
2030-10-03 06:00:00,0.0,164.0161654332645,0.0,99.9999999999999,0.0,16.47403062938881,0.0,0
2030-10-03 07:00:00,0.0,164.0161654332645,0.0,99.9999999999999,0.0,14.774915362680535,0.0,0
2030-10-03 08:00:00,0.0,164.0161654332645,0.0,99.9999999999999,20.411604221560005,12.410928904651646,0.0,0
2030-10-03 09:00:00,0.0,164.0161654332645,0.0,99.9999999999999,85.9523779159361,7.158446493218727,0.0,0
2030-10-03 10:00:00,0.0,164.0161654332645,0.0,60.71550705805162,148.60949482840252,12.928050942345479,0.0,0
2030-10-03 11:00:00,0.0,164.0161654332645,0.0,23.75859719963563,197.0412027001968,14.922664516307345,0.0,0
2030-10-03 12:00:00,0.0,164.0161654332645,0.0,0.0,228.32657138517857,16.104657745321788,0.0,0
2030-10-03 13:00:00,0.0,164.0161654332645,0.0,0.0,243.46606531055545,17.729898435216658,0.0,0
2030-10-03 14:00:00,0.0,164.0161654332645,0.0,0.0,242.39992876541763,20.98037981500637,0.0,0
2030-10-03 15:00:00,0.0,164.0161654332645,0.0,0.0,224.84476585347193,27.481342574585828,0.0,0
2030-10-03 16:00:00,0.0,164.0161654332645,0.0,3.090830746751294,191.49575439965528,38.04540705890241,0.0,0
2030-10-03 17:00:00,0.0,164.0161654332645,0.0,48.0028424956364,141.11636533663275,53.41131903609018,0.0,0
2030-10-03 18:00:00,0.0,164.0161654332645,0.0,99.9999999999999,76.08972741235912,69.2204784741584,0.0,0
2030-10-03 19:00:00,0.0,164.0161654332645,0.0,99.9999999999999,13.37107986687697,73.50520392933576,0.0,0
2030-10-03 20:00:00,0.0,164.0161654332645,0.0,99.9999999999999,0.0,70.69797001042645,0.0,0
2030-10-03 21:00:00,0.0,164.0161654332645,0.0,99.9999999999999,0.0,63.67988521315316,0.0,0
2030-10-03 22:00:00,0.0,164.0161654332645,0.0,99.9999999999999,0.0,76.23856327143166,0.0,0
2030-10-03 23:00:00,0.0,164.0161654332645,0.0,99.9999999999999,0.0,61.5375224855645,0.0,0
2030-10-04 00:00:00,0.0,164.0161654332645,0.0,99.9999999999999,0.0,51.34283088531491,0.0,0
2030-10-04 01:00:00,0.0,164.0161654332645,0.0,99.9999999999999,0.0,41.44363759231894,0.0,0
2030-10-04 02:00:00,0.0,164.0161654332645,0.0,99.9999999999999,0.0,35.903044331313744,0.0,0
2030-10-04 03:00:00,0.0,164.0161654332645,0.0,99.9999999999999,0.0,31.47056972250956,0.0,0
2030-10-04 04:00:00,0.0,164.0161654332645,0.0,99.9999999999999,0.0,28.81108495722708,0.0,0
2030-10-04 05:00:00,0.0,164.0161654332645,0.0,99.9999999999999,0.0,24.526359502049704,0.0,0
2030-10-04 06:00:00,0.0,164.0161654332645,0.0,99.9999999999999,0.0,18.764142510604287,0.0,0
2030-10-04 07:00:00,0.0,164.0161654332645,0.0,99.9999999999999,0.0,13.445172980039281,0.0,0
2030-10-04 08:00:00,0.0,164.0161654332645,0.0,99.9999999999999,16.506775587870244,5.75482953376407,0.0,0
2030-10-04 09:00:00,0.0,164.0161654332645,0.0,99.9999999999999,74.51063837852308,4.166526132275902,0.0,0
2030-10-04 10:00:00,0.0,164.0161654332645,0.0,74.37793102379486,129.1711395617546,8.421701756727916,0.0,0
2030-10-04 11:00:00,0.0,164.0161654332645,0.0,32.352433145691975,184.3824582386172,8.126203449474298,0.0,0
2030-10-04 12:00:00,0.0,164.0161654332645,0.0,0.0,220.47313270584564,8.273952603101106,0.0,0
2030-10-04 13:00:00,0.0,164.0161654332645,0.0,0.0,240.95395888954835,10.711813637943399,0.0,0
2030-10-04 14:00:00,0.0,164.0161654332645,0.0,0.0,242.8744246084812,14.70104078586713,0.0,0
2030-10-04 15:00:00,0.0,164.0161654332645,0.0,0.0,225.2328821540326,19.05964081785791,0.0,0
2030-10-04 16:00:00,0.0,164.0161654332645,0.0,11.950011175156703,192.08739510172947,22.97499338896824,0.0,0
2030-10-04 17:00:00,0.0,164.0161654332645,0.0,66.40709244341065,141.51631445123493,30.953447684815757,0.0,0
2030-10-04 18:00:00,0.0,164.0161654332645,0.0,99.9999999999999,77.04404386480482,41.813010476385955,0.0,0
2030-10-04 19:00:00,0.0,164.0161654332645,0.0,99.9999999999999,13.193587656254705,51.268956308501515,0.0,0
2030-10-04 20:00:00,0.0,164.0161654332645,0.0,99.9999999999999,0.0,46.68873254607053,0.0,0
2030-10-04 21:00:00,0.0,164.0161654332645,0.0,99.9999999999999,0.0,33.39130871965805,0.0,0
2030-10-04 22:00:00,0.0,164.0161654332645,0.0,99.9999999999999,0.0,34.94267483273951,0.0,0
2030-10-04 23:00:00,0.0,164.0161654332645,0.0,99.9999999999999,0.0,36.12466806175396,0.0,0
2030-10-05 00:00:00,0.0,164.0161654332645,0.0,99.9999999999999,0.0,36.56791552263436,0.0,0
2030-10-05 01:00:00,0.0,164.0161654332645,0.0,99.9999999999999,0.0,35.53367144724672,0.0,0
2030-10-05 02:00:00,0.0,164.0161654332645,0.0,99.9999999999999,0.0,33.83455618053847,0.0,0
2030-10-05 03:00:00,0.0,164.0161654332645,0.0,99.9999999999999,0.0,29.697579878987906,0.0,0
2030-10-05 04:00:00,0.0,164.0161654332645,0.0,99.9999999999999,0.0,24.600234078863114,0.0,0
2030-10-05 05:00:00,0.0,164.0161654332645,0.0,99.9999999999999,0.0,21.71912558314041,0.0,0
2030-10-05 06:00:00,0.0,164.0161654332645,0.0,99.9999999999999,0.0,19.13351539467132,0.0,0
2030-10-05 07:00:00,0.0,164.0161654332645,0.0,99.9999999999999,0.0,17.286650974336233,0.0,0
2030-10-05 08:00:00,0.0,164.0161654332645,0.0,99.9999999999999,19.583307238656126,9.382071255302144,0.0,0
2030-10-05 09:00:00,0.0,164.0161654332645,0.0,99.9999999999999,82.79124164475361,3.981839690242392,0.0,0
2030-10-05 10:00:00,0.0,164.0161654332645,0.0,92.88803578800888,140.7933295133002,5.599692922455921,0.0,0
2030-10-05 11:00:00,0.0,164.0161654332645,0.0,28.3092145182614,193.69429124856308,5.5405932610051964,0.0,0
2030-10-05 12:00:00,0.0,164.0161654332645,0.0,8.28036562310109,229.7216601606696,7.7568305654072764,0.0,0
2030-10-05 13:00:00,0.0,164.0161654332645,0.0,8.28036562310109,247.2046429069623,10.933437368383611,0.0,0
2030-10-05 14:00:00,0.0,164.0161654332645,0.0,8.28036562310109,243.5855767323744,15.365911977187771,0.0,0
2030-10-05 15:00:00,0.0,164.0161654332645,0.0,8.28036562310109,219.07212752333396,15.365911977187771,0.0,0
2030-10-05 16:00:00,0.0,164.0161654332645,0.0,44.70161968230548,186.557921100144,15.144288246747555,0.0,0
2030-10-05 17:00:00,0.0,164.0161654332645,0.0,86.62029210612855,127.55063567877335,32.504813797897214,0.0,0
2030-10-05 18:00:00,0.0,164.0161654332645,0.0,99.9999999999999,68.35165866993061,63.67988521315316,0.0,0
2030-10-05 19:00:00,0.0,164.0161654332645,0.0,99.9999999999999,11.83281404148406,76.08490415165977,0.0,0
2030-10-05 20:00:00,0.0,164.0161654332645,0.0,99.9999999999999,0.0,71.14121747130687,0.0,0
2030-10-05 21:00:00,0.0,164.0161654332645,0.0,99.9999999999999,0.0,62.20239367688512,0.0,0
2030-10-05 22:00:00,0.0,164.0161654332645,0.0,99.9999999999999,0.0,43.733749473534445,0.0,0
2030-10-05 23:00:00,0.0,164.0161654332645,0.0,99.9999999999999,0.0,48.68334612003241,0.0,0
2030-10-06 00:00:00,0.0,164.0161654332645,0.0,99.9999999999999,0.0,45.72836304749632,0.0,0
2030-10-06 01:00:00,0.0,164.0161654332645,0.0,99.9999999999999,0.0,43.586000319907605,0.0,0
2030-10-06 02:00:00,0.0,164.0161654332645,0.0,99.9999999999999,0.0,45.506739317056095,0.0,0
2030-10-06 03:00:00,0.0,164.0161654332645,0.0,99.9999999999999,0.0,45.506739317056095,0.0,0
2030-10-06 04:00:00,0.0,164.0161654332645,0.0,99.9999999999999,0.0,43.14275285902722,0.0,0
2030-10-06 05:00:00,0.0,164.0161654332645,0.0,99.9999999999999,0.0,41.22201386187875,0.0,0
2030-10-06 06:00:00,0.0,164.0161654332645,0.0,99.9999999999999,0.0,43.65987489672104,0.0,0
2030-10-06 07:00:00,0.0,164.0161654332645,0.0,99.9999999999999,0.0,44.91574270254886,0.0,0
2030-10-06 08:00:00,0.0,164.0161654332645,0.0,99.9999999999999,19.64247130886355,38.78415282703642,0.0,0
2030-10-06 09:00:00,0.0,164.0161654332645,0.0,99.9999999999999,82.71906147910057,33.76068160372507,0.0,0
2030-10-06 10:00:00,0.0,164.0161654332645,0.0,33.97064639945688,141.1554136229696,29.180457841294075,0.0,0
2030-10-06 11:00:00,0.0,164.0161654332645,0.0,0.0,181.6431617880136,27.185844267332207,0.0,0
2030-10-06 12:00:00,0.0,164.0161654332645,0.0,0.0,215.07263637731228,28.14621376590644,0.0,0
2030-10-06 13:00:00,0.0,164.0161654332645,0.0,0.0,235.85519931907288,26.668722229638405,0.0,0
2030-10-06 14:00:00,0.0,164.0161654332645,0.0,0.0,237.64432080214524,31.322820568882772,0.0,0
2030-10-06 15:00:00,0.0,164.0161654332645,0.0,0.0,212.5469222201575,37.60215959802199,0.0,0
2030-10-06 16:00:00,0.0,164.0161654332645,0.0,0.0,185.11135958357255,58.508664836214976,0.0,0
2030-10-06 17:00:00,0.0,164.0161654332645,0.0,10.99679948397329,134.38526906913452,89.99031574524659,0.0,0
2030-10-06 18:00:00,0.0,164.0161654332645,0.0,82.78340659265734,66.90154730914674,98.77769665720083,0.0,0
2030-10-06 19:00:00,0.0,164.0161654332645,0.0,99.9999999999999,10.649532637335652,98.39724258661182,0.0,0
2030-10-06 20:00:00,0.0,164.0161654332645,0.0,99.9999999999999,0.0,84.79914923256878,0.0,0
2030-10-06 21:00:00,0.0,164.0161654332645,0.0,99.9999999999999,0.0,70.91959374086665,0.0,0
2030-10-06 22:00:00,0.0,164.0161654332645,0.0,99.9999999999999,0.0,64.86187844216762,0.0,0
2030-10-06 23:00:00,0.0,164.0161654332645,0.0,99.9999999999999,0.0,61.31589875512429,0.0,0
2030-10-07 00:00:00,0.0,164.0161654332645,0.0,99.9999999999999,0.0,53.41131903609018,0.0,0
2030-10-07 01:00:00,0.0,164.0161654332645,0.0,99.9999999999999,0.0,48.4617223895922,0.0,0
2030-10-07 02:00:00,0.0,164.0161654332645,0.0,99.9999999999999,0.0,47.79685119827159,0.0,0
2030-10-07 03:00:00,0.0,164.0161654332645,0.0,99.9999999999999,0.0,51.04733257806129,0.0,0
2030-10-07 04:00:00,0.0,164.0161654332645,0.0,99.9999999999999,0.0,54.15006480422424,0.0,0
2030-10-07 05:00:00,0.0,164.0161654332645,0.0,99.9999999999999,0.0,56.366302108626314,0.0,0
2030-10-07 06:00:00,0.0,164.0161654332645,0.0,99.9999999999999,0.0,56.51405126225312,0.0,0
2030-10-07 07:00:00,0.0,164.0161654332645,0.0,99.9999999999999,0.0,55.62755634049229,0.0,0
2030-10-07 08:00:00,0.0,164.0161654332645,0.0,99.9999999999999,20.05661980031547,44.47249524166847,0.0,0
2030-10-07 09:00:00,0.0,164.0161654332645,0.0,99.9999999999999,81.04945141784717,42.03463420682617,0.0,0
2030-10-07 10:00:00,0.0,164.0161654332645,0.0,54.077606011879425,119.20140209110215,41.074264708251945,0.0,0
2030-10-07 11:00:00,0.0,164.0161654332645,0.0,35.224321121801495,153.71417080589876,39.670647748797286,0.0,0
2030-10-07 12:00:00,0.0,164.0161654332645,0.0,22.577710205029348,168.8081083972158,42.10850878363958,0.0,0
2030-10-07 13:00:00,0.0,164.0161654332645,0.0,0.0,194.46046595774916,52.08157665344896,0.0,0
2030-10-07 14:00:00,0.0,164.0161654332645,0.0,0.0,209.0686665326633,65.52674963348825,0.0,0
2030-10-07 15:00:00,0.0,164.0161654332645,0.0,0.0,201.547729927896,86.25447839579279,0.0,0
2030-10-07 16:00:00,0.0,164.0161654332645,0.0,0.0,169.77070781949055,111.19084179915691,0.0,0
2030-10-07 17:00:00,0.0,164.0161654332645,0.0,13.71575147934226,112.98148339019606,113.15295055932089,0.0,0
2030-10-07 18:00:00,0.0,164.0161654332645,0.0,99.9999999999999,54.01679609937474,93.994317808533,0.0,0
2030-10-07 19:00:00,0.0,164.0161654332645,0.0,99.9999999999999,7.099688424890423,71.36284120174707,0.0,0
2030-10-07 20:00:00,0.0,164.0161654332645,0.0,99.9999999999999,0.0,59.98615637248304,0.0,0
2030-10-07 21:00:00,0.0,164.0161654332645,0.0,99.9999999999999,0.0,52.820322421582965,0.0,0
2030-10-07 22:00:00,0.0,164.0161654332645,0.0,99.9999999999999,0.0,26.668722229638405,0.0,0
2030-10-07 23:00:00,0.0,164.0161654332645,0.0,99.9999999999999,0.0,27.776840881839444,0.0,0
2030-10-08 00:00:00,0.0,164.0161654332645,0.0,99.9999999999999,0.0,29.10658326448067,0.0,0
2030-10-08 01:00:00,0.0,164.0161654332645,0.0,99.9999999999999,0.0,30.731823954375542,0.0,0
2030-10-08 02:00:00,0.0,164.0161654332645,0.0,99.9999999999999,0.0,36.19854263856736,0.0,0
2030-10-08 03:00:00,0.0,164.0161654332645,0.0,99.9999999999999,0.0,32.80031210515081,0.0,0
2030-10-08 04:00:00,0.0,164.0161654332645,0.0,99.9999999999999,0.0,29.10658326448067,0.0,0
2030-10-08 05:00:00,0.0,164.0161654332645,0.0,99.9999999999999,0.0,24.526359502049704,0.0,0
2030-10-08 06:00:00,0.0,164.0161654332645,0.0,99.9999999999999,0.0,24.37861034842292,0.0,0
2030-10-08 07:00:00,0.0,164.0161654332645,0.0,99.9999999999999,0.0,29.25433241810748,0.0,0
2030-10-08 08:00:00,0.0,164.0161654332645,0.0,99.9999999999999,15.678478604966363,23.935362887542492,0.0,0
2030-10-08 09:00:00,0.0,164.0161654332645,0.0,99.9999999999999,78.22200050263454,18.61639335697748,0.0,0
2030-10-08 10:00:00,0.0,164.0161654332645,0.0,74.55489228716374,135.53364367186057,7.461332258153659,0.0,0
2030-10-08 11:00:00,0.0,164.0161654332645,0.0,52.55053577989009,184.69780273282268,2.3270491696221853,0.0,0
2030-10-08 12:00:00,0.0,164.0161654332645,0.0,52.55053577989009,215.72521607170012,0.2275336965852802,0.0,0
2030-10-08 13:00:00,0.0,164.0161654332645,0.0,52.55053577989009,221.68599614509776,0.2068488150775062,0.0,0
2030-10-08 14:00:00,0.0,164.0161654332645,0.0,52.55053577989008,209.67805645579972,2.5486729000623725,0.0,0
2030-10-08 15:00:00,0.0,164.0161654332645,0.0,52.55053577989008,186.59874430858713,7.609081411780467,0.0,0
2030-10-08 16:00:00,0.0,164.0161654332645,0.0,64.42590981241523,158.1899327170901,12.04155602058465,0.0,0
2030-10-08 17:00:00,0.0,164.0161654332645,0.0,99.9999999999999,96.80602659548737,12.63255263509186,0.0,0
2030-10-08 18:00:00,0.0,164.0161654332645,0.0,99.9999999999999,44.07723230452813,21.12812896863318,0.0,0
2030-10-08 19:00:00,0.0,164.0161654332645,0.0,99.9999999999999,5.803995287347911,27.702966305026013,0.0,0
2030-10-08 20:00:00,0.0,164.0161654332645,0.0,99.9999999999999,0.0,29.40208157173429,0.0,0
2030-10-08 21:00:00,0.0,164.0161654332645,0.0,99.9999999999999,0.0,19.429013701924905,0.0,0
2030-10-08 22:00:00,0.0,164.0161654332645,0.0,99.9999999999999,0.0,0.576221699144528,0.0,0
2030-10-08 23:00:00,0.0,164.0161654332645,0.0,99.9999999999999,0.0,2.733359342095884,0.0,0
2030-10-09 00:00:00,0.0,164.0161654332645,0.0,99.9999999999999,0.0,4.329050201265392,0.0,0
2030-10-09 01:00:00,0.0,164.0161654332645,0.0,99.9999999999999,0.0,2.4009237464355895,0.0,0
2030-10-09 02:00:00,0.0,164.0161654332645,0.0,99.9999999999999,0.0,1.351904755685248,0.0,0
2030-10-09 03:00:00,0.0,164.0161654332645,0.0,99.9999999999999,0.0,4.136976301550541,0.0,0
2030-10-09 04:00:00,0.0,164.0161654332645,0.0,99.9999999999999,0.0,16.843403513455833,0.0,0
2030-10-09 05:00:00,0.0,164.0161654332645,0.0,99.9999999999999,0.0,13.149674672785688,0.0,0
2030-10-09 06:00:00,0.0,164.0161654332645,0.0,99.9999999999999,0.0,4.151751216913222,0.0,0
2030-10-09 07:00:00,0.0,164.0161654332645,0.0,99.9999999999999,0.0,2.090650523819292,0.0,0
2030-10-09 08:00:00,0.0,164.0161654332645,0.0,99.9999999999999,15.382658253929256,0.3124894599206693,0.0,0
2030-10-09 09:00:00,0.0,164.0161654332645,0.0,99.9999999999999,62.11103254445193,0.0634582614826946,0.0,0
2030-10-09 10:00:00,0.0,164.0161654332645,0.0,99.9999999999999,116.33076140463812,0.997306786980933,0.0,0
2030-10-09 11:00:00,0.0,164.0161654332645,0.0,73.08608406554664,176.07049801517667,1.1598308559704225,0.0,0
2030-10-09 12:00:00,0.0,164.0161654332645,0.0,73.08608406554664,208.17114758761676,2.075875608456611,0.0,0
2030-10-09 13:00:00,0.0,164.0161654332645,0.0,73.08608406554664,209.5839855841699,3.435167821823225,0.0,0
2030-10-09 14:00:00,0.0,164.0161654332645,0.0,73.08608406554664,203.8699196835373,8.79107464079491,0.0,0
2030-10-09 15:00:00,0.0,164.0161654332645,0.0,73.08608406554664,169.02997366049365,7.83070514222068,0.0,0
2030-10-09 16:00:00,0.0,164.0161654332645,0.0,99.9999999999999,113.35776687671527,1.9355139125111425,0.0,0
2030-10-09 17:00:00,0.0,164.0161654332645,0.0,99.9999999999999,53.0110069058486,0.0066856492016129,0.0,0
2030-10-09 18:00:00,0.0,164.0161654332645,0.0,99.9999999999999,10.945352988372727,0.2356599000347443,0.0,0
2030-10-09 19:00:00,0.0,164.0161654332645,0.0,99.9999999999999,2.3133151451101055,0.5961678348841523,0.0,0
2030-10-09 20:00:00,0.0,164.0161654332645,0.0,99.9999999999999,0.0,0.234182408498471,0.0,0
2030-10-09 21:00:00,0.0,164.0161654332645,0.0,99.9999999999999,0.0,0.4528511558661375,0.0,0
2030-10-09 22:00:00,0.0,164.0161654332645,0.0,99.9999999999999,0.0,0.1300192551915813,0.0,0
2030-10-09 23:00:00,0.0,164.0161654332645,0.0,99.9999999999999,0.0,0.0250434815397435,0.0,0
2030-10-10 00:00:00,0.0,164.0161654332645,0.0,99.9999999999999,0.0,1.9502888278738233,0.0,0
2030-10-10 01:00:00,0.0,164.0161654332645,0.0,99.9999999999999,0.0,0.9677569562555712,0.0,0
2030-10-10 02:00:00,0.0,164.0161654332645,0.0,99.9999999999999,0.0,0.2925433241810709,0.0,0
2030-10-10 03:00:00,0.0,164.0161654332645,0.0,99.9999999999999,0.0,0.0133712984032259,0.0,0
2030-10-10 04:00:00,0.0,164.0161654332645,0.0,99.9999999999999,0.0,0.1322354924959782,0.0,0
2030-10-10 05:00:00,0.0,164.0161654332645,0.0,99.9999999999999,0.0,1.403616959454631,0.0,0
2030-10-10 06:00:00,0.0,164.0161654332645,0.0,99.9999999999999,0.0,0.9086572948048478,0.0,0
2030-10-10 07:00:00,0.0,164.0161654332645,0.0,99.9999999999999,0.0,0.2142362727588466,0.0,0
2030-10-10 08:00:00,0.0,164.0161654332645,0.0,99.9999999999999,9.525415303394665,0.3656791552263256,0.0,0
2030-10-10 09:00:00,0.0,164.0161654332645,0.0,99.9999999999999,50.821936308174045,0.2304886796578008,0.0,0
2030-10-10 10:00:00,0.0,164.0161654332645,0.0,99.9999999999999,111.545571406262,0.1684340351345567,0.0,0
2030-10-10 11:00:00,0.0,164.0161654332645,0.0,86.62334253759423,161.79124967061574,1.2263179751024607,0.0,0
2030-10-10 12:00:00,0.0,164.0161654332645,0.0,86.62334253759423,189.77703816012976,1.2041556020584652,0.0,0
2030-10-10 13:00:00,0.0,164.0161654332645,0.0,86.62334253759423,191.7229444292518,1.1376684829264012,0.0,0
2030-10-10 14:00:00,0.0,164.0161654332645,0.0,86.62334253759423,159.63590259295947,0.9234322101675286,0.0,0
2030-10-10 15:00:00,0.0,164.0161654332645,0.0,99.9999999999999,108.53589515481052,0.0805232887265951,0.0,0
2030-10-10 16:00:00,0.0,164.0161654332645,0.0,99.9999999999999,66.7335213497577,0.0066856492016129,0.0,0
2030-10-10 17:00:00,0.0,164.0161654332645,0.0,99.9999999999999,37.45085644129704,0.0,0.0,0
2030-10-10 18:00:00,0.0,164.0161654332645,0.0,99.9999999999999,16.210955236833165,0.0,0.0,0
2030-10-10 19:00:00,0.0,164.0161654332645,0.0,99.9999999999999,1.6388447447455268,0.050160837656287,0.0,0
2030-10-10 20:00:00,0.0,164.0161654332645,0.0,99.9999999999999,0.0,0.8864949217608264,0.0,0
2030-10-10 21:00:00,0.0,164.0161654332645,0.0,99.9999999999999,0.0,5.459331226510452,0.0,0
2030-10-10 22:00:00,0.0,164.0161654332645,0.0,99.9999999999999,0.0,0.2038938320049856,0.0,0
2030-10-10 23:00:00,0.0,164.0161654332645,0.0,99.9999999999999,0.0,0.4794460035189787,0.0,0
2030-10-11 00:00:00,0.0,164.0161654332645,0.0,99.9999999999999,0.0,1.2632552635091627,0.0,0
2030-10-11 01:00:00,0.0,164.0161654332645,0.0,99.9999999999999,0.0,20.389383200499164,0.0,0
2030-10-11 02:00:00,0.0,164.0161654332645,0.0,99.9999999999999,0.0,38.85802740384984,0.0,0
2030-10-11 03:00:00,0.0,164.0161654332645,0.0,99.9999999999999,0.0,40.63101724737152,0.0,0
2030-10-11 04:00:00,0.0,164.0161654332645,0.0,99.9999999999999,0.0,31.76606802976317,0.0,0
2030-10-11 05:00:00,0.0,164.0161654332645,0.0,99.9999999999999,0.0,26.668722229638405,0.0,0
2030-10-11 06:00:00,0.0,164.0161654332645,0.0,99.9999999999999,0.0,28.884959534040483,0.0,0
2030-10-11 07:00:00,0.0,164.0161654332645,0.0,99.9999999999999,0.0,28.072339189093036,0.0,0
2030-10-11 08:00:00,0.0,164.0161654332645,0.0,99.9999999999999,7.691329126964611,42.625630821333374,0.0,0
2030-10-11 09:00:00,0.0,164.0161654332645,0.0,99.9999999999999,31.53444942055503,40.04002063286428,0.0,0
2030-10-11 10:00:00,0.0,164.0161654332645,0.0,99.9999999999999,52.00521771232246,17.508274704776447,0.0,0
2030-10-11 11:00:00,0.0,164.0161654332645,0.0,99.9999999999999,95.9789128939876,20.61100693093937,0.0,0
2030-10-11 12:00:00,0.0,164.0161654332645,0.0,99.9999999999999,126.35552146058345,18.61639335697748,0.0,0
2030-10-11 13:00:00,0.0,164.0161654332645,0.0,99.9999999999999,127.74646875115988,12.26317975102484,0.0,0
2030-10-11 14:00:00,0.0,164.0161654332645,0.0,99.9999999999999,153.4224919397762,2.740746799777224,0.0,0
2030-10-11 15:00:00,0.0,164.0161654332645,0.0,99.9999999999999,139.40770698904245,0.1824702047290879,0.0,0
2030-10-11 16:00:00,0.0,164.0161654332645,0.0,99.9999999999999,109.53517630061384,0.0033391308719658,0.0,0
2030-10-11 17:00:00,0.0,164.0161654332645,0.0,99.9999999999999,64.03504810759723,0.0,0.0,0
2030-10-11 18:00:00,0.0,164.0161654332645,0.0,99.9999999999999,28.280425559146913,0.0,0.0,0
2030-10-11 19:00:00,0.0,164.0161654332645,0.0,99.9999999999999,4.40180682343204,0.0,0.0,0
2030-10-11 20:00:00,0.0,164.0161654332645,0.0,99.9999999999999,0.0,0.0,0.0,0
2030-10-11 21:00:00,0.0,164.0161654332645,0.0,99.9999999999999,0.0,0.0434382511662734,0.0,0
2030-10-11 22:00:00,0.0,164.0161654332645,0.0,99.9999999999999,0.0,0.7756830565407197,0.0,0
2030-10-11 23:00:00,0.0,164.0161654332645,0.0,99.9999999999999,0.0,0.3257868837471028,0.0,0
2030-10-12 00:00:00,0.0,164.0161654332645,0.0,99.9999999999999,0.0,0.0284417120731502,0.0,0
2030-10-12 01:00:00,0.0,164.0161654332645,0.0,99.9999999999999,0.0,1.0342440753876352,0.0,0
2030-10-12 02:00:00,0.0,164.0161654332645,0.0,99.9999999999999,0.0,0.1484878993949323,0.0,0
2030-10-12 03:00:00,0.0,164.0161654332645,0.0,99.9999999999999,0.0,0.0,0.0,0
2030-10-12 04:00:00,0.0,164.0161654332645,0.0,99.9999999999999,0.0,0.0,0.0,0
2030-10-12 05:00:00,0.0,164.0161654332645,0.0,99.9999999999999,0.0,0.0,0.0,0
2030-10-12 06:00:00,0.0,164.0161654332645,0.0,99.9999999999999,0.0,0.0,0.0,0
2030-10-12 07:00:00,0.0,164.0161654332645,0.0,99.9999999999999,0.0,0.0066856492016129,0.0,0
2030-10-12 08:00:00,0.0,164.0161654332645,0.0,99.9999999999999,14.90934569226991,0.1034244075387401,0.0,0
2030-10-12 09:00:00,0.0,164.0161654332645,0.0,99.9999999999999,76.49973441889652,0.1137668482926271,0.0,0
2030-10-12 10:00:00,0.0,164.0161654332645,0.0,99.9999999999999,131.97906633379876,0.0234182408498486,0.0,0
2030-10-12 11:00:00,0.0,164.0161654332645,0.0,99.9999999999999,167.56980440777454,0.1536591197718758,0.0,0
2030-10-12 12:00:00,0.0,164.0161654332645,0.0,99.9999999999999,190.29827361865716,2.297499338896824,0.0,0
2030-10-12 13:00:00,0.0,164.0161654332645,0.0,99.9999999999999,187.7258198460385,3.8045407058902208,0.0,0
2030-10-12 14:00:00,0.0,164.0161654332645,0.0,99.9999999999999,155.56423128128475,2.4304735771609254,0.0,0
2030-10-12 15:00:00,0.0,164.0161654332645,0.0,99.9999999999999,126.46320006836093,1.322354924959886,0.0,0
2030-10-12 16:00:00,0.0,164.0161654332645,0.0,99.9999999999999,86.70080340405998,2.4083112041169303,0.0,0
2030-10-12 17:00:00,0.0,164.0161654332645,0.0,99.9999999999999,62.40862781759527,2.2383996774461004,0.0,0
2030-10-12 18:00:00,0.0,164.0161654332645,0.0,99.9999999999999,19.34665095782644,0.6235014283051172,0.0,0
2030-10-12 19:00:00,0.0,164.0161654332645,0.0,99.9999999999999,1.0767860777750495,0.3856252909659499,0.0,0
2030-10-12 20:00:00,0.0,164.0161654332645,0.0,99.9999999999999,0.0,2.725971884414543,0.0,0
2030-10-12 21:00:00,0.0,164.0161654332645,0.0,99.9999999999999,0.0,4.646710881563031,0.0,0
2030-10-12 22:00:00,0.0,164.0161654332645,0.0,99.9999999999999,0.0,11.819932290144436,0.0,0
2030-10-12 23:00:00,0.0,164.0161654332645,0.0,99.9999999999999,0.0,13.666796710479495,0.0,0
2030-10-13 00:00:00,0.0,164.0161654332645,0.0,99.9999999999999,0.0,17.508274704776447,0.0,0
2030-10-13 01:00:00,0.0,164.0161654332645,0.0,99.9999999999999,0.0,16.769528936642427,0.0,0
2030-10-13 02:00:00,0.0,164.0161654332645,0.0,99.9999999999999,0.0,19.355139125111528,0.0,0
2030-10-13 03:00:00,0.0,164.0161654332645,0.0,99.9999999999999,0.0,24.526359502049704,0.0,0
2030-10-13 04:00:00,0.0,164.0161654332645,0.0,99.9999999999999,0.0,36.86341382988797,0.0,0
2030-10-13 05:00:00,0.0,164.0161654332645,0.0,99.9999999999999,0.0,56.735674992693326,0.0,0
2030-10-13 06:00:00,0.0,164.0161654332645,0.0,99.9999999999999,0.0,66.04387167118207,0.0,0
2030-10-13 07:00:00,0.0,164.0161654332645,0.0,99.9999999999999,0.0,77.23291507534006,0.0,0
2030-10-13 08:00:00,0.0,164.0161654332645,0.0,99.9999999999999,15.915134885796055,69.29435305097181,0.0,0
2030-10-13 09:00:00,0.0,164.0161654332645,0.0,99.9999999999999,63.24343284822197,50.75183427080768,0.0,0
2030-10-13 10:00:00,0.0,164.0161654332645,0.0,42.91194025623196,137.1565141176501,47.42747831420456,0.0,0
2030-10-13 11:00:00,0.0,164.0161654332645,0.0,0.0,186.51058984397807,46.245485085190154,0.0,0
2030-10-13 12:00:00,0.0,164.0161654332645,0.0,0.0,219.5756137607991,42.182383360452974,0.0,0
2030-10-13 13:00:00,0.0,164.0161654332645,0.0,0.0,234.3855638151205,35.829169754500334,0.0,0
2030-10-13 14:00:00,0.0,164.0161654332645,0.0,0.0,236.36282704145253,34.27780364141887,0.0,0
2030-10-13 15:00:00,0.0,164.0161654332645,0.0,0.0,218.56627472306045,37.01116298351478,0.0,0
2030-10-13 16:00:00,0.0,164.0161654332645,0.0,0.0,185.2054304552024,46.76260712288394,0.0,0
2030-10-13 17:00:00,0.0,164.0161654332645,0.0,41.629432164907534,133.75635500282968,59.91228179566964,0.0,0
2030-10-13 18:00:00,0.0,164.0161654332645,0.0,99.9999999999999,68.34810882571817,67.37361405382333,0.0,0
2030-10-13 19:00:00,0.0,164.0161654332645,0.0,99.9999999999999,9.17043088215013,74.49955573324416,0.0,0
2030-10-13 20:00:00,0.0,164.0161654332645,0.0,99.9999999999999,0.0,78.73700145926094,0.0,0
2030-10-13 21:00:00,0.0,164.0161654332645,0.0,99.9999999999999,0.0,84.44307377232816,0.0,0
2030-10-13 22:00:00,0.0,164.0161654332645,0.0,99.9999999999999,0.0,77.14278809162771,0.0,0
2030-10-13 23:00:00,0.0,164.0161654332645,0.0,99.9999999999999,0.0,70.25472254954602,0.0,0
2030-10-14 00:00:00,0.0,164.0161654332645,0.0,99.9999999999999,0.0,59.83840721885624,0.0,0
2030-10-14 01:00:00,0.0,164.0161654332645,0.0,99.9999999999999,0.0,57.32667160720054,0.0,0
2030-10-14 02:00:00,0.0,164.0161654332645,0.0,99.9999999999999,0.0,65.96999709436867,0.0,0
2030-10-14 03:00:00,0.0,164.0161654332645,0.0,99.9999999999999,0.0,74.15825518836623,0.0,0
2030-10-14 04:00:00,0.0,164.0161654332645,0.0,99.9999999999999,0.0,69.4421022045986,0.0,0
2030-10-14 05:00:00,0.0,164.0161654332645,0.0,99.9999999999999,0.0,72.32321070032131,0.0,0
2030-10-14 06:00:00,0.0,164.0161654332645,0.0,99.9999999999999,0.0,79.9101297390578,0.0,0
2030-10-14 07:00:00,0.0,164.0161654332645,0.0,99.9999999999999,0.0,85.64131940824156,0.0,0
2030-10-14 08:00:00,0.0,164.0161654332645,0.0,99.9999999999999,20.94408085342677,73.57907850614913,0.0,0
2030-10-14 09:00:00,0.0,164.0161654332645,0.0,97.84505005921757,86.66353003982928,47.79685119827159,0.0,0
2030-10-14 10:00:00,0.0,164.0161654332645,0.0,30.916248644797804,146.45237282864,41.813010476385955,0.0,0
2030-10-14 11:00:00,0.0,164.0161654332645,0.0,7.4421611516055455,196.59214740732247,30.87957310800235,0.0,0
2030-10-14 12:00:00,0.0,164.0161654332645,0.0,0.0,226.4492954374972,26.003851038317762,0.0,0
2030-10-14 13:00:00,0.0,164.0161654332645,0.0,0.0,240.62086517428057,23.787613733915688,0.0,0
2030-10-14 14:00:00,0.0,164.0161654332645,0.0,0.0,237.5993561087876,25.41285442381056,0.0,0
2030-10-14 15:00:00,0.0,164.0161654332645,0.0,0.0,219.74008987597568,29.032708687667263,0.0,0
2030-10-14 16:00:00,0.0,164.0161654332645,0.0,16.003489329608897,185.09006051829795,37.89765790527561,0.0,0
2030-10-14 17:00:00,0.0,164.0161654332645,0.0,53.355579430826594,134.04270910263355,57.252797030387136,0.0,0
2030-10-14 18:00:00,0.0,164.0161654332645,0.0,99.9999999999999,68.2694206123423,89.48796862291545,0.0,0
2030-10-14 19:00:00,0.0,164.0161654332645,0.0,99.9999999999999,10.35371228629854,121.8782768267519,0.0,0
2030-10-14 20:00:00,0.0,164.0161654332645,0.0,99.9999999999999,0.0,135.1284209240038,0.0,0
2030-10-14 21:00:00,0.0,164.0161654332645,0.0,99.9999999999999,0.0,138.17648596332484,0.0,0
2030-10-14 22:00:00,0.0,164.0161654332645,0.0,99.9999999999999,0.0,114.75381263886732,0.0,0
2030-10-14 23:00:00,0.0,164.0161654332645,0.0,99.9999999999999,0.0,107.76084519771064,0.0,0
2030-10-15 00:00:00,0.0,164.0161654332645,0.0,99.9999999999999,0.0,108.2166513366493,0.0,0
2030-10-15 01:00:00,0.0,164.0161654332645,0.0,99.9999999999999,0.0,95.81015490660648,0.0,0
2030-10-15 02:00:00,0.0,164.0161654332645,0.0,99.9999999999999,0.0,87.50591372701184,0.0,0
2030-10-15 03:00:00,0.0,164.0161654332645,0.0,99.9999999999999,0.0,73.28358019889555,0.0,0
2030-10-15 04:00:00,0.0,164.0161654332645,0.0,99.9999999999999,0.0,55.47980718686546,0.0,0
2030-10-15 05:00:00,0.0,164.0161654332645,0.0,99.9999999999999,0.0,38.48865451978285,0.0,0
2030-10-15 06:00:00,0.0,164.0161654332645,0.0,99.9999999999999,0.0,22.38399677446103,0.0,0
2030-10-15 07:00:00,0.0,164.0161654332645,0.0,99.9999999999999,0.0,5.511043430279836,0.0,0
2030-10-15 08:00:00,0.0,164.0161654332645,0.0,99.9999999999999,20.411604221560005,0.1706502724389536,0.0,0
2030-10-15 09:00:00,0.0,164.0161654332645,0.0,99.9999999999999,86.10916270198577,0.1300192551915813,0.0,0
2030-10-15 10:00:00,0.0,164.0161654332645,0.0,71.39481086236083,147.472953039718,0.2319661711940741,0.0,0
2030-10-15 11:00:00,0.0,164.0161654332645,0.0,33.17301447855391,196.72763312809744,2.519123069337011,0.0,0
2030-10-15 12:00:00,0.0,164.0161654332645,0.0,0.0,226.89420924545692,11.450559406077415,0.0,0
2030-10-15 13:00:00,0.0,164.0161654332645,0.0,0.0,241.65741968431453,20.463257777312567,0.0,0
2030-10-15 14:00:00,0.0,164.0161654332645,0.0,0.0,235.8611157260936,31.322820568882772,0.0,0
2030-10-15 15:00:00,0.0,164.0161654332645,0.0,0.0,211.44173738868287,42.77337997496019,0.0,0
2030-10-15 16:00:00,0.0,164.0161654332645,0.0,0.0,177.15201721856832,65.30512590304802,0.0,0
2030-10-15 17:00:00,0.0,164.0161654332645,0.0,23.14622833194886,134.1521626325173,84.27094600835292,0.0,0
2030-10-15 18:00:00,0.0,164.0161654332645,0.0,96.68964273254112,68.24575498425934,85.37389344017703,0.0,0
2030-10-15 19:00:00,0.0,164.0161654332645,0.0,99.9999999999999,9.998727865054008,95.07214788424056,0.0,0
2030-10-15 20:00:00,0.0,164.0161654332645,0.0,99.9999999999999,0.0,98.64767740200926,0.0,0
2030-10-15 21:00:00,0.0,164.0161654332645,0.0,99.9999999999999,0.0,109.9379289764016,0.0,0
2030-10-15 22:00:00,0.0,164.0161654332645,0.0,99.9999999999999,0.0,128.2093280596605,0.0,0
2030-10-15 23:00:00,0.0,164.0161654332645,0.0,99.9999999999999,0.0,133.92574281348163,0.0,0
2030-10-16 00:00:00,0.0,164.0161654332645,0.0,99.9999999999999,0.0,142.20486663695968,0.0,0
2030-10-16 01:00:00,0.0,164.0161654332645,0.0,99.9999999999999,0.0,148.26553691873124,0.0,0
2030-10-16 02:00:00,0.0,164.0161654332645,0.0,99.9999999999999,0.0,160.5028605678714,0.0,0
2030-10-16 03:00:00,0.0,164.0161654332645,0.0,99.9999999999999,0.0,173.13541320296332,0.0,0
2030-10-16 04:00:00,0.0,164.0161654332645,0.0,99.9999999999999,0.0,181.24240926246608,0.0,0
2030-10-16 05:00:00,0.0,164.0161654332645,0.0,92.48620971834087,0.0,189.47351461101545,0.0,0
2030-10-16 06:00:00,0.0,164.0161654332645,0.0,78.21140410539164,0.0,196.00845967592903,0.0,0
2030-10-16 07:00:00,0.0,164.0161654332645,0.0,62.17754281885232,0.0,192.22238761424217,0.0,0
2030-10-16 08:00:00,0.0,164.0161654332645,0.0,26.049890720757503,20.529932361974847,182.9422632749425,0.0,0
2030-10-16 09:00:00,0.0,164.0161654332645,0.0,0.0,89.20876834015252,143.57524003684827,0.0,0
2030-10-16 10:00:00,0.0,164.0161654332645,0.0,0.0,152.69122403201243,124.69733067795136,0.0,0
2030-10-16 11:00:00,0.0,164.0161654332645,0.0,0.0,199.78819047992732,109.93497399332907,0.0,0
2030-10-16 12:00:00,0.0,164.0161654332645,0.0,0.0,229.77490782385627,101.50292979584727,0.0,0
2030-10-16 13:00:00,0.0,164.0161654332645,0.0,0.0,243.44239968247243,95.51613409088908,0.0,0
2030-10-16 14:00:00,0.0,164.0161654332645,0.0,0.0,240.743926440312,92.64536803592024,0.0,0
2030-10-16 15:00:00,0.0,164.0161654332645,0.0,0.0,222.04275548844848,89.07648723006479,0.0,0
2030-10-16 16:00:00,0.0,164.0161654332645,0.0,0.0,187.45307348238225,87.79476332235225,0.0,0
2030-10-16 17:00:00,0.0,164.0161654332645,0.0,24.447200477006675,136.06079553740867,85.93016900358195,0.0,0
2030-10-16 18:00:00,0.0,164.0161654332645,0.0,85.24290179971428,69.8958409023443,103.68001357453824,0.0,0
2030-10-16 19:00:00,0.0,164.0161654332645,0.0,99.9999999999999,10.35371228629854,130.06210244614067,0.0,0
2030-10-16 20:00:00,0.0,164.0161654332645,0.0,99.9999999999999,0.0,144.400419059854,0.0,0
2030-10-16 21:00:00,0.0,164.0161654332645,0.0,99.9999999999999,0.0,143.1526774574756,0.0,0
2030-10-16 22:00:00,0.0,164.0161654332645,0.0,99.9999999999999,0.0,99.56815462910428,0.0,0
2030-10-16 23:00:00,0.0,164.0161654332645,0.0,99.9999999999999,0.0,93.1322014971206,0.0,0
2030-10-17 00:00:00,0.0,164.0161654332645,0.0,99.9999999999999,0.0,85.74326632424403,0.0,0
2030-10-17 01:00:00,0.0,164.0161654332645,0.0,99.9999999999999,0.0,83.01581694829324,0.0,0
2030-10-17 02:00:00,0.0,164.0161654332645,0.0,99.9999999999999,0.0,85.61103083174808,0.0,0
2030-10-17 03:00:00,0.0,164.0161654332645,0.0,99.9999999999999,0.0,90.42691449421379,0.0,0
2030-10-17 04:00:00,0.0,164.0161654332645,0.0,99.9999999999999,0.0,83.55436261326294,0.0,0
2030-10-17 05:00:00,0.0,164.0161654332645,0.0,99.9999999999999,0.0,71.06734289449344,0.0,0
2030-10-17 06:00:00,0.0,164.0161654332645,0.0,99.9999999999999,0.0,67.59523778426355,0.0,0
2030-10-17 07:00:00,0.0,164.0161654332645,0.0,99.9999999999999,0.0,78.88401186711961,0.0,0
2030-10-17 08:00:00,0.0,164.0161654332645,0.0,99.9999999999999,21.35822934487872,76.37449249276833,0.0,0
2030-10-17 09:00:00,0.0,164.0161654332645,0.0,78.29835130116332,89.37324445532914,60.35552925655004,0.0,0
2030-10-17 10:00:00,0.0,164.0161654332645,0.0,30.023054992940047,151.94279854388856,32.87418668196421,0.0,0
2030-10-17 11:00:00,0.0,164.0161654332645,0.0,3.779865830460949,198.23809184049287,29.10658326448067,0.0,0
2030-10-17 12:00:00,0.0,164.0161654332645,0.0,0.0,230.22751296094305,26.668722229638405,0.0,0
2030-10-17 13:00:00,0.0,164.0161654332645,0.0,0.0,243.2347337960444,25.117356116556937,0.0,0
2030-10-17 14:00:00,0.0,164.0161654332645,0.0,0.0,240.7403765960996,25.33897984699715,0.0,0
2030-10-17 15:00:00,0.0,164.0161654332645,0.0,0.0,221.2197832718633,25.486729000623928,0.0,0
2030-10-17 16:00:00,0.0,164.0161654332645,0.0,18.902894986620648,185.75624794883348,35.829169754500334,0.0,0
2030-10-17 17:00:00,0.0,164.0161654332645,0.0,60.96839093633912,132.72808346262468,54.59331226510463,0.0,0
2030-10-17 18:00:00,0.0,164.0161654332645,0.0,99.9999999999999,64.95800760283298,69.4421022045986,0.0,0
2030-10-17 19:00:00,0.0,164.0161654332645,0.0,99.9999999999999,10.412876356505963,70.69797001042645,0.0,0
2030-10-17 20:00:00,0.0,164.0161654332645,0.0,99.9999999999999,0.0,58.58253941302839,0.0,0
2030-10-17 21:00:00,0.0,164.0161654332645,0.0,99.9999999999999,0.0,42.03463420682617,0.0,0
2030-10-17 22:00:00,0.0,164.0161654332645,0.0,99.9999999999999,0.0,25.634478154250743,0.0,0
2030-10-17 23:00:00,0.0,164.0161654332645,0.0,99.9999999999999,0.0,12.26317975102484,0.0,0
2030-10-18 00:00:00,0.0,164.0161654332645,0.0,99.9999999999999,0.0,2.1423627275886745,0.0,0
2030-10-18 01:00:00,0.0,164.0161654332645,0.0,99.9999999999999,0.0,1.2632552635091627,0.0,0
2030-10-18 02:00:00,0.0,164.0161654332645,0.0,99.9999999999999,0.0,2.5929976461504154,0.0,0
2030-10-18 03:00:00,0.0,164.0161654332645,0.0,99.9999999999999,0.0,7.3800702236589135,0.0,0
2030-10-18 04:00:00,0.0,164.0161654332645,0.0,99.9999999999999,0.0,16.991152667082638,0.0,0
2030-10-18 05:00:00,0.0,164.0161654332645,0.0,99.9999999999999,0.0,22.901118812154856,0.0,0
2030-10-18 06:00:00,0.0,164.0161654332645,0.0,99.9999999999999,0.0,22.38399677446103,0.0,0
2030-10-18 07:00:00,0.0,164.0161654332645,0.0,99.9999999999999,0.0,18.32089504972387,0.0,0
2030-10-18 08:00:00,0.0,164.0161654332645,0.0,99.9999999999999,19.81996351948578,8.643325487168102,0.0,0
2030-10-18 09:00:00,0.0,164.0161654332645,0.0,99.9999999999999,76.15480788958729,1.9133515394671208,0.0,0
2030-10-18 10:00:00,0.0,164.0161654332645,0.0,77.55288665896109,136.46251957411707,0.0284417120731502,0.0,0
2030-10-18 11:00:00,0.0,164.0161654332645,0.0,35.46348873304623,192.93580786850393,0.0234182408498486,0.0,0
2030-10-18 12:00:00,0.0,164.0161654332645,0.0,9.643479922002482,223.51239099240084,0.1366679671047721,0.0,0
2030-10-18 13:00:00,0.0,164.0161654332645,0.0,9.64347992200248,234.0424122079175,0.4329050201265391,0.0,0
2030-10-18 14:00:00,0.0,164.0161654332645,0.0,0.0,239.5860855863528,2.6225474768757766,0.0,0
2030-10-18 15:00:00,0.0,164.0161654332645,0.0,9.64347992200248,222.27349536225736,8.93882379442172,0.0,0
2030-10-18 16:00:00,0.0,164.0161654332645,0.0,31.233782472040104,185.94853117700757,15.956908591694976,0.0,0
2030-10-18 17:00:00,0.0,164.0161654332645,0.0,84.6128110896044,134.60713433241236,24.0831120411693,0.0,0
2030-10-18 18:00:00,0.0,164.0161654332645,0.0,99.9999999999999,68.30491905446675,31.76606802976317,0.0,0
2030-10-18 19:00:00,0.0,164.0161654332645,0.0,99.9999999999999,10.05789193526143,33.46518329647145,0.0,0
2030-10-18 20:00:00,0.0,164.0161654332645,0.0,99.9999999999999,0.0,26.44709849919819,0.0,0
2030-10-18 21:00:00,0.0,164.0161654332645,0.0,99.9999999999999,0.0,22.310122197647622,0.0,0
2030-10-18 22:00:00,0.0,164.0161654332645,0.0,99.9999999999999,0.0,32.652562951524,0.0,0
2030-10-18 23:00:00,0.0,164.0161654332645,0.0,99.9999999999999,0.0,28.36783749634665,0.0,0
2030-10-19 00:00:00,0.0,164.0161654332645,0.0,99.9999999999999,0.0,22.23624762083422,0.0,0
2030-10-19 01:00:00,0.0,164.0161654332645,0.0,99.9999999999999,0.0,19.724512009178525,0.0,0
2030-10-19 02:00:00,0.0,164.0161654332645,0.0,99.9999999999999,0.0,19.798386585991928,0.0,0
2030-10-19 03:00:00,0.0,164.0161654332645,0.0,99.9999999999999,0.0,19.05964081785791,0.0,0
2030-10-19 04:00:00,0.0,164.0161654332645,0.0,99.9999999999999,0.0,20.167759470058954,0.0,0
2030-10-19 05:00:00,0.0,164.0161654332645,0.0,99.9999999999999,0.0,26.520973076011597,0.0,0
2030-10-19 06:00:00,0.0,164.0161654332645,0.0,99.9999999999999,0.0,25.04348153974353,0.0,0
2030-10-19 07:00:00,0.0,164.0161654332645,0.0,99.9999999999999,0.0,18.025396742470274,0.0,0
2030-10-19 08:00:00,0.0,164.0161654332645,0.0,99.9999999999999,16.98008814952962,12.18930517421146,0.0,0
2030-10-19 09:00:00,0.0,164.0161654332645,0.0,99.9999999999999,75.38863318040119,9.677569562555764,0.0,0
2030-10-19 10:00:00,0.0,164.0161654332645,0.0,96.15565577400946,145.92699588519804,5.333744445927666,0.0,0
2030-10-19 11:00:00,0.0,164.0161654332645,0.0,41.94941229100908,183.39678482896153,9.60369498574236,0.0,0
2030-10-19 12:00:00,0.0,164.0161654332645,0.0,16.879832534411378,216.68308236835827,12.928050942345479,0.0,0
2030-10-19 13:00:00,0.0,164.0161654332645,0.0,15.372702516034623,230.0375962955772,16.62177978301562,0.0,0
2030-10-19 14:00:00,0.0,164.0161654332645,0.0,14.730051509126383,228.14079620472728,22.162373044020818,0.0,0
2030-10-19 15:00:00,0.0,164.0161654332645,0.0,15.37270251603462,210.9749328747464,28.66333580360027,0.0,0
2030-10-19 16:00:00,0.0,164.0161654332645,0.0,36.34820752104105,181.26096189447367,28.95883411085386,0.0,0
2030-10-19 17:00:00,0.0,164.0161654332645,0.0,90.35368884333512,124.22738985522253,31.396695145696174,0.0,0
2030-10-19 18:00:00,0.0,164.0161654332645,0.0,99.9999999999999,65.69105043270295,41.074264708251945,0.0,0
2030-10-19 19:00:00,0.0,164.0161654332645,0.0,99.9999999999999,9.46625123318724,51.78607834619534,0.0,0
2030-10-19 20:00:00,0.0,164.0161654332645,0.0,99.9999999999999,0.0,53.928441073784015,0.0,0
2030-10-19 21:00:00,0.0,164.0161654332645,0.0,99.9999999999999,0.0,64.93575301898103,0.0,0
2030-10-19 22:00:00,0.0,164.0161654332645,0.0,99.9999999999999,0.0,39.079651134290046,0.0,0
2030-10-19 23:00:00,0.0,164.0161654332645,0.0,99.9999999999999,0.0,36.19854263856736,0.0,0
2030-10-20 00:00:00,0.0,164.0161654332645,0.0,99.9999999999999,0.0,30.36245107030854,0.0,0
2030-10-20 01:00:00,0.0,164.0161654332645,0.0,99.9999999999999,0.0,26.742596806451782,0.0,0
2030-10-20 02:00:00,0.0,164.0161654332645,0.0,99.9999999999999,0.0,31.839942606576574,0.0,0
2030-10-20 03:00:00,0.0,164.0161654332645,0.0,99.9999999999999,0.0,39.59677317198388,0.0,0
2030-10-20 04:00:00,0.0,164.0161654332645,0.0,99.9999999999999,0.0,44.32474608804166,0.0,0
2030-10-20 05:00:00,0.0,164.0161654332645,0.0,99.9999999999999,0.0,46.540983392443735,0.0,0
2030-10-20 06:00:00,0.0,164.0161654332645,0.0,99.9999999999999,0.0,52.59869869114276,0.0,0
2030-10-20 07:00:00,0.0,164.0161654332645,0.0,99.9999999999999,0.0,57.69604449126756,0.0,0
2030-10-20 08:00:00,0.0,164.0161654332645,0.0,99.9999999999999,20.88491678321935,61.46364790875111,0.0,0
2030-10-20 09:00:00,0.0,164.0161654332645,0.0,67.65606485450013,87.76102354217694,65.96999709436867,0.0,0
2030-10-20 10:00:00,0.0,164.0161654332645,0.0,0.0,151.78601375783893,78.29449274414866,0.0,0
2030-10-20 11:00:00,0.0,164.0161654332645,0.0,0.0,198.32861286791027,88.63545600648878,0.0,0
2030-10-20 12:00:00,0.0,164.0161654332645,0.0,0.0,229.69266976626793,89.30402092665008,0.0,0
2030-10-20 13:00:00,0.0,164.0161654332645,0.0,0.0,244.10267070598724,95.78873127933056,0.0,0
2030-10-20 14:00:00,0.0,164.0161654332645,0.0,0.0,242.27272601447171,109.7443775851505,0.0,0
2030-10-20 15:00:00,0.0,164.0161654332645,0.0,0.0,224.56255323858252,116.44775668519864,0.0,0
2030-10-20 16:00:00,0.0,164.0161654332645,0.0,0.0,188.96767367969224,119.33182016399388,0.0,0
2030-10-20 17:00:00,0.0,164.0161654332645,0.0,0.0,135.83360550781217,117.76937286439043,0.0,0
2030-10-20 18:00:00,0.0,164.0161654332645,0.0,63.64679018769209,68.1499091905233,111.7005763791694,0.0,0
2030-10-20 19:00:00,0.0,164.0161654332645,0.0,99.9999999999999,9.939563794846586,128.83578447103818,0.0,0
2030-10-20 20:00:00,0.0,164.0161654332645,0.0,99.9999999999999,0.0,138.62933711919095,0.0,0
2030-10-20 21:00:00,0.0,164.0161654332645,0.0,99.9999999999999,0.0,139.66505868611486,0.0,0
2030-10-20 22:00:00,0.0,164.0161654332645,0.0,99.9999999999999,0.0,61.5375224855645,0.0,0
2030-10-20 23:00:00,0.0,164.0161654332645,0.0,99.9999999999999,0.0,47.20585458376434,0.0,0
2030-10-21 00:00:00,0.0,164.0161654332645,0.0,99.9999999999999,0.0,34.13005448779206,0.0,0
2030-10-21 01:00:00,0.0,164.0161654332645,0.0,99.9999999999999,0.0,26.299349345571375,0.0,0
2030-10-21 02:00:00,0.0,164.0161654332645,0.0,99.9999999999999,0.0,22.901118812154856,0.0,0
2030-10-21 03:00:00,0.0,164.0161654332645,0.0,99.9999999999999,0.0,21.866874736767222,0.0,0
2030-10-21 04:00:00,0.0,164.0161654332645,0.0,99.9999999999999,0.0,26.964220536892,0.0,0
2030-10-21 05:00:00,0.0,164.0161654332645,0.0,99.9999999999999,0.0,32.43093922108381,0.0,0
2030-10-21 06:00:00,0.0,164.0161654332645,0.0,99.9999999999999,0.0,37.89765790527561,0.0,0
2030-10-21 07:00:00,0.0,164.0161654332645,0.0,99.9999999999999,0.0,37.823783328462206,0.0,0
2030-10-21 08:00:00,0.0,164.0161654332645,0.0,99.9999999999999,21.890705976745487,31.987691760203383,0.0,0
2030-10-21 09:00:00,0.0,164.0161654332645,0.0,99.9999999999999,89.53239580418708,13.962295017733112,0.0,0
2030-10-21 10:00:00,0.0,164.0161654332645,0.0,54.537787817024416,152.45989251750143,7.387457681340256,0.0,0
2030-10-21 11:00:00,0.0,164.0161654332645,0.0,46.76174991097156,198.18129433309383,3.35390578732848,0.0,0
2030-10-21 12:00:00,0.0,164.0161654332645,0.0,46.76174991097156,224.2957232819471,2.2014623890393983,0.0,0
2030-10-21 13:00:00,0.0,164.0161654332645,0.0,46.76174991097156,237.13491815765937,1.0046942446622733,0.0,0
2030-10-21 14:00:00,0.0,164.0161654332645,0.0,46.76174991097156,234.24830317223928,0.7830705142220603,0.0,0
2030-10-21 15:00:00,0.0,164.0161654332645,0.0,46.76174991097157,215.33887469324569,1.4110044171359712,0.0,0
2030-10-21 16:00:00,0.0,164.0161654332645,0.0,79.82531130319006,175.19250321329855,4.0926515554624965,0.0,0
2030-10-21 17:00:00,0.0,164.0161654332645,0.0,99.9999999999999,98.3993150061732,5.053021054036728,0.0,0
2030-10-21 18:00:00,0.0,164.0161654332645,0.0,99.9999999999999,47.449584306351085,2.962370530217437,0.0,0
2030-10-21 19:00:00,0.0,164.0161654332645,0.0,99.9999999999999,5.975571090949435,11.672183136517628,0.0,0
2030-10-21 20:00:00,0.0,164.0161654332645,0.0,99.9999999999999,0.0,20.241634046872353,0.0,0
2030-10-21 21:00:00,0.0,164.0161654332645,0.0,99.9999999999999,0.0,29.845329032614718,0.0,0
2030-10-21 22:00:00,0.0,164.0161654332645,0.0,99.9999999999999,0.0,25.85610188469096,0.0,0
2030-10-21 23:00:00,0.0,164.0161654332645,0.0,99.9999999999999,0.0,20.463257777312567,0.0,0
2030-10-22 00:00:00,0.0,164.0161654332645,0.0,99.9999999999999,0.0,25.117356116556937,0.0,0
2030-10-22 01:00:00,0.0,164.0161654332645,0.0,99.9999999999999,0.0,33.46518329647145,0.0,0
2030-10-22 02:00:00,0.0,164.0161654332645,0.0,99.9999999999999,0.0,37.823783328462206,0.0,0
2030-10-22 03:00:00,0.0,164.0161654332645,0.0,99.9999999999999,0.0,43.06887828221381,0.0,0
2030-10-22 04:00:00,0.0,164.0161654332645,0.0,99.9999999999999,0.0,45.4328647402427,0.0,0
2030-10-22 05:00:00,0.0,164.0161654332645,0.0,99.9999999999999,0.0,47.27972916057775,0.0,0
2030-10-22 06:00:00,0.0,164.0161654332645,0.0,99.9999999999999,0.0,42.4778816677066,0.0,0
2030-10-22 07:00:00,0.0,164.0161654332645,0.0,99.9999999999999,0.0,36.27241721538076,0.0,0
2030-10-22 08:00:00,0.0,164.0161654332645,0.0,99.9999999999999,22.1865263277826,27.0380951137054,0.0,0
2030-10-22 09:00:00,0.0,164.0161654332645,0.0,99.9999999999999,90.34531012883704,14.183918748173326,0.0,0
2030-10-22 10:00:00,0.0,164.0161654332645,0.0,66.38603696402134,152.1096412218735,9.973067869809352,0.0,0
2030-10-22 11:00:00,0.0,164.0161654332645,0.0,41.7533946186324,199.23382314208385,4.388149862716116,0.0,0
2030-10-22 12:00:00,0.0,164.0161654332645,0.0,31.921404647648053,228.5993177488348,1.1893806866957843,0.0,0
2030-10-22 13:00:00,0.0,164.0161654332645,0.0,31.92140464764805,241.2829111199016,0.1322354924959782,0.0,0
2030-10-22 14:00:00,0.0,164.0161654332645,0.0,22.955892419431446,238.53592334017105,0.0834782717991417,0.0,0
2030-10-22 15:00:00,0.0,164.0161654332645,0.0,31.92140464764805,218.4881781503867,0.1484878993949323,0.0,0
2030-10-22 16:00:00,0.0,164.0161654332645,0.0,66.87896338592424,183.54587828588424,0.9012698371235072,0.0,0
2030-10-22 17:00:00,0.0,164.0161654332645,0.0,99.9999999999999,131.54835190268875,5.2746447844769415,0.0,0
2030-10-22 18:00:00,0.0,164.0161654332645,0.0,99.9999999999999,66.49627342822592,12.558678058278456,0.0,0
2030-10-22 19:00:00,0.0,164.0161654332645,0.0,99.9999999999999,10.294548216091115,23.71373915710228,0.0,0
2030-10-22 20:00:00,0.0,164.0161654332645,0.0,99.9999999999999,0.0,29.032708687667263,0.0,0
2030-10-22 21:00:00,0.0,164.0161654332645,0.0,99.9999999999999,0.0,29.180457841294075,0.0,0
2030-10-22 22:00:00,0.0,164.0161654332645,0.0,99.9999999999999,0.0,26.299349345571375,0.0,0
2030-10-22 23:00:00,0.0,164.0161654332645,0.0,99.9999999999999,0.0,32.72643752833743,0.0,0
2030-10-23 00:00:00,0.0,164.0161654332645,0.0,99.9999999999999,0.0,44.398620664855066,0.0,0
2030-10-23 01:00:00,0.0,164.0161654332645,0.0,99.9999999999999,0.0,45.87611220112313,0.0,0
2030-10-23 02:00:00,0.0,164.0161654332645,0.0,99.9999999999999,0.0,46.61485796925714,0.0,0
2030-10-23 03:00:00,0.0,164.0161654332645,0.0,99.9999999999999,0.0,52.52482411432936,0.0,0
2030-10-23 04:00:00,0.0,164.0161654332645,0.0,99.9999999999999,0.0,59.91228179566964,0.0,0
2030-10-23 05:00:00,0.0,164.0161654332645,0.0,99.9999999999999,0.0,60.72490214061708,0.0,0
2030-10-23 06:00:00,0.0,164.0161654332645,0.0,99.9999999999999,0.0,57.769919068080966,0.0,0
2030-10-23 07:00:00,0.0,164.0161654332645,0.0,99.9999999999999,0.0,47.058105430137566,0.0,0
2030-10-23 08:00:00,0.0,164.0161654332645,0.0,99.9999999999999,21.77237783633068,35.312047716806504,0.0,0
2030-10-23 09:00:00,0.0,164.0161654332645,0.0,99.9999999999999,85.67371514525914,15.809159438068171,0.0,0
2030-10-23 10:00:00,0.0,164.0161654332645,0.0,59.98772795434462,149.0958234855075,8.569450910354698,0.0,0
2030-10-23 11:00:00,0.0,164.0161654332645,0.0,26.467868711515905,202.21805884334609,2.164525100632696,0.0,0
2030-10-23 12:00:00,0.0,164.0161654332645,0.0,22.16821796891685,231.36582967173376,0.6464025471172621,0.0,0
2030-10-23 13:00:00,0.0,164.0161654332645,0.0,22.16821796891685,244.24170627097473,0.1034244075387401,0.0,0
2030-10-23 14:00:00,0.0,164.0161654332645,0.0,20.966734275468752,240.41319928785248,0.0317660680297586,0.0,0
2030-10-23 15:00:00,0.0,164.0161654332645,0.0,22.16821796891685,220.6707407003384,0.00501608376563,0.0,0
2030-10-23 16:00:00,0.0,164.0161654332645,0.0,59.46593068458633,184.2392811887152,0.00501608376563,0.0,0
2030-10-23 17:00:00,0.0,164.0161654332645,0.0,99.9999999999999,129.96512138393817,0.0200200103164321,0.0,0
2030-10-23 18:00:00,0.0,164.0161654332645,0.0,99.9999999999999,61.24250399380697,0.5296807157520885,0.0,0
2030-10-23 19:00:00,0.0,164.0161654332645,0.0,99.9999999999999,9.347923092772398,16.030783168508385,0.0,0
2030-10-23 20:00:00,0.0,164.0161654332645,0.0,99.9999999999999,0.0,31.322820568882772,0.0,0
2030-10-23 21:00:00,0.0,164.0161654332645,0.0,99.9999999999999,0.0,33.83455618053847,0.0,0
2030-10-23 22:00:00,0.0,164.0161654332645,0.0,99.9999999999999,0.0,27.185844267332207,0.0,0
2030-10-23 23:00:00,0.0,164.0161654332645,0.0,99.9999999999999,0.0,29.40208157173429,0.0,0
2030-10-24 00:00:00,0.0,164.0161654332645,0.0,99.9999999999999,0.0,36.420166369007546,0.0,0
2030-10-24 01:00:00,0.0,164.0161654332645,0.0,99.9999999999999,0.0,43.51212574309423,0.0,0
2030-10-24 02:00:00,0.0,164.0161654332645,0.0,99.9999999999999,0.0,45.949986777936495,0.0,0
2030-10-24 03:00:00,0.0,164.0161654332645,0.0,99.9999999999999,0.0,44.47249524166847,0.0,0
2030-10-24 04:00:00,0.0,164.0161654332645,0.0,99.9999999999999,0.0,41.66526132275915,0.0,0
2030-10-24 05:00:00,0.0,164.0161654332645,0.0,99.9999999999999,0.0,38.26703078934264,0.0,0
2030-10-24 06:00:00,0.0,164.0161654332645,0.0,99.9999999999999,0.0,37.158912137141584,0.0,0
2030-10-24 07:00:00,0.0,164.0161654332645,0.0,99.9999999999999,0.0,34.42555279504568,0.0,0
2030-10-24 08:00:00,0.0,164.0161654332645,0.0,99.9999999999999,21.35822934487872,28.884959534040483,0.0,0
2030-10-24 09:00:00,0.0,164.0161654332645,0.0,99.9999999999999,89.85779819032794,19.576762855551717,0.0,0
2030-10-24 10:00:00,0.0,164.0161654332645,0.0,41.16625059056253,149.97145172457732,20.020010316432135,0.0,0
2030-10-24 11:00:00,0.0,164.0161654332645,0.0,13.790471821622075,200.9992789970732,13.075800095972289,0.0,0
2030-10-24 12:00:00,0.0,164.0161654332645,0.0,13.790471821622075,222.7988723056993,7.19538378162543,0.0,0
2030-10-24 13:00:00,0.0,164.0161654332645,0.0,13.790471821622075,236.6231489503652,4.838784781277882,0.0,0
2030-10-24 14:00:00,0.0,164.0161654332645,0.0,8.688267639224875,241.2539207255,3.147056972250948,0.0,0
2030-10-24 15:00:00,0.0,164.0161654332645,0.0,18.953910910436434,215.75657302891008,3.0879573108002245,0.0,0
2030-10-24 16:00:00,0.0,164.0161654332645,0.0,53.65591368619977,179.59371839602855,4.986533934904664,0.0,0
2030-10-24 17:00:00,0.0,164.0161654332645,0.0,99.9999999999999,129.676992362028,11.00731194519699,0.0,0
2030-10-24 18:00:00,0.0,164.0161654332645,0.0,99.9999999999999,65.46149384029815,26.299349345571375,0.0,0
2030-10-24 19:00:00,0.0,164.0161654332645,0.0,99.9999999999999,10.472040426713384,37.232786713954994,0.0,0
2030-10-24 20:00:00,0.0,164.0161654332645,0.0,99.9999999999999,0.0,38.636403673409646,0.0,0
2030-10-24 21:00:00,0.0,164.0161654332645,0.0,99.9999999999999,0.0,39.52289859517048,0.0,0
2030-10-24 22:00:00,0.0,164.0161654332645,0.0,99.9999999999999,0.0,24.230861194796084,0.0,0
2030-10-24 23:00:00,0.0,164.0161654332645,0.0,99.9999999999999,0.0,18.09927131928368,0.0,0
2030-10-25 00:00:00,0.0,164.0161654332645,0.0,99.9999999999999,0.0,15.513661130814576,0.0,0
2030-10-25 01:00:00,0.0,164.0161654332645,0.0,99.9999999999999,0.0,20.020010316432135,0.0,0
2030-10-25 02:00:00,0.0,164.0161654332645,0.0,99.9999999999999,0.0,27.702966305026013,0.0,0
2030-10-25 03:00:00,0.0,164.0161654332645,0.0,99.9999999999999,0.0,33.169684989217835,0.0,0
2030-10-25 04:00:00,0.0,164.0161654332645,0.0,99.9999999999999,0.0,32.72643752833743,0.0,0
2030-10-25 05:00:00,0.0,164.0161654332645,0.0,99.9999999999999,0.0,28.589461226786863,0.0,0
2030-10-25 06:00:00,0.0,164.0161654332645,0.0,99.9999999999999,0.0,24.526359502049704,0.0,0
2030-10-25 07:00:00,0.0,164.0161654332645,0.0,99.9999999999999,0.0,21.64525100632701,0.0,0
2030-10-25 08:00:00,0.0,164.0161654332645,0.0,99.9999999999999,19.05083060678933,18.468644203350674,0.0,0
2030-10-25 09:00:00,0.0,164.0161654332645,0.0,99.9999999999999,85.83464141622336,11.450559406077415,0.0,0
2030-10-25 10:00:00,0.0,164.0161654332645,0.0,61.30403228428708,146.8322061593716,12.337054327838242,0.0,0
2030-10-25 11:00:00,0.0,164.0161654332645,0.0,26.102370769846967,195.84017207498616,12.780301788718669,0.0,0
2030-10-25 12:00:00,0.0,164.0161654332645,0.0,10.847038717833357,220.1435888347903,15.661410284441388,0.0,0
2030-10-25 13:00:00,0.0,164.0161654332645,0.0,10.847038717833357,235.69072320389623,19.50288827873831,0.0,0
2030-10-25 14:00:00,0.0,164.0161654332645,0.0,10.847038717833357,229.0241157729241,26.668722229638405,0.0,0
2030-10-25 15:00:00,0.0,164.0161654332645,0.0,10.847038717833357,211.147691959752,34.86880025592611,0.0,0
2030-10-25 16:00:00,0.0,164.0161654332645,0.0,31.306401355868047,176.94020984722576,37.45441044439521,0.0,0
2030-10-25 17:00:00,0.0,164.0161654332645,0.0,99.9999999999999,120.00662508662516,37.01116298351478,0.0,0
2030-10-25 18:00:00,0.0,164.0161654332645,0.0,99.9999999999999,56.67917925870868,41.29588843869213,0.0,0
2030-10-25 19:00:00,0.0,164.0161654332645,0.0,99.9999999999999,8.223805758831409,46.245485085190154,0.0,0
2030-10-25 20:00:00,0.0,164.0161654332645,0.0,99.9999999999999,0.0,42.8472545517736,0.0,0
2030-10-25 21:00:00,0.0,164.0161654332645,0.0,99.9999999999999,0.0,33.982305334165275,0.0,0
2030-10-25 22:00:00,0.0,164.0161654332645,0.0,99.9999999999999,0.0,35.459796870433316,0.0,0
2030-10-25 23:00:00,0.0,164.0161654332645,0.0,99.9999999999999,0.0,29.475956148547688,0.0,0
2030-10-26 00:00:00,0.0,164.0161654332645,0.0,99.9999999999999,0.0,34.056179910978656,0.0,0
2030-10-26 01:00:00,0.0,164.0161654332645,0.0,99.9999999999999,0.0,35.1642985631797,0.0,0
2030-10-26 02:00:00,0.0,164.0161654332645,0.0,99.9999999999999,0.0,23.71373915710228,0.0,0
2030-10-26 03:00:00,0.0,164.0161654332645,0.0,99.9999999999999,0.0,14.922664516307345,0.0,0
2030-10-26 04:00:00,0.0,164.0161654332645,0.0,99.9999999999999,0.0,13.888420440919708,0.0,0
2030-10-26 05:00:00,0.0,164.0161654332645,0.0,99.9999999999999,0.0,17.58214928158985,0.0,0
2030-10-26 06:00:00,0.0,164.0161654332645,0.0,99.9999999999999,0.0,16.400156052575404,0.0,0
2030-10-26 07:00:00,0.0,164.0161654332645,0.0,99.9999999999999,0.0,10.194691600249568,0.0,0
2030-10-26 08:00:00,0.0,164.0161654332645,0.0,99.9999999999999,15.915134885796055,12.780301788718669,0.0,0
2030-10-26 09:00:00,0.0,164.0161654332645,0.0,99.9999999999999,64.70715194515356,13.888420440919708,0.0,0
2030-10-26 10:00:00,0.0,164.0161654332645,0.0,99.9999999999999,128.6794861383309,15.956908591694976,0.0,0
2030-10-26 11:00:00,0.0,164.0161654332645,0.0,58.208579650762886,165.9120271605626,26.964220536892,0.0,0
2030-10-26 12:00:00,0.0,164.0161654332645,0.0,58.208579650762886,194.4291090005392,27.0380951137054,0.0,0
2030-10-26 13:00:00,0.0,164.0161654332645,0.0,58.208579650762886,212.25110186912048,19.724512009178525,0.0,0
2030-10-26 14:00:00,0.0,164.0161654332645,0.0,58.208579650762886,192.2382634807584,19.13351539467132,0.0,0
2030-10-26 15:00:00,0.0,164.0161654332645,0.0,58.208579650762886,174.3517817756511,18.394769626537272,0.0,0
2030-10-26 16:00:00,0.0,164.0161654332645,0.0,85.15632542657421,144.5023250746034,23.344366273035256,0.0,0
2030-10-26 17:00:00,0.0,164.0161654332645,0.0,99.9999999999999,110.44985282602056,22.23624762083422,0.0,0
2030-10-26 18:00:00,0.0,164.0161654332645,0.0,99.9999999999999,54.90425715248604,21.12812896863318,0.0,0
2030-10-26 19:00:00,0.0,164.0161654332645,0.0,99.9999999999999,1.851835397492246,19.13351539467132,0.0,0
2030-10-26 20:00:00,0.0,164.0161654332645,0.0,99.9999999999999,0.0,13.001925519158881,0.0,0
2030-10-26 21:00:00,0.0,164.0161654332645,0.0,99.9999999999999,0.0,13.149674672785688,0.0,0
2030-10-26 22:00:00,0.0,164.0161654332645,0.0,99.9999999999999,0.0,0.5082570884761908,0.0,0
2030-10-26 23:00:00,0.0,164.0161654332645,0.0,99.9999999999999,0.0,1.8025396742470143,0.0,0
2030-10-27 00:00:00,0.0,164.0161654332645,0.0,99.9999999999999,0.0,3.1322820568882674,0.0,0
2030-10-27 01:00:00,0.0,164.0161654332645,0.0,99.9999999999999,0.0,12.558678058278456,0.0,0
2030-10-27 02:00:00,0.0,164.0161654332645,0.0,99.9999999999999,0.0,19.50288827873831,0.0,0
2030-10-27 03:00:00,0.0,164.0161654332645,0.0,99.9999999999999,0.0,27.185844267332207,0.0,0
2030-10-27 04:00:00,0.0,164.0161654332645,0.0,99.9999999999999,0.0,34.42555279504568,0.0,0
2030-10-27 05:00:00,0.0,164.0161654332645,0.0,99.9999999999999,0.0,43.06887828221381,0.0,0
2030-10-27 06:00:00,0.0,164.0161654332645,0.0,99.9999999999999,0.0,50.01308850267366,0.0,0
2030-10-27 07:00:00,0.0,164.0161654332645,0.0,99.9999999999999,0.0,59.616783488416026,0.0,0
2030-10-27 08:00:00,0.0,164.0161654332645,0.0,99.9999999999999,7.868821337586877,66.63486828568931,0.0,0
2030-10-27 09:00:00,0.0,164.0161654332645,0.0,99.9999999999999,49.46116269340337,67.22586490019653,0.0,0
2030-10-27 10:00:00,0.0,164.0161654332645,0.0,78.22476812117382,102.92950786195536,46.467108815630326,0.0,0
2030-10-27 11:00:00,0.0,164.0161654332645,0.0,17.22101619603586,154.49631981404085,40.85264097781173,0.0,0
2030-10-27 12:00:00,0.0,164.0161654332645,0.0,11.607029232814966,164.08385739115332,38.41477994296944,0.0,0
2030-10-27 13:00:00,0.0,164.0161654332645,0.0,0.0,217.7864922777267,45.506739317056095,0.0,0
2030-10-27 14:00:00,0.0,164.0161654332645,0.0,0.0,217.18301876161095,48.97884442728603,0.0,0
2030-10-27 15:00:00,0.0,164.0161654332645,0.0,0.0,213.0657911158766,43.586000319907605,0.0,0
2030-10-27 16:00:00,0.0,164.0161654332645,0.0,16.969936903349264,168.88088020357097,46.467108815630326,0.0,0
2030-10-27 17:00:00,0.0,164.0161654332645,0.0,74.5953035072327,122.867799521856,45.4328647402427,0.0,0
2030-10-27 18:00:00,0.0,164.0161654332645,0.0,99.9999999999999,59.18122778778046,33.24355956603124,0.0,0
2030-10-27 19:00:00,0.0,164.0161654332645,0.0,99.9999999999999,9.643743443809507,31.396695145696174,0.0,0
2030-10-27 20:00:00,0.0,164.0161654332645,0.0,99.9999999999999,0.0,30.51020022393533,0.0,0
2030-10-27 21:00:00,0.0,164.0161654332645,0.0,99.9999999999999,0.0,30.657949377562137,0.0,0
2030-10-27 22:00:00,0.0,164.0161654332645,0.0,99.9999999999999,0.0,25.92997646150436,0.0,0
2030-10-27 23:00:00,0.0,164.0161654332645,0.0,99.9999999999999,0.0,22.23624762083422,0.0,0
2030-10-28 00:00:00,0.0,164.0161654332645,0.0,99.9999999999999,0.0,23.861488310729086,0.0,0
2030-10-28 01:00:00,0.0,164.0161654332645,0.0,99.9999999999999,0.0,30.805698531188945,0.0,0
2030-10-28 02:00:00,0.0,164.0161654332645,0.0,99.9999999999999,0.0,37.89765790527561,0.0,0
2030-10-28 03:00:00,0.0,164.0161654332645,0.0,99.9999999999999,0.0,41.88688505319936,0.0,0
2030-10-28 04:00:00,0.0,164.0161654332645,0.0,99.9999999999999,0.0,41.73913589957255,0.0,0
2030-10-28 05:00:00,0.0,164.0161654332645,0.0,99.9999999999999,0.0,32.80031210515081,0.0,0
2030-10-28 06:00:00,0.0,164.0161654332645,0.0,99.9999999999999,0.0,20.98037981500637,0.0,0
2030-10-28 07:00:00,0.0,164.0161654332645,0.0,99.9999999999999,0.0,13.666796710479495,0.0,0
2030-10-28 08:00:00,0.0,164.0161654332645,0.0,99.9999999999999,18.104205483470608,12.558678058278456,0.0,0
2030-10-28 09:00:00,0.0,164.0161654332645,0.0,99.9999999999999,60.34143520454797,18.764142510604287,0.0,0
2030-10-28 10:00:00,0.0,164.0161654332645,0.0,86.61862794681622,121.25084548308718,10.859562791570209,0.0,0
2030-10-28 11:00:00,0.0,164.0161654332645,0.0,39.6219363433994,183.8381487927089,17.508274704776447,0.0,0
2030-10-28 12:00:00,0.0,164.0161654332645,0.0,26.247719428508727,222.40128975390547,14.405542478613539,0.0,0
2030-10-28 13:00:00,0.0,164.0161654332645,0.0,26.24771942850873,237.96144021845697,15.292037400374364,0.0,0
2030-10-28 14:00:00,0.0,164.0161654332645,0.0,26.247719428508727,226.91964979564617,17.877647588843466,0.0,0
2030-10-28 15:00:00,0.0,164.0161654332645,0.0,26.247719428508734,214.11062859573963,22.82724423534143,0.0,0
2030-10-28 16:00:00,0.0,164.0161654332645,0.0,37.84591613639248,179.174245138258,32.1354409138302,0.0,0
2030-10-28 17:00:00,0.0,164.0161654332645,0.0,83.40298925265063,128.62860503795252,47.42747831420456,0.0,0
2030-10-28 18:00:00,0.0,164.0161654332645,0.0,99.9999999999999,63.59427578455194,67.44748863063673,0.0,0
2030-10-28 19:00:00,0.0,164.0161654332645,0.0,99.9999999999999,10.767860777750496,89.77534072671956,0.0,0
2030-10-28 20:00:00,0.0,164.0161654332645,0.0,99.9999999999999,0.0,83.44872196841978,0.0,0
2030-10-28 21:00:00,0.0,164.0161654332645,0.0,99.9999999999999,0.0,67.66911236107694,0.0,0
2030-10-28 22:00:00,0.0,164.0161654332645,0.0,99.9999999999999,0.0,55.47980718686546,0.0,0
2030-10-28 23:00:00,0.0,164.0161654332645,0.0,99.9999999999999,0.0,47.501352891017966,0.0,0
2030-10-29 00:00:00,0.0,164.0161654332645,0.0,99.9999999999999,0.0,32.80031210515081,0.0,0
2030-10-29 01:00:00,0.0,164.0161654332645,0.0,99.9999999999999,0.0,16.991152667082638,0.0,0
2030-10-29 02:00:00,0.0,164.0161654332645,0.0,99.9999999999999,0.0,6.604387167118194,0.0,0
2030-10-29 03:00:00,0.0,164.0161654332645,0.0,99.9999999999999,0.0,2.3935362887542486,0.0,0
2030-10-29 04:00:00,0.0,164.0161654332645,0.0,99.9999999999999,0.0,0.8052328872660816,0.0,0
2030-10-29 05:00:00,0.0,164.0161654332645,0.0,99.9999999999999,0.0,0.352381731399918,0.0,0
2030-10-29 06:00:00,0.0,164.0161654332645,0.0,99.9999999999999,0.0,0.0234182408498486,0.0,0
2030-10-29 07:00:00,0.0,164.0161654332645,0.0,99.9999999999999,0.0,0.0,0.0,0
2030-10-29 08:00:00,0.0,164.0161654332645,0.0,99.9999999999999,17.51256478139642,0.0,0.0,0
2030-10-29 09:00:00,0.0,164.0161654332645,0.0,99.9999999999999,80.26966897251337,0.0,0.0,0
2030-10-29 10:00:00,0.0,164.0161654332645,0.0,85.70259566785478,121.31355939750708,4.269950539814668,0.0,0
2030-10-29 11:00:00,0.0,164.0161654332645,0.0,80.62918577813525,134.64440769664304,12.558678058278456,0.0,0
2030-10-29 12:00:00,0.0,164.0161654332645,0.0,16.512033656723872,193.87474166269567,21.4236272758868,0.0,0
2030-10-29 13:00:00,0.0,164.0161654332645,0.0,1.0223439092851547,228.27569028480025,30.36245107030854,0.0,0
2030-10-29 14:00:00,0.0,164.0161654332645,0.0,0.0,232.15744493110904,35.68142060087353,0.0,0
2030-10-29 15:00:00,0.0,164.0161654332645,0.0,1.0223439092851547,213.1308715931048,36.27241721538076,0.0,0
2030-10-29 16:00:00,0.0,164.0161654332645,0.0,19.303324951882015,176.72899411658528,36.346291792194165,0.0,0
2030-10-29 17:00:00,0.0,164.0161654332645,0.0,81.54953072936098,125.28583507123328,36.19854263856736,0.0,0
2030-10-29 18:00:00,0.0,164.0161654332645,0.0,99.9999999999999,45.37884184909137,31.76606802976317,0.0,0
2030-10-29 19:00:00,0.0,164.0161654332645,0.0,99.9999999999999,6.448883652608813,26.07772561513117,0.0,0
2030-10-29 20:00:00,0.0,164.0161654332645,0.0,99.9999999999999,0.0,19.798386585991928,0.0,0
2030-10-29 21:00:00,0.0,164.0161654332645,0.0,99.9999999999999,0.0,19.576762855551717,0.0,0
2030-10-29 22:00:00,0.0,164.0161654332645,0.0,99.9999999999999,0.0,8.643325487168102,0.0,0
2030-10-29 23:00:00,0.0,164.0161654332645,0.0,99.9999999999999,0.0,10.637939061129995,0.0,0
2030-10-30 00:00:00,0.0,164.0161654332645,0.0,99.9999999999999,0.0,12.115430597398028,0.0,0
2030-10-30 01:00:00,0.0,164.0161654332645,0.0,99.9999999999999,0.0,13.223549249599095,0.0,0
2030-10-30 02:00:00,0.0,164.0161654332645,0.0,99.9999999999999,0.0,11.081186522010395,0.0,0
2030-10-30 03:00:00,0.0,164.0161654332645,0.0,99.9999999999999,0.0,12.706427211905266,0.0,0
2030-10-30 04:00:00,0.0,164.0161654332645,0.0,99.9999999999999,0.0,13.7406712872929,0.0,0
2030-10-30 05:00:00,0.0,164.0161654332645,0.0,99.9999999999999,0.0,8.273952603101106,0.0,0
2030-10-30 06:00:00,0.0,164.0161654332645,0.0,99.9999999999999,0.0,4.0926515554624965,0.0,0
2030-10-30 07:00:00,0.0,164.0161654332645,0.0,99.9999999999999,0.0,5.437168853466432,0.0,0
2030-10-30 08:00:00,0.0,164.0161654332645,0.0,99.9999999999999,16.98008814952962,8.93882379442172,0.0,0
2030-10-30 09:00:00,0.0,164.0161654332645,0.0,99.9999999999999,74.90467108610451,3.435167821823225,0.0,0
2030-10-30 10:00:00,0.0,164.0161654332645,0.0,75.06390123569251,132.7511574500056,6.981147508866556,0.0,0
2030-10-30 11:00:00,0.0,164.0161654332645,0.0,49.51882752018304,176.2994629668794,7.682955988593872,0.0,0
2030-10-30 12:00:00,0.0,164.0161654332645,0.0,21.021299256957374,214.24966416072712,8.273952603101106,0.0,0
2030-10-30 13:00:00,0.0,164.0161654332645,0.0,21.021299256957374,233.68387794246053,8.126203449474298,0.0,0
2030-10-30 14:00:00,0.0,164.0161654332645,0.0,13.926987001989517,232.8727385399168,9.30819667848874,0.0,0
2030-10-30 15:00:00,0.0,164.0161654332645,0.0,21.021299256957377,208.58056295345207,11.302810252450609,0.0,0
2030-10-30 16:00:00,0.0,164.0161654332645,0.0,51.74547667519232,176.91121945282407,12.854176365532073,0.0,0
2030-10-30 17:00:00,0.0,164.0161654332645,0.0,99.9999999999999,121.32125072663406,19.28126454829812,0.0,0
2030-10-30 18:00:00,0.0,164.0161654332645,0.0,99.9999999999999,53.5434835377154,31.175071415255964,0.0,0
2030-10-30 19:00:00,0.0,164.0161654332645,0.0,99.9999999999999,4.372224788328363,44.91574270254886,0.0,0
2030-10-30 20:00:00,0.0,164.0161654332645,0.0,99.9999999999999,0.0,43.80762405034783,0.0,0
2030-10-30 21:00:00,0.0,164.0161654332645,0.0,99.9999999999999,0.0,40.04002063286428,0.0,0
2030-10-30 22:00:00,0.0,164.0161654332645,0.0,99.9999999999999,0.0,47.42747831420456,0.0,0
2030-10-30 23:00:00,0.0,164.0161654332645,0.0,99.9999999999999,0.0,44.47249524166847,0.0,0
2030-10-31 00:00:00,0.0,164.0161654332645,0.0,99.9999999999999,0.0,41.813010476385955,0.0,0
2030-10-31 01:00:00,0.0,164.0161654332645,0.0,99.9999999999999,0.0,41.66526132275915,0.0,0
2030-10-31 02:00:00,0.0,164.0161654332645,0.0,99.9999999999999,0.0,38.636403673409646,0.0,0
2030-10-31 03:00:00,0.0,164.0161654332645,0.0,99.9999999999999,0.0,34.27780364141887,0.0,0
2030-10-31 04:00:00,0.0,164.0161654332645,0.0,99.9999999999999,0.0,34.42555279504568,0.0,0
2030-10-31 05:00:00,0.0,164.0161654332645,0.0,99.9999999999999,0.0,46.910356276510754,0.0,0
2030-10-31 06:00:00,0.0,164.0161654332645,0.0,99.9999999999999,0.0,58.58253941302839,0.0,0
2030-10-31 07:00:00,0.0,164.0161654332645,0.0,99.9999999999999,0.0,75.91277638768456,0.0,0
2030-10-31 08:00:00,0.0,164.0161654332645,0.0,99.9999999999999,16.98008814952962,97.8756880743092,0.0,0
2030-10-31 09:00:00,0.0,164.0161654332645,0.0,46.0561141224345,80.41047945960702,104.48746269910876,0.0,0
2030-10-31 10:00:00,0.0,164.0161654332645,0.0,24.55167681552308,149.6714898886257,41.148139285065355,0.0,0
2030-10-31 11:00:00,0.0,164.0161654332645,0.0,24.55167681552308,192.81629644668493,38.78415282703642,0.0,0
2030-10-31 12:00:00,0.0,164.0161654332645,0.0,24.55167681552308,199.51011934995245,25.117356116556937,0.0,0
2030-10-31 13:00:00,0.0,164.0161654332645,0.0,24.55167681552308,210.2797550498092,16.843403513455833,0.0,0
2030-10-31 14:00:00,0.0,164.0161654332645,0.0,24.55167681552308,221.38248446493367,15.58753570762798,0.0,0
2030-10-31 15:00:00,0.0,164.0161654332645,0.0,24.55167681552308,210.19751699222087,21.12812896863318,0.0,0
2030-10-31 16:00:00,0.0,164.0161654332645,0.0,36.57363858344485,178.69028304396124,27.924590035466224,0.0,0
2030-10-31 17:00:00,0.0,164.0161654332645,0.0,99.9999999999999,112.3294953365103,41.517512169132345,0.0,0
2030-10-31 18:00:00,0.0,164.0161654332645,0.0,99.9999999999999,51.94605364211504,60.06003094929645,0.0,0
2030-10-31 19:00:00,0.0,164.0161654332645,0.0,99.9999999999999,5.1472741080455595,74.8371625492814,0.0,0
2030-10-31 20:00:00,0.0,164.0161654332645,0.0,99.9999999999999,0.0,74.90069468534092,0.0,0
2030-10-31 21:00:00,0.0,164.0161654332645,0.0,99.9999999999999,0.0,62.64564113776555,0.0,0
2030-10-31 22:00:00,0.0,164.0161654332645,0.0,99.9999999999999,0.0,70.10697339591923,0.0,0
2030-10-31 23:00:00,0.0,164.0161654332645,0.0,99.9999999999999,0.0,48.97884442728603,0.0,0
2030-11-01 00:00:00,0.0,164.0161654332645,0.0,99.9999999999999,0.0,78.21544694695832,0.0,0
2030-11-01 01:00:00,0.0,164.0161654332645,0.0,99.9999999999999,0.0,98.92692330236392,0.0,0
2030-11-01 02:00:00,0.0,164.0161654332645,0.0,99.9999999999999,0.0,74.1922374937004,0.0,0
2030-11-01 03:00:00,0.0,164.0161654332645,0.0,99.9999999999999,0.0,55.84918007093248,0.0,0
2030-11-01 04:00:00,0.0,164.0161654332645,0.0,99.9999999999999,0.0,53.41131903609018,0.0,0
2030-11-01 05:00:00,0.0,164.0161654332645,0.0,99.9999999999999,0.0,29.40208157173429,0.0,0
2030-11-01 06:00:00,0.0,164.0161654332645,0.0,99.9999999999999,0.0,25.78222730787755,0.0,0
2030-11-01 07:00:00,0.0,164.0161654332645,0.0,99.9999999999999,0.0,23.418240849848665,0.0,0
2030-11-01 08:00:00,0.0,164.0161654332645,0.0,99.9999999999999,9.821235654431774,43.65987489672104,0.0,0
2030-11-01 09:00:00,0.0,164.0161654332645,0.0,99.9999999999999,69.93488918868117,44.32474608804166,0.0,0
2030-11-01 10:00:00,0.0,164.0161654332645,0.0,83.5029539986133,114.56885539386116,19.13351539467132,0.0,0
2030-11-01 11:00:00,0.0,164.0161654332645,0.0,36.65941847315776,156.18722894056893,24.156986617982703,0.0,0
2030-11-01 12:00:00,0.0,164.0161654332645,0.0,0.0,218.52131002970285,22.310122197647622,0.0,0
2030-11-01 13:00:00,0.0,164.0161654332645,0.0,0.0,219.14253276688075,24.230861194796084,0.0,0
2030-11-01 14:00:00,0.0,164.0161654332645,0.0,0.0,220.56897849958165,23.196617119408447,0.0,0
2030-11-01 15:00:00,0.0,164.0161654332645,0.0,0.0,199.17288414977017,24.600234078863114,0.0,0
2030-11-01 16:00:00,0.0,164.0161654332645,0.0,48.72966673723016,152.66223363761083,40.26164436330449,0.0,0
2030-11-01 17:00:00,0.0,164.0161654332645,0.0,48.72966673723017,112.68211319494652,97.0268691867232,0.0,0
2030-11-01 18:00:00,0.0,164.0161654332645,0.0,48.72966673723017,54.49010866103412,176.27138898869225,0.0,0
2030-11-01 19:00:00,0.0,164.0161654332645,0.0,99.9999999999999,4.662128732344698,216.1333718914362,0.0,0
2030-11-01 20:00:00,0.0,164.0161654332645,0.0,99.9999999999999,0.0,219.12898598121967,0.0,0
2030-11-01 21:00:00,0.0,164.0161654332645,0.0,99.9999999999999,0.0,206.8761486709488,0.0,0
2030-11-01 22:00:00,0.0,164.0161654332645,0.0,99.9999999999999,0.0,222.98080641627053,0.0,0
2030-11-01 23:00:00,0.0,164.0161654332645,0.0,99.9999999999999,0.0,225.96164559069132,0.0,0
2030-11-02 00:00:00,0.0,164.0161654332645,0.0,99.9999999999999,0.0,221.83279549259024,0.0,0
2030-11-02 01:00:00,0.0,164.0161654332645,0.0,99.9999999999999,0.0,202.95266989638887,0.0,0
2030-11-02 02:00:00,0.0,164.0161654332645,0.0,99.9999999999999,0.0,189.41145996649217,0.0,0
2030-11-02 03:00:00,0.0,164.0161654332645,0.0,99.9999999999999,0.0,178.65606032822888,0.0,0
2030-11-02 04:00:00,0.0,164.0161654332645,0.0,99.9999999999999,0.0,163.72674710000828,0.0,0
2030-11-02 05:00:00,0.0,164.0161654332645,0.0,99.9999999999999,0.0,155.70913927844967,0.0,0
2030-11-02 06:00:00,0.0,164.0161654332645,0.0,99.9999999999999,0.0,148.32242034287756,0.0,0
2030-11-02 07:00:00,0.0,164.0161654332645,0.0,99.9999999999999,0.0,141.85765612593667,0.0,0
2030-11-02 08:00:00,0.0,164.0161654332645,0.0,85.8797877553729,12.542782883973095,134.0557620686732,0.0,0
2030-11-02 09:00:00,0.0,164.0161654332645,0.0,44.72431024101911,61.3643819784343,113.12783320320432,0.0,0
2030-11-02 10:00:00,0.0,164.0161654332645,0.0,44.724310241019104,111.290574263668,92.88472166479569,0.0,0
2030-11-02 11:00:00,0.0,164.0161654332645,0.0,44.724310241019104,139.93071736967605,75.48356509639865,0.0,0
2030-11-02 12:00:00,0.0,164.0161654332645,0.0,44.724310241019104,158.30116116908007,65.45287505667486,0.0,0
2030-11-02 13:00:00,0.0,164.0161654332645,0.0,44.724310241019104,159.86723410747047,53.33744445927681,0.0,0
2030-11-02 14:00:00,0.0,164.0161654332645,0.0,44.724310241019104,155.73225724067385,35.829169754500334,0.0,0
2030-11-02 15:00:00,0.0,164.0161654332645,0.0,86.42823014146904,123.9729843533306,23.861488310729086,0.0,0
2030-11-02 16:00:00,0.0,164.0161654332645,0.0,99.9999999999999,96.39069482263126,26.299349345571375,0.0,0
2030-11-02 17:00:00,0.0,164.0161654332645,0.0,99.9999999999999,53.3068272568857,48.4617223895922,0.0,0
2030-11-02 18:00:00,0.0,164.0161654332645,0.0,99.9999999999999,23.31064366172359,75.59585445315504,0.0,0
2030-11-02 19:00:00,0.0,164.0161654332645,0.0,99.9999999999999,0.6744704003645791,95.21250958018602,0.0,0
2030-11-02 20:00:00,0.0,164.0161654332645,0.0,99.9999999999999,0.0,108.39764404984216,0.0,0
2030-11-02 21:00:00,0.0,164.0161654332645,0.0,99.9999999999999,0.0,122.7101045616708,0.0,0
2030-11-02 22:00:00,0.0,164.0161654332645,0.0,99.9999999999999,0.0,150.28748408611406,0.0,0
2030-11-02 23:00:00,0.0,164.0161654332645,0.0,99.9999999999999,0.0,152.77557983318948,0.0,0
2030-11-03 00:00:00,0.0,164.0161654332645,0.0,99.9999999999999,0.0,160.26276819322783,0.0,0
2030-11-03 01:00:00,0.0,164.0161654332645,0.0,99.9999999999999,0.0,151.59580284147944,0.0,0
2030-11-03 02:00:00,0.0,164.0161654332645,0.0,99.9999999999999,0.0,136.55420025650247,0.0,0
2030-11-03 03:00:00,0.0,164.0161654332645,0.0,99.9999999999999,0.0,126.32331011361433,0.0,0
2030-11-03 04:00:00,0.0,164.0161654332645,0.0,99.9999999999999,0.0,119.12497134891638,0.0,0
2030-11-03 05:00:00,0.0,164.0161654332645,0.0,99.9999999999999,0.0,114.81734477492684,0.0,0
2030-11-03 06:00:00,0.0,164.0161654332645,0.0,99.9999999999999,0.0,107.51853658576267,0.0,0
2030-11-03 07:00:00,0.0,164.0161654332645,0.0,99.9999999999999,0.0,98.5826677744135,0.0,0
2030-11-03 08:00:00,0.0,164.0161654332645,0.0,96.59251501377535,16.74343186869993,80.45975659054947,0.0,0
2030-11-03 09:00:00,0.0,164.0161654332645,0.0,55.64408039280323,76.39738057743774,50.82570884762112,0.0,0
2030-11-03 10:00:00,0.0,164.0161654332645,0.0,0.0,143.0350561334594,42.182383360452974,0.0,0
2030-11-03 11:00:00,0.0,164.0161654332645,0.0,0.0,196.80395477866503,46.98423085332416,0.0,0
2030-11-03 12:00:00,0.0,164.0161654332645,0.0,0.0,226.46349481434692,43.06887828221381,0.0,0
2030-11-03 13:00:00,0.0,164.0161654332645,0.0,0.0,238.5240905261296,35.312047716806504,0.0,0
2030-11-03 14:00:00,0.0,164.0161654332645,0.0,0.0,235.13043945903195,23.861488310729086,0.0,0
2030-11-03 15:00:00,0.0,164.0161654332645,0.0,0.0,215.01938871412565,13.223549249599095,0.0,0
2030-11-03 16:00:00,0.0,164.0161654332645,0.0,11.52420175637701,182.0721012970174,9.751444139369143,0.0,0
2030-11-03 17:00:00,0.0,164.0161654332645,0.0,75.31373297280146,130.0745749138219,12.854176365532073,0.0,0
2030-11-03 18:00:00,0.0,164.0161654332645,0.0,99.9999999999999,61.569681302054015,26.003851038317762,0.0,0
2030-11-03 19:00:00,0.0,164.0161654332645,0.0,99.9999999999999,5.295184283564115,51.56445461575512,0.0,0
2030-11-03 20:00:00,0.0,164.0161654332645,0.0,99.9999999999999,0.0,69.07272932053156,0.0,0
2030-11-03 21:00:00,0.0,164.0161654332645,0.0,99.9999999999999,0.0,76.60498117242612,0.0,0
2030-11-03 22:00:00,0.0,164.0161654332645,0.0,99.9999999999999,0.0,76.17059866076333,0.0,0
2030-11-03 23:00:00,0.0,164.0161654332645,0.0,99.9999999999999,0.0,74.93541573644323,0.0,0
2030-11-04 00:00:00,0.0,164.0161654332645,0.0,99.9999999999999,0.0,74.00164108552181,0.0,0
2030-11-04 01:00:00,0.0,164.0161654332645,0.0,99.9999999999999,0.0,66.9303665929429,0.0,0
2030-11-04 02:00:00,0.0,164.0161654332645,0.0,99.9999999999999,0.0,64.93575301898103,0.0,0
2030-11-04 03:00:00,0.0,164.0161654332645,0.0,99.9999999999999,0.0,83.23670193296529,0.0,0
2030-11-04 04:00:00,0.0,164.0161654332645,0.0,99.9999999999999,0.0,117.32538665774187,0.0,0
2030-11-04 05:00:00,0.0,164.0161654332645,0.0,99.9999999999999,0.0,146.3174643281618,0.0,0
2030-11-04 06:00:00,0.0,164.0161654332645,0.0,99.9999999999999,0.0,156.02679995874735,0.0,0
2030-11-04 07:00:00,0.0,164.0161654332645,0.0,80.96010811838448,0.0,166.88414651301312,0.0,0
2030-11-04 08:00:00,0.0,164.0161654332645,0.0,12.397006644194276,21.062408993841608,180.67431376677104,0.0,0
2030-11-04 09:00:00,0.0,164.0161654332645,0.0,0.0,89.97494304933859,165.56105284228508,0.0,0
2030-11-04 10:00:00,0.0,164.0161654332645,0.0,0.0,154.40224894241106,169.9506801965375,0.0,0
2030-11-04 11:00:00,0.0,164.0161654332645,0.0,0.0,202.02636725587405,180.4201852225329,0.0,0
2030-11-04 12:00:00,0.0,164.0161654332645,0.0,0.0,229.01464952169087,149.01240889031473,0.0,0
2030-11-04 13:00:00,0.0,164.0161654332645,0.0,0.0,241.7295998499676,109.2412917170512,0.0,0
2030-11-04 14:00:00,0.0,164.0161654332645,0.0,0.0,238.58502951844324,70.32859712635943,0.0,0
2030-11-04 15:00:00,0.0,164.0161654332645,0.0,0.0,219.88326692587768,38.19315621252922,0.0,0
2030-11-04 16:00:00,0.0,164.0161654332645,0.0,35.267475671990496,184.01445772192696,22.23624762083422,0.0,0
2030-11-04 17:00:00,0.0,164.0161654332645,0.0,99.9999999999999,131.36198508153535,13.371298403225879,0.0,0
2030-11-04 18:00:00,0.0,164.0161654332645,0.0,99.9999999999999,63.50375475713462,6.205464452325811,0.0,0
2030-11-04 19:00:00,0.0,164.0161654332645,0.0,99.9999999999999,4.66804513936544,3.1322820568882674,0.0,0
2030-11-04 20:00:00,0.0,164.0161654332645,0.0,99.9999999999999,0.0,6.220239367688492,0.0,0
2030-11-04 21:00:00,0.0,164.0161654332645,0.0,99.9999999999999,0.0,16.252406898948596,0.0,0
2030-11-04 22:00:00,0.0,164.0161654332645,0.0,99.9999999999999,0.0,46.39323423881692,0.0,0
2030-11-04 23:00:00,0.0,164.0161654332645,0.0,99.9999999999999,0.0,55.18430887961186,0.0,0
2030-11-05 00:00:00,0.0,164.0161654332645,0.0,99.9999999999999,0.0,52.67257326795617,0.0,0
2030-11-05 01:00:00,0.0,164.0161654332645,0.0,99.9999999999999,0.0,49.20046815772624,0.0,0
2030-11-05 02:00:00,0.0,164.0161654332645,0.0,99.9999999999999,0.0,49.422091888166456,0.0,0
2030-11-05 03:00:00,0.0,164.0161654332645,0.0,99.9999999999999,0.0,55.25818345642527,0.0,0
2030-11-05 04:00:00,0.0,164.0161654332645,0.0,99.9999999999999,0.0,65.67449878711506,0.0,0
2030-11-05 05:00:00,0.0,164.0161654332645,0.0,99.9999999999999,0.0,79.19945631011282,0.0,0
2030-11-05 06:00:00,0.0,164.0161654332645,0.0,99.9999999999999,0.0,84.66691374007277,0.0,0
2030-11-05 07:00:00,0.0,164.0161654332645,0.0,99.9999999999999,0.0,89.79676435399546,0.0,0
2030-11-05 08:00:00,0.0,164.0161654332645,0.0,95.19390026042083,20.94408085342677,94.02091265618583,0.0,0
2030-11-05 09:00:00,0.0,164.0161654332645,0.0,32.036669623627965,90.09267954905135,75.99699340525184,0.0,0
2030-11-05 10:00:00,0.0,164.0161654332645,0.0,0.0,153.21068456843355,68.33398355239756,0.0,0
2030-11-05 11:00:00,0.0,164.0161654332645,0.0,0.0,200.7052335681424,64.0492580972202,0.0,0
2030-11-05 12:00:00,0.0,164.0161654332645,0.0,0.0,230.578355897273,50.45633596355409,0.0,0
2030-11-05 13:00:00,0.0,164.0161654332645,0.0,0.0,243.773718475634,34.13005448779206,0.0,0
2030-11-05 14:00:00,0.0,164.0161654332645,0.0,0.0,239.6564908298996,20.31550862368576,0.0,0
2030-11-05 15:00:00,0.0,164.0161654332645,0.0,0.0,220.5334800574572,11.00731194519699,0.0,0
2030-11-05 16:00:00,0.0,164.0161654332645,0.0,47.72772856938133,184.3475514371948,5.599692922455921,0.0,0
2030-11-05 17:00:00,0.0,164.0161654332645,0.0,99.9999999999999,131.8909118691897,2.349211542666207,0.0,0
2030-11-05 18:00:00,0.0,164.0161654332645,0.0,99.9999999999999,63.388384820230144,3.4647176525485865,0.0,0
2030-11-05 19:00:00,0.0,164.0161654332645,0.0,99.9999999999999,2.254151074902684,4.587611220112306,0.0,0
2030-11-05 20:00:00,0.0,164.0161654332645,0.0,99.9999999999999,0.0,8.052328872660894,0.0,0
2030-11-05 21:00:00,0.0,164.0161654332645,0.0,99.9999999999999,0.0,17.951522165656872,0.0,0
2030-11-05 22:00:00,0.0,164.0161654332645,0.0,99.9999999999999,0.0,50.53021054036747,0.0,0
2030-11-05 23:00:00,0.0,164.0161654332645,0.0,99.9999999999999,0.0,66.04387167118207,0.0,0
2030-11-06 00:00:00,0.0,164.0161654332645,0.0,99.9999999999999,0.0,83.4974791891166,0.0,0
2030-11-06 01:00:00,0.0,164.0161654332645,0.0,99.9999999999999,0.0,106.24715511880397,0.0,0
2030-11-06 02:00:00,0.0,164.0161654332645,0.0,99.9999999999999,0.0,121.56061614645424,0.0,0
2030-11-06 03:00:00,0.0,164.0161654332645,0.0,99.9999999999999,0.0,128.63558436787383,0.0,0
2030-11-06 04:00:00,0.0,164.0161654332645,0.0,99.9999999999999,0.0,119.49360548721523,0.0,0
2030-11-06 05:00:00,0.0,164.0161654332645,0.0,99.9999999999999,0.0,105.41311114658066,0.0,0
2030-11-06 06:00:00,0.0,164.0161654332645,0.0,99.9999999999999,0.0,88.45667953060035,0.0,0
2030-11-06 07:00:00,0.0,164.0161654332645,0.0,99.9999999999999,0.0,77.78919063874497,0.0,0
2030-11-06 08:00:00,0.0,164.0161654332645,0.0,99.9999999999999,20.707424572597112,65.74837336392845,0.0,0
2030-11-06 09:00:00,0.0,164.0161654332645,0.0,67.53335318122794,89.17563646083636,41.148139285065355,0.0,0
2030-11-06 10:00:00,0.0,164.0161654332645,0.0,30.619839326776173,149.96376039545035,21.79300015995379,0.0,0
2030-11-06 11:00:00,0.0,164.0161654332645,0.0,0.0,198.41085092549855,16.991152667082638,0.0,0
2030-11-06 12:00:00,0.0,164.0161654332645,0.0,0.0,225.06781439815387,9.973067869809352,0.0,0
2030-11-06 13:00:00,0.0,164.0161654332645,0.0,0.0,243.05842486682627,2.4304735771609254,0.0,0
2030-11-06 14:00:00,0.0,164.0161654332645,0.0,0.0,235.09671593901368,0.22383996774461,0.0,0
2030-11-06 15:00:00,0.0,164.0161654332645,0.0,0.0,208.6710839808694,0.3228319006745562,0.0,0
2030-11-06 16:00:00,0.0,164.0161654332645,0.0,68.06631778068225,167.2290193633798,2.9771454455801174,0.0,0
2030-11-06 17:00:00,0.0,164.0161654332645,0.0,99.9999999999999,122.73645528599552,9.160447524861937,0.0,0
2030-11-06 18:00:00,0.0,164.0161654332645,0.0,99.9999999999999,58.217445084101584,22.753369658528047,0.0,0
2030-11-06 19:00:00,0.0,164.0161654332645,0.0,99.9999999999999,0.8282969829038767,39.8183969024241,0.0,0
2030-11-06 20:00:00,0.0,164.0161654332645,0.0,99.9999999999999,0.0,49.12659358091284,0.0,0
2030-11-06 21:00:00,0.0,164.0161654332645,0.0,99.9999999999999,0.0,46.17161050837672,0.0,0
2030-11-06 22:00:00,0.0,164.0161654332645,0.0,99.9999999999999,0.0,70.62409543361305,0.0,0
2030-11-06 23:00:00,0.0,164.0161654332645,0.0,99.9999999999999,0.0,69.95922424229242,0.0,0
2030-11-07 00:00:00,0.0,164.0161654332645,0.0,99.9999999999999,0.0,76.56952137555568,0.0,0
2030-11-07 01:00:00,0.0,164.0161654332645,0.0,99.9999999999999,0.0,83.44724447688348,0.0,0
2030-11-07 02:00:00,0.0,164.0161654332645,0.0,99.9999999999999,0.0,98.96312184500246,0.0,0
2030-11-07 03:00:00,0.0,164.0161654332645,0.0,99.9999999999999,0.0,119.28675667213768,0.0,0
2030-11-07 04:00:00,0.0,164.0161654332645,0.0,99.9999999999999,0.0,135.25548519612286,0.0,0
2030-11-07 05:00:00,0.0,164.0161654332645,0.0,99.9999999999999,0.0,142.8763865401935,0.0,0
2030-11-07 06:00:00,0.0,164.0161654332645,0.0,99.9999999999999,0.0,142.01427022878107,0.0,0
2030-11-07 07:00:00,0.0,164.0161654332645,0.0,99.9999999999999,0.0,134.63420000512215,0.0,0
2030-11-07 08:00:00,0.0,164.0161654332645,0.0,68.06028313681895,19.524143168448703,122.70714957859826,0.0,0
2030-11-07 09:00:00,0.0,164.0161654332645,0.0,23.50227773229733,87.83557027063827,87.82652939038202,0.0,0
2030-11-07 10:00:00,0.0,164.0161654332645,0.0,8.073706438316718,150.0501399379532,45.72836304749632,0.0,0
2030-11-07 11:00:00,0.0,164.0161654332645,0.0,0.0,200.08401083096447,54.297813957851034,0.0,0
2030-11-07 12:00:00,0.0,164.0161654332645,0.0,0.0,228.89513809987196,58.87803772028201,0.0,0
2030-11-07 13:00:00,0.0,164.0161654332645,0.0,0.0,237.73839167377503,55.84918007093248,0.0,0
2030-11-07 14:00:00,0.0,164.0161654332645,0.0,0.0,230.95463938379223,53.70681734334383,0.0,0
2030-11-07 15:00:00,0.0,164.0161654332645,0.0,0.0,208.95507151786504,50.38246138674069,0.0,0
2030-11-07 16:00:00,0.0,164.0161654332645,0.0,22.80634840534873,160.69967257528887,49.12659358091284,0.0,0
2030-11-07 17:00:00,0.0,164.0161654332645,0.0,84.34310055553556,102.54730796841544,53.48519361290359,0.0,0
2030-11-07 18:00:00,0.0,164.0161654332645,0.0,99.9999999999999,33.191043386362786,61.98076994644492,0.0,0
2030-11-07 19:00:00,0.0,164.0161654332645,0.0,99.9999999999999,0.0,69.29435305097181,0.0,0
2030-11-07 20:00:00,0.0,164.0161654332645,0.0,99.9999999999999,0.0,64.64025471172741,0.0,0
2030-11-07 21:00:00,0.0,164.0161654332645,0.0,99.9999999999999,0.0,54.888810572358246,0.0,0
2030-11-07 22:00:00,0.0,164.0161654332645,0.0,99.9999999999999,0.0,46.097735931563335,0.0,0
2030-11-07 23:00:00,0.0,164.0161654332645,0.0,99.9999999999999,0.0,41.00039013143854,0.0,0
2030-11-08 00:00:00,0.0,164.0161654332645,0.0,99.9999999999999,0.0,40.113895209677686,0.0,0
2030-11-08 01:00:00,0.0,164.0161654332645,0.0,99.9999999999999,0.0,38.48865451978285,0.0,0
2030-11-08 02:00:00,0.0,164.0161654332645,0.0,99.9999999999999,0.0,38.34090536615604,0.0,0
2030-11-08 03:00:00,0.0,164.0161654332645,0.0,99.9999999999999,0.0,42.4778816677066,0.0,0
2030-11-08 04:00:00,0.0,164.0161654332645,0.0,99.9999999999999,0.0,46.98423085332416,0.0,0
2030-11-08 05:00:00,0.0,164.0161654332645,0.0,99.9999999999999,0.0,51.93382749982215,0.0,0
2030-11-08 06:00:00,0.0,164.0161654332645,0.0,99.9999999999999,0.0,56.88342414632014,0.0,0
2030-11-08 07:00:00,0.0,164.0161654332645,0.0,99.9999999999999,0.0,63.08888859864595,0.0,0
2030-11-08 08:00:00,0.0,164.0161654332645,0.0,99.9999999999999,19.34665095782644,66.19162082480888,0.0,0
2030-11-08 09:00:00,0.0,164.0161654332645,0.0,60.60763607589456,86.25411467399395,52.96807157520976,0.0,0
2030-11-08 10:00:00,0.0,164.0161654332645,0.0,17.858717984576685,145.98970979961797,45.211241009802485,0.0,0
2030-11-08 11:00:00,0.0,164.0161654332645,0.0,0.0,195.49702046778316,47.72297662145817,0.0,0
2030-11-08 12:00:00,0.0,164.0161654332645,0.0,0.0,225.1364447195945,41.44363759231894,0.0,0
2030-11-08 13:00:00,0.0,164.0161654332645,0.0,0.0,240.25227301688832,36.93728840670137,0.0,0
2030-11-08 14:00:00,0.0,164.0161654332645,0.0,0.0,236.69769567882648,30.657949377562137,0.0,0
2030-11-08 15:00:00,0.0,164.0161654332645,0.0,0.0,211.97480566125176,22.82724423534143,0.0,0
2030-11-08 16:00:00,0.0,164.0161654332645,0.0,43.46723984320305,181.78219735300104,17.212776397522827,0.0,0
2030-11-08 17:00:00,0.0,164.0161654332645,0.0,99.9999999999999,129.58469641250443,14.183918748173326,0.0,0
2030-11-08 18:00:00,0.0,164.0161654332645,0.0,99.9999999999999,62.667174804401675,16.400156052575404,0.0,0
2030-11-08 19:00:00,0.0,164.0161654332645,0.0,99.9999999999999,0.0,17.80377301203006,0.0,0
2030-11-08 20:00:00,0.0,164.0161654332645,0.0,99.9999999999999,0.0,22.310122197647622,0.0,0
2030-11-08 21:00:00,0.0,164.0161654332645,0.0,99.9999999999999,0.0,34.27780364141887,0.0,0
2030-11-08 22:00:00,0.0,164.0161654332645,0.0,99.9999999999999,0.0,64.0492580972202,0.0,0
2030-11-08 23:00:00,0.0,164.0161654332645,0.0,99.9999999999999,0.0,77.12431944742434,0.0,0
2030-11-09 00:00:00,0.0,164.0161654332645,0.0,99.9999999999999,0.0,90.4032746296335,0.0,0
2030-11-09 01:00:00,0.0,164.0161654332645,0.0,99.9999999999999,0.0,118.65882276922378,0.0,0
2030-11-09 02:00:00,0.0,164.0161654332645,0.0,99.9999999999999,0.0,169.9506801965375,0.0,0
2030-11-09 03:00:00,0.0,164.0161654332645,0.0,51.39888249501313,0.0,223.13594302757863,0.0,0
2030-11-09 04:00:00,0.0,164.0161654332645,0.0,29.36864594193156,0.0,242.3278193379325,0.0,0
2030-11-09 05:00:00,0.0,164.0161654332645,0.0,29.368645941931565,0.0,235.14647172590168,0.0,0
2030-11-09 06:00:00,0.0,164.0161654332645,0.0,29.36864594193156,0.0,226.38051444122328,0.0,0
2030-11-09 07:00:00,0.0,164.0161654332645,0.0,17.07199011818085,0.0,226.2807837625252,0.0,0
2030-11-09 08:00:00,0.0,164.0161654332645,0.0,0.0,20.234112010937732,213.26777705684432,0.0,0
2030-11-09 09:00:00,0.0,164.0161654332645,0.0,0.0,88.97388698142905,170.19446630002173,0.0,0
2030-11-09 10:00:00,0.0,164.0161654332645,0.0,0.0,153.0639576743192,190.09184481894363,0.0,0
2030-11-09 11:00:00,0.0,164.0161654332645,0.0,0.0,201.3087070842581,148.74498292225024,0.0,0
2030-11-09 12:00:00,0.0,164.0161654332645,0.0,0.0,231.73797167333845,110.91898335648357,0.0,0
2030-11-09 13:00:00,0.0,164.0161654332645,0.0,0.0,244.97060761593008,74.53797051318712,0.0,0
2030-11-09 14:00:00,0.0,164.0161654332645,0.0,0.0,240.385392174855,41.29588843869213,0.0,0
2030-11-09 15:00:00,0.0,164.0161654332645,0.0,0.0,221.58186738153273,24.230861194796084,0.0,0
2030-11-09 16:00:00,0.0,164.0161654332645,0.0,18.352933069506772,185.8148203783388,17.212776397522827,0.0,0
2030-11-09 17:00:00,0.0,164.0161654332645,0.0,89.82899250859747,132.48077764915763,15.070413669934153,0.0,0
2030-11-09 18:00:00,0.0,164.0161654332645,0.0,99.9999999999999,63.580668048404235,15.661410284441388,0.0,0
2030-11-09 19:00:00,0.0,164.0161654332645,0.0,99.9999999999999,0.0,14.25779332498673,0.0,0
2030-11-09 20:00:00,0.0,164.0161654332645,0.0,99.9999999999999,0.0,11.746057713331032,0.0,0
2030-11-09 21:00:00,0.0,164.0161654332645,0.0,99.9999999999999,0.0,10.04694244662276,0.0,0
2030-11-09 22:00:00,0.0,164.0161654332645,0.0,99.9999999999999,0.0,7.609081411780467,0.0,0
2030-11-09 23:00:00,0.0,164.0161654332645,0.0,99.9999999999999,0.0,8.864949217608313,0.0,0
2030-11-10 00:00:00,0.0,164.0161654332645,0.0,99.9999999999999,0.0,11.450559406077415,0.0,0
2030-11-10 01:00:00,0.0,164.0161654332645,0.0,99.9999999999999,0.0,18.32089504972387,0.0,0
2030-11-10 02:00:00,0.0,164.0161654332645,0.0,99.9999999999999,0.0,26.89034596007859,0.0,0
2030-11-10 03:00:00,0.0,164.0161654332645,0.0,99.9999999999999,0.0,42.10850878363958,0.0,0
2030-11-10 04:00:00,0.0,164.0161654332645,0.0,99.9999999999999,0.0,66.8564920161295,0.0,0
2030-11-10 05:00:00,0.0,164.0161654332645,0.0,99.9999999999999,0.0,95.11499513879232,0.0,0
2030-11-10 06:00:00,0.0,164.0161654332645,0.0,99.9999999999999,0.0,117.05131197776416,0.0,0
2030-11-10 07:00:00,0.0,164.0161654332645,0.0,93.40413707751684,0.0,135.11881722901808,0.0,0
2030-11-10 08:00:00,0.0,164.0161654332645,0.0,12.840463439889504,15.382658253929256,144.65307011255584,0.0,0
2030-11-10 09:00:00,0.0,164.0161654332645,0.0,0.0,80.24008693740964,129.1187241002335,0.0,0
2030-11-10 10:00:00,0.0,164.0161654332645,0.0,0.0,144.98273732468763,125.693159973396,0.0,0
2030-11-10 11:00:00,0.0,164.0161654332645,0.0,0.0,191.80163264262768,110.3006531485554,0.0,0
2030-11-10 12:00:00,0.0,164.0161654332645,0.0,0.0,227.6231105904124,84.34777556823887,0.0,0
2030-11-10 13:00:00,0.0,164.0161654332645,0.0,0.0,239.91148797249363,54.962685149171655,0.0,0
2030-11-10 14:00:00,0.0,164.0161654332645,0.0,0.0,234.6618600229892,29.771454455801308,0.0,0
2030-11-10 15:00:00,0.0,164.0161654332645,0.0,0.0,215.62345387094337,18.32089504972387,0.0,0
2030-11-10 16:00:00,0.0,164.0161654332645,0.0,13.84849425969918,177.23839676107116,14.848789939493939,0.0,0
2030-11-10 17:00:00,0.0,164.0161654332645,0.0,78.94978916630531,123.1340378377894,17.729898435216658,0.0,0
2030-11-10 18:00:00,0.0,164.0161654332645,0.0,99.9999999999999,50.70360816775921,31.24894599206937,0.0,0
2030-11-10 19:00:00,0.0,164.0161654332645,0.0,99.9999999999999,0.0,55.332058033238674,0.0,0
2030-11-10 20:00:00,0.0,164.0161654332645,0.0,99.9999999999999,0.0,70.18084797273262,0.0,0
2030-11-10 21:00:00,0.0,164.0161654332645,0.0,99.9999999999999,0.0,71.36284120174707,0.0,0
2030-11-10 22:00:00,0.0,164.0161654332645,0.0,99.9999999999999,0.0,89.6933399464567,0.0,0
2030-11-10 23:00:00,0.0,164.0161654332645,0.0,99.9999999999999,0.0,75.42815916378862,0.0,0
2030-11-11 00:00:00,0.0,164.0161654332645,0.0,99.9999999999999,0.0,79.36493536217486,0.0,0
2030-11-11 01:00:00,0.0,164.0161654332645,0.0,99.9999999999999,0.0,91.78546796181224,0.0,0
2030-11-11 02:00:00,0.0,164.0161654332645,0.0,99.9999999999999,0.0,104.61304947969154,0.0,0
2030-11-11 03:00:00,0.0,164.0161654332645,0.0,99.9999999999999,0.0,125.03641498552484,0.0,0
2030-11-11 04:00:00,0.0,164.0161654332645,0.0,99.9999999999999,0.0,139.4515611591241,0.0,0
2030-11-11 05:00:00,0.0,164.0161654332645,0.0,96.64934301848383,0.0,152.32420616885955,0.0,0
2030-11-11 06:00:00,0.0,164.0161654332645,0.0,96.64934301848383,0.0,153.50546065210588,0.0,0
2030-11-11 07:00:00,0.0,164.0161654332645,0.0,96.6493430184838,0.0,147.0975798593113,0.0,0
2030-11-11 08:00:00,0.0,164.0161654332645,0.0,69.50792453575377,13.252751726462124,129.73188308778475,0.0,0
2030-11-11 09:00:00,0.0,164.0161654332645,0.0,25.635014115951375,82.63445685870396,93.54294414420312,0.0,0
2030-11-11 10:00:00,0.0,164.0161654332645,0.0,0.0,149.94186968947363,72.76645816120171,0.0,0
2030-11-11 11:00:00,0.0,164.0161654332645,0.0,0.0,202.03169202219271,55.03655972598506,0.0,0
2030-11-11 12:00:00,0.0,164.0161654332645,0.0,0.0,232.53372841762825,41.074264708251945,0.0,0
2030-11-11 13:00:00,0.0,164.0161654332645,0.0,0.0,244.96883269382388,24.156986617982703,0.0,0
2030-11-11 14:00:00,0.0,164.0161654332645,0.0,0.0,240.33096123026425,11.302810252450609,0.0,0
2030-11-11 15:00:00,0.0,164.0161654332645,0.0,0.0,220.47313270584564,7.535206834967062,0.0,0
2030-11-11 16:00:00,0.0,164.0161654332645,0.0,44.250390178441926,181.46862778090167,9.30819667848874,0.0,0
2030-11-11 17:00:00,0.0,164.0161654332645,0.0,96.53096647826112,126.65725821864127,17.729898435216658,0.0,0
2030-11-11 18:00:00,0.0,164.0161654332645,0.0,99.9999999999999,60.33729371963345,32.94806125877762,0.0,0
2030-11-11 19:00:00,0.0,164.0161654332645,0.0,99.9999999999999,0.0,49.20046815772624,0.0,0
2030-11-11 20:00:00,0.0,164.0161654332645,0.0,99.9999999999999,0.0,59.616783488416026,0.0,0
2030-11-11 21:00:00,0.0,164.0161654332645,0.0,99.9999999999999,0.0,61.833020792818125,0.0,0
2030-11-11 22:00:00,0.0,164.0161654332645,0.0,99.9999999999999,0.0,79.82295773841797,0.0,0
2030-11-11 23:00:00,0.0,164.0161654332645,0.0,99.9999999999999,0.0,74.60667386962356,0.0,0
2030-11-12 00:00:00,0.0,164.0161654332645,0.0,99.9999999999999,0.0,79.45210736281469,0.0,0
2030-11-12 01:00:00,0.0,164.0161654332645,0.0,99.9999999999999,0.0,79.69293848322637,0.0,0
2030-11-12 02:00:00,0.0,164.0161654332645,0.0,99.9999999999999,0.0,79.63236133023939,0.0,0
2030-11-12 03:00:00,0.0,164.0161654332645,0.0,99.9999999999999,0.0,72.91420731482852,0.0,0
2030-11-12 04:00:00,0.0,164.0161654332645,0.0,99.9999999999999,0.0,67.59523778426355,0.0,0
2030-11-12 05:00:00,0.0,164.0161654332645,0.0,99.9999999999999,0.0,64.3447564044738,0.0,0
2030-11-12 06:00:00,0.0,164.0161654332645,0.0,99.9999999999999,0.0,61.833020792818125,0.0,0
2030-11-12 07:00:00,0.0,164.0161654332645,0.0,99.9999999999999,0.0,63.38438690589957,0.0,0
2030-11-12 08:00:00,0.0,164.0161654332645,0.0,99.9999999999999,10.649532637335652,60.94652587105728,0.0,0
2030-11-12 09:00:00,0.0,164.0161654332645,0.0,96.52632034207994,67.42869917469487,40.04002063286428,0.0,0
2030-11-12 10:00:00,0.0,164.0161654332645,0.0,46.2623032683839,132.45947858388303,24.747983232489915,0.0,0
2030-11-12 11:00:00,0.0,164.0161654332645,0.0,0.0,188.68546106480284,18.32089504972387,0.0,0
2030-11-12 12:00:00,0.0,164.0161654332645,0.0,0.0,219.8578263756885,11.155061098823799,0.0,0
2030-11-12 13:00:00,0.0,164.0161654332645,0.0,0.0,239.6724651288556,2.1275878122259937,0.0,0
2030-11-12 14:00:00,0.0,164.0161654332645,0.0,0.0,235.2517258029572,0.5895191229709356,0.0,0
2030-11-12 15:00:00,0.0,164.0161654332645,0.0,0.0,215.44122853470452,1.0859562791570183,0.0,0
2030-11-12 16:00:00,0.0,164.0161654332645,0.0,60.27374900979015,175.41969324289505,4.883109527365924,0.0,0
2030-11-12 17:00:00,0.0,164.0161654332645,0.0,99.9999999999999,122.48145814340155,12.484803481465052,0.0,0
2030-11-12 18:00:00,0.0,164.0161654332645,0.0,99.9999999999999,52.360202133566986,24.009237464355877,0.0,0
2030-11-12 19:00:00,0.0,164.0161654332645,0.0,99.9999999999999,0.0,37.01116298351478,0.0,0
2030-11-12 20:00:00,0.0,164.0161654332645,0.0,99.9999999999999,0.0,40.85264097781173,0.0,0
2030-11-12 21:00:00,0.0,164.0161654332645,0.0,99.9999999999999,0.0,45.4328647402427,0.0,0
2030-11-12 22:00:00,0.0,164.0161654332645,0.0,99.9999999999999,0.0,50.899583424434496,0.0,0
2030-11-12 23:00:00,0.0,164.0161654332645,0.0,99.9999999999999,0.0,58.43479025940158,0.0,0
2030-11-13 00:00:00,0.0,164.0161654332645,0.0,99.9999999999999,0.0,75.8610641839152,0.0,0
2030-11-13 01:00:00,0.0,164.0161654332645,0.0,99.9999999999999,0.0,86.332785447215,0.0,0
2030-11-13 02:00:00,0.0,164.0161654332645,0.0,99.9999999999999,0.0,94.13246326717407,0.0,0
2030-11-13 03:00:00,0.0,164.0161654332645,0.0,99.9999999999999,0.0,100.0727179887398,0.0,0
2030-11-13 04:00:00,0.0,164.0161654332645,0.0,99.9999999999999,0.0,102.30668519157707,0.0,0
2030-11-13 05:00:00,0.0,164.0161654332645,0.0,99.9999999999999,0.0,105.20404609419874,0.0,0
2030-11-13 06:00:00,0.0,164.0161654332645,0.0,99.9999999999999,0.0,107.3043003130038,0.0,0
2030-11-13 07:00:00,0.0,164.0161654332645,0.0,99.9999999999999,0.0,111.15759823959088,0.0,0
2030-11-13 08:00:00,0.0,164.0161654332645,0.0,91.2322529980789,16.092627096418322,106.21021783039728,0.0,0
2030-11-13 09:00:00,0.0,164.0161654332645,0.0,48.4686858829084,80.03419597308782,75.62244930080787,0.0,0
2030-11-13 10:00:00,0.0,164.0161654332645,0.0,1.5000693289466651,143.6089476144714,65.30512590304802,0.0,0
2030-11-13 11:00:00,0.0,164.0161654332645,0.0,0.0,189.8965495819488,65.60062421030165,0.0,0
2030-11-13 12:00:00,0.0,164.0161654332645,0.0,0.0,222.8734190341607,62.49789198413874,0.0,0
2030-11-13 13:00:00,0.0,164.0161654332645,0.0,0.0,237.2775035668592,55.25818345642527,0.0,0
2030-11-13 14:00:00,0.0,164.0161654332645,0.0,0.0,233.05673879826188,47.575227467831375,0.0,0
2030-11-13 15:00:00,0.0,164.0161654332645,0.0,0.0,214.79042376242288,46.98423085332416,0.0,0
2030-11-13 16:00:00,0.0,164.0161654332645,0.0,9.086760062113399,179.3251135172869,54.445563111477846,0.0,0
2030-11-13 17:00:00,0.0,164.0161654332645,0.0,55.16960102464782,125.63016995984049,68.48173270602439,0.0,0
2030-11-13 18:00:00,0.0,164.0161654332645,0.0,99.9999999999999,59.59300971642411,82.7173636579671,0.0,0
2030-11-13 19:00:00,0.0,164.0161654332645,0.0,99.9999999999999,0.0,101.95947468055408,0.0,0
2030-11-13 20:00:00,0.0,164.0161654332645,0.0,99.9999999999999,0.0,115.8065253584583,0.0,0
2030-11-13 21:00:00,0.0,164.0161654332645,0.0,99.9999999999999,0.0,131.69473059371683,0.0,0
2030-11-13 22:00:00,0.0,164.0161654332645,0.0,99.9999999999999,0.0,146.88555982385688,0.0,0
2030-11-13 23:00:00,0.0,164.0161654332645,0.0,99.9999999999999,0.0,145.40289706721188,0.0,0
2030-11-14 00:00:00,0.0,164.0161654332645,0.0,99.9999999999999,0.0,144.902027436417,0.0,0
2030-11-14 01:00:00,0.0,164.0161654332645,0.0,99.9999999999999,0.0,142.9871984054136,0.0,0
2030-11-14 02:00:00,0.0,164.0161654332645,0.0,99.9999999999999,0.0,138.8251047477465,0.0,0
2030-11-14 03:00:00,0.0,164.0161654332645,0.0,99.9999999999999,0.0,138.089313962685,0.0,0
2030-11-14 04:00:00,0.0,164.0161654332645,0.0,99.9999999999999,0.0,132.87820131426759,0.0,0
2030-11-14 05:00:00,0.0,164.0161654332645,0.0,99.9999999999999,0.0,144.22681380434247,0.0,0
2030-11-14 06:00:00,0.0,164.0161654332645,0.0,99.9999999999999,0.0,148.71173936268417,0.0,0
2030-11-14 07:00:00,0.0,164.0161654332645,0.0,93.88013204080168,0.0,153.88665346846307,0.0,0
2030-11-14 08:00:00,0.0,164.0161654332645,0.0,50.86253090891779,17.86754920264092,142.77296213265475,0.0,0
2030-11-14 09:00:00,0.0,164.0161654332645,0.0,10.05185856495916,83.29117803800635,108.12135313256005,0.0,0
2030-11-14 10:00:00,0.0,164.0161654332645,0.0,0.0,145.83884142058903,71.95383781625429,0.0,0
2030-11-14 11:00:00,0.0,164.0161654332645,0.0,0.0,193.85285095671887,59.98615637248304,0.0,0
2030-11-14 12:00:00,0.0,164.0161654332645,0.0,0.0,224.26081648052468,52.30320038388914,0.0,0
2030-11-14 13:00:00,0.0,164.0161654332645,0.0,0.0,238.16910610488503,47.72297662145817,0.0,0
2030-11-14 14:00:00,0.0,164.0161654332645,0.0,0.0,234.5068501590457,45.06349185617567,0.0,0
2030-11-14 15:00:00,0.0,164.0161654332645,0.0,0.0,215.61931238602887,42.4778816677066,0.0,0
2030-11-14 16:00:00,0.0,164.0161654332645,0.0,5.844486928922521,180.47526304211908,55.25818345642527,0.0,0
2030-11-14 17:00:00,0.0,164.0161654332645,0.0,37.30117290253799,128.25054662932712,79.78971417885192,0.0,0
2030-11-14 18:00:00,0.0,164.0161654332645,0.0,96.88441105371412,61.05672881335567,96.59396416659665,0.0,0
2030-11-14 19:00:00,0.0,164.0161654332645,0.0,99.9999999999999,0.0,105.31485795941884,0.0,0
2030-11-14 20:00:00,0.0,164.0161654332645,0.0,99.9999999999999,0.0,104.07450381472184,0.0,0
2030-11-14 21:00:00,0.0,164.0161654332645,0.0,99.9999999999999,0.0,107.86944082562631,0.0,0
2030-11-14 22:00:00,0.0,164.0161654332645,0.0,99.9999999999999,0.0,107.07085665027341,0.0,0
2030-11-14 23:00:00,0.0,164.0161654332645,0.0,99.9999999999999,0.0,103.20426129985997,0.0,0
2030-11-15 00:00:00,0.0,164.0161654332645,0.0,99.9999999999999,0.0,101.6403365087202,0.0,0
2030-11-15 01:00:00,0.0,164.0161654332645,0.0,99.9999999999999,0.0,96.69960481143981,0.0,0
2030-11-15 02:00:00,0.0,164.0161654332645,0.0,99.9999999999999,0.0,89.34391319812931,0.0,0
2030-11-15 03:00:00,0.0,164.0161654332645,0.0,99.9999999999999,0.0,76.7519915802848,0.0,0
2030-11-15 04:00:00,0.0,164.0161654332645,0.0,99.9999999999999,0.0,69.95922424229242,0.0,0
2030-11-15 05:00:00,0.0,164.0161654332645,0.0,99.9999999999999,0.0,70.91959374086665,0.0,0
2030-11-15 06:00:00,0.0,164.0161654332645,0.0,99.9999999999999,0.0,74.30231061315237,0.0,0
2030-11-15 07:00:00,0.0,164.0161654332645,0.0,99.9999999999999,0.0,70.99346831768007,0.0,0
2030-11-15 08:00:00,0.0,164.0161654332645,0.0,99.9999999999999,11.477829620239527,59.247410604349,0.0,0
2030-11-15 09:00:00,0.0,164.0161654332645,0.0,99.9999999999999,61.43892870689562,42.10850878363958,0.0,0
2030-11-15 10:00:00,0.0,164.0161654332645,0.0,47.60178967864363,118.61922764026116,36.346291792194165,0.0,0
2030-11-15 11:00:00,0.0,164.0161654332645,0.0,0.0,183.85530637306903,30.953447684815757,0.0,0
2030-11-15 12:00:00,0.0,164.0161654332645,0.0,0.0,217.04161663381527,24.895732386116723,0.0,0
2030-11-15 13:00:00,0.0,164.0161654332645,0.0,0.0,232.09709757949753,20.53713235412597,0.0,0
2030-11-15 14:00:00,0.0,164.0161654332645,0.0,0.0,228.7105462008248,25.708352731064146,0.0,0
2030-11-15 15:00:00,0.0,164.0161654332645,0.0,0.0,210.97138303053393,42.99500370540041,0.0,0
2030-11-15 16:00:00,0.0,164.0161654332645,0.0,0.0,179.59963480304927,72.17546154669449,0.0,0
2030-11-15 17:00:00,0.0,164.0161654332645,0.0,10.626684369055056,126.6359591533666,93.54294414420312,0.0,0
2030-11-15 18:00:00,0.0,164.0161654332645,0.0,91.31148910235856,58.927413926590646,102.7129953640508,0.0,0
2030-11-15 19:00:00,0.0,164.0161654332645,0.0,99.9999999999999,0.0,115.45044989821773,0.0,0
2030-11-15 20:00:00,0.0,164.0161654332645,0.0,99.9999999999999,0.0,130.38345685527895,0.0,0
2030-11-15 21:00:00,0.0,164.0161654332645,0.0,99.9999999999999,0.0,137.09348466724035,0.0,0
2030-11-15 22:00:00,0.0,164.0161654332645,0.0,99.9999999999999,0.0,140.1112611300678,0.0,0
2030-11-15 23:00:00,0.0,164.0161654332645,0.0,99.9999999999999,0.0,129.79541522384423,0.0,0
2030-11-16 00:00:00,0.0,164.0161654332645,0.0,99.9999999999999,0.0,129.4445109839806,0.0,0
2030-11-16 01:00:00,0.0,164.0161654332645,0.0,99.9999999999999,0.0,134.93856326159337,0.0,0
2030-11-16 02:00:00,0.0,164.0161654332645,0.0,99.9999999999999,0.0,130.73731607821517,0.0,0
2030-11-16 03:00:00,0.0,164.0161654332645,0.0,99.9999999999999,0.0,125.4589775648975,0.0,0
2030-11-16 04:00:00,0.0,164.0161654332645,0.0,99.9999999999999,0.0,125.12137074886029,0.0,0
2030-11-16 05:00:00,0.0,164.0161654332645,0.0,99.9999999999999,0.0,126.41639208039923,0.0,0
2030-11-16 06:00:00,0.0,164.0161654332645,0.0,99.9999999999999,0.0,121.17646834702455,0.0,0
2030-11-16 07:00:00,0.0,164.0161654332645,0.0,99.9999999999999,0.0,106.484292510375,0.0,0
2030-11-16 08:00:00,0.0,164.0161654332645,0.0,99.9999999999999,13.311915796669547,93.41070865170717,0.0,0
2030-11-16 09:00:00,0.0,164.0161654332645,0.0,52.566582363034335,63.497838350113874,90.61898839392866,0.0,0
2030-11-16 10:00:00,0.0,164.0161654332645,0.0,0.0,127.7370024999267,94.99162459551394,0.0,0
2030-11-16 11:00:00,0.0,164.0161654332645,0.0,0.0,156.99422685819812,95.6402433799356,0.0,0
2030-11-16 12:00:00,0.0,164.0161654332645,0.0,0.0,181.39822253735488,91.15384033005768,0.0,0
2030-11-16 13:00:00,0.0,164.0161654332645,0.0,0.0,216.8653077045972,81.84638239733705,0.0,0
2030-11-16 14:00:00,0.0,164.0161654332645,0.0,0.0,218.74258365227857,83.56913752862562,0.0,0
2030-11-16 15:00:00,0.0,164.0161654332645,0.0,0.0,202.63753210111668,90.30280520516727,0.0,0
2030-11-16 16:00:00,0.0,164.0161654332645,0.0,0.0,130.83660813809345,103.49458838673658,0.0,0
2030-11-16 17:00:00,0.0,164.0161654332645,0.0,15.42345276290888,92.01077870517592,114.88752562289956,0.0,0
2030-11-16 18:00:00,0.0,164.0161654332645,0.0,79.9751075191678,40.23156774104582,118.50664114098817,0.0,0
2030-11-16 19:00:00,0.0,164.0161654332645,0.0,99.9999999999999,0.0,129.08326430336305,0.0,0
2030-11-16 20:00:00,0.0,164.0161654332645,0.0,99.9999999999999,0.0,134.52560437720643,0.0,0
2030-11-16 21:00:00,0.0,164.0161654332645,0.0,99.9999999999999,0.0,134.83440010828647,0.0,0
2030-11-16 22:00:00,0.0,164.0161654332645,0.0,99.9999999999999,0.0,139.7285908221744,0.0,0
2030-11-16 23:00:00,0.0,164.0161654332645,0.0,99.9999999999999,0.0,130.83261428230446,0.0,0
2030-11-17 00:00:00,0.0,164.0161654332645,0.0,99.9999999999999,0.0,122.97753052973532,0.0,0
2030-11-17 01:00:00,0.0,164.0161654332645,0.0,99.9999999999999,0.0,116.85406685767236,0.0,0
2030-11-17 02:00:00,0.0,164.0161654332645,0.0,99.9999999999999,0.0,105.14716267005244,0.0,0
2030-11-17 03:00:00,0.0,164.0161654332645,0.0,99.9999999999999,0.0,108.93692846058,0.0,0
2030-11-17 04:00:00,0.0,164.0161654332645,0.0,99.9999999999999,0.0,111.88452407543475,0.0,0
2030-11-17 05:00:00,0.0,164.0161654332645,0.0,99.9999999999999,0.0,112.11649024662889,0.0,0
2030-11-17 06:00:00,0.0,164.0161654332645,0.0,99.9999999999999,0.0,105.30082178982428,0.0,0
2030-11-17 07:00:00,0.0,164.0161654332645,0.0,99.9999999999999,0.0,103.12373801113333,0.0,0
2030-11-17 08:00:00,0.0,164.0161654332645,0.0,59.63901658402938,14.376869060403113,100.17466490474229,0.0,0
2030-11-17 09:00:00,0.0,164.0161654332645,0.0,0.0,76.60504646386575,90.46163554531608,0.0,0
2030-11-17 10:00:00,0.0,164.0161654332645,0.0,0.0,142.39016776819852,84.38471285664558,0.0,0
2030-11-17 11:00:00,0.0,164.0161654332645,0.0,0.0,190.9686025341072,85.03111540376285,0.0,0
2030-11-17 12:00:00,0.0,164.0161654332645,0.0,0.0,220.22227704816612,80.19380811402124,0.0,0
2030-11-17 13:00:00,0.0,164.0161654332645,0.0,0.0,233.2076071772908,76.85541598782359,0.0,0
2030-11-17 14:00:00,0.0,164.0161654332645,0.0,0.0,227.6935158339592,80.12214977451222,0.0,0
2030-11-17 15:00:00,0.0,164.0161654332645,0.0,0.0,206.51928674742553,80.6097219814807,0.0,0
2030-11-17 16:00:00,0.0,164.0161654332645,0.0,0.0,170.40139680790168,89.39267041882614,0.0,0
2030-11-17 17:00:00,0.0,164.0161654332645,0.0,0.0,118.04296959644086,111.46713271643902,0.0,0
2030-11-17 18:00:00,0.0,164.0161654332645,0.0,53.37351392602847,56.14670262684188,122.42273245786669,0.0,0
2030-11-17 19:00:00,0.0,164.0161654332645,0.0,99.9999999999999,0.0,126.5870423528382,0.0,0
2030-11-17 20:00:00,0.0,164.0161654332645,0.0,99.9999999999999,0.0,126.97783886418108,0.0,0
2030-11-17 21:00:00,0.0,164.0161654332645,0.0,99.9999999999999,0.0,128.87272175944483,0.0,0
2030-11-17 22:00:00,0.0,164.0161654332645,0.0,99.9999999999999,0.0,140.54416615019437,0.0,0
2030-11-17 23:00:00,0.0,164.0161654332645,0.0,99.9999999999999,0.0,130.36646570261186,0.0,0
2030-11-18 00:00:00,0.0,164.0161654332645,0.0,99.9999999999999,0.0,129.58635017146233,0.0,0
2030-11-18 01:00:00,0.0,164.0161654332645,0.0,99.9999999999999,0.0,127.48240222381664,0.0,0
2030-11-18 02:00:00,0.0,164.0161654332645,0.0,99.9999999999999,0.0,133.52460386138483,0.0,0
2030-11-18 03:00:00,0.0,164.0161654332645,0.0,99.9999999999999,0.0,144.37530170373745,0.0,0
2030-11-18 04:00:00,0.0,164.0161654332645,0.0,99.9999999999999,0.0,151.6408663333356,0.0,0
2030-11-18 05:00:00,0.0,164.0161654332645,0.0,99.9999999999999,0.0,152.09002376036108,0.0,0
2030-11-18 06:00:00,0.0,164.0161654332645,0.0,99.9999999999999,0.0,142.25879507803347,0.0,0
2030-11-18 07:00:00,0.0,164.0161654332645,0.0,99.9999999999999,0.0,135.4076668243585,0.0,0
2030-11-18 08:00:00,0.0,164.0161654332645,0.0,79.36930915001352,11.477829620239527,122.09694557411956,0.0,0
2030-11-18 09:00:00,0.0,164.0161654332645,0.0,39.83511151114294,69.91773160832105,94.68061262712953,0.0,0
2030-11-18 10:00:00,0.0,164.0161654332645,0.0,0.0,125.98101289617044,77.79288436758563,0.0,0
2030-11-18 11:00:00,0.0,164.0161654332645,0.0,0.0,165.5872164151239,70.40247170317282,0.0,0
2030-11-18 12:00:00,0.0,164.0161654332645,0.0,0.0,202.21391735843156,63.67988521315316,0.0,0
2030-11-18 13:00:00,0.0,164.0161654332645,0.0,0.0,217.47114778352116,53.559068189717,0.0,0
2030-11-18 14:00:00,0.0,164.0161654332645,0.0,0.0,217.12207976929727,42.69950539814679,0.0,0
2030-11-18 15:00:00,0.0,164.0161654332645,0.0,0.0,196.38448152089444,36.64179009944776,0.0,0
2030-11-18 16:00:00,0.0,164.0161654332645,0.0,24.081162587183822,167.6757080934458,41.66526132275915,0.0,0
2030-11-18 17:00:00,0.0,164.0161654332645,0.0,63.56498212187545,114.32391614320244,59.099661450722216,0.0,0
2030-11-18 18:00:00,0.0,164.0161654332645,0.0,99.9999999999999,54.25345238020444,77.94358850428497,0.0,0
2030-11-18 19:00:00,0.0,164.0161654332645,0.0,99.9999999999999,0.0,102.16853973293603,0.0,0
2030-11-18 20:00:00,0.0,164.0161654332645,0.0,99.9999999999999,0.0,103.75388815135165,0.0,0
2030-11-18 21:00:00,0.0,164.0161654332645,0.0,99.9999999999999,0.0,108.7633232050685,0.0,0
2030-11-18 22:00:00,0.0,164.0161654332645,0.0,99.9999999999999,0.0,135.54802852030394,0.0,0
2030-11-18 23:00:00,0.0,164.0161654332645,0.0,99.9999999999999,0.0,137.99253826705944,0.0,0
2030-11-19 00:00:00,0.0,164.0161654332645,0.0,99.9999999999999,0.0,146.2738783278419,0.0,0
2030-11-19 01:00:00,0.0,164.0161654332645,0.0,99.9999999999999,0.0,151.1045369056703,0.0,0
2030-11-19 02:00:00,0.0,164.0161654332645,0.0,99.9999999999999,0.0,154.1333945550198,0.0,0
2030-11-19 03:00:00,0.0,164.0161654332645,0.0,99.9999999999999,0.0,163.72970208308087,0.0,0
2030-11-19 04:00:00,0.0,164.0161654332645,0.0,95.6016066027475,0.0,167.07991414156865,0.0,0
2030-11-19 05:00:00,0.0,164.0161654332645,0.0,83.04409416740293,0.0,167.3990523134025,0.0,0
2030-11-19 06:00:00,0.0,164.0161654332645,0.0,83.04409416740293,0.0,165.66299975828755,0.0,0
2030-11-19 07:00:00,0.0,164.0161654332645,0.0,69.20955047022858,0.0,176.8749442812577,0.0,0
2030-11-19 08:00:00,0.0,164.0161654332645,0.0,20.65892937717348,14.968509762477332,177.2022086565411,0.0,0
2030-11-19 09:00:00,0.0,164.0161654332645,0.0,0.0,76.01754724670606,150.7750562930825,0.0,0
2030-11-19 10:00:00,0.0,164.0161654332645,0.0,0.0,136.24124595154132,140.7576636771851,0.0,0
2030-11-19 11:00:00,0.0,164.0161654332645,0.0,0.0,186.56383750716475,122.18781130360004,0.0,0
2030-11-19 12:00:00,0.0,164.0161654332645,0.0,0.0,214.400532539756,109.2110031405577,0.0,0
2030-11-19 13:00:00,0.0,164.0161654332645,0.0,0.0,228.6933886204646,95.93721917872548,0.0,0
2030-11-19 14:00:00,0.0,164.0161654332645,0.0,0.0,223.1615480560708,80.8357781865297,0.0,0
2030-11-19 15:00:00,0.0,164.0161654332645,0.0,0.0,203.8699196835373,73.06195646845536,0.0,0
2030-11-19 16:00:00,0.0,164.0161654332645,0.0,0.0,161.54808534206327,79.80153411114206,0.0,0
2030-11-19 17:00:00,0.0,164.0161654332645,0.0,35.81660472256959,107.59696136061874,95.32775392001494,0.0,0
2030-11-19 18:00:00,0.0,164.0161654332645,0.0,99.9999999999999,46.14797476178784,111.80252329517188,0.0,0
2030-11-19 19:00:00,0.0,164.0161654332645,0.0,99.9999999999999,0.0,134.78785912489403,0.0,0
2030-11-19 20:00:00,0.0,164.0161654332645,0.0,99.9999999999999,0.0,147.04586765554197,0.0,0
2030-11-19 21:00:00,0.0,164.0161654332645,0.0,99.9999999999999,0.0,164.314788731443,0.0,0
2030-11-19 22:00:00,0.0,164.0161654332645,0.0,99.9999999999999,0.0,216.02477626352052,0.0,0
2030-11-19 23:00:00,0.0,164.0161654332645,0.0,99.9999999999999,0.0,218.75148689370323,0.0,0
2030-11-20 00:00:00,0.0,164.0161654332645,0.0,99.9999999999999,0.0,219.93126388541324,0.0,0
2030-11-20 01:00:00,0.0,164.0161654332645,0.0,99.9999999999999,0.0,213.02029722451945,0.0,0
2030-11-20 02:00:00,0.0,164.0161654332645,0.0,80.35330969132342,0.0,213.3697239728468,0.0,0
2030-11-20 03:00:00,0.0,164.0161654332645,0.0,46.2463488508331,0.0,231.2518040362991,0.0,0
2030-11-20 04:00:00,0.0,164.0161654332645,0.0,23.69842879486225,0.0,238.34819588499457,0.0,0
2030-11-20 05:00:00,0.0,164.0161654332645,0.0,10.222736858715734,0.0,240.29257474672335,0.0,0
2030-11-20 06:00:00,0.0,164.0161654332645,0.0,10.222736858715734,0.0,238.58681076810188,0.0,0
2030-11-20 07:00:00,0.0,164.0161654332645,0.0,10.222736858715734,0.0,233.52418601907937,0.0,0
2030-11-20 08:00:00,0.0,164.0161654332645,0.0,0.0,10.945352988372727,216.2715173500773,0.0,0
2030-11-20 09:00:00,0.0,164.0161654332645,0.0,0.0,71.73229364158261,171.35060342715144,0.0,0
2030-11-20 10:00:00,0.0,164.0161654332645,0.0,0.0,139.79996477451766,160.1275777176593,0.0,0
2030-11-20 11:00:00,0.0,164.0161654332645,0.0,0.0,190.0574758529129,140.96377374649447,0.0,0
2030-11-20 12:00:00,0.0,164.0161654332645,0.0,0.0,221.72090294652008,139.07036834276698,0.0,0
2030-11-20 13:00:00,0.0,164.0161654332645,0.0,0.0,235.44755887534373,124.83104366198359,0.0,0
2030-11-20 14:00:00,0.0,164.0161654332645,0.0,0.0,231.89475645938813,118.19932290144445,0.0,0
2030-11-20 15:00:00,0.0,164.0161654332645,0.0,0.0,213.0657911158766,107.76749390962382,0.0,0
2030-11-20 16:00:00,0.0,164.0161654332645,0.0,0.0,176.7171613025438,101.10031335221422,0.0,0
2030-11-20 17:00:00,0.0,164.0161654332645,0.0,3.84802863885136,124.37825823425146,106.61283427403033,0.0,0
2030-11-20 18:00:00,0.0,164.0161654332645,0.0,87.11978348272214,57.27081996078286,112.6033237078292,0.0,0
2030-11-20 19:00:00,0.0,164.0161654332645,0.0,99.9999999999999,0.0,145.61196211959378,0.0,0
2030-11-20 20:00:00,0.0,164.0161654332645,0.0,99.9999999999999,0.0,163.54427689527918,0.0,0
2030-11-20 21:00:00,0.0,164.0161654332645,0.0,99.9999999999999,0.0,171.93421258397734,0.0,0
2030-11-20 22:00:00,0.0,164.0161654332645,0.0,99.9999999999999,0.0,194.23251484933488,0.0,0
2030-11-20 23:00:00,0.0,164.0161654332645,0.0,99.9999999999999,0.0,185.9179312289864,0.0,0
2030-11-21 00:00:00,0.0,164.0161654332645,0.0,99.9999999999999,0.0,191.22951330187,0.0,0
2030-11-21 01:00:00,0.0,164.0161654332645,0.0,99.9999999999999,0.0,192.5016335145968,0.0,0
2030-11-21 02:00:00,0.0,164.0161654332645,0.0,99.9999999999999,0.0,190.29869363402116,0.0,0
2030-11-21 03:00:00,0.0,164.0161654332645,0.0,85.98126748145806,0.0,191.51688540567412,0.0,0
2030-11-21 04:00:00,0.0,164.0161654332645,0.0,76.45129497193133,0.0,194.38765146064296,0.0,0
2030-11-21 05:00:00,0.0,164.0161654332645,0.0,76.45129497193133,0.0,188.8839954880445,0.0,0
2030-11-21 06:00:00,0.0,164.0161654332645,0.0,76.45129497193133,0.0,175.0834857935327,0.0,0
2030-11-21 07:00:00,0.0,164.0161654332645,0.0,76.45129497193133,0.0,167.2956279058638,0.0,0
2030-11-21 08:00:00,0.0,164.0161654332645,0.0,68.03353653218636,6.803868073853312,139.6598874657379,0.0,0
2030-11-21 09:00:00,0.0,164.0161654332645,0.0,56.6745614520176,52.59685841439668,99.38420693283885,0.0,0
2030-11-21 10:00:00,0.0,164.0161654332645,0.0,32.95904917201702,112.6898045240735,63.162763175459354,0.0,0
2030-11-21 11:00:00,0.0,164.0161654332645,0.0,2.3349489981042097,149.80697560940072,53.78069192015721,0.0,0
2030-11-21 12:00:00,0.0,164.0161654332645,0.0,1.9625828026543093,190.96268612708647,44.620244395295245,0.0,0
2030-11-21 13:00:00,0.0,164.0161654332645,0.0,0.0,211.76891469692993,33.76068160372507,0.0,0
2030-11-21 14:00:00,0.0,164.0161654332645,0.0,1.9625828026543088,207.04466369086748,27.1119696905188,0.0,0
2030-11-21 15:00:00,0.0,164.0161654332645,0.0,1.9625828026543104,189.12682502855023,22.753369658528047,0.0,0
2030-11-21 16:00:00,0.0,164.0161654332645,0.0,59.00207444622583,158.95196594136166,22.753369658528047,0.0,0
2030-11-21 17:00:00,0.0,164.0161654332645,0.0,99.9999999999999,98.90635108785077,29.328206994920883,0.0,0
2030-11-21 18:00:00,0.0,164.0161654332645,0.0,99.9999999999999,40.88237251332743,40.70489182418492,0.0,0
2030-11-21 19:00:00,0.0,164.0161654332645,0.0,99.9999999999999,0.0,61.98076994644492,0.0,0
2030-11-21 20:00:00,0.0,164.0161654332645,0.0,99.9999999999999,0.0,76.7601177837343,0.0,0
2030-11-21 21:00:00,0.0,164.0161654332645,0.0,99.9999999999999,0.0,85.04810655642991,0.0,0
2030-11-21 22:00:00,0.0,164.0161654332645,0.0,99.9999999999999,0.0,109.86774812842889,0.0,0
2030-11-21 23:00:00,0.0,164.0161654332645,0.0,99.9999999999999,0.0,121.4136057385956,0.0,0
2030-11-22 00:00:00,0.0,164.0161654332645,0.0,99.9999999999999,0.0,135.09222238136525,0.0,0
2030-11-22 01:00:00,0.0,164.0161654332645,0.0,99.9999999999999,0.0,144.17805658364563,0.0,0
2030-11-22 02:00:00,0.0,164.0161654332645,0.0,99.9999999999999,0.0,151.29513331384888,0.0,0
2030-11-22 03:00:00,0.0,164.0161654332645,0.0,99.9999999999999,0.0,157.46070549469547,0.0,0
2030-11-22 04:00:00,0.0,164.0161654332645,0.0,99.9999999999999,0.0,153.28014319282502,0.0,0
2030-11-22 05:00:00,0.0,164.0161654332645,0.0,99.9999999999999,0.0,155.8096087029159,0.0,0
2030-11-22 06:00:00,0.0,164.0161654332645,0.0,99.9999999999999,0.0,145.86756815536816,0.0,0
2030-11-22 07:00:00,0.0,164.0161654332645,0.0,99.9999999999999,0.0,132.00943629094195,0.0,0
2030-11-22 08:00:00,0.0,164.0161654332645,0.0,92.18559326682242,14.672689411440224,106.31881345831296,0.0,0
2030-11-22 09:00:00,0.0,164.0161654332645,0.0,62.96952213977983,76.38377284128998,64.64025471172741,0.0,0
2030-11-22 10:00:00,0.0,164.0161654332645,0.0,17.954662536678256,140.3951553208043,50.899583424434496,0.0,0
2030-11-22 11:00:00,0.0,164.0161654332645,0.0,0.0,188.76829076309323,44.398620664855066,0.0,0
2030-11-22 12:00:00,0.0,164.0161654332645,0.0,0.0,218.6544291876695,39.22740028791686,0.0,0
2030-11-22 13:00:00,0.0,164.0161654332645,0.0,0.0,233.46260431988475,32.72643752833743,0.0,0
2030-11-22 14:00:00,0.0,164.0161654332645,0.0,0.0,228.5993177488348,24.600234078863114,0.0,0
2030-11-22 15:00:00,0.0,164.0161654332645,0.0,0.0,210.19751699222087,18.911891664231103,0.0,0
2030-11-22 16:00:00,0.0,164.0161654332645,0.0,59.84537112104908,172.55911044836623,17.656023858403252,0.0,0
2030-11-22 17:00:00,0.0,164.0161654332645,0.0,99.9999999999999,119.0150352699488,27.776840881839444,0.0,0
2030-11-22 18:00:00,0.0,164.0161654332645,0.0,99.9999999999999,52.18270992294472,51.78607834619534,0.0,0
2030-11-22 19:00:00,0.0,164.0161654332645,0.0,99.9999999999999,0.0,77.17159917658493,0.0,0
2030-11-22 20:00:00,0.0,164.0161654332645,0.0,99.9999999999999,0.0,75.27302255248044,0.0,0
2030-11-22 21:00:00,0.0,164.0161654332645,0.0,99.9999999999999,0.0,57.252797030387136,0.0,0
2030-11-22 22:00:00,0.0,164.0161654332645,0.0,99.9999999999999,0.0,43.14275285902722,0.0,0
2030-11-22 23:00:00,0.0,164.0161654332645,0.0,99.9999999999999,0.0,35.755295177686925,0.0,0
2030-11-23 00:00:00,0.0,164.0161654332645,0.0,99.9999999999999,0.0,34.57330194867249,0.0,0
2030-11-23 01:00:00,0.0,164.0161654332645,0.0,99.9999999999999,0.0,36.19854263856736,0.0,0
2030-11-23 02:00:00,0.0,164.0161654332645,0.0,99.9999999999999,0.0,38.710278250223055,0.0,0
2030-11-23 03:00:00,0.0,164.0161654332645,0.0,99.9999999999999,0.0,45.06349185617567,0.0,0
2030-11-23 04:00:00,0.0,164.0161654332645,0.0,99.9999999999999,0.0,61.833020792818125,0.0,0
2030-11-23 05:00:00,0.0,164.0161654332645,0.0,99.9999999999999,0.0,82.63831786077672,0.0,0
2030-11-23 06:00:00,0.0,164.0161654332645,0.0,99.9999999999999,0.0,102.02965552852685,0.0,0
2030-11-23 07:00:00,0.0,164.0161654332645,0.0,99.9999999999999,0.0,110.60132267618596,0.0,0
2030-11-23 08:00:00,0.0,164.0161654332645,0.0,99.9999999999999,8.933774601320444,104.40250693577332,0.0,0
2030-11-23 09:00:00,0.0,164.0161654332645,0.0,80.8090284587658,61.6915592866813,69.4421022045986,0.0,0
2030-11-23 10:00:00,0.0,164.0161654332645,0.0,63.93200030122097,118.43877722612852,34.57330194867249,0.0,0
2030-11-23 11:00:00,0.0,164.0161654332645,0.0,14.580364473455575,169.23172313990096,38.636403673409646,0.0,0
2030-11-23 12:00:00,0.0,164.0161654332645,0.0,0.0,205.390436287868,47.944600351898394,0.0,0
2030-11-23 13:00:00,0.0,164.0161654332645,0.0,0.0,224.36435360338768,58.13929195214799,0.0,0
2030-11-23 14:00:00,0.0,164.0161654332645,0.0,0.0,217.94505198588251,58.06541737533456,0.0,0
2030-11-23 15:00:00,0.0,164.0161654332645,0.0,0.0,196.50399294271344,60.798776717430464,0.0,0
2030-11-23 16:00:00,0.0,164.0161654332645,0.0,0.0,161.5912751133147,67.59523778426355,0.0,0
2030-11-23 17:00:00,0.0,164.0161654332645,0.0,62.448132865671035,108.9098120785214,68.11235982195734,0.0,0
2030-11-23 18:00:00,0.0,164.0161654332645,0.0,99.9999999999999,49.5203267636108,52.89419699839638,0.0,0
2030-11-23 19:00:00,0.0,164.0161654332645,0.0,99.9999999999999,0.0,47.79685119827159,0.0,0
2030-11-23 20:00:00,0.0,164.0161654332645,0.0,99.9999999999999,0.0,44.84186812573546,0.0,0
2030-11-23 21:00:00,0.0,164.0161654332645,0.0,99.9999999999999,0.0,59.76453264204283,0.0,0
2030-11-23 22:00:00,0.0,164.0161654332645,0.0,99.9999999999999,0.0,84.4113077042984,0.0,0
2030-11-23 23:00:00,0.0,164.0161654332645,0.0,99.9999999999999,0.0,92.86625302059235,0.0,0
2030-11-24 00:00:00,0.0,164.0161654332645,0.0,99.9999999999999,0.0,83.04093430440977,0.0,0
2030-11-24 01:00:00,0.0,164.0161654332645,0.0,99.9999999999999,0.0,67.52136320745014,0.0,0
2030-11-24 02:00:00,0.0,164.0161654332645,0.0,99.9999999999999,0.0,68.11235982195734,0.0,0
2030-11-24 03:00:00,0.0,164.0161654332645,0.0,99.9999999999999,0.0,74.98934417751701,0.0,0
2030-11-24 04:00:00,0.0,164.0161654332645,0.0,99.9999999999999,0.0,76.33903269589788,0.0,0
2030-11-24 05:00:00,0.0,164.0161654332645,0.0,99.9999999999999,0.0,85.61620205212502,0.0,0
2030-11-24 06:00:00,0.0,164.0161654332645,0.0,99.9999999999999,0.0,100.4738569408366,0.0,0
2030-11-24 07:00:00,0.0,164.0161654332645,0.0,99.9999999999999,0.0,111.42871793649604,0.0,0
2030-11-24 08:00:00,0.0,164.0161654332645,0.0,49.62066566519184,9.525415303394665,119.48547928376576,0.0,0
2030-11-24 09:00:00,0.0,164.0161654332645,0.0,0.0,66.75896189994688,109.72443144941089,0.0,0
2030-11-24 10:00:00,0.0,164.0161654332645,0.0,0.0,134.95975219084855,107.20900210891448,0.0,0
2030-11-24 11:00:00,0.0,164.0161654332645,0.0,0.0,189.2717770005584,81.00125723859175,0.0,0
2030-11-24 12:00:00,0.0,164.0161654332645,0.0,0.0,219.5069834393585,68.18623439877075,0.0,0
2030-11-24 13:00:00,0.0,164.0161654332645,0.0,0.0,230.6724267689028,56.58792583906652,0.0,0
2030-11-24 14:00:00,0.0,164.0161654332645,0.0,0.0,226.87882658720304,50.30858680992728,0.0,0
2030-11-24 15:00:00,0.0,164.0161654332645,0.0,0.0,207.83805387234892,48.90496985047263,0.0,0
2030-11-24 16:00:00,0.0,164.0161654332645,0.0,0.0,168.95897677624478,59.32128518116243,0.0,0
2030-11-24 17:00:00,0.0,164.0161654332645,0.0,0.0,119.31499710590045,81.06257313734686,0.0,0
2030-11-24 18:00:00,0.0,164.0161654332645,0.0,80.60785884093389,53.24766318667829,108.55573564422284,0.0,0
2030-11-24 19:00:00,0.0,164.0161654332645,0.0,99.9999999999999,0.0,133.85703945704515,0.0,0
2030-11-24 20:00:00,0.0,164.0161654332645,0.0,99.9999999999999,0.0,139.79729417861088,0.0,0
2030-11-24 21:00:00,0.0,164.0161654332645,0.0,99.9999999999999,0.0,143.7754401400126,0.0,0
2030-11-24 22:00:00,0.0,164.0161654332645,0.0,99.9999999999999,0.0,130.2061578709268,0.0,0
2030-11-24 23:00:00,0.0,164.0161654332645,0.0,99.9999999999999,0.0,136.92652812364204,0.0,0
2030-11-25 00:00:00,0.0,164.0161654332645,0.0,99.9999999999999,0.0,137.87064521531732,0.0,0
2030-11-25 01:00:00,0.0,164.0161654332645,0.0,99.9999999999999,0.0,139.775870551335,0.0,0
2030-11-25 02:00:00,0.0,164.0161654332645,0.0,99.9999999999999,0.0,146.40094259996096,0.0,0
2030-11-25 03:00:00,0.0,164.0161654332645,0.0,99.9999999999999,0.0,150.5896311052809,0.0,0
2030-11-25 04:00:00,0.0,164.0161654332645,0.0,99.9999999999999,0.0,154.7701934071513,0.0,0
2030-11-25 05:00:00,0.0,164.0161654332645,0.0,99.9999999999999,0.0,154.90242889964736,0.0,0
2030-11-25 06:00:00,0.0,164.0161654332645,0.0,99.9999999999999,0.0,143.45334698510615,0.0,0
2030-11-25 07:00:00,0.0,164.0161654332645,0.0,99.9999999999999,0.0,134.5854427844253,0.0,0
2030-11-25 08:00:00,0.0,164.0161654332645,0.0,82.05960581036197,9.762071584224351,123.44589534673229,0.0,0
2030-11-25 09:00:00,0.0,164.0161654332645,0.0,43.49268310897355,53.365991327093134,112.34919516359108,0.0,0
2030-11-25 10:00:00,0.0,164.0161654332645,0.0,0.0,111.43197639146376,123.7266187386232,0.0,0
2030-11-25 11:00:00,0.0,164.0161654332645,0.0,0.0,163.5040495031206,126.05219041670917,0.0,0
2030-11-25 12:00:00,0.0,164.0161654332645,0.0,0.0,186.90462255155947,130.42704285559887,0.0,0
2030-11-25 13:00:00,0.0,164.0161654332645,0.0,0.0,196.76845633654057,133.18847453688383,0.0,0
2030-11-25 14:00:00,0.0,164.0161654332645,0.0,0.0,196.49630161358644,137.72363480745867,0.0,0
2030-11-25 15:00:00,0.0,164.0161654332645,0.0,0.0,165.89841942441487,145.85279324000547,0.0,0
2030-11-25 16:00:00,0.0,164.0161654332645,0.0,0.0,131.08391395156048,156.42941640238038,0.0,0
2030-11-25 17:00:00,0.0,164.0161654332645,0.0,0.0,88.51122395240702,156.47152491116404,0.0,0
2030-11-25 18:00:00,0.0,164.0161654332645,0.0,92.19157258263299,32.36274640345891,148.18870735884528,0.0,0
2030-11-25 19:00:00,0.0,164.0161654332645,0.0,99.9999999999999,0.0,161.1278394877128,0.0,0
2030-11-25 20:00:00,0.0,164.0161654332645,0.0,99.9999999999999,0.0,170.96793311925805,0.0,0
2030-11-25 21:00:00,0.0,164.0161654332645,0.0,99.9999999999999,0.0,178.70629504046195,0.0,0
2030-11-25 22:00:00,0.0,164.0161654332645,0.0,99.9999999999999,0.0,198.5733849828904,0.0,0
2030-11-25 23:00:00,0.0,164.0161654332645,0.0,99.9999999999999,0.0,216.74431464168308,0.0,0
2030-11-26 00:00:00,0.0,164.0161654332645,0.0,99.9999999999999,0.0,214.9816672389153,0.0,0
2030-11-26 01:00:00,0.0,164.0161654332645,0.0,99.9999999999999,0.0,203.13514010111805,0.0,0
2030-11-26 02:00:00,0.0,164.0161654332645,0.0,99.9999999999999,0.0,189.05390701471532,0.0,0
2030-11-26 03:00:00,0.0,164.0161654332645,0.0,99.9999999999999,0.0,182.84327134201257,0.0,0
2030-11-26 04:00:00,0.0,164.0161654332645,0.0,69.66384992219167,0.0,190.1952692264824,0.0,0
2030-11-26 05:00:00,0.0,164.0161654332645,0.0,52.26322584862737,0.0,192.27040608917085,0.0,0
2030-11-26 06:00:00,0.0,164.0161654332645,0.0,50.60865375487259,0.0,196.09563167656887,0.0,0
2030-11-26 07:00:00,0.0,164.0161654332645,0.0,47.99554672917668,0.0,195.7513761486184,0.0,0
2030-11-26 08:00:00,0.0,164.0161654332645,0.0,15.108081850557708,10.649532637335652,188.85887813192787,0.0,0
2030-11-26 09:00:00,0.0,164.0161654332645,0.0,0.0,65.06746113271672,147.9744710860864,0.0,0
2030-11-26 10:00:00,0.0,164.0161654332645,0.0,0.0,124.0629137400459,134.14293406931304,0.0,0
2030-11-26 11:00:00,0.0,164.0161654332645,0.0,0.0,176.02139183690454,115.7045784424558,0.0,0
2030-11-26 12:00:00,0.0,164.0161654332645,0.0,0.0,208.0889095300284,103.95778198335664,0.0,0
2030-11-26 13:00:00,0.0,164.0161654332645,0.0,0.0,224.08450755130653,91.97901935306336,0.0,0
2030-11-26 14:00:00,0.0,164.0161654332645,0.0,0.0,224.05492551620287,71.21509204812027,0.0,0
2030-11-26 15:00:00,0.0,164.0161654332645,0.0,0.0,203.41731454645048,60.42940383336344,0.0,0
2030-11-26 16:00:00,0.0,164.0161654332645,0.0,1.028807659176891,171.87872364098095,63.162763175459354,0.0,0
2030-11-26 17:00:00,0.0,164.0161654332645,0.0,61.888972112429656,118.68608303959554,65.37900047986146,0.0,0
2030-11-26 18:00:00,0.0,164.0161654332645,0.0,99.9999999999999,52.77435062501892,77.19597778693334,0.0,0
2030-11-26 19:00:00,0.0,164.0161654332645,0.0,99.9999999999999,0.0,96.13446429881728,0.0,0
2030-11-26 20:00:00,0.0,164.0161654332645,0.0,99.9999999999999,0.0,110.24524721594535,0.0,0
2030-11-26 21:00:00,0.0,164.0161654332645,0.0,99.9999999999999,0.0,107.62860970521461,0.0,0
2030-11-26 22:00:00,0.0,164.0161654332645,0.0,99.9999999999999,0.0,111.71239631145951,0.0,0
2030-11-26 23:00:00,0.0,164.0161654332645,0.0,99.9999999999999,0.0,117.29657557278465,0.0,0
2030-11-27 00:00:00,0.0,164.0161654332645,0.0,99.9999999999999,0.0,123.31661483730886,0.0,0
2030-11-27 01:00:00,0.0,164.0161654332645,0.0,99.9999999999999,0.0,120.39118159549808,0.0,0
2030-11-27 02:00:00,0.0,164.0161654332645,0.0,99.9999999999999,0.0,121.66625679129741,0.0,0
2030-11-27 03:00:00,0.0,164.0161654332645,0.0,99.9999999999999,0.0,119.45740694457668,0.0,0
2030-11-27 04:00:00,0.0,164.0161654332645,0.0,99.9999999999999,0.0,114.94219280974151,0.0,0
2030-11-27 05:00:00,0.0,164.0161654332645,0.0,99.9999999999999,0.0,107.64855584095424,0.0,0
2030-11-27 06:00:00,0.0,164.0161654332645,0.0,99.9999999999999,0.0,105.57046399519322,0.0,0
2030-11-27 07:00:00,0.0,164.0161654332645,0.0,99.9999999999999,0.0,103.92084469494993,0.0,0
2030-11-27 08:00:00,0.0,164.0161654332645,0.0,92.38127581710937,14.19937684978088,106.06985613445183,0.0,0
2030-11-27 09:00:00,0.0,164.0161654332645,0.0,43.749648624683005,74.50886345641683,84.53467824757678,0.0,0
2030-11-27 10:00:00,0.0,164.0161654332645,0.0,0.0,138.2498661350832,73.50520392933576,0.0,0
2030-11-27 11:00:00,0.0,164.0161654332645,0.0,0.0,187.7962250895853,70.03309881910583,0.0,0
2030-11-27 12:00:00,0.0,164.0161654332645,0.0,0.0,219.46379366810703,67.59523778426355,0.0,0
2030-11-27 13:00:00,0.0,164.0161654332645,0.0,0.0,234.2465282501331,62.57176656095214,0.0,0
2030-11-27 14:00:00,0.0,164.0161654332645,0.0,0.0,230.52747479689464,58.80416314346861,0.0,0
2030-11-27 15:00:00,0.0,164.0161654332645,0.0,0.0,212.5250315141808,60.35552925655004,0.0,0
2030-11-27 16:00:00,0.0,164.0161654332645,0.0,0.0,177.43422983345772,62.49789198413874,0.0,0
2030-11-27 17:00:00,0.0,164.0161654332645,0.0,56.51661559990697,125.67335973109188,60.72490214061708,0.0,0
2030-11-27 18:00:00,0.0,164.0161654332645,0.0,99.9999999999999,58.868249856383216,65.23125132623466,0.0,0
2030-11-27 19:00:00,0.0,164.0161654332645,0.0,99.9999999999999,0.0,78.52276518650208,0.0,0
2030-11-27 20:00:00,0.0,164.0161654332645,0.0,99.9999999999999,0.0,79.45210736281469,0.0,0
2030-11-27 21:00:00,0.0,164.0161654332645,0.0,99.9999999999999,0.0,75.36536577349725,0.0,0
2030-11-27 22:00:00,0.0,164.0161654332645,0.0,99.9999999999999,0.0,100.92523060516646,0.0,0
2030-11-27 23:00:00,0.0,164.0161654332645,0.0,99.9999999999999,0.0,91.4493386373113,0.0,0
2030-11-28 00:00:00,0.0,164.0161654332645,0.0,99.9999999999999,0.0,101.4364426767152,0.0,0
2030-11-28 01:00:00,0.0,164.0161654332645,0.0,99.9999999999999,0.0,116.17220451368463,0.0,0
2030-11-28 02:00:00,0.0,164.0161654332645,0.0,99.9999999999999,0.0,126.09060519665212,0.0,0
2030-11-28 03:00:00,0.0,164.0161654332645,0.0,99.9999999999999,0.0,120.45619122309388,0.0,0
2030-11-28 04:00:00,0.0,164.0161654332645,0.0,99.9999999999999,0.0,114.7316502658233,0.0,0
2030-11-28 05:00:00,0.0,164.0161654332645,0.0,99.9999999999999,0.0,109.49689775282557,0.0,0
2030-11-28 06:00:00,0.0,164.0161654332645,0.0,99.9999999999999,0.0,109.66089931335132,0.0,0
2030-11-28 07:00:00,0.0,164.0161654332645,0.0,99.9999999999999,0.0,115.24951104928525,0.0,0
2030-11-28 08:00:00,0.0,164.0161654332645,0.0,86.79304210476386,12.897767305217624,113.16920296621981,0.0,0
2030-11-28 09:00:00,0.0,164.0161654332645,0.0,34.534446555363104,71.93581804309615,96.73284837100584,0.0,0
2030-11-28 10:00:00,0.0,164.0161654332645,0.0,0.0,134.84024076902955,83.2669905094588,0.0,0
2030-11-28 11:00:00,0.0,164.0161654332645,0.0,0.0,184.4120402737209,81.53241544588009,0.0,0
2030-11-28 12:00:00,0.0,164.0161654332645,0.0,0.0,216.20740324389064,75.38974438384567,0.0,0
2030-11-28 13:00:00,0.0,164.0161654332645,0.0,0.0,231.2463182499148,64.71412928854082,0.0,0
2030-11-28 14:00:00,0.0,164.0161654332645,0.0,0.0,226.79836345172092,58.656413989841795,0.0,0
2030-11-28 15:00:00,0.0,164.0161654332645,0.0,0.0,208.4143119161692,59.76453264204283,0.0,0
2030-11-28 16:00:00,0.0,164.0161654332645,0.0,0.0,175.7841439153727,64.93575301898103,0.0,0
2030-11-28 17:00:00,0.0,164.0161654332645,0.0,45.64701615819808,123.18906042308232,81.42012608912371,0.0,0
2030-11-28 18:00:00,0.0,164.0161654332645,0.0,99.9999999999999,57.32998403099028,103.08384573965408,0.0,0
2030-11-28 19:00:00,0.0,164.0161654332645,0.0,99.9999999999999,0.0,127.75647690379436,0.0,0
2030-11-28 20:00:00,0.0,164.0161654332645,0.0,99.9999999999999,0.0,131.6999018140938,0.0,0
2030-11-28 21:00:00,0.0,164.0161654332645,0.0,99.9999999999999,0.0,126.3617248935573,0.0,0
2030-11-28 22:00:00,0.0,164.0161654332645,0.0,99.9999999999999,0.0,121.03093543070216,0.0,0
2030-11-28 23:00:00,0.0,164.0161654332645,0.0,99.9999999999999,0.0,114.94736403011844,0.0,0
2030-11-29 00:00:00,0.0,164.0161654332645,0.0,99.9999999999999,0.0,116.45292790557556,0.0,0
2030-11-29 01:00:00,0.0,164.0161654332645,0.0,99.9999999999999,0.0,122.05557581110403,0.0,0
2030-11-29 02:00:00,0.0,164.0161654332645,0.0,99.9999999999999,0.0,133.22910555413122,0.0,0
2030-11-29 03:00:00,0.0,164.0161654332645,0.0,99.9999999999999,0.0,145.22264309978715,0.0,0
2030-11-29 04:00:00,0.0,164.0161654332645,0.0,99.9999999999999,0.0,154.38604560772163,0.0,0
2030-11-29 05:00:00,0.0,164.0161654332645,0.0,99.9999999999999,0.0,160.77915148515353,0.0,0
2030-11-29 06:00:00,0.0,164.0161654332645,0.0,99.9999999999999,0.0,149.1978340781164,0.0,0
2030-11-29 07:00:00,0.0,164.0161654332645,0.0,99.9999999999999,0.0,133.64354193005443,0.0,0
2030-11-29 08:00:00,0.0,164.0161654332645,0.0,84.08064132310074,5.53184056439377,125.46414878527445,0.0,0
2030-11-29 09:00:00,0.0,164.0161654332645,0.0,66.24868843672652,50.11196746568502,93.12703027674367,0.0,0
2030-11-29 10:00:00,0.0,164.0161654332645,0.0,50.38636790077669,109.00979935717194,52.59869869114276,0.0,0
2030-11-29 11:00:00,0.0,164.0161654332645,0.0,34.71201506290555,134.62665847558077,43.36437658946743,0.0,0
2030-11-29 12:00:00,0.0,164.0161654332645,0.0,19.886651988567905,172.74902711373207,38.78415282703642,0.0,0
2030-11-29 13:00:00,0.0,164.0161654332645,0.0,19.88665198856791,183.41453405002375,33.83455618053847,0.0,0
2030-11-29 14:00:00,0.0,164.0161654332645,0.0,19.886651988567905,194.87757265271148,32.1354409138302,0.0,0
2030-11-29 15:00:00,0.0,164.0161654332645,0.0,19.886651988567905,183.53227054973652,32.72643752833743,0.0,0
2030-11-29 16:00:00,0.0,164.0161654332645,0.0,34.883802008223654,167.72895575663247,35.53367144724672,0.0,0
2030-11-29 17:00:00,0.0,164.0161654332645,0.0,88.33225620532625,113.55774143401632,48.68334612003241,0.0,0
2030-11-29 18:00:00,0.0,164.0161654332645,0.0,99.9999999999999,47.15376395531398,82.424820333786,0.0,0
2030-11-29 19:00:00,0.0,164.0161654332645,0.0,99.9999999999999,0.0,112.01011085601752,0.0,0
2030-11-29 20:00:00,0.0,164.0161654332645,0.0,99.9999999999999,0.0,115.7156596289778,0.0,0
2030-11-29 21:00:00,0.0,164.0161654332645,0.0,99.9999999999999,0.0,113.28961852642568,0.0,0
2030-11-29 22:00:00,0.0,164.0161654332645,0.0,99.9999999999999,0.0,118.19193544376309,0.0,0
2030-11-29 23:00:00,0.0,164.0161654332645,0.0,99.9999999999999,0.0,113.23273510227936,0.0,0
2030-11-30 00:00:00,0.0,164.0161654332645,0.0,99.9999999999999,0.0,110.43953735296462,0.0,0
2030-11-30 01:00:00,0.0,164.0161654332645,0.0,99.9999999999999,0.0,116.52827997392528,0.0,0
2030-11-30 02:00:00,0.0,164.0161654332645,0.0,99.9999999999999,0.0,122.42125496633042,0.0,0
2030-11-30 03:00:00,0.0,164.0161654332645,0.0,99.9999999999999,0.0,129.19998613472825,0.0,0
2030-11-30 04:00:00,0.0,164.0161654332645,0.0,99.9999999999999,0.0,133.1219874177518,0.0,0
2030-11-30 05:00:00,0.0,164.0161654332645,0.0,99.9999999999999,0.0,131.6799556783542,0.0,0
2030-11-30 06:00:00,0.0,164.0161654332645,0.0,99.9999999999999,0.0,137.17253046443068,0.0,0
2030-11-30 07:00:00,0.0,164.0161654332645,0.0,99.9999999999999,0.0,138.4904529147818,0.0,0
2030-11-30 08:00:00,0.0,164.0161654332645,0.0,81.79339844266207,5.803995287347911,139.1553241061024,0.0,0
2030-11-30 09:00:00,0.0,164.0161654332645,0.0,52.58124487006842,48.455373499877226,132.17417659723583,0.0,0
2030-11-30 10:00:00,0.0,164.0161654332645,0.0,35.809223562657166,94.57968263358211,94.14280570792793,0.0,0
2030-11-30 11:00:00,0.0,164.0161654332645,0.0,5.046612841628022,153.50650491947073,99.08353740520833,0.0,0
2030-11-30 12:00:00,0.0,164.0161654332645,0.0,5.046612841628018,164.87547265052862,90.02208181327633,0.0,0
2030-11-30 13:00:00,0.0,164.0161654332645,0.0,5.046612841628018,175.3587542505814,61.98076994644492,0.0,0
2030-11-30 14:00:00,0.0,164.0161654332645,0.0,5.046612841628017,173.3661083659955,39.079651134290046,0.0,0
2030-11-30 15:00:00,0.0,164.0161654332645,0.0,16.751652408006066,166.9976878488687,30.14082733986833,0.0,0
2030-11-30 16:00:00,0.0,164.0161654332645,0.0,50.12862784590538,152.16229724435811,24.156986617982703,0.0,0
2030-11-30 17:00:00,0.0,164.0161654332645,0.0,99.9999999999999,115.71131358956644,19.872261162805334,0.0,0
2030-11-30 18:00:00,0.0,164.0161654332645,0.0,99.9999999999999,55.614225994975115,18.69026793379089,0.0,0
2030-11-30 19:00:00,0.0,164.0161654332645,0.0,99.9999999999999,0.0,22.82724423534143,0.0,0
2030-11-30 20:00:00,0.0,164.0161654332645,0.0,99.9999999999999,0.0,36.49404094582096,0.0,0
2030-11-30 21:00:00,0.0,164.0161654332645,0.0,99.9999999999999,0.0,53.18969530565,0.0,0
2030-11-30 22:00:00,0.0,164.0161654332645,0.0,99.9999999999999,0.0,84.30123458484641,0.0,0
2030-11-30 23:00:00,0.0,164.0161654332645,0.0,99.9999999999999,0.0,90.49340161334584,0.0,0
2030-12-01 00:00:00,0.0,164.0161654332645,0.0,99.9999999999999,0.0,137.63203033221004,0.0,0
2030-12-01 01:00:00,0.0,164.0161654332645,0.0,99.9999999999999,0.0,169.91522039966708,0.0,0
2030-12-01 02:00:00,0.0,164.0161654332645,0.0,99.9999999999999,0.0,190.34227963434105,0.0,0
2030-12-01 03:00:00,0.0,164.0161654332645,0.0,67.9402067662408,0.0,207.02020409573487,0.0,0
2030-12-01 04:00:00,0.0,164.0161654332645,0.0,22.907937206654594,0.0,207.44128918357123,0.0,0
2030-12-01 05:00:00,0.0,164.0161654332645,0.0,0.3521880304486444,0.0,205.73995767955853,0.0,0
2030-12-01 06:00:00,0.0,164.0161654332645,0.0,0.3521880304486444,0.0,196.44284218759188,0.0,0
2030-12-01 07:00:00,0.0,164.0161654332645,0.0,0.0,0.0,207.85498681372627,0.0,0
2030-12-01 08:00:00,0.0,164.0161654332645,0.0,0.0,12.424454743558249,215.83196361803752,0.0,0
2030-12-01 09:00:00,0.0,164.0161654332645,0.0,0.0,71.15958544197477,171.22058417195987,0.0,0
2030-12-01 10:00:00,0.0,164.0161654332645,0.0,0.0,133.8155190730371,76.59611622320851,0.0,0
2030-12-01 11:00:00,0.0,164.0161654332645,0.0,0.0,186.422435379369,53.11582072883657,0.0,0
2030-12-01 12:00:00,0.0,164.0161654332645,0.0,0.0,218.55089206480656,35.755295177686925,0.0,0
2030-12-01 13:00:00,0.0,164.0161654332645,0.0,0.0,233.32356875489737,30.805698531188945,0.0,0
2030-12-01 14:00:00,0.0,164.0161654332645,0.0,0.0,230.02931332574815,30.953447684815757,0.0,0
2030-12-01 15:00:00,0.0,164.0161654332645,0.0,0.0,209.94074492752068,42.10850878363958,0.0,0
2030-12-01 16:00:00,0.0,164.0161654332645,0.0,0.0,156.11859861912828,75.69927886069381,0.0,0
2030-12-01 17:00:00,0.0,164.0161654332645,0.0,0.0,93.83954011528729,109.030749173133,0.0,0
2030-12-01 18:00:00,0.0,164.0161654332645,0.0,61.58950095811713,34.49265293092604,129.36768142409468,0.0,0
2030-12-01 19:00:00,0.0,164.0161654332645,0.0,99.9999999999999,0.0,134.97476180423195,0.0,0
2030-12-01 20:00:00,0.0,164.0161654332645,0.0,99.9999999999999,0.0,118.42094663188465,0.0,0
2030-12-01 21:00:00,0.0,164.0161654332645,0.0,99.9999999999999,0.0,115.05448216649786,0.0,0
2030-12-01 22:00:00,0.0,164.0161654332645,0.0,99.9999999999999,0.0,132.0559772743344,0.0,0
2030-12-01 23:00:00,0.0,164.0161654332645,0.0,99.9999999999999,0.0,118.98904212757972,0.0,0
2030-12-02 00:00:00,0.0,164.0161654332645,0.0,99.9999999999999,0.0,105.22916345031528,0.0,0
2030-12-02 01:00:00,0.0,164.0161654332645,0.0,99.9999999999999,0.0,125.30531844512564,0.0,0
2030-12-02 02:00:00,0.0,164.0161654332645,0.0,99.9999999999999,0.0,136.21511594892897,0.0,0
2030-12-02 03:00:00,0.0,164.0161654332645,0.0,99.9999999999999,0.0,122.18781130360004,0.0,0
2030-12-02 04:00:00,0.0,164.0161654332645,0.0,99.9999999999999,0.0,108.3769591683344,0.0,0
2030-12-02 05:00:00,0.0,164.0161654332645,0.0,99.9999999999999,0.0,114.3209076187408,0.0,0
2030-12-02 06:00:00,0.0,164.0161654332645,0.0,99.9999999999999,0.0,112.40090736736045,0.0,0
2030-12-02 07:00:00,0.0,164.0161654332645,0.0,99.9999999999999,0.0,92.29003132144781,0.0,0
2030-12-02 08:00:00,0.0,164.0161654332645,0.0,99.9999999999999,2.4079776574419807,76.58503503668653,0.0,0
2030-12-02 09:00:00,0.0,164.0161654332645,0.0,99.9999999999999,37.865004932749,59.76453264204283,0.0,0
2030-12-02 10:00:00,0.0,164.0161654332645,0.0,68.05087468626436,97.25863173257414,40.557142670558115,0.0,0
2030-12-02 11:00:00,0.0,164.0161654332645,0.0,0.0,149.95370250351513,38.26703078934264,0.0,0
2030-12-02 12:00:00,0.0,164.0161654332645,0.0,0.0,200.57980573930263,34.27780364141887,0.0,0
2030-12-02 13:00:00,0.0,164.0161654332645,0.0,0.0,224.4880065101212,26.003851038317762,0.0,0
2030-12-02 14:00:00,0.0,164.0161654332645,0.0,0.0,223.55558076365224,21.79300015995379,0.0,0
2030-12-02 15:00:00,0.0,164.0161654332645,0.0,0.0,202.31804612199664,21.71912558314041,0.0,0
2030-12-02 16:00:00,0.0,164.0161654332645,0.0,42.22435702451469,164.30335609162285,24.304735771609515,0.0,0
2030-12-02 17:00:00,0.0,164.0161654332645,0.0,93.56633237386647,105.4924953833408,39.30127486473027,0.0,0
2030-12-02 18:00:00,0.0,164.0161654332645,0.0,99.9999999999999,48.04122500842531,69.6637259350388,0.0,0
2030-12-02 19:00:00,0.0,164.0161654332645,0.0,99.9999999999999,0.0,118.23035022370604,0.0,0
2030-12-02 20:00:00,0.0,164.0161654332645,0.0,99.9999999999999,0.0,150.43227825666835,0.0,0
2030-12-02 21:00:00,0.0,164.0161654332645,0.0,99.9999999999999,0.0,151.78418301235362,0.0,0
2030-12-02 22:00:00,0.0,164.0161654332645,0.0,99.9999999999999,0.0,168.5300720844157,0.0,0
2030-12-02 23:00:00,0.0,164.0161654332645,0.0,99.9999999999999,0.0,153.1826287514313,0.0,0
2030-12-03 00:00:00,0.0,164.0161654332645,0.0,99.9999999999999,0.0,142.92883748973102,0.0,0
2030-12-03 01:00:00,0.0,164.0161654332645,0.0,99.9999999999999,0.0,139.15236912302987,0.0,0
2030-12-03 02:00:00,0.0,164.0161654332645,0.0,99.9999999999999,0.0,139.56163427857612,0.0,0
2030-12-03 03:00:00,0.0,164.0161654332645,0.0,99.9999999999999,0.0,139.53651692245955,0.0,0
2030-12-03 04:00:00,0.0,164.0161654332645,0.0,99.9999999999999,0.0,132.37659293770457,0.0,0
2030-12-03 05:00:00,0.0,164.0161654332645,0.0,99.9999999999999,0.0,120.45102000271696,0.0,0
2030-12-03 06:00:00,0.0,164.0161654332645,0.0,99.9999999999999,0.0,104.88195293929228,0.0,0
2030-12-03 07:00:00,0.0,164.0161654332645,0.0,99.9999999999999,0.0,93.73206306084543,0.0,0
2030-12-03 08:00:00,0.0,164.0161654332645,0.0,99.9999999999999,3.3427699667192177,82.57700196202161,0.0,0
2030-12-03 09:00:00,0.0,164.0161654332645,0.0,99.9999999999999,30.88364464827339,62.20239367688512,0.0,0
2030-12-03 10:00:00,0.0,164.0161654332645,0.0,92.16634108669598,81.44703396964104,36.346291792194165,0.0,0
2030-12-03 11:00:00,0.0,164.0161654332645,0.0,37.36036483994303,126.66494954776824,23.122742542595077,0.0,0
2030-12-03 12:00:00,0.0,164.0161654332645,0.0,0.0,185.40540501250345,11.893806866957844,0.0,0
2030-12-03 13:00:00,0.0,164.0161654332645,0.0,0.0,222.85981129801297,14.110044171359922,0.0,0
2030-12-03 14:00:00,0.0,164.0161654332645,0.0,0.0,228.19759371212643,11.302810252450609,0.0,0
2030-12-03 15:00:00,0.0,164.0161654332645,0.0,0.0,213.6461906446114,11.598308559704224,0.0,0
2030-12-03 16:00:00,0.0,164.0161654332645,0.0,51.610355670373,179.047042387312,12.484803481465052,0.0,0
2030-12-03 17:00:00,0.0,164.0161654332645,0.0,99.9999999999999,127.8405396227897,13.519047556852684,0.0,0
2030-12-03 18:00:00,0.0,164.0161654332645,0.0,99.9999999999999,60.93721739153671,22.82724423534143,0.0,0
2030-12-03 19:00:00,0.0,164.0161654332645,0.0,99.9999999999999,0.0,47.64910204464478,0.0,0
2030-12-03 20:00:00,0.0,164.0161654332645,0.0,99.9999999999999,0.0,74.89404597342771,0.0,0
2030-12-03 21:00:00,0.0,164.0161654332645,0.0,99.9999999999999,0.0,94.36812316720882,0.0,0
2030-12-03 22:00:00,0.0,164.0161654332645,0.0,99.9999999999999,0.0,130.22758149820268,0.0,0
2030-12-03 23:00:00,0.0,164.0161654332645,0.0,99.9999999999999,0.0,121.67955421512382,0.0,0
2030-12-04 00:00:00,0.0,164.0161654332645,0.0,99.9999999999999,0.0,108.77366564582236,0.0,0
2030-12-04 01:00:00,0.0,164.0161654332645,0.0,99.9999999999999,0.0,88.87628712690046,0.0,0
2030-12-04 02:00:00,0.0,164.0161654332645,0.0,99.9999999999999,0.0,72.0277123930677,0.0,0
2030-12-04 03:00:00,0.0,164.0161654332645,0.0,99.9999999999999,0.0,64.27088182766042,0.0,0
2030-12-04 04:00:00,0.0,164.0161654332645,0.0,99.9999999999999,0.0,72.98808189164193,0.0,0
2030-12-04 05:00:00,0.0,164.0161654332645,0.0,94.15017855903136,0.0,94.30828475998999,0.0,0
2030-12-04 06:00:00,0.0,164.0161654332645,0.0,78.51482570112074,0.0,111.94288499111732,0.0,0
2030-12-04 07:00:00,0.0,164.0161654332645,0.0,75.62517545971345,0.0,109.23316551360176,0.0,0
2030-12-04 08:00:00,0.0,164.0161654332645,0.0,75.62517545971342,11.596157760654371,99.28890872874956,0.0,0
2030-12-04 09:00:00,0.0,164.0161654332645,0.0,70.74406827966334,69.01015477133923,65.74837336392845,0.0,0
2030-12-04 10:00:00,0.0,164.0161654332645,0.0,42.45982883347915,133.83326829409927,45.72836304749632,0.0,0
2030-12-04 11:00:00,0.0,164.0161654332645,0.0,0.0,184.8451212676392,33.39130871965805,0.0,0
2030-12-04 12:00:00,0.0,164.0161654332645,0.0,0.0,218.21365686462428,22.53174592808784,0.0,0
2030-12-04 13:00:00,0.0,164.0161654332645,0.0,0.0,233.8483540576372,11.598308559704224,0.0,0
2030-12-04 14:00:00,0.0,164.0161654332645,0.0,0.0,230.71147505523967,10.04694244662276,0.0,0
2030-12-04 15:00:00,0.0,164.0161654332645,0.0,0.0,213.32256318057685,24.0831120411693,0.0,0
2030-12-04 16:00:00,0.0,164.0161654332645,0.0,5.288568731804729,178.74116414433965,52.08157665344896,0.0,0
2030-12-04 17:00:00,0.0,164.0161654332645,0.0,15.531663507693793,128.1286686446998,91.28385958524927,0.0,0
2030-12-04 18:00:00,0.0,164.0161654332645,0.0,88.82135905662294,61.427095892854126,117.67407466030114,0.0,0
2030-12-04 19:00:00,0.0,164.0161654332645,0.0,99.9999999999999,0.0,135.51626245227416,0.0,0
2030-12-04 20:00:00,0.0,164.0161654332645,0.0,99.9999999999999,0.0,143.1844435255054,0.0,0
2030-12-04 21:00:00,0.0,164.0161654332645,0.0,99.9999999999999,0.0,160.7569891121095,0.0,0
2030-12-04 22:00:00,0.0,164.0161654332645,0.0,99.9999999999999,0.0,157.89804298943082,0.0,0
2030-12-04 23:00:00,0.0,164.0161654332645,0.0,99.9999999999999,0.0,149.26284370571216,0.0,0
2030-12-05 00:00:00,0.0,164.0161654332645,0.0,99.9999999999999,0.0,145.215994387874,0.0,0
2030-12-05 01:00:00,0.0,164.0161654332645,0.0,99.9999999999999,0.0,145.5336550681716,0.0,0
2030-12-05 02:00:00,0.0,164.0161654332645,0.0,99.9999999999999,0.0,140.42375058998854,0.0,0
2030-12-05 03:00:00,0.0,164.0161654332645,0.0,96.63671453872688,0.0,132.20298768219308,0.0,0
2030-12-05 04:00:00,0.0,164.0161654332645,0.0,96.63671453872688,0.0,119.8681495916592,0.0,0
2030-12-05 05:00:00,0.0,164.0161654332645,0.0,96.63671453872688,0.0,112.83233489595072,0.0,0
2030-12-05 06:00:00,0.0,164.0161654332645,0.0,96.63671453872688,0.0,119.28675667213768,0.0,0
2030-12-05 07:00:00,0.0,164.0161654332645,0.0,96.63671453872688,0.0,109.73255765286032,0.0,0
2030-12-05 08:00:00,0.0,164.0161654332645,0.0,96.63671453872688,6.508047722816235,84.62037275668035,0.0,0
2030-12-05 09:00:00,0.0,164.0161654332645,0.0,99.9999999999999,30.11451173557693,77.33486199134256,0.0,0
2030-12-05 10:00:00,0.0,164.0161654332645,0.0,67.62293822968684,40.64571623249775,98.14606902544624,0.0,0
2030-12-05 11:00:00,0.0,164.0161654332645,0.0,15.074113950608703,68.02093151747113,96.81928162587752,0.0,0
2030-12-05 12:00:00,0.0,164.0161654332645,0.0,15.0741139506087,81.08849970418406,84.24065743185945,0.0,0
2030-12-05 13:00:00,0.0,164.0161654332645,0.0,15.0741139506087,103.23893594914016,64.197007250847,0.0,0
2030-12-05 14:00:00,0.0,164.0161654332645,0.0,14.5797897733637,137.85405850539556,62.49789198413874,0.0,0
2030-12-05 15:00:00,0.0,164.0161654332645,0.0,42.75730789445879,121.8915923634336,45.949986777936495,0.0,0
2030-12-05 16:00:00,0.0,164.0161654332645,0.0,99.9999999999999,75.40638240146342,27.702966305026013,0.0,0
2030-12-05 17:00:00,0.0,164.0161654332645,0.0,99.9999999999999,47.98206093821789,15.735284861254769,0.0,0
2030-12-05 18:00:00,0.0,164.0161654332645,0.0,99.9999999999999,13.193587656254705,18.17314589609708,0.0,0
2030-12-05 19:00:00,0.0,164.0161654332645,0.0,99.9999999999999,0.0,36.64179009944776,0.0,0
2030-12-05 20:00:00,0.0,164.0161654332645,0.0,99.9999999999999,0.0,61.09427502468408,0.0,0
2030-12-05 21:00:00,0.0,164.0161654332645,0.0,99.9999999999999,0.0,91.74853067340558,0.0,0
2030-12-05 22:00:00,0.0,164.0161654332645,0.0,99.9999999999999,0.0,144.769791943921,0.0,0
2030-12-05 23:00:00,0.0,164.0161654332645,0.0,99.9999999999999,0.0,153.7425980436769,0.0,0
2030-12-06 00:00:00,0.0,164.0161654332645,0.0,99.9999999999999,0.0,139.57197671933002,0.0,0
2030-12-06 01:00:00,0.0,164.0161654332645,0.0,99.9999999999999,0.0,122.42938116977984,0.0,0
2030-12-06 02:00:00,0.0,164.0161654332645,0.0,99.9999999999999,0.0,125.49886983637676,0.0,0
2030-12-06 03:00:00,0.0,164.0161654332645,0.0,91.77289184654455,0.0,134.8395713286634,0.0,0
2030-12-06 04:00:00,0.0,164.0161654332645,0.0,68.24690823156038,0.0,136.17965615205856,0.0,0
2030-12-06 05:00:00,0.0,164.0161654332645,0.0,68.24690823156038,0.0,138.9580789860106,0.0,0
2030-12-06 06:00:00,0.0,164.0161654332645,0.0,68.24690823156038,0.0,147.50536752332133,0.0,0
2030-12-06 07:00:00,0.0,164.0161654332645,0.0,68.24690823156038,0.0,140.37203838621915,0.0,0
2030-12-06 08:00:00,0.0,164.0161654332645,0.0,68.24690823156038,5.277435062501888,127.68334107274907,0.0,0
2030-12-06 09:00:00,0.0,164.0161654332645,0.0,68.24690823156038,50.0528033954776,96.58066674277023,0.0,0
2030-12-06 10:00:00,0.0,164.0161654332645,0.0,98.36189557217868,89.57736049754473,42.03463420682617,0.0,0
2030-12-06 11:00:00,0.0,164.0161654332645,0.0,54.98013558760624,112.39575909514262,34.7210511022993,0.0,0
2030-12-06 12:00:00,0.0,164.0161654332645,0.0,36.52769521587504,132.96296482134815,27.333593420959012,0.0,0
2030-12-06 13:00:00,0.0,164.0161654332645,0.0,33.898912952295746,193.19672141811864,26.22547476875798,0.0,0
2030-12-06 14:00:00,0.0,164.0161654332645,0.0,16.683814635037265,176.61125761687248,38.93190198066324,0.0,0
2030-12-06 15:00:00,0.0,164.0161654332645,0.0,57.34171976776156,121.33545010348384,51.1212071548747,0.0,0
2030-12-06 16:00:00,0.0,164.0161654332645,0.0,84.43271731795994,120.7964654238942,64.86187844216762,0.0,0
2030-12-06 17:00:00,0.0,164.0161654332645,0.0,99.9999999999999,60.36687575473716,78.29449274414866,0.0,0
2030-12-06 18:00:00,0.0,164.0161654332645,0.0,99.9999999999999,12.956931375425047,81.4740545301975,0.0,0
2030-12-06 19:00:00,0.0,164.0161654332645,0.0,99.9999999999999,0.0686303214405766,83.70654424149856,0.0,0
2030-12-06 20:00:00,0.0,164.0161654332645,0.0,99.9999999999999,0.0,94.62372920298321,0.0,0
2030-12-06 21:00:00,0.0,164.0161654332645,0.0,99.9999999999999,0.0,111.9310650588272,0.0,0
2030-12-06 22:00:00,0.0,164.0161654332645,0.0,99.9999999999999,0.0,152.40768444065873,0.0,0
2030-12-06 23:00:00,0.0,164.0161654332645,0.0,99.9999999999999,0.0,111.27284257941977,0.0,0
2030-12-07 00:00:00,0.0,164.0161654332645,0.0,99.9999999999999,0.0,91.93912708158416,0.0,0
2030-12-07 01:00:00,0.0,164.0161654332645,0.0,99.9999999999999,0.0,86.16730639515298,0.0,0
2030-12-07 02:00:00,0.0,164.0161654332645,0.0,99.9999999999999,0.0,76.10337279586314,0.0,0
2030-12-07 03:00:00,0.0,164.0161654332645,0.0,99.9999999999999,0.0,71.8799632394409,0.0,0
2030-12-07 04:00:00,0.0,164.0161654332645,0.0,99.9999999999999,0.0,62.719515714578954,0.0,0
2030-12-07 05:00:00,0.0,164.0161654332645,0.0,99.9999999999999,0.0,60.65102756380366,0.0,0
2030-12-07 06:00:00,0.0,164.0161654332645,0.0,99.9999999999999,0.0,55.18430887961186,0.0,0
2030-12-07 07:00:00,0.0,164.0161654332645,0.0,99.9999999999999,0.0,50.75183427080768,0.0,0
2030-12-07 08:00:00,0.0,164.0161654332645,0.0,99.9999999999999,4.389974009390556,46.02386135474991,0.0,0
2030-12-07 09:00:00,0.0,164.0161654332645,0.0,99.9999999999999,52.77435062501892,30.288576493495118,0.0,0
2030-12-07 10:00:00,0.0,164.0161654332645,0.0,75.07409124498258,114.58246313000888,24.37861034842292,0.0,0
2030-12-07 11:00:00,0.0,164.0161654332645,0.0,0.3134317914410758,148.7976365716621,38.56252909659624,0.0,0
2030-12-07 12:00:00,0.0,164.0161654332645,0.0,0.3134317914410758,174.66535134775043,43.586000319907605,0.0,0
2030-12-07 13:00:00,0.0,164.0161654332645,0.0,0.3134317914410758,185.94024820717848,42.03463420682617,0.0,0
2030-12-07 14:00:00,0.0,164.0161654332645,0.0,0.3134317914410793,161.19783404643536,38.26703078934264,0.0,0
2030-12-07 15:00:00,0.0,164.0161654332645,0.0,19.52094514601617,146.02106675682788,30.657949377562137,0.0,0
2030-12-07 16:00:00,0.0,164.0161654332645,0.0,59.97007990978648,128.25409647353953,44.47249524166847,0.0,0
2030-12-07 17:00:00,0.0,164.0161654332645,0.0,99.9999999999999,76.50328426310901,55.7753054941191,0.0,0
2030-12-07 18:00:00,0.0,164.0161654332645,0.0,99.9999999999999,32.83605896511828,61.98076994644492,0.0,0
2030-12-07 19:00:00,0.0,164.0161654332645,0.0,99.9999999999999,0.0822380575882837,55.701430917305665,0.0,0
2030-12-07 20:00:00,0.0,164.0161654332645,0.0,99.9999999999999,0.0,50.16083765630047,0.0,0
2030-12-07 21:00:00,0.0,164.0161654332645,0.0,99.9999999999999,0.0,38.85802740384984,0.0,0
2030-12-07 22:00:00,0.0,164.0161654332645,0.0,99.9999999999999,0.0,20.463257777312567,0.0,0
2030-12-07 23:00:00,0.0,164.0161654332645,0.0,99.9999999999999,0.0,18.54251878016408,0.0,0
2030-12-08 00:00:00,0.0,164.0161654332645,0.0,99.9999999999999,0.0,16.62177978301562,0.0,0
2030-12-08 01:00:00,0.0,164.0161654332645,0.0,99.9999999999999,0.0,14.996539093120749,0.0,0
2030-12-08 02:00:00,0.0,164.0161654332645,0.0,99.9999999999999,0.0,22.014623890394002,0.0,0
2030-12-08 03:00:00,0.0,164.0161654332645,0.0,99.9999999999999,0.0,32.28319006745701,0.0,0
2030-12-08 04:00:00,0.0,164.0161654332645,0.0,99.9999999999999,0.0,27.555217151399226,0.0,0
2030-12-08 05:00:00,0.0,164.0161654332645,0.0,99.9999999999999,0.0,24.156986617982703,0.0,0
2030-12-08 06:00:00,0.0,164.0161654332645,0.0,99.9999999999999,0.0,23.787613733915688,0.0,0
2030-12-08 07:00:00,0.0,164.0161654332645,0.0,99.9999999999999,0.0,30.36245107030854,0.0,0
2030-12-08 08:00:00,0.0,164.0161654332645,0.0,99.9999999999999,1.0590368567128228,43.43825116628082,0.0,0
2030-12-08 09:00:00,0.0,164.0161654332645,0.0,99.9999999999999,17.51256478139642,44.10312235760144,0.0,0
2030-12-08 10:00:00,0.0,164.0161654332645,0.0,93.36544026707347,51.827725501700186,37.7499087516488,0.0,0
2030-12-08 11:00:00,0.0,164.0161654332645,0.0,68.65568646286137,85.91096306679091,29.475956148547688,0.0,0
2030-12-08 12:00:00,0.0,164.0161654332645,0.0,68.65568646286137,86.02692464439745,25.117356116556937,0.0,0
2030-12-08 13:00:00,0.0,164.0161654332645,0.0,68.65568646286137,73.33090681858708,21.866874736767222,0.0,0
2030-12-08 14:00:00,0.0,164.0161654332645,0.0,68.65568646286135,90.55120109315888,21.349752699073395,0.0,0
2030-12-08 15:00:00,0.0,164.0161654332645,0.0,68.65568646286135,71.55361814955621,20.53713235412597,0.0,0
2030-12-08 16:00:00,0.0,164.0161654332645,0.0,93.2499538900571,56.205866697049295,20.167759470058954,0.0,0
2030-12-08 17:00:00,0.0,164.0161654332645,0.0,99.9999999999999,33.54602780760732,23.492115426662068,0.0,0
2030-12-08 18:00:00,0.0,164.0161654332645,0.0,99.9999999999999,14.968509762477332,34.13005448779206,0.0,0
2030-12-08 19:00:00,0.0,164.0161654332645,0.0,99.9999999999999,1.0412876356505962,45.87611220112313,0.0,0
2030-12-08 20:00:00,0.0,164.0161654332645,0.0,99.9999999999999,0.0,52.37707496070255,0.0,0
2030-12-08 21:00:00,0.0,164.0161654332645,0.0,99.9999999999999,0.0,54.74106141873144,0.0,0
2030-12-08 22:00:00,0.0,164.0161654332645,0.0,99.9999999999999,0.0,62.35014283051193,0.0,0
2030-12-08 23:00:00,0.0,164.0161654332645,0.0,99.9999999999999,0.0,54.81493599554484,0.0,0
2030-12-09 00:00:00,0.0,164.0161654332645,0.0,99.9999999999999,0.0,51.34283088531491,0.0,0
2030-12-09 01:00:00,0.0,164.0161654332645,0.0,99.9999999999999,0.0,49.71759019542005,0.0,0
2030-12-09 02:00:00,0.0,164.0161654332645,0.0,99.9999999999999,0.0,57.10504787676033,0.0,0
2030-12-09 03:00:00,0.0,164.0161654332645,0.0,99.9999999999999,0.0,67.37361405382333,0.0,0
2030-12-09 04:00:00,0.0,164.0161654332645,0.0,99.9999999999999,0.0,71.06734289449344,0.0,0
2030-12-09 05:00:00,0.0,164.0161654332645,0.0,99.9999999999999,0.0,75.67563899611353,0.0,0
2030-12-09 06:00:00,0.0,164.0161654332645,0.0,99.9999999999999,0.0,70.03309881910583,0.0,0
2030-12-09 07:00:00,0.0,164.0161654332645,0.0,99.9999999999999,0.0,70.03309881910583,0.0,0
2030-12-09 08:00:00,0.0,164.0161654332645,0.0,99.9999999999999,2.6328011242301854,70.69797001042645,0.0,0
2030-12-09 09:00:00,0.0,164.0161654332645,0.0,99.9999999999999,30.706152437651152,63.67988521315316,0.0,0
2030-12-09 10:00:00,0.0,164.0161654332645,0.0,99.9999999999999,75.03009891494422,27.702966305026013,0.0,0
2030-12-09 11:00:00,0.0,164.0161654332645,0.0,42.93465995743816,118.81506071264772,28.81108495722708,0.0,0
2030-12-09 12:00:00,0.0,164.0161654332645,0.0,0.0,149.26976585191727,41.369763015505534,0.0,0
2030-12-09 13:00:00,0.0,164.0161654332645,0.0,0.0,149.7342038030456,68.85110559009138,0.0,0
2030-12-09 14:00:00,0.0,164.0161654332645,0.0,0.0,167.9697535223767,95.15858113911224,0.0,0
2030-12-09 15:00:00,0.0,164.0161654332645,0.0,0.0,165.32807778761537,96.23788870635605,0.0,0
2030-12-09 16:00:00,0.0,164.0161654332645,0.0,21.134345987228183,129.02027118272568,79.1662127505468,0.0,0
2030-12-09 17:00:00,0.0,164.0161654332645,0.0,89.14356400534768,79.57981591389483,82.45658640181574,0.0,0
2030-12-09 18:00:00,0.0,164.0161654332645,0.0,99.9999999999999,36.50423131797832,88.42639095410685,0.0,0
2030-12-09 19:00:00,0.0,164.0161654332645,0.0,99.9999999999999,2.9345378822880375,103.51305703093996,0.0,0
2030-12-09 20:00:00,0.0,164.0161654332645,0.0,99.9999999999999,0.0,100.20125975239512,0.0,0
2030-12-09 21:00:00,0.0,164.0161654332645,0.0,99.9999999999999,0.0,107.36487746599076,0.0,0
2030-12-09 22:00:00,0.0,164.0161654332645,0.0,99.9999999999999,0.0,73.80070223658937,0.0,0
2030-12-09 23:00:00,0.0,164.0161654332645,0.0,99.9999999999999,0.0,70.91959374086665,0.0,0
2030-12-10 00:00:00,0.0,164.0161654332645,0.0,99.9999999999999,0.0,69.6637259350388,0.0,0
2030-12-10 01:00:00,0.0,164.0161654332645,0.0,99.9999999999999,0.0,63.23663775227276,0.0,0
2030-12-10 02:00:00,0.0,164.0161654332645,0.0,99.9999999999999,0.0,74.97235302484994,0.0,0
2030-12-10 03:00:00,0.0,164.0161654332645,0.0,99.9999999999999,0.0,80.00173421430638,0.0,0
2030-12-10 04:00:00,0.0,164.0161654332645,0.0,99.9999999999999,0.0,69.81147508866562,0.0,0
2030-12-10 05:00:00,0.0,164.0161654332645,0.0,99.9999999999999,0.0,69.4421022045986,0.0,0
2030-12-10 06:00:00,0.0,164.0161654332645,0.0,99.9999999999999,0.0,66.7087428625027,0.0,0
2030-12-10 07:00:00,0.0,164.0161654332645,0.0,99.9999999999999,0.0,47.058105430137566,0.0,0
2030-12-10 08:00:00,0.0,164.0161654332645,0.0,99.9999999999999,7.218016565305267,37.823783328462206,0.0,0
2030-12-10 09:00:00,0.0,164.0161654332645,0.0,99.9999999999999,42.42063833872034,37.45441044439521,0.0,0
2030-12-10 10:00:00,0.0,164.0161654332645,0.0,99.9999999999999,94.6074897465796,18.911891664231103,0.0,0
2030-12-10 11:00:00,0.0,164.0161654332645,0.0,32.18778193830292,145.92522096309185,11.893806866957844,0.0,0
2030-12-10 12:00:00,0.0,164.0161654332645,0.0,5.723943346109934,184.0789465584531,9.160447524861937,0.0,0
2030-12-10 13:00:00,0.0,164.0161654332645,0.0,0.0,210.98676568878784,12.706427211905266,0.0,0
2030-12-10 14:00:00,0.0,164.0161654332645,0.0,5.723943346109934,205.0691753866417,9.160447524861937,0.0,0
2030-12-10 15:00:00,0.0,164.0161654332645,0.0,18.0540230921614,185.9538559433262,8.643325487168102,0.0,0
2030-12-10 16:00:00,0.0,164.0161654332645,0.0,85.34188252967192,139.8467043899815,10.637939061129995,0.0,0
2030-12-10 17:00:00,0.0,164.0161654332645,0.0,99.9999999999999,107.8892318674434,19.20738997148472,0.0,0
2030-12-10 18:00:00,0.0,164.0161654332645,0.0,99.9999999999999,58.69075764576096,31.913817183389984,0.0,0
2030-12-10 19:00:00,0.0,164.0161654332645,0.0,99.9999999999999,7.5138369163423775,50.16083765630047,0.0,0
2030-12-10 20:00:00,0.0,164.0161654332645,0.0,99.9999999999999,0.0,57.03117329994695,0.0,0
2030-12-10 21:00:00,0.0,164.0161654332645,0.0,99.9999999999999,0.0,61.16814960149749,0.0,0
2030-12-10 22:00:00,0.0,164.0161654332645,0.0,99.9999999999999,0.0,52.74644784476957,0.0,0
2030-12-10 23:00:00,0.0,164.0161654332645,0.0,99.9999999999999,0.0,46.83648169969735,0.0,0
2030-12-11 00:00:00,0.0,164.0161654332645,0.0,99.9999999999999,0.0,46.17161050837672,0.0,0
2030-12-11 01:00:00,0.0,164.0161654332645,0.0,99.9999999999999,0.0,42.55175624451998,0.0,0
2030-12-11 02:00:00,0.0,164.0161654332645,0.0,99.9999999999999,0.0,41.59138674594576,0.0,0
2030-12-11 03:00:00,0.0,164.0161654332645,0.0,99.9999999999999,0.0,33.61293245009826,0.0,0
2030-12-11 04:00:00,0.0,164.0161654332645,0.0,99.9999999999999,0.0,28.220088342719844,0.0,0
2030-12-11 05:00:00,0.0,164.0161654332645,0.0,99.9999999999999,0.0,27.185844267332207,0.0,0
2030-12-11 06:00:00,0.0,164.0161654332645,0.0,99.9999999999999,0.0,28.589461226786863,0.0,0
2030-12-11 07:00:00,0.0,164.0161654332645,0.0,99.9999999999999,0.0,29.180457841294075,0.0,0
2030-12-11 08:00:00,0.0,164.0161654332645,0.0,99.9999999999999,6.744704003645889,24.526359502049704,0.0,0
2030-12-11 09:00:00,0.0,164.0161654332645,0.0,99.9999999999999,60.356817862801904,17.06502724389602,0.0,0
2030-12-11 10:00:00,0.0,164.0161654332645,0.0,73.65482054409875,122.89501499415144,14.922664516307345,0.0,0
2030-12-11 11:00:00,0.0,164.0161654332645,0.0,12.08067256296777,175.4628830141465,11.302810252450609,0.0,0
2030-12-11 12:00:00,0.0,164.0161654332645,0.0,12.080672562967775,206.0311831682143,7.055022085679961,0.0,0
2030-12-11 13:00:00,0.0,164.0161654332645,0.0,12.080672562967775,221.45052314567224,0.9677569562555712,0.0,0
2030-12-11 14:00:00,0.0,164.0161654332645,0.0,12.080672562967775,218.03143152838535,0.6885110559009078,0.0,0
2030-12-11 15:00:00,0.0,164.0161654332645,0.0,12.080672562967775,201.54595500578975,3.8267030789342416,0.0,0
2030-12-11 16:00:00,0.0,164.0161654332645,0.0,63.06186835885677,171.31074856698973,9.751444139369143,0.0,0
2030-12-11 17:00:00,0.0,164.0161654332645,0.0,99.9999999999999,122.4110528998547,13.371298403225879,0.0,0
2030-12-11 18:00:00,0.0,164.0161654332645,0.0,99.9999999999999,57.6258043820274,18.764142510604287,0.0,0
2030-12-11 19:00:00,0.0,164.0161654332645,0.0,99.9999999999999,7.987149478001721,25.634478154250743,0.0,0
2030-12-11 20:00:00,0.0,164.0161654332645,0.0,99.9999999999999,0.0,27.259718844145613,0.0,0
2030-12-11 21:00:00,0.0,164.0161654332645,0.0,99.9999999999999,0.0,23.048867965781668,0.0,0
2030-12-11 22:00:00,0.0,164.0161654332645,0.0,99.9999999999999,0.0,11.967681443771248,0.0,0
2030-12-11 23:00:00,0.0,164.0161654332645,0.0,99.9999999999999,0.0,2.910658326448054,0.0,0
2030-12-12 00:00:00,0.0,164.0161654332645,0.0,99.9999999999999,0.0,2.807233918909288,0.0,0
2030-12-12 01:00:00,0.0,164.0161654332645,0.0,99.9999999999999,0.0,3.538592229361991,0.0,0
2030-12-12 02:00:00,0.0,164.0161654332645,0.0,99.9999999999999,0.0,5.267257326795601,0.0,0
2030-12-12 03:00:00,0.0,164.0161654332645,0.0,99.9999999999999,0.0,11.228935675637201,0.0,0
2030-12-12 04:00:00,0.0,164.0161654332645,0.0,99.9999999999999,0.0,17.951522165656872,0.0,0
2030-12-12 05:00:00,0.0,164.0161654332645,0.0,99.9999999999999,0.0,19.724512009178525,0.0,0
2030-12-12 06:00:00,0.0,164.0161654332645,0.0,99.9999999999999,0.0,17.13890182070942,0.0,0
2030-12-12 07:00:00,0.0,164.0161654332645,0.0,99.9999999999999,0.0,15.883034014881572,0.0,0
2030-12-12 08:00:00,0.0,164.0161654332645,0.0,99.9999999999999,2.0648260502389655,15.735284861254769,0.0,0
2030-12-12 09:00:00,0.0,164.0161654332645,0.0,99.9999999999999,56.205866697049295,10.859562791570209,0.0,0
2030-12-12 10:00:00,0.0,164.0161654332645,0.0,84.8212875990427,119.30316429185892,14.848789939493939,0.0,0
2030-12-12 11:00:00,0.0,164.0161654332645,0.0,16.246916354637847,170.88180905798592,7.978454295847488,0.0,0
2030-12-12 12:00:00,0.0,164.0161654332645,0.0,6.030790064074836,204.84967668617213,1.285417636553184,0.0,0
2030-12-12 13:00:00,0.0,164.0161654332645,0.0,6.030790064074837,220.88668955659548,0.1839476962653612,0.0,0
2030-12-12 14:00:00,0.0,164.0161654332645,0.0,0.0,220.70801406456903,0.2408311204116878,0.0,0
2030-12-12 15:00:00,0.0,164.0161654332645,0.0,6.030790064074836,205.15910477335692,0.1957676285554955,0.0,0
2030-12-12 16:00:00,0.0,164.0161654332645,0.0,64.82066890919509,171.4710831972518,0.2637322392238328,0.0,0
2030-12-12 17:00:00,0.0,164.0161654332645,0.0,99.9999999999999,109.71326015193816,0.7756830565407197,0.0,0
2030-12-12 18:00:00,0.0,164.0161654332645,0.0,99.9999999999999,47.7454046573882,1.8542518780163977,0.0,0
2030-12-12 19:00:00,0.0,164.0161654332645,0.0,99.9999999999999,8.164641688623988,6.766911236107684,0.0,0
2030-12-12 20:00:00,0.0,164.0161654332645,0.0,99.9999999999999,0.0,9.751444139369143,0.0,0
2030-12-12 21:00:00,0.0,164.0161654332645,0.0,99.9999999999999,0.0,13.519047556852684,0.0,0
2030-12-12 22:00:00,0.0,164.0161654332645,0.0,99.9999999999999,0.0,19.28126454829812,0.0,0
2030-12-12 23:00:00,0.0,164.0161654332645,0.0,99.9999999999999,0.0,17.951522165656872,0.0,0
2030-12-13 00:00:00,0.0,164.0161654332645,0.0,99.9999999999999,0.0,18.69026793379089,0.0,0
2030-12-13 01:00:00,0.0,164.0161654332645,0.0,99.9999999999999,0.0,24.96960696293013,0.0,0
2030-12-13 02:00:00,0.0,164.0161654332645,0.0,99.9999999999999,0.0,33.39130871965805,0.0,0
2030-12-13 03:00:00,0.0,164.0161654332645,0.0,99.9999999999999,0.0,39.22740028791686,0.0,0
2030-12-13 04:00:00,0.0,164.0161654332645,0.0,99.9999999999999,0.0,42.182383360452974,0.0,0
2030-12-13 05:00:00,0.0,164.0161654332645,0.0,99.9999999999999,0.0,42.40400709089317,0.0,0
2030-12-13 06:00:00,0.0,164.0161654332645,0.0,99.9999999999999,0.0,41.96075963001277,0.0,0
2030-12-13 07:00:00,0.0,164.0161654332645,0.0,99.9999999999999,0.0,35.68142060087353,0.0,0
2030-12-13 08:00:00,0.0,164.0161654332645,0.0,99.9999999999999,0.7454672846134855,27.259718844145613,0.0,0
2030-12-13 09:00:00,0.0,164.0161654332645,0.0,99.9999999999999,59.43622493037444,17.951522165656872,0.0,0
2030-12-13 10:00:00,0.0,164.0161654332645,0.0,90.24791704375416,121.950756433641,16.62177978301562,0.0,0
2030-12-13 11:00:00,0.0,164.0161654332645,0.0,17.4274422668762,172.39049284827513,14.553291632240322,0.0,0
2030-12-13 12:00:00,0.0,164.0161654332645,0.0,5.946304506642035,205.07095030874797,16.547905206202213,0.0,0
2030-12-13 13:00:00,0.0,164.0161654332645,0.0,5.946304506642036,219.85368489077396,20.020010316432135,0.0,0
2030-12-13 14:00:00,0.0,164.0161654332645,0.0,2.373747332675407,218.51125213776757,22.82724423534143,0.0,0
2030-12-13 15:00:00,0.0,164.0161654332645,0.0,8.391054515987094,197.00215441385993,23.196617119408447,0.0,0
2030-12-13 16:00:00,0.0,164.0161654332645,0.0,61.37235471310117,167.27398405673745,22.23624762083422,0.0,0
2030-12-13 17:00:00,0.0,164.0161654332645,0.0,99.9999999999999,119.08544051349564,22.82724423534143,0.0,0
2030-12-13 18:00:00,0.0,164.0161654332645,0.0,99.9999999999999,52.71518655481149,29.25433241810748,0.0,0
2030-12-13 19:00:00,0.0,164.0161654332645,0.0,99.9999999999999,5.224187399315207,48.75722069684584,0.0,0
2030-12-13 20:00:00,0.0,164.0161654332645,0.0,99.9999999999999,0.0,57.91766822170775,0.0,0
2030-12-13 21:00:00,0.0,164.0161654332645,0.0,99.9999999999999,0.0,68.99885474371817,0.0,0
2030-12-13 22:00:00,0.0,164.0161654332645,0.0,99.9999999999999,0.0,76.7601177837343,0.0,0
2030-12-13 23:00:00,0.0,164.0161654332645,0.0,99.9999999999999,0.0,91.4559873492245,0.0,0
2030-12-14 00:00:00,0.0,164.0161654332645,0.0,99.9999999999999,0.0,119.93020423618243,0.0,0
2030-12-14 01:00:00,0.0,164.0161654332645,0.0,99.9999999999999,0.0,130.34134834649532,0.0,0
2030-12-14 02:00:00,0.0,164.0161654332645,0.0,99.9999999999999,0.0,117.92672571300297,0.0,0
2030-12-14 03:00:00,0.0,164.0161654332645,0.0,99.9999999999999,0.0,114.17241971934584,0.0,0
2030-12-14 04:00:00,0.0,164.0161654332645,0.0,99.9999999999999,0.0,93.90419082482066,0.0,0
2030-12-14 05:00:00,0.0,164.0161654332645,0.0,93.03455702993561,0.0,109.64021443184356,0.0,0
2030-12-14 06:00:00,0.0,164.0161654332645,0.0,63.495090007551084,0.0,141.42475110581015,0.0,0
2030-12-14 07:00:00,0.0,164.0161654332645,0.0,57.915806967013054,0.0,143.6971330885904,0.0,0
2030-12-14 08:00:00,0.0,164.0161654332645,0.0,57.915806967013054,0.0,179.78412511616955,0.0,0
2030-12-14 09:00:00,0.0,164.0161654332645,0.0,57.915806967013054,44.432216725772655,207.0379339941701,0.0,0
2030-12-14 10:00:00,0.0,164.0161654332645,0.0,57.915806967013054,97.76803437706,98.90623842085616,0.0,0
2030-12-14 11:00:00,0.0,164.0161654332645,0.0,38.34017828970667,119.43865001263391,68.55560728283777,0.0,0
2030-12-14 12:00:00,0.0,164.0161654332645,0.0,8.645739583066588,178.70566570221519,52.22932580707575,0.0,0
2030-12-14 13:00:00,0.0,164.0161654332645,0.0,8.645739583066588,211.46481137606384,53.18969530565,0.0,0
2030-12-14 14:00:00,0.0,164.0161654332645,0.0,8.645739583066588,182.3288733617176,70.91959374086665,0.0,0
2030-12-14 15:00:00,0.0,164.0161654332645,0.0,8.645739583066579,166.94089034146967,68.55560728283777,0.0,0
2030-12-14 16:00:00,0.0,164.0161654332645,0.0,70.85411932156637,146.09147200037472,55.18430887961186,0.0,0
2030-12-14 17:00:00,0.0,164.0161654332645,0.0,99.9999999999999,107.64015113187016,42.25625793726638,0.0,0
2030-12-14 18:00:00,0.0,164.0161654332645,0.0,99.9999999999999,44.78720114701719,38.93190198066324,0.0,0
2030-12-14 19:00:00,0.0,164.0161654332645,0.0,99.9999999999999,9.584579373602082,39.22740028791686,0.0,0
2030-12-14 20:00:00,0.0,164.0161654332645,0.0,99.9999999999999,0.0,48.90496985047263,0.0,0
2030-12-14 21:00:00,0.0,164.0161654332645,0.0,99.9999999999999,0.0,64.71412928854082,0.0,0
2030-12-14 22:00:00,0.0,164.0161654332645,0.0,99.9999999999999,0.0,83.15617864423871,0.0,0
2030-12-14 23:00:00,0.0,164.0161654332645,0.0,99.9999999999999,0.0,120.63496769898232,0.0,0
2030-12-15 00:00:00,0.0,164.0161654332645,0.0,99.9999999999999,0.0,155.7830138552631,0.0,0
2030-12-15 01:00:00,0.0,164.0161654332645,0.0,99.9999999999999,0.0,167.11980641304788,0.0,0
2030-12-15 02:00:00,0.0,164.0161654332645,0.0,99.9999999999999,0.0,152.4741715597908,0.0,0
2030-12-15 03:00:00,0.0,164.0161654332645,0.0,99.9999999999999,0.0,138.59609355962493,0.0,0
2030-12-15 04:00:00,0.0,164.0161654332645,0.0,99.9999999999999,0.0,135.38919818015515,0.0,0
2030-12-15 05:00:00,0.0,164.0161654332645,0.0,80.96268687663473,0.0,138.75787888284628,0.0,0
2030-12-15 06:00:00,0.0,164.0161654332645,0.0,69.49619285369249,0.0,148.71691058306112,0.0,0
2030-12-15 07:00:00,0.0,164.0161654332645,0.0,29.422325984964687,0.0,152.97208620751312,0.0,0
2030-12-15 08:00:00,0.0,164.0161654332645,0.0,29.422325984964687,0.0,152.55100111967673,0.0,0
2030-12-15 09:00:00,0.0,164.0161654332645,0.0,0.0,59.18891911690742,141.2725694775745,0.0,0
2030-12-15 10:00:00,0.0,164.0161654332645,0.0,0.0,122.9068478081929,94.61708049107,0.0,0
2030-12-15 11:00:00,0.0,164.0161654332645,0.0,0.0,173.04070597985466,95.7348028382568,0.0,0
2030-12-15 12:00:00,0.0,164.0161654332645,0.0,0.0,206.4979876821509,95.13863500337261,0.0,0
2030-12-15 13:00:00,0.0,164.0161654332645,0.0,0.0,223.08522640550325,96.16105914647011,0.0,0
2030-12-15 14:00:00,0.0,164.0161654332645,0.0,0.0,221.2606064803064,94.53064723619833,0.0,0
2030-12-15 15:00:00,0.0,164.0161654332645,0.0,0.0,205.50048145845375,98.50583821452751,0.0,0
2030-12-15 16:00:00,0.0,164.0161654332645,0.0,0.0,173.02118183668622,92.74953118922718,0.0,0
2030-12-15 17:00:00,0.0,164.0161654332645,0.0,49.969239699952816,124.26880470436772,65.74837336392845,0.0,0
2030-12-15 18:00:00,0.0,164.0161654332645,0.0,99.9999999999999,60.274579805213584,51.19508173168813,0.0,0
2030-12-15 19:00:00,0.0,164.0161654332645,0.0,99.9999999999999,9.347923092772398,49.05271900409944,0.0,0
2030-12-15 20:00:00,0.0,164.0161654332645,0.0,99.9999999999999,0.0,49.79146477223345,0.0,0
2030-12-15 21:00:00,0.0,164.0161654332645,0.0,99.9999999999999,0.0,55.7753054941191,0.0,0
2030-12-15 22:00:00,0.0,164.0161654332645,0.0,99.9999999999999,0.0,60.13390552610986,0.0,0
2030-12-15 23:00:00,0.0,164.0161654332645,0.0,99.9999999999999,0.0,66.3393699784357,0.0,0
2030-12-16 00:00:00,0.0,164.0161654332645,0.0,99.9999999999999,0.0,72.32321070032131,0.0,0
2030-12-16 01:00:00,0.0,164.0161654332645,0.0,99.9999999999999,0.0,84.79397801219184,0.0,0
2030-12-16 02:00:00,0.0,164.0161654332645,0.0,99.9999999999999,0.0,91.41092385736832,0.0,0
2030-12-16 03:00:00,0.0,164.0161654332645,0.0,99.9999999999999,0.0,94.98793086667328,0.0,0
2030-12-16 04:00:00,0.0,164.0161654332645,0.0,99.9999999999999,0.0,100.40367609286383,0.0,0
2030-12-16 05:00:00,0.0,164.0161654332645,0.0,94.80261320306128,0.0,108.92067605368106,0.0,0
2030-12-16 06:00:00,0.0,164.0161654332645,0.0,92.00001308340681,0.0,113.72252354655224,0.0,0
2030-12-16 07:00:00,0.0,164.0161654332645,0.0,76.98895004453588,0.0,121.50225523077168,0.0,0
2030-12-16 08:00:00,0.0,164.0161654332645,0.0,76.98895004453588,0.0,125.36220186927196,0.0,0
2030-12-16 09:00:00,0.0,164.0161654332645,0.0,41.38456596609416,60.76445830653104,116.94936506176164,0.0,0
2030-12-16 10:00:00,0.0,164.0161654332645,0.0,0.0,126.20465308155453,127.71289090347445,0.0,0
2030-12-16 11:00:00,0.0,164.0161654332645,0.0,0.0,177.1248017462729,97.55137868209839,0.0,0
2030-12-16 12:00:00,0.0,164.0161654332645,0.0,0.0,210.47381320008952,74.84381126119459,0.0,0
2030-12-16 13:00:00,0.0,164.0161654332645,0.0,0.0,227.33320664639604,52.96807157520976,0.0,0
2030-12-16 14:00:00,0.0,164.0161654332645,0.0,0.0,224.9761100893324,35.1642985631797,0.0,0
2030-12-16 15:00:00,0.0,164.0161654332645,0.0,4.770163705244953,209.2627246829436,19.429013701924905,0.0,0
2030-12-16 16:00:00,0.0,164.0161654332645,0.0,79.27980048427105,176.4272573585274,6.796461066833046,0.0,0
2030-12-16 17:00:00,0.0,164.0161654332645,0.0,99.9999999999999,126.335997317415,1.1598308559704225,0.0,0
2030-12-16 18:00:00,0.0,164.0161654332645,0.0,99.9999999999999,61.75427320110118,0.1218930517420912,0.0,0
2030-12-16 19:00:00,0.0,164.0161654332645,0.0,99.9999999999999,8.578790180075943,0.0333913087196514,0.0,0
2030-12-16 20:00:00,0.0,164.0161654332645,0.0,99.9999999999999,0.0,0.1536591197718758,0.0,0
2030-12-16 21:00:00,0.0,164.0161654332645,0.0,99.9999999999999,0.0,1.6695654359828866,0.0,0
2030-12-16 22:00:00,0.0,164.0161654332645,0.0,99.9999999999999,0.0,5.429781395785091,0.0,0
2030-12-16 23:00:00,0.0,164.0161654332645,0.0,99.9999999999999,0.0,4.210850878363945,0.0,0
2030-12-17 00:00:00,0.0,164.0161654332645,0.0,99.9999999999999,0.0,3.2061566337016716,0.0,0
2030-12-17 01:00:00,0.0,164.0161654332645,0.0,99.9999999999999,0.0,3.479492567911268,0.0,0
2030-12-17 02:00:00,0.0,164.0161654332645,0.0,99.9999999999999,0.0,2.5486729000623725,0.0,0
2030-12-17 03:00:00,0.0,164.0161654332645,0.0,99.9999999999999,0.0,2.607772561513096,0.0,0
2030-12-17 04:00:00,0.0,164.0161654332645,0.0,99.9999999999999,0.0,4.063101724737136,0.0,0
2030-12-17 05:00:00,0.0,164.0161654332645,0.0,99.9999999999999,0.0,10.120817023436164,0.0,0
2030-12-17 06:00:00,0.0,164.0161654332645,0.0,99.9999999999999,0.0,14.036169594546516,0.0,0
2030-12-17 07:00:00,0.0,164.0161654332645,0.0,99.9999999999999,0.0,13.445172980039281,0.0,0
2030-12-17 08:00:00,0.0,164.0161654332645,0.0,99.9999999999999,0.0,11.376684829264011,0.0,0
2030-12-17 09:00:00,0.0,164.0161654332645,0.0,99.9999999999999,61.57382278696853,13.075800095972289,0.0,0
2030-12-17 10:00:00,0.0,164.0161654332645,0.0,99.77313558620642,126.60460219615668,5.5258183456425165,0.0,0
2030-12-17 11:00:00,0.0,164.0161654332645,0.0,39.581213572591366,177.90813403581916,1.7212776397522696,0.0,0
2030-12-17 12:00:00,0.0,164.0161654332645,0.0,38.099919833674896,212.1741885778508,0.8052328872660816,0.0,0
2030-12-17 13:00:00,0.0,164.0161654332645,0.0,38.099919833674896,228.49518898526975,0.2371373915710176,0.0,0
2030-12-17 14:00:00,0.0,164.0161654332645,0.0,38.099919833674896,225.849963406296,0.1521816282356026,0.0,0
2030-12-17 15:00:00,0.0,164.0161654332645,0.0,38.09991983367491,209.05683371862185,0.0871720006398119,0.0,0
2030-12-17 16:00:00,0.0,164.0161654332645,0.0,89.20733168633194,177.94363247794362,2.016775947005887,0.0,0
2030-12-17 17:00:00,0.0,164.0161654332645,0.0,99.9999999999999,129.8491598063316,13.666796710479495,0.0,0
2030-12-17 18:00:00,0.0,164.0161654332645,0.0,99.9999999999999,65.60052940528558,31.913817183389984,0.0,0
2030-12-17 19:00:00,0.0,164.0161654332645,0.0,99.9999999999999,11.773649971276638,51.19508173168813,0.0,0
2030-12-17 20:00:00,0.0,164.0161654332645,0.0,99.9999999999999,0.0,66.7087428625027,0.0,0
2030-12-17 21:00:00,0.0,164.0161654332645,0.0,99.9999999999999,0.0,70.77184458723984,0.0,0
2030-12-17 22:00:00,0.0,164.0161654332645,0.0,99.9999999999999,0.0,80.39622445448995,0.0,0
2030-12-17 23:00:00,0.0,164.0161654332645,0.0,99.9999999999999,0.0,81.59225385309894,0.0,0
2030-12-18 00:00:00,0.0,164.0161654332645,0.0,99.9999999999999,0.0,83.03428559249657,0.0,0
2030-12-18 01:00:00,0.0,164.0161654332645,0.0,99.9999999999999,0.0,84.35590177168835,0.0,0
2030-12-18 02:00:00,0.0,164.0161654332645,0.0,99.9999999999999,0.0,84.8560326567151,0.0,0
2030-12-18 03:00:00,0.0,164.0161654332645,0.0,99.9999999999999,0.0,88.96272038177214,0.0,0
2030-12-18 04:00:00,0.0,164.0161654332645,0.0,99.9999999999999,0.0,91.26243595797338,0.0,0
2030-12-18 05:00:00,0.0,164.0161654332645,0.0,99.9999999999999,0.0,94.47007008321133,0.0,0
2030-12-18 06:00:00,0.0,164.0161654332645,0.0,99.9999999999999,0.0,94.11251713143443,0.0,0
2030-12-18 07:00:00,0.0,164.0161654332645,0.0,99.9999999999999,0.0,92.81601830835923,0.0,0
2030-12-18 08:00:00,0.0,164.0161654332645,0.0,99.9999999999999,0.0,93.00513722500153,0.0,0
2030-12-18 09:00:00,0.0,164.0161654332645,0.0,84.42408244187698,59.35162030997783,77.1575630069904,0.0,0
2030-12-18 10:00:00,0.0,164.0161654332645,0.0,69.28387551652457,123.67302251737902,42.182383360452974,0.0,0
2030-12-18 11:00:00,0.0,164.0161654332645,0.0,22.94041008612271,173.936450002795,31.54444429932296,0.0,0
2030-12-18 12:00:00,0.0,164.0161654332645,0.0,14.753001340138947,207.77533995792908,27.1119696905188,0.0,0
2030-12-18 13:00:00,0.0,164.0161654332645,0.0,14.753001340138953,224.6897559895285,22.97499338896824,0.0,0
2030-12-18 14:00:00,0.0,164.0161654332645,0.0,14.753001340138953,223.13196602096707,26.15160019194457,0.0,0
2030-12-18 15:00:00,0.0,164.0161654332645,0.0,14.753001340138955,207.1186187786267,38.85802740384984,0.0,0
2030-12-18 16:00:00,0.0,164.0161654332645,0.0,32.707245363141055,175.2078858715525,61.833020792818125,0.0,0
2030-12-18 17:00:00,0.0,164.0161654332645,0.0,66.80675734236377,127.29386361407312,89.12967692537043,0.0,0
2030-12-18 18:00:00,0.0,164.0161654332645,0.0,99.9999999999999,63.86643050750609,112.70305438652724,0.0,0
2030-12-18 19:00:00,0.0,164.0161654332645,0.0,99.9999999999999,11.714485901069216,124.49195935441008,0.0,0
2030-12-18 20:00:00,0.0,164.0161654332645,0.0,99.9999999999999,0.0,122.61037388297268,0.0,0
2030-12-18 21:00:00,0.0,164.0161654332645,0.0,99.9999999999999,0.0,118.0183301882516,0.0,0
2030-12-18 22:00:00,0.0,164.0161654332645,0.0,99.9999999999999,0.0,117.84989615311704,0.0,0
2030-12-18 23:00:00,0.0,164.0161654332645,0.0,99.9999999999999,0.0,116.65534424604432,0.0,0
2030-12-19 00:00:00,0.0,164.0161654332645,0.0,99.9999999999999,0.0,116.02150037698532,0.0,0
2030-12-19 01:00:00,0.0,164.0161654332645,0.0,99.9999999999999,0.0,116.2660252262377,0.0,0
2030-12-19 02:00:00,0.0,164.0161654332645,0.0,99.9999999999999,0.0,111.95839865224816,0.0,0
2030-12-19 03:00:00,0.0,164.0161654332645,0.0,99.9999999999999,0.0,112.37726750278016,0.0,0
2030-12-19 04:00:00,0.0,164.0161654332645,0.0,99.9999999999999,0.0,110.81703644048108,0.0,0
2030-12-19 05:00:00,0.0,164.0161654332645,0.0,99.9999999999999,0.0,109.89803670492236,0.0,0
2030-12-19 06:00:00,0.0,164.0161654332645,0.0,99.9999999999999,0.0,105.14568517851616,0.0,0
2030-12-19 07:00:00,0.0,164.0161654332645,0.0,99.9999999999999,0.0,100.90823945249937,0.0,0
2030-12-19 08:00:00,0.0,164.0161654332645,0.0,99.9999999999999,0.0,92.58552962870141,0.0,0
2030-12-19 09:00:00,0.0,164.0161654332645,0.0,84.51846349220848,57.15249182036801,79.48239593930816,0.0,0
2030-12-19 10:00:00,0.0,164.0161654332645,0.0,24.19194406198852,122.76367075829094,54.445563111477846,0.0,0
2030-12-19 11:00:00,0.0,164.0161654332645,0.0,0.0,173.71517638021928,69.2204784741584,0.0,0
2030-12-19 12:00:00,0.0,164.0161654332645,0.0,0.0,206.80564084722943,70.40247170317282,0.0,0
2030-12-19 13:00:00,0.0,164.0161654332645,0.0,0.0,222.83792059203623,57.62216991445416,0.0,0
2030-12-19 14:00:00,0.0,164.0161654332645,0.0,0.0,222.66575314773263,44.767993548922085,0.0,0
2030-12-19 15:00:00,0.0,164.0161654332645,0.0,0.0,207.28131997169712,37.45441044439521,0.0,0
2030-12-19 16:00:00,0.0,164.0161654332645,0.0,40.34642769944917,175.44750035589254,42.625630821333374,0.0,0
2030-12-19 17:00:00,0.0,164.0161654332645,0.0,97.34888470509587,126.78682753239553,57.62216991445416,0.0,0
2030-12-19 18:00:00,0.0,164.0161654332645,0.0,99.9999999999999,63.9510351279027,82.16404307763469,0.0,0
2030-12-19 19:00:00,0.0,164.0161654332645,0.0,99.9999999999999,11.773649971276638,110.99433542483327,0.0,0
2030-12-19 20:00:00,0.0,164.0161654332645,0.0,99.9999999999999,0.0,119.99521386377825,0.0,0
2030-12-19 21:00:00,0.0,164.0161654332645,0.0,99.9999999999999,0.0,122.50473323812952,0.0,0
2030-12-19 22:00:00,0.0,164.0161654332645,0.0,99.9999999999999,0.0,142.62742921633236,0.0,0
2030-12-19 23:00:00,0.0,164.0161654332645,0.0,99.9999999999999,0.0,142.52400480879356,0.0,0
2030-12-20 00:00:00,0.0,164.0161654332645,0.0,99.9999999999999,0.0,140.17627075766364,0.0,0
2030-12-20 01:00:00,0.0,164.0161654332645,0.0,99.9999999999999,0.0,137.52121846698992,0.0,0
2030-12-20 02:00:00,0.0,164.0161654332645,0.0,99.9999999999999,0.0,133.70707406611393,0.0,0
2030-12-20 03:00:00,0.0,164.0161654332645,0.0,99.9999999999999,0.0,125.6761688207289,0.0,0
2030-12-20 04:00:00,0.0,164.0161654332645,0.0,93.78736445041137,0.0,119.66277826811795,0.0,0
2030-12-20 05:00:00,0.0,164.0161654332645,0.0,92.02523105809325,0.0,115.86119254530024,0.0,0
2030-12-20 06:00:00,0.0,164.0161654332645,0.0,90.24801006460882,0.0,119.6376609120014,0.0,0
2030-12-20 07:00:00,0.0,164.0161654332645,0.0,76.38857391707741,0.0,128.3629871794324,0.0,0
2030-12-20 08:00:00,0.0,164.0161654332645,0.0,76.3885739170774,0.0,132.93803972148643,0.0,0
2030-12-20 09:00:00,0.0,164.0161654332645,0.0,47.281375589481456,59.73382020351777,113.06430106714478,0.0,0
2030-12-20 10:00:00,0.0,164.0161654332645,0.0,14.854233961935847,127.91745291405933,50.53021054036747,0.0,0
2030-12-20 11:00:00,0.0,164.0161654332645,0.0,5.925910199296993,179.86409819687643,35.459796870433316,0.0,0
2030-12-20 12:00:00,0.0,164.0161654332645,0.0,5.925910199296993,213.3988848311444,24.600234078863114,0.0,0
2030-12-20 13:00:00,0.0,164.0161654332645,0.0,5.925910199296993,229.73349297471103,18.025396742470274,0.0,0
2030-12-20 14:00:00,0.0,164.0161654332645,0.0,5.925910199296993,229.54535123145143,12.854176365532073,0.0,0
2030-12-20 15:00:00,0.0,164.0161654332645,0.0,5.925910199296993,213.6183835316139,14.479417055426916,0.0,0
2030-12-20 16:00:00,0.0,164.0161654332645,0.0,48.23133058040099,181.93543229483828,23.122742542595077,0.0,0
2030-12-20 17:00:00,0.0,164.0161654332645,0.0,99.9999999999999,132.7138840857749,37.676034174835394,0.0,0
2030-12-20 18:00:00,0.0,164.0161654332645,0.0,99.9999999999999,68.10494449716569,58.21316652896137,0.0,0
2030-12-20 19:00:00,0.0,164.0161654332645,0.0,99.9999999999999,12.838603235010204,81.4807032421107,0.0,0
2030-12-20 20:00:00,0.0,164.0161654332645,0.0,99.9999999999999,0.0,93.58283641568237,0.0,0
2030-12-20 21:00:00,0.0,164.0161654332645,0.0,99.9999999999999,0.0,101.23107135317395,0.0,0
2030-12-20 22:00:00,0.0,164.0161654332645,0.0,99.9999999999999,0.0,113.31178089946968,0.0,0
2030-12-20 23:00:00,0.0,164.0161654332645,0.0,99.9999999999999,0.0,112.20218475573236,0.0,0
2030-12-21 00:00:00,0.0,164.0161654332645,0.0,99.9999999999999,0.0,118.39804551307247,0.0,0
2030-12-21 01:00:00,0.0,164.0161654332645,0.0,99.9999999999999,0.0,127.03841601716806,0.0,0
2030-12-21 02:00:00,0.0,164.0161654332645,0.0,99.9999999999999,0.0,129.46962834009713,0.0,0
2030-12-21 03:00:00,0.0,164.0161654332645,0.0,99.9999999999999,0.0,129.3336991187605,0.0,0
2030-12-21 04:00:00,0.0,164.0161654332645,0.0,99.9999999999999,0.0,119.86297837128224,0.0,0
2030-12-21 05:00:00,0.0,164.0161654332645,0.0,99.9999999999999,0.0,107.54365394187919,0.0,0
2030-12-21 06:00:00,0.0,164.0161654332645,0.0,99.9999999999999,0.0,93.16396756515037,0.0,0
2030-12-21 07:00:00,0.0,164.0161654332645,0.0,99.9999999999999,0.0,85.20472065927433,0.0,0
2030-12-21 08:00:00,0.0,164.0161654332645,0.0,99.9999999999999,0.0,77.5490982641014,0.0,0
2030-12-21 09:00:00,0.0,164.0161654332645,0.0,97.81401768529554,60.59820726924818,61.3897733319377,0.0,0
2030-12-21 10:00:00,0.0,164.0161654332645,0.0,31.27251570798586,129.8101115199947,26.44709849919819,0.0,0
2030-12-21 11:00:00,0.0,164.0161654332645,0.0,0.0,182.50163244672328,17.877647588843466,0.0,0
2030-12-21 12:00:00,0.0,164.0161654332645,0.0,0.0,216.46003382367633,11.819932290144436,0.0,0
2030-12-21 13:00:00,0.0,164.0161654332645,0.0,0.0,232.95142675329265,8.569450910354698,0.0,0
2030-12-21 14:00:00,0.0,164.0161654332645,0.0,0.0,233.12536911970247,8.864949217608313,0.0,0
2030-12-21 15:00:00,0.0,164.0161654332645,0.0,0.0,217.9373606567556,14.774915362680535,0.0,0
2030-12-21 16:00:00,0.0,164.0161654332645,0.0,36.568997495264,185.82487827027404,24.600234078863114,0.0,0
2030-12-21 17:00:00,0.0,164.0161654332645,0.0,99.9999999999999,136.02174725107176,32.94806125877762,0.0,0
2030-12-21 18:00:00,0.0,164.0161654332645,0.0,99.9999999999999,70.5561119258591,45.80223762430972,0.0,0
2030-12-21 19:00:00,0.0,164.0161654332645,0.0,99.9999999999999,13.430243937084391,67.81686151470372,0.0,0
2030-12-21 20:00:00,0.0,164.0161654332645,0.0,99.9999999999999,0.0,82.98405088026348,0.0,0
2030-12-21 21:00:00,0.0,164.0161654332645,0.0,99.9999999999999,0.0,85.08135011599597,0.0,0
2030-12-21 22:00:00,0.0,164.0161654332645,0.0,99.9999999999999,0.0,74.16342640874313,0.0,0
2030-12-21 23:00:00,0.0,164.0161654332645,0.0,99.9999999999999,0.0,76.53997154483032,0.0,0
2030-12-22 00:00:00,0.0,164.0161654332645,0.0,99.9999999999999,0.0,78.4629267792832,0.0,0
2030-12-22 01:00:00,0.0,164.0161654332645,0.0,99.9999999999999,0.0,81.3588101903686,0.0,0
2030-12-22 02:00:00,0.0,164.0161654332645,0.0,99.9999999999999,0.0,79.34351173489895,0.0,0
2030-12-22 03:00:00,0.0,164.0161654332645,0.0,99.9999999999999,0.0,74.81056770162857,0.0,0
2030-12-22 04:00:00,0.0,164.0161654332645,0.0,99.9999999999999,0.0,71.28896662493368,0.0,0
2030-12-22 05:00:00,0.0,164.0161654332645,0.0,99.9999999999999,0.0,70.03309881910583,0.0,0
2030-12-22 06:00:00,0.0,164.0161654332645,0.0,99.9999999999999,0.0,69.5898513582254,0.0,0
2030-12-22 07:00:00,0.0,164.0161654332645,0.0,99.9999999999999,0.0,60.28165467973666,0.0,0
2030-12-22 08:00:00,0.0,164.0161654332645,0.0,99.9999999999999,0.0,51.71220376938194,0.0,0
2030-12-22 09:00:00,0.0,164.0161654332645,0.0,55.64000942976662,61.16263249902699,41.59138674594576,0.0,0
2030-12-22 10:00:00,0.0,164.0161654332645,0.0,0.0,131.07385605962523,24.600234078863114,0.0,0
2030-12-22 11:00:00,0.0,164.0161654332645,0.0,0.0,183.91032895836196,18.764142510604287,0.0,0
2030-12-22 12:00:00,0.0,164.0161654332645,0.0,0.0,217.71017062715913,14.848789939493939,0.0,0
2030-12-22 13:00:00,0.0,164.0161654332645,0.0,0.0,233.95839922822296,12.63255263509186,0.0,0
2030-12-22 14:00:00,0.0,164.0161654332645,0.0,0.0,233.77439896987784,6.013390552610986,0.0,0
2030-12-22 15:00:00,0.0,164.0161654332645,0.0,0.0,218.5958567581642,3.235706464427033,0.0,0
2030-12-22 16:00:00,0.0,164.0161654332645,0.0,0.0,186.3011490354438,5.341131903609004,0.0,0
2030-12-22 17:00:00,0.0,164.0161654332645,0.0,46.37736831724868,136.2962685368342,10.56406448431659,0.0,0
2030-12-22 18:00:00,0.0,164.0161654332645,0.0,99.9999999999999,70.8247168046008,17.360525551149635,0.0,0
2030-12-22 19:00:00,0.0,164.0161654332645,0.0,99.9999999999999,13.430243937084391,29.032708687667263,0.0,0
2030-12-22 20:00:00,0.0,164.0161654332645,0.0,99.9999999999999,0.0,43.95537320397464,0.0,0
2030-12-22 21:00:00,0.0,164.0161654332645,0.0,99.9999999999999,0.0,62.49789198413874,0.0,0
2030-12-22 22:00:00,0.0,164.0161654332645,0.0,99.9999999999999,0.0,87.4704539301414,0.0,0
2030-12-22 23:00:00,0.0,164.0161654332645,0.0,99.9999999999999,0.0,110.79709030474147,0.0,0
2030-12-23 00:00:00,0.0,164.0161654332645,0.0,99.9999999999999,0.0,121.82508713144624,0.0,0
2030-12-23 01:00:00,0.0,164.0161654332645,0.0,99.9999999999999,0.0,122.66504106981463,0.0,0
2030-12-23 02:00:00,0.0,164.0161654332645,0.0,99.9999999999999,0.0,117.13626774109954,0.0,0
2030-12-23 03:00:00,0.0,164.0161654332645,0.0,99.9999999999999,0.0,113.25637496685964,0.0,0
2030-12-23 04:00:00,0.0,164.0161654332645,0.0,99.9999999999999,0.0,108.20335391282292,0.0,0
2030-12-23 05:00:00,0.0,164.0161654332645,0.0,99.9999999999999,0.0,104.22668544295745,0.0,0
2030-12-23 06:00:00,0.0,164.0161654332645,0.0,99.9999999999999,0.0,105.53352670678652,0.0,0
2030-12-23 07:00:00,0.0,164.0161654332645,0.0,92.08371143700548,0.0,111.85423549894128,0.0,0
2030-12-23 08:00:00,0.0,164.0161654332645,0.0,90.77915994985553,0.0,123.96006240135358,0.0,0
2030-12-23 09:00:00,0.0,164.0161654332645,0.0,41.082166758048736,59.34807046576538,122.38284018638744,0.0,0
2030-12-23 10:00:00,0.0,164.0161654332645,0.0,0.0,129.0007470395572,84.61372404476712,0.0,0
2030-12-23 11:00:00,0.0,164.0161654332645,0.0,0.0,181.99577964644985,67.22586490019653,0.0,0
2030-12-23 12:00:00,0.0,164.0161654332645,0.0,0.0,216.1032744803256,55.18430887961186,0.0,0
2030-12-23 13:00:00,0.0,164.0161654332645,0.0,0.0,232.7005710956132,47.501352891017966,0.0,0
2030-12-23 14:00:00,0.0,164.0161654332645,0.0,0.0,233.12181927549,42.33013251407976,0.0,0
2030-12-23 15:00:00,0.0,164.0161654332645,0.0,0.0,217.73916102156073,27.555217151399226,0.0,0
2030-12-23 16:00:00,0.0,164.0161654332645,0.0,51.108525327290685,185.24507038224132,16.252406898948596,0.0,0
2030-12-23 17:00:00,0.0,164.0161654332645,0.0,99.9999999999999,135.99453177877635,17.13890182070942,0.0,0
2030-12-23 18:00:00,0.0,164.0161654332645,0.0,99.9999999999999,70.93653689729283,29.845329032614718,0.0,0
2030-12-23 19:00:00,0.0,164.0161654332645,0.0,99.9999999999999,13.489408007291814,50.38246138674069,0.0,0
2030-12-23 20:00:00,0.0,164.0161654332645,0.0,99.9999999999999,0.0,73.87457681340275,0.0,0
2030-12-23 21:00:00,0.0,164.0161654332645,0.0,99.9999999999999,0.0,86.78933033192185,0.0,0
2030-12-23 22:00:00,0.0,164.0161654332645,0.0,99.9999999999999,0.0,88.57340136196551,0.0,0
2030-12-23 23:00:00,0.0,164.0161654332645,0.0,99.9999999999999,0.0,83.9488528534465,0.0,0
2030-12-24 00:00:00,0.0,164.0161654332645,0.0,99.9999999999999,0.0,79.93303085786994,0.0,0
2030-12-24 01:00:00,0.0,164.0161654332645,0.0,99.9999999999999,0.0,81.38688252955771,0.0,0
2030-12-24 02:00:00,0.0,164.0161654332645,0.0,99.9999999999999,0.0,87.94842244212414,0.0,0
2030-12-24 03:00:00,0.0,164.0161654332645,0.0,99.9999999999999,0.0,108.21221886204052,0.0,0
2030-12-24 04:00:00,0.0,164.0161654332645,0.0,79.81718478380145,0.0,136.96346541204875,0.0,0
2030-12-24 05:00:00,0.0,164.0161654332645,0.0,33.95931649156329,0.0,177.25761458915113,0.0,0
2030-12-24 06:00:00,0.0,164.0161654332645,0.0,2.666985823820028,0.0,210.54919263011112,0.0,0
2030-12-24 07:00:00,0.0,164.0161654332645,0.0,0.0,0.0,230.12373924835845,0.0,0
2030-12-24 08:00:00,0.0,164.0161654332645,0.0,0.0,0.0,240.78605691983688,0.0,0
2030-12-24 09:00:00,0.0,164.0161654332645,0.0,0.0,58.572429505346115,237.91676835640436,0.0,0
2030-12-24 10:00:00,0.0,164.0161654332645,0.0,0.0,127.86420525087269,183.33453727782165,0.0,0
2030-12-24 11:00:00,0.0,164.0161654332645,0.0,0.0,181.22783001515756,180.33375196766124,0.0,0
2030-12-24 12:00:00,0.0,164.0161654332645,0.0,0.0,215.7269909938064,157.48582285081204,0.0,0
2030-12-24 13:00:00,0.0,164.0161654332645,0.0,0.0,232.47693091022913,132.0655809693201,0.0,0
2030-12-24 14:00:00,0.0,164.0161654332645,0.0,0.0,232.8650472107898,109.86479314535632,0.0,0
2030-12-24 15:00:00,0.0,164.0161654332645,0.0,0.0,217.38299331891207,85.45367798313553,0.0,0
2030-12-24 16:00:00,0.0,164.0161654332645,0.0,0.0,185.3758229773997,65.96999709436867,0.0,0
2030-12-24 17:00:00,0.0,164.0161654332645,0.0,85.38751050106718,135.97264107279963,54.37168853466444,0.0,0
2030-12-24 18:00:00,0.0,164.0161654332645,0.0,99.9999999999999,70.98564307556498,45.87611220112313,0.0,0
2030-12-24 19:00:00,0.0,164.0161654332645,0.0,99.9999999999999,13.37107986687697,52.00770207663555,0.0,0
2030-12-24 20:00:00,0.0,164.0161654332645,0.0,99.9999999999999,0.0,66.19162082480888,0.0,0
2030-12-24 21:00:00,0.0,164.0161654332645,0.0,99.9999999999999,0.0,82.40487419804639,0.0,0
2030-12-24 22:00:00,0.0,164.0161654332645,0.0,99.9999999999999,0.0,105.24910958605494,0.0,0
2030-12-24 23:00:00,0.0,164.0161654332645,0.0,99.9999999999999,0.0,126.84929710052576,0.0,0
2030-12-25 00:00:00,0.0,164.0161654332645,0.0,99.9999999999999,0.0,142.38364311284812,0.0,0
2030-12-25 01:00:00,0.0,164.0161654332645,0.0,99.9999999999999,0.0,162.650394515837,0.0,0
2030-12-25 02:00:00,0.0,164.0161654332645,0.0,99.9999999999999,0.0,174.68086934989964,0.0,0
2030-12-25 03:00:00,0.0,164.0161654332645,0.0,56.22254411997608,0.0,190.85866292626676,0.0,0
2030-12-25 04:00:00,0.0,164.0161654332645,0.0,14.742607949054443,0.0,202.87066911612604,0.0,0
2030-12-25 05:00:00,0.0,164.0161654332645,0.0,0.0,0.0,213.62680750015747,0.0,0
2030-12-25 06:00:00,0.0,164.0161654332645,0.0,0.0,0.0,219.6800903242477,0.0,0
2030-12-25 07:00:00,0.0,164.0161654332645,0.0,0.0,0.0,219.80937083367115,0.0,0
2030-12-25 08:00:00,0.0,164.0161654332645,0.0,0.0,0.0,218.8519563181694,0.0,0
2030-12-25 09:00:00,0.0,164.0161654332645,0.0,0.0,57.80329659264966,207.43759545473057,0.0,0
2030-12-25 10:00:00,0.0,164.0161654332645,0.0,0.0,127.38793448570291,155.8243836182786,0.0,0
2030-12-25 11:00:00,0.0,164.0161654332645,0.0,0.0,181.02016412872948,144.75132329971763,0.0,0
2030-12-25 12:00:00,0.0,164.0161654332645,0.0,0.0,215.79739623735324,118.99790707679732,0.0,0
2030-12-25 13:00:00,0.0,164.0161654332645,0.0,0.0,232.8218574395384,90.05606411861052,0.0,0
2030-12-25 14:00:00,0.0,164.0161654332645,0.0,0.0,233.37444985527569,65.23125132623466,0.0,0
2030-12-25 15:00:00,0.0,164.0161654332645,0.0,0.0,218.35091750750547,43.29050201265402,0.0,0
2030-12-25 16:00:00,0.0,164.0161654332645,0.0,28.31375027185504,186.52419758012573,30.14082733986833,0.0,0
2030-12-25 17:00:00,0.0,164.0161654332645,0.0,99.9999999999999,136.987896517559,24.526359502049704,0.0,0
2030-12-25 18:00:00,0.0,164.0161654332645,0.0,99.9999999999999,71.76542552089877,33.982305334165275,0.0,0
2030-12-25 19:00:00,0.0,164.0161654332645,0.0,99.9999999999999,13.607736147706659,53.6329427665304,0.0,0
2030-12-25 20:00:00,0.0,164.0161654332645,0.0,99.9999999999999,0.0,78.47991793195031,0.0,0
2030-12-25 21:00:00,0.0,164.0161654332645,0.0,99.9999999999999,0.0,97.38589963003632,0.0,0
2030-12-25 22:00:00,0.0,164.0161654332645,0.0,99.9999999999999,0.0,114.7117041300837,0.0,0
2030-12-25 23:00:00,0.0,164.0161654332645,0.0,99.9999999999999,0.0,104.8117720913196,0.0,0
2030-12-26 00:00:00,0.0,164.0161654332645,0.0,99.9999999999999,0.0,93.3405278037344,0.0,0
2030-12-26 01:00:00,0.0,164.0161654332645,0.0,99.9999999999999,0.0,97.54472997018513,0.0,0
2030-12-26 02:00:00,0.0,164.0161654332645,0.0,99.9999999999999,0.0,110.71656701601486,0.0,0
2030-12-26 03:00:00,0.0,164.0161654332645,0.0,99.9999999999999,0.0,136.4286134759197,0.0,0
2030-12-26 04:00:00,0.0,164.0161654332645,0.0,51.558858968185454,0.0,166.8176593938811,0.0,0
2030-12-26 05:00:00,0.0,164.0161654332645,0.0,24.36687999938971,0.0,188.445919247541,0.0,0
2030-12-26 06:00:00,0.0,164.0161654332645,0.0,16.72327886115295,0.0,198.0887677589945,0.0,0
2030-12-26 07:00:00,0.0,164.0161654332645,0.0,5.725163985672223,0.0,206.15291656394552,0.0,0
2030-12-26 08:00:00,0.0,164.0161654332645,0.0,5.725163985672225,0.0,212.73440261225153,0.0,0
2030-12-26 09:00:00,0.0,164.0161654332645,0.0,0.0,57.6258043820274,217.0272542708784,0.0,0
2030-12-26 10:00:00,0.0,164.0161654332645,0.0,0.0,127.52933661349864,172.65744469098055,0.0,0
2030-12-26 11:00:00,0.0,164.0161654332645,0.0,0.0,181.46507793668928,155.84137477094572,0.0,0
2030-12-26 12:00:00,0.0,164.0161654332645,0.0,0.0,216.4304517885726,120.06687220328726,0.0,0
2030-12-26 13:00:00,0.0,164.0161654332645,0.0,0.0,233.63713832699668,83.96879898918611,0.0,0
2030-12-26 14:00:00,0.0,164.0161654332645,0.0,0.0,234.44650280743417,56.735674992693326,0.0,0
2030-12-26 15:00:00,0.0,164.0161654332645,0.0,0.0,219.23660363851053,41.44363759231894,0.0,0
2030-12-26 16:00:00,0.0,164.0161654332645,0.0,23.86959444197487,187.35900261075247,33.31743414284464,0.0,0
2030-12-26 17:00:00,0.0,164.0161654332645,0.0,99.9999999999999,137.75584614885125,32.2093154906436,0.0,0
2030-12-26 18:00:00,0.0,164.0161654332645,0.0,99.9999999999999,72.59786398871715,46.17161050837672,0.0,0
2030-12-26 19:00:00,0.0,164.0161654332645,0.0,99.9999999999999,13.844392428536347,69.36822762778519,0.0,0
2030-12-26 20:00:00,0.0,164.0161654332645,0.0,99.9999999999999,0.0,96.92492227072071,0.0,0
2030-12-26 21:00:00,0.0,164.0161654332645,0.0,99.9999999999999,0.0,120.56330935947337,0.0,0
2030-12-26 22:00:00,0.0,164.0161654332645,0.0,99.9999999999999,0.0,133.7669124733328,0.0,0
2030-12-26 23:00:00,0.0,164.0161654332645,0.0,99.9999999999999,0.0,143.8973331917547,0.0,0
2030-12-27 00:00:00,0.0,164.0161654332645,0.0,99.9999999999999,0.0,145.61861083150703,0.0,0
2030-12-27 01:00:00,0.0,164.0161654332645,0.0,99.9999999999999,0.0,155.76454521105975,0.0,0
2030-12-27 02:00:00,0.0,164.0161654332645,0.0,99.9999999999999,0.0,171.02851027224503,0.0,0
2030-12-27 03:00:00,0.0,164.0161654332645,0.0,58.362185701299374,0.0,190.24550393871553,0.0,0
2030-12-27 04:00:00,0.0,164.0161654332645,0.0,47.188045121896266,0.0,202.53010731701625,0.0,0
2030-12-27 05:00:00,0.0,164.0161654332645,0.0,47.188045121896266,0.0,202.1075447376436,0.0,0
2030-12-27 06:00:00,0.0,164.0161654332645,0.0,47.188045121896266,0.0,203.2385645086568,0.0,0
2030-12-27 07:00:00,0.0,164.0161654332645,0.0,47.188045121896266,0.0,190.71977872185755,0.0,0
2030-12-27 08:00:00,0.0,164.0161654332645,0.0,47.188045121896266,0.0,172.1580525517219,0.0,0
2030-12-27 09:00:00,0.0,164.0161654332645,0.0,27.129961168372404,58.03995287347934,142.49076124922752,0.0,0
2030-12-27 10:00:00,0.0,164.0161654332645,0.0,0.0,128.7853898240022,76.27032933946143,0.0,0
2030-12-27 11:00:00,0.0,164.0161654332645,0.0,0.0,183.01103509120915,62.79339029139236,0.0,0
2030-12-27 12:00:00,0.0,164.0161654332645,0.0,0.0,218.00007457117545,54.445563111477846,0.0,0
2030-12-27 13:00:00,0.0,164.0161654332645,0.0,0.0,235.34579667458695,56.07080380137269,0.0,0
2030-12-27 14:00:00,0.0,164.0161654332645,0.0,0.0,236.40187532778944,46.910356276510754,0.0,0
2030-12-27 15:00:00,0.0,164.0161654332645,0.0,0.0,221.345211100703,39.8183969024241,0.0,0
2030-12-27 16:00:00,0.0,164.0161654332645,0.0,5.670554799695992,189.1327414355709,44.91574270254886,0.0,0
2030-12-27 17:00:00,0.0,164.0161654332645,0.0,60.675586022717646,139.6094564684497,64.4925055581006,0.0,0
2030-12-27 18:00:00,0.0,164.0161654332645,0.0,99.9999999999999,73.99354440491022,106.8337192587024,0.0,0
2030-12-27 19:00:00,0.0,164.0161654332645,0.0,99.9999999999999,14.081048709366035,149.57016194525593,0.0,0
2030-12-27 20:00:00,0.0,164.0161654332645,0.0,99.9999999999999,0.0,163.239913638808,0.0,0
2030-12-27 21:00:00,0.0,164.0161654332645,0.0,99.9999999999999,0.0,159.14504584604109,0.0,0
2030-12-27 22:00:00,0.0,164.0161654332645,0.0,99.9999999999999,0.0,167.8733270965446,0.0,0
2030-12-27 23:00:00,0.0,164.0161654332645,0.0,99.9999999999999,0.0,173.32231588230118,0.0,0
2030-12-28 00:00:00,0.0,164.0161654332645,0.0,99.9999999999999,0.0,161.8584590523973,0.0,0
2030-12-28 01:00:00,0.0,164.0161654332645,0.0,99.9999999999999,0.0,139.76700560211737,0.0,0
2030-12-28 02:00:00,0.0,164.0161654332645,0.0,99.9999999999999,0.0,124.23118209825874,0.0,0
2030-12-28 03:00:00,0.0,164.0161654332645,0.0,99.9999999999999,0.0,119.17446731538134,0.0,0
2030-12-28 04:00:00,0.0,164.0161654332645,0.0,99.9999999999999,0.0,124.61532989768845,0.0,0
2030-12-28 05:00:00,0.0,164.0161654332645,0.0,99.9999999999999,0.0,136.07623174451976,0.0,0
2030-12-28 06:00:00,0.0,164.0161654332645,0.0,99.9999999999999,0.0,129.10025545603017,0.0,0
2030-12-28 07:00:00,0.0,164.0161654332645,0.0,99.9999999999999,0.0,121.94180896281144,0.0,0
2030-12-28 08:00:00,0.0,164.0161654332645,0.0,99.9999999999999,0.0,117.1045016730698,0.0,0
2030-12-28 09:00:00,0.0,164.0161654332645,0.0,59.953128964003376,57.68496845223481,110.6500798968828,0.0,0
2030-12-28 10:00:00,0.0,164.0161654332645,0.0,0.0,128.63452144497327,67.59523778426355,0.0,0
2030-12-28 11:00:00,0.0,164.0161654332645,0.0,0.0,182.9832279782117,59.98615637248304,0.0,0
2030-12-28 12:00:00,0.0,164.0161654332645,0.0,0.0,218.10597825684673,53.78069192015721,0.0,0
2030-12-28 13:00:00,0.0,164.0161654332645,0.0,0.0,235.51441427467813,51.41670546212832,0.0,0
2030-12-28 14:00:00,0.0,164.0161654332645,0.0,0.0,236.45098150606157,39.744522325610696,0.0,0
2030-12-28 15:00:00,0.0,164.0161654332645,0.0,0.0,221.2197832718633,28.51558664997346,0.0,0
2030-12-28 16:00:00,0.0,164.0161654332645,0.0,29.0046451666646,188.64463785635976,25.486729000623928,0.0,0
2030-12-28 17:00:00,0.0,164.0161654332645,0.0,91.47112232214963,139.7212765611417,35.53367144724672,0.0,0
2030-12-28 18:00:00,0.0,164.0161654332645,0.0,99.9999999999999,74.06572457056326,60.65102756380366,0.0,0
2030-12-28 19:00:00,0.0,164.0161654332645,0.0,99.9999999999999,14.081048709366035,88.92947682220611,0.0,0
2030-12-28 20:00:00,0.0,164.0161654332645,0.0,99.9999999999999,0.0,106.27670494952936,0.0,0
2030-12-28 21:00:00,0.0,164.0161654332645,0.0,99.9999999999999,0.0,110.45283477679102,0.0,0
2030-12-28 22:00:00,0.0,164.0161654332645,0.0,99.9999999999999,0.0,132.2125913771788,0.0,0
2030-12-28 23:00:00,0.0,164.0161654332645,0.0,99.9999999999999,0.0,121.96175509855104,0.0,0
2030-12-29 00:00:00,0.0,164.0161654332645,0.0,99.9999999999999,0.0,119.16634111193189,0.0,0
2030-12-29 01:00:00,0.0,164.0161654332645,0.0,99.9999999999999,0.0,118.07521361239787,0.0,0
2030-12-29 02:00:00,0.0,164.0161654332645,0.0,99.9999999999999,0.0,130.86290285879795,0.0,0
2030-12-29 03:00:00,0.0,164.0161654332645,0.0,99.9999999999999,0.0,146.49106958367332,0.0,0
2030-12-29 04:00:00,0.0,164.0161654332645,0.0,99.9999999999999,0.0,150.56451374916432,0.0,0
2030-12-29 05:00:00,0.0,164.0161654332645,0.0,62.02057621079911,0.0,162.01359566370547,0.0,0
2030-12-29 06:00:00,0.0,164.0161654332645,0.0,55.848201804663454,0.0,167.30227661777698,0.0,0
2030-12-29 07:00:00,0.0,164.0161654332645,0.0,13.06352721559864,0.0,171.53602861495307,0.0,0
2030-12-29 08:00:00,0.0,164.0161654332645,0.0,13.06352721559864,0.0,169.8539045009119,0.0,0
2030-12-29 09:00:00,0.0,164.0161654332645,0.0,0.0,46.088810691580406,154.8869152385165,0.0,0
2030-12-29 10:00:00,0.0,164.0161654332645,0.0,0.0,119.24045037743906,98.77104794528766,0.0,0
2030-12-29 11:00:00,0.0,164.0161654332645,0.0,0.0,163.59042904562344,77.45527755154838,0.0,0
2030-12-29 12:00:00,0.0,164.0161654332645,0.0,0.0,203.78590670384276,62.35014283051193,0.0,0
2030-12-29 13:00:00,0.0,164.0161654332645,0.0,0.0,221.6528642657816,54.22393938103763,0.0,0
2030-12-29 14:00:00,0.0,164.0161654332645,0.0,0.0,223.68869992161896,41.88688505319936,0.0,0
2030-12-29 15:00:00,0.0,164.0161654332645,0.0,0.0,201.595061184062,30.43632564712192,0.0,0
2030-12-29 16:00:00,0.0,164.0161654332645,0.0,0.0,175.8823562719171,26.594847652825,0.0,0
2030-12-29 17:00:00,0.0,164.0161654332645,0.0,35.26492795176273,129.40247107626558,34.57330194867249,0.0,0
2030-12-29 18:00:00,0.0,164.0161654332645,0.0,99.9999999999999,65.51237494067652,59.39515975797583,0.0,0
2030-12-29 19:00:00,0.0,164.0161654332645,0.0,99.9999999999999,9.939563794846586,109.5537811769719,0.0,0
2030-12-29 20:00:00,0.0,164.0161654332645,0.0,99.9999999999999,0.0,152.85905810498863,0.0,0
2030-12-29 21:00:00,0.0,164.0161654332645,0.0,99.9999999999999,0.0,174.23614439748297,0.0,0
2030-12-29 22:00:00,0.0,164.0161654332645,0.0,99.9999999999999,0.0,175.24748735405845,0.0,0
2030-12-29 23:00:00,0.0,164.0161654332645,0.0,99.9999999999999,0.0,165.67999091095467,0.0,0
2030-12-30 00:00:00,0.0,164.0161654332645,0.0,99.9999999999999,0.0,169.5931272447606,0.0,0
2030-12-30 01:00:00,0.0,164.0161654332645,0.0,99.9999999999999,0.0,173.6614001898747,0.0,0
2030-12-30 02:00:00,0.0,164.0161654332645,0.0,99.9999999999999,0.0,181.30446390698933,0.0,0
2030-12-30 03:00:00,0.0,164.0161654332645,0.0,64.81411630914556,0.0,185.9445260766392,0.0,0
2030-12-30 04:00:00,0.0,164.0161654332645,0.0,56.9406194618548,0.0,183.94769626537288,0.0,0
2030-12-30 05:00:00,0.0,164.0161654332645,0.0,56.940619461854794,0.0,187.4855497489668,0.0,0
2030-12-30 06:00:00,0.0,164.0161654332645,0.0,56.940619461854794,0.0,189.30138684704016,0.0,0
2030-12-30 07:00:00,0.0,164.0161654332645,0.0,56.940619461854794,0.0,182.50049330559835,0.0,0
2030-12-30 08:00:00,0.0,164.0161654332645,0.0,56.9406194618548,0.0,164.74400002272887,0.0,0
2030-12-30 09:00:00,0.0,164.0161654332645,0.0,27.92281852596352,57.0933277501606,144.89168499566316,0.0,0
2030-12-30 10:00:00,0.0,164.0161654332645,0.0,0.0,125.65975199494417,112.96530913421486,0.0,0
2030-12-30 11:00:00,0.0,164.0161654332645,0.0,0.0,180.69298682048245,96.96629203373621,0.0,0
2030-12-30 12:00:00,0.0,164.0161654332645,0.0,0.0,217.53977810496167,76.40256483195742,0.0,0
2030-12-30 13:00:00,0.0,164.0161654332645,0.0,0.0,236.5823257419221,61.75914621600472,0.0,0
2030-12-30 14:00:00,0.0,164.0161654332645,0.0,0.0,236.231482805592,49.27434273453965,0.0,0
2030-12-30 15:00:00,0.0,164.0161654332645,0.0,0.0,221.7327357605616,34.499427371859085,0.0,0
2030-12-30 16:00:00,0.0,164.0161654332645,0.0,32.906006174671745,189.84389355946408,26.520973076011597,0.0,0
2030-12-30 17:00:00,0.0,164.0161654332645,0.0,99.9999999999999,140.73061559888035,26.742596806451782,0.0,0
2030-12-30 18:00:00,0.0,164.0161654332645,0.0,99.9999999999999,76.09564381937987,41.96075963001277,0.0,0
2030-12-30 19:00:00,0.0,164.0161654332645,0.0,99.9999999999999,15.027673832684753,66.8564920161295,0.0,0
2030-12-30 20:00:00,0.0,164.0161654332645,0.0,99.9999999999999,0.0,93.933740655546,0.0,0
2030-12-30 21:00:00,0.0,164.0161654332645,0.0,99.9999999999999,0.0,116.25420529394752,0.0,0
2030-12-30 22:00:00,0.0,164.0161654332645,0.0,99.9999999999999,0.0,134.62385756436828,0.0,0
2030-12-30 23:00:00,0.0,164.0161654332645,0.0,99.9999999999999,0.0,153.7824903151561,0.0,0
