time,Hydro|Reservoir,Electricity|Gas|Fossil|CCGT|w/o CCS,Electricity|Gas|Fossil|OCGT|w/o CCS,Electricity|Oil|w/o CCS,Solar|PV|Utility,Wind|Onshore,Hydro|Run of River,SlackUnit
2030-01-01 00:00:00,0.0,0.0,0.0,0.0,0.0,0.0,0.0,0
2030-01-01 01:00:00,0.0,0.0,0.0,0.0,0.0,0.0,0.0,0
2030-01-01 02:00:00,0.0,0.0,0.0,0.0,0.0,0.0,0.0,0
2030-01-01 03:00:00,0.0,0.0,0.0,0.0,0.0,0.0,0.0,0
2030-01-01 04:00:00,0.0,0.0,0.0,0.0,0.0,0.0,0.0,0
2030-01-01 05:00:00,0.0,0.0,0.0,0.0,0.0,0.0,0.0,0
2030-01-01 06:00:00,0.0,0.0,0.0,0.0,0.0,0.0,0.0,0
2030-01-01 07:00:00,0.0,0.0,0.0,0.0,0.0,0.0,0.0,0
2030-01-01 08:00:00,0.0,0.0,0.0,0.0,0.0,0.0,0.0,0
2030-01-01 09:00:00,0.0,0.0,0.0,0.0,6.967171549700522,0.0,0.0,0
2030-01-01 10:00:00,0.0,0.0,0.0,0.0,15.126642678873583,0.0,0.0,0
2030-01-01 11:00:00,0.0,0.0,0.0,0.0,21.617896019756305,0.0,0.0,0
2030-01-01 12:00:00,0.0,0.0,0.0,0.0,25.814769917850217,0.0,0.0,0
2030-01-01 13:00:00,0.0,0.0,0.0,0.0,28.035721559,0.0,0.0,0
2030-01-01 14:00:00,0.0,0.0,0.0,0.0,27.64442576149938,0.0,0.0,0
2030-01-01 15:00:00,0.0,0.0,0.0,0.0,26.256294161406824,0.0,0.0,0
2030-01-01 16:00:00,0.0,0.0,0.0,0.0,21.87699231480753,0.0,0.0,0
2030-01-01 17:00:00,0.0,0.0,0.0,0.0,16.482884371132943,0.0,0.0,0
2030-01-01 18:00:00,0.0,0.0,0.0,0.0,8.49619320449262,0.0,0.0,0
2030-01-01 19:00:00,0.0,0.0,0.0,0.0,1.340407211464582,0.0,0.0,0
2030-01-01 20:00:00,0.0,0.0,0.0,0.0,0.0,0.0,0.0,0
2030-01-01 21:00:00,0.0,0.0,0.0,0.0,0.0,0.0,0.0,0
2030-01-01 22:00:00,0.0,0.0,0.0,0.0,0.0,0.0,0.0,0
2030-01-01 23:00:00,0.0,0.0,0.0,0.0,0.0,0.0,0.0,0
2030-01-02 00:00:00,0.0,0.0,0.0,0.0,0.0,0.0,0.0,0
2030-01-02 01:00:00,0.0,0.0,0.0,0.0,0.0,0.0,0.0,0
2030-01-02 02:00:00,0.0,0.0,0.0,0.0,0.0,0.0,0.0,0
2030-01-02 03:00:00,0.0,0.0,0.0,0.0,0.0,0.0,0.0,0
2030-01-02 04:00:00,0.0,0.0,0.0,0.0,0.0,0.0,0.0,0
2030-01-02 05:00:00,0.0,0.0,0.0,0.0,0.0,0.0,0.0,0
2030-01-02 06:00:00,0.0,0.0,0.0,0.0,0.0,0.0,0.0,0
2030-01-02 07:00:00,0.0,0.0,0.0,0.0,0.0,0.0,0.0,0
2030-01-02 08:00:00,0.0,0.0,0.0,0.0,0.0,0.0,0.0,0
2030-01-02 09:00:00,0.0,0.0,0.0,0.0,7.018725673218392,0.0,0.0,0
2030-01-02 10:00:00,0.0,0.0,0.0,0.0,15.305682784976351,0.0,0.0,0
2030-01-02 11:00:00,0.0,0.0,0.0,0.0,21.848932141864232,0.0,0.0,0
2030-01-02 12:00:00,0.0,0.0,0.0,0.0,25.800187465769447,0.0,0.0,0
2030-01-02 13:00:00,0.0,0.0,0.0,0.0,28.44925927836119,0.0,0.0,0
2030-01-02 14:00:00,0.0,0.0,0.0,0.0,28.31941653584404,0.0,0.0,0
2030-01-02 15:00:00,0.0,0.0,0.0,0.0,26.58771352687884,0.0,0.0,0
2030-01-02 16:00:00,0.0,0.0,0.0,0.0,22.795760444643832,0.0,0.0,0
2030-01-02 17:00:00,0.0,0.0,0.0,0.0,16.772029355320303,0.0,0.0,0
2030-01-02 18:00:00,0.0,0.0,0.0,0.0,8.712278630780377,0.0,0.0,0
2030-01-02 19:00:00,0.0,0.0,0.0,0.0,1.6129075786304599,0.0,0.0,0
2030-01-02 20:00:00,0.0,0.0,0.0,0.0,0.0,0.0,0.0,0
2030-01-02 21:00:00,0.0,0.0,0.0,0.0,0.0,0.0,0.0,0
2030-01-02 22:00:00,0.0,0.0,0.0,0.0,0.0,0.0,0.0,0
2030-01-02 23:00:00,0.0,0.0,0.0,0.0,0.0,0.0,0.0,0
2030-01-03 00:00:00,0.0,0.0,0.0,0.0,0.0,0.0,0.0,0
2030-01-03 01:00:00,0.0,0.0,0.0,0.0,0.0,0.0,0.0,0
2030-01-03 02:00:00,0.0,0.0,0.0,0.0,0.0,0.0,0.0,0
2030-01-03 03:00:00,0.0,0.0,0.0,0.0,0.0,0.0,0.0,0
2030-01-03 04:00:00,0.0,0.0,0.0,0.0,0.0,0.0,0.0,0
2030-01-03 05:00:00,0.0,0.0,0.0,0.0,0.0,0.0,0.0,0
2030-01-03 06:00:00,0.0,0.0,0.0,0.0,0.0,0.0,0.0,0
2030-01-03 07:00:00,0.0,0.0,0.0,0.0,0.0,0.0,0.0,0
2030-01-03 08:00:00,0.0,0.0,0.0,0.0,0.0,0.0,0.0,0
2030-01-03 09:00:00,0.0,0.0,0.0,0.0,6.422170815368771,0.0,0.0,0
2030-01-03 10:00:00,0.0,0.0,0.0,0.0,14.067205440581386,0.0,0.0,0
2030-01-03 11:00:00,0.0,0.0,0.0,0.0,21.524730353684724,0.0,0.0,0
2030-01-03 12:00:00,0.0,0.0,0.0,0.0,26.402781520945442,0.0,0.0,0
2030-01-03 13:00:00,0.0,0.0,0.0,0.0,28.78141513131203,0.0,0.0,0
2030-01-03 14:00:00,0.0,0.0,0.0,0.0,28.50191813309729,0.0,0.0,0
2030-01-03 15:00:00,0.0,0.0,0.0,0.0,26.693031236351047,0.0,0.0,0
2030-01-03 16:00:00,0.0,0.0,0.0,0.0,22.795097605912886,0.0,0.0,0
2030-01-03 17:00:00,0.0,0.0,0.0,0.0,16.883607208362545,0.0,0.0,0
2030-01-03 18:00:00,0.0,0.0,0.0,0.0,8.801614561962051,0.0,0.0,0
2030-01-03 19:00:00,0.0,0.0,0.0,0.0,1.5834480794773889,0.0,0.0,0
2030-01-03 20:00:00,0.0,0.0,0.0,0.0,0.0,0.0,0.0,0
2030-01-03 21:00:00,0.0,0.0,0.0,0.0,0.0,0.0,0.0,0
2030-01-03 22:00:00,0.0,0.0,0.0,0.0,0.0,0.0,0.0,0
2030-01-03 23:00:00,0.0,0.0,0.0,0.0,0.0,0.0,0.0,0
2030-01-04 00:00:00,0.0,0.0,0.0,0.0,0.0,0.0,0.0,0
2030-01-04 01:00:00,0.0,0.0,0.0,0.0,0.0,0.0,0.0,0
2030-01-04 02:00:00,0.0,0.0,0.0,0.0,0.0,0.0,0.0,0
2030-01-04 03:00:00,0.0,0.0,0.0,0.0,0.0,0.0,0.0,0
2030-01-04 04:00:00,0.0,0.0,0.0,0.0,0.0,0.0,0.0,0
2030-01-04 05:00:00,0.0,0.0,0.0,0.0,0.0,0.0,0.0,0
2030-01-04 06:00:00,0.0,0.0,0.0,0.0,0.0,0.0,0.0,0
2030-01-04 07:00:00,0.0,0.0,0.0,0.0,0.0,0.0,0.0,0
2030-01-04 08:00:00,0.0,0.0,0.0,0.0,0.0,0.0,0.0,0
2030-01-04 09:00:00,0.0,0.0,0.0,0.0,5.958183703707952,0.0,0.0,0
2030-01-04 10:00:00,0.0,0.0,0.0,0.0,12.024557418055553,0.0,0.0,0
2030-01-04 11:00:00,0.0,0.0,0.0,0.0,18.863211902700815,0.0,0.0,0
2030-01-04 12:00:00,0.0,0.0,0.0,0.0,23.436136307483643,0.0,0.0,0
2030-01-04 13:00:00,0.0,0.0,0.0,0.0,25.22734750473805,0.0,0.0,0
2030-01-04 14:00:00,0.0,0.0,0.0,0.0,24.113925734247854,0.0,0.0,0
2030-01-04 15:00:00,0.0,0.0,0.0,0.0,22.35246863113805,0.0,0.0,0
2030-01-04 16:00:00,0.0,0.0,0.0,0.0,19.810408449219832,0.0,0.0,0
2030-01-04 17:00:00,0.0,0.0,0.0,0.0,14.662213674725471,0.0,0.0,0
2030-01-04 18:00:00,0.0,0.0,0.0,0.0,6.81250917914692,0.0,0.0,0
2030-01-04 19:00:00,0.0,0.0,0.0,0.0,0.8985147241685643,0.0,0.0,0
2030-01-04 20:00:00,0.0,0.0,0.0,0.0,0.0,0.0,0.0,0
2030-01-04 21:00:00,0.0,0.0,0.0,0.0,0.0,0.0,0.0,0
2030-01-04 22:00:00,0.0,0.0,0.0,0.0,0.0,0.0,0.0,0
2030-01-04 23:00:00,0.0,0.0,0.0,0.0,0.0,0.0,0.0,0
2030-01-05 00:00:00,0.0,0.0,0.0,0.0,0.0,0.0,0.0,0
2030-01-05 01:00:00,0.0,0.0,0.0,0.0,0.0,0.0,0.0,0
2030-01-05 02:00:00,0.0,0.0,0.0,0.0,0.0,0.0,0.0,0
2030-01-05 03:00:00,0.0,0.0,0.0,0.0,0.0,0.0,0.0,0
2030-01-05 04:00:00,0.0,0.0,0.0,0.0,0.0,0.0,0.0,0
2030-01-05 05:00:00,0.0,0.0,0.0,0.0,0.0,0.0,0.0,0
2030-01-05 06:00:00,0.0,0.0,0.0,0.0,0.0,0.0,0.0,0
2030-01-05 07:00:00,0.0,0.0,0.0,0.0,0.0,0.0,0.0,0
2030-01-05 08:00:00,0.0,0.0,0.0,0.0,0.0,0.0,0.0,0
2030-01-05 09:00:00,0.0,0.0,0.0,0.0,3.8076402655340065,0.0,0.0,0
2030-01-05 10:00:00,0.0,0.0,0.0,0.0,10.48205804240092,0.0,0.0,0
2030-01-05 11:00:00,0.0,0.0,0.0,0.0,17.364975424523674,0.0,0.0,0
2030-01-05 12:00:00,0.0,0.0,0.0,0.0,22.2132724976398,0.0,0.0,0
2030-01-05 13:00:00,0.0,0.0,0.0,0.0,23.594407466683503,0.0,0.0,0
2030-01-05 14:00:00,0.0,0.0,0.0,0.0,25.655394027432123,0.0,0.0,0
2030-01-05 15:00:00,0.0,0.0,0.0,0.0,25.109583156873654,0.0,0.0,0
2030-01-05 16:00:00,0.0,0.0,0.0,0.0,20.469122850282428,0.0,0.0,0
2030-01-05 17:00:00,0.0,0.0,0.0,0.0,14.771287470339704,0.0,0.0,0
2030-01-05 18:00:00,0.0,0.0,0.0,0.0,6.7314955564759815,0.0,0.0,0
2030-01-05 19:00:00,0.0,0.0,0.0,0.0,0.5192236725728187,0.0,0.0,0
2030-01-05 20:00:00,0.0,0.0,0.0,0.0,0.0,0.0,0.0,0
2030-01-05 21:00:00,0.0,0.0,0.0,0.0,0.0,0.0,0.0,0
2030-01-05 22:00:00,0.0,0.0,0.0,0.0,0.0,0.0,0.0,0
2030-01-05 23:00:00,0.0,0.0,0.0,0.0,0.0,0.0,0.0,0
2030-01-06 00:00:00,0.0,0.0,0.0,0.0,0.0,0.0,0.0,0
2030-01-06 01:00:00,0.0,0.0,0.0,0.0,0.0,0.0,0.0,0
2030-01-06 02:00:00,0.0,0.0,0.0,0.0,0.0,0.0,0.0,0
2030-01-06 03:00:00,0.0,0.0,0.0,0.0,0.0,0.0,0.0,0
2030-01-06 04:00:00,0.0,0.0,0.0,0.0,0.0,0.0,0.0,0
2030-01-06 05:00:00,0.0,0.0,0.0,0.0,0.0,0.0,0.0,0
2030-01-06 06:00:00,0.0,0.0,0.0,0.0,0.0,0.0,0.0,0
2030-01-06 07:00:00,0.0,0.0,0.0,0.0,0.0,0.0,0.0,0
2030-01-06 08:00:00,0.0,0.0,0.0,0.0,0.0,0.0,0.0,0
2030-01-06 09:00:00,0.0,0.0,0.0,0.0,5.030209480386321,0.0,0.0,0
2030-01-06 10:00:00,0.0,0.0,0.0,0.0,11.722229307997194,0.0,0.0,0
2030-01-06 11:00:00,0.0,0.0,0.0,0.0,18.373521378028947,0.0,0.0,0
2030-01-06 12:00:00,0.0,0.0,0.0,0.0,23.029521570423423,0.0,0.0,0
2030-01-06 13:00:00,0.0,0.0,0.0,0.0,26.43813291992913,0.0,0.0,0
2030-01-06 14:00:00,0.0,0.0,0.0,0.0,25.223223174856617,0.0,0.0,0
2030-01-06 15:00:00,0.0,0.0,0.0,0.0,24.56693918247415,0.0,0.0,0
2030-01-06 16:00:00,0.0,0.0,0.0,0.0,21.053083772244108,0.0,0.0,0
2030-01-06 17:00:00,0.0,0.0,0.0,0.0,16.088421677473367,0.0,0.0,0
2030-01-06 18:00:00,0.0,0.0,0.0,0.0,8.230542170879833,0.0,0.0,0
2030-01-06 19:00:00,0.0,0.0,0.0,0.0,1.3845964601941823,0.0,0.0,0
2030-01-06 20:00:00,0.0,0.0,0.0,0.0,0.0,0.0,0.0,0
2030-01-06 21:00:00,0.0,0.0,0.0,0.0,0.0,0.0,0.0,0
2030-01-06 22:00:00,0.0,0.0,0.0,0.0,0.0,0.0,0.0,0
2030-01-06 23:00:00,0.0,0.0,0.0,0.0,0.0,0.0,0.0,0
2030-01-07 00:00:00,0.0,0.0,0.0,0.0,0.0,0.0,0.0,0
2030-01-07 01:00:00,0.0,0.0,0.0,0.0,0.0,0.0,0.0,0
2030-01-07 02:00:00,0.0,0.0,0.0,0.0,0.0,0.0,0.0,0
2030-01-07 03:00:00,0.0,0.0,0.0,0.0,0.0,0.0,0.0,0
2030-01-07 04:00:00,0.0,0.0,0.0,0.0,0.0,0.0,0.0,0
2030-01-07 05:00:00,0.0,0.0,0.0,0.0,0.0,0.0,0.0,0
2030-01-07 06:00:00,0.0,0.0,0.0,0.0,0.0,0.0,0.0,0
2030-01-07 07:00:00,0.0,0.0,0.0,0.0,0.0,0.0,0.0,0
2030-01-07 08:00:00,0.0,0.0,0.0,0.0,0.0,0.0,0.0,0
2030-01-07 09:00:00,0.0,0.0,0.0,0.0,5.6414940878124735,0.0,0.0,0
2030-01-07 10:00:00,0.0,0.0,0.0,0.0,13.076703430307363,0.0,0.0,0
2030-01-07 11:00:00,0.0,0.0,0.0,0.0,19.073773672897367,0.0,0.0,0
2030-01-07 12:00:00,0.0,0.0,0.0,0.0,23.9369477930858,0.0,0.0,0
2030-01-07 13:00:00,0.0,0.0,0.0,0.0,27.68353324662508,0.0,0.0,0
2030-01-07 14:00:00,0.0,0.0,0.0,0.0,26.389672043822337,0.0,0.0,0
2030-01-07 15:00:00,0.0,0.0,0.0,0.0,20.122089950259287,0.0,0.0,0
2030-01-07 16:00:00,0.0,0.0,0.0,0.0,14.0973277784654,0.0,0.0,0
2030-01-07 17:00:00,0.0,0.0,0.0,0.0,8.748661112234414,0.0,0.0,0
2030-01-07 18:00:00,0.0,0.0,0.0,0.0,3.409937026967593,0.0,0.0,0
2030-01-07 19:00:00,0.0,0.0,0.0,0.0,0.2798652419541422,0.0,0.0,0
2030-01-07 20:00:00,0.0,0.0,0.0,0.0,0.0,0.0,0.0,0
2030-01-07 21:00:00,0.0,0.0,0.0,0.0,0.0,0.0,0.0,0
2030-01-07 22:00:00,0.0,0.0,0.0,0.0,0.0,0.0,0.0,0
2030-01-07 23:00:00,0.0,0.0,0.0,0.0,0.0,0.0,0.0,0
2030-01-08 00:00:00,0.0,0.0,0.0,0.0,0.0,0.0,0.0,0
2030-01-08 01:00:00,0.0,0.0,0.0,0.0,0.0,0.0,0.0,0
2030-01-08 02:00:00,0.0,0.0,0.0,0.0,0.0,0.0,0.0,0
2030-01-08 03:00:00,0.0,0.0,0.0,0.0,0.0,0.0,0.0,0
2030-01-08 04:00:00,0.0,0.0,0.0,0.0,0.0,0.0,0.0,0
2030-01-08 05:00:00,0.0,0.0,0.0,0.0,0.0,0.0,0.0,0
2030-01-08 06:00:00,0.0,0.0,0.0,0.0,0.0,0.0,0.0,0
2030-01-08 07:00:00,0.0,0.0,0.0,0.0,0.0,0.0,0.0,0
2030-01-08 08:00:00,0.0,0.0,0.0,0.0,0.0,0.0,0.0,0
2030-01-08 09:00:00,0.0,0.0,0.0,0.0,1.8927728205846015,0.0,0.0,0
2030-01-08 10:00:00,0.0,0.0,0.0,0.0,6.5841980607106425,0.0,0.0,0
2030-01-08 11:00:00,0.0,0.0,0.0,0.0,12.8492024480978,0.0,0.0,0
2030-01-08 12:00:00,0.0,0.0,0.0,0.0,16.122373750247277,0.0,0.0,0
2030-01-08 13:00:00,0.0,0.0,0.0,0.0,19.04851215237361,0.0,0.0,0
2030-01-08 14:00:00,0.0,0.0,0.0,0.0,20.07672232156356,0.0,0.0,0
2030-01-08 15:00:00,0.0,0.0,0.0,0.0,22.749729977217168,0.0,0.0,0
2030-01-08 16:00:00,0.0,0.0,0.0,0.0,16.720475231802432,0.0,0.0,0
2030-01-08 17:00:00,0.0,0.0,0.0,0.0,9.764792886771604,0.0,0.0,0
2030-01-08 18:00:00,0.0,0.0,0.0,0.0,4.897641734197512,0.0,0.0,0
2030-01-08 19:00:00,0.0,0.0,0.0,0.0,0.5140682602210306,0.0,0.0,0
2030-01-08 20:00:00,0.0,0.0,0.0,0.0,0.0,0.0,0.0,0
2030-01-08 21:00:00,0.0,0.0,0.0,0.0,0.0,0.0,0.0,0
2030-01-08 22:00:00,0.0,0.0,0.0,0.0,0.0,0.0,0.0,0
2030-01-08 23:00:00,0.0,0.0,0.0,0.0,0.0,0.0,0.0,0
2030-01-09 00:00:00,0.0,0.0,0.0,0.0,0.0,0.0,0.0,0
2030-01-09 01:00:00,0.0,0.0,0.0,0.0,0.0,0.0,0.0,0
2030-01-09 02:00:00,0.0,0.0,0.0,0.0,0.0,0.0,0.0,0
2030-01-09 03:00:00,0.0,0.0,0.0,0.0,0.0,0.0,0.0,0
2030-01-09 04:00:00,0.0,0.0,0.0,0.0,0.0,0.0,0.0,0
2030-01-09 05:00:00,0.0,0.0,0.0,0.0,0.0,0.0,0.0,0
2030-01-09 06:00:00,0.0,0.0,0.0,0.0,0.0,0.0,0.0,0
2030-01-09 07:00:00,0.0,0.0,0.0,0.0,0.0,0.0,0.0,0
2030-01-09 08:00:00,0.0,0.0,0.0,0.0,0.0,0.0,0.0,0
2030-01-09 09:00:00,0.0,0.0,0.0,0.0,3.5498696479446608,0.0,0.0,0
2030-01-09 10:00:00,0.0,0.0,0.0,0.0,7.804189569387064,0.0,0.0,0
2030-01-09 11:00:00,0.0,0.0,0.0,0.0,13.189975204550908,0.0,0.0,0
2030-01-09 12:00:00,0.0,0.0,0.0,0.0,18.941795116691623,0.0,0.0,0
2030-01-09 13:00:00,0.0,0.0,0.0,0.0,18.92308833472943,0.0,0.0,0
2030-01-09 14:00:00,0.0,0.0,0.0,0.0,18.29103478040036,0.0,0.0,0
2030-01-09 15:00:00,0.0,0.0,0.0,0.0,13.019552001950416,0.0,0.0,0
2030-01-09 16:00:00,0.0,0.0,0.0,0.0,10.588333185595612,0.0,0.0,0
2030-01-09 17:00:00,0.0,0.0,0.0,0.0,8.722294860492418,0.0,0.0,0
2030-01-09 18:00:00,0.0,0.0,0.0,0.0,4.11696500664122,0.0,0.0,0
2030-01-09 19:00:00,0.0,0.0,0.0,0.0,0.3564599397521165,0.0,0.0,0
2030-01-09 20:00:00,0.0,0.0,0.0,0.0,0.0,0.0,0.0,0
2030-01-09 21:00:00,0.0,0.0,0.0,0.0,0.0,0.0,0.0,0
2030-01-09 22:00:00,0.0,0.0,0.0,0.0,0.0,0.0,0.0,0
2030-01-09 23:00:00,0.0,0.0,0.0,0.0,0.0,0.0,0.0,0
2030-01-10 00:00:00,0.0,0.0,0.0,0.0,0.0,0.0,0.0,0
2030-01-10 01:00:00,0.0,0.0,0.0,0.0,0.0,0.0,0.0,0
2030-01-10 02:00:00,0.0,0.0,0.0,0.0,0.0,0.0,0.0,0
2030-01-10 03:00:00,0.0,0.0,0.0,0.0,0.0,0.0,0.0,0
2030-01-10 04:00:00,0.0,0.0,0.0,0.0,0.0,0.0,0.0,0
2030-01-10 05:00:00,0.0,0.0,0.0,0.0,0.0,0.0,0.0,0
2030-01-10 06:00:00,0.0,0.0,0.0,0.0,0.0,0.0,0.0,0
2030-01-10 07:00:00,0.0,0.0,0.0,0.0,0.0,0.0,0.0,0
2030-01-10 08:00:00,0.0,0.0,0.0,0.0,0.0,0.0,0.0,0
2030-01-10 09:00:00,0.0,0.0,0.0,0.0,4.580952118302035,0.0,0.0,0
2030-01-10 10:00:00,0.0,0.0,0.0,0.0,12.737330000064023,0.0,0.0,0
2030-01-10 11:00:00,0.0,0.0,0.0,0.0,16.952174192641316,0.0,0.0,0
2030-01-10 12:00:00,0.0,0.0,0.0,0.0,22.96581540350492,0.0,0.0,0
2030-01-10 13:00:00,0.0,0.0,0.0,0.0,25.559503357688882,0.0,0.0,0
2030-01-10 14:00:00,0.0,0.0,0.0,0.0,24.32242533950369,0.0,0.0,0
2030-01-10 15:00:00,0.0,0.0,0.0,0.0,22.89209300687437,0.0,0.0,0
2030-01-10 16:00:00,0.0,0.0,0.0,0.0,20.98657895290606,0.0,0.0,0
2030-01-10 17:00:00,0.0,0.0,0.0,0.0,16.751996895896216,0.0,0.0,0
2030-01-10 18:00:00,0.0,0.0,0.0,0.0,9.048927057352062,0.0,0.0,0
2030-01-10 19:00:00,0.0,0.0,0.0,0.0,1.723380700454462,0.0,0.0,0
2030-01-10 20:00:00,0.0,0.0,0.0,0.0,0.0,0.0,0.0,0
2030-01-10 21:00:00,0.0,0.0,0.0,0.0,0.0,0.0,0.0,0
2030-01-10 22:00:00,0.0,0.0,0.0,0.0,0.0,0.0,0.0,0
2030-01-10 23:00:00,0.0,0.0,0.0,0.0,0.0,0.0,0.0,0
2030-01-11 00:00:00,0.0,0.0,0.0,0.0,0.0,0.0,0.0,0
2030-01-11 01:00:00,0.0,0.0,0.0,0.0,0.0,0.0,0.0,0
2030-01-11 02:00:00,0.0,0.0,0.0,0.0,0.0,0.0,0.0,0
2030-01-11 03:00:00,0.0,0.0,0.0,0.0,0.0,0.0,0.0,0
2030-01-11 04:00:00,0.0,0.0,0.0,0.0,0.0,0.0,0.0,0
2030-01-11 05:00:00,0.0,0.0,0.0,0.0,0.0,0.0,0.0,0
2030-01-11 06:00:00,0.0,0.0,0.0,0.0,0.0,0.0,0.0,0
2030-01-11 07:00:00,0.0,0.0,0.0,0.0,0.0,0.0,0.0,0
2030-01-11 08:00:00,0.0,0.0,0.0,0.0,0.0,0.0,0.0,0
2030-01-11 09:00:00,0.0,0.0,0.0,0.0,5.700413086118612,0.0,0.0,0
2030-01-11 10:00:00,0.0,0.0,0.0,0.0,12.207059015308804,0.0,0.0,0
2030-01-11 11:00:00,0.0,0.0,0.0,0.0,19.332133480469775,0.0,0.0,0
2030-01-11 12:00:00,0.0,0.0,0.0,0.0,24.46405188168206,0.0,0.0,0
2030-01-11 13:00:00,0.0,0.0,0.0,0.0,26.245246849224426,0.0,0.0,0
2030-01-11 14:00:00,0.0,0.0,0.0,0.0,26.742523194928207,0.0,0.0,0
2030-01-11 15:00:00,0.0,0.0,0.0,0.0,26.046100634949685,0.0,0.0,0
2030-01-11 16:00:00,0.0,0.0,0.0,0.0,21.803859108160044,0.0,0.0,0
2030-01-11 17:00:00,0.0,0.0,0.0,0.0,14.03192769034559,0.0,0.0,0
2030-01-11 18:00:00,0.0,0.0,0.0,0.0,5.751967209636481,0.0,0.0,0
2030-01-11 19:00:00,0.0,0.0,0.0,0.0,0.8175011014976287,0.0,0.0,0
2030-01-11 20:00:00,0.0,0.0,0.0,0.0,0.0,0.0,0.0,0
2030-01-11 21:00:00,0.0,0.0,0.0,0.0,0.0,0.0,0.0,0
2030-01-11 22:00:00,0.0,0.0,0.0,0.0,0.0,0.0,0.0,0
2030-01-11 23:00:00,0.0,0.0,0.0,0.0,0.0,0.0,0.0,0
2030-01-12 00:00:00,0.0,0.0,0.0,0.0,0.0,0.0,0.0,0
2030-01-12 01:00:00,0.0,0.0,0.0,0.0,0.0,0.0,0.0,0
2030-01-12 02:00:00,0.0,0.0,0.0,0.0,0.0,0.0,0.0,0
2030-01-12 03:00:00,0.0,0.0,0.0,0.0,0.0,0.0,0.0,0
2030-01-12 04:00:00,0.0,0.0,0.0,0.0,0.0,0.0,0.0,0
2030-01-12 05:00:00,0.0,0.0,0.0,0.0,0.0,0.0,0.0,0
2030-01-12 06:00:00,0.0,0.0,0.0,0.0,0.0,0.0,0.0,0
2030-01-12 07:00:00,0.0,0.0,0.0,0.0,0.0,0.0,0.0,0
2030-01-12 08:00:00,0.0,0.0,0.0,0.0,0.0,0.0,0.0,0
2030-01-12 09:00:00,0.0,0.0,0.0,0.0,3.6898022689217354,0.0,0.0,0
2030-01-12 10:00:00,0.0,0.0,0.0,0.0,9.176339391189074,0.0,0.0,0
2030-01-12 11:00:00,0.0,0.0,0.0,0.0,16.38102815281121,0.0,0.0,0
2030-01-12 12:00:00,0.0,0.0,0.0,0.0,20.612148718670568,0.0,0.0,0
2030-01-12 13:00:00,0.0,0.0,0.0,0.0,22.56236756260365,0.0,0.0,0
2030-01-12 14:00:00,0.0,0.0,0.0,0.0,22.9879836766176,0.0,0.0,0
2030-01-12 15:00:00,0.0,0.0,0.0,0.0,21.694122473814865,0.0,0.0,0
2030-01-12 16:00:00,0.0,0.0,0.0,0.0,19.12437036269276,0.0,0.0,0
2030-01-12 17:00:00,0.0,0.0,0.0,0.0,13.624944709545955,0.0,0.0,0
2030-01-12 18:00:00,0.0,0.0,0.0,0.0,7.328050414325605,0.0,0.0,0
2030-01-12 19:00:00,0.0,0.0,0.0,0.0,0.6915617426182619,0.0,0.0,0
2030-01-12 20:00:00,0.0,0.0,0.0,0.0,0.0,0.0,0.0,0
2030-01-12 21:00:00,0.0,0.0,0.0,0.0,0.0,0.0,0.0,0
2030-01-12 22:00:00,0.0,0.0,0.0,0.0,0.0,0.0,0.0,0
2030-01-12 23:00:00,0.0,0.0,0.0,0.0,0.0,0.0,0.0,0
2030-01-13 00:00:00,0.0,0.0,0.0,0.0,0.0,0.0,0.0,0
2030-01-13 01:00:00,0.0,0.0,0.0,0.0,0.0,0.0,0.0,0
2030-01-13 02:00:00,0.0,0.0,0.0,0.0,0.0,0.0,0.0,0
2030-01-13 03:00:00,0.0,0.0,0.0,0.0,0.0,0.0,0.0,0
2030-01-13 04:00:00,0.0,0.0,0.0,0.0,0.0,0.0,0.0,0
2030-01-13 05:00:00,0.0,0.0,0.0,0.0,0.0,0.0,0.0,0
2030-01-13 06:00:00,0.0,0.0,0.0,0.0,0.0,0.0,0.0,0
2030-01-13 07:00:00,0.0,0.0,0.0,0.0,0.0,0.0,0.0,0
2030-01-13 08:00:00,0.0,0.0,0.0,0.0,0.0,0.0,0.0,0
2030-01-13 09:00:00,0.0,0.0,0.0,0.0,1.8854079457963329,0.0,0.0,0
2030-01-13 10:00:00,0.0,0.0,0.0,0.0,4.625141367031635,0.0,0.0,0
2030-01-13 11:00:00,0.0,0.0,0.0,0.0,5.236425974457792,0.0,0.0,0
2030-01-13 12:00:00,0.0,0.0,0.0,0.0,9.557692607725537,0.0,0.0,0
2030-01-13 13:00:00,0.0,0.0,0.0,0.0,8.913855253735244,0.0,0.0,0
2030-01-13 14:00:00,0.0,0.0,0.0,0.0,11.124790665172975,0.0,0.0,0
2030-01-13 15:00:00,0.0,0.0,0.0,0.0,10.06645815809902,0.0,0.0,0
2030-01-13 16:00:00,0.0,0.0,0.0,0.0,9.000392532497377,0.0,0.0,0
2030-01-13 17:00:00,0.0,0.0,0.0,0.0,5.737237460059943,0.0,0.0,0
2030-01-13 18:00:00,0.0,0.0,0.0,0.0,3.358382903449724,0.0,0.0,0
2030-01-13 19:00:00,0.0,0.0,0.0,0.0,0.4595681867878542,0.0,0.0,0
2030-01-13 20:00:00,0.0,0.0,0.0,0.0,0.0,0.0,0.0,0
2030-01-13 21:00:00,0.0,0.0,0.0,0.0,0.0,0.0,0.0,0
2030-01-13 22:00:00,0.0,0.0,0.0,0.0,0.0,0.0,0.0,0
2030-01-13 23:00:00,0.0,0.0,0.0,0.0,0.0,0.0,0.0,0
2030-01-14 00:00:00,0.0,0.0,0.0,0.0,0.0,0.0,0.0,0
2030-01-14 01:00:00,0.0,0.0,0.0,0.0,0.0,0.0,0.0,0
2030-01-14 02:00:00,0.0,0.0,0.0,0.0,0.0,0.0,0.0,0
2030-01-14 03:00:00,0.0,0.0,0.0,0.0,0.0,0.0,0.0,0
2030-01-14 04:00:00,0.0,0.0,0.0,0.0,0.0,0.0,0.0,0
2030-01-14 05:00:00,0.0,0.0,0.0,0.0,0.0,0.0,0.0,0
2030-01-14 06:00:00,0.0,0.0,0.0,0.0,0.0,0.0,0.0,0
2030-01-14 07:00:00,0.0,0.0,0.0,0.0,0.0,0.0,0.0,0
2030-01-14 08:00:00,0.0,0.0,0.0,0.0,0.0,0.0,0.0,0
2030-01-14 09:00:00,0.0,0.0,0.0,0.0,3.299463905143586,0.0,0.0,0
2030-01-14 10:00:00,0.0,0.0,0.0,0.0,8.16094410413071,0.0,0.0,0
2030-01-14 11:00:00,0.0,0.0,0.0,0.0,11.481545199916628,0.0,0.0,0
2030-01-14 12:00:00,0.0,0.0,0.0,0.0,17.131877137475026,0.0,0.0,0
2030-01-14 13:00:00,0.0,0.0,0.0,0.0,17.464032990425864,0.0,0.0,0
2030-01-14 14:00:00,0.0,0.0,0.0,0.0,18.45865933058132,0.0,0.0,0
2030-01-14 15:00:00,0.0,0.0,0.0,0.0,15.208761032762762,0.0,0.0,0
2030-01-14 16:00:00,0.0,0.0,0.0,0.0,11.506438476700971,0.0,0.0,0
2030-01-14 17:00:00,0.0,0.0,0.0,0.0,6.797779429570383,0.0,0.0,0
2030-01-14 18:00:00,0.0,0.0,0.0,0.0,2.113719064232611,0.0,0.0,0
2030-01-14 19:00:00,0.0,0.0,0.0,0.0,0.4389465373807058,0.0,0.0,0
2030-01-14 20:00:00,0.0,0.0,0.0,0.0,0.0,0.0,0.0,0
2030-01-14 21:00:00,0.0,0.0,0.0,0.0,0.0,0.0,0.0,0
2030-01-14 22:00:00,0.0,0.0,0.0,0.0,0.0,0.0,0.0,0
2030-01-14 23:00:00,0.0,0.0,0.0,0.0,0.0,0.0,0.0,0
2030-01-15 00:00:00,0.0,0.0,0.0,0.0,0.0,0.0,0.0,0
2030-01-15 01:00:00,0.0,0.0,0.0,0.0,0.0,0.0,0.0,0
2030-01-15 02:00:00,0.0,0.0,0.0,0.0,0.0,0.0,0.0,0
2030-01-15 03:00:00,0.0,0.0,0.0,0.0,0.0,0.0,0.0,0
2030-01-15 04:00:00,0.0,0.0,0.0,0.0,0.0,0.0,0.0,0
2030-01-15 05:00:00,0.0,0.0,0.0,0.0,0.0,0.0,0.0,0
2030-01-15 06:00:00,0.0,0.0,0.0,0.0,0.0,0.0,0.0,0
2030-01-15 07:00:00,0.0,0.0,0.0,0.0,0.0,0.0,0.0,0
2030-01-15 08:00:00,0.0,0.0,0.0,0.0,0.0,0.0,0.0,0
2030-01-15 09:00:00,0.0,0.0,0.0,0.0,4.256897627618288,0.0,0.0,0
2030-01-15 10:00:00,0.0,0.0,0.0,0.0,11.953928268836073,0.0,0.0,0
2030-01-15 11:00:00,0.0,0.0,0.0,0.0,20.042770248789648,0.0,0.0,0
2030-01-15 12:00:00,0.0,0.0,0.0,0.0,24.532250622221408,0.0,0.0,0
2030-01-15 13:00:00,0.0,0.0,0.0,0.0,27.74031643124261,0.0,0.0,0
2030-01-15 14:00:00,0.0,0.0,0.0,0.0,28.019813429457336,0.0,0.0,0
2030-01-15 15:00:00,0.0,0.0,0.0,0.0,27.000220163769665,0.0,0.0,0
2030-01-15 16:00:00,0.0,0.0,0.0,0.0,23.30386315628637,0.0,0.0,0
2030-01-15 17:00:00,0.0,0.0,0.0,0.0,17.44326404352295,0.0,0.0,0
2030-01-15 18:00:00,0.0,0.0,0.0,0.0,9.563584507556152,0.0,0.0,0
2030-01-15 19:00:00,0.0,0.0,0.0,0.0,1.9295971945259371,0.0,0.0,0
2030-01-15 20:00:00,0.0,0.0,0.0,0.0,0.0,0.0,0.0,0
2030-01-15 21:00:00,0.0,0.0,0.0,0.0,0.0,0.0,0.0,0
2030-01-15 22:00:00,0.0,0.0,0.0,0.0,0.0,0.0,0.0,0
2030-01-15 23:00:00,0.0,0.0,0.0,0.0,0.0,0.0,0.0,0
2030-01-16 00:00:00,0.0,0.0,0.0,0.0,0.0,0.0,0.0,0
2030-01-16 01:00:00,0.0,0.0,0.0,0.0,0.0,0.0,0.0,0
2030-01-16 02:00:00,0.0,0.0,0.0,0.0,0.0,0.0,0.0,0
2030-01-16 03:00:00,0.0,0.0,0.0,0.0,0.0,0.0,0.0,0
2030-01-16 04:00:00,0.0,0.0,0.0,0.0,0.0,0.0,0.0,0
2030-01-16 05:00:00,0.0,0.0,0.0,0.0,0.0,0.0,0.0,0
2030-01-16 06:00:00,0.0,0.0,0.0,0.0,0.0,0.0,0.0,0
2030-01-16 07:00:00,0.0,0.0,0.0,0.0,0.0,0.0,0.0,0
2030-01-16 08:00:00,0.0,0.0,0.0,0.0,0.0,0.0,0.0,0
2030-01-16 09:00:00,0.0,0.0,0.0,0.0,6.223319196085565,0.0,0.0,0
2030-01-16 10:00:00,0.0,0.0,0.0,0.0,14.531339849737972,0.0,0.0,0
2030-01-16 11:00:00,0.0,0.0,0.0,0.0,21.562880405087952,0.0,0.0,0
2030-01-16 12:00:00,0.0,0.0,0.0,0.0,26.35844497472008,0.0,0.0,0
2030-01-16 13:00:00,0.0,0.0,0.0,0.0,28.958687667465608,0.0,0.0,0
2030-01-16 14:00:00,0.0,0.0,0.0,0.0,28.93239506447149,0.0,0.0,0
2030-01-16 15:00:00,0.0,0.0,0.0,0.0,27.266902279852808,0.0,0.0,0
2030-01-16 16:00:00,0.0,0.0,0.0,0.0,23.54071752947704,0.0,0.0,0
2030-01-16 17:00:00,0.0,0.0,0.0,0.0,17.664873125901902,0.0,0.0,0
2030-01-16 18:00:00,0.0,0.0,0.0,0.0,9.77687128142436,0.0,0.0,0
2030-01-16 19:00:00,0.0,0.0,0.0,0.0,2.069529815503006,0.0,0.0,0
2030-01-16 20:00:00,0.0,0.0,0.0,0.0,0.0,0.0,0.0,0
2030-01-16 21:00:00,0.0,0.0,0.0,0.0,0.0,0.0,0.0,0
2030-01-16 22:00:00,0.0,0.0,0.0,0.0,0.0,0.0,0.0,0
2030-01-16 23:00:00,0.0,0.0,0.0,0.0,0.0,0.0,0.0,0
2030-01-17 00:00:00,0.0,0.0,0.0,0.0,0.0,0.0,0.0,0
2030-01-17 01:00:00,0.0,0.0,0.0,0.0,0.0,0.0,0.0,0
2030-01-17 02:00:00,0.0,0.0,0.0,0.0,0.0,0.0,0.0,0
2030-01-17 03:00:00,0.0,0.0,0.0,0.0,0.0,0.0,0.0,0
2030-01-17 04:00:00,0.0,0.0,0.0,0.0,0.0,0.0,0.0,0
2030-01-17 05:00:00,0.0,0.0,0.0,0.0,0.0,0.0,0.0,0
2030-01-17 06:00:00,0.0,0.0,0.0,0.0,0.0,0.0,0.0,0
2030-01-17 07:00:00,0.0,0.0,0.0,0.0,0.0,0.0,0.0,0
2030-01-17 08:00:00,0.0,0.0,0.0,0.0,0.0,0.0,0.0,0
2030-01-17 09:00:00,0.0,0.0,0.0,0.0,6.223319196085565,0.0,0.0,0
2030-01-17 10:00:00,0.0,0.0,0.0,0.0,14.570079091124253,0.0,0.0,0
2030-01-17 11:00:00,0.0,0.0,0.0,0.0,21.550728361687305,0.0,0.0,0
2030-01-17 12:00:00,0.0,0.0,0.0,0.0,26.280524599460225,0.0,0.0,0
2030-01-17 13:00:00,0.0,0.0,0.0,0.0,28.850350359330204,0.0,0.0,0
2030-01-17 14:00:00,0.0,0.0,0.0,0.0,28.966347137245407,0.0,0.0,0
2030-01-17 15:00:00,0.0,0.0,0.0,0.0,27.339961837752416,0.0,0.0,0
2030-01-17 16:00:00,0.0,0.0,0.0,0.0,23.60582302260532,0.0,0.0,0
2030-01-17 17:00:00,0.0,0.0,0.0,0.0,17.726517127879703,0.0,0.0,0
2030-01-17 18:00:00,0.0,0.0,0.0,0.0,9.814284845348755,0.0,0.0,0
2030-01-17 19:00:00,0.0,0.0,0.0,0.0,2.084259565079544,0.0,0.0,0
2030-01-17 20:00:00,0.0,0.0,0.0,0.0,0.0,0.0,0.0,0
2030-01-17 21:00:00,0.0,0.0,0.0,0.0,0.0,0.0,0.0,0
2030-01-17 22:00:00,0.0,0.0,0.0,0.0,0.0,0.0,0.0,0
2030-01-17 23:00:00,0.0,0.0,0.0,0.0,0.0,0.0,0.0,0
2030-01-18 00:00:00,0.0,0.0,0.0,0.0,0.0,0.0,0.0,0
2030-01-18 01:00:00,0.0,0.0,0.0,0.0,0.0,0.0,0.0,0
2030-01-18 02:00:00,0.0,0.0,0.0,0.0,0.0,0.0,0.0,0
2030-01-18 03:00:00,0.0,0.0,0.0,0.0,0.0,0.0,0.0,0
2030-01-18 04:00:00,0.0,0.0,0.0,0.0,0.0,0.0,0.0,0
2030-01-18 05:00:00,0.0,0.0,0.0,0.0,0.0,0.0,0.0,0
2030-01-18 06:00:00,0.0,0.0,0.0,0.0,0.0,0.0,0.0,0
2030-01-18 07:00:00,0.0,0.0,0.0,0.0,0.0,0.0,0.0,0
2030-01-18 08:00:00,0.0,0.0,0.0,0.0,0.0,0.0,0.0,0
2030-01-18 09:00:00,0.0,0.0,0.0,0.0,6.311697693544766,0.0,0.0,0
2030-01-18 10:00:00,0.0,0.0,0.0,0.0,14.822252403874511,0.0,0.0,0
2030-01-18 11:00:00,0.0,0.0,0.0,0.0,21.80039761700956,0.0,0.0,0
2030-01-18 12:00:00,0.0,0.0,0.0,0.0,26.239354949393807,0.0,0.0,0
2030-01-18 13:00:00,0.0,0.0,0.0,0.0,28.729787359046277,0.0,0.0,0
2030-01-18 14:00:00,0.0,0.0,0.0,0.0,29.04632967744599,0.0,0.0,0
2030-01-18 15:00:00,0.0,0.0,0.0,0.0,27.39225244874912,0.0,0.0,0
2030-01-18 16:00:00,0.0,0.0,0.0,0.0,23.66989743326324,0.0,0.0,0
2030-01-18 17:00:00,0.0,0.0,0.0,0.0,17.79891384704836,0.0,0.0,0
2030-01-18 18:00:00,0.0,0.0,0.0,0.0,10.112856869265096,0.0,0.0,0
2030-01-18 19:00:00,0.0,0.0,0.0,0.0,2.194732686903546,0.0,0.0,0
2030-01-18 20:00:00,0.0,0.0,0.0,0.0,0.0,0.0,0.0,0
2030-01-18 21:00:00,0.0,0.0,0.0,0.0,0.0,0.0,0.0,0
2030-01-18 22:00:00,0.0,0.0,0.0,0.0,0.0,0.0,0.0,0
2030-01-18 23:00:00,0.0,0.0,0.0,0.0,0.0,0.0,0.0,0
2030-01-19 00:00:00,0.0,0.0,0.0,0.0,0.0,0.0,0.0,0
2030-01-19 01:00:00,0.0,0.0,0.0,0.0,0.0,0.0,0.0,0
2030-01-19 02:00:00,0.0,0.0,0.0,0.0,0.0,0.0,0.0,0
2030-01-19 03:00:00,0.0,0.0,0.0,0.0,0.0,0.0,0.0,0
2030-01-19 04:00:00,0.0,0.0,0.0,0.0,0.0,0.0,0.0,0
2030-01-19 05:00:00,0.0,0.0,0.0,0.0,0.0,0.0,0.0,0
2030-01-19 06:00:00,0.0,0.0,0.0,0.0,0.0,0.0,0.0,0
2030-01-19 07:00:00,0.0,0.0,0.0,0.0,0.0,0.0,0.0,0
2030-01-19 08:00:00,0.0,0.0,0.0,0.0,0.0,0.0,0.0,0
2030-01-19 09:00:00,0.0,0.0,0.0,0.0,6.400076191003969,0.0,0.0,0
2030-01-19 10:00:00,0.0,0.0,0.0,0.0,14.970139089622911,0.0,0.0,0
2030-01-19 11:00:00,0.0,0.0,0.0,0.0,21.95557552879834,0.0,0.0,0
2030-01-19 12:00:00,0.0,0.0,0.0,0.0,26.813225992895568,0.0,0.0,0
2030-01-19 13:00:00,0.0,0.0,0.0,0.0,29.44322277978569,0.0,0.0,0
2030-01-19 14:00:00,0.0,0.0,0.0,0.0,29.442191697315334,0.0,0.0,0
2030-01-19 15:00:00,0.0,0.0,0.0,0.0,27.79503745091944,0.0,0.0,0
2030-01-19 16:00:00,0.0,0.0,0.0,0.0,24.029376971678545,0.0,0.0,0
2030-01-19 17:00:00,0.0,0.0,0.0,0.0,18.20272993168904,0.0,0.0,0
2030-01-19 18:00:00,0.0,0.0,0.0,0.0,10.145041372089825,0.0,0.0,0
2030-01-19 19:00:00,0.0,0.0,0.0,0.0,2.076894690291275,0.0,0.0,0
2030-01-19 20:00:00,0.0,0.0,0.0,0.0,0.0,0.0,0.0,0
2030-01-19 21:00:00,0.0,0.0,0.0,0.0,0.0,0.0,0.0,0
2030-01-19 22:00:00,0.0,0.0,0.0,0.0,0.0,0.0,0.0,0
2030-01-19 23:00:00,0.0,0.0,0.0,0.0,0.0,0.0,0.0,0
2030-01-20 00:00:00,0.0,0.0,0.0,0.0,0.0,0.0,0.0,0
2030-01-20 01:00:00,0.0,0.0,0.0,0.0,0.0,0.0,0.0,0
2030-01-20 02:00:00,0.0,0.0,0.0,0.0,0.0,0.0,0.0,0
2030-01-20 03:00:00,0.0,0.0,0.0,0.0,0.0,0.0,0.0,0
2030-01-20 04:00:00,0.0,0.0,0.0,0.0,0.0,0.0,0.0,0
2030-01-20 05:00:00,0.0,0.0,0.0,0.0,0.0,0.0,0.0,0
2030-01-20 06:00:00,0.0,0.0,0.0,0.0,0.0,0.0,0.0,0
2030-01-20 07:00:00,0.0,0.0,0.0,0.0,0.0,0.0,0.0,0
2030-01-20 08:00:00,0.0,0.0,0.0,0.0,0.0,0.0,0.0,0
2030-01-20 09:00:00,0.0,0.0,0.0,0.0,6.400076191003969,0.0,0.0,0
2030-01-20 10:00:00,0.0,0.0,0.0,0.0,15.00924657474861,0.0,0.0,0
2030-01-20 11:00:00,0.0,0.0,0.0,0.0,22.159950804172748,0.0,0.0,0
2030-01-20 12:00:00,0.0,0.0,0.0,0.0,27.104801385763054,0.0,0.0,0
2030-01-20 13:00:00,0.0,0.0,0.0,0.0,29.64479940274056,0.0,0.0,0
2030-01-20 14:00:00,0.0,0.0,0.0,0.0,29.671092005734668,0.0,0.0,0
2030-01-20 15:00:00,0.0,0.0,0.0,0.0,28.026736411758318,0.0,0.0,0
2030-01-20 16:00:00,0.0,0.0,0.0,0.0,24.259750255055536,0.0,0.0,0
2030-01-20 17:00:00,0.0,0.0,0.0,0.0,18.35967541342701,0.0,0.0,0
2030-01-20 18:00:00,0.0,0.0,0.0,0.0,10.300882122609554,0.0,0.0,0
2030-01-20 19:00:00,0.0,0.0,0.0,0.0,2.2831111843627507,0.0,0.0,0
2030-01-20 20:00:00,0.0,0.0,0.0,0.0,0.0,0.0,0.0,0
2030-01-20 21:00:00,0.0,0.0,0.0,0.0,0.0,0.0,0.0,0
2030-01-20 22:00:00,0.0,0.0,0.0,0.0,0.0,0.0,0.0,0
2030-01-20 23:00:00,0.0,0.0,0.0,0.0,0.0,0.0,0.0,0
2030-01-21 00:00:00,0.0,0.0,0.0,0.0,0.0,0.0,0.0,0
2030-01-21 01:00:00,0.0,0.0,0.0,0.0,0.0,0.0,0.0,0
2030-01-21 02:00:00,0.0,0.0,0.0,0.0,0.0,0.0,0.0,0
2030-01-21 03:00:00,0.0,0.0,0.0,0.0,0.0,0.0,0.0,0
2030-01-21 04:00:00,0.0,0.0,0.0,0.0,0.0,0.0,0.0,0
2030-01-21 05:00:00,0.0,0.0,0.0,0.0,0.0,0.0,0.0,0
2030-01-21 06:00:00,0.0,0.0,0.0,0.0,0.0,0.0,0.0,0
2030-01-21 07:00:00,0.0,0.0,0.0,0.0,0.0,0.0,0.0,0
2030-01-21 08:00:00,0.0,0.0,0.0,0.0,0.0,0.0,0.0,0
2030-01-21 09:00:00,0.0,0.0,0.0,0.0,6.400076191003969,0.0,0.0,0
2030-01-21 10:00:00,0.0,0.0,0.0,0.0,15.01447563584828,0.0,0.0,0
2030-01-21 11:00:00,0.0,0.0,0.0,0.0,22.1138466879982,0.0,0.0,0
2030-01-21 12:00:00,0.0,0.0,0.0,0.0,26.996390428879764,0.0,0.0,0
2030-01-21 13:00:00,0.0,0.0,0.0,0.0,29.648923732621988,0.0,0.0,0
2030-01-21 14:00:00,0.0,0.0,0.0,0.0,29.18935554583413,0.0,0.0,0
2030-01-21 15:00:00,0.0,0.0,0.0,0.0,27.194137316944737,0.0,0.0,0
2030-01-21 16:00:00,0.0,0.0,0.0,0.0,23.43790387743283,0.0,0.0,0
2030-01-21 17:00:00,0.0,0.0,0.0,0.0,17.075462196596902,0.0,0.0,0
2030-01-21 18:00:00,0.0,0.0,0.0,0.0,9.765455725502548,0.0,0.0,0
2030-01-21 19:00:00,0.0,0.0,0.0,0.0,2.113719064232611,0.0,0.0,0
2030-01-21 20:00:00,0.0,0.0,0.0,0.0,0.0,0.0,0.0,0
2030-01-21 21:00:00,0.0,0.0,0.0,0.0,0.0,0.0,0.0,0
2030-01-21 22:00:00,0.0,0.0,0.0,0.0,0.0,0.0,0.0,0
2030-01-21 23:00:00,0.0,0.0,0.0,0.0,0.0,0.0,0.0,0
2030-01-22 00:00:00,0.0,0.0,0.0,0.0,0.0,0.0,0.0,0
2030-01-22 01:00:00,0.0,0.0,0.0,0.0,0.0,0.0,0.0,0
2030-01-22 02:00:00,0.0,0.0,0.0,0.0,0.0,0.0,0.0,0
2030-01-22 03:00:00,0.0,0.0,0.0,0.0,0.0,0.0,0.0,0
2030-01-22 04:00:00,0.0,0.0,0.0,0.0,0.0,0.0,0.0,0
2030-01-22 05:00:00,0.0,0.0,0.0,0.0,0.0,0.0,0.0,0
2030-01-22 06:00:00,0.0,0.0,0.0,0.0,0.0,0.0,0.0,0
2030-01-22 07:00:00,0.0,0.0,0.0,0.0,0.0,0.0,0.0,0
2030-01-22 08:00:00,0.0,0.0,0.0,0.0,0.0,0.0,0.0,0
2030-01-22 09:00:00,0.0,0.0,0.0,0.0,5.913994454978352,0.0,0.0,0
2030-01-22 10:00:00,0.0,0.0,0.0,0.0,13.588267633100385,0.0,0.0,0
2030-01-22 11:00:00,0.0,0.0,0.0,0.0,19.214737376344804,0.0,0.0,0
2030-01-22 12:00:00,0.0,0.0,0.0,0.0,23.814690871600565,0.0,0.0,0
2030-01-22 13:00:00,0.0,0.0,0.0,0.0,25.782511766277608,0.0,0.0,0
2030-01-22 14:00:00,0.0,0.0,0.0,0.0,24.96589444975457,0.0,0.0,0
2030-01-22 15:00:00,0.0,0.0,0.0,0.0,22.657595393615946,0.0,0.0,0
2030-01-22 16:00:00,0.0,0.0,0.0,0.0,17.854371354204012,0.0,0.0,0
2030-01-22 17:00:00,0.0,0.0,0.0,0.0,14.3595173209277,0.0,0.0,0
2030-01-22 18:00:00,0.0,0.0,0.0,0.0,6.967171549700522,0.0,0.0,0
2030-01-22 19:00:00,0.0,0.0,0.0,0.0,1.3551369610411155,0.0,0.0,0
2030-01-22 20:00:00,0.0,0.0,0.0,0.0,0.0,0.0,0.0,0
2030-01-22 21:00:00,0.0,0.0,0.0,0.0,0.0,0.0,0.0,0
2030-01-22 22:00:00,0.0,0.0,0.0,0.0,0.0,0.0,0.0,0
2030-01-22 23:00:00,0.0,0.0,0.0,0.0,0.0,0.0,0.0,0
2030-01-23 00:00:00,0.0,0.0,0.0,0.0,0.0,0.0,0.0,0
2030-01-23 01:00:00,0.0,0.0,0.0,0.0,0.0,0.0,0.0,0
2030-01-23 02:00:00,0.0,0.0,0.0,0.0,0.0,0.0,0.0,0
2030-01-23 03:00:00,0.0,0.0,0.0,0.0,0.0,0.0,0.0,0
2030-01-23 04:00:00,0.0,0.0,0.0,0.0,0.0,0.0,0.0,0
2030-01-23 05:00:00,0.0,0.0,0.0,0.0,0.0,0.0,0.0,0
2030-01-23 06:00:00,0.0,0.0,0.0,0.0,0.0,0.0,0.0,0
2030-01-23 07:00:00,0.0,0.0,0.0,0.0,0.0,0.0,0.0,0
2030-01-23 08:00:00,0.0,0.0,0.0,0.0,0.0,0.0,0.0,0
2030-01-23 09:00:00,0.0,0.0,0.0,0.0,6.326427443121299,0.0,0.0,0
2030-01-23 10:00:00,0.0,0.0,0.0,0.0,14.906064678964988,0.0,0.0,0
2030-01-23 11:00:00,0.0,0.0,0.0,0.0,22.094477067305057,0.0,0.0,0
2030-01-23 12:00:00,0.0,0.0,0.0,0.0,26.99985192003025,0.0,0.0,0
2030-01-23 13:00:00,0.0,0.0,0.0,0.0,29.671828493213496,0.0,0.0,0
2030-01-23 14:00:00,0.0,0.0,0.0,0.0,29.622262885888464,0.0,0.0,0
2030-01-23 15:00:00,0.0,0.0,0.0,0.0,27.98446203047366,0.0,0.0,0
2030-01-23 16:00:00,0.0,0.0,0.0,0.0,24.25069145906597,0.0,0.0,0
2030-01-23 17:00:00,0.0,0.0,0.0,0.0,18.377277464170962,0.0,0.0,0
2030-01-23 18:00:00,0.0,0.0,0.0,0.0,10.369817350627732,0.0,0.0,0
2030-01-23 19:00:00,0.0,0.0,0.0,0.0,2.342030182668884,0.0,0.0,0
2030-01-23 20:00:00,0.0,0.0,0.0,0.0,0.0,0.0,0.0,0
2030-01-23 21:00:00,0.0,0.0,0.0,0.0,0.0,0.0,0.0,0
2030-01-23 22:00:00,0.0,0.0,0.0,0.0,0.0,0.0,0.0,0
2030-01-23 23:00:00,0.0,0.0,0.0,0.0,0.0,0.0,0.0,0
2030-01-24 00:00:00,0.0,0.0,0.0,0.0,0.0,0.0,0.0,0
2030-01-24 01:00:00,0.0,0.0,0.0,0.0,0.0,0.0,0.0,0
2030-01-24 02:00:00,0.0,0.0,0.0,0.0,0.0,0.0,0.0,0
2030-01-24 03:00:00,0.0,0.0,0.0,0.0,0.0,0.0,0.0,0
2030-01-24 04:00:00,0.0,0.0,0.0,0.0,0.0,0.0,0.0,0
2030-01-24 05:00:00,0.0,0.0,0.0,0.0,0.0,0.0,0.0,0
2030-01-24 06:00:00,0.0,0.0,0.0,0.0,0.0,0.0,0.0,0
2030-01-24 07:00:00,0.0,0.0,0.0,0.0,0.0,0.0,0.0,0
2030-01-24 08:00:00,0.0,0.0,0.0,0.0,0.0,0.0,0.0,0
2030-01-24 09:00:00,0.0,0.0,0.0,0.0,6.3043328187565,0.0,0.0,0
2030-01-24 10:00:00,0.0,0.0,0.0,0.0,14.949296493972119,0.0,0.0,0
2030-01-24 11:00:00,0.0,0.0,0.0,0.0,22.07297163292332,0.0,0.0,0
2030-01-24 12:00:00,0.0,0.0,0.0,0.0,27.010604637221125,0.0,0.0,0
2030-01-24 13:00:00,0.0,0.0,0.0,0.0,29.62196829089693,0.0,0.0,0
2030-01-24 14:00:00,0.0,0.0,0.0,0.0,29.607017595076748,0.0,0.0,0
2030-01-24 15:00:00,0.0,0.0,0.0,0.0,27.994183665194168,0.0,0.0,0
2030-01-24 16:00:00,0.0,0.0,0.0,0.0,24.27735230579949,0.0,0.0,0
2030-01-24 17:00:00,0.0,0.0,0.0,0.0,18.437227544947454,0.0,0.0,0
2030-01-24 18:00:00,0.0,0.0,0.0,0.0,10.440446499847212,0.0,0.0,0
2030-01-24 19:00:00,0.0,0.0,0.0,0.0,2.415678930551555,0.0,0.0,0
2030-01-24 20:00:00,0.0,0.0,0.0,0.0,0.0,0.0,0.0,0
2030-01-24 21:00:00,0.0,0.0,0.0,0.0,0.0,0.0,0.0,0
2030-01-24 22:00:00,0.0,0.0,0.0,0.0,0.0,0.0,0.0,0
2030-01-24 23:00:00,0.0,0.0,0.0,0.0,0.0,0.0,0.0,0
2030-01-25 00:00:00,0.0,0.0,0.0,0.0,0.0,0.0,0.0,0
2030-01-25 01:00:00,0.0,0.0,0.0,0.0,0.0,0.0,0.0,0
2030-01-25 02:00:00,0.0,0.0,0.0,0.0,0.0,0.0,0.0,0
2030-01-25 03:00:00,0.0,0.0,0.0,0.0,0.0,0.0,0.0,0
2030-01-25 04:00:00,0.0,0.0,0.0,0.0,0.0,0.0,0.0,0
2030-01-25 05:00:00,0.0,0.0,0.0,0.0,0.0,0.0,0.0,0
2030-01-25 06:00:00,0.0,0.0,0.0,0.0,0.0,0.0,0.0,0
2030-01-25 07:00:00,0.0,0.0,0.0,0.0,0.0,0.0,0.0,0
2030-01-25 08:00:00,0.0,0.0,0.0,0.0,0.0,0.0,0.0,0
2030-01-25 09:00:00,0.0,0.0,0.0,0.0,6.414805940580504,0.0,0.0,0
2030-01-25 10:00:00,0.0,0.0,0.0,0.0,15.120750779042972,0.0,0.0,0
2030-01-25 11:00:00,0.0,0.0,0.0,0.0,22.3798659653504,0.0,0.0,0
2030-01-25 12:00:00,0.0,0.0,0.0,0.0,27.4033734096794,0.0,0.0,0
2030-01-25 13:00:00,0.0,0.0,0.0,0.0,30.127566945111457,0.0,0.0,0
2030-01-25 14:00:00,0.0,0.0,0.0,0.0,30.161887261624784,0.0,0.0,0
2030-01-25 15:00:00,0.0,0.0,0.0,0.0,28.52062491505949,0.0,0.0,0
2030-01-25 16:00:00,0.0,0.0,0.0,0.0,24.76608539674889,0.0,0.0,0
2030-01-25 17:00:00,0.0,0.0,0.0,0.0,18.819538195206395,0.0,0.0,0
2030-01-25 18:00:00,0.0,0.0,0.0,0.0,10.763617205556368,0.0,0.0,0
2030-01-25 19:00:00,0.0,0.0,0.0,0.0,2.6218954246230304,0.0,0.0,0
2030-01-25 20:00:00,0.0,0.0,0.0,0.0,0.0,0.0,0.0,0
2030-01-25 21:00:00,0.0,0.0,0.0,0.0,0.0,0.0,0.0,0
2030-01-25 22:00:00,0.0,0.0,0.0,0.0,0.0,0.0,0.0,0
2030-01-25 23:00:00,0.0,0.0,0.0,0.0,0.0,0.0,0.0,0
2030-01-26 00:00:00,0.0,0.0,0.0,0.0,0.0,0.0,0.0,0
2030-01-26 01:00:00,0.0,0.0,0.0,0.0,0.0,0.0,0.0,0
2030-01-26 02:00:00,0.0,0.0,0.0,0.0,0.0,0.0,0.0,0
2030-01-26 03:00:00,0.0,0.0,0.0,0.0,0.0,0.0,0.0,0
2030-01-26 04:00:00,0.0,0.0,0.0,0.0,0.0,0.0,0.0,0
2030-01-26 05:00:00,0.0,0.0,0.0,0.0,0.0,0.0,0.0,0
2030-01-26 06:00:00,0.0,0.0,0.0,0.0,0.0,0.0,0.0,0
2030-01-26 07:00:00,0.0,0.0,0.0,0.0,0.0,0.0,0.0,0
2030-01-26 08:00:00,0.0,0.0,0.0,0.0,0.0,0.0,0.0,0
2030-01-26 09:00:00,0.0,0.0,0.0,0.0,6.841968678299983,0.0,0.0,0
2030-01-26 10:00:00,0.0,0.0,0.0,0.0,15.920797127292412,0.0,0.0,0
2030-01-26 11:00:00,0.0,0.0,0.0,0.0,23.07842433901752,0.0,0.0,0
2030-01-26 12:00:00,0.0,0.0,0.0,0.0,28.004936382385047,0.0,0.0,0
2030-01-26 13:00:00,0.0,0.0,0.0,0.0,30.688328511490106,0.0,0.0,0
2030-01-26 14:00:00,0.0,0.0,0.0,0.0,30.612470301170955,0.0,0.0,0
2030-01-26 15:00:00,0.0,0.0,0.0,0.0,28.92959641205196,0.0,0.0,0
2030-01-26 16:00:00,0.0,0.0,0.0,0.0,25.118641952863232,0.0,0.0,0
2030-01-26 17:00:00,0.0,0.0,0.0,0.0,19.07134326421724,0.0,0.0,0
2030-01-26 18:00:00,0.0,0.0,0.0,0.0,11.001134417477976,0.0,0.0,0
2030-01-26 19:00:00,0.0,0.0,0.0,0.0,2.66608467335263,0.0,0.0,0
2030-01-26 20:00:00,0.0,0.0,0.0,0.0,0.0,0.0,0.0,0
2030-01-26 21:00:00,0.0,0.0,0.0,0.0,0.0,0.0,0.0,0
2030-01-26 22:00:00,0.0,0.0,0.0,0.0,0.0,0.0,0.0,0
2030-01-26 23:00:00,0.0,0.0,0.0,0.0,0.0,0.0,0.0,0
2030-01-27 00:00:00,0.0,0.0,0.0,0.0,0.0,0.0,0.0,0
2030-01-27 01:00:00,0.0,0.0,0.0,0.0,0.0,0.0,0.0,0
2030-01-27 02:00:00,0.0,0.0,0.0,0.0,0.0,0.0,0.0,0
2030-01-27 03:00:00,0.0,0.0,0.0,0.0,0.0,0.0,0.0,0
2030-01-27 04:00:00,0.0,0.0,0.0,0.0,0.0,0.0,0.0,0
2030-01-27 05:00:00,0.0,0.0,0.0,0.0,0.0,0.0,0.0,0
2030-01-27 06:00:00,0.0,0.0,0.0,0.0,0.0,0.0,0.0,0
2030-01-27 07:00:00,0.0,0.0,0.0,0.0,0.0,0.0,0.0,0
2030-01-27 08:00:00,0.0,0.0,0.0,0.0,0.0,0.0,0.0,0
2030-01-27 09:00:00,0.0,0.0,0.0,0.0,6.547373686769308,0.0,0.0,0
2030-01-27 10:00:00,0.0,0.0,0.0,0.0,15.2413137793269,0.0,0.0,0
2030-01-27 11:00:00,0.0,0.0,0.0,0.0,22.403728159664382,0.0,0.0,0
2030-01-27 12:00:00,0.0,0.0,0.0,0.0,27.354544289833193,0.0,0.0,0
2030-01-27 13:00:00,0.0,0.0,0.0,0.0,29.933281548196973,0.0,0.0,0
2030-01-27 14:00:00,0.0,0.0,0.0,0.0,29.97901742063211,0.0,0.0,0
2030-01-27 15:00:00,0.0,0.0,0.0,0.0,28.328769926825135,0.0,0.0,0
2030-01-27 16:00:00,0.0,0.0,0.0,0.0,24.618861549731434,0.0,0.0,0
2030-01-27 17:00:00,0.0,0.0,0.0,0.0,18.738156328796045,0.0,0.0,0
2030-01-27 18:00:00,0.0,0.0,0.0,0.0,10.76737329169838,0.0,0.0,0
2030-01-27 19:00:00,0.0,0.0,0.0,0.0,2.6145305498347615,0.0,0.0,0
2030-01-27 20:00:00,0.0,0.0,0.0,0.0,0.0,0.0,0.0,0
2030-01-27 21:00:00,0.0,0.0,0.0,0.0,0.0,0.0,0.0,0
2030-01-27 22:00:00,0.0,0.0,0.0,0.0,0.0,0.0,0.0,0
2030-01-27 23:00:00,0.0,0.0,0.0,0.0,0.0,0.0,0.0,0
2030-01-28 00:00:00,0.0,0.0,0.0,0.0,0.0,0.0,0.0,0
2030-01-28 01:00:00,0.0,0.0,0.0,0.0,0.0,0.0,0.0,0
2030-01-28 02:00:00,0.0,0.0,0.0,0.0,0.0,0.0,0.0,0
2030-01-28 03:00:00,0.0,0.0,0.0,0.0,0.0,0.0,0.0,0
2030-01-28 04:00:00,0.0,0.0,0.0,0.0,0.0,0.0,0.0,0
2030-01-28 05:00:00,0.0,0.0,0.0,0.0,0.0,0.0,0.0,0
2030-01-28 06:00:00,0.0,0.0,0.0,0.0,0.0,0.0,0.0,0
2030-01-28 07:00:00,0.0,0.0,0.0,0.0,0.0,0.0,0.0,0
2030-01-28 08:00:00,0.0,0.0,0.0,0.0,0.0,0.0,0.0,0
2030-01-28 09:00:00,0.0,0.0,0.0,0.0,6.296967943968232,0.0,0.0,0
2030-01-28 10:00:00,0.0,0.0,0.0,0.0,14.89634304424448,0.0,0.0,0
2030-01-28 11:00:00,0.0,0.0,0.0,0.0,21.865208515146303,0.0,0.0,0
2030-01-28 12:00:00,0.0,0.0,0.0,0.0,26.79415096719396,0.0,0.0,0
2030-01-28 13:00:00,0.0,0.0,0.0,0.0,29.47820593502996,0.0,0.0,0
2030-01-28 14:00:00,0.0,0.0,0.0,0.0,29.422822076622197,0.0,0.0,0
2030-01-28 15:00:00,0.0,0.0,0.0,0.0,27.89343217809068,0.0,0.0,0
2030-01-28 16:00:00,0.0,0.0,0.0,0.0,24.25901376757671,0.0,0.0,0
2030-01-28 17:00:00,0.0,0.0,0.0,0.0,18.565376366263305,0.0,0.0,0
2030-01-28 18:00:00,0.0,0.0,0.0,0.0,10.633037975560397,0.0,0.0,0
2030-01-28 19:00:00,0.0,0.0,0.0,0.0,2.562976426316893,0.0,0.0,0
2030-01-28 20:00:00,0.0,0.0,0.0,0.0,0.0,0.0,0.0,0
2030-01-28 21:00:00,0.0,0.0,0.0,0.0,0.0,0.0,0.0,0
2030-01-28 22:00:00,0.0,0.0,0.0,0.0,0.0,0.0,0.0,0
2030-01-28 23:00:00,0.0,0.0,0.0,0.0,0.0,0.0,0.0,0
2030-01-29 00:00:00,0.0,0.0,0.0,0.0,0.0,0.0,0.0,0
2030-01-29 01:00:00,0.0,0.0,0.0,0.0,0.0,0.0,0.0,0
2030-01-29 02:00:00,0.0,0.0,0.0,0.0,0.0,0.0,0.0,0
2030-01-29 03:00:00,0.0,0.0,0.0,0.0,0.0,0.0,0.0,0
2030-01-29 04:00:00,0.0,0.0,0.0,0.0,0.0,0.0,0.0,0
2030-01-29 05:00:00,0.0,0.0,0.0,0.0,0.0,0.0,0.0,0
2030-01-29 06:00:00,0.0,0.0,0.0,0.0,0.0,0.0,0.0,0
2030-01-29 07:00:00,0.0,0.0,0.0,0.0,0.0,0.0,0.0,0
2030-01-29 08:00:00,0.0,0.0,0.0,0.0,0.0,0.0,0.0,0
2030-01-29 09:00:00,0.0,0.0,0.0,0.0,6.245413820450362,0.0,0.0,0
2030-01-29 10:00:00,0.0,0.0,0.0,0.0,14.815329421573542,0.0,0.0,0
2030-01-29 11:00:00,0.0,0.0,0.0,0.0,21.83884226340431,0.0,0.0,0
2030-01-29 12:00:00,0.0,0.0,0.0,0.0,26.72352181797448,0.0,0.0,0
2030-01-29 13:00:00,0.0,0.0,0.0,0.0,29.449114679616308,0.0,0.0,0
2030-01-29 14:00:00,0.0,0.0,0.0,0.0,29.984541076723318,0.0,0.0,0
2030-01-29 15:00:00,0.0,0.0,0.0,0.0,28.05236617602148,0.0,0.0,0
2030-01-29 16:00:00,0.0,0.0,0.0,0.0,24.37817744165087,0.0,0.0,0
2030-01-29 17:00:00,0.0,0.0,0.0,0.0,18.47493570386338,0.0,0.0,0
2030-01-29 18:00:00,0.0,0.0,0.0,0.0,10.6066717238184,0.0,0.0,0
2030-01-29 19:00:00,0.0,0.0,0.0,0.0,2.5556115515286284,0.0,0.0,0
2030-01-29 20:00:00,0.0,0.0,0.0,0.0,0.0,0.0,0.0,0
2030-01-29 21:00:00,0.0,0.0,0.0,0.0,0.0,0.0,0.0,0
2030-01-29 22:00:00,0.0,0.0,0.0,0.0,0.0,0.0,0.0,0
2030-01-29 23:00:00,0.0,0.0,0.0,0.0,0.0,0.0,0.0,0
2030-01-30 00:00:00,0.0,0.0,0.0,0.0,0.0,0.0,0.0,0
2030-01-30 01:00:00,0.0,0.0,0.0,0.0,0.0,0.0,0.0,0
2030-01-30 02:00:00,0.0,0.0,0.0,0.0,0.0,0.0,0.0,0
2030-01-30 03:00:00,0.0,0.0,0.0,0.0,0.0,0.0,0.0,0
2030-01-30 04:00:00,0.0,0.0,0.0,0.0,0.0,0.0,0.0,0
2030-01-30 05:00:00,0.0,0.0,0.0,0.0,0.0,0.0,0.0,0
2030-01-30 06:00:00,0.0,0.0,0.0,0.0,0.0,0.0,0.0,0
2030-01-30 07:00:00,0.0,0.0,0.0,0.0,0.0,0.0,0.0,0
2030-01-30 08:00:00,0.0,0.0,0.0,0.0,0.0,0.0,0.0,0
2030-01-30 09:00:00,0.0,0.0,0.0,0.0,4.131694756217753,0.0,0.0,0
2030-01-30 10:00:00,0.0,0.0,0.0,0.0,12.63377986054099,0.0,0.0,0
2030-01-30 11:00:00,0.0,0.0,0.0,0.0,21.18675624965116,0.0,0.0,0
2030-01-30 12:00:00,0.0,0.0,0.0,0.0,26.731107639006396,0.0,0.0,0
2030-01-30 13:00:00,0.0,0.0,0.0,0.0,29.434237632544008,0.0,0.0,0
2030-01-30 14:00:00,0.0,0.0,0.0,0.0,28.914719364979657,0.0,0.0,0
2030-01-30 15:00:00,0.0,0.0,0.0,0.0,26.886285550795172,0.0,0.0,0
2030-01-30 16:00:00,0.0,0.0,0.0,0.0,22.36462067453869,0.0,0.0,0
2030-01-30 17:00:00,0.0,0.0,0.0,0.0,16.331167950494645,0.0,0.0,0
2030-01-30 18:00:00,0.0,0.0,0.0,0.0,8.894411984294218,0.0,0.0,0
2030-01-30 19:00:00,0.0,0.0,0.0,0.0,1.8780430710080684,0.0,0.0,0
2030-01-30 20:00:00,0.0,0.0,0.0,0.0,0.0,0.0,0.0,0
2030-01-30 21:00:00,0.0,0.0,0.0,0.0,0.0,0.0,0.0,0
2030-01-30 22:00:00,0.0,0.0,0.0,0.0,0.0,0.0,0.0,0
2030-01-30 23:00:00,0.0,0.0,0.0,0.0,0.0,0.0,0.0,0
2030-01-31 00:00:00,0.0,0.0,0.0,0.0,0.0,0.0,0.0,0
2030-01-31 01:00:00,0.0,0.0,0.0,0.0,0.0,0.0,0.0,0
2030-01-31 02:00:00,0.0,0.0,0.0,0.0,0.0,0.0,0.0,0
2030-01-31 03:00:00,0.0,0.0,0.0,0.0,0.0,0.0,0.0,0
2030-01-31 04:00:00,0.0,0.0,0.0,0.0,0.0,0.0,0.0,0
2030-01-31 05:00:00,0.0,0.0,0.0,0.0,0.0,0.0,0.0,0
2030-01-31 06:00:00,0.0,0.0,0.0,0.0,0.0,0.0,0.0,0
2030-01-31 07:00:00,0.0,0.0,0.0,0.0,0.0,0.0,0.0,0
2030-01-31 08:00:00,0.0,0.0,0.0,0.0,0.0,0.0,0.0,0
2030-01-31 09:00:00,0.0,0.0,0.0,0.0,6.687306307746381,0.0,0.0,0
2030-01-31 10:00:00,0.0,0.0,0.0,0.0,15.608379138774128,0.0,0.0,0
2030-01-31 11:00:00,0.0,0.0,0.0,0.0,22.91735452739812,0.0,0.0,0
2030-01-31 12:00:00,0.0,0.0,0.0,0.0,27.981737026802,0.0,0.0,0
2030-01-31 13:00:00,0.0,0.0,0.0,0.0,30.720144770575416,0.0,0.0,0
2030-01-31 14:00:00,0.0,0.0,0.0,0.0,30.741281961217744,0.0,0.0,0
2030-01-31 15:00:00,0.0,0.0,0.0,0.0,29.161000777899307,0.0,0.0,0
2030-01-31 16:00:00,0.0,0.0,0.0,0.0,25.4400450886232,0.0,0.0,0
2030-01-31 17:00:00,0.0,0.0,0.0,0.0,19.4934978870807,0.0,0.0,0
2030-01-31 18:00:00,0.0,0.0,0.0,0.0,11.341612578939555,0.0,0.0,0
2030-01-31 19:00:00,0.0,0.0,0.0,0.0,2.84284166827104,0.0,0.0,0
2030-01-31 20:00:00,0.0,0.0,0.0,0.0,0.0,0.0,0.0,0
2030-01-31 21:00:00,0.0,0.0,0.0,0.0,0.0,0.0,0.0,0
2030-01-31 22:00:00,0.0,0.0,0.0,0.0,0.0,0.0,0.0,0
2030-01-31 23:00:00,0.0,0.0,0.0,0.0,0.0,0.0,0.0,0
2030-02-01 00:00:00,0.0,0.0,0.0,0.0,0.0,0.0,0.0,0
2030-02-01 01:00:00,0.0,0.0,0.0,0.0,0.0,0.0,0.0,0
2030-02-01 02:00:00,0.0,0.0,0.0,0.0,0.0,0.0,0.0,0
2030-02-01 03:00:00,0.0,0.0,0.0,0.0,0.0,0.0,0.0,0
2030-02-01 04:00:00,0.0,0.0,0.0,0.0,0.0,0.0,0.0,0
2030-02-01 05:00:00,0.0,0.0,0.0,0.0,0.0,0.0,0.0,0
2030-02-01 06:00:00,0.0,0.0,0.0,0.0,0.0,0.0,0.0,0
2030-02-01 07:00:00,0.0,0.0,0.0,0.0,0.0,0.0,0.0,0
2030-02-01 08:00:00,0.0,0.0,0.0,0.0,0.0,0.0,0.0,0
2030-02-01 09:00:00,0.0,0.0,0.0,0.0,6.458995189310104,0.0,0.0,0
2030-02-01 10:00:00,0.0,0.0,0.0,0.0,15.116626449161544,0.0,0.0,0
2030-02-01 11:00:00,0.0,0.0,0.0,0.0,22.58622975691764,0.0,0.0,0
2030-02-01 12:00:00,0.0,0.0,0.0,0.0,27.52526208742521,0.0,0.0,0
2030-02-01 13:00:00,0.0,0.0,0.0,0.0,30.067690513082848,0.0,0.0,0
2030-02-01 14:00:00,0.0,0.0,0.0,0.0,30.305575968743863,0.0,0.0,0
2030-02-01 15:00:00,0.0,0.0,0.0,0.0,28.794598257183026,0.0,0.0,0
2030-02-01 16:00:00,0.0,0.0,0.0,0.0,25.288696911724312,0.0,0.0,0
2030-02-01 17:00:00,0.0,0.0,0.0,0.0,19.568693258668908,0.0,0.0,0
2030-02-01 18:00:00,0.0,0.0,0.0,0.0,11.486406017276886,0.0,0.0,0
2030-02-01 19:00:00,0.0,0.0,0.0,0.0,2.9975040388246414,0.0,0.0,0
2030-02-01 20:00:00,0.0,0.0,0.0,0.0,0.0,0.0,0.0,0
2030-02-01 21:00:00,0.0,0.0,0.0,0.0,0.0,0.0,0.0,0
2030-02-01 22:00:00,0.0,0.0,0.0,0.0,0.0,0.0,0.0,0
2030-02-01 23:00:00,0.0,0.0,0.0,0.0,0.0,0.0,0.0,0
2030-02-02 00:00:00,0.0,0.0,0.0,0.0,0.0,0.0,0.0,0
2030-02-02 01:00:00,0.0,0.0,0.0,0.0,0.0,0.0,0.0,0
2030-02-02 02:00:00,0.0,0.0,0.0,0.0,0.0,0.0,0.0,0
2030-02-02 03:00:00,0.0,0.0,0.0,0.0,0.0,0.0,0.0,0
2030-02-02 04:00:00,0.0,0.0,0.0,0.0,0.0,0.0,0.0,0
2030-02-02 05:00:00,0.0,0.0,0.0,0.0,0.0,0.0,0.0,0
2030-02-02 06:00:00,0.0,0.0,0.0,0.0,0.0,0.0,0.0,0
2030-02-02 07:00:00,0.0,0.0,0.0,0.0,0.0,0.0,0.0,0
2030-02-02 08:00:00,0.0,0.0,0.0,0.0,0.0,0.0,0.0,0
2030-02-02 09:00:00,0.0,0.0,0.0,0.0,6.503184438039707,0.0,0.0,0
2030-02-02 10:00:00,0.0,0.0,0.0,0.0,15.423078889101332,0.0,0.0,0
2030-02-02 11:00:00,0.0,0.0,0.0,0.0,22.608103435038792,0.0,0.0,0
2030-02-02 12:00:00,0.0,0.0,0.0,0.0,27.666888629603587,0.0,0.0,0
2030-02-02 13:00:00,0.0,0.0,0.0,0.0,30.429232216438873,0.0,0.0,0
2030-02-02 14:00:00,0.0,0.0,0.0,0.0,30.3228834244963,0.0,0.0,0
2030-02-02 15:00:00,0.0,0.0,0.0,0.0,28.829213168687875,0.0,0.0,0
2030-02-02 16:00:00,0.0,0.0,0.0,0.0,25.19170151076284,0.0,0.0,0
2030-02-02 17:00:00,0.0,0.0,0.0,0.0,19.44540525471332,0.0,0.0,0
2030-02-02 18:00:00,0.0,0.0,0.0,0.0,11.452453944502976,0.0,0.0,0
2030-02-02 19:00:00,0.0,0.0,0.0,0.0,3.0416932875542457,0.0,0.0,0
2030-02-02 20:00:00,0.0,0.0,0.0,0.0,0.0,0.0,0.0,0
2030-02-02 21:00:00,0.0,0.0,0.0,0.0,0.0,0.0,0.0,0
2030-02-02 22:00:00,0.0,0.0,0.0,0.0,0.0,0.0,0.0,0
2030-02-02 23:00:00,0.0,0.0,0.0,0.0,0.0,0.0,0.0,0
2030-02-03 00:00:00,0.0,0.0,0.0,0.0,0.0,0.0,0.0,0
2030-02-03 01:00:00,0.0,0.0,0.0,0.0,0.0,0.0,0.0,0
2030-02-03 02:00:00,0.0,0.0,0.0,0.0,0.0,0.0,0.0,0
2030-02-03 03:00:00,0.0,0.0,0.0,0.0,0.0,0.0,0.0,0
2030-02-03 04:00:00,0.0,0.0,0.0,0.0,0.0,0.0,0.0,0
2030-02-03 05:00:00,0.0,0.0,0.0,0.0,0.0,0.0,0.0,0
2030-02-03 06:00:00,0.0,0.0,0.0,0.0,0.0,0.0,0.0,0
2030-02-03 07:00:00,0.0,0.0,0.0,0.0,0.0,0.0,0.0,0
2030-02-03 08:00:00,0.0,0.0,0.0,0.0,0.0,0.0,0.0,0
2030-02-03 09:00:00,0.0,0.0,0.0,0.0,6.422170815368771,0.0,0.0,0
2030-02-03 10:00:00,0.0,0.0,0.0,0.0,15.372924091793232,0.0,0.0,0
2030-02-03 11:00:00,0.0,0.0,0.0,0.0,22.47060122274185,0.0,0.0,0
2030-02-03 12:00:00,0.0,0.0,0.0,0.0,27.06569390063736,0.0,0.0,0
2030-02-03 13:00:00,0.0,0.0,0.0,0.0,29.64067507285913,0.0,0.0,0
2030-02-03 14:00:00,0.0,0.0,0.0,0.0,28.985716757938548,0.0,0.0,0
2030-02-03 15:00:00,0.0,0.0,0.0,0.0,27.931876824485432,0.0,0.0,0
2030-02-03 16:00:00,0.0,0.0,0.0,0.0,24.33524022163527,0.0,0.0,0
2030-02-03 17:00:00,0.0,0.0,0.0,0.0,19.201922494213218,0.0,0.0,0
2030-02-03 18:00:00,0.0,0.0,0.0,0.0,11.380720064065255,0.0,0.0,0
2030-02-03 19:00:00,0.0,0.0,0.0,0.0,3.0048689136129108,0.0,0.0,0
2030-02-03 20:00:00,0.0,0.0,0.0,0.0,0.0,0.0,0.0,0
2030-02-03 21:00:00,0.0,0.0,0.0,0.0,0.0,0.0,0.0,0
2030-02-03 22:00:00,0.0,0.0,0.0,0.0,0.0,0.0,0.0,0
2030-02-03 23:00:00,0.0,0.0,0.0,0.0,0.0,0.0,0.0,0
2030-02-04 00:00:00,0.0,0.0,0.0,0.0,0.0,0.0,0.0,0
2030-02-04 01:00:00,0.0,0.0,0.0,0.0,0.0,0.0,0.0,0
2030-02-04 02:00:00,0.0,0.0,0.0,0.0,0.0,0.0,0.0,0
2030-02-04 03:00:00,0.0,0.0,0.0,0.0,0.0,0.0,0.0,0
2030-02-04 04:00:00,0.0,0.0,0.0,0.0,0.0,0.0,0.0,0
2030-02-04 05:00:00,0.0,0.0,0.0,0.0,0.0,0.0,0.0,0
2030-02-04 06:00:00,0.0,0.0,0.0,0.0,0.0,0.0,0.0,0
2030-02-04 07:00:00,0.0,0.0,0.0,0.0,0.0,0.0,0.0,0
2030-02-04 08:00:00,0.0,0.0,0.0,0.0,0.0,0.0,0.0,0
2030-02-04 09:00:00,0.0,0.0,0.0,0.0,6.098116324685026,0.0,0.0,0
2030-02-04 10:00:00,0.0,0.0,0.0,0.0,14.652860283744376,0.0,0.0,0
2030-02-04 11:00:00,0.0,0.0,0.0,0.0,21.934438338156014,0.0,0.0,0
2030-02-04 12:00:00,0.0,0.0,0.0,0.0,26.970760664616595,0.0,0.0,0
2030-02-04 13:00:00,0.0,0.0,0.0,0.0,29.758365771975637,0.0,0.0,0
2030-02-04 14:00:00,0.0,0.0,0.0,0.0,29.80690029683032,0.0,0.0,0
2030-02-04 15:00:00,0.0,0.0,0.0,0.0,28.36581524701012,0.0,0.0,0
2030-02-04 16:00:00,0.0,0.0,0.0,0.0,24.80313071693387,0.0,0.0,0
2030-02-04 17:00:00,0.0,0.0,0.0,0.0,19.105958175722098,0.0,0.0,0
2030-02-04 18:00:00,0.0,0.0,0.0,0.0,11.25227664775788,0.0,0.0,0
2030-02-04 19:00:00,0.0,0.0,0.0,0.0,2.923855290941975,0.0,0.0,0
2030-02-04 20:00:00,0.0,0.0,0.0,0.0,0.0,0.0,0.0,0
2030-02-04 21:00:00,0.0,0.0,0.0,0.0,0.0,0.0,0.0,0
2030-02-04 22:00:00,0.0,0.0,0.0,0.0,0.0,0.0,0.0,0
2030-02-04 23:00:00,0.0,0.0,0.0,0.0,0.0,0.0,0.0,0
2030-02-05 00:00:00,0.0,0.0,0.0,0.0,0.0,0.0,0.0,0
2030-02-05 01:00:00,0.0,0.0,0.0,0.0,0.0,0.0,0.0,0
2030-02-05 02:00:00,0.0,0.0,0.0,0.0,0.0,0.0,0.0,0
2030-02-05 03:00:00,0.0,0.0,0.0,0.0,0.0,0.0,0.0,0
2030-02-05 04:00:00,0.0,0.0,0.0,0.0,0.0,0.0,0.0,0
2030-02-05 05:00:00,0.0,0.0,0.0,0.0,0.0,0.0,0.0,0
2030-02-05 06:00:00,0.0,0.0,0.0,0.0,0.0,0.0,0.0,0
2030-02-05 07:00:00,0.0,0.0,0.0,0.0,0.0,0.0,0.0,0
2030-02-05 08:00:00,0.0,0.0,0.0,0.0,0.0,0.0,0.0,0
2030-02-05 09:00:00,0.0,0.0,0.0,0.0,6.436900564945304,0.0,0.0,0
2030-02-05 10:00:00,0.0,0.0,0.0,0.0,15.353186227360675,0.0,0.0,0
2030-02-05 11:00:00,0.0,0.0,0.0,0.0,22.89415517181508,0.0,0.0,0
2030-02-05 12:00:00,0.0,0.0,0.0,0.0,28.084918922585626,0.0,0.0,0
2030-02-05 13:00:00,0.0,0.0,0.0,0.0,30.923783558471,0.0,0.0,0
2030-02-05 14:00:00,0.0,0.0,0.0,0.0,31.083822287620038,0.0,0.0,0
2030-02-05 15:00:00,0.0,0.0,0.0,0.0,29.59074122179468,0.0,0.0,0
2030-02-05 16:00:00,0.0,0.0,0.0,0.0,25.93908900427617,0.0,0.0,0
2030-02-05 17:00:00,0.0,0.0,0.0,0.0,20.073997317891894,0.0,0.0,0
2030-02-05 18:00:00,0.0,0.0,0.0,0.0,11.976096541948756,0.0,0.0,0
2030-02-05 19:00:00,0.0,0.0,0.0,0.0,3.22581515726092,0.0,0.0,0
2030-02-05 20:00:00,0.0,0.0,0.0,0.0,0.0,0.0,0.0,0
2030-02-05 21:00:00,0.0,0.0,0.0,0.0,0.0,0.0,0.0,0
2030-02-05 22:00:00,0.0,0.0,0.0,0.0,0.0,0.0,0.0,0
2030-02-05 23:00:00,0.0,0.0,0.0,0.0,0.0,0.0,0.0,0
2030-02-06 00:00:00,0.0,0.0,0.0,0.0,0.0,0.0,0.0,0
2030-02-06 01:00:00,0.0,0.0,0.0,0.0,0.0,0.0,0.0,0
2030-02-06 02:00:00,0.0,0.0,0.0,0.0,0.0,0.0,0.0,0
2030-02-06 03:00:00,0.0,0.0,0.0,0.0,0.0,0.0,0.0,0
2030-02-06 04:00:00,0.0,0.0,0.0,0.0,0.0,0.0,0.0,0
2030-02-06 05:00:00,0.0,0.0,0.0,0.0,0.0,0.0,0.0,0
2030-02-06 06:00:00,0.0,0.0,0.0,0.0,0.0,0.0,0.0,0
2030-02-06 07:00:00,0.0,0.0,0.0,0.0,0.0,0.0,0.0,0
2030-02-06 08:00:00,0.0,0.0,0.0,0.0,0.0,0.0,0.0,0
2030-02-06 09:00:00,0.0,0.0,0.0,0.0,6.61365755986371,0.0,0.0,0
2030-02-06 10:00:00,0.0,0.0,0.0,0.0,15.69705223122486,0.0,0.0,0
2030-02-06 11:00:00,0.0,0.0,0.0,0.0,23.12511764517513,0.0,0.0,0
2030-02-06 12:00:00,0.0,0.0,0.0,0.0,27.91803085988349,0.0,0.0,0
2030-02-06 13:00:00,0.0,0.0,0.0,0.0,30.71565219695457,0.0,0.0,0
2030-02-06 14:00:00,0.0,0.0,0.0,0.0,31.08794661750147,0.0,0.0,0
2030-02-06 15:00:00,0.0,0.0,0.0,0.0,29.583818239493706,0.0,0.0,0
2030-02-06 16:00:00,0.0,0.0,0.0,0.0,25.90999774886251,0.0,0.0,0
2030-02-06 17:00:00,0.0,0.0,0.0,0.0,20.028629689196176,0.0,0.0,0
2030-02-06 18:00:00,0.0,0.0,0.0,0.0,11.887055205758607,0.0,0.0,0
2030-02-06 19:00:00,0.0,0.0,0.0,0.0,3.211085407684385,0.0,0.0,0
2030-02-06 20:00:00,0.0,0.0,0.0,0.0,0.0,0.0,0.0,0
2030-02-06 21:00:00,0.0,0.0,0.0,0.0,0.0,0.0,0.0,0
2030-02-06 22:00:00,0.0,0.0,0.0,0.0,0.0,0.0,0.0,0
2030-02-06 23:00:00,0.0,0.0,0.0,0.0,0.0,0.0,0.0,0
2030-02-07 00:00:00,0.0,0.0,0.0,0.0,0.0,0.0,0.0,0
2030-02-07 01:00:00,0.0,0.0,0.0,0.0,0.0,0.0,0.0,0
2030-02-07 02:00:00,0.0,0.0,0.0,0.0,0.0,0.0,0.0,0
2030-02-07 03:00:00,0.0,0.0,0.0,0.0,0.0,0.0,0.0,0
2030-02-07 04:00:00,0.0,0.0,0.0,0.0,0.0,0.0,0.0,0
2030-02-07 05:00:00,0.0,0.0,0.0,0.0,0.0,0.0,0.0,0
2030-02-07 06:00:00,0.0,0.0,0.0,0.0,0.0,0.0,0.0,0
2030-02-07 07:00:00,0.0,0.0,0.0,0.0,0.0,0.0,0.0,0
2030-02-07 08:00:00,0.0,0.0,0.0,0.0,0.0,0.0,0.0,0
2030-02-07 09:00:00,0.0,0.0,0.0,0.0,4.83135786110311,0.0,0.0,0
2030-02-07 10:00:00,0.0,0.0,0.0,0.0,13.987885739111752,0.0,0.0,0
2030-02-07 11:00:00,0.0,0.0,0.0,0.0,21.0191316994702,0.0,0.0,0
2030-02-07 12:00:00,0.0,0.0,0.0,0.0,24.55169389166244,0.0,0.0,0
2030-02-07 13:00:00,0.0,0.0,0.0,0.0,27.44837279463571,0.0,0.0,0
2030-02-07 14:00:00,0.0,0.0,0.0,0.0,27.303947600037795,0.0,0.0,0
2030-02-07 15:00:00,0.0,0.0,0.0,0.0,25.342018605191367,0.0,0.0,0
2030-02-07 16:00:00,0.0,0.0,0.0,0.0,22.97553703822543,0.0,0.0,0
2030-02-07 17:00:00,0.0,0.0,0.0,0.0,18.26334285119648,0.0,0.0,0
2030-02-07 18:00:00,0.0,0.0,0.0,0.0,11.002533743687748,0.0,0.0,0
2030-02-07 19:00:00,0.0,0.0,0.0,0.0,3.019598663189444,0.0,0.0,0
2030-02-07 20:00:00,0.0,0.0,0.0,0.0,0.0,0.0,0.0,0
2030-02-07 21:00:00,0.0,0.0,0.0,0.0,0.0,0.0,0.0,0
2030-02-07 22:00:00,0.0,0.0,0.0,0.0,0.0,0.0,0.0,0
2030-02-07 23:00:00,0.0,0.0,0.0,0.0,0.0,0.0,0.0,0
2030-02-08 00:00:00,0.0,0.0,0.0,0.0,0.0,0.0,0.0,0
2030-02-08 01:00:00,0.0,0.0,0.0,0.0,0.0,0.0,0.0,0
2030-02-08 02:00:00,0.0,0.0,0.0,0.0,0.0,0.0,0.0,0
2030-02-08 03:00:00,0.0,0.0,0.0,0.0,0.0,0.0,0.0,0
2030-02-08 04:00:00,0.0,0.0,0.0,0.0,0.0,0.0,0.0,0
2030-02-08 05:00:00,0.0,0.0,0.0,0.0,0.0,0.0,0.0,0
2030-02-08 06:00:00,0.0,0.0,0.0,0.0,0.0,0.0,0.0,0
2030-02-08 07:00:00,0.0,0.0,0.0,0.0,0.0,0.0,0.0,0
2030-02-08 08:00:00,0.0,0.0,0.0,0.0,0.0,0.0,0.0,0
2030-02-08 09:00:00,0.0,0.0,0.0,0.0,6.3927113162157045,0.0,0.0,0
2030-02-08 10:00:00,0.0,0.0,0.0,0.0,15.226363083506717,0.0,0.0,0
2030-02-08 11:00:00,0.0,0.0,0.0,0.0,22.531214142249286,0.0,0.0,0
2030-02-08 12:00:00,0.0,0.0,0.0,0.0,27.544337113126826,0.0,0.0,0
2030-02-08 13:00:00,0.0,0.0,0.0,0.0,30.315665847203793,0.0,0.0,0
2030-02-08 14:00:00,0.0,0.0,0.0,0.0,30.32568207691584,0.0,0.0,0
2030-02-08 15:00:00,0.0,0.0,0.0,0.0,28.796660422123736,0.0,0.0,0
2030-02-08 16:00:00,0.0,0.0,0.0,0.0,25.097136518481488,0.0,0.0,0
2030-02-08 17:00:00,0.0,0.0,0.0,0.0,19.235506323247712,0.0,0.0,0
2030-02-08 18:00:00,0.0,0.0,0.0,0.0,11.315982814676389,0.0,0.0,0
2030-02-08 19:00:00,0.0,0.0,0.0,0.0,3.0343284127659773,0.0,0.0,0
2030-02-08 20:00:00,0.0,0.0,0.0,0.0,0.0,0.0,0.0,0
2030-02-08 21:00:00,0.0,0.0,0.0,0.0,0.0,0.0,0.0,0
2030-02-08 22:00:00,0.0,0.0,0.0,0.0,0.0,0.0,0.0,0
2030-02-08 23:00:00,0.0,0.0,0.0,0.0,0.0,0.0,0.0,0
2030-02-09 00:00:00,0.0,0.0,0.0,0.0,0.0,0.0,0.0,0
2030-02-09 01:00:00,0.0,0.0,0.0,0.0,0.0,0.0,0.0,0
2030-02-09 02:00:00,0.0,0.0,0.0,0.0,0.0,0.0,0.0,0
2030-02-09 03:00:00,0.0,0.0,0.0,0.0,0.0,0.0,0.0,0
2030-02-09 04:00:00,0.0,0.0,0.0,0.0,0.0,0.0,0.0,0
2030-02-09 05:00:00,0.0,0.0,0.0,0.0,0.0,0.0,0.0,0
2030-02-09 06:00:00,0.0,0.0,0.0,0.0,0.0,0.0,0.0,0
2030-02-09 07:00:00,0.0,0.0,0.0,0.0,0.0,0.0,0.0,0
2030-02-09 08:00:00,0.0,0.0,0.0,0.0,0.0,0.0,0.0,0
2030-02-09 09:00:00,0.0,0.0,0.0,0.0,3.3804775278145214,0.0,0.0,0
2030-02-09 10:00:00,0.0,0.0,0.0,0.0,10.956503276261076,0.0,0.0,0
2030-02-09 11:00:00,0.0,0.0,0.0,0.0,19.728363744078532,0.0,0.0,0
2030-02-09 12:00:00,0.0,0.0,0.0,0.0,25.90823017891333,0.0,0.0,0
2030-02-09 13:00:00,0.0,0.0,0.0,0.0,28.55560807030376,0.0,0.0,0
2030-02-09 14:00:00,0.0,0.0,0.0,0.0,28.461043078022414,0.0,0.0,0
2030-02-09 15:00:00,0.0,0.0,0.0,0.0,26.37891932663147,0.0,0.0,0
2030-02-09 16:00:00,0.0,0.0,0.0,0.0,22.996305985128345,0.0,0.0,0
2030-02-09 17:00:00,0.0,0.0,0.0,0.0,18.556391219021616,0.0,0.0,0
2030-02-09 18:00:00,0.0,0.0,0.0,0.0,10.80758550804232,0.0,0.0,0
2030-02-09 19:00:00,0.0,0.0,0.0,0.0,2.798652419541435,0.0,0.0,0
2030-02-09 20:00:00,0.0,0.0,0.0,0.0,0.0,0.0,0.0,0
2030-02-09 21:00:00,0.0,0.0,0.0,0.0,0.0,0.0,0.0,0
2030-02-09 22:00:00,0.0,0.0,0.0,0.0,0.0,0.0,0.0,0
2030-02-09 23:00:00,0.0,0.0,0.0,0.0,0.0,0.0,0.0,0
2030-02-10 00:00:00,0.0,0.0,0.0,0.0,0.0,0.0,0.0,0
2030-02-10 01:00:00,0.0,0.0,0.0,0.0,0.0,0.0,0.0,0
2030-02-10 02:00:00,0.0,0.0,0.0,0.0,0.0,0.0,0.0,0
2030-02-10 03:00:00,0.0,0.0,0.0,0.0,0.0,0.0,0.0,0
2030-02-10 04:00:00,0.0,0.0,0.0,0.0,0.0,0.0,0.0,0
2030-02-10 05:00:00,0.0,0.0,0.0,0.0,0.0,0.0,0.0,0
2030-02-10 06:00:00,0.0,0.0,0.0,0.0,0.0,0.0,0.0,0
2030-02-10 07:00:00,0.0,0.0,0.0,0.0,0.0,0.0,0.0,0
2030-02-10 08:00:00,0.0,0.0,0.0,0.0,0.0,0.0,0.0,0
2030-02-10 09:00:00,0.0,0.0,0.0,0.0,5.612034588659407,0.0,0.0,0
2030-02-10 10:00:00,0.0,0.0,0.0,0.0,14.0339898552863,0.0,0.0,0
2030-02-10 11:00:00,0.0,0.0,0.0,0.0,21.13269806870528,0.0,0.0,0
2030-02-10 12:00:00,0.0,0.0,0.0,0.0,27.247164415420254,0.0,0.0,0
2030-02-10 13:00:00,0.0,0.0,0.0,0.0,30.184055534737464,0.0,0.0,0
2030-02-10 14:00:00,0.0,0.0,0.0,0.0,30.324282750706068,0.0,0.0,0
2030-02-10 15:00:00,0.0,0.0,0.0,0.0,28.66851160080789,0.0,0.0,0
2030-02-10 16:00:00,0.0,0.0,0.0,0.0,24.653476461236288,0.0,0.0,0
2030-02-10 17:00:00,0.0,0.0,0.0,0.0,18.492611403355223,0.0,0.0,0
2030-02-10 18:00:00,0.0,0.0,0.0,0.0,10.452598543247852,0.0,0.0,0
2030-02-10 19:00:00,0.0,0.0,0.0,0.0,2.66608467335263,0.0,0.0,0
2030-02-10 20:00:00,0.0,0.0,0.0,0.0,0.0,0.0,0.0,0
2030-02-10 21:00:00,0.0,0.0,0.0,0.0,0.0,0.0,0.0,0
2030-02-10 22:00:00,0.0,0.0,0.0,0.0,0.0,0.0,0.0,0
2030-02-10 23:00:00,0.0,0.0,0.0,0.0,0.0,0.0,0.0,0
2030-02-11 00:00:00,0.0,0.0,0.0,0.0,0.0,0.0,0.0,0
2030-02-11 01:00:00,0.0,0.0,0.0,0.0,0.0,0.0,0.0,0
2030-02-11 02:00:00,0.0,0.0,0.0,0.0,0.0,0.0,0.0,0
2030-02-11 03:00:00,0.0,0.0,0.0,0.0,0.0,0.0,0.0,0
2030-02-11 04:00:00,0.0,0.0,0.0,0.0,0.0,0.0,0.0,0
2030-02-11 05:00:00,0.0,0.0,0.0,0.0,0.0,0.0,0.0,0
2030-02-11 06:00:00,0.0,0.0,0.0,0.0,0.0,0.0,0.0,0
2030-02-11 07:00:00,0.0,0.0,0.0,0.0,0.0,0.0,0.0,0
2030-02-11 08:00:00,0.0,0.0,0.0,0.0,0.0,0.0,0.0,0
2030-02-11 09:00:00,0.0,0.0,0.0,0.0,5.17014210136339,0.0,0.0,0
2030-02-11 10:00:00,0.0,0.0,0.0,0.0,13.252282045259648,0.0,0.0,0
2030-02-11 11:00:00,0.0,0.0,0.0,0.0,20.386047062670777,0.0,0.0,0
2030-02-11 12:00:00,0.0,0.0,0.0,0.0,24.31336654351412,0.0,0.0,0
2030-02-11 13:00:00,0.0,0.0,0.0,0.0,27.120414920314175,0.0,0.0,0
2030-02-11 14:00:00,0.0,0.0,0.0,0.0,27.671381203224428,0.0,0.0,0
2030-02-11 15:00:00,0.0,0.0,0.0,0.0,25.136980491086007,0.0,0.0,0
2030-02-11 16:00:00,0.0,0.0,0.0,0.0,22.0276040042276,0.0,0.0,0
2030-02-11 17:00:00,0.0,0.0,0.0,0.0,15.643362294018395,0.0,0.0,0
2030-02-11 18:00:00,0.0,0.0,0.0,0.0,9.237320554435929,0.0,0.0,0
2030-02-11 19:00:00,0.0,0.0,0.0,0.0,2.79128754475317,0.0,0.0,0
2030-02-11 20:00:00,0.0,0.0,0.0,0.0,0.0,0.0,0.0,0
2030-02-11 21:00:00,0.0,0.0,0.0,0.0,0.0,0.0,0.0,0
2030-02-11 22:00:00,0.0,0.0,0.0,0.0,0.0,0.0,0.0,0
2030-02-11 23:00:00,0.0,0.0,0.0,0.0,0.0,0.0,0.0,0
2030-02-12 00:00:00,0.0,0.0,0.0,0.0,0.0,0.0,0.0,0
2030-02-12 01:00:00,0.0,0.0,0.0,0.0,0.0,0.0,0.0,0
2030-02-12 02:00:00,0.0,0.0,0.0,0.0,0.0,0.0,0.0,0
2030-02-12 03:00:00,0.0,0.0,0.0,0.0,0.0,0.0,0.0,0
2030-02-12 04:00:00,0.0,0.0,0.0,0.0,0.0,0.0,0.0,0
2030-02-12 05:00:00,0.0,0.0,0.0,0.0,0.0,0.0,0.0,0
2030-02-12 06:00:00,0.0,0.0,0.0,0.0,0.0,0.0,0.0,0
2030-02-12 07:00:00,0.0,0.0,0.0,0.0,0.0,0.0,0.0,0
2030-02-12 08:00:00,0.0,0.0,0.0,0.0,0.0,0.0,0.0,0
2030-02-12 09:00:00,0.0,0.0,0.0,0.0,5.398453219799667,0.0,0.0,0
2030-02-12 10:00:00,0.0,0.0,0.0,0.0,14.241090134332367,0.0,0.0,0
2030-02-12 11:00:00,0.0,0.0,0.0,0.0,21.074883801617386,0.0,0.0,0
2030-02-12 12:00:00,0.0,0.0,0.0,0.0,24.967956614695282,0.0,0.0,0
2030-02-12 13:00:00,0.0,0.0,0.0,0.0,27.55332226036851,0.0,0.0,0
2030-02-12 14:00:00,0.0,0.0,0.0,0.0,28.880472697214216,0.0,0.0,0
2030-02-12 15:00:00,0.0,0.0,0.0,0.0,27.839742240884213,0.0,0.0,0
2030-02-12 16:00:00,0.0,0.0,0.0,0.0,24.707166398442755,0.0,0.0,0
2030-02-12 17:00:00,0.0,0.0,0.0,0.0,18.790152344801207,0.0,0.0,0
2030-02-12 18:00:00,0.0,0.0,0.0,0.0,10.884106557092416,0.0,0.0,0
2030-02-12 19:00:00,0.0,0.0,0.0,0.0,2.8575714178475726,0.0,0.0,0
2030-02-12 20:00:00,0.0,0.0,0.0,0.0,0.0,0.0,0.0,0
2030-02-12 21:00:00,0.0,0.0,0.0,0.0,0.0,0.0,0.0,0
2030-02-12 22:00:00,0.0,0.0,0.0,0.0,0.0,0.0,0.0,0
2030-02-12 23:00:00,0.0,0.0,0.0,0.0,0.0,0.0,0.0,0
2030-02-13 00:00:00,0.0,0.0,0.0,0.0,0.0,0.0,0.0,0
2030-02-13 01:00:00,0.0,0.0,0.0,0.0,0.0,0.0,0.0,0
2030-02-13 02:00:00,0.0,0.0,0.0,0.0,0.0,0.0,0.0,0
2030-02-13 03:00:00,0.0,0.0,0.0,0.0,0.0,0.0,0.0,0
2030-02-13 04:00:00,0.0,0.0,0.0,0.0,0.0,0.0,0.0,0
2030-02-13 05:00:00,0.0,0.0,0.0,0.0,0.0,0.0,0.0,0
2030-02-13 06:00:00,0.0,0.0,0.0,0.0,0.0,0.0,0.0,0
2030-02-13 07:00:00,0.0,0.0,0.0,0.0,0.0,0.0,0.0,0
2030-02-13 08:00:00,0.0,0.0,0.0,0.0,0.0,0.0,0.0,0
2030-02-13 09:00:00,0.0,0.0,0.0,0.0,5.980278328072754,0.0,0.0,0
2030-02-13 10:00:00,0.0,0.0,0.0,0.0,14.365777464497725,0.0,0.0,0
2030-02-13 11:00:00,0.0,0.0,0.0,0.0,21.145881194576273,0.0,0.0,0
2030-02-13 12:00:00,0.0,0.0,0.0,0.0,25.51796546388306,0.0,0.0,0
2030-02-13 13:00:00,0.0,0.0,0.0,0.0,27.84909563186531,0.0,0.0,0
2030-02-13 14:00:00,0.0,0.0,0.0,0.0,27.91280179878382,0.0,0.0,0
2030-02-13 15:00:00,0.0,0.0,0.0,0.0,25.134550082405884,0.0,0.0,0
2030-02-13 16:00:00,0.0,0.0,0.0,0.0,20.721296163032683,0.0,0.0,0
2030-02-13 17:00:00,0.0,0.0,0.0,0.0,14.621338619650592,0.0,0.0,0
2030-02-13 18:00:00,0.0,0.0,0.0,0.0,7.254401666442934,0.0,0.0,0
2030-02-13 19:00:00,0.0,0.0,0.0,0.0,1.914867444949404,0.0,0.0,0
2030-02-13 20:00:00,0.0,0.0,0.0,0.0,0.0,0.0,0.0,0
2030-02-13 21:00:00,0.0,0.0,0.0,0.0,0.0,0.0,0.0,0
2030-02-13 22:00:00,0.0,0.0,0.0,0.0,0.0,0.0,0.0,0
2030-02-13 23:00:00,0.0,0.0,0.0,0.0,0.0,0.0,0.0,0
2030-02-14 00:00:00,0.0,0.0,0.0,0.0,0.0,0.0,0.0,0
2030-02-14 01:00:00,0.0,0.0,0.0,0.0,0.0,0.0,0.0,0
2030-02-14 02:00:00,0.0,0.0,0.0,0.0,0.0,0.0,0.0,0
2030-02-14 03:00:00,0.0,0.0,0.0,0.0,0.0,0.0,0.0,0
2030-02-14 04:00:00,0.0,0.0,0.0,0.0,0.0,0.0,0.0,0
2030-02-14 05:00:00,0.0,0.0,0.0,0.0,0.0,0.0,0.0,0
2030-02-14 06:00:00,0.0,0.0,0.0,0.0,0.0,0.0,0.0,0
2030-02-14 07:00:00,0.0,0.0,0.0,0.0,0.0,0.0,0.0,0
2030-02-14 08:00:00,0.0,0.0,0.0,0.0,0.0,0.0,0.0,0
2030-02-14 09:00:00,0.0,0.0,0.0,0.0,3.22581515726092,0.0,0.0,0
2030-02-14 10:00:00,0.0,0.0,0.0,0.0,9.04509732246216,0.0,0.0,0
2030-02-14 11:00:00,0.0,0.0,0.0,0.0,18.301787497591228,0.0,0.0,0
2030-02-14 12:00:00,0.0,0.0,0.0,0.0,24.055743223420546,0.0,0.0,0
2030-02-14 13:00:00,0.0,0.0,0.0,0.0,27.754162395844553,0.0,0.0,0
2030-02-14 14:00:00,0.0,0.0,0.0,0.0,27.829652362424284,0.0,0.0,0
2030-02-14 15:00:00,0.0,0.0,0.0,0.0,25.561197278890187,0.0,0.0,0
2030-02-14 16:00:00,0.0,0.0,0.0,0.0,20.411971421925468,0.0,0.0,0
2030-02-14 17:00:00,0.0,0.0,0.0,0.0,12.788221284850948,0.0,0.0,0
2030-02-14 18:00:00,0.0,0.0,0.0,0.0,5.626764338235941,0.0,0.0,0
2030-02-14 19:00:00,0.0,0.0,0.0,0.0,2.231557060844881,0.0,0.0,0
2030-02-14 20:00:00,0.0,0.0,0.0,0.0,0.0,0.0,0.0,0
2030-02-14 21:00:00,0.0,0.0,0.0,0.0,0.0,0.0,0.0,0
2030-02-14 22:00:00,0.0,0.0,0.0,0.0,0.0,0.0,0.0,0
2030-02-14 23:00:00,0.0,0.0,0.0,0.0,0.0,0.0,0.0,0
2030-02-15 00:00:00,0.0,0.0,0.0,0.0,0.0,0.0,0.0,0
2030-02-15 01:00:00,0.0,0.0,0.0,0.0,0.0,0.0,0.0,0
2030-02-15 02:00:00,0.0,0.0,0.0,0.0,0.0,0.0,0.0,0
2030-02-15 03:00:00,0.0,0.0,0.0,0.0,0.0,0.0,0.0,0
2030-02-15 04:00:00,0.0,0.0,0.0,0.0,0.0,0.0,0.0,0
2030-02-15 05:00:00,0.0,0.0,0.0,0.0,0.0,0.0,0.0,0
2030-02-15 06:00:00,0.0,0.0,0.0,0.0,0.0,0.0,0.0,0
2030-02-15 07:00:00,0.0,0.0,0.0,0.0,0.0,0.0,0.0,0
2030-02-15 08:00:00,0.0,0.0,0.0,0.0,0.0,0.0,0.0,0
2030-02-15 09:00:00,0.0,0.0,0.0,0.0,6.061291950743691,0.0,0.0,0
2030-02-15 10:00:00,0.0,0.0,0.0,0.0,14.515063476455897,0.0,0.0,0
2030-02-15 11:00:00,0.0,0.0,0.0,0.0,21.60508113762472,0.0,0.0,0
2030-02-15 12:00:00,0.0,0.0,0.0,0.0,26.54654387681242,0.0,0.0,0
2030-02-15 13:00:00,0.0,0.0,0.0,0.0,29.35322400987307,0.0,0.0,0
2030-02-15 14:00:00,0.0,0.0,0.0,0.0,29.4733451176697,0.0,0.0,0
2030-02-15 15:00:00,0.0,0.0,0.0,0.0,28.07210404045404,0.0,0.0,0
2030-02-15 16:00:00,0.0,0.0,0.0,0.0,24.572094594825938,0.0,0.0,0
2030-02-15 17:00:00,0.0,0.0,0.0,0.0,18.91270386127797,0.0,0.0,0
2030-02-15 18:00:00,0.0,0.0,0.0,0.0,11.193063054460213,0.0,0.0,0
2030-02-15 19:00:00,0.0,0.0,0.0,0.0,3.1374366598017147,0.0,0.0,0
2030-02-15 20:00:00,0.0,0.0,0.0,0.0,0.0,0.0,0.0,0
2030-02-15 21:00:00,0.0,0.0,0.0,0.0,0.0,0.0,0.0,0
2030-02-15 22:00:00,0.0,0.0,0.0,0.0,0.0,0.0,0.0,0
2030-02-15 23:00:00,0.0,0.0,0.0,0.0,0.0,0.0,0.0,0
2030-02-16 00:00:00,0.0,0.0,0.0,0.0,0.0,0.0,0.0,0
2030-02-16 01:00:00,0.0,0.0,0.0,0.0,0.0,0.0,0.0,0
2030-02-16 02:00:00,0.0,0.0,0.0,0.0,0.0,0.0,0.0,0
2030-02-16 03:00:00,0.0,0.0,0.0,0.0,0.0,0.0,0.0,0
2030-02-16 04:00:00,0.0,0.0,0.0,0.0,0.0,0.0,0.0,0
2030-02-16 05:00:00,0.0,0.0,0.0,0.0,0.0,0.0,0.0,0
2030-02-16 06:00:00,0.0,0.0,0.0,0.0,0.0,0.0,0.0,0
2030-02-16 07:00:00,0.0,0.0,0.0,0.0,0.0,0.0,0.0,0
2030-02-16 08:00:00,0.0,0.0,0.0,0.0,0.0,0.0,0.0,0
2030-02-16 09:00:00,0.0,0.0,0.0,0.0,6.3632518170626335,0.0,0.0,0
2030-02-16 10:00:00,0.0,0.0,0.0,0.0,14.855467989169597,0.0,0.0,0
2030-02-16 11:00:00,0.0,0.0,0.0,0.0,21.889070709460288,0.0,0.0,0
2030-02-16 12:00:00,0.0,0.0,0.0,0.0,26.85476388670139,0.0,0.0,0
2030-02-16 13:00:00,0.0,0.0,0.0,0.0,29.611878412437008,0.0,0.0,0
2030-02-16 14:00:00,0.0,0.0,0.0,0.0,29.679414314245413,0.0,0.0,0
2030-02-16 15:00:00,0.0,0.0,0.0,0.0,28.16357578532431,0.0,0.0,0
2030-02-16 16:00:00,0.0,0.0,0.0,0.0,24.63859941416399,0.0,0.0,0
2030-02-16 17:00:00,0.0,0.0,0.0,0.0,19.04674458242443,0.0,0.0,0
2030-02-16 18:00:00,0.0,0.0,0.0,0.0,11.353028134861372,0.0,0.0,0
2030-02-16 19:00:00,0.0,0.0,0.0,0.0,3.1668961589547817,0.0,0.0,0
2030-02-16 20:00:00,0.0,0.0,0.0,0.0,0.0,0.0,0.0,0
2030-02-16 21:00:00,0.0,0.0,0.0,0.0,0.0,0.0,0.0,0
2030-02-16 22:00:00,0.0,0.0,0.0,0.0,0.0,0.0,0.0,0
2030-02-16 23:00:00,0.0,0.0,0.0,0.0,0.0,0.0,0.0,0
2030-02-17 00:00:00,0.0,0.0,0.0,0.0,0.0,0.0,0.0,0
2030-02-17 01:00:00,0.0,0.0,0.0,0.0,0.0,0.0,0.0,0
2030-02-17 02:00:00,0.0,0.0,0.0,0.0,0.0,0.0,0.0,0
2030-02-17 03:00:00,0.0,0.0,0.0,0.0,0.0,0.0,0.0,0
2030-02-17 04:00:00,0.0,0.0,0.0,0.0,0.0,0.0,0.0,0
2030-02-17 05:00:00,0.0,0.0,0.0,0.0,0.0,0.0,0.0,0
2030-02-17 06:00:00,0.0,0.0,0.0,0.0,0.0,0.0,0.0,0
2030-02-17 07:00:00,0.0,0.0,0.0,0.0,0.0,0.0,0.0,0
2030-02-17 08:00:00,0.0,0.0,0.0,0.0,0.0,0.0,0.0,0
2030-02-17 09:00:00,0.0,0.0,0.0,0.0,6.422170815368771,0.0,0.0,0
2030-02-17 10:00:00,0.0,0.0,0.0,0.0,14.973232337033984,0.0,0.0,0
2030-02-17 11:00:00,0.0,0.0,0.0,0.0,21.953145120118208,0.0,0.0,0
2030-02-17 12:00:00,0.0,0.0,0.0,0.0,26.842611843300755,0.0,0.0,0
2030-02-17 13:00:00,0.0,0.0,0.0,0.0,29.569309436160825,0.0,0.0,0
2030-02-17 14:00:00,0.0,0.0,0.0,0.0,29.644136564009614,0.0,0.0,0
2030-02-17 15:00:00,0.0,0.0,0.0,0.0,28.15208658065461,0.0,0.0,0
2030-02-17 16:00:00,0.0,0.0,0.0,0.0,24.627846696973116,0.0,0.0,0
2030-02-17 17:00:00,0.0,0.0,0.0,0.0,19.025607391782103,0.0,0.0,0
2030-02-17 18:00:00,0.0,0.0,0.0,0.0,11.304935502493986,0.0,0.0,0
2030-02-17 19:00:00,0.0,0.0,0.0,0.0,3.181625908531315,0.0,0.0,0
2030-02-17 20:00:00,0.0,0.0,0.0,0.0,0.0,0.0,0.0,0
2030-02-17 21:00:00,0.0,0.0,0.0,0.0,0.0,0.0,0.0,0
2030-02-17 22:00:00,0.0,0.0,0.0,0.0,0.0,0.0,0.0,0
2030-02-17 23:00:00,0.0,0.0,0.0,0.0,0.0,0.0,0.0,0
2030-02-18 00:00:00,0.0,0.0,0.0,0.0,0.0,0.0,0.0,0
2030-02-18 01:00:00,0.0,0.0,0.0,0.0,0.0,0.0,0.0,0
2030-02-18 02:00:00,0.0,0.0,0.0,0.0,0.0,0.0,0.0,0
2030-02-18 03:00:00,0.0,0.0,0.0,0.0,0.0,0.0,0.0,0
2030-02-18 04:00:00,0.0,0.0,0.0,0.0,0.0,0.0,0.0,0
2030-02-18 05:00:00,0.0,0.0,0.0,0.0,0.0,0.0,0.0,0
2030-02-18 06:00:00,0.0,0.0,0.0,0.0,0.0,0.0,0.0,0
2030-02-18 07:00:00,0.0,0.0,0.0,0.0,0.0,0.0,0.0,0
2030-02-18 08:00:00,0.0,0.0,0.0,0.0,0.0,0.0,0.0,0
2030-02-18 09:00:00,0.0,0.0,0.0,0.0,6.422170815368771,0.0,0.0,0
2030-02-18 10:00:00,0.0,0.0,0.0,0.0,15.125243352663812,0.0,0.0,0
2030-02-18 11:00:00,0.0,0.0,0.0,0.0,22.168935951414433,0.0,0.0,0
2030-02-18 12:00:00,0.0,0.0,0.0,0.0,27.09198650363147,0.0,0.0,0
2030-02-18 13:00:00,0.0,0.0,0.0,0.0,29.76425767180625,0.0,0.0,0
2030-02-18 14:00:00,0.0,0.0,0.0,0.0,29.871269302479767,0.0,0.0,0
2030-02-18 15:00:00,0.0,0.0,0.0,0.0,28.43195182260876,0.0,0.0,0
2030-02-18 16:00:00,0.0,0.0,0.0,0.0,24.85851457534164,0.0,0.0,0
2030-02-18 17:00:00,0.0,0.0,0.0,0.0,19.207077906565004,0.0,0.0,0
2030-02-18 18:00:00,0.0,0.0,0.0,0.0,11.461439091744658,0.0,0.0,0
2030-02-18 19:00:00,0.0,0.0,0.0,0.0,3.22581515726092,0.0,0.0,0
2030-02-18 20:00:00,0.0,0.0,0.0,0.0,0.0,0.0,0.0,0
2030-02-18 21:00:00,0.0,0.0,0.0,0.0,0.0,0.0,0.0,0
2030-02-18 22:00:00,0.0,0.0,0.0,0.0,0.0,0.0,0.0,0
2030-02-18 23:00:00,0.0,0.0,0.0,0.0,0.0,0.0,0.0,0
2030-02-19 00:00:00,0.0,0.0,0.0,0.0,0.0,0.0,0.0,0
2030-02-19 01:00:00,0.0,0.0,0.0,0.0,0.0,0.0,0.0,0
2030-02-19 02:00:00,0.0,0.0,0.0,0.0,0.0,0.0,0.0,0
2030-02-19 03:00:00,0.0,0.0,0.0,0.0,0.0,0.0,0.0,0
2030-02-19 04:00:00,0.0,0.0,0.0,0.0,0.0,0.0,0.0,0
2030-02-19 05:00:00,0.0,0.0,0.0,0.0,0.0,0.0,0.0,0
2030-02-19 06:00:00,0.0,0.0,0.0,0.0,0.0,0.0,0.0,0
2030-02-19 07:00:00,0.0,0.0,0.0,0.0,0.0,0.0,0.0,0
2030-02-19 08:00:00,0.0,0.0,0.0,0.0,0.0,0.0,0.0,0
2030-02-19 09:00:00,0.0,0.0,0.0,0.0,5.12595285263379,0.0,0.0,0
2030-02-19 10:00:00,0.0,0.0,0.0,0.0,12.994290481426656,0.0,0.0,0
2030-02-19 11:00:00,0.0,0.0,0.0,0.0,21.928251843333875,0.0,0.0,0
2030-02-19 12:00:00,0.0,0.0,0.0,0.0,27.560245242669488,0.0,0.0,0
2030-02-19 13:00:00,0.0,0.0,0.0,0.0,30.255347522687885,0.0,0.0,0
2030-02-19 14:00:00,0.0,0.0,0.0,0.0,30.345788185087805,0.0,0.0,0
2030-02-19 15:00:00,0.0,0.0,0.0,0.0,28.88769027450672,0.0,0.0,0
2030-02-19 16:00:00,0.0,0.0,0.0,0.0,25.20834612778432,0.0,0.0,0
2030-02-19 17:00:00,0.0,0.0,0.0,0.0,19.410053855729643,0.0,0.0,0
2030-02-19 18:00:00,0.0,0.0,0.0,0.0,11.581633848289176,0.0,0.0,0
2030-02-19 19:00:00,0.0,0.0,0.0,0.0,3.240544906837453,0.0,0.0,0
2030-02-19 20:00:00,0.0,0.0,0.0,0.0,0.0,0.0,0.0,0
2030-02-19 21:00:00,0.0,0.0,0.0,0.0,0.0,0.0,0.0,0
2030-02-19 22:00:00,0.0,0.0,0.0,0.0,0.0,0.0,0.0,0
2030-02-19 23:00:00,0.0,0.0,0.0,0.0,0.0,0.0,0.0,0
2030-02-20 00:00:00,0.0,0.0,0.0,0.0,0.0,0.0,0.0,0
2030-02-20 01:00:00,0.0,0.0,0.0,0.0,0.0,0.0,0.0,0
2030-02-20 02:00:00,0.0,0.0,0.0,0.0,0.0,0.0,0.0,0
2030-02-20 03:00:00,0.0,0.0,0.0,0.0,0.0,0.0,0.0,0
2030-02-20 04:00:00,0.0,0.0,0.0,0.0,0.0,0.0,0.0,0
2030-02-20 05:00:00,0.0,0.0,0.0,0.0,0.0,0.0,0.0,0
2030-02-20 06:00:00,0.0,0.0,0.0,0.0,0.0,0.0,0.0,0
2030-02-20 07:00:00,0.0,0.0,0.0,0.0,0.0,0.0,0.0,0
2030-02-20 08:00:00,0.0,0.0,0.0,0.0,0.0,0.0,0.0,0
2030-02-20 09:00:00,0.0,0.0,0.0,0.0,6.098116324685026,0.0,0.0,0
2030-02-20 10:00:00,0.0,0.0,0.0,0.0,14.72702457286222,0.0,0.0,0
2030-02-20 11:00:00,0.0,0.0,0.0,0.0,22.337959827805165,0.0,0.0,0
2030-02-20 12:00:00,0.0,0.0,0.0,0.0,27.104138547032107,0.0,0.0,0
2030-02-20 13:00:00,0.0,0.0,0.0,0.0,29.63787642043959,0.0,0.0,0
2030-02-20 14:00:00,0.0,0.0,0.0,0.0,30.07667566032453,0.0,0.0,0
2030-02-20 15:00:00,0.0,0.0,0.0,0.0,28.62660546326265,0.0,0.0,0
2030-02-20 16:00:00,0.0,0.0,0.0,0.0,25.02334047310305,0.0,0.0,0
2030-02-20 17:00:00,0.0,0.0,0.0,0.0,19.306135472467197,0.0,0.0,0
2030-02-20 18:00:00,0.0,0.0,0.0,0.0,11.4884681822176,0.0,0.0,0
2030-02-20 19:00:00,0.0,0.0,0.0,0.0,3.233180032049184,0.0,0.0,0
2030-02-20 20:00:00,0.0,0.0,0.0,0.0,0.0,0.0,0.0,0
2030-02-20 21:00:00,0.0,0.0,0.0,0.0,0.0,0.0,0.0,0
2030-02-20 22:00:00,0.0,0.0,0.0,0.0,0.0,0.0,0.0,0
2030-02-20 23:00:00,0.0,0.0,0.0,0.0,0.0,0.0,0.0,0
2030-02-21 00:00:00,0.0,0.0,0.0,0.0,0.0,0.0,0.0,0
2030-02-21 01:00:00,0.0,0.0,0.0,0.0,0.0,0.0,0.0,0
2030-02-21 02:00:00,0.0,0.0,0.0,0.0,0.0,0.0,0.0,0
2030-02-21 03:00:00,0.0,0.0,0.0,0.0,0.0,0.0,0.0,0
2030-02-21 04:00:00,0.0,0.0,0.0,0.0,0.0,0.0,0.0,0
2030-02-21 05:00:00,0.0,0.0,0.0,0.0,0.0,0.0,0.0,0
2030-02-21 06:00:00,0.0,0.0,0.0,0.0,0.0,0.0,0.0,0
2030-02-21 07:00:00,0.0,0.0,0.0,0.0,0.0,0.0,0.0,0
2030-02-21 08:00:00,0.0,0.0,0.0,0.0,0.0,0.0,0.0,0
2030-02-21 09:00:00,0.0,0.0,0.0,0.0,6.400076191003969,0.0,0.0,0
2030-02-21 10:00:00,0.0,0.0,0.0,0.0,14.976030989453527,0.0,0.0,0
2030-02-21 11:00:00,0.0,0.0,0.0,0.0,22.311593576063167,0.0,0.0,0
2030-02-21 12:00:00,0.0,0.0,0.0,0.0,27.383930140238373,0.0,0.0,0
2030-02-21 13:00:00,0.0,0.0,0.0,0.0,30.158720365465825,0.0,0.0,0
2030-02-21 14:00:00,0.0,0.0,0.0,0.0,30.311173273582952,0.0,0.0,0
2030-02-21 15:00:00,0.0,0.0,0.0,0.0,28.81639828655629,0.0,0.0,0
2030-02-21 16:00:00,0.0,0.0,0.0,0.0,25.17991771110161,0.0,0.0,0
2030-02-21 17:00:00,0.0,0.0,0.0,0.0,19.334932132889318,0.0,0.0,0
2030-02-21 18:00:00,0.0,0.0,0.0,0.0,11.505775637970023,0.0,0.0,0
2030-02-21 19:00:00,0.0,0.0,0.0,0.0,3.22581515726092,0.0,0.0,0
2030-02-21 20:00:00,0.0,0.0,0.0,0.0,0.0,0.0,0.0,0
2030-02-21 21:00:00,0.0,0.0,0.0,0.0,0.0,0.0,0.0,0
2030-02-21 22:00:00,0.0,0.0,0.0,0.0,0.0,0.0,0.0,0
2030-02-21 23:00:00,0.0,0.0,0.0,0.0,0.0,0.0,0.0,0
2030-02-22 00:00:00,0.0,0.0,0.0,0.0,0.0,0.0,0.0,0
2030-02-22 01:00:00,0.0,0.0,0.0,0.0,0.0,0.0,0.0,0
2030-02-22 02:00:00,0.0,0.0,0.0,0.0,0.0,0.0,0.0,0
2030-02-22 03:00:00,0.0,0.0,0.0,0.0,0.0,0.0,0.0,0
2030-02-22 04:00:00,0.0,0.0,0.0,0.0,0.0,0.0,0.0,0
2030-02-22 05:00:00,0.0,0.0,0.0,0.0,0.0,0.0,0.0,0
2030-02-22 06:00:00,0.0,0.0,0.0,0.0,0.0,0.0,0.0,0
2030-02-22 07:00:00,0.0,0.0,0.0,0.0,0.0,0.0,0.0,0
2030-02-22 08:00:00,0.0,0.0,0.0,0.0,0.0,0.0,0.0,0
2030-02-22 09:00:00,0.0,0.0,0.0,0.0,6.422170815368771,0.0,0.0,0
2030-02-22 10:00:00,0.0,0.0,0.0,0.0,14.765100975517564,0.0,0.0,0
2030-02-22 11:00:00,0.0,0.0,0.0,0.0,21.64183186281817,0.0,0.0,0
2030-02-22 12:00:00,0.0,0.0,0.0,0.0,27.104506790771527,0.0,0.0,0
2030-02-22 13:00:00,0.0,0.0,0.0,0.0,30.02644721426855,0.0,0.0,0
2030-02-22 14:00:00,0.0,0.0,0.0,0.0,29.996987715115488,0.0,0.0,0
2030-02-22 15:00:00,0.0,0.0,0.0,0.0,28.772061740330926,0.0,0.0,0
2030-02-22 16:00:00,0.0,0.0,0.0,0.0,24.411761270685364,0.0,0.0,0
2030-02-22 17:00:00,0.0,0.0,0.0,0.0,18.122379147749047,0.0,0.0,0
2030-02-22 18:00:00,0.0,0.0,0.0,0.0,11.152850838116272,0.0,0.0,0
2030-02-22 19:00:00,0.0,0.0,0.0,0.0,3.1300717850134503,0.0,0.0,0
2030-02-22 20:00:00,0.0,0.0,0.0,0.0,0.0,0.0,0.0,0
2030-02-22 21:00:00,0.0,0.0,0.0,0.0,0.0,0.0,0.0,0
2030-02-22 22:00:00,0.0,0.0,0.0,0.0,0.0,0.0,0.0,0
2030-02-22 23:00:00,0.0,0.0,0.0,0.0,0.0,0.0,0.0,0
2030-02-23 00:00:00,0.0,0.0,0.0,0.0,0.0,0.0,0.0,0
2030-02-23 01:00:00,0.0,0.0,0.0,0.0,0.0,0.0,0.0,0
2030-02-23 02:00:00,0.0,0.0,0.0,0.0,0.0,0.0,0.0,0
2030-02-23 03:00:00,0.0,0.0,0.0,0.0,0.0,0.0,0.0,0
2030-02-23 04:00:00,0.0,0.0,0.0,0.0,0.0,0.0,0.0,0
2030-02-23 05:00:00,0.0,0.0,0.0,0.0,0.0,0.0,0.0,0
2030-02-23 06:00:00,0.0,0.0,0.0,0.0,0.0,0.0,0.0,0
2030-02-23 07:00:00,0.0,0.0,0.0,0.0,0.0,0.0,0.0,0
2030-02-23 08:00:00,0.0,0.0,0.0,0.0,0.0,0.0,0.0,0
2030-02-23 09:00:00,0.0,0.0,0.0,0.0,5.899264705401819,0.0,0.0,0
2030-02-23 10:00:00,0.0,0.0,0.0,0.0,13.021687815639014,0.0,0.0,0
2030-02-23 11:00:00,0.0,0.0,0.0,0.0,19.323148333228087,0.0,0.0,0
2030-02-23 12:00:00,0.0,0.0,0.0,0.0,21.143819029635555,0.0,0.0,0
2030-02-23 13:00:00,0.0,0.0,0.0,0.0,25.41993898045123,0.0,0.0,0
2030-02-23 14:00:00,0.0,0.0,0.0,0.0,27.658271726101315,0.0,0.0,0
2030-02-23 15:00:00,0.0,0.0,0.0,0.0,27.42657276526244,0.0,0.0,0
2030-02-23 16:00:00,0.0,0.0,0.0,0.0,24.368087563190947,0.0,0.0,0
2030-02-23 17:00:00,0.0,0.0,0.0,0.0,18.630481859391583,0.0,0.0,0
2030-02-23 18:00:00,0.0,0.0,0.0,0.0,11.445825557193537,0.0,0.0,0
2030-02-23 19:00:00,0.0,0.0,0.0,0.0,3.2479097816257174,0.0,0.0,0
2030-02-23 20:00:00,0.0,0.0,0.0,0.0,0.0,0.0,0.0,0
2030-02-23 21:00:00,0.0,0.0,0.0,0.0,0.0,0.0,0.0,0
2030-02-23 22:00:00,0.0,0.0,0.0,0.0,0.0,0.0,0.0,0
2030-02-23 23:00:00,0.0,0.0,0.0,0.0,0.0,0.0,0.0,0
2030-02-24 00:00:00,0.0,0.0,0.0,0.0,0.0,0.0,0.0,0
2030-02-24 01:00:00,0.0,0.0,0.0,0.0,0.0,0.0,0.0,0
2030-02-24 02:00:00,0.0,0.0,0.0,0.0,0.0,0.0,0.0,0
2030-02-24 03:00:00,0.0,0.0,0.0,0.0,0.0,0.0,0.0,0
2030-02-24 04:00:00,0.0,0.0,0.0,0.0,0.0,0.0,0.0,0
2030-02-24 05:00:00,0.0,0.0,0.0,0.0,0.0,0.0,0.0,0
2030-02-24 06:00:00,0.0,0.0,0.0,0.0,0.0,0.0,0.0,0
2030-02-24 07:00:00,0.0,0.0,0.0,0.0,0.0,0.0,0.0,0
2030-02-24 08:00:00,0.0,0.0,0.0,0.0,0.0,0.0,0.0,0
2030-02-24 09:00:00,0.0,0.0,0.0,0.0,6.414805940580504,0.0,0.0,0
2030-02-24 10:00:00,0.0,0.0,0.0,0.0,13.220834029913751,0.0,0.0,0
2030-02-24 11:00:00,0.0,0.0,0.0,0.0,21.82499629880237,0.0,0.0,0
2030-02-24 12:00:00,0.0,0.0,0.0,0.0,26.99985192003025,0.0,0.0,0
2030-02-24 13:00:00,0.0,0.0,0.0,0.0,29.990064732814517,0.0,0.0,0
2030-02-24 14:00:00,0.0,0.0,0.0,0.0,30.1923778432482,0.0,0.0,0
2030-02-24 15:00:00,0.0,0.0,0.0,0.0,28.681326482939475,0.0,0.0,0
2030-02-24 16:00:00,0.0,0.0,0.0,0.0,25.035860760243107,0.0,0.0,0
2030-02-24 17:00:00,0.0,0.0,0.0,0.0,19.34082403271993,0.0,0.0,0
2030-02-24 18:00:00,0.0,0.0,0.0,0.0,11.553573675345875,0.0,0.0,0
2030-02-24 19:00:00,0.0,0.0,0.0,0.0,3.2552746564139863,0.0,0.0,0
2030-02-24 20:00:00,0.0,0.0,0.0,0.0,0.0,0.0,0.0,0
2030-02-24 21:00:00,0.0,0.0,0.0,0.0,0.0,0.0,0.0,0
2030-02-24 22:00:00,0.0,0.0,0.0,0.0,0.0,0.0,0.0,0
2030-02-24 23:00:00,0.0,0.0,0.0,0.0,0.0,0.0,0.0,0
2030-02-25 00:00:00,0.0,0.0,0.0,0.0,0.0,0.0,0.0,0
2030-02-25 01:00:00,0.0,0.0,0.0,0.0,0.0,0.0,0.0,0
2030-02-25 02:00:00,0.0,0.0,0.0,0.0,0.0,0.0,0.0,0
2030-02-25 03:00:00,0.0,0.0,0.0,0.0,0.0,0.0,0.0,0
2030-02-25 04:00:00,0.0,0.0,0.0,0.0,0.0,0.0,0.0,0
2030-02-25 05:00:00,0.0,0.0,0.0,0.0,0.0,0.0,0.0,0
2030-02-25 06:00:00,0.0,0.0,0.0,0.0,0.0,0.0,0.0,0
2030-02-25 07:00:00,0.0,0.0,0.0,0.0,0.0,0.0,0.0,0
2030-02-25 08:00:00,0.0,0.0,0.0,0.0,0.0,0.0,0.0,0
2030-02-25 09:00:00,0.0,0.0,0.0,0.0,6.436900564945304,0.0,0.0,0
2030-02-25 10:00:00,0.0,0.0,0.0,0.0,14.90503359649463,0.0,0.0,0
2030-02-25 11:00:00,0.0,0.0,0.0,0.0,22.228517788451516,0.0,0.0,0
2030-02-25 12:00:00,0.0,0.0,0.0,0.0,27.274488100884728,0.0,0.0,0
2030-02-25 13:00:00,0.0,0.0,0.0,0.0,29.983878237992368,0.0,0.0,0
2030-02-25 14:00:00,0.0,0.0,0.0,0.0,29.72132045179065,0.0,0.0,0
2030-02-25 15:00:00,0.0,0.0,0.0,0.0,28.061719567002584,0.0,0.0,0
2030-02-25 16:00:00,0.0,0.0,0.0,0.0,24.529157374810342,0.0,0.0,0
2030-02-25 17:00:00,0.0,0.0,0.0,0.0,18.825798338776423,0.0,0.0,0
2030-02-25 18:00:00,0.0,0.0,0.0,0.0,11.096435897238152,0.0,0.0,0
2030-02-25 19:00:00,0.0,0.0,0.0,0.0,3.292099030355321,0.0,0.0,0
2030-02-25 20:00:00,0.0,0.0,0.0,0.0,0.0,0.0,0.0,0
2030-02-25 21:00:00,0.0,0.0,0.0,0.0,0.0,0.0,0.0,0
2030-02-25 22:00:00,0.0,0.0,0.0,0.0,0.0,0.0,0.0,0
2030-02-25 23:00:00,0.0,0.0,0.0,0.0,0.0,0.0,0.0,0
2030-02-26 00:00:00,0.0,0.0,0.0,0.0,0.0,0.0,0.0,0
2030-02-26 01:00:00,0.0,0.0,0.0,0.0,0.0,0.0,0.0,0
2030-02-26 02:00:00,0.0,0.0,0.0,0.0,0.0,0.0,0.0,0
2030-02-26 03:00:00,0.0,0.0,0.0,0.0,0.0,0.0,0.0,0
2030-02-26 04:00:00,0.0,0.0,0.0,0.0,0.0,0.0,0.0,0
2030-02-26 05:00:00,0.0,0.0,0.0,0.0,0.0,0.0,0.0,0
2030-02-26 06:00:00,0.0,0.0,0.0,0.0,0.0,0.0,0.0,0
2030-02-26 07:00:00,0.0,0.0,0.0,0.0,0.0,0.0,0.0,0
2030-02-26 08:00:00,0.0,0.0,0.0,0.0,0.0,0.0,0.0,0
2030-02-26 09:00:00,0.0,0.0,0.0,0.0,6.606292685075445,0.0,0.0,0
2030-02-26 10:00:00,0.0,0.0,0.0,0.0,15.109703466860571,0.0,0.0,0
2030-02-26 11:00:00,0.0,0.0,0.0,0.0,22.409251815755585,0.0,0.0,0
2030-02-26 12:00:00,0.0,0.0,0.0,0.0,27.2478272541512,0.0,0.0,0
2030-02-26 13:00:00,0.0,0.0,0.0,0.0,29.931587626995675,0.0,0.0,0
2030-02-26 14:00:00,0.0,0.0,0.0,0.0,30.17263997881565,0.0,0.0,0
2030-02-26 15:00:00,0.0,0.0,0.0,0.0,28.668143357068484,0.0,0.0,0
2030-02-26 16:00:00,0.0,0.0,0.0,0.0,25.11378113550297,0.0,0.0,0
2030-02-26 17:00:00,0.0,0.0,0.0,0.0,19.442974846033195,0.0,0.0,0
2030-02-26 18:00:00,0.0,0.0,0.0,0.0,11.721198225526836,0.0,0.0,0
2030-02-26 19:00:00,0.0,0.0,0.0,0.0,3.373112653026257,0.0,0.0,0
2030-02-26 20:00:00,0.0,0.0,0.0,0.0,0.0,0.0,0.0,0
2030-02-26 21:00:00,0.0,0.0,0.0,0.0,0.0,0.0,0.0,0
2030-02-26 22:00:00,0.0,0.0,0.0,0.0,0.0,0.0,0.0,0
2030-02-26 23:00:00,0.0,0.0,0.0,0.0,0.0,0.0,0.0,0
2030-02-27 00:00:00,0.0,0.0,0.0,0.0,0.0,0.0,0.0,0
2030-02-27 01:00:00,0.0,0.0,0.0,0.0,0.0,0.0,0.0,0
2030-02-27 02:00:00,0.0,0.0,0.0,0.0,0.0,0.0,0.0,0
2030-02-27 03:00:00,0.0,0.0,0.0,0.0,0.0,0.0,0.0,0
2030-02-27 04:00:00,0.0,0.0,0.0,0.0,0.0,0.0,0.0,0
2030-02-27 05:00:00,0.0,0.0,0.0,0.0,0.0,0.0,0.0,0
2030-02-27 06:00:00,0.0,0.0,0.0,0.0,0.0,0.0,0.0,0
2030-02-27 07:00:00,0.0,0.0,0.0,0.0,0.0,0.0,0.0,0
2030-02-27 08:00:00,0.0,0.0,0.0,0.0,0.0,0.0,0.0,0
2030-02-27 09:00:00,0.0,0.0,0.0,0.0,6.98190129927706,0.0,0.0,0
2030-02-27 10:00:00,0.0,0.0,0.0,0.0,15.4300018714023,0.0,0.0,0
2030-02-27 11:00:00,0.0,0.0,0.0,0.0,22.581737183296795,0.0,0.0,0
2030-02-27 12:00:00,0.0,0.0,0.0,0.0,27.547798604277315,0.0,0.0,0
2030-02-27 13:00:00,0.0,0.0,0.0,0.0,30.190978517038435,0.0,0.0,0
2030-02-27 14:00:00,0.0,0.0,0.0,0.0,30.158720365465825,0.0,0.0,0
2030-02-27 15:00:00,0.0,0.0,0.0,0.0,28.685156217829373,0.0,0.0,0
2030-02-27 16:00:00,0.0,0.0,0.0,0.0,25.147364964537463,0.0,0.0,0
2030-02-27 17:00:00,0.0,0.0,0.0,0.0,19.607800743794606,0.0,0.0,0
2030-02-27 18:00:00,0.0,0.0,0.0,0.0,11.84382339075148,0.0,0.0,0
2030-02-27 19:00:00,0.0,0.0,0.0,0.0,3.159531284166517,0.0,0.0,0
2030-02-27 20:00:00,0.0,0.0,0.0,0.0,0.0,0.0,0.0,0
2030-02-27 21:00:00,0.0,0.0,0.0,0.0,0.0,0.0,0.0,0
2030-02-27 22:00:00,0.0,0.0,0.0,0.0,0.0,0.0,0.0,0
2030-02-27 23:00:00,0.0,0.0,0.0,0.0,0.0,0.0,0.0,0
2030-02-28 00:00:00,0.0,0.0,0.0,0.0,0.0,0.0,0.0,0
2030-02-28 01:00:00,0.0,0.0,0.0,0.0,0.0,0.0,0.0,0
2030-02-28 02:00:00,0.0,0.0,0.0,0.0,0.0,0.0,0.0,0
2030-02-28 03:00:00,0.0,0.0,0.0,0.0,0.0,0.0,0.0,0
2030-02-28 04:00:00,0.0,0.0,0.0,0.0,0.0,0.0,0.0,0
2030-02-28 05:00:00,0.0,0.0,0.0,0.0,0.0,0.0,0.0,0
2030-02-28 06:00:00,0.0,0.0,0.0,0.0,0.0,0.0,0.0,0
2030-02-28 07:00:00,0.0,0.0,0.0,0.0,0.0,0.0,0.0,0
2030-02-28 08:00:00,0.0,0.0,0.0,0.0,0.1428785708923765,0.0,0.0,0
2030-02-28 09:00:00,0.0,0.0,0.0,0.0,6.3632518170626335,0.0,0.0,0
2030-02-28 10:00:00,0.0,0.0,0.0,0.0,14.851638254279695,0.0,0.0,0
2030-02-28 11:00:00,0.0,0.0,0.0,0.0,21.988496519101894,0.0,0.0,0
2030-02-28 12:00:00,0.0,0.0,0.0,0.0,27.47540188510865,0.0,0.0,0
2030-02-28 13:00:00,0.0,0.0,0.0,0.0,30.319790177085228,0.0,0.0,0
2030-02-28 14:00:00,0.0,0.0,0.0,0.0,30.538306012053106,0.0,0.0,0
2030-02-28 15:00:00,0.0,0.0,0.0,0.0,29.18213796854163,0.0,0.0,0
2030-02-28 16:00:00,0.0,0.0,0.0,0.0,25.528644532326048,0.0,0.0,0
2030-02-28 17:00:00,0.0,0.0,0.0,0.0,19.790670584787275,0.0,0.0,0
2030-02-28 18:00:00,0.0,0.0,0.0,0.0,11.927267422102544,0.0,0.0,0
2030-02-28 19:00:00,0.0,0.0,0.0,0.0,3.3878424026027902,0.0,0.0,0
2030-02-28 20:00:00,0.0,0.0,0.0,0.0,0.0,0.0,0.0,0
2030-02-28 21:00:00,0.0,0.0,0.0,0.0,0.0,0.0,0.0,0
2030-02-28 22:00:00,0.0,0.0,0.0,0.0,0.0,0.0,0.0,0
2030-02-28 23:00:00,0.0,0.0,0.0,0.0,0.0,0.0,0.0,0
2030-03-01 00:00:00,0.0,0.0,0.0,0.0,0.0,0.0,0.0,0
2030-03-01 01:00:00,0.0,0.0,0.0,0.0,0.0,0.0,0.0,0
2030-03-01 02:00:00,0.0,0.0,0.0,0.0,0.0,0.0,0.0,0
2030-03-01 03:00:00,0.0,0.0,0.0,0.0,0.0,0.0,0.0,0
2030-03-01 04:00:00,0.0,0.0,0.0,0.0,0.0,0.0,0.0,0
2030-03-01 05:00:00,0.0,0.0,0.0,0.0,0.0,0.0,0.0,0
2030-03-01 06:00:00,0.0,0.0,0.0,0.0,0.0,0.0,0.0,0
2030-03-01 07:00:00,0.0,0.0,0.0,0.0,0.0,0.0,0.0,0
2030-03-01 08:00:00,0.0,0.0,0.0,0.0,0.7298590915172513,0.0,0.0,0
2030-03-01 09:00:00,0.0,0.0,0.0,0.0,7.818035533989005,0.0,0.0,0
2030-03-01 10:00:00,0.0,0.0,0.0,0.0,16.573987872263803,0.0,0.0,0
2030-03-01 11:00:00,0.0,0.0,0.0,0.0,23.78073879882665,0.0,0.0,0
2030-03-01 12:00:00,0.0,0.0,0.0,0.0,28.727356950366143,0.0,0.0,0
2030-03-01 13:00:00,0.0,0.0,0.0,0.0,31.407950427051663,0.0,0.0,0
2030-03-01 14:00:00,0.0,0.0,0.0,0.0,31.87620916608968,0.0,0.0,0
2030-03-01 15:00:00,0.0,0.0,0.0,0.0,29.883421345880407,0.0,0.0,0
2030-03-01 16:00:00,0.0,0.0,0.0,0.0,26.053023617250652,0.0,0.0,0
2030-03-01 17:00:00,0.0,0.0,0.0,0.0,20.134610237399336,0.0,0.0,0
2030-03-01 18:00:00,0.0,0.0,0.0,0.0,12.218842814970031,0.0,0.0,0
2030-03-01 19:00:00,0.0,0.0,0.0,0.0,3.623518395827333,0.0,0.0,0
2030-03-01 20:00:00,0.0,0.0,0.0,0.0,0.0,0.0,0.0,0
2030-03-01 21:00:00,0.0,0.0,0.0,0.0,0.0,0.0,0.0,0
2030-03-01 22:00:00,0.0,0.0,0.0,0.0,0.0,0.0,0.0,0
2030-03-01 23:00:00,0.0,0.0,0.0,0.0,0.0,0.0,0.0,0
2030-03-02 00:00:00,0.0,0.0,0.0,0.0,0.0,0.0,0.0,0
2030-03-02 01:00:00,0.0,0.0,0.0,0.0,0.0,0.0,0.0,0
2030-03-02 02:00:00,0.0,0.0,0.0,0.0,0.0,0.0,0.0,0
2030-03-02 03:00:00,0.0,0.0,0.0,0.0,0.0,0.0,0.0,0
2030-03-02 04:00:00,0.0,0.0,0.0,0.0,0.0,0.0,0.0,0
2030-03-02 05:00:00,0.0,0.0,0.0,0.0,0.0,0.0,0.0,0
2030-03-02 06:00:00,0.0,0.0,0.0,0.0,0.0,0.0,0.0,0
2030-03-02 07:00:00,0.0,0.0,0.0,0.0,0.0,0.0,0.0,0
2030-03-02 08:00:00,0.0,0.0,0.0,0.0,0.7438523536149578,0.0,0.0,0
2030-03-02 09:00:00,0.0,0.0,0.0,0.0,7.995749962629885,0.0,0.0,0
2030-03-02 10:00:00,0.0,0.0,0.0,0.0,16.777258416419972,0.0,0.0,0
2030-03-02 11:00:00,0.0,0.0,0.0,0.0,23.814690871600565,0.0,0.0,0
2030-03-02 12:00:00,0.0,0.0,0.0,0.0,28.594715555429456,0.0,0.0,0
2030-03-02 13:00:00,0.0,0.0,0.0,0.0,31.19841973932547,0.0,0.0,0
2030-03-02 14:00:00,0.0,0.0,0.0,0.0,31.168297401441457,0.0,0.0,0
2030-03-02 15:00:00,0.0,0.0,0.0,0.0,29.61364598238619,0.0,0.0,0
2030-03-02 16:00:00,0.0,0.0,0.0,0.0,25.951535642668336,0.0,0.0,0
2030-03-02 17:00:00,0.0,0.0,0.0,0.0,20.13357915492898,0.0,0.0,0
2030-03-02 18:00:00,0.0,0.0,0.0,0.0,12.167288691452162,0.0,0.0,0
2030-03-02 19:00:00,0.0,0.0,0.0,0.0,3.630883270615602,0.0,0.0,0
2030-03-02 20:00:00,0.0,0.0,0.0,0.0,0.0,0.0,0.0,0
2030-03-02 21:00:00,0.0,0.0,0.0,0.0,0.0,0.0,0.0,0
2030-03-02 22:00:00,0.0,0.0,0.0,0.0,0.0,0.0,0.0,0
2030-03-02 23:00:00,0.0,0.0,0.0,0.0,0.0,0.0,0.0,0
2030-03-03 00:00:00,0.0,0.0,0.0,0.0,0.0,0.0,0.0,0
2030-03-03 01:00:00,0.0,0.0,0.0,0.0,0.0,0.0,0.0,0
2030-03-03 02:00:00,0.0,0.0,0.0,0.0,0.0,0.0,0.0,0
2030-03-03 03:00:00,0.0,0.0,0.0,0.0,0.0,0.0,0.0,0
2030-03-03 04:00:00,0.0,0.0,0.0,0.0,0.0,0.0,0.0,0
2030-03-03 05:00:00,0.0,0.0,0.0,0.0,0.0,0.0,0.0,0
2030-03-03 06:00:00,0.0,0.0,0.0,0.0,0.0,0.0,0.0,0
2030-03-03 07:00:00,0.0,0.0,0.0,0.0,0.0,0.0,0.0,0
2030-03-03 08:00:00,0.0,0.0,0.0,0.0,0.8248659762858934,0.0,0.0,0
2030-03-03 09:00:00,0.0,0.0,0.0,0.0,8.025872300513894,0.0,0.0,0
2030-03-03 10:00:00,0.0,0.0,0.0,0.0,16.718413066861714,0.0,0.0,0
2030-03-03 11:00:00,0.0,0.0,0.0,0.0,23.626591969508222,0.0,0.0,0
2030-03-03 12:00:00,0.0,0.0,0.0,0.0,28.48497892108428,0.0,0.0,0
2030-03-03 13:00:00,0.0,0.0,0.0,0.0,31.090377026181596,0.0,0.0,0
2030-03-03 14:00:00,0.0,0.0,0.0,0.0,31.14126831096852,0.0,0.0,0
2030-03-03 15:00:00,0.0,0.0,0.0,0.0,29.60046285651519,0.0,0.0,0
2030-03-03 16:00:00,0.0,0.0,0.0,0.0,25.94115116921688,0.0,0.0,0
2030-03-03 17:00:00,0.0,0.0,0.0,0.0,20.01507831958577,0.0,0.0,0
2030-03-03 18:00:00,0.0,0.0,0.0,0.0,12.106307528205312,0.0,0.0,0
2030-03-03 19:00:00,0.0,0.0,0.0,0.0,3.5645993975212,0.0,0.0,0
2030-03-03 20:00:00,0.0,0.0,0.0,0.0,0.0,0.0,0.0,0
2030-03-03 21:00:00,0.0,0.0,0.0,0.0,0.0,0.0,0.0,0
2030-03-03 22:00:00,0.0,0.0,0.0,0.0,0.0,0.0,0.0,0
2030-03-03 23:00:00,0.0,0.0,0.0,0.0,0.0,0.0,0.0,0
2030-03-04 00:00:00,0.0,0.0,0.0,0.0,0.0,0.0,0.0,0
2030-03-04 01:00:00,0.0,0.0,0.0,0.0,0.0,0.0,0.0,0
2030-03-04 02:00:00,0.0,0.0,0.0,0.0,0.0,0.0,0.0,0
2030-03-04 03:00:00,0.0,0.0,0.0,0.0,0.0,0.0,0.0,0
2030-03-04 04:00:00,0.0,0.0,0.0,0.0,0.0,0.0,0.0,0
2030-03-04 05:00:00,0.0,0.0,0.0,0.0,0.0,0.0,0.0,0
2030-03-04 06:00:00,0.0,0.0,0.0,0.0,0.0,0.0,0.0,0
2030-03-04 07:00:00,0.0,0.0,0.0,0.0,0.0,0.0,0.0,0
2030-03-04 08:00:00,0.0,0.0,0.0,0.0,0.8027713519210953,0.0,0.0,0
2030-03-04 09:00:00,0.0,0.0,0.0,0.0,7.977043180667686,0.0,0.0,0
2030-03-04 10:00:00,0.0,0.0,0.0,0.0,16.715246170702766,0.0,0.0,0
2030-03-04 11:00:00,0.0,0.0,0.0,0.0,23.82441250632108,0.0,0.0,0
2030-03-04 12:00:00,0.0,0.0,0.0,0.0,28.640451427864598,0.0,0.0,0
2030-03-04 13:00:00,0.0,0.0,0.0,0.0,31.25763333262313,0.0,0.0,0
2030-03-04 14:00:00,0.0,0.0,0.0,0.0,31.252109676531937,0.0,0.0,0
2030-03-04 15:00:00,0.0,0.0,0.0,0.0,29.70850556965907,0.0,0.0,0
2030-03-04 16:00:00,0.0,0.0,0.0,0.0,26.037410082699527,0.0,0.0,0
2030-03-04 17:00:00,0.0,0.0,0.0,0.0,20.2665151448572,0.0,0.0,0
2030-03-04 18:00:00,0.0,0.0,0.0,0.0,12.265241526136112,0.0,0.0,0
2030-03-04 19:00:00,0.0,0.0,0.0,0.0,3.5866940218859966,0.0,0.0,0
2030-03-04 20:00:00,0.0,0.0,0.0,0.0,0.0,0.0,0.0,0
2030-03-04 21:00:00,0.0,0.0,0.0,0.0,0.0,0.0,0.0,0
2030-03-04 22:00:00,0.0,0.0,0.0,0.0,0.0,0.0,0.0,0
2030-03-04 23:00:00,0.0,0.0,0.0,0.0,0.0,0.0,0.0,0
2030-03-05 00:00:00,0.0,0.0,0.0,0.0,0.0,0.0,0.0,0
2030-03-05 01:00:00,0.0,0.0,0.0,0.0,0.0,0.0,0.0,0
2030-03-05 02:00:00,0.0,0.0,0.0,0.0,0.0,0.0,0.0,0
2030-03-05 03:00:00,0.0,0.0,0.0,0.0,0.0,0.0,0.0,0
2030-03-05 04:00:00,0.0,0.0,0.0,0.0,0.0,0.0,0.0,0
2030-03-05 05:00:00,0.0,0.0,0.0,0.0,0.0,0.0,0.0,0
2030-03-05 06:00:00,0.0,0.0,0.0,0.0,0.0,0.0,0.0,0
2030-03-05 07:00:00,0.0,0.0,0.0,0.0,0.0,0.0,0.0,0
2030-03-05 08:00:00,0.0,0.0,0.0,0.0,0.861690350227229,0.0,0.0,0
2030-03-05 09:00:00,0.0,0.0,0.0,0.0,8.403322133412578,0.0,0.0,0
2030-03-05 10:00:00,0.0,0.0,0.0,0.0,17.511462784062303,0.0,0.0,0
2030-03-05 11:00:00,0.0,0.0,0.0,0.0,24.956172815034055,0.0,0.0,0
2030-03-05 12:00:00,0.0,0.0,0.0,0.0,29.85433009046676,0.0,0.0,0
2030-03-05 13:00:00,0.0,0.0,0.0,0.0,32.53249315847214,0.0,0.0,0
2030-03-05 14:00:00,0.0,0.0,0.0,0.0,32.49751000322788,0.0,0.0,0
2030-03-05 15:00:00,0.0,0.0,0.0,0.0,30.853154409251513,0.0,0.0,0
2030-03-05 16:00:00,0.0,0.0,0.0,0.0,27.06878714804843,0.0,0.0,0
2030-03-05 17:00:00,0.0,0.0,0.0,0.0,21.001087756238945,0.0,0.0,0
2030-03-05 18:00:00,0.0,0.0,0.0,0.0,12.912540371276895,0.0,0.0,0
2030-03-05 19:00:00,0.0,0.0,0.0,0.0,3.844464639475341,0.0,0.0,0
2030-03-05 20:00:00,0.0,0.0,0.0,0.0,0.0,0.0,0.0,0
2030-03-05 21:00:00,0.0,0.0,0.0,0.0,0.0,0.0,0.0,0
2030-03-05 22:00:00,0.0,0.0,0.0,0.0,0.0,0.0,0.0,0
2030-03-05 23:00:00,0.0,0.0,0.0,0.0,0.0,0.0,0.0,0
2030-03-06 00:00:00,0.0,0.0,0.0,0.0,0.0,0.0,0.0,0
2030-03-06 01:00:00,0.0,0.0,0.0,0.0,0.0,0.0,0.0,0
2030-03-06 02:00:00,0.0,0.0,0.0,0.0,0.0,0.0,0.0,0
2030-03-06 03:00:00,0.0,0.0,0.0,0.0,0.0,0.0,0.0,0
2030-03-06 04:00:00,0.0,0.0,0.0,0.0,0.0,0.0,0.0,0
2030-03-06 05:00:00,0.0,0.0,0.0,0.0,0.0,0.0,0.0,0
2030-03-06 06:00:00,0.0,0.0,0.0,0.0,0.0,0.0,0.0,0
2030-03-06 07:00:00,0.0,0.0,0.0,0.0,0.0,0.0,0.0,0
2030-03-06 08:00:00,0.0,0.0,0.0,0.0,0.8985147241685643,0.0,0.0,0
2030-03-06 09:00:00,0.0,0.0,0.0,0.0,8.593851444185045,0.0,0.0,0
2030-03-06 10:00:00,0.0,0.0,0.0,0.0,17.48929451094962,0.0,0.0,0
2030-03-06 11:00:00,0.0,0.0,0.0,0.0,24.789579347323457,0.0,0.0,0
2030-03-06 12:00:00,0.0,0.0,0.0,0.0,29.748717786003002,0.0,0.0,0
2030-03-06 13:00:00,0.0,0.0,0.0,0.0,32.407805828306785,0.0,0.0,0
2030-03-06 14:00:00,0.0,0.0,0.0,0.0,32.24570493421703,0.0,0.0,0
2030-03-06 15:00:00,0.0,0.0,0.0,0.0,30.578518228397044,0.0,0.0,0
2030-03-06 16:00:00,0.0,0.0,0.0,0.0,26.821180057666897,0.0,0.0,0
2030-03-06 17:00:00,0.0,0.0,0.0,0.0,20.845247005719216,0.0,0.0,0
2030-03-06 18:00:00,0.0,0.0,0.0,0.0,12.690931288897943,0.0,0.0,0
2030-03-06 19:00:00,0.0,0.0,0.0,0.0,3.8076402655340065,0.0,0.0,0
2030-03-06 20:00:00,0.0,0.0,0.0,0.0,0.0,0.0,0.0,0
2030-03-06 21:00:00,0.0,0.0,0.0,0.0,0.0,0.0,0.0,0
2030-03-06 22:00:00,0.0,0.0,0.0,0.0,0.0,0.0,0.0,0
2030-03-06 23:00:00,0.0,0.0,0.0,0.0,0.0,0.0,0.0,0
2030-03-07 00:00:00,0.0,0.0,0.0,0.0,0.0,0.0,0.0,0
2030-03-07 01:00:00,0.0,0.0,0.0,0.0,0.0,0.0,0.0,0
2030-03-07 02:00:00,0.0,0.0,0.0,0.0,0.0,0.0,0.0,0
2030-03-07 03:00:00,0.0,0.0,0.0,0.0,0.0,0.0,0.0,0
2030-03-07 04:00:00,0.0,0.0,0.0,0.0,0.0,0.0,0.0,0
2030-03-07 05:00:00,0.0,0.0,0.0,0.0,0.0,0.0,0.0,0
2030-03-07 06:00:00,0.0,0.0,0.0,0.0,0.0,0.0,0.0,0
2030-03-07 07:00:00,0.0,0.0,0.0,0.0,0.0,0.0,0.0,0
2030-03-07 08:00:00,0.0,0.0,0.0,0.0,0.8911498493802998,0.0,0.0,0
2030-03-07 09:00:00,0.0,0.0,0.0,0.0,8.500317534374053,0.0,0.0,0
2030-03-07 10:00:00,0.0,0.0,0.0,0.0,17.175919088708863,0.0,0.0,0
2030-03-07 11:00:00,0.0,0.0,0.0,0.0,24.133663598680407,0.0,0.0,0
2030-03-07 12:00:00,0.0,0.0,0.0,0.0,28.930332899530782,0.0,0.0,0
2030-03-07 13:00:00,0.0,0.0,0.0,0.0,31.30859826615794,0.0,0.0,0
2030-03-07 14:00:00,0.0,0.0,0.0,0.0,31.323843556969656,0.0,0.0,0
2030-03-07 15:00:00,0.0,0.0,0.0,0.0,29.69812109620761,0.0,0.0,0
2030-03-07 16:00:00,0.0,0.0,0.0,0.0,26.00456274114386,0.0,0.0,0
2030-03-07 17:00:00,0.0,0.0,0.0,0.0,20.220852921169943,0.0,0.0,0
2030-03-07 18:00:00,0.0,0.0,0.0,0.0,12.237917840671644,0.0,0.0,0
2030-03-07 19:00:00,0.0,0.0,0.0,0.0,3.645613020192135,0.0,0.0,0
2030-03-07 20:00:00,0.0,0.0,0.0,0.0,0.0,0.0,0.0,0
2030-03-07 21:00:00,0.0,0.0,0.0,0.0,0.0,0.0,0.0,0
2030-03-07 22:00:00,0.0,0.0,0.0,0.0,0.0,0.0,0.0,0
2030-03-07 23:00:00,0.0,0.0,0.0,0.0,0.0,0.0,0.0,0
2030-03-08 00:00:00,0.0,0.0,0.0,0.0,0.0,0.0,0.0,0
2030-03-08 01:00:00,0.0,0.0,0.0,0.0,0.0,0.0,0.0,0
2030-03-08 02:00:00,0.0,0.0,0.0,0.0,0.0,0.0,0.0,0
2030-03-08 03:00:00,0.0,0.0,0.0,0.0,0.0,0.0,0.0,0
2030-03-08 04:00:00,0.0,0.0,0.0,0.0,0.0,0.0,0.0,0
2030-03-08 05:00:00,0.0,0.0,0.0,0.0,0.0,0.0,0.0,0
2030-03-08 06:00:00,0.0,0.0,0.0,0.0,0.0,0.0,0.0,0
2030-03-08 07:00:00,0.0,0.0,0.0,0.0,0.0,0.0,0.0,0
2030-03-08 08:00:00,0.0,0.0,0.0,0.0,0.861690350227229,0.0,0.0,0
2030-03-08 09:00:00,0.0,0.0,0.0,0.0,8.308094302400288,0.0,0.0,0
2030-03-08 10:00:00,0.0,0.0,0.0,0.0,16.767536781699462,0.0,0.0,0
2030-03-08 11:00:00,0.0,0.0,0.0,0.0,23.666804185852165,0.0,0.0,0
2030-03-08 12:00:00,0.0,0.0,0.0,0.0,28.45065860457096,0.0,0.0,0
2030-03-08 13:00:00,0.0,0.0,0.0,0.0,31.014518815862445,0.0,0.0,0
2030-03-08 14:00:00,0.0,0.0,0.0,0.0,31.000672851260504,0.0,0.0,0
2030-03-08 15:00:00,0.0,0.0,0.0,0.0,29.350057113714115,0.0,0.0,0
2030-03-08 16:00:00,0.0,0.0,0.0,0.0,25.683822444114835,0.0,0.0,0
2030-03-08 17:00:00,0.0,0.0,0.0,0.0,19.948573500247715,0.0,0.0,0
2030-03-08 18:00:00,0.0,0.0,0.0,0.0,12.099752789643752,0.0,0.0,0
2030-03-08 19:00:00,0.0,0.0,0.0,0.0,3.571964272309464,0.0,0.0,0
2030-03-08 20:00:00,0.0,0.0,0.0,0.0,0.0,0.0,0.0,0
2030-03-08 21:00:00,0.0,0.0,0.0,0.0,0.0,0.0,0.0,0
2030-03-08 22:00:00,0.0,0.0,0.0,0.0,0.0,0.0,0.0,0
2030-03-08 23:00:00,0.0,0.0,0.0,0.0,0.0,0.0,0.0,0
2030-03-09 00:00:00,0.0,0.0,0.0,0.0,0.0,0.0,0.0,0
2030-03-09 01:00:00,0.0,0.0,0.0,0.0,0.0,0.0,0.0,0
2030-03-09 02:00:00,0.0,0.0,0.0,0.0,0.0,0.0,0.0,0
2030-03-09 03:00:00,0.0,0.0,0.0,0.0,0.0,0.0,0.0,0
2030-03-09 04:00:00,0.0,0.0,0.0,0.0,0.0,0.0,0.0,0
2030-03-09 05:00:00,0.0,0.0,0.0,0.0,0.0,0.0,0.0,0
2030-03-09 06:00:00,0.0,0.0,0.0,0.0,0.0,0.0,0.0,0
2030-03-09 07:00:00,0.0,0.0,0.0,0.0,0.0,0.0,0.0,0
2030-03-09 08:00:00,0.0,0.0,0.0,0.0,0.8837849745920309,0.0,0.0,0
2030-03-09 09:00:00,0.0,0.0,0.0,0.0,8.417168098014518,0.0,0.0,0
2030-03-09 10:00:00,0.0,0.0,0.0,0.0,17.005495886108367,0.0,0.0,0
2030-03-09 11:00:00,0.0,0.0,0.0,0.0,23.91720992865324,0.0,0.0,0
2030-03-09 12:00:00,0.0,0.0,0.0,0.0,28.600607455260075,0.0,0.0,0
2030-03-09 13:00:00,0.0,0.0,0.0,0.0,31.09523784354185,0.0,0.0,0
2030-03-09 14:00:00,0.0,0.0,0.0,0.0,31.148927780748313,0.0,0.0,0
2030-03-09 15:00:00,0.0,0.0,0.0,0.0,29.511495169072926,0.0,0.0,0
2030-03-09 16:00:00,0.0,0.0,0.0,0.0,25.849753073094487,0.0,0.0,0
2030-03-09 17:00:00,0.0,0.0,0.0,0.0,20.0510925573004,0.0,0.0,0
2030-03-09 18:00:00,0.0,0.0,0.0,0.0,12.140627844718637,0.0,0.0,0
2030-03-09 19:00:00,0.0,0.0,0.0,0.0,3.645613020192135,0.0,0.0,0
2030-03-09 20:00:00,0.0,0.0,0.0,0.0,0.0,0.0,0.0,0
2030-03-09 21:00:00,0.0,0.0,0.0,0.0,0.0,0.0,0.0,0
2030-03-09 22:00:00,0.0,0.0,0.0,0.0,0.0,0.0,0.0,0
2030-03-09 23:00:00,0.0,0.0,0.0,0.0,0.0,0.0,0.0,0
2030-03-10 00:00:00,0.0,0.0,0.0,0.0,0.0,0.0,0.0,0
2030-03-10 01:00:00,0.0,0.0,0.0,0.0,0.0,0.0,0.0,0
2030-03-10 02:00:00,0.0,0.0,0.0,0.0,0.0,0.0,0.0,0
2030-03-10 03:00:00,0.0,0.0,0.0,0.0,0.0,0.0,0.0,0
2030-03-10 04:00:00,0.0,0.0,0.0,0.0,0.0,0.0,0.0,0
2030-03-10 05:00:00,0.0,0.0,0.0,0.0,0.0,0.0,0.0,0
2030-03-10 06:00:00,0.0,0.0,0.0,0.0,0.0,0.0,0.0,0
2030-03-10 07:00:00,0.0,0.0,0.0,0.0,0.0,0.0,0.0,0
2030-03-10 08:00:00,0.0,0.0,0.0,0.0,0.9427039728981644,0.0,0.0,0
2030-03-10 09:00:00,0.0,0.0,0.0,0.0,8.648867058853396,0.0,0.0,0
2030-03-10 10:00:00,0.0,0.0,0.0,0.0,17.48030936370793,0.0,0.0,0
2030-03-10 11:00:00,0.0,0.0,0.0,0.0,24.147877807021764,0.0,0.0,0
2030-03-10 12:00:00,0.0,0.0,0.0,0.0,28.581606078306343,0.0,0.0,0
2030-03-10 13:00:00,0.0,0.0,0.0,0.0,30.986164047927616,0.0,0.0,0
2030-03-10 14:00:00,0.0,0.0,0.0,0.0,31.200187309274654,0.0,0.0,0
2030-03-10 15:00:00,0.0,0.0,0.0,0.0,29.569972274891768,0.0,0.0,0
2030-03-10 16:00:00,0.0,0.0,0.0,0.0,25.88819771948924,0.0,0.0,0
2030-03-10 17:00:00,0.0,0.0,0.0,0.0,20.007860742293268,0.0,0.0,0
2030-03-10 18:00:00,0.0,0.0,0.0,0.0,12.149244748220909,0.0,0.0,0
2030-03-10 19:00:00,0.0,0.0,0.0,0.0,3.623518395827333,0.0,0.0,0
2030-03-10 20:00:00,0.0,0.0,0.0,0.0,0.0,0.0,0.0,0
2030-03-10 21:00:00,0.0,0.0,0.0,0.0,0.0,0.0,0.0,0
2030-03-10 22:00:00,0.0,0.0,0.0,0.0,0.0,0.0,0.0,0
2030-03-10 23:00:00,0.0,0.0,0.0,0.0,0.0,0.0,0.0,0
2030-03-11 00:00:00,0.0,0.0,0.0,0.0,0.0,0.0,0.0,0
2030-03-11 01:00:00,0.0,0.0,0.0,0.0,0.0,0.0,0.0,0
2030-03-11 02:00:00,0.0,0.0,0.0,0.0,0.0,0.0,0.0,0
2030-03-11 03:00:00,0.0,0.0,0.0,0.0,0.0,0.0,0.0,0
2030-03-11 04:00:00,0.0,0.0,0.0,0.0,0.0,0.0,0.0,0
2030-03-11 05:00:00,0.0,0.0,0.0,0.0,0.0,0.0,0.0,0
2030-03-11 06:00:00,0.0,0.0,0.0,0.0,0.0,0.0,0.0,0
2030-03-11 07:00:00,0.0,0.0,0.0,0.0,0.0,0.0,0.0,0
2030-03-11 08:00:00,0.0,0.0,0.0,0.0,0.9353390981099,0.0,0.0,0
2030-03-11 09:00:00,0.0,0.0,0.0,0.0,8.535668933357734,0.0,0.0,0
2030-03-11 10:00:00,0.0,0.0,0.0,0.0,17.025896589271863,0.0,0.0,0
2030-03-11 11:00:00,0.0,0.0,0.0,0.0,23.66091228602156,0.0,0.0,0
2030-03-11 12:00:00,0.0,0.0,0.0,0.0,28.35469428607984,0.0,0.0,0
2030-03-11 13:00:00,0.0,0.0,0.0,0.0,30.84969291810103,0.0,0.0,0
2030-03-11 14:00:00,0.0,0.0,0.0,0.0,30.674114303148748,0.0,0.0,0
2030-03-11 15:00:00,0.0,0.0,0.0,0.0,28.936887638092344,0.0,0.0,0
2030-03-11 16:00:00,0.0,0.0,0.0,0.0,25.314989514718423,0.0,0.0,0
2030-03-11 17:00:00,0.0,0.0,0.0,0.0,19.593954779192664,0.0,0.0,0
2030-03-11 18:00:00,0.0,0.0,0.0,0.0,11.90752955766999,0.0,0.0,0
2030-03-11 19:00:00,0.0,0.0,0.0,0.0,3.4541262756971927,0.0,0.0,0
2030-03-11 20:00:00,0.0,0.0,0.0,0.0,0.0,0.0,0.0,0
2030-03-11 21:00:00,0.0,0.0,0.0,0.0,0.0,0.0,0.0,0
2030-03-11 22:00:00,0.0,0.0,0.0,0.0,0.0,0.0,0.0,0
2030-03-11 23:00:00,0.0,0.0,0.0,0.0,0.0,0.0,0.0,0
2030-03-12 00:00:00,0.0,0.0,0.0,0.0,0.0,0.0,0.0,0
2030-03-12 01:00:00,0.0,0.0,0.0,0.0,0.0,0.0,0.0,0
2030-03-12 02:00:00,0.0,0.0,0.0,0.0,0.0,0.0,0.0,0
2030-03-12 03:00:00,0.0,0.0,0.0,0.0,0.0,0.0,0.0,0
2030-03-12 04:00:00,0.0,0.0,0.0,0.0,0.0,0.0,0.0,0
2030-03-12 05:00:00,0.0,0.0,0.0,0.0,0.0,0.0,0.0,0
2030-03-12 06:00:00,0.0,0.0,0.0,0.0,0.0,0.0,0.0,0
2030-03-12 07:00:00,0.0,0.0,0.0,0.0,0.0,0.0,0.0,0
2030-03-12 08:00:00,0.0,0.0,0.0,0.0,0.8395957258624309,0.0,0.0,0
2030-03-12 09:00:00,0.0,0.0,0.0,0.0,7.254401666442934,0.0,0.0,0
2030-03-12 10:00:00,0.0,0.0,0.0,0.0,14.741165132455691,0.0,0.0,0
2030-03-12 11:00:00,0.0,0.0,0.0,0.0,22.670778519486944,0.0,0.0,0
2030-03-12 12:00:00,0.0,0.0,0.0,0.0,27.45566402067609,0.0,0.0,0
2030-03-12 13:00:00,0.0,0.0,0.0,0.0,29.853667251735807,0.0,0.0,0
2030-03-12 14:00:00,0.0,0.0,0.0,0.0,29.8643463201788,0.0,0.0,0
2030-03-12 15:00:00,0.0,0.0,0.0,0.0,28.40565921961465,0.0,0.0,0
2030-03-12 16:00:00,0.0,0.0,0.0,0.0,25.06598309812712,0.0,0.0,0
2030-03-12 17:00:00,0.0,0.0,0.0,0.0,19.35084026243197,0.0,0.0,0
2030-03-12 18:00:00,0.0,0.0,0.0,0.0,11.808471991767796,0.0,0.0,0
2030-03-12 19:00:00,0.0,0.0,0.0,0.0,3.535139898368128,0.0,0.0,0
2030-03-12 20:00:00,0.0,0.0,0.0,0.0,0.0,0.0,0.0,0
2030-03-12 21:00:00,0.0,0.0,0.0,0.0,0.0,0.0,0.0,0
2030-03-12 22:00:00,0.0,0.0,0.0,0.0,0.0,0.0,0.0,0
2030-03-12 23:00:00,0.0,0.0,0.0,0.0,0.0,0.0,0.0,0
2030-03-13 00:00:00,0.0,0.0,0.0,0.0,0.0,0.0,0.0,0
2030-03-13 01:00:00,0.0,0.0,0.0,0.0,0.0,0.0,0.0,0
2030-03-13 02:00:00,0.0,0.0,0.0,0.0,0.0,0.0,0.0,0
2030-03-13 03:00:00,0.0,0.0,0.0,0.0,0.0,0.0,0.0,0
2030-03-13 04:00:00,0.0,0.0,0.0,0.0,0.0,0.0,0.0,0
2030-03-13 05:00:00,0.0,0.0,0.0,0.0,0.0,0.0,0.0,0
2030-03-13 06:00:00,0.0,0.0,0.0,0.0,0.0,0.0,0.0,0
2030-03-13 07:00:00,0.0,0.0,0.0,0.0,0.0,0.0,0.0,0
2030-03-13 08:00:00,0.0,0.0,0.0,0.0,0.8911498493802998,0.0,0.0,0
2030-03-13 09:00:00,0.0,0.0,0.0,0.0,7.653872474958531,0.0,0.0,0
2030-03-13 10:00:00,0.0,0.0,0.0,0.0,15.439723506122812,0.0,0.0,0
2030-03-13 11:00:00,0.0,0.0,0.0,0.0,22.873017981172755,0.0,0.0,0
2030-03-13 12:00:00,0.0,0.0,0.0,0.0,28.1500244157139,0.0,0.0,0
2030-03-13 13:00:00,0.0,0.0,0.0,0.0,30.447276159670125,0.0,0.0,0
2030-03-13 14:00:00,0.0,0.0,0.0,0.0,30.65680684739632,0.0,0.0,0
2030-03-13 15:00:00,0.0,0.0,0.0,0.0,28.919211938600498,0.0,0.0,0
2030-03-13 16:00:00,0.0,0.0,0.0,0.0,25.353434161113174,0.0,0.0,0
2030-03-13 17:00:00,0.0,0.0,0.0,0.0,19.756423917021834,0.0,0.0,0
2030-03-13 18:00:00,0.0,0.0,0.0,0.0,12.11706024539618,0.0,0.0,0
2030-03-13 19:00:00,0.0,0.0,0.0,0.0,3.6014237714625303,0.0,0.0,0
2030-03-13 20:00:00,0.0,0.0,0.0,0.0,0.0,0.0,0.0,0
2030-03-13 21:00:00,0.0,0.0,0.0,0.0,0.0,0.0,0.0,0
2030-03-13 22:00:00,0.0,0.0,0.0,0.0,0.0,0.0,0.0,0
2030-03-13 23:00:00,0.0,0.0,0.0,0.0,0.0,0.0,0.0,0
2030-03-14 00:00:00,0.0,0.0,0.0,0.0,0.0,0.0,0.0,0
2030-03-14 01:00:00,0.0,0.0,0.0,0.0,0.0,0.0,0.0,0
2030-03-14 02:00:00,0.0,0.0,0.0,0.0,0.0,0.0,0.0,0
2030-03-14 03:00:00,0.0,0.0,0.0,0.0,0.0,0.0,0.0,0
2030-03-14 04:00:00,0.0,0.0,0.0,0.0,0.0,0.0,0.0,0
2030-03-14 05:00:00,0.0,0.0,0.0,0.0,0.0,0.0,0.0,0
2030-03-14 06:00:00,0.0,0.0,0.0,0.0,0.0,0.0,0.0,0
2030-03-14 07:00:00,0.0,0.0,0.0,0.0,0.0,0.0,0.0,0
2030-03-14 08:00:00,0.0,0.0,0.0,0.0,1.0163527207808356,0.0,0.0,0
2030-03-14 09:00:00,0.0,0.0,0.0,0.0,8.69806442243902,0.0,0.0,0
2030-03-14 10:00:00,0.0,0.0,0.0,0.0,17.102491287069842,0.0,0.0,0
2030-03-14 11:00:00,0.0,0.0,0.0,0.0,23.813659789130202,0.0,0.0,0
2030-03-14 12:00:00,0.0,0.0,0.0,0.0,28.291724606640155,0.0,0.0,0
2030-03-14 13:00:00,0.0,0.0,0.0,0.0,30.724637344196257,0.0,0.0,0
2030-03-14 14:00:00,0.0,0.0,0.0,0.0,30.67926971550053,0.0,0.0,0
2030-03-14 15:00:00,0.0,0.0,0.0,0.0,29.10767908443225,0.0,0.0,0
2030-03-14 16:00:00,0.0,0.0,0.0,0.0,25.49196745588048,0.0,0.0,0
2030-03-14 17:00:00,0.0,0.0,0.0,0.0,19.88214232965755,0.0,0.0,0
2030-03-14 18:00:00,0.0,0.0,0.0,0.0,12.115660919186414,0.0,0.0,0
2030-03-14 19:00:00,0.0,0.0,0.0,0.0,3.608788646250799,0.0,0.0,0
2030-03-14 20:00:00,0.0,0.0,0.0,0.0,0.0,0.0,0.0,0
2030-03-14 21:00:00,0.0,0.0,0.0,0.0,0.0,0.0,0.0,0
2030-03-14 22:00:00,0.0,0.0,0.0,0.0,0.0,0.0,0.0,0
2030-03-14 23:00:00,0.0,0.0,0.0,0.0,0.0,0.0,0.0,0
2030-03-15 00:00:00,0.0,0.0,0.0,0.0,0.0,0.0,0.0,0
2030-03-15 01:00:00,0.0,0.0,0.0,0.0,0.0,0.0,0.0,0
2030-03-15 02:00:00,0.0,0.0,0.0,0.0,0.0,0.0,0.0,0
2030-03-15 03:00:00,0.0,0.0,0.0,0.0,0.0,0.0,0.0,0
2030-03-15 04:00:00,0.0,0.0,0.0,0.0,0.0,0.0,0.0,0
2030-03-15 05:00:00,0.0,0.0,0.0,0.0,0.0,0.0,0.0,0
2030-03-15 06:00:00,0.0,0.0,0.0,0.0,0.0,0.0,0.0,0
2030-03-15 07:00:00,0.0,0.0,0.0,0.0,0.0,0.0,0.0,0
2030-03-15 08:00:00,0.0,0.0,0.0,0.0,1.045812219933902,0.0,0.0,0
2030-03-15 09:00:00,0.0,0.0,0.0,0.0,8.649603546332225,0.0,0.0,0
2030-03-15 10:00:00,0.0,0.0,0.0,0.0,16.52722091735831,0.0,0.0,0
2030-03-15 11:00:00,0.0,0.0,0.0,0.0,23.097425715971248,0.0,0.0,0
2030-03-15 12:00:00,0.0,0.0,0.0,0.0,27.711961663307775,0.0,0.0,0
2030-03-15 13:00:00,0.0,0.0,0.0,0.0,30.642224395315548,0.0,0.0,0
2030-03-15 14:00:00,0.0,0.0,0.0,0.0,30.29519149529241,0.0,0.0,0
2030-03-15 15:00:00,0.0,0.0,0.0,0.0,29.169617681401576,0.0,0.0,0
2030-03-15 16:00:00,0.0,0.0,0.0,0.0,25.51582965019446,0.0,0.0,0
2030-03-15 17:00:00,0.0,0.0,0.0,0.0,19.72519684791958,0.0,0.0,0
2030-03-15 18:00:00,0.0,0.0,0.0,0.0,11.947005286535099,0.0,0.0,0
2030-03-15 19:00:00,0.0,0.0,0.0,0.0,3.5793291470977326,0.0,0.0,0
2030-03-15 20:00:00,0.0,0.0,0.0,0.0,0.0,0.0,0.0,0
2030-03-15 21:00:00,0.0,0.0,0.0,0.0,0.0,0.0,0.0,0
2030-03-15 22:00:00,0.0,0.0,0.0,0.0,0.0,0.0,0.0,0
2030-03-15 23:00:00,0.0,0.0,0.0,0.0,0.0,0.0,0.0,0
2030-03-16 00:00:00,0.0,0.0,0.0,0.0,0.0,0.0,0.0,0
2030-03-16 01:00:00,0.0,0.0,0.0,0.0,0.0,0.0,0.0,0
2030-03-16 02:00:00,0.0,0.0,0.0,0.0,0.0,0.0,0.0,0
2030-03-16 03:00:00,0.0,0.0,0.0,0.0,0.0,0.0,0.0,0
2030-03-16 04:00:00,0.0,0.0,0.0,0.0,0.0,0.0,0.0,0
2030-03-16 05:00:00,0.0,0.0,0.0,0.0,0.0,0.0,0.0,0
2030-03-16 06:00:00,0.0,0.0,0.0,0.0,0.0,0.0,0.0,0
2030-03-16 07:00:00,0.0,0.0,0.0,0.0,0.0,0.0,0.0,0
2030-03-16 08:00:00,0.0,0.0,0.0,0.0,0.7438523536149578,0.0,0.0,0
2030-03-16 09:00:00,0.0,0.0,0.0,0.0,5.950818828919688,0.0,0.0,0
2030-03-16 10:00:00,0.0,0.0,0.0,0.0,13.180621813569813,0.0,0.0,0
2030-03-16 11:00:00,0.0,0.0,0.0,0.0,20.06118243576032,0.0,0.0,0
2030-03-16 12:00:00,0.0,0.0,0.0,0.0,25.566058096250444,0.0,0.0,0
2030-03-16 13:00:00,0.0,0.0,0.0,0.0,29.745256294852524,0.0,0.0,0
2030-03-16 14:00:00,0.0,0.0,0.0,0.0,30.598624336569006,0.0,0.0,0
2030-03-16 15:00:00,0.0,0.0,0.0,0.0,29.14052642598792,0.0,0.0,0
2030-03-16 16:00:00,0.0,0.0,0.0,0.0,25.48195122616844,0.0,0.0,0
2030-03-16 17:00:00,0.0,0.0,0.0,0.0,19.738748217529988,0.0,0.0,0
2030-03-16 18:00:00,0.0,0.0,0.0,0.0,11.920712683540984,0.0,0.0,0
2030-03-16 19:00:00,0.0,0.0,0.0,0.0,3.608788646250799,0.0,0.0,0
2030-03-16 20:00:00,0.0,0.0,0.0,0.0,0.0,0.0,0.0,0
2030-03-16 21:00:00,0.0,0.0,0.0,0.0,0.0,0.0,0.0,0
2030-03-16 22:00:00,0.0,0.0,0.0,0.0,0.0,0.0,0.0,0
2030-03-16 23:00:00,0.0,0.0,0.0,0.0,0.0,0.0,0.0,0
2030-03-17 00:00:00,0.0,0.0,0.0,0.0,0.0,0.0,0.0,0
2030-03-17 01:00:00,0.0,0.0,0.0,0.0,0.0,0.0,0.0,0
2030-03-17 02:00:00,0.0,0.0,0.0,0.0,0.0,0.0,0.0,0
2030-03-17 03:00:00,0.0,0.0,0.0,0.0,0.0,0.0,0.0,0
2030-03-17 04:00:00,0.0,0.0,0.0,0.0,0.0,0.0,0.0,0
2030-03-17 05:00:00,0.0,0.0,0.0,0.0,0.0,0.0,0.0,0
2030-03-17 06:00:00,0.0,0.0,0.0,0.0,0.0,0.0,0.0,0
2030-03-17 07:00:00,0.0,0.0,0.0,0.0,0.0,0.0,0.0,0
2030-03-17 08:00:00,0.0,0.0,0.0,0.0,0.861690350227229,0.0,0.0,0
2030-03-17 09:00:00,0.0,0.0,0.0,0.0,6.871428177453055,0.0,0.0,0
2030-03-17 10:00:00,0.0,0.0,0.0,0.0,14.453419474478103,0.0,0.0,0
2030-03-17 11:00:00,0.0,0.0,0.0,0.0,19.94061943547639,0.0,0.0,0
2030-03-17 12:00:00,0.0,0.0,0.0,0.0,26.2445103617456,0.0,0.0,0
2030-03-17 13:00:00,0.0,0.0,0.0,0.0,29.85985374655796,0.0,0.0,0
2030-03-17 14:00:00,0.0,0.0,0.0,0.0,30.94145925796284,0.0,0.0,0
2030-03-17 15:00:00,0.0,0.0,0.0,0.0,28.73015560278569,0.0,0.0,0
2030-03-17 16:00:00,0.0,0.0,0.0,0.0,24.96037079366337,0.0,0.0,0
2030-03-17 17:00:00,0.0,0.0,0.0,0.0,18.86564231138095,0.0,0.0,0
2030-03-17 18:00:00,0.0,0.0,0.0,0.0,11.63495554175623,0.0,0.0,0
2030-03-17 19:00:00,0.0,0.0,0.0,0.0,3.48358577485026,0.0,0.0,0
2030-03-17 20:00:00,0.0,0.0,0.0,0.0,0.0,0.0,0.0,0
2030-03-17 21:00:00,0.0,0.0,0.0,0.0,0.0,0.0,0.0,0
2030-03-17 22:00:00,0.0,0.0,0.0,0.0,0.0,0.0,0.0,0
2030-03-17 23:00:00,0.0,0.0,0.0,0.0,0.0,0.0,0.0,0
2030-03-18 00:00:00,0.0,0.0,0.0,0.0,0.0,0.0,0.0,0
2030-03-18 01:00:00,0.0,0.0,0.0,0.0,0.0,0.0,0.0,0
2030-03-18 02:00:00,0.0,0.0,0.0,0.0,0.0,0.0,0.0,0
2030-03-18 03:00:00,0.0,0.0,0.0,0.0,0.0,0.0,0.0,0
2030-03-18 04:00:00,0.0,0.0,0.0,0.0,0.0,0.0,0.0,0
2030-03-18 05:00:00,0.0,0.0,0.0,0.0,0.0,0.0,0.0,0
2030-03-18 06:00:00,0.0,0.0,0.0,0.0,0.0,0.0,0.0,0
2030-03-18 07:00:00,0.0,0.0,0.0,0.0,0.0,0.0,0.0,0
2030-03-18 08:00:00,0.0,0.0,0.0,0.0,1.1562853417579086,0.0,0.0,0
2030-03-18 09:00:00,0.0,0.0,0.0,0.0,9.042666913782034,0.0,0.0,0
2030-03-18 10:00:00,0.0,0.0,0.0,0.0,17.047402023653603,0.0,0.0,0
2030-03-18 11:00:00,0.0,0.0,0.0,0.0,23.826106427522376,0.0,0.0,0
2030-03-18 12:00:00,0.0,0.0,0.0,0.0,28.297911101462304,0.0,0.0,0
2030-03-18 13:00:00,0.0,0.0,0.0,0.0,30.61033448748235,0.0,0.0,0
2030-03-18 14:00:00,0.0,0.0,0.0,0.0,30.243269128035127,0.0,0.0,0
2030-03-18 15:00:00,0.0,0.0,0.0,0.0,27.952645771388347,0.0,0.0,0
2030-03-18 16:00:00,0.0,0.0,0.0,0.0,24.623354123352275,0.0,0.0,0
2030-03-18 17:00:00,0.0,0.0,0.0,0.0,19.122971036482998,0.0,0.0,0
2030-03-18 18:00:00,0.0,0.0,0.0,0.0,11.644308932737331,0.0,0.0,0
2030-03-18 19:00:00,0.0,0.0,0.0,0.0,3.196355658107852,0.0,0.0,0
2030-03-18 20:00:00,0.0,0.0,0.0,0.0,0.0,0.0,0.0,0
2030-03-18 21:00:00,0.0,0.0,0.0,0.0,0.0,0.0,0.0,0
2030-03-18 22:00:00,0.0,0.0,0.0,0.0,0.0,0.0,0.0,0
2030-03-18 23:00:00,0.0,0.0,0.0,0.0,0.0,0.0,0.0,0
2030-03-19 00:00:00,0.0,0.0,0.0,0.0,0.0,0.0,0.0,0
2030-03-19 01:00:00,0.0,0.0,0.0,0.0,0.0,0.0,0.0,0
2030-03-19 02:00:00,0.0,0.0,0.0,0.0,0.0,0.0,0.0,0
2030-03-19 03:00:00,0.0,0.0,0.0,0.0,0.0,0.0,0.0,0
2030-03-19 04:00:00,0.0,0.0,0.0,0.0,0.0,0.0,0.0,0
2030-03-19 05:00:00,0.0,0.0,0.0,0.0,0.0,0.0,0.0,0
2030-03-19 06:00:00,0.0,0.0,0.0,0.0,0.0,0.0,0.0,0
2030-03-19 07:00:00,0.0,0.0,0.0,0.0,0.0,0.0,0.0,0
2030-03-19 08:00:00,0.0,0.0,0.0,0.0,1.1783799661227068,0.0,0.0,0
2030-03-19 09:00:00,0.0,0.0,0.0,0.0,9.031251357860212,0.0,0.0,0
2030-03-19 10:00:00,0.0,0.0,0.0,0.0,17.170690027609194,0.0,0.0,0
2030-03-19 11:00:00,0.0,0.0,0.0,0.0,23.853798356726266,0.0,0.0,0
2030-03-19 12:00:00,0.0,0.0,0.0,0.0,28.369276738160604,0.0,0.0,0
2030-03-19 13:00:00,0.0,0.0,0.0,0.0,30.713958275753267,0.0,0.0,0
2030-03-19 14:00:00,0.0,0.0,0.0,0.0,30.800127310775995,0.0,0.0,0
2030-03-19 15:00:00,0.0,0.0,0.0,0.0,29.12395545771432,0.0,0.0,0
2030-03-19 16:00:00,0.0,0.0,0.0,0.0,25.452859970754783,0.0,0.0,0
2030-03-19 17:00:00,0.0,0.0,0.0,0.0,19.727332661608177,0.0,0.0,0
2030-03-19 18:00:00,0.0,0.0,0.0,0.0,11.925205257161831,0.0,0.0,0
2030-03-19 19:00:00,0.0,0.0,0.0,0.0,3.4909506496385285,0.0,0.0,0
2030-03-19 20:00:00,0.0,0.0,0.0,0.0,0.0,0.0,0.0,0
2030-03-19 21:00:00,0.0,0.0,0.0,0.0,0.0,0.0,0.0,0
2030-03-19 22:00:00,0.0,0.0,0.0,0.0,0.0,0.0,0.0,0
2030-03-19 23:00:00,0.0,0.0,0.0,0.0,0.0,0.0,0.0,0
2030-03-20 00:00:00,0.0,0.0,0.0,0.0,0.0,0.0,0.0,0
2030-03-20 01:00:00,0.0,0.0,0.0,0.0,0.0,0.0,0.0,0
2030-03-20 02:00:00,0.0,0.0,0.0,0.0,0.0,0.0,0.0,0
2030-03-20 03:00:00,0.0,0.0,0.0,0.0,0.0,0.0,0.0,0
2030-03-20 04:00:00,0.0,0.0,0.0,0.0,0.0,0.0,0.0,0
2030-03-20 05:00:00,0.0,0.0,0.0,0.0,0.0,0.0,0.0,0
2030-03-20 06:00:00,0.0,0.0,0.0,0.0,0.0,0.0,0.0,0
2030-03-20 07:00:00,0.0,0.0,0.0,0.0,0.0,0.0,0.0,0
2030-03-20 08:00:00,0.0,0.0,0.0,0.0,1.1120960930283044,0.0,0.0,0
2030-03-20 09:00:00,0.0,0.0,0.0,0.0,8.769430059137326,0.0,0.0,0
2030-03-20 10:00:00,0.0,0.0,0.0,0.0,17.05226284101386,0.0,0.0,0
2030-03-20 11:00:00,0.0,0.0,0.0,0.0,23.181237991061725,0.0,0.0,0
2030-03-20 12:00:00,0.0,0.0,0.0,0.0,27.724408301699953,0.0,0.0,0
2030-03-20 13:00:00,0.0,0.0,0.0,0.0,29.54957157172826,0.0,0.0,0
2030-03-20 14:00:00,0.0,0.0,0.0,0.0,29.237153583209984,0.0,0.0,0
2030-03-20 15:00:00,0.0,0.0,0.0,0.0,26.98843636410844,0.0,0.0,0
2030-03-20 16:00:00,0.0,0.0,0.0,0.0,23.591682463011846,0.0,0.0,0
2030-03-20 17:00:00,0.0,0.0,0.0,0.0,17.82771050747049,0.0,0.0,0
2030-03-20 18:00:00,0.0,0.0,0.0,0.0,9.783499668733805,0.0,0.0,0
2030-03-20 19:00:00,0.0,0.0,0.0,0.0,2.9385850405185083,0.0,0.0,0
2030-03-20 20:00:00,0.0,0.0,0.0,0.0,0.0,0.0,0.0,0
2030-03-20 21:00:00,0.0,0.0,0.0,0.0,0.0,0.0,0.0,0
2030-03-20 22:00:00,0.0,0.0,0.0,0.0,0.0,0.0,0.0,0
2030-03-20 23:00:00,0.0,0.0,0.0,0.0,0.0,0.0,0.0,0
2030-03-21 00:00:00,0.0,0.0,0.0,0.0,0.0,0.0,0.0,0
2030-03-21 01:00:00,0.0,0.0,0.0,0.0,0.0,0.0,0.0,0
2030-03-21 02:00:00,0.0,0.0,0.0,0.0,0.0,0.0,0.0,0
2030-03-21 03:00:00,0.0,0.0,0.0,0.0,0.0,0.0,0.0,0
2030-03-21 04:00:00,0.0,0.0,0.0,0.0,0.0,0.0,0.0,0
2030-03-21 05:00:00,0.0,0.0,0.0,0.0,0.0,0.0,0.0,0
2030-03-21 06:00:00,0.0,0.0,0.0,0.0,0.0,0.0,0.0,0
2030-03-21 07:00:00,0.0,0.0,0.0,0.0,0.0,0.0,0.0,0
2030-03-21 08:00:00,0.0,0.0,0.0,0.0,0.81013622670936,0.0,0.0,0
2030-03-21 09:00:00,0.0,0.0,0.0,0.0,7.534782449632259,0.0,0.0,0
2030-03-21 10:00:00,0.0,0.0,0.0,0.0,16.256709066385266,0.0,0.0,0
2030-03-21 11:00:00,0.0,0.0,0.0,0.0,23.486364753539625,0.0,0.0,0
2030-03-21 12:00:00,0.0,0.0,0.0,0.0,28.20577651786108,0.0,0.0,0
2030-03-21 13:00:00,0.0,0.0,0.0,0.0,30.73782047006725,0.0,0.0,0
2030-03-21 14:00:00,0.0,0.0,0.0,0.0,30.344757102617447,0.0,0.0,0
2030-03-21 15:00:00,0.0,0.0,0.0,0.0,28.835767907249437,0.0,0.0,0
2030-03-21 16:00:00,0.0,0.0,0.0,0.0,24.743548879896792,0.0,0.0,0
2030-03-21 17:00:00,0.0,0.0,0.0,0.0,18.556685814013154,0.0,0.0,0
2030-03-21 18:00:00,0.0,0.0,0.0,0.0,10.449137052097372,0.0,0.0,0
2030-03-21 19:00:00,0.0,0.0,0.0,0.0,2.8796660422123708,0.0,0.0,0
2030-03-21 20:00:00,0.0,0.0,0.0,0.0,0.0,0.0,0.0,0
2030-03-21 21:00:00,0.0,0.0,0.0,0.0,0.0,0.0,0.0,0
2030-03-21 22:00:00,0.0,0.0,0.0,0.0,0.0,0.0,0.0,0
2030-03-21 23:00:00,0.0,0.0,0.0,0.0,0.0,0.0,0.0,0
2030-03-22 00:00:00,0.0,0.0,0.0,0.0,0.0,0.0,0.0,0
2030-03-22 01:00:00,0.0,0.0,0.0,0.0,0.0,0.0,0.0,0
2030-03-22 02:00:00,0.0,0.0,0.0,0.0,0.0,0.0,0.0,0
2030-03-22 03:00:00,0.0,0.0,0.0,0.0,0.0,0.0,0.0,0
2030-03-22 04:00:00,0.0,0.0,0.0,0.0,0.0,0.0,0.0,0
2030-03-22 05:00:00,0.0,0.0,0.0,0.0,0.0,0.0,0.0,0
2030-03-22 06:00:00,0.0,0.0,0.0,0.0,0.0,0.0,0.0,0
2030-03-22 07:00:00,0.0,0.0,0.0,0.0,0.0,0.0,0.0,0
2030-03-22 08:00:00,0.0,0.0,0.0,0.0,1.1194609678165732,0.0,0.0,0
2030-03-22 09:00:00,0.0,0.0,0.0,0.0,8.19592725937498,0.0,0.0,0
2030-03-22 10:00:00,0.0,0.0,0.0,0.0,16.510208056597413,0.0,0.0,0
2030-03-22 11:00:00,0.0,0.0,0.0,0.0,23.43267481633316,0.0,0.0,0
2030-03-22 12:00:00,0.0,0.0,0.0,0.0,27.593829071703983,0.0,0.0,0
2030-03-22 13:00:00,0.0,0.0,0.0,0.0,30.09921217717663,0.0,0.0,0
2030-03-22 14:00:00,0.0,0.0,0.0,0.0,30.01053908472589,0.0,0.0,0
2030-03-22 15:00:00,0.0,0.0,0.0,0.0,28.012227608425423,0.0,0.0,0
2030-03-22 16:00:00,0.0,0.0,0.0,0.0,24.04778915864921,0.0,0.0,0
2030-03-22 17:00:00,0.0,0.0,0.0,0.0,19.01176142718016,0.0,0.0,0
2030-03-22 18:00:00,0.0,0.0,0.0,0.0,11.316645653407328,0.0,0.0,0
2030-03-22 19:00:00,0.0,0.0,0.0,0.0,3.22581515726092,0.0,0.0,0
2030-03-22 20:00:00,0.0,0.0,0.0,0.0,0.0,0.0,0.0,0
2030-03-22 21:00:00,0.0,0.0,0.0,0.0,0.0,0.0,0.0,0
2030-03-22 22:00:00,0.0,0.0,0.0,0.0,0.0,0.0,0.0,0
2030-03-22 23:00:00,0.0,0.0,0.0,0.0,0.0,0.0,0.0,0
2030-03-23 00:00:00,0.0,0.0,0.0,0.0,0.0,0.0,0.0,0
2030-03-23 01:00:00,0.0,0.0,0.0,0.0,0.0,0.0,0.0,0
2030-03-23 02:00:00,0.0,0.0,0.0,0.0,0.0,0.0,0.0,0
2030-03-23 03:00:00,0.0,0.0,0.0,0.0,0.0,0.0,0.0,0
2030-03-23 04:00:00,0.0,0.0,0.0,0.0,0.0,0.0,0.0,0
2030-03-23 05:00:00,0.0,0.0,0.0,0.0,0.0,0.0,0.0,0
2030-03-23 06:00:00,0.0,0.0,0.0,0.0,0.0,0.0,0.0,0
2030-03-23 07:00:00,0.0,0.0,0.0,0.0,0.0,0.0,0.0,0
2030-03-23 08:00:00,0.0,0.0,0.0,0.0,1.0384473451456375,0.0,0.0,0
2030-03-23 09:00:00,0.0,0.0,0.0,0.0,7.598488616550768,0.0,0.0,0
2030-03-23 10:00:00,0.0,0.0,0.0,0.0,16.634895386762775,0.0,0.0,0
2030-03-23 11:00:00,0.0,0.0,0.0,0.0,23.24015698936786,0.0,0.0,0
2030-03-23 12:00:00,0.0,0.0,0.0,0.0,27.552659421637568,0.0,0.0,0
2030-03-23 13:00:00,0.0,0.0,0.0,0.0,29.13360344368695,0.0,0.0,0
2030-03-23 14:00:00,0.0,0.0,0.0,0.0,29.046035082454452,0.0,0.0,0
2030-03-23 15:00:00,0.0,0.0,0.0,0.0,27.795773938398263,0.0,0.0,0
2030-03-23 16:00:00,0.0,0.0,0.0,0.0,24.684629881590652,0.0,0.0,0
2030-03-23 17:00:00,0.0,0.0,0.0,0.0,18.877720706033703,0.0,0.0,0
2030-03-23 18:00:00,0.0,0.0,0.0,0.0,11.53206824096414,0.0,0.0,0
2030-03-23 19:00:00,0.0,0.0,0.0,0.0,3.306828779931855,0.0,0.0,0
2030-03-23 20:00:00,0.0,0.0,0.0,0.0,0.0,0.0,0.0,0
2030-03-23 21:00:00,0.0,0.0,0.0,0.0,0.0,0.0,0.0,0
2030-03-23 22:00:00,0.0,0.0,0.0,0.0,0.0,0.0,0.0,0
2030-03-23 23:00:00,0.0,0.0,0.0,0.0,0.0,0.0,0.0,0
2030-03-24 00:00:00,0.0,0.0,0.0,0.0,0.0,0.0,0.0,0
2030-03-24 01:00:00,0.0,0.0,0.0,0.0,0.0,0.0,0.0,0
2030-03-24 02:00:00,0.0,0.0,0.0,0.0,0.0,0.0,0.0,0
2030-03-24 03:00:00,0.0,0.0,0.0,0.0,0.0,0.0,0.0,0
2030-03-24 04:00:00,0.0,0.0,0.0,0.0,0.0,0.0,0.0,0
2030-03-24 05:00:00,0.0,0.0,0.0,0.0,0.0,0.0,0.0,0
2030-03-24 06:00:00,0.0,0.0,0.0,0.0,0.0,0.0,0.0,0
2030-03-24 07:00:00,0.0,0.0,0.0,0.0,0.0,0.0,0.0,0
2030-03-24 08:00:00,0.0,0.0,0.0,0.0,1.097366343451771,0.0,0.0,0
2030-03-24 09:00:00,0.0,0.0,0.0,0.0,7.791374687255475,0.0,0.0,0
2030-03-24 10:00:00,0.0,0.0,0.0,0.0,16.60860278376866,0.0,0.0,0
2030-03-24 11:00:00,0.0,0.0,0.0,0.0,21.824333460071426,0.0,0.0,0
2030-03-24 12:00:00,0.0,0.0,0.0,0.0,25.86389363268796,0.0,0.0,0
2030-03-24 13:00:00,0.0,0.0,0.0,0.0,27.788114468618463,0.0,0.0,0
2030-03-24 14:00:00,0.0,0.0,0.0,0.0,27.826559115013207,0.0,0.0,0
2030-03-24 15:00:00,0.0,0.0,0.0,0.0,27.193106234474374,0.0,0.0,0
2030-03-24 16:00:00,0.0,0.0,0.0,0.0,23.683743397865175,0.0,0.0,0
2030-03-24 17:00:00,0.0,0.0,0.0,0.0,17.941645120444974,0.0,0.0,0
2030-03-24 18:00:00,0.0,0.0,0.0,0.0,10.767078696706852,0.0,0.0,0
2030-03-24 19:00:00,0.0,0.0,0.0,0.0,3.107977160648648,0.0,0.0,0
2030-03-24 20:00:00,0.0,0.0,0.0,0.0,0.0,0.0,0.0,0
2030-03-24 21:00:00,0.0,0.0,0.0,0.0,0.0,0.0,0.0,0
2030-03-24 22:00:00,0.0,0.0,0.0,0.0,0.0,0.0,0.0,0
2030-03-24 23:00:00,0.0,0.0,0.0,0.0,0.0,0.0,0.0,0
2030-03-25 00:00:00,0.0,0.0,0.0,0.0,0.0,0.0,0.0,0
2030-03-25 01:00:00,0.0,0.0,0.0,0.0,0.0,0.0,0.0,0
2030-03-25 02:00:00,0.0,0.0,0.0,0.0,0.0,0.0,0.0,0
2030-03-25 03:00:00,0.0,0.0,0.0,0.0,0.0,0.0,0.0,0
2030-03-25 04:00:00,0.0,0.0,0.0,0.0,0.0,0.0,0.0,0
2030-03-25 05:00:00,0.0,0.0,0.0,0.0,0.0,0.0,0.0,0
2030-03-25 06:00:00,0.0,0.0,0.0,0.0,0.0,0.0,0.0,0
2030-03-25 07:00:00,0.0,0.0,0.0,0.0,0.0,0.0,0.0,0
2030-03-25 08:00:00,0.0,0.0,0.0,0.0,1.0605419695104357,0.0,0.0,0
2030-03-25 09:00:00,0.0,0.0,0.0,0.0,8.035888530225941,0.0,0.0,0
2030-03-25 10:00:00,0.0,0.0,0.0,0.0,15.193515741951048,0.0,0.0,0
2030-03-25 11:00:00,0.0,0.0,0.0,0.0,21.80732059931053,0.0,0.0,0
2030-03-25 12:00:00,0.0,0.0,0.0,0.0,26.03601075648976,0.0,0.0,0
2030-03-25 13:00:00,0.0,0.0,0.0,0.0,28.65186698378641,0.0,0.0,0
2030-03-25 14:00:00,0.0,0.0,0.0,0.0,29.32516383692977,0.0,0.0,0
2030-03-25 15:00:00,0.0,0.0,0.0,0.0,28.27854148076916,0.0,0.0,0
2030-03-25 16:00:00,0.0,0.0,0.0,0.0,24.411098431954425,0.0,0.0,0
2030-03-25 17:00:00,0.0,0.0,0.0,0.0,18.518609411357804,0.0,0.0,0
2030-03-25 18:00:00,0.0,0.0,0.0,0.0,10.190777244524963,0.0,0.0,0
2030-03-25 19:00:00,0.0,0.0,0.0,0.0,2.6808144229291644,0.0,0.0,0
2030-03-25 20:00:00,0.0,0.0,0.0,0.0,0.0,0.0,0.0,0
2030-03-25 21:00:00,0.0,0.0,0.0,0.0,0.0,0.0,0.0,0
2030-03-25 22:00:00,0.0,0.0,0.0,0.0,0.0,0.0,0.0,0
2030-03-25 23:00:00,0.0,0.0,0.0,0.0,0.0,0.0,0.0,0
2030-03-26 00:00:00,0.0,0.0,0.0,0.0,0.0,0.0,0.0,0
2030-03-26 01:00:00,0.0,0.0,0.0,0.0,0.0,0.0,0.0,0
2030-03-26 02:00:00,0.0,0.0,0.0,0.0,0.0,0.0,0.0,0
2030-03-26 03:00:00,0.0,0.0,0.0,0.0,0.0,0.0,0.0,0
2030-03-26 04:00:00,0.0,0.0,0.0,0.0,0.0,0.0,0.0,0
2030-03-26 05:00:00,0.0,0.0,0.0,0.0,0.0,0.0,0.0,0
2030-03-26 06:00:00,0.0,0.0,0.0,0.0,0.0,0.0,0.0,0
2030-03-26 07:00:00,0.0,0.0,0.0,0.0,0.0,0.0,0.0,0
2030-03-26 08:00:00,0.0,0.0,0.0,0.0,1.2152043400640422,0.0,0.0,0
2030-03-26 09:00:00,0.0,0.0,0.0,0.0,7.989858062799269,0.0,0.0,0
2030-03-26 10:00:00,0.0,0.0,0.0,0.0,15.118025775371313,0.0,0.0,0
2030-03-26 11:00:00,0.0,0.0,0.0,0.0,21.73845902004023,0.0,0.0,0
2030-03-26 12:00:00,0.0,0.0,0.0,0.0,26.83951859588968,0.0,0.0,0
2030-03-26 13:00:00,0.0,0.0,0.0,0.0,28.47908702125367,0.0,0.0,0
2030-03-26 14:00:00,0.0,0.0,0.0,0.0,29.929157218315545,0.0,0.0,0
2030-03-26 15:00:00,0.0,0.0,0.0,0.0,28.1649014627862,0.0,0.0,0
2030-03-26 16:00:00,0.0,0.0,0.0,0.0,24.174538653755288,0.0,0.0,0
2030-03-26 17:00:00,0.0,0.0,0.0,0.0,18.460795144269913,0.0,0.0,0
2030-03-26 18:00:00,0.0,0.0,0.0,0.0,10.554086517830171,0.0,0.0,0
2030-03-26 19:00:00,0.0,0.0,0.0,0.0,2.8723011674241055,0.0,0.0,0
2030-03-26 20:00:00,0.0,0.0,0.0,0.0,0.0,0.0,0.0,0
2030-03-26 21:00:00,0.0,0.0,0.0,0.0,0.0,0.0,0.0,0
2030-03-26 22:00:00,0.0,0.0,0.0,0.0,0.0,0.0,0.0,0
2030-03-26 23:00:00,0.0,0.0,0.0,0.0,0.0,0.0,0.0,0
2030-03-27 00:00:00,0.0,0.0,0.0,0.0,0.0,0.0,0.0,0
2030-03-27 01:00:00,0.0,0.0,0.0,0.0,0.0,0.0,0.0,0
2030-03-27 02:00:00,0.0,0.0,0.0,0.0,0.0,0.0,0.0,0
2030-03-27 03:00:00,0.0,0.0,0.0,0.0,0.0,0.0,0.0,0
2030-03-27 04:00:00,0.0,0.0,0.0,0.0,0.0,0.0,0.0,0
2030-03-27 05:00:00,0.0,0.0,0.0,0.0,0.0,0.0,0.0,0
2030-03-27 06:00:00,0.0,0.0,0.0,0.0,0.0,0.0,0.0,0
2030-03-27 07:00:00,0.0,0.0,0.0,0.0,0.0,0.0,0.0,0
2030-03-27 08:00:00,0.0,0.0,0.0,0.0,1.2372989644288444,0.0,0.0,0
2030-03-27 09:00:00,0.0,0.0,0.0,0.0,8.742769212403802,0.0,0.0,0
2030-03-27 10:00:00,0.0,0.0,0.0,0.0,16.93346741067911,0.0,0.0,0
2030-03-27 11:00:00,0.0,0.0,0.0,0.0,23.580193258342145,0.0,0.0,0
2030-03-27 12:00:00,0.0,0.0,0.0,0.0,28.009797199745297,0.0,0.0,0
2030-03-27 13:00:00,0.0,0.0,0.0,0.0,30.360665232160105,0.0,0.0,0
2030-03-27 14:00:00,0.0,0.0,0.0,0.0,30.151502788173325,0.0,0.0,0
2030-03-27 15:00:00,0.0,0.0,0.0,0.0,28.375831476722166,0.0,0.0,0
2030-03-27 16:00:00,0.0,0.0,0.0,0.0,24.619892632201797,0.0,0.0,0
2030-03-27 17:00:00,0.0,0.0,0.0,0.0,18.727477260353055,0.0,0.0,0
2030-03-27 18:00:00,0.0,0.0,0.0,0.0,10.90524374773474,0.0,0.0,0
2030-03-27 19:00:00,0.0,0.0,0.0,0.0,3.10061228586038,0.0,0.0,0
2030-03-27 20:00:00,0.0,0.0,0.0,0.0,0.0,0.0,0.0,0
2030-03-27 21:00:00,0.0,0.0,0.0,0.0,0.0,0.0,0.0,0
2030-03-27 22:00:00,0.0,0.0,0.0,0.0,0.0,0.0,0.0,0
2030-03-27 23:00:00,0.0,0.0,0.0,0.0,0.0,0.0,0.0,0
2030-03-28 00:00:00,0.0,0.0,0.0,0.0,0.0,0.0,0.0,0
2030-03-28 01:00:00,0.0,0.0,0.0,0.0,0.0,0.0,0.0,0
2030-03-28 02:00:00,0.0,0.0,0.0,0.0,0.0,0.0,0.0,0
2030-03-28 03:00:00,0.0,0.0,0.0,0.0,0.0,0.0,0.0,0
2030-03-28 04:00:00,0.0,0.0,0.0,0.0,0.0,0.0,0.0,0
2030-03-28 05:00:00,0.0,0.0,0.0,0.0,0.0,0.0,0.0,0
2030-03-28 06:00:00,0.0,0.0,0.0,0.0,0.0,0.0,0.0,0
2030-03-28 07:00:00,0.0,0.0,0.0,0.0,0.0,0.0,0.0,0
2030-03-28 08:00:00,0.0,0.0,0.0,0.0,1.4214208341355177,0.0,0.0,0
2030-03-28 09:00:00,0.0,0.0,0.0,0.0,9.146217053305064,0.0,0.0,0
2030-03-28 10:00:00,0.0,0.0,0.0,0.0,17.26002595879087,0.0,0.0,0
2030-03-28 11:00:00,0.0,0.0,0.0,0.0,23.869411891277387,0.0,0.0,0
2030-03-28 12:00:00,0.0,0.0,0.0,0.0,28.22625086977246,0.0,0.0,0
2030-03-28 13:00:00,0.0,0.0,0.0,0.0,30.860740230283437,0.0,0.0,0
2030-03-28 14:00:00,0.0,0.0,0.0,0.0,30.710791379594315,0.0,0.0,0
2030-03-28 15:00:00,0.0,0.0,0.0,0.0,28.9494079252324,0.0,0.0,0
2030-03-28 16:00:00,0.0,0.0,0.0,0.0,25.060091198296508,0.0,0.0,0
2030-03-28 17:00:00,0.0,0.0,0.0,0.0,19.173494077530503,0.0,0.0,0
2030-03-28 18:00:00,0.0,0.0,0.0,0.0,11.364149095791651,0.0,0.0,0
2030-03-28 19:00:00,0.0,0.0,0.0,0.0,3.211085407684385,0.0,0.0,0
2030-03-28 20:00:00,0.0,0.0,0.0,0.0,0.0,0.0,0.0,0
2030-03-28 21:00:00,0.0,0.0,0.0,0.0,0.0,0.0,0.0,0
2030-03-28 22:00:00,0.0,0.0,0.0,0.0,0.0,0.0,0.0,0
2030-03-28 23:00:00,0.0,0.0,0.0,0.0,0.0,0.0,0.0,0
2030-03-29 00:00:00,0.0,0.0,0.0,0.0,0.0,0.0,0.0,0
2030-03-29 01:00:00,0.0,0.0,0.0,0.0,0.0,0.0,0.0,0
2030-03-29 02:00:00,0.0,0.0,0.0,0.0,0.0,0.0,0.0,0
2030-03-29 03:00:00,0.0,0.0,0.0,0.0,0.0,0.0,0.0,0
2030-03-29 04:00:00,0.0,0.0,0.0,0.0,0.0,0.0,0.0,0
2030-03-29 05:00:00,0.0,0.0,0.0,0.0,0.0,0.0,0.0,0
2030-03-29 06:00:00,0.0,0.0,0.0,0.0,0.0,0.0,0.0,0
2030-03-29 07:00:00,0.0,0.0,0.0,0.0,0.0,0.0,0.0,0
2030-03-29 08:00:00,0.0,0.0,0.0,0.0,1.2741233383701795,0.0,0.0,0
2030-03-29 09:00:00,0.0,0.0,0.0,0.0,7.509447280360619,0.0,0.0,0
2030-03-29 10:00:00,0.0,0.0,0.0,0.0,15.39744912483816,0.0,0.0,0
2030-03-29 11:00:00,0.0,0.0,0.0,0.0,21.24840025162895,0.0,0.0,0
2030-03-29 12:00:00,0.0,0.0,0.0,0.0,23.91094978508321,0.0,0.0,0
2030-03-29 13:00:00,0.0,0.0,0.0,0.0,28.413981528125383,0.0,0.0,0
2030-03-29 14:00:00,0.0,0.0,0.0,0.0,27.816837480292705,0.0,0.0,0
2030-03-29 15:00:00,0.0,0.0,0.0,0.0,26.99020393405762,0.0,0.0,0
2030-03-29 16:00:00,0.0,0.0,0.0,0.0,21.984298540472583,0.0,0.0,0
2030-03-29 17:00:00,0.0,0.0,0.0,0.0,16.44031539485676,0.0,0.0,0
2030-03-29 18:00:00,0.0,0.0,0.0,0.0,10.2475604291425,0.0,0.0,0
2030-03-29 19:00:00,0.0,0.0,0.0,0.0,2.069529815503006,0.0,0.0,0
2030-03-29 20:00:00,0.0,0.0,0.0,0.0,0.0,0.0,0.0,0
2030-03-29 21:00:00,0.0,0.0,0.0,0.0,0.0,0.0,0.0,0
2030-03-29 22:00:00,0.0,0.0,0.0,0.0,0.0,0.0,0.0,0
2030-03-29 23:00:00,0.0,0.0,0.0,0.0,0.0,0.0,0.0,0
2030-03-30 00:00:00,0.0,0.0,0.0,0.0,0.0,0.0,0.0,0
2030-03-30 01:00:00,0.0,0.0,0.0,0.0,0.0,0.0,0.0,0
2030-03-30 02:00:00,0.0,0.0,0.0,0.0,0.0,0.0,0.0,0
2030-03-30 03:00:00,0.0,0.0,0.0,0.0,0.0,0.0,0.0,0
2030-03-30 04:00:00,0.0,0.0,0.0,0.0,0.0,0.0,0.0,0
2030-03-30 05:00:00,0.0,0.0,0.0,0.0,0.0,0.0,0.0,0
2030-03-30 06:00:00,0.0,0.0,0.0,0.0,0.0,0.0,0.0,0
2030-03-30 07:00:00,0.0,0.0,0.0,0.0,0.0,0.0,0.0,0
2030-03-30 08:00:00,0.0,0.0,0.0,0.0,1.1194609678165732,0.0,0.0,0
2030-03-30 09:00:00,0.0,0.0,0.0,0.0,7.517106750140417,0.0,0.0,0
2030-03-30 10:00:00,0.0,0.0,0.0,0.0,15.616038608553923,0.0,0.0,0
2030-03-30 11:00:00,0.0,0.0,0.0,0.0,23.334353737909797,0.0,0.0,0
2030-03-30 12:00:00,0.0,0.0,0.0,0.0,27.689793390195096,0.0,0.0,0
2030-03-30 13:00:00,0.0,0.0,0.0,0.0,30.554287790343647,0.0,0.0,0
2030-03-30 14:00:00,0.0,0.0,0.0,0.0,30.552888464133872,0.0,0.0,0
2030-03-30 15:00:00,0.0,0.0,0.0,0.0,28.87804228853409,0.0,0.0,0
2030-03-30 16:00:00,0.0,0.0,0.0,0.0,25.09161286239029,0.0,0.0,0
2030-03-30 17:00:00,0.0,0.0,0.0,0.0,19.140941330966367,0.0,0.0,0
2030-03-30 18:00:00,0.0,0.0,0.0,0.0,11.363412608312828,0.0,0.0,0
2030-03-30 19:00:00,0.0,0.0,0.0,0.0,3.196355658107852,0.0,0.0,0
2030-03-30 20:00:00,0.0,0.0,0.0,0.0,0.0,0.0,0.0,0
2030-03-30 21:00:00,0.0,0.0,0.0,0.0,0.0,0.0,0.0,0
2030-03-30 22:00:00,0.0,0.0,0.0,0.0,0.0,0.0,0.0,0
2030-03-30 23:00:00,0.0,0.0,0.0,0.0,0.0,0.0,0.0,0
2030-03-31 00:00:00,0.0,0.0,0.0,0.0,0.0,0.0,0.0,0
2030-03-31 01:00:00,0.0,0.0,0.0,0.0,0.0,0.0,0.0,0
2030-03-31 02:00:00,0.0,0.0,0.0,0.0,0.0,0.0,0.0,0
2030-03-31 03:00:00,0.0,0.0,0.0,0.0,0.0,0.0,0.0,0
2030-03-31 04:00:00,0.0,0.0,0.0,0.0,0.0,0.0,0.0,0
2030-03-31 05:00:00,0.0,0.0,0.0,0.0,0.0,0.0,0.0,0
2030-03-31 06:00:00,0.0,0.0,0.0,0.0,0.0,0.0,0.0,0
2030-03-31 07:00:00,0.0,0.0,0.0,0.0,0.0,0.0,0.0,0
2030-03-31 08:00:00,0.0,0.0,0.0,0.0,1.2962179627349777,0.0,0.0,0
2030-03-31 09:00:00,0.0,0.0,0.0,0.0,8.222219862369089,0.0,0.0,0
2030-03-31 10:00:00,0.0,0.0,0.0,0.0,15.130472413763483,0.0,0.0,0
2030-03-31 11:00:00,0.0,0.0,0.0,0.0,19.85165174803412,0.0,0.0,0
2030-03-31 12:00:00,0.0,0.0,0.0,0.0,23.848274700635063,0.0,0.0,0
2030-03-31 13:00:00,0.0,0.0,0.0,0.0,25.624240607077752,0.0,0.0,0
2030-03-31 14:00:00,0.0,0.0,0.0,0.0,26.87383891240301,0.0,0.0,0
2030-03-31 15:00:00,0.0,0.0,0.0,0.0,21.67298528317254,0.0,0.0,0
2030-03-31 16:00:00,0.0,0.0,0.0,0.0,21.370657173114186,0.0,0.0,0
2030-03-31 17:00:00,0.0,0.0,0.0,0.0,16.127529162599064,0.0,0.0,0
2030-03-31 18:00:00,0.0,0.0,0.0,0.0,10.038692580147252,0.0,0.0,0
2030-03-31 19:00:00,0.0,0.0,0.0,0.0,2.835476793482771,0.0,0.0,0
2030-03-31 20:00:00,0.0,0.0,0.0,0.0,0.0,0.0,0.0,0
2030-03-31 21:00:00,0.0,0.0,0.0,0.0,0.0,0.0,0.0,0
2030-03-31 22:00:00,0.0,0.0,0.0,0.0,0.0,0.0,0.0,0
2030-03-31 23:00:00,0.0,0.0,0.0,0.0,0.0,0.0,0.0,0
2030-04-01 00:00:00,0.0,0.0,0.0,0.0,0.0,0.0,0.0,0
2030-04-01 01:00:00,0.0,0.0,0.0,0.0,0.0,0.0,0.0,0
2030-04-01 02:00:00,0.0,0.0,0.0,0.0,0.0,0.0,0.0,0
2030-04-01 03:00:00,0.0,0.0,0.0,0.0,0.0,0.0,0.0,0
2030-04-01 04:00:00,0.0,0.0,0.0,0.0,0.0,0.0,0.0,0
2030-04-01 05:00:00,0.0,0.0,0.0,0.0,0.0,0.0,0.0,0
2030-04-01 06:00:00,0.0,0.0,0.0,0.0,0.0,0.0,0.0,0
2030-04-01 07:00:00,0.0,0.0,0.0,0.0,0.0,0.0,0.0,0
2030-04-01 08:00:00,0.0,0.0,0.0,0.0,1.4287857089237863,0.0,0.0,0
2030-04-01 09:00:00,0.0,0.0,0.0,0.0,8.735109742624001,0.0,0.0,0
2030-04-01 10:00:00,0.0,0.0,0.0,0.0,15.81547941782019,0.0,0.0,0
2030-04-01 11:00:00,0.0,0.0,0.0,0.0,21.680571104204457,0.0,0.0,0
2030-04-01 12:00:00,0.0,0.0,0.0,0.0,25.58513312195205,0.0,0.0,0
2030-04-01 13:00:00,0.0,0.0,0.0,0.0,27.205258277875014,0.0,0.0,0
2030-04-01 14:00:00,0.0,0.0,0.0,0.0,27.509648552874086,0.0,0.0,0
2030-04-01 15:00:00,0.0,0.0,0.0,0.0,27.09198650363147,0.0,0.0,0
2030-04-01 16:00:00,0.0,0.0,0.0,0.0,24.126004128900608,0.0,0.0,0
2030-04-01 17:00:00,0.0,0.0,0.0,0.0,18.407399802054975,0.0,0.0,0
2030-04-01 18:00:00,0.0,0.0,0.0,0.0,10.99074994402652,0.0,0.0,0
2030-04-01 19:00:00,0.0,0.0,0.0,0.0,3.351018028661455,0.0,0.0,0
2030-04-01 20:00:00,0.0,0.0,0.0,0.0,0.0,0.0,0.0,0
2030-04-01 21:00:00,0.0,0.0,0.0,0.0,0.0,0.0,0.0,0
2030-04-01 22:00:00,0.0,0.0,0.0,0.0,0.0,0.0,0.0,0
2030-04-01 23:00:00,0.0,0.0,0.0,0.0,0.0,0.0,0.0,0
2030-04-02 00:00:00,0.0,0.0,0.0,0.0,0.0,0.0,0.0,0
2030-04-02 01:00:00,0.0,0.0,0.0,0.0,0.0,0.0,0.0,0
2030-04-02 02:00:00,0.0,0.0,0.0,0.0,0.0,0.0,0.0,0
2030-04-02 03:00:00,0.0,0.0,0.0,0.0,0.0,0.0,0.0,0
2030-04-02 04:00:00,0.0,0.0,0.0,0.0,0.0,0.0,0.0,0
2030-04-02 05:00:00,0.0,0.0,0.0,0.0,0.0,0.0,0.0,0
2030-04-02 06:00:00,0.0,0.0,0.0,0.0,0.0,0.0,0.0,0
2030-04-02 07:00:00,0.0,0.0,0.0,0.0,0.0,0.0,0.0,0
2030-04-02 08:00:00,0.0,0.0,0.0,0.0,1.2372989644288444,0.0,0.0,0
2030-04-02 09:00:00,0.0,0.0,0.0,0.0,8.13185284871706,0.0,0.0,0
2030-04-02 10:00:00,0.0,0.0,0.0,0.0,15.623256185846428,0.0,0.0,0
2030-04-02 11:00:00,0.0,0.0,0.0,0.0,21.571865552329637,0.0,0.0,0
2030-04-02 12:00:00,0.0,0.0,0.0,0.0,24.47060662024362,0.0,0.0,0
2030-04-02 13:00:00,0.0,0.0,0.0,0.0,27.541538460707287,0.0,0.0,0
2030-04-02 14:00:00,0.0,0.0,0.0,0.0,28.970176872135305,0.0,0.0,0
2030-04-02 15:00:00,0.0,0.0,0.0,0.0,27.944986301608548,0.0,0.0,0
2030-04-02 16:00:00,0.0,0.0,0.0,0.0,24.403070718435213,0.0,0.0,0
2030-04-02 17:00:00,0.0,0.0,0.0,0.0,18.52619523238972,0.0,0.0,0
2030-04-02 18:00:00,0.0,0.0,0.0,0.0,11.080454118947612,0.0,0.0,0
2030-04-02 19:00:00,0.0,0.0,0.0,0.0,3.2479097816257174,0.0,0.0,0
2030-04-02 20:00:00,0.0,0.0,0.0,0.0,0.0,0.0,0.0,0
2030-04-02 21:00:00,0.0,0.0,0.0,0.0,0.0,0.0,0.0,0
2030-04-02 22:00:00,0.0,0.0,0.0,0.0,0.0,0.0,0.0,0
2030-04-02 23:00:00,0.0,0.0,0.0,0.0,0.0,0.0,0.0,0
2030-04-03 00:00:00,0.0,0.0,0.0,0.0,0.0,0.0,0.0,0
2030-04-03 01:00:00,0.0,0.0,0.0,0.0,0.0,0.0,0.0,0
2030-04-03 02:00:00,0.0,0.0,0.0,0.0,0.0,0.0,0.0,0
2030-04-03 03:00:00,0.0,0.0,0.0,0.0,0.0,0.0,0.0,0
2030-04-03 04:00:00,0.0,0.0,0.0,0.0,0.0,0.0,0.0,0
2030-04-03 05:00:00,0.0,0.0,0.0,0.0,0.0,0.0,0.0,0
2030-04-03 06:00:00,0.0,0.0,0.0,0.0,0.0,0.0,0.0,0
2030-04-03 07:00:00,0.0,0.0,0.0,0.0,0.0,0.0,0.0,0
2030-04-03 08:00:00,0.0,0.0,0.0,0.0,1.5466237055360574,0.0,0.0,0
2030-04-03 09:00:00,0.0,0.0,0.0,0.0,9.241150289325825,0.0,0.0,0
2030-04-03 10:00:00,0.0,0.0,0.0,0.0,16.96984989213315,0.0,0.0,0
2030-04-03 11:00:00,0.0,0.0,0.0,0.0,23.28169488317369,0.0,0.0,0
2030-04-03 12:00:00,0.0,0.0,0.0,0.0,27.5270296573744,0.0,0.0,0
2030-04-03 13:00:00,0.0,0.0,0.0,0.0,29.799609070789927,0.0,0.0,0
2030-04-03 14:00:00,0.0,0.0,0.0,0.0,29.84880643437555,0.0,0.0,0
2030-04-03 15:00:00,0.0,0.0,0.0,0.0,27.886509195789706,0.0,0.0,0
2030-04-03 16:00:00,0.0,0.0,0.0,0.0,24.46235796048076,0.0,0.0,0
2030-04-03 17:00:00,0.0,0.0,0.0,0.0,18.97611543320495,0.0,0.0,0
2030-04-03 18:00:00,0.0,0.0,0.0,0.0,11.346841640039226,0.0,0.0,0
2030-04-03 19:00:00,0.0,0.0,0.0,0.0,3.321558529508388,0.0,0.0,0
2030-04-03 20:00:00,0.0,0.0,0.0,0.0,0.0,0.0,0.0,0
2030-04-03 21:00:00,0.0,0.0,0.0,0.0,0.0,0.0,0.0,0
2030-04-03 22:00:00,0.0,0.0,0.0,0.0,0.0,0.0,0.0,0
2030-04-03 23:00:00,0.0,0.0,0.0,0.0,0.0,0.0,0.0,0
2030-04-04 00:00:00,0.0,0.0,0.0,0.0,0.0,0.0,0.0,0
2030-04-04 01:00:00,0.0,0.0,0.0,0.0,0.0,0.0,0.0,0
2030-04-04 02:00:00,0.0,0.0,0.0,0.0,0.0,0.0,0.0,0
2030-04-04 03:00:00,0.0,0.0,0.0,0.0,0.0,0.0,0.0,0
2030-04-04 04:00:00,0.0,0.0,0.0,0.0,0.0,0.0,0.0,0
2030-04-04 05:00:00,0.0,0.0,0.0,0.0,0.0,0.0,0.0,0
2030-04-04 06:00:00,0.0,0.0,0.0,0.0,0.0,0.0,0.0,0
2030-04-04 07:00:00,0.0,0.0,0.0,0.0,0.0,0.0,0.0,0
2030-04-04 08:00:00,0.0,0.0,0.0,0.0,1.5613534551125907,0.0,0.0,0
2030-04-04 09:00:00,0.0,0.0,0.0,0.0,9.230029328395544,0.0,0.0,0
2030-04-04 10:00:00,0.0,0.0,0.0,0.0,16.904007911526048,0.0,0.0,0
2030-04-04 11:00:00,0.0,0.0,0.0,0.0,22.871250411223567,0.0,0.0,0
2030-04-04 12:00:00,0.0,0.0,0.0,0.0,26.99609583388824,0.0,0.0,0
2030-04-04 13:00:00,0.0,0.0,0.0,0.0,27.542937786917054,0.0,0.0,0
2030-04-04 14:00:00,0.0,0.0,0.0,0.0,27.849463875604727,0.0,0.0,0
2030-04-04 15:00:00,0.0,0.0,0.0,0.0,25.998302597573833,0.0,0.0,0
2030-04-04 16:00:00,0.0,0.0,0.0,0.0,23.780370555087245,0.0,0.0,0
2030-04-04 17:00:00,0.0,0.0,0.0,0.0,18.727477260353055,0.0,0.0,0
2030-04-04 18:00:00,0.0,0.0,0.0,0.0,11.130682565003593,0.0,0.0,0
2030-04-04 19:00:00,0.0,0.0,0.0,0.0,3.284734155567053,0.0,0.0,0
2030-04-04 20:00:00,0.0,0.0,0.0,0.0,0.0,0.0,0.0,0
2030-04-04 21:00:00,0.0,0.0,0.0,0.0,0.0,0.0,0.0,0
2030-04-04 22:00:00,0.0,0.0,0.0,0.0,0.0,0.0,0.0,0
2030-04-04 23:00:00,0.0,0.0,0.0,0.0,0.0,0.0,0.0,0
2030-04-05 00:00:00,0.0,0.0,0.0,0.0,0.0,0.0,0.0,0
2030-04-05 01:00:00,0.0,0.0,0.0,0.0,0.0,0.0,0.0,0
2030-04-05 02:00:00,0.0,0.0,0.0,0.0,0.0,0.0,0.0,0
2030-04-05 03:00:00,0.0,0.0,0.0,0.0,0.0,0.0,0.0,0
2030-04-05 04:00:00,0.0,0.0,0.0,0.0,0.0,0.0,0.0,0
2030-04-05 05:00:00,0.0,0.0,0.0,0.0,0.0,0.0,0.0,0
2030-04-05 06:00:00,0.0,0.0,0.0,0.0,0.0,0.0,0.0,0
2030-04-05 07:00:00,0.0,0.0,0.0,0.0,0.0,0.0,0.0,0
2030-04-05 08:00:00,0.0,0.0,0.0,0.0,1.2225692148523108,0.0,0.0,0
2030-04-05 09:00:00,0.0,0.0,0.0,0.0,8.01305741838231,0.0,0.0,0
2030-04-05 10:00:00,0.0,0.0,0.0,0.0,15.845969999443616,0.0,0.0,0
2030-04-05 11:00:00,0.0,0.0,0.0,0.0,22.631597385613368,0.0,0.0,0
2030-04-05 12:00:00,0.0,0.0,0.0,0.0,27.70710084594753,0.0,0.0,0
2030-04-05 13:00:00,0.0,0.0,0.0,0.0,29.780534045088324,0.0,0.0,0
2030-04-05 14:00:00,0.0,0.0,0.0,0.0,29.573802009781662,0.0,0.0,0
2030-04-05 15:00:00,0.0,0.0,0.0,0.0,27.773900260277102,0.0,0.0,0
2030-04-05 16:00:00,0.0,0.0,0.0,0.0,24.27492189711936,0.0,0.0,0
2030-04-05 17:00:00,0.0,0.0,0.0,0.0,18.724015769202577,0.0,0.0,0
2030-04-05 18:00:00,0.0,0.0,0.0,0.0,11.262661121209335,0.0,0.0,0
2030-04-05 19:00:00,0.0,0.0,0.0,0.0,3.3436531538731904,0.0,0.0,0
2030-04-05 20:00:00,0.0,0.0,0.0,0.0,0.0,0.0,0.0,0
2030-04-05 21:00:00,0.0,0.0,0.0,0.0,0.0,0.0,0.0,0
2030-04-05 22:00:00,0.0,0.0,0.0,0.0,0.0,0.0,0.0,0
2030-04-05 23:00:00,0.0,0.0,0.0,0.0,0.0,0.0,0.0,0
2030-04-06 00:00:00,0.0,0.0,0.0,0.0,0.0,0.0,0.0,0
2030-04-06 01:00:00,0.0,0.0,0.0,0.0,0.0,0.0,0.0,0
2030-04-06 02:00:00,0.0,0.0,0.0,0.0,0.0,0.0,0.0,0
2030-04-06 03:00:00,0.0,0.0,0.0,0.0,0.0,0.0,0.0,0
2030-04-06 04:00:00,0.0,0.0,0.0,0.0,0.0,0.0,0.0,0
2030-04-06 05:00:00,0.0,0.0,0.0,0.0,0.0,0.0,0.0,0
2030-04-06 06:00:00,0.0,0.0,0.0,0.0,0.0,0.0,0.0,0
2030-04-06 07:00:00,0.0,0.0,0.0,0.0,0.0,0.0,0.0,0
2030-04-06 08:00:00,0.0,0.0,0.0,0.0,1.723380700454462,0.0,0.0,0
2030-04-06 09:00:00,0.0,0.0,0.0,0.0,9.642830560277902,0.0,0.0,0
2030-04-06 10:00:00,0.0,0.0,0.0,0.0,17.42625118276205,0.0,0.0,0
2030-04-06 11:00:00,0.0,0.0,0.0,0.0,23.862120665237004,0.0,0.0,0
2030-04-06 12:00:00,0.0,0.0,0.0,0.0,28.127561547609684,0.0,0.0,0
2030-04-06 13:00:00,0.0,0.0,0.0,0.0,30.34615642882722,0.0,0.0,0
2030-04-06 14:00:00,0.0,0.0,0.0,0.0,30.08772297250693,0.0,0.0,0
2030-04-06 15:00:00,0.0,0.0,0.0,0.0,28.050966849811708,0.0,0.0,0
2030-04-06 16:00:00,0.0,0.0,0.0,0.0,24.30091990512195,0.0,0.0,0
2030-04-06 17:00:00,0.0,0.0,0.0,0.0,18.65714270612511,0.0,0.0,0
2030-04-06 18:00:00,0.0,0.0,0.0,0.0,10.93499784187934,0.0,0.0,0
2030-04-06 19:00:00,0.0,0.0,0.0,0.0,2.9312201657302395,0.0,0.0,0
2030-04-06 20:00:00,0.0,0.0,0.0,0.0,0.0,0.0,0.0,0
2030-04-06 21:00:00,0.0,0.0,0.0,0.0,0.0,0.0,0.0,0
2030-04-06 22:00:00,0.0,0.0,0.0,0.0,0.0,0.0,0.0,0
2030-04-06 23:00:00,0.0,0.0,0.0,0.0,0.0,0.0,0.0,0
2030-04-07 00:00:00,0.0,0.0,0.0,0.0,0.0,0.0,0.0,0
2030-04-07 01:00:00,0.0,0.0,0.0,0.0,0.0,0.0,0.0,0
2030-04-07 02:00:00,0.0,0.0,0.0,0.0,0.0,0.0,0.0,0
2030-04-07 03:00:00,0.0,0.0,0.0,0.0,0.0,0.0,0.0,0
2030-04-07 04:00:00,0.0,0.0,0.0,0.0,0.0,0.0,0.0,0
2030-04-07 05:00:00,0.0,0.0,0.0,0.0,0.0,0.0,0.0,0
2030-04-07 06:00:00,0.0,0.0,0.0,0.0,0.0,0.0,0.0,0
2030-04-07 07:00:00,0.0,0.0,0.0,0.0,0.0,0.0,0.0,0
2030-04-07 08:00:00,0.0,0.0,0.0,0.0,1.7307455752427308,0.0,0.0,0
2030-04-07 09:00:00,0.0,0.0,0.0,0.0,9.402882939676163,0.0,0.0,0
2030-04-07 10:00:00,0.0,0.0,0.0,0.0,17.27357732840128,0.0,0.0,0
2030-04-07 11:00:00,0.0,0.0,0.0,0.0,23.71843195811792,0.0,0.0,0
2030-04-07 12:00:00,0.0,0.0,0.0,0.0,28.045074949981096,0.0,0.0,0
2030-04-07 13:00:00,0.0,0.0,0.0,0.0,30.360665232160105,0.0,0.0,0
2030-04-07 14:00:00,0.0,0.0,0.0,0.0,30.31875909461487,0.0,0.0,0
2030-04-07 15:00:00,0.0,0.0,0.0,0.0,28.28509621933071,0.0,0.0,0
2030-04-07 16:00:00,0.0,0.0,0.0,0.0,24.618861549731434,0.0,0.0,0
2030-04-07 17:00:00,0.0,0.0,0.0,0.0,18.908211287657128,0.0,0.0,0
2030-04-07 18:00:00,0.0,0.0,0.0,0.0,11.318044979617104,0.0,0.0,0
2030-04-07 19:00:00,0.0,0.0,0.0,0.0,3.2552746564139863,0.0,0.0,0
2030-04-07 20:00:00,0.0,0.0,0.0,0.0,0.0,0.0,0.0,0
2030-04-07 21:00:00,0.0,0.0,0.0,0.0,0.0,0.0,0.0,0
2030-04-07 22:00:00,0.0,0.0,0.0,0.0,0.0,0.0,0.0,0
2030-04-07 23:00:00,0.0,0.0,0.0,0.0,0.0,0.0,0.0,0
2030-04-08 00:00:00,0.0,0.0,0.0,0.0,0.0,0.0,0.0,0
2030-04-08 01:00:00,0.0,0.0,0.0,0.0,0.0,0.0,0.0,0
2030-04-08 02:00:00,0.0,0.0,0.0,0.0,0.0,0.0,0.0,0
2030-04-08 03:00:00,0.0,0.0,0.0,0.0,0.0,0.0,0.0,0
2030-04-08 04:00:00,0.0,0.0,0.0,0.0,0.0,0.0,0.0,0
2030-04-08 05:00:00,0.0,0.0,0.0,0.0,0.0,0.0,0.0,0
2030-04-08 06:00:00,0.0,0.0,0.0,0.0,0.0,0.0,0.0,0
2030-04-08 07:00:00,0.0,0.0,0.0,0.0,0.0,0.0,0.0,0
2030-04-08 08:00:00,0.0,0.0,0.0,0.0,1.8264889474902,0.0,0.0,0
2030-04-08 09:00:00,0.0,0.0,0.0,0.0,9.66124274724857,0.0,0.0,0
2030-04-08 10:00:00,0.0,0.0,0.0,0.0,17.668334617052388,0.0,0.0,0
2030-04-08 11:00:00,0.0,0.0,0.0,0.0,24.11532506045762,0.0,0.0,0
2030-04-08 12:00:00,0.0,0.0,0.0,0.0,28.442704539799628,0.0,0.0,0
2030-04-08 13:00:00,0.0,0.0,0.0,0.0,30.6976819024712,0.0,0.0,0
2030-04-08 14:00:00,0.0,0.0,0.0,0.0,30.41921598672683,0.0,0.0,0
2030-04-08 15:00:00,0.0,0.0,0.0,0.0,28.613054093652245,0.0,0.0,0
2030-04-08 16:00:00,0.0,0.0,0.0,0.0,24.84673077568041,0.0,0.0,0
2030-04-08 17:00:00,0.0,0.0,0.0,0.0,19.225490093535665,0.0,0.0,0
2030-04-08 18:00:00,0.0,0.0,0.0,0.0,11.518958763841024,0.0,0.0,0
2030-04-08 19:00:00,0.0,0.0,0.0,0.0,3.3952072773910595,0.0,0.0,0
2030-04-08 20:00:00,0.0,0.0,0.0,0.0,0.0,0.0,0.0,0
2030-04-08 21:00:00,0.0,0.0,0.0,0.0,0.0,0.0,0.0,0
2030-04-08 22:00:00,0.0,0.0,0.0,0.0,0.0,0.0,0.0,0
2030-04-08 23:00:00,0.0,0.0,0.0,0.0,0.0,0.0,0.0,0
2030-04-09 00:00:00,0.0,0.0,0.0,0.0,0.0,0.0,0.0,0
2030-04-09 01:00:00,0.0,0.0,0.0,0.0,0.0,0.0,0.0,0
2030-04-09 02:00:00,0.0,0.0,0.0,0.0,0.0,0.0,0.0,0
2030-04-09 03:00:00,0.0,0.0,0.0,0.0,0.0,0.0,0.0,0
2030-04-09 04:00:00,0.0,0.0,0.0,0.0,0.0,0.0,0.0,0
2030-04-09 05:00:00,0.0,0.0,0.0,0.0,0.0,0.0,0.0,0
2030-04-09 06:00:00,0.0,0.0,0.0,0.0,0.0,0.0,0.0,0
2030-04-09 07:00:00,0.0,0.0,0.0,0.0,0.0,0.0,0.0,0
2030-04-09 08:00:00,0.0,0.0,0.0,0.0,1.8780430710080684,0.0,0.0,0
2030-04-09 09:00:00,0.0,0.0,0.0,0.0,9.715227279446568,0.0,0.0,0
2030-04-09 10:00:00,0.0,0.0,0.0,0.0,17.672900839421114,0.0,0.0,0
2030-04-09 11:00:00,0.0,0.0,0.0,0.0,23.963976883558736,0.0,0.0,0
2030-04-09 12:00:00,0.0,0.0,0.0,0.0,28.553840500354575,0.0,0.0,0
2030-04-09 13:00:00,0.0,0.0,0.0,0.0,30.84446385700136,0.0,0.0,0
2030-04-09 14:00:00,0.0,0.0,0.0,0.0,30.19826974307882,0.0,0.0,0
2030-04-09 15:00:00,0.0,0.0,0.0,0.0,28.727725194105567,0.0,0.0,0
2030-04-09 16:00:00,0.0,0.0,0.0,0.0,24.953079567622993,0.0,0.0,0
2030-04-09 17:00:00,0.0,0.0,0.0,0.0,19.3065037162066,0.0,0.0,0
2030-04-09 18:00:00,0.0,0.0,0.0,0.0,11.580234522079406,0.0,0.0,0
2030-04-09 19:00:00,0.0,0.0,0.0,0.0,3.358382903449724,0.0,0.0,0
2030-04-09 20:00:00,0.0,0.0,0.0,0.0,0.0,0.0,0.0,0
2030-04-09 21:00:00,0.0,0.0,0.0,0.0,0.0,0.0,0.0,0
2030-04-09 22:00:00,0.0,0.0,0.0,0.0,0.0,0.0,0.0,0
2030-04-09 23:00:00,0.0,0.0,0.0,0.0,0.0,0.0,0.0,0
2030-04-10 00:00:00,0.0,0.0,0.0,0.0,0.0,0.0,0.0,0
2030-04-10 01:00:00,0.0,0.0,0.0,0.0,0.0,0.0,0.0,0
2030-04-10 02:00:00,0.0,0.0,0.0,0.0,0.0,0.0,0.0,0
2030-04-10 03:00:00,0.0,0.0,0.0,0.0,0.0,0.0,0.0,0
2030-04-10 04:00:00,0.0,0.0,0.0,0.0,0.0,0.0,0.0,0
2030-04-10 05:00:00,0.0,0.0,0.0,0.0,0.0,0.0,0.0,0
2030-04-10 06:00:00,0.0,0.0,0.0,0.0,0.0,0.0,0.0,0
2030-04-10 07:00:00,0.0,0.0,0.0,0.0,0.0,0.0,0.0,0
2030-04-10 08:00:00,0.0,0.0,0.0,0.0,1.9222323197376685,0.0,0.0,0
2030-04-10 09:00:00,0.0,0.0,0.0,0.0,9.952449896376647,0.0,0.0,0
2030-04-10 10:00:00,0.0,0.0,0.0,0.0,17.89730857421961,0.0,0.0,0
2030-04-10 11:00:00,0.0,0.0,0.0,0.0,24.434960626268406,0.0,0.0,0
2030-04-10 12:00:00,0.0,0.0,0.0,0.0,28.846520624440306,0.0,0.0,0
2030-04-10 13:00:00,0.0,0.0,0.0,0.0,31.10149798711188,0.0,0.0,0
2030-04-10 14:00:00,0.0,0.0,0.0,0.0,30.80395704566589,0.0,0.0,0
2030-04-10 15:00:00,0.0,0.0,0.0,0.0,28.973638363285797,0.0,0.0,0
2030-04-10 16:00:00,0.0,0.0,0.0,0.0,25.1497953732176,0.0,0.0,0
2030-04-10 17:00:00,0.0,0.0,0.0,0.0,19.311732777306272,0.0,0.0,0
2030-04-10 18:00:00,0.0,0.0,0.0,0.0,11.51719119389184,0.0,0.0,0
2030-04-10 19:00:00,0.0,0.0,0.0,0.0,3.358382903449724,0.0,0.0,0
2030-04-10 20:00:00,0.0,0.0,0.0,0.0,0.0,0.0,0.0,0
2030-04-10 21:00:00,0.0,0.0,0.0,0.0,0.0,0.0,0.0,0
2030-04-10 22:00:00,0.0,0.0,0.0,0.0,0.0,0.0,0.0,0
2030-04-10 23:00:00,0.0,0.0,0.0,0.0,0.0,0.0,0.0,0
2030-04-11 00:00:00,0.0,0.0,0.0,0.0,0.0,0.0,0.0,0
2030-04-11 01:00:00,0.0,0.0,0.0,0.0,0.0,0.0,0.0,0
2030-04-11 02:00:00,0.0,0.0,0.0,0.0,0.0,0.0,0.0,0
2030-04-11 03:00:00,0.0,0.0,0.0,0.0,0.0,0.0,0.0,0
2030-04-11 04:00:00,0.0,0.0,0.0,0.0,0.0,0.0,0.0,0
2030-04-11 05:00:00,0.0,0.0,0.0,0.0,0.0,0.0,0.0,0
2030-04-11 06:00:00,0.0,0.0,0.0,0.0,0.0,0.0,0.0,0
2030-04-11 07:00:00,0.0,0.0,0.0,0.0,0.0,0.0,0.0,0
2030-04-11 08:00:00,0.0,0.0,0.0,0.0,1.9664215684672728,0.0,0.0,0
2030-04-11 09:00:00,0.0,0.0,0.0,0.0,9.990894542771402,0.0,0.0,0
2030-04-11 10:00:00,0.0,0.0,0.0,0.0,17.772253000314837,0.0,0.0,0
2030-04-11 11:00:00,0.0,0.0,0.0,0.0,24.221600203652315,0.0,0.0,0
2030-04-11 12:00:00,0.0,0.0,0.0,0.0,28.5036120542986,0.0,0.0,0
2030-04-11 13:00:00,0.0,0.0,0.0,0.0,30.90478218151727,0.0,0.0,0
2030-04-11 14:00:00,0.0,0.0,0.0,0.0,30.613501383641317,0.0,0.0,0
2030-04-11 15:00:00,0.0,0.0,0.0,0.0,28.736710341347244,0.0,0.0,0
2030-04-11 16:00:00,0.0,0.0,0.0,0.0,24.82772939872668,0.0,0.0,0
2030-04-11 17:00:00,0.0,0.0,0.0,0.0,18.911378183816083,0.0,0.0,0
2030-04-11 18:00:00,0.0,0.0,0.0,0.0,11.028163507950916,0.0,0.0,0
2030-04-11 19:00:00,0.0,0.0,0.0,0.0,3.277369280778788,0.0,0.0,0
2030-04-11 20:00:00,0.0,0.0,0.0,0.0,0.0,0.0,0.0,0
2030-04-11 21:00:00,0.0,0.0,0.0,0.0,0.0,0.0,0.0,0
2030-04-11 22:00:00,0.0,0.0,0.0,0.0,0.0,0.0,0.0,0
2030-04-11 23:00:00,0.0,0.0,0.0,0.0,0.0,0.0,0.0,0
2030-04-12 00:00:00,0.0,0.0,0.0,0.0,0.0,0.0,0.0,0
2030-04-12 01:00:00,0.0,0.0,0.0,0.0,0.0,0.0,0.0,0
2030-04-12 02:00:00,0.0,0.0,0.0,0.0,0.0,0.0,0.0,0
2030-04-12 03:00:00,0.0,0.0,0.0,0.0,0.0,0.0,0.0,0
2030-04-12 04:00:00,0.0,0.0,0.0,0.0,0.0,0.0,0.0,0
2030-04-12 05:00:00,0.0,0.0,0.0,0.0,0.0,0.0,0.0,0
2030-04-12 06:00:00,0.0,0.0,0.0,0.0,0.0,0.0,0.0,0
2030-04-12 07:00:00,0.0,0.0,0.0,0.0,0.0,0.0,0.0,0
2030-04-12 08:00:00,0.0,0.0,0.0,0.0,1.2372989644288444,0.0,0.0,0
2030-04-12 09:00:00,0.0,0.0,0.0,0.0,5.00811485602152,0.0,0.0,0
2030-04-12 10:00:00,0.0,0.0,0.0,0.0,11.22038673992468,0.0,0.0,0
2030-04-12 11:00:00,0.0,0.0,0.0,0.0,15.586579109400857,0.0,0.0,0
2030-04-12 12:00:00,0.0,0.0,0.0,0.0,21.63763388418886,0.0,0.0,0
2030-04-12 13:00:00,0.0,0.0,0.0,0.0,22.86506391640142,0.0,0.0,0
2030-04-12 14:00:00,0.0,0.0,0.0,0.0,22.55853782771376,0.0,0.0,0
2030-04-12 15:00:00,0.0,0.0,0.0,0.0,20.830369958646916,0.0,0.0,0
2030-04-12 16:00:00,0.0,0.0,0.0,0.0,17.618842658475234,0.0,0.0,0
2030-04-12 17:00:00,0.0,0.0,0.0,0.0,11.856932867874596,0.0,0.0,0
2030-04-12 18:00:00,0.0,0.0,0.0,0.0,7.033455422794929,0.0,0.0,0
2030-04-12 19:00:00,0.0,0.0,0.0,0.0,2.5335169271638263,0.0,0.0,0
2030-04-12 20:00:00,0.0,0.0,0.0,0.0,0.0,0.0,0.0,0
2030-04-12 21:00:00,0.0,0.0,0.0,0.0,0.0,0.0,0.0,0
2030-04-12 22:00:00,0.0,0.0,0.0,0.0,0.0,0.0,0.0,0
2030-04-12 23:00:00,0.0,0.0,0.0,0.0,0.0,0.0,0.0,0
2030-04-13 00:00:00,0.0,0.0,0.0,0.0,0.0,0.0,0.0,0
2030-04-13 01:00:00,0.0,0.0,0.0,0.0,0.0,0.0,0.0,0
2030-04-13 02:00:00,0.0,0.0,0.0,0.0,0.0,0.0,0.0,0
2030-04-13 03:00:00,0.0,0.0,0.0,0.0,0.0,0.0,0.0,0
2030-04-13 04:00:00,0.0,0.0,0.0,0.0,0.0,0.0,0.0,0
2030-04-13 05:00:00,0.0,0.0,0.0,0.0,0.0,0.0,0.0,0
2030-04-13 06:00:00,0.0,0.0,0.0,0.0,0.0,0.0,0.0,0
2030-04-13 07:00:00,0.0,0.0,0.0,0.0,0.0,0.0,0.0,0
2030-04-13 08:00:00,0.0,0.0,0.0,0.0,1.9369620693142016,0.0,0.0,0
2030-04-13 09:00:00,0.0,0.0,0.0,0.0,9.241444884317353,0.0,0.0,0
2030-04-13 10:00:00,0.0,0.0,0.0,0.0,17.243749585508798,0.0,0.0,0
2030-04-13 11:00:00,0.0,0.0,0.0,0.0,23.963976883558736,0.0,0.0,0
2030-04-13 12:00:00,0.0,0.0,0.0,0.0,28.16387038031584,0.0,0.0,0
2030-04-13 13:00:00,0.0,0.0,0.0,0.0,30.32811248559597,0.0,0.0,0
2030-04-13 14:00:00,0.0,0.0,0.0,0.0,30.19613392939022,0.0,0.0,0
2030-04-13 15:00:00,0.0,0.0,0.0,0.0,28.345709138838153,0.0,0.0,0
2030-04-13 16:00:00,0.0,0.0,0.0,0.0,24.619524388462377,0.0,0.0,0
2030-04-13 17:00:00,0.0,0.0,0.0,0.0,18.79913749204289,0.0,0.0,0
2030-04-13 18:00:00,0.0,0.0,0.0,0.0,11.217293492513612,0.0,0.0,0
2030-04-13 19:00:00,0.0,0.0,0.0,0.0,3.240544906837453,0.0,0.0,0
2030-04-13 20:00:00,0.0,0.0,0.0,0.0,0.0,0.0,0.0,0
2030-04-13 21:00:00,0.0,0.0,0.0,0.0,0.0,0.0,0.0,0
2030-04-13 22:00:00,0.0,0.0,0.0,0.0,0.0,0.0,0.0,0
2030-04-13 23:00:00,0.0,0.0,0.0,0.0,0.0,0.0,0.0,0
2030-04-14 00:00:00,0.0,0.0,0.0,0.0,0.0,0.0,0.0,0
2030-04-14 01:00:00,0.0,0.0,0.0,0.0,0.0,0.0,0.0,0
2030-04-14 02:00:00,0.0,0.0,0.0,0.0,0.0,0.0,0.0,0
2030-04-14 03:00:00,0.0,0.0,0.0,0.0,0.0,0.0,0.0,0
2030-04-14 04:00:00,0.0,0.0,0.0,0.0,0.0,0.0,0.0,0
2030-04-14 05:00:00,0.0,0.0,0.0,0.0,0.0,0.0,0.0,0
2030-04-14 06:00:00,0.0,0.0,0.0,0.0,0.0,0.0,0.0,0
2030-04-14 07:00:00,0.0,0.0,0.0,0.0,0.0,0.0,0.0,0
2030-04-14 08:00:00,0.0,0.0,0.0,0.0,1.5687183299008551,0.0,0.0,0
2030-04-14 09:00:00,0.0,0.0,0.0,0.0,8.829011896174405,0.0,0.0,0
2030-04-14 10:00:00,0.0,0.0,0.0,0.0,16.998941147546812,0.0,0.0,0
2030-04-14 11:00:00,0.0,0.0,0.0,0.0,23.947700510276672,0.0,0.0,0
2030-04-14 12:00:00,0.0,0.0,0.0,0.0,28.352263877399707,0.0,0.0,0
2030-04-14 13:00:00,0.0,0.0,0.0,0.0,30.688328511490106,0.0,0.0,0
2030-04-14 14:00:00,0.0,0.0,0.0,0.0,30.48601540105641,0.0,0.0,0
2030-04-14 15:00:00,0.0,0.0,0.0,0.0,28.56665538248616,0.0,0.0,0
2030-04-14 16:00:00,0.0,0.0,0.0,0.0,24.571726351086525,0.0,0.0,0
2030-04-14 17:00:00,0.0,0.0,0.0,0.0,19.017653327010773,0.0,0.0,0
2030-04-14 18:00:00,0.0,0.0,0.0,0.0,11.199249549282358,0.0,0.0,0
2030-04-14 19:00:00,0.0,0.0,0.0,0.0,3.0858825362838465,0.0,0.0,0
2030-04-14 20:00:00,0.0,0.0,0.0,0.0,0.0,0.0,0.0,0
2030-04-14 21:00:00,0.0,0.0,0.0,0.0,0.0,0.0,0.0,0
2030-04-14 22:00:00,0.0,0.0,0.0,0.0,0.0,0.0,0.0,0
2030-04-14 23:00:00,0.0,0.0,0.0,0.0,0.0,0.0,0.0,0
2030-04-15 00:00:00,0.0,0.0,0.0,0.0,0.0,0.0,0.0,0
2030-04-15 01:00:00,0.0,0.0,0.0,0.0,0.0,0.0,0.0,0
2030-04-15 02:00:00,0.0,0.0,0.0,0.0,0.0,0.0,0.0,0
2030-04-15 03:00:00,0.0,0.0,0.0,0.0,0.0,0.0,0.0,0
2030-04-15 04:00:00,0.0,0.0,0.0,0.0,0.0,0.0,0.0,0
2030-04-15 05:00:00,0.0,0.0,0.0,0.0,0.0,0.0,0.0,0
2030-04-15 06:00:00,0.0,0.0,0.0,0.0,0.0,0.0,0.0,0
2030-04-15 07:00:00,0.0,0.0,0.0,0.0,0.0,0.0,0.0,0
2030-04-15 08:00:00,0.0,0.0,0.0,0.0,2.1358136885974126,0.0,0.0,0
2030-04-15 09:00:00,0.0,0.0,0.0,0.0,10.175900197452666,0.0,0.0,0
2030-04-15 10:00:00,0.0,0.0,0.0,0.0,18.13350010867933,0.0,0.0,0
2030-04-15 11:00:00,0.0,0.0,0.0,0.0,24.6576744398656,0.0,0.0,0
2030-04-15 12:00:00,0.0,0.0,0.0,0.0,28.981224184317703,0.0,0.0,0
2030-04-15 13:00:00,0.0,0.0,0.0,0.0,31.1804494448421,0.0,0.0,0
2030-04-15 14:00:00,0.0,0.0,0.0,0.0,30.946688319062503,0.0,0.0,0
2030-04-15 15:00:00,0.0,0.0,0.0,0.0,29.049496573604948,0.0,0.0,0
2030-04-15 16:00:00,0.0,0.0,0.0,0.0,25.141841308446267,0.0,0.0,0
2030-04-15 17:00:00,0.0,0.0,0.0,0.0,19.117079136652375,0.0,0.0,0
2030-04-15 18:00:00,0.0,0.0,0.0,0.0,11.327766614337614,0.0,0.0,0
2030-04-15 19:00:00,0.0,0.0,0.0,0.0,3.299463905143586,0.0,0.0,0
2030-04-15 20:00:00,0.0,0.0,0.0,0.0,0.0,0.0,0.0,0
2030-04-15 21:00:00,0.0,0.0,0.0,0.0,0.0,0.0,0.0,0
2030-04-15 22:00:00,0.0,0.0,0.0,0.0,0.0,0.0,0.0,0
2030-04-15 23:00:00,0.0,0.0,0.0,0.0,0.0,0.0,0.0,0
2030-04-16 00:00:00,0.0,0.0,0.0,0.0,0.0,0.0,0.0,0
2030-04-16 01:00:00,0.0,0.0,0.0,0.0,0.0,0.0,0.0,0
2030-04-16 02:00:00,0.0,0.0,0.0,0.0,0.0,0.0,0.0,0
2030-04-16 03:00:00,0.0,0.0,0.0,0.0,0.0,0.0,0.0,0
2030-04-16 04:00:00,0.0,0.0,0.0,0.0,0.0,0.0,0.0,0
2030-04-16 05:00:00,0.0,0.0,0.0,0.0,0.0,0.0,0.0,0
2030-04-16 06:00:00,0.0,0.0,0.0,0.0,0.0,0.0,0.0,0
2030-04-16 07:00:00,0.0,0.0,0.0,0.0,0.0,0.0,0.0,0
2030-04-16 08:00:00,0.0,0.0,0.0,0.0,2.1579083129622108,0.0,0.0,0
2030-04-16 09:00:00,0.0,0.0,0.0,0.0,10.021090529403295,0.0,0.0,0
2030-04-16 10:00:00,0.0,0.0,0.0,0.0,17.721729959267325,0.0,0.0,0
2030-04-16 11:00:00,0.0,0.0,0.0,0.0,24.105235181997696,0.0,0.0,0
2030-04-16 12:00:00,0.0,0.0,0.0,0.0,28.346445626316974,0.0,0.0,0
2030-04-16 13:00:00,0.0,0.0,0.0,0.0,30.43689168621867,0.0,0.0,0
2030-04-16 14:00:00,0.0,0.0,0.0,0.0,30.268898892298303,0.0,0.0,0
2030-04-16 15:00:00,0.0,0.0,0.0,0.0,28.412213958176206,0.0,0.0,0
2030-04-16 16:00:00,0.0,0.0,0.0,0.0,24.540572930732154,0.0,0.0,0
2030-04-16 17:00:00,0.0,0.0,0.0,0.0,18.66929474952575,0.0,0.0,0
2030-04-16 18:00:00,0.0,0.0,0.0,0.0,11.103358879539122,0.0,0.0,0
2030-04-16 19:00:00,0.0,0.0,0.0,0.0,3.1742610337430506,0.0,0.0,0
2030-04-16 20:00:00,0.0,0.0,0.0,0.0,0.0,0.0,0.0,0
2030-04-16 21:00:00,0.0,0.0,0.0,0.0,0.0,0.0,0.0,0
2030-04-16 22:00:00,0.0,0.0,0.0,0.0,0.0,0.0,0.0,0
2030-04-16 23:00:00,0.0,0.0,0.0,0.0,0.0,0.0,0.0,0
2030-04-17 00:00:00,0.0,0.0,0.0,0.0,0.0,0.0,0.0,0
2030-04-17 01:00:00,0.0,0.0,0.0,0.0,0.0,0.0,0.0,0
2030-04-17 02:00:00,0.0,0.0,0.0,0.0,0.0,0.0,0.0,0
2030-04-17 03:00:00,0.0,0.0,0.0,0.0,0.0,0.0,0.0,0
2030-04-17 04:00:00,0.0,0.0,0.0,0.0,0.0,0.0,0.0,0
2030-04-17 05:00:00,0.0,0.0,0.0,0.0,0.0,0.0,0.0,0
2030-04-17 06:00:00,0.0,0.0,0.0,0.0,0.0,0.0,0.0,0
2030-04-17 07:00:00,0.0,0.0,0.0,0.0,0.0,0.0,0.0,0
2030-04-17 08:00:00,0.0,0.0,0.0,0.0,1.8633133214315352,0.0,0.0,0
2030-04-17 09:00:00,0.0,0.0,0.0,0.0,8.375998447948104,0.0,0.0,0
2030-04-17 10:00:00,0.0,0.0,0.0,0.0,15.583117618250371,0.0,0.0,0
2030-04-17 11:00:00,0.0,0.0,0.0,0.0,22.74729956853704,0.0,0.0,0
2030-04-17 12:00:00,0.0,0.0,0.0,0.0,26.927823444601003,0.0,0.0,0
2030-04-17 13:00:00,0.0,0.0,0.0,0.0,29.16269469910061,0.0,0.0,0
2030-04-17 14:00:00,0.0,0.0,0.0,0.0,29.91774166239373,0.0,0.0,0
2030-04-17 15:00:00,0.0,0.0,0.0,0.0,28.138240616052677,0.0,0.0,0
2030-04-17 16:00:00,0.0,0.0,0.0,0.0,24.41242410941631,0.0,0.0,0
2030-04-17 17:00:00,0.0,0.0,0.0,0.0,18.602053442708876,0.0,0.0,0
2030-04-17 18:00:00,0.0,0.0,0.0,0.0,11.106820370689606,0.0,0.0,0
2030-04-17 19:00:00,0.0,0.0,0.0,0.0,3.181625908531315,0.0,0.0,0
2030-04-17 20:00:00,0.0,0.0,0.0,0.0,0.0,0.0,0.0,0
2030-04-17 21:00:00,0.0,0.0,0.0,0.0,0.0,0.0,0.0,0
2030-04-17 22:00:00,0.0,0.0,0.0,0.0,0.0,0.0,0.0,0
2030-04-17 23:00:00,0.0,0.0,0.0,0.0,0.0,0.0,0.0,0
2030-04-18 00:00:00,0.0,0.0,0.0,0.0,0.0,0.0,0.0,0
2030-04-18 01:00:00,0.0,0.0,0.0,0.0,0.0,0.0,0.0,0
2030-04-18 02:00:00,0.0,0.0,0.0,0.0,0.0,0.0,0.0,0
2030-04-18 03:00:00,0.0,0.0,0.0,0.0,0.0,0.0,0.0,0
2030-04-18 04:00:00,0.0,0.0,0.0,0.0,0.0,0.0,0.0,0
2030-04-18 05:00:00,0.0,0.0,0.0,0.0,0.0,0.0,0.0,0
2030-04-18 06:00:00,0.0,0.0,0.0,0.0,0.0,0.0,0.0,0
2030-04-18 07:00:00,0.0,0.0,0.0,0.0,0.0,0.0,0.0,0
2030-04-18 08:00:00,0.0,0.0,0.0,0.0,2.2168273112683483,0.0,0.0,0
2030-04-18 09:00:00,0.0,0.0,0.0,0.0,10.115581872936758,0.0,0.0,0
2030-04-18 10:00:00,0.0,0.0,0.0,0.0,17.727621859097937,0.0,0.0,0
2030-04-18 11:00:00,0.0,0.0,0.0,0.0,24.01206951592612,0.0,0.0,0
2030-04-18 12:00:00,0.0,0.0,0.0,0.0,28.177716344917783,0.0,0.0,0
2030-04-18 13:00:00,0.0,0.0,0.0,0.0,30.279946204480694,0.0,0.0,0
2030-04-18 14:00:00,0.0,0.0,0.0,0.0,30.12204328902025,0.0,0.0,0
2030-04-18 15:00:00,0.0,0.0,0.0,0.0,28.327738844354776,0.0,0.0,0
2030-04-18 16:00:00,0.0,0.0,0.0,0.0,24.483789746114613,0.0,0.0,0
2030-04-18 17:00:00,0.0,0.0,0.0,0.0,18.64366498526258,0.0,0.0,0
2030-04-18 18:00:00,0.0,0.0,0.0,0.0,11.08015952395608,0.0,0.0,0
2030-04-18 19:00:00,0.0,0.0,0.0,0.0,3.2037205328961167,0.0,0.0,0
2030-04-18 20:00:00,0.0,0.0,0.0,0.0,0.0,0.0,0.0,0
2030-04-18 21:00:00,0.0,0.0,0.0,0.0,0.0,0.0,0.0,0
2030-04-18 22:00:00,0.0,0.0,0.0,0.0,0.0,0.0,0.0,0
2030-04-18 23:00:00,0.0,0.0,0.0,0.0,0.0,0.0,0.0,0
2030-04-19 00:00:00,0.0,0.0,0.0,0.0,0.0,0.0,0.0,0
2030-04-19 01:00:00,0.0,0.0,0.0,0.0,0.0,0.0,0.0,0
2030-04-19 02:00:00,0.0,0.0,0.0,0.0,0.0,0.0,0.0,0
2030-04-19 03:00:00,0.0,0.0,0.0,0.0,0.0,0.0,0.0,0
2030-04-19 04:00:00,0.0,0.0,0.0,0.0,0.0,0.0,0.0,0
2030-04-19 05:00:00,0.0,0.0,0.0,0.0,0.0,0.0,0.0,0
2030-04-19 06:00:00,0.0,0.0,0.0,0.0,0.0,0.0,0.0,0
2030-04-19 07:00:00,0.0,0.0,0.0,0.0,0.0,0.0,0.0,0
2030-04-19 08:00:00,0.0,0.0,0.0,0.0,2.231557060844881,0.0,0.0,0
2030-04-19 09:00:00,0.0,0.0,0.0,0.0,10.066752753090547,0.0,0.0,0
2030-04-19 10:00:00,0.0,0.0,0.0,0.0,17.59667438536255,0.0,0.0,0
2030-04-19 11:00:00,0.0,0.0,0.0,0.0,23.640806177849587,0.0,0.0,0
2030-04-19 12:00:00,0.0,0.0,0.0,0.0,27.76425227430448,0.0,0.0,0
2030-04-19 13:00:00,0.0,0.0,0.0,0.0,29.646566972689744,0.0,0.0,0
2030-04-19 14:00:00,0.0,0.0,0.0,0.0,29.501110695621477,0.0,0.0,0
2030-04-19 15:00:00,0.0,0.0,0.0,0.0,27.62881222694825,0.0,0.0,0
2030-04-19 16:00:00,0.0,0.0,0.0,0.0,23.878765282258488,0.0,0.0,0
2030-04-19 17:00:00,0.0,0.0,0.0,0.0,18.23152659211116,0.0,0.0,0
2030-04-19 18:00:00,0.0,0.0,0.0,0.0,10.82349363758498,0.0,0.0,0
2030-04-19 19:00:00,0.0,0.0,0.0,0.0,3.1300717850134503,0.0,0.0,0
2030-04-19 20:00:00,0.0,0.0,0.0,0.0,0.0,0.0,0.0,0
2030-04-19 21:00:00,0.0,0.0,0.0,0.0,0.0,0.0,0.0,0
2030-04-19 22:00:00,0.0,0.0,0.0,0.0,0.0,0.0,0.0,0
2030-04-19 23:00:00,0.0,0.0,0.0,0.0,0.0,0.0,0.0,0
2030-04-20 00:00:00,0.0,0.0,0.0,0.0,0.0,0.0,0.0,0
2030-04-20 01:00:00,0.0,0.0,0.0,0.0,0.0,0.0,0.0,0
2030-04-20 02:00:00,0.0,0.0,0.0,0.0,0.0,0.0,0.0,0
2030-04-20 03:00:00,0.0,0.0,0.0,0.0,0.0,0.0,0.0,0
2030-04-20 04:00:00,0.0,0.0,0.0,0.0,0.0,0.0,0.0,0
2030-04-20 05:00:00,0.0,0.0,0.0,0.0,0.0,0.0,0.0,0
2030-04-20 06:00:00,0.0,0.0,0.0,0.0,0.0,0.0,0.0,0
2030-04-20 07:00:00,0.0,0.0,0.0,0.0,0.0,0.0,0.0,0
2030-04-20 08:00:00,0.0,0.0,0.0,0.0,1.6497319525717908,0.0,0.0,0
2030-04-20 09:00:00,0.0,0.0,0.0,0.0,6.81250917914692,0.0,0.0,0
2030-04-20 10:00:00,0.0,0.0,0.0,0.0,12.36083760088782,0.0,0.0,0
2030-04-20 11:00:00,0.0,0.0,0.0,0.0,18.27858814200819,0.0,0.0,0
2030-04-20 12:00:00,0.0,0.0,0.0,0.0,25.188240019612348,0.0,0.0,0
2030-04-20 13:00:00,0.0,0.0,0.0,0.0,28.12859263008004,0.0,0.0,0
2030-04-20 14:00:00,0.0,0.0,0.0,0.0,29.018637748242096,0.0,0.0,0
2030-04-20 15:00:00,0.0,0.0,0.0,0.0,27.674548099383383,0.0,0.0,0
2030-04-20 16:00:00,0.0,0.0,0.0,0.0,23.91581060244347,0.0,0.0,0
2030-04-20 17:00:00,0.0,0.0,0.0,0.0,18.574361513504986,0.0,0.0,0
2030-04-20 18:00:00,0.0,0.0,0.0,0.0,11.042745960031688,0.0,0.0,0
2030-04-20 19:00:00,0.0,0.0,0.0,0.0,3.2184502824726504,0.0,0.0,0
2030-04-20 20:00:00,0.0,0.0,0.0,0.0,0.0,0.0,0.0,0
2030-04-20 21:00:00,0.0,0.0,0.0,0.0,0.0,0.0,0.0,0
2030-04-20 22:00:00,0.0,0.0,0.0,0.0,0.0,0.0,0.0,0
2030-04-20 23:00:00,0.0,0.0,0.0,0.0,0.0,0.0,0.0,0
2030-04-21 00:00:00,0.0,0.0,0.0,0.0,0.0,0.0,0.0,0
2030-04-21 01:00:00,0.0,0.0,0.0,0.0,0.0,0.0,0.0,0
2030-04-21 02:00:00,0.0,0.0,0.0,0.0,0.0,0.0,0.0,0
2030-04-21 03:00:00,0.0,0.0,0.0,0.0,0.0,0.0,0.0,0
2030-04-21 04:00:00,0.0,0.0,0.0,0.0,0.0,0.0,0.0,0
2030-04-21 05:00:00,0.0,0.0,0.0,0.0,0.0,0.0,0.0,0
2030-04-21 06:00:00,0.0,0.0,0.0,0.0,0.0,0.0,0.0,0
2030-04-21 07:00:00,0.0,0.0,0.0,0.0,0.0,0.0,0.0,0
2030-04-21 08:00:00,0.0,0.0,0.0,0.0,2.42304380533982,0.0,0.0,0
2030-04-21 09:00:00,0.0,0.0,0.0,0.0,10.495167519524035,0.0,0.0,0
2030-04-21 10:00:00,0.0,0.0,0.0,0.0,18.172607593805026,0.0,0.0,0
2030-04-21 11:00:00,0.0,0.0,0.0,0.0,24.326549669385113,0.0,0.0,0
2030-04-21 12:00:00,0.0,0.0,0.0,0.0,28.490797172167014,0.0,0.0,0
2030-04-21 13:00:00,0.0,0.0,0.0,0.0,30.438585607419967,0.0,0.0,0
2030-04-21 14:00:00,0.0,0.0,0.0,0.0,30.116887876668468,0.0,0.0,0
2030-04-21 15:00:00,0.0,0.0,0.0,0.0,28.33466182665575,0.0,0.0,0
2030-04-21 16:00:00,0.0,0.0,0.0,0.0,24.513249245267684,0.0,0.0,0
2030-04-21 17:00:00,0.0,0.0,0.0,0.0,18.78219828002988,0.0,0.0,0
2030-04-21 18:00:00,0.0,0.0,0.0,0.0,11.25227664775788,0.0,0.0,0
2030-04-21 19:00:00,0.0,0.0,0.0,0.0,3.277369280778788,0.0,0.0,0
2030-04-21 20:00:00,0.0,0.0,0.0,0.0,0.0,0.0,0.0,0
2030-04-21 21:00:00,0.0,0.0,0.0,0.0,0.0,0.0,0.0,0
2030-04-21 22:00:00,0.0,0.0,0.0,0.0,0.0,0.0,0.0,0
2030-04-21 23:00:00,0.0,0.0,0.0,0.0,0.0,0.0,0.0,0
2030-04-22 00:00:00,0.0,0.0,0.0,0.0,0.0,0.0,0.0,0
2030-04-22 01:00:00,0.0,0.0,0.0,0.0,0.0,0.0,0.0,0
2030-04-22 02:00:00,0.0,0.0,0.0,0.0,0.0,0.0,0.0,0
2030-04-22 03:00:00,0.0,0.0,0.0,0.0,0.0,0.0,0.0,0
2030-04-22 04:00:00,0.0,0.0,0.0,0.0,0.0,0.0,0.0,0
2030-04-22 05:00:00,0.0,0.0,0.0,0.0,0.0,0.0,0.0,0
2030-04-22 06:00:00,0.0,0.0,0.0,0.0,0.0,0.0,0.0,0
2030-04-22 07:00:00,0.0,0.0,0.0,0.0,0.0,0.0,0.0,0
2030-04-22 08:00:00,0.0,0.0,0.0,0.0,2.4451384297046217,0.0,0.0,0
2030-04-22 09:00:00,0.0,0.0,0.0,0.0,10.461583690489537,0.0,0.0,0
2030-04-22 10:00:00,0.0,0.0,0.0,0.0,18.0112431871941,0.0,0.0,0
2030-04-22 11:00:00,0.0,0.0,0.0,0.0,24.04845199738016,0.0,0.0,0
2030-04-22 12:00:00,0.0,0.0,0.0,0.0,28.147962250773183,0.0,0.0,0
2030-04-22 13:00:00,0.0,0.0,0.0,0.0,30.15945685294465,0.0,0.0,0
2030-04-22 14:00:00,0.0,0.0,0.0,0.0,29.442559941054743,0.0,0.0,0
2030-04-22 15:00:00,0.0,0.0,0.0,0.0,27.57342836854048,0.0,0.0,0
2030-04-22 16:00:00,0.0,0.0,0.0,0.0,23.811892219181026,0.0,0.0,0
2030-04-22 17:00:00,0.0,0.0,0.0,0.0,18.350984861176848,0.0,0.0,0
2030-04-22 18:00:00,0.0,0.0,0.0,0.0,10.895522113014229,0.0,0.0,0
2030-04-22 19:00:00,0.0,0.0,0.0,0.0,3.181625908531315,0.0,0.0,0
2030-04-22 20:00:00,0.0,0.0,0.0,0.0,0.0,0.0,0.0,0
2030-04-22 21:00:00,0.0,0.0,0.0,0.0,0.0,0.0,0.0,0
2030-04-22 22:00:00,0.0,0.0,0.0,0.0,0.0,0.0,0.0,0
2030-04-22 23:00:00,0.0,0.0,0.0,0.0,0.0,0.0,0.0,0
2030-04-23 00:00:00,0.0,0.0,0.0,0.0,0.0,0.0,0.0,0
2030-04-23 01:00:00,0.0,0.0,0.0,0.0,0.0,0.0,0.0,0
2030-04-23 02:00:00,0.0,0.0,0.0,0.0,0.0,0.0,0.0,0
2030-04-23 03:00:00,0.0,0.0,0.0,0.0,0.0,0.0,0.0,0
2030-04-23 04:00:00,0.0,0.0,0.0,0.0,0.0,0.0,0.0,0
2030-04-23 05:00:00,0.0,0.0,0.0,0.0,0.0,0.0,0.0,0
2030-04-23 06:00:00,0.0,0.0,0.0,0.0,0.0,0.0,0.0,0
2030-04-23 07:00:00,0.0,0.0,0.0,0.0,0.0,0.0,0.0,0
2030-04-23 08:00:00,0.0,0.0,0.0,0.0,2.4598681792811554,0.0,0.0,0
2030-04-23 09:00:00,0.0,0.0,0.0,0.0,10.461951934228953,0.0,0.0,0
2030-04-23 10:00:00,0.0,0.0,0.0,0.0,17.98598166667034,0.0,0.0,0
2030-04-23 11:00:00,0.0,0.0,0.0,0.0,24.02179115064663,0.0,0.0,0
2030-04-23 12:00:00,0.0,0.0,0.0,0.0,28.08455067884621,0.0,0.0,0
2030-04-23 13:00:00,0.0,0.0,0.0,0.0,30.14214939719222,0.0,0.0,0
2030-04-23 14:00:00,0.0,0.0,0.0,0.0,29.562754697599264,0.0,0.0,0
2030-04-23 15:00:00,0.0,0.0,0.0,0.0,27.46052483803635,0.0,0.0,0
2030-04-23 16:00:00,0.0,0.0,0.0,0.0,23.82227669263248,0.0,0.0,0
2030-04-23 17:00:00,0.0,0.0,0.0,0.0,18.109269670625928,0.0,0.0,0
2030-04-23 18:00:00,0.0,0.0,0.0,0.0,10.760450309397411,0.0,0.0,0
2030-04-23 19:00:00,0.0,0.0,0.0,0.0,3.078517661495577,0.0,0.0,0
2030-04-23 20:00:00,0.0,0.0,0.0,0.0,0.0,0.0,0.0,0
2030-04-23 21:00:00,0.0,0.0,0.0,0.0,0.0,0.0,0.0,0
2030-04-23 22:00:00,0.0,0.0,0.0,0.0,0.0,0.0,0.0,0
2030-04-23 23:00:00,0.0,0.0,0.0,0.0,0.0,0.0,0.0,0
2030-04-24 00:00:00,0.0,0.0,0.0,0.0,0.0,0.0,0.0,0
2030-04-24 01:00:00,0.0,0.0,0.0,0.0,0.0,0.0,0.0,0
2030-04-24 02:00:00,0.0,0.0,0.0,0.0,0.0,0.0,0.0,0
2030-04-24 03:00:00,0.0,0.0,0.0,0.0,0.0,0.0,0.0,0
2030-04-24 04:00:00,0.0,0.0,0.0,0.0,0.0,0.0,0.0,0
2030-04-24 05:00:00,0.0,0.0,0.0,0.0,0.0,0.0,0.0,0
2030-04-24 06:00:00,0.0,0.0,0.0,0.0,0.0,0.0,0.0,0
2030-04-24 07:00:00,0.0,0.0,0.0,0.0,0.0,0.0,0.0,0
2030-04-24 08:00:00,0.0,0.0,0.0,0.0,2.5187871775872925,0.0,0.0,0
2030-04-24 09:00:00,0.0,0.0,0.0,0.0,10.519397957577432,0.0,0.0,0
2030-04-24 10:00:00,0.0,0.0,0.0,0.0,18.11545616544808,0.0,0.0,0
2030-04-24 11:00:00,0.0,0.0,0.0,0.0,24.184554883467328,0.0,0.0,0
2030-04-24 12:00:00,0.0,0.0,0.0,0.0,28.28958879295156,0.0,0.0,0
2030-04-24 13:00:00,0.0,0.0,0.0,0.0,30.25777793136801,0.0,0.0,0
2030-04-24 14:00:00,0.0,0.0,0.0,0.0,29.79857798831957,0.0,0.0,0
2030-04-24 15:00:00,0.0,0.0,0.0,0.0,27.936001154366863,0.0,0.0,0
2030-04-24 16:00:00,0.0,0.0,0.0,0.0,24.103835855787928,0.0,0.0,0
2030-04-24 17:00:00,0.0,0.0,0.0,0.0,18.473904621393032,0.0,0.0,0
2030-04-24 18:00:00,0.0,0.0,0.0,0.0,11.00673172231706,0.0,0.0,0
2030-04-24 19:00:00,0.0,0.0,0.0,0.0,3.2552746564139863,0.0,0.0,0
2030-04-24 20:00:00,0.0,0.0,0.0,0.0,0.0,0.0,0.0,0
2030-04-24 21:00:00,0.0,0.0,0.0,0.0,0.0,0.0,0.0,0
2030-04-24 22:00:00,0.0,0.0,0.0,0.0,0.0,0.0,0.0,0
2030-04-24 23:00:00,0.0,0.0,0.0,0.0,0.0,0.0,0.0,0
2030-04-25 00:00:00,0.0,0.0,0.0,0.0,0.0,0.0,0.0,0
2030-04-25 01:00:00,0.0,0.0,0.0,0.0,0.0,0.0,0.0,0
2030-04-25 02:00:00,0.0,0.0,0.0,0.0,0.0,0.0,0.0,0
2030-04-25 03:00:00,0.0,0.0,0.0,0.0,0.0,0.0,0.0,0
2030-04-25 04:00:00,0.0,0.0,0.0,0.0,0.0,0.0,0.0,0
2030-04-25 05:00:00,0.0,0.0,0.0,0.0,0.0,0.0,0.0,0
2030-04-25 06:00:00,0.0,0.0,0.0,0.0,0.0,0.0,0.0,0
2030-04-25 07:00:00,0.0,0.0,0.0,0.0,0.0,0.0,0.0,0
2030-04-25 08:00:00,0.0,0.0,0.0,0.0,2.496692553222491,0.0,0.0,0
2030-04-25 09:00:00,0.0,0.0,0.0,0.0,10.537441900808687,0.0,0.0,0
2030-04-25 10:00:00,0.0,0.0,0.0,0.0,18.22703401849032,0.0,0.0,0
2030-04-25 11:00:00,0.0,0.0,0.0,0.0,24.195970439389143,0.0,0.0,0
2030-04-25 12:00:00,0.0,0.0,0.0,0.0,27.965460653519933,0.0,0.0,0
2030-04-25 13:00:00,0.0,0.0,0.0,0.0,29.045666838715047,0.0,0.0,0
2030-04-25 14:00:00,0.0,0.0,0.0,0.0,28.93379439068127,0.0,0.0,0
2030-04-25 15:00:00,0.0,0.0,0.0,0.0,26.21681843254171,0.0,0.0,0
2030-04-25 16:00:00,0.0,0.0,0.0,0.0,22.97067622086517,0.0,0.0,0
2030-04-25 17:00:00,0.0,0.0,0.0,0.0,14.894280879303764,0.0,0.0,0
2030-04-25 18:00:00,0.0,0.0,0.0,0.0,8.461210049248354,0.0,0.0,0
2030-04-25 19:00:00,0.0,0.0,0.0,0.0,3.144801534589979,0.0,0.0,0
2030-04-25 20:00:00,0.0,0.0,0.0,0.0,0.0,0.0,0.0,0
2030-04-25 21:00:00,0.0,0.0,0.0,0.0,0.0,0.0,0.0,0
2030-04-25 22:00:00,0.0,0.0,0.0,0.0,0.0,0.0,0.0,0
2030-04-25 23:00:00,0.0,0.0,0.0,0.0,0.0,0.0,0.0,0
2030-04-26 00:00:00,0.0,0.0,0.0,0.0,0.0,0.0,0.0,0
2030-04-26 01:00:00,0.0,0.0,0.0,0.0,0.0,0.0,0.0,0
2030-04-26 02:00:00,0.0,0.0,0.0,0.0,0.0,0.0,0.0,0
2030-04-26 03:00:00,0.0,0.0,0.0,0.0,0.0,0.0,0.0,0
2030-04-26 04:00:00,0.0,0.0,0.0,0.0,0.0,0.0,0.0,0
2030-04-26 05:00:00,0.0,0.0,0.0,0.0,0.0,0.0,0.0,0
2030-04-26 06:00:00,0.0,0.0,0.0,0.0,0.0,0.0,0.0,0
2030-04-26 07:00:00,0.0,0.0,0.0,0.0,0.0,0.0,0.0,0
2030-04-26 08:00:00,0.0,0.0,0.0,0.0,2.342030182668884,0.0,0.0,0
2030-04-26 09:00:00,0.0,0.0,0.0,0.0,9.614107548603663,0.0,0.0,0
2030-04-26 10:00:00,0.0,0.0,0.0,0.0,17.949967428955716,0.0,0.0,0
2030-04-26 11:00:00,0.0,0.0,0.0,0.0,23.52650332113568,0.0,0.0,0
2030-04-26 12:00:00,0.0,0.0,0.0,0.0,26.85962470406165,0.0,0.0,0
2030-04-26 13:00:00,0.0,0.0,0.0,0.0,29.54537359309896,0.0,0.0,0
2030-04-26 14:00:00,0.0,0.0,0.0,0.0,29.080649993959312,0.0,0.0,0
2030-04-26 15:00:00,0.0,0.0,0.0,0.0,28.252911716505988,0.0,0.0,0
2030-04-26 16:00:00,0.0,0.0,0.0,0.0,24.33310440794668,0.0,0.0,0
2030-04-26 17:00:00,0.0,0.0,0.0,0.0,18.658173788595462,0.0,0.0,0
2030-04-26 18:00:00,0.0,0.0,0.0,0.0,11.13620622109479,0.0,0.0,0
2030-04-26 19:00:00,0.0,0.0,0.0,0.0,3.2552746564139863,0.0,0.0,0
2030-04-26 20:00:00,0.0,0.0,0.0,0.0,0.0,0.0,0.0,0
2030-04-26 21:00:00,0.0,0.0,0.0,0.0,0.0,0.0,0.0,0
2030-04-26 22:00:00,0.0,0.0,0.0,0.0,0.0,0.0,0.0,0
2030-04-26 23:00:00,0.0,0.0,0.0,0.0,0.0,0.0,0.0,0
2030-04-27 00:00:00,0.0,0.0,0.0,0.0,0.0,0.0,0.0,0
2030-04-27 01:00:00,0.0,0.0,0.0,0.0,0.0,0.0,0.0,0
2030-04-27 02:00:00,0.0,0.0,0.0,0.0,0.0,0.0,0.0,0
2030-04-27 03:00:00,0.0,0.0,0.0,0.0,0.0,0.0,0.0,0
2030-04-27 04:00:00,0.0,0.0,0.0,0.0,0.0,0.0,0.0,0
2030-04-27 05:00:00,0.0,0.0,0.0,0.0,0.0,0.0,0.0,0
2030-04-27 06:00:00,0.0,0.0,0.0,0.0,0.0,0.0,0.0,0
2030-04-27 07:00:00,0.0,0.0,0.0,0.0,0.0,0.0,0.0,0
2030-04-27 08:00:00,0.0,0.0,0.0,0.0,2.342030182668884,0.0,0.0,0
2030-04-27 09:00:00,0.0,0.0,0.0,0.0,8.48234723989068,0.0,0.0,0
2030-04-27 10:00:00,0.0,0.0,0.0,0.0,15.768049624183751,0.0,0.0,0
2030-04-27 11:00:00,0.0,0.0,0.0,0.0,20.86012405279152,0.0,0.0,0
2030-04-27 12:00:00,0.0,0.0,0.0,0.0,22.88789502824505,0.0,0.0,0
2030-04-27 13:00:00,0.0,0.0,0.0,0.0,20.79398747719288,0.0,0.0,0
2030-04-27 14:00:00,0.0,0.0,0.0,0.0,23.14625483581745,0.0,0.0,0
2030-04-27 15:00:00,0.0,0.0,0.0,0.0,20.14771971452245,0.0,0.0,0
2030-04-27 16:00:00,0.0,0.0,0.0,0.0,18.06176622824161,0.0,0.0,0
2030-04-27 17:00:00,0.0,0.0,0.0,0.0,13.794336829676094,0.0,0.0,0
2030-04-27 18:00:00,0.0,0.0,0.0,0.0,8.705355648479404,0.0,0.0,0
2030-04-27 19:00:00,0.0,0.0,0.0,0.0,3.0490581623425106,0.0,0.0,0
2030-04-27 20:00:00,0.0,0.0,0.0,0.0,0.0,0.0,0.0,0
2030-04-27 21:00:00,0.0,0.0,0.0,0.0,0.0,0.0,0.0,0
2030-04-27 22:00:00,0.0,0.0,0.0,0.0,0.0,0.0,0.0,0
2030-04-27 23:00:00,0.0,0.0,0.0,0.0,0.0,0.0,0.0,0
2030-04-28 00:00:00,0.0,0.0,0.0,0.0,0.0,0.0,0.0,0
2030-04-28 01:00:00,0.0,0.0,0.0,0.0,0.0,0.0,0.0,0
2030-04-28 02:00:00,0.0,0.0,0.0,0.0,0.0,0.0,0.0,0
2030-04-28 03:00:00,0.0,0.0,0.0,0.0,0.0,0.0,0.0,0
2030-04-28 04:00:00,0.0,0.0,0.0,0.0,0.0,0.0,0.0,0
2030-04-28 05:00:00,0.0,0.0,0.0,0.0,0.0,0.0,0.0,0
2030-04-28 06:00:00,0.0,0.0,0.0,0.0,0.0,0.0,0.0,0
2030-04-28 07:00:00,0.0,0.0,0.0,0.0,0.0,0.0,0.0,0
2030-04-28 08:00:00,0.0,0.0,0.0,0.0,2.4893276784342215,0.0,0.0,0
2030-04-28 09:00:00,0.0,0.0,0.0,0.0,9.723549587957312,0.0,0.0,0
2030-04-28 10:00:00,0.0,0.0,0.0,0.0,16.05829933958935,0.0,0.0,0
2030-04-28 11:00:00,0.0,0.0,0.0,0.0,22.434586985027224,0.0,0.0,0
2030-04-28 12:00:00,0.0,0.0,0.0,0.0,27.096479077252315,0.0,0.0,0
2030-04-28 13:00:00,0.0,0.0,0.0,0.0,29.91663693117549,0.0,0.0,0
2030-04-28 14:00:00,0.0,0.0,0.0,0.0,29.514220172744583,0.0,0.0,0
2030-04-28 15:00:00,0.0,0.0,0.0,0.0,27.862941596467255,0.0,0.0,0
2030-04-28 16:00:00,0.0,0.0,0.0,0.0,23.77484689899604,0.0,0.0,0
2030-04-28 17:00:00,0.0,0.0,0.0,0.0,17.993935731441667,0.0,0.0,0
2030-04-28 18:00:00,0.0,0.0,0.0,0.0,10.598717659047068,0.0,0.0,0
2030-04-28 19:00:00,0.0,0.0,0.0,0.0,3.056423037130779,0.0,0.0,0
2030-04-28 20:00:00,0.0,0.0,0.0,0.0,0.0,0.0,0.0,0
2030-04-28 21:00:00,0.0,0.0,0.0,0.0,0.0,0.0,0.0,0
2030-04-28 22:00:00,0.0,0.0,0.0,0.0,0.0,0.0,0.0,0
2030-04-28 23:00:00,0.0,0.0,0.0,0.0,0.0,0.0,0.0,0
2030-04-29 00:00:00,0.0,0.0,0.0,0.0,0.0,0.0,0.0,0
2030-04-29 01:00:00,0.0,0.0,0.0,0.0,0.0,0.0,0.0,0
2030-04-29 02:00:00,0.0,0.0,0.0,0.0,0.0,0.0,0.0,0
2030-04-29 03:00:00,0.0,0.0,0.0,0.0,0.0,0.0,0.0,0
2030-04-29 04:00:00,0.0,0.0,0.0,0.0,0.0,0.0,0.0,0
2030-04-29 05:00:00,0.0,0.0,0.0,0.0,0.0,0.0,0.0,0
2030-04-29 06:00:00,0.0,0.0,0.0,0.0,0.0,0.0,0.0,0
2030-04-29 07:00:00,0.0,0.0,0.0,0.0,0.0,0.0,0.0,0
2030-04-29 08:00:00,0.0,0.0,0.0,0.0,2.3641248070336855,0.0,0.0,0
2030-04-29 09:00:00,0.0,0.0,0.0,0.0,8.558868288940777,0.0,0.0,0
2030-04-29 10:00:00,0.0,0.0,0.0,0.0,16.331536194234058,0.0,0.0,0
2030-04-29 11:00:00,0.0,0.0,0.0,0.0,22.624011564581448,0.0,0.0,0
2030-04-29 12:00:00,0.0,0.0,0.0,0.0,25.763804984315406,0.0,0.0,0
2030-04-29 13:00:00,0.0,0.0,0.0,0.0,28.101563539607103,0.0,0.0,0
2030-04-29 14:00:00,0.0,0.0,0.0,0.0,27.25445564146064,0.0,0.0,0
2030-04-29 15:00:00,0.0,0.0,0.0,0.0,26.951759287662863,0.0,0.0,0
2030-04-29 16:00:00,0.0,0.0,0.0,0.0,23.86175242149759,0.0,0.0,0
2030-04-29 17:00:00,0.0,0.0,0.0,0.0,17.896277491749252,0.0,0.0,0
2030-04-29 18:00:00,0.0,0.0,0.0,0.0,10.821799716383676,0.0,0.0,0
2030-04-29 19:00:00,0.0,0.0,0.0,0.0,3.0858825362838465,0.0,0.0,0
2030-04-29 20:00:00,0.0,0.0,0.0,0.0,0.0,0.0,0.0,0
2030-04-29 21:00:00,0.0,0.0,0.0,0.0,0.0,0.0,0.0,0
2030-04-29 22:00:00,0.0,0.0,0.0,0.0,0.0,0.0,0.0,0
2030-04-29 23:00:00,0.0,0.0,0.0,0.0,0.0,0.0,0.0,0
2030-04-30 00:00:00,0.0,0.0,0.0,0.0,0.0,0.0,0.0,0
2030-04-30 01:00:00,0.0,0.0,0.0,0.0,0.0,0.0,0.0,0
2030-04-30 02:00:00,0.0,0.0,0.0,0.0,0.0,0.0,0.0,0
2030-04-30 03:00:00,0.0,0.0,0.0,0.0,0.0,0.0,0.0,0
2030-04-30 04:00:00,0.0,0.0,0.0,0.0,0.0,0.0,0.0,0
2030-04-30 05:00:00,0.0,0.0,0.0,0.0,0.0,0.0,0.0,0
2030-04-30 06:00:00,0.0,0.0,0.0,0.0,0.0,0.0,0.0,0
2030-04-30 07:00:00,0.0,0.0,0.0,0.0,0.0,0.0,0.0,0
2030-04-30 08:00:00,0.0,0.0,0.0,0.0,2.651354923776097,0.0,0.0,0
2030-04-30 09:00:00,0.0,0.0,0.0,0.0,10.214344843847416,0.0,0.0,0
2030-04-30 10:00:00,0.0,0.0,0.0,0.0,17.720993471788503,0.0,0.0,0
2030-04-30 11:00:00,0.0,0.0,0.0,0.0,23.30386315628637,0.0,0.0,0
2030-04-30 12:00:00,0.0,0.0,0.0,0.0,27.653410908741066,0.0,0.0,0
2030-04-30 13:00:00,0.0,0.0,0.0,0.0,29.771548897846632,0.0,0.0,0
2030-04-30 14:00:00,0.0,0.0,0.0,0.0,29.344165213883496,0.0,0.0,0
2030-04-30 15:00:00,0.0,0.0,0.0,0.0,27.5083228754122,0.0,0.0,0
2030-04-30 16:00:00,0.0,0.0,0.0,0.0,23.790460433547167,0.0,0.0,0
2030-04-30 17:00:00,0.0,0.0,0.0,0.0,18.034074299037727,0.0,0.0,0
2030-04-30 18:00:00,0.0,0.0,0.0,0.0,10.73312662393294,0.0,0.0,0
2030-04-30 19:00:00,0.0,0.0,0.0,0.0,3.1742610337430506,0.0,0.0,0
2030-04-30 20:00:00,0.0,0.0,0.0,0.0,0.0,0.0,0.0,0
2030-04-30 21:00:00,0.0,0.0,0.0,0.0,0.0,0.0,0.0,0
2030-04-30 22:00:00,0.0,0.0,0.0,0.0,0.0,0.0,0.0,0
2030-04-30 23:00:00,0.0,0.0,0.0,0.0,0.0,0.0,0.0,0
2030-05-01 00:00:00,0.0,0.0,0.0,0.0,0.0,0.0,0.0,0
2030-05-01 01:00:00,0.0,0.0,0.0,0.0,0.0,0.0,0.0,0
2030-05-01 02:00:00,0.0,0.0,0.0,0.0,0.0,0.0,0.0,0
2030-05-01 03:00:00,0.0,0.0,0.0,0.0,0.0,0.0,0.0,0
2030-05-01 04:00:00,0.0,0.0,0.0,0.0,0.0,0.0,0.0,0
2030-05-01 05:00:00,0.0,0.0,0.0,0.0,0.0,0.0,0.0,0
2030-05-01 06:00:00,0.0,0.0,0.0,0.0,0.0,0.0,0.0,0
2030-05-01 07:00:00,0.0,0.0,0.0,0.0,0.0,0.0,0.0,0
2030-05-01 08:00:00,0.0,0.0,0.0,0.0,2.7176387968705,0.0,0.0,0
2030-05-01 09:00:00,0.0,0.0,0.0,0.0,10.611532541178656,0.0,0.0,0
2030-05-01 10:00:00,0.0,0.0,0.0,0.0,17.943707285385692,0.0,0.0,0
2030-05-01 11:00:00,0.0,0.0,0.0,0.0,23.8001084195198,0.0,0.0,0
2030-05-01 12:00:00,0.0,0.0,0.0,0.0,27.770807012866037,0.0,0.0,0
2030-05-01 13:00:00,0.0,0.0,0.0,0.0,29.723750860470776,0.0,0.0,0
2030-05-01 14:00:00,0.0,0.0,0.0,0.0,29.32516383692977,0.0,0.0,0
2030-05-01 15:00:00,0.0,0.0,0.0,0.0,27.493740423331435,0.0,0.0,0
2030-05-01 16:00:00,0.0,0.0,0.0,0.0,23.750616460942645,0.0,0.0,0
2030-05-01 17:00:00,0.0,0.0,0.0,0.0,18.097117627225288,0.0,0.0,0
2030-05-01 18:00:00,0.0,0.0,0.0,0.0,10.788510482340708,0.0,0.0,0
2030-05-01 19:00:00,0.0,0.0,0.0,0.0,3.188990783319584,0.0,0.0,0
2030-05-01 20:00:00,0.0,0.0,0.0,0.0,0.0,0.0,0.0,0
2030-05-01 21:00:00,0.0,0.0,0.0,0.0,0.0,0.0,0.0,0
2030-05-01 22:00:00,0.0,0.0,0.0,0.0,0.0,0.0,0.0,0
2030-05-01 23:00:00,0.0,0.0,0.0,0.0,0.0,0.0,0.0,0
2030-05-02 00:00:00,0.0,0.0,0.0,0.0,0.0,0.0,0.0,0
2030-05-02 01:00:00,0.0,0.0,0.0,0.0,0.0,0.0,0.0,0
2030-05-02 02:00:00,0.0,0.0,0.0,0.0,0.0,0.0,0.0,0
2030-05-02 03:00:00,0.0,0.0,0.0,0.0,0.0,0.0,0.0,0
2030-05-02 04:00:00,0.0,0.0,0.0,0.0,0.0,0.0,0.0,0
2030-05-02 05:00:00,0.0,0.0,0.0,0.0,0.0,0.0,0.0,0
2030-05-02 06:00:00,0.0,0.0,0.0,0.0,0.0,0.0,0.0,0
2030-05-02 07:00:00,0.0,0.0,0.0,0.0,0.0,0.0,0.0,0
2030-05-02 08:00:00,0.0,0.0,0.0,0.0,2.725003671658764,0.0,0.0,0
2030-05-02 09:00:00,0.0,0.0,0.0,0.0,10.595992655375408,0.0,0.0,0
2030-05-02 10:00:00,0.0,0.0,0.0,0.0,17.908724130141422,0.0,0.0,0
2030-05-02 11:00:00,0.0,0.0,0.0,0.0,23.76240026060387,0.0,0.0,0
2030-05-02 12:00:00,0.0,0.0,0.0,0.0,27.647887252649863,0.0,0.0,0
2030-05-02 13:00:00,0.0,0.0,0.0,0.0,29.61710747353668,0.0,0.0,0
2030-05-02 14:00:00,0.0,0.0,0.0,0.0,29.273904308403434,0.0,0.0,0
2030-05-02 15:00:00,0.0,0.0,0.0,0.0,27.44874103837512,0.0,0.0,0
2030-05-02 16:00:00,0.0,0.0,0.0,0.0,23.63911225664828,0.0,0.0,0
2030-05-02 17:00:00,0.0,0.0,0.0,0.0,18.06176622824161,0.0,0.0,0
2030-05-02 18:00:00,0.0,0.0,0.0,0.0,10.73312662393294,0.0,0.0,0
2030-05-02 19:00:00,0.0,0.0,0.0,0.0,3.181625908531315,0.0,0.0,0
2030-05-02 20:00:00,0.0,0.0,0.0,0.0,0.0,0.0,0.0,0
2030-05-02 21:00:00,0.0,0.0,0.0,0.0,0.0,0.0,0.0,0
2030-05-02 22:00:00,0.0,0.0,0.0,0.0,0.0,0.0,0.0,0
2030-05-02 23:00:00,0.0,0.0,0.0,0.0,0.0,0.0,0.0,0
2030-05-03 00:00:00,0.0,0.0,0.0,0.0,0.0,0.0,0.0,0
2030-05-03 01:00:00,0.0,0.0,0.0,0.0,0.0,0.0,0.0,0
2030-05-03 02:00:00,0.0,0.0,0.0,0.0,0.0,0.0,0.0,0
2030-05-03 03:00:00,0.0,0.0,0.0,0.0,0.0,0.0,0.0,0
2030-05-03 04:00:00,0.0,0.0,0.0,0.0,0.0,0.0,0.0,0
2030-05-03 05:00:00,0.0,0.0,0.0,0.0,0.0,0.0,0.0,0
2030-05-03 06:00:00,0.0,0.0,0.0,0.0,0.0,0.0,0.0,0
2030-05-03 07:00:00,0.0,0.0,0.0,0.0,0.0,0.0,0.0,0
2030-05-03 08:00:00,0.0,0.0,0.0,0.0,2.725003671658764,0.0,0.0,0
2030-05-03 09:00:00,0.0,0.0,0.0,0.0,10.494799275784622,0.0,0.0,0
2030-05-03 10:00:00,0.0,0.0,0.0,0.0,17.858863927824856,0.0,0.0,0
2030-05-03 11:00:00,0.0,0.0,0.0,0.0,23.718063714378506,0.0,0.0,0
2030-05-03 12:00:00,0.0,0.0,0.0,0.0,27.49064717592036,0.0,0.0,0
2030-05-03 13:00:00,0.0,0.0,0.0,0.0,29.3985916385688,0.0,0.0,0
2030-05-03 14:00:00,0.0,0.0,0.0,0.0,29.134339931165776,0.0,0.0,0
2030-05-03 15:00:00,0.0,0.0,0.0,0.0,27.281779326925115,0.0,0.0,0
2030-05-03 16:00:00,0.0,0.0,0.0,0.0,23.54521010309788,0.0,0.0,0
2030-05-03 17:00:00,0.0,0.0,0.0,0.0,18.061103389510663,0.0,0.0,0
2030-05-03 18:00:00,0.0,0.0,0.0,0.0,10.758019900717285,0.0,0.0,0
2030-05-03 19:00:00,0.0,0.0,0.0,0.0,3.196355658107852,0.0,0.0,0
2030-05-03 20:00:00,0.0,0.0,0.0,0.0,0.0,0.0,0.0,0
2030-05-03 21:00:00,0.0,0.0,0.0,0.0,0.0,0.0,0.0,0
2030-05-03 22:00:00,0.0,0.0,0.0,0.0,0.0,0.0,0.0,0
2030-05-03 23:00:00,0.0,0.0,0.0,0.0,0.0,0.0,0.0,0
2030-05-04 00:00:00,0.0,0.0,0.0,0.0,0.0,0.0,0.0,0
2030-05-04 01:00:00,0.0,0.0,0.0,0.0,0.0,0.0,0.0,0
2030-05-04 02:00:00,0.0,0.0,0.0,0.0,0.0,0.0,0.0,0
2030-05-04 03:00:00,0.0,0.0,0.0,0.0,0.0,0.0,0.0,0
2030-05-04 04:00:00,0.0,0.0,0.0,0.0,0.0,0.0,0.0,0
2030-05-04 05:00:00,0.0,0.0,0.0,0.0,0.0,0.0,0.0,0
2030-05-04 06:00:00,0.0,0.0,0.0,0.0,0.0,0.0,0.0,0
2030-05-04 07:00:00,0.0,0.0,0.0,0.0,0.0,0.0,0.0,0
2030-05-04 08:00:00,0.0,0.0,0.0,0.0,2.783922669964902,0.0,0.0,0
2030-05-04 09:00:00,0.0,0.0,0.0,0.0,10.634069058030756,0.0,0.0,0
2030-05-04 10:00:00,0.0,0.0,0.0,0.0,17.971767458328987,0.0,0.0,0
2030-05-04 11:00:00,0.0,0.0,0.0,0.0,23.936211305606967,0.0,0.0,0
2030-05-04 12:00:00,0.0,0.0,0.0,0.0,27.95647550627824,0.0,0.0,0
2030-05-04 13:00:00,0.0,0.0,0.0,0.0,29.94712751279892,0.0,0.0,0
2030-05-04 14:00:00,0.0,0.0,0.0,0.0,29.49691271699216,0.0,0.0,0
2030-05-04 15:00:00,0.0,0.0,0.0,0.0,27.688394063985328,0.0,0.0,0
2030-05-04 16:00:00,0.0,0.0,0.0,0.0,23.8940105730702,0.0,0.0,0
2030-05-04 17:00:00,0.0,0.0,0.0,0.0,18.22489820480172,0.0,0.0,0
2030-05-04 18:00:00,0.0,0.0,0.0,0.0,10.852953136738044,0.0,0.0,0
2030-05-04 19:00:00,0.0,0.0,0.0,0.0,3.233180032049184,0.0,0.0,0
2030-05-04 20:00:00,0.0,0.0,0.0,0.0,0.0,0.0,0.0,0
2030-05-04 21:00:00,0.0,0.0,0.0,0.0,0.0,0.0,0.0,0
2030-05-04 22:00:00,0.0,0.0,0.0,0.0,0.0,0.0,0.0,0
2030-05-04 23:00:00,0.0,0.0,0.0,0.0,0.0,0.0,0.0,0
2030-05-05 00:00:00,0.0,0.0,0.0,0.0,0.0,0.0,0.0,0
2030-05-05 01:00:00,0.0,0.0,0.0,0.0,0.0,0.0,0.0,0
2030-05-05 02:00:00,0.0,0.0,0.0,0.0,0.0,0.0,0.0,0
2030-05-05 03:00:00,0.0,0.0,0.0,0.0,0.0,0.0,0.0,0
2030-05-05 04:00:00,0.0,0.0,0.0,0.0,0.0,0.0,0.0,0
2030-05-05 05:00:00,0.0,0.0,0.0,0.0,0.0,0.0,0.0,0
2030-05-05 06:00:00,0.0,0.0,0.0,0.0,0.0,0.0,0.0,0
2030-05-05 07:00:00,0.0,0.0,0.0,0.0,0.0,0.0,0.0,0
2030-05-05 08:00:00,0.0,0.0,0.0,0.0,2.84284166827104,0.0,0.0,0
2030-05-05 09:00:00,0.0,0.0,0.0,0.0,10.74800367100524,0.0,0.0,0
2030-05-05 10:00:00,0.0,0.0,0.0,0.0,17.93678430308472,0.0,0.0,0
2030-05-05 11:00:00,0.0,0.0,0.0,0.0,23.816090197810336,0.0,0.0,0
2030-05-05 12:00:00,0.0,0.0,0.0,0.0,27.739285348772256,0.0,0.0,0
2030-05-05 13:00:00,0.0,0.0,0.0,0.0,29.604660835144504,0.0,0.0,0
2030-05-05 14:00:00,0.0,0.0,0.0,0.0,29.168218355191804,0.0,0.0,0
2030-05-05 15:00:00,0.0,0.0,0.0,0.0,27.322654381999993,0.0,0.0,0
2030-05-05 16:00:00,0.0,0.0,0.0,0.0,23.570177028630106,0.0,0.0,0
2030-05-05 17:00:00,0.0,0.0,0.0,0.0,18.039303360137392,0.0,0.0,0
2030-05-05 18:00:00,0.0,0.0,0.0,0.0,10.729665132782456,0.0,0.0,0
2030-05-05 19:00:00,0.0,0.0,0.0,0.0,3.196355658107852,0.0,0.0,0
2030-05-05 20:00:00,0.0,0.0,0.0,0.0,0.0,0.0,0.0,0
2030-05-05 21:00:00,0.0,0.0,0.0,0.0,0.0,0.0,0.0,0
2030-05-05 22:00:00,0.0,0.0,0.0,0.0,0.0,0.0,0.0,0
2030-05-05 23:00:00,0.0,0.0,0.0,0.0,0.0,0.0,0.0,0
2030-05-06 00:00:00,0.0,0.0,0.0,0.0,0.0,0.0,0.0,0
2030-05-06 01:00:00,0.0,0.0,0.0,0.0,0.0,0.0,0.0,0
2030-05-06 02:00:00,0.0,0.0,0.0,0.0,0.0,0.0,0.0,0
2030-05-06 03:00:00,0.0,0.0,0.0,0.0,0.0,0.0,0.0,0
2030-05-06 04:00:00,0.0,0.0,0.0,0.0,0.0,0.0,0.0,0
2030-05-06 05:00:00,0.0,0.0,0.0,0.0,0.0,0.0,0.0,0
2030-05-06 06:00:00,0.0,0.0,0.0,0.0,0.0,0.0,0.0,0
2030-05-06 07:00:00,0.0,0.0,0.0,0.0,0.0,0.0,0.0,0
2030-05-06 08:00:00,0.0,0.0,0.0,0.0,2.9312201657302395,0.0,0.0,0
2030-05-06 09:00:00,0.0,0.0,0.0,0.0,10.915259977446782,0.0,0.0,0
2030-05-06 10:00:00,0.0,0.0,0.0,0.0,18.051087159798623,0.0,0.0,0
2030-05-06 11:00:00,0.0,0.0,0.0,0.0,23.785599616186914,0.0,0.0,0
2030-05-06 12:00:00,0.0,0.0,0.0,0.0,27.65164333879188,0.0,0.0,0
2030-05-06 13:00:00,0.0,0.0,0.0,0.0,29.5256357286664,0.0,0.0,0
2030-05-06 14:00:00,0.0,0.0,0.0,0.0,29.292242846626216,0.0,0.0,0
2030-05-06 15:00:00,0.0,0.0,0.0,0.0,27.379142971626,0.0,0.0,0
2030-05-06 16:00:00,0.0,0.0,0.0,0.0,23.63358860055708,0.0,0.0,0
2030-05-06 17:00:00,0.0,0.0,0.0,0.0,18.10021087463636,0.0,0.0,0
2030-05-06 18:00:00,0.0,0.0,0.0,0.0,10.802356446942648,0.0,0.0,0
2030-05-06 19:00:00,0.0,0.0,0.0,0.0,3.2184502824726504,0.0,0.0,0
2030-05-06 20:00:00,0.0,0.0,0.0,0.0,0.0,0.0,0.0,0
2030-05-06 21:00:00,0.0,0.0,0.0,0.0,0.0,0.0,0.0,0
2030-05-06 22:00:00,0.0,0.0,0.0,0.0,0.0,0.0,0.0,0
2030-05-06 23:00:00,0.0,0.0,0.0,0.0,0.0,0.0,0.0,0
2030-05-07 00:00:00,0.0,0.0,0.0,0.0,0.0,0.0,0.0,0
2030-05-07 01:00:00,0.0,0.0,0.0,0.0,0.0,0.0,0.0,0
2030-05-07 02:00:00,0.0,0.0,0.0,0.0,0.0,0.0,0.0,0
2030-05-07 03:00:00,0.0,0.0,0.0,0.0,0.0,0.0,0.0,0
2030-05-07 04:00:00,0.0,0.0,0.0,0.0,0.0,0.0,0.0,0
2030-05-07 05:00:00,0.0,0.0,0.0,0.0,0.0,0.0,0.0,0
2030-05-07 06:00:00,0.0,0.0,0.0,0.0,0.0,0.0,0.0,0
2030-05-07 07:00:00,0.0,0.0,0.0,0.0,0.0,0.0,0.0,0
2030-05-07 08:00:00,0.0,0.0,0.0,0.0,2.9385850405185083,0.0,0.0,0
2030-05-07 09:00:00,0.0,0.0,0.0,0.0,10.911135647565354,0.0,0.0,0
2030-05-07 10:00:00,0.0,0.0,0.0,0.0,18.270265833497447,0.0,0.0,0
2030-05-07 11:00:00,0.0,0.0,0.0,0.0,24.089989891185976,0.0,0.0,0
2030-05-07 12:00:00,0.0,0.0,0.0,0.0,27.965828897259343,0.0,0.0,0
2030-05-07 13:00:00,0.0,0.0,0.0,0.0,29.888945001971607,0.0,0.0,0
2030-05-07 14:00:00,0.0,0.0,0.0,0.0,29.430113302662576,0.0,0.0,0
2030-05-07 15:00:00,0.0,0.0,0.0,0.0,27.49580258827215,0.0,0.0,0
2030-05-07 16:00:00,0.0,0.0,0.0,0.0,23.84341388327481,0.0,0.0,0
2030-05-07 17:00:00,0.0,0.0,0.0,0.0,18.301124658860285,0.0,0.0,0
2030-05-07 18:00:00,0.0,0.0,0.0,0.0,10.982501284263662,0.0,0.0,0
2030-05-07 19:00:00,0.0,0.0,0.0,0.0,3.31419365472012,0.0,0.0,0
2030-05-07 20:00:00,0.0,0.0,0.0,0.0,0.0,0.0,0.0,0
2030-05-07 21:00:00,0.0,0.0,0.0,0.0,0.0,0.0,0.0,0
2030-05-07 22:00:00,0.0,0.0,0.0,0.0,0.0,0.0,0.0,0
2030-05-07 23:00:00,0.0,0.0,0.0,0.0,0.0,0.0,0.0,0
2030-05-08 00:00:00,0.0,0.0,0.0,0.0,0.0,0.0,0.0,0
2030-05-08 01:00:00,0.0,0.0,0.0,0.0,0.0,0.0,0.0,0
2030-05-08 02:00:00,0.0,0.0,0.0,0.0,0.0,0.0,0.0,0
2030-05-08 03:00:00,0.0,0.0,0.0,0.0,0.0,0.0,0.0,0
2030-05-08 04:00:00,0.0,0.0,0.0,0.0,0.0,0.0,0.0,0
2030-05-08 05:00:00,0.0,0.0,0.0,0.0,0.0,0.0,0.0,0
2030-05-08 06:00:00,0.0,0.0,0.0,0.0,0.0,0.0,0.0,0
2030-05-08 07:00:00,0.0,0.0,0.0,0.0,0.0,0.0,0.0,0
2030-05-08 08:00:00,0.0,0.0,0.0,0.0,2.9312201657302395,0.0,0.0,0
2030-05-08 09:00:00,0.0,0.0,0.0,0.0,10.841169337076815,0.0,0.0,0
2030-05-08 10:00:00,0.0,0.0,0.0,0.0,18.1013156058546,0.0,0.0,0
2030-05-08 11:00:00,0.0,0.0,0.0,0.0,24.02525264179712,0.0,0.0,0
2030-05-08 12:00:00,0.0,0.0,0.0,0.0,27.843571975774115,0.0,0.0,0
2030-05-08 13:00:00,0.0,0.0,0.0,0.0,29.776777958946305,0.0,0.0,0
2030-05-08 14:00:00,0.0,0.0,0.0,0.0,29.31853544962033,0.0,0.0,0
2030-05-08 15:00:00,0.0,0.0,0.0,0.0,27.228825877197472,0.0,0.0,0
2030-05-08 16:00:00,0.0,0.0,0.0,0.0,23.734708331399982,0.0,0.0,0
2030-05-08 17:00:00,0.0,0.0,0.0,0.0,18.3350767316342,0.0,0.0,0
2030-05-08 18:00:00,0.0,0.0,0.0,0.0,10.99354859644606,0.0,0.0,0
2030-05-08 19:00:00,0.0,0.0,0.0,0.0,2.916490416153706,0.0,0.0,0
2030-05-08 20:00:00,0.0,0.0,0.0,0.0,0.0,0.0,0.0,0
2030-05-08 21:00:00,0.0,0.0,0.0,0.0,0.0,0.0,0.0,0
2030-05-08 22:00:00,0.0,0.0,0.0,0.0,0.0,0.0,0.0,0
2030-05-08 23:00:00,0.0,0.0,0.0,0.0,0.0,0.0,0.0,0
2030-05-09 00:00:00,0.0,0.0,0.0,0.0,0.0,0.0,0.0,0
2030-05-09 01:00:00,0.0,0.0,0.0,0.0,0.0,0.0,0.0,0
2030-05-09 02:00:00,0.0,0.0,0.0,0.0,0.0,0.0,0.0,0
2030-05-09 03:00:00,0.0,0.0,0.0,0.0,0.0,0.0,0.0,0
2030-05-09 04:00:00,0.0,0.0,0.0,0.0,0.0,0.0,0.0,0
2030-05-09 05:00:00,0.0,0.0,0.0,0.0,0.0,0.0,0.0,0
2030-05-09 06:00:00,0.0,0.0,0.0,0.0,0.0,0.0,0.0,0
2030-05-09 07:00:00,0.0,0.0,0.0,0.0,0.0,0.0,0.0,0
2030-05-09 08:00:00,0.0,0.0,0.0,0.0,2.725003671658764,0.0,0.0,0
2030-05-09 09:00:00,0.0,0.0,0.0,0.0,10.343524747633621,0.0,0.0,0
2030-05-09 10:00:00,0.0,0.0,0.0,0.0,17.351497703661146,0.0,0.0,0
2030-05-09 11:00:00,0.0,0.0,0.0,0.0,23.503009370561102,0.0,0.0,0
2030-05-09 12:00:00,0.0,0.0,0.0,0.0,27.77949756511619,0.0,0.0,0
2030-05-09 13:00:00,0.0,0.0,0.0,0.0,29.48372959112116,0.0,0.0,0
2030-05-09 14:00:00,0.0,0.0,0.0,0.0,29.071959441709154,0.0,0.0,0
2030-05-09 15:00:00,0.0,0.0,0.0,0.0,27.211518421445042,0.0,0.0,0
2030-05-09 16:00:00,0.0,0.0,0.0,0.0,23.560160798918055,0.0,0.0,0
2030-05-09 17:00:00,0.0,0.0,0.0,0.0,18.124809556429177,0.0,0.0,0
2030-05-09 18:00:00,0.0,0.0,0.0,0.0,10.833215272305493,0.0,0.0,0
2030-05-09 19:00:00,0.0,0.0,0.0,0.0,3.22581515726092,0.0,0.0,0
2030-05-09 20:00:00,0.0,0.0,0.0,0.0,0.0,0.0,0.0,0
2030-05-09 21:00:00,0.0,0.0,0.0,0.0,0.0,0.0,0.0,0
2030-05-09 22:00:00,0.0,0.0,0.0,0.0,0.0,0.0,0.0,0
2030-05-09 23:00:00,0.0,0.0,0.0,0.0,0.0,0.0,0.0,0
2030-05-10 00:00:00,0.0,0.0,0.0,0.0,0.0,0.0,0.0,0
2030-05-10 01:00:00,0.0,0.0,0.0,0.0,0.0,0.0,0.0,0
2030-05-10 02:00:00,0.0,0.0,0.0,0.0,0.0,0.0,0.0,0
2030-05-10 03:00:00,0.0,0.0,0.0,0.0,0.0,0.0,0.0,0
2030-05-10 04:00:00,0.0,0.0,0.0,0.0,0.0,0.0,0.0,0
2030-05-10 05:00:00,0.0,0.0,0.0,0.0,0.0,0.0,0.0,0
2030-05-10 06:00:00,0.0,0.0,0.0,0.0,0.0,0.0,0.0,0
2030-05-10 07:00:00,0.0,0.0,0.0,0.0,0.0,0.0,0.0,0
2030-05-10 08:00:00,0.0,0.0,0.0,0.0,2.9312201657302395,0.0,0.0,0
2030-05-10 09:00:00,0.0,0.0,0.0,0.0,10.789541564811064,0.0,0.0,0
2030-05-10 10:00:00,0.0,0.0,0.0,0.0,17.9721357020684,0.0,0.0,0
2030-05-10 11:00:00,0.0,0.0,0.0,0.0,23.868749052546445,0.0,0.0,0
2030-05-10 12:00:00,0.0,0.0,0.0,0.0,27.76697727797613,0.0,0.0,0
2030-05-10 13:00:00,0.0,0.0,0.0,0.0,29.701950831097513,0.0,0.0,0
2030-05-10 14:00:00,0.0,0.0,0.0,0.0,29.17241633382112,0.0,0.0,0
2030-05-10 15:00:00,0.0,0.0,0.0,0.0,27.17167444884052,0.0,0.0,0
2030-05-10 16:00:00,0.0,0.0,0.0,0.0,23.507501944181957,0.0,0.0,0
2030-05-10 17:00:00,0.0,0.0,0.0,0.0,18.043133095027287,0.0,0.0,0
2030-05-10 18:00:00,0.0,0.0,0.0,0.0,11.023302690590656,0.0,0.0,0
2030-05-10 19:00:00,0.0,0.0,0.0,0.0,3.3289234042966567,0.0,0.0,0
2030-05-10 20:00:00,0.0,0.0,0.0,0.0,0.0,0.0,0.0,0
2030-05-10 21:00:00,0.0,0.0,0.0,0.0,0.0,0.0,0.0,0
2030-05-10 22:00:00,0.0,0.0,0.0,0.0,0.0,0.0,0.0,0
2030-05-10 23:00:00,0.0,0.0,0.0,0.0,0.0,0.0,0.0,0
2030-05-11 00:00:00,0.0,0.0,0.0,0.0,0.0,0.0,0.0,0
2030-05-11 01:00:00,0.0,0.0,0.0,0.0,0.0,0.0,0.0,0
2030-05-11 02:00:00,0.0,0.0,0.0,0.0,0.0,0.0,0.0,0
2030-05-11 03:00:00,0.0,0.0,0.0,0.0,0.0,0.0,0.0,0
2030-05-11 04:00:00,0.0,0.0,0.0,0.0,0.0,0.0,0.0,0
2030-05-11 05:00:00,0.0,0.0,0.0,0.0,0.0,0.0,0.0,0
2030-05-11 06:00:00,0.0,0.0,0.0,0.0,0.0,0.0,0.0,0
2030-05-11 07:00:00,0.0,0.0,0.0,0.0,0.0,0.0,0.0,0
2030-05-11 08:00:00,0.0,0.0,0.0,0.0,2.982774289248108,0.0,0.0,0
2030-05-11 09:00:00,0.0,0.0,0.0,0.0,10.902150500323664,0.0,0.0,0
2030-05-11 10:00:00,0.0,0.0,0.0,0.0,18.24949688659453,0.0,0.0,0
2030-05-11 11:00:00,0.0,0.0,0.0,0.0,24.123279125228954,0.0,0.0,0
2030-05-11 12:00:00,0.0,0.0,0.0,0.0,27.919356537345376,0.0,0.0,0
2030-05-11 13:00:00,0.0,0.0,0.0,0.0,29.835991552243968,0.0,0.0,0
2030-05-11 14:00:00,0.0,0.0,0.0,0.0,29.038375612674656,0.0,0.0,0
2030-05-11 15:00:00,0.0,0.0,0.0,0.0,27.195536643154508,0.0,0.0,0
2030-05-11 16:00:00,0.0,0.0,0.0,0.0,23.492624897109653,0.0,0.0,0
2030-05-11 17:00:00,0.0,0.0,0.0,0.0,18.078410845263093,0.0,0.0,0
2030-05-11 18:00:00,0.0,0.0,0.0,0.0,10.840801093337404,0.0,0.0,0
2030-05-11 19:00:00,0.0,0.0,0.0,0.0,3.277369280778788,0.0,0.0,0
2030-05-11 20:00:00,0.0,0.0,0.0,0.0,0.0,0.0,0.0,0
2030-05-11 21:00:00,0.0,0.0,0.0,0.0,0.0,0.0,0.0,0
2030-05-11 22:00:00,0.0,0.0,0.0,0.0,0.0,0.0,0.0,0
2030-05-11 23:00:00,0.0,0.0,0.0,0.0,0.0,0.0,0.0,0
2030-05-12 00:00:00,0.0,0.0,0.0,0.0,0.0,0.0,0.0,0
2030-05-12 01:00:00,0.0,0.0,0.0,0.0,0.0,0.0,0.0,0
2030-05-12 02:00:00,0.0,0.0,0.0,0.0,0.0,0.0,0.0,0
2030-05-12 03:00:00,0.0,0.0,0.0,0.0,0.0,0.0,0.0,0
2030-05-12 04:00:00,0.0,0.0,0.0,0.0,0.0,0.0,0.0,0
2030-05-12 05:00:00,0.0,0.0,0.0,0.0,0.0,0.0,0.0,0
2030-05-12 06:00:00,0.0,0.0,0.0,0.0,0.0,0.0,0.0,0
2030-05-12 07:00:00,0.0,0.0,0.0,0.0,0.0,0.0,0.0,0
2030-05-12 08:00:00,0.0,0.0,0.0,0.0,2.9975040388246414,0.0,0.0,0
2030-05-12 09:00:00,0.0,0.0,0.0,0.0,10.900751174113896,0.0,0.0,0
2030-05-12 10:00:00,0.0,0.0,0.0,0.0,18.075980436582967,0.0,0.0,0
2030-05-12 11:00:00,0.0,0.0,0.0,0.0,23.9127173550324,0.0,0.0,0
2030-05-12 12:00:00,0.0,0.0,0.0,0.0,27.68073459420553,0.0,0.0,0
2030-05-12 13:00:00,0.0,0.0,0.0,0.0,29.592508791743864,0.0,0.0,0
2030-05-12 14:00:00,0.0,0.0,0.0,0.0,29.16269469910061,0.0,0.0,0
2030-05-12 15:00:00,0.0,0.0,0.0,0.0,27.29842394394659,0.0,0.0,0
2030-05-12 16:00:00,0.0,0.0,0.0,0.0,23.584685831962997,0.0,0.0,0
2030-05-12 17:00:00,0.0,0.0,0.0,0.0,18.045489854959538,0.0,0.0,0
2030-05-12 18:00:00,0.0,0.0,0.0,0.0,10.832184189835134,0.0,0.0,0
2030-05-12 19:00:00,0.0,0.0,0.0,0.0,3.292099030355321,0.0,0.0,0
2030-05-12 20:00:00,0.0,0.0,0.0,0.0,0.0,0.0,0.0,0
2030-05-12 21:00:00,0.0,0.0,0.0,0.0,0.0,0.0,0.0,0
2030-05-12 22:00:00,0.0,0.0,0.0,0.0,0.0,0.0,0.0,0
2030-05-12 23:00:00,0.0,0.0,0.0,0.0,0.0,0.0,0.0,0
2030-05-13 00:00:00,0.0,0.0,0.0,0.0,0.0,0.0,0.0,0
2030-05-13 01:00:00,0.0,0.0,0.0,0.0,0.0,0.0,0.0,0
2030-05-13 02:00:00,0.0,0.0,0.0,0.0,0.0,0.0,0.0,0
2030-05-13 03:00:00,0.0,0.0,0.0,0.0,0.0,0.0,0.0,0
2030-05-13 04:00:00,0.0,0.0,0.0,0.0,0.0,0.0,0.0,0
2030-05-13 05:00:00,0.0,0.0,0.0,0.0,0.0,0.0,0.0,0
2030-05-13 06:00:00,0.0,0.0,0.0,0.0,0.0,0.0,0.0,0
2030-05-13 07:00:00,0.0,0.0,0.0,0.0,0.0,0.0,0.0,0
2030-05-13 08:00:00,0.0,0.0,0.0,0.0,2.968044539671575,0.0,0.0,0
2030-05-13 09:00:00,0.0,0.0,0.0,0.0,10.8782146572618,0.0,0.0,0
2030-05-13 10:00:00,0.0,0.0,0.0,0.0,18.014336434605173,0.0,0.0,0
2030-05-13 11:00:00,0.0,0.0,0.0,0.0,23.84341388327481,0.0,0.0,0
2030-05-13 12:00:00,0.0,0.0,0.0,0.0,27.71888464560875,0.0,0.0,0
2030-05-13 13:00:00,0.0,0.0,0.0,0.0,29.62263112962788,0.0,0.0,0
2030-05-13 14:00:00,0.0,0.0,0.0,0.0,29.199740019285585,0.0,0.0,0
2030-05-13 15:00:00,0.0,0.0,0.0,0.0,27.191044069533664,0.0,0.0,0
2030-05-13 16:00:00,0.0,0.0,0.0,0.0,23.56774661994997,0.0,0.0,0
2030-05-13 17:00:00,0.0,0.0,0.0,0.0,17.853634866725184,0.0,0.0,0
2030-05-13 18:00:00,0.0,0.0,0.0,0.0,10.910104565094995,0.0,0.0,0
2030-05-13 19:00:00,0.0,0.0,0.0,0.0,3.306828779931855,0.0,0.0,0
2030-05-13 20:00:00,0.0,0.0,0.0,0.0,0.0,0.0,0.0,0
2030-05-13 21:00:00,0.0,0.0,0.0,0.0,0.0,0.0,0.0,0
2030-05-13 22:00:00,0.0,0.0,0.0,0.0,0.0,0.0,0.0,0
2030-05-13 23:00:00,0.0,0.0,0.0,0.0,0.0,0.0,0.0,0
2030-05-14 00:00:00,0.0,0.0,0.0,0.0,0.0,0.0,0.0,0
2030-05-14 01:00:00,0.0,0.0,0.0,0.0,0.0,0.0,0.0,0
2030-05-14 02:00:00,0.0,0.0,0.0,0.0,0.0,0.0,0.0,0
2030-05-14 03:00:00,0.0,0.0,0.0,0.0,0.0,0.0,0.0,0
2030-05-14 04:00:00,0.0,0.0,0.0,0.0,0.0,0.0,0.0,0
2030-05-14 05:00:00,0.0,0.0,0.0,0.0,0.0,0.0,0.0,0
2030-05-14 06:00:00,0.0,0.0,0.0,0.0,0.0,0.0,0.0,0
2030-05-14 07:00:00,0.0,0.0,0.0,0.0,0.0,0.0,0.0,0
2030-05-14 08:00:00,0.0,0.0,0.0,0.0,2.9606796648833105,0.0,0.0,0
2030-05-14 09:00:00,0.0,0.0,0.0,0.0,10.587302103125255,0.0,0.0,0
2030-05-14 10:00:00,0.0,0.0,0.0,0.0,17.71856306310837,0.0,0.0,0
2030-05-14 11:00:00,0.0,0.0,0.0,0.0,23.92310182848385,0.0,0.0,0
2030-05-14 12:00:00,0.0,0.0,0.0,0.0,27.97061606587172,0.0,0.0,0
2030-05-14 13:00:00,0.0,0.0,0.0,0.0,29.910082192613935,0.0,0.0,0
2030-05-14 14:00:00,0.0,0.0,0.0,0.0,29.39542474240984,0.0,0.0,0
2030-05-14 15:00:00,0.0,0.0,0.0,0.0,27.555016181569812,0.0,0.0,0
2030-05-14 16:00:00,0.0,0.0,0.0,0.0,23.90851937640309,0.0,0.0,0
2030-05-14 17:00:00,0.0,0.0,0.0,0.0,18.23741849194177,0.0,0.0,0
2030-05-14 18:00:00,0.0,0.0,0.0,0.0,10.947812724010925,0.0,0.0,0
2030-05-14 19:00:00,0.0,0.0,0.0,0.0,3.336288279084921,0.0,0.0,0
2030-05-14 20:00:00,0.0,0.0,0.0,0.0,0.0,0.0,0.0,0
2030-05-14 21:00:00,0.0,0.0,0.0,0.0,0.0,0.0,0.0,0
2030-05-14 22:00:00,0.0,0.0,0.0,0.0,0.0,0.0,0.0,0
2030-05-14 23:00:00,0.0,0.0,0.0,0.0,0.0,0.0,0.0,0
2030-05-15 00:00:00,0.0,0.0,0.0,0.0,0.0,0.0,0.0,0
2030-05-15 01:00:00,0.0,0.0,0.0,0.0,0.0,0.0,0.0,0
2030-05-15 02:00:00,0.0,0.0,0.0,0.0,0.0,0.0,0.0,0
2030-05-15 03:00:00,0.0,0.0,0.0,0.0,0.0,0.0,0.0,0
2030-05-15 04:00:00,0.0,0.0,0.0,0.0,0.0,0.0,0.0,0
2030-05-15 05:00:00,0.0,0.0,0.0,0.0,0.0,0.0,0.0,0
2030-05-15 06:00:00,0.0,0.0,0.0,0.0,0.0,0.0,0.0,0
2030-05-15 07:00:00,0.0,0.0,0.0,0.0,0.0,0.0,0.0,0
2030-05-15 08:00:00,0.0,0.0,0.0,0.0,2.7470982960235655,0.0,0.0,0
2030-05-15 09:00:00,0.0,0.0,0.0,0.0,9.385575483923736,0.0,0.0,0
2030-05-15 10:00:00,0.0,0.0,0.0,0.0,17.667008939590502,0.0,0.0,0
2030-05-15 11:00:00,0.0,0.0,0.0,0.0,23.044766861235136,0.0,0.0,0
2030-05-15 12:00:00,0.0,0.0,0.0,0.0,26.929222770810767,0.0,0.0,0
2030-05-15 13:00:00,0.0,0.0,0.0,0.0,28.64943657510628,0.0,0.0,0
2030-05-15 14:00:00,0.0,0.0,0.0,0.0,27.653410908741066,0.0,0.0,0
2030-05-15 15:00:00,0.0,0.0,0.0,0.0,24.876853113564422,0.0,0.0,0
2030-05-15 16:00:00,0.0,0.0,0.0,0.0,20.06736893058246,0.0,0.0,0
2030-05-15 17:00:00,0.0,0.0,0.0,0.0,16.461378936751206,0.0,0.0,0
2030-05-15 18:00:00,0.0,0.0,0.0,0.0,9.845806509442541,0.0,0.0,0
2030-05-15 19:00:00,0.0,0.0,0.0,0.0,2.9606796648833105,0.0,0.0,0
2030-05-15 20:00:00,0.0,0.0,0.0,0.0,0.0,0.0,0.0,0
2030-05-15 21:00:00,0.0,0.0,0.0,0.0,0.0,0.0,0.0,0
2030-05-15 22:00:00,0.0,0.0,0.0,0.0,0.0,0.0,0.0,0
2030-05-15 23:00:00,0.0,0.0,0.0,0.0,0.0,0.0,0.0,0
2030-05-16 00:00:00,0.0,0.0,0.0,0.0,0.0,0.0,0.0,0
2030-05-16 01:00:00,0.0,0.0,0.0,0.0,0.0,0.0,0.0,0
2030-05-16 02:00:00,0.0,0.0,0.0,0.0,0.0,0.0,0.0,0
2030-05-16 03:00:00,0.0,0.0,0.0,0.0,0.0,0.0,0.0,0
2030-05-16 04:00:00,0.0,0.0,0.0,0.0,0.0,0.0,0.0,0
2030-05-16 05:00:00,0.0,0.0,0.0,0.0,0.0,0.0,0.0,0
2030-05-16 06:00:00,0.0,0.0,0.0,0.0,0.0,0.0,0.0,0
2030-05-16 07:00:00,0.0,0.0,0.0,0.0,0.0,0.0,0.0,0
2030-05-16 08:00:00,0.0,0.0,0.0,0.0,2.8060172943297035,0.0,0.0,0
2030-05-16 09:00:00,0.0,0.0,0.0,0.0,10.746972588534884,0.0,0.0,0
2030-05-16 10:00:00,0.0,0.0,0.0,0.0,18.1629596078324,0.0,0.0,0
2030-05-16 11:00:00,0.0,0.0,0.0,0.0,22.88752678450564,0.0,0.0,0
2030-05-16 12:00:00,0.0,0.0,0.0,0.0,25.482614064899376,0.0,0.0,0
2030-05-16 13:00:00,0.0,0.0,0.0,0.0,26.75644280827803,0.0,0.0,0
2030-05-16 14:00:00,0.0,0.0,0.0,0.0,28.775523231481408,0.0,0.0,0
2030-05-16 15:00:00,0.0,0.0,0.0,0.0,27.297761105215656,0.0,0.0,0
2030-05-16 16:00:00,0.0,0.0,0.0,0.0,23.509195865383255,0.0,0.0,0
2030-05-16 17:00:00,0.0,0.0,0.0,0.0,17.968600562170035,0.0,0.0,0
2030-05-16 18:00:00,0.0,0.0,0.0,0.0,10.679436686726472,0.0,0.0,0
2030-05-16 19:00:00,0.0,0.0,0.0,0.0,3.336288279084921,0.0,0.0,0
2030-05-16 20:00:00,0.0,0.0,0.0,0.0,0.0,0.0,0.0,0
2030-05-16 21:00:00,0.0,0.0,0.0,0.0,0.0,0.0,0.0,0
2030-05-16 22:00:00,0.0,0.0,0.0,0.0,0.0,0.0,0.0,0
2030-05-16 23:00:00,0.0,0.0,0.0,0.0,0.0,0.0,0.0,0
2030-05-17 00:00:00,0.0,0.0,0.0,0.0,0.0,0.0,0.0,0
2030-05-17 01:00:00,0.0,0.0,0.0,0.0,0.0,0.0,0.0,0
2030-05-17 02:00:00,0.0,0.0,0.0,0.0,0.0,0.0,0.0,0
2030-05-17 03:00:00,0.0,0.0,0.0,0.0,0.0,0.0,0.0,0
2030-05-17 04:00:00,0.0,0.0,0.0,0.0,0.0,0.0,0.0,0
2030-05-17 05:00:00,0.0,0.0,0.0,0.0,0.0,0.0,0.0,0
2030-05-17 06:00:00,0.0,0.0,0.0,0.0,0.0,0.0,0.0,0
2030-05-17 07:00:00,0.0,0.0,0.0,0.0,0.0,0.0,0.0,0
2030-05-17 08:00:00,0.0,0.0,0.0,0.0,3.019598663189444,0.0,0.0,0
2030-05-17 09:00:00,0.0,0.0,0.0,0.0,10.833583516044904,0.0,0.0,0
2030-05-17 10:00:00,0.0,0.0,0.0,0.0,18.005719531102898,0.0,0.0,0
2030-05-17 11:00:00,0.0,0.0,0.0,0.0,23.867349726336666,0.0,0.0,0
2030-05-17 12:00:00,0.0,0.0,0.0,0.0,27.76219010936376,0.0,0.0,0
2030-05-17 13:00:00,0.0,0.0,0.0,0.0,29.72758059536068,0.0,0.0,0
2030-05-17 14:00:00,0.0,0.0,0.0,0.0,29.31787261088939,0.0,0.0,0
2030-05-17 15:00:00,0.0,0.0,0.0,0.0,27.428634930203152,0.0,0.0,0
2030-05-17 16:00:00,0.0,0.0,0.0,0.0,23.696558279996765,0.0,0.0,0
2030-05-17 17:00:00,0.0,0.0,0.0,0.0,18.162223120353566,0.0,0.0,0
2030-05-17 18:00:00,0.0,0.0,0.0,0.0,10.937428250559464,0.0,0.0,0
2030-05-17 19:00:00,0.0,0.0,0.0,0.0,3.373112653026257,0.0,0.0,0
2030-05-17 20:00:00,0.0,0.0,0.0,0.0,0.0,0.0,0.0,0
2030-05-17 21:00:00,0.0,0.0,0.0,0.0,0.0,0.0,0.0,0
2030-05-17 22:00:00,0.0,0.0,0.0,0.0,0.0,0.0,0.0,0
2030-05-17 23:00:00,0.0,0.0,0.0,0.0,0.0,0.0,0.0,0
2030-05-18 00:00:00,0.0,0.0,0.0,0.0,0.0,0.0,0.0,0
2030-05-18 01:00:00,0.0,0.0,0.0,0.0,0.0,0.0,0.0,0
2030-05-18 02:00:00,0.0,0.0,0.0,0.0,0.0,0.0,0.0,0
2030-05-18 03:00:00,0.0,0.0,0.0,0.0,0.0,0.0,0.0,0
2030-05-18 04:00:00,0.0,0.0,0.0,0.0,0.0,0.0,0.0,0
2030-05-18 05:00:00,0.0,0.0,0.0,0.0,0.0,0.0,0.0,0
2030-05-18 06:00:00,0.0,0.0,0.0,0.0,0.0,0.0,0.0,0
2030-05-18 07:00:00,0.0,0.0,0.0,0.0,0.0,0.0,0.0,0
2030-05-18 08:00:00,0.0,0.0,0.0,0.0,3.0416932875542457,0.0,0.0,0
2030-05-18 09:00:00,0.0,0.0,0.0,0.0,10.834614598515262,0.0,0.0,0
2030-05-18 10:00:00,0.0,0.0,0.0,0.0,17.997028978852743,0.0,0.0,0
2030-05-18 11:00:00,0.0,0.0,0.0,0.0,23.791859759756935,0.0,0.0,0
2030-05-18 12:00:00,0.0,0.0,0.0,0.0,27.641258865340415,0.0,0.0,0
2030-05-18 13:00:00,0.0,0.0,0.0,0.0,29.463991726688604,0.0,0.0,0
2030-05-18 14:00:00,0.0,0.0,0.0,0.0,29.06989727676844,0.0,0.0,0
2030-05-18 15:00:00,0.0,0.0,0.0,0.0,27.2329502070789,0.0,0.0,0
2030-05-18 16:00:00,0.0,0.0,0.0,0.0,22.037325638948104,0.0,0.0,0
2030-05-18 17:00:00,0.0,0.0,0.0,0.0,17.982520175519856,0.0,0.0,0
2030-05-18 18:00:00,0.0,0.0,0.0,0.0,10.831447702356307,0.0,0.0,0
2030-05-18 19:00:00,0.0,0.0,0.0,0.0,3.31419365472012,0.0,0.0,0
2030-05-18 20:00:00,0.0,0.0,0.0,0.0,0.0,0.0,0.0,0
2030-05-18 21:00:00,0.0,0.0,0.0,0.0,0.0,0.0,0.0,0
2030-05-18 22:00:00,0.0,0.0,0.0,0.0,0.0,0.0,0.0,0
2030-05-18 23:00:00,0.0,0.0,0.0,0.0,0.0,0.0,0.0,0
2030-05-19 00:00:00,0.0,0.0,0.0,0.0,0.0,0.0,0.0,0
2030-05-19 01:00:00,0.0,0.0,0.0,0.0,0.0,0.0,0.0,0
2030-05-19 02:00:00,0.0,0.0,0.0,0.0,0.0,0.0,0.0,0
2030-05-19 03:00:00,0.0,0.0,0.0,0.0,0.0,0.0,0.0,0
2030-05-19 04:00:00,0.0,0.0,0.0,0.0,0.0,0.0,0.0,0
2030-05-19 05:00:00,0.0,0.0,0.0,0.0,0.0,0.0,0.0,0
2030-05-19 06:00:00,0.0,0.0,0.0,0.0,0.0,0.0,0.0,0
2030-05-19 07:00:00,0.0,0.0,0.0,0.0,0.0,0.0,0.0,0
2030-05-19 08:00:00,0.0,0.0,0.0,0.0,2.923855290941975,0.0,0.0,0
2030-05-19 09:00:00,0.0,0.0,0.0,0.0,10.529487836037363,0.0,0.0,0
2030-05-19 10:00:00,0.0,0.0,0.0,0.0,16.93066875825957,0.0,0.0,0
2030-05-19 11:00:00,0.0,0.0,0.0,0.0,22.655901472414644,0.0,0.0,0
2030-05-19 12:00:00,0.0,0.0,0.0,0.0,26.788995554842167,0.0,0.0,0
2030-05-19 13:00:00,0.0,0.0,0.0,0.0,28.48357959487451,0.0,0.0,0
2030-05-19 14:00:00,0.0,0.0,0.0,0.0,28.218591399992665,0.0,0.0,0
2030-05-19 15:00:00,0.0,0.0,0.0,0.0,26.52128235628867,0.0,0.0,0
2030-05-19 16:00:00,0.0,0.0,0.0,0.0,22.985553267937473,0.0,0.0,0
2030-05-19 17:00:00,0.0,0.0,0.0,0.0,17.862988257706288,0.0,0.0,0
2030-05-19 18:00:00,0.0,0.0,0.0,0.0,10.77886249636808,0.0,0.0,0
2030-05-19 19:00:00,0.0,0.0,0.0,0.0,3.321558529508388,0.0,0.0,0
2030-05-19 20:00:00,0.0,0.0,0.0,0.0,0.0,0.0,0.0,0
2030-05-19 21:00:00,0.0,0.0,0.0,0.0,0.0,0.0,0.0,0
2030-05-19 22:00:00,0.0,0.0,0.0,0.0,0.0,0.0,0.0,0
2030-05-19 23:00:00,0.0,0.0,0.0,0.0,0.0,0.0,0.0,0
2030-05-20 00:00:00,0.0,0.0,0.0,0.0,0.0,0.0,0.0,0
2030-05-20 01:00:00,0.0,0.0,0.0,0.0,0.0,0.0,0.0,0
2030-05-20 02:00:00,0.0,0.0,0.0,0.0,0.0,0.0,0.0,0
2030-05-20 03:00:00,0.0,0.0,0.0,0.0,0.0,0.0,0.0,0
2030-05-20 04:00:00,0.0,0.0,0.0,0.0,0.0,0.0,0.0,0
2030-05-20 05:00:00,0.0,0.0,0.0,0.0,0.0,0.0,0.0,0
2030-05-20 06:00:00,0.0,0.0,0.0,0.0,0.0,0.0,0.0,0
2030-05-20 07:00:00,0.0,0.0,0.0,0.0,0.0,0.0,0.0,0
2030-05-20 08:00:00,0.0,0.0,0.0,0.0,2.8575714178475726,0.0,0.0,0
2030-05-20 09:00:00,0.0,0.0,0.0,0.0,10.37777141539906,0.0,0.0,0
2030-05-20 10:00:00,0.0,0.0,0.0,0.0,17.13467578989456,0.0,0.0,0
2030-05-20 11:00:00,0.0,0.0,0.0,0.0,22.146767678301757,0.0,0.0,0
2030-05-20 12:00:00,0.0,0.0,0.0,0.0,25.93525926938627,0.0,0.0,0
2030-05-20 13:00:00,0.0,0.0,0.0,0.0,28.18331364975687,0.0,0.0,0
2030-05-20 14:00:00,0.0,0.0,0.0,0.0,27.931508580746023,0.0,0.0,0
2030-05-20 15:00:00,0.0,0.0,0.0,0.0,26.3549834835696,0.0,0.0,0
2030-05-20 16:00:00,0.0,0.0,0.0,0.0,22.401297750984252,0.0,0.0,0
2030-05-20 17:00:00,0.0,0.0,0.0,0.0,17.410711296958816,0.0,0.0,0
2030-05-20 18:00:00,0.0,0.0,0.0,0.0,10.472999246411357,0.0,0.0,0
2030-05-20 19:00:00,0.0,0.0,0.0,0.0,3.3436531538731904,0.0,0.0,0
2030-05-20 20:00:00,0.0,0.0,0.0,0.0,0.0,0.0,0.0,0
2030-05-20 21:00:00,0.0,0.0,0.0,0.0,0.0,0.0,0.0,0
2030-05-20 22:00:00,0.0,0.0,0.0,0.0,0.0,0.0,0.0,0
2030-05-20 23:00:00,0.0,0.0,0.0,0.0,0.0,0.0,0.0,0
2030-05-21 00:00:00,0.0,0.0,0.0,0.0,0.0,0.0,0.0,0
2030-05-21 01:00:00,0.0,0.0,0.0,0.0,0.0,0.0,0.0,0
2030-05-21 02:00:00,0.0,0.0,0.0,0.0,0.0,0.0,0.0,0
2030-05-21 03:00:00,0.0,0.0,0.0,0.0,0.0,0.0,0.0,0
2030-05-21 04:00:00,0.0,0.0,0.0,0.0,0.0,0.0,0.0,0
2030-05-21 05:00:00,0.0,0.0,0.0,0.0,0.0,0.0,0.0,0
2030-05-21 06:00:00,0.0,0.0,0.0,0.0,0.0,0.0,0.0,0
2030-05-21 07:00:00,0.0,0.0,0.0,0.0,0.0,0.0,0.0,0
2030-05-21 08:00:00,0.0,0.0,0.0,0.0,2.9533147900950416,0.0,0.0,0
2030-05-21 09:00:00,0.0,0.0,0.0,0.0,10.51424254522565,0.0,0.0,0
2030-05-21 10:00:00,0.0,0.0,0.0,0.0,17.49761681946036,0.0,0.0,0
2030-05-21 11:00:00,0.0,0.0,0.0,0.0,23.27963271823297,0.0,0.0,0
2030-05-21 12:00:00,0.0,0.0,0.0,0.0,27.137059537335674,0.0,0.0,0
2030-05-21 13:00:00,0.0,0.0,0.0,0.0,29.123587213974904,0.0,0.0,0
2030-05-21 14:00:00,0.0,0.0,0.0,0.0,28.443735622269983,0.0,0.0,0
2030-05-21 15:00:00,0.0,0.0,0.0,0.0,26.61444802236024,0.0,0.0,0
2030-05-21 16:00:00,0.0,0.0,0.0,0.0,23.151115653177715,0.0,0.0,0
2030-05-21 17:00:00,0.0,0.0,0.0,0.0,17.49415532830988,0.0,0.0,0
2030-05-21 18:00:00,0.0,0.0,0.0,0.0,10.55511760030053,0.0,0.0,0
2030-05-21 19:00:00,0.0,0.0,0.0,0.0,3.277369280778788,0.0,0.0,0
2030-05-21 20:00:00,0.0,0.0,0.0,0.0,0.0,0.0,0.0,0
2030-05-21 21:00:00,0.0,0.0,0.0,0.0,0.0,0.0,0.0,0
2030-05-21 22:00:00,0.0,0.0,0.0,0.0,0.0,0.0,0.0,0
2030-05-21 23:00:00,0.0,0.0,0.0,0.0,0.0,0.0,0.0,0
2030-05-22 00:00:00,0.0,0.0,0.0,0.0,0.0,0.0,0.0,0
2030-05-22 01:00:00,0.0,0.0,0.0,0.0,0.0,0.0,0.0,0
2030-05-22 02:00:00,0.0,0.0,0.0,0.0,0.0,0.0,0.0,0
2030-05-22 03:00:00,0.0,0.0,0.0,0.0,0.0,0.0,0.0,0
2030-05-22 04:00:00,0.0,0.0,0.0,0.0,0.0,0.0,0.0,0
2030-05-22 05:00:00,0.0,0.0,0.0,0.0,0.0,0.0,0.0,0
2030-05-22 06:00:00,0.0,0.0,0.0,0.0,0.0,0.0,0.0,0
2030-05-22 07:00:00,0.0,0.0,0.0,0.0,0.0,0.0,0.0,0
2030-05-22 08:00:00,0.0,0.0,0.0,0.0,2.9533147900950416,0.0,0.0,0
2030-05-22 09:00:00,0.0,0.0,0.0,0.0,10.543702044378715,0.0,0.0,0
2030-05-22 10:00:00,0.0,0.0,0.0,0.0,17.5339993009144,0.0,0.0,0
2030-05-22 11:00:00,0.0,0.0,0.0,0.0,23.213790737625867,0.0,0.0,0
2030-05-22 12:00:00,0.0,0.0,0.0,0.0,26.85410104797045,0.0,0.0,0
2030-05-22 13:00:00,0.0,0.0,0.0,0.0,28.706219759723815,0.0,0.0,0
2030-05-22 14:00:00,0.0,0.0,0.0,0.0,28.17152985009564,0.0,0.0,0
2030-05-22 15:00:00,0.0,0.0,0.0,0.0,26.374426753010624,0.0,0.0,0
2030-05-22 16:00:00,0.0,0.0,0.0,0.0,22.73485293014487,0.0,0.0,0
2030-05-22 17:00:00,0.0,0.0,0.0,0.0,17.47964652497699,0.0,0.0,0
2030-05-22 18:00:00,0.0,0.0,0.0,0.0,10.520429040047793,0.0,0.0,0
2030-05-22 19:00:00,0.0,0.0,0.0,0.0,3.299463905143586,0.0,0.0,0
2030-05-22 20:00:00,0.0,0.0,0.0,0.0,0.0,0.0,0.0,0
2030-05-22 21:00:00,0.0,0.0,0.0,0.0,0.0,0.0,0.0,0
2030-05-22 22:00:00,0.0,0.0,0.0,0.0,0.0,0.0,0.0,0
2030-05-22 23:00:00,0.0,0.0,0.0,0.0,0.0,0.0,0.0,0
2030-05-23 00:00:00,0.0,0.0,0.0,0.0,0.0,0.0,0.0,0
2030-05-23 01:00:00,0.0,0.0,0.0,0.0,0.0,0.0,0.0,0
2030-05-23 02:00:00,0.0,0.0,0.0,0.0,0.0,0.0,0.0,0
2030-05-23 03:00:00,0.0,0.0,0.0,0.0,0.0,0.0,0.0,0
2030-05-23 04:00:00,0.0,0.0,0.0,0.0,0.0,0.0,0.0,0
2030-05-23 05:00:00,0.0,0.0,0.0,0.0,0.0,0.0,0.0,0
2030-05-23 06:00:00,0.0,0.0,0.0,0.0,0.0,0.0,0.0,0
2030-05-23 07:00:00,0.0,0.0,0.0,0.0,0.0,0.0,0.0,0
2030-05-23 08:00:00,0.0,0.0,0.0,0.0,2.9312201657302395,0.0,0.0,0
2030-05-23 09:00:00,0.0,0.0,0.0,0.0,10.50105941935465,0.0,0.0,0
2030-05-23 10:00:00,0.0,0.0,0.0,0.0,17.326530778128923,0.0,0.0,0
2030-05-23 11:00:00,0.0,0.0,0.0,0.0,22.943647130392232,0.0,0.0,0
2030-05-23 12:00:00,0.0,0.0,0.0,0.0,26.43224102009852,0.0,0.0,0
2030-05-23 13:00:00,0.0,0.0,0.0,0.0,28.412582201915612,0.0,0.0,0
2030-05-23 14:00:00,0.0,0.0,0.0,0.0,27.238842106909516,0.0,0.0,0
2030-05-23 15:00:00,0.0,0.0,0.0,0.0,26.287815825500605,0.0,0.0,0
2030-05-23 16:00:00,0.0,0.0,0.0,0.0,22.62298048211109,0.0,0.0,0
2030-05-23 17:00:00,0.0,0.0,0.0,0.0,17.233365112057346,0.0,0.0,0
2030-05-23 18:00:00,0.0,0.0,0.0,0.0,10.416584305533227,0.0,0.0,0
2030-05-23 19:00:00,0.0,0.0,0.0,0.0,3.2552746564139863,0.0,0.0,0
2030-05-23 20:00:00,0.0,0.0,0.0,0.0,0.0,0.0,0.0,0
2030-05-23 21:00:00,0.0,0.0,0.0,0.0,0.0,0.0,0.0,0
2030-05-23 22:00:00,0.0,0.0,0.0,0.0,0.0,0.0,0.0,0
2030-05-23 23:00:00,0.0,0.0,0.0,0.0,0.0,0.0,0.0,0
2030-05-24 00:00:00,0.0,0.0,0.0,0.0,0.0,0.0,0.0,0
2030-05-24 01:00:00,0.0,0.0,0.0,0.0,0.0,0.0,0.0,0
2030-05-24 02:00:00,0.0,0.0,0.0,0.0,0.0,0.0,0.0,0
2030-05-24 03:00:00,0.0,0.0,0.0,0.0,0.0,0.0,0.0,0
2030-05-24 04:00:00,0.0,0.0,0.0,0.0,0.0,0.0,0.0,0
2030-05-24 05:00:00,0.0,0.0,0.0,0.0,0.0,0.0,0.0,0
2030-05-24 06:00:00,0.0,0.0,0.0,0.0,0.0,0.0,0.0,0
2030-05-24 07:00:00,0.0,0.0,0.0,0.0,0.0,0.0,0.0,0
2030-05-24 08:00:00,0.0,0.0,0.0,0.0,2.923855290941975,0.0,0.0,0
2030-05-24 09:00:00,0.0,0.0,0.0,0.0,9.887344403248369,0.0,0.0,0
2030-05-24 10:00:00,0.0,0.0,0.0,0.0,17.066771644346748,0.0,0.0,0
2030-05-24 11:00:00,0.0,0.0,0.0,0.0,22.793330035963702,0.0,0.0,0
2030-05-24 12:00:00,0.0,0.0,0.0,0.0,26.545807389333593,0.0,0.0,0
2030-05-24 13:00:00,0.0,0.0,0.0,0.0,28.50817827666732,0.0,0.0,0
2030-05-24 14:00:00,0.0,0.0,0.0,0.0,28.051997932282063,0.0,0.0,0
2030-05-24 15:00:00,0.0,0.0,0.0,0.0,26.243847523014647,0.0,0.0,0
2030-05-24 16:00:00,0.0,0.0,0.0,0.0,22.54535470184276,0.0,0.0,0
2030-05-24 17:00:00,0.0,0.0,0.0,0.0,17.342807151410994,0.0,0.0,0
2030-05-24 18:00:00,0.0,0.0,0.0,0.0,10.53258108344843,0.0,0.0,0
2030-05-24 19:00:00,0.0,0.0,0.0,0.0,3.336288279084921,0.0,0.0,0
2030-05-24 20:00:00,0.0,0.0,0.0,0.0,0.0,0.0,0.0,0
2030-05-24 21:00:00,0.0,0.0,0.0,0.0,0.0,0.0,0.0,0
2030-05-24 22:00:00,0.0,0.0,0.0,0.0,0.0,0.0,0.0,0
2030-05-24 23:00:00,0.0,0.0,0.0,0.0,0.0,0.0,0.0,0
2030-05-25 00:00:00,0.0,0.0,0.0,0.0,0.0,0.0,0.0,0
2030-05-25 01:00:00,0.0,0.0,0.0,0.0,0.0,0.0,0.0,0
2030-05-25 02:00:00,0.0,0.0,0.0,0.0,0.0,0.0,0.0,0
2030-05-25 03:00:00,0.0,0.0,0.0,0.0,0.0,0.0,0.0,0
2030-05-25 04:00:00,0.0,0.0,0.0,0.0,0.0,0.0,0.0,0
2030-05-25 05:00:00,0.0,0.0,0.0,0.0,0.0,0.0,0.0,0
2030-05-25 06:00:00,0.0,0.0,0.0,0.0,0.0,0.0,0.0,0
2030-05-25 07:00:00,0.0,0.0,0.0,0.0,0.0,0.0,0.0,0
2030-05-25 08:00:00,0.0,0.0,0.0,0.0,2.8796660422123708,0.0,0.0,0
2030-05-25 09:00:00,0.0,0.0,0.0,0.0,10.31789498337045,0.0,0.0,0
2030-05-25 10:00:00,0.0,0.0,0.0,0.0,17.225779291025432,0.0,0.0,0
2030-05-25 11:00:00,0.0,0.0,0.0,0.0,22.240301588112736,0.0,0.0,0
2030-05-25 12:00:00,0.0,0.0,0.0,0.0,26.424949794058136,0.0,0.0,0
2030-05-25 13:00:00,0.0,0.0,0.0,0.0,28.17152985009564,0.0,0.0,0
2030-05-25 14:00:00,0.0,0.0,0.0,0.0,27.73236236647128,0.0,0.0,0
2030-05-25 15:00:00,0.0,0.0,0.0,0.0,25.898582192940697,0.0,0.0,0
2030-05-25 16:00:00,0.0,0.0,0.0,0.0,22.74177591244584,0.0,0.0,0
2030-05-25 17:00:00,0.0,0.0,0.0,0.0,17.565889208747596,0.0,0.0,0
2030-05-25 18:00:00,0.0,0.0,0.0,0.0,10.635762979232052,0.0,0.0,0
2030-05-25 19:00:00,0.0,0.0,0.0,0.0,3.365747778237988,0.0,0.0,0
2030-05-25 20:00:00,0.0,0.0,0.0,0.0,0.0,0.0,0.0,0
2030-05-25 21:00:00,0.0,0.0,0.0,0.0,0.0,0.0,0.0,0
2030-05-25 22:00:00,0.0,0.0,0.0,0.0,0.0,0.0,0.0,0
2030-05-25 23:00:00,0.0,0.0,0.0,0.0,0.0,0.0,0.0,0
2030-05-26 00:00:00,0.0,0.0,0.0,0.0,0.0,0.0,0.0,0
2030-05-26 01:00:00,0.0,0.0,0.0,0.0,0.0,0.0,0.0,0
2030-05-26 02:00:00,0.0,0.0,0.0,0.0,0.0,0.0,0.0,0
2030-05-26 03:00:00,0.0,0.0,0.0,0.0,0.0,0.0,0.0,0
2030-05-26 04:00:00,0.0,0.0,0.0,0.0,0.0,0.0,0.0,0
2030-05-26 05:00:00,0.0,0.0,0.0,0.0,0.0,0.0,0.0,0
2030-05-26 06:00:00,0.0,0.0,0.0,0.0,0.0,0.0,0.0,0
2030-05-26 07:00:00,0.0,0.0,0.0,0.0,0.0,0.0,0.0,0
2030-05-26 08:00:00,0.0,0.0,0.0,0.0,2.9091255413654373,0.0,0.0,0
2030-05-26 09:00:00,0.0,0.0,0.0,0.0,10.359801120915693,0.0,0.0,0
2030-05-26 10:00:00,0.0,0.0,0.0,0.0,17.378821389125616,0.0,0.0,0
2030-05-26 11:00:00,0.0,0.0,0.0,0.0,23.095363551030538,0.0,0.0,0
2030-05-26 12:00:00,0.0,0.0,0.0,0.0,26.89357677683556,0.0,0.0,0
2030-05-26 13:00:00,0.0,0.0,0.0,0.0,28.842322645811,0.0,0.0,0
2030-05-26 14:00:00,0.0,0.0,0.0,0.0,28.548316844263375,0.0,0.0,0
2030-05-26 15:00:00,0.0,0.0,0.0,0.0,26.75644280827803,0.0,0.0,0
2030-05-26 16:00:00,0.0,0.0,0.0,0.0,23.11303925052237,0.0,0.0,0
2030-05-26 17:00:00,0.0,0.0,0.0,0.0,17.698825198675813,0.0,0.0,0
2030-05-26 18:00:00,0.0,0.0,0.0,0.0,10.73275838019353,0.0,0.0,0
2030-05-26 19:00:00,0.0,0.0,0.0,0.0,3.409937026967593,0.0,0.0,0
2030-05-26 20:00:00,0.0,0.0,0.0,0.0,0.0,0.0,0.0,0
2030-05-26 21:00:00,0.0,0.0,0.0,0.0,0.0,0.0,0.0,0
2030-05-26 22:00:00,0.0,0.0,0.0,0.0,0.0,0.0,0.0,0
2030-05-26 23:00:00,0.0,0.0,0.0,0.0,0.0,0.0,0.0,0
2030-05-27 00:00:00,0.0,0.0,0.0,0.0,0.0,0.0,0.0,0
2030-05-27 01:00:00,0.0,0.0,0.0,0.0,0.0,0.0,0.0,0
2030-05-27 02:00:00,0.0,0.0,0.0,0.0,0.0,0.0,0.0,0
2030-05-27 03:00:00,0.0,0.0,0.0,0.0,0.0,0.0,0.0,0
2030-05-27 04:00:00,0.0,0.0,0.0,0.0,0.0,0.0,0.0,0
2030-05-27 05:00:00,0.0,0.0,0.0,0.0,0.0,0.0,0.0,0
2030-05-27 06:00:00,0.0,0.0,0.0,0.0,0.0,0.0,0.0,0
2030-05-27 07:00:00,0.0,0.0,0.0,0.0,0.0,0.0,0.0,0
2030-05-27 08:00:00,0.0,0.0,0.0,0.0,2.968044539671575,0.0,0.0,0
2030-05-27 09:00:00,0.0,0.0,0.0,0.0,10.53051891850772,0.0,0.0,0
2030-05-27 10:00:00,0.0,0.0,0.0,0.0,17.585921668171682,0.0,0.0,0
2030-05-27 11:00:00,0.0,0.0,0.0,0.0,23.300696260127417,0.0,0.0,0
2030-05-27 12:00:00,0.0,0.0,0.0,0.0,27.15436699308809,0.0,0.0,0
2030-05-27 13:00:00,0.0,0.0,0.0,0.0,28.934457229412207,0.0,0.0,0
2030-05-27 14:00:00,0.0,0.0,0.0,0.0,28.53726953208098,0.0,0.0,0
2030-05-27 15:00:00,0.0,0.0,0.0,0.0,26.72558398291519,0.0,0.0,0
2030-05-27 16:00:00,0.0,0.0,0.0,0.0,23.09470071229959,0.0,0.0,0
2030-05-27 17:00:00,0.0,0.0,0.0,0.0,17.67599408683219,0.0,0.0,0
2030-05-27 18:00:00,0.0,0.0,0.0,0.0,10.664559639654176,0.0,0.0,0
2030-05-27 19:00:00,0.0,0.0,0.0,0.0,3.4393965261206594,0.0,0.0,0
2030-05-27 20:00:00,0.0,0.0,0.0,0.0,0.0,0.0,0.0,0
2030-05-27 21:00:00,0.0,0.0,0.0,0.0,0.0,0.0,0.0,0
2030-05-27 22:00:00,0.0,0.0,0.0,0.0,0.0,0.0,0.0,0
2030-05-27 23:00:00,0.0,0.0,0.0,0.0,0.0,0.0,0.0,0
2030-05-28 00:00:00,0.0,0.0,0.0,0.0,0.0,0.0,0.0,0
2030-05-28 01:00:00,0.0,0.0,0.0,0.0,0.0,0.0,0.0,0
2030-05-28 02:00:00,0.0,0.0,0.0,0.0,0.0,0.0,0.0,0
2030-05-28 03:00:00,0.0,0.0,0.0,0.0,0.0,0.0,0.0,0
2030-05-28 04:00:00,0.0,0.0,0.0,0.0,0.0,0.0,0.0,0
2030-05-28 05:00:00,0.0,0.0,0.0,0.0,0.0,0.0,0.0,0
2030-05-28 06:00:00,0.0,0.0,0.0,0.0,0.0,0.0,0.0,0
2030-05-28 07:00:00,0.0,0.0,0.0,0.0,0.0,0.0,0.0,0
2030-05-28 08:00:00,0.0,0.0,0.0,0.0,2.916490416153706,0.0,0.0,0
2030-05-28 09:00:00,0.0,0.0,0.0,0.0,10.376077494197762,0.0,0.0,0
2030-05-28 10:00:00,0.0,0.0,0.0,0.0,17.511168189070776,0.0,0.0,0
2030-05-28 11:00:00,0.0,0.0,0.0,0.0,23.323969264458334,0.0,0.0,0
2030-05-28 12:00:00,0.0,0.0,0.0,0.0,27.24679617168084,0.0,0.0,0
2030-05-28 13:00:00,0.0,0.0,0.0,0.0,28.744369811127044,0.0,0.0,0
2030-05-28 14:00:00,0.0,0.0,0.0,0.0,28.515395853959827,0.0,0.0,0
2030-05-28 15:00:00,0.0,0.0,0.0,0.0,26.75776848573992,0.0,0.0,0
2030-05-28 16:00:00,0.0,0.0,0.0,0.0,23.05036416607422,0.0,0.0,0
2030-05-28 17:00:00,0.0,0.0,0.0,0.0,17.60845818502378,0.0,0.0,0
2030-05-28 18:00:00,0.0,0.0,0.0,0.0,10.655500843664608,0.0,0.0,0
2030-05-28 19:00:00,0.0,0.0,0.0,0.0,3.3289234042966567,0.0,0.0,0
2030-05-28 20:00:00,0.0,0.0,0.0,0.0,0.0,0.0,0.0,0
2030-05-28 21:00:00,0.0,0.0,0.0,0.0,0.0,0.0,0.0,0
2030-05-28 22:00:00,0.0,0.0,0.0,0.0,0.0,0.0,0.0,0
2030-05-28 23:00:00,0.0,0.0,0.0,0.0,0.0,0.0,0.0,0
2030-05-29 00:00:00,0.0,0.0,0.0,0.0,0.0,0.0,0.0,0
2030-05-29 01:00:00,0.0,0.0,0.0,0.0,0.0,0.0,0.0,0
2030-05-29 02:00:00,0.0,0.0,0.0,0.0,0.0,0.0,0.0,0
2030-05-29 03:00:00,0.0,0.0,0.0,0.0,0.0,0.0,0.0,0
2030-05-29 04:00:00,0.0,0.0,0.0,0.0,0.0,0.0,0.0,0
2030-05-29 05:00:00,0.0,0.0,0.0,0.0,0.0,0.0,0.0,0
2030-05-29 06:00:00,0.0,0.0,0.0,0.0,0.0,0.0,0.0,0
2030-05-29 07:00:00,0.0,0.0,0.0,0.0,0.0,0.0,0.0,0
2030-05-29 08:00:00,0.0,0.0,0.0,0.0,2.636625174199564,0.0,0.0,0
2030-05-29 09:00:00,0.0,0.0,0.0,0.0,9.744023939868692,0.0,0.0,0
2030-05-29 10:00:00,0.0,0.0,0.0,0.0,16.569127054903547,0.0,0.0,0
2030-05-29 11:00:00,0.0,0.0,0.0,0.0,21.505360732991583,0.0,0.0,0
2030-05-29 12:00:00,0.0,0.0,0.0,0.0,25.981657980552345,0.0,0.0,0
2030-05-29 13:00:00,0.0,0.0,0.0,0.0,27.381573380306126,0.0,0.0,0
2030-05-29 14:00:00,0.0,0.0,0.0,0.0,26.859256460322236,0.0,0.0,0
2030-05-29 15:00:00,0.0,0.0,0.0,0.0,24.500434363136105,0.0,0.0,0
2030-05-29 16:00:00,0.0,0.0,0.0,0.0,18.26923475102709,0.0,0.0,0
2030-05-29 17:00:00,0.0,0.0,0.0,0.0,11.613450107374488,0.0,0.0,0
2030-05-29 18:00:00,0.0,0.0,0.0,0.0,5.987643202861018,0.0,0.0,0
2030-05-29 19:00:00,0.0,0.0,0.0,0.0,1.0384473451456375,0.0,0.0,0
2030-05-29 20:00:00,0.0,0.0,0.0,0.0,0.0,0.0,0.0,0
2030-05-29 21:00:00,0.0,0.0,0.0,0.0,0.0,0.0,0.0,0
2030-05-29 22:00:00,0.0,0.0,0.0,0.0,0.0,0.0,0.0,0
2030-05-29 23:00:00,0.0,0.0,0.0,0.0,0.0,0.0,0.0,0
2030-05-30 00:00:00,0.0,0.0,0.0,0.0,0.0,0.0,0.0,0
2030-05-30 01:00:00,0.0,0.0,0.0,0.0,0.0,0.0,0.0,0
2030-05-30 02:00:00,0.0,0.0,0.0,0.0,0.0,0.0,0.0,0
2030-05-30 03:00:00,0.0,0.0,0.0,0.0,0.0,0.0,0.0,0
2030-05-30 04:00:00,0.0,0.0,0.0,0.0,0.0,0.0,0.0,0
2030-05-30 05:00:00,0.0,0.0,0.0,0.0,0.0,0.0,0.0,0
2030-05-30 06:00:00,0.0,0.0,0.0,0.0,0.0,0.0,0.0,0
2030-05-30 07:00:00,0.0,0.0,0.0,0.0,0.0,0.0,0.0,0
2030-05-30 08:00:00,0.0,0.0,0.0,0.0,2.8060172943297035,0.0,0.0,0
2030-05-30 09:00:00,0.0,0.0,0.0,0.0,9.79557806338656,0.0,0.0,0
2030-05-30 10:00:00,0.0,0.0,0.0,0.0,16.353041628615795,0.0,0.0,0
2030-05-30 11:00:00,0.0,0.0,0.0,0.0,21.425378192791005,0.0,0.0,0
2030-05-30 12:00:00,0.0,0.0,0.0,0.0,25.78531041869715,0.0,0.0,0
2030-05-30 13:00:00,0.0,0.0,0.0,0.0,27.009573554750762,0.0,0.0,0
2030-05-30 14:00:00,0.0,0.0,0.0,0.0,26.66880079829765,0.0,0.0,0
2030-05-30 15:00:00,0.0,0.0,0.0,0.0,25.048970237366223,0.0,0.0,0
2030-05-30 16:00:00,0.0,0.0,0.0,0.0,22.502122886835632,0.0,0.0,0
2030-05-30 17:00:00,0.0,0.0,0.0,0.0,17.267317184831253,0.0,0.0,0
2030-05-30 18:00:00,0.0,0.0,0.0,0.0,10.52256485373639,0.0,0.0,0
2030-05-30 19:00:00,0.0,0.0,0.0,0.0,3.358382903449724,0.0,0.0,0
2030-05-30 20:00:00,0.0,0.0,0.0,0.0,0.0,0.0,0.0,0
2030-05-30 21:00:00,0.0,0.0,0.0,0.0,0.0,0.0,0.0,0
2030-05-30 22:00:00,0.0,0.0,0.0,0.0,0.0,0.0,0.0,0
2030-05-30 23:00:00,0.0,0.0,0.0,0.0,0.0,0.0,0.0,0
2030-05-31 00:00:00,0.0,0.0,0.0,0.0,0.0,0.0,0.0,0
2030-05-31 01:00:00,0.0,0.0,0.0,0.0,0.0,0.0,0.0,0
2030-05-31 02:00:00,0.0,0.0,0.0,0.0,0.0,0.0,0.0,0
2030-05-31 03:00:00,0.0,0.0,0.0,0.0,0.0,0.0,0.0,0
2030-05-31 04:00:00,0.0,0.0,0.0,0.0,0.0,0.0,0.0,0
2030-05-31 05:00:00,0.0,0.0,0.0,0.0,0.0,0.0,0.0,0
2030-05-31 06:00:00,0.0,0.0,0.0,0.0,0.0,0.0,0.0,0
2030-05-31 07:00:00,0.0,0.0,0.0,0.0,0.0,0.0,0.0,0
2030-05-31 08:00:00,0.0,0.0,0.0,0.0,2.8723011674241055,0.0,0.0,0
2030-05-31 09:00:00,0.0,0.0,0.0,0.0,10.258313146333371,0.0,0.0,0
2030-05-31 10:00:00,0.0,0.0,0.0,0.0,17.17245759755837,0.0,0.0,0
2030-05-31 11:00:00,0.0,0.0,0.0,0.0,22.771161762851015,0.0,0.0,0
2030-05-31 12:00:00,0.0,0.0,0.0,0.0,26.68853866273021,0.0,0.0,0
2030-05-31 13:00:00,0.0,0.0,0.0,0.0,28.553840500354575,0.0,0.0,0
2030-05-31 14:00:00,0.0,0.0,0.0,0.0,27.92421735470564,0.0,0.0,0
2030-05-31 15:00:00,0.0,0.0,0.0,0.0,26.31867465086344,0.0,0.0,0
2030-05-31 16:00:00,0.0,0.0,0.0,0.0,22.809311814254244,0.0,0.0,0
2030-05-31 17:00:00,0.0,0.0,0.0,0.0,17.406513318329498,0.0,0.0,0
2030-05-31 18:00:00,0.0,0.0,0.0,0.0,10.57382438226273,0.0,0.0,0
2030-05-31 19:00:00,0.0,0.0,0.0,0.0,3.4320316513323945,0.0,0.0,0
2030-05-31 20:00:00,0.0,0.0,0.0,0.0,0.0,0.0,0.0,0
2030-05-31 21:00:00,0.0,0.0,0.0,0.0,0.0,0.0,0.0,0
2030-05-31 22:00:00,0.0,0.0,0.0,0.0,0.0,0.0,0.0,0
2030-05-31 23:00:00,0.0,0.0,0.0,0.0,0.0,0.0,0.0,0
2030-06-01 00:00:00,0.0,0.0,0.0,0.0,0.0,0.0,0.0,0
2030-06-01 01:00:00,0.0,0.0,0.0,0.0,0.0,0.0,0.0,0
2030-06-01 02:00:00,0.0,0.0,0.0,0.0,0.0,0.0,0.0,0
2030-06-01 03:00:00,0.0,0.0,0.0,0.0,0.0,0.0,0.0,0
2030-06-01 04:00:00,0.0,0.0,0.0,0.0,0.0,0.0,0.0,0
2030-06-01 05:00:00,0.0,0.0,0.0,0.0,0.0,0.0,0.0,0
2030-06-01 06:00:00,0.0,0.0,0.0,0.0,0.0,0.0,0.0,0
2030-06-01 07:00:00,0.0,0.0,0.0,0.0,0.0,0.0,0.0,0
2030-06-01 08:00:00,0.0,0.0,0.0,0.0,2.990139164036377,0.0,0.0,0
2030-06-01 09:00:00,0.0,0.0,0.0,0.0,10.540903391959176,0.0,0.0,0
2030-06-01 10:00:00,0.0,0.0,0.0,0.0,17.467862725315754,0.0,0.0,0
2030-06-01 11:00:00,0.0,0.0,0.0,0.0,23.073563521657263,0.0,0.0,0
2030-06-01 12:00:00,0.0,0.0,0.0,0.0,26.3643368745507,0.0,0.0,0
2030-06-01 13:00:00,0.0,0.0,0.0,0.0,28.50434854177742,0.0,0.0,0
2030-06-01 14:00:00,0.0,0.0,0.0,0.0,27.985566761691892,0.0,0.0,0
2030-06-01 15:00:00,0.0,0.0,0.0,0.0,26.1960494856388,0.0,0.0,0
2030-06-01 16:00:00,0.0,0.0,0.0,0.0,22.581368939557382,0.0,0.0,0
2030-06-01 17:00:00,0.0,0.0,0.0,0.0,17.30716115743578,0.0,0.0,0
2030-06-01 18:00:00,0.0,0.0,0.0,0.0,10.51424254522565,0.0,0.0,0
2030-06-01 19:00:00,0.0,0.0,0.0,0.0,3.446761400908928,0.0,0.0,0
2030-06-01 20:00:00,0.0,0.0,0.0,0.0,0.0,0.0,0.0,0
2030-06-01 21:00:00,0.0,0.0,0.0,0.0,0.0,0.0,0.0,0
2030-06-01 22:00:00,0.0,0.0,0.0,0.0,0.0,0.0,0.0,0
2030-06-01 23:00:00,0.0,0.0,0.0,0.0,0.0,0.0,0.0,0
2030-06-02 00:00:00,0.0,0.0,0.0,0.0,0.0,0.0,0.0,0
2030-06-02 01:00:00,0.0,0.0,0.0,0.0,0.0,0.0,0.0,0
2030-06-02 02:00:00,0.0,0.0,0.0,0.0,0.0,0.0,0.0,0
2030-06-02 03:00:00,0.0,0.0,0.0,0.0,0.0,0.0,0.0,0
2030-06-02 04:00:00,0.0,0.0,0.0,0.0,0.0,0.0,0.0,0
2030-06-02 05:00:00,0.0,0.0,0.0,0.0,0.0,0.0,0.0,0
2030-06-02 06:00:00,0.0,0.0,0.0,0.0,0.0,0.0,0.0,0
2030-06-02 07:00:00,0.0,0.0,0.0,0.0,0.0,0.0,0.0,0
2030-06-02 08:00:00,0.0,0.0,0.0,0.0,2.887030917000639,0.0,0.0,0
2030-06-02 09:00:00,0.0,0.0,0.0,0.0,10.11595011667617,0.0,0.0,0
2030-06-02 10:00:00,0.0,0.0,0.0,0.0,17.23373335579676,0.0,0.0,0
2030-06-02 11:00:00,0.0,0.0,0.0,0.0,23.045135104974555,0.0,0.0,0
2030-06-02 12:00:00,0.0,0.0,0.0,0.0,26.89357677683556,0.0,0.0,0
2030-06-02 13:00:00,0.0,0.0,0.0,0.0,28.75747928825016,0.0,0.0,0
2030-06-02 14:00:00,0.0,0.0,0.0,0.0,28.543161431911592,0.0,0.0,0
2030-06-02 15:00:00,0.0,0.0,0.0,0.0,26.703415709802506,0.0,0.0,0
2030-06-02 16:00:00,0.0,0.0,0.0,0.0,22.997705311338112,0.0,0.0,0
2030-06-02 17:00:00,0.0,0.0,0.0,0.0,17.5807662558199,0.0,0.0,0
2030-06-02 18:00:00,0.0,0.0,0.0,0.0,10.533980409658204,0.0,0.0,0
2030-06-02 19:00:00,0.0,0.0,0.0,0.0,3.351018028661455,0.0,0.0,0
2030-06-02 20:00:00,0.0,0.0,0.0,0.0,0.0,0.0,0.0,0
2030-06-02 21:00:00,0.0,0.0,0.0,0.0,0.0,0.0,0.0,0
2030-06-02 22:00:00,0.0,0.0,0.0,0.0,0.0,0.0,0.0,0
2030-06-02 23:00:00,0.0,0.0,0.0,0.0,0.0,0.0,0.0,0
2030-06-03 00:00:00,0.0,0.0,0.0,0.0,0.0,0.0,0.0,0
2030-06-03 01:00:00,0.0,0.0,0.0,0.0,0.0,0.0,0.0,0
2030-06-03 02:00:00,0.0,0.0,0.0,0.0,0.0,0.0,0.0,0
2030-06-03 03:00:00,0.0,0.0,0.0,0.0,0.0,0.0,0.0,0
2030-06-03 04:00:00,0.0,0.0,0.0,0.0,0.0,0.0,0.0,0
2030-06-03 05:00:00,0.0,0.0,0.0,0.0,0.0,0.0,0.0,0
2030-06-03 06:00:00,0.0,0.0,0.0,0.0,0.0,0.0,0.0,0
2030-06-03 07:00:00,0.0,0.0,0.0,0.0,0.0,0.0,0.0,0
2030-06-03 08:00:00,0.0,0.0,0.0,0.0,1.9811513180438065,0.0,0.0,0
2030-06-03 09:00:00,0.0,0.0,0.0,0.0,7.092374421101064,0.0,0.0,0
2030-06-03 10:00:00,0.0,0.0,0.0,0.0,13.635329182997411,0.0,0.0,0
2030-06-03 11:00:00,0.0,0.0,0.0,0.0,21.26570770738138,0.0,0.0,0
2030-06-03 12:00:00,0.0,0.0,0.0,0.0,24.390992323782452,0.0,0.0,0
2030-06-03 13:00:00,0.0,0.0,0.0,0.0,24.593894624199205,0.0,0.0,0
2030-06-03 14:00:00,0.0,0.0,0.0,0.0,21.312474662286878,0.0,0.0,0
2030-06-03 15:00:00,0.0,0.0,0.0,0.0,23.981652583050582,0.0,0.0,0
2030-06-03 16:00:00,0.0,0.0,0.0,0.0,22.1890420595864,0.0,0.0,0
2030-06-03 17:00:00,0.0,0.0,0.0,0.0,16.354735549817097,0.0,0.0,0
2030-06-03 18:00:00,0.0,0.0,0.0,0.0,9.583322371988707,0.0,0.0,0
2030-06-03 19:00:00,0.0,0.0,0.0,0.0,3.0048689136129108,0.0,0.0,0
2030-06-03 20:00:00,0.0,0.0,0.0,0.0,0.0,0.0,0.0,0
2030-06-03 21:00:00,0.0,0.0,0.0,0.0,0.0,0.0,0.0,0
2030-06-03 22:00:00,0.0,0.0,0.0,0.0,0.0,0.0,0.0,0
2030-06-03 23:00:00,0.0,0.0,0.0,0.0,0.0,0.0,0.0,0
2030-06-04 00:00:00,0.0,0.0,0.0,0.0,0.0,0.0,0.0,0
2030-06-04 01:00:00,0.0,0.0,0.0,0.0,0.0,0.0,0.0,0
2030-06-04 02:00:00,0.0,0.0,0.0,0.0,0.0,0.0,0.0,0
2030-06-04 03:00:00,0.0,0.0,0.0,0.0,0.0,0.0,0.0,0
2030-06-04 04:00:00,0.0,0.0,0.0,0.0,0.0,0.0,0.0,0
2030-06-04 05:00:00,0.0,0.0,0.0,0.0,0.0,0.0,0.0,0
2030-06-04 06:00:00,0.0,0.0,0.0,0.0,0.0,0.0,0.0,0
2030-06-04 07:00:00,0.0,0.0,0.0,0.0,0.0,0.0,0.0,0
2030-06-04 08:00:00,0.0,0.0,0.0,0.0,1.8264889474902,0.0,0.0,0
2030-06-04 09:00:00,0.0,0.0,0.0,0.0,6.296967943968232,0.0,0.0,0
2030-06-04 10:00:00,0.0,0.0,0.0,0.0,14.445760004698307,0.0,0.0,0
2030-06-04 11:00:00,0.0,0.0,0.0,0.0,19.565894606249365,0.0,0.0,0
2030-06-04 12:00:00,0.0,0.0,0.0,0.0,22.968982299663868,0.0,0.0,0
2030-06-04 13:00:00,0.0,0.0,0.0,0.0,24.70576707223298,0.0,0.0,0
2030-06-04 14:00:00,0.0,0.0,0.0,0.0,22.696702878741647,0.0,0.0,0
2030-06-04 15:00:00,0.0,0.0,0.0,0.0,16.419178204214433,0.0,0.0,0
2030-06-04 16:00:00,0.0,0.0,0.0,0.0,13.967853279687665,0.0,0.0,0
2030-06-04 17:00:00,0.0,0.0,0.0,0.0,10.2624374762148,0.0,0.0,0
2030-06-04 18:00:00,0.0,0.0,0.0,0.0,6.746225306052518,0.0,0.0,0
2030-06-04 19:00:00,0.0,0.0,0.0,0.0,3.188990783319584,0.0,0.0,0
2030-06-04 20:00:00,0.0,0.0,0.0,0.0,0.0,0.0,0.0,0
2030-06-04 21:00:00,0.0,0.0,0.0,0.0,0.0,0.0,0.0,0
2030-06-04 22:00:00,0.0,0.0,0.0,0.0,0.0,0.0,0.0,0
2030-06-04 23:00:00,0.0,0.0,0.0,0.0,0.0,0.0,0.0,0
2030-06-05 00:00:00,0.0,0.0,0.0,0.0,0.0,0.0,0.0,0
2030-06-05 01:00:00,0.0,0.0,0.0,0.0,0.0,0.0,0.0,0
2030-06-05 02:00:00,0.0,0.0,0.0,0.0,0.0,0.0,0.0,0
2030-06-05 03:00:00,0.0,0.0,0.0,0.0,0.0,0.0,0.0,0
2030-06-05 04:00:00,0.0,0.0,0.0,0.0,0.0,0.0,0.0,0
2030-06-05 05:00:00,0.0,0.0,0.0,0.0,0.0,0.0,0.0,0
2030-06-05 06:00:00,0.0,0.0,0.0,0.0,0.0,0.0,0.0,0
2030-06-05 07:00:00,0.0,0.0,0.0,0.0,0.0,0.0,0.0,0
2030-06-05 08:00:00,0.0,0.0,0.0,0.0,2.6071656750464927,0.0,0.0,0
2030-06-05 09:00:00,0.0,0.0,0.0,0.0,9.326656485617603,0.0,0.0,0
2030-06-05 10:00:00,0.0,0.0,0.0,0.0,14.928527547069203,0.0,0.0,0
2030-06-05 11:00:00,0.0,0.0,0.0,0.0,21.722182646758164,0.0,0.0,0
2030-06-05 12:00:00,0.0,0.0,0.0,0.0,24.86853080505368,0.0,0.0,0
2030-06-05 13:00:00,0.0,0.0,0.0,0.0,28.017088425785683,0.0,0.0,0
2030-06-05 14:00:00,0.0,0.0,0.0,0.0,27.951246445178576,0.0,0.0,0
2030-06-05 15:00:00,0.0,0.0,0.0,0.0,26.313445589763774,0.0,0.0,0
2030-06-05 16:00:00,0.0,0.0,0.0,0.0,22.796496932122665,0.0,0.0,0
2030-06-05 17:00:00,0.0,0.0,0.0,0.0,17.59078248553194,0.0,0.0,0
2030-06-05 18:00:00,0.0,0.0,0.0,0.0,10.686359669027446,0.0,0.0,0
2030-06-05 19:00:00,0.0,0.0,0.0,0.0,3.48358577485026,0.0,0.0,0
2030-06-05 20:00:00,0.0,0.0,0.0,0.0,0.0,0.0,0.0,0
2030-06-05 21:00:00,0.0,0.0,0.0,0.0,0.0,0.0,0.0,0
2030-06-05 22:00:00,0.0,0.0,0.0,0.0,0.0,0.0,0.0,0
2030-06-05 23:00:00,0.0,0.0,0.0,0.0,0.0,0.0,0.0,0
2030-06-06 00:00:00,0.0,0.0,0.0,0.0,0.0,0.0,0.0,0
2030-06-06 01:00:00,0.0,0.0,0.0,0.0,0.0,0.0,0.0,0
2030-06-06 02:00:00,0.0,0.0,0.0,0.0,0.0,0.0,0.0,0
2030-06-06 03:00:00,0.0,0.0,0.0,0.0,0.0,0.0,0.0,0
2030-06-06 04:00:00,0.0,0.0,0.0,0.0,0.0,0.0,0.0,0
2030-06-06 05:00:00,0.0,0.0,0.0,0.0,0.0,0.0,0.0,0
2030-06-06 06:00:00,0.0,0.0,0.0,0.0,0.0,0.0,0.0,0
2030-06-06 07:00:00,0.0,0.0,0.0,0.0,0.0,0.0,0.0,0
2030-06-06 08:00:00,0.0,0.0,0.0,0.0,2.739733421235301,0.0,0.0,0
2030-06-06 09:00:00,0.0,0.0,0.0,0.0,9.855822739154581,0.0,0.0,0
2030-06-06 10:00:00,0.0,0.0,0.0,0.0,16.99268100397678,0.0,0.0,0
2030-06-06 11:00:00,0.0,0.0,0.0,0.0,22.78743813613309,0.0,0.0,0
2030-06-06 12:00:00,0.0,0.0,0.0,0.0,26.58425203572835,0.0,0.0,0
2030-06-06 13:00:00,0.0,0.0,0.0,0.0,28.501255294366352,0.0,0.0,0
2030-06-06 14:00:00,0.0,0.0,0.0,0.0,28.192298796998557,0.0,0.0,0
2030-06-06 15:00:00,0.0,0.0,0.0,0.0,26.404549090894637,0.0,0.0,0
2030-06-06 16:00:00,0.0,0.0,0.0,0.0,22.80614491809529,0.0,0.0,0
2030-06-06 17:00:00,0.0,0.0,0.0,0.0,17.516691845161972,0.0,0.0,0
2030-06-06 18:00:00,0.0,0.0,0.0,0.0,10.638561631651594,0.0,0.0,0
2030-06-06 19:00:00,0.0,0.0,0.0,0.0,3.424666776544126,0.0,0.0,0
2030-06-06 20:00:00,0.0,0.0,0.0,0.0,0.0,0.0,0.0,0
2030-06-06 21:00:00,0.0,0.0,0.0,0.0,0.0,0.0,0.0,0
2030-06-06 22:00:00,0.0,0.0,0.0,0.0,0.0,0.0,0.0,0
2030-06-06 23:00:00,0.0,0.0,0.0,0.0,0.0,0.0,0.0,0
2030-06-07 00:00:00,0.0,0.0,0.0,0.0,0.0,0.0,0.0,0
2030-06-07 01:00:00,0.0,0.0,0.0,0.0,0.0,0.0,0.0,0
2030-06-07 02:00:00,0.0,0.0,0.0,0.0,0.0,0.0,0.0,0
2030-06-07 03:00:00,0.0,0.0,0.0,0.0,0.0,0.0,0.0,0
2030-06-07 04:00:00,0.0,0.0,0.0,0.0,0.0,0.0,0.0,0
2030-06-07 05:00:00,0.0,0.0,0.0,0.0,0.0,0.0,0.0,0
2030-06-07 06:00:00,0.0,0.0,0.0,0.0,0.0,0.0,0.0,0
2030-06-07 07:00:00,0.0,0.0,0.0,0.0,0.0,0.0,0.0,0
2030-06-07 08:00:00,0.0,0.0,0.0,0.0,2.7176387968705,0.0,0.0,0
2030-06-07 09:00:00,0.0,0.0,0.0,0.0,9.793147654706436,0.0,0.0,0
2030-06-07 10:00:00,0.0,0.0,0.0,0.0,16.92168361101789,0.0,0.0,0
2030-06-07 11:00:00,0.0,0.0,0.0,0.0,22.52701616361997,0.0,0.0,0
2030-06-07 12:00:00,0.0,0.0,0.0,0.0,25.9376896780664,0.0,0.0,0
2030-06-07 13:00:00,0.0,0.0,0.0,0.0,28.203714352920365,0.0,0.0,0
2030-06-07 14:00:00,0.0,0.0,0.0,0.0,28.1670372764748,0.0,0.0,0
2030-06-07 15:00:00,0.0,0.0,0.0,0.0,26.3048286862615,0.0,0.0,0
2030-06-07 16:00:00,0.0,0.0,0.0,0.0,22.73971374750512,0.0,0.0,0
2030-06-07 17:00:00,0.0,0.0,0.0,0.0,17.484139098597833,0.0,0.0,0
2030-06-07 18:00:00,0.0,0.0,0.0,0.0,10.5730878947839,0.0,0.0,0
2030-06-07 19:00:00,0.0,0.0,0.0,0.0,3.48358577485026,0.0,0.0,0
2030-06-07 20:00:00,0.0,0.0,0.0,0.0,0.0,0.0,0.0,0
2030-06-07 21:00:00,0.0,0.0,0.0,0.0,0.0,0.0,0.0,0
2030-06-07 22:00:00,0.0,0.0,0.0,0.0,0.0,0.0,0.0,0
2030-06-07 23:00:00,0.0,0.0,0.0,0.0,0.0,0.0,0.0,0
2030-06-08 00:00:00,0.0,0.0,0.0,0.0,0.0,0.0,0.0,0
2030-06-08 01:00:00,0.0,0.0,0.0,0.0,0.0,0.0,0.0,0
2030-06-08 02:00:00,0.0,0.0,0.0,0.0,0.0,0.0,0.0,0
2030-06-08 03:00:00,0.0,0.0,0.0,0.0,0.0,0.0,0.0,0
2030-06-08 04:00:00,0.0,0.0,0.0,0.0,0.0,0.0,0.0,0
2030-06-08 05:00:00,0.0,0.0,0.0,0.0,0.0,0.0,0.0,0
2030-06-08 06:00:00,0.0,0.0,0.0,0.0,0.0,0.0,0.0,0
2030-06-08 07:00:00,0.0,0.0,0.0,0.0,0.0,0.0,0.0,0
2030-06-08 08:00:00,0.0,0.0,0.0,0.0,2.2831111843627507,0.0,0.0,0
2030-06-08 09:00:00,0.0,0.0,0.0,0.0,8.522117563747324,0.0,0.0,0
2030-06-08 10:00:00,0.0,0.0,0.0,0.0,16.501222909355725,0.0,0.0,0
2030-06-08 11:00:00,0.0,0.0,0.0,0.0,22.75768404198849,0.0,0.0,0
2030-06-08 12:00:00,0.0,0.0,0.0,0.0,26.50566882173754,0.0,0.0,0
2030-06-08 13:00:00,0.0,0.0,0.0,0.0,28.41530720558728,0.0,0.0,0
2030-06-08 14:00:00,0.0,0.0,0.0,0.0,28.079027022755007,0.0,0.0,0
2030-06-08 15:00:00,0.0,0.0,0.0,0.0,26.316538837174846,0.0,0.0,0
2030-06-08 16:00:00,0.0,0.0,0.0,0.0,22.712979252023715,0.0,0.0,0
2030-06-08 17:00:00,0.0,0.0,0.0,0.0,17.15507649305807,0.0,0.0,0
2030-06-08 18:00:00,0.0,0.0,0.0,0.0,10.381232906549547,0.0,0.0,0
2030-06-08 19:00:00,0.0,0.0,0.0,0.0,3.4320316513323945,0.0,0.0,0
2030-06-08 20:00:00,0.0,0.0,0.0,0.0,0.0,0.0,0.0,0
2030-06-08 21:00:00,0.0,0.0,0.0,0.0,0.0,0.0,0.0,0
2030-06-08 22:00:00,0.0,0.0,0.0,0.0,0.0,0.0,0.0,0
2030-06-08 23:00:00,0.0,0.0,0.0,0.0,0.0,0.0,0.0,0
2030-06-09 00:00:00,0.0,0.0,0.0,0.0,0.0,0.0,0.0,0
2030-06-09 01:00:00,0.0,0.0,0.0,0.0,0.0,0.0,0.0,0
2030-06-09 02:00:00,0.0,0.0,0.0,0.0,0.0,0.0,0.0,0
2030-06-09 03:00:00,0.0,0.0,0.0,0.0,0.0,0.0,0.0,0
2030-06-09 04:00:00,0.0,0.0,0.0,0.0,0.0,0.0,0.0,0
2030-06-09 05:00:00,0.0,0.0,0.0,0.0,0.0,0.0,0.0,0
2030-06-09 06:00:00,0.0,0.0,0.0,0.0,0.0,0.0,0.0,0
2030-06-09 07:00:00,0.0,0.0,0.0,0.0,0.0,0.0,0.0,0
2030-06-09 08:00:00,0.0,0.0,0.0,0.0,2.6071656750464927,0.0,0.0,0
2030-06-09 09:00:00,0.0,0.0,0.0,0.0,9.391099140014937,0.0,0.0,0
2030-06-09 10:00:00,0.0,0.0,0.0,0.0,16.24772391914358,0.0,0.0,0
2030-06-09 11:00:00,0.0,0.0,0.0,0.0,21.387228141387784,0.0,0.0,0
2030-06-09 12:00:00,0.0,0.0,0.0,0.0,24.921189659789786,0.0,0.0,0
2030-06-09 13:00:00,0.0,0.0,0.0,0.0,25.122398039005247,0.0,0.0,0
2030-06-09 14:00:00,0.0,0.0,0.0,0.0,25.01089383471089,0.0,0.0,0
2030-06-09 15:00:00,0.0,0.0,0.0,0.0,25.00087760499884,0.0,0.0,0
2030-06-09 16:00:00,0.0,0.0,0.0,0.0,21.63417239303837,0.0,0.0,0
2030-06-09 17:00:00,0.0,0.0,0.0,0.0,16.829180783677256,0.0,0.0,0
2030-06-09 18:00:00,0.0,0.0,0.0,0.0,10.154026519331511,0.0,0.0,0
2030-06-09 19:00:00,0.0,0.0,0.0,0.0,3.3952072773910595,0.0,0.0,0
2030-06-09 20:00:00,0.0,0.0,0.0,0.0,0.0,0.0,0.0,0
2030-06-09 21:00:00,0.0,0.0,0.0,0.0,0.0,0.0,0.0,0
2030-06-09 22:00:00,0.0,0.0,0.0,0.0,0.0,0.0,0.0,0
2030-06-09 23:00:00,0.0,0.0,0.0,0.0,0.0,0.0,0.0,0
2030-06-10 00:00:00,0.0,0.0,0.0,0.0,0.0,0.0,0.0,0
2030-06-10 01:00:00,0.0,0.0,0.0,0.0,0.0,0.0,0.0,0
2030-06-10 02:00:00,0.0,0.0,0.0,0.0,0.0,0.0,0.0,0
2030-06-10 03:00:00,0.0,0.0,0.0,0.0,0.0,0.0,0.0,0
2030-06-10 04:00:00,0.0,0.0,0.0,0.0,0.0,0.0,0.0,0
2030-06-10 05:00:00,0.0,0.0,0.0,0.0,0.0,0.0,0.0,0
2030-06-10 06:00:00,0.0,0.0,0.0,0.0,0.0,0.0,0.0,0
2030-06-10 07:00:00,0.0,0.0,0.0,0.0,0.0,0.0,0.0,0
2030-06-10 08:00:00,0.0,0.0,0.0,0.0,2.6218954246230304,0.0,0.0,0
2030-06-10 09:00:00,0.0,0.0,0.0,0.0,9.490156705917128,0.0,0.0,0
2030-06-10 10:00:00,0.0,0.0,0.0,0.0,16.072145304191295,0.0,0.0,0
2030-06-10 11:00:00,0.0,0.0,0.0,0.0,21.59572774664362,0.0,0.0,0
2030-06-10 12:00:00,0.0,0.0,0.0,0.0,24.282581366899166,0.0,0.0,0
2030-06-10 13:00:00,0.0,0.0,0.0,0.0,25.106858153202,0.0,0.0,0
2030-06-10 14:00:00,0.0,0.0,0.0,0.0,16.554544602822784,0.0,0.0,0
2030-06-10 15:00:00,0.0,0.0,0.0,0.0,14.849576089338983,0.0,0.0,0
2030-06-10 16:00:00,0.0,0.0,0.0,0.0,17.65728730486999,0.0,0.0,0
2030-06-10 17:00:00,0.0,0.0,0.0,0.0,14.58046356457571,0.0,0.0,0
2030-06-10 18:00:00,0.0,0.0,0.0,0.0,8.885426837052531,0.0,0.0,0
2030-06-10 19:00:00,0.0,0.0,0.0,0.0,3.2626395312022543,0.0,0.0,0
2030-06-10 20:00:00,0.0,0.0,0.0,0.0,0.0,0.0,0.0,0
2030-06-10 21:00:00,0.0,0.0,0.0,0.0,0.0,0.0,0.0,0
2030-06-10 22:00:00,0.0,0.0,0.0,0.0,0.0,0.0,0.0,0
2030-06-10 23:00:00,0.0,0.0,0.0,0.0,0.0,0.0,0.0,0
2030-06-11 00:00:00,0.0,0.0,0.0,0.0,0.0,0.0,0.0,0
2030-06-11 01:00:00,0.0,0.0,0.0,0.0,0.0,0.0,0.0,0
2030-06-11 02:00:00,0.0,0.0,0.0,0.0,0.0,0.0,0.0,0
2030-06-11 03:00:00,0.0,0.0,0.0,0.0,0.0,0.0,0.0,0
2030-06-11 04:00:00,0.0,0.0,0.0,0.0,0.0,0.0,0.0,0
2030-06-11 05:00:00,0.0,0.0,0.0,0.0,0.0,0.0,0.0,0
2030-06-11 06:00:00,0.0,0.0,0.0,0.0,0.0,0.0,0.0,0
2030-06-11 07:00:00,0.0,0.0,0.0,0.0,0.0,0.0,0.0,0
2030-06-11 08:00:00,0.0,0.0,0.0,0.0,2.688179297717433,0.0,0.0,0
2030-06-11 09:00:00,0.0,0.0,0.0,0.0,9.834390953520728,0.0,0.0,0
2030-06-11 10:00:00,0.0,0.0,0.0,0.0,16.756857713256476,0.0,0.0,0
2030-06-11 11:00:00,0.0,0.0,0.0,0.0,22.467139731591363,0.0,0.0,0
2030-06-11 12:00:00,0.0,0.0,0.0,0.0,26.29510705154099,0.0,0.0,0
2030-06-11 13:00:00,0.0,0.0,0.0,0.0,28.318017209634274,0.0,0.0,0
2030-06-11 14:00:00,0.0,0.0,0.0,0.0,28.214098826371824,0.0,0.0,0
2030-06-11 15:00:00,0.0,0.0,0.0,0.0,26.482469466154495,0.0,0.0,0
2030-06-11 16:00:00,0.0,0.0,0.0,0.0,22.8758166335923,0.0,0.0,0
2030-06-11 17:00:00,0.0,0.0,0.0,0.0,17.582460177021197,0.0,0.0,0
2030-06-11 18:00:00,0.0,0.0,0.0,0.0,10.711326594559674,0.0,0.0,0
2030-06-11 19:00:00,0.0,0.0,0.0,0.0,3.5572345227329305,0.0,0.0,0
2030-06-11 20:00:00,0.0,0.0,0.0,0.0,0.0,0.0,0.0,0
2030-06-11 21:00:00,0.0,0.0,0.0,0.0,0.0,0.0,0.0,0
2030-06-11 22:00:00,0.0,0.0,0.0,0.0,0.0,0.0,0.0,0
2030-06-11 23:00:00,0.0,0.0,0.0,0.0,0.0,0.0,0.0,0
2030-06-12 00:00:00,0.0,0.0,0.0,0.0,0.0,0.0,0.0,0
2030-06-12 01:00:00,0.0,0.0,0.0,0.0,0.0,0.0,0.0,0
2030-06-12 02:00:00,0.0,0.0,0.0,0.0,0.0,0.0,0.0,0
2030-06-12 03:00:00,0.0,0.0,0.0,0.0,0.0,0.0,0.0,0
2030-06-12 04:00:00,0.0,0.0,0.0,0.0,0.0,0.0,0.0,0
2030-06-12 05:00:00,0.0,0.0,0.0,0.0,0.0,0.0,0.0,0
2030-06-12 06:00:00,0.0,0.0,0.0,0.0,0.0,0.0,0.0,0
2030-06-12 07:00:00,0.0,0.0,0.0,0.0,0.0,0.0,0.0,0
2030-06-12 08:00:00,0.0,0.0,0.0,0.0,2.651354923776097,0.0,0.0,0
2030-06-12 09:00:00,0.0,0.0,0.0,0.0,9.625523104525476,0.0,0.0,0
2030-06-12 10:00:00,0.0,0.0,0.0,0.0,16.734321196404377,0.0,0.0,0
2030-06-12 11:00:00,0.0,0.0,0.0,0.0,22.491001925905348,0.0,0.0,0
2030-06-12 12:00:00,0.0,0.0,0.0,0.0,26.37162810059108,0.0,0.0,0
2030-06-12 13:00:00,0.0,0.0,0.0,0.0,28.34953887372805,0.0,0.0,0
2030-06-12 14:00:00,0.0,0.0,0.0,0.0,28.042349946309432,0.0,0.0,0
2030-06-12 15:00:00,0.0,0.0,0.0,0.0,26.30585976873186,0.0,0.0,0
2030-06-12 16:00:00,0.0,0.0,0.0,0.0,22.721301560534457,0.0,0.0,0
2030-06-12 17:00:00,0.0,0.0,0.0,0.0,17.4086491320181,0.0,0.0,0
2030-06-12 18:00:00,0.0,0.0,0.0,0.0,10.59842306405554,0.0,0.0,0
2030-06-12 19:00:00,0.0,0.0,0.0,0.0,3.542504773156397,0.0,0.0,0
2030-06-12 20:00:00,0.0,0.0,0.0,0.0,0.0,0.0,0.0,0
2030-06-12 21:00:00,0.0,0.0,0.0,0.0,0.0,0.0,0.0,0
2030-06-12 22:00:00,0.0,0.0,0.0,0.0,0.0,0.0,0.0,0
2030-06-12 23:00:00,0.0,0.0,0.0,0.0,0.0,0.0,0.0,0
2030-06-13 00:00:00,0.0,0.0,0.0,0.0,0.0,0.0,0.0,0
2030-06-13 01:00:00,0.0,0.0,0.0,0.0,0.0,0.0,0.0,0
2030-06-13 02:00:00,0.0,0.0,0.0,0.0,0.0,0.0,0.0,0
2030-06-13 03:00:00,0.0,0.0,0.0,0.0,0.0,0.0,0.0,0
2030-06-13 04:00:00,0.0,0.0,0.0,0.0,0.0,0.0,0.0,0
2030-06-13 05:00:00,0.0,0.0,0.0,0.0,0.0,0.0,0.0,0
2030-06-13 06:00:00,0.0,0.0,0.0,0.0,0.0,0.0,0.0,0
2030-06-13 07:00:00,0.0,0.0,0.0,0.0,0.0,0.0,0.0,0
2030-06-13 08:00:00,0.0,0.0,0.0,0.0,2.3346653078806194,0.0,0.0,0
2030-06-13 09:00:00,0.0,0.0,0.0,0.0,8.680094127955648,0.0,0.0,0
2030-06-13 10:00:00,0.0,0.0,0.0,0.0,15.288743572963345,0.0,0.0,0
2030-06-13 11:00:00,0.0,0.0,0.0,0.0,21.97811204565044,0.0,0.0,0
2030-06-13 12:00:00,0.0,0.0,0.0,0.0,25.848353746884715,0.0,0.0,0
2030-06-13 13:00:00,0.0,0.0,0.0,0.0,27.813375989142216,0.0,0.0,0
2030-06-13 14:00:00,0.0,0.0,0.0,0.0,27.60495003263426,0.0,0.0,0
2030-06-13 15:00:00,0.0,0.0,0.0,0.0,25.912059913803223,0.0,0.0,0
2030-06-13 16:00:00,0.0,0.0,0.0,0.0,22.519062098848647,0.0,0.0,0
2030-06-13 17:00:00,0.0,0.0,0.0,0.0,17.314452383476162,0.0,0.0,0
2030-06-13 18:00:00,0.0,0.0,0.0,0.0,10.50105941935465,0.0,0.0,0
2030-06-13 19:00:00,0.0,0.0,0.0,0.0,3.5277750235798635,0.0,0.0,0
2030-06-13 20:00:00,0.0,0.0,0.0,0.0,0.0,0.0,0.0,0
2030-06-13 21:00:00,0.0,0.0,0.0,0.0,0.0,0.0,0.0,0
2030-06-13 22:00:00,0.0,0.0,0.0,0.0,0.0,0.0,0.0,0
2030-06-13 23:00:00,0.0,0.0,0.0,0.0,0.0,0.0,0.0,0
2030-06-14 00:00:00,0.0,0.0,0.0,0.0,0.0,0.0,0.0,0
2030-06-14 01:00:00,0.0,0.0,0.0,0.0,0.0,0.0,0.0,0
2030-06-14 02:00:00,0.0,0.0,0.0,0.0,0.0,0.0,0.0,0
2030-06-14 03:00:00,0.0,0.0,0.0,0.0,0.0,0.0,0.0,0
2030-06-14 04:00:00,0.0,0.0,0.0,0.0,0.0,0.0,0.0,0
2030-06-14 05:00:00,0.0,0.0,0.0,0.0,0.0,0.0,0.0,0
2030-06-14 06:00:00,0.0,0.0,0.0,0.0,0.0,0.0,0.0,0
2030-06-14 07:00:00,0.0,0.0,0.0,0.0,0.0,0.0,0.0,0
2030-06-14 08:00:00,0.0,0.0,0.0,0.0,2.2094624364800795,0.0,0.0,0
2030-06-14 09:00:00,0.0,0.0,0.0,0.0,8.466365461600143,0.0,0.0,0
2030-06-14 10:00:00,0.0,0.0,0.0,0.0,14.973232337033984,0.0,0.0,0
2030-06-14 11:00:00,0.0,0.0,0.0,0.0,21.298923292676456,0.0,0.0,0
2030-06-14 12:00:00,0.0,0.0,0.0,0.0,25.099935170901023,0.0,0.0,0
2030-06-14 13:00:00,0.0,0.0,0.0,0.0,26.654954833695715,0.0,0.0,0
2030-06-14 14:00:00,0.0,0.0,0.0,0.0,27.55744659024994,0.0,0.0,0
2030-06-14 15:00:00,0.0,0.0,0.0,0.0,25.63329940306732,0.0,0.0,0
2030-06-14 16:00:00,0.0,0.0,0.0,0.0,22.352836874877458,0.0,0.0,0
2030-06-14 17:00:00,0.0,0.0,0.0,0.0,17.193889383192232,0.0,0.0,0
2030-06-14 18:00:00,0.0,0.0,0.0,0.0,10.439047173637444,0.0,0.0,0
2030-06-14 19:00:00,0.0,0.0,0.0,0.0,3.5277750235798635,0.0,0.0,0
2030-06-14 20:00:00,0.0,0.0,0.0,0.0,0.0,0.0,0.0,0
2030-06-14 21:00:00,0.0,0.0,0.0,0.0,0.0,0.0,0.0,0
2030-06-14 22:00:00,0.0,0.0,0.0,0.0,0.0,0.0,0.0,0
2030-06-14 23:00:00,0.0,0.0,0.0,0.0,0.0,0.0,0.0,0
2030-06-15 00:00:00,0.0,0.0,0.0,0.0,0.0,0.0,0.0,0
2030-06-15 01:00:00,0.0,0.0,0.0,0.0,0.0,0.0,0.0,0
2030-06-15 02:00:00,0.0,0.0,0.0,0.0,0.0,0.0,0.0,0
2030-06-15 03:00:00,0.0,0.0,0.0,0.0,0.0,0.0,0.0,0
2030-06-15 04:00:00,0.0,0.0,0.0,0.0,0.0,0.0,0.0,0
2030-06-15 05:00:00,0.0,0.0,0.0,0.0,0.0,0.0,0.0,0
2030-06-15 06:00:00,0.0,0.0,0.0,0.0,0.0,0.0,0.0,0
2030-06-15 07:00:00,0.0,0.0,0.0,0.0,0.0,0.0,0.0,0
2030-06-15 08:00:00,0.0,0.0,0.0,0.0,2.50405742801076,0.0,0.0,0
2030-06-15 09:00:00,0.0,0.0,0.0,0.0,9.341533532689905,0.0,0.0,0
2030-06-15 10:00:00,0.0,0.0,0.0,0.0,16.152864331870703,0.0,0.0,0
2030-06-15 11:00:00,0.0,0.0,0.0,0.0,21.990558684042607,0.0,0.0,0
2030-06-15 12:00:00,0.0,0.0,0.0,0.0,25.915889648693128,0.0,0.0,0
2030-06-15 13:00:00,0.0,0.0,0.0,0.0,28.02187559439805,0.0,0.0,0
2030-06-15 14:00:00,0.0,0.0,0.0,0.0,27.84423481450506,0.0,0.0,0
2030-06-15 15:00:00,0.0,0.0,0.0,0.0,26.149282530733306,0.0,0.0,0
2030-06-15 16:00:00,0.0,0.0,0.0,0.0,22.688454218978787,0.0,0.0,0
2030-06-15 17:00:00,0.0,0.0,0.0,0.0,17.44841945587474,0.0,0.0,0
2030-06-15 18:00:00,0.0,0.0,0.0,0.0,10.689158321446987,0.0,0.0,0
2030-06-15 19:00:00,0.0,0.0,0.0,0.0,3.645613020192135,0.0,0.0,0
2030-06-15 20:00:00,0.0,0.0,0.0,0.0,0.0,0.0,0.0,0
2030-06-15 21:00:00,0.0,0.0,0.0,0.0,0.0,0.0,0.0,0
2030-06-15 22:00:00,0.0,0.0,0.0,0.0,0.0,0.0,0.0,0
2030-06-15 23:00:00,0.0,0.0,0.0,0.0,0.0,0.0,0.0,0
2030-06-16 00:00:00,0.0,0.0,0.0,0.0,0.0,0.0,0.0,0
2030-06-16 01:00:00,0.0,0.0,0.0,0.0,0.0,0.0,0.0,0
2030-06-16 02:00:00,0.0,0.0,0.0,0.0,0.0,0.0,0.0,0
2030-06-16 03:00:00,0.0,0.0,0.0,0.0,0.0,0.0,0.0,0
2030-06-16 04:00:00,0.0,0.0,0.0,0.0,0.0,0.0,0.0,0
2030-06-16 05:00:00,0.0,0.0,0.0,0.0,0.0,0.0,0.0,0
2030-06-16 06:00:00,0.0,0.0,0.0,0.0,0.0,0.0,0.0,0
2030-06-16 07:00:00,0.0,0.0,0.0,0.0,0.0,0.0,0.0,0
2030-06-16 08:00:00,0.0,0.0,0.0,0.0,2.59243592546996,0.0,0.0,0
2030-06-16 09:00:00,0.0,0.0,0.0,0.0,9.577725067149624,0.0,0.0,0
2030-06-16 10:00:00,0.0,0.0,0.0,0.0,16.569127054903547,0.0,0.0,0
2030-06-16 11:00:00,0.0,0.0,0.0,0.0,22.34517740509766,0.0,0.0,0
2030-06-16 12:00:00,0.0,0.0,0.0,0.0,25.662685253472503,0.0,0.0,0
2030-06-16 13:00:00,0.0,0.0,0.0,0.0,28.037857372688595,0.0,0.0,0
2030-06-16 14:00:00,0.0,0.0,0.0,0.0,27.91869369861444,0.0,0.0,0
2030-06-16 15:00:00,0.0,0.0,0.0,0.0,26.269109043538407,0.0,0.0,0
2030-06-16 16:00:00,0.0,0.0,0.0,0.0,22.868893651291327,0.0,0.0,0
2030-06-16 17:00:00,0.0,0.0,0.0,0.0,17.623703475835494,0.0,0.0,0
2030-06-16 18:00:00,0.0,0.0,0.0,0.0,10.810678755453395,0.0,0.0,0
2030-06-16 19:00:00,0.0,0.0,0.0,0.0,3.6971671437100033,0.0,0.0,0
2030-06-16 20:00:00,0.0,0.0,0.0,0.0,0.0,0.0,0.0,0
2030-06-16 21:00:00,0.0,0.0,0.0,0.0,0.0,0.0,0.0,0
2030-06-16 22:00:00,0.0,0.0,0.0,0.0,0.0,0.0,0.0,0
2030-06-16 23:00:00,0.0,0.0,0.0,0.0,0.0,0.0,0.0,0
2030-06-17 00:00:00,0.0,0.0,0.0,0.0,0.0,0.0,0.0,0
2030-06-17 01:00:00,0.0,0.0,0.0,0.0,0.0,0.0,0.0,0
2030-06-17 02:00:00,0.0,0.0,0.0,0.0,0.0,0.0,0.0,0
2030-06-17 03:00:00,0.0,0.0,0.0,0.0,0.0,0.0,0.0,0
2030-06-17 04:00:00,0.0,0.0,0.0,0.0,0.0,0.0,0.0,0
2030-06-17 05:00:00,0.0,0.0,0.0,0.0,0.0,0.0,0.0,0
2030-06-17 06:00:00,0.0,0.0,0.0,0.0,0.0,0.0,0.0,0
2030-06-17 07:00:00,0.0,0.0,0.0,0.0,0.0,0.0,0.0,0
2030-06-17 08:00:00,0.0,0.0,0.0,0.0,2.5703413011051617,0.0,0.0,0
2030-06-17 09:00:00,0.0,0.0,0.0,0.0,9.628984595675961,0.0,0.0,0
2030-06-17 10:00:00,0.0,0.0,0.0,0.0,16.605804131349117,0.0,0.0,0
2030-06-17 11:00:00,0.0,0.0,0.0,0.0,22.366020000748456,0.0,0.0,0
2030-06-17 12:00:00,0.0,0.0,0.0,0.0,26.245246849224426,0.0,0.0,0
2030-06-17 13:00:00,0.0,0.0,0.0,0.0,28.26638943736852,0.0,0.0,0
2030-06-17 14:00:00,0.0,0.0,0.0,0.0,28.024011408086658,0.0,0.0,0
2030-06-17 15:00:00,0.0,0.0,0.0,0.0,26.2729387784283,0.0,0.0,0
2030-06-17 16:00:00,0.0,0.0,0.0,0.0,22.797159770853607,0.0,0.0,0
2030-06-17 17:00:00,0.0,0.0,0.0,0.0,17.516691845161972,0.0,0.0,0
2030-06-17 18:00:00,0.0,0.0,0.0,0.0,10.767741535437798,0.0,0.0,0
2030-06-17 19:00:00,0.0,0.0,0.0,0.0,3.623518395827333,0.0,0.0,0
2030-06-17 20:00:00,0.0,0.0,0.0,0.0,0.0,0.0,0.0,0
2030-06-17 21:00:00,0.0,0.0,0.0,0.0,0.0,0.0,0.0,0
2030-06-17 22:00:00,0.0,0.0,0.0,0.0,0.0,0.0,0.0,0
2030-06-17 23:00:00,0.0,0.0,0.0,0.0,0.0,0.0,0.0,0
2030-06-18 00:00:00,0.0,0.0,0.0,0.0,0.0,0.0,0.0,0
2030-06-18 01:00:00,0.0,0.0,0.0,0.0,0.0,0.0,0.0,0
2030-06-18 02:00:00,0.0,0.0,0.0,0.0,0.0,0.0,0.0,0
2030-06-18 03:00:00,0.0,0.0,0.0,0.0,0.0,0.0,0.0,0
2030-06-18 04:00:00,0.0,0.0,0.0,0.0,0.0,0.0,0.0,0
2030-06-18 05:00:00,0.0,0.0,0.0,0.0,0.0,0.0,0.0,0
2030-06-18 06:00:00,0.0,0.0,0.0,0.0,0.0,0.0,0.0,0
2030-06-18 07:00:00,0.0,0.0,0.0,0.0,0.0,0.0,0.0,0
2030-06-18 08:00:00,0.0,0.0,0.0,0.0,2.496692553222491,0.0,0.0,0
2030-06-18 09:00:00,0.0,0.0,0.0,0.0,9.312442277276249,0.0,0.0,0
2030-06-18 10:00:00,0.0,0.0,0.0,0.0,16.310767247331146,0.0,0.0,0
2030-06-18 11:00:00,0.0,0.0,0.0,0.0,21.7827955662656,0.0,0.0,0
2030-06-18 12:00:00,0.0,0.0,0.0,0.0,25.876045676088605,0.0,0.0,0
2030-06-18 13:00:00,0.0,0.0,0.0,0.0,27.264840114912097,0.0,0.0,0
2030-06-18 14:00:00,0.0,0.0,0.0,0.0,27.860879431526534,0.0,0.0,0
2030-06-18 15:00:00,0.0,0.0,0.0,0.0,26.29267664286086,0.0,0.0,0
2030-06-18 16:00:00,0.0,0.0,0.0,0.0,22.714746821972895,0.0,0.0,0
2030-06-18 17:00:00,0.0,0.0,0.0,0.0,17.475080302608262,0.0,0.0,0
2030-06-18 18:00:00,0.0,0.0,0.0,0.0,10.69225156885806,0.0,0.0,0
2030-06-18 19:00:00,0.0,0.0,0.0,0.0,3.6677076445569328,0.0,0.0,0
2030-06-18 20:00:00,0.0,0.0,0.0,0.0,0.0,0.0,0.0,0
2030-06-18 21:00:00,0.0,0.0,0.0,0.0,0.0,0.0,0.0,0
2030-06-18 22:00:00,0.0,0.0,0.0,0.0,0.0,0.0,0.0,0
2030-06-18 23:00:00,0.0,0.0,0.0,0.0,0.0,0.0,0.0,0
2030-06-19 00:00:00,0.0,0.0,0.0,0.0,0.0,0.0,0.0,0
2030-06-19 01:00:00,0.0,0.0,0.0,0.0,0.0,0.0,0.0,0
2030-06-19 02:00:00,0.0,0.0,0.0,0.0,0.0,0.0,0.0,0
2030-06-19 03:00:00,0.0,0.0,0.0,0.0,0.0,0.0,0.0,0
2030-06-19 04:00:00,0.0,0.0,0.0,0.0,0.0,0.0,0.0,0
2030-06-19 05:00:00,0.0,0.0,0.0,0.0,0.0,0.0,0.0,0
2030-06-19 06:00:00,0.0,0.0,0.0,0.0,0.0,0.0,0.0,0
2030-06-19 07:00:00,0.0,0.0,0.0,0.0,0.0,0.0,0.0,0
2030-06-19 08:00:00,0.0,0.0,0.0,0.0,2.50405742801076,0.0,0.0,0
2030-06-19 09:00:00,0.0,0.0,0.0,0.0,9.49951009689823,0.0,0.0,0
2030-06-19 10:00:00,0.0,0.0,0.0,0.0,16.345382158836,0.0,0.0,0
2030-06-19 11:00:00,0.0,0.0,0.0,0.0,22.008602627273863,0.0,0.0,0
2030-06-19 12:00:00,0.0,0.0,0.0,0.0,25.839294950895148,0.0,0.0,0
2030-06-19 13:00:00,0.0,0.0,0.0,0.0,27.863604435198194,0.0,0.0,0
2030-06-19 14:00:00,0.0,0.0,0.0,0.0,27.60907436251569,0.0,0.0,0
2030-06-19 15:00:00,0.0,0.0,0.0,0.0,25.82412330883132,0.0,0.0,0
2030-06-19 16:00:00,0.0,0.0,0.0,0.0,22.282502320649517,0.0,0.0,0
2030-06-19 17:00:00,0.0,0.0,0.0,0.0,16.884270047093494,0.0,0.0,0
2030-06-19 18:00:00,0.0,0.0,0.0,0.0,10.582441285765002,0.0,0.0,0
2030-06-19 19:00:00,0.0,0.0,0.0,0.0,3.630883270615602,0.0,0.0,0
2030-06-19 20:00:00,0.0,0.0,0.0,0.0,0.0,0.0,0.0,0
2030-06-19 21:00:00,0.0,0.0,0.0,0.0,0.0,0.0,0.0,0
2030-06-19 22:00:00,0.0,0.0,0.0,0.0,0.0,0.0,0.0,0
2030-06-19 23:00:00,0.0,0.0,0.0,0.0,0.0,0.0,0.0,0
2030-06-20 00:00:00,0.0,0.0,0.0,0.0,0.0,0.0,0.0,0
2030-06-20 01:00:00,0.0,0.0,0.0,0.0,0.0,0.0,0.0,0
2030-06-20 02:00:00,0.0,0.0,0.0,0.0,0.0,0.0,0.0,0
2030-06-20 03:00:00,0.0,0.0,0.0,0.0,0.0,0.0,0.0,0
2030-06-20 04:00:00,0.0,0.0,0.0,0.0,0.0,0.0,0.0,0
2030-06-20 05:00:00,0.0,0.0,0.0,0.0,0.0,0.0,0.0,0
2030-06-20 06:00:00,0.0,0.0,0.0,0.0,0.0,0.0,0.0,0
2030-06-20 07:00:00,0.0,0.0,0.0,0.0,0.0,0.0,0.0,0
2030-06-20 08:00:00,0.0,0.0,0.0,0.0,2.4304086801280884,0.0,0.0,0
2030-06-20 09:00:00,0.0,0.0,0.0,0.0,9.246673945417026,0.0,0.0,0
2030-06-20 10:00:00,0.0,0.0,0.0,0.0,16.39421127868221,0.0,0.0,0
2030-06-20 11:00:00,0.0,0.0,0.0,0.0,22.19729071934926,0.0,0.0,0
2030-06-20 12:00:00,0.0,0.0,0.0,0.0,26.12298992773919,0.0,0.0,0
2030-06-20 13:00:00,0.0,0.0,0.0,0.0,28.204745435390723,0.0,0.0,0
2030-06-20 14:00:00,0.0,0.0,0.0,0.0,27.97098430961113,0.0,0.0,0
2030-06-20 15:00:00,0.0,0.0,0.0,0.0,26.356751053518785,0.0,0.0,0
2030-06-20 16:00:00,0.0,0.0,0.0,0.0,22.851880790530426,0.0,0.0,0
2030-06-20 17:00:00,0.0,0.0,0.0,0.0,17.654856896189862,0.0,0.0,0
2030-06-20 18:00:00,0.0,0.0,0.0,0.0,10.869597753759528,0.0,0.0,0
2030-06-20 19:00:00,0.0,0.0,0.0,0.0,3.778180766380939,0.0,0.0,0
2030-06-20 20:00:00,0.0,0.0,0.0,0.0,0.0110473121823989,0.0,0.0,0
2030-06-20 21:00:00,0.0,0.0,0.0,0.0,0.0,0.0,0.0,0
2030-06-20 22:00:00,0.0,0.0,0.0,0.0,0.0,0.0,0.0,0
2030-06-20 23:00:00,0.0,0.0,0.0,0.0,0.0,0.0,0.0,0
2030-06-21 00:00:00,0.0,0.0,0.0,0.0,0.0,0.0,0.0,0
2030-06-21 01:00:00,0.0,0.0,0.0,0.0,0.0,0.0,0.0,0
2030-06-21 02:00:00,0.0,0.0,0.0,0.0,0.0,0.0,0.0,0
2030-06-21 03:00:00,0.0,0.0,0.0,0.0,0.0,0.0,0.0,0
2030-06-21 04:00:00,0.0,0.0,0.0,0.0,0.0,0.0,0.0,0
2030-06-21 05:00:00,0.0,0.0,0.0,0.0,0.0,0.0,0.0,0
2030-06-21 06:00:00,0.0,0.0,0.0,0.0,0.0,0.0,0.0,0
2030-06-21 07:00:00,0.0,0.0,0.0,0.0,0.0,0.0,0.0,0
2030-06-21 08:00:00,0.0,0.0,0.0,0.0,2.342030182668884,0.0,0.0,0
2030-06-21 09:00:00,0.0,0.0,0.0,0.0,8.925639053396468,0.0,0.0,0
2030-06-21 10:00:00,0.0,0.0,0.0,0.0,16.399734934773413,0.0,0.0,0
2030-06-21 11:00:00,0.0,0.0,0.0,0.0,22.222257644881488,0.0,0.0,0
2030-06-21 12:00:00,0.0,0.0,0.0,0.0,26.41456532060668,0.0,0.0,0
2030-06-21 13:00:00,0.0,0.0,0.0,0.0,28.6327919580848,0.0,0.0,0
2030-06-21 14:00:00,0.0,0.0,0.0,0.0,28.372075390580154,0.0,0.0,0
2030-06-21 15:00:00,0.0,0.0,0.0,0.0,26.704152197281335,0.0,0.0,0
2030-06-21 16:00:00,0.0,0.0,0.0,0.0,23.13380819742529,0.0,0.0,0
2030-06-21 17:00:00,0.0,0.0,0.0,0.0,17.768423265424936,0.0,0.0,0
2030-06-21 18:00:00,0.0,0.0,0.0,0.0,10.91872146859727,0.0,0.0,0
2030-06-21 19:00:00,0.0,0.0,0.0,0.0,3.785545641169203,0.0,0.0,0
2030-06-21 20:00:00,0.0,0.0,0.0,0.0,0.0218000293732671,0.0,0.0,0
2030-06-21 21:00:00,0.0,0.0,0.0,0.0,0.0,0.0,0.0,0
2030-06-21 22:00:00,0.0,0.0,0.0,0.0,0.0,0.0,0.0,0
2030-06-21 23:00:00,0.0,0.0,0.0,0.0,0.0,0.0,0.0,0
2030-06-22 00:00:00,0.0,0.0,0.0,0.0,0.0,0.0,0.0,0
2030-06-22 01:00:00,0.0,0.0,0.0,0.0,0.0,0.0,0.0,0
2030-06-22 02:00:00,0.0,0.0,0.0,0.0,0.0,0.0,0.0,0
2030-06-22 03:00:00,0.0,0.0,0.0,0.0,0.0,0.0,0.0,0
2030-06-22 04:00:00,0.0,0.0,0.0,0.0,0.0,0.0,0.0,0
2030-06-22 05:00:00,0.0,0.0,0.0,0.0,0.0,0.0,0.0,0
2030-06-22 06:00:00,0.0,0.0,0.0,0.0,0.0,0.0,0.0,0
2030-06-22 07:00:00,0.0,0.0,0.0,0.0,0.0,0.0,0.0,0
2030-06-22 08:00:00,0.0,0.0,0.0,0.0,2.2094624364800795,0.0,0.0,0
2030-06-22 09:00:00,0.0,0.0,0.0,0.0,8.040012860107366,0.0,0.0,0
2030-06-22 10:00:00,0.0,0.0,0.0,0.0,15.536350663344878,0.0,0.0,0
2030-06-22 11:00:00,0.0,0.0,0.0,0.0,21.42434711032065,0.0,0.0,0
2030-06-22 12:00:00,0.0,0.0,0.0,0.0,25.604208147653672,0.0,0.0,0
2030-06-22 13:00:00,0.0,0.0,0.0,0.0,27.534247234666896,0.0,0.0,0
2030-06-22 14:00:00,0.0,0.0,0.0,0.0,27.020326271941634,0.0,0.0,0
2030-06-22 15:00:00,0.0,0.0,0.0,0.0,25.95462889007941,0.0,0.0,0
2030-06-22 16:00:00,0.0,0.0,0.0,0.0,22.281839481918563,0.0,0.0,0
2030-06-22 17:00:00,0.0,0.0,0.0,0.0,16.96565191350384,0.0,0.0,0
2030-06-22 18:00:00,0.0,0.0,0.0,0.0,10.160654906640955,0.0,0.0,0
2030-06-22 19:00:00,0.0,0.0,0.0,0.0,3.0269635379777124,0.0,0.0,0
2030-06-22 20:00:00,0.0,0.0,0.0,0.0,0.0276919292038822,0.0,0.0,0
2030-06-22 21:00:00,0.0,0.0,0.0,0.0,0.0,0.0,0.0,0
2030-06-22 22:00:00,0.0,0.0,0.0,0.0,0.0,0.0,0.0,0
2030-06-22 23:00:00,0.0,0.0,0.0,0.0,0.0,0.0,0.0,0
2030-06-23 00:00:00,0.0,0.0,0.0,0.0,0.0,0.0,0.0,0
2030-06-23 01:00:00,0.0,0.0,0.0,0.0,0.0,0.0,0.0,0
2030-06-23 02:00:00,0.0,0.0,0.0,0.0,0.0,0.0,0.0,0
2030-06-23 03:00:00,0.0,0.0,0.0,0.0,0.0,0.0,0.0,0
2030-06-23 04:00:00,0.0,0.0,0.0,0.0,0.0,0.0,0.0,0
2030-06-23 05:00:00,0.0,0.0,0.0,0.0,0.0,0.0,0.0,0
2030-06-23 06:00:00,0.0,0.0,0.0,0.0,0.0,0.0,0.0,0
2030-06-23 07:00:00,0.0,0.0,0.0,0.0,0.0,0.0,0.0,0
2030-06-23 08:00:00,0.0,0.0,0.0,0.0,2.1873678121152778,0.0,0.0,0
2030-06-23 09:00:00,0.0,0.0,0.0,0.0,9.053051387233486,0.0,0.0,0
2030-06-23 10:00:00,0.0,0.0,0.0,0.0,15.2413137793269,0.0,0.0,0
2030-06-23 11:00:00,0.0,0.0,0.0,0.0,21.62931157567812,0.0,0.0,0
2030-06-23 12:00:00,0.0,0.0,0.0,0.0,25.416109245561334,0.0,0.0,0
2030-06-23 13:00:00,0.0,0.0,0.0,0.0,27.562675651349608,0.0,0.0,0
2030-06-23 14:00:00,0.0,0.0,0.0,0.0,27.49580258827215,0.0,0.0,0
2030-06-23 15:00:00,0.0,0.0,0.0,0.0,26.011117479705412,0.0,0.0,0
2030-06-23 16:00:00,0.0,0.0,0.0,0.0,22.62710481199252,0.0,0.0,0
2030-06-23 17:00:00,0.0,0.0,0.0,0.0,17.5301695660245,0.0,0.0,0
2030-06-23 18:00:00,0.0,0.0,0.0,0.0,10.86613626260904,0.0,0.0,0
2030-06-23 19:00:00,0.0,0.0,0.0,0.0,3.8518295142636094,0.0,0.0,0
2030-06-23 20:00:00,0.0,0.0,0.0,0.0,0.0522906109966915,0.0,0.0,0
2030-06-23 21:00:00,0.0,0.0,0.0,0.0,0.0,0.0,0.0,0
2030-06-23 22:00:00,0.0,0.0,0.0,0.0,0.0,0.0,0.0,0
2030-06-23 23:00:00,0.0,0.0,0.0,0.0,0.0,0.0,0.0,0
2030-06-24 00:00:00,0.0,0.0,0.0,0.0,0.0,0.0,0.0,0
2030-06-24 01:00:00,0.0,0.0,0.0,0.0,0.0,0.0,0.0,0
2030-06-24 02:00:00,0.0,0.0,0.0,0.0,0.0,0.0,0.0,0
2030-06-24 03:00:00,0.0,0.0,0.0,0.0,0.0,0.0,0.0,0
2030-06-24 04:00:00,0.0,0.0,0.0,0.0,0.0,0.0,0.0,0
2030-06-24 05:00:00,0.0,0.0,0.0,0.0,0.0,0.0,0.0,0
2030-06-24 06:00:00,0.0,0.0,0.0,0.0,0.0,0.0,0.0,0
2030-06-24 07:00:00,0.0,0.0,0.0,0.0,0.0,0.0,0.0,0
2030-06-24 08:00:00,0.0,0.0,0.0,0.0,2.4451384297046217,0.0,0.0,0
2030-06-24 09:00:00,0.0,0.0,0.0,0.0,9.515418226440888,0.0,0.0,0
2030-06-24 10:00:00,0.0,0.0,0.0,0.0,16.337059850325257,0.0,0.0,0
2030-06-24 11:00:00,0.0,0.0,0.0,0.0,22.0318019828569,0.0,0.0,0
2030-06-24 12:00:00,0.0,0.0,0.0,0.0,25.775957027716046,0.0,0.0,0
2030-06-24 13:00:00,0.0,0.0,0.0,0.0,27.72720695411949,0.0,0.0,0
2030-06-24 14:00:00,0.0,0.0,0.0,0.0,27.6970109674876,0.0,0.0,0
2030-06-24 15:00:00,0.0,0.0,0.0,0.0,26.027393852987487,0.0,0.0,0
2030-06-24 16:00:00,0.0,0.0,0.0,0.0,22.74207050743737,0.0,0.0,0
2030-06-24 17:00:00,0.0,0.0,0.0,0.0,17.746991479791077,0.0,0.0,0
2030-06-24 18:00:00,0.0,0.0,0.0,0.0,11.09746697970851,0.0,0.0,0
2030-06-24 19:00:00,0.0,0.0,0.0,0.0,3.9696675108758814,0.0,0.0,0
2030-06-24 20:00:00,0.0,0.0,0.0,0.0,0.0657683318592234,0.0,0.0,0
2030-06-24 21:00:00,0.0,0.0,0.0,0.0,0.0,0.0,0.0,0
2030-06-24 22:00:00,0.0,0.0,0.0,0.0,0.0,0.0,0.0,0
2030-06-24 23:00:00,0.0,0.0,0.0,0.0,0.0,0.0,0.0,0
2030-06-25 00:00:00,0.0,0.0,0.0,0.0,0.0,0.0,0.0,0
2030-06-25 01:00:00,0.0,0.0,0.0,0.0,0.0,0.0,0.0,0
2030-06-25 02:00:00,0.0,0.0,0.0,0.0,0.0,0.0,0.0,0
2030-06-25 03:00:00,0.0,0.0,0.0,0.0,0.0,0.0,0.0,0
2030-06-25 04:00:00,0.0,0.0,0.0,0.0,0.0,0.0,0.0,0
2030-06-25 05:00:00,0.0,0.0,0.0,0.0,0.0,0.0,0.0,0
2030-06-25 06:00:00,0.0,0.0,0.0,0.0,0.0,0.0,0.0,0
2030-06-25 07:00:00,0.0,0.0,0.0,0.0,0.0,0.0,0.0,0
2030-06-25 08:00:00,0.0,0.0,0.0,0.0,2.3493950574571527,0.0,0.0,0
2030-06-25 09:00:00,0.0,0.0,0.0,0.0,8.64923530259281,0.0,0.0,0
2030-06-25 10:00:00,0.0,0.0,0.0,0.0,16.12686632386812,0.0,0.0,0
2030-06-25 11:00:00,0.0,0.0,0.0,0.0,22.00374180991361,0.0,0.0,0
2030-06-25 12:00:00,0.0,0.0,0.0,0.0,25.843492929524466,0.0,0.0,0
2030-06-25 13:00:00,0.0,0.0,0.0,0.0,27.730300201530568,0.0,0.0,0
2030-06-25 14:00:00,0.0,0.0,0.0,0.0,27.607675036305924,0.0,0.0,0
2030-06-25 15:00:00,0.0,0.0,0.0,0.0,26.09979057215615,0.0,0.0,0
2030-06-25 16:00:00,0.0,0.0,0.0,0.0,22.19007314205676,0.0,0.0,0
2030-06-25 17:00:00,0.0,0.0,0.0,0.0,17.52427766619389,0.0,0.0,0
2030-06-25 18:00:00,0.0,0.0,0.0,0.0,10.76671045296744,0.0,0.0,0
2030-06-25 19:00:00,0.0,0.0,0.0,0.0,3.7708158915926706,0.0,0.0,0
2030-06-25 20:00:00,0.0,0.0,0.0,0.0,0.0606129195074352,0.0,0.0,0
2030-06-25 21:00:00,0.0,0.0,0.0,0.0,0.0,0.0,0.0,0
2030-06-25 22:00:00,0.0,0.0,0.0,0.0,0.0,0.0,0.0,0
2030-06-25 23:00:00,0.0,0.0,0.0,0.0,0.0,0.0,0.0,0
2030-06-26 00:00:00,0.0,0.0,0.0,0.0,0.0,0.0,0.0,0
2030-06-26 01:00:00,0.0,0.0,0.0,0.0,0.0,0.0,0.0,0
2030-06-26 02:00:00,0.0,0.0,0.0,0.0,0.0,0.0,0.0,0
2030-06-26 03:00:00,0.0,0.0,0.0,0.0,0.0,0.0,0.0,0
2030-06-26 04:00:00,0.0,0.0,0.0,0.0,0.0,0.0,0.0,0
2030-06-26 05:00:00,0.0,0.0,0.0,0.0,0.0,0.0,0.0,0
2030-06-26 06:00:00,0.0,0.0,0.0,0.0,0.0,0.0,0.0,0
2030-06-26 07:00:00,0.0,0.0,0.0,0.0,0.0,0.0,0.0,0
2030-06-26 08:00:00,0.0,0.0,0.0,0.0,2.143178563385677,0.0,0.0,0
2030-06-26 09:00:00,0.0,0.0,0.0,0.0,8.701525913589506,0.0,0.0,0
2030-06-26 10:00:00,0.0,0.0,0.0,0.0,15.182394781020767,0.0,0.0,0
2030-06-26 11:00:00,0.0,0.0,0.0,0.0,20.410277500724167,0.0,0.0,0
2030-06-26 12:00:00,0.0,0.0,0.0,0.0,24.785086773702616,0.0,0.0,0
2030-06-26 13:00:00,0.0,0.0,0.0,0.0,26.09942232841673,0.0,0.0,0
2030-06-26 14:00:00,0.0,0.0,0.0,0.0,26.116361540429757,0.0,0.0,0
2030-06-26 15:00:00,0.0,0.0,0.0,0.0,24.979077575625567,0.0,0.0,0
2030-06-26 16:00:00,0.0,0.0,0.0,0.0,20.768357712929706,0.0,0.0,0
2030-06-26 17:00:00,0.0,0.0,0.0,0.0,15.514550633971604,0.0,0.0,0
2030-06-26 18:00:00,0.0,0.0,0.0,0.0,10.140180554729568,0.0,0.0,0
2030-06-26 19:00:00,0.0,0.0,0.0,0.0,3.6750725193452016,0.0,0.0,0
2030-06-26 20:00:00,0.0,0.0,0.0,0.0,0.0634115719269773,0.0,0.0,0
2030-06-26 21:00:00,0.0,0.0,0.0,0.0,0.0,0.0,0.0,0
2030-06-26 22:00:00,0.0,0.0,0.0,0.0,0.0,0.0,0.0,0
2030-06-26 23:00:00,0.0,0.0,0.0,0.0,0.0,0.0,0.0,0
2030-06-27 00:00:00,0.0,0.0,0.0,0.0,0.0,0.0,0.0,0
2030-06-27 01:00:00,0.0,0.0,0.0,0.0,0.0,0.0,0.0,0
2030-06-27 02:00:00,0.0,0.0,0.0,0.0,0.0,0.0,0.0,0
2030-06-27 03:00:00,0.0,0.0,0.0,0.0,0.0,0.0,0.0,0
2030-06-27 04:00:00,0.0,0.0,0.0,0.0,0.0,0.0,0.0,0
2030-06-27 05:00:00,0.0,0.0,0.0,0.0,0.0,0.0,0.0,0
2030-06-27 06:00:00,0.0,0.0,0.0,0.0,0.0,0.0,0.0,0
2030-06-27 07:00:00,0.0,0.0,0.0,0.0,0.0,0.0,0.0,0
2030-06-27 08:00:00,0.0,0.0,0.0,0.0,1.9737864432555372,0.0,0.0,0
2030-06-27 09:00:00,0.0,0.0,0.0,0.0,7.792774013465246,0.0,0.0,0
2030-06-27 10:00:00,0.0,0.0,0.0,0.0,14.703088729800356,0.0,0.0,0
2030-06-27 11:00:00,0.0,0.0,0.0,0.0,20.514195883986616,0.0,0.0,0
2030-06-27 12:00:00,0.0,0.0,0.0,0.0,23.48813232348881,0.0,0.0,0
2030-06-27 13:00:00,0.0,0.0,0.0,0.0,25.29348408033668,0.0,0.0,0
2030-06-27 14:00:00,0.0,0.0,0.0,0.0,25.178150141152425,0.0,0.0,0
2030-06-27 15:00:00,0.0,0.0,0.0,0.0,25.14942712947818,0.0,0.0,0
2030-06-27 16:00:00,0.0,0.0,0.0,0.0,22.572089197324168,0.0,0.0,0
2030-06-27 17:00:00,0.0,0.0,0.0,0.0,17.37499165423572,0.0,0.0,0
2030-06-27 18:00:00,0.0,0.0,0.0,0.0,10.339326769004307,0.0,0.0,0
2030-06-27 19:00:00,0.0,0.0,0.0,0.0,3.211085407684385,0.0,0.0,0
2030-06-27 20:00:00,0.0,0.0,0.0,0.0,0.0765946977979743,0.0,0.0,0
2030-06-27 21:00:00,0.0,0.0,0.0,0.0,0.0,0.0,0.0,0
2030-06-27 22:00:00,0.0,0.0,0.0,0.0,0.0,0.0,0.0,0
2030-06-27 23:00:00,0.0,0.0,0.0,0.0,0.0,0.0,0.0,0
2030-06-28 00:00:00,0.0,0.0,0.0,0.0,0.0,0.0,0.0,0
2030-06-28 01:00:00,0.0,0.0,0.0,0.0,0.0,0.0,0.0,0
2030-06-28 02:00:00,0.0,0.0,0.0,0.0,0.0,0.0,0.0,0
2030-06-28 03:00:00,0.0,0.0,0.0,0.0,0.0,0.0,0.0,0
2030-06-28 04:00:00,0.0,0.0,0.0,0.0,0.0,0.0,0.0,0
2030-06-28 05:00:00,0.0,0.0,0.0,0.0,0.0,0.0,0.0,0
2030-06-28 06:00:00,0.0,0.0,0.0,0.0,0.0,0.0,0.0,0
2030-06-28 07:00:00,0.0,0.0,0.0,0.0,0.0,0.0,0.0,0
2030-06-28 08:00:00,0.0,0.0,0.0,0.0,1.767569949184062,0.0,0.0,0
2030-06-28 09:00:00,0.0,0.0,0.0,0.0,6.922982300970924,0.0,0.0,0
2030-06-28 10:00:00,0.0,0.0,0.0,0.0,15.38360316023622,0.0,0.0,0
2030-06-28 11:00:00,0.0,0.0,0.0,0.0,21.295830045265394,0.0,0.0,0
2030-06-28 12:00:00,0.0,0.0,0.0,0.0,25.350340913702105,0.0,0.0,0
2030-06-28 13:00:00,0.0,0.0,0.0,0.0,27.39917543105008,0.0,0.0,0
2030-06-28 14:00:00,0.0,0.0,0.0,0.0,27.30600976497851,0.0,0.0,0
2030-06-28 15:00:00,0.0,0.0,0.0,0.0,25.722267090509582,0.0,0.0,0
2030-06-28 16:00:00,0.0,0.0,0.0,0.0,22.13881361353042,0.0,0.0,0
2030-06-28 17:00:00,0.0,0.0,0.0,0.0,16.996142495127266,0.0,0.0,0
2030-06-28 18:00:00,0.0,0.0,0.0,0.0,10.570657486103777,0.0,0.0,0
2030-06-28 19:00:00,0.0,0.0,0.0,0.0,3.7634510168044057,0.0,0.0,0
2030-06-28 20:00:00,0.0,0.0,0.0,0.0,0.0751217228403205,0.0,0.0,0
2030-06-28 21:00:00,0.0,0.0,0.0,0.0,0.0,0.0,0.0,0
2030-06-28 22:00:00,0.0,0.0,0.0,0.0,0.0,0.0,0.0,0
2030-06-28 23:00:00,0.0,0.0,0.0,0.0,0.0,0.0,0.0,0
2030-06-29 00:00:00,0.0,0.0,0.0,0.0,0.0,0.0,0.0,0
2030-06-29 01:00:00,0.0,0.0,0.0,0.0,0.0,0.0,0.0,0
2030-06-29 02:00:00,0.0,0.0,0.0,0.0,0.0,0.0,0.0,0
2030-06-29 03:00:00,0.0,0.0,0.0,0.0,0.0,0.0,0.0,0
2030-06-29 04:00:00,0.0,0.0,0.0,0.0,0.0,0.0,0.0,0
2030-06-29 05:00:00,0.0,0.0,0.0,0.0,0.0,0.0,0.0,0
2030-06-29 06:00:00,0.0,0.0,0.0,0.0,0.0,0.0,0.0,0
2030-06-29 07:00:00,0.0,0.0,0.0,0.0,0.0,0.0,0.0,0
2030-06-29 08:00:00,0.0,0.0,0.0,0.0,2.1873678121152778,0.0,0.0,0
2030-06-29 09:00:00,0.0,0.0,0.0,0.0,8.435874879976717,0.0,0.0,0
2030-06-29 10:00:00,0.0,0.0,0.0,0.0,15.156102178026655,0.0,0.0,0
2030-06-29 11:00:00,0.0,0.0,0.0,0.0,17.746623236051665,0.0,0.0,0
2030-06-29 12:00:00,0.0,0.0,0.0,0.0,18.88464368833468,0.0,0.0,0
2030-06-29 13:00:00,0.0,0.0,0.0,0.0,25.62181019839762,0.0,0.0,0
2030-06-29 14:00:00,0.0,0.0,0.0,0.0,27.43975589113344,0.0,0.0,0
2030-06-29 15:00:00,0.0,0.0,0.0,0.0,25.22565358353675,0.0,0.0,0
2030-06-29 16:00:00,0.0,0.0,0.0,0.0,21.87213149744728,0.0,0.0,0
2030-06-29 17:00:00,0.0,0.0,0.0,0.0,15.729604977789,0.0,0.0,0
2030-06-29 18:00:00,0.0,0.0,0.0,0.0,9.402146452197343,0.0,0.0,0
2030-06-29 19:00:00,0.0,0.0,0.0,0.0,3.4393965261206594,0.0,0.0,0
2030-06-29 20:00:00,0.0,0.0,0.0,0.0,0.0743852353614936,0.0,0.0,0
2030-06-29 21:00:00,0.0,0.0,0.0,0.0,0.0,0.0,0.0,0
2030-06-29 22:00:00,0.0,0.0,0.0,0.0,0.0,0.0,0.0,0
2030-06-29 23:00:00,0.0,0.0,0.0,0.0,0.0,0.0,0.0,0
2030-06-30 00:00:00,0.0,0.0,0.0,0.0,0.0,0.0,0.0,0
2030-06-30 01:00:00,0.0,0.0,0.0,0.0,0.0,0.0,0.0,0
2030-06-30 02:00:00,0.0,0.0,0.0,0.0,0.0,0.0,0.0,0
2030-06-30 03:00:00,0.0,0.0,0.0,0.0,0.0,0.0,0.0,0
2030-06-30 04:00:00,0.0,0.0,0.0,0.0,0.0,0.0,0.0,0
2030-06-30 05:00:00,0.0,0.0,0.0,0.0,0.0,0.0,0.0,0
2030-06-30 06:00:00,0.0,0.0,0.0,0.0,0.0,0.0,0.0,0
2030-06-30 07:00:00,0.0,0.0,0.0,0.0,0.0,0.0,0.0,0
2030-06-30 08:00:00,0.0,0.0,0.0,0.0,2.0916244398678083,0.0,0.0,0
2030-06-30 09:00:00,0.0,0.0,0.0,0.0,8.788505084838938,0.0,0.0,0
2030-06-30 10:00:00,0.0,0.0,0.0,0.0,15.833891604790859,0.0,0.0,0
2030-06-30 11:00:00,0.0,0.0,0.0,0.0,21.409101819508933,0.0,0.0,0
2030-06-30 12:00:00,0.0,0.0,0.0,0.0,25.002571526200136,0.0,0.0,0
2030-06-30 13:00:00,0.0,0.0,0.0,0.0,27.603845301416023,0.0,0.0,0
2030-06-30 14:00:00,0.0,0.0,0.0,0.0,27.754162395844553,0.0,0.0,0
2030-06-30 15:00:00,0.0,0.0,0.0,0.0,26.31307734602436,0.0,0.0,0
2030-06-30 16:00:00,0.0,0.0,0.0,0.0,22.979366773115327,0.0,0.0,0
2030-06-30 17:00:00,0.0,0.0,0.0,0.0,17.87337273115774,0.0,0.0,0
2030-06-30 18:00:00,0.0,0.0,0.0,0.0,11.167433290197044,0.0,0.0,0
2030-06-30 19:00:00,0.0,0.0,0.0,0.0,3.984397260452415,0.0,0.0,0
2030-06-30 20:00:00,0.0,0.0,0.0,0.0,0.0935339098109883,0.0,0.0,0
2030-06-30 21:00:00,0.0,0.0,0.0,0.0,0.0,0.0,0.0,0
2030-06-30 22:00:00,0.0,0.0,0.0,0.0,0.0,0.0,0.0,0
2030-06-30 23:00:00,0.0,0.0,0.0,0.0,0.0,0.0,0.0,0
2030-07-01 00:00:00,0.0,0.0,0.0,0.0,0.0,0.0,0.0,0
2030-07-01 01:00:00,0.0,0.0,0.0,0.0,0.0,0.0,0.0,0
2030-07-01 02:00:00,0.0,0.0,0.0,0.0,0.0,0.0,0.0,0
2030-07-01 03:00:00,0.0,0.0,0.0,0.0,0.0,0.0,0.0,0
2030-07-01 04:00:00,0.0,0.0,0.0,0.0,0.0,0.0,0.0,0
2030-07-01 05:00:00,0.0,0.0,0.0,0.0,0.0,0.0,0.0,0
2030-07-01 06:00:00,0.0,0.0,0.0,0.0,0.0,0.0,0.0,0
2030-07-01 07:00:00,0.0,0.0,0.0,0.0,0.0,0.0,0.0,0
2030-07-01 08:00:00,0.0,0.0,0.0,0.0,1.8338538222784644,0.0,0.0,0
2030-07-01 09:00:00,0.0,0.0,0.0,0.0,7.735254341368882,0.0,0.0,0
2030-07-01 10:00:00,0.0,0.0,0.0,0.0,13.954670153816668,0.0,0.0,0
2030-07-01 11:00:00,0.0,0.0,0.0,0.0,21.11156087806295,0.0,0.0,0
2030-07-01 12:00:00,0.0,0.0,0.0,0.0,25.499553276912398,0.0,0.0,0
2030-07-01 13:00:00,0.0,0.0,0.0,0.0,27.8542510442171,0.0,0.0,0
2030-07-01 14:00:00,0.0,0.0,0.0,0.0,27.986892439153785,0.0,0.0,0
2030-07-01 15:00:00,0.0,0.0,0.0,0.0,26.33635035035528,0.0,0.0,0
2030-07-01 16:00:00,0.0,0.0,0.0,0.0,22.930832248260646,0.0,0.0,0
2030-07-01 17:00:00,0.0,0.0,0.0,0.0,17.731083350248426,0.0,0.0,0
2030-07-01 18:00:00,0.0,0.0,0.0,0.0,10.952305297631764,0.0,0.0,0
2030-07-01 19:00:00,0.0,0.0,0.0,0.0,3.873924138628408,0.0,0.0,0
2030-07-01 20:00:00,0.0,0.0,0.0,0.0,0.0788041602344549,0.0,0.0,0
2030-07-01 21:00:00,0.0,0.0,0.0,0.0,0.0,0.0,0.0,0
2030-07-01 22:00:00,0.0,0.0,0.0,0.0,0.0,0.0,0.0,0
2030-07-01 23:00:00,0.0,0.0,0.0,0.0,0.0,0.0,0.0,0
2030-07-02 00:00:00,0.0,0.0,0.0,0.0,0.0,0.0,0.0,0
2030-07-02 01:00:00,0.0,0.0,0.0,0.0,0.0,0.0,0.0,0
2030-07-02 02:00:00,0.0,0.0,0.0,0.0,0.0,0.0,0.0,0
2030-07-02 03:00:00,0.0,0.0,0.0,0.0,0.0,0.0,0.0,0
2030-07-02 04:00:00,0.0,0.0,0.0,0.0,0.0,0.0,0.0,0
2030-07-02 05:00:00,0.0,0.0,0.0,0.0,0.0,0.0,0.0,0
2030-07-02 06:00:00,0.0,0.0,0.0,0.0,0.0,0.0,0.0,0
2030-07-02 07:00:00,0.0,0.0,0.0,0.0,0.0,0.0,0.0,0
2030-07-02 08:00:00,0.0,0.0,0.0,0.0,2.1873678121152778,0.0,0.0,0
2030-07-02 09:00:00,0.0,0.0,0.0,0.0,7.953475581345235,0.0,0.0,0
2030-07-02 10:00:00,0.0,0.0,0.0,0.0,13.673773829392164,0.0,0.0,0
2030-07-02 11:00:00,0.0,0.0,0.0,0.0,19.667750824571097,0.0,0.0,0
2030-07-02 12:00:00,0.0,0.0,0.0,0.0,24.32308817823463,0.0,0.0,0
2030-07-02 13:00:00,0.0,0.0,0.0,0.0,25.29422056781551,0.0,0.0,0
2030-07-02 14:00:00,0.0,0.0,0.0,0.0,24.3971788186046,0.0,0.0,0
2030-07-02 15:00:00,0.0,0.0,0.0,0.0,25.051106051054816,0.0,0.0,0
2030-07-02 16:00:00,0.0,0.0,0.0,0.0,21.3314760392406,0.0,0.0,0
2030-07-02 17:00:00,0.0,0.0,0.0,0.0,16.902608585316276,0.0,0.0,0
2030-07-02 18:00:00,0.0,0.0,0.0,0.0,10.1294278375387,0.0,0.0,0
2030-07-02 19:00:00,0.0,0.0,0.0,0.0,3.51304527400333,0.0,0.0,0
2030-07-02 20:00:00,0.0,0.0,0.0,0.0,0.0588453495582507,0.0,0.0,0
2030-07-02 21:00:00,0.0,0.0,0.0,0.0,0.0,0.0,0.0,0
2030-07-02 22:00:00,0.0,0.0,0.0,0.0,0.0,0.0,0.0,0
2030-07-02 23:00:00,0.0,0.0,0.0,0.0,0.0,0.0,0.0,0
2030-07-03 00:00:00,0.0,0.0,0.0,0.0,0.0,0.0,0.0,0
2030-07-03 01:00:00,0.0,0.0,0.0,0.0,0.0,0.0,0.0,0
2030-07-03 02:00:00,0.0,0.0,0.0,0.0,0.0,0.0,0.0,0
2030-07-03 03:00:00,0.0,0.0,0.0,0.0,0.0,0.0,0.0,0
2030-07-03 04:00:00,0.0,0.0,0.0,0.0,0.0,0.0,0.0,0
2030-07-03 05:00:00,0.0,0.0,0.0,0.0,0.0,0.0,0.0,0
2030-07-03 06:00:00,0.0,0.0,0.0,0.0,0.0,0.0,0.0,0
2030-07-03 07:00:00,0.0,0.0,0.0,0.0,0.0,0.0,0.0,0
2030-07-03 08:00:00,0.0,0.0,0.0,0.0,1.959056693679004,0.0,0.0,0
2030-07-03 09:00:00,0.0,0.0,0.0,0.0,6.665211683381577,0.0,0.0,0
2030-07-03 10:00:00,0.0,0.0,0.0,0.0,12.32555985065202,0.0,0.0,0
2030-07-03 11:00:00,0.0,0.0,0.0,0.0,16.967419483453025,0.0,0.0,0
2030-07-03 12:00:00,0.0,0.0,0.0,0.0,20.65272917875392,0.0,0.0,0
2030-07-03 13:00:00,0.0,0.0,0.0,0.0,25.37214094307537,0.0,0.0,0
2030-07-03 14:00:00,0.0,0.0,0.0,0.0,26.519146542600073,0.0,0.0,0
2030-07-03 15:00:00,0.0,0.0,0.0,0.0,23.756140117033844,0.0,0.0,0
2030-07-03 16:00:00,0.0,0.0,0.0,0.0,19.981494490551277,0.0,0.0,0
2030-07-03 17:00:00,0.0,0.0,0.0,0.0,13.83447539727215,0.0,0.0,0
2030-07-03 18:00:00,0.0,0.0,0.0,0.0,9.957678957476318,0.0,0.0,0
2030-07-03 19:00:00,0.0,0.0,0.0,0.0,3.498315524426797,0.0,0.0,0
2030-07-03 20:00:00,0.0,0.0,0.0,0.0,0.0986893221627764,0.0,0.0,0
2030-07-03 21:00:00,0.0,0.0,0.0,0.0,0.0,0.0,0.0,0
2030-07-03 22:00:00,0.0,0.0,0.0,0.0,0.0,0.0,0.0,0
2030-07-03 23:00:00,0.0,0.0,0.0,0.0,0.0,0.0,0.0,0
2030-07-04 00:00:00,0.0,0.0,0.0,0.0,0.0,0.0,0.0,0
2030-07-04 01:00:00,0.0,0.0,0.0,0.0,0.0,0.0,0.0,0
2030-07-04 02:00:00,0.0,0.0,0.0,0.0,0.0,0.0,0.0,0
2030-07-04 03:00:00,0.0,0.0,0.0,0.0,0.0,0.0,0.0,0
2030-07-04 04:00:00,0.0,0.0,0.0,0.0,0.0,0.0,0.0,0
2030-07-04 05:00:00,0.0,0.0,0.0,0.0,0.0,0.0,0.0,0
2030-07-04 06:00:00,0.0,0.0,0.0,0.0,0.0,0.0,0.0,0
2030-07-04 07:00:00,0.0,0.0,0.0,0.0,0.0,0.0,0.0,0
2030-07-04 08:00:00,0.0,0.0,0.0,0.0,1.959056693679004,0.0,0.0,0
2030-07-04 09:00:00,0.0,0.0,0.0,0.0,8.254109770202291,0.0,0.0,0
2030-07-04 10:00:00,0.0,0.0,0.0,0.0,15.01064590095838,0.0,0.0,0
2030-07-04 11:00:00,0.0,0.0,0.0,0.0,21.52576143615508,0.0,0.0,0
2030-07-04 12:00:00,0.0,0.0,0.0,0.0,25.615255459836067,0.0,0.0,0
2030-07-04 13:00:00,0.0,0.0,0.0,0.0,27.644720356490907,0.0,0.0,0
2030-07-04 14:00:00,0.0,0.0,0.0,0.0,27.709531254627652,0.0,0.0,0
2030-07-04 15:00:00,0.0,0.0,0.0,0.0,26.178005542407544,0.0,0.0,0
2030-07-04 16:00:00,0.0,0.0,0.0,0.0,22.791636114762408,0.0,0.0,0
2030-07-04 17:00:00,0.0,0.0,0.0,0.0,17.67216435194229,0.0,0.0,0
2030-07-04 18:00:00,0.0,0.0,0.0,0.0,10.93470324688781,0.0,0.0,0
2030-07-04 19:00:00,0.0,0.0,0.0,0.0,3.918113387358012,0.0,0.0,0
2030-07-04 20:00:00,0.0,0.0,0.0,0.0,0.0920609348533345,0.0,0.0,0
2030-07-04 21:00:00,0.0,0.0,0.0,0.0,0.0,0.0,0.0,0
2030-07-04 22:00:00,0.0,0.0,0.0,0.0,0.0,0.0,0.0,0
2030-07-04 23:00:00,0.0,0.0,0.0,0.0,0.0,0.0,0.0,0
2030-07-05 00:00:00,0.0,0.0,0.0,0.0,0.0,0.0,0.0,0
2030-07-05 01:00:00,0.0,0.0,0.0,0.0,0.0,0.0,0.0,0
2030-07-05 02:00:00,0.0,0.0,0.0,0.0,0.0,0.0,0.0,0
2030-07-05 03:00:00,0.0,0.0,0.0,0.0,0.0,0.0,0.0,0
2030-07-05 04:00:00,0.0,0.0,0.0,0.0,0.0,0.0,0.0,0
2030-07-05 05:00:00,0.0,0.0,0.0,0.0,0.0,0.0,0.0,0
2030-07-05 06:00:00,0.0,0.0,0.0,0.0,0.0,0.0,0.0,0
2030-07-05 07:00:00,0.0,0.0,0.0,0.0,0.0,0.0,0.0,0
2030-07-05 08:00:00,0.0,0.0,0.0,0.0,2.1358136885974126,0.0,0.0,0
2030-07-05 09:00:00,0.0,0.0,0.0,0.0,8.026166895505426,0.0,0.0,0
2030-07-05 10:00:00,0.0,0.0,0.0,0.0,14.925434299658132,0.0,0.0,0
2030-07-05 11:00:00,0.0,0.0,0.0,0.0,20.84038618835896,0.0,0.0,0
2030-07-05 12:00:00,0.0,0.0,0.0,0.0,25.069076345538193,0.0,0.0,0
2030-07-05 13:00:00,0.0,0.0,0.0,0.0,26.67189404570872,0.0,0.0,0
2030-07-05 14:00:00,0.0,0.0,0.0,0.0,26.684708927840312,0.0,0.0,0
2030-07-05 15:00:00,0.0,0.0,0.0,0.0,24.970755267114825,0.0,0.0,0
2030-07-05 16:00:00,0.0,0.0,0.0,0.0,21.266075951120797,0.0,0.0,0
2030-07-05 17:00:00,0.0,0.0,0.0,0.0,12.324823363173191,0.0,0.0,0
2030-07-05 18:00:00,0.0,0.0,0.0,0.0,8.110347414335317,0.0,0.0,0
2030-07-05 19:00:00,0.0,0.0,0.0,0.0,3.4393965261206594,0.0,0.0,0
2030-07-05 20:00:00,0.0,0.0,0.0,0.0,0.0758582103191474,0.0,0.0,0
2030-07-05 21:00:00,0.0,0.0,0.0,0.0,0.0,0.0,0.0,0
2030-07-05 22:00:00,0.0,0.0,0.0,0.0,0.0,0.0,0.0,0
2030-07-05 23:00:00,0.0,0.0,0.0,0.0,0.0,0.0,0.0,0
2030-07-06 00:00:00,0.0,0.0,0.0,0.0,0.0,0.0,0.0,0
2030-07-06 01:00:00,0.0,0.0,0.0,0.0,0.0,0.0,0.0,0
2030-07-06 02:00:00,0.0,0.0,0.0,0.0,0.0,0.0,0.0,0
2030-07-06 03:00:00,0.0,0.0,0.0,0.0,0.0,0.0,0.0,0
2030-07-06 04:00:00,0.0,0.0,0.0,0.0,0.0,0.0,0.0,0
2030-07-06 05:00:00,0.0,0.0,0.0,0.0,0.0,0.0,0.0,0
2030-07-06 06:00:00,0.0,0.0,0.0,0.0,0.0,0.0,0.0,0
2030-07-06 07:00:00,0.0,0.0,0.0,0.0,0.0,0.0,0.0,0
2030-07-06 08:00:00,0.0,0.0,0.0,0.0,1.406691084558984,0.0,0.0,0
2030-07-06 09:00:00,0.0,0.0,0.0,0.0,6.17912994735596,0.0,0.0,0
2030-07-06 10:00:00,0.0,0.0,0.0,0.0,11.353396378600783,0.0,0.0,0
2030-07-06 11:00:00,0.0,0.0,0.0,0.0,12.736298917593667,0.0,0.0,0
2030-07-06 12:00:00,0.0,0.0,0.0,0.0,18.20552858410858,0.0,0.0,0
2030-07-06 13:00:00,0.0,0.0,0.0,0.0,19.88869706821911,0.0,0.0,0
2030-07-06 14:00:00,0.0,0.0,0.0,0.0,16.776227333949613,0.0,0.0,0
2030-07-06 15:00:00,0.0,0.0,0.0,0.0,15.612871712394968,0.0,0.0,0
2030-07-06 16:00:00,0.0,0.0,0.0,0.0,16.27504760460805,0.0,0.0,0
2030-07-06 17:00:00,0.0,0.0,0.0,0.0,13.875718696086446,0.0,0.0,0
2030-07-06 18:00:00,0.0,0.0,0.0,0.0,6.621022434651979,0.0,0.0,0
2030-07-06 19:00:00,0.0,0.0,0.0,0.0,3.3952072773910595,0.0,0.0,0
2030-07-06 20:00:00,0.0,0.0,0.0,0.0,0.0720284754292476,0.0,0.0,0
2030-07-06 21:00:00,0.0,0.0,0.0,0.0,0.0,0.0,0.0,0
2030-07-06 22:00:00,0.0,0.0,0.0,0.0,0.0,0.0,0.0,0
2030-07-06 23:00:00,0.0,0.0,0.0,0.0,0.0,0.0,0.0,0
2030-07-07 00:00:00,0.0,0.0,0.0,0.0,0.0,0.0,0.0,0
2030-07-07 01:00:00,0.0,0.0,0.0,0.0,0.0,0.0,0.0,0
2030-07-07 02:00:00,0.0,0.0,0.0,0.0,0.0,0.0,0.0,0
2030-07-07 03:00:00,0.0,0.0,0.0,0.0,0.0,0.0,0.0,0
2030-07-07 04:00:00,0.0,0.0,0.0,0.0,0.0,0.0,0.0,0
2030-07-07 05:00:00,0.0,0.0,0.0,0.0,0.0,0.0,0.0,0
2030-07-07 06:00:00,0.0,0.0,0.0,0.0,0.0,0.0,0.0,0
2030-07-07 07:00:00,0.0,0.0,0.0,0.0,0.0,0.0,0.0,0
2030-07-07 08:00:00,0.0,0.0,0.0,0.0,1.9664215684672728,0.0,0.0,0
2030-07-07 09:00:00,0.0,0.0,0.0,0.0,8.150559630679258,0.0,0.0,0
2030-07-07 10:00:00,0.0,0.0,0.0,0.0,15.077150720296435,0.0,0.0,0
2030-07-07 11:00:00,0.0,0.0,0.0,0.0,20.973764070774475,0.0,0.0,0
2030-07-07 12:00:00,0.0,0.0,0.0,0.0,25.179254872370663,0.0,0.0,0
2030-07-07 13:00:00,0.0,0.0,0.0,0.0,26.859256460322236,0.0,0.0,0
2030-07-07 14:00:00,0.0,0.0,0.0,0.0,27.63404128804792,0.0,0.0,0
2030-07-07 15:00:00,0.0,0.0,0.0,0.0,26.449548475850943,0.0,0.0,0
2030-07-07 16:00:00,0.0,0.0,0.0,0.0,23.136238606105415,0.0,0.0,0
2030-07-07 17:00:00,0.0,0.0,0.0,0.0,17.958584332457992,0.0,0.0,0
2030-07-07 18:00:00,0.0,0.0,0.0,0.0,11.182973176000283,0.0,0.0,0
2030-07-07 19:00:00,0.0,0.0,0.0,0.0,4.021221634393745,0.0,0.0,0
2030-07-07 20:00:00,0.0,0.0,0.0,0.0,0.095006884768642,0.0,0.0,0
2030-07-07 21:00:00,0.0,0.0,0.0,0.0,0.0,0.0,0.0,0
2030-07-07 22:00:00,0.0,0.0,0.0,0.0,0.0,0.0,0.0,0
2030-07-07 23:00:00,0.0,0.0,0.0,0.0,0.0,0.0,0.0,0
2030-07-08 00:00:00,0.0,0.0,0.0,0.0,0.0,0.0,0.0,0
2030-07-08 01:00:00,0.0,0.0,0.0,0.0,0.0,0.0,0.0,0
2030-07-08 02:00:00,0.0,0.0,0.0,0.0,0.0,0.0,0.0,0
2030-07-08 03:00:00,0.0,0.0,0.0,0.0,0.0,0.0,0.0,0
2030-07-08 04:00:00,0.0,0.0,0.0,0.0,0.0,0.0,0.0,0
2030-07-08 05:00:00,0.0,0.0,0.0,0.0,0.0,0.0,0.0,0
2030-07-08 06:00:00,0.0,0.0,0.0,0.0,0.0,0.0,0.0,0
2030-07-08 07:00:00,0.0,0.0,0.0,0.0,0.0,0.0,0.0,0
2030-07-08 08:00:00,0.0,0.0,0.0,0.0,2.106354189444342,0.0,0.0,0
2030-07-08 09:00:00,0.0,0.0,0.0,0.0,8.973731685763854,0.0,0.0,0
2030-07-08 10:00:00,0.0,0.0,0.0,0.0,15.922491048493711,0.0,0.0,0
2030-07-08 11:00:00,0.0,0.0,0.0,0.0,21.911238982572975,0.0,0.0,0
2030-07-08 12:00:00,0.0,0.0,0.0,0.0,25.988286367861782,0.0,0.0,0
2030-07-08 13:00:00,0.0,0.0,0.0,0.0,28.16600619400444,0.0,0.0,0
2030-07-08 14:00:00,0.0,0.0,0.0,0.0,28.188174467117125,0.0,0.0,0
2030-07-08 15:00:00,0.0,0.0,0.0,0.0,26.502870169318,0.0,0.0,0
2030-07-08 16:00:00,0.0,0.0,0.0,0.0,23.07768785153869,0.0,0.0,0
2030-07-08 17:00:00,0.0,0.0,0.0,0.0,17.863724745185113,0.0,0.0,0
2030-07-08 18:00:00,0.0,0.0,0.0,0.0,11.083252771367151,0.0,0.0,0
2030-07-08 19:00:00,0.0,0.0,0.0,0.0,3.962302636087613,0.0,0.0,0
2030-07-08 20:00:00,0.0,0.0,0.0,0.0,0.0957433722474689,0.0,0.0,0
2030-07-08 21:00:00,0.0,0.0,0.0,0.0,0.0,0.0,0.0,0
2030-07-08 22:00:00,0.0,0.0,0.0,0.0,0.0,0.0,0.0,0
2030-07-08 23:00:00,0.0,0.0,0.0,0.0,0.0,0.0,0.0,0
2030-07-09 00:00:00,0.0,0.0,0.0,0.0,0.0,0.0,0.0,0
2030-07-09 01:00:00,0.0,0.0,0.0,0.0,0.0,0.0,0.0,0
2030-07-09 02:00:00,0.0,0.0,0.0,0.0,0.0,0.0,0.0,0
2030-07-09 03:00:00,0.0,0.0,0.0,0.0,0.0,0.0,0.0,0
2030-07-09 04:00:00,0.0,0.0,0.0,0.0,0.0,0.0,0.0,0
2030-07-09 05:00:00,0.0,0.0,0.0,0.0,0.0,0.0,0.0,0
2030-07-09 06:00:00,0.0,0.0,0.0,0.0,0.0,0.0,0.0,0
2030-07-09 07:00:00,0.0,0.0,0.0,0.0,0.0,0.0,0.0,0
2030-07-09 08:00:00,0.0,0.0,0.0,0.0,1.9737864432555372,0.0,0.0,0
2030-07-09 09:00:00,0.0,0.0,0.0,0.0,7.912968770009763,0.0,0.0,0
2030-07-09 10:00:00,0.0,0.0,0.0,0.0,14.92234105224706,0.0,0.0,0
2030-07-09 11:00:00,0.0,0.0,0.0,0.0,20.982380974276747,0.0,0.0,0
2030-07-09 12:00:00,0.0,0.0,0.0,0.0,25.45418564821667,0.0,0.0,0
2030-07-09 13:00:00,0.0,0.0,0.0,0.0,27.65304266500165,0.0,0.0,0
2030-07-09 14:00:00,0.0,0.0,0.0,0.0,27.67314877317361,0.0,0.0,0
2030-07-09 15:00:00,0.0,0.0,0.0,0.0,26.05817902960244,0.0,0.0,0
2030-07-09 16:00:00,0.0,0.0,0.0,0.0,22.654796741196403,0.0,0.0,0
2030-07-09 17:00:00,0.0,0.0,0.0,0.0,17.585627073180152,0.0,0.0,0
2030-07-09 18:00:00,0.0,0.0,0.0,0.0,10.913860651237014,0.0,0.0,0
2030-07-09 19:00:00,0.0,0.0,0.0,0.0,3.903383637781479,0.0,0.0,0
2030-07-09 20:00:00,0.0,0.0,0.0,0.0,0.0935339098109883,0.0,0.0,0
2030-07-09 21:00:00,0.0,0.0,0.0,0.0,0.0,0.0,0.0,0
2030-07-09 22:00:00,0.0,0.0,0.0,0.0,0.0,0.0,0.0,0
2030-07-09 23:00:00,0.0,0.0,0.0,0.0,0.0,0.0,0.0,0
2030-07-10 00:00:00,0.0,0.0,0.0,0.0,0.0,0.0,0.0,0
2030-07-10 01:00:00,0.0,0.0,0.0,0.0,0.0,0.0,0.0,0
2030-07-10 02:00:00,0.0,0.0,0.0,0.0,0.0,0.0,0.0,0
2030-07-10 03:00:00,0.0,0.0,0.0,0.0,0.0,0.0,0.0,0
2030-07-10 04:00:00,0.0,0.0,0.0,0.0,0.0,0.0,0.0,0
2030-07-10 05:00:00,0.0,0.0,0.0,0.0,0.0,0.0,0.0,0
2030-07-10 06:00:00,0.0,0.0,0.0,0.0,0.0,0.0,0.0,0
2030-07-10 07:00:00,0.0,0.0,0.0,0.0,0.0,0.0,0.0,0
2030-07-10 08:00:00,0.0,0.0,0.0,0.0,1.9737864432555372,0.0,0.0,0
2030-07-10 09:00:00,0.0,0.0,0.0,0.0,8.267219247325404,0.0,0.0,0
2030-07-10 10:00:00,0.0,0.0,0.0,0.0,15.444216079743654,0.0,0.0,0
2030-07-10 11:00:00,0.0,0.0,0.0,0.0,21.32455305693963,0.0,0.0,0
2030-07-10 12:00:00,0.0,0.0,0.0,0.0,24.75430159708766,0.0,0.0,0
2030-07-10 13:00:00,0.0,0.0,0.0,0.0,26.046100634949685,0.0,0.0,0
2030-07-10 14:00:00,0.0,0.0,0.0,0.0,27.12667506388421,0.0,0.0,0
2030-07-10 15:00:00,0.0,0.0,0.0,0.0,25.75931241069457,0.0,0.0,0
2030-07-10 16:00:00,0.0,0.0,0.0,0.0,20.58548787193704,0.0,0.0,0
2030-07-10 17:00:00,0.0,0.0,0.0,0.0,15.752141494641096,0.0,0.0,0
2030-07-10 18:00:00,0.0,0.0,0.0,0.0,9.123017697722023,0.0,0.0,0
2030-07-10 19:00:00,0.0,0.0,0.0,0.0,3.2552746564139863,0.0,0.0,0
2030-07-10 20:00:00,0.0,0.0,0.0,0.0,0.0810136226709355,0.0,0.0,0
2030-07-10 21:00:00,0.0,0.0,0.0,0.0,0.0,0.0,0.0,0
2030-07-10 22:00:00,0.0,0.0,0.0,0.0,0.0,0.0,0.0,0
2030-07-10 23:00:00,0.0,0.0,0.0,0.0,0.0,0.0,0.0,0
2030-07-11 00:00:00,0.0,0.0,0.0,0.0,0.0,0.0,0.0,0
2030-07-11 01:00:00,0.0,0.0,0.0,0.0,0.0,0.0,0.0,0
2030-07-11 02:00:00,0.0,0.0,0.0,0.0,0.0,0.0,0.0,0
2030-07-11 03:00:00,0.0,0.0,0.0,0.0,0.0,0.0,0.0,0
2030-07-11 04:00:00,0.0,0.0,0.0,0.0,0.0,0.0,0.0,0
2030-07-11 05:00:00,0.0,0.0,0.0,0.0,0.0,0.0,0.0,0
2030-07-11 06:00:00,0.0,0.0,0.0,0.0,0.0,0.0,0.0,0
2030-07-11 07:00:00,0.0,0.0,0.0,0.0,0.0,0.0,0.0,0
2030-07-11 08:00:00,0.0,0.0,0.0,0.0,1.8706781962198,0.0,0.0,0
2030-07-11 09:00:00,0.0,0.0,0.0,0.0,7.539937861984043,0.0,0.0,0
2030-07-11 10:00:00,0.0,0.0,0.0,0.0,15.060137859535532,0.0,0.0,0
2030-07-11 11:00:00,0.0,0.0,0.0,0.0,21.13232982496586,0.0,0.0,0
2030-07-11 12:00:00,0.0,0.0,0.0,0.0,25.170564320120512,0.0,0.0,0
2030-07-11 13:00:00,0.0,0.0,0.0,0.0,26.890409880676604,0.0,0.0,0
2030-07-11 14:00:00,0.0,0.0,0.0,0.0,26.005593823614216,0.0,0.0,0
2030-07-11 15:00:00,0.0,0.0,0.0,0.0,24.971786349585184,0.0,0.0,0
2030-07-11 16:00:00,0.0,0.0,0.0,0.0,21.962130267359896,0.0,0.0,0
2030-07-11 17:00:00,0.0,0.0,0.0,0.0,17.240288094358316,0.0,0.0,0
2030-07-11 18:00:00,0.0,0.0,0.0,0.0,10.708896185879544,0.0,0.0,0
2030-07-11 19:00:00,0.0,0.0,0.0,0.0,3.8960187629932097,0.0,0.0,0
2030-07-11 20:00:00,0.0,0.0,0.0,0.0,0.0920609348533345,0.0,0.0,0
2030-07-11 21:00:00,0.0,0.0,0.0,0.0,0.0,0.0,0.0,0
2030-07-11 22:00:00,0.0,0.0,0.0,0.0,0.0,0.0,0.0,0
2030-07-11 23:00:00,0.0,0.0,0.0,0.0,0.0,0.0,0.0,0
2030-07-12 00:00:00,0.0,0.0,0.0,0.0,0.0,0.0,0.0,0
2030-07-12 01:00:00,0.0,0.0,0.0,0.0,0.0,0.0,0.0,0
2030-07-12 02:00:00,0.0,0.0,0.0,0.0,0.0,0.0,0.0,0
2030-07-12 03:00:00,0.0,0.0,0.0,0.0,0.0,0.0,0.0,0
2030-07-12 04:00:00,0.0,0.0,0.0,0.0,0.0,0.0,0.0,0
2030-07-12 05:00:00,0.0,0.0,0.0,0.0,0.0,0.0,0.0,0
2030-07-12 06:00:00,0.0,0.0,0.0,0.0,0.0,0.0,0.0,0
2030-07-12 07:00:00,0.0,0.0,0.0,0.0,0.0,0.0,0.0,0
2030-07-12 08:00:00,0.0,0.0,0.0,0.0,1.8412186970667328,0.0,0.0,0
2030-07-12 09:00:00,0.0,0.0,0.0,0.0,6.959806674912258,0.0,0.0,0
2030-07-12 10:00:00,0.0,0.0,0.0,0.0,13.462917464204084,0.0,0.0,0
2030-07-12 11:00:00,0.0,0.0,0.0,0.0,18.932809969449945,0.0,0.0,0
2030-07-12 12:00:00,0.0,0.0,0.0,0.0,23.27543473960366,0.0,0.0,0
2030-07-12 13:00:00,0.0,0.0,0.0,0.0,24.844668610739692,0.0,0.0,0
2030-07-12 14:00:00,0.0,0.0,0.0,0.0,24.577618250917133,0.0,0.0,0
2030-07-12 15:00:00,0.0,0.0,0.0,0.0,23.791123272278117,0.0,0.0,0
2030-07-12 16:00:00,0.0,0.0,0.0,0.0,21.30827668365756,0.0,0.0,0
2030-07-12 17:00:00,0.0,0.0,0.0,0.0,15.765987459243036,0.0,0.0,0
2030-07-12 18:00:00,0.0,0.0,0.0,0.0,8.822383508864966,0.0,0.0,0
2030-07-12 19:00:00,0.0,0.0,0.0,0.0,2.7544631708118352,0.0,0.0,0
2030-07-12 20:00:00,0.0,0.0,0.0,0.0,0.0665048193380502,0.0,0.0,0
2030-07-12 21:00:00,0.0,0.0,0.0,0.0,0.0,0.0,0.0,0
2030-07-12 22:00:00,0.0,0.0,0.0,0.0,0.0,0.0,0.0,0
2030-07-12 23:00:00,0.0,0.0,0.0,0.0,0.0,0.0,0.0,0
2030-07-13 00:00:00,0.0,0.0,0.0,0.0,0.0,0.0,0.0,0
2030-07-13 01:00:00,0.0,0.0,0.0,0.0,0.0,0.0,0.0,0
2030-07-13 02:00:00,0.0,0.0,0.0,0.0,0.0,0.0,0.0,0
2030-07-13 03:00:00,0.0,0.0,0.0,0.0,0.0,0.0,0.0,0
2030-07-13 04:00:00,0.0,0.0,0.0,0.0,0.0,0.0,0.0,0
2030-07-13 05:00:00,0.0,0.0,0.0,0.0,0.0,0.0,0.0,0
2030-07-13 06:00:00,0.0,0.0,0.0,0.0,0.0,0.0,0.0,0
2030-07-13 07:00:00,0.0,0.0,0.0,0.0,0.0,0.0,0.0,0
2030-07-13 08:00:00,0.0,0.0,0.0,0.0,0.9795283468395,0.0,0.0,0
2030-07-13 09:00:00,0.0,0.0,0.0,0.0,4.801898361950044,0.0,0.0,0
2030-07-13 10:00:00,0.0,0.0,0.0,0.0,8.910393762584757,0.0,0.0,0
2030-07-13 11:00:00,0.0,0.0,0.0,0.0,11.813627404119584,0.0,0.0,0
2030-07-13 12:00:00,0.0,0.0,0.0,0.0,12.898031567944008,0.0,0.0,0
2030-07-13 13:00:00,0.0,0.0,0.0,0.0,18.50888777663729,0.0,0.0,0
2030-07-13 14:00:00,0.0,0.0,0.0,0.0,19.49040463966963,0.0,0.0,0
2030-07-13 15:00:00,0.0,0.0,0.0,0.0,16.313492251002803,0.0,0.0,0
2030-07-13 16:00:00,0.0,0.0,0.0,0.0,16.03509998400631,0.0,0.0,0
2030-07-13 17:00:00,0.0,0.0,0.0,0.0,11.53449864964427,0.0,0.0,0
2030-07-13 18:00:00,0.0,0.0,0.0,0.0,7.978074263138043,0.0,0.0,0
2030-07-13 19:00:00,0.0,0.0,0.0,0.0,2.739733421235301,0.0,0.0,0
2030-07-13 20:00:00,0.0,0.0,0.0,0.0,0.0846960600650657,0.0,0.0,0
2030-07-13 21:00:00,0.0,0.0,0.0,0.0,0.0,0.0,0.0,0
2030-07-13 22:00:00,0.0,0.0,0.0,0.0,0.0,0.0,0.0,0
2030-07-13 23:00:00,0.0,0.0,0.0,0.0,0.0,0.0,0.0,0
2030-07-14 00:00:00,0.0,0.0,0.0,0.0,0.0,0.0,0.0,0
2030-07-14 01:00:00,0.0,0.0,0.0,0.0,0.0,0.0,0.0,0
2030-07-14 02:00:00,0.0,0.0,0.0,0.0,0.0,0.0,0.0,0
2030-07-14 03:00:00,0.0,0.0,0.0,0.0,0.0,0.0,0.0,0
2030-07-14 04:00:00,0.0,0.0,0.0,0.0,0.0,0.0,0.0,0
2030-07-14 05:00:00,0.0,0.0,0.0,0.0,0.0,0.0,0.0,0
2030-07-14 06:00:00,0.0,0.0,0.0,0.0,0.0,0.0,0.0,0
2030-07-14 07:00:00,0.0,0.0,0.0,0.0,0.0,0.0,0.0,0
2030-07-14 08:00:00,0.0,0.0,0.0,0.0,1.7822996987605997,0.0,0.0,0
2030-07-14 09:00:00,0.0,0.0,0.0,0.0,7.522262162492207,0.0,0.0,0
2030-07-14 10:00:00,0.0,0.0,0.0,0.0,11.1701582938687,0.0,0.0,0
2030-07-14 11:00:00,0.0,0.0,0.0,0.0,16.53657430833941,0.0,0.0,0
2030-07-14 12:00:00,0.0,0.0,0.0,0.0,15.187255598381023,0.0,0.0,0
2030-07-14 13:00:00,0.0,0.0,0.0,0.0,14.325933491893206,0.0,0.0,0
2030-07-14 14:00:00,0.0,0.0,0.0,0.0,19.421174816659924,0.0,0.0,0
2030-07-14 15:00:00,0.0,0.0,0.0,0.0,20.245083359223344,0.0,0.0,0
2030-07-14 16:00:00,0.0,0.0,0.0,0.0,19.07031218174688,0.0,0.0,0
2030-07-14 17:00:00,0.0,0.0,0.0,0.0,14.007329008552778,0.0,0.0,0
2030-07-14 18:00:00,0.0,0.0,0.0,0.0,7.734591502637941,0.0,0.0,0
2030-07-14 19:00:00,0.0,0.0,0.0,0.0,3.365747778237988,0.0,0.0,0
2030-07-14 20:00:00,0.0,0.0,0.0,0.0,0.0661365755986368,0.0,0.0,0
2030-07-14 21:00:00,0.0,0.0,0.0,0.0,0.0,0.0,0.0,0
2030-07-14 22:00:00,0.0,0.0,0.0,0.0,0.0,0.0,0.0,0
2030-07-14 23:00:00,0.0,0.0,0.0,0.0,0.0,0.0,0.0,0
2030-07-15 00:00:00,0.0,0.0,0.0,0.0,0.0,0.0,0.0,0
2030-07-15 01:00:00,0.0,0.0,0.0,0.0,0.0,0.0,0.0,0
2030-07-15 02:00:00,0.0,0.0,0.0,0.0,0.0,0.0,0.0,0
2030-07-15 03:00:00,0.0,0.0,0.0,0.0,0.0,0.0,0.0,0
2030-07-15 04:00:00,0.0,0.0,0.0,0.0,0.0,0.0,0.0,0
2030-07-15 05:00:00,0.0,0.0,0.0,0.0,0.0,0.0,0.0,0
2030-07-15 06:00:00,0.0,0.0,0.0,0.0,0.0,0.0,0.0,0
2030-07-15 07:00:00,0.0,0.0,0.0,0.0,0.0,0.0,0.0,0
2030-07-15 08:00:00,0.0,0.0,0.0,0.0,1.6055427038421908,0.0,0.0,0
2030-07-15 09:00:00,0.0,0.0,0.0,0.0,6.878793052241319,0.0,0.0,0
2030-07-15 10:00:00,0.0,0.0,0.0,0.0,10.938827576769237,0.0,0.0,0
2030-07-15 11:00:00,0.0,0.0,0.0,0.0,17.577599359660944,0.0,0.0,0
2030-07-15 12:00:00,0.0,0.0,0.0,0.0,23.25054146281932,0.0,0.0,0
2030-07-15 13:00:00,0.0,0.0,0.0,0.0,23.879796364728843,0.0,0.0,0
2030-07-15 14:00:00,0.0,0.0,0.0,0.0,25.738543463791657,0.0,0.0,0
2030-07-15 15:00:00,0.0,0.0,0.0,0.0,22.050803359810633,0.0,0.0,0
2030-07-15 16:00:00,0.0,0.0,0.0,0.0,17.730346862769597,0.0,0.0,0
2030-07-15 17:00:00,0.0,0.0,0.0,0.0,15.612577117403436,0.0,0.0,0
2030-07-15 18:00:00,0.0,0.0,0.0,0.0,11.098498062178868,0.0,0.0,0
2030-07-15 19:00:00,0.0,0.0,0.0,0.0,3.7708158915926706,0.0,0.0,0
2030-07-15 20:00:00,0.0,0.0,0.0,0.0,0.0802771351921087,0.0,0.0,0
2030-07-15 21:00:00,0.0,0.0,0.0,0.0,0.0,0.0,0.0,0
2030-07-15 22:00:00,0.0,0.0,0.0,0.0,0.0,0.0,0.0,0
2030-07-15 23:00:00,0.0,0.0,0.0,0.0,0.0,0.0,0.0,0
2030-07-16 00:00:00,0.0,0.0,0.0,0.0,0.0,0.0,0.0,0
2030-07-16 01:00:00,0.0,0.0,0.0,0.0,0.0,0.0,0.0,0
2030-07-16 02:00:00,0.0,0.0,0.0,0.0,0.0,0.0,0.0,0
2030-07-16 03:00:00,0.0,0.0,0.0,0.0,0.0,0.0,0.0,0
2030-07-16 04:00:00,0.0,0.0,0.0,0.0,0.0,0.0,0.0,0
2030-07-16 05:00:00,0.0,0.0,0.0,0.0,0.0,0.0,0.0,0
2030-07-16 06:00:00,0.0,0.0,0.0,0.0,0.0,0.0,0.0,0
2030-07-16 07:00:00,0.0,0.0,0.0,0.0,0.0,0.0,0.0,0
2030-07-16 08:00:00,0.0,0.0,0.0,0.0,1.7012860760896595,0.0,0.0,0
2030-07-16 09:00:00,0.0,0.0,0.0,0.0,8.609096734996752,0.0,0.0,0
2030-07-16 10:00:00,0.0,0.0,0.0,0.0,15.249636087837644,0.0,0.0,0
2030-07-16 11:00:00,0.0,0.0,0.0,0.0,21.58151353830226,0.0,0.0,0
2030-07-16 12:00:00,0.0,0.0,0.0,0.0,25.825817230032623,0.0,0.0,0
2030-07-16 13:00:00,0.0,0.0,0.0,0.0,28.05339725849184,0.0,0.0,0
2030-07-16 14:00:00,0.0,0.0,0.0,0.0,28.091179066155647,0.0,0.0,0
2030-07-16 15:00:00,0.0,0.0,0.0,0.0,26.532329668471068,0.0,0.0,0
2030-07-16 16:00:00,0.0,0.0,0.0,0.0,23.130346706274803,0.0,0.0,0
2030-07-16 17:00:00,0.0,0.0,0.0,0.0,17.93818362929449,0.0,0.0,0
2030-07-16 18:00:00,0.0,0.0,0.0,0.0,11.252571242749408,0.0,0.0,0
2030-07-16 19:00:00,0.0,0.0,0.0,0.0,4.050681133546817,0.0,0.0,0
2030-07-16 20:00:00,0.0,0.0,0.0,0.0,0.0802771351921087,0.0,0.0,0
2030-07-16 21:00:00,0.0,0.0,0.0,0.0,0.0,0.0,0.0,0
2030-07-16 22:00:00,0.0,0.0,0.0,0.0,0.0,0.0,0.0,0
2030-07-16 23:00:00,0.0,0.0,0.0,0.0,0.0,0.0,0.0,0
2030-07-17 00:00:00,0.0,0.0,0.0,0.0,0.0,0.0,0.0,0
2030-07-17 01:00:00,0.0,0.0,0.0,0.0,0.0,0.0,0.0,0
2030-07-17 02:00:00,0.0,0.0,0.0,0.0,0.0,0.0,0.0,0
2030-07-17 03:00:00,0.0,0.0,0.0,0.0,0.0,0.0,0.0,0
2030-07-17 04:00:00,0.0,0.0,0.0,0.0,0.0,0.0,0.0,0
2030-07-17 05:00:00,0.0,0.0,0.0,0.0,0.0,0.0,0.0,0
2030-07-17 06:00:00,0.0,0.0,0.0,0.0,0.0,0.0,0.0,0
2030-07-17 07:00:00,0.0,0.0,0.0,0.0,0.0,0.0,0.0,0
2030-07-17 08:00:00,0.0,0.0,0.0,0.0,1.7160158256661973,0.0,0.0,0
2030-07-17 09:00:00,0.0,0.0,0.0,0.0,7.687456303993032,0.0,0.0,0
2030-07-17 10:00:00,0.0,0.0,0.0,0.0,14.863790297680339,0.0,0.0,0
2030-07-17 11:00:00,0.0,0.0,0.0,0.0,21.129899416285735,0.0,0.0,0
2030-07-17 12:00:00,0.0,0.0,0.0,0.0,25.642947389039946,0.0,0.0,0
2030-07-17 13:00:00,0.0,0.0,0.0,0.0,27.79989826827969,0.0,0.0,0
2030-07-17 14:00:00,0.0,0.0,0.0,0.0,28.00184313497397,0.0,0.0,0
2030-07-17 15:00:00,0.0,0.0,0.0,0.0,26.40351800842428,0.0,0.0,0
2030-07-17 16:00:00,0.0,0.0,0.0,0.0,23.063841886936757,0.0,0.0,0
2030-07-17 17:00:00,0.0,0.0,0.0,0.0,17.96587555849837,0.0,0.0,0
2030-07-17 18:00:00,0.0,0.0,0.0,0.0,10.982133040524248,0.0,0.0,0
2030-07-17 19:00:00,0.0,0.0,0.0,0.0,4.043316258758548,0.0,0.0,0
2030-07-17 20:00:00,0.0,0.0,0.0,0.0,0.0730595578996052,0.0,0.0,0
2030-07-17 21:00:00,0.0,0.0,0.0,0.0,0.0,0.0,0.0,0
2030-07-17 22:00:00,0.0,0.0,0.0,0.0,0.0,0.0,0.0,0
2030-07-17 23:00:00,0.0,0.0,0.0,0.0,0.0,0.0,0.0,0
2030-07-18 00:00:00,0.0,0.0,0.0,0.0,0.0,0.0,0.0,0
2030-07-18 01:00:00,0.0,0.0,0.0,0.0,0.0,0.0,0.0,0
2030-07-18 02:00:00,0.0,0.0,0.0,0.0,0.0,0.0,0.0,0
2030-07-18 03:00:00,0.0,0.0,0.0,0.0,0.0,0.0,0.0,0
2030-07-18 04:00:00,0.0,0.0,0.0,0.0,0.0,0.0,0.0,0
2030-07-18 05:00:00,0.0,0.0,0.0,0.0,0.0,0.0,0.0,0
2030-07-18 06:00:00,0.0,0.0,0.0,0.0,0.0,0.0,0.0,0
2030-07-18 07:00:00,0.0,0.0,0.0,0.0,0.0,0.0,0.0,0
2030-07-18 08:00:00,0.0,0.0,0.0,0.0,1.9516918188907395,0.0,0.0,0
2030-07-18 09:00:00,0.0,0.0,0.0,0.0,8.312955119760542,0.0,0.0,0
2030-07-18 10:00:00,0.0,0.0,0.0,0.0,15.155733934287243,0.0,0.0,0
2030-07-18 11:00:00,0.0,0.0,0.0,0.0,21.19088057953259,0.0,0.0,0
2030-07-18 12:00:00,0.0,0.0,0.0,0.0,25.511042481582088,0.0,0.0,0
2030-07-18 13:00:00,0.0,0.0,0.0,0.0,27.765946195505784,0.0,0.0,0
2030-07-18 14:00:00,0.0,0.0,0.0,0.0,28.156652803023345,0.0,0.0,0
2030-07-18 15:00:00,0.0,0.0,0.0,0.0,26.37891932663147,0.0,0.0,0
2030-07-18 16:00:00,0.0,0.0,0.0,0.0,23.395997739887594,0.0,0.0,0
2030-07-18 17:00:00,0.0,0.0,0.0,0.0,18.17157651133467,0.0,0.0,0
2030-07-18 18:00:00,0.0,0.0,0.0,0.0,11.264060447419107,0.0,0.0,0
2030-07-18 19:00:00,0.0,0.0,0.0,0.0,4.021221634393745,0.0,0.0,0
2030-07-18 20:00:00,0.0,0.0,0.0,0.0,0.0640744106579215,0.0,0.0,0
2030-07-18 21:00:00,0.0,0.0,0.0,0.0,0.0,0.0,0.0,0
2030-07-18 22:00:00,0.0,0.0,0.0,0.0,0.0,0.0,0.0,0
2030-07-18 23:00:00,0.0,0.0,0.0,0.0,0.0,0.0,0.0,0
2030-07-19 00:00:00,0.0,0.0,0.0,0.0,0.0,0.0,0.0,0
2030-07-19 01:00:00,0.0,0.0,0.0,0.0,0.0,0.0,0.0,0
2030-07-19 02:00:00,0.0,0.0,0.0,0.0,0.0,0.0,0.0,0
2030-07-19 03:00:00,0.0,0.0,0.0,0.0,0.0,0.0,0.0,0
2030-07-19 04:00:00,0.0,0.0,0.0,0.0,0.0,0.0,0.0,0
2030-07-19 05:00:00,0.0,0.0,0.0,0.0,0.0,0.0,0.0,0
2030-07-19 06:00:00,0.0,0.0,0.0,0.0,0.0,0.0,0.0,0
2030-07-19 07:00:00,0.0,0.0,0.0,0.0,0.0,0.0,0.0,0
2030-07-19 08:00:00,0.0,0.0,0.0,0.0,1.8264889474902,0.0,0.0,0
2030-07-19 09:00:00,0.0,0.0,0.0,0.0,8.179650886092908,0.0,0.0,0
2030-07-19 10:00:00,0.0,0.0,0.0,0.0,14.6943981775502,0.0,0.0,0
2030-07-19 11:00:00,0.0,0.0,0.0,0.0,20.634685235522664,0.0,0.0,0
2030-07-19 12:00:00,0.0,0.0,0.0,0.0,25.5373350845762,0.0,0.0,0
2030-07-19 13:00:00,0.0,0.0,0.0,0.0,26.992634342737748,0.0,0.0,0
2030-07-19 14:00:00,0.0,0.0,0.0,0.0,27.31573139969902,0.0,0.0,0
2030-07-19 15:00:00,0.0,0.0,0.0,0.0,24.156200115532503,0.0,0.0,0
2030-07-19 16:00:00,0.0,0.0,0.0,0.0,16.643217695273513,0.0,0.0,0
2030-07-19 17:00:00,0.0,0.0,0.0,0.0,11.30250509381386,0.0,0.0,0
2030-07-19 18:00:00,0.0,0.0,0.0,0.0,7.893525500568739,0.0,0.0,0
2030-07-19 19:00:00,0.0,0.0,0.0,0.0,3.7192617680748015,0.0,0.0,0
2030-07-19 20:00:00,0.0,0.0,0.0,0.0,0.0616440019777928,0.0,0.0,0
2030-07-19 21:00:00,0.0,0.0,0.0,0.0,0.0,0.0,0.0,0
2030-07-19 22:00:00,0.0,0.0,0.0,0.0,0.0,0.0,0.0,0
2030-07-19 23:00:00,0.0,0.0,0.0,0.0,0.0,0.0,0.0,0
2030-07-20 00:00:00,0.0,0.0,0.0,0.0,0.0,0.0,0.0,0
2030-07-20 01:00:00,0.0,0.0,0.0,0.0,0.0,0.0,0.0,0
2030-07-20 02:00:00,0.0,0.0,0.0,0.0,0.0,0.0,0.0,0
2030-07-20 03:00:00,0.0,0.0,0.0,0.0,0.0,0.0,0.0,0
2030-07-20 04:00:00,0.0,0.0,0.0,0.0,0.0,0.0,0.0,0
2030-07-20 05:00:00,0.0,0.0,0.0,0.0,0.0,0.0,0.0,0
2030-07-20 06:00:00,0.0,0.0,0.0,0.0,0.0,0.0,0.0,0
2030-07-20 07:00:00,0.0,0.0,0.0,0.0,0.0,0.0,0.0,0
2030-07-20 08:00:00,0.0,0.0,0.0,0.0,1.3993262097707155,0.0,0.0,0
2030-07-20 09:00:00,0.0,0.0,0.0,0.0,6.687306307746381,0.0,0.0,0
2030-07-20 10:00:00,0.0,0.0,0.0,0.0,12.40451130838224,0.0,0.0,0
2030-07-20 11:00:00,0.0,0.0,0.0,0.0,17.17135286634014,0.0,0.0,0
2030-07-20 12:00:00,0.0,0.0,0.0,0.0,19.127831853843247,0.0,0.0,0
2030-07-20 13:00:00,0.0,0.0,0.0,0.0,21.006611412330145,0.0,0.0,0
2030-07-20 14:00:00,0.0,0.0,0.0,0.0,18.054180407209692,0.0,0.0,0
2030-07-20 15:00:00,0.0,0.0,0.0,0.0,18.728508342823417,0.0,0.0,0
2030-07-20 16:00:00,0.0,0.0,0.0,0.0,18.526931719868543,0.0,0.0,0
2030-07-20 17:00:00,0.0,0.0,0.0,0.0,14.461668134240965,0.0,0.0,0
2030-07-20 18:00:00,0.0,0.0,0.0,0.0,10.174795466234425,0.0,0.0,0
2030-07-20 19:00:00,0.0,0.0,0.0,0.0,3.9254782621462767,0.0,0.0,0
2030-07-20 20:00:00,0.0,0.0,0.0,0.0,0.0529534497276357,0.0,0.0,0
2030-07-20 21:00:00,0.0,0.0,0.0,0.0,0.0,0.0,0.0,0
2030-07-20 22:00:00,0.0,0.0,0.0,0.0,0.0,0.0,0.0,0
2030-07-20 23:00:00,0.0,0.0,0.0,0.0,0.0,0.0,0.0,0
2030-07-21 00:00:00,0.0,0.0,0.0,0.0,0.0,0.0,0.0,0
2030-07-21 01:00:00,0.0,0.0,0.0,0.0,0.0,0.0,0.0,0
2030-07-21 02:00:00,0.0,0.0,0.0,0.0,0.0,0.0,0.0,0
2030-07-21 03:00:00,0.0,0.0,0.0,0.0,0.0,0.0,0.0,0
2030-07-21 04:00:00,0.0,0.0,0.0,0.0,0.0,0.0,0.0,0
2030-07-21 05:00:00,0.0,0.0,0.0,0.0,0.0,0.0,0.0,0
2030-07-21 06:00:00,0.0,0.0,0.0,0.0,0.0,0.0,0.0,0
2030-07-21 07:00:00,0.0,0.0,0.0,0.0,0.0,0.0,0.0,0
2030-07-21 08:00:00,0.0,0.0,0.0,0.0,1.458245208076853,0.0,0.0,0
2030-07-21 09:00:00,0.0,0.0,0.0,0.0,6.967171549700522,0.0,0.0,0
2030-07-21 10:00:00,0.0,0.0,0.0,0.0,13.535977022103692,0.0,0.0,0
2030-07-21 11:00:00,0.0,0.0,0.0,0.0,20.333019964195252,0.0,0.0,0
2030-07-21 12:00:00,0.0,0.0,0.0,0.0,23.77690906393676,0.0,0.0,0
2030-07-21 13:00:00,0.0,0.0,0.0,0.0,27.202827869194888,0.0,0.0,0
2030-07-21 14:00:00,0.0,0.0,0.0,0.0,27.974814044501034,0.0,0.0,0
2030-07-21 15:00:00,0.0,0.0,0.0,0.0,26.593310831717915,0.0,0.0,0
2030-07-21 16:00:00,0.0,0.0,0.0,0.0,23.2799273132245,0.0,0.0,0
2030-07-21 17:00:00,0.0,0.0,0.0,0.0,18.20759074904929,0.0,0.0,0
2030-07-21 18:00:00,0.0,0.0,0.0,0.0,11.43720865369126,0.0,0.0,0
2030-07-21 19:00:00,0.0,0.0,0.0,0.0,3.9696675108758814,0.0,0.0,0
2030-07-21 20:00:00,0.0,0.0,0.0,0.0,0.0561203458865912,0.0,0.0,0
2030-07-21 21:00:00,0.0,0.0,0.0,0.0,0.0,0.0,0.0,0
2030-07-21 22:00:00,0.0,0.0,0.0,0.0,0.0,0.0,0.0,0
2030-07-21 23:00:00,0.0,0.0,0.0,0.0,0.0,0.0,0.0,0
2030-07-22 00:00:00,0.0,0.0,0.0,0.0,0.0,0.0,0.0,0
2030-07-22 01:00:00,0.0,0.0,0.0,0.0,0.0,0.0,0.0,0
2030-07-22 02:00:00,0.0,0.0,0.0,0.0,0.0,0.0,0.0,0
2030-07-22 03:00:00,0.0,0.0,0.0,0.0,0.0,0.0,0.0,0
2030-07-22 04:00:00,0.0,0.0,0.0,0.0,0.0,0.0,0.0,0
2030-07-22 05:00:00,0.0,0.0,0.0,0.0,0.0,0.0,0.0,0
2030-07-22 06:00:00,0.0,0.0,0.0,0.0,0.0,0.0,0.0,0
2030-07-22 07:00:00,0.0,0.0,0.0,0.0,0.0,0.0,0.0,0
2030-07-22 08:00:00,0.0,0.0,0.0,0.0,1.8264889474902,0.0,0.0,0
2030-07-22 09:00:00,0.0,0.0,0.0,0.0,8.299771993889545,0.0,0.0,0
2030-07-22 10:00:00,0.0,0.0,0.0,0.0,14.707581303421197,0.0,0.0,0
2030-07-22 11:00:00,0.0,0.0,0.0,0.0,18.34612404381659,0.0,0.0,0
2030-07-22 12:00:00,0.0,0.0,0.0,0.0,19.803117223179445,0.0,0.0,0
2030-07-22 13:00:00,0.0,0.0,0.0,0.0,24.961401876133728,0.0,0.0,0
2030-07-22 14:00:00,0.0,0.0,0.0,0.0,26.23589345824332,0.0,0.0,0
2030-07-22 15:00:00,0.0,0.0,0.0,0.0,22.108691275646407,0.0,0.0,0
2030-07-22 16:00:00,0.0,0.0,0.0,0.0,19.205752229103112,0.0,0.0,0
2030-07-22 17:00:00,0.0,0.0,0.0,0.0,14.050634472307785,0.0,0.0,0
2030-07-22 18:00:00,0.0,0.0,0.0,0.0,9.26331856243851,0.0,0.0,0
2030-07-22 19:00:00,0.0,0.0,0.0,0.0,3.10061228586038,0.0,0.0,0
2030-07-22 20:00:00,0.0,0.0,0.0,0.0,0.027029090472938,0.0,0.0,0
2030-07-22 21:00:00,0.0,0.0,0.0,0.0,0.0,0.0,0.0,0
2030-07-22 22:00:00,0.0,0.0,0.0,0.0,0.0,0.0,0.0,0
2030-07-22 23:00:00,0.0,0.0,0.0,0.0,0.0,0.0,0.0,0
2030-07-23 00:00:00,0.0,0.0,0.0,0.0,0.0,0.0,0.0,0
2030-07-23 01:00:00,0.0,0.0,0.0,0.0,0.0,0.0,0.0,0
2030-07-23 02:00:00,0.0,0.0,0.0,0.0,0.0,0.0,0.0,0
2030-07-23 03:00:00,0.0,0.0,0.0,0.0,0.0,0.0,0.0,0
2030-07-23 04:00:00,0.0,0.0,0.0,0.0,0.0,0.0,0.0,0
2030-07-23 05:00:00,0.0,0.0,0.0,0.0,0.0,0.0,0.0,0
2030-07-23 06:00:00,0.0,0.0,0.0,0.0,0.0,0.0,0.0,0
2030-07-23 07:00:00,0.0,0.0,0.0,0.0,0.0,0.0,0.0,0
2030-07-23 08:00:00,0.0,0.0,0.0,0.0,1.097366343451771,0.0,0.0,0
2030-07-23 09:00:00,0.0,0.0,0.0,0.0,5.781426708789548,0.0,0.0,0
2030-07-23 10:00:00,0.0,0.0,0.0,0.0,12.821510518893918,0.0,0.0,0
2030-07-23 11:00:00,0.0,0.0,0.0,0.0,17.114275086731062,0.0,0.0,0
2030-07-23 12:00:00,0.0,0.0,0.0,0.0,22.27388541714724,0.0,0.0,0
2030-07-23 13:00:00,0.0,0.0,0.0,0.0,25.212102213926332,0.0,0.0,0
2030-07-23 14:00:00,0.0,0.0,0.0,0.0,23.40844437827976,0.0,0.0,0
2030-07-23 15:00:00,0.0,0.0,0.0,0.0,22.05846282959043,0.0,0.0,0
2030-07-23 16:00:00,0.0,0.0,0.0,0.0,12.407604555793313,0.0,0.0,0
2030-07-23 17:00:00,0.0,0.0,0.0,0.0,9.8319605448406,0.0,0.0,0
2030-07-23 18:00:00,0.0,0.0,0.0,0.0,4.698790114914305,0.0,0.0,0
2030-07-23 19:00:00,0.0,0.0,0.0,0.0,2.0989893146560776,0.0,0.0,0
2030-07-23 20:00:00,0.0,0.0,0.0,0.0,0.0242304380533958,0.0,0.0,0
2030-07-23 21:00:00,0.0,0.0,0.0,0.0,0.0,0.0,0.0,0
2030-07-23 22:00:00,0.0,0.0,0.0,0.0,0.0,0.0,0.0,0
2030-07-23 23:00:00,0.0,0.0,0.0,0.0,0.0,0.0,0.0,0
2030-07-24 00:00:00,0.0,0.0,0.0,0.0,0.0,0.0,0.0,0
2030-07-24 01:00:00,0.0,0.0,0.0,0.0,0.0,0.0,0.0,0
2030-07-24 02:00:00,0.0,0.0,0.0,0.0,0.0,0.0,0.0,0
2030-07-24 03:00:00,0.0,0.0,0.0,0.0,0.0,0.0,0.0,0
2030-07-24 04:00:00,0.0,0.0,0.0,0.0,0.0,0.0,0.0,0
2030-07-24 05:00:00,0.0,0.0,0.0,0.0,0.0,0.0,0.0,0
2030-07-24 06:00:00,0.0,0.0,0.0,0.0,0.0,0.0,0.0,0
2030-07-24 07:00:00,0.0,0.0,0.0,0.0,0.0,0.0,0.0,0
2030-07-24 08:00:00,0.0,0.0,0.0,0.0,1.4656100828651175,0.0,0.0,0
2030-07-24 09:00:00,0.0,0.0,0.0,0.0,6.783049679993851,0.0,0.0,0
2030-07-24 10:00:00,0.0,0.0,0.0,0.0,11.169863698877174,0.0,0.0,0
2030-07-24 11:00:00,0.0,0.0,0.0,0.0,17.30782399616672,0.0,0.0,0
2030-07-24 12:00:00,0.0,0.0,0.0,0.0,18.802230739453968,0.0,0.0,0
2030-07-24 13:00:00,0.0,0.0,0.0,0.0,19.749795529712394,0.0,0.0,0
2030-07-24 14:00:00,0.0,0.0,0.0,0.0,16.591295328016226,0.0,0.0,0
2030-07-24 15:00:00,0.0,0.0,0.0,0.0,15.494812769539047,0.0,0.0,0
2030-07-24 16:00:00,0.0,0.0,0.0,0.0,12.968660717163491,0.0,0.0,0
2030-07-24 17:00:00,0.0,0.0,0.0,0.0,12.735267835123308,0.0,0.0,0
2030-07-24 18:00:00,0.0,0.0,0.0,0.0,8.275173312096735,0.0,0.0,0
2030-07-24 19:00:00,0.0,0.0,0.0,0.0,2.6292602994112952,0.0,0.0,0
2030-07-24 20:00:00,0.0,0.0,0.0,0.0,0.0221682731126806,0.0,0.0,0
2030-07-24 21:00:00,0.0,0.0,0.0,0.0,0.0,0.0,0.0,0
2030-07-24 22:00:00,0.0,0.0,0.0,0.0,0.0,0.0,0.0,0
2030-07-24 23:00:00,0.0,0.0,0.0,0.0,0.0,0.0,0.0,0
2030-07-25 00:00:00,0.0,0.0,0.0,0.0,0.0,0.0,0.0,0
2030-07-25 01:00:00,0.0,0.0,0.0,0.0,0.0,0.0,0.0,0
2030-07-25 02:00:00,0.0,0.0,0.0,0.0,0.0,0.0,0.0,0
2030-07-25 03:00:00,0.0,0.0,0.0,0.0,0.0,0.0,0.0,0
2030-07-25 04:00:00,0.0,0.0,0.0,0.0,0.0,0.0,0.0,0
2030-07-25 05:00:00,0.0,0.0,0.0,0.0,0.0,0.0,0.0,0
2030-07-25 06:00:00,0.0,0.0,0.0,0.0,0.0,0.0,0.0,0
2030-07-25 07:00:00,0.0,0.0,0.0,0.0,0.0,0.0,0.0,0
2030-07-25 08:00:00,0.0,0.0,0.0,0.0,1.3772315854059176,0.0,0.0,0
2030-07-25 09:00:00,0.0,0.0,0.0,0.0,6.47372493888664,0.0,0.0,0
2030-07-25 10:00:00,0.0,0.0,0.0,0.0,12.937507296809123,0.0,0.0,0
2030-07-25 11:00:00,0.0,0.0,0.0,0.0,17.35319162486245,0.0,0.0,0
2030-07-25 12:00:00,0.0,0.0,0.0,0.0,21.48665395102939,0.0,0.0,0
2030-07-25 13:00:00,0.0,0.0,0.0,0.0,21.27712326330319,0.0,0.0,0
2030-07-25 14:00:00,0.0,0.0,0.0,0.0,22.450126870830463,0.0,0.0,0
2030-07-25 15:00:00,0.0,0.0,0.0,0.0,23.70524883224692,0.0,0.0,0
2030-07-25 16:00:00,0.0,0.0,0.0,0.0,18.392228159991145,0.0,0.0,0
2030-07-25 17:00:00,0.0,0.0,0.0,0.0,14.61890821097046,0.0,0.0,0
2030-07-25 18:00:00,0.0,0.0,0.0,0.0,7.500462133118934,0.0,0.0,0
2030-07-25 19:00:00,0.0,0.0,0.0,0.0,2.3346653078806194,0.0,0.0,0
2030-07-25 20:00:00,0.0,0.0,0.0,0.0,0.0055383858407739,0.0,0.0,0
2030-07-25 21:00:00,0.0,0.0,0.0,0.0,0.0,0.0,0.0,0
2030-07-25 22:00:00,0.0,0.0,0.0,0.0,0.0,0.0,0.0,0
2030-07-25 23:00:00,0.0,0.0,0.0,0.0,0.0,0.0,0.0,0
2030-07-26 00:00:00,0.0,0.0,0.0,0.0,0.0,0.0,0.0,0
2030-07-26 01:00:00,0.0,0.0,0.0,0.0,0.0,0.0,0.0,0
2030-07-26 02:00:00,0.0,0.0,0.0,0.0,0.0,0.0,0.0,0
2030-07-26 03:00:00,0.0,0.0,0.0,0.0,0.0,0.0,0.0,0
2030-07-26 04:00:00,0.0,0.0,0.0,0.0,0.0,0.0,0.0,0
2030-07-26 05:00:00,0.0,0.0,0.0,0.0,0.0,0.0,0.0,0
2030-07-26 06:00:00,0.0,0.0,0.0,0.0,0.0,0.0,0.0,0
2030-07-26 07:00:00,0.0,0.0,0.0,0.0,0.0,0.0,0.0,0
2030-07-26 08:00:00,0.0,0.0,0.0,0.0,1.4729749576533864,0.0,0.0,0
2030-07-26 09:00:00,0.0,0.0,0.0,0.0,6.466360064098372,0.0,0.0,0
2030-07-26 10:00:00,0.0,0.0,0.0,0.0,11.701460361094277,0.0,0.0,0
2030-07-26 11:00:00,0.0,0.0,0.0,0.0,16.751628652156803,0.0,0.0,0
2030-07-26 12:00:00,0.0,0.0,0.0,0.0,20.240590785602496,0.0,0.0,0
2030-07-26 13:00:00,0.0,0.0,0.0,0.0,20.44901674211045,0.0,0.0,0
2030-07-26 14:00:00,0.0,0.0,0.0,0.0,21.87662407106812,0.0,0.0,0
2030-07-26 15:00:00,0.0,0.0,0.0,0.0,22.261365130007185,0.0,0.0,0
2030-07-26 16:00:00,0.0,0.0,0.0,0.0,22.300840858872295,0.0,0.0,0
2030-07-26 17:00:00,0.0,0.0,0.0,0.0,16.05793109584994,0.0,0.0,0
2030-07-26 18:00:00,0.0,0.0,0.0,0.0,7.011360798430123,0.0,0.0,0
2030-07-26 19:00:00,0.0,0.0,0.0,0.0,2.16527318775048,0.0,0.0,0
2030-07-26 20:00:00,0.0,0.0,0.0,0.0,0.0,0.0,0.0,0
2030-07-26 21:00:00,0.0,0.0,0.0,0.0,0.0,0.0,0.0,0
2030-07-26 22:00:00,0.0,0.0,0.0,0.0,0.0,0.0,0.0,0
2030-07-26 23:00:00,0.0,0.0,0.0,0.0,0.0,0.0,0.0,0
2030-07-27 00:00:00,0.0,0.0,0.0,0.0,0.0,0.0,0.0,0
2030-07-27 01:00:00,0.0,0.0,0.0,0.0,0.0,0.0,0.0,0
2030-07-27 02:00:00,0.0,0.0,0.0,0.0,0.0,0.0,0.0,0
2030-07-27 03:00:00,0.0,0.0,0.0,0.0,0.0,0.0,0.0,0
2030-07-27 04:00:00,0.0,0.0,0.0,0.0,0.0,0.0,0.0,0
2030-07-27 05:00:00,0.0,0.0,0.0,0.0,0.0,0.0,0.0,0
2030-07-27 06:00:00,0.0,0.0,0.0,0.0,0.0,0.0,0.0,0
2030-07-27 07:00:00,0.0,0.0,0.0,0.0,0.0,0.0,0.0,0
2030-07-27 08:00:00,0.0,0.0,0.0,0.0,0.8764200998037622,0.0,0.0,0
2030-07-27 09:00:00,0.0,0.0,0.0,0.0,5.162777226575126,0.0,0.0,0
2030-07-27 10:00:00,0.0,0.0,0.0,0.0,10.933672164417452,0.0,0.0,0
2030-07-27 11:00:00,0.0,0.0,0.0,0.0,17.36217677210413,0.0,0.0,0
2030-07-27 12:00:00,0.0,0.0,0.0,0.0,21.022593190620682,0.0,0.0,0
2030-07-27 13:00:00,0.0,0.0,0.0,0.0,22.632628468083723,0.0,0.0,0
2030-07-27 14:00:00,0.0,0.0,0.0,0.0,24.59809260282852,0.0,0.0,0
2030-07-27 15:00:00,0.0,0.0,0.0,0.0,20.714373180731716,0.0,0.0,0
2030-07-27 16:00:00,0.0,0.0,0.0,0.0,12.217811732499674,0.0,0.0,0
2030-07-27 17:00:00,0.0,0.0,0.0,0.0,12.104613607004012,0.0,0.0,0
2030-07-27 18:00:00,0.0,0.0,0.0,0.0,4.2200732536769525,0.0,0.0,0
2030-07-27 19:00:00,0.0,0.0,0.0,0.0,2.50405742801076,0.0,0.0,0
2030-07-27 20:00:00,0.0,0.0,0.0,0.0,0.0,0.0,0.0,0
2030-07-27 21:00:00,0.0,0.0,0.0,0.0,0.0,0.0,0.0,0
2030-07-27 22:00:00,0.0,0.0,0.0,0.0,0.0,0.0,0.0,0
2030-07-27 23:00:00,0.0,0.0,0.0,0.0,0.0,0.0,0.0,0
2030-07-28 00:00:00,0.0,0.0,0.0,0.0,0.0,0.0,0.0,0
2030-07-28 01:00:00,0.0,0.0,0.0,0.0,0.0,0.0,0.0,0
2030-07-28 02:00:00,0.0,0.0,0.0,0.0,0.0,0.0,0.0,0
2030-07-28 03:00:00,0.0,0.0,0.0,0.0,0.0,0.0,0.0,0
2030-07-28 04:00:00,0.0,0.0,0.0,0.0,0.0,0.0,0.0,0
2030-07-28 05:00:00,0.0,0.0,0.0,0.0,0.0,0.0,0.0,0
2030-07-28 06:00:00,0.0,0.0,0.0,0.0,0.0,0.0,0.0,0
2030-07-28 07:00:00,0.0,0.0,0.0,0.0,0.0,0.0,0.0,0
2030-07-28 08:00:00,0.0,0.0,0.0,0.0,1.1857448409109754,0.0,0.0,0
2030-07-28 09:00:00,0.0,0.0,0.0,0.0,5.612034588659407,0.0,0.0,0
2030-07-28 10:00:00,0.0,0.0,0.0,0.0,11.255369895168949,0.0,0.0,0
2030-07-28 11:00:00,0.0,0.0,0.0,0.0,12.90252414156485,0.0,0.0,0
2030-07-28 12:00:00,0.0,0.0,0.0,0.0,20.034153345287375,0.0,0.0,0
2030-07-28 13:00:00,0.0,0.0,0.0,0.0,21.38413489397671,0.0,0.0,0
2030-07-28 14:00:00,0.0,0.0,0.0,0.0,18.05351756847875,0.0,0.0,0
2030-07-28 15:00:00,0.0,0.0,0.0,0.0,18.025089151796045,0.0,0.0,0
2030-07-28 16:00:00,0.0,0.0,0.0,0.0,14.10461900450578,0.0,0.0,0
2030-07-28 17:00:00,0.0,0.0,0.0,0.0,8.252342200253105,0.0,0.0,0
2030-07-28 18:00:00,0.0,0.0,0.0,0.0,7.406633628316412,0.0,0.0,0
2030-07-28 19:00:00,0.0,0.0,0.0,0.0,2.6955441725056977,0.0,0.0,0
2030-07-28 20:00:00,0.0,0.0,0.0,0.0,0.0,0.0,0.0,0
2030-07-28 21:00:00,0.0,0.0,0.0,0.0,0.0,0.0,0.0,0
2030-07-28 22:00:00,0.0,0.0,0.0,0.0,0.0,0.0,0.0,0
2030-07-28 23:00:00,0.0,0.0,0.0,0.0,0.0,0.0,0.0,0
2030-07-29 00:00:00,0.0,0.0,0.0,0.0,0.0,0.0,0.0,0
2030-07-29 01:00:00,0.0,0.0,0.0,0.0,0.0,0.0,0.0,0
2030-07-29 02:00:00,0.0,0.0,0.0,0.0,0.0,0.0,0.0,0
2030-07-29 03:00:00,0.0,0.0,0.0,0.0,0.0,0.0,0.0,0
2030-07-29 04:00:00,0.0,0.0,0.0,0.0,0.0,0.0,0.0,0
2030-07-29 05:00:00,0.0,0.0,0.0,0.0,0.0,0.0,0.0,0
2030-07-29 06:00:00,0.0,0.0,0.0,0.0,0.0,0.0,0.0,0
2030-07-29 07:00:00,0.0,0.0,0.0,0.0,0.0,0.0,0.0,0
2030-07-29 08:00:00,0.0,0.0,0.0,0.0,1.3993262097707155,0.0,0.0,0
2030-07-29 09:00:00,0.0,0.0,0.0,0.0,7.07764467152453,0.0,0.0,0
2030-07-29 10:00:00,0.0,0.0,0.0,0.0,12.436695811206969,0.0,0.0,0
2030-07-29 11:00:00,0.0,0.0,0.0,0.0,17.48237152864865,0.0,0.0,0
2030-07-29 12:00:00,0.0,0.0,0.0,0.0,22.356298366027943,0.0,0.0,0
2030-07-29 13:00:00,0.0,0.0,0.0,0.0,22.889294354454822,0.0,0.0,0
2030-07-29 14:00:00,0.0,0.0,0.0,0.0,24.542635095672868,0.0,0.0,0
2030-07-29 15:00:00,0.0,0.0,0.0,0.0,23.515824252692692,0.0,0.0,0
2030-07-29 16:00:00,0.0,0.0,0.0,0.0,19.401731547218898,0.0,0.0,0
2030-07-29 17:00:00,0.0,0.0,0.0,0.0,11.039947307612149,0.0,0.0,0
2030-07-29 18:00:00,0.0,0.0,0.0,0.0,5.737237460059943,0.0,0.0,0
2030-07-29 19:00:00,0.0,0.0,0.0,0.0,3.078517661495577,0.0,0.0,0
2030-07-29 20:00:00,0.0,0.0,0.0,0.0,0.0,0.0,0.0,0
2030-07-29 21:00:00,0.0,0.0,0.0,0.0,0.0,0.0,0.0,0
2030-07-29 22:00:00,0.0,0.0,0.0,0.0,0.0,0.0,0.0,0
2030-07-29 23:00:00,0.0,0.0,0.0,0.0,0.0,0.0,0.0,0
2030-07-30 00:00:00,0.0,0.0,0.0,0.0,0.0,0.0,0.0,0
2030-07-30 01:00:00,0.0,0.0,0.0,0.0,0.0,0.0,0.0,0
2030-07-30 02:00:00,0.0,0.0,0.0,0.0,0.0,0.0,0.0,0
2030-07-30 03:00:00,0.0,0.0,0.0,0.0,0.0,0.0,0.0,0
2030-07-30 04:00:00,0.0,0.0,0.0,0.0,0.0,0.0,0.0,0
2030-07-30 05:00:00,0.0,0.0,0.0,0.0,0.0,0.0,0.0,0
2030-07-30 06:00:00,0.0,0.0,0.0,0.0,0.0,0.0,0.0,0
2030-07-30 07:00:00,0.0,0.0,0.0,0.0,0.0,0.0,0.0,0
2030-07-30 08:00:00,0.0,0.0,0.0,0.0,1.7086509508779286,0.0,0.0,0
2030-07-30 09:00:00,0.0,0.0,0.0,0.0,8.400228886001505,0.0,0.0,0
2030-07-30 10:00:00,0.0,0.0,0.0,0.0,15.523535781213292,0.0,0.0,0
2030-07-30 11:00:00,0.0,0.0,0.0,0.0,21.60508113762472,0.0,0.0,0
2030-07-30 12:00:00,0.0,0.0,0.0,0.0,25.830309803653464,0.0,0.0,0
2030-07-30 13:00:00,0.0,0.0,0.0,0.0,28.097365560977792,0.0,0.0,0
2030-07-30 14:00:00,0.0,0.0,0.0,0.0,27.978938374382462,0.0,0.0,0
2030-07-30 15:00:00,0.0,0.0,0.0,0.0,25.330603049269556,0.0,0.0,0
2030-07-30 16:00:00,0.0,0.0,0.0,0.0,22.862265263981882,0.0,0.0,0
2030-07-30 17:00:00,0.0,0.0,0.0,0.0,17.23682660320783,0.0,0.0,0
2030-07-30 18:00:00,0.0,0.0,0.0,0.0,9.349193002469697,0.0,0.0,0
2030-07-30 19:00:00,0.0,0.0,0.0,0.0,3.4541262756971927,0.0,0.0,0
2030-07-30 20:00:00,0.0,0.0,0.0,0.0,0.0,0.0,0.0,0
2030-07-30 21:00:00,0.0,0.0,0.0,0.0,0.0,0.0,0.0,0
2030-07-30 22:00:00,0.0,0.0,0.0,0.0,0.0,0.0,0.0,0
2030-07-30 23:00:00,0.0,0.0,0.0,0.0,0.0,0.0,0.0,0
2030-07-31 00:00:00,0.0,0.0,0.0,0.0,0.0,0.0,0.0,0
2030-07-31 01:00:00,0.0,0.0,0.0,0.0,0.0,0.0,0.0,0
2030-07-31 02:00:00,0.0,0.0,0.0,0.0,0.0,0.0,0.0,0
2030-07-31 03:00:00,0.0,0.0,0.0,0.0,0.0,0.0,0.0,0
2030-07-31 04:00:00,0.0,0.0,0.0,0.0,0.0,0.0,0.0,0
2030-07-31 05:00:00,0.0,0.0,0.0,0.0,0.0,0.0,0.0,0
2030-07-31 06:00:00,0.0,0.0,0.0,0.0,0.0,0.0,0.0,0
2030-07-31 07:00:00,0.0,0.0,0.0,0.0,0.0,0.0,0.0,0
2030-07-31 08:00:00,0.0,0.0,0.0,0.0,1.6644617021483283,0.0,0.0,0
2030-07-31 09:00:00,0.0,0.0,0.0,0.0,7.499431050648577,0.0,0.0,0
2030-07-31 10:00:00,0.0,0.0,0.0,0.0,14.457175560620122,0.0,0.0,0
2030-07-31 11:00:00,0.0,0.0,0.0,0.0,19.65176904628056,0.0,0.0,0
2030-07-31 12:00:00,0.0,0.0,0.0,0.0,18.85349026798031,0.0,0.0,0
2030-07-31 13:00:00,0.0,0.0,0.0,0.0,21.830888198632987,0.0,0.0,0
2030-07-31 14:00:00,0.0,0.0,0.0,0.0,22.560968236393883,0.0,0.0,0
2030-07-31 15:00:00,0.0,0.0,0.0,0.0,21.293031392845847,0.0,0.0,0
2030-07-31 16:00:00,0.0,0.0,0.0,0.0,19.06721893433581,0.0,0.0,0
2030-07-31 17:00:00,0.0,0.0,0.0,0.0,11.821655117638798,0.0,0.0,0
2030-07-31 18:00:00,0.0,0.0,0.0,0.0,6.598927810287177,0.0,0.0,0
2030-07-31 19:00:00,0.0,0.0,0.0,0.0,1.9443269441024709,0.0,0.0,0
2030-07-31 20:00:00,0.0,0.0,0.0,0.0,0.0,0.0,0.0,0
2030-07-31 21:00:00,0.0,0.0,0.0,0.0,0.0,0.0,0.0,0
2030-07-31 22:00:00,0.0,0.0,0.0,0.0,0.0,0.0,0.0,0
2030-07-31 23:00:00,0.0,0.0,0.0,0.0,0.0,0.0,0.0,0
2030-08-01 00:00:00,0.0,0.0,0.0,0.0,0.0,0.0,0.0,0
2030-08-01 01:00:00,0.0,0.0,0.0,0.0,0.0,0.0,0.0,0
2030-08-01 02:00:00,0.0,0.0,0.0,0.0,0.0,0.0,0.0,0
2030-08-01 03:00:00,0.0,0.0,0.0,0.0,0.0,0.0,0.0,0
2030-08-01 04:00:00,0.0,0.0,0.0,0.0,0.0,0.0,0.0,0
2030-08-01 05:00:00,0.0,0.0,0.0,0.0,0.0,0.0,0.0,0
2030-08-01 06:00:00,0.0,0.0,0.0,0.0,0.0,0.0,0.0,0
2030-08-01 07:00:00,0.0,0.0,0.0,0.0,0.0,0.0,0.0,0
2030-08-01 08:00:00,0.0,0.0,0.0,0.0,1.2004745904875087,0.0,0.0,0
2030-08-01 09:00:00,0.0,0.0,0.0,0.0,5.413182969376201,0.0,0.0,0
2030-08-01 10:00:00,0.0,0.0,0.0,0.0,8.882701833380873,0.0,0.0,0
2030-08-01 11:00:00,0.0,0.0,0.0,0.0,14.188063035856846,0.0,0.0,0
2030-08-01 12:00:00,0.0,0.0,0.0,0.0,13.976175588198403,0.0,0.0,0
2030-08-01 13:00:00,0.0,0.0,0.0,0.0,13.803984815648723,0.0,0.0,0
2030-08-01 14:00:00,0.0,0.0,0.0,0.0,16.59681898410743,0.0,0.0,0
2030-08-01 15:00:00,0.0,0.0,0.0,0.0,17.800313173258132,0.0,0.0,0
2030-08-01 16:00:00,0.0,0.0,0.0,0.0,16.02604118801674,0.0,0.0,0
2030-08-01 17:00:00,0.0,0.0,0.0,0.0,11.333658514168228,0.0,0.0,0
2030-08-01 18:00:00,0.0,0.0,0.0,0.0,6.7683199304173165,0.0,0.0,0
2030-08-01 19:00:00,0.0,0.0,0.0,0.0,1.6497319525717908,0.0,0.0,0
2030-08-01 20:00:00,0.0,0.0,0.0,0.0,0.0,0.0,0.0,0
2030-08-01 21:00:00,0.0,0.0,0.0,0.0,0.0,0.0,0.0,0
2030-08-01 22:00:00,0.0,0.0,0.0,0.0,0.0,0.0,0.0,0
2030-08-01 23:00:00,0.0,0.0,0.0,0.0,0.0,0.0,0.0,0
2030-08-02 00:00:00,0.0,0.0,0.0,0.0,0.0,0.0,0.0,0
2030-08-02 01:00:00,0.0,0.0,0.0,0.0,0.0,0.0,0.0,0
2030-08-02 02:00:00,0.0,0.0,0.0,0.0,0.0,0.0,0.0,0
2030-08-02 03:00:00,0.0,0.0,0.0,0.0,0.0,0.0,0.0,0
2030-08-02 04:00:00,0.0,0.0,0.0,0.0,0.0,0.0,0.0,0
2030-08-02 05:00:00,0.0,0.0,0.0,0.0,0.0,0.0,0.0,0
2030-08-02 06:00:00,0.0,0.0,0.0,0.0,0.0,0.0,0.0,0
2030-08-02 07:00:00,0.0,0.0,0.0,0.0,0.0,0.0,0.0,0
2030-08-02 08:00:00,0.0,0.0,0.0,0.0,1.5245290811712553,0.0,0.0,0
2030-08-02 09:00:00,0.0,0.0,0.0,0.0,6.694671182534649,0.0,0.0,0
2030-08-02 10:00:00,0.0,0.0,0.0,0.0,9.610277813713763,0.0,0.0,0
2030-08-02 11:00:00,0.0,0.0,0.0,0.0,6.81250917914692,0.0,0.0,0
2030-08-02 12:00:00,0.0,0.0,0.0,0.0,9.94869381023463,0.0,0.0,0
2030-08-02 13:00:00,0.0,0.0,0.0,0.0,13.42167416538979,0.0,0.0,0
2030-08-02 14:00:00,0.0,0.0,0.0,0.0,20.630855500632762,0.0,0.0,0
2030-08-02 15:00:00,0.0,0.0,0.0,0.0,23.06074863952568,0.0,0.0,0
2030-08-02 16:00:00,0.0,0.0,0.0,0.0,17.303699666285294,0.0,0.0,0
2030-08-02 17:00:00,0.0,0.0,0.0,0.0,12.583551414485012,0.0,0.0,0
2030-08-02 18:00:00,0.0,0.0,0.0,0.0,8.946408000299382,0.0,0.0,0
2030-08-02 19:00:00,0.0,0.0,0.0,0.0,2.7323685464470326,0.0,0.0,0
2030-08-02 20:00:00,0.0,0.0,0.0,0.0,0.0,0.0,0.0,0
2030-08-02 21:00:00,0.0,0.0,0.0,0.0,0.0,0.0,0.0,0
2030-08-02 22:00:00,0.0,0.0,0.0,0.0,0.0,0.0,0.0,0
2030-08-02 23:00:00,0.0,0.0,0.0,0.0,0.0,0.0,0.0,0
2030-08-03 00:00:00,0.0,0.0,0.0,0.0,0.0,0.0,0.0,0
2030-08-03 01:00:00,0.0,0.0,0.0,0.0,0.0,0.0,0.0,0
2030-08-03 02:00:00,0.0,0.0,0.0,0.0,0.0,0.0,0.0,0
2030-08-03 03:00:00,0.0,0.0,0.0,0.0,0.0,0.0,0.0,0
2030-08-03 04:00:00,0.0,0.0,0.0,0.0,0.0,0.0,0.0,0
2030-08-03 05:00:00,0.0,0.0,0.0,0.0,0.0,0.0,0.0,0
2030-08-03 06:00:00,0.0,0.0,0.0,0.0,0.0,0.0,0.0,0
2030-08-03 07:00:00,0.0,0.0,0.0,0.0,0.0,0.0,0.0,0
2030-08-03 08:00:00,0.0,0.0,0.0,0.0,1.2814882131584444,0.0,0.0,0
2030-08-03 09:00:00,0.0,0.0,0.0,0.0,7.033455422794929,0.0,0.0,0
2030-08-03 10:00:00,0.0,0.0,0.0,0.0,12.841911222057416,0.0,0.0,0
2030-08-03 11:00:00,0.0,0.0,0.0,0.0,14.520955376286512,0.0,0.0,0
2030-08-03 12:00:00,0.0,0.0,0.0,0.0,15.93154984448328,0.0,0.0,0
2030-08-03 13:00:00,0.0,0.0,0.0,0.0,16.41468563059359,0.0,0.0,0
2030-08-03 14:00:00,0.0,0.0,0.0,0.0,14.11949605157808,0.0,0.0,0
2030-08-03 15:00:00,0.0,0.0,0.0,0.0,18.33750714031432,0.0,0.0,0
2030-08-03 16:00:00,0.0,0.0,0.0,0.0,18.82786050371714,0.0,0.0,0
2030-08-03 17:00:00,0.0,0.0,0.0,0.0,15.283514511863672,0.0,0.0,0
2030-08-03 18:00:00,0.0,0.0,0.0,0.0,8.992438467726052,0.0,0.0,0
2030-08-03 19:00:00,0.0,0.0,0.0,0.0,2.916490416153706,0.0,0.0,0
2030-08-03 20:00:00,0.0,0.0,0.0,0.0,0.0,0.0,0.0,0
2030-08-03 21:00:00,0.0,0.0,0.0,0.0,0.0,0.0,0.0,0
2030-08-03 22:00:00,0.0,0.0,0.0,0.0,0.0,0.0,0.0,0
2030-08-03 23:00:00,0.0,0.0,0.0,0.0,0.0,0.0,0.0,0
2030-08-04 00:00:00,0.0,0.0,0.0,0.0,0.0,0.0,0.0,0
2030-08-04 01:00:00,0.0,0.0,0.0,0.0,0.0,0.0,0.0,0
2030-08-04 02:00:00,0.0,0.0,0.0,0.0,0.0,0.0,0.0,0
2030-08-04 03:00:00,0.0,0.0,0.0,0.0,0.0,0.0,0.0,0
2030-08-04 04:00:00,0.0,0.0,0.0,0.0,0.0,0.0,0.0,0
2030-08-04 05:00:00,0.0,0.0,0.0,0.0,0.0,0.0,0.0,0
2030-08-04 06:00:00,0.0,0.0,0.0,0.0,0.0,0.0,0.0,0
2030-08-04 07:00:00,0.0,0.0,0.0,0.0,0.0,0.0,0.0,0
2030-08-04 08:00:00,0.0,0.0,0.0,0.0,1.340407211464582,0.0,0.0,0
2030-08-04 09:00:00,0.0,0.0,0.0,0.0,7.158658294195464,0.0,0.0,0
2030-08-04 10:00:00,0.0,0.0,0.0,0.0,14.810763199204816,0.0,0.0,0
2030-08-04 11:00:00,0.0,0.0,0.0,0.0,21.680571104204457,0.0,0.0,0
2030-08-04 12:00:00,0.0,0.0,0.0,0.0,25.891953805631257,0.0,0.0,0
2030-08-04 13:00:00,0.0,0.0,0.0,0.0,28.582931755768232,0.0,0.0,0
2030-08-04 14:00:00,0.0,0.0,0.0,0.0,28.39630582863355,0.0,0.0,0
2030-08-04 15:00:00,0.0,0.0,0.0,0.0,26.516053295189,0.0,0.0,0
2030-08-04 16:00:00,0.0,0.0,0.0,0.0,23.09816220345008,0.0,0.0,0
2030-08-04 17:00:00,0.0,0.0,0.0,0.0,17.747359723530494,0.0,0.0,0
2030-08-04 18:00:00,0.0,0.0,0.0,0.0,10.602179150197555,0.0,0.0,0
2030-08-04 19:00:00,0.0,0.0,0.0,0.0,3.351018028661455,0.0,0.0,0
2030-08-04 20:00:00,0.0,0.0,0.0,0.0,0.0,0.0,0.0,0
2030-08-04 21:00:00,0.0,0.0,0.0,0.0,0.0,0.0,0.0,0
2030-08-04 22:00:00,0.0,0.0,0.0,0.0,0.0,0.0,0.0,0
2030-08-04 23:00:00,0.0,0.0,0.0,0.0,0.0,0.0,0.0,0
2030-08-05 00:00:00,0.0,0.0,0.0,0.0,0.0,0.0,0.0,0
2030-08-05 01:00:00,0.0,0.0,0.0,0.0,0.0,0.0,0.0,0
2030-08-05 02:00:00,0.0,0.0,0.0,0.0,0.0,0.0,0.0,0
2030-08-05 03:00:00,0.0,0.0,0.0,0.0,0.0,0.0,0.0,0
2030-08-05 04:00:00,0.0,0.0,0.0,0.0,0.0,0.0,0.0,0
2030-08-05 05:00:00,0.0,0.0,0.0,0.0,0.0,0.0,0.0,0
2030-08-05 06:00:00,0.0,0.0,0.0,0.0,0.0,0.0,0.0,0
2030-08-05 07:00:00,0.0,0.0,0.0,0.0,0.0,0.0,0.0,0
2030-08-05 08:00:00,0.0,0.0,0.0,0.0,1.6202724534187243,0.0,0.0,0
2030-08-05 09:00:00,0.0,0.0,0.0,0.0,8.292849011588572,0.0,0.0,0
2030-08-05 10:00:00,0.0,0.0,0.0,0.0,15.866444351355,0.0,0.0,0
2030-08-05 11:00:00,0.0,0.0,0.0,0.0,21.758859723203727,0.0,0.0,0
2030-08-05 12:00:00,0.0,0.0,0.0,0.0,25.537997923307145,0.0,0.0,0
2030-08-05 13:00:00,0.0,0.0,0.0,0.0,25.442770092294857,0.0,0.0,0
2030-08-05 14:00:00,0.0,0.0,0.0,0.0,24.5097877541172,0.0,0.0,0
2030-08-05 15:00:00,0.0,0.0,0.0,0.0,21.051684446034336,0.0,0.0,0
2030-08-05 16:00:00,0.0,0.0,0.0,0.0,17.911154538821553,0.0,0.0,0
2030-08-05 17:00:00,0.0,0.0,0.0,0.0,12.232394184580443,0.0,0.0,0
2030-08-05 18:00:00,0.0,0.0,0.0,0.0,6.0833865751084915,0.0,0.0,0
2030-08-05 19:00:00,0.0,0.0,0.0,0.0,2.59243592546996,0.0,0.0,0
2030-08-05 20:00:00,0.0,0.0,0.0,0.0,0.0,0.0,0.0,0
2030-08-05 21:00:00,0.0,0.0,0.0,0.0,0.0,0.0,0.0,0
2030-08-05 22:00:00,0.0,0.0,0.0,0.0,0.0,0.0,0.0,0
2030-08-05 23:00:00,0.0,0.0,0.0,0.0,0.0,0.0,0.0,0
2030-08-06 00:00:00,0.0,0.0,0.0,0.0,0.0,0.0,0.0,0
2030-08-06 01:00:00,0.0,0.0,0.0,0.0,0.0,0.0,0.0,0
2030-08-06 02:00:00,0.0,0.0,0.0,0.0,0.0,0.0,0.0,0
2030-08-06 03:00:00,0.0,0.0,0.0,0.0,0.0,0.0,0.0,0
2030-08-06 04:00:00,0.0,0.0,0.0,0.0,0.0,0.0,0.0,0
2030-08-06 05:00:00,0.0,0.0,0.0,0.0,0.0,0.0,0.0,0
2030-08-06 06:00:00,0.0,0.0,0.0,0.0,0.0,0.0,0.0,0
2030-08-06 07:00:00,0.0,0.0,0.0,0.0,0.0,0.0,0.0,0
2030-08-06 08:00:00,0.0,0.0,0.0,0.0,1.2225692148523108,0.0,0.0,0
2030-08-06 09:00:00,0.0,0.0,0.0,0.0,5.84771058188395,0.0,0.0,0
2030-08-06 10:00:00,0.0,0.0,0.0,0.0,12.239317166881415,0.0,0.0,0
2030-08-06 11:00:00,0.0,0.0,0.0,0.0,16.226586728501253,0.0,0.0,0
2030-08-06 12:00:00,0.0,0.0,0.0,0.0,16.941789719189853,0.0,0.0,0
2030-08-06 13:00:00,0.0,0.0,0.0,0.0,16.166710296472644,0.0,0.0,0
2030-08-06 14:00:00,0.0,0.0,0.0,0.0,19.21267521140409,0.0,0.0,0
2030-08-06 15:00:00,0.0,0.0,0.0,0.0,22.06641689436176,0.0,0.0,0
2030-08-06 16:00:00,0.0,0.0,0.0,0.0,17.1426298546659,0.0,0.0,0
2030-08-06 17:00:00,0.0,0.0,0.0,0.0,14.090404796164428,0.0,0.0,0
2030-08-06 18:00:00,0.0,0.0,0.0,0.0,4.124329881429484,0.0,0.0,0
2030-08-06 19:00:00,0.0,0.0,0.0,0.0,1.6055427038421908,0.0,0.0,0
2030-08-06 20:00:00,0.0,0.0,0.0,0.0,0.0,0.0,0.0,0
2030-08-06 21:00:00,0.0,0.0,0.0,0.0,0.0,0.0,0.0,0
2030-08-06 22:00:00,0.0,0.0,0.0,0.0,0.0,0.0,0.0,0
2030-08-06 23:00:00,0.0,0.0,0.0,0.0,0.0,0.0,0.0,0
2030-08-07 00:00:00,0.0,0.0,0.0,0.0,0.0,0.0,0.0,0
2030-08-07 01:00:00,0.0,0.0,0.0,0.0,0.0,0.0,0.0,0
2030-08-07 02:00:00,0.0,0.0,0.0,0.0,0.0,0.0,0.0,0
2030-08-07 03:00:00,0.0,0.0,0.0,0.0,0.0,0.0,0.0,0
2030-08-07 04:00:00,0.0,0.0,0.0,0.0,0.0,0.0,0.0,0
2030-08-07 05:00:00,0.0,0.0,0.0,0.0,0.0,0.0,0.0,0
2030-08-07 06:00:00,0.0,0.0,0.0,0.0,0.0,0.0,0.0,0
2030-08-07 07:00:00,0.0,0.0,0.0,0.0,0.0,0.0,0.0,0
2030-08-07 08:00:00,0.0,0.0,0.0,0.0,1.3698667106176488,0.0,0.0,0
2030-08-07 09:00:00,0.0,0.0,0.0,0.0,6.989266174065325,0.0,0.0,0
2030-08-07 10:00:00,0.0,0.0,0.0,0.0,10.621254175899164,0.0,0.0,0
2030-08-07 11:00:00,0.0,0.0,0.0,0.0,16.036793905207613,0.0,0.0,0
2030-08-07 12:00:00,0.0,0.0,0.0,0.0,18.04828850737908,0.0,0.0,0
2030-08-07 13:00:00,0.0,0.0,0.0,0.0,21.238015778177495,0.0,0.0,0
2030-08-07 14:00:00,0.0,0.0,0.0,0.0,21.129236577554796,0.0,0.0,0
2030-08-07 15:00:00,0.0,0.0,0.0,0.0,19.43465253752245,0.0,0.0,0
2030-08-07 16:00:00,0.0,0.0,0.0,0.0,14.364746382027368,0.0,0.0,0
2030-08-07 17:00:00,0.0,0.0,0.0,0.0,11.880132223457634,0.0,0.0,0
2030-08-07 18:00:00,0.0,0.0,0.0,0.0,7.384465355203731,0.0,0.0,0
2030-08-07 19:00:00,0.0,0.0,0.0,0.0,2.1210839390208758,0.0,0.0,0
2030-08-07 20:00:00,0.0,0.0,0.0,0.0,0.0,0.0,0.0,0
2030-08-07 21:00:00,0.0,0.0,0.0,0.0,0.0,0.0,0.0,0
2030-08-07 22:00:00,0.0,0.0,0.0,0.0,0.0,0.0,0.0,0
2030-08-07 23:00:00,0.0,0.0,0.0,0.0,0.0,0.0,0.0,0
2030-08-08 00:00:00,0.0,0.0,0.0,0.0,0.0,0.0,0.0,0
2030-08-08 01:00:00,0.0,0.0,0.0,0.0,0.0,0.0,0.0,0
2030-08-08 02:00:00,0.0,0.0,0.0,0.0,0.0,0.0,0.0,0
2030-08-08 03:00:00,0.0,0.0,0.0,0.0,0.0,0.0,0.0,0
2030-08-08 04:00:00,0.0,0.0,0.0,0.0,0.0,0.0,0.0,0
2030-08-08 05:00:00,0.0,0.0,0.0,0.0,0.0,0.0,0.0,0
2030-08-08 06:00:00,0.0,0.0,0.0,0.0,0.0,0.0,0.0,0
2030-08-08 07:00:00,0.0,0.0,0.0,0.0,0.0,0.0,0.0,0
2030-08-08 08:00:00,0.0,0.0,0.0,0.0,0.6864063302664781,0.0,0.0,0
2030-08-08 09:00:00,0.0,0.0,0.0,0.0,3.233180032049184,0.0,0.0,0
2030-08-08 10:00:00,0.0,0.0,0.0,0.0,7.202847542925065,0.0,0.0,0
2030-08-08 11:00:00,0.0,0.0,0.0,0.0,11.083252771367151,0.0,0.0,0
2030-08-08 12:00:00,0.0,0.0,0.0,0.0,20.520014135069346,0.0,0.0,0
2030-08-08 13:00:00,0.0,0.0,0.0,0.0,24.385100423951844,0.0,0.0,0
2030-08-08 14:00:00,0.0,0.0,0.0,0.0,25.108552074403296,0.0,0.0,0
2030-08-08 15:00:00,0.0,0.0,0.0,0.0,22.479954613722953,0.0,0.0,0
2030-08-08 16:00:00,0.0,0.0,0.0,0.0,15.2859449205438,0.0,0.0,0
2030-08-08 17:00:00,0.0,0.0,0.0,0.0,12.015572270813864,0.0,0.0,0
2030-08-08 18:00:00,0.0,0.0,0.0,0.0,9.181863047280272,0.0,0.0,0
2030-08-08 19:00:00,0.0,0.0,0.0,0.0,2.975409414459844,0.0,0.0,0
2030-08-08 20:00:00,0.0,0.0,0.0,0.0,0.0,0.0,0.0,0
2030-08-08 21:00:00,0.0,0.0,0.0,0.0,0.0,0.0,0.0,0
2030-08-08 22:00:00,0.0,0.0,0.0,0.0,0.0,0.0,0.0,0
2030-08-08 23:00:00,0.0,0.0,0.0,0.0,0.0,0.0,0.0,0
2030-08-09 00:00:00,0.0,0.0,0.0,0.0,0.0,0.0,0.0,0
2030-08-09 01:00:00,0.0,0.0,0.0,0.0,0.0,0.0,0.0,0
2030-08-09 02:00:00,0.0,0.0,0.0,0.0,0.0,0.0,0.0,0
2030-08-09 03:00:00,0.0,0.0,0.0,0.0,0.0,0.0,0.0,0
2030-08-09 04:00:00,0.0,0.0,0.0,0.0,0.0,0.0,0.0,0
2030-08-09 05:00:00,0.0,0.0,0.0,0.0,0.0,0.0,0.0,0
2030-08-09 06:00:00,0.0,0.0,0.0,0.0,0.0,0.0,0.0,0
2030-08-09 07:00:00,0.0,0.0,0.0,0.0,0.0,0.0,0.0,0
2030-08-09 08:00:00,0.0,0.0,0.0,0.0,1.4435154585003196,0.0,0.0,0
2030-08-09 09:00:00,0.0,0.0,0.0,0.0,7.631704201845853,0.0,0.0,0
2030-08-09 10:00:00,0.0,0.0,0.0,0.0,14.296179397748604,0.0,0.0,0
2030-08-09 11:00:00,0.0,0.0,0.0,0.0,19.551680397908008,0.0,0.0,0
2030-08-09 12:00:00,0.0,0.0,0.0,0.0,23.046902674923736,0.0,0.0,0
2030-08-09 13:00:00,0.0,0.0,0.0,0.0,27.465017411657197,0.0,0.0,0
2030-08-09 14:00:00,0.0,0.0,0.0,0.0,27.076446617828232,0.0,0.0,0
2030-08-09 15:00:00,0.0,0.0,0.0,0.0,26.08491352508385,0.0,0.0,0
2030-08-09 16:00:00,0.0,0.0,0.0,0.0,20.967503927204447,0.0,0.0,0
2030-08-09 17:00:00,0.0,0.0,0.0,0.0,16.282707074387844,0.0,0.0,0
2030-08-09 18:00:00,0.0,0.0,0.0,0.0,9.954880305056776,0.0,0.0,0
2030-08-09 19:00:00,0.0,0.0,0.0,0.0,2.9533147900950416,0.0,0.0,0
2030-08-09 20:00:00,0.0,0.0,0.0,0.0,0.0,0.0,0.0,0
2030-08-09 21:00:00,0.0,0.0,0.0,0.0,0.0,0.0,0.0,0
2030-08-09 22:00:00,0.0,0.0,0.0,0.0,0.0,0.0,0.0,0
2030-08-09 23:00:00,0.0,0.0,0.0,0.0,0.0,0.0,0.0,0
2030-08-10 00:00:00,0.0,0.0,0.0,0.0,0.0,0.0,0.0,0
2030-08-10 01:00:00,0.0,0.0,0.0,0.0,0.0,0.0,0.0,0
2030-08-10 02:00:00,0.0,0.0,0.0,0.0,0.0,0.0,0.0,0
2030-08-10 03:00:00,0.0,0.0,0.0,0.0,0.0,0.0,0.0,0
2030-08-10 04:00:00,0.0,0.0,0.0,0.0,0.0,0.0,0.0,0
2030-08-10 05:00:00,0.0,0.0,0.0,0.0,0.0,0.0,0.0,0
2030-08-10 06:00:00,0.0,0.0,0.0,0.0,0.0,0.0,0.0,0
2030-08-10 07:00:00,0.0,0.0,0.0,0.0,0.0,0.0,0.0,0
2030-08-10 08:00:00,0.0,0.0,0.0,0.0,1.7896645735488643,0.0,0.0,0
2030-08-10 09:00:00,0.0,0.0,0.0,0.0,8.710511060831193,0.0,0.0,0
2030-08-10 10:00:00,0.0,0.0,0.0,0.0,15.818646313979148,0.0,0.0,0
2030-08-10 11:00:00,0.0,0.0,0.0,0.0,21.911975470051804,0.0,0.0,0
2030-08-10 12:00:00,0.0,0.0,0.0,0.0,26.296506377750763,0.0,0.0,0
2030-08-10 13:00:00,0.0,0.0,0.0,0.0,28.279572563239515,0.0,0.0,0
2030-08-10 14:00:00,0.0,0.0,0.0,0.0,27.80512732937936,0.0,0.0,0
2030-08-10 15:00:00,0.0,0.0,0.0,0.0,25.96641268974064,0.0,0.0,0
2030-08-10 16:00:00,0.0,0.0,0.0,0.0,22.100000723396256,0.0,0.0,0
2030-08-10 17:00:00,0.0,0.0,0.0,0.0,17.12355482896428,0.0,0.0,0
2030-08-10 18:00:00,0.0,0.0,0.0,0.0,10.094444682294432,0.0,0.0,0
2030-08-10 19:00:00,0.0,0.0,0.0,0.0,3.48358577485026,0.0,0.0,0
2030-08-10 20:00:00,0.0,0.0,0.0,0.0,0.0,0.0,0.0,0
2030-08-10 21:00:00,0.0,0.0,0.0,0.0,0.0,0.0,0.0,0
2030-08-10 22:00:00,0.0,0.0,0.0,0.0,0.0,0.0,0.0,0
2030-08-10 23:00:00,0.0,0.0,0.0,0.0,0.0,0.0,0.0,0
2030-08-11 00:00:00,0.0,0.0,0.0,0.0,0.0,0.0,0.0,0
2030-08-11 01:00:00,0.0,0.0,0.0,0.0,0.0,0.0,0.0,0
2030-08-11 02:00:00,0.0,0.0,0.0,0.0,0.0,0.0,0.0,0
2030-08-11 03:00:00,0.0,0.0,0.0,0.0,0.0,0.0,0.0,0
2030-08-11 04:00:00,0.0,0.0,0.0,0.0,0.0,0.0,0.0,0
2030-08-11 05:00:00,0.0,0.0,0.0,0.0,0.0,0.0,0.0,0
2030-08-11 06:00:00,0.0,0.0,0.0,0.0,0.0,0.0,0.0,0
2030-08-11 07:00:00,0.0,0.0,0.0,0.0,0.0,0.0,0.0,0
2030-08-11 08:00:00,0.0,0.0,0.0,0.0,1.9295971945259371,0.0,0.0,0
2030-08-11 09:00:00,0.0,0.0,0.0,0.0,9.337777446547884,0.0,0.0,0
2030-08-11 10:00:00,0.0,0.0,0.0,0.0,16.697938714950336,0.0,0.0,0
2030-08-11 11:00:00,0.0,0.0,0.0,0.0,22.80511383562494,0.0,0.0,0
2030-08-11 12:00:00,0.0,0.0,0.0,0.0,26.84680982193007,0.0,0.0,0
2030-08-11 13:00:00,0.0,0.0,0.0,0.0,28.986747840408903,0.0,0.0,0
2030-08-11 14:00:00,0.0,0.0,0.0,0.0,28.937918720562696,0.0,0.0,0
2030-08-11 15:00:00,0.0,0.0,0.0,0.0,27.25408739772123,0.0,0.0,0
2030-08-11 16:00:00,0.0,0.0,0.0,0.0,23.7274171053596,0.0,0.0,0
2030-08-11 17:00:00,0.0,0.0,0.0,0.0,18.316664544663528,0.0,0.0,0
2030-08-11 18:00:00,0.0,0.0,0.0,0.0,11.443468797261287,0.0,0.0,0
2030-08-11 19:00:00,0.0,0.0,0.0,0.0,3.741356392439604,0.0,0.0,0
2030-08-11 20:00:00,0.0,0.0,0.0,0.0,0.0,0.0,0.0,0
2030-08-11 21:00:00,0.0,0.0,0.0,0.0,0.0,0.0,0.0,0
2030-08-11 22:00:00,0.0,0.0,0.0,0.0,0.0,0.0,0.0,0
2030-08-11 23:00:00,0.0,0.0,0.0,0.0,0.0,0.0,0.0,0
2030-08-12 00:00:00,0.0,0.0,0.0,0.0,0.0,0.0,0.0,0
2030-08-12 01:00:00,0.0,0.0,0.0,0.0,0.0,0.0,0.0,0
2030-08-12 02:00:00,0.0,0.0,0.0,0.0,0.0,0.0,0.0,0
2030-08-12 03:00:00,0.0,0.0,0.0,0.0,0.0,0.0,0.0,0
2030-08-12 04:00:00,0.0,0.0,0.0,0.0,0.0,0.0,0.0,0
2030-08-12 05:00:00,0.0,0.0,0.0,0.0,0.0,0.0,0.0,0
2030-08-12 06:00:00,0.0,0.0,0.0,0.0,0.0,0.0,0.0,0
2030-08-12 07:00:00,0.0,0.0,0.0,0.0,0.0,0.0,0.0,0
2030-08-12 08:00:00,0.0,0.0,0.0,0.0,1.7307455752427308,0.0,0.0,0
2030-08-12 09:00:00,0.0,0.0,0.0,0.0,7.971445875828602,0.0,0.0,0
2030-08-12 10:00:00,0.0,0.0,0.0,0.0,14.822546998866043,0.0,0.0,0
2030-08-12 11:00:00,0.0,0.0,0.0,0.0,21.175340693729343,0.0,0.0,0
2030-08-12 12:00:00,0.0,0.0,0.0,0.0,25.488137720990576,0.0,0.0,0
2030-08-12 13:00:00,0.0,0.0,0.0,0.0,28.18471297596664,0.0,0.0,0
2030-08-12 14:00:00,0.0,0.0,0.0,0.0,26.53409723842025,0.0,0.0,0
2030-08-12 15:00:00,0.0,0.0,0.0,0.0,25.899907870402586,0.0,0.0,0
2030-08-12 16:00:00,0.0,0.0,0.0,0.0,23.221450207405663,0.0,0.0,0
2030-08-12 17:00:00,0.0,0.0,0.0,0.0,17.83286591982227,0.0,0.0,0
2030-08-12 18:00:00,0.0,0.0,0.0,0.0,11.042745960031688,0.0,0.0,0
2030-08-12 19:00:00,0.0,0.0,0.0,0.0,3.2184502824726504,0.0,0.0,0
2030-08-12 20:00:00,0.0,0.0,0.0,0.0,0.0,0.0,0.0,0
2030-08-12 21:00:00,0.0,0.0,0.0,0.0,0.0,0.0,0.0,0
2030-08-12 22:00:00,0.0,0.0,0.0,0.0,0.0,0.0,0.0,0
2030-08-12 23:00:00,0.0,0.0,0.0,0.0,0.0,0.0,0.0,0
2030-08-13 00:00:00,0.0,0.0,0.0,0.0,0.0,0.0,0.0,0
2030-08-13 01:00:00,0.0,0.0,0.0,0.0,0.0,0.0,0.0,0
2030-08-13 02:00:00,0.0,0.0,0.0,0.0,0.0,0.0,0.0,0
2030-08-13 03:00:00,0.0,0.0,0.0,0.0,0.0,0.0,0.0,0
2030-08-13 04:00:00,0.0,0.0,0.0,0.0,0.0,0.0,0.0,0
2030-08-13 05:00:00,0.0,0.0,0.0,0.0,0.0,0.0,0.0,0
2030-08-13 06:00:00,0.0,0.0,0.0,0.0,0.0,0.0,0.0,0
2030-08-13 07:00:00,0.0,0.0,0.0,0.0,0.0,0.0,0.0,0
2030-08-13 08:00:00,0.0,0.0,0.0,0.0,1.3035828375232463,0.0,0.0,0
2030-08-13 09:00:00,0.0,0.0,0.0,0.0,5.700413086118612,0.0,0.0,0
2030-08-13 10:00:00,0.0,0.0,0.0,0.0,12.2147184850886,0.0,0.0,0
2030-08-13 11:00:00,0.0,0.0,0.0,0.0,18.52273374123924,0.0,0.0,0
2030-08-13 12:00:00,0.0,0.0,0.0,0.0,22.44600254094904,0.0,0.0,0
2030-08-13 13:00:00,0.0,0.0,0.0,0.0,23.272341492192588,0.0,0.0,0
2030-08-13 14:00:00,0.0,0.0,0.0,0.0,22.35143754866769,0.0,0.0,0
2030-08-13 15:00:00,0.0,0.0,0.0,0.0,20.298405052690395,0.0,0.0,0
2030-08-13 16:00:00,0.0,0.0,0.0,0.0,18.15809879047214,0.0,0.0,0
2030-08-13 17:00:00,0.0,0.0,0.0,0.0,14.797285478342287,0.0,0.0,0
2030-08-13 18:00:00,0.0,0.0,0.0,0.0,7.2691314160194676,0.0,0.0,0
2030-08-13 19:00:00,0.0,0.0,0.0,0.0,2.25365168520968,0.0,0.0,0
2030-08-13 20:00:00,0.0,0.0,0.0,0.0,0.0,0.0,0.0,0
2030-08-13 21:00:00,0.0,0.0,0.0,0.0,0.0,0.0,0.0,0
2030-08-13 22:00:00,0.0,0.0,0.0,0.0,0.0,0.0,0.0,0
2030-08-13 23:00:00,0.0,0.0,0.0,0.0,0.0,0.0,0.0,0
2030-08-14 00:00:00,0.0,0.0,0.0,0.0,0.0,0.0,0.0,0
2030-08-14 01:00:00,0.0,0.0,0.0,0.0,0.0,0.0,0.0,0
2030-08-14 02:00:00,0.0,0.0,0.0,0.0,0.0,0.0,0.0,0
2030-08-14 03:00:00,0.0,0.0,0.0,0.0,0.0,0.0,0.0,0
2030-08-14 04:00:00,0.0,0.0,0.0,0.0,0.0,0.0,0.0,0
2030-08-14 05:00:00,0.0,0.0,0.0,0.0,0.0,0.0,0.0,0
2030-08-14 06:00:00,0.0,0.0,0.0,0.0,0.0,0.0,0.0,0
2030-08-14 07:00:00,0.0,0.0,0.0,0.0,0.0,0.0,0.0,0
2030-08-14 08:00:00,0.0,0.0,0.0,0.0,0.0131831258709969,0.0,0.0,0
2030-08-14 09:00:00,0.0,0.0,0.0,0.0,1.1636502165461733,0.0,0.0,0
2030-08-14 10:00:00,0.0,0.0,0.0,0.0,3.1668961589547817,0.0,0.0,0
2030-08-14 11:00:00,0.0,0.0,0.0,0.0,9.165586673998204,0.0,0.0,0
2030-08-14 12:00:00,0.0,0.0,0.0,0.0,17.170027188878247,0.0,0.0,0
2030-08-14 13:00:00,0.0,0.0,0.0,0.0,21.07974461897764,0.0,0.0,0
2030-08-14 14:00:00,0.0,0.0,0.0,0.0,22.896217336755797,0.0,0.0,0
2030-08-14 15:00:00,0.0,0.0,0.0,0.0,18.9079166926656,0.0,0.0,0
2030-08-14 16:00:00,0.0,0.0,0.0,0.0,16.947313375281055,0.0,0.0,0
2030-08-14 17:00:00,0.0,0.0,0.0,0.0,9.972187760809204,0.0,0.0,0
2030-08-14 18:00:00,0.0,0.0,0.0,0.0,6.716765806899447,0.0,0.0,0
2030-08-14 19:00:00,0.0,0.0,0.0,0.0,1.9443269441024709,0.0,0.0,0
2030-08-14 20:00:00,0.0,0.0,0.0,0.0,0.0,0.0,0.0,0
2030-08-14 21:00:00,0.0,0.0,0.0,0.0,0.0,0.0,0.0,0
2030-08-14 22:00:00,0.0,0.0,0.0,0.0,0.0,0.0,0.0,0
2030-08-14 23:00:00,0.0,0.0,0.0,0.0,0.0,0.0,0.0,0
2030-08-15 00:00:00,0.0,0.0,0.0,0.0,0.0,0.0,0.0,0
2030-08-15 01:00:00,0.0,0.0,0.0,0.0,0.0,0.0,0.0,0
2030-08-15 02:00:00,0.0,0.0,0.0,0.0,0.0,0.0,0.0,0
2030-08-15 03:00:00,0.0,0.0,0.0,0.0,0.0,0.0,0.0,0
2030-08-15 04:00:00,0.0,0.0,0.0,0.0,0.0,0.0,0.0,0
2030-08-15 05:00:00,0.0,0.0,0.0,0.0,0.0,0.0,0.0,0
2030-08-15 06:00:00,0.0,0.0,0.0,0.0,0.0,0.0,0.0,0
2030-08-15 07:00:00,0.0,0.0,0.0,0.0,0.0,0.0,0.0,0
2030-08-15 08:00:00,0.0,0.0,0.0,0.0,1.2962179627349777,0.0,0.0,0
2030-08-15 09:00:00,0.0,0.0,0.0,0.0,6.562103436345842,0.0,0.0,0
2030-08-15 10:00:00,0.0,0.0,0.0,0.0,11.4922979171075,0.0,0.0,0
2030-08-15 11:00:00,0.0,0.0,0.0,0.0,14.842284863298598,0.0,0.0,0
2030-08-15 12:00:00,0.0,0.0,0.0,0.0,16.358859879698528,0.0,0.0,0
2030-08-15 13:00:00,0.0,0.0,0.0,0.0,16.343982832626228,0.0,0.0,0
2030-08-15 14:00:00,0.0,0.0,0.0,0.0,22.992476250238447,0.0,0.0,0
2030-08-15 15:00:00,0.0,0.0,0.0,0.0,23.868749052546445,0.0,0.0,0
2030-08-15 16:00:00,0.0,0.0,0.0,0.0,20.35032741994768,0.0,0.0,0
2030-08-15 17:00:00,0.0,0.0,0.0,0.0,14.070666931731871,0.0,0.0,0
2030-08-15 18:00:00,0.0,0.0,0.0,0.0,8.390212656289462,0.0,0.0,0
2030-08-15 19:00:00,0.0,0.0,0.0,0.0,3.144801534589979,0.0,0.0,0
2030-08-15 20:00:00,0.0,0.0,0.0,0.0,0.0,0.0,0.0,0
2030-08-15 21:00:00,0.0,0.0,0.0,0.0,0.0,0.0,0.0,0
2030-08-15 22:00:00,0.0,0.0,0.0,0.0,0.0,0.0,0.0,0
2030-08-15 23:00:00,0.0,0.0,0.0,0.0,0.0,0.0,0.0,0
2030-08-16 00:00:00,0.0,0.0,0.0,0.0,0.0,0.0,0.0,0
2030-08-16 01:00:00,0.0,0.0,0.0,0.0,0.0,0.0,0.0,0
2030-08-16 02:00:00,0.0,0.0,0.0,0.0,0.0,0.0,0.0,0
2030-08-16 03:00:00,0.0,0.0,0.0,0.0,0.0,0.0,0.0,0
2030-08-16 04:00:00,0.0,0.0,0.0,0.0,0.0,0.0,0.0,0
2030-08-16 05:00:00,0.0,0.0,0.0,0.0,0.0,0.0,0.0,0
2030-08-16 06:00:00,0.0,0.0,0.0,0.0,0.0,0.0,0.0,0
2030-08-16 07:00:00,0.0,0.0,0.0,0.0,0.0,0.0,0.0,0
2030-08-16 08:00:00,0.0,0.0,0.0,0.0,1.3698667106176488,0.0,0.0,0
2030-08-16 09:00:00,0.0,0.0,0.0,0.0,8.086485220021336,0.0,0.0,0
2030-08-16 10:00:00,0.0,0.0,0.0,0.0,14.937880938050304,0.0,0.0,0
2030-08-16 11:00:00,0.0,0.0,0.0,0.0,21.057208102125536,0.0,0.0,0
2030-08-16 12:00:00,0.0,0.0,0.0,0.0,25.620116277196324,0.0,0.0,0
2030-08-16 13:00:00,0.0,0.0,0.0,0.0,28.982991754266887,0.0,0.0,0
2030-08-16 14:00:00,0.0,0.0,0.0,0.0,28.161145376644185,0.0,0.0,0
2030-08-16 15:00:00,0.0,0.0,0.0,0.0,27.099277729671854,0.0,0.0,0
2030-08-16 16:00:00,0.0,0.0,0.0,0.0,23.870442973747743,0.0,0.0,0
2030-08-16 17:00:00,0.0,0.0,0.0,0.0,18.330878753004885,0.0,0.0,0
2030-08-16 18:00:00,0.0,0.0,0.0,0.0,10.927412020847424,0.0,0.0,0
2030-08-16 19:00:00,0.0,0.0,0.0,0.0,3.365747778237988,0.0,0.0,0
2030-08-16 20:00:00,0.0,0.0,0.0,0.0,0.0,0.0,0.0,0
2030-08-16 21:00:00,0.0,0.0,0.0,0.0,0.0,0.0,0.0,0
2030-08-16 22:00:00,0.0,0.0,0.0,0.0,0.0,0.0,0.0,0
2030-08-16 23:00:00,0.0,0.0,0.0,0.0,0.0,0.0,0.0,0
2030-08-17 00:00:00,0.0,0.0,0.0,0.0,0.0,0.0,0.0,0
2030-08-17 01:00:00,0.0,0.0,0.0,0.0,0.0,0.0,0.0,0
2030-08-17 02:00:00,0.0,0.0,0.0,0.0,0.0,0.0,0.0,0
2030-08-17 03:00:00,0.0,0.0,0.0,0.0,0.0,0.0,0.0,0
2030-08-17 04:00:00,0.0,0.0,0.0,0.0,0.0,0.0,0.0,0
2030-08-17 05:00:00,0.0,0.0,0.0,0.0,0.0,0.0,0.0,0
2030-08-17 06:00:00,0.0,0.0,0.0,0.0,0.0,0.0,0.0,0
2030-08-17 07:00:00,0.0,0.0,0.0,0.0,0.0,0.0,0.0,0
2030-08-17 08:00:00,0.0,0.0,0.0,0.0,1.6644617021483283,0.0,0.0,0
2030-08-17 09:00:00,0.0,0.0,0.0,0.0,7.864802488894499,0.0,0.0,0
2030-08-17 10:00:00,0.0,0.0,0.0,0.0,13.437287699940915,0.0,0.0,0
2030-08-17 11:00:00,0.0,0.0,0.0,0.0,18.360706495897368,0.0,0.0,0
2030-08-17 12:00:00,0.0,0.0,0.0,0.0,23.435105225013288,0.0,0.0,0
2030-08-17 13:00:00,0.0,0.0,0.0,0.0,27.027617497982018,0.0,0.0,0
2030-08-17 14:00:00,0.0,0.0,0.0,0.0,27.646856170179504,0.0,0.0,0
2030-08-17 15:00:00,0.0,0.0,0.0,0.0,27.428634930203152,0.0,0.0,0
2030-08-17 16:00:00,0.0,0.0,0.0,0.0,23.87736595604872,0.0,0.0,0
2030-08-17 17:00:00,0.0,0.0,0.0,0.0,18.476703273812568,0.0,0.0,0
2030-08-17 18:00:00,0.0,0.0,0.0,0.0,11.058285845834927,0.0,0.0,0
2030-08-17 19:00:00,0.0,0.0,0.0,0.0,3.373112653026257,0.0,0.0,0
2030-08-17 20:00:00,0.0,0.0,0.0,0.0,0.0,0.0,0.0,0
2030-08-17 21:00:00,0.0,0.0,0.0,0.0,0.0,0.0,0.0,0
2030-08-17 22:00:00,0.0,0.0,0.0,0.0,0.0,0.0,0.0,0
2030-08-17 23:00:00,0.0,0.0,0.0,0.0,0.0,0.0,0.0,0
2030-08-18 00:00:00,0.0,0.0,0.0,0.0,0.0,0.0,0.0,0
2030-08-18 01:00:00,0.0,0.0,0.0,0.0,0.0,0.0,0.0,0
2030-08-18 02:00:00,0.0,0.0,0.0,0.0,0.0,0.0,0.0,0
2030-08-18 03:00:00,0.0,0.0,0.0,0.0,0.0,0.0,0.0,0
2030-08-18 04:00:00,0.0,0.0,0.0,0.0,0.0,0.0,0.0,0
2030-08-18 05:00:00,0.0,0.0,0.0,0.0,0.0,0.0,0.0,0
2030-08-18 06:00:00,0.0,0.0,0.0,0.0,0.0,0.0,0.0,0
2030-08-18 07:00:00,0.0,0.0,0.0,0.0,0.0,0.0,0.0,0
2030-08-18 08:00:00,0.0,0.0,0.0,0.0,1.2372989644288444,0.0,0.0,0
2030-08-18 09:00:00,0.0,0.0,0.0,0.0,6.282238194391698,0.0,0.0,0
2030-08-18 10:00:00,0.0,0.0,0.0,0.0,12.117723084127128,0.0,0.0,0
2030-08-18 11:00:00,0.0,0.0,0.0,0.0,14.477281668792092,0.0,0.0,0
2030-08-18 12:00:00,0.0,0.0,0.0,0.0,18.59270005172777,0.0,0.0,0
2030-08-18 13:00:00,0.0,0.0,0.0,0.0,22.432156576347094,0.0,0.0,0
2030-08-18 14:00:00,0.0,0.0,0.0,0.0,20.65442309995522,0.0,0.0,0
2030-08-18 15:00:00,0.0,0.0,0.0,0.0,20.22983806841163,0.0,0.0,0
2030-08-18 16:00:00,0.0,0.0,0.0,0.0,17.111108190572114,0.0,0.0,0
2030-08-18 17:00:00,0.0,0.0,0.0,0.0,10.998041170066903,0.0,0.0,0
2030-08-18 18:00:00,0.0,0.0,0.0,0.0,8.404058620891407,0.0,0.0,0
2030-08-18 19:00:00,0.0,0.0,0.0,0.0,2.106354189444342,0.0,0.0,0
2030-08-18 20:00:00,0.0,0.0,0.0,0.0,0.0,0.0,0.0,0
2030-08-18 21:00:00,0.0,0.0,0.0,0.0,0.0,0.0,0.0,0
2030-08-18 22:00:00,0.0,0.0,0.0,0.0,0.0,0.0,0.0,0
2030-08-18 23:00:00,0.0,0.0,0.0,0.0,0.0,0.0,0.0,0
2030-08-19 00:00:00,0.0,0.0,0.0,0.0,0.0,0.0,0.0,0
2030-08-19 01:00:00,0.0,0.0,0.0,0.0,0.0,0.0,0.0,0
2030-08-19 02:00:00,0.0,0.0,0.0,0.0,0.0,0.0,0.0,0
2030-08-19 03:00:00,0.0,0.0,0.0,0.0,0.0,0.0,0.0,0
2030-08-19 04:00:00,0.0,0.0,0.0,0.0,0.0,0.0,0.0,0
2030-08-19 05:00:00,0.0,0.0,0.0,0.0,0.0,0.0,0.0,0
2030-08-19 06:00:00,0.0,0.0,0.0,0.0,0.0,0.0,0.0,0
2030-08-19 07:00:00,0.0,0.0,0.0,0.0,0.0,0.0,0.0,0
2030-08-19 08:00:00,0.0,0.0,0.0,0.0,1.2152043400640422,0.0,0.0,0
2030-08-19 09:00:00,0.0,0.0,0.0,0.0,6.45163031452184,0.0,0.0,0
2030-08-19 10:00:00,0.0,0.0,0.0,0.0,10.947518129019395,0.0,0.0,0
2030-08-19 11:00:00,0.0,0.0,0.0,0.0,17.218488064985046,0.0,0.0,0
2030-08-19 12:00:00,0.0,0.0,0.0,0.0,22.49446341705584,0.0,0.0,0
2030-08-19 13:00:00,0.0,0.0,0.0,0.0,22.651040655054388,0.0,0.0,0
2030-08-19 14:00:00,0.0,0.0,0.0,0.0,23.884288938349687,0.0,0.0,0
2030-08-19 15:00:00,0.0,0.0,0.0,0.0,19.99953843378253,0.0,0.0,0
2030-08-19 16:00:00,0.0,0.0,0.0,0.0,19.650075125079255,0.0,0.0,0
2030-08-19 17:00:00,0.0,0.0,0.0,0.0,16.69521371127868,0.0,0.0,0
2030-08-19 18:00:00,0.0,0.0,0.0,0.0,9.404208617138057,0.0,0.0,0
2030-08-19 19:00:00,0.0,0.0,0.0,0.0,2.79128754475317,0.0,0.0,0
2030-08-19 20:00:00,0.0,0.0,0.0,0.0,0.0,0.0,0.0,0
2030-08-19 21:00:00,0.0,0.0,0.0,0.0,0.0,0.0,0.0,0
2030-08-19 22:00:00,0.0,0.0,0.0,0.0,0.0,0.0,0.0,0
2030-08-19 23:00:00,0.0,0.0,0.0,0.0,0.0,0.0,0.0,0
2030-08-20 00:00:00,0.0,0.0,0.0,0.0,0.0,0.0,0.0,0
2030-08-20 01:00:00,0.0,0.0,0.0,0.0,0.0,0.0,0.0,0
2030-08-20 02:00:00,0.0,0.0,0.0,0.0,0.0,0.0,0.0,0
2030-08-20 03:00:00,0.0,0.0,0.0,0.0,0.0,0.0,0.0,0
2030-08-20 04:00:00,0.0,0.0,0.0,0.0,0.0,0.0,0.0,0
2030-08-20 05:00:00,0.0,0.0,0.0,0.0,0.0,0.0,0.0,0
2030-08-20 06:00:00,0.0,0.0,0.0,0.0,0.0,0.0,0.0,0
2030-08-20 07:00:00,0.0,0.0,0.0,0.0,0.0,0.0,0.0,0
2030-08-20 08:00:00,0.0,0.0,0.0,0.0,1.6791914517248618,0.0,0.0,0
2030-08-20 09:00:00,0.0,0.0,0.0,0.0,7.261766541231204,0.0,0.0,0
2030-08-20 10:00:00,0.0,0.0,0.0,0.0,13.951576906405595,0.0,0.0,0
2030-08-20 11:00:00,0.0,0.0,0.0,0.0,19.739411056260938,0.0,0.0,0
2030-08-20 12:00:00,0.0,0.0,0.0,0.0,24.453667408230608,0.0,0.0,0
2030-08-20 13:00:00,0.0,0.0,0.0,0.0,26.992266098998336,0.0,0.0,0
2030-08-20 14:00:00,0.0,0.0,0.0,0.0,25.500952603122165,0.0,0.0,0
2030-08-20 15:00:00,0.0,0.0,0.0,0.0,23.984745830461648,0.0,0.0,0
2030-08-20 16:00:00,0.0,0.0,0.0,0.0,17.38405045022529,0.0,0.0,0
2030-08-20 17:00:00,0.0,0.0,0.0,0.0,13.245064467967145,0.0,0.0,0
2030-08-20 18:00:00,0.0,0.0,0.0,0.0,4.9197363585623135,0.0,0.0,0
2030-08-20 19:00:00,0.0,0.0,0.0,0.0,2.50405742801076,0.0,0.0,0
2030-08-20 20:00:00,0.0,0.0,0.0,0.0,0.0,0.0,0.0,0
2030-08-20 21:00:00,0.0,0.0,0.0,0.0,0.0,0.0,0.0,0
2030-08-20 22:00:00,0.0,0.0,0.0,0.0,0.0,0.0,0.0,0
2030-08-20 23:00:00,0.0,0.0,0.0,0.0,0.0,0.0,0.0,0
2030-08-21 00:00:00,0.0,0.0,0.0,0.0,0.0,0.0,0.0,0
2030-08-21 01:00:00,0.0,0.0,0.0,0.0,0.0,0.0,0.0,0
2030-08-21 02:00:00,0.0,0.0,0.0,0.0,0.0,0.0,0.0,0
2030-08-21 03:00:00,0.0,0.0,0.0,0.0,0.0,0.0,0.0,0
2030-08-21 04:00:00,0.0,0.0,0.0,0.0,0.0,0.0,0.0,0
2030-08-21 05:00:00,0.0,0.0,0.0,0.0,0.0,0.0,0.0,0
2030-08-21 06:00:00,0.0,0.0,0.0,0.0,0.0,0.0,0.0,0
2030-08-21 07:00:00,0.0,0.0,0.0,0.0,0.0,0.0,0.0,0
2030-08-21 08:00:00,0.0,0.0,0.0,0.0,0.4742979363643876,0.0,0.0,0
2030-08-21 09:00:00,0.0,0.0,0.0,0.0,3.8076402655340065,0.0,0.0,0
2030-08-21 10:00:00,0.0,0.0,0.0,0.0,10.61190078491807,0.0,0.0,0
2030-08-21 11:00:00,0.0,0.0,0.0,0.0,12.30236049506898,0.0,0.0,0
2030-08-21 12:00:00,0.0,0.0,0.0,0.0,17.069938540505703,0.0,0.0,0
2030-08-21 13:00:00,0.0,0.0,0.0,0.0,17.589383159322168,0.0,0.0,0
2030-08-21 14:00:00,0.0,0.0,0.0,0.0,22.88030920721314,0.0,0.0,0
2030-08-21 15:00:00,0.0,0.0,0.0,0.0,22.27108676472769,0.0,0.0,0
2030-08-21 16:00:00,0.0,0.0,0.0,0.0,17.678424495512314,0.0,0.0,0
2030-08-21 17:00:00,0.0,0.0,0.0,0.0,13.816136859049369,0.0,0.0,0
2030-08-21 18:00:00,0.0,0.0,0.0,0.0,8.915917418675953,0.0,0.0,0
2030-08-21 19:00:00,0.0,0.0,0.0,0.0,2.2389219356331465,0.0,0.0,0
2030-08-21 20:00:00,0.0,0.0,0.0,0.0,0.0,0.0,0.0,0
2030-08-21 21:00:00,0.0,0.0,0.0,0.0,0.0,0.0,0.0,0
2030-08-21 22:00:00,0.0,0.0,0.0,0.0,0.0,0.0,0.0,0
2030-08-21 23:00:00,0.0,0.0,0.0,0.0,0.0,0.0,0.0,0
2030-08-22 00:00:00,0.0,0.0,0.0,0.0,0.0,0.0,0.0,0
2030-08-22 01:00:00,0.0,0.0,0.0,0.0,0.0,0.0,0.0,0
2030-08-22 02:00:00,0.0,0.0,0.0,0.0,0.0,0.0,0.0,0
2030-08-22 03:00:00,0.0,0.0,0.0,0.0,0.0,0.0,0.0,0
2030-08-22 04:00:00,0.0,0.0,0.0,0.0,0.0,0.0,0.0,0
2030-08-22 05:00:00,0.0,0.0,0.0,0.0,0.0,0.0,0.0,0
2030-08-22 06:00:00,0.0,0.0,0.0,0.0,0.0,0.0,0.0,0
2030-08-22 07:00:00,0.0,0.0,0.0,0.0,0.0,0.0,0.0,0
2030-08-22 08:00:00,0.0,0.0,0.0,0.0,1.391961334982451,0.0,0.0,0
2030-08-22 09:00:00,0.0,0.0,0.0,0.0,7.880416023445625,0.0,0.0,0
2030-08-22 10:00:00,0.0,0.0,0.0,0.0,14.12715552135788,0.0,0.0,0
2030-08-22 11:00:00,0.0,0.0,0.0,0.0,19.838468622163127,0.0,0.0,0
2030-08-22 12:00:00,0.0,0.0,0.0,0.0,25.310496941097583,0.0,0.0,0
2030-08-22 13:00:00,0.0,0.0,0.0,0.0,27.43275926008458,0.0,0.0,0
2030-08-22 14:00:00,0.0,0.0,0.0,0.0,26.07585472909428,0.0,0.0,0
2030-08-22 15:00:00,0.0,0.0,0.0,0.0,24.72307452798541,0.0,0.0,0
2030-08-22 16:00:00,0.0,0.0,0.0,0.0,21.44062348360272,0.0,0.0,0
2030-08-22 17:00:00,0.0,0.0,0.0,0.0,16.198526555557955,0.0,0.0,0
2030-08-22 18:00:00,0.0,0.0,0.0,0.0,9.346026106310749,0.0,0.0,0
2030-08-22 19:00:00,0.0,0.0,0.0,0.0,3.107977160648648,0.0,0.0,0
2030-08-22 20:00:00,0.0,0.0,0.0,0.0,0.0,0.0,0.0,0
2030-08-22 21:00:00,0.0,0.0,0.0,0.0,0.0,0.0,0.0,0
2030-08-22 22:00:00,0.0,0.0,0.0,0.0,0.0,0.0,0.0,0
2030-08-22 23:00:00,0.0,0.0,0.0,0.0,0.0,0.0,0.0,0
2030-08-23 00:00:00,0.0,0.0,0.0,0.0,0.0,0.0,0.0,0
2030-08-23 01:00:00,0.0,0.0,0.0,0.0,0.0,0.0,0.0,0
2030-08-23 02:00:00,0.0,0.0,0.0,0.0,0.0,0.0,0.0,0
2030-08-23 03:00:00,0.0,0.0,0.0,0.0,0.0,0.0,0.0,0
2030-08-23 04:00:00,0.0,0.0,0.0,0.0,0.0,0.0,0.0,0
2030-08-23 05:00:00,0.0,0.0,0.0,0.0,0.0,0.0,0.0,0
2030-08-23 06:00:00,0.0,0.0,0.0,0.0,0.0,0.0,0.0,0
2030-08-23 07:00:00,0.0,0.0,0.0,0.0,0.0,0.0,0.0,0
2030-08-23 08:00:00,0.0,0.0,0.0,0.0,1.266758463581911,0.0,0.0,0
2030-08-23 09:00:00,0.0,0.0,0.0,0.0,6.333792317909567,0.0,0.0,0
2030-08-23 10:00:00,0.0,0.0,0.0,0.0,11.223479987335752,0.0,0.0,0
2030-08-23 11:00:00,0.0,0.0,0.0,0.0,18.287941532989286,0.0,0.0,0
2030-08-23 12:00:00,0.0,0.0,0.0,0.0,20.124520358939417,0.0,0.0,0
2030-08-23 13:00:00,0.0,0.0,0.0,0.0,20.2852219268194,0.0,0.0,0
2030-08-23 14:00:00,0.0,0.0,0.0,0.0,21.142419703425787,0.0,0.0,0
2030-08-23 15:00:00,0.0,0.0,0.0,0.0,19.54372633313668,0.0,0.0,0
2030-08-23 16:00:00,0.0,0.0,0.0,0.0,15.007479004799425,0.0,0.0,0
2030-08-23 17:00:00,0.0,0.0,0.0,0.0,11.0316249991014,0.0,0.0,0
2030-08-23 18:00:00,0.0,0.0,0.0,0.0,6.068656825531959,0.0,0.0,0
2030-08-23 19:00:00,0.0,0.0,0.0,0.0,1.5687183299008551,0.0,0.0,0
2030-08-23 20:00:00,0.0,0.0,0.0,0.0,0.0,0.0,0.0,0
2030-08-23 21:00:00,0.0,0.0,0.0,0.0,0.0,0.0,0.0,0
2030-08-23 22:00:00,0.0,0.0,0.0,0.0,0.0,0.0,0.0,0
2030-08-23 23:00:00,0.0,0.0,0.0,0.0,0.0,0.0,0.0,0
2030-08-24 00:00:00,0.0,0.0,0.0,0.0,0.0,0.0,0.0,0
2030-08-24 01:00:00,0.0,0.0,0.0,0.0,0.0,0.0,0.0,0
2030-08-24 02:00:00,0.0,0.0,0.0,0.0,0.0,0.0,0.0,0
2030-08-24 03:00:00,0.0,0.0,0.0,0.0,0.0,0.0,0.0,0
2030-08-24 04:00:00,0.0,0.0,0.0,0.0,0.0,0.0,0.0,0
2030-08-24 05:00:00,0.0,0.0,0.0,0.0,0.0,0.0,0.0,0
2030-08-24 06:00:00,0.0,0.0,0.0,0.0,0.0,0.0,0.0,0
2030-08-24 07:00:00,0.0,0.0,0.0,0.0,0.0,0.0,0.0,0
2030-08-24 08:00:00,0.0,0.0,0.0,0.0,1.1268258426048379,0.0,0.0,0
2030-08-24 09:00:00,0.0,0.0,0.0,0.0,6.503184438039707,0.0,0.0,0
2030-08-24 10:00:00,0.0,0.0,0.0,0.0,12.919463353577864,0.0,0.0,0
2030-08-24 11:00:00,0.0,0.0,0.0,0.0,17.969705293388273,0.0,0.0,0
2030-08-24 12:00:00,0.0,0.0,0.0,0.0,19.25973676130111,0.0,0.0,0
2030-08-24 13:00:00,0.0,0.0,0.0,0.0,21.701708294846785,0.0,0.0,0
2030-08-24 14:00:00,0.0,0.0,0.0,0.0,19.383761252735525,0.0,0.0,0
2030-08-24 15:00:00,0.0,0.0,0.0,0.0,23.020536423181746,0.0,0.0,0
2030-08-24 16:00:00,0.0,0.0,0.0,0.0,19.331102397999416,0.0,0.0,0
2030-08-24 17:00:00,0.0,0.0,0.0,0.0,14.37999167283908,0.0,0.0,0
2030-08-24 18:00:00,0.0,0.0,0.0,0.0,9.341901776429316,0.0,0.0,0
2030-08-24 19:00:00,0.0,0.0,0.0,0.0,1.36250183582938,0.0,0.0,0
2030-08-24 20:00:00,0.0,0.0,0.0,0.0,0.0,0.0,0.0,0
2030-08-24 21:00:00,0.0,0.0,0.0,0.0,0.0,0.0,0.0,0
2030-08-24 22:00:00,0.0,0.0,0.0,0.0,0.0,0.0,0.0,0
2030-08-24 23:00:00,0.0,0.0,0.0,0.0,0.0,0.0,0.0,0
2030-08-25 00:00:00,0.0,0.0,0.0,0.0,0.0,0.0,0.0,0
2030-08-25 01:00:00,0.0,0.0,0.0,0.0,0.0,0.0,0.0,0
2030-08-25 02:00:00,0.0,0.0,0.0,0.0,0.0,0.0,0.0,0
2030-08-25 03:00:00,0.0,0.0,0.0,0.0,0.0,0.0,0.0,0
2030-08-25 04:00:00,0.0,0.0,0.0,0.0,0.0,0.0,0.0,0
2030-08-25 05:00:00,0.0,0.0,0.0,0.0,0.0,0.0,0.0,0
2030-08-25 06:00:00,0.0,0.0,0.0,0.0,0.0,0.0,0.0,0
2030-08-25 07:00:00,0.0,0.0,0.0,0.0,0.0,0.0,0.0,0
2030-08-25 08:00:00,0.0,0.0,0.0,0.0,1.5466237055360574,0.0,0.0,0
2030-08-25 09:00:00,0.0,0.0,0.0,0.0,7.702038756073796,0.0,0.0,0
2030-08-25 10:00:00,0.0,0.0,0.0,0.0,13.761415839372543,0.0,0.0,0
2030-08-25 11:00:00,0.0,0.0,0.0,0.0,18.031349295366066,0.0,0.0,0
2030-08-25 12:00:00,0.0,0.0,0.0,0.0,22.44150996732819,0.0,0.0,0
2030-08-25 13:00:00,0.0,0.0,0.0,0.0,23.424352507822416,0.0,0.0,0
2030-08-25 14:00:00,0.0,0.0,0.0,0.0,23.90712005019332,0.0,0.0,0
2030-08-25 15:00:00,0.0,0.0,0.0,0.0,24.176600818696006,0.0,0.0,0
2030-08-25 16:00:00,0.0,0.0,0.0,0.0,21.139252807266832,0.0,0.0,0
2030-08-25 17:00:00,0.0,0.0,0.0,0.0,16.91682279365763,0.0,0.0,0
2030-08-25 18:00:00,0.0,0.0,0.0,0.0,9.626554186995833,0.0,0.0,0
2030-08-25 19:00:00,0.0,0.0,0.0,0.0,1.509799331594722,0.0,0.0,0
2030-08-25 20:00:00,0.0,0.0,0.0,0.0,0.0,0.0,0.0,0
2030-08-25 21:00:00,0.0,0.0,0.0,0.0,0.0,0.0,0.0,0
2030-08-25 22:00:00,0.0,0.0,0.0,0.0,0.0,0.0,0.0,0
2030-08-25 23:00:00,0.0,0.0,0.0,0.0,0.0,0.0,0.0,0
2030-08-26 00:00:00,0.0,0.0,0.0,0.0,0.0,0.0,0.0,0
2030-08-26 01:00:00,0.0,0.0,0.0,0.0,0.0,0.0,0.0,0
2030-08-26 02:00:00,0.0,0.0,0.0,0.0,0.0,0.0,0.0,0
2030-08-26 03:00:00,0.0,0.0,0.0,0.0,0.0,0.0,0.0,0
2030-08-26 04:00:00,0.0,0.0,0.0,0.0,0.0,0.0,0.0,0
2030-08-26 05:00:00,0.0,0.0,0.0,0.0,0.0,0.0,0.0,0
2030-08-26 06:00:00,0.0,0.0,0.0,0.0,0.0,0.0,0.0,0
2030-08-26 07:00:00,0.0,0.0,0.0,0.0,0.0,0.0,0.0,0
2030-08-26 08:00:00,0.0,0.0,0.0,0.0,0.7659469779797597,0.0,0.0,0
2030-08-26 09:00:00,0.0,0.0,0.0,0.0,3.5793291470977326,0.0,0.0,0
2030-08-26 10:00:00,0.0,0.0,0.0,0.0,9.079049395236073,0.0,0.0,0
2030-08-26 11:00:00,0.0,0.0,0.0,0.0,12.17104477759418,0.0,0.0,0
2030-08-26 12:00:00,0.0,0.0,0.0,0.0,18.56500812252389,0.0,0.0,0
2030-08-26 13:00:00,0.0,0.0,0.0,0.0,21.147575115777567,0.0,0.0,0
2030-08-26 14:00:00,0.0,0.0,0.0,0.0,21.990926927782024,0.0,0.0,0
2030-08-26 15:00:00,0.0,0.0,0.0,0.0,19.866528795106426,0.0,0.0,0
2030-08-26 16:00:00,0.0,0.0,0.0,0.0,19.347010527542075,0.0,0.0,0
2030-08-26 17:00:00,0.0,0.0,0.0,0.0,12.28534763430808,0.0,0.0,0
2030-08-26 18:00:00,0.0,0.0,0.0,0.0,6.64311705901678,0.0,0.0,0
2030-08-26 19:00:00,0.0,0.0,0.0,0.0,1.9369620693142016,0.0,0.0,0
2030-08-26 20:00:00,0.0,0.0,0.0,0.0,0.0,0.0,0.0,0
2030-08-26 21:00:00,0.0,0.0,0.0,0.0,0.0,0.0,0.0,0
2030-08-26 22:00:00,0.0,0.0,0.0,0.0,0.0,0.0,0.0,0
2030-08-26 23:00:00,0.0,0.0,0.0,0.0,0.0,0.0,0.0,0
2030-08-27 00:00:00,0.0,0.0,0.0,0.0,0.0,0.0,0.0,0
2030-08-27 01:00:00,0.0,0.0,0.0,0.0,0.0,0.0,0.0,0
2030-08-27 02:00:00,0.0,0.0,0.0,0.0,0.0,0.0,0.0,0
2030-08-27 03:00:00,0.0,0.0,0.0,0.0,0.0,0.0,0.0,0
2030-08-27 04:00:00,0.0,0.0,0.0,0.0,0.0,0.0,0.0,0
2030-08-27 05:00:00,0.0,0.0,0.0,0.0,0.0,0.0,0.0,0
2030-08-27 06:00:00,0.0,0.0,0.0,0.0,0.0,0.0,0.0,0
2030-08-27 07:00:00,0.0,0.0,0.0,0.0,0.0,0.0,0.0,0
2030-08-27 08:00:00,0.0,0.0,0.0,0.0,1.7454753248192643,0.0,0.0,0
2030-08-27 09:00:00,0.0,0.0,0.0,0.0,8.871580872450588,0.0,0.0,0
2030-08-27 10:00:00,0.0,0.0,0.0,0.0,15.98037896432949,0.0,0.0,0
2030-08-27 11:00:00,0.0,0.0,0.0,0.0,19.645582551458418,0.0,0.0,0
2030-08-27 12:00:00,0.0,0.0,0.0,0.0,18.594099377937535,0.0,0.0,0
2030-08-27 13:00:00,0.0,0.0,0.0,0.0,21.9230227822342,0.0,0.0,0
2030-08-27 14:00:00,0.0,0.0,0.0,0.0,26.374721348002154,0.0,0.0,0
2030-08-27 15:00:00,0.0,0.0,0.0,0.0,20.889583551944582,0.0,0.0,0
2030-08-27 16:00:00,0.0,0.0,0.0,0.0,20.50307492305633,0.0,0.0,0
2030-08-27 17:00:00,0.0,0.0,0.0,0.0,15.7389583687701,0.0,0.0,0
2030-08-27 18:00:00,0.0,0.0,0.0,0.0,8.659619776044265,0.0,0.0,0
2030-08-27 19:00:00,0.0,0.0,0.0,0.0,1.1562853417579086,0.0,0.0,0
2030-08-27 20:00:00,0.0,0.0,0.0,0.0,0.0,0.0,0.0,0
2030-08-27 21:00:00,0.0,0.0,0.0,0.0,0.0,0.0,0.0,0
2030-08-27 22:00:00,0.0,0.0,0.0,0.0,0.0,0.0,0.0,0
2030-08-27 23:00:00,0.0,0.0,0.0,0.0,0.0,0.0,0.0,0
2030-08-28 00:00:00,0.0,0.0,0.0,0.0,0.0,0.0,0.0,0
2030-08-28 01:00:00,0.0,0.0,0.0,0.0,0.0,0.0,0.0,0
2030-08-28 02:00:00,0.0,0.0,0.0,0.0,0.0,0.0,0.0,0
2030-08-28 03:00:00,0.0,0.0,0.0,0.0,0.0,0.0,0.0,0
2030-08-28 04:00:00,0.0,0.0,0.0,0.0,0.0,0.0,0.0,0
2030-08-28 05:00:00,0.0,0.0,0.0,0.0,0.0,0.0,0.0,0
2030-08-28 06:00:00,0.0,0.0,0.0,0.0,0.0,0.0,0.0,0
2030-08-28 07:00:00,0.0,0.0,0.0,0.0,0.0,0.0,0.0,0
2030-08-28 08:00:00,0.0,0.0,0.0,0.0,1.8338538222784644,0.0,0.0,0
2030-08-28 09:00:00,0.0,0.0,0.0,0.0,8.675233310595395,0.0,0.0,0
2030-08-28 10:00:00,0.0,0.0,0.0,0.0,14.360548403398056,0.0,0.0,0
2030-08-28 11:00:00,0.0,0.0,0.0,0.0,18.080841253943223,0.0,0.0,0
2030-08-28 12:00:00,0.0,0.0,0.0,0.0,17.829404428671786,0.0,0.0,0
2030-08-28 13:00:00,0.0,0.0,0.0,0.0,25.13491832614529,0.0,0.0,0
2030-08-28 14:00:00,0.0,0.0,0.0,0.0,25.83966319463456,0.0,0.0,0
2030-08-28 15:00:00,0.0,0.0,0.0,0.0,22.78854286735133,0.0,0.0,0
2030-08-28 16:00:00,0.0,0.0,0.0,0.0,19.03599186523356,0.0,0.0,0
2030-08-28 17:00:00,0.0,0.0,0.0,0.0,10.135319737369313,0.0,0.0,0
2030-08-28 18:00:00,0.0,0.0,0.0,0.0,5.376358595434866,0.0,0.0,0
2030-08-28 19:00:00,0.0,0.0,0.0,0.0,1.6644617021483283,0.0,0.0,0
2030-08-28 20:00:00,0.0,0.0,0.0,0.0,0.0,0.0,0.0,0
2030-08-28 21:00:00,0.0,0.0,0.0,0.0,0.0,0.0,0.0,0
2030-08-28 22:00:00,0.0,0.0,0.0,0.0,0.0,0.0,0.0,0
2030-08-28 23:00:00,0.0,0.0,0.0,0.0,0.0,0.0,0.0,0
2030-08-29 00:00:00,0.0,0.0,0.0,0.0,0.0,0.0,0.0,0
2030-08-29 01:00:00,0.0,0.0,0.0,0.0,0.0,0.0,0.0,0
2030-08-29 02:00:00,0.0,0.0,0.0,0.0,0.0,0.0,0.0,0
2030-08-29 03:00:00,0.0,0.0,0.0,0.0,0.0,0.0,0.0,0
2030-08-29 04:00:00,0.0,0.0,0.0,0.0,0.0,0.0,0.0,0
2030-08-29 05:00:00,0.0,0.0,0.0,0.0,0.0,0.0,0.0,0
2030-08-29 06:00:00,0.0,0.0,0.0,0.0,0.0,0.0,0.0,0
2030-08-29 07:00:00,0.0,0.0,0.0,0.0,0.0,0.0,0.0,0
2030-08-29 08:00:00,0.0,0.0,0.0,0.0,0.927974223321631,0.0,0.0,0
2030-08-29 09:00:00,0.0,0.0,0.0,0.0,4.433654622536697,0.0,0.0,0
2030-08-29 10:00:00,0.0,0.0,0.0,0.0,9.484264806086518,0.0,0.0,0
2030-08-29 11:00:00,0.0,0.0,0.0,0.0,11.88742344949802,0.0,0.0,0
2030-08-29 12:00:00,0.0,0.0,0.0,0.0,11.488099938478184,0.0,0.0,0
2030-08-29 13:00:00,0.0,0.0,0.0,0.0,14.42462281405598,0.0,0.0,0
2030-08-29 14:00:00,0.0,0.0,0.0,0.0,16.11920685408832,0.0,0.0,0
2030-08-29 15:00:00,0.0,0.0,0.0,0.0,16.271291518466032,0.0,0.0,0
2030-08-29 16:00:00,0.0,0.0,0.0,0.0,14.836392963467986,0.0,0.0,0
2030-08-29 17:00:00,0.0,0.0,0.0,0.0,9.294103739053464,0.0,0.0,0
2030-08-29 18:00:00,0.0,0.0,0.0,0.0,4.360005874654026,0.0,0.0,0
2030-08-29 19:00:00,0.0,0.0,0.0,0.0,1.6055427038421908,0.0,0.0,0
2030-08-29 20:00:00,0.0,0.0,0.0,0.0,0.0,0.0,0.0,0
2030-08-29 21:00:00,0.0,0.0,0.0,0.0,0.0,0.0,0.0,0
2030-08-29 22:00:00,0.0,0.0,0.0,0.0,0.0,0.0,0.0,0
2030-08-29 23:00:00,0.0,0.0,0.0,0.0,0.0,0.0,0.0,0
2030-08-30 00:00:00,0.0,0.0,0.0,0.0,0.0,0.0,0.0,0
2030-08-30 01:00:00,0.0,0.0,0.0,0.0,0.0,0.0,0.0,0
2030-08-30 02:00:00,0.0,0.0,0.0,0.0,0.0,0.0,0.0,0
2030-08-30 03:00:00,0.0,0.0,0.0,0.0,0.0,0.0,0.0,0
2030-08-30 04:00:00,0.0,0.0,0.0,0.0,0.0,0.0,0.0,0
2030-08-30 05:00:00,0.0,0.0,0.0,0.0,0.0,0.0,0.0,0
2030-08-30 06:00:00,0.0,0.0,0.0,0.0,0.0,0.0,0.0,0
2030-08-30 07:00:00,0.0,0.0,0.0,0.0,0.0,0.0,0.0,0
2030-08-30 08:00:00,0.0,0.0,0.0,0.0,1.266758463581911,0.0,0.0,0
2030-08-30 09:00:00,0.0,0.0,0.0,0.0,7.421510675388711,0.0,0.0,0
2030-08-30 10:00:00,0.0,0.0,0.0,0.0,12.27150166970614,0.0,0.0,0
2030-08-30 11:00:00,0.0,0.0,0.0,0.0,16.786243563661657,0.0,0.0,0
2030-08-30 12:00:00,0.0,0.0,0.0,0.0,12.18319682099482,0.0,0.0,0
2030-08-30 13:00:00,0.0,0.0,0.0,0.0,17.124291316443113,0.0,0.0,0
2030-08-30 14:00:00,0.0,0.0,0.0,0.0,20.066337848112106,0.0,0.0,0
2030-08-30 15:00:00,0.0,0.0,0.0,0.0,19.83677470096183,0.0,0.0,0
2030-08-30 16:00:00,0.0,0.0,0.0,0.0,20.30392870878159,0.0,0.0,0
2030-08-30 17:00:00,0.0,0.0,0.0,0.0,16.55734325524232,0.0,0.0,0
2030-08-30 18:00:00,0.0,0.0,0.0,0.0,9.458635041823348,0.0,0.0,0
2030-08-30 19:00:00,0.0,0.0,0.0,0.0,2.2610165599979486,0.0,0.0,0
2030-08-30 20:00:00,0.0,0.0,0.0,0.0,0.0,0.0,0.0,0
2030-08-30 21:00:00,0.0,0.0,0.0,0.0,0.0,0.0,0.0,0
2030-08-30 22:00:00,0.0,0.0,0.0,0.0,0.0,0.0,0.0,0
2030-08-30 23:00:00,0.0,0.0,0.0,0.0,0.0,0.0,0.0,0
2030-08-31 00:00:00,0.0,0.0,0.0,0.0,0.0,0.0,0.0,0
2030-08-31 01:00:00,0.0,0.0,0.0,0.0,0.0,0.0,0.0,0
2030-08-31 02:00:00,0.0,0.0,0.0,0.0,0.0,0.0,0.0,0
2030-08-31 03:00:00,0.0,0.0,0.0,0.0,0.0,0.0,0.0,0
2030-08-31 04:00:00,0.0,0.0,0.0,0.0,0.0,0.0,0.0,0
2030-08-31 05:00:00,0.0,0.0,0.0,0.0,0.0,0.0,0.0,0
2030-08-31 06:00:00,0.0,0.0,0.0,0.0,0.0,0.0,0.0,0
2030-08-31 07:00:00,0.0,0.0,0.0,0.0,0.0,0.0,0.0,0
2030-08-31 08:00:00,0.0,0.0,0.0,0.0,1.8485835718550017,0.0,0.0,0
2030-08-31 09:00:00,0.0,0.0,0.0,0.0,8.819658505193308,0.0,0.0,0
2030-08-31 10:00:00,0.0,0.0,0.0,0.0,16.448932298359033,0.0,0.0,0
2030-08-31 11:00:00,0.0,0.0,0.0,0.0,22.06295540321127,0.0,0.0,0
2030-08-31 12:00:00,0.0,0.0,0.0,0.0,23.748848890993465,0.0,0.0,0
2030-08-31 13:00:00,0.0,0.0,0.0,0.0,24.717919115633627,0.0,0.0,0
2030-08-31 14:00:00,0.0,0.0,0.0,0.0,23.07599393033739,0.0,0.0,0
2030-08-31 15:00:00,0.0,0.0,0.0,0.0,25.861831467747244,0.0,0.0,0
2030-08-31 16:00:00,0.0,0.0,0.0,0.0,20.88023016096349,0.0,0.0,0
2030-08-31 17:00:00,0.0,0.0,0.0,0.0,15.974781659490407,0.0,0.0,0
2030-08-31 18:00:00,0.0,0.0,0.0,0.0,9.063804104424358,0.0,0.0,0
2030-08-31 19:00:00,0.0,0.0,0.0,0.0,2.319935558304086,0.0,0.0,0
2030-08-31 20:00:00,0.0,0.0,0.0,0.0,0.0,0.0,0.0,0
2030-08-31 21:00:00,0.0,0.0,0.0,0.0,0.0,0.0,0.0,0
2030-08-31 22:00:00,0.0,0.0,0.0,0.0,0.0,0.0,0.0,0
2030-08-31 23:00:00,0.0,0.0,0.0,0.0,0.0,0.0,0.0,0
2030-09-01 00:00:00,0.0,0.0,0.0,0.0,0.0,0.0,0.0,0
2030-09-01 01:00:00,0.0,0.0,0.0,0.0,0.0,0.0,0.0,0
2030-09-01 02:00:00,0.0,0.0,0.0,0.0,0.0,0.0,0.0,0
2030-09-01 03:00:00,0.0,0.0,0.0,0.0,0.0,0.0,0.0,0
2030-09-01 04:00:00,0.0,0.0,0.0,0.0,0.0,0.0,0.0,0
2030-09-01 05:00:00,0.0,0.0,0.0,0.0,0.0,0.0,0.0,0
2030-09-01 06:00:00,0.0,0.0,0.0,0.0,0.0,0.0,0.0,0
2030-09-01 07:00:00,0.0,0.0,0.0,0.0,0.0,0.0,0.0,0
2030-09-01 08:00:00,0.0,0.0,0.0,0.0,1.959056693679004,0.0,0.0,0
2030-09-01 09:00:00,0.0,0.0,0.0,0.0,9.291673330373337,0.0,0.0,0
2030-09-01 10:00:00,0.0,0.0,0.0,0.0,16.792135463492272,0.0,0.0,0
2030-09-01 11:00:00,0.0,0.0,0.0,0.0,22.10176829334544,0.0,0.0,0
2030-09-01 12:00:00,0.0,0.0,0.0,0.0,25.51759722014365,0.0,0.0,0
2030-09-01 13:00:00,0.0,0.0,0.0,0.0,25.47495459511958,0.0,0.0,0
2030-09-01 14:00:00,0.0,0.0,0.0,0.0,26.811458422946384,0.0,0.0,0
2030-09-01 15:00:00,0.0,0.0,0.0,0.0,25.688315017735675,0.0,0.0,0
2030-09-01 16:00:00,0.0,0.0,0.0,0.0,22.52738440735939,0.0,0.0,0
2030-09-01 17:00:00,0.0,0.0,0.0,0.0,17.239993499366783,0.0,0.0,0
2030-09-01 18:00:00,0.0,0.0,0.0,0.0,9.910249163839875,0.0,0.0,0
2030-09-01 19:00:00,0.0,0.0,0.0,0.0,2.6439900489878285,0.0,0.0,0
2030-09-01 20:00:00,0.0,0.0,0.0,0.0,0.0,0.0,0.0,0
2030-09-01 21:00:00,0.0,0.0,0.0,0.0,0.0,0.0,0.0,0
2030-09-01 22:00:00,0.0,0.0,0.0,0.0,0.0,0.0,0.0,0
2030-09-01 23:00:00,0.0,0.0,0.0,0.0,0.0,0.0,0.0,0
2030-09-02 00:00:00,0.0,0.0,0.0,0.0,0.0,0.0,0.0,0
2030-09-02 01:00:00,0.0,0.0,0.0,0.0,0.0,0.0,0.0,0
2030-09-02 02:00:00,0.0,0.0,0.0,0.0,0.0,0.0,0.0,0
2030-09-02 03:00:00,0.0,0.0,0.0,0.0,0.0,0.0,0.0,0
2030-09-02 04:00:00,0.0,0.0,0.0,0.0,0.0,0.0,0.0,0
2030-09-02 05:00:00,0.0,0.0,0.0,0.0,0.0,0.0,0.0,0
2030-09-02 06:00:00,0.0,0.0,0.0,0.0,0.0,0.0,0.0,0
2030-09-02 07:00:00,0.0,0.0,0.0,0.0,0.0,0.0,0.0,0
2030-09-02 08:00:00,0.0,0.0,0.0,0.0,0.8911498493802998,0.0,0.0,0
2030-09-02 09:00:00,0.0,0.0,0.0,0.0,6.466360064098372,0.0,0.0,0
2030-09-02 10:00:00,0.0,0.0,0.0,0.0,13.440012703612572,0.0,0.0,0
2030-09-02 11:00:00,0.0,0.0,0.0,0.0,17.80900372550829,0.0,0.0,0
2030-09-02 12:00:00,0.0,0.0,0.0,0.0,23.097425715971248,0.0,0.0,0
2030-09-02 13:00:00,0.0,0.0,0.0,0.0,24.438790361158308,0.0,0.0,0
2030-09-02 14:00:00,0.0,0.0,0.0,0.0,26.679553515488525,0.0,0.0,0
2030-09-02 15:00:00,0.0,0.0,0.0,0.0,23.247079971668835,0.0,0.0,0
2030-09-02 16:00:00,0.0,0.0,0.0,0.0,17.44841945587474,0.0,0.0,0
2030-09-02 17:00:00,0.0,0.0,0.0,0.0,14.744994867345595,0.0,0.0,0
2030-09-02 18:00:00,0.0,0.0,0.0,0.0,7.452664095743079,0.0,0.0,0
2030-09-02 19:00:00,0.0,0.0,0.0,0.0,2.3862194313984886,0.0,0.0,0
2030-09-02 20:00:00,0.0,0.0,0.0,0.0,0.0,0.0,0.0,0
2030-09-02 21:00:00,0.0,0.0,0.0,0.0,0.0,0.0,0.0,0
2030-09-02 22:00:00,0.0,0.0,0.0,0.0,0.0,0.0,0.0,0
2030-09-02 23:00:00,0.0,0.0,0.0,0.0,0.0,0.0,0.0,0
2030-09-03 00:00:00,0.0,0.0,0.0,0.0,0.0,0.0,0.0,0
2030-09-03 01:00:00,0.0,0.0,0.0,0.0,0.0,0.0,0.0,0
2030-09-03 02:00:00,0.0,0.0,0.0,0.0,0.0,0.0,0.0,0
2030-09-03 03:00:00,0.0,0.0,0.0,0.0,0.0,0.0,0.0,0
2030-09-03 04:00:00,0.0,0.0,0.0,0.0,0.0,0.0,0.0,0
2030-09-03 05:00:00,0.0,0.0,0.0,0.0,0.0,0.0,0.0,0
2030-09-03 06:00:00,0.0,0.0,0.0,0.0,0.0,0.0,0.0,0
2030-09-03 07:00:00,0.0,0.0,0.0,0.0,0.0,0.0,0.0,0
2030-09-03 08:00:00,0.0,0.0,0.0,0.0,1.1047312182400395,0.0,0.0,0
2030-09-03 09:00:00,0.0,0.0,0.0,0.0,6.9008876766061205,0.0,0.0,0
2030-09-03 10:00:00,0.0,0.0,0.0,0.0,14.727687411593166,0.0,0.0,0
2030-09-03 11:00:00,0.0,0.0,0.0,0.0,16.005640484853245,0.0,0.0,0
2030-09-03 12:00:00,0.0,0.0,0.0,0.0,20.573704072275813,0.0,0.0,0
2030-09-03 13:00:00,0.0,0.0,0.0,0.0,26.0723932379438,0.0,0.0,0
2030-09-03 14:00:00,0.0,0.0,0.0,0.0,27.445942385955583,0.0,0.0,0
2030-09-03 15:00:00,0.0,0.0,0.0,0.0,24.74008738874631,0.0,0.0,0
2030-09-03 16:00:00,0.0,0.0,0.0,0.0,21.02185670314186,0.0,0.0,0
2030-09-03 17:00:00,0.0,0.0,0.0,0.0,15.80303277942802,0.0,0.0,0
2030-09-03 18:00:00,0.0,0.0,0.0,0.0,7.8024956481857615,0.0,0.0,0
2030-09-03 19:00:00,0.0,0.0,0.0,0.0,2.180002937327013,0.0,0.0,0
2030-09-03 20:00:00,0.0,0.0,0.0,0.0,0.0,0.0,0.0,0
2030-09-03 21:00:00,0.0,0.0,0.0,0.0,0.0,0.0,0.0,0
2030-09-03 22:00:00,0.0,0.0,0.0,0.0,0.0,0.0,0.0,0
2030-09-03 23:00:00,0.0,0.0,0.0,0.0,0.0,0.0,0.0,0
2030-09-04 00:00:00,0.0,0.0,0.0,0.0,0.0,0.0,0.0,0
2030-09-04 01:00:00,0.0,0.0,0.0,0.0,0.0,0.0,0.0,0
2030-09-04 02:00:00,0.0,0.0,0.0,0.0,0.0,0.0,0.0,0
2030-09-04 03:00:00,0.0,0.0,0.0,0.0,0.0,0.0,0.0,0
2030-09-04 04:00:00,0.0,0.0,0.0,0.0,0.0,0.0,0.0,0
2030-09-04 05:00:00,0.0,0.0,0.0,0.0,0.0,0.0,0.0,0
2030-09-04 06:00:00,0.0,0.0,0.0,0.0,0.0,0.0,0.0,0
2030-09-04 07:00:00,0.0,0.0,0.0,0.0,0.0,0.0,0.0,0
2030-09-04 08:00:00,0.0,0.0,0.0,0.0,1.8927728205846015,0.0,0.0,0
2030-09-04 09:00:00,0.0,0.0,0.0,0.0,8.802351049440878,0.0,0.0,0
2030-09-04 10:00:00,0.0,0.0,0.0,0.0,16.583341263244904,0.0,0.0,0
2030-09-04 11:00:00,0.0,0.0,0.0,0.0,21.93583766436579,0.0,0.0,0
2030-09-04 12:00:00,0.0,0.0,0.0,0.0,24.74214955368702,0.0,0.0,0
2030-09-04 13:00:00,0.0,0.0,0.0,0.0,26.91603964493977,0.0,0.0,0
2030-09-04 14:00:00,0.0,0.0,0.0,0.0,26.967004578474576,0.0,0.0,0
2030-09-04 15:00:00,0.0,0.0,0.0,0.0,22.256872556386345,0.0,0.0,0
2030-09-04 16:00:00,0.0,0.0,0.0,0.0,16.59541965789766,0.0,0.0,0
2030-09-04 17:00:00,0.0,0.0,0.0,0.0,12.085170337562989,0.0,0.0,0
2030-09-04 18:00:00,0.0,0.0,0.0,0.0,4.595681867878568,0.0,0.0,0
2030-09-04 19:00:00,0.0,0.0,0.0,0.0,1.3845964601941823,0.0,0.0,0
2030-09-04 20:00:00,0.0,0.0,0.0,0.0,0.0,0.0,0.0,0
2030-09-04 21:00:00,0.0,0.0,0.0,0.0,0.0,0.0,0.0,0
2030-09-04 22:00:00,0.0,0.0,0.0,0.0,0.0,0.0,0.0,0
2030-09-04 23:00:00,0.0,0.0,0.0,0.0,0.0,0.0,0.0,0
2030-09-05 00:00:00,0.0,0.0,0.0,0.0,0.0,0.0,0.0,0
2030-09-05 01:00:00,0.0,0.0,0.0,0.0,0.0,0.0,0.0,0
2030-09-05 02:00:00,0.0,0.0,0.0,0.0,0.0,0.0,0.0,0
2030-09-05 03:00:00,0.0,0.0,0.0,0.0,0.0,0.0,0.0,0
2030-09-05 04:00:00,0.0,0.0,0.0,0.0,0.0,0.0,0.0,0
2030-09-05 05:00:00,0.0,0.0,0.0,0.0,0.0,0.0,0.0,0
2030-09-05 06:00:00,0.0,0.0,0.0,0.0,0.0,0.0,0.0,0
2030-09-05 07:00:00,0.0,0.0,0.0,0.0,0.0,0.0,0.0,0
2030-09-05 08:00:00,0.0,0.0,0.0,0.0,2.1505434381739463,0.0,0.0,0
2030-09-05 09:00:00,0.0,0.0,0.0,0.0,9.573600737268194,0.0,0.0,0
2030-09-05 10:00:00,0.0,0.0,0.0,0.0,16.879114634741704,0.0,0.0,0
2030-09-05 11:00:00,0.0,0.0,0.0,0.0,22.15059741319165,0.0,0.0,0
2030-09-05 12:00:00,0.0,0.0,0.0,0.0,24.577986494656557,0.0,0.0,0
2030-09-05 13:00:00,0.0,0.0,0.0,0.0,27.22050356868673,0.0,0.0,0
2030-09-05 14:00:00,0.0,0.0,0.0,0.0,27.747975901022407,0.0,0.0,0
2030-09-05 15:00:00,0.0,0.0,0.0,0.0,26.571805397336178,0.0,0.0,0
2030-09-05 16:00:00,0.0,0.0,0.0,0.0,20.89650653424555,0.0,0.0,0
2030-09-05 17:00:00,0.0,0.0,0.0,0.0,14.16523192401322,0.0,0.0,0
2030-09-05 18:00:00,0.0,0.0,0.0,0.0,8.670372493235137,0.0,0.0,0
2030-09-05 19:00:00,0.0,0.0,0.0,0.0,1.9664215684672728,0.0,0.0,0
2030-09-05 20:00:00,0.0,0.0,0.0,0.0,0.0,0.0,0.0,0
2030-09-05 21:00:00,0.0,0.0,0.0,0.0,0.0,0.0,0.0,0
2030-09-05 22:00:00,0.0,0.0,0.0,0.0,0.0,0.0,0.0,0
2030-09-05 23:00:00,0.0,0.0,0.0,0.0,0.0,0.0,0.0,0
2030-09-06 00:00:00,0.0,0.0,0.0,0.0,0.0,0.0,0.0,0
2030-09-06 01:00:00,0.0,0.0,0.0,0.0,0.0,0.0,0.0,0
2030-09-06 02:00:00,0.0,0.0,0.0,0.0,0.0,0.0,0.0,0
2030-09-06 03:00:00,0.0,0.0,0.0,0.0,0.0,0.0,0.0,0
2030-09-06 04:00:00,0.0,0.0,0.0,0.0,0.0,0.0,0.0,0
2030-09-06 05:00:00,0.0,0.0,0.0,0.0,0.0,0.0,0.0,0
2030-09-06 06:00:00,0.0,0.0,0.0,0.0,0.0,0.0,0.0,0
2030-09-06 07:00:00,0.0,0.0,0.0,0.0,0.0,0.0,0.0,0
2030-09-06 08:00:00,0.0,0.0,0.0,0.0,1.6644617021483283,0.0,0.0,0
2030-09-06 09:00:00,0.0,0.0,0.0,0.0,7.923647838452749,0.0,0.0,0
2030-09-06 10:00:00,0.0,0.0,0.0,0.0,15.538781072025005,0.0,0.0,0
2030-09-06 11:00:00,0.0,0.0,0.0,0.0,21.666725139602512,0.0,0.0,0
2030-09-06 12:00:00,0.0,0.0,0.0,0.0,23.97679176569032,0.0,0.0,0
2030-09-06 13:00:00,0.0,0.0,0.0,0.0,27.884373382101103,0.0,0.0,0
2030-09-06 14:00:00,0.0,0.0,0.0,0.0,27.42480519531325,0.0,0.0,0
2030-09-06 15:00:00,0.0,0.0,0.0,0.0,25.57158175234164,0.0,0.0,0
2030-09-06 16:00:00,0.0,0.0,0.0,0.0,21.85445579795544,0.0,0.0,0
2030-09-06 17:00:00,0.0,0.0,0.0,0.0,15.146748787045555,0.0,0.0,0
2030-09-06 18:00:00,0.0,0.0,0.0,0.0,8.42622689400409,0.0,0.0,0
2030-09-06 19:00:00,0.0,0.0,0.0,0.0,2.342030182668884,0.0,0.0,0
2030-09-06 20:00:00,0.0,0.0,0.0,0.0,0.0,0.0,0.0,0
2030-09-06 21:00:00,0.0,0.0,0.0,0.0,0.0,0.0,0.0,0
2030-09-06 22:00:00,0.0,0.0,0.0,0.0,0.0,0.0,0.0,0
2030-09-06 23:00:00,0.0,0.0,0.0,0.0,0.0,0.0,0.0,0
2030-09-07 00:00:00,0.0,0.0,0.0,0.0,0.0,0.0,0.0,0
2030-09-07 01:00:00,0.0,0.0,0.0,0.0,0.0,0.0,0.0,0
2030-09-07 02:00:00,0.0,0.0,0.0,0.0,0.0,0.0,0.0,0
2030-09-07 03:00:00,0.0,0.0,0.0,0.0,0.0,0.0,0.0,0
2030-09-07 04:00:00,0.0,0.0,0.0,0.0,0.0,0.0,0.0,0
2030-09-07 05:00:00,0.0,0.0,0.0,0.0,0.0,0.0,0.0,0
2030-09-07 06:00:00,0.0,0.0,0.0,0.0,0.0,0.0,0.0,0
2030-09-07 07:00:00,0.0,0.0,0.0,0.0,0.0,0.0,0.0,0
2030-09-07 08:00:00,0.0,0.0,0.0,0.0,1.458245208076853,0.0,0.0,0
2030-09-07 09:00:00,0.0,0.0,0.0,0.0,7.670517091980016,0.0,0.0,0
2030-09-07 10:00:00,0.0,0.0,0.0,0.0,13.873656531145732,0.0,0.0,0
2030-09-07 11:00:00,0.0,0.0,0.0,0.0,21.32182805326797,0.0,0.0,0
2030-09-07 12:00:00,0.0,0.0,0.0,0.0,25.080860145199416,0.0,0.0,0
2030-09-07 13:00:00,0.0,0.0,0.0,0.0,27.455295776936683,0.0,0.0,0
2030-09-07 14:00:00,0.0,0.0,0.0,0.0,27.71851640186934,0.0,0.0,0
2030-09-07 15:00:00,0.0,0.0,0.0,0.0,22.307837489921152,0.0,0.0,0
2030-09-07 16:00:00,0.0,0.0,0.0,0.0,19.121571710273216,0.0,0.0,0
2030-09-07 17:00:00,0.0,0.0,0.0,0.0,14.590848038027167,0.0,0.0,0
2030-09-07 18:00:00,0.0,0.0,0.0,0.0,8.58795954435443,0.0,0.0,0
2030-09-07 19:00:00,0.0,0.0,0.0,0.0,2.032705441561675,0.0,0.0,0
2030-09-07 20:00:00,0.0,0.0,0.0,0.0,0.0,0.0,0.0,0
2030-09-07 21:00:00,0.0,0.0,0.0,0.0,0.0,0.0,0.0,0
2030-09-07 22:00:00,0.0,0.0,0.0,0.0,0.0,0.0,0.0,0
2030-09-07 23:00:00,0.0,0.0,0.0,0.0,0.0,0.0,0.0,0
2030-09-08 00:00:00,0.0,0.0,0.0,0.0,0.0,0.0,0.0,0
2030-09-08 01:00:00,0.0,0.0,0.0,0.0,0.0,0.0,0.0,0
2030-09-08 02:00:00,0.0,0.0,0.0,0.0,0.0,0.0,0.0,0
2030-09-08 03:00:00,0.0,0.0,0.0,0.0,0.0,0.0,0.0,0
2030-09-08 04:00:00,0.0,0.0,0.0,0.0,0.0,0.0,0.0,0
2030-09-08 05:00:00,0.0,0.0,0.0,0.0,0.0,0.0,0.0,0
2030-09-08 06:00:00,0.0,0.0,0.0,0.0,0.0,0.0,0.0,0
2030-09-08 07:00:00,0.0,0.0,0.0,0.0,0.0,0.0,0.0,0
2030-09-08 08:00:00,0.0,0.0,0.0,0.0,1.3845964601941823,0.0,0.0,0
2030-09-08 09:00:00,0.0,0.0,0.0,0.0,6.702036057322914,0.0,0.0,0
2030-09-08 10:00:00,0.0,0.0,0.0,0.0,12.049892587327188,0.0,0.0,0
2030-09-08 11:00:00,0.0,0.0,0.0,0.0,14.610954146199136,0.0,0.0,0
2030-09-08 12:00:00,0.0,0.0,0.0,0.0,14.773717879019836,0.0,0.0,0
2030-09-08 13:00:00,0.0,0.0,0.0,0.0,12.996058051375844,0.0,0.0,0
2030-09-08 14:00:00,0.0,0.0,0.0,0.0,12.937875540548532,0.0,0.0,0
2030-09-08 15:00:00,0.0,0.0,0.0,0.0,20.36071189339914,0.0,0.0,0
2030-09-08 16:00:00,0.0,0.0,0.0,0.0,20.14771971452245,0.0,0.0,0
2030-09-08 17:00:00,0.0,0.0,0.0,0.0,13.997975617571676,0.0,0.0,0
2030-09-08 18:00:00,0.0,0.0,0.0,0.0,4.971290482080184,0.0,0.0,0
2030-09-08 19:00:00,0.0,0.0,0.0,0.0,2.1505434381739463,0.0,0.0,0
2030-09-08 20:00:00,0.0,0.0,0.0,0.0,0.0,0.0,0.0,0
2030-09-08 21:00:00,0.0,0.0,0.0,0.0,0.0,0.0,0.0,0
2030-09-08 22:00:00,0.0,0.0,0.0,0.0,0.0,0.0,0.0,0
2030-09-08 23:00:00,0.0,0.0,0.0,0.0,0.0,0.0,0.0,0
2030-09-09 00:00:00,0.0,0.0,0.0,0.0,0.0,0.0,0.0,0
2030-09-09 01:00:00,0.0,0.0,0.0,0.0,0.0,0.0,0.0,0
2030-09-09 02:00:00,0.0,0.0,0.0,0.0,0.0,0.0,0.0,0
2030-09-09 03:00:00,0.0,0.0,0.0,0.0,0.0,0.0,0.0,0
2030-09-09 04:00:00,0.0,0.0,0.0,0.0,0.0,0.0,0.0,0
2030-09-09 05:00:00,0.0,0.0,0.0,0.0,0.0,0.0,0.0,0
2030-09-09 06:00:00,0.0,0.0,0.0,0.0,0.0,0.0,0.0,0
2030-09-09 07:00:00,0.0,0.0,0.0,0.0,0.0,0.0,0.0,0
2030-09-09 08:00:00,0.0,0.0,0.0,0.0,0.4507303370419359,0.0,0.0,0
2030-09-09 09:00:00,0.0,0.0,0.0,0.0,4.183248879735622,0.0,0.0,0
2030-09-09 10:00:00,0.0,0.0,0.0,0.0,10.641360284071135,0.0,0.0,0
2030-09-09 11:00:00,0.0,0.0,0.0,0.0,11.874240323627024,0.0,0.0,0
2030-09-09 12:00:00,0.0,0.0,0.0,0.0,12.268408422295067,0.0,0.0,0
2030-09-09 13:00:00,0.0,0.0,0.0,0.0,9.201306316721304,0.0,0.0,0
2030-09-09 14:00:00,0.0,0.0,0.0,0.0,8.85287409048839,0.0,0.0,0
2030-09-09 15:00:00,0.0,0.0,0.0,0.0,8.757646259476099,0.0,0.0,0
2030-09-09 16:00:00,0.0,0.0,0.0,0.0,9.62206161337499,0.0,0.0,0
2030-09-09 17:00:00,0.0,0.0,0.0,0.0,8.305001054989214,0.0,0.0,0
2030-09-09 18:00:00,0.0,0.0,0.0,0.0,4.2127083788886885,0.0,0.0,0
2030-09-09 19:00:00,0.0,0.0,0.0,0.0,1.2004745904875087,0.0,0.0,0
2030-09-09 20:00:00,0.0,0.0,0.0,0.0,0.0,0.0,0.0,0
2030-09-09 21:00:00,0.0,0.0,0.0,0.0,0.0,0.0,0.0,0
2030-09-09 22:00:00,0.0,0.0,0.0,0.0,0.0,0.0,0.0,0
2030-09-09 23:00:00,0.0,0.0,0.0,0.0,0.0,0.0,0.0,0
2030-09-10 00:00:00,0.0,0.0,0.0,0.0,0.0,0.0,0.0,0
2030-09-10 01:00:00,0.0,0.0,0.0,0.0,0.0,0.0,0.0,0
2030-09-10 02:00:00,0.0,0.0,0.0,0.0,0.0,0.0,0.0,0
2030-09-10 03:00:00,0.0,0.0,0.0,0.0,0.0,0.0,0.0,0
2030-09-10 04:00:00,0.0,0.0,0.0,0.0,0.0,0.0,0.0,0
2030-09-10 05:00:00,0.0,0.0,0.0,0.0,0.0,0.0,0.0,0
2030-09-10 06:00:00,0.0,0.0,0.0,0.0,0.0,0.0,0.0,0
2030-09-10 07:00:00,0.0,0.0,0.0,0.0,0.0,0.0,0.0,0
2030-09-10 08:00:00,0.0,0.0,0.0,0.0,0.5133317727422037,0.0,0.0,0
2030-09-10 09:00:00,0.0,0.0,0.0,0.0,4.536762869572434,0.0,0.0,0
2030-09-10 10:00:00,0.0,0.0,0.0,0.0,10.550256782940272,0.0,0.0,0
2030-09-10 11:00:00,0.0,0.0,0.0,0.0,17.32100712203772,0.0,0.0,0
2030-09-10 12:00:00,0.0,0.0,0.0,0.0,21.763057701833045,0.0,0.0,0
2030-09-10 13:00:00,0.0,0.0,0.0,0.0,20.757310400747308,0.0,0.0,0
2030-09-10 14:00:00,0.0,0.0,0.0,0.0,20.792588150983104,0.0,0.0,0
2030-09-10 15:00:00,0.0,0.0,0.0,0.0,17.69573195126474,0.0,0.0,0
2030-09-10 16:00:00,0.0,0.0,0.0,0.0,16.059698665799125,0.0,0.0,0
2030-09-10 17:00:00,0.0,0.0,0.0,0.0,13.590698041780517,0.0,0.0,0
2030-09-10 18:00:00,0.0,0.0,0.0,0.0,8.358985587187213,0.0,0.0,0
2030-09-10 19:00:00,0.0,0.0,0.0,0.0,2.0916244398678083,0.0,0.0,0
2030-09-10 20:00:00,0.0,0.0,0.0,0.0,0.0,0.0,0.0,0
2030-09-10 21:00:00,0.0,0.0,0.0,0.0,0.0,0.0,0.0,0
2030-09-10 22:00:00,0.0,0.0,0.0,0.0,0.0,0.0,0.0,0
2030-09-10 23:00:00,0.0,0.0,0.0,0.0,0.0,0.0,0.0,0
2030-09-11 00:00:00,0.0,0.0,0.0,0.0,0.0,0.0,0.0,0
2030-09-11 01:00:00,0.0,0.0,0.0,0.0,0.0,0.0,0.0,0
2030-09-11 02:00:00,0.0,0.0,0.0,0.0,0.0,0.0,0.0,0
2030-09-11 03:00:00,0.0,0.0,0.0,0.0,0.0,0.0,0.0,0
2030-09-11 04:00:00,0.0,0.0,0.0,0.0,0.0,0.0,0.0,0
2030-09-11 05:00:00,0.0,0.0,0.0,0.0,0.0,0.0,0.0,0
2030-09-11 06:00:00,0.0,0.0,0.0,0.0,0.0,0.0,0.0,0
2030-09-11 07:00:00,0.0,0.0,0.0,0.0,0.0,0.0,0.0,0
2030-09-11 08:00:00,0.0,0.0,0.0,0.0,1.4950695820181887,0.0,0.0,0
2030-09-11 09:00:00,0.0,0.0,0.0,0.0,8.633327173050153,0.0,0.0,0
2030-09-11 10:00:00,0.0,0.0,0.0,0.0,16.527883756089256,0.0,0.0,0
2030-09-11 11:00:00,0.0,0.0,0.0,0.0,21.2116495264355,0.0,0.0,0
2030-09-11 12:00:00,0.0,0.0,0.0,0.0,26.337676027817167,0.0,0.0,0
2030-09-11 13:00:00,0.0,0.0,0.0,0.0,28.535133718392377,0.0,0.0,0
2030-09-11 14:00:00,0.0,0.0,0.0,0.0,29.53918709827681,0.0,0.0,0
2030-09-11 15:00:00,0.0,0.0,0.0,0.0,26.855426725432338,0.0,0.0,0
2030-09-11 16:00:00,0.0,0.0,0.0,0.0,22.595951391638152,0.0,0.0,0
2030-09-11 17:00:00,0.0,0.0,0.0,0.0,16.458948528071076,0.0,0.0,0
2030-09-11 18:00:00,0.0,0.0,0.0,0.0,8.56196153635185,0.0,0.0,0
2030-09-11 19:00:00,0.0,0.0,0.0,0.0,2.1210839390208758,0.0,0.0,0
2030-09-11 20:00:00,0.0,0.0,0.0,0.0,0.0,0.0,0.0,0
2030-09-11 21:00:00,0.0,0.0,0.0,0.0,0.0,0.0,0.0,0
2030-09-11 22:00:00,0.0,0.0,0.0,0.0,0.0,0.0,0.0,0
2030-09-11 23:00:00,0.0,0.0,0.0,0.0,0.0,0.0,0.0,0
2030-09-12 00:00:00,0.0,0.0,0.0,0.0,0.0,0.0,0.0,0
2030-09-12 01:00:00,0.0,0.0,0.0,0.0,0.0,0.0,0.0,0
2030-09-12 02:00:00,0.0,0.0,0.0,0.0,0.0,0.0,0.0,0
2030-09-12 03:00:00,0.0,0.0,0.0,0.0,0.0,0.0,0.0,0
2030-09-12 04:00:00,0.0,0.0,0.0,0.0,0.0,0.0,0.0,0
2030-09-12 05:00:00,0.0,0.0,0.0,0.0,0.0,0.0,0.0,0
2030-09-12 06:00:00,0.0,0.0,0.0,0.0,0.0,0.0,0.0,0
2030-09-12 07:00:00,0.0,0.0,0.0,0.0,0.0,0.0,0.0,0
2030-09-12 08:00:00,0.0,0.0,0.0,0.0,1.3993262097707155,0.0,0.0,0
2030-09-12 09:00:00,0.0,0.0,0.0,0.0,7.661163700998919,0.0,0.0,0
2030-09-12 10:00:00,0.0,0.0,0.0,0.0,15.351786901150902,0.0,0.0,0
2030-09-12 11:00:00,0.0,0.0,0.0,0.0,22.224688053561614,0.0,0.0,0
2030-09-12 12:00:00,0.0,0.0,0.0,0.0,26.389966638813863,0.0,0.0,0
2030-09-12 13:00:00,0.0,0.0,0.0,0.0,29.324427349450943,0.0,0.0,0
2030-09-12 14:00:00,0.0,0.0,0.0,0.0,29.89454230681069,0.0,0.0,0
2030-09-12 15:00:00,0.0,0.0,0.0,0.0,27.347253063792802,0.0,0.0,0
2030-09-12 16:00:00,0.0,0.0,0.0,0.0,22.068110815563056,0.0,0.0,0
2030-09-12 17:00:00,0.0,0.0,0.0,0.0,17.114937925462012,0.0,0.0,0
2030-09-12 18:00:00,0.0,0.0,0.0,0.0,8.167130598952857,0.0,0.0,0
2030-09-12 19:00:00,0.0,0.0,0.0,0.0,1.767569949184062,0.0,0.0,0
2030-09-12 20:00:00,0.0,0.0,0.0,0.0,0.0,0.0,0.0,0
2030-09-12 21:00:00,0.0,0.0,0.0,0.0,0.0,0.0,0.0,0
2030-09-12 22:00:00,0.0,0.0,0.0,0.0,0.0,0.0,0.0,0
2030-09-12 23:00:00,0.0,0.0,0.0,0.0,0.0,0.0,0.0,0
2030-09-13 00:00:00,0.0,0.0,0.0,0.0,0.0,0.0,0.0,0
2030-09-13 01:00:00,0.0,0.0,0.0,0.0,0.0,0.0,0.0,0
2030-09-13 02:00:00,0.0,0.0,0.0,0.0,0.0,0.0,0.0,0
2030-09-13 03:00:00,0.0,0.0,0.0,0.0,0.0,0.0,0.0,0
2030-09-13 04:00:00,0.0,0.0,0.0,0.0,0.0,0.0,0.0,0
2030-09-13 05:00:00,0.0,0.0,0.0,0.0,0.0,0.0,0.0,0
2030-09-13 06:00:00,0.0,0.0,0.0,0.0,0.0,0.0,0.0,0
2030-09-13 07:00:00,0.0,0.0,0.0,0.0,0.0,0.0,0.0,0
2030-09-13 08:00:00,0.0,0.0,0.0,0.0,1.0826365938752376,0.0,0.0,0
2030-09-13 09:00:00,0.0,0.0,0.0,0.0,7.276496290807736,0.0,0.0,0
2030-09-13 10:00:00,0.0,0.0,0.0,0.0,14.40665251957261,0.0,0.0,0
2030-09-13 11:00:00,0.0,0.0,0.0,0.0,21.17180555383097,0.0,0.0,0
2030-09-13 12:00:00,0.0,0.0,0.0,0.0,24.353578759858056,0.0,0.0,0
2030-09-13 13:00:00,0.0,0.0,0.0,0.0,28.245252246726192,0.0,0.0,0
2030-09-13 14:00:00,0.0,0.0,0.0,0.0,28.29651177525253,0.0,0.0,0
2030-09-13 15:00:00,0.0,0.0,0.0,0.0,24.812778702906495,0.0,0.0,0
2030-09-13 16:00:00,0.0,0.0,0.0,0.0,20.037246592698448,0.0,0.0,0
2030-09-13 17:00:00,0.0,0.0,0.0,0.0,15.982072885530789,0.0,0.0,0
2030-09-13 18:00:00,0.0,0.0,0.0,0.0,9.042298670042621,0.0,0.0,0
2030-09-13 19:00:00,0.0,0.0,0.0,0.0,1.9737864432555372,0.0,0.0,0
2030-09-13 20:00:00,0.0,0.0,0.0,0.0,0.0,0.0,0.0,0
2030-09-13 21:00:00,0.0,0.0,0.0,0.0,0.0,0.0,0.0,0
2030-09-13 22:00:00,0.0,0.0,0.0,0.0,0.0,0.0,0.0,0
2030-09-13 23:00:00,0.0,0.0,0.0,0.0,0.0,0.0,0.0,0
2030-09-14 00:00:00,0.0,0.0,0.0,0.0,0.0,0.0,0.0,0
2030-09-14 01:00:00,0.0,0.0,0.0,0.0,0.0,0.0,0.0,0
2030-09-14 02:00:00,0.0,0.0,0.0,0.0,0.0,0.0,0.0,0
2030-09-14 03:00:00,0.0,0.0,0.0,0.0,0.0,0.0,0.0,0
2030-09-14 04:00:00,0.0,0.0,0.0,0.0,0.0,0.0,0.0,0
2030-09-14 05:00:00,0.0,0.0,0.0,0.0,0.0,0.0,0.0,0
2030-09-14 06:00:00,0.0,0.0,0.0,0.0,0.0,0.0,0.0,0
2030-09-14 07:00:00,0.0,0.0,0.0,0.0,0.0,0.0,0.0,0
2030-09-14 08:00:00,0.0,0.0,0.0,0.0,0.7512172284032266,0.0,0.0,0
2030-09-14 09:00:00,0.0,0.0,0.0,0.0,4.684060365337772,0.0,0.0,0
2030-09-14 10:00:00,0.0,0.0,0.0,0.0,11.498852655669056,0.0,0.0,0
2030-09-14 11:00:00,0.0,0.0,0.0,0.0,17.114937925462012,0.0,0.0,0
2030-09-14 12:00:00,0.0,0.0,0.0,0.0,24.41382343562608,0.0,0.0,0
2030-09-14 13:00:00,0.0,0.0,0.0,0.0,28.200989349248708,0.0,0.0,0
2030-09-14 14:00:00,0.0,0.0,0.0,0.0,27.480262702468902,0.0,0.0,0
2030-09-14 15:00:00,0.0,0.0,0.0,0.0,25.999333680044185,0.0,0.0,0
2030-09-14 16:00:00,0.0,0.0,0.0,0.0,22.052570929759817,0.0,0.0,0
2030-09-14 17:00:00,0.0,0.0,0.0,0.0,15.999380341283223,0.0,0.0,0
2030-09-14 18:00:00,0.0,0.0,0.0,0.0,8.446995840907,0.0,0.0,0
2030-09-14 19:00:00,0.0,0.0,0.0,0.0,1.8117591979136665,0.0,0.0,0
2030-09-14 20:00:00,0.0,0.0,0.0,0.0,0.0,0.0,0.0,0
2030-09-14 21:00:00,0.0,0.0,0.0,0.0,0.0,0.0,0.0,0
2030-09-14 22:00:00,0.0,0.0,0.0,0.0,0.0,0.0,0.0,0
2030-09-14 23:00:00,0.0,0.0,0.0,0.0,0.0,0.0,0.0,0
2030-09-15 00:00:00,0.0,0.0,0.0,0.0,0.0,0.0,0.0,0
2030-09-15 01:00:00,0.0,0.0,0.0,0.0,0.0,0.0,0.0,0
2030-09-15 02:00:00,0.0,0.0,0.0,0.0,0.0,0.0,0.0,0
2030-09-15 03:00:00,0.0,0.0,0.0,0.0,0.0,0.0,0.0,0
2030-09-15 04:00:00,0.0,0.0,0.0,0.0,0.0,0.0,0.0,0
2030-09-15 05:00:00,0.0,0.0,0.0,0.0,0.0,0.0,0.0,0
2030-09-15 06:00:00,0.0,0.0,0.0,0.0,0.0,0.0,0.0,0
2030-09-15 07:00:00,0.0,0.0,0.0,0.0,0.0,0.0,0.0,0
2030-09-15 08:00:00,0.0,0.0,0.0,0.0,2.25365168520968,0.0,0.0,0
2030-09-15 09:00:00,0.0,0.0,0.0,0.0,8.997962123817251,0.0,0.0,0
2030-09-15 10:00:00,0.0,0.0,0.0,0.0,16.292060465368948,0.0,0.0,0
2030-09-15 11:00:00,0.0,0.0,0.0,0.0,22.16930419515385,0.0,0.0,0
2030-09-15 12:00:00,0.0,0.0,0.0,0.0,25.16327309408013,0.0,0.0,0
2030-09-15 13:00:00,0.0,0.0,0.0,0.0,25.53976549325633,0.0,0.0,0
2030-09-15 14:00:00,0.0,0.0,0.0,0.0,24.650383213825208,0.0,0.0,0
2030-09-15 15:00:00,0.0,0.0,0.0,0.0,25.169164993910737,0.0,0.0,0
2030-09-15 16:00:00,0.0,0.0,0.0,0.0,19.543063494405732,0.0,0.0,0
2030-09-15 17:00:00,0.0,0.0,0.0,0.0,14.89634304424448,0.0,0.0,0
2030-09-15 18:00:00,0.0,0.0,0.0,0.0,7.835711233480846,0.0,0.0,0
2030-09-15 19:00:00,0.0,0.0,0.0,0.0,1.760205074395797,0.0,0.0,0
2030-09-15 20:00:00,0.0,0.0,0.0,0.0,0.0,0.0,0.0,0
2030-09-15 21:00:00,0.0,0.0,0.0,0.0,0.0,0.0,0.0,0
2030-09-15 22:00:00,0.0,0.0,0.0,0.0,0.0,0.0,0.0,0
2030-09-15 23:00:00,0.0,0.0,0.0,0.0,0.0,0.0,0.0,0
2030-09-16 00:00:00,0.0,0.0,0.0,0.0,0.0,0.0,0.0,0
2030-09-16 01:00:00,0.0,0.0,0.0,0.0,0.0,0.0,0.0,0
2030-09-16 02:00:00,0.0,0.0,0.0,0.0,0.0,0.0,0.0,0
2030-09-16 03:00:00,0.0,0.0,0.0,0.0,0.0,0.0,0.0,0
2030-09-16 04:00:00,0.0,0.0,0.0,0.0,0.0,0.0,0.0,0
2030-09-16 05:00:00,0.0,0.0,0.0,0.0,0.0,0.0,0.0,0
2030-09-16 06:00:00,0.0,0.0,0.0,0.0,0.0,0.0,0.0,0
2030-09-16 07:00:00,0.0,0.0,0.0,0.0,0.0,0.0,0.0,0
2030-09-16 08:00:00,0.0,0.0,0.0,0.0,0.68125091791469,0.0,0.0,0
2030-09-16 09:00:00,0.0,0.0,0.0,0.0,3.5498696479446608,0.0,0.0,0
2030-09-16 10:00:00,0.0,0.0,0.0,0.0,11.383150472745385,0.0,0.0,0
2030-09-16 11:00:00,0.0,0.0,0.0,0.0,15.564410836288172,0.0,0.0,0
2030-09-16 12:00:00,0.0,0.0,0.0,0.0,20.782571921271064,0.0,0.0,0
2030-09-16 13:00:00,0.0,0.0,0.0,0.0,22.94261604792188,0.0,0.0,0
2030-09-16 14:00:00,0.0,0.0,0.0,0.0,20.79951113328408,0.0,0.0,0
2030-09-16 15:00:00,0.0,0.0,0.0,0.0,16.52862024356808,0.0,0.0,0
2030-09-16 16:00:00,0.0,0.0,0.0,0.0,11.757580706980873,0.0,0.0,0
2030-09-16 17:00:00,0.0,0.0,0.0,0.0,8.033089877806399,0.0,0.0,0
2030-09-16 18:00:00,0.0,0.0,0.0,0.0,4.11696500664122,0.0,0.0,0
2030-09-16 19:00:00,0.0,0.0,0.0,0.0,1.333042336676313,0.0,0.0,0
2030-09-16 20:00:00,0.0,0.0,0.0,0.0,0.0,0.0,0.0,0
2030-09-16 21:00:00,0.0,0.0,0.0,0.0,0.0,0.0,0.0,0
2030-09-16 22:00:00,0.0,0.0,0.0,0.0,0.0,0.0,0.0,0
2030-09-16 23:00:00,0.0,0.0,0.0,0.0,0.0,0.0,0.0,0
2030-09-17 00:00:00,0.0,0.0,0.0,0.0,0.0,0.0,0.0,0
2030-09-17 01:00:00,0.0,0.0,0.0,0.0,0.0,0.0,0.0,0
2030-09-17 02:00:00,0.0,0.0,0.0,0.0,0.0,0.0,0.0,0
2030-09-17 03:00:00,0.0,0.0,0.0,0.0,0.0,0.0,0.0,0
2030-09-17 04:00:00,0.0,0.0,0.0,0.0,0.0,0.0,0.0,0
2030-09-17 05:00:00,0.0,0.0,0.0,0.0,0.0,0.0,0.0,0
2030-09-17 06:00:00,0.0,0.0,0.0,0.0,0.0,0.0,0.0,0
2030-09-17 07:00:00,0.0,0.0,0.0,0.0,0.0,0.0,0.0,0
2030-09-17 08:00:00,0.0,0.0,0.0,0.0,1.5834480794773889,0.0,0.0,0
2030-09-17 09:00:00,0.0,0.0,0.0,0.0,6.591562935498911,0.0,0.0,0
2030-09-17 10:00:00,0.0,0.0,0.0,0.0,14.796622639611344,0.0,0.0,0
2030-09-17 11:00:00,0.0,0.0,0.0,0.0,22.523922916208896,0.0,0.0,0
2030-09-17 12:00:00,0.0,0.0,0.0,0.0,27.311901664809124,0.0,0.0,0
2030-09-17 13:00:00,0.0,0.0,0.0,0.0,25.718805599359104,0.0,0.0,0
2030-09-17 14:00:00,0.0,0.0,0.0,0.0,28.293418527841457,0.0,0.0,0
2030-09-17 15:00:00,0.0,0.0,0.0,0.0,27.11349193801321,0.0,0.0,0
2030-09-17 16:00:00,0.0,0.0,0.0,0.0,21.587110843141343,0.0,0.0,0
2030-09-17 17:00:00,0.0,0.0,0.0,0.0,16.0011479112324,0.0,0.0,0
2030-09-17 18:00:00,0.0,0.0,0.0,0.0,8.195190771896156,0.0,0.0,0
2030-09-17 19:00:00,0.0,0.0,0.0,0.0,1.2372989644288444,0.0,0.0,0
2030-09-17 20:00:00,0.0,0.0,0.0,0.0,0.0,0.0,0.0,0
2030-09-17 21:00:00,0.0,0.0,0.0,0.0,0.0,0.0,0.0,0
2030-09-17 22:00:00,0.0,0.0,0.0,0.0,0.0,0.0,0.0,0
2030-09-17 23:00:00,0.0,0.0,0.0,0.0,0.0,0.0,0.0,0
2030-09-18 00:00:00,0.0,0.0,0.0,0.0,0.0,0.0,0.0,0
2030-09-18 01:00:00,0.0,0.0,0.0,0.0,0.0,0.0,0.0,0
2030-09-18 02:00:00,0.0,0.0,0.0,0.0,0.0,0.0,0.0,0
2030-09-18 03:00:00,0.0,0.0,0.0,0.0,0.0,0.0,0.0,0
2030-09-18 04:00:00,0.0,0.0,0.0,0.0,0.0,0.0,0.0,0
2030-09-18 05:00:00,0.0,0.0,0.0,0.0,0.0,0.0,0.0,0
2030-09-18 06:00:00,0.0,0.0,0.0,0.0,0.0,0.0,0.0,0
2030-09-18 07:00:00,0.0,0.0,0.0,0.0,0.0,0.0,0.0,0
2030-09-18 08:00:00,0.0,0.0,0.0,0.0,2.4009491809750214,0.0,0.0,0
2030-09-18 09:00:00,0.0,0.0,0.0,0.0,10.549225700469915,0.0,0.0,0
2030-09-18 10:00:00,0.0,0.0,0.0,0.0,18.05697905962924,0.0,0.0,0
2030-09-18 11:00:00,0.0,0.0,0.0,0.0,24.667690669577645,0.0,0.0,0
2030-09-18 12:00:00,0.0,0.0,0.0,0.0,28.177421749926257,0.0,0.0,0
2030-09-18 13:00:00,0.0,0.0,0.0,0.0,30.54287223442183,0.0,0.0,0
2030-09-18 14:00:00,0.0,0.0,0.0,0.0,30.19790149933941,0.0,0.0,0
2030-09-18 15:00:00,0.0,0.0,0.0,0.0,28.10671895195889,0.0,0.0,0
2030-09-18 16:00:00,0.0,0.0,0.0,0.0,24.01383708587531,0.0,0.0,0
2030-09-18 17:00:00,0.0,0.0,0.0,0.0,17.85260378425483,0.0,0.0,0
2030-09-18 18:00:00,0.0,0.0,0.0,0.0,9.99752293008084,0.0,0.0,0
2030-09-18 19:00:00,0.0,0.0,0.0,0.0,2.003245942408604,0.0,0.0,0
2030-09-18 20:00:00,0.0,0.0,0.0,0.0,0.0,0.0,0.0,0
2030-09-18 21:00:00,0.0,0.0,0.0,0.0,0.0,0.0,0.0,0
2030-09-18 22:00:00,0.0,0.0,0.0,0.0,0.0,0.0,0.0,0
2030-09-18 23:00:00,0.0,0.0,0.0,0.0,0.0,0.0,0.0,0
2030-09-19 00:00:00,0.0,0.0,0.0,0.0,0.0,0.0,0.0,0
2030-09-19 01:00:00,0.0,0.0,0.0,0.0,0.0,0.0,0.0,0
2030-09-19 02:00:00,0.0,0.0,0.0,0.0,0.0,0.0,0.0,0
2030-09-19 03:00:00,0.0,0.0,0.0,0.0,0.0,0.0,0.0,0
2030-09-19 04:00:00,0.0,0.0,0.0,0.0,0.0,0.0,0.0,0
2030-09-19 05:00:00,0.0,0.0,0.0,0.0,0.0,0.0,0.0,0
2030-09-19 06:00:00,0.0,0.0,0.0,0.0,0.0,0.0,0.0,0
2030-09-19 07:00:00,0.0,0.0,0.0,0.0,0.0,0.0,0.0,0
2030-09-19 08:00:00,0.0,0.0,0.0,0.0,1.1783799661227068,0.0,0.0,0
2030-09-19 09:00:00,0.0,0.0,0.0,0.0,7.173388043772,0.0,0.0,0
2030-09-19 10:00:00,0.0,0.0,0.0,0.0,14.279534780727124,0.0,0.0,0
2030-09-19 11:00:00,0.0,0.0,0.0,0.0,23.77138540784556,0.0,0.0,0
2030-09-19 12:00:00,0.0,0.0,0.0,0.0,28.52128775379044,0.0,0.0,0
2030-09-19 13:00:00,0.0,0.0,0.0,0.0,29.62093720842657,0.0,0.0,0
2030-09-19 14:00:00,0.0,0.0,0.0,0.0,30.14804129702284,0.0,0.0,0
2030-09-19 15:00:00,0.0,0.0,0.0,0.0,27.99072217404369,0.0,0.0,0
2030-09-19 16:00:00,0.0,0.0,0.0,0.0,23.75584552204231,0.0,0.0,0
2030-09-19 17:00:00,0.0,0.0,0.0,0.0,17.523614827462946,0.0,0.0,0
2030-09-19 18:00:00,0.0,0.0,0.0,0.0,9.611382544932003,0.0,0.0,0
2030-09-19 19:00:00,0.0,0.0,0.0,0.0,1.9075025701611357,0.0,0.0,0
2030-09-19 20:00:00,0.0,0.0,0.0,0.0,0.0,0.0,0.0,0
2030-09-19 21:00:00,0.0,0.0,0.0,0.0,0.0,0.0,0.0,0
2030-09-19 22:00:00,0.0,0.0,0.0,0.0,0.0,0.0,0.0,0
2030-09-19 23:00:00,0.0,0.0,0.0,0.0,0.0,0.0,0.0,0
2030-09-20 00:00:00,0.0,0.0,0.0,0.0,0.0,0.0,0.0,0
2030-09-20 01:00:00,0.0,0.0,0.0,0.0,0.0,0.0,0.0,0
2030-09-20 02:00:00,0.0,0.0,0.0,0.0,0.0,0.0,0.0,0
2030-09-20 03:00:00,0.0,0.0,0.0,0.0,0.0,0.0,0.0,0
2030-09-20 04:00:00,0.0,0.0,0.0,0.0,0.0,0.0,0.0,0
2030-09-20 05:00:00,0.0,0.0,0.0,0.0,0.0,0.0,0.0,0
2030-09-20 06:00:00,0.0,0.0,0.0,0.0,0.0,0.0,0.0,0
2030-09-20 07:00:00,0.0,0.0,0.0,0.0,0.0,0.0,0.0,0
2030-09-20 08:00:00,0.0,0.0,0.0,0.0,1.5908129542656575,0.0,0.0,0
2030-09-20 09:00:00,0.0,0.0,0.0,0.0,8.744463133605102,0.0,0.0,0
2030-09-20 10:00:00,0.0,0.0,0.0,0.0,14.757146910746233,0.0,0.0,0
2030-09-20 11:00:00,0.0,0.0,0.0,0.0,20.632917665573483,0.0,0.0,0
2030-09-20 12:00:00,0.0,0.0,0.0,0.0,24.88171393092468,0.0,0.0,0
2030-09-20 13:00:00,0.0,0.0,0.0,0.0,27.561276325139843,0.0,0.0,0
2030-09-20 14:00:00,0.0,0.0,0.0,0.0,28.260202942546368,0.0,0.0,0
2030-09-20 15:00:00,0.0,0.0,0.0,0.0,27.0850635213305,0.0,0.0,0
2030-09-20 16:00:00,0.0,0.0,0.0,0.0,22.90969505761832,0.0,0.0,0
2030-09-20 17:00:00,0.0,0.0,0.0,0.0,16.524422264938767,0.0,0.0,0
2030-09-20 18:00:00,0.0,0.0,0.0,0.0,8.904133619014729,0.0,0.0,0
2030-09-20 19:00:00,0.0,0.0,0.0,0.0,1.7086509508779286,0.0,0.0,0
2030-09-20 20:00:00,0.0,0.0,0.0,0.0,0.0,0.0,0.0,0
2030-09-20 21:00:00,0.0,0.0,0.0,0.0,0.0,0.0,0.0,0
2030-09-20 22:00:00,0.0,0.0,0.0,0.0,0.0,0.0,0.0,0
2030-09-20 23:00:00,0.0,0.0,0.0,0.0,0.0,0.0,0.0,0
2030-09-21 00:00:00,0.0,0.0,0.0,0.0,0.0,0.0,0.0,0
2030-09-21 01:00:00,0.0,0.0,0.0,0.0,0.0,0.0,0.0,0
2030-09-21 02:00:00,0.0,0.0,0.0,0.0,0.0,0.0,0.0,0
2030-09-21 03:00:00,0.0,0.0,0.0,0.0,0.0,0.0,0.0,0
2030-09-21 04:00:00,0.0,0.0,0.0,0.0,0.0,0.0,0.0,0
2030-09-21 05:00:00,0.0,0.0,0.0,0.0,0.0,0.0,0.0,0
2030-09-21 06:00:00,0.0,0.0,0.0,0.0,0.0,0.0,0.0,0
2030-09-21 07:00:00,0.0,0.0,0.0,0.0,0.0,0.0,0.0,0
2030-09-21 08:00:00,0.0,0.0,0.0,0.0,2.305205808727553,0.0,0.0,0
2030-09-21 09:00:00,0.0,0.0,0.0,0.0,9.782763181254976,0.0,0.0,0
2030-09-21 10:00:00,0.0,0.0,0.0,0.0,17.004096559898592,0.0,0.0,0
2030-09-21 11:00:00,0.0,0.0,0.0,0.0,22.80135774948292,0.0,0.0,0
2030-09-21 12:00:00,0.0,0.0,0.0,0.0,26.05891551708127,0.0,0.0,0
2030-09-21 13:00:00,0.0,0.0,0.0,0.0,29.00619110984993,0.0,0.0,0
2030-09-21 14:00:00,0.0,0.0,0.0,0.0,29.28531986432525,0.0,0.0,0
2030-09-21 15:00:00,0.0,0.0,0.0,0.0,26.29304488660027,0.0,0.0,0
2030-09-21 16:00:00,0.0,0.0,0.0,0.0,20.316743590913184,0.0,0.0,0
2030-09-21 17:00:00,0.0,0.0,0.0,0.0,13.610435906213068,0.0,0.0,0
2030-09-21 18:00:00,0.0,0.0,0.0,0.0,6.2748733196034285,0.0,0.0,0
2030-09-21 19:00:00,0.0,0.0,0.0,0.0,0.9058795989568332,0.0,0.0,0
2030-09-21 20:00:00,0.0,0.0,0.0,0.0,0.0,0.0,0.0,0
2030-09-21 21:00:00,0.0,0.0,0.0,0.0,0.0,0.0,0.0,0
2030-09-21 22:00:00,0.0,0.0,0.0,0.0,0.0,0.0,0.0,0
2030-09-21 23:00:00,0.0,0.0,0.0,0.0,0.0,0.0,0.0,0
2030-09-22 00:00:00,0.0,0.0,0.0,0.0,0.0,0.0,0.0,0
2030-09-22 01:00:00,0.0,0.0,0.0,0.0,0.0,0.0,0.0,0
2030-09-22 02:00:00,0.0,0.0,0.0,0.0,0.0,0.0,0.0,0
2030-09-22 03:00:00,0.0,0.0,0.0,0.0,0.0,0.0,0.0,0
2030-09-22 04:00:00,0.0,0.0,0.0,0.0,0.0,0.0,0.0,0
2030-09-22 05:00:00,0.0,0.0,0.0,0.0,0.0,0.0,0.0,0
2030-09-22 06:00:00,0.0,0.0,0.0,0.0,0.0,0.0,0.0,0
2030-09-22 07:00:00,0.0,0.0,0.0,0.0,0.0,0.0,0.0,0
2030-09-22 08:00:00,0.0,0.0,0.0,0.0,1.3993262097707155,0.0,0.0,0
2030-09-22 09:00:00,0.0,0.0,0.0,0.0,6.819874053935186,0.0,0.0,0
2030-09-22 10:00:00,0.0,0.0,0.0,0.0,7.232307042078138,0.0,0.0,0
2030-09-22 11:00:00,0.0,0.0,0.0,0.0,9.368930866902256,0.0,0.0,0
2030-09-22 12:00:00,0.0,0.0,0.0,0.0,13.390152501296004,0.0,0.0,0
2030-09-22 13:00:00,0.0,0.0,0.0,0.0,16.845457156959327,0.0,0.0,0
2030-09-22 14:00:00,0.0,0.0,0.0,0.0,14.588491278094923,0.0,0.0,0
2030-09-22 15:00:00,0.0,0.0,0.0,0.0,11.046207451182168,0.0,0.0,0
2030-09-22 16:00:00,0.0,0.0,0.0,0.0,4.418924872960164,0.0,0.0,0
2030-09-22 17:00:00,0.0,0.0,0.0,0.0,3.240544906837453,0.0,0.0,0
2030-09-22 18:00:00,0.0,0.0,0.0,0.0,2.194732686903546,0.0,0.0,0
2030-09-22 19:00:00,0.0,0.0,0.0,0.0,0.3608788646250777,0.0,0.0,0
2030-09-22 20:00:00,0.0,0.0,0.0,0.0,0.0,0.0,0.0,0
2030-09-22 21:00:00,0.0,0.0,0.0,0.0,0.0,0.0,0.0,0
2030-09-22 22:00:00,0.0,0.0,0.0,0.0,0.0,0.0,0.0,0
2030-09-22 23:00:00,0.0,0.0,0.0,0.0,0.0,0.0,0.0,0
2030-09-23 00:00:00,0.0,0.0,0.0,0.0,0.0,0.0,0.0,0
2030-09-23 01:00:00,0.0,0.0,0.0,0.0,0.0,0.0,0.0,0
2030-09-23 02:00:00,0.0,0.0,0.0,0.0,0.0,0.0,0.0,0
2030-09-23 03:00:00,0.0,0.0,0.0,0.0,0.0,0.0,0.0,0
2030-09-23 04:00:00,0.0,0.0,0.0,0.0,0.0,0.0,0.0,0
2030-09-23 05:00:00,0.0,0.0,0.0,0.0,0.0,0.0,0.0,0
2030-09-23 06:00:00,0.0,0.0,0.0,0.0,0.0,0.0,0.0,0
2030-09-23 07:00:00,0.0,0.0,0.0,0.0,0.0,0.0,0.0,0
2030-09-23 08:00:00,0.0,0.0,0.0,0.0,2.25365168520968,0.0,0.0,0
2030-09-23 09:00:00,0.0,0.0,0.0,0.0,10.312297678531372,0.0,0.0,0
2030-09-23 10:00:00,0.0,0.0,0.0,0.0,17.282194231903553,0.0,0.0,0
2030-09-23 11:00:00,0.0,0.0,0.0,0.0,22.075770285342855,0.0,0.0,0
2030-09-23 12:00:00,0.0,0.0,0.0,0.0,22.793330035963702,0.0,0.0,0
2030-09-23 13:00:00,0.0,0.0,0.0,0.0,24.787517182382743,0.0,0.0,0
2030-09-23 14:00:00,0.0,0.0,0.0,0.0,21.48356070361832,0.0,0.0,0
2030-09-23 15:00:00,0.0,0.0,0.0,0.0,21.012503312160764,0.0,0.0,0
2030-09-23 16:00:00,0.0,0.0,0.0,0.0,18.65714270612511,0.0,0.0,0
2030-09-23 17:00:00,0.0,0.0,0.0,0.0,15.16508732526834,0.0,0.0,0
2030-09-23 18:00:00,0.0,0.0,0.0,0.0,7.996044557621416,0.0,0.0,0
2030-09-23 19:00:00,0.0,0.0,0.0,0.0,1.65709682736006,0.0,0.0,0
2030-09-23 20:00:00,0.0,0.0,0.0,0.0,0.0,0.0,0.0,0
2030-09-23 21:00:00,0.0,0.0,0.0,0.0,0.0,0.0,0.0,0
2030-09-23 22:00:00,0.0,0.0,0.0,0.0,0.0,0.0,0.0,0
2030-09-23 23:00:00,0.0,0.0,0.0,0.0,0.0,0.0,0.0,0
2030-09-24 00:00:00,0.0,0.0,0.0,0.0,0.0,0.0,0.0,0
2030-09-24 01:00:00,0.0,0.0,0.0,0.0,0.0,0.0,0.0,0
2030-09-24 02:00:00,0.0,0.0,0.0,0.0,0.0,0.0,0.0,0
2030-09-24 03:00:00,0.0,0.0,0.0,0.0,0.0,0.0,0.0,0
2030-09-24 04:00:00,0.0,0.0,0.0,0.0,0.0,0.0,0.0,0
2030-09-24 05:00:00,0.0,0.0,0.0,0.0,0.0,0.0,0.0,0
2030-09-24 06:00:00,0.0,0.0,0.0,0.0,0.0,0.0,0.0,0
2030-09-24 07:00:00,0.0,0.0,0.0,0.0,0.0,0.0,0.0,0
2030-09-24 08:00:00,0.0,0.0,0.0,0.0,1.914867444949404,0.0,0.0,0
2030-09-24 09:00:00,0.0,0.0,0.0,0.0,8.293585499067397,0.0,0.0,0
2030-09-24 10:00:00,0.0,0.0,0.0,0.0,13.167144092707284,0.0,0.0,0
2030-09-24 11:00:00,0.0,0.0,0.0,0.0,18.963668794812776,0.0,0.0,0
2030-09-24 12:00:00,0.0,0.0,0.0,0.0,22.18830557210758,0.0,0.0,0
2030-09-24 13:00:00,0.0,0.0,0.0,0.0,25.879875410978492,0.0,0.0,0
2030-09-24 14:00:00,0.0,0.0,0.0,0.0,26.197817055587983,0.0,0.0,0
2030-09-24 15:00:00,0.0,0.0,0.0,0.0,22.105229784495926,0.0,0.0,0
2030-09-24 16:00:00,0.0,0.0,0.0,0.0,19.59292369672231,0.0,0.0,0
2030-09-24 17:00:00,0.0,0.0,0.0,0.0,13.73372391016866,0.0,0.0,0
2030-09-24 18:00:00,0.0,0.0,0.0,0.0,6.311697693544766,0.0,0.0,0
2030-09-24 19:00:00,0.0,0.0,0.0,0.0,1.097366343451771,0.0,0.0,0
2030-09-24 20:00:00,0.0,0.0,0.0,0.0,0.0,0.0,0.0,0
2030-09-24 21:00:00,0.0,0.0,0.0,0.0,0.0,0.0,0.0,0
2030-09-24 22:00:00,0.0,0.0,0.0,0.0,0.0,0.0,0.0,0
2030-09-24 23:00:00,0.0,0.0,0.0,0.0,0.0,0.0,0.0,0
2030-09-25 00:00:00,0.0,0.0,0.0,0.0,0.0,0.0,0.0,0
2030-09-25 01:00:00,0.0,0.0,0.0,0.0,0.0,0.0,0.0,0
2030-09-25 02:00:00,0.0,0.0,0.0,0.0,0.0,0.0,0.0,0
2030-09-25 03:00:00,0.0,0.0,0.0,0.0,0.0,0.0,0.0,0
2030-09-25 04:00:00,0.0,0.0,0.0,0.0,0.0,0.0,0.0,0
2030-09-25 05:00:00,0.0,0.0,0.0,0.0,0.0,0.0,0.0,0
2030-09-25 06:00:00,0.0,0.0,0.0,0.0,0.0,0.0,0.0,0
2030-09-25 07:00:00,0.0,0.0,0.0,0.0,0.0,0.0,0.0,0
2030-09-25 08:00:00,0.0,0.0,0.0,0.0,1.8485835718550017,0.0,0.0,0
2030-09-25 09:00:00,0.0,0.0,0.0,0.0,8.417536341753932,0.0,0.0,0
2030-09-25 10:00:00,0.0,0.0,0.0,0.0,13.840072702111234,0.0,0.0,0
2030-09-25 11:00:00,0.0,0.0,0.0,0.0,21.517144532652807,0.0,0.0,0
2030-09-25 12:00:00,0.0,0.0,0.0,0.0,27.910739633843104,0.0,0.0,0
2030-09-25 13:00:00,0.0,0.0,0.0,0.0,29.88725108077031,0.0,0.0,0
2030-09-25 14:00:00,0.0,0.0,0.0,0.0,29.45191333203585,0.0,0.0,0
2030-09-25 15:00:00,0.0,0.0,0.0,0.0,27.96649173599029,0.0,0.0,0
2030-09-25 16:00:00,0.0,0.0,0.0,0.0,23.181974478540557,0.0,0.0,0
2030-09-25 17:00:00,0.0,0.0,0.0,0.0,17.11633725167178,0.0,0.0,0
2030-09-25 18:00:00,0.0,0.0,0.0,0.0,8.848013273128133,0.0,0.0,0
2030-09-25 19:00:00,0.0,0.0,0.0,0.0,1.2741233383701795,0.0,0.0,0
2030-09-25 20:00:00,0.0,0.0,0.0,0.0,0.0,0.0,0.0,0
2030-09-25 21:00:00,0.0,0.0,0.0,0.0,0.0,0.0,0.0,0
2030-09-25 22:00:00,0.0,0.0,0.0,0.0,0.0,0.0,0.0,0
2030-09-25 23:00:00,0.0,0.0,0.0,0.0,0.0,0.0,0.0,0
2030-09-26 00:00:00,0.0,0.0,0.0,0.0,0.0,0.0,0.0,0
2030-09-26 01:00:00,0.0,0.0,0.0,0.0,0.0,0.0,0.0,0
2030-09-26 02:00:00,0.0,0.0,0.0,0.0,0.0,0.0,0.0,0
2030-09-26 03:00:00,0.0,0.0,0.0,0.0,0.0,0.0,0.0,0
2030-09-26 04:00:00,0.0,0.0,0.0,0.0,0.0,0.0,0.0,0
2030-09-26 05:00:00,0.0,0.0,0.0,0.0,0.0,0.0,0.0,0
2030-09-26 06:00:00,0.0,0.0,0.0,0.0,0.0,0.0,0.0,0
2030-09-26 07:00:00,0.0,0.0,0.0,0.0,0.0,0.0,0.0,0
2030-09-26 08:00:00,0.0,0.0,0.0,0.0,2.50405742801076,0.0,0.0,0
2030-09-26 09:00:00,0.0,0.0,0.0,0.0,9.65741301235867,0.0,0.0,0
2030-09-26 10:00:00,0.0,0.0,0.0,0.0,17.020372933180667,0.0,0.0,0
2030-09-26 11:00:00,0.0,0.0,0.0,0.0,24.271828649708286,0.0,0.0,0
2030-09-26 12:00:00,0.0,0.0,0.0,0.0,28.176390667455895,0.0,0.0,0
2030-09-26 13:00:00,0.0,0.0,0.0,0.0,29.344165213883496,0.0,0.0,0
2030-09-26 14:00:00,0.0,0.0,0.0,0.0,28.549347926733734,0.0,0.0,0
2030-09-26 15:00:00,0.0,0.0,0.0,0.0,26.770583367871502,0.0,0.0,0
2030-09-26 16:00:00,0.0,0.0,0.0,0.0,23.006322214840385,0.0,0.0,0
2030-09-26 17:00:00,0.0,0.0,0.0,0.0,16.208911029009414,0.0,0.0,0
2030-09-26 18:00:00,0.0,0.0,0.0,0.0,8.424827567794315,0.0,0.0,0
2030-09-26 19:00:00,0.0,0.0,0.0,0.0,1.5908129542656575,0.0,0.0,0
2030-09-26 20:00:00,0.0,0.0,0.0,0.0,0.0,0.0,0.0,0
2030-09-26 21:00:00,0.0,0.0,0.0,0.0,0.0,0.0,0.0,0
2030-09-26 22:00:00,0.0,0.0,0.0,0.0,0.0,0.0,0.0,0
2030-09-26 23:00:00,0.0,0.0,0.0,0.0,0.0,0.0,0.0,0
2030-09-27 00:00:00,0.0,0.0,0.0,0.0,0.0,0.0,0.0,0
2030-09-27 01:00:00,0.0,0.0,0.0,0.0,0.0,0.0,0.0,0
2030-09-27 02:00:00,0.0,0.0,0.0,0.0,0.0,0.0,0.0,0
2030-09-27 03:00:00,0.0,0.0,0.0,0.0,0.0,0.0,0.0,0
2030-09-27 04:00:00,0.0,0.0,0.0,0.0,0.0,0.0,0.0,0
2030-09-27 05:00:00,0.0,0.0,0.0,0.0,0.0,0.0,0.0,0
2030-09-27 06:00:00,0.0,0.0,0.0,0.0,0.0,0.0,0.0,0
2030-09-27 07:00:00,0.0,0.0,0.0,0.0,0.0,0.0,0.0,0
2030-09-27 08:00:00,0.0,0.0,0.0,0.0,2.4893276784342215,0.0,0.0,0
2030-09-27 09:00:00,0.0,0.0,0.0,0.0,10.243067855521662,0.0,0.0,0
2030-09-27 10:00:00,0.0,0.0,0.0,0.0,17.36843691567416,0.0,0.0,0
2030-09-27 11:00:00,0.0,0.0,0.0,0.0,21.04645538493467,0.0,0.0,0
2030-09-27 12:00:00,0.0,0.0,0.0,0.0,22.87544838985288,0.0,0.0,0
2030-09-27 13:00:00,0.0,0.0,0.0,0.0,25.67410080939432,0.0,0.0,0
2030-09-27 14:00:00,0.0,0.0,0.0,0.0,25.32574223190929,0.0,0.0,0
2030-09-27 15:00:00,0.0,0.0,0.0,0.0,23.922070746013496,0.0,0.0,0
2030-09-27 16:00:00,0.0,0.0,0.0,0.0,20.237129294452014,0.0,0.0,0
2030-09-27 17:00:00,0.0,0.0,0.0,0.0,13.754492857071572,0.0,0.0,0
2030-09-27 18:00:00,0.0,0.0,0.0,0.0,6.488454688463174,0.0,0.0,0
2030-09-27 19:00:00,0.0,0.0,0.0,0.0,1.0163527207808356,0.0,0.0,0
2030-09-27 20:00:00,0.0,0.0,0.0,0.0,0.0,0.0,0.0,0
2030-09-27 21:00:00,0.0,0.0,0.0,0.0,0.0,0.0,0.0,0
2030-09-27 22:00:00,0.0,0.0,0.0,0.0,0.0,0.0,0.0,0
2030-09-27 23:00:00,0.0,0.0,0.0,0.0,0.0,0.0,0.0,0
2030-09-28 00:00:00,0.0,0.0,0.0,0.0,0.0,0.0,0.0,0
2030-09-28 01:00:00,0.0,0.0,0.0,0.0,0.0,0.0,0.0,0
2030-09-28 02:00:00,0.0,0.0,0.0,0.0,0.0,0.0,0.0,0
2030-09-28 03:00:00,0.0,0.0,0.0,0.0,0.0,0.0,0.0,0
2030-09-28 04:00:00,0.0,0.0,0.0,0.0,0.0,0.0,0.0,0
2030-09-28 05:00:00,0.0,0.0,0.0,0.0,0.0,0.0,0.0,0
2030-09-28 06:00:00,0.0,0.0,0.0,0.0,0.0,0.0,0.0,0
2030-09-28 07:00:00,0.0,0.0,0.0,0.0,0.0,0.0,0.0,0
2030-09-28 08:00:00,0.0,0.0,0.0,0.0,1.3551369610411155,0.0,0.0,0
2030-09-28 09:00:00,0.0,0.0,0.0,0.0,7.857879506593527,0.0,0.0,0
2030-09-28 10:00:00,0.0,0.0,0.0,0.0,15.837647690932876,0.0,0.0,0
2030-09-28 11:00:00,0.0,0.0,0.0,0.0,22.573414874786053,0.0,0.0,0
2030-09-28 12:00:00,0.0,0.0,0.0,0.0,27.040432380113604,0.0,0.0,0
2030-09-28 13:00:00,0.0,0.0,0.0,0.0,30.00501542863469,0.0,0.0,0
2030-09-28 14:00:00,0.0,0.0,0.0,0.0,29.869207137539057,0.0,0.0,0
2030-09-28 15:00:00,0.0,0.0,0.0,0.0,27.215274507587058,0.0,0.0,0
2030-09-28 16:00:00,0.0,0.0,0.0,0.0,23.3322179242212,0.0,0.0,0
2030-09-28 17:00:00,0.0,0.0,0.0,0.0,17.205304939114043,0.0,0.0,0
2030-09-28 18:00:00,0.0,0.0,0.0,0.0,9.029852031650448,0.0,0.0,0
2030-09-28 19:00:00,0.0,0.0,0.0,0.0,1.4729749576533864,0.0,0.0,0
2030-09-28 20:00:00,0.0,0.0,0.0,0.0,0.0,0.0,0.0,0
2030-09-28 21:00:00,0.0,0.0,0.0,0.0,0.0,0.0,0.0,0
2030-09-28 22:00:00,0.0,0.0,0.0,0.0,0.0,0.0,0.0,0
2030-09-28 23:00:00,0.0,0.0,0.0,0.0,0.0,0.0,0.0,0
2030-09-29 00:00:00,0.0,0.0,0.0,0.0,0.0,0.0,0.0,0
2030-09-29 01:00:00,0.0,0.0,0.0,0.0,0.0,0.0,0.0,0
2030-09-29 02:00:00,0.0,0.0,0.0,0.0,0.0,0.0,0.0,0
2030-09-29 03:00:00,0.0,0.0,0.0,0.0,0.0,0.0,0.0,0
2030-09-29 04:00:00,0.0,0.0,0.0,0.0,0.0,0.0,0.0,0
2030-09-29 05:00:00,0.0,0.0,0.0,0.0,0.0,0.0,0.0,0
2030-09-29 06:00:00,0.0,0.0,0.0,0.0,0.0,0.0,0.0,0
2030-09-29 07:00:00,0.0,0.0,0.0,0.0,0.0,0.0,0.0,0
2030-09-29 08:00:00,0.0,0.0,0.0,0.0,2.6808144229291644,0.0,0.0,0
2030-09-29 09:00:00,0.0,0.0,0.0,0.0,10.755589492037155,0.0,0.0,0
2030-09-29 10:00:00,0.0,0.0,0.0,0.0,18.50579452922622,0.0,0.0,0
2030-09-29 11:00:00,0.0,0.0,0.0,0.0,24.192214353247127,0.0,0.0,0
2030-09-29 12:00:00,0.0,0.0,0.0,0.0,27.652011582531287,0.0,0.0,0
2030-09-29 13:00:00,0.0,0.0,0.0,0.0,29.98837081161321,0.0,0.0,0
2030-09-29 14:00:00,0.0,0.0,0.0,0.0,29.635077768020043,0.0,0.0,0
2030-09-29 15:00:00,0.0,0.0,0.0,0.0,27.27691850956485,0.0,0.0,0
2030-09-29 16:00:00,0.0,0.0,0.0,0.0,23.159806205427866,0.0,0.0,0
2030-09-29 17:00:00,0.0,0.0,0.0,0.0,16.644248777743872,0.0,0.0,0
2030-09-29 18:00:00,0.0,0.0,0.0,0.0,8.692909010087234,0.0,0.0,0
2030-09-29 19:00:00,0.0,0.0,0.0,0.0,1.4950695820181887,0.0,0.0,0
2030-09-29 20:00:00,0.0,0.0,0.0,0.0,0.0,0.0,0.0,0
2030-09-29 21:00:00,0.0,0.0,0.0,0.0,0.0,0.0,0.0,0
2030-09-29 22:00:00,0.0,0.0,0.0,0.0,0.0,0.0,0.0,0
2030-09-29 23:00:00,0.0,0.0,0.0,0.0,0.0,0.0,0.0,0
2030-09-30 00:00:00,0.0,0.0,0.0,0.0,0.0,0.0,0.0,0
2030-09-30 01:00:00,0.0,0.0,0.0,0.0,0.0,0.0,0.0,0
2030-09-30 02:00:00,0.0,0.0,0.0,0.0,0.0,0.0,0.0,0
2030-09-30 03:00:00,0.0,0.0,0.0,0.0,0.0,0.0,0.0,0
2030-09-30 04:00:00,0.0,0.0,0.0,0.0,0.0,0.0,0.0,0
2030-09-30 05:00:00,0.0,0.0,0.0,0.0,0.0,0.0,0.0,0
2030-09-30 06:00:00,0.0,0.0,0.0,0.0,0.0,0.0,0.0,0
2030-09-30 07:00:00,0.0,0.0,0.0,0.0,0.0,0.0,0.0,0
2030-09-30 08:00:00,0.0,0.0,0.0,0.0,2.850206543059304,0.0,0.0,0
2030-09-30 09:00:00,0.0,0.0,0.0,0.0,11.298307115184548,0.0,0.0,0
2030-09-30 10:00:00,0.0,0.0,0.0,0.0,19.045345256214663,0.0,0.0,0
2030-09-30 11:00:00,0.0,0.0,0.0,0.0,25.05036956357599,0.0,0.0,0
2030-09-30 12:00:00,0.0,0.0,0.0,0.0,28.943810620393307,0.0,0.0,0
2030-09-30 13:00:00,0.0,0.0,0.0,0.0,30.684130532860788,0.0,0.0,0
2030-09-30 14:00:00,0.0,0.0,0.0,0.0,30.18891635209772,0.0,0.0,0
2030-09-30 15:00:00,0.0,0.0,0.0,0.0,27.975476883231977,0.0,0.0,0
2030-09-30 16:00:00,0.0,0.0,0.0,0.0,23.661943368491908,0.0,0.0,0
2030-09-30 17:00:00,0.0,0.0,0.0,0.0,17.321375365777133,0.0,0.0,0
2030-09-30 18:00:00,0.0,0.0,0.0,0.0,9.203000237922602,0.0,0.0,0
2030-09-30 19:00:00,0.0,0.0,0.0,0.0,1.5171642063829867,0.0,0.0,0
2030-09-30 20:00:00,0.0,0.0,0.0,0.0,0.0,0.0,0.0,0
2030-09-30 21:00:00,0.0,0.0,0.0,0.0,0.0,0.0,0.0,0
2030-09-30 22:00:00,0.0,0.0,0.0,0.0,0.0,0.0,0.0,0
2030-09-30 23:00:00,0.0,0.0,0.0,0.0,0.0,0.0,0.0,0
2030-10-01 00:00:00,0.0,0.0,0.0,0.0,0.0,0.0,0.0,0
2030-10-01 01:00:00,0.0,0.0,0.0,0.0,0.0,0.0,0.0,0
2030-10-01 02:00:00,0.0,0.0,0.0,0.0,0.0,0.0,0.0,0
2030-10-01 03:00:00,0.0,0.0,0.0,0.0,0.0,0.0,0.0,0
2030-10-01 04:00:00,0.0,0.0,0.0,0.0,0.0,0.0,0.0,0
2030-10-01 05:00:00,0.0,0.0,0.0,0.0,0.0,0.0,0.0,0
2030-10-01 06:00:00,0.0,0.0,0.0,0.0,0.0,0.0,0.0,0
2030-10-01 07:00:00,0.0,0.0,0.0,0.0,0.0,0.0,0.0,0
2030-10-01 08:00:00,0.0,0.0,0.0,0.0,2.496692553222491,0.0,0.0,0
2030-10-01 09:00:00,0.0,0.0,0.0,0.0,10.7248043154222,0.0,0.0,0
2030-10-01 10:00:00,0.0,0.0,0.0,0.0,17.763267853073152,0.0,0.0,0
2030-10-01 11:00:00,0.0,0.0,0.0,0.0,24.54403442188264,0.0,0.0,0
2030-10-01 12:00:00,0.0,0.0,0.0,0.0,28.81912329022796,0.0,0.0,0
2030-10-01 13:00:00,0.0,0.0,0.0,0.0,30.650914947565703,0.0,0.0,0
2030-10-01 14:00:00,0.0,0.0,0.0,0.0,30.286574591790146,0.0,0.0,0
2030-10-01 15:00:00,0.0,0.0,0.0,0.0,28.131317633751703,0.0,0.0,0
2030-10-01 16:00:00,0.0,0.0,0.0,0.0,23.957716739988708,0.0,0.0,0
2030-10-01 17:00:00,0.0,0.0,0.0,0.0,17.682548825393745,0.0,0.0,0
2030-10-01 18:00:00,0.0,0.0,0.0,0.0,9.552095302886457,0.0,0.0,0
2030-10-01 19:00:00,0.0,0.0,0.0,0.0,1.6791914517248618,0.0,0.0,0
2030-10-01 20:00:00,0.0,0.0,0.0,0.0,0.0,0.0,0.0,0
2030-10-01 21:00:00,0.0,0.0,0.0,0.0,0.0,0.0,0.0,0
2030-10-01 22:00:00,0.0,0.0,0.0,0.0,0.0,0.0,0.0,0
2030-10-01 23:00:00,0.0,0.0,0.0,0.0,0.0,0.0,0.0,0
2030-10-02 00:00:00,0.0,0.0,0.0,0.0,0.0,0.0,0.0,0
2030-10-02 01:00:00,0.0,0.0,0.0,0.0,0.0,0.0,0.0,0
2030-10-02 02:00:00,0.0,0.0,0.0,0.0,0.0,0.0,0.0,0
2030-10-02 03:00:00,0.0,0.0,0.0,0.0,0.0,0.0,0.0,0
2030-10-02 04:00:00,0.0,0.0,0.0,0.0,0.0,0.0,0.0,0
2030-10-02 05:00:00,0.0,0.0,0.0,0.0,0.0,0.0,0.0,0
2030-10-02 06:00:00,0.0,0.0,0.0,0.0,0.0,0.0,0.0,0
2030-10-02 07:00:00,0.0,0.0,0.0,0.0,0.0,0.0,0.0,0
2030-10-02 08:00:00,0.0,0.0,0.0,0.0,2.835476793482771,0.0,0.0,0
2030-10-02 09:00:00,0.0,0.0,0.0,0.0,11.301768606335028,0.0,0.0,0
2030-10-02 10:00:00,0.0,0.0,0.0,0.0,19.082095981408113,0.0,0.0,0
2030-10-02 11:00:00,0.0,0.0,0.0,0.0,24.328611834325834,0.0,0.0,0
2030-10-02 12:00:00,0.0,0.0,0.0,0.0,28.606131111351274,0.0,0.0,0
2030-10-02 13:00:00,0.0,0.0,0.0,0.0,30.710496784602785,0.0,0.0,0
2030-10-02 14:00:00,0.0,0.0,0.0,0.0,30.265805644887234,0.0,0.0,0
2030-10-02 15:00:00,0.0,0.0,0.0,0.0,27.40609841335106,0.0,0.0,0
2030-10-02 16:00:00,0.0,0.0,0.0,0.0,23.730215757779145,0.0,0.0,0
2030-10-02 17:00:00,0.0,0.0,0.0,0.0,17.46366474668645,0.0,0.0,0
2030-10-02 18:00:00,0.0,0.0,0.0,0.0,9.412899169388211,0.0,0.0,0
2030-10-02 19:00:00,0.0,0.0,0.0,0.0,1.5687183299008551,0.0,0.0,0
2030-10-02 20:00:00,0.0,0.0,0.0,0.0,0.0,0.0,0.0,0
2030-10-02 21:00:00,0.0,0.0,0.0,0.0,0.0,0.0,0.0,0
2030-10-02 22:00:00,0.0,0.0,0.0,0.0,0.0,0.0,0.0,0
2030-10-02 23:00:00,0.0,0.0,0.0,0.0,0.0,0.0,0.0,0
2030-10-03 00:00:00,0.0,0.0,0.0,0.0,0.0,0.0,0.0,0
2030-10-03 01:00:00,0.0,0.0,0.0,0.0,0.0,0.0,0.0,0
2030-10-03 02:00:00,0.0,0.0,0.0,0.0,0.0,0.0,0.0,0
2030-10-03 03:00:00,0.0,0.0,0.0,0.0,0.0,0.0,0.0,0
2030-10-03 04:00:00,0.0,0.0,0.0,0.0,0.0,0.0,0.0,0
2030-10-03 05:00:00,0.0,0.0,0.0,0.0,0.0,0.0,0.0,0
2030-10-03 06:00:00,0.0,0.0,0.0,0.0,0.0,0.0,0.0,0
2030-10-03 07:00:00,0.0,0.0,0.0,0.0,0.0,0.0,0.0,0
2030-10-03 08:00:00,0.0,0.0,0.0,0.0,2.5703413011051617,0.0,0.0,0
2030-10-03 09:00:00,0.0,0.0,0.0,0.0,10.461215446750124,0.0,0.0,0
2030-10-03 10:00:00,0.0,0.0,0.0,0.0,18.200299523008916,0.0,0.0,0
2030-10-03 11:00:00,0.0,0.0,0.0,0.0,24.315796952194248,0.0,0.0,0
2030-10-03 12:00:00,0.0,0.0,0.0,0.0,27.778466482645833,0.0,0.0,0
2030-10-03 13:00:00,0.0,0.0,0.0,0.0,29.581093235822046,0.0,0.0,0
2030-10-03 14:00:00,0.0,0.0,0.0,0.0,29.41693017679158,0.0,0.0,0
2030-10-03 15:00:00,0.0,0.0,0.0,0.0,26.799380028293623,0.0,0.0,0
2030-10-03 16:00:00,0.0,0.0,0.0,0.0,21.418455210490038,0.0,0.0,0
2030-10-03 17:00:00,0.0,0.0,0.0,0.0,15.01580131331017,0.0,0.0,0
2030-10-03 18:00:00,0.0,0.0,0.0,0.0,7.403834975896869,0.0,0.0,0
2030-10-03 19:00:00,0.0,0.0,0.0,0.0,1.2152043400640422,0.0,0.0,0
2030-10-03 20:00:00,0.0,0.0,0.0,0.0,0.0,0.0,0.0,0
2030-10-03 21:00:00,0.0,0.0,0.0,0.0,0.0,0.0,0.0,0
2030-10-03 22:00:00,0.0,0.0,0.0,0.0,0.0,0.0,0.0,0
2030-10-03 23:00:00,0.0,0.0,0.0,0.0,0.0,0.0,0.0,0
2030-10-04 00:00:00,0.0,0.0,0.0,0.0,0.0,0.0,0.0,0
2030-10-04 01:00:00,0.0,0.0,0.0,0.0,0.0,0.0,0.0,0
2030-10-04 02:00:00,0.0,0.0,0.0,0.0,0.0,0.0,0.0,0
2030-10-04 03:00:00,0.0,0.0,0.0,0.0,0.0,0.0,0.0,0
2030-10-04 04:00:00,0.0,0.0,0.0,0.0,0.0,0.0,0.0,0
2030-10-04 05:00:00,0.0,0.0,0.0,0.0,0.0,0.0,0.0,0
2030-10-04 06:00:00,0.0,0.0,0.0,0.0,0.0,0.0,0.0,0
2030-10-04 07:00:00,0.0,0.0,0.0,0.0,0.0,0.0,0.0,0
2030-10-04 08:00:00,0.0,0.0,0.0,0.0,2.5777061758934265,0.0,0.0,0
2030-10-04 09:00:00,0.0,0.0,0.0,0.0,10.709559024610488,0.0,0.0,0
2030-10-04 10:00:00,0.0,0.0,0.0,0.0,18.731233346495078,0.0,0.0,0
2030-10-04 11:00:00,0.0,0.0,0.0,0.0,24.689196103959382,0.0,0.0,0
2030-10-04 12:00:00,0.0,0.0,0.0,0.0,27.754162395844553,0.0,0.0,0
2030-10-04 13:00:00,0.0,0.0,0.0,0.0,30.179194717377207,0.0,0.0,0
2030-10-04 14:00:00,0.0,0.0,0.0,0.0,29.838716555915628,0.0,0.0,0
2030-10-04 15:00:00,0.0,0.0,0.0,0.0,27.34762130753221,0.0,0.0,0
2030-10-04 16:00:00,0.0,0.0,0.0,0.0,23.44165996357484,0.0,0.0,0
2030-10-04 17:00:00,0.0,0.0,0.0,0.0,17.164135289047636,0.0,0.0,0
2030-10-04 18:00:00,0.0,0.0,0.0,0.0,9.134433253643836,0.0,0.0,0
2030-10-04 19:00:00,0.0,0.0,0.0,0.0,1.4729749576533864,0.0,0.0,0
2030-10-04 20:00:00,0.0,0.0,0.0,0.0,0.0,0.0,0.0,0
2030-10-04 21:00:00,0.0,0.0,0.0,0.0,0.0,0.0,0.0,0
2030-10-04 22:00:00,0.0,0.0,0.0,0.0,0.0,0.0,0.0,0
2030-10-04 23:00:00,0.0,0.0,0.0,0.0,0.0,0.0,0.0,0
2030-10-05 00:00:00,0.0,0.0,0.0,0.0,0.0,0.0,0.0,0
2030-10-05 01:00:00,0.0,0.0,0.0,0.0,0.0,0.0,0.0,0
2030-10-05 02:00:00,0.0,0.0,0.0,0.0,0.0,0.0,0.0,0
2030-10-05 03:00:00,0.0,0.0,0.0,0.0,0.0,0.0,0.0,0
2030-10-05 04:00:00,0.0,0.0,0.0,0.0,0.0,0.0,0.0,0
2030-10-05 05:00:00,0.0,0.0,0.0,0.0,0.0,0.0,0.0,0
2030-10-05 06:00:00,0.0,0.0,0.0,0.0,0.0,0.0,0.0,0
2030-10-05 07:00:00,0.0,0.0,0.0,0.0,0.0,0.0,0.0,0
2030-10-05 08:00:00,0.0,0.0,0.0,0.0,2.467233054069424,0.0,0.0,0
2030-10-05 09:00:00,0.0,0.0,0.0,0.0,10.751096918416312,0.0,0.0,0
2030-10-05 10:00:00,0.0,0.0,0.0,0.0,18.677911653028023,0.0,0.0,0
2030-10-05 11:00:00,0.0,0.0,0.0,0.0,25.17262648506123,0.0,0.0,0
2030-10-05 12:00:00,0.0,0.0,0.0,0.0,28.98748432788773,0.0,0.0,0
2030-10-05 13:00:00,0.0,0.0,0.0,0.0,30.68273120665102,0.0,0.0,0
2030-10-05 14:00:00,0.0,0.0,0.0,0.0,30.22006977245209,0.0,0.0,0
2030-10-05 15:00:00,0.0,0.0,0.0,0.0,28.004568138645624,0.0,0.0,0
2030-10-05 16:00:00,0.0,0.0,0.0,0.0,23.68617380654531,0.0,0.0,0
2030-10-05 17:00:00,0.0,0.0,0.0,0.0,17.34486931635171,0.0,0.0,0
2030-10-05 18:00:00,0.0,0.0,0.0,0.0,9.130971762493347,0.0,0.0,0
2030-10-05 19:00:00,0.0,0.0,0.0,0.0,1.4950695820181887,0.0,0.0,0
2030-10-05 20:00:00,0.0,0.0,0.0,0.0,0.0,0.0,0.0,0
2030-10-05 21:00:00,0.0,0.0,0.0,0.0,0.0,0.0,0.0,0
2030-10-05 22:00:00,0.0,0.0,0.0,0.0,0.0,0.0,0.0,0
2030-10-05 23:00:00,0.0,0.0,0.0,0.0,0.0,0.0,0.0,0
2030-10-06 00:00:00,0.0,0.0,0.0,0.0,0.0,0.0,0.0,0
2030-10-06 01:00:00,0.0,0.0,0.0,0.0,0.0,0.0,0.0,0
2030-10-06 02:00:00,0.0,0.0,0.0,0.0,0.0,0.0,0.0,0
2030-10-06 03:00:00,0.0,0.0,0.0,0.0,0.0,0.0,0.0,0
2030-10-06 04:00:00,0.0,0.0,0.0,0.0,0.0,0.0,0.0,0
2030-10-06 05:00:00,0.0,0.0,0.0,0.0,0.0,0.0,0.0,0
2030-10-06 06:00:00,0.0,0.0,0.0,0.0,0.0,0.0,0.0,0
2030-10-06 07:00:00,0.0,0.0,0.0,0.0,0.0,0.0,0.0,0
2030-10-06 08:00:00,0.0,0.0,0.0,0.0,2.6292602994112952,0.0,0.0,0
2030-10-06 09:00:00,0.0,0.0,0.0,0.0,10.452598543247852,0.0,0.0,0
2030-10-06 10:00:00,0.0,0.0,0.0,0.0,18.49364248582558,0.0,0.0,0
2030-10-06 11:00:00,0.0,0.0,0.0,0.0,24.269398241028167,0.0,0.0,0
2030-10-06 12:00:00,0.0,0.0,0.0,0.0,28.12616222139992,0.0,0.0,0
2030-10-06 13:00:00,0.0,0.0,0.0,0.0,29.98041674684188,0.0,0.0,0
2030-10-06 14:00:00,0.0,0.0,0.0,0.0,29.28149012943535,0.0,0.0,0
2030-10-06 15:00:00,0.0,0.0,0.0,0.0,26.69266299261164,0.0,0.0,0
2030-10-06 16:00:00,0.0,0.0,0.0,0.0,22.40306532093344,0.0,0.0,0
2030-10-06 17:00:00,0.0,0.0,0.0,0.0,16.208248190278468,0.0,0.0,0
2030-10-06 18:00:00,0.0,0.0,0.0,0.0,8.27554155583615,0.0,0.0,0
2030-10-06 19:00:00,0.0,0.0,0.0,0.0,1.2372989644288444,0.0,0.0,0
2030-10-06 20:00:00,0.0,0.0,0.0,0.0,0.0,0.0,0.0,0
2030-10-06 21:00:00,0.0,0.0,0.0,0.0,0.0,0.0,0.0,0
2030-10-06 22:00:00,0.0,0.0,0.0,0.0,0.0,0.0,0.0,0
2030-10-06 23:00:00,0.0,0.0,0.0,0.0,0.0,0.0,0.0,0
2030-10-07 00:00:00,0.0,0.0,0.0,0.0,0.0,0.0,0.0,0
2030-10-07 01:00:00,0.0,0.0,0.0,0.0,0.0,0.0,0.0,0
2030-10-07 02:00:00,0.0,0.0,0.0,0.0,0.0,0.0,0.0,0
2030-10-07 03:00:00,0.0,0.0,0.0,0.0,0.0,0.0,0.0,0
2030-10-07 04:00:00,0.0,0.0,0.0,0.0,0.0,0.0,0.0,0
2030-10-07 05:00:00,0.0,0.0,0.0,0.0,0.0,0.0,0.0,0
2030-10-07 06:00:00,0.0,0.0,0.0,0.0,0.0,0.0,0.0,0
2030-10-07 07:00:00,0.0,0.0,0.0,0.0,0.0,0.0,0.0,0
2030-10-07 08:00:00,0.0,0.0,0.0,0.0,1.9664215684672728,0.0,0.0,0
2030-10-07 09:00:00,0.0,0.0,0.0,0.0,8.24505097421272,0.0,0.0,0
2030-10-07 10:00:00,0.0,0.0,0.0,0.0,14.894280879303764,0.0,0.0,0
2030-10-07 11:00:00,0.0,0.0,0.0,0.0,17.705453585985254,0.0,0.0,0
2030-10-07 12:00:00,0.0,0.0,0.0,0.0,24.01832965949615,0.0,0.0,0
2030-10-07 13:00:00,0.0,0.0,0.0,0.0,24.01972898570592,0.0,0.0,0
2030-10-07 14:00:00,0.0,0.0,0.0,0.0,25.16504066402931,0.0,0.0,0
2030-10-07 15:00:00,0.0,0.0,0.0,0.0,25.913827483752414,0.0,0.0,0
2030-10-07 16:00:00,0.0,0.0,0.0,0.0,19.60470749638353,0.0,0.0,0
2030-10-07 17:00:00,0.0,0.0,0.0,0.0,14.102188595825652,0.0,0.0,0
2030-10-07 18:00:00,0.0,0.0,0.0,0.0,6.400076191003969,0.0,0.0,0
2030-10-07 19:00:00,0.0,0.0,0.0,0.0,0.861690350227229,0.0,0.0,0
2030-10-07 20:00:00,0.0,0.0,0.0,0.0,0.0,0.0,0.0,0
2030-10-07 21:00:00,0.0,0.0,0.0,0.0,0.0,0.0,0.0,0
2030-10-07 22:00:00,0.0,0.0,0.0,0.0,0.0,0.0,0.0,0
2030-10-07 23:00:00,0.0,0.0,0.0,0.0,0.0,0.0,0.0,0
2030-10-08 00:00:00,0.0,0.0,0.0,0.0,0.0,0.0,0.0,0
2030-10-08 01:00:00,0.0,0.0,0.0,0.0,0.0,0.0,0.0,0
2030-10-08 02:00:00,0.0,0.0,0.0,0.0,0.0,0.0,0.0,0
2030-10-08 03:00:00,0.0,0.0,0.0,0.0,0.0,0.0,0.0,0
2030-10-08 04:00:00,0.0,0.0,0.0,0.0,0.0,0.0,0.0,0
2030-10-08 05:00:00,0.0,0.0,0.0,0.0,0.0,0.0,0.0,0
2030-10-08 06:00:00,0.0,0.0,0.0,0.0,0.0,0.0,0.0,0
2030-10-08 07:00:00,0.0,0.0,0.0,0.0,0.0,0.0,0.0,0
2030-10-08 08:00:00,0.0,0.0,0.0,0.0,2.202097561691815,0.0,0.0,0
2030-10-08 09:00:00,0.0,0.0,0.0,0.0,9.963570857306928,0.0,0.0,0
2030-10-08 10:00:00,0.0,0.0,0.0,0.0,17.262824611210412,0.0,0.0,0
2030-10-08 11:00:00,0.0,0.0,0.0,0.0,20.364541628289032,0.0,0.0,0
2030-10-08 12:00:00,0.0,0.0,0.0,0.0,24.07820609152476,0.0,0.0,0
2030-10-08 13:00:00,0.0,0.0,0.0,0.0,26.807996931795895,0.0,0.0,0
2030-10-08 14:00:00,0.0,0.0,0.0,0.0,25.722635334249,0.0,0.0,0
2030-10-08 15:00:00,0.0,0.0,0.0,0.0,22.665181214647863,0.0,0.0,0
2030-10-08 16:00:00,0.0,0.0,0.0,0.0,17.61950549720618,0.0,0.0,0
2030-10-08 17:00:00,0.0,0.0,0.0,0.0,10.75352732709644,0.0,0.0,0
2030-10-08 18:00:00,0.0,0.0,0.0,0.0,3.31419365472012,0.0,0.0,0
2030-10-08 19:00:00,0.0,0.0,0.0,0.0,1.0089878459925667,0.0,0.0,0
2030-10-08 20:00:00,0.0,0.0,0.0,0.0,0.0,0.0,0.0,0
2030-10-08 21:00:00,0.0,0.0,0.0,0.0,0.0,0.0,0.0,0
2030-10-08 22:00:00,0.0,0.0,0.0,0.0,0.0,0.0,0.0,0
2030-10-08 23:00:00,0.0,0.0,0.0,0.0,0.0,0.0,0.0,0
2030-10-09 00:00:00,0.0,0.0,0.0,0.0,0.0,0.0,0.0,0
2030-10-09 01:00:00,0.0,0.0,0.0,0.0,0.0,0.0,0.0,0
2030-10-09 02:00:00,0.0,0.0,0.0,0.0,0.0,0.0,0.0,0
2030-10-09 03:00:00,0.0,0.0,0.0,0.0,0.0,0.0,0.0,0
2030-10-09 04:00:00,0.0,0.0,0.0,0.0,0.0,0.0,0.0,0
2030-10-09 05:00:00,0.0,0.0,0.0,0.0,0.0,0.0,0.0,0
2030-10-09 06:00:00,0.0,0.0,0.0,0.0,0.0,0.0,0.0,0
2030-10-09 07:00:00,0.0,0.0,0.0,0.0,0.0,0.0,0.0,0
2030-10-09 08:00:00,0.0,0.0,0.0,0.0,1.7749348239723304,0.0,0.0,0
2030-10-09 09:00:00,0.0,0.0,0.0,0.0,5.928724204554886,0.0,0.0,0
2030-10-09 10:00:00,0.0,0.0,0.0,0.0,13.217667133754794,0.0,0.0,0
2030-10-09 11:00:00,0.0,0.0,0.0,0.0,17.726885371619115,0.0,0.0,0
2030-10-09 12:00:00,0.0,0.0,0.0,0.0,22.26865635604757,0.0,0.0,0
2030-10-09 13:00:00,0.0,0.0,0.0,0.0,25.409849101991295,0.0,0.0,0
2030-10-09 14:00:00,0.0,0.0,0.0,0.0,25.461845117996468,0.0,0.0,0
2030-10-09 15:00:00,0.0,0.0,0.0,0.0,19.86306730395594,0.0,0.0,0
2030-10-09 16:00:00,0.0,0.0,0.0,0.0,17.38405045022529,0.0,0.0,0
2030-10-09 17:00:00,0.0,0.0,0.0,0.0,12.196011703126407,0.0,0.0,0
2030-10-09 18:00:00,0.0,0.0,0.0,0.0,5.58257508950634,0.0,0.0,0
2030-10-09 19:00:00,0.0,0.0,0.0,0.0,0.5796156458366059,0.0,0.0,0
2030-10-09 20:00:00,0.0,0.0,0.0,0.0,0.0,0.0,0.0,0
2030-10-09 21:00:00,0.0,0.0,0.0,0.0,0.0,0.0,0.0,0
2030-10-09 22:00:00,0.0,0.0,0.0,0.0,0.0,0.0,0.0,0
2030-10-09 23:00:00,0.0,0.0,0.0,0.0,0.0,0.0,0.0,0
2030-10-10 00:00:00,0.0,0.0,0.0,0.0,0.0,0.0,0.0,0
2030-10-10 01:00:00,0.0,0.0,0.0,0.0,0.0,0.0,0.0,0
2030-10-10 02:00:00,0.0,0.0,0.0,0.0,0.0,0.0,0.0,0
2030-10-10 03:00:00,0.0,0.0,0.0,0.0,0.0,0.0,0.0,0
2030-10-10 04:00:00,0.0,0.0,0.0,0.0,0.0,0.0,0.0,0
2030-10-10 05:00:00,0.0,0.0,0.0,0.0,0.0,0.0,0.0,0
2030-10-10 06:00:00,0.0,0.0,0.0,0.0,0.0,0.0,0.0,0
2030-10-10 07:00:00,0.0,0.0,0.0,0.0,0.0,0.0,0.0,0
2030-10-10 08:00:00,0.0,0.0,0.0,0.0,2.887030917000639,0.0,0.0,0
2030-10-10 09:00:00,0.0,0.0,0.0,0.0,11.331596349227516,0.0,0.0,0
2030-10-10 10:00:00,0.0,0.0,0.0,0.0,18.217312383769805,0.0,0.0,0
2030-10-10 11:00:00,0.0,0.0,0.0,0.0,24.69884408993201,0.0,0.0,0
2030-10-10 12:00:00,0.0,0.0,0.0,0.0,28.631760875614443,0.0,0.0,0
2030-10-10 13:00:00,0.0,0.0,0.0,0.0,30.27722120080904,0.0,0.0,0
2030-10-10 14:00:00,0.0,0.0,0.0,0.0,29.59287703548328,0.0,0.0,0
2030-10-10 15:00:00,0.0,0.0,0.0,0.0,27.3714835018462,0.0,0.0,0
2030-10-10 16:00:00,0.0,0.0,0.0,0.0,23.107810189422704,0.0,0.0,0
2030-10-10 17:00:00,0.0,0.0,0.0,0.0,16.776595577689022,0.0,0.0,0
2030-10-10 18:00:00,0.0,0.0,0.0,0.0,8.720600939291117,0.0,0.0,0
2030-10-10 19:00:00,0.0,0.0,0.0,0.0,1.333042336676313,0.0,0.0,0
2030-10-10 20:00:00,0.0,0.0,0.0,0.0,0.0,0.0,0.0,0
2030-10-10 21:00:00,0.0,0.0,0.0,0.0,0.0,0.0,0.0,0
2030-10-10 22:00:00,0.0,0.0,0.0,0.0,0.0,0.0,0.0,0
2030-10-10 23:00:00,0.0,0.0,0.0,0.0,0.0,0.0,0.0,0
2030-10-11 00:00:00,0.0,0.0,0.0,0.0,0.0,0.0,0.0,0
2030-10-11 01:00:00,0.0,0.0,0.0,0.0,0.0,0.0,0.0,0
2030-10-11 02:00:00,0.0,0.0,0.0,0.0,0.0,0.0,0.0,0
2030-10-11 03:00:00,0.0,0.0,0.0,0.0,0.0,0.0,0.0,0
2030-10-11 04:00:00,0.0,0.0,0.0,0.0,0.0,0.0,0.0,0
2030-10-11 05:00:00,0.0,0.0,0.0,0.0,0.0,0.0,0.0,0
2030-10-11 06:00:00,0.0,0.0,0.0,0.0,0.0,0.0,0.0,0
2030-10-11 07:00:00,0.0,0.0,0.0,0.0,0.0,0.0,0.0,0
2030-10-11 08:00:00,0.0,0.0,0.0,0.0,2.7691929203883685,0.0,0.0,0
2030-10-11 09:00:00,0.0,0.0,0.0,0.0,11.27444492087056,0.0,0.0,0
2030-10-11 10:00:00,0.0,0.0,0.0,0.0,18.944962012850585,0.0,0.0,0
2030-10-11 11:00:00,0.0,0.0,0.0,0.0,24.89592813926604,0.0,0.0,0
2030-10-11 12:00:00,0.0,0.0,0.0,0.0,28.071809445462502,0.0,0.0,0
2030-10-11 13:00:00,0.0,0.0,0.0,0.0,30.189210947089247,0.0,0.0,0
2030-10-11 14:00:00,0.0,0.0,0.0,0.0,29.885188915829595,0.0,0.0,0
2030-10-11 15:00:00,0.0,0.0,0.0,0.0,27.45912551182658,0.0,0.0,0
2030-10-11 16:00:00,0.0,0.0,0.0,0.0,23.249142136609542,0.0,0.0,0
2030-10-11 17:00:00,0.0,0.0,0.0,0.0,16.7983956070623,0.0,0.0,0
2030-10-11 18:00:00,0.0,0.0,0.0,0.0,8.485072243562339,0.0,0.0,0
2030-10-11 19:00:00,0.0,0.0,0.0,0.0,1.266758463581911,0.0,0.0,0
2030-10-11 20:00:00,0.0,0.0,0.0,0.0,0.0,0.0,0.0,0
2030-10-11 21:00:00,0.0,0.0,0.0,0.0,0.0,0.0,0.0,0
2030-10-11 22:00:00,0.0,0.0,0.0,0.0,0.0,0.0,0.0,0
2030-10-11 23:00:00,0.0,0.0,0.0,0.0,0.0,0.0,0.0,0
2030-10-12 00:00:00,0.0,0.0,0.0,0.0,0.0,0.0,0.0,0
2030-10-12 01:00:00,0.0,0.0,0.0,0.0,0.0,0.0,0.0,0
2030-10-12 02:00:00,0.0,0.0,0.0,0.0,0.0,0.0,0.0,0
2030-10-12 03:00:00,0.0,0.0,0.0,0.0,0.0,0.0,0.0,0
2030-10-12 04:00:00,0.0,0.0,0.0,0.0,0.0,0.0,0.0,0
2030-10-12 05:00:00,0.0,0.0,0.0,0.0,0.0,0.0,0.0,0
2030-10-12 06:00:00,0.0,0.0,0.0,0.0,0.0,0.0,0.0,0
2030-10-12 07:00:00,0.0,0.0,0.0,0.0,0.0,0.0,0.0,0
2030-10-12 08:00:00,0.0,0.0,0.0,0.0,2.776557795176633,0.0,0.0,0
2030-10-12 09:00:00,0.0,0.0,0.0,0.0,10.704698207250232,0.0,0.0,0
2030-10-12 10:00:00,0.0,0.0,0.0,0.0,17.709946159606094,0.0,0.0,0
2030-10-12 11:00:00,0.0,0.0,0.0,0.0,24.535417518380367,0.0,0.0,0
2030-10-12 12:00:00,0.0,0.0,0.0,0.0,28.370676064370382,0.0,0.0,0
2030-10-12 13:00:00,0.0,0.0,0.0,0.0,29.993526223965,0.0,0.0,0
2030-10-12 14:00:00,0.0,0.0,0.0,0.0,29.52740329861558,0.0,0.0,0
2030-10-12 15:00:00,0.0,0.0,0.0,0.0,27.191412313273073,0.0,0.0,0
2030-10-12 16:00:00,0.0,0.0,0.0,0.0,22.81277330540473,0.0,0.0,0
2030-10-12 17:00:00,0.0,0.0,0.0,0.0,16.61029670496996,0.0,0.0,0
2030-10-12 18:00:00,0.0,0.0,0.0,0.0,8.368707221907723,0.0,0.0,0
2030-10-12 19:00:00,0.0,0.0,0.0,0.0,1.2225692148523108,0.0,0.0,0
2030-10-12 20:00:00,0.0,0.0,0.0,0.0,0.0,0.0,0.0,0
2030-10-12 21:00:00,0.0,0.0,0.0,0.0,0.0,0.0,0.0,0
2030-10-12 22:00:00,0.0,0.0,0.0,0.0,0.0,0.0,0.0,0
2030-10-12 23:00:00,0.0,0.0,0.0,0.0,0.0,0.0,0.0,0
2030-10-13 00:00:00,0.0,0.0,0.0,0.0,0.0,0.0,0.0,0
2030-10-13 01:00:00,0.0,0.0,0.0,0.0,0.0,0.0,0.0,0
2030-10-13 02:00:00,0.0,0.0,0.0,0.0,0.0,0.0,0.0,0
2030-10-13 03:00:00,0.0,0.0,0.0,0.0,0.0,0.0,0.0,0
2030-10-13 04:00:00,0.0,0.0,0.0,0.0,0.0,0.0,0.0,0
2030-10-13 05:00:00,0.0,0.0,0.0,0.0,0.0,0.0,0.0,0
2030-10-13 06:00:00,0.0,0.0,0.0,0.0,0.0,0.0,0.0,0
2030-10-13 07:00:00,0.0,0.0,0.0,0.0,0.0,0.0,0.0,0
2030-10-13 08:00:00,0.0,0.0,0.0,0.0,2.511422302799024,0.0,0.0,0
2030-10-13 09:00:00,0.0,0.0,0.0,0.0,10.194238735675452,0.0,0.0,0
2030-10-13 10:00:00,0.0,0.0,0.0,0.0,18.292802350349543,0.0,0.0,0
2030-10-13 11:00:00,0.0,0.0,0.0,0.0,24.75010361845835,0.0,0.0,0
2030-10-13 12:00:00,0.0,0.0,0.0,0.0,28.228681278452594,0.0,0.0,0
2030-10-13 13:00:00,0.0,0.0,0.0,0.0,29.64133791159008,0.0,0.0,0
2030-10-13 14:00:00,0.0,0.0,0.0,0.0,29.511789764064456,0.0,0.0,0
2030-10-13 15:00:00,0.0,0.0,0.0,0.0,27.24407116800919,0.0,0.0,0
2030-10-13 16:00:00,0.0,0.0,0.0,0.0,22.719239395593743,0.0,0.0,0
2030-10-13 17:00:00,0.0,0.0,0.0,0.0,16.262969209955294,0.0,0.0,0
2030-10-13 18:00:00,0.0,0.0,0.0,0.0,8.321940267002228,0.0,0.0,0
2030-10-13 19:00:00,0.0,0.0,0.0,0.0,1.1857448409109754,0.0,0.0,0
2030-10-13 20:00:00,0.0,0.0,0.0,0.0,0.0,0.0,0.0,0
2030-10-13 21:00:00,0.0,0.0,0.0,0.0,0.0,0.0,0.0,0
2030-10-13 22:00:00,0.0,0.0,0.0,0.0,0.0,0.0,0.0,0
2030-10-13 23:00:00,0.0,0.0,0.0,0.0,0.0,0.0,0.0,0
2030-10-14 00:00:00,0.0,0.0,0.0,0.0,0.0,0.0,0.0,0
2030-10-14 01:00:00,0.0,0.0,0.0,0.0,0.0,0.0,0.0,0
2030-10-14 02:00:00,0.0,0.0,0.0,0.0,0.0,0.0,0.0,0
2030-10-14 03:00:00,0.0,0.0,0.0,0.0,0.0,0.0,0.0,0
2030-10-14 04:00:00,0.0,0.0,0.0,0.0,0.0,0.0,0.0,0
2030-10-14 05:00:00,0.0,0.0,0.0,0.0,0.0,0.0,0.0,0
2030-10-14 06:00:00,0.0,0.0,0.0,0.0,0.0,0.0,0.0,0
2030-10-14 07:00:00,0.0,0.0,0.0,0.0,0.0,0.0,0.0,0
2030-10-14 08:00:00,0.0,0.0,0.0,0.0,2.4745979288576887,0.0,0.0,0
2030-10-14 09:00:00,0.0,0.0,0.0,0.0,10.84949164558756,0.0,0.0,0
2030-10-14 10:00:00,0.0,0.0,0.0,0.0,18.503732364285508,0.0,0.0,0
2030-10-14 11:00:00,0.0,0.0,0.0,0.0,24.248997537864664,0.0,0.0,0
2030-10-14 12:00:00,0.0,0.0,0.0,0.0,28.004936382385047,0.0,0.0,0
2030-10-14 13:00:00,0.0,0.0,0.0,0.0,29.98284715552201,0.0,0.0,0
2030-10-14 14:00:00,0.0,0.0,0.0,0.0,29.32067126330893,0.0,0.0,0
2030-10-14 15:00:00,0.0,0.0,0.0,0.0,26.968698499675885,0.0,0.0,0
2030-10-14 16:00:00,0.0,0.0,0.0,0.0,22.211504927690623,0.0,0.0,0
2030-10-14 17:00:00,0.0,0.0,0.0,0.0,16.174664361243973,0.0,0.0,0
2030-10-14 18:00:00,0.0,0.0,0.0,0.0,8.02410473056471,0.0,0.0,0
2030-10-14 19:00:00,0.0,0.0,0.0,0.0,1.2004745904875087,0.0,0.0,0
2030-10-14 20:00:00,0.0,0.0,0.0,0.0,0.0,0.0,0.0,0
2030-10-14 21:00:00,0.0,0.0,0.0,0.0,0.0,0.0,0.0,0
2030-10-14 22:00:00,0.0,0.0,0.0,0.0,0.0,0.0,0.0,0
2030-10-14 23:00:00,0.0,0.0,0.0,0.0,0.0,0.0,0.0,0
2030-10-15 00:00:00,0.0,0.0,0.0,0.0,0.0,0.0,0.0,0
2030-10-15 01:00:00,0.0,0.0,0.0,0.0,0.0,0.0,0.0,0
2030-10-15 02:00:00,0.0,0.0,0.0,0.0,0.0,0.0,0.0,0
2030-10-15 03:00:00,0.0,0.0,0.0,0.0,0.0,0.0,0.0,0
2030-10-15 04:00:00,0.0,0.0,0.0,0.0,0.0,0.0,0.0,0
2030-10-15 05:00:00,0.0,0.0,0.0,0.0,0.0,0.0,0.0,0
2030-10-15 06:00:00,0.0,0.0,0.0,0.0,0.0,0.0,0.0,0
2030-10-15 07:00:00,0.0,0.0,0.0,0.0,0.0,0.0,0.0,0
2030-10-15 08:00:00,0.0,0.0,0.0,0.0,1.0605419695104357,0.0,0.0,0
2030-10-15 09:00:00,0.0,0.0,0.0,0.0,7.388221441345744,0.0,0.0,0
2030-10-15 10:00:00,0.0,0.0,0.0,0.0,18.06456488066115,0.0,0.0,0
2030-10-15 11:00:00,0.0,0.0,0.0,0.0,24.71725627690268,0.0,0.0,0
2030-10-15 12:00:00,0.0,0.0,0.0,0.0,28.34158480895672,0.0,0.0,0
2030-10-15 13:00:00,0.0,0.0,0.0,0.0,29.879297015998972,0.0,0.0,0
2030-10-15 14:00:00,0.0,0.0,0.0,0.0,29.200476506764407,0.0,0.0,0
2030-10-15 15:00:00,0.0,0.0,0.0,0.0,26.88562271206423,0.0,0.0,0
2030-10-15 16:00:00,0.0,0.0,0.0,0.0,22.430094411406376,0.0,0.0,0
2030-10-15 17:00:00,0.0,0.0,0.0,0.0,15.214652932593376,0.0,0.0,0
2030-10-15 18:00:00,0.0,0.0,0.0,0.0,5.68568333654208,0.0,0.0,0
2030-10-15 19:00:00,0.0,0.0,0.0,0.0,0.9942580964160332,0.0,0.0,0
2030-10-15 20:00:00,0.0,0.0,0.0,0.0,0.0,0.0,0.0,0
2030-10-15 21:00:00,0.0,0.0,0.0,0.0,0.0,0.0,0.0,0
2030-10-15 22:00:00,0.0,0.0,0.0,0.0,0.0,0.0,0.0,0
2030-10-15 23:00:00,0.0,0.0,0.0,0.0,0.0,0.0,0.0,0
2030-10-16 00:00:00,0.0,0.0,0.0,0.0,0.0,0.0,0.0,0
2030-10-16 01:00:00,0.0,0.0,0.0,0.0,0.0,0.0,0.0,0
2030-10-16 02:00:00,0.0,0.0,0.0,0.0,0.0,0.0,0.0,0
2030-10-16 03:00:00,0.0,0.0,0.0,0.0,0.0,0.0,0.0,0
2030-10-16 04:00:00,0.0,0.0,0.0,0.0,0.0,0.0,0.0,0
2030-10-16 05:00:00,0.0,0.0,0.0,0.0,0.0,0.0,0.0,0
2030-10-16 06:00:00,0.0,0.0,0.0,0.0,0.0,0.0,0.0,0
2030-10-16 07:00:00,0.0,0.0,0.0,0.0,0.0,0.0,0.0,0
2030-10-16 08:00:00,0.0,0.0,0.0,0.0,2.2831111843627507,0.0,0.0,0
2030-10-16 09:00:00,0.0,0.0,0.0,0.0,9.753671925841324,0.0,0.0,0
2030-10-16 10:00:00,0.0,0.0,0.0,0.0,17.814159137860077,0.0,0.0,0
2030-10-16 11:00:00,0.0,0.0,0.0,0.0,22.771161762851015,0.0,0.0,0
2030-10-16 12:00:00,0.0,0.0,0.0,0.0,27.22462789856816,0.0,0.0,0
2030-10-16 13:00:00,0.0,0.0,0.0,0.0,29.41413152437204,0.0,0.0,0
2030-10-16 14:00:00,0.0,0.0,0.0,0.0,29.427977488973976,0.0,0.0,0
2030-10-16 15:00:00,0.0,0.0,0.0,0.0,26.75644280827803,0.0,0.0,0
2030-10-16 16:00:00,0.0,0.0,0.0,0.0,22.700532613631545,0.0,0.0,0
2030-10-16 17:00:00,0.0,0.0,0.0,0.0,16.412918060644408,0.0,0.0,0
2030-10-16 18:00:00,0.0,0.0,0.0,0.0,8.22045229241991,0.0,0.0,0
2030-10-16 19:00:00,0.0,0.0,0.0,0.0,1.0237175955691042,0.0,0.0,0
2030-10-16 20:00:00,0.0,0.0,0.0,0.0,0.0,0.0,0.0,0
2030-10-16 21:00:00,0.0,0.0,0.0,0.0,0.0,0.0,0.0,0
2030-10-16 22:00:00,0.0,0.0,0.0,0.0,0.0,0.0,0.0,0
2030-10-16 23:00:00,0.0,0.0,0.0,0.0,0.0,0.0,0.0,0
2030-10-17 00:00:00,0.0,0.0,0.0,0.0,0.0,0.0,0.0,0
2030-10-17 01:00:00,0.0,0.0,0.0,0.0,0.0,0.0,0.0,0
2030-10-17 02:00:00,0.0,0.0,0.0,0.0,0.0,0.0,0.0,0
2030-10-17 03:00:00,0.0,0.0,0.0,0.0,0.0,0.0,0.0,0
2030-10-17 04:00:00,0.0,0.0,0.0,0.0,0.0,0.0,0.0,0
2030-10-17 05:00:00,0.0,0.0,0.0,0.0,0.0,0.0,0.0,0
2030-10-17 06:00:00,0.0,0.0,0.0,0.0,0.0,0.0,0.0,0
2030-10-17 07:00:00,0.0,0.0,0.0,0.0,0.0,0.0,0.0,0
2030-10-17 08:00:00,0.0,0.0,0.0,0.0,1.4214208341355177,0.0,0.0,0
2030-10-17 09:00:00,0.0,0.0,0.0,0.0,7.512908771511106,0.0,0.0,0
2030-10-17 10:00:00,0.0,0.0,0.0,0.0,17.642042014058273,0.0,0.0,0
2030-10-17 11:00:00,0.0,0.0,0.0,0.0,24.730365754025797,0.0,0.0,0
2030-10-17 12:00:00,0.0,0.0,0.0,0.0,28.670205522009194,0.0,0.0,0
2030-10-17 13:00:00,0.0,0.0,0.0,0.0,30.28900500047027,0.0,0.0,0
2030-10-17 14:00:00,0.0,0.0,0.0,0.0,29.659381854821326,0.0,0.0,0
2030-10-17 15:00:00,0.0,0.0,0.0,0.0,27.27485634462414,0.0,0.0,0
2030-10-17 16:00:00,0.0,0.0,0.0,0.0,22.8681571638125,0.0,0.0,0
2030-10-17 17:00:00,0.0,0.0,0.0,0.0,16.48082220619223,0.0,0.0,0
2030-10-17 18:00:00,0.0,0.0,0.0,0.0,8.252342200253105,0.0,0.0,0
2030-10-17 19:00:00,0.0,0.0,0.0,0.0,1.2004745904875087,0.0,0.0,0
2030-10-17 20:00:00,0.0,0.0,0.0,0.0,0.0,0.0,0.0,0
2030-10-17 21:00:00,0.0,0.0,0.0,0.0,0.0,0.0,0.0,0
2030-10-17 22:00:00,0.0,0.0,0.0,0.0,0.0,0.0,0.0,0
2030-10-17 23:00:00,0.0,0.0,0.0,0.0,0.0,0.0,0.0,0
2030-10-18 00:00:00,0.0,0.0,0.0,0.0,0.0,0.0,0.0,0
2030-10-18 01:00:00,0.0,0.0,0.0,0.0,0.0,0.0,0.0,0
2030-10-18 02:00:00,0.0,0.0,0.0,0.0,0.0,0.0,0.0,0
2030-10-18 03:00:00,0.0,0.0,0.0,0.0,0.0,0.0,0.0,0
2030-10-18 04:00:00,0.0,0.0,0.0,0.0,0.0,0.0,0.0,0
2030-10-18 05:00:00,0.0,0.0,0.0,0.0,0.0,0.0,0.0,0
2030-10-18 06:00:00,0.0,0.0,0.0,0.0,0.0,0.0,0.0,0
2030-10-18 07:00:00,0.0,0.0,0.0,0.0,0.0,0.0,0.0,0
2030-10-18 08:00:00,0.0,0.0,0.0,0.0,2.916490416153706,0.0,0.0,0
2030-10-18 09:00:00,0.0,0.0,0.0,0.0,11.493328999577859,0.0,0.0,0
2030-10-18 10:00:00,0.0,0.0,0.0,0.0,18.95807148997369,0.0,0.0,0
2030-10-18 11:00:00,0.0,0.0,0.0,0.0,24.89938963041652,0.0,0.0,0
2030-10-18 12:00:00,0.0,0.0,0.0,0.0,28.53999453575264,0.0,0.0,0
2030-10-18 13:00:00,0.0,0.0,0.0,0.0,30.174333900016958,0.0,0.0,0
2030-10-18 14:00:00,0.0,0.0,0.0,0.0,29.47820593502996,0.0,0.0,0
2030-10-18 15:00:00,0.0,0.0,0.0,0.0,27.248195497890617,0.0,0.0,0
2030-10-18 16:00:00,0.0,0.0,0.0,0.0,22.880972045944084,0.0,0.0,0
2030-10-18 17:00:00,0.0,0.0,0.0,0.0,16.411518734434637,0.0,0.0,0
2030-10-18 18:00:00,0.0,0.0,0.0,0.0,8.06704195058031,0.0,0.0,0
2030-10-18 19:00:00,0.0,0.0,0.0,0.0,1.2078394652757776,0.0,0.0,0
2030-10-18 20:00:00,0.0,0.0,0.0,0.0,0.0,0.0,0.0,0
2030-10-18 21:00:00,0.0,0.0,0.0,0.0,0.0,0.0,0.0,0
2030-10-18 22:00:00,0.0,0.0,0.0,0.0,0.0,0.0,0.0,0
2030-10-18 23:00:00,0.0,0.0,0.0,0.0,0.0,0.0,0.0,0
2030-10-19 00:00:00,0.0,0.0,0.0,0.0,0.0,0.0,0.0,0
2030-10-19 01:00:00,0.0,0.0,0.0,0.0,0.0,0.0,0.0,0
2030-10-19 02:00:00,0.0,0.0,0.0,0.0,0.0,0.0,0.0,0
2030-10-19 03:00:00,0.0,0.0,0.0,0.0,0.0,0.0,0.0,0
2030-10-19 04:00:00,0.0,0.0,0.0,0.0,0.0,0.0,0.0,0
2030-10-19 05:00:00,0.0,0.0,0.0,0.0,0.0,0.0,0.0,0
2030-10-19 06:00:00,0.0,0.0,0.0,0.0,0.0,0.0,0.0,0
2030-10-19 07:00:00,0.0,0.0,0.0,0.0,0.0,0.0,0.0,0
2030-10-19 08:00:00,0.0,0.0,0.0,0.0,2.79128754475317,0.0,0.0,0
2030-10-19 09:00:00,0.0,0.0,0.0,0.0,10.363557207057704,0.0,0.0,0
2030-10-19 10:00:00,0.0,0.0,0.0,0.0,18.770414480368657,0.0,0.0,0
2030-10-19 11:00:00,0.0,0.0,0.0,0.0,24.243105638034052,0.0,0.0,0
2030-10-19 12:00:00,0.0,0.0,0.0,0.0,28.22485154356269,0.0,0.0,0
2030-10-19 13:00:00,0.0,0.0,0.0,0.0,29.60289326519532,0.0,0.0,0
2030-10-19 14:00:00,0.0,0.0,0.0,0.0,28.304539488771734,0.0,0.0,0
2030-10-19 15:00:00,0.0,0.0,0.0,0.0,26.972896478305195,0.0,0.0,0
2030-10-19 16:00:00,0.0,0.0,0.0,0.0,22.688454218978787,0.0,0.0,0
2030-10-19 17:00:00,0.0,0.0,0.0,0.0,16.037824987677972,0.0,0.0,0
2030-10-19 18:00:00,0.0,0.0,0.0,0.0,8.099300102152919,0.0,0.0,0
2030-10-19 19:00:00,0.0,0.0,0.0,0.0,0.9647985972629664,0.0,0.0,0
2030-10-19 20:00:00,0.0,0.0,0.0,0.0,0.0,0.0,0.0,0
2030-10-19 21:00:00,0.0,0.0,0.0,0.0,0.0,0.0,0.0,0
2030-10-19 22:00:00,0.0,0.0,0.0,0.0,0.0,0.0,0.0,0
2030-10-19 23:00:00,0.0,0.0,0.0,0.0,0.0,0.0,0.0,0
2030-10-20 00:00:00,0.0,0.0,0.0,0.0,0.0,0.0,0.0,0
2030-10-20 01:00:00,0.0,0.0,0.0,0.0,0.0,0.0,0.0,0
2030-10-20 02:00:00,0.0,0.0,0.0,0.0,0.0,0.0,0.0,0
2030-10-20 03:00:00,0.0,0.0,0.0,0.0,0.0,0.0,0.0,0
2030-10-20 04:00:00,0.0,0.0,0.0,0.0,0.0,0.0,0.0,0
2030-10-20 05:00:00,0.0,0.0,0.0,0.0,0.0,0.0,0.0,0
2030-10-20 06:00:00,0.0,0.0,0.0,0.0,0.0,0.0,0.0,0
2030-10-20 07:00:00,0.0,0.0,0.0,0.0,0.0,0.0,0.0,0
2030-10-20 08:00:00,0.0,0.0,0.0,0.0,2.84284166827104,0.0,0.0,0
2030-10-20 09:00:00,0.0,0.0,0.0,0.0,11.504744555499672,0.0,0.0,0
2030-10-20 10:00:00,0.0,0.0,0.0,0.0,18.951148507672723,0.0,0.0,0
2030-10-20 11:00:00,0.0,0.0,0.0,0.0,24.710996133332653,0.0,0.0,0
2030-10-20 12:00:00,0.0,0.0,0.0,0.0,28.357492938499384,0.0,0.0,0
2030-10-20 13:00:00,0.0,0.0,0.0,0.0,30.025047888058776,0.0,0.0,0
2030-10-20 14:00:00,0.0,0.0,0.0,0.0,29.60009461277578,0.0,0.0,0
2030-10-20 15:00:00,0.0,0.0,0.0,0.0,27.36699092822536,0.0,0.0,0
2030-10-20 16:00:00,0.0,0.0,0.0,0.0,23.0011668024886,0.0,0.0,0
2030-10-20 17:00:00,0.0,0.0,0.0,0.0,16.64910959510413,0.0,0.0,0
2030-10-20 18:00:00,0.0,0.0,0.0,0.0,8.41687350302299,0.0,0.0,0
2030-10-20 19:00:00,0.0,0.0,0.0,0.0,1.2888530879467133,0.0,0.0,0
2030-10-20 20:00:00,0.0,0.0,0.0,0.0,0.0,0.0,0.0,0
2030-10-20 21:00:00,0.0,0.0,0.0,0.0,0.0,0.0,0.0,0
2030-10-20 22:00:00,0.0,0.0,0.0,0.0,0.0,0.0,0.0,0
2030-10-20 23:00:00,0.0,0.0,0.0,0.0,0.0,0.0,0.0,0
2030-10-21 00:00:00,0.0,0.0,0.0,0.0,0.0,0.0,0.0,0
2030-10-21 01:00:00,0.0,0.0,0.0,0.0,0.0,0.0,0.0,0
2030-10-21 02:00:00,0.0,0.0,0.0,0.0,0.0,0.0,0.0,0
2030-10-21 03:00:00,0.0,0.0,0.0,0.0,0.0,0.0,0.0,0
2030-10-21 04:00:00,0.0,0.0,0.0,0.0,0.0,0.0,0.0,0
2030-10-21 05:00:00,0.0,0.0,0.0,0.0,0.0,0.0,0.0,0
2030-10-21 06:00:00,0.0,0.0,0.0,0.0,0.0,0.0,0.0,0
2030-10-21 07:00:00,0.0,0.0,0.0,0.0,0.0,0.0,0.0,0
2030-10-21 08:00:00,0.0,0.0,0.0,0.0,3.0858825362838465,0.0,0.0,0
2030-10-21 09:00:00,0.0,0.0,0.0,0.0,11.929992425774202,0.0,0.0,0
2030-10-21 10:00:00,0.0,0.0,0.0,0.0,19.70030357113524,0.0,0.0,0
2030-10-21 11:00:00,0.0,0.0,0.0,0.0,25.359988899674736,0.0,0.0,0
2030-10-21 12:00:00,0.0,0.0,0.0,0.0,28.986085001677964,0.0,0.0,0
2030-10-21 13:00:00,0.0,0.0,0.0,0.0,30.552520220394456,0.0,0.0,0
2030-10-21 14:00:00,0.0,0.0,0.0,0.0,29.783995536238805,0.0,0.0,0
2030-10-21 15:00:00,0.0,0.0,0.0,0.0,27.23921035064893,0.0,0.0,0
2030-10-21 16:00:00,0.0,0.0,0.0,0.0,22.81792871775652,0.0,0.0,0
2030-10-21 17:00:00,0.0,0.0,0.0,0.0,16.4728681414209,0.0,0.0,0
2030-10-21 18:00:00,0.0,0.0,0.0,0.0,8.21117255018669,0.0,0.0,0
2030-10-21 19:00:00,0.0,0.0,0.0,0.0,1.2446638392171088,0.0,0.0,0
2030-10-21 20:00:00,0.0,0.0,0.0,0.0,0.0,0.0,0.0,0
2030-10-21 21:00:00,0.0,0.0,0.0,0.0,0.0,0.0,0.0,0
2030-10-21 22:00:00,0.0,0.0,0.0,0.0,0.0,0.0,0.0,0
2030-10-21 23:00:00,0.0,0.0,0.0,0.0,0.0,0.0,0.0,0
2030-10-22 00:00:00,0.0,0.0,0.0,0.0,0.0,0.0,0.0,0
2030-10-22 01:00:00,0.0,0.0,0.0,0.0,0.0,0.0,0.0,0
2030-10-22 02:00:00,0.0,0.0,0.0,0.0,0.0,0.0,0.0,0
2030-10-22 03:00:00,0.0,0.0,0.0,0.0,0.0,0.0,0.0,0
2030-10-22 04:00:00,0.0,0.0,0.0,0.0,0.0,0.0,0.0,0
2030-10-22 05:00:00,0.0,0.0,0.0,0.0,0.0,0.0,0.0,0
2030-10-22 06:00:00,0.0,0.0,0.0,0.0,0.0,0.0,0.0,0
2030-10-22 07:00:00,0.0,0.0,0.0,0.0,0.0,0.0,0.0,0
2030-10-22 08:00:00,0.0,0.0,0.0,0.0,1.5245290811712553,0.0,0.0,0
2030-10-22 09:00:00,0.0,0.0,0.0,0.0,7.467909386554795,0.0,0.0,0
2030-10-22 10:00:00,0.0,0.0,0.0,0.0,15.703312374794889,0.0,0.0,0
2030-10-22 11:00:00,0.0,0.0,0.0,0.0,24.09315678734494,0.0,0.0,0
2030-10-22 12:00:00,0.0,0.0,0.0,0.0,28.04478035498956,0.0,0.0,0
2030-10-22 13:00:00,0.0,0.0,0.0,0.0,30.32325166823571,0.0,0.0,0
2030-10-22 14:00:00,0.0,0.0,0.0,0.0,29.515987742693767,0.0,0.0,0
2030-10-22 15:00:00,0.0,0.0,0.0,0.0,27.086094603800856,0.0,0.0,0
2030-10-22 16:00:00,0.0,0.0,0.0,0.0,22.750761059687527,0.0,0.0,0
2030-10-22 17:00:00,0.0,0.0,0.0,0.0,16.095344659774337,0.0,0.0,0
2030-10-22 18:00:00,0.0,0.0,0.0,0.0,7.572858852287597,0.0,0.0,0
2030-10-22 19:00:00,0.0,0.0,0.0,0.0,1.1415555921813751,0.0,0.0,0
2030-10-22 20:00:00,0.0,0.0,0.0,0.0,0.0,0.0,0.0,0
2030-10-22 21:00:00,0.0,0.0,0.0,0.0,0.0,0.0,0.0,0
2030-10-22 22:00:00,0.0,0.0,0.0,0.0,0.0,0.0,0.0,0
2030-10-22 23:00:00,0.0,0.0,0.0,0.0,0.0,0.0,0.0,0
2030-10-23 00:00:00,0.0,0.0,0.0,0.0,0.0,0.0,0.0,0
2030-10-23 01:00:00,0.0,0.0,0.0,0.0,0.0,0.0,0.0,0
2030-10-23 02:00:00,0.0,0.0,0.0,0.0,0.0,0.0,0.0,0
2030-10-23 03:00:00,0.0,0.0,0.0,0.0,0.0,0.0,0.0,0
2030-10-23 04:00:00,0.0,0.0,0.0,0.0,0.0,0.0,0.0,0
2030-10-23 05:00:00,0.0,0.0,0.0,0.0,0.0,0.0,0.0,0
2030-10-23 06:00:00,0.0,0.0,0.0,0.0,0.0,0.0,0.0,0
2030-10-23 07:00:00,0.0,0.0,0.0,0.0,0.0,0.0,0.0,0
2030-10-23 08:00:00,0.0,0.0,0.0,0.0,2.6218954246230304,0.0,0.0,0
2030-10-23 09:00:00,0.0,0.0,0.0,0.0,10.742480014914042,0.0,0.0,0
2030-10-23 10:00:00,0.0,0.0,0.0,0.0,17.953428920106198,0.0,0.0,0
2030-10-23 11:00:00,0.0,0.0,0.0,0.0,23.68617380654531,0.0,0.0,0
2030-10-23 12:00:00,0.0,0.0,0.0,0.0,27.05251077476636,0.0,0.0,0
2030-10-23 13:00:00,0.0,0.0,0.0,0.0,28.286127301801066,0.0,0.0,0
2030-10-23 14:00:00,0.0,0.0,0.0,0.0,28.564961461284852,0.0,0.0,0
2030-10-23 15:00:00,0.0,0.0,0.0,0.0,25.407124098319645,0.0,0.0,0
2030-10-23 16:00:00,0.0,0.0,0.0,0.0,22.10692370569723,0.0,0.0,0
2030-10-23 17:00:00,0.0,0.0,0.0,0.0,10.262069232475387,0.0,0.0,0
2030-10-23 18:00:00,0.0,0.0,0.0,0.0,6.503184438039707,0.0,0.0,0
2030-10-23 19:00:00,0.0,0.0,0.0,0.0,1.0089878459925667,0.0,0.0,0
2030-10-23 20:00:00,0.0,0.0,0.0,0.0,0.0,0.0,0.0,0
2030-10-23 21:00:00,0.0,0.0,0.0,0.0,0.0,0.0,0.0,0
2030-10-23 22:00:00,0.0,0.0,0.0,0.0,0.0,0.0,0.0,0
2030-10-23 23:00:00,0.0,0.0,0.0,0.0,0.0,0.0,0.0,0
2030-10-24 00:00:00,0.0,0.0,0.0,0.0,0.0,0.0,0.0,0
2030-10-24 01:00:00,0.0,0.0,0.0,0.0,0.0,0.0,0.0,0
2030-10-24 02:00:00,0.0,0.0,0.0,0.0,0.0,0.0,0.0,0
2030-10-24 03:00:00,0.0,0.0,0.0,0.0,0.0,0.0,0.0,0
2030-10-24 04:00:00,0.0,0.0,0.0,0.0,0.0,0.0,0.0,0
2030-10-24 05:00:00,0.0,0.0,0.0,0.0,0.0,0.0,0.0,0
2030-10-24 06:00:00,0.0,0.0,0.0,0.0,0.0,0.0,0.0,0
2030-10-24 07:00:00,0.0,0.0,0.0,0.0,0.0,0.0,0.0,0
2030-10-24 08:00:00,0.0,0.0,0.0,0.0,2.003245942408604,0.0,0.0,0
2030-10-24 09:00:00,0.0,0.0,0.0,0.0,8.700494831119148,0.0,0.0,0
2030-10-24 10:00:00,0.0,0.0,0.0,0.0,17.13467578989456,0.0,0.0,0
2030-10-24 11:00:00,0.0,0.0,0.0,0.0,22.285300973069052,0.0,0.0,0
2030-10-24 12:00:00,0.0,0.0,0.0,0.0,24.470974863983034,0.0,0.0,0
2030-10-24 13:00:00,0.0,0.0,0.0,0.0,26.776180672710584,0.0,0.0,0
2030-10-24 14:00:00,0.0,0.0,0.0,0.0,26.599202731548534,0.0,0.0,0
2030-10-24 15:00:00,0.0,0.0,0.0,0.0,22.424497106567294,0.0,0.0,0
2030-10-24 16:00:00,0.0,0.0,0.0,0.0,19.409022773259284,0.0,0.0,0
2030-10-24 17:00:00,0.0,0.0,0.0,0.0,12.293301699079413,0.0,0.0,0
2030-10-24 18:00:00,0.0,0.0,0.0,0.0,5.884534955825285,0.0,0.0,0
2030-10-24 19:00:00,0.0,0.0,0.0,0.0,0.156871832990083,0.0,0.0,0
2030-10-24 20:00:00,0.0,0.0,0.0,0.0,0.0,0.0,0.0,0
2030-10-24 21:00:00,0.0,0.0,0.0,0.0,0.0,0.0,0.0,0
2030-10-24 22:00:00,0.0,0.0,0.0,0.0,0.0,0.0,0.0,0
2030-10-24 23:00:00,0.0,0.0,0.0,0.0,0.0,0.0,0.0,0
2030-10-25 00:00:00,0.0,0.0,0.0,0.0,0.0,0.0,0.0,0
2030-10-25 01:00:00,0.0,0.0,0.0,0.0,0.0,0.0,0.0,0
2030-10-25 02:00:00,0.0,0.0,0.0,0.0,0.0,0.0,0.0,0
2030-10-25 03:00:00,0.0,0.0,0.0,0.0,0.0,0.0,0.0,0
2030-10-25 04:00:00,0.0,0.0,0.0,0.0,0.0,0.0,0.0,0
2030-10-25 05:00:00,0.0,0.0,0.0,0.0,0.0,0.0,0.0,0
2030-10-25 06:00:00,0.0,0.0,0.0,0.0,0.0,0.0,0.0,0
2030-10-25 07:00:00,0.0,0.0,0.0,0.0,0.0,0.0,0.0,0
2030-10-25 08:00:00,0.0,0.0,0.0,0.0,2.5335169271638263,0.0,0.0,0
2030-10-25 09:00:00,0.0,0.0,0.0,0.0,10.801325364472293,0.0,0.0,0
2030-10-25 10:00:00,0.0,0.0,0.0,0.0,18.55256148413172,0.0,0.0,0
2030-10-25 11:00:00,0.0,0.0,0.0,0.0,23.979885013101395,0.0,0.0,0
2030-10-25 12:00:00,0.0,0.0,0.0,0.0,27.46398632918684,0.0,0.0,0
2030-10-25 13:00:00,0.0,0.0,0.0,0.0,28.814998960346525,0.0,0.0,0
2030-10-25 14:00:00,0.0,0.0,0.0,0.0,28.4815174299338,0.0,0.0,0
2030-10-25 15:00:00,0.0,0.0,0.0,0.0,26.405580173364992,0.0,0.0,0
2030-10-25 16:00:00,0.0,0.0,0.0,0.0,22.505216134246705,0.0,0.0,0
2030-10-25 17:00:00,0.0,0.0,0.0,0.0,16.176726526184687,0.0,0.0,0
2030-10-25 18:00:00,0.0,0.0,0.0,0.0,7.941028942953059,0.0,0.0,0
2030-10-25 19:00:00,0.0,0.0,0.0,0.0,1.097366343451771,0.0,0.0,0
2030-10-25 20:00:00,0.0,0.0,0.0,0.0,0.0,0.0,0.0,0
2030-10-25 21:00:00,0.0,0.0,0.0,0.0,0.0,0.0,0.0,0
2030-10-25 22:00:00,0.0,0.0,0.0,0.0,0.0,0.0,0.0,0
2030-10-25 23:00:00,0.0,0.0,0.0,0.0,0.0,0.0,0.0,0
2030-10-26 00:00:00,0.0,0.0,0.0,0.0,0.0,0.0,0.0,0
2030-10-26 01:00:00,0.0,0.0,0.0,0.0,0.0,0.0,0.0,0
2030-10-26 02:00:00,0.0,0.0,0.0,0.0,0.0,0.0,0.0,0
2030-10-26 03:00:00,0.0,0.0,0.0,0.0,0.0,0.0,0.0,0
2030-10-26 04:00:00,0.0,0.0,0.0,0.0,0.0,0.0,0.0,0
2030-10-26 05:00:00,0.0,0.0,0.0,0.0,0.0,0.0,0.0,0
2030-10-26 06:00:00,0.0,0.0,0.0,0.0,0.0,0.0,0.0,0
2030-10-26 07:00:00,0.0,0.0,0.0,0.0,0.0,0.0,0.0,0
2030-10-26 08:00:00,0.0,0.0,0.0,0.0,2.9533147900950416,0.0,0.0,0
2030-10-26 09:00:00,0.0,0.0,0.0,0.0,11.540095954483352,0.0,0.0,0
2030-10-26 10:00:00,0.0,0.0,0.0,0.0,18.974053268264235,0.0,0.0,0
2030-10-26 11:00:00,0.0,0.0,0.0,0.0,24.886942992024345,0.0,0.0,0
2030-10-26 12:00:00,0.0,0.0,0.0,0.0,28.1241000564592,0.0,0.0,0
2030-10-26 13:00:00,0.0,0.0,0.0,0.0,28.61415882487048,0.0,0.0,0
2030-10-26 14:00:00,0.0,0.0,0.0,0.0,29.20636840659503,0.0,0.0,0
2030-10-26 15:00:00,0.0,0.0,0.0,0.0,26.74812049976729,0.0,0.0,0
2030-10-26 16:00:00,0.0,0.0,0.0,0.0,22.293917876571328,0.0,0.0,0
2030-10-26 17:00:00,0.0,0.0,0.0,0.0,16.010869545952914,0.0,0.0,0
2030-10-26 18:00:00,0.0,0.0,0.0,0.0,7.762651675581237,0.0,0.0,0
2030-10-26 19:00:00,0.0,0.0,0.0,0.0,1.045812219933902,0.0,0.0,0
2030-10-26 20:00:00,0.0,0.0,0.0,0.0,0.0,0.0,0.0,0
2030-10-26 21:00:00,0.0,0.0,0.0,0.0,0.0,0.0,0.0,0
2030-10-26 22:00:00,0.0,0.0,0.0,0.0,0.0,0.0,0.0,0
2030-10-26 23:00:00,0.0,0.0,0.0,0.0,0.0,0.0,0.0,0
2030-10-27 00:00:00,0.0,0.0,0.0,0.0,0.0,0.0,0.0,0
2030-10-27 01:00:00,0.0,0.0,0.0,0.0,0.0,0.0,0.0,0
2030-10-27 02:00:00,0.0,0.0,0.0,0.0,0.0,0.0,0.0,0
2030-10-27 03:00:00,0.0,0.0,0.0,0.0,0.0,0.0,0.0,0
2030-10-27 04:00:00,0.0,0.0,0.0,0.0,0.0,0.0,0.0,0
2030-10-27 05:00:00,0.0,0.0,0.0,0.0,0.0,0.0,0.0,0
2030-10-27 06:00:00,0.0,0.0,0.0,0.0,0.0,0.0,0.0,0
2030-10-27 07:00:00,0.0,0.0,0.0,0.0,0.0,0.0,0.0,0
2030-10-27 08:00:00,0.0,0.0,0.0,0.0,2.79128754475317,0.0,0.0,0
2030-10-27 09:00:00,0.0,0.0,0.0,0.0,11.130387970012057,0.0,0.0,0
2030-10-27 10:00:00,0.0,0.0,0.0,0.0,19.02045197943032,0.0,0.0,0
2030-10-27 11:00:00,0.0,0.0,0.0,0.0,24.706798154703336,0.0,0.0,0
2030-10-27 12:00:00,0.0,0.0,0.0,0.0,28.013258690895785,0.0,0.0,0
2030-10-27 13:00:00,0.0,0.0,0.0,0.0,29.440129532374616,0.0,0.0,0
2030-10-27 14:00:00,0.0,0.0,0.0,0.0,28.99403906644929,0.0,0.0,0
2030-10-27 15:00:00,0.0,0.0,0.0,0.0,26.52989925979094,0.0,0.0,0
2030-10-27 16:00:00,0.0,0.0,0.0,0.0,21.44614713969392,0.0,0.0,0
2030-10-27 17:00:00,0.0,0.0,0.0,0.0,15.167149490209056,0.0,0.0,0
2030-10-27 18:00:00,0.0,0.0,0.0,0.0,7.2691314160194676,0.0,0.0,0
2030-10-27 19:00:00,0.0,0.0,0.0,0.0,0.861690350227229,0.0,0.0,0
2030-10-27 20:00:00,0.0,0.0,0.0,0.0,0.0,0.0,0.0,0
2030-10-27 21:00:00,0.0,0.0,0.0,0.0,0.0,0.0,0.0,0
2030-10-27 22:00:00,0.0,0.0,0.0,0.0,0.0,0.0,0.0,0
2030-10-27 23:00:00,0.0,0.0,0.0,0.0,0.0,0.0,0.0,0
2030-10-28 00:00:00,0.0,0.0,0.0,0.0,0.0,0.0,0.0,0
2030-10-28 01:00:00,0.0,0.0,0.0,0.0,0.0,0.0,0.0,0
2030-10-28 02:00:00,0.0,0.0,0.0,0.0,0.0,0.0,0.0,0
2030-10-28 03:00:00,0.0,0.0,0.0,0.0,0.0,0.0,0.0,0
2030-10-28 04:00:00,0.0,0.0,0.0,0.0,0.0,0.0,0.0,0
2030-10-28 05:00:00,0.0,0.0,0.0,0.0,0.0,0.0,0.0,0
2030-10-28 06:00:00,0.0,0.0,0.0,0.0,0.0,0.0,0.0,0
2030-10-28 07:00:00,0.0,0.0,0.0,0.0,0.0,0.0,0.0,0
2030-10-28 08:00:00,0.0,0.0,0.0,0.0,1.0900014686635064,0.0,0.0,0
2030-10-28 09:00:00,0.0,0.0,0.0,0.0,8.284526703077832,0.0,0.0,0
2030-10-28 10:00:00,0.0,0.0,0.0,0.0,16.613095357389504,0.0,0.0,0
2030-10-28 11:00:00,0.0,0.0,0.0,0.0,24.33310440794668,0.0,0.0,0
2030-10-28 12:00:00,0.0,0.0,0.0,0.0,27.991458661522515,0.0,0.0,0
2030-10-28 13:00:00,0.0,0.0,0.0,0.0,29.576895257192735,0.0,0.0,0
2030-10-28 14:00:00,0.0,0.0,0.0,0.0,28.85793618036212,0.0,0.0,0
2030-10-28 15:00:00,0.0,0.0,0.0,0.0,23.91927209359396,0.0,0.0,0
2030-10-28 16:00:00,0.0,0.0,0.0,0.0,21.006316817338615,0.0,0.0,0
2030-10-28 17:00:00,0.0,0.0,0.0,0.0,12.531923642219258,0.0,0.0,0
2030-10-28 18:00:00,0.0,0.0,0.0,0.0,5.221696224881259,0.0,0.0,0
2030-10-28 19:00:00,0.0,0.0,0.0,0.0,0.561939946344765,0.0,0.0,0
2030-10-28 20:00:00,0.0,0.0,0.0,0.0,0.0,0.0,0.0,0
2030-10-28 21:00:00,0.0,0.0,0.0,0.0,0.0,0.0,0.0,0
2030-10-28 22:00:00,0.0,0.0,0.0,0.0,0.0,0.0,0.0,0
2030-10-28 23:00:00,0.0,0.0,0.0,0.0,0.0,0.0,0.0,0
2030-10-29 00:00:00,0.0,0.0,0.0,0.0,0.0,0.0,0.0,0
2030-10-29 01:00:00,0.0,0.0,0.0,0.0,0.0,0.0,0.0,0
2030-10-29 02:00:00,0.0,0.0,0.0,0.0,0.0,0.0,0.0,0
2030-10-29 03:00:00,0.0,0.0,0.0,0.0,0.0,0.0,0.0,0
2030-10-29 04:00:00,0.0,0.0,0.0,0.0,0.0,0.0,0.0,0
2030-10-29 05:00:00,0.0,0.0,0.0,0.0,0.0,0.0,0.0,0
2030-10-29 06:00:00,0.0,0.0,0.0,0.0,0.0,0.0,0.0,0
2030-10-29 07:00:00,0.0,0.0,0.0,0.0,0.0,0.0,0.0,0
2030-10-29 08:00:00,0.0,0.0,0.0,0.0,2.4893276784342215,0.0,0.0,0
2030-10-29 09:00:00,0.0,0.0,0.0,0.0,10.548489212991088,0.0,0.0,0
2030-10-29 10:00:00,0.0,0.0,0.0,0.0,17.75082121468098,0.0,0.0,0
2030-10-29 11:00:00,0.0,0.0,0.0,0.0,23.933118058195895,0.0,0.0,0
2030-10-29 12:00:00,0.0,0.0,0.0,0.0,27.786715142408692,0.0,0.0,0
2030-10-29 13:00:00,0.0,0.0,0.0,0.0,29.54750940678755,0.0,0.0,0
2030-10-29 14:00:00,0.0,0.0,0.0,0.0,28.804614486895066,0.0,0.0,0
2030-10-29 15:00:00,0.0,0.0,0.0,0.0,26.4786397312646,0.0,0.0,0
2030-10-29 16:00:00,0.0,0.0,0.0,0.0,15.202132645453323,0.0,0.0,0
2030-10-29 17:00:00,0.0,0.0,0.0,0.0,11.803979418146955,0.0,0.0,0
2030-10-29 18:00:00,0.0,0.0,0.0,0.0,5.722507710483409,0.0,0.0,0
2030-10-29 19:00:00,0.0,0.0,0.0,0.0,0.4131694756217735,0.0,0.0,0
2030-10-29 20:00:00,0.0,0.0,0.0,0.0,0.0,0.0,0.0,0
2030-10-29 21:00:00,0.0,0.0,0.0,0.0,0.0,0.0,0.0,0
2030-10-29 22:00:00,0.0,0.0,0.0,0.0,0.0,0.0,0.0,0
2030-10-29 23:00:00,0.0,0.0,0.0,0.0,0.0,0.0,0.0,0
2030-10-30 00:00:00,0.0,0.0,0.0,0.0,0.0,0.0,0.0,0
2030-10-30 01:00:00,0.0,0.0,0.0,0.0,0.0,0.0,0.0,0
2030-10-30 02:00:00,0.0,0.0,0.0,0.0,0.0,0.0,0.0,0
2030-10-30 03:00:00,0.0,0.0,0.0,0.0,0.0,0.0,0.0,0
2030-10-30 04:00:00,0.0,0.0,0.0,0.0,0.0,0.0,0.0,0
2030-10-30 05:00:00,0.0,0.0,0.0,0.0,0.0,0.0,0.0,0
2030-10-30 06:00:00,0.0,0.0,0.0,0.0,0.0,0.0,0.0,0
2030-10-30 07:00:00,0.0,0.0,0.0,0.0,0.0,0.0,0.0,0
2030-10-30 08:00:00,0.0,0.0,0.0,0.0,2.6955441725056977,0.0,0.0,0
2030-10-30 09:00:00,0.0,0.0,0.0,0.0,11.194094136930572,0.0,0.0,0
2030-10-30 10:00:00,0.0,0.0,0.0,0.0,18.784555039962125,0.0,0.0,0
2030-10-30 11:00:00,0.0,0.0,0.0,0.0,24.517373575149115,0.0,0.0,0
2030-10-30 12:00:00,0.0,0.0,0.0,0.0,28.404628137144293,0.0,0.0,0
2030-10-30 13:00:00,0.0,0.0,0.0,0.0,29.95029440895787,0.0,0.0,0
2030-10-30 14:00:00,0.0,0.0,0.0,0.0,29.26698132610247,0.0,0.0,0
2030-10-30 15:00:00,0.0,0.0,0.0,0.0,26.898069350456403,0.0,0.0,0
2030-10-30 16:00:00,0.0,0.0,0.0,0.0,22.44423497099985,0.0,0.0,0
2030-10-30 17:00:00,0.0,0.0,0.0,0.0,16.099174394664235,0.0,0.0,0
2030-10-30 18:00:00,0.0,0.0,0.0,0.0,7.7172840468855135,0.0,0.0,0
2030-10-30 19:00:00,0.0,0.0,0.0,0.0,0.5030209480386317,0.0,0.0,0
2030-10-30 20:00:00,0.0,0.0,0.0,0.0,0.0,0.0,0.0,0
2030-10-30 21:00:00,0.0,0.0,0.0,0.0,0.0,0.0,0.0,0
2030-10-30 22:00:00,0.0,0.0,0.0,0.0,0.0,0.0,0.0,0
2030-10-30 23:00:00,0.0,0.0,0.0,0.0,0.0,0.0,0.0,0
2030-10-31 00:00:00,0.0,0.0,0.0,0.0,0.0,0.0,0.0,0
2030-10-31 01:00:00,0.0,0.0,0.0,0.0,0.0,0.0,0.0,0
2030-10-31 02:00:00,0.0,0.0,0.0,0.0,0.0,0.0,0.0,0
2030-10-31 03:00:00,0.0,0.0,0.0,0.0,0.0,0.0,0.0,0
2030-10-31 04:00:00,0.0,0.0,0.0,0.0,0.0,0.0,0.0,0
2030-10-31 05:00:00,0.0,0.0,0.0,0.0,0.0,0.0,0.0,0
2030-10-31 06:00:00,0.0,0.0,0.0,0.0,0.0,0.0,0.0,0
2030-10-31 07:00:00,0.0,0.0,0.0,0.0,0.0,0.0,0.0,0
2030-10-31 08:00:00,0.0,0.0,0.0,0.0,2.725003671658764,0.0,0.0,0
2030-10-31 09:00:00,0.0,0.0,0.0,0.0,11.238725278147466,0.0,0.0,0
2030-10-31 10:00:00,0.0,0.0,0.0,0.0,18.796044244631823,0.0,0.0,0
2030-10-31 11:00:00,0.0,0.0,0.0,0.0,24.679106225499456,0.0,0.0,0
2030-10-31 12:00:00,0.0,0.0,0.0,0.0,28.28929419796003,0.0,0.0,0
2030-10-31 13:00:00,0.0,0.0,0.0,0.0,29.967601864710296,0.0,0.0,0
2030-10-31 14:00:00,0.0,0.0,0.0,0.0,29.284657025594303,0.0,0.0,0
2030-10-31 15:00:00,0.0,0.0,0.0,0.0,26.882161220913748,0.0,0.0,0
2030-10-31 16:00:00,0.0,0.0,0.0,0.0,22.343483483896364,0.0,0.0,0
2030-10-31 17:00:00,0.0,0.0,0.0,0.0,15.926689027123029,0.0,0.0,0
2030-10-31 18:00:00,0.0,0.0,0.0,0.0,7.565567626247215,0.0,0.0,0
2030-10-31 19:00:00,0.0,0.0,0.0,0.0,0.2526152052375519,0.0,0.0,0
2030-10-31 20:00:00,0.0,0.0,0.0,0.0,0.0,0.0,0.0,0
2030-10-31 21:00:00,0.0,0.0,0.0,0.0,0.0,0.0,0.0,0
2030-10-31 22:00:00,0.0,0.0,0.0,0.0,0.0,0.0,0.0,0
2030-10-31 23:00:00,0.0,0.0,0.0,0.0,0.0,0.0,0.0,0
2030-11-01 00:00:00,0.0,0.0,0.0,0.0,0.0,0.0,0.0,0
2030-11-01 01:00:00,0.0,0.0,0.0,0.0,0.0,0.0,0.0,0
2030-11-01 02:00:00,0.0,0.0,0.0,0.0,0.0,0.0,0.0,0
2030-11-01 03:00:00,0.0,0.0,0.0,0.0,0.0,0.0,0.0,0
2030-11-01 04:00:00,0.0,0.0,0.0,0.0,0.0,0.0,0.0,0
2030-11-01 05:00:00,0.0,0.0,0.0,0.0,0.0,0.0,0.0,0
2030-11-01 06:00:00,0.0,0.0,0.0,0.0,0.0,0.0,0.0,0
2030-11-01 07:00:00,0.0,0.0,0.0,0.0,0.0,0.0,0.0,0
2030-11-01 08:00:00,0.0,0.0,0.0,0.0,2.776557795176633,0.0,0.0,0
2030-11-01 09:00:00,0.0,0.0,0.0,0.0,11.205141449112968,0.0,0.0,0
2030-11-01 10:00:00,0.0,0.0,0.0,0.0,18.74927728972633,0.0,0.0,0
2030-11-01 11:00:00,0.0,0.0,0.0,0.0,24.526726966130212,0.0,0.0,0
2030-11-01 12:00:00,0.0,0.0,0.0,0.0,28.13271695996147,0.0,0.0,0
2030-11-01 13:00:00,0.0,0.0,0.0,0.0,29.63161627686956,0.0,0.0,0
2030-11-01 14:00:00,0.0,0.0,0.0,0.0,29.227800192228884,0.0,0.0,0
2030-11-01 15:00:00,0.0,0.0,0.0,0.0,26.679553515488525,0.0,0.0,0
2030-11-01 16:00:00,0.0,0.0,0.0,0.0,22.15884607295451,0.0,0.0,0
2030-11-01 17:00:00,0.0,0.0,0.0,0.0,15.497537773210707,0.0,0.0,0
2030-11-01 18:00:00,0.0,0.0,0.0,0.0,7.217577292501598,0.0,0.0,0
2030-11-01 19:00:00,0.0,0.0,0.0,0.0,0.0,0.0,0.0,0
2030-11-01 20:00:00,0.0,0.0,0.0,0.0,0.0,0.0,0.0,0
2030-11-01 21:00:00,0.0,0.0,0.0,0.0,0.0,0.0,0.0,0
2030-11-01 22:00:00,0.0,0.0,0.0,0.0,0.0,0.0,0.0,0
2030-11-01 23:00:00,0.0,0.0,0.0,0.0,0.0,0.0,0.0,0
2030-11-02 00:00:00,0.0,0.0,0.0,0.0,0.0,0.0,0.0,0
2030-11-02 01:00:00,0.0,0.0,0.0,0.0,0.0,0.0,0.0,0
2030-11-02 02:00:00,0.0,0.0,0.0,0.0,0.0,0.0,0.0,0
2030-11-02 03:00:00,0.0,0.0,0.0,0.0,0.0,0.0,0.0,0
2030-11-02 04:00:00,0.0,0.0,0.0,0.0,0.0,0.0,0.0,0
2030-11-02 05:00:00,0.0,0.0,0.0,0.0,0.0,0.0,0.0,0
2030-11-02 06:00:00,0.0,0.0,0.0,0.0,0.0,0.0,0.0,0
2030-11-02 07:00:00,0.0,0.0,0.0,0.0,0.0,0.0,0.0,0
2030-11-02 08:00:00,0.0,0.0,0.0,0.0,2.8575714178475726,0.0,0.0,0
2030-11-02 09:00:00,0.0,0.0,0.0,0.0,11.264723286150051,0.0,0.0,0
2030-11-02 10:00:00,0.0,0.0,0.0,0.0,19.0183898144896,0.0,0.0,0
2030-11-02 11:00:00,0.0,0.0,0.0,0.0,24.749809023466817,0.0,0.0,0
2030-11-02 12:00:00,0.0,0.0,0.0,0.0,28.164238624055255,0.0,0.0,0
2030-11-02 13:00:00,0.0,0.0,0.0,0.0,29.984541076723318,0.0,0.0,0
2030-11-02 14:00:00,0.0,0.0,0.0,0.0,29.240320479368936,0.0,0.0,0
2030-11-02 15:00:00,0.0,0.0,0.0,0.0,26.969729582146243,0.0,0.0,0
2030-11-02 16:00:00,0.0,0.0,0.0,0.0,22.414112633115845,0.0,0.0,0
2030-11-02 17:00:00,0.0,0.0,0.0,0.0,15.799571288277535,0.0,0.0,0
2030-11-02 18:00:00,0.0,0.0,0.0,0.0,7.394849828655187,0.0,0.0,0
2030-11-02 19:00:00,0.0,0.0,0.0,0.0,0.0,0.0,0.0,0
2030-11-02 20:00:00,0.0,0.0,0.0,0.0,0.0,0.0,0.0,0
2030-11-02 21:00:00,0.0,0.0,0.0,0.0,0.0,0.0,0.0,0
2030-11-02 22:00:00,0.0,0.0,0.0,0.0,0.0,0.0,0.0,0
2030-11-02 23:00:00,0.0,0.0,0.0,0.0,0.0,0.0,0.0,0
2030-11-03 00:00:00,0.0,0.0,0.0,0.0,0.0,0.0,0.0,0
2030-11-03 01:00:00,0.0,0.0,0.0,0.0,0.0,0.0,0.0,0
2030-11-03 02:00:00,0.0,0.0,0.0,0.0,0.0,0.0,0.0,0
2030-11-03 03:00:00,0.0,0.0,0.0,0.0,0.0,0.0,0.0,0
2030-11-03 04:00:00,0.0,0.0,0.0,0.0,0.0,0.0,0.0,0
2030-11-03 05:00:00,0.0,0.0,0.0,0.0,0.0,0.0,0.0,0
2030-11-03 06:00:00,0.0,0.0,0.0,0.0,0.0,0.0,0.0,0
2030-11-03 07:00:00,0.0,0.0,0.0,0.0,0.0,0.0,0.0,0
2030-11-03 08:00:00,0.0,0.0,0.0,0.0,2.8207470439062368,0.0,0.0,0
2030-11-03 09:00:00,0.0,0.0,0.0,0.0,11.365843016992955,0.0,0.0,0
2030-11-03 10:00:00,0.0,0.0,0.0,0.0,18.96469987728313,0.0,0.0,0
2030-11-03 11:00:00,0.0,0.0,0.0,0.0,24.808286129285655,0.0,0.0,0
2030-11-03 12:00:00,0.0,0.0,0.0,0.0,28.406984897076526,0.0,0.0,0
2030-11-03 13:00:00,0.0,0.0,0.0,0.0,29.82280842637297,0.0,0.0,0
2030-11-03 14:00:00,0.0,0.0,0.0,0.0,29.02003707445188,0.0,0.0,0
2030-11-03 15:00:00,0.0,0.0,0.0,0.0,26.49771475696621,0.0,0.0,0
2030-11-03 16:00:00,0.0,0.0,0.0,0.0,21.869701088767147,0.0,0.0,0
2030-11-03 17:00:00,0.0,0.0,0.0,0.0,15.354511904822564,0.0,0.0,0
2030-11-03 18:00:00,0.0,0.0,0.0,0.0,7.254401666442934,0.0,0.0,0
2030-11-03 19:00:00,0.0,0.0,0.0,0.0,0.0,0.0,0.0,0
2030-11-03 20:00:00,0.0,0.0,0.0,0.0,0.0,0.0,0.0,0
2030-11-03 21:00:00,0.0,0.0,0.0,0.0,0.0,0.0,0.0,0
2030-11-03 22:00:00,0.0,0.0,0.0,0.0,0.0,0.0,0.0,0
2030-11-03 23:00:00,0.0,0.0,0.0,0.0,0.0,0.0,0.0,0
2030-11-04 00:00:00,0.0,0.0,0.0,0.0,0.0,0.0,0.0,0
2030-11-04 01:00:00,0.0,0.0,0.0,0.0,0.0,0.0,0.0,0
2030-11-04 02:00:00,0.0,0.0,0.0,0.0,0.0,0.0,0.0,0
2030-11-04 03:00:00,0.0,0.0,0.0,0.0,0.0,0.0,0.0,0
2030-11-04 04:00:00,0.0,0.0,0.0,0.0,0.0,0.0,0.0,0
2030-11-04 05:00:00,0.0,0.0,0.0,0.0,0.0,0.0,0.0,0
2030-11-04 06:00:00,0.0,0.0,0.0,0.0,0.0,0.0,0.0,0
2030-11-04 07:00:00,0.0,0.0,0.0,0.0,0.0,0.0,0.0,0
2030-11-04 08:00:00,0.0,0.0,0.0,0.0,2.8133821691179683,0.0,0.0,0
2030-11-04 09:00:00,0.0,0.0,0.0,0.0,11.372103160562984,0.0,0.0,0
2030-11-04 10:00:00,0.0,0.0,0.0,0.0,18.82196860388652,0.0,0.0,0
2030-11-04 11:00:00,0.0,0.0,0.0,0.0,24.59080137678813,0.0,0.0,0
2030-11-04 12:00:00,0.0,0.0,0.0,0.0,28.059289158322457,0.0,0.0,0
2030-11-04 13:00:00,0.0,0.0,0.0,0.0,29.514956660223408,0.0,0.0,0
2030-11-04 14:00:00,0.0,0.0,0.0,0.0,28.159377806695,0.0,0.0,0
2030-11-04 15:00:00,0.0,0.0,0.0,0.0,26.09492975479589,0.0,0.0,0
2030-11-04 16:00:00,0.0,0.0,0.0,0.0,21.420885619170164,0.0,0.0,0
2030-11-04 17:00:00,0.0,0.0,0.0,0.0,15.097919667199344,0.0,0.0,0
2030-11-04 18:00:00,0.0,0.0,0.0,0.0,6.974536424488791,0.0,0.0,0
2030-11-04 19:00:00,0.0,0.0,0.0,0.0,0.0,0.0,0.0,0
2030-11-04 20:00:00,0.0,0.0,0.0,0.0,0.0,0.0,0.0,0
2030-11-04 21:00:00,0.0,0.0,0.0,0.0,0.0,0.0,0.0,0
2030-11-04 22:00:00,0.0,0.0,0.0,0.0,0.0,0.0,0.0,0
2030-11-04 23:00:00,0.0,0.0,0.0,0.0,0.0,0.0,0.0,0
2030-11-05 00:00:00,0.0,0.0,0.0,0.0,0.0,0.0,0.0,0
2030-11-05 01:00:00,0.0,0.0,0.0,0.0,0.0,0.0,0.0,0
2030-11-05 02:00:00,0.0,0.0,0.0,0.0,0.0,0.0,0.0,0
2030-11-05 03:00:00,0.0,0.0,0.0,0.0,0.0,0.0,0.0,0
2030-11-05 04:00:00,0.0,0.0,0.0,0.0,0.0,0.0,0.0,0
2030-11-05 05:00:00,0.0,0.0,0.0,0.0,0.0,0.0,0.0,0
2030-11-05 06:00:00,0.0,0.0,0.0,0.0,0.0,0.0,0.0,0
2030-11-05 07:00:00,0.0,0.0,0.0,0.0,0.0,0.0,0.0,0
2030-11-05 08:00:00,0.0,0.0,0.0,0.0,2.6292602994112952,0.0,0.0,0
2030-11-05 09:00:00,0.0,0.0,0.0,0.0,10.47822830751102,0.0,0.0,0
2030-11-05 10:00:00,0.0,0.0,0.0,0.0,18.38766193762242,0.0,0.0,0
2030-11-05 11:00:00,0.0,0.0,0.0,0.0,24.165553506513604,0.0,0.0,0
2030-11-05 12:00:00,0.0,0.0,0.0,0.0,27.985198517952487,0.0,0.0,0
2030-11-05 13:00:00,0.0,0.0,0.0,0.0,29.804469888150187,0.0,0.0,0
2030-11-05 14:00:00,0.0,0.0,0.0,0.0,29.09832569345115,0.0,0.0,0
2030-11-05 15:00:00,0.0,0.0,0.0,0.0,26.287815825500605,0.0,0.0,0
2030-11-05 16:00:00,0.0,0.0,0.0,0.0,21.89113287440101,0.0,0.0,0
2030-11-05 17:00:00,0.0,0.0,0.0,0.0,15.255822582659784,0.0,0.0,0
2030-11-05 18:00:00,0.0,0.0,0.0,0.0,7.099739295889328,0.0,0.0,0
2030-11-05 19:00:00,0.0,0.0,0.0,0.0,0.0,0.0,0.0,0
2030-11-05 20:00:00,0.0,0.0,0.0,0.0,0.0,0.0,0.0,0
2030-11-05 21:00:00,0.0,0.0,0.0,0.0,0.0,0.0,0.0,0
2030-11-05 22:00:00,0.0,0.0,0.0,0.0,0.0,0.0,0.0,0
2030-11-05 23:00:00,0.0,0.0,0.0,0.0,0.0,0.0,0.0,0
2030-11-06 00:00:00,0.0,0.0,0.0,0.0,0.0,0.0,0.0,0
2030-11-06 01:00:00,0.0,0.0,0.0,0.0,0.0,0.0,0.0,0
2030-11-06 02:00:00,0.0,0.0,0.0,0.0,0.0,0.0,0.0,0
2030-11-06 03:00:00,0.0,0.0,0.0,0.0,0.0,0.0,0.0,0
2030-11-06 04:00:00,0.0,0.0,0.0,0.0,0.0,0.0,0.0,0
2030-11-06 05:00:00,0.0,0.0,0.0,0.0,0.0,0.0,0.0,0
2030-11-06 06:00:00,0.0,0.0,0.0,0.0,0.0,0.0,0.0,0
2030-11-06 07:00:00,0.0,0.0,0.0,0.0,0.0,0.0,0.0,0
2030-11-06 08:00:00,0.0,0.0,0.0,0.0,2.356759932245417,0.0,0.0,0
2030-11-06 09:00:00,0.0,0.0,0.0,0.0,10.443613396006167,0.0,0.0,0
2030-11-06 10:00:00,0.0,0.0,0.0,0.0,18.173344081283854,0.0,0.0,0
2030-11-06 11:00:00,0.0,0.0,0.0,0.0,24.039466850138474,0.0,0.0,0
2030-11-06 12:00:00,0.0,0.0,0.0,0.0,27.87509363986789,0.0,0.0,0
2030-11-06 13:00:00,0.0,0.0,0.0,0.0,29.637213581708647,0.0,0.0,0
2030-11-06 14:00:00,0.0,0.0,0.0,0.0,29.204969080385258,0.0,0.0,0
2030-11-06 15:00:00,0.0,0.0,0.0,0.0,26.595741240398045,0.0,0.0,0
2030-11-06 16:00:00,0.0,0.0,0.0,0.0,21.944822811607477,0.0,0.0,0
2030-11-06 17:00:00,0.0,0.0,0.0,0.0,15.314373337226506,0.0,0.0,0
2030-11-06 18:00:00,0.0,0.0,0.0,0.0,6.996631048853594,0.0,0.0,0
2030-11-06 19:00:00,0.0,0.0,0.0,0.0,0.0,0.0,0.0,0
2030-11-06 20:00:00,0.0,0.0,0.0,0.0,0.0,0.0,0.0,0
2030-11-06 21:00:00,0.0,0.0,0.0,0.0,0.0,0.0,0.0,0
2030-11-06 22:00:00,0.0,0.0,0.0,0.0,0.0,0.0,0.0,0
2030-11-06 23:00:00,0.0,0.0,0.0,0.0,0.0,0.0,0.0,0
2030-11-07 00:00:00,0.0,0.0,0.0,0.0,0.0,0.0,0.0,0
2030-11-07 01:00:00,0.0,0.0,0.0,0.0,0.0,0.0,0.0,0
2030-11-07 02:00:00,0.0,0.0,0.0,0.0,0.0,0.0,0.0,0
2030-11-07 03:00:00,0.0,0.0,0.0,0.0,0.0,0.0,0.0,0
2030-11-07 04:00:00,0.0,0.0,0.0,0.0,0.0,0.0,0.0,0
2030-11-07 05:00:00,0.0,0.0,0.0,0.0,0.0,0.0,0.0,0
2030-11-07 06:00:00,0.0,0.0,0.0,0.0,0.0,0.0,0.0,0
2030-11-07 07:00:00,0.0,0.0,0.0,0.0,0.0,0.0,0.0,0
2030-11-07 08:00:00,0.0,0.0,0.0,0.0,1.9443269441024709,0.0,0.0,0
2030-11-07 09:00:00,0.0,0.0,0.0,0.0,8.805076053112542,0.0,0.0,0
2030-11-07 10:00:00,0.0,0.0,0.0,0.0,16.424333616566223,0.0,0.0,0
2030-11-07 11:00:00,0.0,0.0,0.0,0.0,23.394230169938407,0.0,0.0,0
2030-11-07 12:00:00,0.0,0.0,0.0,0.0,27.761453621884932,0.0,0.0,0
2030-11-07 13:00:00,0.0,0.0,0.0,0.0,28.500518806887523,0.0,0.0,0
2030-11-07 14:00:00,0.0,0.0,0.0,0.0,27.884373382101103,0.0,0.0,0
2030-11-07 15:00:00,0.0,0.0,0.0,0.0,24.999478278789066,0.0,0.0,0
2030-11-07 16:00:00,0.0,0.0,0.0,0.0,20.48886071471498,0.0,0.0,0
2030-11-07 17:00:00,0.0,0.0,0.0,0.0,14.569784496132723,0.0,0.0,0
2030-11-07 18:00:00,0.0,0.0,0.0,0.0,6.510549312827973,0.0,0.0,0
2030-11-07 19:00:00,0.0,0.0,0.0,0.0,0.0,0.0,0.0,0
2030-11-07 20:00:00,0.0,0.0,0.0,0.0,0.0,0.0,0.0,0
2030-11-07 21:00:00,0.0,0.0,0.0,0.0,0.0,0.0,0.0,0
2030-11-07 22:00:00,0.0,0.0,0.0,0.0,0.0,0.0,0.0,0
2030-11-07 23:00:00,0.0,0.0,0.0,0.0,0.0,0.0,0.0,0
2030-11-08 00:00:00,0.0,0.0,0.0,0.0,0.0,0.0,0.0,0
2030-11-08 01:00:00,0.0,0.0,0.0,0.0,0.0,0.0,0.0,0
2030-11-08 02:00:00,0.0,0.0,0.0,0.0,0.0,0.0,0.0,0
2030-11-08 03:00:00,0.0,0.0,0.0,0.0,0.0,0.0,0.0,0
2030-11-08 04:00:00,0.0,0.0,0.0,0.0,0.0,0.0,0.0,0
2030-11-08 05:00:00,0.0,0.0,0.0,0.0,0.0,0.0,0.0,0
2030-11-08 06:00:00,0.0,0.0,0.0,0.0,0.0,0.0,0.0,0
2030-11-08 07:00:00,0.0,0.0,0.0,0.0,0.0,0.0,0.0,0
2030-11-08 08:00:00,0.0,0.0,0.0,0.0,1.3109477123115152,0.0,0.0,0
2030-11-08 09:00:00,0.0,0.0,0.0,0.0,8.498255369433338,0.0,0.0,0
2030-11-08 10:00:00,0.0,0.0,0.0,0.0,15.80303277942802,0.0,0.0,0
2030-11-08 11:00:00,0.0,0.0,0.0,0.0,20.39120247502256,0.0,0.0,0
2030-11-08 12:00:00,0.0,0.0,0.0,0.0,25.586532448161822,0.0,0.0,0
2030-11-08 13:00:00,0.0,0.0,0.0,0.0,27.72720695411949,0.0,0.0,0
2030-11-08 14:00:00,0.0,0.0,0.0,0.0,26.812194910425212,0.0,0.0,0
2030-11-08 15:00:00,0.0,0.0,0.0,0.0,24.07688041406287,0.0,0.0,0
2030-11-08 16:00:00,0.0,0.0,0.0,0.0,18.847598368149693,0.0,0.0,0
2030-11-08 17:00:00,0.0,0.0,0.0,0.0,12.11426159297664,0.0,0.0,0
2030-11-08 18:00:00,0.0,0.0,0.0,0.0,4.433654622536697,0.0,0.0,0
2030-11-08 19:00:00,0.0,0.0,0.0,0.0,0.0,0.0,0.0,0
2030-11-08 20:00:00,0.0,0.0,0.0,0.0,0.0,0.0,0.0,0
2030-11-08 21:00:00,0.0,0.0,0.0,0.0,0.0,0.0,0.0,0
2030-11-08 22:00:00,0.0,0.0,0.0,0.0,0.0,0.0,0.0,0
2030-11-08 23:00:00,0.0,0.0,0.0,0.0,0.0,0.0,0.0,0
2030-11-09 00:00:00,0.0,0.0,0.0,0.0,0.0,0.0,0.0,0
2030-11-09 01:00:00,0.0,0.0,0.0,0.0,0.0,0.0,0.0,0
2030-11-09 02:00:00,0.0,0.0,0.0,0.0,0.0,0.0,0.0,0
2030-11-09 03:00:00,0.0,0.0,0.0,0.0,0.0,0.0,0.0,0
2030-11-09 04:00:00,0.0,0.0,0.0,0.0,0.0,0.0,0.0,0
2030-11-09 05:00:00,0.0,0.0,0.0,0.0,0.0,0.0,0.0,0
2030-11-09 06:00:00,0.0,0.0,0.0,0.0,0.0,0.0,0.0,0
2030-11-09 07:00:00,0.0,0.0,0.0,0.0,0.0,0.0,0.0,0
2030-11-09 08:00:00,0.0,0.0,0.0,0.0,1.1931097156992443,0.0,0.0,0
2030-11-09 09:00:00,0.0,0.0,0.0,0.0,7.040820297583195,0.0,0.0,0
2030-11-09 10:00:00,0.0,0.0,0.0,0.0,14.786901004890831,0.0,0.0,0
2030-11-09 11:00:00,0.0,0.0,0.0,0.0,21.222770487365786,0.0,0.0,0
2030-11-09 12:00:00,0.0,0.0,0.0,0.0,25.242961039289167,0.0,0.0,0
2030-11-09 13:00:00,0.0,0.0,0.0,0.0,27.033803992804167,0.0,0.0,0
2030-11-09 14:00:00,0.0,0.0,0.0,0.0,25.506476259213365,0.0,0.0,0
2030-11-09 15:00:00,0.0,0.0,0.0,0.0,22.835972660987768,0.0,0.0,0
2030-11-09 16:00:00,0.0,0.0,0.0,0.0,17.21156508268408,0.0,0.0,0
2030-11-09 17:00:00,0.0,0.0,0.0,0.0,11.496422246988926,0.0,0.0,0
2030-11-09 18:00:00,0.0,0.0,0.0,0.0,3.704532018498268,0.0,0.0,0
2030-11-09 19:00:00,0.0,0.0,0.0,0.0,0.0,0.0,0.0,0
2030-11-09 20:00:00,0.0,0.0,0.0,0.0,0.0,0.0,0.0,0
2030-11-09 21:00:00,0.0,0.0,0.0,0.0,0.0,0.0,0.0,0
2030-11-09 22:00:00,0.0,0.0,0.0,0.0,0.0,0.0,0.0,0
2030-11-09 23:00:00,0.0,0.0,0.0,0.0,0.0,0.0,0.0,0
2030-11-10 00:00:00,0.0,0.0,0.0,0.0,0.0,0.0,0.0,0
2030-11-10 01:00:00,0.0,0.0,0.0,0.0,0.0,0.0,0.0,0
2030-11-10 02:00:00,0.0,0.0,0.0,0.0,0.0,0.0,0.0,0
2030-11-10 03:00:00,0.0,0.0,0.0,0.0,0.0,0.0,0.0,0
2030-11-10 04:00:00,0.0,0.0,0.0,0.0,0.0,0.0,0.0,0
2030-11-10 05:00:00,0.0,0.0,0.0,0.0,0.0,0.0,0.0,0
2030-11-10 06:00:00,0.0,0.0,0.0,0.0,0.0,0.0,0.0,0
2030-11-10 07:00:00,0.0,0.0,0.0,0.0,0.0,0.0,0.0,0
2030-11-10 08:00:00,0.0,0.0,0.0,0.0,1.9664215684672728,0.0,0.0,0
2030-11-10 09:00:00,0.0,0.0,0.0,0.0,8.662418428463805,0.0,0.0,0
2030-11-10 10:00:00,0.0,0.0,0.0,0.0,15.439723506122812,0.0,0.0,0
2030-11-10 11:00:00,0.0,0.0,0.0,0.0,21.82742670748249,0.0,0.0,0
2030-11-10 12:00:00,0.0,0.0,0.0,0.0,26.350490909948757,0.0,0.0,0
2030-11-10 13:00:00,0.0,0.0,0.0,0.0,28.788706357352407,0.0,0.0,0
2030-11-10 14:00:00,0.0,0.0,0.0,0.0,27.806158411849715,0.0,0.0,0
2030-11-10 15:00:00,0.0,0.0,0.0,0.0,25.74723401604181,0.0,0.0,0
2030-11-10 16:00:00,0.0,0.0,0.0,0.0,20.922799137239668,0.0,0.0,0
2030-11-10 17:00:00,0.0,0.0,0.0,0.0,14.086280466282998,0.0,0.0,0
2030-11-10 18:00:00,0.0,0.0,0.0,0.0,6.628387309440243,0.0,0.0,0
2030-11-10 19:00:00,0.0,0.0,0.0,0.0,0.0,0.0,0.0,0
2030-11-10 20:00:00,0.0,0.0,0.0,0.0,0.0,0.0,0.0,0
2030-11-10 21:00:00,0.0,0.0,0.0,0.0,0.0,0.0,0.0,0
2030-11-10 22:00:00,0.0,0.0,0.0,0.0,0.0,0.0,0.0,0
2030-11-10 23:00:00,0.0,0.0,0.0,0.0,0.0,0.0,0.0,0
2030-11-11 00:00:00,0.0,0.0,0.0,0.0,0.0,0.0,0.0,0
2030-11-11 01:00:00,0.0,0.0,0.0,0.0,0.0,0.0,0.0,0
2030-11-11 02:00:00,0.0,0.0,0.0,0.0,0.0,0.0,0.0,0
2030-11-11 03:00:00,0.0,0.0,0.0,0.0,0.0,0.0,0.0,0
2030-11-11 04:00:00,0.0,0.0,0.0,0.0,0.0,0.0,0.0,0
2030-11-11 05:00:00,0.0,0.0,0.0,0.0,0.0,0.0,0.0,0
2030-11-11 06:00:00,0.0,0.0,0.0,0.0,0.0,0.0,0.0,0
2030-11-11 07:00:00,0.0,0.0,0.0,0.0,0.0,0.0,0.0,0
2030-11-11 08:00:00,0.0,0.0,0.0,0.0,2.04007031634994,0.0,0.0,0
2030-11-11 09:00:00,0.0,0.0,0.0,0.0,10.347280833775635,0.0,0.0,0
2030-11-11 10:00:00,0.0,0.0,0.0,0.0,18.26894015603556,0.0,0.0,0
2030-11-11 11:00:00,0.0,0.0,0.0,0.0,24.038067523928703,0.0,0.0,0
2030-11-11 12:00:00,0.0,0.0,0.0,0.0,27.62365681459646,0.0,0.0,0
2030-11-11 13:00:00,0.0,0.0,0.0,0.0,29.075789176599056,0.0,0.0,0
2030-11-11 14:00:00,0.0,0.0,0.0,0.0,27.859480105316766,0.0,0.0,0
2030-11-11 15:00:00,0.0,0.0,0.0,0.0,25.02856953420272,0.0,0.0,0
2030-11-11 16:00:00,0.0,0.0,0.0,0.0,20.5605945951527,0.0,0.0,0
2030-11-11 17:00:00,0.0,0.0,0.0,0.0,14.702720486060944,0.0,0.0,0
2030-11-11 18:00:00,0.0,0.0,0.0,0.0,6.856698427876521,0.0,0.0,0
2030-11-11 19:00:00,0.0,0.0,0.0,0.0,0.0,0.0,0.0,0
2030-11-11 20:00:00,0.0,0.0,0.0,0.0,0.0,0.0,0.0,0
2030-11-11 21:00:00,0.0,0.0,0.0,0.0,0.0,0.0,0.0,0
2030-11-11 22:00:00,0.0,0.0,0.0,0.0,0.0,0.0,0.0,0
2030-11-11 23:00:00,0.0,0.0,0.0,0.0,0.0,0.0,0.0,0
2030-11-12 00:00:00,0.0,0.0,0.0,0.0,0.0,0.0,0.0,0
2030-11-12 01:00:00,0.0,0.0,0.0,0.0,0.0,0.0,0.0,0
2030-11-12 02:00:00,0.0,0.0,0.0,0.0,0.0,0.0,0.0,0
2030-11-12 03:00:00,0.0,0.0,0.0,0.0,0.0,0.0,0.0,0
2030-11-12 04:00:00,0.0,0.0,0.0,0.0,0.0,0.0,0.0,0
2030-11-12 05:00:00,0.0,0.0,0.0,0.0,0.0,0.0,0.0,0
2030-11-12 06:00:00,0.0,0.0,0.0,0.0,0.0,0.0,0.0,0
2030-11-12 07:00:00,0.0,0.0,0.0,0.0,0.0,0.0,0.0,0
2030-11-12 08:00:00,0.0,0.0,0.0,0.0,2.246286810421415,0.0,0.0,0
2030-11-12 09:00:00,0.0,0.0,0.0,0.0,9.621398774644046,0.0,0.0,0
2030-11-12 10:00:00,0.0,0.0,0.0,0.0,15.577225718419756,0.0,0.0,0
2030-11-12 11:00:00,0.0,0.0,0.0,0.0,21.182558271021843,0.0,0.0,0
2030-11-12 12:00:00,0.0,0.0,0.0,0.0,25.315357758457836,0.0,0.0,0
2030-11-12 13:00:00,0.0,0.0,0.0,0.0,27.415157209340624,0.0,0.0,0
2030-11-12 14:00:00,0.0,0.0,0.0,0.0,25.850047668086017,0.0,0.0,0
2030-11-12 15:00:00,0.0,0.0,0.0,0.0,25.688683261475088,0.0,0.0,0
2030-11-12 16:00:00,0.0,0.0,0.0,0.0,21.08769868374896,0.0,0.0,0
2030-11-12 17:00:00,0.0,0.0,0.0,0.0,14.791761822251091,0.0,0.0,0
2030-11-12 18:00:00,0.0,0.0,0.0,0.0,6.7683199304173165,0.0,0.0,0
2030-11-12 19:00:00,0.0,0.0,0.0,0.0,0.0,0.0,0.0,0
2030-11-12 20:00:00,0.0,0.0,0.0,0.0,0.0,0.0,0.0,0
2030-11-12 21:00:00,0.0,0.0,0.0,0.0,0.0,0.0,0.0,0
2030-11-12 22:00:00,0.0,0.0,0.0,0.0,0.0,0.0,0.0,0
2030-11-12 23:00:00,0.0,0.0,0.0,0.0,0.0,0.0,0.0,0
2030-11-13 00:00:00,0.0,0.0,0.0,0.0,0.0,0.0,0.0,0
2030-11-13 01:00:00,0.0,0.0,0.0,0.0,0.0,0.0,0.0,0
2030-11-13 02:00:00,0.0,0.0,0.0,0.0,0.0,0.0,0.0,0
2030-11-13 03:00:00,0.0,0.0,0.0,0.0,0.0,0.0,0.0,0
2030-11-13 04:00:00,0.0,0.0,0.0,0.0,0.0,0.0,0.0,0
2030-11-13 05:00:00,0.0,0.0,0.0,0.0,0.0,0.0,0.0,0
2030-11-13 06:00:00,0.0,0.0,0.0,0.0,0.0,0.0,0.0,0
2030-11-13 07:00:00,0.0,0.0,0.0,0.0,0.0,0.0,0.0,0
2030-11-13 08:00:00,0.0,0.0,0.0,0.0,2.194732686903546,0.0,0.0,0
2030-11-13 09:00:00,0.0,0.0,0.0,0.0,9.974323574497802,0.0,0.0,0
2030-11-13 10:00:00,0.0,0.0,0.0,0.0,17.536429709594525,0.0,0.0,0
2030-11-13 11:00:00,0.0,0.0,0.0,0.0,22.425233594046126,0.0,0.0,0
2030-11-13 12:00:00,0.0,0.0,0.0,0.0,24.582479068277397,0.0,0.0,0
2030-11-13 13:00:00,0.0,0.0,0.0,0.0,24.39062408004304,0.0,0.0,0
2030-11-13 14:00:00,0.0,0.0,0.0,0.0,23.33641590285051,0.0,0.0,0
2030-11-13 15:00:00,0.0,0.0,0.0,0.0,21.874193662387995,0.0,0.0,0
2030-11-13 16:00:00,0.0,0.0,0.0,0.0,19.27984286947308,0.0,0.0,0
2030-11-13 17:00:00,0.0,0.0,0.0,0.0,13.616327806043683,0.0,0.0,0
2030-11-13 18:00:00,0.0,0.0,0.0,0.0,5.751967209636481,0.0,0.0,0
2030-11-13 19:00:00,0.0,0.0,0.0,0.0,0.0,0.0,0.0,0
2030-11-13 20:00:00,0.0,0.0,0.0,0.0,0.0,0.0,0.0,0
2030-11-13 21:00:00,0.0,0.0,0.0,0.0,0.0,0.0,0.0,0
2030-11-13 22:00:00,0.0,0.0,0.0,0.0,0.0,0.0,0.0,0
2030-11-13 23:00:00,0.0,0.0,0.0,0.0,0.0,0.0,0.0,0
2030-11-14 00:00:00,0.0,0.0,0.0,0.0,0.0,0.0,0.0,0
2030-11-14 01:00:00,0.0,0.0,0.0,0.0,0.0,0.0,0.0,0
2030-11-14 02:00:00,0.0,0.0,0.0,0.0,0.0,0.0,0.0,0
2030-11-14 03:00:00,0.0,0.0,0.0,0.0,0.0,0.0,0.0,0
2030-11-14 04:00:00,0.0,0.0,0.0,0.0,0.0,0.0,0.0,0
2030-11-14 05:00:00,0.0,0.0,0.0,0.0,0.0,0.0,0.0,0
2030-11-14 06:00:00,0.0,0.0,0.0,0.0,0.0,0.0,0.0,0
2030-11-14 07:00:00,0.0,0.0,0.0,0.0,0.0,0.0,0.0,0
2030-11-14 08:00:00,0.0,0.0,0.0,0.0,1.9443269441024709,0.0,0.0,0
2030-11-14 09:00:00,0.0,0.0,0.0,0.0,9.989863460301043,0.0,0.0,0
2030-11-14 10:00:00,0.0,0.0,0.0,0.0,17.54784526551634,0.0,0.0,0
2030-11-14 11:00:00,0.0,0.0,0.0,0.0,23.230803598386764,0.0,0.0,0
2030-11-14 12:00:00,0.0,0.0,0.0,0.0,26.477608648794245,0.0,0.0,0
2030-11-14 13:00:00,0.0,0.0,0.0,0.0,28.28060364570987,0.0,0.0,0
2030-11-14 14:00:00,0.0,0.0,0.0,0.0,27.689056902716278,0.0,0.0,0
2030-11-14 15:00:00,0.0,0.0,0.0,0.0,25.29665097649564,0.0,0.0,0
2030-11-14 16:00:00,0.0,0.0,0.0,0.0,20.363142302079265,0.0,0.0,0
2030-11-14 17:00:00,0.0,0.0,0.0,0.0,14.255598937665255,0.0,0.0,0
2030-11-14 18:00:00,0.0,0.0,0.0,0.0,5.995008077649287,0.0,0.0,0
2030-11-14 19:00:00,0.0,0.0,0.0,0.0,0.0,0.0,0.0,0
2030-11-14 20:00:00,0.0,0.0,0.0,0.0,0.0,0.0,0.0,0
2030-11-14 21:00:00,0.0,0.0,0.0,0.0,0.0,0.0,0.0,0
2030-11-14 22:00:00,0.0,0.0,0.0,0.0,0.0,0.0,0.0,0
2030-11-14 23:00:00,0.0,0.0,0.0,0.0,0.0,0.0,0.0,0
2030-11-15 00:00:00,0.0,0.0,0.0,0.0,0.0,0.0,0.0,0
2030-11-15 01:00:00,0.0,0.0,0.0,0.0,0.0,0.0,0.0,0
2030-11-15 02:00:00,0.0,0.0,0.0,0.0,0.0,0.0,0.0,0
2030-11-15 03:00:00,0.0,0.0,0.0,0.0,0.0,0.0,0.0,0
2030-11-15 04:00:00,0.0,0.0,0.0,0.0,0.0,0.0,0.0,0
2030-11-15 05:00:00,0.0,0.0,0.0,0.0,0.0,0.0,0.0,0
2030-11-15 06:00:00,0.0,0.0,0.0,0.0,0.0,0.0,0.0,0
2030-11-15 07:00:00,0.0,0.0,0.0,0.0,0.0,0.0,0.0,0
2030-11-15 08:00:00,0.0,0.0,0.0,0.0,1.8485835718550017,0.0,0.0,0
2030-11-15 09:00:00,0.0,0.0,0.0,0.0,8.815165931572464,0.0,0.0,0
2030-11-15 10:00:00,0.0,0.0,0.0,0.0,15.194178580681992,0.0,0.0,0
2030-11-15 11:00:00,0.0,0.0,0.0,0.0,20.86255446147165,0.0,0.0,0
2030-11-15 12:00:00,0.0,0.0,0.0,0.0,25.789434748578586,0.0,0.0,0
2030-11-15 13:00:00,0.0,0.0,0.0,0.0,26.394532861182597,0.0,0.0,0
2030-11-15 14:00:00,0.0,0.0,0.0,0.0,26.68713933652044,0.0,0.0,0
2030-11-15 15:00:00,0.0,0.0,0.0,0.0,25.12453385269384,0.0,0.0,0
2030-11-15 16:00:00,0.0,0.0,0.0,0.0,21.331844282980015,0.0,0.0,0
2030-11-15 17:00:00,0.0,0.0,0.0,0.0,14.88765249199432,0.0,0.0,0
2030-11-15 18:00:00,0.0,0.0,0.0,0.0,6.709400932111183,0.0,0.0,0
2030-11-15 19:00:00,0.0,0.0,0.0,0.0,0.0,0.0,0.0,0
2030-11-15 20:00:00,0.0,0.0,0.0,0.0,0.0,0.0,0.0,0
2030-11-15 21:00:00,0.0,0.0,0.0,0.0,0.0,0.0,0.0,0
2030-11-15 22:00:00,0.0,0.0,0.0,0.0,0.0,0.0,0.0,0
2030-11-15 23:00:00,0.0,0.0,0.0,0.0,0.0,0.0,0.0,0
2030-11-16 00:00:00,0.0,0.0,0.0,0.0,0.0,0.0,0.0,0
2030-11-16 01:00:00,0.0,0.0,0.0,0.0,0.0,0.0,0.0,0
2030-11-16 02:00:00,0.0,0.0,0.0,0.0,0.0,0.0,0.0,0
2030-11-16 03:00:00,0.0,0.0,0.0,0.0,0.0,0.0,0.0,0
2030-11-16 04:00:00,0.0,0.0,0.0,0.0,0.0,0.0,0.0,0
2030-11-16 05:00:00,0.0,0.0,0.0,0.0,0.0,0.0,0.0,0
2030-11-16 06:00:00,0.0,0.0,0.0,0.0,0.0,0.0,0.0,0
2030-11-16 07:00:00,0.0,0.0,0.0,0.0,0.0,0.0,0.0,0
2030-11-16 08:00:00,0.0,0.0,0.0,0.0,1.9737864432555372,0.0,0.0,0
2030-11-16 09:00:00,0.0,0.0,0.0,0.0,9.715595523185982,0.0,0.0,0
2030-11-16 10:00:00,0.0,0.0,0.0,0.0,17.568614212419256,0.0,0.0,0
2030-11-16 11:00:00,0.0,0.0,0.0,0.0,23.53902360827573,0.0,0.0,0
2030-11-16 12:00:00,0.0,0.0,0.0,0.0,27.21910424247696,0.0,0.0,0
2030-11-16 13:00:00,0.0,0.0,0.0,0.0,28.67197309195837,0.0,0.0,0
2030-11-16 14:00:00,0.0,0.0,0.0,0.0,27.59868988906424,0.0,0.0,0
2030-11-16 15:00:00,0.0,0.0,0.0,0.0,25.379063925376354,0.0,0.0,0
2030-11-16 16:00:00,0.0,0.0,0.0,0.0,20.775280695230684,0.0,0.0,0
2030-11-16 17:00:00,0.0,0.0,0.0,0.0,13.740646892469629,0.0,0.0,0
2030-11-16 18:00:00,0.0,0.0,0.0,0.0,4.315816625924426,0.0,0.0,0
2030-11-16 19:00:00,0.0,0.0,0.0,0.0,0.0,0.0,0.0,0
2030-11-16 20:00:00,0.0,0.0,0.0,0.0,0.0,0.0,0.0,0
2030-11-16 21:00:00,0.0,0.0,0.0,0.0,0.0,0.0,0.0,0
2030-11-16 22:00:00,0.0,0.0,0.0,0.0,0.0,0.0,0.0,0
2030-11-16 23:00:00,0.0,0.0,0.0,0.0,0.0,0.0,0.0,0
2030-11-17 00:00:00,0.0,0.0,0.0,0.0,0.0,0.0,0.0,0
2030-11-17 01:00:00,0.0,0.0,0.0,0.0,0.0,0.0,0.0,0
2030-11-17 02:00:00,0.0,0.0,0.0,0.0,0.0,0.0,0.0,0
2030-11-17 03:00:00,0.0,0.0,0.0,0.0,0.0,0.0,0.0,0
2030-11-17 04:00:00,0.0,0.0,0.0,0.0,0.0,0.0,0.0,0
2030-11-17 05:00:00,0.0,0.0,0.0,0.0,0.0,0.0,0.0,0
2030-11-17 06:00:00,0.0,0.0,0.0,0.0,0.0,0.0,0.0,0
2030-11-17 07:00:00,0.0,0.0,0.0,0.0,0.0,0.0,0.0,0
2030-11-17 08:00:00,0.0,0.0,0.0,0.0,1.4656100828651175,0.0,0.0,0
2030-11-17 09:00:00,0.0,0.0,0.0,0.0,7.94515327283449,0.0,0.0,0
2030-11-17 10:00:00,0.0,0.0,0.0,0.0,15.974118820759463,0.0,0.0,0
2030-11-17 11:00:00,0.0,0.0,0.0,0.0,21.08350070511965,0.0,0.0,0
2030-11-17 12:00:00,0.0,0.0,0.0,0.0,24.58041690333668,0.0,0.0,0
2030-11-17 13:00:00,0.0,0.0,0.0,0.0,26.532329668471068,0.0,0.0,0
2030-11-17 14:00:00,0.0,0.0,0.0,0.0,25.451755239536546,0.0,0.0,0
2030-11-17 15:00:00,0.0,0.0,0.0,0.0,21.910207900102616,0.0,0.0,0
2030-11-17 16:00:00,0.0,0.0,0.0,0.0,17.98561342293093,0.0,0.0,0
2030-11-17 17:00:00,0.0,0.0,0.0,0.0,11.026469586749611,0.0,0.0,0
2030-11-17 18:00:00,0.0,0.0,0.0,0.0,4.360005874654026,0.0,0.0,0
2030-11-17 19:00:00,0.0,0.0,0.0,0.0,0.0,0.0,0.0,0
2030-11-17 20:00:00,0.0,0.0,0.0,0.0,0.0,0.0,0.0,0
2030-11-17 21:00:00,0.0,0.0,0.0,0.0,0.0,0.0,0.0,0
2030-11-17 22:00:00,0.0,0.0,0.0,0.0,0.0,0.0,0.0,0
2030-11-17 23:00:00,0.0,0.0,0.0,0.0,0.0,0.0,0.0,0
2030-11-18 00:00:00,0.0,0.0,0.0,0.0,0.0,0.0,0.0,0
2030-11-18 01:00:00,0.0,0.0,0.0,0.0,0.0,0.0,0.0,0
2030-11-18 02:00:00,0.0,0.0,0.0,0.0,0.0,0.0,0.0,0
2030-11-18 03:00:00,0.0,0.0,0.0,0.0,0.0,0.0,0.0,0
2030-11-18 04:00:00,0.0,0.0,0.0,0.0,0.0,0.0,0.0,0
2030-11-18 05:00:00,0.0,0.0,0.0,0.0,0.0,0.0,0.0,0
2030-11-18 06:00:00,0.0,0.0,0.0,0.0,0.0,0.0,0.0,0
2030-11-18 07:00:00,0.0,0.0,0.0,0.0,0.0,0.0,0.0,0
2030-11-18 08:00:00,0.0,0.0,0.0,0.0,1.1341907173931065,0.0,0.0,0
2030-11-18 09:00:00,0.0,0.0,0.0,0.0,7.617563642252381,0.0,0.0,0
2030-11-18 10:00:00,0.0,0.0,0.0,0.0,16.03266957532618,0.0,0.0,0
2030-11-18 11:00:00,0.0,0.0,0.0,0.0,22.94261604792188,0.0,0.0,0
2030-11-18 12:00:00,0.0,0.0,0.0,0.0,27.23368669455773,0.0,0.0,0
2030-11-18 13:00:00,0.0,0.0,0.0,0.0,29.16615619025109,0.0,0.0,0
2030-11-18 14:00:00,0.0,0.0,0.0,0.0,28.602375025209252,0.0,0.0,0
2030-11-18 15:00:00,0.0,0.0,0.0,0.0,26.19361907695867,0.0,0.0,0
2030-11-18 16:00:00,0.0,0.0,0.0,0.0,21.667756222072867,0.0,0.0,0
2030-11-18 17:00:00,0.0,0.0,0.0,0.0,15.279021938242828,0.0,0.0,0
2030-11-18 18:00:00,0.0,0.0,0.0,0.0,6.893522801817856,0.0,0.0,0
2030-11-18 19:00:00,0.0,0.0,0.0,0.0,0.0,0.0,0.0,0
2030-11-18 20:00:00,0.0,0.0,0.0,0.0,0.0,0.0,0.0,0
2030-11-18 21:00:00,0.0,0.0,0.0,0.0,0.0,0.0,0.0,0
2030-11-18 22:00:00,0.0,0.0,0.0,0.0,0.0,0.0,0.0,0
2030-11-18 23:00:00,0.0,0.0,0.0,0.0,0.0,0.0,0.0,0
2030-11-19 00:00:00,0.0,0.0,0.0,0.0,0.0,0.0,0.0,0
2030-11-19 01:00:00,0.0,0.0,0.0,0.0,0.0,0.0,0.0,0
2030-11-19 02:00:00,0.0,0.0,0.0,0.0,0.0,0.0,0.0,0
2030-11-19 03:00:00,0.0,0.0,0.0,0.0,0.0,0.0,0.0,0
2030-11-19 04:00:00,0.0,0.0,0.0,0.0,0.0,0.0,0.0,0
2030-11-19 05:00:00,0.0,0.0,0.0,0.0,0.0,0.0,0.0,0
2030-11-19 06:00:00,0.0,0.0,0.0,0.0,0.0,0.0,0.0,0
2030-11-19 07:00:00,0.0,0.0,0.0,0.0,0.0,0.0,0.0,0
2030-11-19 08:00:00,0.0,0.0,0.0,0.0,2.0916244398678083,0.0,0.0,0
2030-11-19 09:00:00,0.0,0.0,0.0,0.0,10.383663315229672,0.0,0.0,0
2030-11-19 10:00:00,0.0,0.0,0.0,0.0,18.220773874920287,0.0,0.0,0
2030-11-19 11:00:00,0.0,0.0,0.0,0.0,24.30541247874279,0.0,0.0,0
2030-11-19 12:00:00,0.0,0.0,0.0,0.0,28.15208658065461,0.0,0.0,0
2030-11-19 13:00:00,0.0,0.0,0.0,0.0,29.85985374655796,0.0,0.0,0
2030-11-19 14:00:00,0.0,0.0,0.0,0.0,29.23892115315917,0.0,0.0,0
2030-11-19 15:00:00,0.0,0.0,0.0,0.0,26.722122491764704,0.0,0.0,0
2030-11-19 16:00:00,0.0,0.0,0.0,0.0,22.140507534731725,0.0,0.0,0
2030-11-19 17:00:00,0.0,0.0,0.0,0.0,15.092396011108145,0.0,0.0,0
2030-11-19 18:00:00,0.0,0.0,0.0,0.0,6.400076191003969,0.0,0.0,0
2030-11-19 19:00:00,0.0,0.0,0.0,0.0,0.0,0.0,0.0,0
2030-11-19 20:00:00,0.0,0.0,0.0,0.0,0.0,0.0,0.0,0
2030-11-19 21:00:00,0.0,0.0,0.0,0.0,0.0,0.0,0.0,0
2030-11-19 22:00:00,0.0,0.0,0.0,0.0,0.0,0.0,0.0,0
2030-11-19 23:00:00,0.0,0.0,0.0,0.0,0.0,0.0,0.0,0
2030-11-20 00:00:00,0.0,0.0,0.0,0.0,0.0,0.0,0.0,0
2030-11-20 01:00:00,0.0,0.0,0.0,0.0,0.0,0.0,0.0,0
2030-11-20 02:00:00,0.0,0.0,0.0,0.0,0.0,0.0,0.0,0
2030-11-20 03:00:00,0.0,0.0,0.0,0.0,0.0,0.0,0.0,0
2030-11-20 04:00:00,0.0,0.0,0.0,0.0,0.0,0.0,0.0,0
2030-11-20 05:00:00,0.0,0.0,0.0,0.0,0.0,0.0,0.0,0
2030-11-20 06:00:00,0.0,0.0,0.0,0.0,0.0,0.0,0.0,0
2030-11-20 07:00:00,0.0,0.0,0.0,0.0,0.0,0.0,0.0,0
2030-11-20 08:00:00,0.0,0.0,0.0,0.0,2.268381434786217,0.0,0.0,0
2030-11-20 09:00:00,0.0,0.0,0.0,0.0,10.530887162247131,0.0,0.0,0
2030-11-20 10:00:00,0.0,0.0,0.0,0.0,18.25958676505446,0.0,0.0,0
2030-11-20 11:00:00,0.0,0.0,0.0,0.0,24.31027329610305,0.0,0.0,0
2030-11-20 12:00:00,0.0,0.0,0.0,0.0,28.085287166325035,0.0,0.0,0
2030-11-20 13:00:00,0.0,0.0,0.0,0.0,29.71579679569945,0.0,0.0,0
2030-11-20 14:00:00,0.0,0.0,0.0,0.0,28.94557819034249,0.0,0.0,0
2030-11-20 15:00:00,0.0,0.0,0.0,0.0,26.526437768640456,0.0,0.0,0
2030-11-20 16:00:00,0.0,0.0,0.0,0.0,22.0088972222654,0.0,0.0,0
2030-11-20 17:00:00,0.0,0.0,0.0,0.0,15.49790601695012,0.0,0.0,0
2030-11-20 18:00:00,0.0,0.0,0.0,0.0,7.114469045465865,0.0,0.0,0
2030-11-20 19:00:00,0.0,0.0,0.0,0.0,0.0,0.0,0.0,0
2030-11-20 20:00:00,0.0,0.0,0.0,0.0,0.0,0.0,0.0,0
2030-11-20 21:00:00,0.0,0.0,0.0,0.0,0.0,0.0,0.0,0
2030-11-20 22:00:00,0.0,0.0,0.0,0.0,0.0,0.0,0.0,0
2030-11-20 23:00:00,0.0,0.0,0.0,0.0,0.0,0.0,0.0,0
2030-11-21 00:00:00,0.0,0.0,0.0,0.0,0.0,0.0,0.0,0
2030-11-21 01:00:00,0.0,0.0,0.0,0.0,0.0,0.0,0.0,0
2030-11-21 02:00:00,0.0,0.0,0.0,0.0,0.0,0.0,0.0,0
2030-11-21 03:00:00,0.0,0.0,0.0,0.0,0.0,0.0,0.0,0
2030-11-21 04:00:00,0.0,0.0,0.0,0.0,0.0,0.0,0.0,0
2030-11-21 05:00:00,0.0,0.0,0.0,0.0,0.0,0.0,0.0,0
2030-11-21 06:00:00,0.0,0.0,0.0,0.0,0.0,0.0,0.0,0
2030-11-21 07:00:00,0.0,0.0,0.0,0.0,0.0,0.0,0.0,0
2030-11-21 08:00:00,0.0,0.0,0.0,0.0,2.2389219356331465,0.0,0.0,0
2030-11-21 09:00:00,0.0,0.0,0.0,0.0,10.462614772959896,0.0,0.0,0
2030-11-21 10:00:00,0.0,0.0,0.0,0.0,18.251927295274665,0.0,0.0,0
2030-11-21 11:00:00,0.0,0.0,0.0,0.0,24.096618278495423,0.0,0.0,0
2030-11-21 12:00:00,0.0,0.0,0.0,0.0,27.761453621884932,0.0,0.0,0
2030-11-21 13:00:00,0.0,0.0,0.0,0.0,29.36736456946654,0.0,0.0,0
2030-11-21 14:00:00,0.0,0.0,0.0,0.0,28.621376402162984,0.0,0.0,0
2030-11-21 15:00:00,0.0,0.0,0.0,0.0,26.23589345824332,0.0,0.0,0
2030-11-21 16:00:00,0.0,0.0,0.0,0.0,21.779628670106646,0.0,0.0,0
2030-11-21 17:00:00,0.0,0.0,0.0,0.0,15.401647103467472,0.0,0.0,0
2030-11-21 18:00:00,0.0,0.0,0.0,0.0,7.033455422794929,0.0,0.0,0
2030-11-21 19:00:00,0.0,0.0,0.0,0.0,0.0,0.0,0.0,0
2030-11-21 20:00:00,0.0,0.0,0.0,0.0,0.0,0.0,0.0,0
2030-11-21 21:00:00,0.0,0.0,0.0,0.0,0.0,0.0,0.0,0
2030-11-21 22:00:00,0.0,0.0,0.0,0.0,0.0,0.0,0.0,0
2030-11-21 23:00:00,0.0,0.0,0.0,0.0,0.0,0.0,0.0,0
2030-11-22 00:00:00,0.0,0.0,0.0,0.0,0.0,0.0,0.0,0
2030-11-22 01:00:00,0.0,0.0,0.0,0.0,0.0,0.0,0.0,0
2030-11-22 02:00:00,0.0,0.0,0.0,0.0,0.0,0.0,0.0,0
2030-11-22 03:00:00,0.0,0.0,0.0,0.0,0.0,0.0,0.0,0
2030-11-22 04:00:00,0.0,0.0,0.0,0.0,0.0,0.0,0.0,0
2030-11-22 05:00:00,0.0,0.0,0.0,0.0,0.0,0.0,0.0,0
2030-11-22 06:00:00,0.0,0.0,0.0,0.0,0.0,0.0,0.0,0
2030-11-22 07:00:00,0.0,0.0,0.0,0.0,0.0,0.0,0.0,0
2030-11-22 08:00:00,0.0,0.0,0.0,0.0,2.1873678121152778,0.0,0.0,0
2030-11-22 09:00:00,0.0,0.0,0.0,0.0,10.34175717768444,0.0,0.0,0
2030-11-22 10:00:00,0.0,0.0,0.0,0.0,18.07804260152368,0.0,0.0,0
2030-11-22 11:00:00,0.0,0.0,0.0,0.0,23.888781511970528,0.0,0.0,0
2030-11-22 12:00:00,0.0,0.0,0.0,0.0,27.551554690419326,0.0,0.0,0
2030-11-22 13:00:00,0.0,0.0,0.0,0.0,29.22573802728817,0.0,0.0,0
2030-11-22 14:00:00,0.0,0.0,0.0,0.0,28.455519421931207,0.0,0.0,0
2030-11-22 15:00:00,0.0,0.0,0.0,0.0,26.093530428586124,0.0,0.0,0
2030-11-22 16:00:00,0.0,0.0,0.0,0.0,21.665325813392744,0.0,0.0,0
2030-11-22 17:00:00,0.0,0.0,0.0,0.0,15.34272810516134,0.0,0.0,0
2030-11-22 18:00:00,0.0,0.0,0.0,0.0,7.02609054800666,0.0,0.0,0
2030-11-22 19:00:00,0.0,0.0,0.0,0.0,0.0,0.0,0.0,0
2030-11-22 20:00:00,0.0,0.0,0.0,0.0,0.0,0.0,0.0,0
2030-11-22 21:00:00,0.0,0.0,0.0,0.0,0.0,0.0,0.0,0
2030-11-22 22:00:00,0.0,0.0,0.0,0.0,0.0,0.0,0.0,0
2030-11-22 23:00:00,0.0,0.0,0.0,0.0,0.0,0.0,0.0,0
2030-11-23 00:00:00,0.0,0.0,0.0,0.0,0.0,0.0,0.0,0
2030-11-23 01:00:00,0.0,0.0,0.0,0.0,0.0,0.0,0.0,0
2030-11-23 02:00:00,0.0,0.0,0.0,0.0,0.0,0.0,0.0,0
2030-11-23 03:00:00,0.0,0.0,0.0,0.0,0.0,0.0,0.0,0
2030-11-23 04:00:00,0.0,0.0,0.0,0.0,0.0,0.0,0.0,0
2030-11-23 05:00:00,0.0,0.0,0.0,0.0,0.0,0.0,0.0,0
2030-11-23 06:00:00,0.0,0.0,0.0,0.0,0.0,0.0,0.0,0
2030-11-23 07:00:00,0.0,0.0,0.0,0.0,0.0,0.0,0.0,0
2030-11-23 08:00:00,0.0,0.0,0.0,0.0,2.1505434381739463,0.0,0.0,0
2030-11-23 09:00:00,0.0,0.0,0.0,0.0,10.27598884582521,0.0,0.0,0
2030-11-23 10:00:00,0.0,0.0,0.0,0.0,17.914616029972034,0.0,0.0,0
2030-11-23 11:00:00,0.0,0.0,0.0,0.0,23.76689283422472,0.0,0.0,0
2030-11-23 12:00:00,0.0,0.0,0.0,0.0,27.487848523500816,0.0,0.0,0
2030-11-23 13:00:00,0.0,0.0,0.0,0.0,29.17550958123219,0.0,0.0,0
2030-11-23 14:00:00,0.0,0.0,0.0,0.0,28.55943780519366,0.0,0.0,0
2030-11-23 15:00:00,0.0,0.0,0.0,0.0,26.215124511340402,0.0,0.0,0
2030-11-23 16:00:00,0.0,0.0,0.0,0.0,21.795242204657768,0.0,0.0,0
2030-11-23 17:00:00,0.0,0.0,0.0,0.0,15.353480822352209,0.0,0.0,0
2030-11-23 18:00:00,0.0,0.0,0.0,0.0,7.062914921947995,0.0,0.0,0
2030-11-23 19:00:00,0.0,0.0,0.0,0.0,0.0,0.0,0.0,0
2030-11-23 20:00:00,0.0,0.0,0.0,0.0,0.0,0.0,0.0,0
2030-11-23 21:00:00,0.0,0.0,0.0,0.0,0.0,0.0,0.0,0
2030-11-23 22:00:00,0.0,0.0,0.0,0.0,0.0,0.0,0.0,0
2030-11-23 23:00:00,0.0,0.0,0.0,0.0,0.0,0.0,0.0,0
2030-11-24 00:00:00,0.0,0.0,0.0,0.0,0.0,0.0,0.0,0
2030-11-24 01:00:00,0.0,0.0,0.0,0.0,0.0,0.0,0.0,0
2030-11-24 02:00:00,0.0,0.0,0.0,0.0,0.0,0.0,0.0,0
2030-11-24 03:00:00,0.0,0.0,0.0,0.0,0.0,0.0,0.0,0
2030-11-24 04:00:00,0.0,0.0,0.0,0.0,0.0,0.0,0.0,0
2030-11-24 05:00:00,0.0,0.0,0.0,0.0,0.0,0.0,0.0,0
2030-11-24 06:00:00,0.0,0.0,0.0,0.0,0.0,0.0,0.0,0
2030-11-24 07:00:00,0.0,0.0,0.0,0.0,0.0,0.0,0.0,0
2030-11-24 08:00:00,0.0,0.0,0.0,0.0,2.1358136885974126,0.0,0.0,0
2030-11-24 09:00:00,0.0,0.0,0.0,0.0,10.24409893799202,0.0,0.0,0
2030-11-24 10:00:00,0.0,0.0,0.0,0.0,17.958584332457992,0.0,0.0,0
2030-11-24 11:00:00,0.0,0.0,0.0,0.0,23.74575564358239,0.0,0.0,0
2030-11-24 12:00:00,0.0,0.0,0.0,0.0,27.523862761215447,0.0,0.0,0
2030-11-24 13:00:00,0.0,0.0,0.0,0.0,29.20084475050383,0.0,0.0,0
2030-11-24 14:00:00,0.0,0.0,0.0,0.0,28.439243048649143,0.0,0.0,0
2030-11-24 15:00:00,0.0,0.0,0.0,0.0,26.147883204523534,0.0,0.0,0
2030-11-24 16:00:00,0.0,0.0,0.0,0.0,21.756797558263017,0.0,0.0,0
2030-11-24 17:00:00,0.0,0.0,0.0,0.0,15.369094356903336,0.0,0.0,0
2030-11-24 18:00:00,0.0,0.0,0.0,0.0,7.099739295889328,0.0,0.0,0
2030-11-24 19:00:00,0.0,0.0,0.0,0.0,0.0,0.0,0.0,0
2030-11-24 20:00:00,0.0,0.0,0.0,0.0,0.0,0.0,0.0,0
2030-11-24 21:00:00,0.0,0.0,0.0,0.0,0.0,0.0,0.0,0
2030-11-24 22:00:00,0.0,0.0,0.0,0.0,0.0,0.0,0.0,0
2030-11-24 23:00:00,0.0,0.0,0.0,0.0,0.0,0.0,0.0,0
2030-11-25 00:00:00,0.0,0.0,0.0,0.0,0.0,0.0,0.0,0
2030-11-25 01:00:00,0.0,0.0,0.0,0.0,0.0,0.0,0.0,0
2030-11-25 02:00:00,0.0,0.0,0.0,0.0,0.0,0.0,0.0,0
2030-11-25 03:00:00,0.0,0.0,0.0,0.0,0.0,0.0,0.0,0
2030-11-25 04:00:00,0.0,0.0,0.0,0.0,0.0,0.0,0.0,0
2030-11-25 05:00:00,0.0,0.0,0.0,0.0,0.0,0.0,0.0,0
2030-11-25 06:00:00,0.0,0.0,0.0,0.0,0.0,0.0,0.0,0
2030-11-25 07:00:00,0.0,0.0,0.0,0.0,0.0,0.0,0.0,0
2030-11-25 08:00:00,0.0,0.0,0.0,0.0,2.106354189444342,0.0,0.0,0
2030-11-25 09:00:00,0.0,0.0,0.0,0.0,10.12670283386704,0.0,0.0,0
2030-11-25 10:00:00,0.0,0.0,0.0,0.0,18.1944076231783,0.0,0.0,0
2030-11-25 11:00:00,0.0,0.0,0.0,0.0,23.98334650425188,0.0,0.0,0
2030-11-25 12:00:00,0.0,0.0,0.0,0.0,27.696348128756657,0.0,0.0,0
2030-11-25 13:00:00,0.0,0.0,0.0,0.0,29.223307618608043,0.0,0.0,0
2030-11-25 14:00:00,0.0,0.0,0.0,0.0,28.856242259160823,0.0,0.0,0
2030-11-25 15:00:00,0.0,0.0,0.0,0.0,26.504637739267185,0.0,0.0,0
2030-11-25 16:00:00,0.0,0.0,0.0,0.0,22.032833065327257,0.0,0.0,0
2030-11-25 17:00:00,0.0,0.0,0.0,0.0,15.411368738187983,0.0,0.0,0
2030-11-25 18:00:00,0.0,0.0,0.0,0.0,7.210212417713334,0.0,0.0,0
2030-11-25 19:00:00,0.0,0.0,0.0,0.0,0.0,0.0,0.0,0
2030-11-25 20:00:00,0.0,0.0,0.0,0.0,0.0,0.0,0.0,0
2030-11-25 21:00:00,0.0,0.0,0.0,0.0,0.0,0.0,0.0,0
2030-11-25 22:00:00,0.0,0.0,0.0,0.0,0.0,0.0,0.0,0
2030-11-25 23:00:00,0.0,0.0,0.0,0.0,0.0,0.0,0.0,0
2030-11-26 00:00:00,0.0,0.0,0.0,0.0,0.0,0.0,0.0,0
2030-11-26 01:00:00,0.0,0.0,0.0,0.0,0.0,0.0,0.0,0
2030-11-26 02:00:00,0.0,0.0,0.0,0.0,0.0,0.0,0.0,0
2030-11-26 03:00:00,0.0,0.0,0.0,0.0,0.0,0.0,0.0,0
2030-11-26 04:00:00,0.0,0.0,0.0,0.0,0.0,0.0,0.0,0
2030-11-26 05:00:00,0.0,0.0,0.0,0.0,0.0,0.0,0.0,0
2030-11-26 06:00:00,0.0,0.0,0.0,0.0,0.0,0.0,0.0,0
2030-11-26 07:00:00,0.0,0.0,0.0,0.0,0.0,0.0,0.0,0
2030-11-26 08:00:00,0.0,0.0,0.0,0.0,2.032705441561675,0.0,0.0,0
2030-11-26 09:00:00,0.0,0.0,0.0,0.0,10.038692580147252,0.0,0.0,0
2030-11-26 10:00:00,0.0,0.0,0.0,0.0,18.11199467429759,0.0,0.0,0
2030-11-26 11:00:00,0.0,0.0,0.0,0.0,23.798782742057913,0.0,0.0,0
2030-11-26 12:00:00,0.0,0.0,0.0,0.0,27.519738431334012,0.0,0.0,0
2030-11-26 13:00:00,0.0,0.0,0.0,0.0,29.126680461385977,0.0,0.0,0
2030-11-26 14:00:00,0.0,0.0,0.0,0.0,28.706219759723815,0.0,0.0,0
2030-11-26 15:00:00,0.0,0.0,0.0,0.0,26.369934179389784,0.0,0.0,0
2030-11-26 16:00:00,0.0,0.0,0.0,0.0,21.93583766436579,0.0,0.0,0
2030-11-26 17:00:00,0.0,0.0,0.0,0.0,15.404445755887016,0.0,0.0,0
2030-11-26 18:00:00,0.0,0.0,0.0,0.0,7.070279796736261,0.0,0.0,0
2030-11-26 19:00:00,0.0,0.0,0.0,0.0,0.0,0.0,0.0,0
2030-11-26 20:00:00,0.0,0.0,0.0,0.0,0.0,0.0,0.0,0
2030-11-26 21:00:00,0.0,0.0,0.0,0.0,0.0,0.0,0.0,0
2030-11-26 22:00:00,0.0,0.0,0.0,0.0,0.0,0.0,0.0,0
2030-11-26 23:00:00,0.0,0.0,0.0,0.0,0.0,0.0,0.0,0
2030-11-27 00:00:00,0.0,0.0,0.0,0.0,0.0,0.0,0.0,0
2030-11-27 01:00:00,0.0,0.0,0.0,0.0,0.0,0.0,0.0,0
2030-11-27 02:00:00,0.0,0.0,0.0,0.0,0.0,0.0,0.0,0
2030-11-27 03:00:00,0.0,0.0,0.0,0.0,0.0,0.0,0.0,0
2030-11-27 04:00:00,0.0,0.0,0.0,0.0,0.0,0.0,0.0,0
2030-11-27 05:00:00,0.0,0.0,0.0,0.0,0.0,0.0,0.0,0
2030-11-27 06:00:00,0.0,0.0,0.0,0.0,0.0,0.0,0.0,0
2030-11-27 07:00:00,0.0,0.0,0.0,0.0,0.0,0.0,0.0,0
2030-11-27 08:00:00,0.0,0.0,0.0,0.0,2.0253405667734063,0.0,0.0,0
2030-11-27 09:00:00,0.0,0.0,0.0,0.0,9.986107374159026,0.0,0.0,0
2030-11-27 10:00:00,0.0,0.0,0.0,0.0,17.808267238029458,0.0,0.0,0
2030-11-27 11:00:00,0.0,0.0,0.0,0.0,23.878028794779663,0.0,0.0,0
2030-11-27 12:00:00,0.0,0.0,0.0,0.0,27.689425146455687,0.0,0.0,0
2030-11-27 13:00:00,0.0,0.0,0.0,0.0,29.398223394829376,0.0,0.0,0
2030-11-27 14:00:00,0.0,0.0,0.0,0.0,28.828844924948463,0.0,0.0,0
2030-11-27 15:00:00,0.0,0.0,0.0,0.0,26.452347128270485,0.0,0.0,0
2030-11-27 16:00:00,0.0,0.0,0.0,0.0,22.024142513077106,0.0,0.0,0
2030-11-27 17:00:00,0.0,0.0,0.0,0.0,15.5630115100784,0.0,0.0,0
2030-11-27 18:00:00,0.0,0.0,0.0,0.0,7.239671916866402,0.0,0.0,0
2030-11-27 19:00:00,0.0,0.0,0.0,0.0,0.0,0.0,0.0,0
2030-11-27 20:00:00,0.0,0.0,0.0,0.0,0.0,0.0,0.0,0
2030-11-27 21:00:00,0.0,0.0,0.0,0.0,0.0,0.0,0.0,0
2030-11-27 22:00:00,0.0,0.0,0.0,0.0,0.0,0.0,0.0,0
2030-11-27 23:00:00,0.0,0.0,0.0,0.0,0.0,0.0,0.0,0
2030-11-28 00:00:00,0.0,0.0,0.0,0.0,0.0,0.0,0.0,0
2030-11-28 01:00:00,0.0,0.0,0.0,0.0,0.0,0.0,0.0,0
2030-11-28 02:00:00,0.0,0.0,0.0,0.0,0.0,0.0,0.0,0
2030-11-28 03:00:00,0.0,0.0,0.0,0.0,0.0,0.0,0.0,0
2030-11-28 04:00:00,0.0,0.0,0.0,0.0,0.0,0.0,0.0,0
2030-11-28 05:00:00,0.0,0.0,0.0,0.0,0.0,0.0,0.0,0
2030-11-28 06:00:00,0.0,0.0,0.0,0.0,0.0,0.0,0.0,0
2030-11-28 07:00:00,0.0,0.0,0.0,0.0,0.0,0.0,0.0,0
2030-11-28 08:00:00,0.0,0.0,0.0,0.0,1.6718265769365932,0.0,0.0,0
2030-11-28 09:00:00,0.0,0.0,0.0,0.0,9.413267413127626,0.0,0.0,0
2030-11-28 10:00:00,0.0,0.0,0.0,0.0,17.49621749325059,0.0,0.0,0
2030-11-28 11:00:00,0.0,0.0,0.0,0.0,23.558024985229466,0.0,0.0,0
2030-11-28 12:00:00,0.0,0.0,0.0,0.0,27.348652390002574,0.0,0.0,0
2030-11-28 13:00:00,0.0,0.0,0.0,0.0,29.072990524179517,0.0,0.0,0
2030-11-28 14:00:00,0.0,0.0,0.0,0.0,28.746800219807167,0.0,0.0,0
2030-11-28 15:00:00,0.0,0.0,0.0,0.0,25.99447286268393,0.0,0.0,0
2030-11-28 16:00:00,0.0,0.0,0.0,0.0,20.272775288427223,0.0,0.0,0
2030-11-28 17:00:00,0.0,0.0,0.0,0.0,13.002244546197984,0.0,0.0,0
2030-11-28 18:00:00,0.0,0.0,0.0,0.0,5.022844605598052,0.0,0.0,0
2030-11-28 19:00:00,0.0,0.0,0.0,0.0,0.0,0.0,0.0,0
2030-11-28 20:00:00,0.0,0.0,0.0,0.0,0.0,0.0,0.0,0
2030-11-28 21:00:00,0.0,0.0,0.0,0.0,0.0,0.0,0.0,0
2030-11-28 22:00:00,0.0,0.0,0.0,0.0,0.0,0.0,0.0,0
2030-11-28 23:00:00,0.0,0.0,0.0,0.0,0.0,0.0,0.0,0
2030-11-29 00:00:00,0.0,0.0,0.0,0.0,0.0,0.0,0.0,0
2030-11-29 01:00:00,0.0,0.0,0.0,0.0,0.0,0.0,0.0,0
2030-11-29 02:00:00,0.0,0.0,0.0,0.0,0.0,0.0,0.0,0
2030-11-29 03:00:00,0.0,0.0,0.0,0.0,0.0,0.0,0.0,0
2030-11-29 04:00:00,0.0,0.0,0.0,0.0,0.0,0.0,0.0,0
2030-11-29 05:00:00,0.0,0.0,0.0,0.0,0.0,0.0,0.0,0
2030-11-29 06:00:00,0.0,0.0,0.0,0.0,0.0,0.0,0.0,0
2030-11-29 07:00:00,0.0,0.0,0.0,0.0,0.0,0.0,0.0,0
2030-11-29 08:00:00,0.0,0.0,0.0,0.0,1.7086509508779286,0.0,0.0,0
2030-11-29 09:00:00,0.0,0.0,0.0,0.0,9.608583892512462,0.0,0.0,0
2030-11-29 10:00:00,0.0,0.0,0.0,0.0,17.719962389318145,0.0,0.0,0
2030-11-29 11:00:00,0.0,0.0,0.0,0.0,23.419859934201575,0.0,0.0,0
2030-11-29 12:00:00,0.0,0.0,0.0,0.0,27.339298999021473,0.0,0.0,0
2030-11-29 13:00:00,0.0,0.0,0.0,0.0,28.966347137245407,0.0,0.0,0
2030-11-29 14:00:00,0.0,0.0,0.0,0.0,28.74363332364821,0.0,0.0,0
2030-11-29 15:00:00,0.0,0.0,0.0,0.0,26.36161187087904,0.0,0.0,0
2030-11-29 16:00:00,0.0,0.0,0.0,0.0,21.91300655252216,0.0,0.0,0
2030-11-29 17:00:00,0.0,0.0,0.0,0.0,15.50033642563025,0.0,0.0,0
2030-11-29 18:00:00,0.0,0.0,0.0,0.0,7.166023168983728,0.0,0.0,0
2030-11-29 19:00:00,0.0,0.0,0.0,0.0,0.0,0.0,0.0,0
2030-11-29 20:00:00,0.0,0.0,0.0,0.0,0.0,0.0,0.0,0
2030-11-29 21:00:00,0.0,0.0,0.0,0.0,0.0,0.0,0.0,0
2030-11-29 22:00:00,0.0,0.0,0.0,0.0,0.0,0.0,0.0,0
2030-11-29 23:00:00,0.0,0.0,0.0,0.0,0.0,0.0,0.0,0
2030-11-30 00:00:00,0.0,0.0,0.0,0.0,0.0,0.0,0.0,0
2030-11-30 01:00:00,0.0,0.0,0.0,0.0,0.0,0.0,0.0,0
2030-11-30 02:00:00,0.0,0.0,0.0,0.0,0.0,0.0,0.0,0
2030-11-30 03:00:00,0.0,0.0,0.0,0.0,0.0,0.0,0.0,0
2030-11-30 04:00:00,0.0,0.0,0.0,0.0,0.0,0.0,0.0,0
2030-11-30 05:00:00,0.0,0.0,0.0,0.0,0.0,0.0,0.0,0
2030-11-30 06:00:00,0.0,0.0,0.0,0.0,0.0,0.0,0.0,0
2030-11-30 07:00:00,0.0,0.0,0.0,0.0,0.0,0.0,0.0,0
2030-11-30 08:00:00,0.0,0.0,0.0,0.0,1.7307455752427308,0.0,0.0,0
2030-11-30 09:00:00,0.0,0.0,0.0,0.0,9.576031145948322,0.0,0.0,0
2030-11-30 10:00:00,0.0,0.0,0.0,0.0,17.469924890256475,0.0,0.0,0
2030-11-30 11:00:00,0.0,0.0,0.0,0.0,23.62526629204634,0.0,0.0,0
2030-11-30 12:00:00,0.0,0.0,0.0,0.0,27.408528822031183,0.0,0.0,0
2030-11-30 13:00:00,0.0,0.0,0.0,0.0,29.121156805294778,0.0,0.0,0
2030-11-30 14:00:00,0.0,0.0,0.0,0.0,27.871926743708944,0.0,0.0,0
2030-11-30 15:00:00,0.0,0.0,0.0,0.0,26.399025434803438,0.0,0.0,0
2030-11-30 16:00:00,0.0,0.0,0.0,0.0,21.927515355855046,0.0,0.0,0
2030-11-30 17:00:00,0.0,0.0,0.0,0.0,15.434568093771029,0.0,0.0,0
2030-11-30 18:00:00,0.0,0.0,0.0,0.0,7.070279796736261,0.0,0.0,0
2030-11-30 19:00:00,0.0,0.0,0.0,0.0,0.0,0.0,0.0,0
2030-11-30 20:00:00,0.0,0.0,0.0,0.0,0.0,0.0,0.0,0
2030-11-30 21:00:00,0.0,0.0,0.0,0.0,0.0,0.0,0.0,0
2030-11-30 22:00:00,0.0,0.0,0.0,0.0,0.0,0.0,0.0,0
2030-11-30 23:00:00,0.0,0.0,0.0,0.0,0.0,0.0,0.0,0
2030-12-01 00:00:00,0.0,0.0,0.0,0.0,0.0,0.0,0.0,0
2030-12-01 01:00:00,0.0,0.0,0.0,0.0,0.0,0.0,0.0,0
2030-12-01 02:00:00,0.0,0.0,0.0,0.0,0.0,0.0,0.0,0
2030-12-01 03:00:00,0.0,0.0,0.0,0.0,0.0,0.0,0.0,0
2030-12-01 04:00:00,0.0,0.0,0.0,0.0,0.0,0.0,0.0,0
2030-12-01 05:00:00,0.0,0.0,0.0,0.0,0.0,0.0,0.0,0
2030-12-01 06:00:00,0.0,0.0,0.0,0.0,0.0,0.0,0.0,0
2030-12-01 07:00:00,0.0,0.0,0.0,0.0,0.0,0.0,0.0,0
2030-12-01 08:00:00,0.0,0.0,0.0,0.0,1.8117591979136665,0.0,0.0,0
2030-12-01 09:00:00,0.0,0.0,0.0,0.0,9.46239112796536,0.0,0.0,0
2030-12-01 10:00:00,0.0,0.0,0.0,0.0,17.318576713357594,0.0,0.0,0
2030-12-01 11:00:00,0.0,0.0,0.0,0.0,23.455874171916204,0.0,0.0,0
2030-12-01 12:00:00,0.0,0.0,0.0,0.0,27.393283531219478,0.0,0.0,0
2030-12-01 13:00:00,0.0,0.0,0.0,0.0,29.16586159525956,0.0,0.0,0
2030-12-01 14:00:00,0.0,0.0,0.0,0.0,28.783845539992157,0.0,0.0,0
2030-12-01 15:00:00,0.0,0.0,0.0,0.0,26.15966700418476,0.0,0.0,0
2030-12-01 16:00:00,0.0,0.0,0.0,0.0,21.74192051119072,0.0,0.0,0
2030-12-01 17:00:00,0.0,0.0,0.0,0.0,15.14917919572568,0.0,0.0,0
2030-12-01 18:00:00,0.0,0.0,0.0,0.0,6.945076925335725,0.0,0.0,0
2030-12-01 19:00:00,0.0,0.0,0.0,0.0,0.0,0.0,0.0,0
2030-12-01 20:00:00,0.0,0.0,0.0,0.0,0.0,0.0,0.0,0
2030-12-01 21:00:00,0.0,0.0,0.0,0.0,0.0,0.0,0.0,0
2030-12-01 22:00:00,0.0,0.0,0.0,0.0,0.0,0.0,0.0,0
2030-12-01 23:00:00,0.0,0.0,0.0,0.0,0.0,0.0,0.0,0
2030-12-02 00:00:00,0.0,0.0,0.0,0.0,0.0,0.0,0.0,0
2030-12-02 01:00:00,0.0,0.0,0.0,0.0,0.0,0.0,0.0,0
2030-12-02 02:00:00,0.0,0.0,0.0,0.0,0.0,0.0,0.0,0
2030-12-02 03:00:00,0.0,0.0,0.0,0.0,0.0,0.0,0.0,0
2030-12-02 04:00:00,0.0,0.0,0.0,0.0,0.0,0.0,0.0,0
2030-12-02 05:00:00,0.0,0.0,0.0,0.0,0.0,0.0,0.0,0
2030-12-02 06:00:00,0.0,0.0,0.0,0.0,0.0,0.0,0.0,0
2030-12-02 07:00:00,0.0,0.0,0.0,0.0,0.0,0.0,0.0,0
2030-12-02 08:00:00,0.0,0.0,0.0,0.0,1.767569949184062,0.0,0.0,0
2030-12-02 09:00:00,0.0,0.0,0.0,0.0,9.288211839222848,0.0,0.0,0
2030-12-02 10:00:00,0.0,0.0,0.0,0.0,17.28013206696284,0.0,0.0,0
2030-12-02 11:00:00,0.0,0.0,0.0,0.0,23.44445861599439,0.0,0.0,0
2030-12-02 12:00:00,0.0,0.0,0.0,0.0,27.30600976497851,0.0,0.0,0
2030-12-02 13:00:00,0.0,0.0,0.0,0.0,28.98056134558676,0.0,0.0,0
2030-12-02 14:00:00,0.0,0.0,0.0,0.0,28.6162209898112,0.0,0.0,0
2030-12-02 15:00:00,0.0,0.0,0.0,0.0,26.08314595513467,0.0,0.0,0
2030-12-02 16:00:00,0.0,0.0,0.0,0.0,21.628648736947166,0.0,0.0,0
2030-12-02 17:00:00,0.0,0.0,0.0,0.0,15.061168942005892,0.0,0.0,0
2030-12-02 18:00:00,0.0,0.0,0.0,0.0,6.915617426182654,0.0,0.0,0
2030-12-02 19:00:00,0.0,0.0,0.0,0.0,0.0,0.0,0.0,0
2030-12-02 20:00:00,0.0,0.0,0.0,0.0,0.0,0.0,0.0,0
2030-12-02 21:00:00,0.0,0.0,0.0,0.0,0.0,0.0,0.0,0
2030-12-02 22:00:00,0.0,0.0,0.0,0.0,0.0,0.0,0.0,0
2030-12-02 23:00:00,0.0,0.0,0.0,0.0,0.0,0.0,0.0,0
2030-12-03 00:00:00,0.0,0.0,0.0,0.0,0.0,0.0,0.0,0
2030-12-03 01:00:00,0.0,0.0,0.0,0.0,0.0,0.0,0.0,0
2030-12-03 02:00:00,0.0,0.0,0.0,0.0,0.0,0.0,0.0,0
2030-12-03 03:00:00,0.0,0.0,0.0,0.0,0.0,0.0,0.0,0
2030-12-03 04:00:00,0.0,0.0,0.0,0.0,0.0,0.0,0.0,0
2030-12-03 05:00:00,0.0,0.0,0.0,0.0,0.0,0.0,0.0,0
2030-12-03 06:00:00,0.0,0.0,0.0,0.0,0.0,0.0,0.0,0
2030-12-03 07:00:00,0.0,0.0,0.0,0.0,0.0,0.0,0.0,0
2030-12-03 08:00:00,0.0,0.0,0.0,0.0,1.7012860760896595,0.0,0.0,0
2030-12-03 09:00:00,0.0,0.0,0.0,0.0,9.065498025625661,0.0,0.0,0
2030-12-03 10:00:00,0.0,0.0,0.0,0.0,17.121198069032037,0.0,0.0,0
2030-12-03 11:00:00,0.0,0.0,0.0,0.0,23.230435354647348,0.0,0.0,0
2030-12-03 12:00:00,0.0,0.0,0.0,0.0,26.792751640984186,0.0,0.0,0
2030-12-03 13:00:00,0.0,0.0,0.0,0.0,28.549716170473143,0.0,0.0,0
2030-12-03 14:00:00,0.0,0.0,0.0,0.0,28.1555480718051,0.0,0.0,0
2030-12-03 15:00:00,0.0,0.0,0.0,0.0,25.704591391017743,0.0,0.0,0
2030-12-03 16:00:00,0.0,0.0,0.0,0.0,21.305846274977426,0.0,0.0,0
2030-12-03 17:00:00,0.0,0.0,0.0,0.0,14.74845635849608,0.0,0.0,0
2030-12-03 18:00:00,0.0,0.0,0.0,0.0,6.790414554782119,0.0,0.0,0
2030-12-03 19:00:00,0.0,0.0,0.0,0.0,0.0,0.0,0.0,0
2030-12-03 20:00:00,0.0,0.0,0.0,0.0,0.0,0.0,0.0,0
2030-12-03 21:00:00,0.0,0.0,0.0,0.0,0.0,0.0,0.0,0
2030-12-03 22:00:00,0.0,0.0,0.0,0.0,0.0,0.0,0.0,0
2030-12-03 23:00:00,0.0,0.0,0.0,0.0,0.0,0.0,0.0,0
2030-12-04 00:00:00,0.0,0.0,0.0,0.0,0.0,0.0,0.0,0
2030-12-04 01:00:00,0.0,0.0,0.0,0.0,0.0,0.0,0.0,0
2030-12-04 02:00:00,0.0,0.0,0.0,0.0,0.0,0.0,0.0,0
2030-12-04 03:00:00,0.0,0.0,0.0,0.0,0.0,0.0,0.0,0
2030-12-04 04:00:00,0.0,0.0,0.0,0.0,0.0,0.0,0.0,0
2030-12-04 05:00:00,0.0,0.0,0.0,0.0,0.0,0.0,0.0,0
2030-12-04 06:00:00,0.0,0.0,0.0,0.0,0.0,0.0,0.0,0
2030-12-04 07:00:00,0.0,0.0,0.0,0.0,0.0,0.0,0.0,0
2030-12-04 08:00:00,0.0,0.0,0.0,0.0,1.3845964601941823,0.0,0.0,0
2030-12-04 09:00:00,0.0,0.0,0.0,0.0,8.549514897959673,0.0,0.0,0
2030-12-04 10:00:00,0.0,0.0,0.0,0.0,16.470437732740766,0.0,0.0,0
2030-12-04 11:00:00,0.0,0.0,0.0,0.0,22.64787375889544,0.0,0.0,0
2030-12-04 12:00:00,0.0,0.0,0.0,0.0,26.685077171579728,0.0,0.0,0
2030-12-04 13:00:00,0.0,0.0,0.0,0.0,28.542793188172176,0.0,0.0,0
2030-12-04 14:00:00,0.0,0.0,0.0,0.0,28.177716344917783,0.0,0.0,0
2030-12-04 15:00:00,0.0,0.0,0.0,0.0,25.630132506908367,0.0,0.0,0
2030-12-04 16:00:00,0.0,0.0,0.0,0.0,21.23867861690844,0.0,0.0,0
2030-12-04 17:00:00,0.0,0.0,0.0,0.0,14.923372134717418,0.0,0.0,0
2030-12-04 18:00:00,0.0,0.0,0.0,0.0,6.7683199304173165,0.0,0.0,0
2030-12-04 19:00:00,0.0,0.0,0.0,0.0,0.0,0.0,0.0,0
2030-12-04 20:00:00,0.0,0.0,0.0,0.0,0.0,0.0,0.0,0
2030-12-04 21:00:00,0.0,0.0,0.0,0.0,0.0,0.0,0.0,0
2030-12-04 22:00:00,0.0,0.0,0.0,0.0,0.0,0.0,0.0,0
2030-12-04 23:00:00,0.0,0.0,0.0,0.0,0.0,0.0,0.0,0
2030-12-05 00:00:00,0.0,0.0,0.0,0.0,0.0,0.0,0.0,0
2030-12-05 01:00:00,0.0,0.0,0.0,0.0,0.0,0.0,0.0,0
2030-12-05 02:00:00,0.0,0.0,0.0,0.0,0.0,0.0,0.0,0
2030-12-05 03:00:00,0.0,0.0,0.0,0.0,0.0,0.0,0.0,0
2030-12-05 04:00:00,0.0,0.0,0.0,0.0,0.0,0.0,0.0,0
2030-12-05 05:00:00,0.0,0.0,0.0,0.0,0.0,0.0,0.0,0
2030-12-05 06:00:00,0.0,0.0,0.0,0.0,0.0,0.0,0.0,0
2030-12-05 07:00:00,0.0,0.0,0.0,0.0,0.0,0.0,0.0,0
2030-12-05 08:00:00,0.0,0.0,0.0,0.0,1.553988580324322,0.0,0.0,0
2030-12-05 09:00:00,0.0,0.0,0.0,0.0,8.75241719837643,0.0,0.0,0
2030-12-05 10:00:00,0.0,0.0,0.0,0.0,16.71767657938289,0.0,0.0,0
2030-12-05 11:00:00,0.0,0.0,0.0,0.0,22.91183087130692,0.0,0.0,0
2030-12-05 12:00:00,0.0,0.0,0.0,0.0,26.58845001435766,0.0,0.0,0
2030-12-05 13:00:00,0.0,0.0,0.0,0.0,28.215129908842176,0.0,0.0,0
2030-12-05 14:00:00,0.0,0.0,0.0,0.0,27.512815449033045,0.0,0.0,0
2030-12-05 15:00:00,0.0,0.0,0.0,0.0,25.70805288216823,0.0,0.0,0
2030-12-05 16:00:00,0.0,0.0,0.0,0.0,21.455500530675018,0.0,0.0,0
2030-12-05 17:00:00,0.0,0.0,0.0,0.0,15.001955348708227,0.0,0.0,0
2030-12-05 18:00:00,0.0,0.0,0.0,0.0,6.8051443043586515,0.0,0.0,0
2030-12-05 19:00:00,0.0,0.0,0.0,0.0,0.0,0.0,0.0,0
2030-12-05 20:00:00,0.0,0.0,0.0,0.0,0.0,0.0,0.0,0
2030-12-05 21:00:00,0.0,0.0,0.0,0.0,0.0,0.0,0.0,0
2030-12-05 22:00:00,0.0,0.0,0.0,0.0,0.0,0.0,0.0,0
2030-12-05 23:00:00,0.0,0.0,0.0,0.0,0.0,0.0,0.0,0
2030-12-06 00:00:00,0.0,0.0,0.0,0.0,0.0,0.0,0.0,0
2030-12-06 01:00:00,0.0,0.0,0.0,0.0,0.0,0.0,0.0,0
2030-12-06 02:00:00,0.0,0.0,0.0,0.0,0.0,0.0,0.0,0
2030-12-06 03:00:00,0.0,0.0,0.0,0.0,0.0,0.0,0.0,0
2030-12-06 04:00:00,0.0,0.0,0.0,0.0,0.0,0.0,0.0,0
2030-12-06 05:00:00,0.0,0.0,0.0,0.0,0.0,0.0,0.0,0
2030-12-06 06:00:00,0.0,0.0,0.0,0.0,0.0,0.0,0.0,0
2030-12-06 07:00:00,0.0,0.0,0.0,0.0,0.0,0.0,0.0,0
2030-12-06 08:00:00,0.0,0.0,0.0,0.0,1.045812219933902,0.0,0.0,0
2030-12-06 09:00:00,0.0,0.0,0.0,0.0,7.313320664749072,0.0,0.0,0
2030-12-06 10:00:00,0.0,0.0,0.0,0.0,15.014770230839815,0.0,0.0,0
2030-12-06 11:00:00,0.0,0.0,0.0,0.0,21.367490276955223,0.0,0.0,0
2030-12-06 12:00:00,0.0,0.0,0.0,0.0,24.936803194340914,0.0,0.0,0
2030-12-06 13:00:00,0.0,0.0,0.0,0.0,28.170793362616816,0.0,0.0,0
2030-12-06 14:00:00,0.0,0.0,0.0,0.0,28.253574555236927,0.0,0.0,0
2030-12-06 15:00:00,0.0,0.0,0.0,0.0,25.856970650386987,0.0,0.0,0
2030-12-06 16:00:00,0.0,0.0,0.0,0.0,21.298923292676456,0.0,0.0,0
2030-12-06 17:00:00,0.0,0.0,0.0,0.0,14.018376320735175,0.0,0.0,0
2030-12-06 18:00:00,0.0,0.0,0.0,0.0,5.884534955825285,0.0,0.0,0
2030-12-06 19:00:00,0.0,0.0,0.0,0.0,0.0,0.0,0.0,0
2030-12-06 20:00:00,0.0,0.0,0.0,0.0,0.0,0.0,0.0,0
2030-12-06 21:00:00,0.0,0.0,0.0,0.0,0.0,0.0,0.0,0
2030-12-06 22:00:00,0.0,0.0,0.0,0.0,0.0,0.0,0.0,0
2030-12-06 23:00:00,0.0,0.0,0.0,0.0,0.0,0.0,0.0,0
2030-12-07 00:00:00,0.0,0.0,0.0,0.0,0.0,0.0,0.0,0
2030-12-07 01:00:00,0.0,0.0,0.0,0.0,0.0,0.0,0.0,0
2030-12-07 02:00:00,0.0,0.0,0.0,0.0,0.0,0.0,0.0,0
2030-12-07 03:00:00,0.0,0.0,0.0,0.0,0.0,0.0,0.0,0
2030-12-07 04:00:00,0.0,0.0,0.0,0.0,0.0,0.0,0.0,0
2030-12-07 05:00:00,0.0,0.0,0.0,0.0,0.0,0.0,0.0,0
2030-12-07 06:00:00,0.0,0.0,0.0,0.0,0.0,0.0,0.0,0
2030-12-07 07:00:00,0.0,0.0,0.0,0.0,0.0,0.0,0.0,0
2030-12-07 08:00:00,0.0,0.0,0.0,0.0,1.333042336676313,0.0,0.0,0
2030-12-07 09:00:00,0.0,0.0,0.0,0.0,7.730761767748041,0.0,0.0,0
2030-12-07 10:00:00,0.0,0.0,0.0,0.0,15.497537773210707,0.0,0.0,0
2030-12-07 11:00:00,0.0,0.0,0.0,0.0,21.15486634181796,0.0,0.0,0
2030-12-07 12:00:00,0.0,0.0,0.0,0.0,24.337965225306927,0.0,0.0,0
2030-12-07 13:00:00,0.0,0.0,0.0,0.0,25.49093637341012,0.0,0.0,0
2030-12-07 14:00:00,0.0,0.0,0.0,0.0,24.43562346499935,0.0,0.0,0
2030-12-07 15:00:00,0.0,0.0,0.0,0.0,21.89842410044139,0.0,0.0,0
2030-12-07 16:00:00,0.0,0.0,0.0,0.0,18.849734181838286,0.0,0.0,0
2030-12-07 17:00:00,0.0,0.0,0.0,0.0,14.166263006483579,0.0,0.0,0
2030-12-07 18:00:00,0.0,0.0,0.0,0.0,7.018725673218392,0.0,0.0,0
2030-12-07 19:00:00,0.0,0.0,0.0,0.0,0.0,0.0,0.0,0
2030-12-07 20:00:00,0.0,0.0,0.0,0.0,0.0,0.0,0.0,0
2030-12-07 21:00:00,0.0,0.0,0.0,0.0,0.0,0.0,0.0,0
2030-12-07 22:00:00,0.0,0.0,0.0,0.0,0.0,0.0,0.0,0
2030-12-07 23:00:00,0.0,0.0,0.0,0.0,0.0,0.0,0.0,0
2030-12-08 00:00:00,0.0,0.0,0.0,0.0,0.0,0.0,0.0,0
2030-12-08 01:00:00,0.0,0.0,0.0,0.0,0.0,0.0,0.0,0
2030-12-08 02:00:00,0.0,0.0,0.0,0.0,0.0,0.0,0.0,0
2030-12-08 03:00:00,0.0,0.0,0.0,0.0,0.0,0.0,0.0,0
2030-12-08 04:00:00,0.0,0.0,0.0,0.0,0.0,0.0,0.0,0
2030-12-08 05:00:00,0.0,0.0,0.0,0.0,0.0,0.0,0.0,0
2030-12-08 06:00:00,0.0,0.0,0.0,0.0,0.0,0.0,0.0,0
2030-12-08 07:00:00,0.0,0.0,0.0,0.0,0.0,0.0,0.0,0
2030-12-08 08:00:00,0.0,0.0,0.0,0.0,1.4214208341355177,0.0,0.0,0
2030-12-08 09:00:00,0.0,0.0,0.0,0.0,8.523148646217683,0.0,0.0,0
2030-12-08 10:00:00,0.0,0.0,0.0,0.0,16.596450740368017,0.0,0.0,0
2030-12-08 11:00:00,0.0,0.0,0.0,0.0,22.988351920357015,0.0,0.0,0
2030-12-08 12:00:00,0.0,0.0,0.0,0.0,26.93923900052281,0.0,0.0,0
2030-12-08 13:00:00,0.0,0.0,0.0,0.0,28.79732326085468,0.0,0.0,0
2030-12-08 14:00:00,0.0,0.0,0.0,0.0,28.631760875614443,0.0,0.0,0
2030-12-08 15:00:00,0.0,0.0,0.0,0.0,26.115698701698808,0.0,0.0,0
2030-12-08 16:00:00,0.0,0.0,0.0,0.0,21.602356133953062,0.0,0.0,0
2030-12-08 17:00:00,0.0,0.0,0.0,0.0,15.093721688570032,0.0,0.0,0
2030-12-08 18:00:00,0.0,0.0,0.0,0.0,6.7314955564759815,0.0,0.0,0
2030-12-08 19:00:00,0.0,0.0,0.0,0.0,0.0,0.0,0.0,0
2030-12-08 20:00:00,0.0,0.0,0.0,0.0,0.0,0.0,0.0,0
2030-12-08 21:00:00,0.0,0.0,0.0,0.0,0.0,0.0,0.0,0
2030-12-08 22:00:00,0.0,0.0,0.0,0.0,0.0,0.0,0.0,0
2030-12-08 23:00:00,0.0,0.0,0.0,0.0,0.0,0.0,0.0,0
2030-12-09 00:00:00,0.0,0.0,0.0,0.0,0.0,0.0,0.0,0
2030-12-09 01:00:00,0.0,0.0,0.0,0.0,0.0,0.0,0.0,0
2030-12-09 02:00:00,0.0,0.0,0.0,0.0,0.0,0.0,0.0,0
2030-12-09 03:00:00,0.0,0.0,0.0,0.0,0.0,0.0,0.0,0
2030-12-09 04:00:00,0.0,0.0,0.0,0.0,0.0,0.0,0.0,0
2030-12-09 05:00:00,0.0,0.0,0.0,0.0,0.0,0.0,0.0,0
2030-12-09 06:00:00,0.0,0.0,0.0,0.0,0.0,0.0,0.0,0
2030-12-09 07:00:00,0.0,0.0,0.0,0.0,0.0,0.0,0.0,0
2030-12-09 08:00:00,0.0,0.0,0.0,0.0,1.5834480794773889,0.0,0.0,0
2030-12-09 09:00:00,0.0,0.0,0.0,0.0,8.671771819444908,0.0,0.0,0
2030-12-09 10:00:00,0.0,0.0,0.0,0.0,16.58466694070679,0.0,0.0,0
2030-12-09 11:00:00,0.0,0.0,0.0,0.0,22.88030920721314,0.0,0.0,0
2030-12-09 12:00:00,0.0,0.0,0.0,0.0,26.966636334735167,0.0,0.0,0
2030-12-09 13:00:00,0.0,0.0,0.0,0.0,28.897043665487818,0.0,0.0,0
2030-12-09 14:00:00,0.0,0.0,0.0,0.0,28.59648312537864,0.0,0.0,0
2030-12-09 15:00:00,0.0,0.0,0.0,0.0,26.133742644930056,0.0,0.0,0
2030-12-09 16:00:00,0.0,0.0,0.0,0.0,21.766519192983527,0.0,0.0,0
2030-12-09 17:00:00,0.0,0.0,0.0,0.0,15.354217309831032,0.0,0.0,0
2030-12-09 18:00:00,0.0,0.0,0.0,0.0,7.151293419407197,0.0,0.0,0
2030-12-09 19:00:00,0.0,0.0,0.0,0.0,0.0,0.0,0.0,0
2030-12-09 20:00:00,0.0,0.0,0.0,0.0,0.0,0.0,0.0,0
2030-12-09 21:00:00,0.0,0.0,0.0,0.0,0.0,0.0,0.0,0
2030-12-09 22:00:00,0.0,0.0,0.0,0.0,0.0,0.0,0.0,0
2030-12-09 23:00:00,0.0,0.0,0.0,0.0,0.0,0.0,0.0,0
2030-12-10 00:00:00,0.0,0.0,0.0,0.0,0.0,0.0,0.0,0
2030-12-10 01:00:00,0.0,0.0,0.0,0.0,0.0,0.0,0.0,0
2030-12-10 02:00:00,0.0,0.0,0.0,0.0,0.0,0.0,0.0,0
2030-12-10 03:00:00,0.0,0.0,0.0,0.0,0.0,0.0,0.0,0
2030-12-10 04:00:00,0.0,0.0,0.0,0.0,0.0,0.0,0.0,0
2030-12-10 05:00:00,0.0,0.0,0.0,0.0,0.0,0.0,0.0,0
2030-12-10 06:00:00,0.0,0.0,0.0,0.0,0.0,0.0,0.0,0
2030-12-10 07:00:00,0.0,0.0,0.0,0.0,0.0,0.0,0.0,0
2030-12-10 08:00:00,0.0,0.0,0.0,0.0,1.4656100828651175,0.0,0.0,0
2030-12-10 09:00:00,0.0,0.0,0.0,0.0,8.382258591518134,0.0,0.0,0
2030-12-10 10:00:00,0.0,0.0,0.0,0.0,16.079068286492262,0.0,0.0,0
2030-12-10 11:00:00,0.0,0.0,0.0,0.0,22.786775297402148,0.0,0.0,0
2030-12-10 12:00:00,0.0,0.0,0.0,0.0,26.819117892726183,0.0,0.0,0
2030-12-10 13:00:00,0.0,0.0,0.0,0.0,28.696203530011775,0.0,0.0,0
2030-12-10 14:00:00,0.0,0.0,0.0,0.0,28.59994461652913,0.0,0.0,0
2030-12-10 15:00:00,0.0,0.0,0.0,0.0,26.050961452309934,0.0,0.0,0
2030-12-10 16:00:00,0.0,0.0,0.0,0.0,21.763057701833045,0.0,0.0,0
2030-12-10 17:00:00,0.0,0.0,0.0,0.0,15.498937099420479,0.0,0.0,0
2030-12-10 18:00:00,0.0,0.0,0.0,0.0,7.298590915172538,0.0,0.0,0
2030-12-10 19:00:00,0.0,0.0,0.0,0.0,0.0,0.0,0.0,0
2030-12-10 20:00:00,0.0,0.0,0.0,0.0,0.0,0.0,0.0,0
2030-12-10 21:00:00,0.0,0.0,0.0,0.0,0.0,0.0,0.0,0
2030-12-10 22:00:00,0.0,0.0,0.0,0.0,0.0,0.0,0.0,0
2030-12-10 23:00:00,0.0,0.0,0.0,0.0,0.0,0.0,0.0,0
2030-12-11 00:00:00,0.0,0.0,0.0,0.0,0.0,0.0,0.0,0
2030-12-11 01:00:00,0.0,0.0,0.0,0.0,0.0,0.0,0.0,0
2030-12-11 02:00:00,0.0,0.0,0.0,0.0,0.0,0.0,0.0,0
2030-12-11 03:00:00,0.0,0.0,0.0,0.0,0.0,0.0,0.0,0
2030-12-11 04:00:00,0.0,0.0,0.0,0.0,0.0,0.0,0.0,0
2030-12-11 05:00:00,0.0,0.0,0.0,0.0,0.0,0.0,0.0,0
2030-12-11 06:00:00,0.0,0.0,0.0,0.0,0.0,0.0,0.0,0
2030-12-11 07:00:00,0.0,0.0,0.0,0.0,0.0,0.0,0.0,0
2030-12-11 08:00:00,0.0,0.0,0.0,0.0,0.353513989836809,0.0,0.0,0
2030-12-11 09:00:00,0.0,0.0,0.0,0.0,3.409937026967593,0.0,0.0,0
2030-12-11 10:00:00,0.0,0.0,0.0,0.0,10.416584305533227,0.0,0.0,0
2030-12-11 11:00:00,0.0,0.0,0.0,0.0,17.637549440437432,0.0,0.0,0
2030-12-11 12:00:00,0.0,0.0,0.0,0.0,24.00514653362515,0.0,0.0,0
2030-12-11 13:00:00,0.0,0.0,0.0,0.0,27.95190928390952,0.0,0.0,0
2030-12-11 14:00:00,0.0,0.0,0.0,0.0,27.897924751711525,0.0,0.0,0
2030-12-11 15:00:00,0.0,0.0,0.0,0.0,25.192732593233192,0.0,0.0,0
2030-12-11 16:00:00,0.0,0.0,0.0,0.0,20.072966235421543,0.0,0.0,0
2030-12-11 17:00:00,0.0,0.0,0.0,0.0,12.770250990367575,0.0,0.0,0
2030-12-11 18:00:00,0.0,0.0,0.0,0.0,4.470478996478032,0.0,0.0,0
2030-12-11 19:00:00,0.0,0.0,0.0,0.0,0.0,0.0,0.0,0
2030-12-11 20:00:00,0.0,0.0,0.0,0.0,0.0,0.0,0.0,0
2030-12-11 21:00:00,0.0,0.0,0.0,0.0,0.0,0.0,0.0,0
2030-12-11 22:00:00,0.0,0.0,0.0,0.0,0.0,0.0,0.0,0
2030-12-11 23:00:00,0.0,0.0,0.0,0.0,0.0,0.0,0.0,0
2030-12-12 00:00:00,0.0,0.0,0.0,0.0,0.0,0.0,0.0,0
2030-12-12 01:00:00,0.0,0.0,0.0,0.0,0.0,0.0,0.0,0
2030-12-12 02:00:00,0.0,0.0,0.0,0.0,0.0,0.0,0.0,0
2030-12-12 03:00:00,0.0,0.0,0.0,0.0,0.0,0.0,0.0,0
2030-12-12 04:00:00,0.0,0.0,0.0,0.0,0.0,0.0,0.0,0
2030-12-12 05:00:00,0.0,0.0,0.0,0.0,0.0,0.0,0.0,0
2030-12-12 06:00:00,0.0,0.0,0.0,0.0,0.0,0.0,0.0,0
2030-12-12 07:00:00,0.0,0.0,0.0,0.0,0.0,0.0,0.0,0
2030-12-12 08:00:00,0.0,0.0,0.0,0.0,1.4214208341355177,0.0,0.0,0
2030-12-12 09:00:00,0.0,0.0,0.0,0.0,8.186573868393882,0.0,0.0,0
2030-12-12 10:00:00,0.0,0.0,0.0,0.0,16.046883783667543,0.0,0.0,0
2030-12-12 11:00:00,0.0,0.0,0.0,0.0,22.47472555262328,0.0,0.0,0
2030-12-12 12:00:00,0.0,0.0,0.0,0.0,26.54897428549255,0.0,0.0,0
2030-12-12 13:00:00,0.0,0.0,0.0,0.0,28.49219649837678,0.0,0.0,0
2030-12-12 14:00:00,0.0,0.0,0.0,0.0,27.84629697944577,0.0,0.0,0
2030-12-12 15:00:00,0.0,0.0,0.0,0.0,25.626008177026936,0.0,0.0,0
2030-12-12 16:00:00,0.0,0.0,0.0,0.0,21.22203399988696,0.0,0.0,0
2030-12-12 17:00:00,0.0,0.0,0.0,0.0,14.70029007738081,0.0,0.0,0
2030-12-12 18:00:00,0.0,0.0,0.0,0.0,6.090751449896761,0.0,0.0,0
2030-12-12 19:00:00,0.0,0.0,0.0,0.0,0.0,0.0,0.0,0
2030-12-12 20:00:00,0.0,0.0,0.0,0.0,0.0,0.0,0.0,0
2030-12-12 21:00:00,0.0,0.0,0.0,0.0,0.0,0.0,0.0,0
2030-12-12 22:00:00,0.0,0.0,0.0,0.0,0.0,0.0,0.0,0
2030-12-12 23:00:00,0.0,0.0,0.0,0.0,0.0,0.0,0.0,0
2030-12-13 00:00:00,0.0,0.0,0.0,0.0,0.0,0.0,0.0,0
2030-12-13 01:00:00,0.0,0.0,0.0,0.0,0.0,0.0,0.0,0
2030-12-13 02:00:00,0.0,0.0,0.0,0.0,0.0,0.0,0.0,0
2030-12-13 03:00:00,0.0,0.0,0.0,0.0,0.0,0.0,0.0,0
2030-12-13 04:00:00,0.0,0.0,0.0,0.0,0.0,0.0,0.0,0
2030-12-13 05:00:00,0.0,0.0,0.0,0.0,0.0,0.0,0.0,0
2030-12-13 06:00:00,0.0,0.0,0.0,0.0,0.0,0.0,0.0,0
2030-12-13 07:00:00,0.0,0.0,0.0,0.0,0.0,0.0,0.0,0
2030-12-13 08:00:00,0.0,0.0,0.0,0.0,0.6665211683381566,0.0,0.0,0
2030-12-13 09:00:00,0.0,0.0,0.0,0.0,6.296967943968232,0.0,0.0,0
2030-12-13 10:00:00,0.0,0.0,0.0,0.0,13.942223515424498,0.0,0.0,0
2030-12-13 11:00:00,0.0,0.0,0.0,0.0,20.38015516284016,0.0,0.0,0
2030-12-13 12:00:00,0.0,0.0,0.0,0.0,23.910286946352272,0.0,0.0,0
2030-12-13 13:00:00,0.0,0.0,0.0,0.0,24.664229178427163,0.0,0.0,0
2030-12-13 14:00:00,0.0,0.0,0.0,0.0,21.838179424673367,0.0,0.0,0
2030-12-13 15:00:00,0.0,0.0,0.0,0.0,20.621502109651672,0.0,0.0,0
2030-12-13 16:00:00,0.0,0.0,0.0,0.0,16.028471596696875,0.0,0.0,0
2030-12-13 17:00:00,0.0,0.0,0.0,0.0,10.495167519524035,0.0,0.0,0
2030-12-13 18:00:00,0.0,0.0,0.0,0.0,4.8755471098327146,0.0,0.0,0
2030-12-13 19:00:00,0.0,0.0,0.0,0.0,0.0,0.0,0.0,0
2030-12-13 20:00:00,0.0,0.0,0.0,0.0,0.0,0.0,0.0,0
2030-12-13 21:00:00,0.0,0.0,0.0,0.0,0.0,0.0,0.0,0
2030-12-13 22:00:00,0.0,0.0,0.0,0.0,0.0,0.0,0.0,0
2030-12-13 23:00:00,0.0,0.0,0.0,0.0,0.0,0.0,0.0,0
2030-12-14 00:00:00,0.0,0.0,0.0,0.0,0.0,0.0,0.0,0
2030-12-14 01:00:00,0.0,0.0,0.0,0.0,0.0,0.0,0.0,0
2030-12-14 02:00:00,0.0,0.0,0.0,0.0,0.0,0.0,0.0,0
2030-12-14 03:00:00,0.0,0.0,0.0,0.0,0.0,0.0,0.0,0
2030-12-14 04:00:00,0.0,0.0,0.0,0.0,0.0,0.0,0.0,0
2030-12-14 05:00:00,0.0,0.0,0.0,0.0,0.0,0.0,0.0,0
2030-12-14 06:00:00,0.0,0.0,0.0,0.0,0.0,0.0,0.0,0
2030-12-14 07:00:00,0.0,0.0,0.0,0.0,0.0,0.0,0.0,0
2030-12-14 08:00:00,0.0,0.0,0.0,0.0,1.1415555921813751,0.0,0.0,0
2030-12-14 09:00:00,0.0,0.0,0.0,0.0,7.3875586026148,0.0,0.0,0
2030-12-14 10:00:00,0.0,0.0,0.0,0.0,14.791761822251091,0.0,0.0,0
2030-12-14 11:00:00,0.0,0.0,0.0,0.0,21.43053360514279,0.0,0.0,0
2030-12-14 12:00:00,0.0,0.0,0.0,0.0,25.40020111601867,0.0,0.0,0
2030-12-14 13:00:00,0.0,0.0,0.0,0.0,25.843492929524466,0.0,0.0,0
2030-12-14 14:00:00,0.0,0.0,0.0,0.0,26.90219368033783,0.0,0.0,0
2030-12-14 15:00:00,0.0,0.0,0.0,0.0,25.08019730646847,0.0,0.0,0
2030-12-14 16:00:00,0.0,0.0,0.0,0.0,20.301498300101468,0.0,0.0,0
2030-12-14 17:00:00,0.0,0.0,0.0,0.0,14.288151684229394,0.0,0.0,0
2030-12-14 18:00:00,0.0,0.0,0.0,0.0,6.886157927029587,0.0,0.0,0
2030-12-14 19:00:00,0.0,0.0,0.0,0.0,0.0,0.0,0.0,0
2030-12-14 20:00:00,0.0,0.0,0.0,0.0,0.0,0.0,0.0,0
2030-12-14 21:00:00,0.0,0.0,0.0,0.0,0.0,0.0,0.0,0
2030-12-14 22:00:00,0.0,0.0,0.0,0.0,0.0,0.0,0.0,0
2030-12-14 23:00:00,0.0,0.0,0.0,0.0,0.0,0.0,0.0,0
2030-12-15 00:00:00,0.0,0.0,0.0,0.0,0.0,0.0,0.0,0
2030-12-15 01:00:00,0.0,0.0,0.0,0.0,0.0,0.0,0.0,0
2030-12-15 02:00:00,0.0,0.0,0.0,0.0,0.0,0.0,0.0,0
2030-12-15 03:00:00,0.0,0.0,0.0,0.0,0.0,0.0,0.0,0
2030-12-15 04:00:00,0.0,0.0,0.0,0.0,0.0,0.0,0.0,0
2030-12-15 05:00:00,0.0,0.0,0.0,0.0,0.0,0.0,0.0,0
2030-12-15 06:00:00,0.0,0.0,0.0,0.0,0.0,0.0,0.0,0
2030-12-15 07:00:00,0.0,0.0,0.0,0.0,0.0,0.0,0.0,0
2030-12-15 08:00:00,0.0,0.0,0.0,0.0,0.8469606006506954,0.0,0.0,0
2030-12-15 09:00:00,0.0,0.0,0.0,0.0,6.819874053935186,0.0,0.0,0
2030-12-15 10:00:00,0.0,0.0,0.0,0.0,15.131871739973255,0.0,0.0,0
2030-12-15 11:00:00,0.0,0.0,0.0,0.0,21.94828430275796,0.0,0.0,0
2030-12-15 12:00:00,0.0,0.0,0.0,0.0,26.06893174679331,0.0,0.0,0
2030-12-15 13:00:00,0.0,0.0,0.0,0.0,25.19067042829248,0.0,0.0,0
2030-12-15 14:00:00,0.0,0.0,0.0,0.0,23.13866901478554,0.0,0.0,0
2030-12-15 15:00:00,0.0,0.0,0.0,0.0,19.464774875406462,0.0,0.0,0
2030-12-15 16:00:00,0.0,0.0,0.0,0.0,13.765540169253972,0.0,0.0,0
2030-12-15 17:00:00,0.0,0.0,0.0,0.0,9.544877725593954,0.0,0.0,0
2030-12-15 18:00:00,0.0,0.0,0.0,0.0,4.315816625924426,0.0,0.0,0
2030-12-15 19:00:00,0.0,0.0,0.0,0.0,0.0,0.0,0.0,0
2030-12-15 20:00:00,0.0,0.0,0.0,0.0,0.0,0.0,0.0,0
2030-12-15 21:00:00,0.0,0.0,0.0,0.0,0.0,0.0,0.0,0
2030-12-15 22:00:00,0.0,0.0,0.0,0.0,0.0,0.0,0.0,0
2030-12-15 23:00:00,0.0,0.0,0.0,0.0,0.0,0.0,0.0,0
2030-12-16 00:00:00,0.0,0.0,0.0,0.0,0.0,0.0,0.0,0
2030-12-16 01:00:00,0.0,0.0,0.0,0.0,0.0,0.0,0.0,0
2030-12-16 02:00:00,0.0,0.0,0.0,0.0,0.0,0.0,0.0,0
2030-12-16 03:00:00,0.0,0.0,0.0,0.0,0.0,0.0,0.0,0
2030-12-16 04:00:00,0.0,0.0,0.0,0.0,0.0,0.0,0.0,0
2030-12-16 05:00:00,0.0,0.0,0.0,0.0,0.0,0.0,0.0,0
2030-12-16 06:00:00,0.0,0.0,0.0,0.0,0.0,0.0,0.0,0
2030-12-16 07:00:00,0.0,0.0,0.0,0.0,0.0,0.0,0.0,0
2030-12-16 08:00:00,0.0,0.0,0.0,0.0,0.6945076925335695,0.0,0.0,0
2030-12-16 09:00:00,0.0,0.0,0.0,0.0,7.033455422794929,0.0,0.0,0
2030-12-16 10:00:00,0.0,0.0,0.0,0.0,15.333742957919652,0.0,0.0,0
2030-12-16 11:00:00,0.0,0.0,0.0,0.0,21.815642907821267,0.0,0.0,0
2030-12-16 12:00:00,0.0,0.0,0.0,0.0,25.862199711486657,0.0,0.0,0
2030-12-16 13:00:00,0.0,0.0,0.0,0.0,27.879217969749323,0.0,0.0,0
2030-12-16 14:00:00,0.0,0.0,0.0,0.0,27.426941009001848,0.0,0.0,0
2030-12-16 15:00:00,0.0,0.0,0.0,0.0,24.69744476372224,0.0,0.0,0
2030-12-16 16:00:00,0.0,0.0,0.0,0.0,18.618698059730352,0.0,0.0,0
2030-12-16 17:00:00,0.0,0.0,0.0,0.0,12.477570866281852,0.0,0.0,0
2030-12-16 18:00:00,0.0,0.0,0.0,0.0,5.17014210136339,0.0,0.0,0
2030-12-16 19:00:00,0.0,0.0,0.0,0.0,0.0,0.0,0.0,0
2030-12-16 20:00:00,0.0,0.0,0.0,0.0,0.0,0.0,0.0,0
2030-12-16 21:00:00,0.0,0.0,0.0,0.0,0.0,0.0,0.0,0
2030-12-16 22:00:00,0.0,0.0,0.0,0.0,0.0,0.0,0.0,0
2030-12-16 23:00:00,0.0,0.0,0.0,0.0,0.0,0.0,0.0,0
2030-12-17 00:00:00,0.0,0.0,0.0,0.0,0.0,0.0,0.0,0
2030-12-17 01:00:00,0.0,0.0,0.0,0.0,0.0,0.0,0.0,0
2030-12-17 02:00:00,0.0,0.0,0.0,0.0,0.0,0.0,0.0,0
2030-12-17 03:00:00,0.0,0.0,0.0,0.0,0.0,0.0,0.0,0
2030-12-17 04:00:00,0.0,0.0,0.0,0.0,0.0,0.0,0.0,0
2030-12-17 05:00:00,0.0,0.0,0.0,0.0,0.0,0.0,0.0,0
2030-12-17 06:00:00,0.0,0.0,0.0,0.0,0.0,0.0,0.0,0
2030-12-17 07:00:00,0.0,0.0,0.0,0.0,0.0,0.0,0.0,0
2030-12-17 08:00:00,0.0,0.0,0.0,0.0,0.1141555592181366,0.0,0.0,0
2030-12-17 09:00:00,0.0,0.0,0.0,0.0,5.722507710483409,0.0,0.0,0
2030-12-17 10:00:00,0.0,0.0,0.0,0.0,13.552547990377292,0.0,0.0,0
2030-12-17 11:00:00,0.0,0.0,0.0,0.0,21.411826823180597,0.0,0.0,0
2030-12-17 12:00:00,0.0,0.0,0.0,0.0,24.618861549731434,0.0,0.0,0
2030-12-17 13:00:00,0.0,0.0,0.0,0.0,27.2703637710033,0.0,0.0,0
2030-12-17 14:00:00,0.0,0.0,0.0,0.0,26.86934633878216,0.0,0.0,0
2030-12-17 15:00:00,0.0,0.0,0.0,0.0,24.07128310922379,0.0,0.0,0
2030-12-17 16:00:00,0.0,0.0,0.0,0.0,19.264229334921946,0.0,0.0,0
2030-12-17 17:00:00,0.0,0.0,0.0,0.0,12.820405787675673,0.0,0.0,0
2030-12-17 18:00:00,0.0,0.0,0.0,0.0,6.009737827225825,0.0,0.0,0
2030-12-17 19:00:00,0.0,0.0,0.0,0.0,0.0,0.0,0.0,0
2030-12-17 20:00:00,0.0,0.0,0.0,0.0,0.0,0.0,0.0,0
2030-12-17 21:00:00,0.0,0.0,0.0,0.0,0.0,0.0,0.0,0
2030-12-17 22:00:00,0.0,0.0,0.0,0.0,0.0,0.0,0.0,0
2030-12-17 23:00:00,0.0,0.0,0.0,0.0,0.0,0.0,0.0,0
2030-12-18 00:00:00,0.0,0.0,0.0,0.0,0.0,0.0,0.0,0
2030-12-18 01:00:00,0.0,0.0,0.0,0.0,0.0,0.0,0.0,0
2030-12-18 02:00:00,0.0,0.0,0.0,0.0,0.0,0.0,0.0,0
2030-12-18 03:00:00,0.0,0.0,0.0,0.0,0.0,0.0,0.0,0
2030-12-18 04:00:00,0.0,0.0,0.0,0.0,0.0,0.0,0.0,0
2030-12-18 05:00:00,0.0,0.0,0.0,0.0,0.0,0.0,0.0,0
2030-12-18 06:00:00,0.0,0.0,0.0,0.0,0.0,0.0,0.0,0
2030-12-18 07:00:00,0.0,0.0,0.0,0.0,0.0,0.0,0.0,0
2030-12-18 08:00:00,0.0,0.0,0.0,0.0,0.2209462436480046,0.0,0.0,0
2030-12-18 09:00:00,0.0,0.0,0.0,0.0,7.342780163902139,0.0,0.0,0
2030-12-18 10:00:00,0.0,0.0,0.0,0.0,15.02309253935055,0.0,0.0,0
2030-12-18 11:00:00,0.0,0.0,0.0,0.0,21.25532323392992,0.0,0.0,0
2030-12-18 12:00:00,0.0,0.0,0.0,0.0,25.458015383106567,0.0,0.0,0
2030-12-18 13:00:00,0.0,0.0,0.0,0.0,27.472603232689103,0.0,0.0,0
2030-12-18 14:00:00,0.0,0.0,0.0,0.0,27.43275926008458,0.0,0.0,0
2030-12-18 15:00:00,0.0,0.0,0.0,0.0,24.876853113564422,0.0,0.0,0
2030-12-18 16:00:00,0.0,0.0,0.0,0.0,20.887153143264452,0.0,0.0,0
2030-12-18 17:00:00,0.0,0.0,0.0,0.0,14.865484218881642,0.0,0.0,0
2030-12-18 18:00:00,0.0,0.0,0.0,0.0,6.606292685075445,0.0,0.0,0
2030-12-18 19:00:00,0.0,0.0,0.0,0.0,0.1126825842604829,0.0,0.0,0
2030-12-18 20:00:00,0.0,0.0,0.0,0.0,0.0,0.0,0.0,0
2030-12-18 21:00:00,0.0,0.0,0.0,0.0,0.0,0.0,0.0,0
2030-12-18 22:00:00,0.0,0.0,0.0,0.0,0.0,0.0,0.0,0
2030-12-18 23:00:00,0.0,0.0,0.0,0.0,0.0,0.0,0.0,0
2030-12-19 00:00:00,0.0,0.0,0.0,0.0,0.0,0.0,0.0,0
2030-12-19 01:00:00,0.0,0.0,0.0,0.0,0.0,0.0,0.0,0
2030-12-19 02:00:00,0.0,0.0,0.0,0.0,0.0,0.0,0.0,0
2030-12-19 03:00:00,0.0,0.0,0.0,0.0,0.0,0.0,0.0,0
2030-12-19 04:00:00,0.0,0.0,0.0,0.0,0.0,0.0,0.0,0
2030-12-19 05:00:00,0.0,0.0,0.0,0.0,0.0,0.0,0.0,0
2030-12-19 06:00:00,0.0,0.0,0.0,0.0,0.0,0.0,0.0,0
2030-12-19 07:00:00,0.0,0.0,0.0,0.0,0.0,0.0,0.0,0
2030-12-19 08:00:00,0.0,0.0,0.0,0.0,0.0,0.0,0.0,0
2030-12-19 09:00:00,0.0,0.0,0.0,0.0,3.7708158915926706,0.0,0.0,0
2030-12-19 10:00:00,0.0,0.0,0.0,0.0,10.159623824170598,0.0,0.0,0
2030-12-19 11:00:00,0.0,0.0,0.0,0.0,15.704343457265244,0.0,0.0,0
2030-12-19 12:00:00,0.0,0.0,0.0,0.0,21.901590996600348,0.0,0.0,0
2030-12-19 13:00:00,0.0,0.0,0.0,0.0,26.77890567638224,0.0,0.0,0
2030-12-19 14:00:00,0.0,0.0,0.0,0.0,27.44977212084548,0.0,0.0,0
2030-12-19 15:00:00,0.0,0.0,0.0,0.0,25.28140568568393,0.0,0.0,0
2030-12-19 16:00:00,0.0,0.0,0.0,0.0,21.0246553555614,0.0,0.0,0
2030-12-19 17:00:00,0.0,0.0,0.0,0.0,14.378960590368724,0.0,0.0,0
2030-12-19 18:00:00,0.0,0.0,0.0,0.0,6.967171549700522,0.0,0.0,0
2030-12-19 19:00:00,0.0,0.0,0.0,0.0,0.5818251082730866,0.0,0.0,0
2030-12-19 20:00:00,0.0,0.0,0.0,0.0,0.0,0.0,0.0,0
2030-12-19 21:00:00,0.0,0.0,0.0,0.0,0.0,0.0,0.0,0
2030-12-19 22:00:00,0.0,0.0,0.0,0.0,0.0,0.0,0.0,0
2030-12-19 23:00:00,0.0,0.0,0.0,0.0,0.0,0.0,0.0,0
2030-12-20 00:00:00,0.0,0.0,0.0,0.0,0.0,0.0,0.0,0
2030-12-20 01:00:00,0.0,0.0,0.0,0.0,0.0,0.0,0.0,0
2030-12-20 02:00:00,0.0,0.0,0.0,0.0,0.0,0.0,0.0,0
2030-12-20 03:00:00,0.0,0.0,0.0,0.0,0.0,0.0,0.0,0
2030-12-20 04:00:00,0.0,0.0,0.0,0.0,0.0,0.0,0.0,0
2030-12-20 05:00:00,0.0,0.0,0.0,0.0,0.0,0.0,0.0,0
2030-12-20 06:00:00,0.0,0.0,0.0,0.0,0.0,0.0,0.0,0
2030-12-20 07:00:00,0.0,0.0,0.0,0.0,0.0,0.0,0.0,0
2030-12-20 08:00:00,0.0,0.0,0.0,0.0,0.0,0.0,0.0,0
2030-12-20 09:00:00,0.0,0.0,0.0,0.0,7.342780163902139,0.0,0.0,0
2030-12-20 10:00:00,0.0,0.0,0.0,0.0,15.151609604405808,0.0,0.0,0
2030-12-20 11:00:00,0.0,0.0,0.0,0.0,21.452039039524532,0.0,0.0,0
2030-12-20 12:00:00,0.0,0.0,0.0,0.0,25.655099432440586,0.0,0.0,0
2030-12-20 13:00:00,0.0,0.0,0.0,0.0,27.691192716404867,0.0,0.0,0
2030-12-20 14:00:00,0.0,0.0,0.0,0.0,27.39674502236996,0.0,0.0,0
2030-12-20 15:00:00,0.0,0.0,0.0,0.0,25.381126090317064,0.0,0.0,0
2030-12-20 16:00:00,0.0,0.0,0.0,0.0,21.31173817480805,0.0,0.0,0
2030-12-20 17:00:00,0.0,0.0,0.0,0.0,15.19071708953151,0.0,0.0,0
2030-12-20 18:00:00,0.0,0.0,0.0,0.0,7.313320664749072,0.0,0.0,0
2030-12-20 19:00:00,0.0,0.0,0.0,0.0,1.1047312182400395,0.0,0.0,0
2030-12-20 20:00:00,0.0,0.0,0.0,0.0,0.0,0.0,0.0,0
2030-12-20 21:00:00,0.0,0.0,0.0,0.0,0.0,0.0,0.0,0
2030-12-20 22:00:00,0.0,0.0,0.0,0.0,0.0,0.0,0.0,0
2030-12-20 23:00:00,0.0,0.0,0.0,0.0,0.0,0.0,0.0,0
2030-12-21 00:00:00,0.0,0.0,0.0,0.0,0.0,0.0,0.0,0
2030-12-21 01:00:00,0.0,0.0,0.0,0.0,0.0,0.0,0.0,0
2030-12-21 02:00:00,0.0,0.0,0.0,0.0,0.0,0.0,0.0,0
2030-12-21 03:00:00,0.0,0.0,0.0,0.0,0.0,0.0,0.0,0
2030-12-21 04:00:00,0.0,0.0,0.0,0.0,0.0,0.0,0.0,0
2030-12-21 05:00:00,0.0,0.0,0.0,0.0,0.0,0.0,0.0,0
2030-12-21 06:00:00,0.0,0.0,0.0,0.0,0.0,0.0,0.0,0
2030-12-21 07:00:00,0.0,0.0,0.0,0.0,0.0,0.0,0.0,0
2030-12-21 08:00:00,0.0,0.0,0.0,0.0,0.0,0.0,0.0,0
2030-12-21 09:00:00,0.0,0.0,0.0,0.0,7.114469045465865,0.0,0.0,0
2030-12-21 10:00:00,0.0,0.0,0.0,0.0,15.051520956033263,0.0,0.0,0
2030-12-21 11:00:00,0.0,0.0,0.0,0.0,21.457930939355144,0.0,0.0,0
2030-12-21 12:00:00,0.0,0.0,0.0,0.0,25.708789369647054,0.0,0.0,0
2030-12-21 13:00:00,0.0,0.0,0.0,0.0,27.824496950072504,0.0,0.0,0
2030-12-21 14:00:00,0.0,0.0,0.0,0.0,27.4709093114878,0.0,0.0,0
2030-12-21 15:00:00,0.0,0.0,0.0,0.0,25.478121491278532,0.0,0.0,0
2030-12-21 16:00:00,0.0,0.0,0.0,0.0,21.39591869363793,0.0,0.0,0
2030-12-21 17:00:00,0.0,0.0,0.0,0.0,15.30052737262457,0.0,0.0,0
2030-12-21 18:00:00,0.0,0.0,0.0,0.0,7.4031721371659245,0.0,0.0,0
2030-12-21 19:00:00,0.0,0.0,0.0,0.0,1.3256774618880485,0.0,0.0,0
2030-12-21 20:00:00,0.0,0.0,0.0,0.0,0.0,0.0,0.0,0
2030-12-21 21:00:00,0.0,0.0,0.0,0.0,0.0,0.0,0.0,0
2030-12-21 22:00:00,0.0,0.0,0.0,0.0,0.0,0.0,0.0,0
2030-12-21 23:00:00,0.0,0.0,0.0,0.0,0.0,0.0,0.0,0
2030-12-22 00:00:00,0.0,0.0,0.0,0.0,0.0,0.0,0.0,0
2030-12-22 01:00:00,0.0,0.0,0.0,0.0,0.0,0.0,0.0,0
2030-12-22 02:00:00,0.0,0.0,0.0,0.0,0.0,0.0,0.0,0
2030-12-22 03:00:00,0.0,0.0,0.0,0.0,0.0,0.0,0.0,0
2030-12-22 04:00:00,0.0,0.0,0.0,0.0,0.0,0.0,0.0,0
2030-12-22 05:00:00,0.0,0.0,0.0,0.0,0.0,0.0,0.0,0
2030-12-22 06:00:00,0.0,0.0,0.0,0.0,0.0,0.0,0.0,0
2030-12-22 07:00:00,0.0,0.0,0.0,0.0,0.0,0.0,0.0,0
2030-12-22 08:00:00,0.0,0.0,0.0,0.0,0.0,0.0,0.0,0
2030-12-22 09:00:00,0.0,0.0,0.0,0.0,6.81250917914692,0.0,0.0,0
2030-12-22 10:00:00,0.0,0.0,0.0,0.0,15.245806352947744,0.0,0.0,0
2030-12-22 11:00:00,0.0,0.0,0.0,0.0,21.734629285150334,0.0,0.0,0
2030-12-22 12:00:00,0.0,0.0,0.0,0.0,25.623946012086225,0.0,0.0,0
2030-12-22 13:00:00,0.0,0.0,0.0,0.0,26.459270110571463,0.0,0.0,0
2030-12-22 14:00:00,0.0,0.0,0.0,0.0,27.477464050049363,0.0,0.0,0
2030-12-22 15:00:00,0.0,0.0,0.0,0.0,25.334727379150976,0.0,0.0,0
2030-12-22 16:00:00,0.0,0.0,0.0,0.0,21.443716731013783,0.0,0.0,0
2030-12-22 17:00:00,0.0,0.0,0.0,0.0,15.353186227360675,0.0,0.0,0
2030-12-22 18:00:00,0.0,0.0,0.0,0.0,7.489709415928062,0.0,0.0,0
2030-12-22 19:00:00,0.0,0.0,0.0,0.0,1.4361505837120507,0.0,0.0,0
2030-12-22 20:00:00,0.0,0.0,0.0,0.0,0.0,0.0,0.0,0
2030-12-22 21:00:00,0.0,0.0,0.0,0.0,0.0,0.0,0.0,0
2030-12-22 22:00:00,0.0,0.0,0.0,0.0,0.0,0.0,0.0,0
2030-12-22 23:00:00,0.0,0.0,0.0,0.0,0.0,0.0,0.0,0
2030-12-23 00:00:00,0.0,0.0,0.0,0.0,0.0,0.0,0.0,0
2030-12-23 01:00:00,0.0,0.0,0.0,0.0,0.0,0.0,0.0,0
2030-12-23 02:00:00,0.0,0.0,0.0,0.0,0.0,0.0,0.0,0
2030-12-23 03:00:00,0.0,0.0,0.0,0.0,0.0,0.0,0.0,0
2030-12-23 04:00:00,0.0,0.0,0.0,0.0,0.0,0.0,0.0,0
2030-12-23 05:00:00,0.0,0.0,0.0,0.0,0.0,0.0,0.0,0
2030-12-23 06:00:00,0.0,0.0,0.0,0.0,0.0,0.0,0.0,0
2030-12-23 07:00:00,0.0,0.0,0.0,0.0,0.0,0.0,0.0,0
2030-12-23 08:00:00,0.0,0.0,0.0,0.0,0.0,0.0,0.0,0
2030-12-23 09:00:00,0.0,0.0,0.0,0.0,7.298590915172538,0.0,0.0,0
2030-12-23 10:00:00,0.0,0.0,0.0,0.0,15.252729335248718,0.0,0.0,0
2030-12-23 11:00:00,0.0,0.0,0.0,0.0,21.629016980686583,0.0,0.0,0
2030-12-23 12:00:00,0.0,0.0,0.0,0.0,25.806742204331005,0.0,0.0,0
2030-12-23 13:00:00,0.0,0.0,0.0,0.0,27.919356537345376,0.0,0.0,0
2030-12-23 14:00:00,0.0,0.0,0.0,0.0,27.666888629603587,0.0,0.0,0
2030-12-23 15:00:00,0.0,0.0,0.0,0.0,25.676531218074448,0.0,0.0,0
2030-12-23 16:00:00,0.0,0.0,0.0,0.0,21.64146361907876,0.0,0.0,0
2030-12-23 17:00:00,0.0,0.0,0.0,0.0,15.543273645645847,0.0,0.0,0
2030-12-23 18:00:00,0.0,0.0,0.0,0.0,7.626548789494063,0.0,0.0,0
2030-12-23 19:00:00,0.0,0.0,0.0,0.0,1.4361505837120507,0.0,0.0,0
2030-12-23 20:00:00,0.0,0.0,0.0,0.0,0.0,0.0,0.0,0
2030-12-23 21:00:00,0.0,0.0,0.0,0.0,0.0,0.0,0.0,0
2030-12-23 22:00:00,0.0,0.0,0.0,0.0,0.0,0.0,0.0,0
2030-12-23 23:00:00,0.0,0.0,0.0,0.0,0.0,0.0,0.0,0
2030-12-24 00:00:00,0.0,0.0,0.0,0.0,0.0,0.0,0.0,0
2030-12-24 01:00:00,0.0,0.0,0.0,0.0,0.0,0.0,0.0,0
2030-12-24 02:00:00,0.0,0.0,0.0,0.0,0.0,0.0,0.0,0
2030-12-24 03:00:00,0.0,0.0,0.0,0.0,0.0,0.0,0.0,0
2030-12-24 04:00:00,0.0,0.0,0.0,0.0,0.0,0.0,0.0,0
2030-12-24 05:00:00,0.0,0.0,0.0,0.0,0.0,0.0,0.0,0
2030-12-24 06:00:00,0.0,0.0,0.0,0.0,0.0,0.0,0.0,0
2030-12-24 07:00:00,0.0,0.0,0.0,0.0,0.0,0.0,0.0,0
2030-12-24 08:00:00,0.0,0.0,0.0,0.0,0.0,0.0,0.0,0
2030-12-24 09:00:00,0.0,0.0,0.0,0.0,7.202847542925065,0.0,0.0,0
2030-12-24 10:00:00,0.0,0.0,0.0,0.0,15.233286065807691,0.0,0.0,0
2030-12-24 11:00:00,0.0,0.0,0.0,0.0,21.78205907878677,0.0,0.0,0
2030-12-24 12:00:00,0.0,0.0,0.0,0.0,26.047794556150983,0.0,0.0,0
2030-12-24 13:00:00,0.0,0.0,0.0,0.0,28.11850275162012,0.0,0.0,0
2030-12-24 14:00:00,0.0,0.0,0.0,0.0,27.62711830574695,0.0,0.0,0
2030-12-24 15:00:00,0.0,0.0,0.0,0.0,25.68176027917412,0.0,0.0,0
2030-12-24 16:00:00,0.0,0.0,0.0,0.0,21.40460924588809,0.0,0.0,0
2030-12-24 17:00:00,0.0,0.0,0.0,0.0,14.798316560812644,0.0,0.0,0
2030-12-24 18:00:00,0.0,0.0,0.0,0.0,6.893522801817856,0.0,0.0,0
2030-12-24 19:00:00,0.0,0.0,0.0,0.0,0.861690350227229,0.0,0.0,0
2030-12-24 20:00:00,0.0,0.0,0.0,0.0,0.0,0.0,0.0,0
2030-12-24 21:00:00,0.0,0.0,0.0,0.0,0.0,0.0,0.0,0
2030-12-24 22:00:00,0.0,0.0,0.0,0.0,0.0,0.0,0.0,0
2030-12-24 23:00:00,0.0,0.0,0.0,0.0,0.0,0.0,0.0,0
2030-12-25 00:00:00,0.0,0.0,0.0,0.0,0.0,0.0,0.0,0
2030-12-25 01:00:00,0.0,0.0,0.0,0.0,0.0,0.0,0.0,0
2030-12-25 02:00:00,0.0,0.0,0.0,0.0,0.0,0.0,0.0,0
2030-12-25 03:00:00,0.0,0.0,0.0,0.0,0.0,0.0,0.0,0
2030-12-25 04:00:00,0.0,0.0,0.0,0.0,0.0,0.0,0.0,0
2030-12-25 05:00:00,0.0,0.0,0.0,0.0,0.0,0.0,0.0,0
2030-12-25 06:00:00,0.0,0.0,0.0,0.0,0.0,0.0,0.0,0
2030-12-25 07:00:00,0.0,0.0,0.0,0.0,0.0,0.0,0.0,0
2030-12-25 08:00:00,0.0,0.0,0.0,0.0,0.0,0.0,0.0,0
2030-12-25 09:00:00,0.0,0.0,0.0,0.0,7.173388043772,0.0,0.0,0
2030-12-25 10:00:00,0.0,0.0,0.0,0.0,15.261051643759457,0.0,0.0,0
2030-12-25 11:00:00,0.0,0.0,0.0,0.0,21.858285532845336,0.0,0.0,0
2030-12-25 12:00:00,0.0,0.0,0.0,0.0,26.20886436777038,0.0,0.0,0
2030-12-25 13:00:00,0.0,0.0,0.0,0.0,28.398367993574254,0.0,0.0,0
2030-12-25 14:00:00,0.0,0.0,0.0,0.0,27.89932407792129,0.0,0.0,0
2030-12-25 15:00:00,0.0,0.0,0.0,0.0,25.91935113984361,0.0,0.0,0
2030-12-25 16:00:00,0.0,0.0,0.0,0.0,21.750242819701462,0.0,0.0,0
2030-12-25 17:00:00,0.0,0.0,0.0,0.0,15.589009518080983,0.0,0.0,0
2030-12-25 18:00:00,0.0,0.0,0.0,0.0,7.426666087740499,0.0,0.0,0
2030-12-25 19:00:00,0.0,0.0,0.0,0.0,1.1931097156992443,0.0,0.0,0
2030-12-25 20:00:00,0.0,0.0,0.0,0.0,0.0,0.0,0.0,0
2030-12-25 21:00:00,0.0,0.0,0.0,0.0,0.0,0.0,0.0,0
2030-12-25 22:00:00,0.0,0.0,0.0,0.0,0.0,0.0,0.0,0
2030-12-25 23:00:00,0.0,0.0,0.0,0.0,0.0,0.0,0.0,0
2030-12-26 00:00:00,0.0,0.0,0.0,0.0,0.0,0.0,0.0,0
2030-12-26 01:00:00,0.0,0.0,0.0,0.0,0.0,0.0,0.0,0
2030-12-26 02:00:00,0.0,0.0,0.0,0.0,0.0,0.0,0.0,0
2030-12-26 03:00:00,0.0,0.0,0.0,0.0,0.0,0.0,0.0,0
2030-12-26 04:00:00,0.0,0.0,0.0,0.0,0.0,0.0,0.0,0
2030-12-26 05:00:00,0.0,0.0,0.0,0.0,0.0,0.0,0.0,0
2030-12-26 06:00:00,0.0,0.0,0.0,0.0,0.0,0.0,0.0,0
2030-12-26 07:00:00,0.0,0.0,0.0,0.0,0.0,0.0,0.0,0
2030-12-26 08:00:00,0.0,0.0,0.0,0.0,0.0,0.0,0.0,0
2030-12-26 09:00:00,0.0,0.0,0.0,0.0,5.958183703707952,0.0,0.0,0
2030-12-26 10:00:00,0.0,0.0,0.0,0.0,14.40282278468271,0.0,0.0,0
2030-12-26 11:00:00,0.0,0.0,0.0,0.0,21.810855739208897,0.0,0.0,0
2030-12-26 12:00:00,0.0,0.0,0.0,0.0,26.554129697844335,0.0,0.0,0
2030-12-26 13:00:00,0.0,0.0,0.0,0.0,28.80601381310484,0.0,0.0,0
2030-12-26 14:00:00,0.0,0.0,0.0,0.0,28.45824442560287,0.0,0.0,0
2030-12-26 15:00:00,0.0,0.0,0.0,0.0,26.49874583943657,0.0,0.0,0
2030-12-26 16:00:00,0.0,0.0,0.0,0.0,22.394006524943872,0.0,0.0,0
2030-12-26 17:00:00,0.0,0.0,0.0,0.0,16.19094073452604,0.0,0.0,0
2030-12-26 18:00:00,0.0,0.0,0.0,0.0,8.093408202322303,0.0,0.0,0
2030-12-26 19:00:00,0.0,0.0,0.0,0.0,1.4287857089237863,0.0,0.0,0
2030-12-26 20:00:00,0.0,0.0,0.0,0.0,0.0,0.0,0.0,0
2030-12-26 21:00:00,0.0,0.0,0.0,0.0,0.0,0.0,0.0,0
2030-12-26 22:00:00,0.0,0.0,0.0,0.0,0.0,0.0,0.0,0
2030-12-26 23:00:00,0.0,0.0,0.0,0.0,0.0,0.0,0.0,0
2030-12-27 00:00:00,0.0,0.0,0.0,0.0,0.0,0.0,0.0,0
2030-12-27 01:00:00,0.0,0.0,0.0,0.0,0.0,0.0,0.0,0
2030-12-27 02:00:00,0.0,0.0,0.0,0.0,0.0,0.0,0.0,0
2030-12-27 03:00:00,0.0,0.0,0.0,0.0,0.0,0.0,0.0,0
2030-12-27 04:00:00,0.0,0.0,0.0,0.0,0.0,0.0,0.0,0
2030-12-27 05:00:00,0.0,0.0,0.0,0.0,0.0,0.0,0.0,0
2030-12-27 06:00:00,0.0,0.0,0.0,0.0,0.0,0.0,0.0,0
2030-12-27 07:00:00,0.0,0.0,0.0,0.0,0.0,0.0,0.0,0
2030-12-27 08:00:00,0.0,0.0,0.0,0.0,0.0,0.0,0.0,0
2030-12-27 09:00:00,0.0,0.0,0.0,0.0,7.254401666442934,0.0,0.0,0
2030-12-27 10:00:00,0.0,0.0,0.0,0.0,15.547766219266688,0.0,0.0,0
2030-12-27 11:00:00,0.0,0.0,0.0,0.0,22.214966418841104,0.0,0.0,0
2030-12-27 12:00:00,0.0,0.0,0.0,0.0,26.56664998498439,0.0,0.0,0
2030-12-27 13:00:00,0.0,0.0,0.0,0.0,28.809107060515917,0.0,0.0,0
2030-12-27 14:00:00,0.0,0.0,0.0,0.0,28.623143972112167,0.0,0.0,0
2030-12-27 15:00:00,0.0,0.0,0.0,0.0,26.68227851916018,0.0,0.0,0
2030-12-27 16:00:00,0.0,0.0,0.0,0.0,22.56236756260365,0.0,0.0,0
2030-12-27 17:00:00,0.0,0.0,0.0,0.0,16.38316396649981,0.0,0.0,0
2030-12-27 18:00:00,0.0,0.0,0.0,0.0,8.22428202730981,0.0,0.0,0
2030-12-27 19:00:00,0.0,0.0,0.0,0.0,1.4656100828651175,0.0,0.0,0
2030-12-27 20:00:00,0.0,0.0,0.0,0.0,0.0,0.0,0.0,0
2030-12-27 21:00:00,0.0,0.0,0.0,0.0,0.0,0.0,0.0,0
2030-12-27 22:00:00,0.0,0.0,0.0,0.0,0.0,0.0,0.0,0
2030-12-27 23:00:00,0.0,0.0,0.0,0.0,0.0,0.0,0.0,0
2030-12-28 00:00:00,0.0,0.0,0.0,0.0,0.0,0.0,0.0,0
2030-12-28 01:00:00,0.0,0.0,0.0,0.0,0.0,0.0,0.0,0
2030-12-28 02:00:00,0.0,0.0,0.0,0.0,0.0,0.0,0.0,0
2030-12-28 03:00:00,0.0,0.0,0.0,0.0,0.0,0.0,0.0,0
2030-12-28 04:00:00,0.0,0.0,0.0,0.0,0.0,0.0,0.0,0
2030-12-28 05:00:00,0.0,0.0,0.0,0.0,0.0,0.0,0.0,0
2030-12-28 06:00:00,0.0,0.0,0.0,0.0,0.0,0.0,0.0,0
2030-12-28 07:00:00,0.0,0.0,0.0,0.0,0.0,0.0,0.0,0
2030-12-28 08:00:00,0.0,0.0,0.0,0.0,0.0,0.0,0.0,0
2030-12-28 09:00:00,0.0,0.0,0.0,0.0,7.107104170677596,0.0,0.0,0
2030-12-28 10:00:00,0.0,0.0,0.0,0.0,15.232991470816156,0.0,0.0,0
2030-12-28 11:00:00,0.0,0.0,0.0,0.0,21.869701088767147,0.0,0.0,0
2030-12-28 12:00:00,0.0,0.0,0.0,0.0,26.09249934611577,0.0,0.0,0
2030-12-28 13:00:00,0.0,0.0,0.0,0.0,27.978643779390925,0.0,0.0,0
2030-12-28 14:00:00,0.0,0.0,0.0,0.0,27.42134370416277,0.0,0.0,0
2030-12-28 15:00:00,0.0,0.0,0.0,0.0,24.724842097934594,0.0,0.0,0
2030-12-28 16:00:00,0.0,0.0,0.0,0.0,19.957264052497877,0.0,0.0,0
2030-12-28 17:00:00,0.0,0.0,0.0,0.0,14.775853692708433,0.0,0.0,0
2030-12-28 18:00:00,0.0,0.0,0.0,0.0,7.436755966200423,0.0,0.0,0
2030-12-28 19:00:00,0.0,0.0,0.0,0.0,1.4287857089237863,0.0,0.0,0
2030-12-28 20:00:00,0.0,0.0,0.0,0.0,0.0,0.0,0.0,0
2030-12-28 21:00:00,0.0,0.0,0.0,0.0,0.0,0.0,0.0,0
2030-12-28 22:00:00,0.0,0.0,0.0,0.0,0.0,0.0,0.0,0
2030-12-28 23:00:00,0.0,0.0,0.0,0.0,0.0,0.0,0.0,0
2030-12-29 00:00:00,0.0,0.0,0.0,0.0,0.0,0.0,0.0,0
2030-12-29 01:00:00,0.0,0.0,0.0,0.0,0.0,0.0,0.0,0
2030-12-29 02:00:00,0.0,0.0,0.0,0.0,0.0,0.0,0.0,0
2030-12-29 03:00:00,0.0,0.0,0.0,0.0,0.0,0.0,0.0,0
2030-12-29 04:00:00,0.0,0.0,0.0,0.0,0.0,0.0,0.0,0
2030-12-29 05:00:00,0.0,0.0,0.0,0.0,0.0,0.0,0.0,0
2030-12-29 06:00:00,0.0,0.0,0.0,0.0,0.0,0.0,0.0,0
2030-12-29 07:00:00,0.0,0.0,0.0,0.0,0.0,0.0,0.0,0
2030-12-29 08:00:00,0.0,0.0,0.0,0.0,0.0,0.0,0.0,0
2030-12-29 09:00:00,0.0,0.0,0.0,0.0,6.989266174065325,0.0,0.0,0
2030-12-29 10:00:00,0.0,0.0,0.0,0.0,15.065366920635205,0.0,0.0,0
2030-12-29 11:00:00,0.0,0.0,0.0,0.0,21.732198876470207,0.0,0.0,0
2030-12-29 12:00:00,0.0,0.0,0.0,0.0,26.12402101020955,0.0,0.0,0
2030-12-29 13:00:00,0.0,0.0,0.0,0.0,28.33981723900753,0.0,0.0,0
2030-12-29 14:00:00,0.0,0.0,0.0,0.0,28.081457431435137,0.0,0.0,0
2030-12-29 15:00:00,0.0,0.0,0.0,0.0,26.15797308298346,0.0,0.0,0
2030-12-29 16:00:00,0.0,0.0,0.0,0.0,22.147798760772112,0.0,0.0,0
2030-12-29 17:00:00,0.0,0.0,0.0,0.0,16.095712903513746,0.0,0.0,0
2030-12-29 18:00:00,0.0,0.0,0.0,0.0,8.183775215974341,0.0,0.0,0
2030-12-29 19:00:00,0.0,0.0,0.0,0.0,1.4287857089237863,0.0,0.0,0
2030-12-29 20:00:00,0.0,0.0,0.0,0.0,0.0,0.0,0.0,0
2030-12-29 21:00:00,0.0,0.0,0.0,0.0,0.0,0.0,0.0,0
2030-12-29 22:00:00,0.0,0.0,0.0,0.0,0.0,0.0,0.0,0
2030-12-29 23:00:00,0.0,0.0,0.0,0.0,0.0,0.0,0.0,0
2030-12-30 00:00:00,0.0,0.0,0.0,0.0,0.0,0.0,0.0,0
2030-12-30 01:00:00,0.0,0.0,0.0,0.0,0.0,0.0,0.0,0
2030-12-30 02:00:00,0.0,0.0,0.0,0.0,0.0,0.0,0.0,0
2030-12-30 03:00:00,0.0,0.0,0.0,0.0,0.0,0.0,0.0,0
2030-12-30 04:00:00,0.0,0.0,0.0,0.0,0.0,0.0,0.0,0
2030-12-30 05:00:00,0.0,0.0,0.0,0.0,0.0,0.0,0.0,0
2030-12-30 06:00:00,0.0,0.0,0.0,0.0,0.0,0.0,0.0,0
2030-12-30 07:00:00,0.0,0.0,0.0,0.0,0.0,0.0,0.0,0
2030-12-30 08:00:00,0.0,0.0,0.0,0.0,0.0,0.0,0.0,0
2030-12-30 09:00:00,0.0,0.0,0.0,0.0,6.694671182534649,0.0,0.0,0
2030-12-30 10:00:00,0.0,0.0,0.0,0.0,14.966677598472428,0.0,0.0,0
2030-12-30 11:00:00,0.0,0.0,0.0,0.0,21.858580127836863,0.0,0.0,0
2030-12-30 12:00:00,0.0,0.0,0.0,0.0,25.52555128491497,0.0,0.0,0
2030-12-30 13:00:00,0.0,0.0,0.0,0.0,26.0201026269471,0.0,0.0,0
2030-12-30 14:00:00,0.0,0.0,0.0,0.0,22.58836557060624,0.0,0.0,0
2030-12-30 15:00:00,0.0,0.0,0.0,0.0,24.686397451539843,0.0,0.0,0
2030-12-30 16:00:00,0.0,0.0,0.0,0.0,19.39171531750685,0.0,0.0,0
2030-12-30 17:00:00,0.0,0.0,0.0,0.0,11.684152905341852,0.0,0.0,0
2030-12-30 18:00:00,0.0,0.0,0.0,0.0,5.560480465141539,0.0,0.0,0
2030-12-30 19:00:00,0.0,0.0,0.0,0.0,0.5162777226575112,0.0,0.0,0
2030-12-30 20:00:00,0.0,0.0,0.0,0.0,0.0,0.0,0.0,0
2030-12-30 21:00:00,0.0,0.0,0.0,0.0,0.0,0.0,0.0,0
2030-12-30 22:00:00,0.0,0.0,0.0,0.0,0.0,0.0,0.0,0
2030-12-30 23:00:00,0.0,0.0,0.0,0.0,0.0,0.0,0.0,0
