Type,Sector,Region,Fuel,Year,Value
Final Energy Demand [TWh],Power,Dakar,Oil,2022,9.361133832506207
Final Energy Demand [TWh],Power,Dakar,Oil,2025,4.360066833333342
Final Energy Demand [TWh],Power,Dakar,Oil,2030,0.007472430632449387
Final Energy Demand [TWh],Power,Dakar,Gas_Natural,2025,4.944054123888871
Final Energy Demand [TWh],Power,Dakar,Gas_Natural,2030,8.268165527222227
Final Energy Demand [TWh],Power,Dakar,Gas_Natural,2035,10.264579601569254
Final Energy Demand [TWh],Power,Dakar,Gas_Natural,2040,8.008384574149396
Final Energy Demand [TWh],Power,Dakar,Gas_Natural,2045,6.657954228116902
Final Energy Demand [TWh],Power,Dakar,Hardcoal,2022,0.7569993943247838
Final Energy Demand [TWh],Power,Dakar,Hardcoal,2025,0.32939851968583833
Final Energy Demand [TWh],Power,Dakar,Gas_Bio,2035,0.05003608954186099
Final Energy Demand [TWh],Power,Dakar,Gas_Bio,2040,0.006350591406165233
Final Energy Demand [TWh],Power,Dakar,Gas_Bio,2045,0.25562601854976824
Final Energy Demand [TWh],Power,Thies,Oil,2022,1.5879460978418618
Final Energy Demand [TWh],Power,Thies,Oil,2025,0.19155706911644377
Final Energy Demand [TWh],Power,Thies,Oil,2030,0.06118798933024127
Final Energy Demand [TWh],Power,Thies,Gas_Natural,2025,1.3661202183333276
Final Energy Demand [TWh],Power,Thies,Gas_Natural,2030,1.3440860216666646
Final Energy Demand [TWh],Power,Thies,Gas_Natural,2035,2.684034153337729
Final Energy Demand [TWh],Power,Thies,Gas_Natural,2040,2.2351908719270037
Final Energy Demand [TWh],Power,Thies,Gas_Natural,2045,1.6515939321085171
Final Energy Demand [TWh],Power,Thies,Hardcoal,2022,0.034644416725446624
Final Energy Demand [TWh],Power,Thies,Hardcoal,2025,0.07520582411643578
Final Energy Demand [TWh],Power,Thies,Gas_Bio,2035,0.004137889995603488
Final Energy Demand [TWh],Power,Thies,Gas_Bio,2040,0.004952497517439073
Final Energy Demand [TWh],Power,Thies,Gas_Bio,2045,0.1261838456692632
Final Energy Demand [TWh],Power,ZS,Oil,2022,0.11939464130967692
Final Energy Demand [TWh],Power,ZS,Oil,2025,0.21800334166666654
Final Energy Demand [TWh],Power,ZS,Oil,2030,0.003943281225636558
Final Energy Demand [TWh],Power,MTKK,Oil,2022,0.10334202257507187
Final Energy Demand [TWh],Power,MTKK,Oil,2025,0.2543372319444445
Final Energy Demand [TWh],Industry,Dakar,H2,2035,0.21072198278257526
Final Energy Demand [TWh],Industry,Dakar,H2,2040,0.4532785836213512
Final Energy Demand [TWh],Industry,Dakar,H2,2045,0.7716634927360816
Final Energy Demand [TWh],Industry,Dakar,H2,2050,1.0421764685761374
Final Energy Demand [TWh],Industry,Dakar,Oil,2022,0.3449044934444453
Final Energy Demand [TWh],Industry,Dakar,Oil,2025,0.3437360909444427
Final Energy Demand [TWh],Industry,Dakar,Oil,2030,0.005987727837667099
Final Energy Demand [TWh],Industry,Dakar,Gas_Natural,2025,0.10237154614444283
Final Energy Demand [TWh],Industry,Dakar,Gas_Natural,2030,0.7119200899321922
Final Energy Demand [TWh],Industry,Dakar,Gas_Natural,2035,3.254854158930481
Final Energy Demand [TWh],Industry,Dakar,Gas_Natural,2040,3.582556116682607
Final Energy Demand [TWh],Industry,Dakar,Gas_Natural,2045,0.9749753922157771
Final Energy Demand [TWh],Industry,Dakar,Hardcoal,2022,2.12352462298611
Final Energy Demand [TWh],Industry,Dakar,Hardcoal,2025,3.135624632583895
Final Energy Demand [TWh],Industry,Dakar,Hardcoal,2030,4.1148241030335955
Final Energy Demand [TWh],Industry,Dakar,Hardcoal,2035,0.9786942041048557
Final Energy Demand [TWh],Industry,Dakar,Hardcoal,2040,0.3469262630219016
Final Energy Demand [TWh],Industry,Dakar,Biomass,2022,0.11013700349999997
Final Energy Demand [TWh],Industry,Dakar,Biomass,2025,0.12895520363599972
Final Energy Demand [TWh],Industry,Dakar,Biomass,2030,0.2022034031436191
Final Energy Demand [TWh],Industry,Dakar,Biomass,2035,0.6688888888888878
Final Energy Demand [TWh],Industry,Dakar,Biomass,2040,0.9766666666666649
Final Energy Demand [TWh],Industry,Dakar,Biomass,2045,0.9776492272307958
Final Energy Demand [TWh],Industry,Dakar,Biomass,2050,0.713950167743502
Final Energy Demand [TWh],Industry,Dakar,Power,2025,0.007068350169999999
Final Energy Demand [TWh],Industry,Dakar,Power,2030,0.038531325870496354
Final Energy Demand [TWh],Industry,Dakar,Power,2035,0.8744164027471462
Final Energy Demand [TWh],Industry,Dakar,Power,2040,2.8817042557109627
Final Energy Demand [TWh],Industry,Dakar,Power,2045,8.863093786602082
Final Energy Demand [TWh],Industry,Dakar,Power,2050,14.552316756020854
Final Energy Demand [TWh],Industry,Dakar,Gas_Bio,2035,0.1721861326803614
Final Energy Demand [TWh],Industry,Dakar,Gas_Bio,2040,0.302039611620325
Final Energy Demand [TWh],Industry,Dakar,Gas_Bio,2045,0.1888184258946759
Final Energy Demand [TWh],Industry,Dakar,Gas_Bio,2050,0.5555555555555557
Final Energy Demand [TWh],Industry,Diourbel,H2,2035,0.09912757389272953
Final Energy Demand [TWh],Industry,Diourbel,H2,2040,0.2817674233563116
Final Energy Demand [TWh],Industry,Diourbel,H2,2045,0.47414028839235234
Final Energy Demand [TWh],Industry,Diourbel,H2,2050,0.9774188935254963
Final Energy Demand [TWh],Industry,Diourbel,Gas_Synth,2045,0.03135087770021353
Final Energy Demand [TWh],Industry,Diourbel,Gas_Synth,2050,0.032458185441069265
Final Energy Demand [TWh],Industry,Diourbel,Oil,2022,0.25867837008333266
Final Energy Demand [TWh],Industry,Diourbel,Oil,2025,0.25780206820833335
Final Energy Demand [TWh],Industry,Diourbel,Oil,2030,0.009387971221050841
Final Energy Demand [TWh],Industry,Diourbel,Gas_Natural,2025,0.04532716049166755
Final Energy Demand [TWh],Industry,Diourbel,Gas_Natural,2030,0.2860144600680059
Final Energy Demand [TWh],Industry,Diourbel,Gas_Natural,2035,0.40527728863456697
Final Energy Demand [TWh],Industry,Diourbel,Gas_Natural,2040,0.6743504478966678
Final Energy Demand [TWh],Industry,Diourbel,Hardcoal,2022,0.497625830833334
Final Energy Demand [TWh],Industry,Diourbel,Hardcoal,2025,0.7269125208719994
Final Energy Demand [TWh],Industry,Diourbel,Hardcoal,2030,1.0935813422444434
Final Energy Demand [TWh],Industry,Diourbel,Hardcoal,2035,0.2619347031030806
Final Energy Demand [TWh],Industry,Diourbel,Hardcoal,2040,0.06229391106011439
Final Energy Demand [TWh],Industry,Diourbel,Biomass,2022,0.2564888134305555
Final Energy Demand [TWh],Industry,Diourbel,Biomass,2025,0.29884087485000016
Final Energy Demand [TWh],Industry,Diourbel,Biomass,2030,0.38148971403910603
Final Energy Demand [TWh],Industry,Diourbel,Biomass,2035,1.3421557097867494
Final Energy Demand [TWh],Industry,Diourbel,Biomass,2040,1.797592524467511
Final Energy Demand [TWh],Industry,Diourbel,Biomass,2045,1.6804366257040413
Final Energy Demand [TWh],Industry,Diourbel,Biomass,2050,2.0622453249914594
Final Energy Demand [TWh],Industry,Diourbel,Power,2025,0.017670875425
Final Energy Demand [TWh],Industry,Diourbel,Power,2030,0.07102554887448684
Final Energy Demand [TWh],Industry,Diourbel,Power,2035,0.26085254790925133
Final Energy Demand [TWh],Industry,Diourbel,Power,2040,0.5787021658878548
Final Energy Demand [TWh],Industry,Diourbel,Power,2045,2.231955342523252
Final Energy Demand [TWh],Industry,Diourbel,Power,2050,3.6199664866247403
Final Energy Demand [TWh],Industry,Diourbel,Gas_Bio,2035,0.13333333333333344
Final Energy Demand [TWh],Industry,Diourbel,Gas_Bio,2040,0.13333333333333336
Final Energy Demand [TWh],Industry,Diourbel,Gas_Bio,2045,0.42465356021241907
Final Energy Demand [TWh],Industry,Diourbel,Gas_Bio,2050,0.27777777777777746
Final Energy Demand [TWh],Industry,Thies,H2,2035,0.3426655645443051
Final Energy Demand [TWh],Industry,Thies,H2,2040,0.6380159319381442
Final Energy Demand [TWh],Industry,Thies,H2,2045,1.0668390635215188
Final Energy Demand [TWh],Industry,Thies,H2,2050,2.715790997548576
Final Energy Demand [TWh],Industry,Thies,Oil,2022,0.35307442808333134
Final Energy Demand [TWh],Industry,Thies,Oil,2025,0.3518943542499955
Final Energy Demand [TWh],Industry,Thies,Oil,2030,0.0023514014083987705
Final Energy Demand [TWh],Industry,Thies,Gas_Natural,2025,0.10359545535240237
Final Energy Demand [TWh],Industry,Thies,Gas_Natural,2030,0.6658696375566762
Final Energy Demand [TWh],Industry,Thies,Gas_Natural,2035,1.781798885103483
Final Energy Demand [TWh],Industry,Thies,Gas_Natural,2040,1.7165588830597143
Final Energy Demand [TWh],Industry,Thies,Gas_Natural,2045,0.3895794837719208
Final Energy Demand [TWh],Industry,Thies,Hardcoal,2022,1.8616436028381989
Final Energy Demand [TWh],Industry,Thies,Hardcoal,2025,2.7517212249644047
Final Energy Demand [TWh],Industry,Thies,Hardcoal,2030,3.54945876707513
Final Energy Demand [TWh],Industry,Thies,Hardcoal,2035,0.719369414833084
Final Energy Demand [TWh],Industry,Thies,Hardcoal,2040,0.18749644495430784
Final Energy Demand [TWh],Industry,Thies,Biomass,2022,0.19782632600694391
Final Energy Demand [TWh],Industry,Thies,Biomass,2025,0.2330970229411105
Final Energy Demand [TWh],Industry,Thies,Biomass,2030,0.4533333333333344
Final Energy Demand [TWh],Industry,Thies,Biomass,2035,1.813333333333333
Final Energy Demand [TWh],Industry,Thies,Biomass,2040,2.4611111111111175
Final Energy Demand [TWh],Industry,Thies,Biomass,2045,2.362222222222224
Final Energy Demand [TWh],Industry,Thies,Biomass,2050,2.0349267547534096
Final Energy Demand [TWh],Industry,Thies,Power,2025,0.011485597918870265
Final Energy Demand [TWh],Industry,Thies,Power,2030,0.04220977372869061
Final Energy Demand [TWh],Industry,Thies,Power,2035,1.1079168493161002
Final Energy Demand [TWh],Industry,Thies,Power,2040,3.0536158508002713
Final Energy Demand [TWh],Industry,Thies,Power,2045,7.401573728592677
Final Energy Demand [TWh],Industry,Thies,Power,2050,11.144884202677448
Final Energy Demand [TWh],Industry,Thies,Gas_Bio,2035,0.12475099889328549
Final Energy Demand [TWh],Industry,Thies,Gas_Bio,2040,0.12393639137145009
Final Energy Demand [TWh],Industry,Thies,Gas_Bio,2045,0.08714948766406994
Final Energy Demand [TWh],Industry,Thies,Gas_Bio,2050,0.26666666666666583
Final Energy Demand [TWh],Industry,LS,H2,2035,0.04932355611101121
Final Energy Demand [TWh],Industry,LS,H2,2040,0.15311537250757018
Final Energy Demand [TWh],Industry,LS,H2,2045,0.2230417232670429
Final Energy Demand [TWh],Industry,LS,H2,2050,0.42207009374118987
Final Energy Demand [TWh],Industry,LS,Gas_Synth,2045,0.05673287005589023
Final Energy Demand [TWh],Industry,LS,Gas_Synth,2050,0.0010229371305707495
Final Energy Demand [TWh],Industry,LS,Oil,2022,0.3136820179555556
Final Energy Demand [TWh],Industry,LS,Oil,2025,0.31262578717222195
Final Energy Demand [TWh],Industry,LS,Oil,2030,0.008358944137965897
Final Energy Demand [TWh],Industry,LS,Gas_Natural,2025,0.04288809292412754
Final Energy Demand [TWh],Industry,LS,Gas_Natural,2030,0.27510475634609693
Final Energy Demand [TWh],Industry,LS,Gas_Natural,2035,0.4189560714963178
Final Energy Demand [TWh],Industry,LS,Gas_Natural,2040,0.7149650974781263
Final Energy Demand [TWh],Industry,LS,Hardcoal,2022,0.18518518513888915
Final Energy Demand [TWh],Industry,LS,Hardcoal,2025,0.2822799283169982
Final Energy Demand [TWh],Industry,LS,Hardcoal,2030,0.2194974728160867
Final Energy Demand [TWh],Industry,LS,Hardcoal,2035,0.09491908238799296
Final Energy Demand [TWh],Industry,LS,Hardcoal,2040,0.030366507069727405
Final Energy Demand [TWh],Industry,LS,Biomass,2022,0.2579813976388887
Final Energy Demand [TWh],Industry,LS,Biomass,2025,0.3573068383993513
Final Energy Demand [TWh],Industry,LS,Biomass,2030,0.7677442063368005
Final Energy Demand [TWh],Industry,LS,Biomass,2035,1.0136942094395638
Final Energy Demand [TWh],Industry,LS,Biomass,2040,1.2156380906888316
Final Energy Demand [TWh],Industry,LS,Biomass,2045,1.4393849615219616
Final Energy Demand [TWh],Industry,LS,Biomass,2050,1.5447547915719078
Final Energy Demand [TWh],Industry,LS,Power,2025,0.014131657821597988
Final Energy Demand [TWh],Industry,LS,Power,2030,0.06082139468158526
Final Energy Demand [TWh],Industry,LS,Power,2035,0.16255126996923647
Final Energy Demand [TWh],Industry,LS,Power,2040,0.3847656038697163
Final Energy Demand [TWh],Industry,LS,Power,2045,1.198899872993782
Final Energy Demand [TWh],Industry,LS,Power,2050,2.371156308722689
Final Energy Demand [TWh],Industry,LS,Gas_Bio,2035,0.11111111111111133
Final Energy Demand [TWh],Industry,LS,Gas_Bio,2040,0.11111111111111069
Final Energy Demand [TWh],Industry,LS,Gas_Bio,2045,0.7572406372470618
Final Energy Demand [TWh],Industry,LS,Gas_Bio,2050,0.8794898537086165
Final Energy Demand [TWh],Industry,FKK,H2,2035,0.14457479794764785
Final Energy Demand [TWh],Industry,FKK,H2,2040,0.2493068191048739
Final Energy Demand [TWh],Industry,FKK,H2,2045,0.4212930038430587
Final Energy Demand [TWh],Industry,FKK,H2,2050,0.44891199718627117
Final Energy Demand [TWh],Industry,FKK,Gas_Synth,2045,0.0013711382920279138
Final Energy Demand [TWh],Industry,FKK,Gas_Synth,2050,0.007894116120198254
Final Energy Demand [TWh],Industry,FKK,Oil,2022,0.28294529682222186
Final Energy Demand [TWh],Industry,FKK,Oil,2025,0.28202306655
Final Energy Demand [TWh],Industry,FKK,Oil,2030,0.006221116670277404
Final Energy Demand [TWh],Industry,FKK,Gas_Natural,2025,0.02800755562046168
Final Energy Demand [TWh],Industry,FKK,Gas_Natural,2030,0.18373744516698493
Final Energy Demand [TWh],Industry,FKK,Gas_Natural,2035,0.12590788182717666
Final Energy Demand [TWh],Industry,FKK,Gas_Natural,2040,0.2714498373071885
Final Energy Demand [TWh],Industry,FKK,Hardcoal,2022,0.1921041920555555
Final Energy Demand [TWh],Industry,FKK,Hardcoal,2025,0.38338409976102045
Final Energy Demand [TWh],Industry,FKK,Hardcoal,2030,0.7177414820141285
Final Energy Demand [TWh],Industry,FKK,Hardcoal,2035,0.20136207401103962
Final Energy Demand [TWh],Industry,FKK,Hardcoal,2040,0.0703773409089433
Final Energy Demand [TWh],Industry,FKK,Biomass,2022,0.3869720964583339
Final Energy Demand [TWh],Industry,FKK,Biomass,2025,0.45762790675118337
Final Energy Demand [TWh],Industry,FKK,Biomass,2030,0.606615162457295
Final Energy Demand [TWh],Industry,FKK,Biomass,2035,1.3235500622938556
Final Energy Demand [TWh],Industry,FKK,Biomass,2040,1.815377903305999
Final Energy Demand [TWh],Industry,FKK,Biomass,2045,2.500008731148676
Final Energy Demand [TWh],Industry,FKK,Biomass,2050,3.0986568716557175
Final Energy Demand [TWh],Industry,FKK,Power,2025,0.021214531865023502
Final Energy Demand [TWh],Industry,FKK,Power,2030,0.08180831758088311
Final Energy Demand [TWh],Industry,FKK,Power,2035,0.244562105866372
Final Energy Demand [TWh],Industry,FKK,Power,2040,0.5266527727618768
Final Energy Demand [TWh],Industry,FKK,Power,2045,1.0708198765825834
Final Energy Demand [TWh],Industry,FKK,Power,2050,2.1313654224578937
Final Energy Demand [TWh],Industry,FKK,Gas_Bio,2035,0.14000000000000018
Final Energy Demand [TWh],Industry,FKK,Gas_Bio,2040,0.14503922024078414
Final Energy Demand [TWh],Industry,FKK,Gas_Bio,2045,0.3990103056477056
Final Energy Demand [TWh],Industry,FKK,Gas_Bio,2050,0.5802015440927022
Final Energy Demand [TWh],Industry,ZS,H2,2035,0.005176103205648629
Final Energy Demand [TWh],Industry,ZS,H2,2040,0.03951072318210758
Final Energy Demand [TWh],Industry,ZS,H2,2045,0.034700190793608914
Final Energy Demand [TWh],Industry,ZS,H2,2050,0.051496320588974034
Final Energy Demand [TWh],Industry,ZS,Gas_Synth,2045,0.0034021779453608145
Final Energy Demand [TWh],Industry,ZS,Oil,2022,0.038939732430555374
Final Energy Demand [TWh],Industry,ZS,Oil,2025,0.03883342810972219
Final Energy Demand [TWh],Industry,ZS,Oil,2030,0.005512951101539016
Final Energy Demand [TWh],Industry,ZS,Gas_Natural,2025,0.017685886652633414
Final Energy Demand [TWh],Industry,ZS,Gas_Natural,2030,0.12870550288535007
Final Energy Demand [TWh],Industry,ZS,Gas_Natural,2035,0.12419028482457127
Final Energy Demand [TWh],Industry,ZS,Gas_Natural,2040,0.2936184379370506
Final Energy Demand [TWh],Industry,ZS,Hardcoal,2022,0.18979785641666677
Final Energy Demand [TWh],Industry,ZS,Hardcoal,2025,0.23359303141670074
Final Energy Demand [TWh],Industry,ZS,Hardcoal,2030,0.26668435371330484
Final Energy Demand [TWh],Industry,ZS,Hardcoal,2035,0.0722186986383862
Final Energy Demand [TWh],Industry,ZS,Hardcoal,2040,0.004170196585071787
Final Energy Demand [TWh],Industry,ZS,Biomass,2022,0.21878142279166682
Final Energy Demand [TWh],Industry,ZS,Biomass,2025,0.2517783590359098
Final Energy Demand [TWh],Industry,ZS,Biomass,2030,0.32343211756715906
Final Energy Demand [TWh],Industry,ZS,Biomass,2035,0.6296517879453776
Final Energy Demand [TWh],Industry,ZS,Biomass,2040,0.794513720311062
Final Energy Demand [TWh],Industry,ZS,Biomass,2045,1.1379955279471687
Final Energy Demand [TWh],Industry,ZS,Biomass,2050,1.4080225266484145
Final Energy Demand [TWh],Industry,ZS,Power,2025,0.017663921125344362
Final Energy Demand [TWh],Industry,ZS,Power,2030,0.062101717165788495
Final Energy Demand [TWh],Industry,ZS,Power,2035,0.13829706441612602
Final Energy Demand [TWh],Industry,ZS,Power,2040,0.3019303620249075
Final Energy Demand [TWh],Industry,ZS,Power,2045,0.48830247867133225
Final Energy Demand [TWh],Industry,ZS,Power,2050,0.9166435632586133
Final Energy Demand [TWh],Industry,ZS,Gas_Bio,2035,0.1400000000000002
Final Energy Demand [TWh],Industry,ZS,Gas_Bio,2040,0.14472396172840835
Final Energy Demand [TWh],Industry,ZS,Gas_Bio,2045,0.6389595549730966
Final Energy Demand [TWh],Industry,ZS,Gas_Bio,2050,0.943590954929299
Final Energy Demand [TWh],Industry,MTKK,H2,2040,0.0721935221739296
Final Energy Demand [TWh],Industry,MTKK,H2,2045,0.0634073772865367
Final Energy Demand [TWh],Industry,MTKK,H2,2050,0.07000323543905755
Final Energy Demand [TWh],Industry,MTKK,Gas_Synth,2045,0.003830855890227135
Final Energy Demand [TWh],Industry,MTKK,Gas_Synth,2050,0.0025836455823392045
Final Energy Demand [TWh],Industry,MTKK,Oil,2022,0.20673289554722238
Final Energy Demand [TWh],Industry,MTKK,Oil,2025,0.2060603071736107
Final Energy Demand [TWh],Industry,MTKK,Oil,2030,0.005773703682924902
Final Energy Demand [TWh],Industry,MTKK,Gas_Natural,2025,0.026877920686215043
Final Energy Demand [TWh],Industry,MTKK,Gas_Natural,2030,0.17369206507292295
Final Energy Demand [TWh],Industry,MTKK,Gas_Natural,2035,0.12102446269951715
Final Energy Demand [TWh],Industry,MTKK,Gas_Natural,2040,0.3061449493800229
Final Energy Demand [TWh],Industry,MTKK,Hardcoal,2022,0.27334147327222186
Final Energy Demand [TWh],Industry,MTKK,Hardcoal,2025,0.5195300821544199
Final Energy Demand [TWh],Industry,MTKK,Hardcoal,2030,0.8051684977680985
Final Energy Demand [TWh],Industry,MTKK,Hardcoal,2035,0.23345260541579327
Final Energy Demand [TWh],Industry,MTKK,Hardcoal,2040,0.10346019980121156
Final Energy Demand [TWh],Industry,MTKK,Biomass,2022,0.2202740070000002
Final Energy Demand [TWh],Industry,MTKK,Biomass,2025,0.25790676396531553
Final Energy Demand [TWh],Industry,MTKK,Biomass,2030,0.3337046801885423
Final Energy Demand [TWh],Industry,MTKK,Biomass,2035,1.0399610898634446
Final Energy Demand [TWh],Industry,MTKK,Biomass,2040,1.5201402720362704
Final Energy Demand [TWh],Industry,MTKK,Biomass,2045,2.0285506657007524
Final Energy Demand [TWh],Industry,MTKK,Biomass,2050,2.462753574548953
Final Energy Demand [TWh],Industry,MTKK,Power,2025,0.014138524665763359
Final Energy Demand [TWh],Industry,MTKK,Power,2030,0.05666592202974156
Final Energy Demand [TWh],Industry,MTKK,Power,2035,0.21932892894853007
Final Energy Demand [TWh],Industry,MTKK,Power,2040,0.35263947624314507
Final Energy Demand [TWh],Industry,MTKK,Power,2045,0.8748978664753262
Final Energy Demand [TWh],Industry,MTKK,Power,2050,1.6473820006364106
Final Energy Demand [TWh],Industry,MTKK,Gas_Bio,2035,0.22222222222222232
Final Energy Demand [TWh],Industry,MTKK,Gas_Bio,2040,0.2304254155987151
Final Energy Demand [TWh],Industry,MTKK,Gas_Bio,2045,0.6609121459569716
Final Energy Demand [TWh],Industry,MTKK,Gas_Bio,2050,0.9737506669367783
Final Energy Demand [TWh],Transportation,Dakar,H2,2035,0.1161118961116499
Final Energy Demand [TWh],Transportation,Dakar,H2,2040,0.10207291113808524
Final Energy Demand [TWh],Transportation,Dakar,H2,2045,0.16560735529690526
Final Energy Demand [TWh],Transportation,Dakar,H2,2050,0.10396407522360886
Final Energy Demand [TWh],Transportation,Dakar,Biofuel,2045,0.014496069083640541
Final Energy Demand [TWh],Transportation,Dakar,Biofuel,2050,0.3876793269076874
Final Energy Demand [TWh],Transportation,Dakar,Oil,2022,4.670252916828822
Final Energy Demand [TWh],Transportation,Dakar,Oil,2025,4.440319901638843
Final Energy Demand [TWh],Transportation,Dakar,Oil,2030,4.514378168493676
Final Energy Demand [TWh],Transportation,Dakar,Oil,2035,4.1432063460321364
Final Energy Demand [TWh],Transportation,Dakar,Oil,2040,2.6215447620924937
Final Energy Demand [TWh],Transportation,Dakar,Oil,2045,1.6737265525051237
Final Energy Demand [TWh],Transportation,Dakar,Power,2022,0.002907298879379824
Final Energy Demand [TWh],Transportation,Dakar,Power,2025,0.32261458667148185
Final Energy Demand [TWh],Transportation,Dakar,Power,2030,0.4632139659272429
Final Energy Demand [TWh],Transportation,Dakar,Power,2035,0.7965494711952157
Final Energy Demand [TWh],Transportation,Dakar,Power,2040,2.008505825464674
Final Energy Demand [TWh],Transportation,Dakar,Power,2045,3.393432332017547
Final Energy Demand [TWh],Transportation,Dakar,Power,2050,5.7302325646265055
Final Energy Demand [TWh],Transportation,Dakar,Powerfuel,2050,0.19947688966375363
Final Energy Demand [TWh],Transportation,Diourbel,H2,2035,0.1529506663165256
Final Energy Demand [TWh],Transportation,Diourbel,H2,2040,0.14767946510352678
Final Energy Demand [TWh],Transportation,Diourbel,H2,2045,0.21109410851557683
Final Energy Demand [TWh],Transportation,Diourbel,H2,2050,0.5954692434851487
Final Energy Demand [TWh],Transportation,Diourbel,Biofuel,2035,0.006119226828418055
Final Energy Demand [TWh],Transportation,Diourbel,Biofuel,2040,0.00603430456442745
Final Energy Demand [TWh],Transportation,Diourbel,Biofuel,2045,0.5362410029745938
Final Energy Demand [TWh],Transportation,Diourbel,Biofuel,2050,0.4884282723594585
Final Energy Demand [TWh],Transportation,Diourbel,Oil,2022,1.1367345649956966
Final Energy Demand [TWh],Transportation,Diourbel,Oil,2025,1.1411861238105954
Final Energy Demand [TWh],Transportation,Diourbel,Oil,2030,1.256917222154031
Final Energy Demand [TWh],Transportation,Diourbel,Oil,2035,1.2872219312823137
Final Energy Demand [TWh],Transportation,Diourbel,Oil,2040,0.9856155951965687
Final Energy Demand [TWh],Transportation,Diourbel,Oil,2045,0.43203495764352223
Final Energy Demand [TWh],Transportation,Diourbel,Power,2025,0.05753758697428803
Final Energy Demand [TWh],Transportation,Diourbel,Power,2030,0.07462579233059527
Final Energy Demand [TWh],Transportation,Diourbel,Power,2035,0.10888366833211661
Final Energy Demand [TWh],Transportation,Diourbel,Power,2040,0.39760288698775914
Final Energy Demand [TWh],Transportation,Diourbel,Power,2045,0.6678198600241574
Final Energy Demand [TWh],Transportation,Diourbel,Power,2050,1.0690484467536452
Final Energy Demand [TWh],Transportation,Thies,H2,2035,0.0682592490331034
Final Energy Demand [TWh],Transportation,Thies,H2,2040,0.059997195693984796
Final Energy Demand [TWh],Transportation,Thies,H2,2045,0.11031901607803837
Final Energy Demand [TWh],Transportation,Thies,H2,2050,0.15333133162651044
Final Energy Demand [TWh],Transportation,Thies,Biofuel,2050,0.16610682717834693
Final Energy Demand [TWh],Transportation,Thies,Oil,2022,1.5733805387335833
Final Energy Demand [TWh],Transportation,Thies,Oil,2025,1.5883920367472377
Final Energy Demand [TWh],Transportation,Thies,Oil,2030,1.4634441074154432
Final Energy Demand [TWh],Transportation,Thies,Oil,2035,0.7965579856888174
Final Energy Demand [TWh],Transportation,Thies,Oil,2040,0.7089066803311403
Final Energy Demand [TWh],Transportation,Thies,Oil,2045,0.4672879787506192
Final Energy Demand [TWh],Transportation,Thies,Power,2025,0.03741269517245085
Final Energy Demand [TWh],Transportation,Thies,Power,2030,0.12939207790872748
Final Energy Demand [TWh],Transportation,Thies,Power,2035,0.15409508864825122
Final Energy Demand [TWh],Transportation,Thies,Power,2040,0.6864709244503786
Final Energy Demand [TWh],Transportation,Thies,Power,2045,1.0447584307033593
Final Energy Demand [TWh],Transportation,Thies,Power,2050,1.4918688319338758
Final Energy Demand [TWh],Transportation,Thies,Powerfuel,2050,0.08753366909375844
Final Energy Demand [TWh],Transportation,LS,H2,2035,0.08751314421484484
Final Energy Demand [TWh],Transportation,LS,H2,2040,0.08006215013878475
Final Energy Demand [TWh],Transportation,LS,H2,2045,0.09854265445513395
Final Energy Demand [TWh],Transportation,LS,H2,2050,0.061867442032056914
Final Energy Demand [TWh],Transportation,LS,Biofuel,2035,0.004969874334138344
Final Energy Demand [TWh],Transportation,LS,Biofuel,2040,0.00476592981756617
Final Energy Demand [TWh],Transportation,LS,Biofuel,2045,0.37245954710949736
Final Energy Demand [TWh],Transportation,LS,Biofuel,2050,0.6412869492927045
Final Energy Demand [TWh],Transportation,LS,Oil,2022,1.4446412655286833
Final Energy Demand [TWh],Transportation,LS,Oil,2025,1.454858147930356
Final Energy Demand [TWh],Transportation,LS,Oil,2030,1.4860923982257375
Final Energy Demand [TWh],Transportation,LS,Oil,2035,1.461049020187969
Final Energy Demand [TWh],Transportation,LS,Oil,2040,0.84113756361071
Final Energy Demand [TWh],Transportation,LS,Oil,2045,0.32319159503279193
Final Energy Demand [TWh],Transportation,LS,Power,2025,0.06025122103320953
Final Energy Demand [TWh],Transportation,LS,Power,2030,0.09945099952772402
Final Energy Demand [TWh],Transportation,LS,Power,2035,0.18436114065482753
Final Energy Demand [TWh],Transportation,LS,Power,2040,0.594087515118056
Final Energy Demand [TWh],Transportation,LS,Power,2045,0.933996143142431
Final Energy Demand [TWh],Transportation,LS,Power,2050,1.3249694763773558
Final Energy Demand [TWh],Transportation,LS,Powerfuel,2050,0.04879445281950755
Final Energy Demand [TWh],Transportation,FKK,H2,2035,0.004288527491733664
Final Energy Demand [TWh],Transportation,FKK,H2,2040,0.0037702703086758722
Final Energy Demand [TWh],Transportation,FKK,H2,2045,0.002840554817171077
Final Energy Demand [TWh],Transportation,FKK,H2,2050,0.1381943026278527
Final Energy Demand [TWh],Transportation,FKK,Biofuel,2035,0.03166811903912391
Final Energy Demand [TWh],Transportation,FKK,Biofuel,2040,0.03268122271205349
Final Energy Demand [TWh],Transportation,FKK,Biofuel,2045,0.6588559817002956
Final Energy Demand [TWh],Transportation,FKK,Biofuel,2050,0.9102560097043912
Final Energy Demand [TWh],Transportation,FKK,Oil,2022,1.6967187057822946
Final Energy Demand [TWh],Transportation,FKK,Oil,2025,1.7130203854443316
Final Energy Demand [TWh],Transportation,FKK,Oil,2030,1.7789084986043053
Final Energy Demand [TWh],Transportation,FKK,Oil,2035,1.849619039418685
Final Energy Demand [TWh],Transportation,FKK,Oil,2040,1.1011173164329902
Final Energy Demand [TWh],Transportation,FKK,Oil,2045,0.40107780232228113
Final Energy Demand [TWh],Transportation,FKK,Power,2025,0.06509082868920106
Final Energy Demand [TWh],Transportation,FKK,Power,2030,0.0988056751360252
Final Energy Demand [TWh],Transportation,FKK,Power,2035,0.18464603437942012
Final Energy Demand [TWh],Transportation,FKK,Power,2040,0.6640806378403543
Final Energy Demand [TWh],Transportation,FKK,Power,2045,1.0397411601027453
Final Energy Demand [TWh],Transportation,FKK,Power,2050,1.4719665227423047
Final Energy Demand [TWh],Transportation,ZS,H2,2035,0.041072563050082035
Final Energy Demand [TWh],Transportation,ZS,H2,2040,0.0392300379245338
Final Energy Demand [TWh],Transportation,ZS,H2,2045,0.09418360619282819
Final Energy Demand [TWh],Transportation,ZS,H2,2050,0.09811792750426
Final Energy Demand [TWh],Transportation,ZS,Biofuel,2035,0.08440046732731227
Final Energy Demand [TWh],Transportation,ZS,Biofuel,2040,0.07672247223314387
Final Energy Demand [TWh],Transportation,ZS,Biofuel,2045,0.2724719788957733
Final Energy Demand [TWh],Transportation,ZS,Biofuel,2050,0.4457531930296115
Final Energy Demand [TWh],Transportation,ZS,Oil,2022,0.8312061594425583
Final Energy Demand [TWh],Transportation,ZS,Oil,2025,0.8441250771348099
Final Energy Demand [TWh],Transportation,ZS,Oil,2030,0.8883096909231903
Final Energy Demand [TWh],Transportation,ZS,Oil,2035,0.8561761536210064
Final Energy Demand [TWh],Transportation,ZS,Oil,2040,0.5021470345504901
Final Energy Demand [TWh],Transportation,ZS,Oil,2045,0.19018925704928374
Final Energy Demand [TWh],Transportation,ZS,Power,2025,0.02534622264793738
Final Energy Demand [TWh],Transportation,ZS,Power,2030,0.04349820410177481
Final Energy Demand [TWh],Transportation,ZS,Power,2035,0.08253834004826271
Final Energy Demand [TWh],Transportation,ZS,Power,2040,0.3302656122672814
Final Energy Demand [TWh],Transportation,ZS,Power,2045,0.5233184244178263
Final Energy Demand [TWh],Transportation,ZS,Power,2050,0.7403337283351935
Final Energy Demand [TWh],Transportation,ZS,Powerfuel,2050,0.02783462742288558
Final Energy Demand [TWh],Transportation,MTKK,H2,2035,0.13731695924229553
Final Energy Demand [TWh],Transportation,MTKK,H2,2040,0.16131449595947944
Final Energy Demand [TWh],Transportation,MTKK,H2,2045,0.3273301246948228
Final Energy Demand [TWh],Transportation,MTKK,H2,2050,0.4816154180497089
Final Energy Demand [TWh],Transportation,MTKK,Biofuel,2035,0.012529883372502442
Final Energy Demand [TWh],Transportation,MTKK,Biofuel,2040,0.01294210048347524
Final Energy Demand [TWh],Transportation,MTKK,Biofuel,2045,0.6502131615614328
Final Energy Demand [TWh],Transportation,MTKK,Biofuel,2050,1.0464106803226392
Final Energy Demand [TWh],Transportation,MTKK,Oil,2022,1.6988742447481981
Final Energy Demand [TWh],Transportation,MTKK,Oil,2025,1.716968820151841
Final Energy Demand [TWh],Transportation,MTKK,Oil,2030,1.8326484260237703
Final Energy Demand [TWh],Transportation,MTKK,Oil,2035,1.9220653636610583
Final Energy Demand [TWh],Transportation,MTKK,Oil,2040,1.3158689173890374
Final Energy Demand [TWh],Transportation,MTKK,Oil,2045,0.47895650416453417
Final Energy Demand [TWh],Transportation,MTKK,Power,2025,0.0637352638257893
Final Energy Demand [TWh],Transportation,MTKK,Power,2030,0.09689649554608723
Final Energy Demand [TWh],Transportation,MTKK,Power,2035,0.1543695942556872
Final Energy Demand [TWh],Transportation,MTKK,Power,2040,0.6078094481457635
Final Energy Demand [TWh],Transportation,MTKK,Power,2045,0.989253517399839
Final Energy Demand [TWh],Transportation,MTKK,Power,2050,1.431906793908137
Final Energy Demand [TWh],Exogenous,Dakar,Power,2022,3.0146537499999995
Final Energy Demand [TWh],Exogenous,Diourbel,Power,2022,0.39227114613499653
Final Energy Demand [TWh],Exogenous,Thies,Power,2022,0.7481717985573332
Final Energy Demand [TWh],Exogenous,LS,Power,2022,0.3600104123035222
Final Energy Demand [TWh],Exogenous,FKK,Power,2022,0.6052053946193112
Final Energy Demand [TWh],Exogenous,ZS,Power,2022,0.22170630973332642
Final Energy Demand [TWh],Exogenous,MTKK,Power,2022,0.510899879762559
Final Energy Demand [TWh],Exogenous,Dakar,Power,2025,3.922187180887822
Final Energy Demand [TWh],Exogenous,Diourbel,Power,2025,0.4479802481839525
Final Energy Demand [TWh],Exogenous,Thies,Power,2025,1.323768852264293
Final Energy Demand [TWh],Exogenous,LS,Power,2025,0.3105418143825389
Final Energy Demand [TWh],Exogenous,FKK,Power,2025,0.4887018609259986
Final Energy Demand [TWh],Exogenous,ZS,Power,2025,0.3057813840720803
Final Energy Demand [TWh],Exogenous,MTKK,Power,2025,0.48883865928331416
Final Energy Demand [TWh],Exogenous,Dakar,Power,2030,4.959647076685933
Final Energy Demand [TWh],Exogenous,Diourbel,Power,2030,0.5664757508629783
Final Energy Demand [TWh],Exogenous,Thies,Power,2030,1.6739196819398983
Final Energy Demand [TWh],Exogenous,LS,Power,2030,0.39268340108706135
Final Energy Demand [TWh],Exogenous,FKK,Power,2030,0.617968659864917
Final Energy Demand [TWh],Exogenous,ZS,Power,2030,0.3866637867279914
Final Energy Demand [TWh],Exogenous,MTKK,Power,2030,0.6181416428312223
Final Energy Demand [TWh],Exogenous,Dakar,Power,2035,5.997160791018863
Final Energy Demand [TWh],Exogenous,Diourbel,Power,2035,0.6849774005307826
Final Energy Demand [TWh],Exogenous,Thies,Power,2035,2.0240886757919663
Final Energy Demand [TWh],Exogenous,LS,Power,2035,0.47482924891036304
Final Energy Demand [TWh],Exogenous,FKK,Power,2035,0.7472421645567497
Final Energy Demand [TWh],Exogenous,ZS,Power,2035,0.46755038518214165
Final Energy Demand [TWh],Exogenous,MTKK,Power,2035,0.7474513340091321
Final Energy Demand [TWh],Exogenous,Dakar,Power,2040,7.034620686816972
Final Energy Demand [TWh],Exogenous,Diourbel,Power,2040,0.8034729032098082
Final Energy Demand [TWh],Exogenous,Thies,Power,2040,2.3742395054675716
Final Energy Demand [TWh],Exogenous,LS,Power,2040,0.5569708356148859
Final Energy Demand [TWh],Exogenous,FKK,Power,2040,0.8765089634956681
Final Energy Demand [TWh],Exogenous,ZS,Power,2040,0.5484327878380527
Final Energy Demand [TWh],Exogenous,MTKK,Power,2040,0.8767543175570403
Final Energy Demand [TWh],Exogenous,Dakar,Power,2045,8.072134401149905
Final Energy Demand [TWh],Exogenous,Diourbel,Power,2045,0.9219745528776125
Final Energy Demand [TWh],Exogenous,Thies,Power,2045,2.72440849931964
Final Energy Demand [TWh],Exogenous,LS,Power,2045,0.6391166834381872
Final Energy Demand [TWh],Exogenous,FKK,Power,2045,1.005782468187501
Final Energy Demand [TWh],Exogenous,ZS,Power,2045,0.6293193862922031
Final Energy Demand [TWh],Exogenous,MTKK,Power,2045,1.0060640087349502
Final Energy Demand [TWh],Exogenous,Dakar,Power,2050,9.109648115482836
Final Energy Demand [TWh],Exogenous,Diourbel,Power,2050,1.0404762025454166
Final Energy Demand [TWh],Exogenous,Thies,Power,2050,3.0745774931717085
Final Energy Demand [TWh],Exogenous,LS,Power,2050,0.7212625312614892
Final Energy Demand [TWh],Exogenous,FKK,Power,2050,1.135055972879334
Final Energy Demand [TWh],Exogenous,ZS,Power,2050,0.710205984746353
Final Energy Demand [TWh],Exogenous,MTKK,Power,2050,1.1353736999128605
Final Energy Demand [TWh],Power,Total,Oil,2022,11.171816594232817
Final Energy Demand [TWh],Power,Total,Oil,2025,5.023964476060897
Final Energy Demand [TWh],Power,Total,Oil,2030,0.07260370118832721
Final Energy Demand [TWh],Power,Total,Gas_Natural,2025,6.310174342222199
Final Energy Demand [TWh],Power,Total,Gas_Natural,2030,9.61225154888889
Final Energy Demand [TWh],Power,Total,Gas_Natural,2035,12.948613754906983
Final Energy Demand [TWh],Power,Total,Gas_Natural,2040,10.243575446076399
Final Energy Demand [TWh],Power,Total,Gas_Natural,2045,8.30954816022542
Final Energy Demand [TWh],Power,Total,Hardcoal,2022,0.7916438110502304
Final Energy Demand [TWh],Power,Total,Hardcoal,2025,0.4046043438022741
Final Energy Demand [TWh],Power,Total,Gas_Bio,2035,0.05417397953746448
Final Energy Demand [TWh],Power,Total,Gas_Bio,2040,0.011303088923604305
Final Energy Demand [TWh],Power,Total,Gas_Bio,2045,0.3818098642190314
Final Energy Demand [TWh],Industry,Total,H2,2035,0.8515895784839176
Final Energy Demand [TWh],Industry,Total,H2,2040,1.8871883758842884
Final Energy Demand [TWh],Industry,Total,H2,2045,3.0550851398402004
Final Energy Demand [TWh],Industry,Total,H2,2050,5.727868006605703
Final Energy Demand [TWh],Industry,Total,Oil,2022,1.7989572343666647
Final Energy Demand [TWh],Industry,Total,Oil,2025,1.7929751024083262
Final Energy Demand [TWh],Industry,Total,Oil,2030,0.043593816059823924
Final Energy Demand [TWh],Industry,Total,Gas_Natural,2025,0.36675361787195043
Final Energy Demand [TWh],Industry,Total,Gas_Natural,2030,2.425043957028229
Final Energy Demand [TWh],Industry,Total,Gas_Natural,2035,6.232009033516114
Final Energy Demand [TWh],Industry,Total,Gas_Natural,2040,7.559643769741378
Final Energy Demand [TWh],Industry,Total,Gas_Natural,2045,1.364554875987698
Final Energy Demand [TWh],Industry,Total,Hardcoal,2022,5.323222763540975
Final Energy Demand [TWh],Industry,Total,Hardcoal,2025,8.033045520069438
Final Energy Demand [TWh],Industry,Total,Hardcoal,2030,10.76695601866479
Final Energy Demand [TWh],Industry,Total,Hardcoal,2035,2.5619507824942325
Final Energy Demand [TWh],Industry,Total,Hardcoal,2040,0.8050908634012779
Final Energy Demand [TWh],Industry,Total,Biomass,2022,1.6484610668263893
Final Energy Demand [TWh],Industry,Total,Biomass,2025,1.9855129695788705
Final Energy Demand [TWh],Industry,Total,Biomass,2030,3.0685226170658564
Final Energy Demand [TWh],Industry,Total,Biomass,2035,7.8312350815512115
Final Energy Demand [TWh],Industry,Total,Biomass,2040,10.581040288587458
Final Energy Demand [TWh],Industry,Total,Biomass,2045,12.12624796147562
Final Energy Demand [TWh],Industry,Total,Biomass,2050,13.325310011913363
Final Energy Demand [TWh],Industry,Total,Power,2025,0.10337345899159947
Final Energy Demand [TWh],Industry,Total,Power,2030,0.41316399993167224
Final Energy Demand [TWh],Industry,Total,Power,2035,3.0079251691727618
Final Energy Demand [TWh],Industry,Total,Power,2040,8.080010487298734
Final Energy Demand [TWh],Industry,Total,Power,2045,22.12954295244103
Final Energy Demand [TWh],Industry,Total,Power,2050,36.38371474039865
Final Energy Demand [TWh],Industry,Total,Gas_Bio,2035,1.0436037982403144
Final Energy Demand [TWh],Industry,Total,Gas_Bio,2040,1.190609045004127
Final Energy Demand [TWh],Industry,Total,Gas_Bio,2045,3.1567441175960003
Final Energy Demand [TWh],Industry,Total,Gas_Bio,2050,4.477033019667395
Final Energy Demand [TWh],Industry,Total,Gas_Synth,2045,0.09668791988371961
Final Energy Demand [TWh],Industry,Total,Gas_Synth,2050,0.043958884274177476
Final Energy Demand [TWh],Transportation,Total,H2,2035,0.607513005460235
Final Energy Demand [TWh],Transportation,Total,H2,2040,0.5941265262670707
Final Energy Demand [TWh],Transportation,Total,H2,2045,1.0099174200504764
Final Energy Demand [TWh],Transportation,Total,H2,2050,1.6325597405491468
Final Energy Demand [TWh],Transportation,Total,Biofuel,2045,2.5047377413252336
Final Energy Demand [TWh],Transportation,Total,Biofuel,2050,4.08592125879484
Final Energy Demand [TWh],Transportation,Total,Oil,2022,13.051808396059839
Final Energy Demand [TWh],Transportation,Total,Oil,2025,12.898870492858016
Final Energy Demand [TWh],Transportation,Total,Oil,2030,13.220698511840153
Final Energy Demand [TWh],Transportation,Total,Oil,2035,12.315895839891986
Final Energy Demand [TWh],Transportation,Total,Oil,2040,8.07633786960343
Final Energy Demand [TWh],Transportation,Total,Oil,2045,3.966464647468156
Final Energy Demand [TWh],Transportation,Total,Power,2022,0.002907298879379824
Final Energy Demand [TWh],Transportation,Total,Power,2025,0.6319884050143579
Final Energy Demand [TWh],Transportation,Total,Power,2030,1.005883210478177
Final Energy Demand [TWh],Transportation,Total,Power,2035,1.6654433375137812
Final Energy Demand [TWh],Transportation,Total,Power,2040,5.288822850274267
Final Energy Demand [TWh],Transportation,Total,Power,2045,8.592319867807905
Final Energy Demand [TWh],Transportation,Total,Power,2050,13.260326364677018
Final Energy Demand [TWh],Transportation,Total,Powerfuel,2050,0.3636396389999052
Final Energy Demand [TWh],Transportation,Total,Biofuel,2035,0.13968757090149503
Final Energy Demand [TWh],Transportation,Total,Biofuel,2040,0.1331460298106662
Final Energy Demand [TWh],Power,EU27,Oil,2022,11.171816594232817
Final Energy Demand [TWh],Power,EU27,Oil,2025,5.023964476060897
Final Energy Demand [TWh],Power,EU27,Oil,2030,0.07260370118832721
Final Energy Demand [TWh],Power,EU27,Gas_Natural,2025,6.310174342222199
Final Energy Demand [TWh],Power,EU27,Gas_Natural,2030,9.61225154888889
Final Energy Demand [TWh],Power,EU27,Gas_Natural,2035,12.948613754906983
Final Energy Demand [TWh],Power,EU27,Gas_Natural,2040,10.243575446076399
Final Energy Demand [TWh],Power,EU27,Gas_Natural,2045,8.30954816022542
Final Energy Demand [TWh],Power,EU27,Hardcoal,2022,0.7916438110502304
Final Energy Demand [TWh],Power,EU27,Hardcoal,2025,0.4046043438022741
Final Energy Demand [TWh],Power,EU27,Gas_Bio,2035,0.05417397953746448
Final Energy Demand [TWh],Power,EU27,Gas_Bio,2040,0.011303088923604305
Final Energy Demand [TWh],Power,EU27,Gas_Bio,2045,0.3818098642190314
Final Energy Demand [TWh],Industry,EU27,H2,2035,0.8515895784839176
Final Energy Demand [TWh],Industry,EU27,H2,2040,1.8871883758842884
Final Energy Demand [TWh],Industry,EU27,H2,2045,3.0550851398402004
Final Energy Demand [TWh],Industry,EU27,H2,2050,5.727868006605703
Final Energy Demand [TWh],Industry,EU27,Oil,2022,1.7989572343666647
Final Energy Demand [TWh],Industry,EU27,Oil,2025,1.7929751024083262
Final Energy Demand [TWh],Industry,EU27,Oil,2030,0.043593816059823924
Final Energy Demand [TWh],Industry,EU27,Gas_Natural,2025,0.36675361787195043
Final Energy Demand [TWh],Industry,EU27,Gas_Natural,2030,2.425043957028229
Final Energy Demand [TWh],Industry,EU27,Gas_Natural,2035,6.232009033516114
Final Energy Demand [TWh],Industry,EU27,Gas_Natural,2040,7.559643769741378
Final Energy Demand [TWh],Industry,EU27,Gas_Natural,2045,1.364554875987698
Final Energy Demand [TWh],Industry,EU27,Hardcoal,2022,5.323222763540975
Final Energy Demand [TWh],Industry,EU27,Hardcoal,2025,8.033045520069438
Final Energy Demand [TWh],Industry,EU27,Hardcoal,2030,10.76695601866479
Final Energy Demand [TWh],Industry,EU27,Hardcoal,2035,2.5619507824942325
Final Energy Demand [TWh],Industry,EU27,Hardcoal,2040,0.8050908634012779
Final Energy Demand [TWh],Industry,EU27,Biomass,2022,1.6484610668263893
Final Energy Demand [TWh],Industry,EU27,Biomass,2025,1.9855129695788705
Final Energy Demand [TWh],Industry,EU27,Biomass,2030,3.0685226170658564
Final Energy Demand [TWh],Industry,EU27,Biomass,2035,7.8312350815512115
Final Energy Demand [TWh],Industry,EU27,Biomass,2040,10.581040288587458
Final Energy Demand [TWh],Industry,EU27,Biomass,2045,12.12624796147562
Final Energy Demand [TWh],Industry,EU27,Biomass,2050,13.325310011913363
Final Energy Demand [TWh],Industry,EU27,Power,2025,0.10337345899159947
Final Energy Demand [TWh],Industry,EU27,Power,2030,0.41316399993167224
Final Energy Demand [TWh],Industry,EU27,Power,2035,3.0079251691727618
Final Energy Demand [TWh],Industry,EU27,Power,2040,8.080010487298734
Final Energy Demand [TWh],Industry,EU27,Power,2045,22.12954295244103
Final Energy Demand [TWh],Industry,EU27,Power,2050,36.38371474039865
Final Energy Demand [TWh],Industry,EU27,Gas_Bio,2035,1.0436037982403144
Final Energy Demand [TWh],Industry,EU27,Gas_Bio,2040,1.190609045004127
Final Energy Demand [TWh],Industry,EU27,Gas_Bio,2045,3.1567441175960003
Final Energy Demand [TWh],Industry,EU27,Gas_Bio,2050,4.477033019667395
Final Energy Demand [TWh],Industry,EU27,Gas_Synth,2045,0.09668791988371961
Final Energy Demand [TWh],Industry,EU27,Gas_Synth,2050,0.043958884274177476
Final Energy Demand [TWh],Transportation,EU27,H2,2035,0.607513005460235
Final Energy Demand [TWh],Transportation,EU27,H2,2040,0.5941265262670707
Final Energy Demand [TWh],Transportation,EU27,H2,2045,1.0099174200504764
Final Energy Demand [TWh],Transportation,EU27,H2,2050,1.6325597405491468
Final Energy Demand [TWh],Transportation,EU27,Biofuel,2045,2.5047377413252336
Final Energy Demand [TWh],Transportation,EU27,Biofuel,2050,4.08592125879484
Final Energy Demand [TWh],Transportation,EU27,Oil,2022,13.051808396059839
Final Energy Demand [TWh],Transportation,EU27,Oil,2025,12.898870492858016
Final Energy Demand [TWh],Transportation,EU27,Oil,2030,13.220698511840153
Final Energy Demand [TWh],Transportation,EU27,Oil,2035,12.315895839891986
Final Energy Demand [TWh],Transportation,EU27,Oil,2040,8.07633786960343
Final Energy Demand [TWh],Transportation,EU27,Oil,2045,3.966464647468156
Final Energy Demand [TWh],Transportation,EU27,Power,2022,0.002907298879379824
Final Energy Demand [TWh],Transportation,EU27,Power,2025,0.6319884050143579
Final Energy Demand [TWh],Transportation,EU27,Power,2030,1.005883210478177
Final Energy Demand [TWh],Transportation,EU27,Power,2035,1.6654433375137812
Final Energy Demand [TWh],Transportation,EU27,Power,2040,5.288822850274267
Final Energy Demand [TWh],Transportation,EU27,Power,2045,8.592319867807905
Final Energy Demand [TWh],Transportation,EU27,Power,2050,13.260326364677018
Final Energy Demand [TWh],Transportation,EU27,Powerfuel,2050,0.3636396389999052
Final Energy Demand [TWh],Transportation,EU27,Biofuel,2035,0.13968757090149503
Final Energy Demand [TWh],Transportation,EU27,Biofuel,2040,0.1331460298106662
Final Energy Demand [TWh],Exogenous,Total,Power,2022,5.852918691111047
Final Energy Demand [TWh],Exogenous,Total,Power,2025,7.287800000000001
Final Energy Demand [TWh],Exogenous,Total,Power,2030,9.215500000000002
Final Energy Demand [TWh],Exogenous,Total,Power,2035,11.143299999999998
Final Energy Demand [TWh],Exogenous,Total,Power,2040,13.070999999999998
Final Energy Demand [TWh],Exogenous,Total,Power,2045,14.9988
Final Energy Demand [TWh],Exogenous,Total,Power,2050,16.926599999999997
Final Energy Demand [TWh],Exogenous,EU27,Power,2022,5.852918691111047
Final Energy Demand [TWh],Exogenous,EU27,Power,2025,7.287800000000001
Final Energy Demand [TWh],Exogenous,EU27,Power,2030,9.215500000000002
Final Energy Demand [TWh],Exogenous,EU27,Power,2035,11.143299999999998
Final Energy Demand [TWh],Exogenous,EU27,Power,2040,13.070999999999998
Final Energy Demand [TWh],Exogenous,EU27,Power,2045,14.9988
Final Energy Demand [TWh],Exogenous,EU27,Power,2050,16.926599999999997
Final Energy Demand [TWh],Total,Total,Area_Rooftop_Residential,2022,5.852918691111047
Final Energy Demand [TWh],Total,Total,Area_Rooftop_Residential,2025,7.287800000000001
Final Energy Demand [TWh],Total,Total,Area_Rooftop_Residential,2030,9.215500000000002
Final Energy Demand [TWh],Total,Total,Area_Rooftop_Residential,2035,11.143299999999998
Final Energy Demand [TWh],Total,Total,Area_Rooftop_Residential,2040,13.070999999999998
Final Energy Demand [TWh],Total,Total,Area_Rooftop_Residential,2045,14.9988
Final Energy Demand [TWh],Total,Total,Area_Rooftop_Residential,2050,16.926599999999997
Final Energy Demand [TWh],Total,Total,H2,2022,5.852918691111047
Final Energy Demand [TWh],Total,Total,H2,2025,7.287800000000001
Final Energy Demand [TWh],Total,Total,H2,2030,9.215500000000002
Final Energy Demand [TWh],Total,Total,H2,2035,12.602402583944151
Final Energy Demand [TWh],Total,Total,H2,2040,15.552314902151357
Final Energy Demand [TWh],Total,Total,H2,2045,19.063802559890675
Final Energy Demand [TWh],Total,Total,H2,2050,24.287027747154845
Final Energy Demand [TWh],Total,Total,Nuclear,2022,5.852918691111047
Final Energy Demand [TWh],Total,Total,Nuclear,2025,7.287800000000001
Final Energy Demand [TWh],Total,Total,Nuclear,2030,9.215500000000002
Final Energy Demand [TWh],Total,Total,Nuclear,2035,11.143299999999998
Final Energy Demand [TWh],Total,Total,Nuclear,2040,13.070999999999998
Final Energy Demand [TWh],Total,Total,Nuclear,2045,14.9988
Final Energy Demand [TWh],Total,Total,Nuclear,2050,16.926599999999997
Final Energy Demand [TWh],Total,Total,Lignite,2022,5.852918691111047
Final Energy Demand [TWh],Total,Total,Lignite,2025,7.287800000000001
Final Energy Demand [TWh],Total,Total,Lignite,2030,9.215500000000002
Final Energy Demand [TWh],Total,Total,Lignite,2035,11.143299999999998
Final Energy Demand [TWh],Total,Total,Lignite,2040,13.070999999999998
Final Energy Demand [TWh],Total,Total,Lignite,2045,14.9988
Final Energy Demand [TWh],Total,Total,Lignite,2050,16.926599999999997
Final Energy Demand [TWh],Total,Total,Gas_Synth,2022,5.852918691111047
Final Energy Demand [TWh],Total,Total,Gas_Synth,2025,7.287800000000001
Final Energy Demand [TWh],Total,Total,Gas_Synth,2030,9.215500000000002
Final Energy Demand [TWh],Total,Total,Gas_Synth,2035,11.143299999999998
Final Energy Demand [TWh],Total,Total,Gas_Synth,2040,13.070999999999998
Final Energy Demand [TWh],Total,Total,Gas_Synth,2045,15.09548791988372
Final Energy Demand [TWh],Total,Total,Gas_Synth,2050,16.970558884274176
Final Energy Demand [TWh],Total,Total,Heat_Low_Residential,2022,5.852918691111047
Final Energy Demand [TWh],Total,Total,Heat_Low_Residential,2025,7.287800000000001
Final Energy Demand [TWh],Total,Total,Heat_Low_Residential,2030,9.215500000000002
Final Energy Demand [TWh],Total,Total,Heat_Low_Residential,2035,11.143299999999998
Final Energy Demand [TWh],Total,Total,Heat_Low_Residential,2040,13.070999999999998
Final Energy Demand [TWh],Total,Total,Heat_Low_Residential,2045,14.9988
Final Energy Demand [TWh],Total,Total,Heat_Low_Residential,2050,16.926599999999997
Final Energy Demand [TWh],Total,Total,Biofuel,2022,5.852918691111047
Final Energy Demand [TWh],Total,Total,Biofuel,2025,7.287800000000001
Final Energy Demand [TWh],Total,Total,Biofuel,2030,9.215500000000002
Final Energy Demand [TWh],Total,Total,Biofuel,2035,11.282987570901494
Final Energy Demand [TWh],Total,Total,Biofuel,2040,13.204146029810664
Final Energy Demand [TWh],Total,Total,Biofuel,2045,17.503537741325232
Final Energy Demand [TWh],Total,Total,Biofuel,2050,21.012521258794838
Final Energy Demand [TWh],Total,Total,LNG,2022,5.852918691111047
Final Energy Demand [TWh],Total,Total,LNG,2025,7.287800000000001
Final Energy Demand [TWh],Total,Total,LNG,2030,9.215500000000002
Final Energy Demand [TWh],Total,Total,LNG,2035,11.143299999999998
Final Energy Demand [TWh],Total,Total,LNG,2040,13.070999999999998
Final Energy Demand [TWh],Total,Total,LNG,2045,14.9988
Final Energy Demand [TWh],Total,Total,LNG,2050,16.926599999999997
Final Energy Demand [TWh],Total,Total,LBG,2022,5.852918691111047
Final Energy Demand [TWh],Total,Total,LBG,2025,7.287800000000001
Final Energy Demand [TWh],Total,Total,LBG,2030,9.215500000000002
Final Energy Demand [TWh],Total,Total,LBG,2035,11.143299999999998
Final Energy Demand [TWh],Total,Total,LBG,2040,13.070999999999998
Final Energy Demand [TWh],Total,Total,LBG,2045,14.9988
Final Energy Demand [TWh],Total,Total,LBG,2050,16.926599999999997
Final Energy Demand [TWh],Total,Total,LSG,2022,5.852918691111047
Final Energy Demand [TWh],Total,Total,LSG,2025,7.287800000000001
Final Energy Demand [TWh],Total,Total,LSG,2030,9.215500000000002
Final Energy Demand [TWh],Total,Total,LSG,2035,11.143299999999998
Final Energy Demand [TWh],Total,Total,LSG,2040,13.070999999999998
Final Energy Demand [TWh],Total,Total,LSG,2045,14.9988
Final Energy Demand [TWh],Total,Total,LSG,2050,16.926599999999997
Final Energy Demand [TWh],Total,Total,LH2,2022,5.852918691111047
Final Energy Demand [TWh],Total,Total,LH2,2025,7.287800000000001
Final Energy Demand [TWh],Total,Total,LH2,2030,9.215500000000002
Final Energy Demand [TWh],Total,Total,LH2,2035,11.143299999999998
Final Energy Demand [TWh],Total,Total,LH2,2040,13.070999999999998
Final Energy Demand [TWh],Total,Total,LH2,2045,14.9988
Final Energy Demand [TWh],Total,Total,LH2,2050,16.926599999999997
Final Energy Demand [TWh],Total,Total,Air,2022,5.852918691111047
Final Energy Demand [TWh],Total,Total,Air,2025,7.287800000000001
Final Energy Demand [TWh],Total,Total,Air,2030,9.215500000000002
Final Energy Demand [TWh],Total,Total,Air,2035,11.143299999999998
Final Energy Demand [TWh],Total,Total,Air,2040,13.070999999999998
Final Energy Demand [TWh],Total,Total,Air,2045,14.9988
Final Energy Demand [TWh],Total,Total,Air,2050,16.926599999999997
Final Energy Demand [TWh],Total,Total,DAC_Dummy,2022,5.852918691111047
Final Energy Demand [TWh],Total,Total,DAC_Dummy,2025,7.287800000000001
Final Energy Demand [TWh],Total,Total,DAC_Dummy,2030,9.215500000000002
Final Energy Demand [TWh],Total,Total,DAC_Dummy,2035,11.143299999999998
Final Energy Demand [TWh],Total,Total,DAC_Dummy,2040,13.070999999999998
Final Energy Demand [TWh],Total,Total,DAC_Dummy,2045,14.9988
Final Energy Demand [TWh],Total,Total,DAC_Dummy,2050,16.926599999999997
Final Energy Demand [TWh],Total,Total,ETS,2022,5.852918691111047
Final Energy Demand [TWh],Total,Total,ETS,2025,7.287800000000001
Final Energy Demand [TWh],Total,Total,ETS,2030,9.215500000000002
Final Energy Demand [TWh],Total,Total,ETS,2035,11.143299999999998
Final Energy Demand [TWh],Total,Total,ETS,2040,13.070999999999998
Final Energy Demand [TWh],Total,Total,ETS,2045,14.9988
Final Energy Demand [TWh],Total,Total,ETS,2050,16.926599999999997
Final Energy Demand [TWh],Total,Total,ETS_Source,2022,5.852918691111047
Final Energy Demand [TWh],Total,Total,ETS_Source,2025,7.287800000000001
Final Energy Demand [TWh],Total,Total,ETS_Source,2030,9.215500000000002
Final Energy Demand [TWh],Total,Total,ETS_Source,2035,11.143299999999998
Final Energy Demand [TWh],Total,Total,ETS_Source,2040,13.070999999999998
Final Energy Demand [TWh],Total,Total,ETS_Source,2045,14.9988
Final Energy Demand [TWh],Total,Total,ETS_Source,2050,16.926599999999997
Final Energy Demand [TWh],Total,Total,Heat_District,2022,5.852918691111047
Final Energy Demand [TWh],Total,Total,Heat_District,2025,7.287800000000001
Final Energy Demand [TWh],Total,Total,Heat_District,2030,9.215500000000002
Final Energy Demand [TWh],Total,Total,Heat_District,2035,11.143299999999998
Final Energy Demand [TWh],Total,Total,Heat_District,2040,13.070999999999998
Final Energy Demand [TWh],Total,Total,Heat_District,2045,14.9988
Final Energy Demand [TWh],Total,Total,Heat_District,2050,16.926599999999997
Final Energy Demand [TWh],Total,Total,Oil,2022,31.87550091577037
Final Energy Demand [TWh],Total,Total,Oil,2025,27.003610071327238
Final Energy Demand [TWh],Total,Total,Oil,2030,22.552396029088307
Final Energy Demand [TWh],Total,Total,Oil,2035,23.459195839891983
Final Energy Demand [TWh],Total,Total,Oil,2040,21.147337869603426
Final Energy Demand [TWh],Total,Total,Oil,2045,18.965264647468157
Final Energy Demand [TWh],Total,Total,Oil,2050,16.926599999999997
Final Energy Demand [TWh],Total,Total,Gas_Natural,2022,5.852918691111047
Final Energy Demand [TWh],Total,Total,Gas_Natural,2025,13.96472796009415
Final Energy Demand [TWh],Total,Total,Gas_Natural,2030,21.25279550591712
Final Energy Demand [TWh],Total,Total,Gas_Natural,2035,30.323922788423097
Final Energy Demand [TWh],Total,Total,Gas_Natural,2040,30.874219215817774
Final Energy Demand [TWh],Total,Total,Gas_Natural,2045,24.672903036213118
Final Energy Demand [TWh],Total,Total,Gas_Natural,2050,16.926599999999997
Final Energy Demand [TWh],Total,Total,Hardcoal,2022,11.967785265702254
Final Energy Demand [TWh],Total,Total,Hardcoal,2025,15.725449863871713
Final Energy Demand [TWh],Total,Total,Hardcoal,2030,19.98245601866479
Final Energy Demand [TWh],Total,Total,Hardcoal,2035,13.70525078249423
Final Energy Demand [TWh],Total,Total,Hardcoal,2040,13.876090863401275
Final Energy Demand [TWh],Total,Total,Hardcoal,2045,14.9988
Final Energy Demand [TWh],Total,Total,Hardcoal,2050,16.926599999999997
Final Energy Demand [TWh],Total,Total,Area_Rooftop_Commercial,2022,5.852918691111047
Final Energy Demand [TWh],Total,Total,Area_Rooftop_Commercial,2025,7.287800000000001
Final Energy Demand [TWh],Total,Total,Area_Rooftop_Commercial,2030,9.215500000000002
Final Energy Demand [TWh],Total,Total,Area_Rooftop_Commercial,2035,11.143299999999998
Final Energy Demand [TWh],Total,Total,Area_Rooftop_Commercial,2040,13.070999999999998
Final Energy Demand [TWh],Total,Total,Area_Rooftop_Commercial,2045,14.9988
Final Energy Demand [TWh],Total,Total,Area_Rooftop_Commercial,2050,16.926599999999997
Final Energy Demand [TWh],Total,Total,Biomass,2022,7.501379757937436
Final Energy Demand [TWh],Total,Total,Biomass,2025,9.273312969578871
Final Energy Demand [TWh],Total,Total,Biomass,2030,12.284022617065858
Final Energy Demand [TWh],Total,Total,Biomass,2035,18.97453508155121
Final Energy Demand [TWh],Total,Total,Biomass,2040,23.652040288587457
Final Energy Demand [TWh],Total,Total,Biomass,2045,27.12504796147562
Final Energy Demand [TWh],Total,Total,Biomass,2050,30.25191001191336
Final Energy Demand [TWh],Total,Total,Power,2022,5.855825989990427
Final Energy Demand [TWh],Total,Total,Power,2025,8.023161864005958
Final Energy Demand [TWh],Total,Total,Power,2030,10.63454721040985
Final Energy Demand [TWh],Total,Total,Power,2035,15.816668506686542
Final Energy Demand [TWh],Total,Total,Power,2040,26.439833337573
Final Energy Demand [TWh],Total,Total,Power,2045,45.72066282024894
Final Energy Demand [TWh],Total,Total,Power,2050,66.57064110507567
Final Energy Demand [TWh],Total,Total,Mobility_Freight,2022,5.852918691111047
Final Energy Demand [TWh],Total,Total,Mobility_Freight,2025,7.287800000000001
Final Energy Demand [TWh],Total,Total,Mobility_Freight,2030,9.215500000000002
Final Energy Demand [TWh],Total,Total,Mobility_Freight,2035,11.143299999999998
Final Energy Demand [TWh],Total,Total,Mobility_Freight,2040,13.070999999999998
Final Energy Demand [TWh],Total,Total,Mobility_Freight,2045,14.9988
Final Energy Demand [TWh],Total,Total,Mobility_Freight,2050,16.926599999999997
Final Energy Demand [TWh],Total,Total,Mobility_Passenger,2022,5.852918691111047
Final Energy Demand [TWh],Total,Total,Mobility_Passenger,2025,7.287800000000001
Final Energy Demand [TWh],Total,Total,Mobility_Passenger,2030,9.215500000000002
Final Energy Demand [TWh],Total,Total,Mobility_Passenger,2035,11.143299999999998
Final Energy Demand [TWh],Total,Total,Mobility_Passenger,2040,13.070999999999998
Final Energy Demand [TWh],Total,Total,Mobility_Passenger,2045,14.9988
Final Energy Demand [TWh],Total,Total,Mobility_Passenger,2050,16.926599999999997
Final Energy Demand [TWh],Total,Total,Gas_Bio,2022,5.852918691111047
Final Energy Demand [TWh],Total,Total,Gas_Bio,2025,7.287800000000001
Final Energy Demand [TWh],Total,Total,Gas_Bio,2030,9.215500000000002
Final Energy Demand [TWh],Total,Total,Gas_Bio,2035,12.241077777777777
Final Energy Demand [TWh],Total,Total,Gas_Bio,2040,14.27291213392773
Final Energy Demand [TWh],Total,Total,Gas_Bio,2045,18.53735398181503
Final Energy Demand [TWh],Total,Total,Gas_Bio,2050,21.403633019667392
Final Energy Demand [TWh],Total,Total,Heat_High_Industrial,2022,5.852918691111047
Final Energy Demand [TWh],Total,Total,Heat_High_Industrial,2025,7.287800000000001
Final Energy Demand [TWh],Total,Total,Heat_High_Industrial,2030,9.215500000000002
Final Energy Demand [TWh],Total,Total,Heat_High_Industrial,2035,11.143299999999998
Final Energy Demand [TWh],Total,Total,Heat_High_Industrial,2040,13.070999999999998
Final Energy Demand [TWh],Total,Total,Heat_High_Industrial,2045,14.9988
Final Energy Demand [TWh],Total,Total,Heat_High_Industrial,2050,16.926599999999997
Final Energy Demand [TWh],Total,Total,Heat_Low_Industrial,2022,5.852918691111047
Final Energy Demand [TWh],Total,Total,Heat_Low_Industrial,2025,7.287800000000001
Final Energy Demand [TWh],Total,Total,Heat_Low_Industrial,2030,9.215500000000002
Final Energy Demand [TWh],Total,Total,Heat_Low_Industrial,2035,11.143299999999998
Final Energy Demand [TWh],Total,Total,Heat_Low_Industrial,2040,13.070999999999998
Final Energy Demand [TWh],Total,Total,Heat_Low_Industrial,2045,14.9988
Final Energy Demand [TWh],Total,Total,Heat_Low_Industrial,2050,16.926599999999997
Final Energy Demand [TWh],Total,Total,Heat_Medium_Industrial,2022,5.852918691111047
Final Energy Demand [TWh],Total,Total,Heat_Medium_Industrial,2025,7.287800000000001
Final Energy Demand [TWh],Total,Total,Heat_Medium_Industrial,2030,9.215500000000002
Final Energy Demand [TWh],Total,Total,Heat_Medium_Industrial,2035,11.143299999999998
Final Energy Demand [TWh],Total,Total,Heat_Medium_Industrial,2040,13.070999999999998
Final Energy Demand [TWh],Total,Total,Heat_Medium_Industrial,2045,14.9988
Final Energy Demand [TWh],Total,Total,Heat_Medium_Industrial,2050,16.926599999999997
Final Energy Demand [TWh],Total,Total,Powerfuel,2022,5.852918691111047
Final Energy Demand [TWh],Total,Total,Powerfuel,2025,7.287800000000001
Final Energy Demand [TWh],Total,Total,Powerfuel,2030,9.215500000000002
Final Energy Demand [TWh],Total,Total,Powerfuel,2035,11.143299999999998
Final Energy Demand [TWh],Total,Total,Powerfuel,2040,13.070999999999998
Final Energy Demand [TWh],Total,Total,Powerfuel,2045,14.9988
Final Energy Demand [TWh],Total,Total,Powerfuel,2050,17.290239638999903
Final Energy Demand [TWh],Total,EU27,Area_Rooftop_Residential,2022,5.852918691111047
Final Energy Demand [TWh],Total,EU27,Area_Rooftop_Residential,2025,7.287800000000001
Final Energy Demand [TWh],Total,EU27,Area_Rooftop_Residential,2030,9.215500000000002
Final Energy Demand [TWh],Total,EU27,Area_Rooftop_Residential,2035,11.143299999999998
Final Energy Demand [TWh],Total,EU27,Area_Rooftop_Residential,2040,13.070999999999998
Final Energy Demand [TWh],Total,EU27,Area_Rooftop_Residential,2045,14.9988
Final Energy Demand [TWh],Total,EU27,Area_Rooftop_Residential,2050,16.926599999999997
Final Energy Demand [TWh],Total,EU27,H2,2022,5.852918691111047
Final Energy Demand [TWh],Total,EU27,H2,2025,7.287800000000001
Final Energy Demand [TWh],Total,EU27,H2,2030,9.215500000000002
Final Energy Demand [TWh],Total,EU27,H2,2035,12.602402583944151
Final Energy Demand [TWh],Total,EU27,H2,2040,15.552314902151357
Final Energy Demand [TWh],Total,EU27,H2,2045,19.063802559890675
Final Energy Demand [TWh],Total,EU27,H2,2050,24.287027747154845
Final Energy Demand [TWh],Total,EU27,Nuclear,2022,5.852918691111047
Final Energy Demand [TWh],Total,EU27,Nuclear,2025,7.287800000000001
Final Energy Demand [TWh],Total,EU27,Nuclear,2030,9.215500000000002
Final Energy Demand [TWh],Total,EU27,Nuclear,2035,11.143299999999998
Final Energy Demand [TWh],Total,EU27,Nuclear,2040,13.070999999999998
Final Energy Demand [TWh],Total,EU27,Nuclear,2045,14.9988
Final Energy Demand [TWh],Total,EU27,Nuclear,2050,16.926599999999997
Final Energy Demand [TWh],Total,EU27,Lignite,2022,5.852918691111047
Final Energy Demand [TWh],Total,EU27,Lignite,2025,7.287800000000001
Final Energy Demand [TWh],Total,EU27,Lignite,2030,9.215500000000002
Final Energy Demand [TWh],Total,EU27,Lignite,2035,11.143299999999998
Final Energy Demand [TWh],Total,EU27,Lignite,2040,13.070999999999998
Final Energy Demand [TWh],Total,EU27,Lignite,2045,14.9988
Final Energy Demand [TWh],Total,EU27,Lignite,2050,16.926599999999997
Final Energy Demand [TWh],Total,EU27,Gas_Synth,2022,5.852918691111047
Final Energy Demand [TWh],Total,EU27,Gas_Synth,2025,7.287800000000001
Final Energy Demand [TWh],Total,EU27,Gas_Synth,2030,9.215500000000002
Final Energy Demand [TWh],Total,EU27,Gas_Synth,2035,11.143299999999998
Final Energy Demand [TWh],Total,EU27,Gas_Synth,2040,13.070999999999998
Final Energy Demand [TWh],Total,EU27,Gas_Synth,2045,15.09548791988372
Final Energy Demand [TWh],Total,EU27,Gas_Synth,2050,16.970558884274176
Final Energy Demand [TWh],Total,EU27,Heat_Low_Residential,2022,5.852918691111047
Final Energy Demand [TWh],Total,EU27,Heat_Low_Residential,2025,7.287800000000001
Final Energy Demand [TWh],Total,EU27,Heat_Low_Residential,2030,9.215500000000002
Final Energy Demand [TWh],Total,EU27,Heat_Low_Residential,2035,11.143299999999998
Final Energy Demand [TWh],Total,EU27,Heat_Low_Residential,2040,13.070999999999998
Final Energy Demand [TWh],Total,EU27,Heat_Low_Residential,2045,14.9988
Final Energy Demand [TWh],Total,EU27,Heat_Low_Residential,2050,16.926599999999997
Final Energy Demand [TWh],Total,EU27,Biofuel,2022,5.852918691111047
Final Energy Demand [TWh],Total,EU27,Biofuel,2025,7.287800000000001
Final Energy Demand [TWh],Total,EU27,Biofuel,2030,9.215500000000002
Final Energy Demand [TWh],Total,EU27,Biofuel,2035,11.282987570901494
Final Energy Demand [TWh],Total,EU27,Biofuel,2040,13.204146029810664
Final Energy Demand [TWh],Total,EU27,Biofuel,2045,17.503537741325232
Final Energy Demand [TWh],Total,EU27,Biofuel,2050,21.012521258794838
Final Energy Demand [TWh],Total,EU27,LNG,2022,5.852918691111047
Final Energy Demand [TWh],Total,EU27,LNG,2025,7.287800000000001
Final Energy Demand [TWh],Total,EU27,LNG,2030,9.215500000000002
Final Energy Demand [TWh],Total,EU27,LNG,2035,11.143299999999998
Final Energy Demand [TWh],Total,EU27,LNG,2040,13.070999999999998
Final Energy Demand [TWh],Total,EU27,LNG,2045,14.9988
Final Energy Demand [TWh],Total,EU27,LNG,2050,16.926599999999997
Final Energy Demand [TWh],Total,EU27,LBG,2022,5.852918691111047
Final Energy Demand [TWh],Total,EU27,LBG,2025,7.287800000000001
Final Energy Demand [TWh],Total,EU27,LBG,2030,9.215500000000002
Final Energy Demand [TWh],Total,EU27,LBG,2035,11.143299999999998
Final Energy Demand [TWh],Total,EU27,LBG,2040,13.070999999999998
Final Energy Demand [TWh],Total,EU27,LBG,2045,14.9988
Final Energy Demand [TWh],Total,EU27,LBG,2050,16.926599999999997
Final Energy Demand [TWh],Total,EU27,LSG,2022,5.852918691111047
Final Energy Demand [TWh],Total,EU27,LSG,2025,7.287800000000001
Final Energy Demand [TWh],Total,EU27,LSG,2030,9.215500000000002
Final Energy Demand [TWh],Total,EU27,LSG,2035,11.143299999999998
Final Energy Demand [TWh],Total,EU27,LSG,2040,13.070999999999998
Final Energy Demand [TWh],Total,EU27,LSG,2045,14.9988
Final Energy Demand [TWh],Total,EU27,LSG,2050,16.926599999999997
Final Energy Demand [TWh],Total,EU27,LH2,2022,5.852918691111047
Final Energy Demand [TWh],Total,EU27,LH2,2025,7.287800000000001
Final Energy Demand [TWh],Total,EU27,LH2,2030,9.215500000000002
Final Energy Demand [TWh],Total,EU27,LH2,2035,11.143299999999998
Final Energy Demand [TWh],Total,EU27,LH2,2040,13.070999999999998
Final Energy Demand [TWh],Total,EU27,LH2,2045,14.9988
Final Energy Demand [TWh],Total,EU27,LH2,2050,16.926599999999997
Final Energy Demand [TWh],Total,EU27,Air,2022,5.852918691111047
Final Energy Demand [TWh],Total,EU27,Air,2025,7.287800000000001
Final Energy Demand [TWh],Total,EU27,Air,2030,9.215500000000002
Final Energy Demand [TWh],Total,EU27,Air,2035,11.143299999999998
Final Energy Demand [TWh],Total,EU27,Air,2040,13.070999999999998
Final Energy Demand [TWh],Total,EU27,Air,2045,14.9988
Final Energy Demand [TWh],Total,EU27,Air,2050,16.926599999999997
Final Energy Demand [TWh],Total,EU27,DAC_Dummy,2022,5.852918691111047
Final Energy Demand [TWh],Total,EU27,DAC_Dummy,2025,7.287800000000001
Final Energy Demand [TWh],Total,EU27,DAC_Dummy,2030,9.215500000000002
Final Energy Demand [TWh],Total,EU27,DAC_Dummy,2035,11.143299999999998
Final Energy Demand [TWh],Total,EU27,DAC_Dummy,2040,13.070999999999998
Final Energy Demand [TWh],Total,EU27,DAC_Dummy,2045,14.9988
Final Energy Demand [TWh],Total,EU27,DAC_Dummy,2050,16.926599999999997
Final Energy Demand [TWh],Total,EU27,ETS,2022,5.852918691111047
Final Energy Demand [TWh],Total,EU27,ETS,2025,7.287800000000001
Final Energy Demand [TWh],Total,EU27,ETS,2030,9.215500000000002
Final Energy Demand [TWh],Total,EU27,ETS,2035,11.143299999999998
Final Energy Demand [TWh],Total,EU27,ETS,2040,13.070999999999998
Final Energy Demand [TWh],Total,EU27,ETS,2045,14.9988
Final Energy Demand [TWh],Total,EU27,ETS,2050,16.926599999999997
Final Energy Demand [TWh],Total,EU27,ETS_Source,2022,5.852918691111047
Final Energy Demand [TWh],Total,EU27,ETS_Source,2025,7.287800000000001
Final Energy Demand [TWh],Total,EU27,ETS_Source,2030,9.215500000000002
Final Energy Demand [TWh],Total,EU27,ETS_Source,2035,11.143299999999998
Final Energy Demand [TWh],Total,EU27,ETS_Source,2040,13.070999999999998
Final Energy Demand [TWh],Total,EU27,ETS_Source,2045,14.9988
Final Energy Demand [TWh],Total,EU27,ETS_Source,2050,16.926599999999997
Final Energy Demand [TWh],Total,EU27,Heat_District,2022,5.852918691111047
Final Energy Demand [TWh],Total,EU27,Heat_District,2025,7.287800000000001
Final Energy Demand [TWh],Total,EU27,Heat_District,2030,9.215500000000002
Final Energy Demand [TWh],Total,EU27,Heat_District,2035,11.143299999999998
Final Energy Demand [TWh],Total,EU27,Heat_District,2040,13.070999999999998
Final Energy Demand [TWh],Total,EU27,Heat_District,2045,14.9988
Final Energy Demand [TWh],Total,EU27,Heat_District,2050,16.926599999999997
Final Energy Demand [TWh],Total,EU27,Oil,2022,31.87550091577037
Final Energy Demand [TWh],Total,EU27,Oil,2025,27.003610071327238
Final Energy Demand [TWh],Total,EU27,Oil,2030,22.552396029088307
Final Energy Demand [TWh],Total,EU27,Oil,2035,23.459195839891983
Final Energy Demand [TWh],Total,EU27,Oil,2040,21.147337869603426
Final Energy Demand [TWh],Total,EU27,Oil,2045,18.965264647468157
Final Energy Demand [TWh],Total,EU27,Oil,2050,16.926599999999997
Final Energy Demand [TWh],Total,EU27,Gas_Natural,2022,5.852918691111047
Final Energy Demand [TWh],Total,EU27,Gas_Natural,2025,13.96472796009415
Final Energy Demand [TWh],Total,EU27,Gas_Natural,2030,21.25279550591712
Final Energy Demand [TWh],Total,EU27,Gas_Natural,2035,30.323922788423097
Final Energy Demand [TWh],Total,EU27,Gas_Natural,2040,30.874219215817774
Final Energy Demand [TWh],Total,EU27,Gas_Natural,2045,24.672903036213118
Final Energy Demand [TWh],Total,EU27,Gas_Natural,2050,16.926599999999997
Final Energy Demand [TWh],Total,EU27,Hardcoal,2022,11.967785265702254
Final Energy Demand [TWh],Total,EU27,Hardcoal,2025,15.725449863871713
Final Energy Demand [TWh],Total,EU27,Hardcoal,2030,19.98245601866479
Final Energy Demand [TWh],Total,EU27,Hardcoal,2035,13.70525078249423
Final Energy Demand [TWh],Total,EU27,Hardcoal,2040,13.876090863401275
Final Energy Demand [TWh],Total,EU27,Hardcoal,2045,14.9988
Final Energy Demand [TWh],Total,EU27,Hardcoal,2050,16.926599999999997
Final Energy Demand [TWh],Total,EU27,Area_Rooftop_Commercial,2022,5.852918691111047
Final Energy Demand [TWh],Total,EU27,Area_Rooftop_Commercial,2025,7.287800000000001
Final Energy Demand [TWh],Total,EU27,Area_Rooftop_Commercial,2030,9.215500000000002
Final Energy Demand [TWh],Total,EU27,Area_Rooftop_Commercial,2035,11.143299999999998
Final Energy Demand [TWh],Total,EU27,Area_Rooftop_Commercial,2040,13.070999999999998
Final Energy Demand [TWh],Total,EU27,Area_Rooftop_Commercial,2045,14.9988
Final Energy Demand [TWh],Total,EU27,Area_Rooftop_Commercial,2050,16.926599999999997
Final Energy Demand [TWh],Total,EU27,Biomass,2022,7.501379757937436
Final Energy Demand [TWh],Total,EU27,Biomass,2025,9.273312969578871
Final Energy Demand [TWh],Total,EU27,Biomass,2030,12.284022617065858
Final Energy Demand [TWh],Total,EU27,Biomass,2035,18.97453508155121
Final Energy Demand [TWh],Total,EU27,Biomass,2040,23.652040288587457
Final Energy Demand [TWh],Total,EU27,Biomass,2045,27.12504796147562
Final Energy Demand [TWh],Total,EU27,Biomass,2050,30.25191001191336
Final Energy Demand [TWh],Total,EU27,Power,2022,5.855825989990427
Final Energy Demand [TWh],Total,EU27,Power,2025,8.023161864005958
Final Energy Demand [TWh],Total,EU27,Power,2030,10.63454721040985
Final Energy Demand [TWh],Total,EU27,Power,2035,15.816668506686542
Final Energy Demand [TWh],Total,EU27,Power,2040,26.439833337573
Final Energy Demand [TWh],Total,EU27,Power,2045,45.72066282024894
Final Energy Demand [TWh],Total,EU27,Power,2050,66.57064110507567
Final Energy Demand [TWh],Total,EU27,Mobility_Freight,2022,5.852918691111047
Final Energy Demand [TWh],Total,EU27,Mobility_Freight,2025,7.287800000000001
Final Energy Demand [TWh],Total,EU27,Mobility_Freight,2030,9.215500000000002
Final Energy Demand [TWh],Total,EU27,Mobility_Freight,2035,11.143299999999998
Final Energy Demand [TWh],Total,EU27,Mobility_Freight,2040,13.070999999999998
Final Energy Demand [TWh],Total,EU27,Mobility_Freight,2045,14.9988
Final Energy Demand [TWh],Total,EU27,Mobility_Freight,2050,16.926599999999997
Final Energy Demand [TWh],Total,EU27,Mobility_Passenger,2022,5.852918691111047
Final Energy Demand [TWh],Total,EU27,Mobility_Passenger,2025,7.287800000000001
Final Energy Demand [TWh],Total,EU27,Mobility_Passenger,2030,9.215500000000002
Final Energy Demand [TWh],Total,EU27,Mobility_Passenger,2035,11.143299999999998
Final Energy Demand [TWh],Total,EU27,Mobility_Passenger,2040,13.070999999999998
Final Energy Demand [TWh],Total,EU27,Mobility_Passenger,2045,14.9988
Final Energy Demand [TWh],Total,EU27,Mobility_Passenger,2050,16.926599999999997
Final Energy Demand [TWh],Total,EU27,Gas_Bio,2022,5.852918691111047
Final Energy Demand [TWh],Total,EU27,Gas_Bio,2025,7.287800000000001
Final Energy Demand [TWh],Total,EU27,Gas_Bio,2030,9.215500000000002
Final Energy Demand [TWh],Total,EU27,Gas_Bio,2035,12.241077777777777
Final Energy Demand [TWh],Total,EU27,Gas_Bio,2040,14.27291213392773
Final Energy Demand [TWh],Total,EU27,Gas_Bio,2045,18.53735398181503
Final Energy Demand [TWh],Total,EU27,Gas_Bio,2050,21.403633019667392
Final Energy Demand [TWh],Total,EU27,Heat_High_Industrial,2022,5.852918691111047
Final Energy Demand [TWh],Total,EU27,Heat_High_Industrial,2025,7.287800000000001
Final Energy Demand [TWh],Total,EU27,Heat_High_Industrial,2030,9.215500000000002
Final Energy Demand [TWh],Total,EU27,Heat_High_Industrial,2035,11.143299999999998
Final Energy Demand [TWh],Total,EU27,Heat_High_Industrial,2040,13.070999999999998
Final Energy Demand [TWh],Total,EU27,Heat_High_Industrial,2045,14.9988
Final Energy Demand [TWh],Total,EU27,Heat_High_Industrial,2050,16.926599999999997
Final Energy Demand [TWh],Total,EU27,Heat_Low_Industrial,2022,5.852918691111047
Final Energy Demand [TWh],Total,EU27,Heat_Low_Industrial,2025,7.287800000000001
Final Energy Demand [TWh],Total,EU27,Heat_Low_Industrial,2030,9.215500000000002
Final Energy Demand [TWh],Total,EU27,Heat_Low_Industrial,2035,11.143299999999998
Final Energy Demand [TWh],Total,EU27,Heat_Low_Industrial,2040,13.070999999999998
Final Energy Demand [TWh],Total,EU27,Heat_Low_Industrial,2045,14.9988
Final Energy Demand [TWh],Total,EU27,Heat_Low_Industrial,2050,16.926599999999997
Final Energy Demand [TWh],Total,EU27,Heat_Medium_Industrial,2022,5.852918691111047
Final Energy Demand [TWh],Total,EU27,Heat_Medium_Industrial,2025,7.287800000000001
Final Energy Demand [TWh],Total,EU27,Heat_Medium_Industrial,2030,9.215500000000002
Final Energy Demand [TWh],Total,EU27,Heat_Medium_Industrial,2035,11.143299999999998
Final Energy Demand [TWh],Total,EU27,Heat_Medium_Industrial,2040,13.070999999999998
Final Energy Demand [TWh],Total,EU27,Heat_Medium_Industrial,2045,14.9988
Final Energy Demand [TWh],Total,EU27,Heat_Medium_Industrial,2050,16.926599999999997
Final Energy Demand [TWh],Total,EU27,Powerfuel,2022,5.852918691111047
Final Energy Demand [TWh],Total,EU27,Powerfuel,2025,7.287800000000001
Final Energy Demand [TWh],Total,EU27,Powerfuel,2030,9.215500000000002
Final Energy Demand [TWh],Total,EU27,Powerfuel,2035,11.143299999999998
Final Energy Demand [TWh],Total,EU27,Powerfuel,2040,13.070999999999998
Final Energy Demand [TWh],Total,EU27,Powerfuel,2045,14.9988
Final Energy Demand [TWh],Total,EU27,Powerfuel,2050,17.290239638999903
Final Energy Demand [% of Total],Total,Total,Area_Rooftop_Residential,2022,1.0
Final Energy Demand [% of Total],Total,Total,Area_Rooftop_Residential,2025,1.0
Final Energy Demand [% of Total],Total,Total,Area_Rooftop_Residential,2030,1.0
Final Energy Demand [% of Total],Total,Total,Area_Rooftop_Residential,2035,1.0
Final Energy Demand [% of Total],Total,Total,Area_Rooftop_Residential,2040,1.0
Final Energy Demand [% of Total],Total,Total,Area_Rooftop_Residential,2045,1.0
Final Energy Demand [% of Total],Total,Total,Area_Rooftop_Residential,2050,1.0
Final Energy Demand [% of Total],Total,Total,H2,2022,0.5
Final Energy Demand [% of Total],Total,Total,H2,2025,0.5
Final Energy Demand [% of Total],Total,Total,H2,2030,0.5
Final Energy Demand [% of Total],Total,Total,H2,2035,0.5307235083650618
Final Energy Demand [% of Total],Total,Total,H2,2040,0.5433442966098392
Final Energy Demand [% of Total],Total,Total,H2,2045,0.559669582685929
Final Energy Demand [% of Total],Total,Total,H2,2050,0.5892960429534496
Final Energy Demand [% of Total],Total,Total,Nuclear,2022,0.3333333333333333
Final Energy Demand [% of Total],Total,Total,Nuclear,2025,0.3333333333333333
Final Energy Demand [% of Total],Total,Total,Nuclear,2030,0.3333333333333333
Final Energy Demand [% of Total],Total,Total,Nuclear,2035,0.3193929082148116
Final Energy Demand [% of Total],Total,Total,Nuclear,2040,0.31349597734547635
Final Energy Demand [% of Total],Total,Total,Nuclear,2045,0.3057148637707723
Final Energy Demand [% of Total],Total,Total,Nuclear,2050,0.2911340504824273
Final Energy Demand [% of Total],Total,Total,Lignite,2022,0.25
Final Energy Demand [% of Total],Total,Total,Lignite,2025,0.25
Final Energy Demand [% of Total],Total,Total,Lignite,2030,0.25
Final Energy Demand [% of Total],Total,Total,Lignite,2035,0.2420756593628825
Final Energy Demand [% of Total],Total,Total,Lignite,2040,0.2386729634140482
Final Energy Demand [% of Total],Total,Total,Lignite,2045,0.23413600645388896
Final Energy Demand [% of Total],Total,Total,Lignite,2050,0.225487082749964
Final Energy Demand [% of Total],Total,Total,Gas_Synth,2022,0.2
Final Energy Demand [% of Total],Total,Total,Gas_Synth,2025,0.19999999999999998
Final Energy Demand [% of Total],Total,Total,Gas_Synth,2030,0.19999999999999998
Final Energy Demand [% of Total],Total,Total,Gas_Synth,2035,0.19489606574132062
Final Energy Demand [% of Total],Total,Total,Gas_Synth,2040,0.19268440537865167
Final Energy Demand [% of Total],Total,Total,Gas_Synth,2045,0.1907062881820337
Final Energy Demand [% of Total],Total,Total,Gas_Synth,2050,0.18438766576710963
Final Energy Demand [% of Total],Total,Total,Heat_Low_Residential,2022,0.16666666666666666
Final Energy Demand [% of Total],Total,Total,Heat_Low_Residential,2025,0.16666666666666663
Final Energy Demand [% of Total],Total,Total,Heat_Low_Residential,2030,0.16666666666666666
Final Energy Demand [% of Total],Total,Total,Heat_Low_Residential,2035,0.1631071281671732
Final Energy Demand [% of Total],Total,Total,Heat_Low_Residential,2040,0.16155523163521074
Final Energy Demand [% of Total],Total,Total,Heat_Low_Residential,2045,0.1592998902502896
Final Energy Demand [% of Total],Total,Total,Heat_Low_Residential,2050,0.1553412326703342
Final Energy Demand [% of Total],Total,Total,Biofuel,2022,0.14285714285714285
Final Energy Demand [% of Total],Total,Total,Biofuel,2025,0.14285714285714282
Final Energy Demand [% of Total],Total,Total,Biofuel,2030,0.14285714285714282
Final Energy Demand [% of Total],Total,Total,Biofuel,2035,0.14174270923659293
Final Energy Demand [% of Total],Total,Total,Biofuel,2040,0.14030327336387455
Final Energy Demand [% of Total],Total,Total,Biofuel,2045,0.1567602260239237
Final Energy Demand [% of Total],Total,Total,Biofuel,2050,0.16166399297742087
Final Energy Demand [% of Total],Total,Total,LNG,2022,0.12499999999999999
Final Energy Demand [% of Total],Total,Total,LNG,2025,0.12499999999999997
Final Energy Demand [% of Total],Total,Total,LNG,2030,0.12499999999999997
Final Energy Demand [% of Total],Total,Total,LNG,2035,0.12279769297948809
Final Energy Demand [% of Total],Total,Total,LNG,2040,0.12195092262620556
Final Energy Demand [% of Total],Total,Total,LNG,2045,0.11842077691869252
Final Energy Demand [% of Total],Total,Total,LNG,2050,0.11522288563594395
Final Energy Demand [% of Total],Total,Total,LBG,2022,0.11111111111111109
Final Energy Demand [% of Total],Total,Total,LBG,2025,0.11111111111111108
Final Energy Demand [% of Total],Total,Total,LBG,2030,0.11111111111111109
Final Energy Demand [% of Total],Total,Total,LBG,2035,0.10936760357391598
Final Energy Demand [% of Total],Total,Total,LBG,2040,0.10869541632066139
Final Energy Demand [% of Total],Total,Total,LBG,2045,0.1058821325234568
Final Energy Demand [% of Total],Total,Total,LBG,2050,0.10331825782990395
Final Energy Demand [% of Total],Total,Total,LSG,2022,0.09999999999999998
Final Energy Demand [% of Total],Total,Total,LSG,2025,0.09999999999999996
Final Energy Demand [% of Total],Total,Total,LSG,2030,0.09999999999999998
Final Energy Demand [% of Total],Total,Total,LSG,2035,0.09858553938440202
Final Energy Demand [% of Total],Total,Total,LSG,2040,0.09803902381176982
Final Energy Demand [% of Total],Total,Total,LSG,2045,0.09574450062037777
Final Energy Demand [% of Total],Total,Total,LSG,2050,0.09364320502872733
Final Energy Demand [% of Total],Total,Total,LH2,2022,0.0909090909090909
Final Energy Demand [% of Total],Total,Total,LH2,2025,0.09090909090909088
Final Energy Demand [% of Total],Total,Total,LH2,2030,0.09090909090909088
Final Energy Demand [% of Total],Total,Total,LH2,2035,0.08973861010372022
Final Energy Demand [% of Total],Total,Total,LH2,2040,0.08928555514487439
Final Energy Demand [% of Total],Total,Total,LH2,2045,0.0873784906665469
Final Energy Demand [% of Total],Total,Total,LH2,2050,0.08562500511880156
Final Energy Demand [% of Total],Total,Total,Air,2022,0.08333333333333333
Final Energy Demand [% of Total],Total,Total,Air,2025,0.0833333333333333
Final Energy Demand [% of Total],Total,Total,Air,2030,0.08333333333333331
Final Energy Demand [% of Total],Total,Total,Air,2035,0.08234874792146622
Final Energy Demand [% of Total],Total,Total,Air,2040,0.08196707899334942
Final Energy Demand [% of Total],Total,Total,Air,2045,0.08035701590251725
Final Energy Demand [% of Total],Total,Total,Air,2050,0.07887162207490928
Final Energy Demand [% of Total],Total,Total,DAC_Dummy,2022,0.07692307692307693
Final Energy Demand [% of Total],Total,Total,DAC_Dummy,2025,0.0769230769230769
Final Energy Demand [% of Total],Total,Total,DAC_Dummy,2030,0.0769230769230769
Final Energy Demand [% of Total],Total,Total,DAC_Dummy,2035,0.07608337708119317
Final Energy Demand [% of Total],Total,Total,DAC_Dummy,2040,0.07575746118783089
Final Energy Demand [% of Total],Total,Total,DAC_Dummy,2045,0.07438005651806497
Final Energy Demand [% of Total],Total,Total,DAC_Dummy,2050,0.07310566008142995
Final Energy Demand [% of Total],Total,Total,ETS,2022,0.07142857142857144
Final Energy Demand [% of Total],Total,Total,ETS,2025,0.0714285714285714
Final Energy Demand [% of Total],Total,Total,ETS,2030,0.07142857142857141
Final Energy Demand [% of Total],Total,Total,ETS,2035,0.07070397954437734
Final Energy Demand [% of Total],Total,Total,ETS,2040,0.0704224362099064
Final Energy Demand [% of Total],Total,Total,ETS,2045,0.06923067499886557
Final Energy Demand [% of Total],Total,Total,ETS,2050,0.06812531403094314
Final Energy Demand [% of Total],Total,Total,ETS_Source,2022,0.06666666666666668
Final Energy Demand [% of Total],Total,Total,ETS_Source,2025,0.06666666666666664
Final Energy Demand [% of Total],Total,Total,ETS_Source,2030,0.06666666666666667
Final Energy Demand [% of Total],Total,Total,ETS_Source,2035,0.06603503946484293
Final Energy Demand [% of Total],Total,Total,ETS_Source,2040,0.06578938728083311
Final Energy Demand [% of Total],Total,Total,ETS_Source,2045,0.06474811901457936
Final Energy Demand [% of Total],Total,Total,ETS_Source,2050,0.06378026354777468
Final Energy Demand [% of Total],Total,Total,Heat_District,2022,0.06250000000000001
Final Energy Demand [% of Total],Total,Total,Heat_District,2025,0.06249999999999998
Final Energy Demand [% of Total],Total,Total,Heat_District,2030,0.0625
Final Energy Demand [% of Total],Total,Total,Heat_District,2035,0.06194452998279773
Final Energy Demand [% of Total],Total,Total,Heat_District,2040,0.06172831899619746
Final Energy Demand [% of Total],Total,Total,Heat_District,2045,0.06081073810630773
Final Energy Demand [% of Total],Total,Total,Heat_District,2050,0.05995623883363228
Final Energy Demand [% of Total],Total,Total,Oil,2022,0.2539431345410445
Final Energy Demand [% of Total],Total,Total,Oil,2025,0.18803641136278237
Final Energy Demand [% of Total],Total,Total,Oil,2030,0.13266084406785394
Final Energy Demand [% of Total],Total,Total,Oil,2035,0.11536319235323274
Final Energy Demand [% of Total],Total,Total,Oil,2040,0.09080093490974327
Final Energy Demand [% of Total],Total,Total,Oil,2045,0.07140200539005778
Final Energy Demand [% of Total],Total,Total,Oil,2050,0.05656482469465689
Final Energy Demand [% of Total],Total,Total,Gas_Natural,2022,0.04455119622803864
Final Energy Demand [% of Total],Total,Total,Gas_Natural,2025,0.08862378533903072
Final Energy Demand [% of Total],Total,Total,Gas_Natural,2030,0.11112387372645324
Final Energy Demand [% of Total],Total,Total,Gas_Natural,2035,0.129769810974975
Final Energy Demand [% of Total],Total,Total,Gas_Natural,2040,0.11704887974047001
Final Energy Demand [% of Total],Total,Total,Gas_Natural,2045,0.08499533005892691
Final Energy Demand [% of Total],Total,Total,Gas_Natural,2050,0.05353653971113784
Final Energy Demand [% of Total],Total,Total,Hardcoal,2022,0.08349060147069788
Final Energy Demand [% of Total],Total,Total,Hardcoal,2025,0.09074193884010767
Final Energy Demand [% of Total],Total,Total,Hardcoal,2030,0.09459793481868489
Final Energy Demand [% of Total],Total,Total,Hardcoal,2035,0.05540162107940211
Final Energy Demand [% of Total],Total,Total,Hardcoal,2040,0.04997725689303845
Final Energy Demand [% of Total],Total,Total,Hardcoal,2045,0.0491306140350553
Final Energy Demand [% of Total],Total,Total,Hardcoal,2050,0.05081602554175925
Final Energy Demand [% of Total],Total,Total,Area_Rooftop_Commercial,2022,0.03922977592985721
Final Energy Demand [% of Total],Total,Total,Area_Rooftop_Commercial,2025,0.04035630860630306
Final Energy Demand [% of Total],Total,Total,Area_Rooftop_Commercial,2030,0.0418029123561556
Final Energy Demand [% of Total],Total,Total,Area_Rooftop_Commercial,2035,0.04310366509660238
Final Energy Demand [% of Total],Total,Total,Area_Rooftop_Commercial,2040,0.04496092482644489
Final Energy Demand [% of Total],Total,Total,Area_Rooftop_Commercial,2045,0.04682983546356952
Final Energy Demand [% of Total],Total,Total,Area_Rooftop_Commercial,2050,0.04835863205984179
Final Energy Demand [% of Total],Total,Total,Biomass,2022,0.047871816752506166
Final Energy Demand [% of Total],Total,Total,Biomass,2025,0.04884297682623509
Final Energy Demand [% of Total],Total,Total,Biomass,2030,0.05278111859094703
Final Energy Demand [% of Total],Total,Total,Biomass,2035,0.0683772464054148
Final Energy Demand [% of Total],Total,Total,Biomass,2040,0.07523603979271198
Final Energy Demand [% of Total],Total,Total,Biomass,2045,0.07807835322292679
Final Energy Demand [% of Total],Total,Total,Biomass,2050,0.0795528820723224
Final Energy Demand [% of Total],Total,Total,Power,2022,0.03602409655932801
Final Energy Demand [% of Total],Total,Total,Power,2025,0.04054500603722618
Final Energy Demand [% of Total],Total,Total,Power,2030,0.04369708493253039
Final Energy Demand [% of Total],Total,Total,Power,2035,0.05392392975312657
Final Energy Demand [% of Total],Total,Total,Power,2040,0.07757917055103768
Final Energy Demand [% of Total],Total,Total,Power,2045,0.11629947659026639
Final Energy Demand [% of Total],Total,Total,Power,2050,0.14897931522135088
Final Energy Demand [% of Total],Total,Total,Mobility_Freight,2022,0.03475482186509732
Final Energy Demand [% of Total],Total,Total,Mobility_Freight,2025,0.03552067290258957
Final Energy Demand [% of Total],Total,Total,Mobility_Freight,2030,0.03648471630900712
Final Energy Demand [% of Total],Total,Total,Mobility_Freight,2035,0.03660047910937141
Final Energy Demand [% of Total],Total,Total,Mobility_Freight,2040,0.03693604265298666
Final Energy Demand [% of Total],Total,Total,Mobility_Freight,2045,0.036750279641212746
Final Energy Demand [% of Total],Total,Total,Mobility_Freight,2050,0.036497718156771566
Final Energy Demand [% of Total],Total,Total,Mobility_Passenger,2022,0.03358749447763226
Final Energy Demand [% of Total],Total,Total,Mobility_Passenger,2025,0.034302234452764965
Final Energy Demand [% of Total],Total,Total,Mobility_Passenger,2030,0.03520043830354941
Final Energy Demand [% of Total],Total,Total,Mobility_Passenger,2035,0.03530818270585586
Final Energy Demand [% of Total],Total,Total,Mobility_Passenger,2040,0.03562036724896388
Final Energy Demand [% of Total],Total,Total,Mobility_Passenger,2045,0.0354475714768371
Final Energy Demand [% of Total],Total,Total,Mobility_Passenger,2050,0.03521254076822892
Final Energy Demand [% of Total],Total,Total,Gas_Bio,2022,0.03249603411137162
Final Energy Demand [% of Total],Total,Total,Gas_Bio,2025,0.03316461408488961
Final Energy Demand [% of Total],Total,Total,Gas_Bio,2030,0.034003500192904344
Final Energy Demand [% of Total],Total,Total,Gas_Bio,2035,0.03733832918181524
Final Energy Demand [% of Total],Total,Total,Gas_Bio,2040,0.0374395137753517
Final Energy Demand [% of Total],Total,Total,Gas_Bio,2045,0.04197165316649442
Final Energy Demand [% of Total],Total,Total,Gas_Bio,2050,0.04262808383151502
Final Energy Demand [% of Total],Total,Total,Heat_High_Industrial,2022,0.03147327741490035
Final Energy Demand [% of Total],Total,Total,Heat_High_Industrial,2025,0.03210002901063804
Final Energy Demand [% of Total],Total,Total,Heat_High_Industrial,2030,0.03288528538497271
Final Energy Demand [% of Total],Total,Total,Heat_High_Industrial,2035,0.03287250322424956
Final Energy Demand [% of Total],Total,Total,Heat_High_Industrial,2040,0.03315014695184227
Final Energy Demand [% of Total],Total,Total,Heat_High_Industrial,2045,0.032844390095146905
Final Energy Demand [% of Total],Total,Total,Heat_High_Industrial,2050,0.03261209506306329
Final Energy Demand [% of Total],Total,Total,Heat_Low_Industrial,2022,0.030512935336317513
Final Energy Demand [% of Total],Total,Total,Heat_Low_Industrial,2025,0.031101664672375646
Final Energy Demand [% of Total],Total,Total,Heat_Low_Industrial,2030,0.03183827463735805
Final Energy Demand [% of Total],Total,Total,Heat_Low_Industrial,2035,0.031826293295284414
Final Energy Demand [% of Total],Total,Total,Heat_Low_Industrial,2040,0.03208647557148098
Final Energy Demand [% of Total],Total,Total,Heat_Low_Industrial,2045,0.031799940446131714
Final Energy Demand [% of Total],Total,Total,Heat_Low_Industrial,2050,0.03158213545917416
Final Energy Demand [% of Total],Total,Total,Heat_Medium_Industrial,2022,0.02960946368553766
Final Energy Demand [% of Total],Total,Total,Heat_Medium_Industrial,2025,0.030163528716887437
Final Energy Demand [% of Total],Total,Total,Heat_Medium_Industrial,2030,0.030855876758930735
Final Energy Demand [% of Total],Total,Total,Heat_Medium_Industrial,2035,0.03084462326855677
Final Energy Demand [% of Total],Total,Total,Heat_Medium_Industrial,2040,0.03108894102474721
Final Energy Demand [% of Total],Total,Total,Heat_Medium_Industrial,2045,0.030819870402766247
Final Energy Demand [% of Total],Total,Total,Heat_Medium_Industrial,2050,0.03061524077781401
Final Energy Demand [% of Total],Total,Total,Powerfuel,2022,0.028757956030774162
Final Energy Demand [% of Total],Total,Total,Powerfuel,2025,0.029280330623291818
Final Energy Demand [% of Total],Total,Total,Powerfuel,2030,0.029932289716331013
Final Energy Demand [% of Total],Total,Total,Powerfuel,2035,0.029921699713343797
Final Energy Demand [% of Total],Total,Total,Powerfuel,2040,0.030151560925335386
Final Energy Demand [% of Total],Total,Total,Powerfuel,2045,0.02989840542239856
Final Energy Demand [% of Total],Total,Total,Powerfuel,2050,0.030324617441981425
Final Energy Demand [% of Total],Total,EU27,Area_Rooftop_Residential,2022,1.0
Final Energy Demand [% of Total],Total,EU27,Area_Rooftop_Residential,2025,1.0
Final Energy Demand [% of Total],Total,EU27,Area_Rooftop_Residential,2030,1.0
Final Energy Demand [% of Total],Total,EU27,Area_Rooftop_Residential,2035,1.0
Final Energy Demand [% of Total],Total,EU27,Area_Rooftop_Residential,2040,1.0
Final Energy Demand [% of Total],Total,EU27,Area_Rooftop_Residential,2045,1.0
Final Energy Demand [% of Total],Total,EU27,Area_Rooftop_Residential,2050,1.0
Final Energy Demand [% of Total],Total,EU27,H2,2022,0.5
Final Energy Demand [% of Total],Total,EU27,H2,2025,0.5
Final Energy Demand [% of Total],Total,EU27,H2,2030,0.5
Final Energy Demand [% of Total],Total,EU27,H2,2035,0.5307235083650618
Final Energy Demand [% of Total],Total,EU27,H2,2040,0.5433442966098392
Final Energy Demand [% of Total],Total,EU27,H2,2045,0.559669582685929
Final Energy Demand [% of Total],Total,EU27,H2,2050,0.5892960429534496
Final Energy Demand [% of Total],Total,EU27,Nuclear,2022,0.3333333333333333
Final Energy Demand [% of Total],Total,EU27,Nuclear,2025,0.3333333333333333
Final Energy Demand [% of Total],Total,EU27,Nuclear,2030,0.3333333333333333
Final Energy Demand [% of Total],Total,EU27,Nuclear,2035,0.3193929082148116
Final Energy Demand [% of Total],Total,EU27,Nuclear,2040,0.31349597734547635
Final Energy Demand [% of Total],Total,EU27,Nuclear,2045,0.3057148637707723
Final Energy Demand [% of Total],Total,EU27,Nuclear,2050,0.2911340504824273
Final Energy Demand [% of Total],Total,EU27,Lignite,2022,0.25
Final Energy Demand [% of Total],Total,EU27,Lignite,2025,0.25
Final Energy Demand [% of Total],Total,EU27,Lignite,2030,0.25
Final Energy Demand [% of Total],Total,EU27,Lignite,2035,0.2420756593628825
Final Energy Demand [% of Total],Total,EU27,Lignite,2040,0.2386729634140482
Final Energy Demand [% of Total],Total,EU27,Lignite,2045,0.23413600645388896
Final Energy Demand [% of Total],Total,EU27,Lignite,2050,0.225487082749964
Final Energy Demand [% of Total],Total,EU27,Gas_Synth,2022,0.2
Final Energy Demand [% of Total],Total,EU27,Gas_Synth,2025,0.19999999999999998
Final Energy Demand [% of Total],Total,EU27,Gas_Synth,2030,0.19999999999999998
Final Energy Demand [% of Total],Total,EU27,Gas_Synth,2035,0.19489606574132062
Final Energy Demand [% of Total],Total,EU27,Gas_Synth,2040,0.19268440537865167
Final Energy Demand [% of Total],Total,EU27,Gas_Synth,2045,0.1907062881820337
Final Energy Demand [% of Total],Total,EU27,Gas_Synth,2050,0.18438766576710963
Final Energy Demand [% of Total],Total,EU27,Heat_Low_Residential,2022,0.16666666666666666
Final Energy Demand [% of Total],Total,EU27,Heat_Low_Residential,2025,0.16666666666666663
Final Energy Demand [% of Total],Total,EU27,Heat_Low_Residential,2030,0.16666666666666666
Final Energy Demand [% of Total],Total,EU27,Heat_Low_Residential,2035,0.1631071281671732
Final Energy Demand [% of Total],Total,EU27,Heat_Low_Residential,2040,0.16155523163521074
Final Energy Demand [% of Total],Total,EU27,Heat_Low_Residential,2045,0.1592998902502896
Final Energy Demand [% of Total],Total,EU27,Heat_Low_Residential,2050,0.1553412326703342
Final Energy Demand [% of Total],Total,EU27,Biofuel,2022,0.14285714285714285
Final Energy Demand [% of Total],Total,EU27,Biofuel,2025,0.14285714285714282
Final Energy Demand [% of Total],Total,EU27,Biofuel,2030,0.14285714285714282
Final Energy Demand [% of Total],Total,EU27,Biofuel,2035,0.14174270923659293
Final Energy Demand [% of Total],Total,EU27,Biofuel,2040,0.14030327336387455
Final Energy Demand [% of Total],Total,EU27,Biofuel,2045,0.1567602260239237
Final Energy Demand [% of Total],Total,EU27,Biofuel,2050,0.16166399297742087
Final Energy Demand [% of Total],Total,EU27,LNG,2022,0.12499999999999999
Final Energy Demand [% of Total],Total,EU27,LNG,2025,0.12499999999999997
Final Energy Demand [% of Total],Total,EU27,LNG,2030,0.12499999999999997
Final Energy Demand [% of Total],Total,EU27,LNG,2035,0.12279769297948809
Final Energy Demand [% of Total],Total,EU27,LNG,2040,0.12195092262620556
Final Energy Demand [% of Total],Total,EU27,LNG,2045,0.11842077691869252
Final Energy Demand [% of Total],Total,EU27,LNG,2050,0.11522288563594395
Final Energy Demand [% of Total],Total,EU27,LBG,2022,0.11111111111111109
Final Energy Demand [% of Total],Total,EU27,LBG,2025,0.11111111111111108
Final Energy Demand [% of Total],Total,EU27,LBG,2030,0.11111111111111109
Final Energy Demand [% of Total],Total,EU27,LBG,2035,0.10936760357391598
Final Energy Demand [% of Total],Total,EU27,LBG,2040,0.10869541632066139
Final Energy Demand [% of Total],Total,EU27,LBG,2045,0.1058821325234568
Final Energy Demand [% of Total],Total,EU27,LBG,2050,0.10331825782990395
Final Energy Demand [% of Total],Total,EU27,LSG,2022,0.09999999999999998
Final Energy Demand [% of Total],Total,EU27,LSG,2025,0.09999999999999996
Final Energy Demand [% of Total],Total,EU27,LSG,2030,0.09999999999999998
Final Energy Demand [% of Total],Total,EU27,LSG,2035,0.09858553938440202
Final Energy Demand [% of Total],Total,EU27,LSG,2040,0.09803902381176982
Final Energy Demand [% of Total],Total,EU27,LSG,2045,0.09574450062037777
Final Energy Demand [% of Total],Total,EU27,LSG,2050,0.09364320502872733
Final Energy Demand [% of Total],Total,EU27,LH2,2022,0.0909090909090909
Final Energy Demand [% of Total],Total,EU27,LH2,2025,0.09090909090909088
Final Energy Demand [% of Total],Total,EU27,LH2,2030,0.09090909090909088
Final Energy Demand [% of Total],Total,EU27,LH2,2035,0.08973861010372022
Final Energy Demand [% of Total],Total,EU27,LH2,2040,0.08928555514487439
Final Energy Demand [% of Total],Total,EU27,LH2,2045,0.0873784906665469
Final Energy Demand [% of Total],Total,EU27,LH2,2050,0.08562500511880156
Final Energy Demand [% of Total],Total,EU27,Air,2022,0.08333333333333333
Final Energy Demand [% of Total],Total,EU27,Air,2025,0.0833333333333333
Final Energy Demand [% of Total],Total,EU27,Air,2030,0.08333333333333331
Final Energy Demand [% of Total],Total,EU27,Air,2035,0.08234874792146622
Final Energy Demand [% of Total],Total,EU27,Air,2040,0.08196707899334942
Final Energy Demand [% of Total],Total,EU27,Air,2045,0.08035701590251725
Final Energy Demand [% of Total],Total,EU27,Air,2050,0.07887162207490928
Final Energy Demand [% of Total],Total,EU27,DAC_Dummy,2022,0.07692307692307693
Final Energy Demand [% of Total],Total,EU27,DAC_Dummy,2025,0.0769230769230769
Final Energy Demand [% of Total],Total,EU27,DAC_Dummy,2030,0.0769230769230769
Final Energy Demand [% of Total],Total,EU27,DAC_Dummy,2035,0.07608337708119317
Final Energy Demand [% of Total],Total,EU27,DAC_Dummy,2040,0.07575746118783089
Final Energy Demand [% of Total],Total,EU27,DAC_Dummy,2045,0.07438005651806497
Final Energy Demand [% of Total],Total,EU27,DAC_Dummy,2050,0.07310566008142995
Final Energy Demand [% of Total],Total,EU27,ETS,2022,0.07142857142857144
Final Energy Demand [% of Total],Total,EU27,ETS,2025,0.0714285714285714
Final Energy Demand [% of Total],Total,EU27,ETS,2030,0.07142857142857141
Final Energy Demand [% of Total],Total,EU27,ETS,2035,0.07070397954437734
Final Energy Demand [% of Total],Total,EU27,ETS,2040,0.0704224362099064
Final Energy Demand [% of Total],Total,EU27,ETS,2045,0.06923067499886557
Final Energy Demand [% of Total],Total,EU27,ETS,2050,0.06812531403094314
Final Energy Demand [% of Total],Total,EU27,ETS_Source,2022,0.06666666666666668
Final Energy Demand [% of Total],Total,EU27,ETS_Source,2025,0.06666666666666664
Final Energy Demand [% of Total],Total,EU27,ETS_Source,2030,0.06666666666666667
Final Energy Demand [% of Total],Total,EU27,ETS_Source,2035,0.06603503946484293
Final Energy Demand [% of Total],Total,EU27,ETS_Source,2040,0.06578938728083311
Final Energy Demand [% of Total],Total,EU27,ETS_Source,2045,0.06474811901457936
Final Energy Demand [% of Total],Total,EU27,ETS_Source,2050,0.06378026354777468
Final Energy Demand [% of Total],Total,EU27,Heat_District,2022,0.06250000000000001
Final Energy Demand [% of Total],Total,EU27,Heat_District,2025,0.06249999999999998
Final Energy Demand [% of Total],Total,EU27,Heat_District,2030,0.0625
Final Energy Demand [% of Total],Total,EU27,Heat_District,2035,0.06194452998279773
Final Energy Demand [% of Total],Total,EU27,Heat_District,2040,0.06172831899619746
Final Energy Demand [% of Total],Total,EU27,Heat_District,2045,0.06081073810630773
Final Energy Demand [% of Total],Total,EU27,Heat_District,2050,0.05995623883363228
Final Energy Demand [% of Total],Total,EU27,Oil,2022,0.2539431345410445
Final Energy Demand [% of Total],Total,EU27,Oil,2025,0.18803641136278237
Final Energy Demand [% of Total],Total,EU27,Oil,2030,0.13266084406785394
Final Energy Demand [% of Total],Total,EU27,Oil,2035,0.11536319235323274
Final Energy Demand [% of Total],Total,EU27,Oil,2040,0.09080093490974327
Final Energy Demand [% of Total],Total,EU27,Oil,2045,0.07140200539005778
Final Energy Demand [% of Total],Total,EU27,Oil,2050,0.05656482469465689
Final Energy Demand [% of Total],Total,EU27,Gas_Natural,2022,0.04455119622803864
Final Energy Demand [% of Total],Total,EU27,Gas_Natural,2025,0.08862378533903072
Final Energy Demand [% of Total],Total,EU27,Gas_Natural,2030,0.11112387372645324
Final Energy Demand [% of Total],Total,EU27,Gas_Natural,2035,0.129769810974975
Final Energy Demand [% of Total],Total,EU27,Gas_Natural,2040,0.11704887974047001
Final Energy Demand [% of Total],Total,EU27,Gas_Natural,2045,0.08499533005892691
Final Energy Demand [% of Total],Total,EU27,Gas_Natural,2050,0.05353653971113784
Final Energy Demand [% of Total],Total,EU27,Hardcoal,2022,0.08349060147069788
Final Energy Demand [% of Total],Total,EU27,Hardcoal,2025,0.09074193884010767
Final Energy Demand [% of Total],Total,EU27,Hardcoal,2030,0.09459793481868489
Final Energy Demand [% of Total],Total,EU27,Hardcoal,2035,0.05540162107940211
Final Energy Demand [% of Total],Total,EU27,Hardcoal,2040,0.04997725689303845
Final Energy Demand [% of Total],Total,EU27,Hardcoal,2045,0.0491306140350553
Final Energy Demand [% of Total],Total,EU27,Hardcoal,2050,0.05081602554175925
Final Energy Demand [% of Total],Total,EU27,Area_Rooftop_Commercial,2022,0.03922977592985721
Final Energy Demand [% of Total],Total,EU27,Area_Rooftop_Commercial,2025,0.04035630860630306
Final Energy Demand [% of Total],Total,EU27,Area_Rooftop_Commercial,2030,0.0418029123561556
Final Energy Demand [% of Total],Total,EU27,Area_Rooftop_Commercial,2035,0.04310366509660238
Final Energy Demand [% of Total],Total,EU27,Area_Rooftop_Commercial,2040,0.04496092482644489
Final Energy Demand [% of Total],Total,EU27,Area_Rooftop_Commercial,2045,0.04682983546356952
Final Energy Demand [% of Total],Total,EU27,Area_Rooftop_Commercial,2050,0.04835863205984179
Final Energy Demand [% of Total],Total,EU27,Biomass,2022,0.047871816752506166
Final Energy Demand [% of Total],Total,EU27,Biomass,2025,0.04884297682623509
Final Energy Demand [% of Total],Total,EU27,Biomass,2030,0.05278111859094703
Final Energy Demand [% of Total],Total,EU27,Biomass,2035,0.0683772464054148
Final Energy Demand [% of Total],Total,EU27,Biomass,2040,0.07523603979271198
Final Energy Demand [% of Total],Total,EU27,Biomass,2045,0.07807835322292679
Final Energy Demand [% of Total],Total,EU27,Biomass,2050,0.0795528820723224
Final Energy Demand [% of Total],Total,EU27,Power,2022,0.03602409655932801
Final Energy Demand [% of Total],Total,EU27,Power,2025,0.04054500603722618
Final Energy Demand [% of Total],Total,EU27,Power,2030,0.04369708493253039
Final Energy Demand [% of Total],Total,EU27,Power,2035,0.05392392975312657
Final Energy Demand [% of Total],Total,EU27,Power,2040,0.07757917055103768
Final Energy Demand [% of Total],Total,EU27,Power,2045,0.11629947659026639
Final Energy Demand [% of Total],Total,EU27,Power,2050,0.14897931522135088
Final Energy Demand [% of Total],Total,EU27,Mobility_Freight,2022,0.03475482186509732
Final Energy Demand [% of Total],Total,EU27,Mobility_Freight,2025,0.03552067290258957
Final Energy Demand [% of Total],Total,EU27,Mobility_Freight,2030,0.03648471630900712
Final Energy Demand [% of Total],Total,EU27,Mobility_Freight,2035,0.03660047910937141
Final Energy Demand [% of Total],Total,EU27,Mobility_Freight,2040,0.03693604265298666
Final Energy Demand [% of Total],Total,EU27,Mobility_Freight,2045,0.036750279641212746
Final Energy Demand [% of Total],Total,EU27,Mobility_Freight,2050,0.036497718156771566
Final Energy Demand [% of Total],Total,EU27,Mobility_Passenger,2022,0.03358749447763226
Final Energy Demand [% of Total],Total,EU27,Mobility_Passenger,2025,0.034302234452764965
Final Energy Demand [% of Total],Total,EU27,Mobility_Passenger,2030,0.03520043830354941
Final Energy Demand [% of Total],Total,EU27,Mobility_Passenger,2035,0.03530818270585586
Final Energy Demand [% of Total],Total,EU27,Mobility_Passenger,2040,0.03562036724896388
Final Energy Demand [% of Total],Total,EU27,Mobility_Passenger,2045,0.0354475714768371
Final Energy Demand [% of Total],Total,EU27,Mobility_Passenger,2050,0.03521254076822892
Final Energy Demand [% of Total],Total,EU27,Gas_Bio,2022,0.03249603411137162
Final Energy Demand [% of Total],Total,EU27,Gas_Bio,2025,0.03316461408488961
Final Energy Demand [% of Total],Total,EU27,Gas_Bio,2030,0.034003500192904344
Final Energy Demand [% of Total],Total,EU27,Gas_Bio,2035,0.03733832918181524
Final Energy Demand [% of Total],Total,EU27,Gas_Bio,2040,0.0374395137753517
Final Energy Demand [% of Total],Total,EU27,Gas_Bio,2045,0.04197165316649442
Final Energy Demand [% of Total],Total,EU27,Gas_Bio,2050,0.04262808383151502
Final Energy Demand [% of Total],Total,EU27,Heat_High_Industrial,2022,0.03147327741490035
Final Energy Demand [% of Total],Total,EU27,Heat_High_Industrial,2025,0.03210002901063804
Final Energy Demand [% of Total],Total,EU27,Heat_High_Industrial,2030,0.03288528538497271
Final Energy Demand [% of Total],Total,EU27,Heat_High_Industrial,2035,0.03287250322424956
Final Energy Demand [% of Total],Total,EU27,Heat_High_Industrial,2040,0.03315014695184227
Final Energy Demand [% of Total],Total,EU27,Heat_High_Industrial,2045,0.032844390095146905
Final Energy Demand [% of Total],Total,EU27,Heat_High_Industrial,2050,0.03261209506306329
Final Energy Demand [% of Total],Total,EU27,Heat_Low_Industrial,2022,0.030512935336317513
Final Energy Demand [% of Total],Total,EU27,Heat_Low_Industrial,2025,0.031101664672375646
Final Energy Demand [% of Total],Total,EU27,Heat_Low_Industrial,2030,0.03183827463735805
Final Energy Demand [% of Total],Total,EU27,Heat_Low_Industrial,2035,0.031826293295284414
Final Energy Demand [% of Total],Total,EU27,Heat_Low_Industrial,2040,0.03208647557148098
Final Energy Demand [% of Total],Total,EU27,Heat_Low_Industrial,2045,0.031799940446131714
Final Energy Demand [% of Total],Total,EU27,Heat_Low_Industrial,2050,0.03158213545917416
Final Energy Demand [% of Total],Total,EU27,Heat_Medium_Industrial,2022,0.02960946368553766
Final Energy Demand [% of Total],Total,EU27,Heat_Medium_Industrial,2025,0.030163528716887437
Final Energy Demand [% of Total],Total,EU27,Heat_Medium_Industrial,2030,0.030855876758930735
Final Energy Demand [% of Total],Total,EU27,Heat_Medium_Industrial,2035,0.03084462326855677
Final Energy Demand [% of Total],Total,EU27,Heat_Medium_Industrial,2040,0.03108894102474721
Final Energy Demand [% of Total],Total,EU27,Heat_Medium_Industrial,2045,0.030819870402766247
Final Energy Demand [% of Total],Total,EU27,Heat_Medium_Industrial,2050,0.03061524077781401
Final Energy Demand [% of Total],Total,EU27,Powerfuel,2022,0.028757956030774162
Final Energy Demand [% of Total],Total,EU27,Powerfuel,2025,0.029280330623291818
Final Energy Demand [% of Total],Total,EU27,Powerfuel,2030,0.029932289716331013
Final Energy Demand [% of Total],Total,EU27,Powerfuel,2035,0.029921699713343797
Final Energy Demand [% of Total],Total,EU27,Powerfuel,2040,0.030151560925335386
Final Energy Demand [% of Total],Total,EU27,Powerfuel,2045,0.02989840542239856
Final Energy Demand [% of Total],Total,EU27,Powerfuel,2050,0.030324617441981425
Primary Energy [TWh],Total,Dakar,Oil,2022,14.376291242779446
Primary Energy [TWh],Total,Dakar,Oil,2025,9.144122825916648
Primary Energy [TWh],Total,Dakar,Oil,2030,4.527838326963797
Primary Energy [TWh],Total,Dakar,Oil,2035,4.143206346032125
Primary Energy [TWh],Total,Dakar,Oil,2040,2.6215447620925105
Primary Energy [TWh],Total,Dakar,Oil,2045,1.6737265525051355
Primary Energy [TWh],Total,Dakar,Gas_Natural,2025,4.878831425971897
Primary Energy [TWh],Total,Dakar,Hardcoal,2022,2.8805240173108895
Primary Energy [TWh],Total,Dakar,Hardcoal,2025,3.4650231522697226
Primary Energy [TWh],Total,Dakar,Hardcoal,2030,4.114824103033618
Primary Energy [TWh],Total,Dakar,Hardcoal,2035,0.9786942041048613
Primary Energy [TWh],Total,Dakar,Hardcoal,2040,0.3469262630219022
Primary Energy [TWh],Total,Dakar,Biomass,2022,0.11013700350000064
Primary Energy [TWh],Total,Dakar,Biomass,2025,0.12895520363599924
Primary Energy [TWh],Total,Dakar,Biomass,2030,0.20220340314361954
Primary Energy [TWh],Total,Dakar,Biomass,2035,0.6688888888888889
Primary Energy [TWh],Total,Dakar,Biomass,2040,0.9766666666666667
Primary Energy [TWh],Total,Dakar,Biomass,2045,0.9988888888888889
Primary Energy [TWh],Total,Dakar,Biomass,2050,1.2677777777777777
Primary Energy [TWh],Total,Dakar,Power,2022,0.0021599982720013826
Primary Energy [TWh],Total,Dakar,Power,2025,0.05555555555555556
Primary Energy [TWh],Total,Dakar,Power,2030,1.6941871471621837
Primary Energy [TWh],Total,Dakar,Power,2035,2.676996749455115
Primary Energy [TWh],Total,Dakar,Power,2040,6.585935604914031
Primary Energy [TWh],Total,Dakar,Power,2045,11.686789100739999
Primary Energy [TWh],Total,Dakar,Power,2050,14.305312706479999
Primary Energy [TWh],Total,Dakar,Gas_Bio,2035,0.22222222222222224
Primary Energy [TWh],Total,Dakar,Gas_Bio,2040,0.3083902030264905
Primary Energy [TWh],Total,Dakar,Gas_Bio,2045,0.4444444444444445
Primary Energy [TWh],Total,Dakar,Gas_Bio,2050,0.5555555555555556
Primary Energy [TWh],Total,Diourbel,Oil,2022,1.395412935079036
Primary Energy [TWh],Total,Diourbel,Oil,2025,1.3989881920189295
Primary Energy [TWh],Total,Diourbel,Oil,2030,1.266305193375083
Primary Energy [TWh],Total,Diourbel,Oil,2035,1.287221931282318
Primary Energy [TWh],Total,Diourbel,Oil,2040,0.9856155951965689
Primary Energy [TWh],Total,Diourbel,Oil,2045,0.43203495764352334
Primary Energy [TWh],Total,Diourbel,Hardcoal,2022,0.4976258308333334
Primary Energy [TWh],Total,Diourbel,Hardcoal,2025,0.7269125208719998
Primary Energy [TWh],Total,Diourbel,Hardcoal,2030,1.0935813422444436
Primary Energy [TWh],Total,Diourbel,Hardcoal,2035,0.2619347031030804
Primary Energy [TWh],Total,Diourbel,Hardcoal,2040,0.062293911060114636
Primary Energy [TWh],Total,Diourbel,Biomass,2022,0.25648881343055513
Primary Energy [TWh],Total,Diourbel,Biomass,2025,0.29884087485000027
Primary Energy [TWh],Total,Diourbel,Biomass,2030,0.3814897140391071
Primary Energy [TWh],Total,Diourbel,Biomass,2035,1.3516062531486415
Primary Energy [TWh],Total,Diourbel,Biomass,2040,1.806666666666667
Primary Energy [TWh],Total,Diourbel,Biomass,2045,2.761111111111111
Primary Energy [TWh],Total,Diourbel,Biomass,2050,2.76
Primary Energy [TWh],Total,Diourbel,Power,2022,0.050999959200032634
Primary Energy [TWh],Total,Diourbel,Power,2025,0.058242811394390685
Primary Energy [TWh],Total,Diourbel,Power,2030,0.07364864957943512
Primary Energy [TWh],Total,Diourbel,Power,2035,0.08905528694683082
Primary Energy [TWh],Total,Diourbel,Power,2040,0.10446112513187525
Primary Energy [TWh],Total,Diourbel,Power,2045,0.7053579447841664
Primary Energy [TWh],Total,Diourbel,Power,2050,8.765480196621468
Primary Energy [TWh],Total,Diourbel,Gas_Bio,2035,0.13333333333333333
Primary Energy [TWh],Total,Diourbel,Gas_Bio,2040,0.13333333333333347
Primary Energy [TWh],Total,Diourbel,Gas_Bio,2045,0.22222222222222224
Primary Energy [TWh],Total,Diourbel,Gas_Bio,2050,0.2777777777777778
Primary Energy [TWh],Total,Thies,Oil,2022,3.5144010646587764
Primary Energy [TWh],Total,Thies,Oil,2025,2.1318434601136875
Primary Energy [TWh],Total,Thies,Oil,2030,1.5269834981540862
Primary Energy [TWh],Total,Thies,Oil,2035,0.7965579856888184
Primary Energy [TWh],Total,Thies,Oil,2040,0.7089066803311406
Primary Energy [TWh],Total,Thies,Oil,2045,0.46728797875061906
Primary Energy [TWh],Total,Thies,Hardcoal,2022,1.8962880195636513
Primary Energy [TWh],Total,Thies,Hardcoal,2025,2.8269270490808474
Primary Energy [TWh],Total,Thies,Hardcoal,2030,3.5494587670751274
Primary Energy [TWh],Total,Thies,Hardcoal,2035,0.7193694148330864
Primary Energy [TWh],Total,Thies,Hardcoal,2040,0.18749644495430845
Primary Energy [TWh],Total,Thies,Biomass,2022,0.1978263260069436
Primary Energy [TWh],Total,Thies,Biomass,2025,0.23309702294110998
Primary Energy [TWh],Total,Thies,Biomass,2030,0.45333333333333337
Primary Energy [TWh],Total,Thies,Biomass,2035,1.8133333333333335
Primary Energy [TWh],Total,Thies,Biomass,2040,2.461111111111111
Primary Energy [TWh],Total,Thies,Biomass,2045,2.362222222222222
Primary Energy [TWh],Total,Thies,Biomass,2050,2.272222222222222
Primary Energy [TWh],Total,Thies,Power,2022,0.595359523712381
Primary Energy [TWh],Total,Thies,Power,2025,1.0533922755562943
Primary Energy [TWh],Total,Thies,Power,2030,1.728801844669124
Primary Energy [TWh],Total,Thies,Power,2035,4.585067113908757
Primary Energy [TWh],Total,Thies,Power,2040,9.996300126019277
Primary Energy [TWh],Total,Thies,Power,2045,22.69598654309128
Primary Energy [TWh],Total,Thies,Power,2050,31.95028241470415
Primary Energy [TWh],Total,Thies,Gas_Bio,2035,0.1288888888888889
Primary Energy [TWh],Total,Thies,Gas_Bio,2040,0.12888888888888914
Primary Energy [TWh],Total,Thies,Gas_Bio,2045,0.21333333333333332
Primary Energy [TWh],Total,Thies,Gas_Bio,2050,0.26666666666666666
Primary Energy [TWh],Total,LS,Oil,2022,1.7583232834842408
Primary Energy [TWh],Total,LS,Oil,2025,1.7674839351025857
Primary Energy [TWh],Total,LS,Oil,2030,1.4944513423637078
Primary Energy [TWh],Total,LS,Oil,2035,1.461049020187971
Primary Energy [TWh],Total,LS,Oil,2040,0.8411375636107127
Primary Energy [TWh],Total,LS,Oil,2045,0.3231915950327932
Primary Energy [TWh],Total,LS,Gas_Natural,2025,1.7980965341222566
Primary Energy [TWh],Total,LS,Gas_Natural,2030,12.037295505917115
Primary Energy [TWh],Total,LS,Gas_Natural,2035,19.180622788423097
Primary Energy [TWh],Total,LS,Gas_Natural,2040,17.80321921581777
Primary Energy [TWh],Total,LS,Gas_Natural,2045,9.674103036213113
Primary Energy [TWh],Total,LS,Hardcoal,2022,0.18518518513888937
Primary Energy [TWh],Total,LS,Hardcoal,2025,0.28227992831699816
Primary Energy [TWh],Total,LS,Hardcoal,2030,0.21949747281608722
Primary Energy [TWh],Total,LS,Hardcoal,2035,0.09491908238799329
Primary Energy [TWh],Total,LS,Hardcoal,2040,0.0303665070697275
Primary Energy [TWh],Total,LS,Biomass,2022,0.2579813976388891
Primary Energy [TWh],Total,LS,Biomass,2025,0.3573068383993506
Primary Energy [TWh],Total,LS,Biomass,2030,0.7677442063367954
Primary Energy [TWh],Total,LS,Biomass,2035,1.0213696910347032
Primary Energy [TWh],Total,LS,Biomass,2040,1.222804902442197
Primary Energy [TWh],Total,LS,Biomass,2045,2.780907380288122
Primary Energy [TWh],Total,LS,Biomass,2050,3.3138888888888887
Primary Energy [TWh],Total,LS,Power,2022,0.04099996720002624
Primary Energy [TWh],Total,LS,Power,2025,0.08333333333333333
Primary Energy [TWh],Total,LS,Power,2030,0.3264364164911776
Primary Energy [TWh],Total,LS,Power,2035,1.7363855994618351
Primary Energy [TWh],Total,LS,Power,2040,5.660550550106945
Primary Energy [TWh],Total,LS,Power,2045,9.036125991481866
Primary Energy [TWh],Total,LS,Power,2050,11.376421593296556
Primary Energy [TWh],Total,LS,Gas_Bio,2035,0.11111111111111112
Primary Energy [TWh],Total,LS,Gas_Bio,2040,0.11111111111111135
Primary Energy [TWh],Total,LS,Gas_Bio,2045,0.2111111111111111
Primary Energy [TWh],Total,LS,Gas_Bio,2050,0.22222222222222224
Primary Energy [TWh],Total,FKK,Oil,2022,1.979664002604525
Primary Energy [TWh],Total,FKK,Oil,2025,1.9950434519943276
Primary Energy [TWh],Total,FKK,Oil,2030,1.7851296152745866
Primary Energy [TWh],Total,FKK,Oil,2035,1.8496190394186869
Primary Energy [TWh],Total,FKK,Oil,2040,1.1011173164329902
Primary Energy [TWh],Total,FKK,Oil,2045,0.40107780232228113
Primary Energy [TWh],Total,FKK,Hardcoal,2022,0.19210419205555596
Primary Energy [TWh],Total,FKK,Hardcoal,2025,0.38338409976101945
Primary Energy [TWh],Total,FKK,Hardcoal,2030,0.7177414820141333
Primary Energy [TWh],Total,FKK,Hardcoal,2035,0.20136207401103956
Primary Energy [TWh],Total,FKK,Hardcoal,2040,0.07037734090894361
Primary Energy [TWh],Total,FKK,Biomass,2022,0.38697209645833414
Primary Energy [TWh],Total,FKK,Biomass,2025,0.4576279067511832
Primary Energy [TWh],Total,FKK,Biomass,2030,0.6066151624572957
Primary Energy [TWh],Total,FKK,Biomass,2035,1.3724583542334505
Primary Energy [TWh],Total,FKK,Biomass,2040,1.8645225990973844
Primary Energy [TWh],Total,FKK,Biomass,2045,3.7229727239280868
Primary Energy [TWh],Total,FKK,Biomass,2050,4.791511822841174
Primary Energy [TWh],Total,FKK,Power,2022,0.08599993120005503
Primary Energy [TWh],Total,FKK,Power,2025,0.135999931200055
Primary Energy [TWh],Total,FKK,Power,2030,0.17197334805759043
Primary Energy [TWh],Total,FKK,Power,2035,0.2079486310466222
Primary Energy [TWh],Total,FKK,Power,2040,0.2439220479041576
Primary Energy [TWh],Total,FKK,Power,2045,0.2798973308931894
Primary Energy [TWh],Total,FKK,Power,2050,5.38660549299306
Primary Energy [TWh],Total,FKK,Gas_Bio,2035,0.13999999999999999
Primary Energy [TWh],Total,FKK,Gas_Bio,2040,0.14503922024078414
Primary Energy [TWh],Total,FKK,Gas_Bio,2045,0.22222222222222224
Primary Energy [TWh],Total,FKK,Gas_Bio,2050,0.2777777777777778
Primary Energy [TWh],Total,ZS,Oil,2022,0.9895405331827973
Primary Energy [TWh],Total,ZS,Oil,2025,1.100961846911197
Primary Energy [TWh],Total,ZS,Oil,2030,0.897765923250367
Primary Energy [TWh],Total,ZS,Oil,2035,0.8561761536210069
Primary Energy [TWh],Total,ZS,Oil,2040,0.5021470345504915
Primary Energy [TWh],Total,ZS,Oil,2045,0.19018925704928435
Primary Energy [TWh],Total,ZS,Hardcoal,2022,0.18979785641666724
Primary Energy [TWh],Total,ZS,Hardcoal,2025,0.2335930314167012
Primary Energy [TWh],Total,ZS,Hardcoal,2030,0.2666843537133051
Primary Energy [TWh],Total,ZS,Hardcoal,2035,0.07221869863838658
Primary Energy [TWh],Total,ZS,Hardcoal,2040,0.004170196585071804
Primary Energy [TWh],Total,ZS,Biomass,2022,0.2187814227916661
Primary Energy [TWh],Total,ZS,Biomass,2025,0.2517783590359101
Primary Energy [TWh],Total,ZS,Biomass,2030,0.3234321175671602
Primary Energy [TWh],Total,ZS,Biomass,2035,0.7599999999999999
Primary Energy [TWh],Total,ZS,Biomass,2040,0.9098858589694374
Primary Energy [TWh],Total,ZS,Biomass,2045,2.15742429291059
Primary Energy [TWh],Total,ZS,Biomass,2050,2.9233333333333333
Primary Energy [TWh],Total,ZS,Power,2050,0.21491472077340723
Primary Energy [TWh],Total,ZS,Gas_Bio,2035,0.13999999999999999
Primary Energy [TWh],Total,ZS,Gas_Bio,2040,0.14472396172840843
Primary Energy [TWh],Total,ZS,Gas_Bio,2045,0.21333333333333332
Primary Energy [TWh],Total,ZS,Gas_Bio,2050,0.26666666666666666
Primary Energy [TWh],Total,MTKK,Oil,2022,2.0089491628705023
Primary Energy [TWh],Total,MTKK,Oil,2025,2.177366359269898
Primary Energy [TWh],Total,MTKK,Oil,2030,1.838422129706705
Primary Energy [TWh],Total,MTKK,Oil,2035,1.9220653636610685
Primary Energy [TWh],Total,MTKK,Oil,2040,1.3158689173890445
Primary Energy [TWh],Total,MTKK,Oil,2045,0.4789565041645347
Primary Energy [TWh],Total,MTKK,Hardcoal,2022,0.27334147327222313
Primary Energy [TWh],Total,MTKK,Hardcoal,2025,0.5195300821544249
Primary Energy [TWh],Total,MTKK,Hardcoal,2030,0.8051684977680977
Primary Energy [TWh],Total,MTKK,Hardcoal,2035,0.23345260541579327
Primary Energy [TWh],Total,MTKK,Hardcoal,2040,0.10346019980121181
Primary Energy [TWh],Total,MTKK,Biomass,2022,0.2202740070000014
Primary Energy [TWh],Total,MTKK,Biomass,2025,0.25790676396531625
Primary Energy [TWh],Total,MTKK,Biomass,2030,0.33370468018854305
Primary Energy [TWh],Total,MTKK,Biomass,2035,1.059312261090085
Primary Energy [TWh],Total,MTKK,Biomass,2040,1.539602077268159
Primary Energy [TWh],Total,MTKK,Biomass,2045,3.4585763125321405
Primary Energy [TWh],Total,MTKK,Biomass,2050,4.716666666666667
Primary Energy [TWh],Total,MTKK,Power,2022,0.48601
Primary Energy [TWh],Total,MTKK,Power,2025,1.0611377615086883
Primary Energy [TWh],Total,MTKK,Power,2030,1.3555373760960003
Primary Energy [TWh],Total,MTKK,Power,2035,1.6391036452770391
Primary Energy [TWh],Total,MTKK,Power,2040,1.922655205138171
Primary Energy [TWh],Total,MTKK,Power,2045,2.768864711439505
Primary Energy [TWh],Total,MTKK,Power,2050,6.840324668731768
Primary Energy [TWh],Total,MTKK,Gas_Bio,2035,0.22222222222222224
Primary Energy [TWh],Total,MTKK,Gas_Bio,2040,0.2304254155987154
Primary Energy [TWh],Total,MTKK,Gas_Bio,2045,0.3333333333333333
Primary Energy [TWh],Total,MTKK,Gas_Bio,2050,0.38888888888888884
Primary Energy [TWh],Total,Total,Oil,2022,26.022582224659324
Primary Energy [TWh],Total,Total,Oil,2025,19.715810071327272
Primary Energy [TWh],Total,Total,Oil,2030,13.336896029088333
Primary Energy [TWh],Total,Total,Oil,2035,12.315895839891995
Primary Energy [TWh],Total,Total,Oil,2040,8.076337869603458
Primary Energy [TWh],Total,Total,Oil,2045,3.966464647468171
Primary Energy [TWh],Total,Total,Gas_Natural,2025,6.676927960094154
Primary Energy [TWh],Total,Total,Hardcoal,2022,6.11486657459121
Primary Energy [TWh],Total,Total,Hardcoal,2025,8.437649863871714
Primary Energy [TWh],Total,Total,Hardcoal,2030,10.766956018664812
Primary Energy [TWh],Total,Total,Hardcoal,2035,2.561950782494241
Primary Energy [TWh],Total,Total,Hardcoal,2040,0.8050908634012801
Primary Energy [TWh],Total,Total,Biomass,2022,1.64846106682639
Primary Energy [TWh],Total,Total,Biomass,2025,1.98551296957887
Primary Energy [TWh],Total,Total,Biomass,2030,3.068522617065855
Primary Energy [TWh],Total,Total,Biomass,2035,8.046968781729102
Primary Energy [TWh],Total,Total,Biomass,2040,10.78125988222162
Primary Energy [TWh],Total,Total,Biomass,2045,18.242102931881163
Primary Energy [TWh],Total,Total,Biomass,2050,22.04540071173006
Primary Energy [TWh],Total,Total,Power,2022,1.2615293795844962
Primary Energy [TWh],Total,Total,Power,2025,2.4476616685483172
Primary Energy [TWh],Total,Total,Power,2030,5.3505847820555115
Primary Energy [TWh],Total,Total,Power,2035,10.9345570260962
Primary Energy [TWh],Total,Total,Power,2040,24.513824659214453
Primary Energy [TWh],Total,Total,Power,2045,47.173021622430014
Primary Energy [TWh],Total,Total,Power,2050,78.8393417936004
Primary Energy [TWh],Total,Total,Gas_Bio,2035,1.097777777777778
Primary Energy [TWh],Total,Total,Gas_Bio,2040,1.2019121339277323
Primary Energy [TWh],Total,Total,Gas_Bio,2045,1.86
Primary Energy [TWh],Total,Total,Gas_Bio,2050,2.2555555555555555
Primary Energy [TWh],Total,Total,Gas_Natural,2030,12.037295505917115
Primary Energy [TWh],Total,Total,Gas_Natural,2035,19.180622788423097
Primary Energy [TWh],Total,Total,Gas_Natural,2040,17.80321921581777
Primary Energy [TWh],Total,Total,Gas_Natural,2045,9.674103036213113
Primary Energy [TWh],Total,EU27,Oil,2022,26.022582224659324
Primary Energy [TWh],Total,EU27,Oil,2025,19.715810071327272
Primary Energy [TWh],Total,EU27,Oil,2030,13.336896029088333
Primary Energy [TWh],Total,EU27,Oil,2035,12.315895839891995
Primary Energy [TWh],Total,EU27,Oil,2040,8.076337869603458
Primary Energy [TWh],Total,EU27,Oil,2045,3.966464647468171
Primary Energy [TWh],Total,EU27,Gas_Natural,2025,6.676927960094154
Primary Energy [TWh],Total,EU27,Hardcoal,2022,6.11486657459121
Primary Energy [TWh],Total,EU27,Hardcoal,2025,8.437649863871714
Primary Energy [TWh],Total,EU27,Hardcoal,2030,10.766956018664812
Primary Energy [TWh],Total,EU27,Hardcoal,2035,2.561950782494241
Primary Energy [TWh],Total,EU27,Hardcoal,2040,0.8050908634012801
Primary Energy [TWh],Total,EU27,Biomass,2022,1.64846106682639
Primary Energy [TWh],Total,EU27,Biomass,2025,1.98551296957887
Primary Energy [TWh],Total,EU27,Biomass,2030,3.068522617065855
Primary Energy [TWh],Total,EU27,Biomass,2035,8.046968781729102
Primary Energy [TWh],Total,EU27,Biomass,2040,10.78125988222162
Primary Energy [TWh],Total,EU27,Biomass,2045,18.242102931881163
Primary Energy [TWh],Total,EU27,Biomass,2050,22.04540071173006
Primary Energy [TWh],Total,EU27,Power,2022,1.2615293795844962
Primary Energy [TWh],Total,EU27,Power,2025,2.4476616685483172
Primary Energy [TWh],Total,EU27,Power,2030,5.3505847820555115
Primary Energy [TWh],Total,EU27,Power,2035,10.9345570260962
Primary Energy [TWh],Total,EU27,Power,2040,24.513824659214453
Primary Energy [TWh],Total,EU27,Power,2045,47.173021622430014
Primary Energy [TWh],Total,EU27,Power,2050,78.8393417936004
Primary Energy [TWh],Total,EU27,Gas_Bio,2035,1.097777777777778
Primary Energy [TWh],Total,EU27,Gas_Bio,2040,1.2019121339277323
Primary Energy [TWh],Total,EU27,Gas_Bio,2045,1.86
Primary Energy [TWh],Total,EU27,Gas_Bio,2050,2.2555555555555555
Primary Energy [TWh],Total,EU27,Gas_Natural,2030,12.037295505917115
Primary Energy [TWh],Total,EU27,Gas_Natural,2035,19.180622788423097
Primary Energy [TWh],Total,EU27,Gas_Natural,2040,17.80321921581777
Primary Energy [TWh],Total,EU27,Gas_Natural,2045,9.674103036213113
Primary Energy [% of Total],Total,Dakar,H2,2022,NaN
Primary Energy [% of Total],Total,Dakar,H2,2025,NaN
Primary Energy [% of Total],Total,Dakar,H2,2030,NaN
Primary Energy [% of Total],Total,Dakar,H2,2035,NaN
Primary Energy [% of Total],Total,Dakar,H2,2040,NaN
Primary Energy [% of Total],Total,Dakar,H2,2045,NaN
Primary Energy [% of Total],Total,Dakar,H2,2050,NaN
Primary Energy [% of Total],Total,Dakar,Nuclear,2022,NaN
Primary Energy [% of Total],Total,Dakar,Nuclear,2025,NaN
Primary Energy [% of Total],Total,Dakar,Nuclear,2030,NaN
Primary Energy [% of Total],Total,Dakar,Nuclear,2035,NaN
Primary Energy [% of Total],Total,Dakar,Nuclear,2040,NaN
Primary Energy [% of Total],Total,Dakar,Nuclear,2045,NaN
Primary Energy [% of Total],Total,Dakar,Nuclear,2050,NaN
Primary Energy [% of Total],Total,Dakar,Lignite,2022,NaN
Primary Energy [% of Total],Total,Dakar,Lignite,2025,NaN
Primary Energy [% of Total],Total,Dakar,Lignite,2030,NaN
Primary Energy [% of Total],Total,Dakar,Lignite,2035,NaN
Primary Energy [% of Total],Total,Dakar,Lignite,2040,NaN
Primary Energy [% of Total],Total,Dakar,Lignite,2045,NaN
Primary Energy [% of Total],Total,Dakar,Lignite,2050,NaN
Primary Energy [% of Total],Total,Dakar,Gas_Synth,2022,NaN
Primary Energy [% of Total],Total,Dakar,Gas_Synth,2025,NaN
Primary Energy [% of Total],Total,Dakar,Gas_Synth,2030,NaN
Primary Energy [% of Total],Total,Dakar,Gas_Synth,2035,NaN
Primary Energy [% of Total],Total,Dakar,Gas_Synth,2040,NaN
Primary Energy [% of Total],Total,Dakar,Gas_Synth,2045,NaN
Primary Energy [% of Total],Total,Dakar,Gas_Synth,2050,NaN
Primary Energy [% of Total],Total,Dakar,Heat_Low_Residential,2022,NaN
Primary Energy [% of Total],Total,Dakar,Heat_Low_Residential,2025,NaN
Primary Energy [% of Total],Total,Dakar,Heat_Low_Residential,2030,NaN
Primary Energy [% of Total],Total,Dakar,Heat_Low_Residential,2035,NaN
Primary Energy [% of Total],Total,Dakar,Heat_Low_Residential,2040,NaN
Primary Energy [% of Total],Total,Dakar,Heat_Low_Residential,2045,NaN
Primary Energy [% of Total],Total,Dakar,Heat_Low_Residential,2050,NaN
Primary Energy [% of Total],Total,Dakar,Biofuel,2022,NaN
Primary Energy [% of Total],Total,Dakar,Biofuel,2025,NaN
Primary Energy [% of Total],Total,Dakar,Biofuel,2030,NaN
Primary Energy [% of Total],Total,Dakar,Biofuel,2035,NaN
Primary Energy [% of Total],Total,Dakar,Biofuel,2040,NaN
Primary Energy [% of Total],Total,Dakar,Biofuel,2045,NaN
Primary Energy [% of Total],Total,Dakar,Biofuel,2050,NaN
Primary Energy [% of Total],Total,Dakar,LNG,2022,NaN
Primary Energy [% of Total],Total,Dakar,LNG,2025,NaN
Primary Energy [% of Total],Total,Dakar,LNG,2030,NaN
Primary Energy [% of Total],Total,Dakar,LNG,2035,NaN
Primary Energy [% of Total],Total,Dakar,LNG,2040,NaN
Primary Energy [% of Total],Total,Dakar,LNG,2045,NaN
Primary Energy [% of Total],Total,Dakar,LNG,2050,NaN
Primary Energy [% of Total],Total,Dakar,LBG,2022,NaN
Primary Energy [% of Total],Total,Dakar,LBG,2025,NaN
Primary Energy [% of Total],Total,Dakar,LBG,2030,NaN
Primary Energy [% of Total],Total,Dakar,LBG,2035,NaN
Primary Energy [% of Total],Total,Dakar,LBG,2040,NaN
Primary Energy [% of Total],Total,Dakar,LBG,2045,NaN
Primary Energy [% of Total],Total,Dakar,LBG,2050,NaN
Primary Energy [% of Total],Total,Dakar,LSG,2022,NaN
Primary Energy [% of Total],Total,Dakar,LSG,2025,NaN
Primary Energy [% of Total],Total,Dakar,LSG,2030,NaN
Primary Energy [% of Total],Total,Dakar,LSG,2035,NaN
Primary Energy [% of Total],Total,Dakar,LSG,2040,NaN
Primary Energy [% of Total],Total,Dakar,LSG,2045,NaN
Primary Energy [% of Total],Total,Dakar,LSG,2050,NaN
Primary Energy [% of Total],Total,Dakar,LH2,2022,NaN
Primary Energy [% of Total],Total,Dakar,LH2,2025,NaN
Primary Energy [% of Total],Total,Dakar,LH2,2030,NaN
Primary Energy [% of Total],Total,Dakar,LH2,2035,NaN
Primary Energy [% of Total],Total,Dakar,LH2,2040,NaN
Primary Energy [% of Total],Total,Dakar,LH2,2045,NaN
Primary Energy [% of Total],Total,Dakar,LH2,2050,NaN
Primary Energy [% of Total],Total,Dakar,Air,2022,NaN
Primary Energy [% of Total],Total,Dakar,Air,2025,NaN
Primary Energy [% of Total],Total,Dakar,Air,2030,NaN
Primary Energy [% of Total],Total,Dakar,Air,2035,NaN
Primary Energy [% of Total],Total,Dakar,Air,2040,NaN
Primary Energy [% of Total],Total,Dakar,Air,2045,NaN
Primary Energy [% of Total],Total,Dakar,Air,2050,NaN
Primary Energy [% of Total],Total,Dakar,DAC_Dummy,2022,NaN
Primary Energy [% of Total],Total,Dakar,DAC_Dummy,2025,NaN
Primary Energy [% of Total],Total,Dakar,DAC_Dummy,2030,NaN
Primary Energy [% of Total],Total,Dakar,DAC_Dummy,2035,NaN
Primary Energy [% of Total],Total,Dakar,DAC_Dummy,2040,NaN
Primary Energy [% of Total],Total,Dakar,DAC_Dummy,2045,NaN
Primary Energy [% of Total],Total,Dakar,DAC_Dummy,2050,NaN
Primary Energy [% of Total],Total,Dakar,ETS,2022,NaN
Primary Energy [% of Total],Total,Dakar,ETS,2025,NaN
Primary Energy [% of Total],Total,Dakar,ETS,2030,NaN
Primary Energy [% of Total],Total,Dakar,ETS,2035,NaN
Primary Energy [% of Total],Total,Dakar,ETS,2040,NaN
Primary Energy [% of Total],Total,Dakar,ETS,2045,NaN
Primary Energy [% of Total],Total,Dakar,ETS,2050,NaN
Primary Energy [% of Total],Total,Dakar,ETS_Source,2022,NaN
Primary Energy [% of Total],Total,Dakar,ETS_Source,2025,NaN
Primary Energy [% of Total],Total,Dakar,ETS_Source,2030,NaN
Primary Energy [% of Total],Total,Dakar,ETS_Source,2035,NaN
Primary Energy [% of Total],Total,Dakar,ETS_Source,2040,NaN
Primary Energy [% of Total],Total,Dakar,ETS_Source,2045,NaN
Primary Energy [% of Total],Total,Dakar,ETS_Source,2050,NaN
Primary Energy [% of Total],Total,Dakar,Heat_District,2022,NaN
Primary Energy [% of Total],Total,Dakar,Heat_District,2025,NaN
Primary Energy [% of Total],Total,Dakar,Heat_District,2030,NaN
Primary Energy [% of Total],Total,Dakar,Heat_District,2035,NaN
Primary Energy [% of Total],Total,Dakar,Heat_District,2040,NaN
Primary Energy [% of Total],Total,Dakar,Heat_District,2045,NaN
Primary Energy [% of Total],Total,Dakar,Heat_District,2050,NaN
Primary Energy [% of Total],Total,Dakar,Oil,2022,1.0
Primary Energy [% of Total],Total,Dakar,Oil,2025,1.0
Primary Energy [% of Total],Total,Dakar,Oil,2030,1.0
Primary Energy [% of Total],Total,Dakar,Oil,2035,1.0
Primary Energy [% of Total],Total,Dakar,Oil,2040,1.0
Primary Energy [% of Total],Total,Dakar,Oil,2045,1.0
Primary Energy [% of Total],Total,Dakar,Oil,2050,NaN
Primary Energy [% of Total],Total,Dakar,Gas_Natural,2025,0.34791751711768143
Primary Energy [% of Total],Total,Dakar,Gas_Natural,2050,NaN
Primary Energy [% of Total],Total,Dakar,Hardcoal,2022,0.16692095116603867
Primary Energy [% of Total],Total,Dakar,Hardcoal,2025,0.19813744449634374
Primary Energy [% of Total],Total,Dakar,Hardcoal,2030,0.47610607684405976
Primary Energy [% of Total],Total,Dakar,Hardcoal,2035,0.19108028250932868
Primary Energy [% of Total],Total,Dakar,Hardcoal,2040,0.11687035517165971
Primary Energy [% of Total],Total,Dakar,Hardcoal,2050,NaN
Primary Energy [% of Total],Total,Dakar,Biomass,2022,0.00634175771478925
Primary Energy [% of Total],Total,Dakar,Biomass,2025,0.007319957821655373
Primary Energy [% of Total],Total,Dakar,Biomass,2030,0.022861104618000977
Primary Energy [% of Total],Total,Dakar,Biomass,2035,0.11550910215816951
Primary Energy [% of Total],Total,Dakar,Biomass,2040,0.24756212405497535
Primary Energy [% of Total],Total,Dakar,Biomass,2045,0.37374957632059214
Primary Energy [% of Total],Total,Dakar,Biomass,2050,1.0
Primary Energy [% of Total],Total,Dakar,Power,2022,0.0001243585877871334
Primary Energy [% of Total],Total,Dakar,Power,2025,0.003143618207127716
Primary Energy [% of Total],Total,Dakar,Power,2030,0.1607532622075727
Primary Energy [% of Total],Total,Dakar,Power,2035,0.3161389163435329
Primary Energy [% of Total],Total,Dakar,Power,2040,0.6253812331722016
Primary Energy [% of Total],Total,Dakar,Power,2045,0.8138770007104463
Primary Energy [% of Total],Total,Dakar,Power,2050,0.9185917670574557
Primary Energy [% of Total],Total,Dakar,Gas_Bio,2035,0.025572152720648476
Primary Energy [% of Total],Total,Dakar,Gas_Bio,2040,0.028450688821860155
Primary Energy [% of Total],Total,Dakar,Gas_Bio,2045,0.03002222225094222
Primary Energy [% of Total],Total,Dakar,Gas_Bio,2050,0.034445269254726935
Primary Energy [% of Total],Total,Diourbel,H2,2022,NaN
Primary Energy [% of Total],Total,Diourbel,H2,2025,NaN
Primary Energy [% of Total],Total,Diourbel,H2,2030,NaN
Primary Energy [% of Total],Total,Diourbel,H2,2035,NaN
Primary Energy [% of Total],Total,Diourbel,H2,2040,NaN
Primary Energy [% of Total],Total,Diourbel,H2,2045,NaN
Primary Energy [% of Total],Total,Diourbel,H2,2050,NaN
Primary Energy [% of Total],Total,Diourbel,Nuclear,2022,NaN
Primary Energy [% of Total],Total,Diourbel,Nuclear,2025,NaN
Primary Energy [% of Total],Total,Diourbel,Nuclear,2030,NaN
Primary Energy [% of Total],Total,Diourbel,Nuclear,2035,NaN
Primary Energy [% of Total],Total,Diourbel,Nuclear,2040,NaN
Primary Energy [% of Total],Total,Diourbel,Nuclear,2045,NaN
Primary Energy [% of Total],Total,Diourbel,Nuclear,2050,NaN
Primary Energy [% of Total],Total,Diourbel,Lignite,2022,NaN
Primary Energy [% of Total],Total,Diourbel,Lignite,2025,NaN
Primary Energy [% of Total],Total,Diourbel,Lignite,2030,NaN
Primary Energy [% of Total],Total,Diourbel,Lignite,2035,NaN
Primary Energy [% of Total],Total,Diourbel,Lignite,2040,NaN
Primary Energy [% of Total],Total,Diourbel,Lignite,2045,NaN
Primary Energy [% of Total],Total,Diourbel,Lignite,2050,NaN
Primary Energy [% of Total],Total,Diourbel,Gas_Synth,2022,NaN
Primary Energy [% of Total],Total,Diourbel,Gas_Synth,2025,NaN
Primary Energy [% of Total],Total,Diourbel,Gas_Synth,2030,NaN
Primary Energy [% of Total],Total,Diourbel,Gas_Synth,2035,NaN
Primary Energy [% of Total],Total,Diourbel,Gas_Synth,2040,NaN
Primary Energy [% of Total],Total,Diourbel,Gas_Synth,2045,NaN
Primary Energy [% of Total],Total,Diourbel,Gas_Synth,2050,NaN
Primary Energy [% of Total],Total,Diourbel,Heat_Low_Residential,2022,NaN
Primary Energy [% of Total],Total,Diourbel,Heat_Low_Residential,2025,NaN
Primary Energy [% of Total],Total,Diourbel,Heat_Low_Residential,2030,NaN
Primary Energy [% of Total],Total,Diourbel,Heat_Low_Residential,2035,NaN
Primary Energy [% of Total],Total,Diourbel,Heat_Low_Residential,2040,NaN
Primary Energy [% of Total],Total,Diourbel,Heat_Low_Residential,2045,NaN
Primary Energy [% of Total],Total,Diourbel,Heat_Low_Residential,2050,NaN
Primary Energy [% of Total],Total,Diourbel,Biofuel,2022,NaN
Primary Energy [% of Total],Total,Diourbel,Biofuel,2025,NaN
Primary Energy [% of Total],Total,Diourbel,Biofuel,2030,NaN
Primary Energy [% of Total],Total,Diourbel,Biofuel,2035,NaN
Primary Energy [% of Total],Total,Diourbel,Biofuel,2040,NaN
Primary Energy [% of Total],Total,Diourbel,Biofuel,2045,NaN
Primary Energy [% of Total],Total,Diourbel,Biofuel,2050,NaN
Primary Energy [% of Total],Total,Diourbel,LNG,2022,NaN
Primary Energy [% of Total],Total,Diourbel,LNG,2025,NaN
Primary Energy [% of Total],Total,Diourbel,LNG,2030,NaN
Primary Energy [% of Total],Total,Diourbel,LNG,2035,NaN
Primary Energy [% of Total],Total,Diourbel,LNG,2040,NaN
Primary Energy [% of Total],Total,Diourbel,LNG,2045,NaN
Primary Energy [% of Total],Total,Diourbel,LNG,2050,NaN
Primary Energy [% of Total],Total,Diourbel,LBG,2022,NaN
Primary Energy [% of Total],Total,Diourbel,LBG,2025,NaN
Primary Energy [% of Total],Total,Diourbel,LBG,2030,NaN
Primary Energy [% of Total],Total,Diourbel,LBG,2035,NaN
Primary Energy [% of Total],Total,Diourbel,LBG,2040,NaN
Primary Energy [% of Total],Total,Diourbel,LBG,2045,NaN
Primary Energy [% of Total],Total,Diourbel,LBG,2050,NaN
Primary Energy [% of Total],Total,Diourbel,LSG,2022,NaN
Primary Energy [% of Total],Total,Diourbel,LSG,2025,NaN
Primary Energy [% of Total],Total,Diourbel,LSG,2030,NaN
Primary Energy [% of Total],Total,Diourbel,LSG,2035,NaN
Primary Energy [% of Total],Total,Diourbel,LSG,2040,NaN
Primary Energy [% of Total],Total,Diourbel,LSG,2045,NaN
Primary Energy [% of Total],Total,Diourbel,LSG,2050,NaN
Primary Energy [% of Total],Total,Diourbel,LH2,2022,NaN
Primary Energy [% of Total],Total,Diourbel,LH2,2025,NaN
Primary Energy [% of Total],Total,Diourbel,LH2,2030,NaN
Primary Energy [% of Total],Total,Diourbel,LH2,2035,NaN
Primary Energy [% of Total],Total,Diourbel,LH2,2040,NaN
Primary Energy [% of Total],Total,Diourbel,LH2,2045,NaN
Primary Energy [% of Total],Total,Diourbel,LH2,2050,NaN
Primary Energy [% of Total],Total,Diourbel,Air,2022,NaN
Primary Energy [% of Total],Total,Diourbel,Air,2025,NaN
Primary Energy [% of Total],Total,Diourbel,Air,2030,NaN
Primary Energy [% of Total],Total,Diourbel,Air,2035,NaN
Primary Energy [% of Total],Total,Diourbel,Air,2040,NaN
Primary Energy [% of Total],Total,Diourbel,Air,2045,NaN
Primary Energy [% of Total],Total,Diourbel,Air,2050,NaN
Primary Energy [% of Total],Total,Diourbel,DAC_Dummy,2022,NaN
Primary Energy [% of Total],Total,Diourbel,DAC_Dummy,2025,NaN
Primary Energy [% of Total],Total,Diourbel,DAC_Dummy,2030,NaN
Primary Energy [% of Total],Total,Diourbel,DAC_Dummy,2035,NaN
Primary Energy [% of Total],Total,Diourbel,DAC_Dummy,2040,NaN
Primary Energy [% of Total],Total,Diourbel,DAC_Dummy,2045,NaN
Primary Energy [% of Total],Total,Diourbel,DAC_Dummy,2050,NaN
Primary Energy [% of Total],Total,Diourbel,ETS,2022,NaN
Primary Energy [% of Total],Total,Diourbel,ETS,2025,NaN
Primary Energy [% of Total],Total,Diourbel,ETS,2030,NaN
Primary Energy [% of Total],Total,Diourbel,ETS,2035,NaN
Primary Energy [% of Total],Total,Diourbel,ETS,2040,NaN
Primary Energy [% of Total],Total,Diourbel,ETS,2045,NaN
Primary Energy [% of Total],Total,Diourbel,ETS,2050,NaN
Primary Energy [% of Total],Total,Diourbel,ETS_Source,2022,NaN
Primary Energy [% of Total],Total,Diourbel,ETS_Source,2025,NaN
Primary Energy [% of Total],Total,Diourbel,ETS_Source,2030,NaN
Primary Energy [% of Total],Total,Diourbel,ETS_Source,2035,NaN
Primary Energy [% of Total],Total,Diourbel,ETS_Source,2040,NaN
Primary Energy [% of Total],Total,Diourbel,ETS_Source,2045,NaN
Primary Energy [% of Total],Total,Diourbel,ETS_Source,2050,NaN
Primary Energy [% of Total],Total,Diourbel,Heat_District,2022,NaN
Primary Energy [% of Total],Total,Diourbel,Heat_District,2025,NaN
Primary Energy [% of Total],Total,Diourbel,Heat_District,2030,NaN
Primary Energy [% of Total],Total,Diourbel,Heat_District,2035,NaN
Primary Energy [% of Total],Total,Diourbel,Heat_District,2040,NaN
Primary Energy [% of Total],Total,Diourbel,Heat_District,2045,NaN
Primary Energy [% of Total],Total,Diourbel,Heat_District,2050,NaN
Primary Energy [% of Total],Total,Diourbel,Oil,2022,1.0
Primary Energy [% of Total],Total,Diourbel,Oil,2025,1.0
Primary Energy [% of Total],Total,Diourbel,Oil,2030,1.0
Primary Energy [% of Total],Total,Diourbel,Oil,2035,1.0
Primary Energy [% of Total],Total,Diourbel,Oil,2040,1.0
Primary Energy [% of Total],Total,Diourbel,Oil,2045,1.0
Primary Energy [% of Total],Total,Diourbel,Oil,2050,NaN
Primary Energy [% of Total],Total,Diourbel,Gas_Natural,2050,NaN
Primary Energy [% of Total],Total,Diourbel,Hardcoal,2022,0.26287144235712334
Primary Energy [% of Total],Total,Diourbel,Hardcoal,2025,0.34193154763257966
Primary Energy [% of Total],Total,Diourbel,Hardcoal,2030,0.46340420428618284
Primary Energy [% of Total],Total,Diourbel,Hardcoal,2035,0.16908212977895457
Primary Energy [% of Total],Total,Diourbel,Hardcoal,2040,0.05944588792083717
Primary Energy [% of Total],Total,Diourbel,Hardcoal,2050,NaN
Primary Energy [% of Total],Total,Diourbel,Biomass,2022,0.11932334150788591
Primary Energy [% of Total],Total,Diourbel,Biomass,2025,0.12324648381538372
Primary Energy [% of Total],Total,Diourbel,Biomass,2030,0.1391599252698755
Primary Energy [% of Total],Total,Diourbel,Biomass,2035,0.4659485471760334
Primary Energy [% of Total],Total,Diourbel,Biomass,2040,0.632901894089753
Primary Energy [% of Total],Total,Diourbel,Biomass,2045,0.864699281416831
Primary Energy [% of Total],Total,Diourbel,Biomass,2050,1.0
Primary Energy [% of Total],Total,Diourbel,Power,2022,0.02317624219954157
Primary Energy [% of Total],Total,Diourbel,Power,2025,0.023456777019893193
Primary Energy [% of Total],Total,Diourbel,Power,2030,0.026162699164532892
Primary Energy [% of Total],Total,Diourbel,Power,2035,0.029786188239454964
Primary Energy [% of Total],Total,Diourbel,Power,2040,0.035302402305145135
Primary Energy [% of Total],Total,Diourbel,Power,2045,0.18093041390609976
Primary Energy [% of Total],Total,Diourbel,Power,2050,0.7605305850242097
Primary Energy [% of Total],Total,Diourbel,Gas_Bio,2035,0.04269191968424521
Primary Energy [% of Total],Total,Diourbel,Gas_Bio,2040,0.043116867033969705
Primary Energy [% of Total],Total,Diourbel,Gas_Bio,2045,0.05392792665858373
Primary Energy [% of Total],Total,Diourbel,Gas_Bio,2050,0.023533991918186125
Primary Energy [% of Total],Total,Thies,H2,2022,NaN
Primary Energy [% of Total],Total,Thies,H2,2025,NaN
Primary Energy [% of Total],Total,Thies,H2,2030,NaN
Primary Energy [% of Total],Total,Thies,H2,2035,NaN
Primary Energy [% of Total],Total,Thies,H2,2040,NaN
Primary Energy [% of Total],Total,Thies,H2,2045,NaN
Primary Energy [% of Total],Total,Thies,H2,2050,NaN
Primary Energy [% of Total],Total,Thies,Nuclear,2022,NaN
Primary Energy [% of Total],Total,Thies,Nuclear,2025,NaN
Primary Energy [% of Total],Total,Thies,Nuclear,2030,NaN
Primary Energy [% of Total],Total,Thies,Nuclear,2035,NaN
Primary Energy [% of Total],Total,Thies,Nuclear,2040,NaN
Primary Energy [% of Total],Total,Thies,Nuclear,2045,NaN
Primary Energy [% of Total],Total,Thies,Nuclear,2050,NaN
Primary Energy [% of Total],Total,Thies,Lignite,2022,NaN
Primary Energy [% of Total],Total,Thies,Lignite,2025,NaN
Primary Energy [% of Total],Total,Thies,Lignite,2030,NaN
Primary Energy [% of Total],Total,Thies,Lignite,2035,NaN
Primary Energy [% of Total],Total,Thies,Lignite,2040,NaN
Primary Energy [% of Total],Total,Thies,Lignite,2045,NaN
Primary Energy [% of Total],Total,Thies,Lignite,2050,NaN
Primary Energy [% of Total],Total,Thies,Gas_Synth,2022,NaN
Primary Energy [% of Total],Total,Thies,Gas_Synth,2025,NaN
Primary Energy [% of Total],Total,Thies,Gas_Synth,2030,NaN
Primary Energy [% of Total],Total,Thies,Gas_Synth,2035,NaN
Primary Energy [% of Total],Total,Thies,Gas_Synth,2040,NaN
Primary Energy [% of Total],Total,Thies,Gas_Synth,2045,NaN
Primary Energy [% of Total],Total,Thies,Gas_Synth,2050,NaN
Primary Energy [% of Total],Total,Thies,Heat_Low_Residential,2022,NaN
Primary Energy [% of Total],Total,Thies,Heat_Low_Residential,2025,NaN
Primary Energy [% of Total],Total,Thies,Heat_Low_Residential,2030,NaN
Primary Energy [% of Total],Total,Thies,Heat_Low_Residential,2035,NaN
Primary Energy [% of Total],Total,Thies,Heat_Low_Residential,2040,NaN
Primary Energy [% of Total],Total,Thies,Heat_Low_Residential,2045,NaN
Primary Energy [% of Total],Total,Thies,Heat_Low_Residential,2050,NaN
Primary Energy [% of Total],Total,Thies,Biofuel,2022,NaN
Primary Energy [% of Total],Total,Thies,Biofuel,2025,NaN
Primary Energy [% of Total],Total,Thies,Biofuel,2030,NaN
Primary Energy [% of Total],Total,Thies,Biofuel,2035,NaN
Primary Energy [% of Total],Total,Thies,Biofuel,2040,NaN
Primary Energy [% of Total],Total,Thies,Biofuel,2045,NaN
Primary Energy [% of Total],Total,Thies,Biofuel,2050,NaN
Primary Energy [% of Total],Total,Thies,LNG,2022,NaN
Primary Energy [% of Total],Total,Thies,LNG,2025,NaN
Primary Energy [% of Total],Total,Thies,LNG,2030,NaN
Primary Energy [% of Total],Total,Thies,LNG,2035,NaN
Primary Energy [% of Total],Total,Thies,LNG,2040,NaN
Primary Energy [% of Total],Total,Thies,LNG,2045,NaN
Primary Energy [% of Total],Total,Thies,LNG,2050,NaN
Primary Energy [% of Total],Total,Thies,LBG,2022,NaN
Primary Energy [% of Total],Total,Thies,LBG,2025,NaN
Primary Energy [% of Total],Total,Thies,LBG,2030,NaN
Primary Energy [% of Total],Total,Thies,LBG,2035,NaN
Primary Energy [% of Total],Total,Thies,LBG,2040,NaN
Primary Energy [% of Total],Total,Thies,LBG,2045,NaN
Primary Energy [% of Total],Total,Thies,LBG,2050,NaN
Primary Energy [% of Total],Total,Thies,LSG,2022,NaN
Primary Energy [% of Total],Total,Thies,LSG,2025,NaN
Primary Energy [% of Total],Total,Thies,LSG,2030,NaN
Primary Energy [% of Total],Total,Thies,LSG,2035,NaN
Primary Energy [% of Total],Total,Thies,LSG,2040,NaN
Primary Energy [% of Total],Total,Thies,LSG,2045,NaN
Primary Energy [% of Total],Total,Thies,LSG,2050,NaN
Primary Energy [% of Total],Total,Thies,LH2,2022,NaN
Primary Energy [% of Total],Total,Thies,LH2,2025,NaN
Primary Energy [% of Total],Total,Thies,LH2,2030,NaN
Primary Energy [% of Total],Total,Thies,LH2,2035,NaN
Primary Energy [% of Total],Total,Thies,LH2,2040,NaN
Primary Energy [% of Total],Total,Thies,LH2,2045,NaN
Primary Energy [% of Total],Total,Thies,LH2,2050,NaN
Primary Energy [% of Total],Total,Thies,Air,2022,NaN
Primary Energy [% of Total],Total,Thies,Air,2025,NaN
Primary Energy [% of Total],Total,Thies,Air,2030,NaN
Primary Energy [% of Total],Total,Thies,Air,2035,NaN
Primary Energy [% of Total],Total,Thies,Air,2040,NaN
Primary Energy [% of Total],Total,Thies,Air,2045,NaN
Primary Energy [% of Total],Total,Thies,Air,2050,NaN
Primary Energy [% of Total],Total,Thies,DAC_Dummy,2022,NaN
Primary Energy [% of Total],Total,Thies,DAC_Dummy,2025,NaN
Primary Energy [% of Total],Total,Thies,DAC_Dummy,2030,NaN
Primary Energy [% of Total],Total,Thies,DAC_Dummy,2035,NaN
Primary Energy [% of Total],Total,Thies,DAC_Dummy,2040,NaN
Primary Energy [% of Total],Total,Thies,DAC_Dummy,2045,NaN
Primary Energy [% of Total],Total,Thies,DAC_Dummy,2050,NaN
Primary Energy [% of Total],Total,Thies,ETS,2022,NaN
Primary Energy [% of Total],Total,Thies,ETS,2025,NaN
Primary Energy [% of Total],Total,Thies,ETS,2030,NaN
Primary Energy [% of Total],Total,Thies,ETS,2035,NaN
Primary Energy [% of Total],Total,Thies,ETS,2040,NaN
Primary Energy [% of Total],Total,Thies,ETS,2045,NaN
Primary Energy [% of Total],Total,Thies,ETS,2050,NaN
Primary Energy [% of Total],Total,Thies,ETS_Source,2022,NaN
Primary Energy [% of Total],Total,Thies,ETS_Source,2025,NaN
Primary Energy [% of Total],Total,Thies,ETS_Source,2030,NaN
Primary Energy [% of Total],Total,Thies,ETS_Source,2035,NaN
Primary Energy [% of Total],Total,Thies,ETS_Source,2040,NaN
Primary Energy [% of Total],Total,Thies,ETS_Source,2045,NaN
Primary Energy [% of Total],Total,Thies,ETS_Source,2050,NaN
Primary Energy [% of Total],Total,Thies,Heat_District,2022,NaN
Primary Energy [% of Total],Total,Thies,Heat_District,2025,NaN
Primary Energy [% of Total],Total,Thies,Heat_District,2030,NaN
Primary Energy [% of Total],Total,Thies,Heat_District,2035,NaN
Primary Energy [% of Total],Total,Thies,Heat_District,2040,NaN
Primary Energy [% of Total],Total,Thies,Heat_District,2045,NaN
Primary Energy [% of Total],Total,Thies,Heat_District,2050,NaN
Primary Energy [% of Total],Total,Thies,Oil,2022,1.0
Primary Energy [% of Total],Total,Thies,Oil,2025,1.0
Primary Energy [% of Total],Total,Thies,Oil,2030,1.0
Primary Energy [% of Total],Total,Thies,Oil,2035,1.0
Primary Energy [% of Total],Total,Thies,Oil,2040,1.0
Primary Energy [% of Total],Total,Thies,Oil,2045,1.0
Primary Energy [% of Total],Total,Thies,Oil,2050,NaN
Primary Energy [% of Total],Total,Thies,Gas_Natural,2050,NaN
Primary Energy [% of Total],Total,Thies,Hardcoal,2022,0.3504707053105728
Primary Energy [% of Total],Total,Thies,Hardcoal,2025,0.5700862832508924
Primary Energy [% of Total],Total,Thies,Hardcoal,2030,0.6992020359193154
Primary Energy [% of Total],Total,Thies,Hardcoal,2035,0.47454080887080824
Primary Energy [% of Total],Total,Thies,Hardcoal,2040,0.20916531822064144
Primary Energy [% of Total],Total,Thies,Hardcoal,2050,NaN
Primary Energy [% of Total],Total,Thies,Biomass,2022,0.03527249397338343
Primary Energy [% of Total],Total,Thies,Biomass,2025,0.04489656592706379
Primary Energy [% of Total],Total,Thies,Biomass,2030,0.08198042131242655
Primary Energy [% of Total],Total,Thies,Biomass,2035,0.5446654612820061
Primary Energy [% of Total],Total,Thies,Biomass,2040,0.7330158378576198
Primary Energy [% of Total],Total,Thies,Biomass,2045,0.8348519900758951
Primary Energy [% of Total],Total,Thies,Biomass,2050,1.0
Primary Energy [% of Total],Total,Thies,Power,2022,0.09596575205846514
Primary Energy [% of Total],Total,Thies,Power,2025,0.16867068912952024
Primary Energy [% of Total],Total,Thies,Power,2030,0.23817364465556012
Primary Energy [% of Total],Total,Thies,Power,2035,0.5793375258271817
Primary Energy [% of Total],Total,Thies,Power,2040,0.7485726440943911
Primary Energy [% of Total],Total,Thies,Power,2045,0.8891496518424922
Primary Energy [% of Total],Total,Thies,Power,2050,0.9336044440251029
Primary Energy [% of Total],Total,Thies,Gas_Bio,2035,0.016024545043221712
Primary Energy [% of Total],Total,Thies,Gas_Bio,2040,0.009559573216626014
Primary Energy [% of Total],Total,Thies,Gas_Bio,2045,0.008288385007859075
Primary Energy [% of Total],Total,Thies,Gas_Bio,2050,0.0077318954497142605
Primary Energy [% of Total],Total,LS,H2,2022,NaN
Primary Energy [% of Total],Total,LS,H2,2025,NaN
Primary Energy [% of Total],Total,LS,H2,2030,NaN
Primary Energy [% of Total],Total,LS,H2,2035,NaN
Primary Energy [% of Total],Total,LS,H2,2040,NaN
Primary Energy [% of Total],Total,LS,H2,2045,NaN
Primary Energy [% of Total],Total,LS,H2,2050,NaN
Primary Energy [% of Total],Total,LS,Nuclear,2022,NaN
Primary Energy [% of Total],Total,LS,Nuclear,2025,NaN
Primary Energy [% of Total],Total,LS,Nuclear,2030,NaN
Primary Energy [% of Total],Total,LS,Nuclear,2035,NaN
Primary Energy [% of Total],Total,LS,Nuclear,2040,NaN
Primary Energy [% of Total],Total,LS,Nuclear,2045,NaN
Primary Energy [% of Total],Total,LS,Nuclear,2050,NaN
Primary Energy [% of Total],Total,LS,Lignite,2022,NaN
Primary Energy [% of Total],Total,LS,Lignite,2025,NaN
Primary Energy [% of Total],Total,LS,Lignite,2030,NaN
Primary Energy [% of Total],Total,LS,Lignite,2035,NaN
Primary Energy [% of Total],Total,LS,Lignite,2040,NaN
Primary Energy [% of Total],Total,LS,Lignite,2045,NaN
Primary Energy [% of Total],Total,LS,Lignite,2050,NaN
Primary Energy [% of Total],Total,LS,Gas_Synth,2022,NaN
Primary Energy [% of Total],Total,LS,Gas_Synth,2025,NaN
Primary Energy [% of Total],Total,LS,Gas_Synth,2030,NaN
Primary Energy [% of Total],Total,LS,Gas_Synth,2035,NaN
Primary Energy [% of Total],Total,LS,Gas_Synth,2040,NaN
Primary Energy [% of Total],Total,LS,Gas_Synth,2045,NaN
Primary Energy [% of Total],Total,LS,Gas_Synth,2050,NaN
Primary Energy [% of Total],Total,LS,Heat_Low_Residential,2022,NaN
Primary Energy [% of Total],Total,LS,Heat_Low_Residential,2025,NaN
Primary Energy [% of Total],Total,LS,Heat_Low_Residential,2030,NaN
Primary Energy [% of Total],Total,LS,Heat_Low_Residential,2035,NaN
Primary Energy [% of Total],Total,LS,Heat_Low_Residential,2040,NaN
Primary Energy [% of Total],Total,LS,Heat_Low_Residential,2045,NaN
Primary Energy [% of Total],Total,LS,Heat_Low_Residential,2050,NaN
Primary Energy [% of Total],Total,LS,Biofuel,2022,NaN
Primary Energy [% of Total],Total,LS,Biofuel,2025,NaN
Primary Energy [% of Total],Total,LS,Biofuel,2030,NaN
Primary Energy [% of Total],Total,LS,Biofuel,2035,NaN
Primary Energy [% of Total],Total,LS,Biofuel,2040,NaN
Primary Energy [% of Total],Total,LS,Biofuel,2045,NaN
Primary Energy [% of Total],Total,LS,Biofuel,2050,NaN
Primary Energy [% of Total],Total,LS,LNG,2022,NaN
Primary Energy [% of Total],Total,LS,LNG,2025,NaN
Primary Energy [% of Total],Total,LS,LNG,2030,NaN
Primary Energy [% of Total],Total,LS,LNG,2035,NaN
Primary Energy [% of Total],Total,LS,LNG,2040,NaN
Primary Energy [% of Total],Total,LS,LNG,2045,NaN
Primary Energy [% of Total],Total,LS,LNG,2050,NaN
Primary Energy [% of Total],Total,LS,LBG,2022,NaN
Primary Energy [% of Total],Total,LS,LBG,2025,NaN
Primary Energy [% of Total],Total,LS,LBG,2030,NaN
Primary Energy [% of Total],Total,LS,LBG,2035,NaN
Primary Energy [% of Total],Total,LS,LBG,2040,NaN
Primary Energy [% of Total],Total,LS,LBG,2045,NaN
Primary Energy [% of Total],Total,LS,LBG,2050,NaN
Primary Energy [% of Total],Total,LS,LSG,2022,NaN
Primary Energy [% of Total],Total,LS,LSG,2025,NaN
Primary Energy [% of Total],Total,LS,LSG,2030,NaN
Primary Energy [% of Total],Total,LS,LSG,2035,NaN
Primary Energy [% of Total],Total,LS,LSG,2040,NaN
Primary Energy [% of Total],Total,LS,LSG,2045,NaN
Primary Energy [% of Total],Total,LS,LSG,2050,NaN
Primary Energy [% of Total],Total,LS,LH2,2022,NaN
Primary Energy [% of Total],Total,LS,LH2,2025,NaN
Primary Energy [% of Total],Total,LS,LH2,2030,NaN
Primary Energy [% of Total],Total,LS,LH2,2035,NaN
Primary Energy [% of Total],Total,LS,LH2,2040,NaN
Primary Energy [% of Total],Total,LS,LH2,2045,NaN
Primary Energy [% of Total],Total,LS,LH2,2050,NaN
Primary Energy [% of Total],Total,LS,Air,2022,NaN
Primary Energy [% of Total],Total,LS,Air,2025,NaN
Primary Energy [% of Total],Total,LS,Air,2030,NaN
Primary Energy [% of Total],Total,LS,Air,2035,NaN
Primary Energy [% of Total],Total,LS,Air,2040,NaN
Primary Energy [% of Total],Total,LS,Air,2045,NaN
Primary Energy [% of Total],Total,LS,Air,2050,NaN
Primary Energy [% of Total],Total,LS,DAC_Dummy,2022,NaN
Primary Energy [% of Total],Total,LS,DAC_Dummy,2025,NaN
Primary Energy [% of Total],Total,LS,DAC_Dummy,2030,NaN
Primary Energy [% of Total],Total,LS,DAC_Dummy,2035,NaN
Primary Energy [% of Total],Total,LS,DAC_Dummy,2040,NaN
Primary Energy [% of Total],Total,LS,DAC_Dummy,2045,NaN
Primary Energy [% of Total],Total,LS,DAC_Dummy,2050,NaN
Primary Energy [% of Total],Total,LS,ETS,2022,NaN
Primary Energy [% of Total],Total,LS,ETS,2025,NaN
Primary Energy [% of Total],Total,LS,ETS,2030,NaN
Primary Energy [% of Total],Total,LS,ETS,2035,NaN
Primary Energy [% of Total],Total,LS,ETS,2040,NaN
Primary Energy [% of Total],Total,LS,ETS,2045,NaN
Primary Energy [% of Total],Total,LS,ETS,2050,NaN
Primary Energy [% of Total],Total,LS,ETS_Source,2022,NaN
Primary Energy [% of Total],Total,LS,ETS_Source,2025,NaN
Primary Energy [% of Total],Total,LS,ETS_Source,2030,NaN
Primary Energy [% of Total],Total,LS,ETS_Source,2035,NaN
Primary Energy [% of Total],Total,LS,ETS_Source,2040,NaN
Primary Energy [% of Total],Total,LS,ETS_Source,2045,NaN
Primary Energy [% of Total],Total,LS,ETS_Source,2050,NaN
Primary Energy [% of Total],Total,LS,Heat_District,2022,NaN
Primary Energy [% of Total],Total,LS,Heat_District,2025,NaN
Primary Energy [% of Total],Total,LS,Heat_District,2030,NaN
Primary Energy [% of Total],Total,LS,Heat_District,2035,NaN
Primary Energy [% of Total],Total,LS,Heat_District,2040,NaN
Primary Energy [% of Total],Total,LS,Heat_District,2045,NaN
Primary Energy [% of Total],Total,LS,Heat_District,2050,NaN
Primary Energy [% of Total],Total,LS,Oil,2022,1.0
Primary Energy [% of Total],Total,LS,Oil,2025,1.0
Primary Energy [% of Total],Total,LS,Oil,2030,1.0
Primary Energy [% of Total],Total,LS,Oil,2035,1.0
Primary Energy [% of Total],Total,LS,Oil,2040,1.0
Primary Energy [% of Total],Total,LS,Oil,2045,1.0
Primary Energy [% of Total],Total,LS,Oil,2050,NaN
Primary Energy [% of Total],Total,LS,Gas_Natural,2025,0.5042927931768605
Primary Energy [% of Total],Total,LS,Gas_Natural,2030,0.8895596142080079
Primary Energy [% of Total],Total,LS,Gas_Natural,2035,0.9292184744658877
Primary Energy [% of Total],Total,LS,Gas_Natural,2040,0.9548851390497529
Primary Energy [% of Total],Total,LS,Gas_Natural,2045,0.967672094606207
Primary Energy [% of Total],Total,LS,Gas_Natural,2050,NaN
Primary Energy [% of Total],Total,LS,Hardcoal,2022,0.09528396100588282
Primary Energy [% of Total],Total,LS,Hardcoal,2025,0.07336023118128955
Primary Energy [% of Total],Total,LS,Hardcoal,2030,0.015962008069287097
Primary Energy [% of Total],Total,LS,Hardcoal,2035,0.004577371607846782
Primary Energy [% of Total],Total,LS,Hardcoal,2040,0.0016260753427967752
Primary Energy [% of Total],Total,LS,Hardcoal,2050,NaN
Primary Energy [% of Total],Total,LS,Biomass,2022,0.11718491263233662
Primary Energy [% of Total],Total,LS,Biomass,2025,0.08496852047773053
Primary Energy [% of Total],Total,LS,Biomass,2030,0.052878628899398795
Primary Energy [% of Total],Total,LS,Biomass,2035,0.04694234494928171
Primary Energy [% of Total],Total,LS,Biomass,2040,0.0614551159737452
Primary Energy [% of Total],Total,LS,Biomass,2045,0.2176290042822913
Primary Energy [% of Total],Total,LS,Biomass,2050,1.0
Primary Energy [% of Total],Total,LS,Power,2022,0.018283234371113673
Primary Energy [% of Total],Total,LS,Power,2025,0.019431811186032006
Primary Energy [% of Total],Total,LS,Power,2030,0.021989024748312345
Primary Energy [% of Total],Total,LS,Power,2035,0.07390652993908088
Primary Energy [% of Total],Total,LS,Power,2040,0.22147793689432602
Primary Energy [% of Total],Total,LS,Power,2045,0.414228941190973
Primary Energy [% of Total],Total,LS,Power,2050,0.7744166882716635
Primary Energy [% of Total],Total,LS,Gas_Bio,2035,0.004707009473860581
Primary Energy [% of Total],Total,LS,Gas_Bio,2040,0.004328578804384255
Primary Energy [% of Total],Total,LS,Gas_Bio,2045,0.009584876379409185
Primary Energy [% of Total],Total,LS,Gas_Bio,2050,0.01490170896031232
Primary Energy [% of Total],Total,FKK,H2,2022,NaN
Primary Energy [% of Total],Total,FKK,H2,2025,NaN
Primary Energy [% of Total],Total,FKK,H2,2030,NaN
Primary Energy [% of Total],Total,FKK,H2,2035,NaN
Primary Energy [% of Total],Total,FKK,H2,2040,NaN
Primary Energy [% of Total],Total,FKK,H2,2045,NaN
Primary Energy [% of Total],Total,FKK,H2,2050,NaN
Primary Energy [% of Total],Total,FKK,Nuclear,2022,NaN
Primary Energy [% of Total],Total,FKK,Nuclear,2025,NaN
Primary Energy [% of Total],Total,FKK,Nuclear,2030,NaN
Primary Energy [% of Total],Total,FKK,Nuclear,2035,NaN
Primary Energy [% of Total],Total,FKK,Nuclear,2040,NaN
Primary Energy [% of Total],Total,FKK,Nuclear,2045,NaN
Primary Energy [% of Total],Total,FKK,Nuclear,2050,NaN
Primary Energy [% of Total],Total,FKK,Lignite,2022,NaN
Primary Energy [% of Total],Total,FKK,Lignite,2025,NaN
Primary Energy [% of Total],Total,FKK,Lignite,2030,NaN
Primary Energy [% of Total],Total,FKK,Lignite,2035,NaN
Primary Energy [% of Total],Total,FKK,Lignite,2040,NaN
Primary Energy [% of Total],Total,FKK,Lignite,2045,NaN
Primary Energy [% of Total],Total,FKK,Lignite,2050,NaN
Primary Energy [% of Total],Total,FKK,Gas_Synth,2022,NaN
Primary Energy [% of Total],Total,FKK,Gas_Synth,2025,NaN
Primary Energy [% of Total],Total,FKK,Gas_Synth,2030,NaN
Primary Energy [% of Total],Total,FKK,Gas_Synth,2035,NaN
Primary Energy [% of Total],Total,FKK,Gas_Synth,2040,NaN
Primary Energy [% of Total],Total,FKK,Gas_Synth,2045,NaN
Primary Energy [% of Total],Total,FKK,Gas_Synth,2050,NaN
Primary Energy [% of Total],Total,FKK,Heat_Low_Residential,2022,NaN
Primary Energy [% of Total],Total,FKK,Heat_Low_Residential,2025,NaN
Primary Energy [% of Total],Total,FKK,Heat_Low_Residential,2030,NaN
Primary Energy [% of Total],Total,FKK,Heat_Low_Residential,2035,NaN
Primary Energy [% of Total],Total,FKK,Heat_Low_Residential,2040,NaN
Primary Energy [% of Total],Total,FKK,Heat_Low_Residential,2045,NaN
Primary Energy [% of Total],Total,FKK,Heat_Low_Residential,2050,NaN
Primary Energy [% of Total],Total,FKK,Biofuel,2022,NaN
Primary Energy [% of Total],Total,FKK,Biofuel,2025,NaN
Primary Energy [% of Total],Total,FKK,Biofuel,2030,NaN
Primary Energy [% of Total],Total,FKK,Biofuel,2035,NaN
Primary Energy [% of Total],Total,FKK,Biofuel,2040,NaN
Primary Energy [% of Total],Total,FKK,Biofuel,2045,NaN
Primary Energy [% of Total],Total,FKK,Biofuel,2050,NaN
Primary Energy [% of Total],Total,FKK,LNG,2022,NaN
Primary Energy [% of Total],Total,FKK,LNG,2025,NaN
Primary Energy [% of Total],Total,FKK,LNG,2030,NaN
Primary Energy [% of Total],Total,FKK,LNG,2035,NaN
Primary Energy [% of Total],Total,FKK,LNG,2040,NaN
Primary Energy [% of Total],Total,FKK,LNG,2045,NaN
Primary Energy [% of Total],Total,FKK,LNG,2050,NaN
Primary Energy [% of Total],Total,FKK,LBG,2022,NaN
Primary Energy [% of Total],Total,FKK,LBG,2025,NaN
Primary Energy [% of Total],Total,FKK,LBG,2030,NaN
Primary Energy [% of Total],Total,FKK,LBG,2035,NaN
Primary Energy [% of Total],Total,FKK,LBG,2040,NaN
Primary Energy [% of Total],Total,FKK,LBG,2045,NaN
Primary Energy [% of Total],Total,FKK,LBG,2050,NaN
Primary Energy [% of Total],Total,FKK,LSG,2022,NaN
Primary Energy [% of Total],Total,FKK,LSG,2025,NaN
Primary Energy [% of Total],Total,FKK,LSG,2030,NaN
Primary Energy [% of Total],Total,FKK,LSG,2035,NaN
Primary Energy [% of Total],Total,FKK,LSG,2040,NaN
Primary Energy [% of Total],Total,FKK,LSG,2045,NaN
Primary Energy [% of Total],Total,FKK,LSG,2050,NaN
Primary Energy [% of Total],Total,FKK,LH2,2022,NaN
Primary Energy [% of Total],Total,FKK,LH2,2025,NaN
Primary Energy [% of Total],Total,FKK,LH2,2030,NaN
Primary Energy [% of Total],Total,FKK,LH2,2035,NaN
Primary Energy [% of Total],Total,FKK,LH2,2040,NaN
Primary Energy [% of Total],Total,FKK,LH2,2045,NaN
Primary Energy [% of Total],Total,FKK,LH2,2050,NaN
Primary Energy [% of Total],Total,FKK,Air,2022,NaN
Primary Energy [% of Total],Total,FKK,Air,2025,NaN
Primary Energy [% of Total],Total,FKK,Air,2030,NaN
Primary Energy [% of Total],Total,FKK,Air,2035,NaN
Primary Energy [% of Total],Total,FKK,Air,2040,NaN
Primary Energy [% of Total],Total,FKK,Air,2045,NaN
Primary Energy [% of Total],Total,FKK,Air,2050,NaN
Primary Energy [% of Total],Total,FKK,DAC_Dummy,2022,NaN
Primary Energy [% of Total],Total,FKK,DAC_Dummy,2025,NaN
Primary Energy [% of Total],Total,FKK,DAC_Dummy,2030,NaN
Primary Energy [% of Total],Total,FKK,DAC_Dummy,2035,NaN
Primary Energy [% of Total],Total,FKK,DAC_Dummy,2040,NaN
Primary Energy [% of Total],Total,FKK,DAC_Dummy,2045,NaN
Primary Energy [% of Total],Total,FKK,DAC_Dummy,2050,NaN
Primary Energy [% of Total],Total,FKK,ETS,2022,NaN
Primary Energy [% of Total],Total,FKK,ETS,2025,NaN
Primary Energy [% of Total],Total,FKK,ETS,2030,NaN
Primary Energy [% of Total],Total,FKK,ETS,2035,NaN
Primary Energy [% of Total],Total,FKK,ETS,2040,NaN
Primary Energy [% of Total],Total,FKK,ETS,2045,NaN
Primary Energy [% of Total],Total,FKK,ETS,2050,NaN
Primary Energy [% of Total],Total,FKK,ETS_Source,2022,NaN
Primary Energy [% of Total],Total,FKK,ETS_Source,2025,NaN
Primary Energy [% of Total],Total,FKK,ETS_Source,2030,NaN
Primary Energy [% of Total],Total,FKK,ETS_Source,2035,NaN
Primary Energy [% of Total],Total,FKK,ETS_Source,2040,NaN
Primary Energy [% of Total],Total,FKK,ETS_Source,2045,NaN
Primary Energy [% of Total],Total,FKK,ETS_Source,2050,NaN
Primary Energy [% of Total],Total,FKK,Heat_District,2022,NaN
Primary Energy [% of Total],Total,FKK,Heat_District,2025,NaN
Primary Energy [% of Total],Total,FKK,Heat_District,2030,NaN
Primary Energy [% of Total],Total,FKK,Heat_District,2035,NaN
Primary Energy [% of Total],Total,FKK,Heat_District,2040,NaN
Primary Energy [% of Total],Total,FKK,Heat_District,2045,NaN
Primary Energy [% of Total],Total,FKK,Heat_District,2050,NaN
Primary Energy [% of Total],Total,FKK,Oil,2022,1.0
Primary Energy [% of Total],Total,FKK,Oil,2025,1.0
Primary Energy [% of Total],Total,FKK,Oil,2030,1.0
Primary Energy [% of Total],Total,FKK,Oil,2035,1.0
Primary Energy [% of Total],Total,FKK,Oil,2040,1.0
Primary Energy [% of Total],Total,FKK,Oil,2045,1.0
Primary Energy [% of Total],Total,FKK,Oil,2050,NaN
Primary Energy [% of Total],Total,FKK,Gas_Natural,2050,NaN
Primary Energy [% of Total],Total,FKK,Hardcoal,2022,0.08845520094082765
Primary Energy [% of Total],Total,FKK,Hardcoal,2025,0.16119225472227275
Primary Energy [% of Total],Total,FKK,Hardcoal,2030,0.2867672581267328
Primary Energy [% of Total],Total,FKK,Hardcoal,2035,0.09817841456097784
Primary Energy [% of Total],Total,FKK,Hardcoal,2040,0.06007482873940414
Primary Energy [% of Total],Total,FKK,Hardcoal,2050,NaN
Primary Energy [% of Total],Total,FKK,Biomass,2022,0.15123539415138929
Primary Energy [% of Total],Total,FKK,Biomass,2025,0.16136070448783485
Primary Energy [% of Total],Total,FKK,Biomass,2030,0.19508533300508757
Primary Energy [% of Total],Total,FKK,Biomass,2035,0.40090042987390223
Primary Energy [% of Total],Total,FKK,Biomass,2040,0.6141343877880726
Primary Energy [% of Total],Total,FKK,Biomass,2045,0.9027466322807287
Primary Energy [% of Total],Total,FKK,Biomass,2050,1.0
Primary Energy [% of Total],Total,FKK,Power,2022,0.032517345361301506
Primary Energy [% of Total],Total,FKK,Power,2025,0.04575955470785541
Primary Energy [% of Total],Total,FKK,Power,2030,0.05240757730146132
Primary Energy [% of Total],Total,FKK,Power,2035,0.05726422662466305
Primary Energy [% of Total],Total,FKK,Power,2040,0.07436785417984493
Primary Energy [% of Total],Total,FKK,Power,2045,0.06355600474223905
Primary Energy [% of Total],Total,FKK,Power,2050,0.5292339757779216
Primary Energy [% of Total],Total,FKK,Gas_Bio,2035,0.037121610488163315
Primary Energy [% of Total],Total,FKK,Gas_Bio,2040,0.042347483115500614
Primary Energy [% of Total],Total,FKK,Gas_Bio,2045,0.04803589544046499
Primary Energy [% of Total],Total,FKK,Gas_Bio,2050,0.026566618667347285
Primary Energy [% of Total],Total,ZS,H2,2022,NaN
Primary Energy [% of Total],Total,ZS,H2,2025,NaN
Primary Energy [% of Total],Total,ZS,H2,2030,NaN
Primary Energy [% of Total],Total,ZS,H2,2035,NaN
Primary Energy [% of Total],Total,ZS,H2,2040,NaN
Primary Energy [% of Total],Total,ZS,H2,2045,NaN
Primary Energy [% of Total],Total,ZS,H2,2050,NaN
Primary Energy [% of Total],Total,ZS,Nuclear,2022,NaN
Primary Energy [% of Total],Total,ZS,Nuclear,2025,NaN
Primary Energy [% of Total],Total,ZS,Nuclear,2030,NaN
Primary Energy [% of Total],Total,ZS,Nuclear,2035,NaN
Primary Energy [% of Total],Total,ZS,Nuclear,2040,NaN
Primary Energy [% of Total],Total,ZS,Nuclear,2045,NaN
Primary Energy [% of Total],Total,ZS,Nuclear,2050,NaN
Primary Energy [% of Total],Total,ZS,Lignite,2022,NaN
Primary Energy [% of Total],Total,ZS,Lignite,2025,NaN
Primary Energy [% of Total],Total,ZS,Lignite,2030,NaN
Primary Energy [% of Total],Total,ZS,Lignite,2035,NaN
Primary Energy [% of Total],Total,ZS,Lignite,2040,NaN
Primary Energy [% of Total],Total,ZS,Lignite,2045,NaN
Primary Energy [% of Total],Total,ZS,Lignite,2050,NaN
Primary Energy [% of Total],Total,ZS,Gas_Synth,2022,NaN
Primary Energy [% of Total],Total,ZS,Gas_Synth,2025,NaN
Primary Energy [% of Total],Total,ZS,Gas_Synth,2030,NaN
Primary Energy [% of Total],Total,ZS,Gas_Synth,2035,NaN
Primary Energy [% of Total],Total,ZS,Gas_Synth,2040,NaN
Primary Energy [% of Total],Total,ZS,Gas_Synth,2045,NaN
Primary Energy [% of Total],Total,ZS,Gas_Synth,2050,NaN
Primary Energy [% of Total],Total,ZS,Heat_Low_Residential,2022,NaN
Primary Energy [% of Total],Total,ZS,Heat_Low_Residential,2025,NaN
Primary Energy [% of Total],Total,ZS,Heat_Low_Residential,2030,NaN
Primary Energy [% of Total],Total,ZS,Heat_Low_Residential,2035,NaN
Primary Energy [% of Total],Total,ZS,Heat_Low_Residential,2040,NaN
Primary Energy [% of Total],Total,ZS,Heat_Low_Residential,2045,NaN
Primary Energy [% of Total],Total,ZS,Heat_Low_Residential,2050,NaN
Primary Energy [% of Total],Total,ZS,Biofuel,2022,NaN
Primary Energy [% of Total],Total,ZS,Biofuel,2025,NaN
Primary Energy [% of Total],Total,ZS,Biofuel,2030,NaN
Primary Energy [% of Total],Total,ZS,Biofuel,2035,NaN
Primary Energy [% of Total],Total,ZS,Biofuel,2040,NaN
Primary Energy [% of Total],Total,ZS,Biofuel,2045,NaN
Primary Energy [% of Total],Total,ZS,Biofuel,2050,NaN
Primary Energy [% of Total],Total,ZS,LNG,2022,NaN
Primary Energy [% of Total],Total,ZS,LNG,2025,NaN
Primary Energy [% of Total],Total,ZS,LNG,2030,NaN
Primary Energy [% of Total],Total,ZS,LNG,2035,NaN
Primary Energy [% of Total],Total,ZS,LNG,2040,NaN
Primary Energy [% of Total],Total,ZS,LNG,2045,NaN
Primary Energy [% of Total],Total,ZS,LNG,2050,NaN
Primary Energy [% of Total],Total,ZS,LBG,2022,NaN
Primary Energy [% of Total],Total,ZS,LBG,2025,NaN
Primary Energy [% of Total],Total,ZS,LBG,2030,NaN
Primary Energy [% of Total],Total,ZS,LBG,2035,NaN
Primary Energy [% of Total],Total,ZS,LBG,2040,NaN
Primary Energy [% of Total],Total,ZS,LBG,2045,NaN
Primary Energy [% of Total],Total,ZS,LBG,2050,NaN
Primary Energy [% of Total],Total,ZS,LSG,2022,NaN
Primary Energy [% of Total],Total,ZS,LSG,2025,NaN
Primary Energy [% of Total],Total,ZS,LSG,2030,NaN
Primary Energy [% of Total],Total,ZS,LSG,2035,NaN
Primary Energy [% of Total],Total,ZS,LSG,2040,NaN
Primary Energy [% of Total],Total,ZS,LSG,2045,NaN
Primary Energy [% of Total],Total,ZS,LSG,2050,NaN
Primary Energy [% of Total],Total,ZS,LH2,2022,NaN
Primary Energy [% of Total],Total,ZS,LH2,2025,NaN
Primary Energy [% of Total],Total,ZS,LH2,2030,NaN
Primary Energy [% of Total],Total,ZS,LH2,2035,NaN
Primary Energy [% of Total],Total,ZS,LH2,2040,NaN
Primary Energy [% of Total],Total,ZS,LH2,2045,NaN
Primary Energy [% of Total],Total,ZS,LH2,2050,NaN
Primary Energy [% of Total],Total,ZS,Air,2022,NaN
Primary Energy [% of Total],Total,ZS,Air,2025,NaN
Primary Energy [% of Total],Total,ZS,Air,2030,NaN
Primary Energy [% of Total],Total,ZS,Air,2035,NaN
Primary Energy [% of Total],Total,ZS,Air,2040,NaN
Primary Energy [% of Total],Total,ZS,Air,2045,NaN
Primary Energy [% of Total],Total,ZS,Air,2050,NaN
Primary Energy [% of Total],Total,ZS,DAC_Dummy,2022,NaN
Primary Energy [% of Total],Total,ZS,DAC_Dummy,2025,NaN
Primary Energy [% of Total],Total,ZS,DAC_Dummy,2030,NaN
Primary Energy [% of Total],Total,ZS,DAC_Dummy,2035,NaN
Primary Energy [% of Total],Total,ZS,DAC_Dummy,2040,NaN
Primary Energy [% of Total],Total,ZS,DAC_Dummy,2045,NaN
Primary Energy [% of Total],Total,ZS,DAC_Dummy,2050,NaN
Primary Energy [% of Total],Total,ZS,ETS,2022,NaN
Primary Energy [% of Total],Total,ZS,ETS,2025,NaN
Primary Energy [% of Total],Total,ZS,ETS,2030,NaN
Primary Energy [% of Total],Total,ZS,ETS,2035,NaN
Primary Energy [% of Total],Total,ZS,ETS,2040,NaN
Primary Energy [% of Total],Total,ZS,ETS,2045,NaN
Primary Energy [% of Total],Total,ZS,ETS,2050,NaN
Primary Energy [% of Total],Total,ZS,ETS_Source,2022,NaN
Primary Energy [% of Total],Total,ZS,ETS_Source,2025,NaN
Primary Energy [% of Total],Total,ZS,ETS_Source,2030,NaN
Primary Energy [% of Total],Total,ZS,ETS_Source,2035,NaN
Primary Energy [% of Total],Total,ZS,ETS_Source,2040,NaN
Primary Energy [% of Total],Total,ZS,ETS_Source,2045,NaN
Primary Energy [% of Total],Total,ZS,ETS_Source,2050,NaN
Primary Energy [% of Total],Total,ZS,Heat_District,2022,NaN
Primary Energy [% of Total],Total,ZS,Heat_District,2025,NaN
Primary Energy [% of Total],Total,ZS,Heat_District,2030,NaN
Primary Energy [% of Total],Total,ZS,Heat_District,2035,NaN
Primary Energy [% of Total],Total,ZS,Heat_District,2040,NaN
Primary Energy [% of Total],Total,ZS,Heat_District,2045,NaN
Primary Energy [% of Total],Total,ZS,Heat_District,2050,NaN
Primary Energy [% of Total],Total,ZS,Oil,2022,1.0
Primary Energy [% of Total],Total,ZS,Oil,2025,1.0
Primary Energy [% of Total],Total,ZS,Oil,2030,1.0
Primary Energy [% of Total],Total,ZS,Oil,2035,1.0
Primary Energy [% of Total],Total,ZS,Oil,2040,1.0
Primary Energy [% of Total],Total,ZS,Oil,2045,1.0
Primary Energy [% of Total],Total,ZS,Oil,2050,NaN
Primary Energy [% of Total],Total,ZS,Gas_Natural,2050,NaN
Primary Energy [% of Total],Total,ZS,Hardcoal,2022,0.1609358756489965
Primary Energy [% of Total],Total,ZS,Hardcoal,2025,0.17503441425307034
Primary Energy [% of Total],Total,ZS,Hardcoal,2030,0.22902167571181317
Primary Energy [% of Total],Total,ZS,Hardcoal,2035,0.07778877539296036
Primary Energy [% of Total],Total,ZS,Hardcoal,2040,0.008236331549923608
Primary Energy [% of Total],Total,ZS,Hardcoal,2050,NaN
Primary Energy [% of Total],Total,ZS,Biomass,2022,0.15648259959745206
Primary Energy [% of Total],Total,ZS,Biomass,2025,0.15871719327669076
Primary Energy [% of Total],Total,ZS,Biomass,2030,0.2173774746956037
Primary Energy [% of Total],Total,ZS,Biomass,2035,0.45013167327712195
Primary Energy [% of Total],Total,ZS,Biomass,2040,0.6424826109523433
Primary Energy [% of Total],Total,ZS,Biomass,2045,0.9189861308082266
Primary Energy [% of Total],Total,ZS,Biomass,2050,1.0
Primary Energy [% of Total],Total,ZS,Power,2050,0.06848238796552995
Primary Energy [% of Total],Total,ZS,Gas_Bio,2035,0.07656989398487886
Primary Energy [% of Total],Total,ZS,Gas_Bio,2040,0.09271667215865138
Primary Energy [% of Total],Total,ZS,Gas_Bio,2045,0.08330252170595621
Primary Energy [% of Total],Total,ZS,Gas_Bio,2050,0.07831816316565333
Primary Energy [% of Total],Total,MTKK,H2,2022,NaN
Primary Energy [% of Total],Total,MTKK,H2,2025,NaN
Primary Energy [% of Total],Total,MTKK,H2,2030,NaN
Primary Energy [% of Total],Total,MTKK,H2,2035,NaN
Primary Energy [% of Total],Total,MTKK,H2,2040,NaN
Primary Energy [% of Total],Total,MTKK,H2,2045,NaN
Primary Energy [% of Total],Total,MTKK,H2,2050,NaN
Primary Energy [% of Total],Total,MTKK,Nuclear,2022,NaN
Primary Energy [% of Total],Total,MTKK,Nuclear,2025,NaN
Primary Energy [% of Total],Total,MTKK,Nuclear,2030,NaN
Primary Energy [% of Total],Total,MTKK,Nuclear,2035,NaN
Primary Energy [% of Total],Total,MTKK,Nuclear,2040,NaN
Primary Energy [% of Total],Total,MTKK,Nuclear,2045,NaN
Primary Energy [% of Total],Total,MTKK,Nuclear,2050,NaN
Primary Energy [% of Total],Total,MTKK,Lignite,2022,NaN
Primary Energy [% of Total],Total,MTKK,Lignite,2025,NaN
Primary Energy [% of Total],Total,MTKK,Lignite,2030,NaN
Primary Energy [% of Total],Total,MTKK,Lignite,2035,NaN
Primary Energy [% of Total],Total,MTKK,Lignite,2040,NaN
Primary Energy [% of Total],Total,MTKK,Lignite,2045,NaN
Primary Energy [% of Total],Total,MTKK,Lignite,2050,NaN
Primary Energy [% of Total],Total,MTKK,Gas_Synth,2022,NaN
Primary Energy [% of Total],Total,MTKK,Gas_Synth,2025,NaN
Primary Energy [% of Total],Total,MTKK,Gas_Synth,2030,NaN
Primary Energy [% of Total],Total,MTKK,Gas_Synth,2035,NaN
Primary Energy [% of Total],Total,MTKK,Gas_Synth,2040,NaN
Primary Energy [% of Total],Total,MTKK,Gas_Synth,2045,NaN
Primary Energy [% of Total],Total,MTKK,Gas_Synth,2050,NaN
Primary Energy [% of Total],Total,MTKK,Heat_Low_Residential,2022,NaN
Primary Energy [% of Total],Total,MTKK,Heat_Low_Residential,2025,NaN
Primary Energy [% of Total],Total,MTKK,Heat_Low_Residential,2030,NaN
Primary Energy [% of Total],Total,MTKK,Heat_Low_Residential,2035,NaN
Primary Energy [% of Total],Total,MTKK,Heat_Low_Residential,2040,NaN
Primary Energy [% of Total],Total,MTKK,Heat_Low_Residential,2045,NaN
Primary Energy [% of Total],Total,MTKK,Heat_Low_Residential,2050,NaN
Primary Energy [% of Total],Total,MTKK,Biofuel,2022,NaN
Primary Energy [% of Total],Total,MTKK,Biofuel,2025,NaN
Primary Energy [% of Total],Total,MTKK,Biofuel,2030,NaN
Primary Energy [% of Total],Total,MTKK,Biofuel,2035,NaN
Primary Energy [% of Total],Total,MTKK,Biofuel,2040,NaN
Primary Energy [% of Total],Total,MTKK,Biofuel,2045,NaN
Primary Energy [% of Total],Total,MTKK,Biofuel,2050,NaN
Primary Energy [% of Total],Total,MTKK,LNG,2022,NaN
Primary Energy [% of Total],Total,MTKK,LNG,2025,NaN
Primary Energy [% of Total],Total,MTKK,LNG,2030,NaN
Primary Energy [% of Total],Total,MTKK,LNG,2035,NaN
Primary Energy [% of Total],Total,MTKK,LNG,2040,NaN
Primary Energy [% of Total],Total,MTKK,LNG,2045,NaN
Primary Energy [% of Total],Total,MTKK,LNG,2050,NaN
Primary Energy [% of Total],Total,MTKK,LBG,2022,NaN
Primary Energy [% of Total],Total,MTKK,LBG,2025,NaN
Primary Energy [% of Total],Total,MTKK,LBG,2030,NaN
Primary Energy [% of Total],Total,MTKK,LBG,2035,NaN
Primary Energy [% of Total],Total,MTKK,LBG,2040,NaN
Primary Energy [% of Total],Total,MTKK,LBG,2045,NaN
Primary Energy [% of Total],Total,MTKK,LBG,2050,NaN
Primary Energy [% of Total],Total,MTKK,LSG,2022,NaN
Primary Energy [% of Total],Total,MTKK,LSG,2025,NaN
Primary Energy [% of Total],Total,MTKK,LSG,2030,NaN
Primary Energy [% of Total],Total,MTKK,LSG,2035,NaN
Primary Energy [% of Total],Total,MTKK,LSG,2040,NaN
Primary Energy [% of Total],Total,MTKK,LSG,2045,NaN
Primary Energy [% of Total],Total,MTKK,LSG,2050,NaN
Primary Energy [% of Total],Total,MTKK,LH2,2022,NaN
Primary Energy [% of Total],Total,MTKK,LH2,2025,NaN
Primary Energy [% of Total],Total,MTKK,LH2,2030,NaN
Primary Energy [% of Total],Total,MTKK,LH2,2035,NaN
Primary Energy [% of Total],Total,MTKK,LH2,2040,NaN
Primary Energy [% of Total],Total,MTKK,LH2,2045,NaN
Primary Energy [% of Total],Total,MTKK,LH2,2050,NaN
Primary Energy [% of Total],Total,MTKK,Air,2022,NaN
Primary Energy [% of Total],Total,MTKK,Air,2025,NaN
Primary Energy [% of Total],Total,MTKK,Air,2030,NaN
Primary Energy [% of Total],Total,MTKK,Air,2035,NaN
Primary Energy [% of Total],Total,MTKK,Air,2040,NaN
Primary Energy [% of Total],Total,MTKK,Air,2045,NaN
Primary Energy [% of Total],Total,MTKK,Air,2050,NaN
Primary Energy [% of Total],Total,MTKK,DAC_Dummy,2022,NaN
Primary Energy [% of Total],Total,MTKK,DAC_Dummy,2025,NaN
Primary Energy [% of Total],Total,MTKK,DAC_Dummy,2030,NaN
Primary Energy [% of Total],Total,MTKK,DAC_Dummy,2035,NaN
Primary Energy [% of Total],Total,MTKK,DAC_Dummy,2040,NaN
Primary Energy [% of Total],Total,MTKK,DAC_Dummy,2045,NaN
Primary Energy [% of Total],Total,MTKK,DAC_Dummy,2050,NaN
Primary Energy [% of Total],Total,MTKK,ETS,2022,NaN
Primary Energy [% of Total],Total,MTKK,ETS,2025,NaN
Primary Energy [% of Total],Total,MTKK,ETS,2030,NaN
Primary Energy [% of Total],Total,MTKK,ETS,2035,NaN
Primary Energy [% of Total],Total,MTKK,ETS,2040,NaN
Primary Energy [% of Total],Total,MTKK,ETS,2045,NaN
Primary Energy [% of Total],Total,MTKK,ETS,2050,NaN
Primary Energy [% of Total],Total,MTKK,ETS_Source,2022,NaN
Primary Energy [% of Total],Total,MTKK,ETS_Source,2025,NaN
Primary Energy [% of Total],Total,MTKK,ETS_Source,2030,NaN
Primary Energy [% of Total],Total,MTKK,ETS_Source,2035,NaN
Primary Energy [% of Total],Total,MTKK,ETS_Source,2040,NaN
Primary Energy [% of Total],Total,MTKK,ETS_Source,2045,NaN
Primary Energy [% of Total],Total,MTKK,ETS_Source,2050,NaN
Primary Energy [% of Total],Total,MTKK,Heat_District,2022,NaN
Primary Energy [% of Total],Total,MTKK,Heat_District,2025,NaN
Primary Energy [% of Total],Total,MTKK,Heat_District,2030,NaN
Primary Energy [% of Total],Total,MTKK,Heat_District,2035,NaN
Primary Energy [% of Total],Total,MTKK,Heat_District,2040,NaN
Primary Energy [% of Total],Total,MTKK,Heat_District,2045,NaN
Primary Energy [% of Total],Total,MTKK,Heat_District,2050,NaN
Primary Energy [% of Total],Total,MTKK,Oil,2022,1.0
Primary Energy [% of Total],Total,MTKK,Oil,2025,1.0
Primary Energy [% of Total],Total,MTKK,Oil,2030,1.0
Primary Energy [% of Total],Total,MTKK,Oil,2035,1.0
Primary Energy [% of Total],Total,MTKK,Oil,2040,1.0
Primary Energy [% of Total],Total,MTKK,Oil,2045,1.0
Primary Energy [% of Total],Total,MTKK,Oil,2050,NaN
Primary Energy [% of Total],Total,MTKK,Gas_Natural,2050,NaN
Primary Energy [% of Total],Total,MTKK,Hardcoal,2022,0.11976628609150086
Primary Energy [% of Total],Total,MTKK,Hardcoal,2025,0.19263998208253164
Primary Energy [% of Total],Total,MTKK,Hardcoal,2030,0.3045738206967418
Primary Energy [% of Total],Total,MTKK,Hardcoal,2035,0.10830464360070884
Primary Energy [% of Total],Total,MTKK,Hardcoal,2040,0.07289373447507687
Primary Energy [% of Total],Total,MTKK,Hardcoal,2050,NaN
Primary Energy [% of Total],Total,MTKK,Biomass,2022,0.08801930755458161
Primary Energy [% of Total],Total,MTKK,Biomass,2025,0.08728390557275947
Primary Energy [% of Total],Total,MTKK,Biomass,2030,0.1120831646527004
Primary Energy [% of Total],Total,MTKK,Biomass,2035,0.32950799427908656
Primary Energy [% of Total],Total,MTKK,Biomass,2040,0.5203237169392708
Primary Energy [% of Total],Total,MTKK,Biomass,2045,0.8783612666963505
Primary Energy [% of Total],Total,MTKK,Biomass,2050,1.0
Primary Energy [% of Total],Total,MTKK,Power,2022,0.16262267402795114
Primary Energy [% of Total],Total,MTKK,Power,2025,0.26423141431987923
Primary Energy [% of Total],Total,MTKK,Power,2030,0.3128524628188227
Primary Energy [% of Total],Total,MTKK,Power,2035,0.3376856148719396
Primary Energy [% of Total],Total,MTKK,Power,2040,0.39385868604047625
Primary Energy [% of Total],Total,MTKK,Power,2045,0.4128691596081121
Primary Energy [% of Total],Total,MTKK,Power,2050,0.5918776323540389
Primary Energy [% of Total],Total,MTKK,Gas_Bio,2035,0.043777657334925175
Primary Energy [% of Total],Total,MTKK,Gas_Bio,2040,0.045075290106682216
Primary Energy [% of Total],Total,MTKK,Gas_Bio,2045,0.047350295045761374
Primary Energy [% of Total],Total,MTKK,Gas_Bio,2050,0.032554226359831885
Primary Energy [% of Total],Total,Total,H2,2022,NaN
Primary Energy [% of Total],Total,Total,H2,2025,NaN
Primary Energy [% of Total],Total,Total,H2,2030,NaN
Primary Energy [% of Total],Total,Total,H2,2035,NaN
Primary Energy [% of Total],Total,Total,H2,2040,NaN
Primary Energy [% of Total],Total,Total,H2,2045,NaN
Primary Energy [% of Total],Total,Total,H2,2050,NaN
Primary Energy [% of Total],Total,Total,Nuclear,2022,NaN
Primary Energy [% of Total],Total,Total,Nuclear,2025,NaN
Primary Energy [% of Total],Total,Total,Nuclear,2030,NaN
Primary Energy [% of Total],Total,Total,Nuclear,2035,NaN
Primary Energy [% of Total],Total,Total,Nuclear,2040,NaN
Primary Energy [% of Total],Total,Total,Nuclear,2045,NaN
Primary Energy [% of Total],Total,Total,Nuclear,2050,NaN
Primary Energy [% of Total],Total,Total,Lignite,2022,NaN
Primary Energy [% of Total],Total,Total,Lignite,2025,NaN
Primary Energy [% of Total],Total,Total,Lignite,2030,NaN
Primary Energy [% of Total],Total,Total,Lignite,2035,NaN
Primary Energy [% of Total],Total,Total,Lignite,2040,NaN
Primary Energy [% of Total],Total,Total,Lignite,2045,NaN
Primary Energy [% of Total],Total,Total,Lignite,2050,NaN
Primary Energy [% of Total],Total,Total,Gas_Synth,2022,NaN
Primary Energy [% of Total],Total,Total,Gas_Synth,2025,NaN
Primary Energy [% of Total],Total,Total,Gas_Synth,2030,NaN
Primary Energy [% of Total],Total,Total,Gas_Synth,2035,NaN
Primary Energy [% of Total],Total,Total,Gas_Synth,2040,NaN
Primary Energy [% of Total],Total,Total,Gas_Synth,2045,NaN
Primary Energy [% of Total],Total,Total,Gas_Synth,2050,NaN
Primary Energy [% of Total],Total,Total,Heat_Low_Residential,2022,NaN
Primary Energy [% of Total],Total,Total,Heat_Low_Residential,2025,NaN
Primary Energy [% of Total],Total,Total,Heat_Low_Residential,2030,NaN
Primary Energy [% of Total],Total,Total,Heat_Low_Residential,2035,NaN
Primary Energy [% of Total],Total,Total,Heat_Low_Residential,2040,NaN
Primary Energy [% of Total],Total,Total,Heat_Low_Residential,2045,NaN
Primary Energy [% of Total],Total,Total,Heat_Low_Residential,2050,NaN
Primary Energy [% of Total],Total,Total,Biofuel,2022,NaN
Primary Energy [% of Total],Total,Total,Biofuel,2025,NaN
Primary Energy [% of Total],Total,Total,Biofuel,2030,NaN
Primary Energy [% of Total],Total,Total,Biofuel,2035,NaN
Primary Energy [% of Total],Total,Total,Biofuel,2040,NaN
Primary Energy [% of Total],Total,Total,Biofuel,2045,NaN
Primary Energy [% of Total],Total,Total,Biofuel,2050,NaN
Primary Energy [% of Total],Total,Total,LNG,2022,NaN
Primary Energy [% of Total],Total,Total,LNG,2025,NaN
Primary Energy [% of Total],Total,Total,LNG,2030,NaN
Primary Energy [% of Total],Total,Total,LNG,2035,NaN
Primary Energy [% of Total],Total,Total,LNG,2040,NaN
Primary Energy [% of Total],Total,Total,LNG,2045,NaN
Primary Energy [% of Total],Total,Total,LNG,2050,NaN
Primary Energy [% of Total],Total,Total,LBG,2022,NaN
Primary Energy [% of Total],Total,Total,LBG,2025,NaN
Primary Energy [% of Total],Total,Total,LBG,2030,NaN
Primary Energy [% of Total],Total,Total,LBG,2035,NaN
Primary Energy [% of Total],Total,Total,LBG,2040,NaN
Primary Energy [% of Total],Total,Total,LBG,2045,NaN
Primary Energy [% of Total],Total,Total,LBG,2050,NaN
Primary Energy [% of Total],Total,Total,LSG,2022,NaN
Primary Energy [% of Total],Total,Total,LSG,2025,NaN
Primary Energy [% of Total],Total,Total,LSG,2030,NaN
Primary Energy [% of Total],Total,Total,LSG,2035,NaN
Primary Energy [% of Total],Total,Total,LSG,2040,NaN
Primary Energy [% of Total],Total,Total,LSG,2045,NaN
Primary Energy [% of Total],Total,Total,LSG,2050,NaN
Primary Energy [% of Total],Total,Total,LH2,2022,NaN
Primary Energy [% of Total],Total,Total,LH2,2025,NaN
Primary Energy [% of Total],Total,Total,LH2,2030,NaN
Primary Energy [% of Total],Total,Total,LH2,2035,NaN
Primary Energy [% of Total],Total,Total,LH2,2040,NaN
Primary Energy [% of Total],Total,Total,LH2,2045,NaN
Primary Energy [% of Total],Total,Total,LH2,2050,NaN
Primary Energy [% of Total],Total,Total,Air,2022,NaN
Primary Energy [% of Total],Total,Total,Air,2025,NaN
Primary Energy [% of Total],Total,Total,Air,2030,NaN
Primary Energy [% of Total],Total,Total,Air,2035,NaN
Primary Energy [% of Total],Total,Total,Air,2040,NaN
Primary Energy [% of Total],Total,Total,Air,2045,NaN
Primary Energy [% of Total],Total,Total,Air,2050,NaN
Primary Energy [% of Total],Total,Total,DAC_Dummy,2022,NaN
Primary Energy [% of Total],Total,Total,DAC_Dummy,2025,NaN
Primary Energy [% of Total],Total,Total,DAC_Dummy,2030,NaN
Primary Energy [% of Total],Total,Total,DAC_Dummy,2035,NaN
Primary Energy [% of Total],Total,Total,DAC_Dummy,2040,NaN
Primary Energy [% of Total],Total,Total,DAC_Dummy,2045,NaN
Primary Energy [% of Total],Total,Total,DAC_Dummy,2050,NaN
Primary Energy [% of Total],Total,Total,ETS,2022,NaN
Primary Energy [% of Total],Total,Total,ETS,2025,NaN
Primary Energy [% of Total],Total,Total,ETS,2030,NaN
Primary Energy [% of Total],Total,Total,ETS,2035,NaN
Primary Energy [% of Total],Total,Total,ETS,2040,NaN
Primary Energy [% of Total],Total,Total,ETS,2045,NaN
Primary Energy [% of Total],Total,Total,ETS,2050,NaN
Primary Energy [% of Total],Total,Total,ETS_Source,2022,NaN
Primary Energy [% of Total],Total,Total,ETS_Source,2025,NaN
Primary Energy [% of Total],Total,Total,ETS_Source,2030,NaN
Primary Energy [% of Total],Total,Total,ETS_Source,2035,NaN
Primary Energy [% of Total],Total,Total,ETS_Source,2040,NaN
Primary Energy [% of Total],Total,Total,ETS_Source,2045,NaN
Primary Energy [% of Total],Total,Total,ETS_Source,2050,NaN
Primary Energy [% of Total],Total,Total,Heat_District,2022,NaN
Primary Energy [% of Total],Total,Total,Heat_District,2025,NaN
Primary Energy [% of Total],Total,Total,Heat_District,2030,NaN
Primary Energy [% of Total],Total,Total,Heat_District,2035,NaN
Primary Energy [% of Total],Total,Total,Heat_District,2040,NaN
Primary Energy [% of Total],Total,Total,Heat_District,2045,NaN
Primary Energy [% of Total],Total,Total,Heat_District,2050,NaN
Primary Energy [% of Total],Total,Total,Oil,2022,7.0
Primary Energy [% of Total],Total,Total,Oil,2025,7.0
Primary Energy [% of Total],Total,Total,Oil,2030,7.0
Primary Energy [% of Total],Total,Total,Oil,2035,7.0
Primary Energy [% of Total],Total,Total,Oil,2040,7.0
Primary Energy [% of Total],Total,Total,Oil,2045,7.0
Primary Energy [% of Total],Total,Total,Oil,2050,NaN
Primary Energy [% of Total],Total,Total,Gas_Natural,2025,0.852210310294542
Primary Energy [% of Total],Total,Total,Gas_Natural,2050,NaN
Primary Energy [% of Total],Total,Total,Hardcoal,2022,1.2447044225209427
Primary Energy [% of Total],Total,Total,Hardcoal,2025,1.7123821576189804
Primary Energy [% of Total],Total,Total,Hardcoal,2030,2.475037079654133
Primary Energy [% of Total],Total,Total,Hardcoal,2035,1.1235524263215855
Primary Energy [% of Total],Total,Total,Hardcoal,2040,0.5283125314203397
Primary Energy [% of Total],Total,Total,Hardcoal,2050,NaN
Primary Energy [% of Total],Total,Total,Biomass,2022,0.6738598071318181
Primary Energy [% of Total],Total,Total,Biomass,2025,0.6677933313791184
Primary Energy [% of Total],Total,Total,Biomass,2030,0.8214260524530935
Primary Energy [% of Total],Total,Total,Biomass,2035,2.3536055529956017
Primary Energy [% of Total],Total,Total,Biomass,2040,3.45187568765578
Primary Energy [% of Total],Total,Total,Biomass,2045,4.991023881880915
Primary Energy [% of Total],Total,Total,Biomass,2050,7.0
Primary Energy [% of Total],Total,Total,Power,2022,0.3326896066061602
Primary Energy [% of Total],Total,Total,Power,2025,0.5246938645703079
Primary Energy [% of Total],Total,Total,Power,2030,0.8123386708962621
Primary Energy [% of Total],Total,Total,Power,2035,1.3941190018458531
Primary Energy [% of Total],Total,Total,Power,2040,2.098960756686385
Primary Energy [% of Total],Total,Total,Power,2045,2.774611172000363
Primary Energy [% of Total],Total,Total,Power,2050,4.576737480475923
Primary Energy [% of Total],Total,Total,Gas_Bio,2035,0.24646478872994332
Primary Energy [% of Total],Total,Total,Gas_Bio,2040,0.2655951532576743
Primary Energy [% of Total],Total,Total,Gas_Bio,2045,0.2805121224889768
Primary Energy [% of Total],Total,Total,Gas_Bio,2050,0.21805187377577215
Primary Energy [% of Total],Total,Total,Gas_Natural,2030,0.8895596142080079
Primary Energy [% of Total],Total,Total,Gas_Natural,2035,0.9292184744658877
Primary Energy [% of Total],Total,Total,Gas_Natural,2040,0.9548851390497529
Primary Energy [% of Total],Total,Total,Gas_Natural,2045,0.967672094606207
Primary Energy [% of Total],Total,EU27,H2,2022,NaN
Primary Energy [% of Total],Total,EU27,H2,2025,NaN
Primary Energy [% of Total],Total,EU27,H2,2030,NaN
Primary Energy [% of Total],Total,EU27,H2,2035,NaN
Primary Energy [% of Total],Total,EU27,H2,2040,NaN
Primary Energy [% of Total],Total,EU27,H2,2045,NaN
Primary Energy [% of Total],Total,EU27,H2,2050,NaN
Primary Energy [% of Total],Total,EU27,Nuclear,2022,NaN
Primary Energy [% of Total],Total,EU27,Nuclear,2025,NaN
Primary Energy [% of Total],Total,EU27,Nuclear,2030,NaN
Primary Energy [% of Total],Total,EU27,Nuclear,2035,NaN
Primary Energy [% of Total],Total,EU27,Nuclear,2040,NaN
Primary Energy [% of Total],Total,EU27,Nuclear,2045,NaN
Primary Energy [% of Total],Total,EU27,Nuclear,2050,NaN
Primary Energy [% of Total],Total,EU27,Lignite,2022,NaN
Primary Energy [% of Total],Total,EU27,Lignite,2025,NaN
Primary Energy [% of Total],Total,EU27,Lignite,2030,NaN
Primary Energy [% of Total],Total,EU27,Lignite,2035,NaN
Primary Energy [% of Total],Total,EU27,Lignite,2040,NaN
Primary Energy [% of Total],Total,EU27,Lignite,2045,NaN
Primary Energy [% of Total],Total,EU27,Lignite,2050,NaN
Primary Energy [% of Total],Total,EU27,Gas_Synth,2022,NaN
Primary Energy [% of Total],Total,EU27,Gas_Synth,2025,NaN
Primary Energy [% of Total],Total,EU27,Gas_Synth,2030,NaN
Primary Energy [% of Total],Total,EU27,Gas_Synth,2035,NaN
Primary Energy [% of Total],Total,EU27,Gas_Synth,2040,NaN
Primary Energy [% of Total],Total,EU27,Gas_Synth,2045,NaN
Primary Energy [% of Total],Total,EU27,Gas_Synth,2050,NaN
Primary Energy [% of Total],Total,EU27,Heat_Low_Residential,2022,NaN
Primary Energy [% of Total],Total,EU27,Heat_Low_Residential,2025,NaN
Primary Energy [% of Total],Total,EU27,Heat_Low_Residential,2030,NaN
Primary Energy [% of Total],Total,EU27,Heat_Low_Residential,2035,NaN
Primary Energy [% of Total],Total,EU27,Heat_Low_Residential,2040,NaN
Primary Energy [% of Total],Total,EU27,Heat_Low_Residential,2045,NaN
Primary Energy [% of Total],Total,EU27,Heat_Low_Residential,2050,NaN
Primary Energy [% of Total],Total,EU27,Biofuel,2022,NaN
Primary Energy [% of Total],Total,EU27,Biofuel,2025,NaN
Primary Energy [% of Total],Total,EU27,Biofuel,2030,NaN
Primary Energy [% of Total],Total,EU27,Biofuel,2035,NaN
Primary Energy [% of Total],Total,EU27,Biofuel,2040,NaN
Primary Energy [% of Total],Total,EU27,Biofuel,2045,NaN
Primary Energy [% of Total],Total,EU27,Biofuel,2050,NaN
Primary Energy [% of Total],Total,EU27,LNG,2022,NaN
Primary Energy [% of Total],Total,EU27,LNG,2025,NaN
Primary Energy [% of Total],Total,EU27,LNG,2030,NaN
Primary Energy [% of Total],Total,EU27,LNG,2035,NaN
Primary Energy [% of Total],Total,EU27,LNG,2040,NaN
Primary Energy [% of Total],Total,EU27,LNG,2045,NaN
Primary Energy [% of Total],Total,EU27,LNG,2050,NaN
Primary Energy [% of Total],Total,EU27,LBG,2022,NaN
Primary Energy [% of Total],Total,EU27,LBG,2025,NaN
Primary Energy [% of Total],Total,EU27,LBG,2030,NaN
Primary Energy [% of Total],Total,EU27,LBG,2035,NaN
Primary Energy [% of Total],Total,EU27,LBG,2040,NaN
Primary Energy [% of Total],Total,EU27,LBG,2045,NaN
Primary Energy [% of Total],Total,EU27,LBG,2050,NaN
Primary Energy [% of Total],Total,EU27,LSG,2022,NaN
Primary Energy [% of Total],Total,EU27,LSG,2025,NaN
Primary Energy [% of Total],Total,EU27,LSG,2030,NaN
Primary Energy [% of Total],Total,EU27,LSG,2035,NaN
Primary Energy [% of Total],Total,EU27,LSG,2040,NaN
Primary Energy [% of Total],Total,EU27,LSG,2045,NaN
Primary Energy [% of Total],Total,EU27,LSG,2050,NaN
Primary Energy [% of Total],Total,EU27,LH2,2022,NaN
Primary Energy [% of Total],Total,EU27,LH2,2025,NaN
Primary Energy [% of Total],Total,EU27,LH2,2030,NaN
Primary Energy [% of Total],Total,EU27,LH2,2035,NaN
Primary Energy [% of Total],Total,EU27,LH2,2040,NaN
Primary Energy [% of Total],Total,EU27,LH2,2045,NaN
Primary Energy [% of Total],Total,EU27,LH2,2050,NaN
Primary Energy [% of Total],Total,EU27,Air,2022,NaN
Primary Energy [% of Total],Total,EU27,Air,2025,NaN
Primary Energy [% of Total],Total,EU27,Air,2030,NaN
Primary Energy [% of Total],Total,EU27,Air,2035,NaN
Primary Energy [% of Total],Total,EU27,Air,2040,NaN
Primary Energy [% of Total],Total,EU27,Air,2045,NaN
Primary Energy [% of Total],Total,EU27,Air,2050,NaN
Primary Energy [% of Total],Total,EU27,DAC_Dummy,2022,NaN
Primary Energy [% of Total],Total,EU27,DAC_Dummy,2025,NaN
Primary Energy [% of Total],Total,EU27,DAC_Dummy,2030,NaN
Primary Energy [% of Total],Total,EU27,DAC_Dummy,2035,NaN
Primary Energy [% of Total],Total,EU27,DAC_Dummy,2040,NaN
Primary Energy [% of Total],Total,EU27,DAC_Dummy,2045,NaN
Primary Energy [% of Total],Total,EU27,DAC_Dummy,2050,NaN
Primary Energy [% of Total],Total,EU27,ETS,2022,NaN
Primary Energy [% of Total],Total,EU27,ETS,2025,NaN
Primary Energy [% of Total],Total,EU27,ETS,2030,NaN
Primary Energy [% of Total],Total,EU27,ETS,2035,NaN
Primary Energy [% of Total],Total,EU27,ETS,2040,NaN
Primary Energy [% of Total],Total,EU27,ETS,2045,NaN
Primary Energy [% of Total],Total,EU27,ETS,2050,NaN
Primary Energy [% of Total],Total,EU27,ETS_Source,2022,NaN
Primary Energy [% of Total],Total,EU27,ETS_Source,2025,NaN
Primary Energy [% of Total],Total,EU27,ETS_Source,2030,NaN
Primary Energy [% of Total],Total,EU27,ETS_Source,2035,NaN
Primary Energy [% of Total],Total,EU27,ETS_Source,2040,NaN
Primary Energy [% of Total],Total,EU27,ETS_Source,2045,NaN
Primary Energy [% of Total],Total,EU27,ETS_Source,2050,NaN
Primary Energy [% of Total],Total,EU27,Heat_District,2022,NaN
Primary Energy [% of Total],Total,EU27,Heat_District,2025,NaN
Primary Energy [% of Total],Total,EU27,Heat_District,2030,NaN
Primary Energy [% of Total],Total,EU27,Heat_District,2035,NaN
Primary Energy [% of Total],Total,EU27,Heat_District,2040,NaN
Primary Energy [% of Total],Total,EU27,Heat_District,2045,NaN
Primary Energy [% of Total],Total,EU27,Heat_District,2050,NaN
Primary Energy [% of Total],Total,EU27,Oil,2022,7.0
Primary Energy [% of Total],Total,EU27,Oil,2025,7.0
Primary Energy [% of Total],Total,EU27,Oil,2030,7.0
Primary Energy [% of Total],Total,EU27,Oil,2035,7.0
Primary Energy [% of Total],Total,EU27,Oil,2040,7.0
Primary Energy [% of Total],Total,EU27,Oil,2045,7.0
Primary Energy [% of Total],Total,EU27,Oil,2050,NaN
Primary Energy [% of Total],Total,EU27,Gas_Natural,2025,0.852210310294542
Primary Energy [% of Total],Total,EU27,Gas_Natural,2050,NaN
Primary Energy [% of Total],Total,EU27,Hardcoal,2022,1.2447044225209427
Primary Energy [% of Total],Total,EU27,Hardcoal,2025,1.7123821576189804
Primary Energy [% of Total],Total,EU27,Hardcoal,2030,2.475037079654133
Primary Energy [% of Total],Total,EU27,Hardcoal,2035,1.1235524263215855
Primary Energy [% of Total],Total,EU27,Hardcoal,2040,0.5283125314203397
Primary Energy [% of Total],Total,EU27,Hardcoal,2050,NaN
Primary Energy [% of Total],Total,EU27,Biomass,2022,0.6738598071318181
Primary Energy [% of Total],Total,EU27,Biomass,2025,0.6677933313791184
Primary Energy [% of Total],Total,EU27,Biomass,2030,0.8214260524530935
Primary Energy [% of Total],Total,EU27,Biomass,2035,2.3536055529956017
Primary Energy [% of Total],Total,EU27,Biomass,2040,3.45187568765578
Primary Energy [% of Total],Total,EU27,Biomass,2045,4.991023881880915
Primary Energy [% of Total],Total,EU27,Biomass,2050,7.0
Primary Energy [% of Total],Total,EU27,Power,2022,0.3326896066061602
Primary Energy [% of Total],Total,EU27,Power,2025,0.5246938645703079
Primary Energy [% of Total],Total,EU27,Power,2030,0.8123386708962621
Primary Energy [% of Total],Total,EU27,Power,2035,1.3941190018458531
Primary Energy [% of Total],Total,EU27,Power,2040,2.098960756686385
Primary Energy [% of Total],Total,EU27,Power,2045,2.774611172000363
Primary Energy [% of Total],Total,EU27,Power,2050,4.576737480475923
Primary Energy [% of Total],Total,EU27,Gas_Bio,2035,0.24646478872994332
Primary Energy [% of Total],Total,EU27,Gas_Bio,2040,0.2655951532576743
Primary Energy [% of Total],Total,EU27,Gas_Bio,2045,0.2805121224889768
Primary Energy [% of Total],Total,EU27,Gas_Bio,2050,0.21805187377577215
Primary Energy [% of Total],Total,EU27,Gas_Natural,2030,0.8895596142080079
Primary Energy [% of Total],Total,EU27,Gas_Natural,2035,0.9292184744658877
Primary Energy [% of Total],Total,EU27,Gas_Natural,2040,0.9548851390497529
Primary Energy [% of Total],Total,EU27,Gas_Natural,2045,0.967672094606207
Electricity Generation [TWh],Power,Dakar,Oil,2022,0.029643590473753097
Electricity Generation [TWh],Power,Dakar,Oil,2025,0.013888888888888907
Electricity Generation [TWh],Power,Dakar,Oil,2030,2.390467081103431e-5
Electricity Generation [TWh],Power,Dakar,Gas_Natural,2025,0.021990740740740727
Electricity Generation [TWh],Power,Dakar,Gas_Natural,2030,0.037037037037037125
Electricity Generation [TWh],Power,Dakar,Gas_Natural,2035,0.04607060979121781
Electricity Generation [TWh],Power,Dakar,Gas_Natural,2040,0.03701322231926161
Electricity Generation [TWh],Power,Dakar,Gas_Natural,2045,0.031132234323663164
Electricity Generation [TWh],Power,Dakar,Hardcoal,2022,0.0028387477290018133
Electricity Generation [TWh],Power,Dakar,Hardcoal,2025,0.0012966893964877827
Electricity Generation [TWh],Power,Dakar,Gas_Bio,2035,0.00022568650507860257
Electricity Generation [TWh],Power,Dakar,Gas_Bio,2040,2.3814717775501093e-5
Electricity Generation [TWh],Power,Dakar,Gas_Bio,2045,0.001275173083744211
Electricity Generation [TWh],Power,Thies,Oil,2022,0.005028495977203219
Electricity Generation [TWh],Power,Thies,Oil,2025,0.0006102004741072962
Electricity Generation [TWh],Power,Thies,Oil,2030,0.00019574336845319716
Electricity Generation [TWh],Power,Thies,Gas_Natural,2025,0.006944444444444408
Electricity Generation [TWh],Power,Thies,Gas_Natural,2030,0.0069444444444444085
Electricity Generation [TWh],Power,Thies,Gas_Natural,2035,0.013867509790580868
Electricity Generation [TWh],Power,Thies,Gas_Natural,2040,0.011548486170237056
Electricity Generation [TWh],Power,Thies,Gas_Natural,2045,0.008602051729731847
Electricity Generation [TWh],Power,Thies,Hardcoal,2022,0.00012991656273341653
Electricity Generation [TWh],Power,Thies,Hardcoal,2025,0.00029605049463766634
Electricity Generation [TWh],Power,Thies,Gas_Bio,2035,2.1379098308052535e-5
Electricity Generation [TWh],Power,Thies,Gas_Bio,2040,2.5587903837031325e-5
Electricity Generation [TWh],Power,Thies,Gas_Bio,2045,0.0006572075295274116
Electricity Generation [TWh],Power,ZS,Oil,2022,0.0003780830308669083
Electricity Generation [TWh],Power,ZS,Oil,2025,0.000694444444444445
Electricity Generation [TWh],Power,ZS,Oil,2030,1.2614749370149109e-5
Electricity Generation [TWh],Power,MTKK,Oil,2022,0.00032724973820020924
Electricity Generation [TWh],Power,MTKK,Oil,2025,0.0008101851851851878
Electricity Generation [TWh],Power,Dakar,Solar,2022,0.0021599982720013826
Electricity Generation [TWh],Power,Dakar,Solar,2025,0.05555555555555556
Electricity Generation [TWh],Power,Dakar,Solar,2030,1.6941871471621837
Electricity Generation [TWh],Power,Dakar,Solar,2035,2.676996749455115
Electricity Generation [TWh],Power,Dakar,Solar,2040,6.585935604914031
Electricity Generation [TWh],Power,Dakar,Solar,2045,9.068265494999997
Electricity Generation [TWh],Power,Dakar,Solar,2050,9.068265494999997
Electricity Generation [TWh],Power,Diourbel,Solar,2022,0.050999959200032634
Electricity Generation [TWh],Power,Diourbel,Solar,2025,0.058242811394390685
Electricity Generation [TWh],Power,Diourbel,Solar,2030,0.07364864957943512
Electricity Generation [TWh],Power,Diourbel,Solar,2035,0.08905528694683082
Electricity Generation [TWh],Power,Diourbel,Solar,2040,0.10446112513187525
Electricity Generation [TWh],Power,Diourbel,Solar,2045,0.7053579447841664
Electricity Generation [TWh],Power,Diourbel,Solar,2050,8.765480196621468
Electricity Generation [TWh],Power,Thies,Solar,2022,0.19979984016012786
Electricity Generation [TWh],Power,Thies,Solar,2025,0.3146465074222499
Electricity Generation [TWh],Power,Thies,Solar,2030,0.3146465074222499
Electricity Generation [TWh],Power,Thies,Solar,2035,0.31464650742224987
Electricity Generation [TWh],Power,Thies,Solar,2040,1.2800420871798575
Electricity Generation [TWh],Power,Thies,Solar,2045,7.282523340541858
Electricity Generation [TWh],Power,Thies,Solar,2050,12.451138566
Electricity Generation [TWh],Power,LS,Solar,2022,0.04099996720002624
Electricity Generation [TWh],Power,LS,Solar,2025,0.08333333333333333
Electricity Generation [TWh],Power,LS,Solar,2030,0.3264364164911776
Electricity Generation [TWh],Power,LS,Solar,2035,1.7363855994618351
Electricity Generation [TWh],Power,LS,Solar,2040,3.159880509566945
Electricity Generation [TWh],Power,LS,Solar,2045,4.077516005416823
Electricity Generation [TWh],Power,LS,Solar,2050,6.386802890768727
Electricity Generation [TWh],Power,FKK,Solar,2022,0.08599993120005503
Electricity Generation [TWh],Power,FKK,Solar,2025,0.135999931200055
Electricity Generation [TWh],Power,FKK,Solar,2030,0.17197334805759043
Electricity Generation [TWh],Power,FKK,Solar,2035,0.2079486310466222
Electricity Generation [TWh],Power,FKK,Solar,2040,0.2439220479041576
Electricity Generation [TWh],Power,FKK,Solar,2045,0.2798973308931894
Electricity Generation [TWh],Power,FKK,Solar,2050,5.38660549299306
Electricity Generation [TWh],Power,ZS,Solar,2050,0.21491472077340723
Electricity Generation [TWh],Power,MTKK,Solar,2035,0.28356626918103983
Electricity Generation [TWh],Power,MTKK,Solar,2040,0.678837072331323
Electricity Generation [TWh],Power,MTKK,Solar,2045,0.8583105965855302
Electricity Generation [TWh],Power,MTKK,Solar,2050,2.825314088694436
Electricity Generation [TWh],Power,Dakar,Wind,2045,2.618523605740002
Electricity Generation [TWh],Power,Dakar,Wind,2050,5.237047211480003
Electricity Generation [TWh],Power,Thies,Wind,2022,0.3955596835522531
Electricity Generation [TWh],Power,Thies,Wind,2025,0.7387457681340445
Electricity Generation [TWh],Power,Thies,Wind,2030,1.4141553372468743
Electricity Generation [TWh],Power,Thies,Wind,2035,4.270420606486506
Electricity Generation [TWh],Power,Thies,Wind,2040,8.716258038839419
Electricity Generation [TWh],Power,Thies,Wind,2045,15.41346320254942
Electricity Generation [TWh],Power,Thies,Wind,2050,19.499143848704154
Electricity Generation [TWh],Power,LS,Wind,2040,2.5006700405399997
Electricity Generation [TWh],Power,LS,Wind,2045,4.958609986065044
Electricity Generation [TWh],Power,LS,Wind,2050,4.989618702527831
Electricity Generation [TWh],Power,MTKK,Hydro,2022,0.48601
Electricity Generation [TWh],Power,MTKK,Hydro,2025,1.0611377615086883
Electricity Generation [TWh],Power,MTKK,Hydro,2030,1.3555373760960003
Electricity Generation [TWh],Power,MTKK,Hydro,2035,1.3555373760959994
Electricity Generation [TWh],Power,MTKK,Hydro,2040,1.243818132806848
Electricity Generation [TWh],Power,MTKK,Hydro,2045,1.910554114853975
Electricity Generation [TWh],Power,MTKK,Hydro,2050,4.015010580037332
Electricity Mix [%],Power,Dakar,Oil,2022,0.0076008415414926785
Electricity Mix [%],Power,Dakar,Oil,2025,0.003074998635051506
Electricity Mix [%],Power,Dakar,Oil,2030,3.892317873320423e-6
Electricity Mix [%],Power,Dakar,Gas_Natural,2025,0.004868747838831542
Electricity Mix [%],Power,Dakar,Gas_Natural,2030,0.00603061729540933
Electricity Mix [%],Power,Dakar,Gas_Natural,2035,0.005596151483079839
Electricity Mix [%],Power,Dakar,Gas_Natural,2040,0.003355570900878823
Electricity Mix [%],Power,Dakar,Gas_Natural,2045,0.001998772338795952
Electricity Mix [%],Power,Dakar,Hardcoal,2022,0.0007278764589437804
Electricity Mix [%],Power,Dakar,Hardcoal,2025,0.0002870869049485695
Electricity Mix [%],Power,Dakar,Gas_Bio,2035,2.741391693815786e-5
Electricity Mix [%],Power,Dakar,Gas_Bio,2040,2.159011536224099e-6
Electricity Mix [%],Power,Dakar,Gas_Bio,2045,8.186950735584603e-5
Electricity Mix [%],Power,Thies,Oil,2022,0.004140830224725578
Electricity Mix [%],Power,Thies,Oil,2025,0.0003057919805387686
Electricity Mix [%],Power,Thies,Oil,2030,7.570448739556383e-5
Electricity Mix [%],Power,Thies,Gas_Natural,2025,0.0034800946746473735
Electricity Mix [%],Power,Thies,Gas_Natural,2030,0.0026857901295355385
Electricity Mix [%],Power,Thies,Gas_Natural,2035,0.0022181862307810033
Electricity Mix [%],Power,Thies,Gas_Natural,2040,0.0010143429463590867
Electricity Mix [%],Power,Thies,Gas_Natural,2045,0.0003613229909280196
Electricity Mix [%],Power,Thies,Hardcoal,2022,0.0001069827702155576
Electricity Mix [%],Power,Thies,Hardcoal,2025,0.00014836085997339872
Electricity Mix [%],Power,Thies,Gas_Bio,2035,3.4197070858133628e-6
Electricity Mix [%],Power,Thies,Gas_Bio,2040,2.2474729056782133e-6
Electricity Mix [%],Power,Thies,Gas_Bio,2045,2.760552920281748e-5
Electricity Mix [%],Power,ZS,Area_Rooftop_Residential,2035,NaN
Electricity Mix [%],Power,ZS,Area_Rooftop_Residential,2040,NaN
Electricity Mix [%],Power,ZS,Area_Rooftop_Residential,2045,NaN
Electricity Mix [%],Power,ZS,H2,2035,NaN
Electricity Mix [%],Power,ZS,H2,2040,NaN
Electricity Mix [%],Power,ZS,H2,2045,NaN
Electricity Mix [%],Power,ZS,Nuclear,2035,NaN
Electricity Mix [%],Power,ZS,Nuclear,2040,NaN
Electricity Mix [%],Power,ZS,Nuclear,2045,NaN
Electricity Mix [%],Power,ZS,Lignite,2035,NaN
Electricity Mix [%],Power,ZS,Lignite,2040,NaN
Electricity Mix [%],Power,ZS,Lignite,2045,NaN
Electricity Mix [%],Power,ZS,Gas_Synth,2035,NaN
Electricity Mix [%],Power,ZS,Gas_Synth,2040,NaN
Electricity Mix [%],Power,ZS,Gas_Synth,2045,NaN
Electricity Mix [%],Power,ZS,Biofuel,2035,NaN
Electricity Mix [%],Power,ZS,Biofuel,2040,NaN
Electricity Mix [%],Power,ZS,Biofuel,2045,NaN
Electricity Mix [%],Power,ZS,LNG,2035,NaN
Electricity Mix [%],Power,ZS,LNG,2040,NaN
Electricity Mix [%],Power,ZS,LNG,2045,NaN
Electricity Mix [%],Power,ZS,LBG,2035,NaN
Electricity Mix [%],Power,ZS,LBG,2040,NaN
Electricity Mix [%],Power,ZS,LBG,2045,NaN
Electricity Mix [%],Power,ZS,LSG,2035,NaN
Electricity Mix [%],Power,ZS,LSG,2040,NaN
Electricity Mix [%],Power,ZS,LSG,2045,NaN
Electricity Mix [%],Power,ZS,LH2,2035,NaN
Electricity Mix [%],Power,ZS,LH2,2040,NaN
Electricity Mix [%],Power,ZS,LH2,2045,NaN
Electricity Mix [%],Power,ZS,Air,2035,NaN
Electricity Mix [%],Power,ZS,Air,2040,NaN
Electricity Mix [%],Power,ZS,Air,2045,NaN
Electricity Mix [%],Power,ZS,ETS,2035,NaN
Electricity Mix [%],Power,ZS,ETS,2040,NaN
Electricity Mix [%],Power,ZS,ETS,2045,NaN
Electricity Mix [%],Power,ZS,ETS_Source,2035,NaN
Electricity Mix [%],Power,ZS,ETS_Source,2040,NaN
Electricity Mix [%],Power,ZS,ETS_Source,2045,NaN
Electricity Mix [%],Power,ZS,Heat_District,2035,NaN
Electricity Mix [%],Power,ZS,Heat_District,2040,NaN
Electricity Mix [%],Power,ZS,Heat_District,2045,NaN
Electricity Mix [%],Power,ZS,Oil,2022,0.008333333333333326
Electricity Mix [%],Power,ZS,Oil,2025,0.00833333333333334
Electricity Mix [%],Power,ZS,Oil,2030,0.008333333333333333
Electricity Mix [%],Power,ZS,Oil,2035,NaN
Electricity Mix [%],Power,ZS,Oil,2040,NaN
Electricity Mix [%],Power,ZS,Oil,2045,NaN
Electricity Mix [%],Power,ZS,Gas_Natural,2035,NaN
Electricity Mix [%],Power,ZS,Gas_Natural,2040,NaN
Electricity Mix [%],Power,ZS,Gas_Natural,2045,NaN
Electricity Mix [%],Power,ZS,Hardcoal,2035,NaN
Electricity Mix [%],Power,ZS,Hardcoal,2040,NaN
Electricity Mix [%],Power,ZS,Hardcoal,2045,NaN
Electricity Mix [%],Power,ZS,Area_Rooftop_Commercial,2035,NaN
Electricity Mix [%],Power,ZS,Area_Rooftop_Commercial,2040,NaN
Electricity Mix [%],Power,ZS,Area_Rooftop_Commercial,2045,NaN
Electricity Mix [%],Power,ZS,Biomass,2035,NaN
Electricity Mix [%],Power,ZS,Biomass,2040,NaN
Electricity Mix [%],Power,ZS,Biomass,2045,NaN
Electricity Mix [%],Power,ZS,Power,2035,NaN
Electricity Mix [%],Power,ZS,Power,2040,NaN
Electricity Mix [%],Power,ZS,Power,2045,NaN
Electricity Mix [%],Power,ZS,Gas_Bio,2035,NaN
Electricity Mix [%],Power,ZS,Gas_Bio,2040,NaN
Electricity Mix [%],Power,ZS,Gas_Bio,2045,NaN
Electricity Mix [%],Power,ZS,Heat_Low_Industrial,2035,NaN
Electricity Mix [%],Power,ZS,Heat_Low_Industrial,2040,NaN
Electricity Mix [%],Power,ZS,Heat_Low_Industrial,2045,NaN
Electricity Mix [%],Power,ZS,Heat_Medium_Industrial,2035,NaN
Electricity Mix [%],Power,ZS,Heat_Medium_Industrial,2040,NaN
Electricity Mix [%],Power,ZS,Heat_Medium_Industrial,2045,NaN
Electricity Mix [%],Power,ZS,Powerfuel,2035,NaN
Electricity Mix [%],Power,ZS,Powerfuel,2040,NaN
Electricity Mix [%],Power,ZS,Powerfuel,2045,NaN
Electricity Mix [%],Power,MTKK,Oil,2022,0.0006230006049580806
Electricity Mix [%],Power,MTKK,Oil,2025,0.000699424355609815
Electricity Mix [%],Power,Dakar,Solar,2022,0.0005538399476243302
Electricity Mix [%],Power,Dakar,Solar,2025,0.01229999454020601
Electricity Mix [%],Power,Dakar,Solar,2030,0.27585884640608366
Electricity Mix [%],Power,Dakar,Solar,2035,0.32517215199784205
Electricity Mix [%],Power,Dakar,Solar,2040,0.5970724105101953
Electricity Mix [%],Power,Dakar,Solar,2045,0.5822067906795537
Electricity Mix [%],Power,Dakar,Solar,2050,0.633908931672096
Electricity Mix [%],Power,Diourbel,Solar,2022,1.0
Electricity Mix [%],Power,Diourbel,Solar,2025,1.0
Electricity Mix [%],Power,Diourbel,Solar,2030,1.0
Electricity Mix [%],Power,Diourbel,Solar,2035,1.0
Electricity Mix [%],Power,Diourbel,Solar,2040,1.0
Electricity Mix [%],Power,Diourbel,Solar,2045,1.0
Electricity Mix [%],Power,Diourbel,Solar,2050,1.0
Electricity Mix [%],Power,Thies,Solar,2022,0.16452975616986582
Electricity Mix [%],Power,Thies,Solar,2025,0.15767994742222652
Electricity Mix [%],Power,Thies,Solar,2030,0.12169072568556198
Electricity Mix [%],Power,Thies,Solar,2035,0.05032947954371933
Electricity Mix [%],Power,Thies,Solar,2040,0.11243046430794655
Electricity Mix [%],Power,Thies,Solar,2045,0.3058971507707643
Electricity Mix [%],Power,Thies,Solar,2050,0.38970355267563267
Electricity Mix [%],Power,LS,Solar,2022,1.0
Electricity Mix [%],Power,LS,Solar,2025,1.0
Electricity Mix [%],Power,LS,Solar,2030,1.0
Electricity Mix [%],Power,LS,Solar,2035,1.0
Electricity Mix [%],Power,LS,Solar,2040,0.5582284764698807
Electricity Mix [%],Power,LS,Solar,2045,0.4512460327866828
Electricity Mix [%],Power,LS,Solar,2050,0.5614070152368551
Electricity Mix [%],Power,FKK,Solar,2022,1.0
Electricity Mix [%],Power,FKK,Solar,2025,1.0
Electricity Mix [%],Power,FKK,Solar,2030,1.0
Electricity Mix [%],Power,FKK,Solar,2035,1.0
Electricity Mix [%],Power,FKK,Solar,2040,1.0
Electricity Mix [%],Power,FKK,Solar,2045,1.0
Electricity Mix [%],Power,FKK,Solar,2050,1.0
Electricity Mix [%],Power,ZS,Solar,2035,NaN
Electricity Mix [%],Power,ZS,Solar,2040,NaN
Electricity Mix [%],Power,ZS,Solar,2045,NaN
Electricity Mix [%],Power,ZS,Solar,2050,1.0
Electricity Mix [%],Power,MTKK,Solar,2035,0.17300081663421096
Electricity Mix [%],Power,MTKK,Solar,2040,0.3530727041006495
Electricity Mix [%],Power,MTKK,Solar,2045,0.3099864695589635
Electricity Mix [%],Power,MTKK,Solar,2050,0.41303800996601875
Electricity Mix [%],Power,Dakar,Wind,2045,0.16811618778223034
Electricity Mix [%],Power,Dakar,Wind,2050,0.366091068327904
Electricity Mix [%],Power,Thies,Wind,2022,0.3257326844371978
Electricity Mix [%],Power,Thies,Wind,2025,0.3702103507586283
Electricity Mix [%],Power,Thies,Wind,2030,0.5469299202827052
Electricity Mix [%],Power,Thies,Wind,2035,0.6830778079122632
Electricity Mix [%],Power,Thies,Wind,2040,0.7655786853802818
Electricity Mix [%],Power,Thies,Wind,2045,0.6474314268135352
Electricity Mix [%],Power,Thies,Wind,2050,0.6102964473243674
Electricity Mix [%],Power,LS,Wind,2040,0.4417715235301193
Electricity Mix [%],Power,LS,Wind,2045,0.5487539672133173
Electricity Mix [%],Power,LS,Wind,2050,0.43859298476314507
Electricity Mix [%],Power,ZS,Wind,2035,NaN
Electricity Mix [%],Power,ZS,Wind,2040,NaN
Electricity Mix [%],Power,ZS,Wind,2045,NaN
Electricity Mix [%],Power,ZS,Hydro,2035,NaN
Electricity Mix [%],Power,ZS,Hydro,2040,NaN
Electricity Mix [%],Power,ZS,Hydro,2045,NaN
Electricity Mix [%],Power,MTKK,Hydro,2022,0.9252399274050302
Electricity Mix [%],Power,MTKK,Hydro,2025,0.9160690773268226
Electricity Mix [%],Power,MTKK,Hydro,2030,1.0
Electricity Mix [%],Power,MTKK,Hydro,2035,0.8269991833657891
Electricity Mix [%],Power,MTKK,Hydro,2040,0.6469272958993506
Electricity Mix [%],Power,MTKK,Hydro,2045,0.6900135304410367
Electricity Mix [%],Power,MTKK,Hydro,2050,0.5869619900339813
Electricity Mix [%],Power,Dakar,Other,2022,0.9911174420519392
Electricity Mix [%],Power,Dakar,Other,2025,0.9794691720809624
Electricity Mix [%],Power,Dakar,Other,2030,0.7181066439806336
Electricity Mix [%],Power,Dakar,Other,2035,0.66920428260214
Electricity Mix [%],Power,Dakar,Other,2040,0.39956985957738966
Electricity Mix [%],Power,Dakar,Other,2045,0.2475963796920642
Electricity Mix [%],Power,Dakar,Other,2050,-5.551115123125783e-17
Electricity Mix [%],Power,Thies,Other,2022,0.5054897463979953
Electricity Mix [%],Power,Thies,Other,2025,0.46817545430398555
Electricity Mix [%],Power,Thies,Other,2030,0.3286178594148018
Electricity Mix [%],Power,Thies,Other,2035,0.2643711066061506
Electricity Mix [%],Power,Thies,Other,2040,0.12097425989250687
Electricity Mix [%],Power,Thies,Other,2045,0.04628249389556971
Electricity Mix [%],Power,Thies,Other,2050,-1.1102230246251565e-16
Electricity Mix [%],Power,LS,Other,2050,-1.6653345369377348e-16
Electricity Mix [%],Power,ZS,Other,2022,0.9916666666666667
Electricity Mix [%],Power,ZS,Other,2025,0.9916666666666667
Electricity Mix [%],Power,ZS,Other,2030,0.9916666666666667
Electricity Mix [%],Power,ZS,Other,2035,NaN
Electricity Mix [%],Power,ZS,Other,2040,NaN
Electricity Mix [%],Power,ZS,Other,2045,NaN
Electricity Mix [%],Power,MTKK,Other,2022,0.07413707199001163
Electricity Mix [%],Power,MTKK,Other,2025,0.0832314983175676
Electricity Mix [%],Power,MTKK,Other,2035,-1.1102230246251565e-16
Electricity Mix [%],Power,MTKK,Other,2040,-1.1102230246251565e-16
Electricity Mix [%],Power,MTKK,Other,2045,-2.220446049250313e-16
Import Share of Primary Energy [%],Total,Dakar,Oil,2022,0.8276929198244471
Import Share of Primary Energy [%],Total,Dakar,Oil,2025,0.5174213580677469
Import Share of Primary Energy [%],Total,Dakar,Oil,2030,0.42962478084378386
Import Share of Primary Energy [%],Total,Dakar,Oil,2035,0.4767781744525204
Import Share of Primary Energy [%],Total,Dakar,Oil,2040,0.241851892592271
Import Share of Primary Energy [%],Total,Dakar,Oil,2045,0.11306022872987809
Import Share of Primary Energy [%],Total,Dakar,Gas_Natural,2025,0.27606929940345837
Import Share of Primary Energy [%],Total,Dakar,Hardcoal,2022,0.16584175252500993
Import Share of Primary Energy [%],Total,Dakar,Hardcoal,2025,0.19606877765269506
Import Share of Primary Energy [%],Total,Dakar,Hardcoal,2030,0.39043584947565474
Import Share of Primary Energy [%],Total,Dakar,Hardcoal,2035,0.1126229294438236
Import Share of Primary Energy [%],Total,Dakar,Hardcoal,2040,0.03200585186073209
Import Share of Primary Energy [%],Total,Diourbel,Oil,2022,0.6341265494923028
Import Share of Primary Energy [%],Total,Diourbel,Oil,2025,0.5634301176061018
Import Share of Primary Energy [%],Total,Diourbel,Oil,2030,0.4498380080822122
Import Share of Primary Energy [%],Total,Diourbel,Oil,2035,0.41215481479577804
Import Share of Primary Energy [%],Total,Diourbel,Oil,2040,0.31872492423522997
Import Share of Primary Energy [%],Total,Diourbel,Oil,2045,0.10484437279384914
Import Share of Primary Energy [%],Total,Diourbel,Hardcoal,2022,0.22613933346311496
Import Share of Primary Energy [%],Total,Diourbel,Hardcoal,2025,0.29275758684796466
Import Share of Primary Energy [%],Total,Diourbel,Hardcoal,2030,0.38848016674397395
Import Share of Primary Energy [%],Total,Diourbel,Hardcoal,2035,0.08386871480544994
Import Share of Primary Energy [%],Total,Diourbel,Hardcoal,2040,0.020144387101536713
Import Share of Primary Energy [%],Total,Thies,Oil,2022,0.5664848344107146
Import Share of Primary Energy [%],Total,Thies,Oil,2025,0.3413538468788784
Import Share of Primary Energy [%],Total,Thies,Oil,2030,0.21036952627376546
Import Share of Primary Energy [%],Total,Thies,Oil,2035,0.09903475335420331
Import Share of Primary Energy [%],Total,Thies,Oil,2040,0.05257897226674773
Import Share of Primary Energy [%],Total,Thies,Oil,2045,0.018154981300450318
Import Share of Primary Energy [%],Total,Thies,Hardcoal,2022,0.3056618709685703
Import Share of Primary Energy [%],Total,Thies,Hardcoal,2025,0.45265163277900444
Import Share of Primary Energy [%],Total,Thies,Hardcoal,2030,0.4890019834926269
Import Share of Primary Energy [%],Total,Thies,Hardcoal,2035,0.08943802441067202
Import Share of Primary Energy [%],Total,Thies,Hardcoal,2040,0.01390644305222429
Import Share of Primary Energy [%],Total,LS,Oil,2022,0.7840942051316555
Import Share of Primary Energy [%],Total,LS,Oil,2025,0.4121449692150995
Import Share of Primary Energy [%],Total,LS,Oil,2030,0.10066746812628456
Import Share of Primary Energy [%],Total,LS,Oil,2035,0.06189454421819547
Import Share of Primary Energy [%],Total,LS,Oil,2040,0.03276837206475062
Import Share of Primary Energy [%],Total,LS,Oil,2045,0.014673559666989782
Import Share of Primary Energy [%],Total,LS,Gas_Natural,2025,0.41928326814386696
Import Share of Primary Energy [%],Total,LS,Hardcoal,2022,0.08258016708730988
Import Share of Primary Energy [%],Total,LS,Hardcoal,2025,0.0658225232239507
Import Share of Primary Energy [%],Total,LS,Hardcoal,2030,0.01478552979420849
Import Share of Primary Energy [%],Total,LS,Hardcoal,2035,0.004021065180453936
Import Share of Primary Energy [%],Total,LS,Hardcoal,2040,0.001182994369786861
Import Share of Primary Energy [%],Total,FKK,Oil,2022,0.7485287159390964
Import Share of Primary Energy [%],Total,FKK,Oil,2025,0.671267251244361
Import Share of Primary Energy [%],Total,FKK,Oil,2030,0.5440047505169309
Import Share of Primary Energy [%],Total,FKK,Oil,2035,0.4904345538056521
Import Share of Primary Energy [%],Total,FKK,Oil,2040,0.3214961228309159
Import Share of Primary Energy [%],Total,FKK,Oil,2045,0.08669759119130062
Import Share of Primary Energy [%],Total,FKK,Hardcoal,2022,0.07263631809068598
Import Share of Primary Energy [%],Total,FKK,Hardcoal,2025,0.12899628354465792
Import Share of Primary Energy [%],Total,FKK,Hardcoal,2030,0.21872628884636566
Import Share of Primary Energy [%],Total,FKK,Hardcoal,2035,0.05339203198947518
Import Share of Primary Energy [%],Total,FKK,Hardcoal,2040,0.020548257574107377
Import Share of Primary Energy [%],Total,ZS,Oil,2022,0.7077651889435986
Import Share of Primary Energy [%],Total,ZS,Oil,2025,0.6940293634273158
Import Share of Primary Energy [%],Total,ZS,Oil,2030,0.6033850031093726
Import Share of Primary Energy [%],Total,ZS,Oil,2035,0.4682665522510132
Import Share of Primary Energy [%],Total,ZS,Oil,2040,0.3216979512019396
Import Share of Primary Energy [%],Total,ZS,Oil,2045,0.07426520959494233
Import Share of Primary Energy [%],Total,ZS,Hardcoal,2022,0.13575221145894925
Import Share of Primary Energy [%],Total,ZS,Hardcoal,2025,0.1472534432959934
Import Share of Primary Energy [%],Total,ZS,Hardcoal,2030,0.17923752219502376
Import Share of Primary Energy [%],Total,ZS,Hardcoal,2035,0.03949841498905125
Import Share of Primary Energy [%],Total,ZS,Hardcoal,2040,0.002671615294368587
Import Share of Primary Energy [%],Total,MTKK,Oil,2022,0.6722097999057941
Import Share of Primary Energy [%],Total,MTKK,Oil,2025,0.5421808680000507
Import Share of Primary Energy [%],Total,MTKK,Oil,2030,0.424300282029726
Import Share of Primary Energy [%],Total,MTKK,Oil,2035,0.37864583489557163
Import Share of Primary Energy [%],Total,MTKK,Oil,2040,0.2574072527527545
Import Share of Primary Energy [%],Total,MTKK,Oil,2045,0.06803619535883147
Import Share of Primary Energy [%],Total,MTKK,Hardcoal,2022,0.09146215367228794
Import Share of Primary Energy [%],Total,MTKK,Hardcoal,2025,0.12936696192416366
Import Share of Primary Energy [%],Total,MTKK,Hardcoal,2030,0.18582958460087595
Import Share of Primary Energy [%],Total,MTKK,Hardcoal,2035,0.04599003673727142
Import Share of Primary Energy [%],Total,MTKK,Hardcoal,2040,0.02023864645493961
Import Share of Primary Energy [%],Total,Total,Oil,2022,4.940902213647609
Import Share of Primary Energy [%],Total,Total,Oil,2025,3.741827774439554
Import Share of Primary Energy [%],Total,Total,Oil,2030,2.7621898189820753
Import Share of Primary Energy [%],Total,Total,Oil,2035,2.3872092277729338
Import Share of Primary Energy [%],Total,Total,Oil,2040,1.546525487944609
Import Share of Primary Energy [%],Total,Total,Oil,2045,0.47973213863624176
Import Share of Primary Energy [%],Total,Total,Gas_Natural,2025,0.6953525675473253
Import Share of Primary Energy [%],Total,Total,Hardcoal,2022,1.080073807265928
Import Share of Primary Energy [%],Total,Total,Hardcoal,2025,1.41291720926843
Import Share of Primary Energy [%],Total,Total,Hardcoal,2030,1.8664969251487296
Import Share of Primary Energy [%],Total,Total,Hardcoal,2035,0.42883121755619735
Import Share of Primary Energy [%],Total,Total,Hardcoal,2040,0.11069819570769553
Import Share of Primary Energy [%],Total,EU27,Oil,2022,4.940902213647609
Import Share of Primary Energy [%],Total,EU27,Oil,2025,3.741827774439554
Import Share of Primary Energy [%],Total,EU27,Oil,2030,2.7621898189820753
Import Share of Primary Energy [%],Total,EU27,Oil,2035,2.3872092277729338
Import Share of Primary Energy [%],Total,EU27,Oil,2040,1.546525487944609
Import Share of Primary Energy [%],Total,EU27,Oil,2045,0.47973213863624176
Import Share of Primary Energy [%],Total,EU27,Gas_Natural,2025,0.6953525675473253
Import Share of Primary Energy [%],Total,EU27,Hardcoal,2022,1.080073807265928
Import Share of Primary Energy [%],Total,EU27,Hardcoal,2025,1.41291720926843
Import Share of Primary Energy [%],Total,EU27,Hardcoal,2030,1.8664969251487296
Import Share of Primary Energy [%],Total,EU27,Hardcoal,2035,0.42883121755619735
Import Share of Primary Energy [%],Total,EU27,Hardcoal,2040,0.11069819570769553
