
Gurobi 12.0.1 (linux64) logging started mer. 10 juin 2026 22:14:44

Set parameter LogFile to value "Results_NZ_73/Run_73_2026-06-10.log"

Gurobi 12.0.1 (linux64) logging started mer. 10 juin 2026 22:14:44

Set parameter LogFile to value "Results_NZ_73/Run_73_2026-06-10.log"
Gurobi Optimizer version 12.0.1 build v12.0.1rc0 (linux64 - "Ubuntu 24.04.3 LTS")

CPU model: Intel(R) Xeon(R) Silver 4214R CPU @ 2.40GHz, instruction set [SSE2|AVX|AVX2|AVX512]
Thread count: 24 physical cores, 48 logical processors, using up to 48 threads

Non-default parameters:
Method  2
BarHomogeneous  1
Threads  48

Optimize a model with 2346174 rows, 5730439 columns and 11775825 nonzeros
Model fingerprint: 0x9ee9ef04
Coefficient statistics:
  Matrix range     [3e-05, 6e+03]
  Objective range  [1e+00, 1e+04]
  Bounds range     [0e+00, 0e+00]
  RHS range        [8e-06, 1e+06]
Presolve removed 1901601 rows and 5220380 columns (presolve time = 5s)...
Presolve removed 1901601 rows and 5220382 columns
Presolve time: 5.62s
Presolved: 444573 rows, 510057 columns, 3105826 nonzeros

Elapsed ordering time = 5s
Ordering time: 17.00s

Barrier statistics:
 Dense cols : 114
 AA' NZ     : 2.334e+07
 Factor NZ  : 2.072e+08 (roughly 2.0 GB of memory)
 Factor Ops : 2.159e+11 (roughly 1 second per iteration)
 Threads    : 48

                  Objective                Residual
Iter       Primal          Dual         Primal    Dual     Compl     Time
   0   9.20167540e+13 -5.42871456e+12  6.51e+10 8.64e+01  5.78e+10    26s
   1   8.67285046e+13 -5.41049065e+12  6.11e+10 3.32e+02  5.42e+10    27s
   2   7.91666969e+13 -5.40369469e+12  5.48e+10 3.46e+02  4.91e+10    29s
   3   7.06324716e+13 -6.11496561e+12  4.44e+10 2.98e+02  4.17e+10    31s
   4   1.34280567e+13 -2.88346484e+12  7.77e+09 1.60e+02  4.56e+09    32s
   5   5.97525668e+12 -9.90838038e+11  3.08e+09 7.64e+01  1.09e+09    34s
   6   2.30325572e+12 -1.74194284e+11  1.09e+09 2.57e+01  1.61e+08    36s
   7   9.22187901e+11 -5.47883840e+10  3.60e+08 1.17e+01  3.32e+07    38s
   8   3.87110359e+11 -1.98498102e+10  1.47e+08 5.78e+00  8.33e+06    40s
   9   2.14131467e+11 -7.03228033e+09  7.95e+07 3.34e+00  3.22e+06    41s
  10   1.36949290e+11 -2.54614409e+09  5.06e+07 2.44e+00  1.74e+06    43s
  11   7.26060114e+10 -1.29338705e+08  2.62e+07 1.42e+00  6.98e+05    45s
  12   3.88979128e+10 -7.36025456e+07  1.40e+07 5.54e-01  2.33e+05    47s
  13   2.22103925e+10  1.28616462e+08  7.89e+06 3.41e-01  1.14e+05    49s
  14   9.28280253e+09  1.56614821e+08  3.30e+06 1.79e-01  4.05e+04    51s
  15   2.61568090e+09  6.68303987e+07  9.11e+05 6.09e-02  8.93e+03    53s
  16   1.60454074e+09  5.56246859e+07  5.56e+05 5.02e-02  5.59e+03    54s
  17   1.18275625e+09  3.20208688e+07  4.09e+05 2.41e-02  3.33e+03    56s
  18   5.46596401e+08  9.16702589e+06  1.89e+05 5.77e-03  1.24e+03    57s
  19   2.30146686e+08  1.42048043e+06  7.96e+04 1.32e-03  4.68e+02    59s
  20   4.70183249e+07  9.58898295e+04  1.65e+04 5.64e-04  9.81e+01    60s
  21   2.63146814e+07 -2.14086177e+05  9.28e+03 2.53e-04  5.23e+01    62s
  22   1.82112321e+07 -2.06969685e+05  6.45e+03 1.58e-04  3.52e+01    63s
  23   9.95750219e+06 -1.68947326e+05  3.54e+03 1.16e-04  1.94e+01    65s
  24   7.56692375e+06 -1.43734332e+05  2.70e+03 7.07e-05  1.42e+01    66s
  25   4.87110983e+06 -1.29491421e+05  1.74e+03 5.65e-05  9.26e+00    68s
  26   3.39737195e+06 -1.00547364e+05  1.21e+03 3.79e-05  6.34e+00    69s
  27   2.90560180e+06 -6.89995567e+04  1.03e+03 2.34e-05  5.20e+00    71s
  28   2.09310054e+06 -5.14217886e+04  7.14e+02 1.81e-05  3.71e+00    73s
  29   1.48214737e+06 -4.92258783e+04  4.84e+02 1.29e-05  2.61e+00    75s
  30   1.20469138e+06 -3.67130479e+04  3.93e+02 9.81e-06  2.07e+00    77s
  31   9.30095413e+05 -2.44119996e+04  3.03e+02 8.44e-06  1.58e+00    79s
  32   7.26996047e+05 -1.75466771e+04  2.35e+02 7.82e-06  1.23e+00    81s
  33   7.17183133e+05 -1.62422866e+04  2.31e+02 7.65e-06  1.21e+00    83s
  34   5.75701017e+05 -7.64433647e+03  1.83e+02 7.01e-06  9.59e-01    85s
  35   4.94450754e+05  1.46503667e+03  1.56e+02 5.89e-06  8.06e-01    87s
  36   4.50044779e+05  1.15743418e+04  1.40e+02 4.74e-06  7.14e-01    89s
  37   4.21234110e+05  1.44790822e+04  1.28e+02 4.31e-06  6.63e-01    91s
  38   3.74002459e+05  1.73095349e+04  1.11e+02 4.03e-06  5.81e-01    94s
  39   3.65564462e+05  1.95341173e+04  1.08e+02 3.81e-06  5.64e-01    96s
  40   3.47920971e+05  2.52746714e+04  1.02e+02 3.29e-06  5.26e-01    99s
  41   3.38362004e+05  2.64317551e+04  9.83e+01 3.15e-06  5.09e-01   102s
  42   3.18039024e+05  3.16227926e+04  9.10e+01 2.73e-06  4.68e-01   104s
  43   3.02911062e+05  3.49187442e+04  8.54e+01 2.41e-06  4.38e-01   106s
  44   2.93021880e+05  3.59234204e+04  8.17e+01 2.27e-06  4.21e-01   109s
  45   2.91337564e+05  4.21143315e+04  8.03e+01 1.39e-06  4.11e-01   112s
  46   2.88786930e+05  4.28326184e+04  7.84e+01 1.29e-06  4.06e-01   114s
  47   2.83099494e+05  4.49629798e+04  7.51e+01 1.18e-06  3.93e-01   116s
  48   2.81303983e+05  4.51524914e+04  7.41e+01 1.17e-06  3.89e-01   119s
  49   2.72159104e+05  4.82510579e+04  7.06e+01 1.03e-06  3.70e-01   121s
  50   2.64146923e+05  5.02344185e+04  6.78e+01 9.40e-07  3.54e-01   123s
  51   2.45926994e+05  5.53027706e+04  6.11e+01 7.92e-07  3.18e-01   126s
  52   2.34052653e+05  5.56006539e+04  5.65e+01 8.13e-07  2.96e-01   128s
  53   2.32445404e+05  5.71030279e+04  5.59e+01 7.40e-07  2.92e-01   130s
  54   2.20674002e+05  5.94441840e+04  5.14e+01 6.50e-07  2.69e-01   133s
  55   2.07535522e+05  6.21417487e+04  4.64e+01 5.74e-07  2.43e-01   136s
  56   2.13858299e+05  6.25806063e+04  4.66e+01 5.59e-07  2.51e-01   138s
  57   2.02110893e+05  6.41211878e+04  4.24e+01 5.27e-07  2.29e-01   141s
  58   2.02774075e+05  6.46214178e+04  4.23e+01 5.12e-07  2.30e-01   143s
  59   1.98268194e+05  6.62135737e+04  4.06e+01 4.72e-07  2.20e-01   146s
  60   1.88035214e+05  6.72306048e+04  3.68e+01 4.52e-07  2.01e-01   148s
  61   1.89998505e+05  6.80023544e+04  3.64e+01 4.30e-07  2.02e-01   151s
  62   1.77591674e+05  7.28147034e+04  3.18e+01 3.41e-07  1.76e-01   153s
  63   1.76395609e+05  7.43513197e+04  3.06e+01 5.46e-07  1.71e-01   155s
  64   1.65057069e+05  7.62535064e+04  2.62e+01 5.72e-07  1.49e-01   158s
  65   1.57237992e+05  7.78990512e+04  2.33e+01 6.86e-07  1.33e-01   160s
  66   1.54886529e+05  7.90367530e+04  2.23e+01 7.84e-07  1.28e-01   163s
  67   1.48135429e+05  8.05791360e+04  1.98e+01 7.03e-07  1.14e-01   165s
  68   1.45161842e+05  8.22164002e+04  1.84e+01 7.83e-07  1.06e-01   168s
  69   1.36188645e+05  8.26676566e+04  1.50e+01 7.89e-07  8.92e-02   170s
  70   1.27599511e+05  8.56563725e+04  1.17e+01 4.57e-07  7.02e-02   172s
  71   1.23991541e+05  8.75937337e+04  1.04e+01 2.58e-07  6.14e-02   175s
  72   1.17397663e+05  8.90077153e+04  7.88e+00 1.10e-07  4.77e-02   177s
  73   1.13910066e+05  8.99688798e+04  6.55e+00 9.04e-08  4.00e-02   180s
  74   1.10755185e+05  9.21068512e+04  5.30e+00 6.70e-08  3.15e-02   182s
  75   1.09018360e+05  9.30001030e+04  4.60e+00 6.10e-08  2.72e-02   185s
  76   1.06751704e+05  9.42429980e+04  3.68e+00 1.70e-07  2.15e-02   188s
  77   1.04898076e+05  9.52190512e+04  2.90e+00 2.44e-07  1.69e-02   191s
  78   1.02669592e+05  9.59877169e+04  1.99e+00 2.65e-07  1.17e-02   194s
  79   1.02283411e+05  9.61410430e+04  1.82e+00 2.45e-07  1.08e-02   197s
  80   1.01571152e+05  9.61706128e+04  1.55e+00 2.39e-07  9.43e-03   200s
  81   1.01276658e+05  9.64894767e+04  1.43e+00 1.95e-07  8.41e-03   203s
  82   1.00618331e+05  9.66803458e+04  1.16e+00 1.85e-07  6.93e-03   207s
  83   1.00221832e+05  9.67025352e+04  9.90e-01 1.80e-07  6.14e-03   209s
  84   9.98644666e+04  9.71370283e+04  8.44e-01 1.03e-07  4.83e-03   213s
  85   9.96318983e+04  9.72287603e+04  7.53e-01 8.52e-08  4.26e-03   216s
  86   9.92066160e+04  9.72490047e+04  5.84e-01 8.23e-08  3.44e-03   220s
  87   9.91274631e+04  9.72656690e+04  5.54e-01 7.77e-08  3.27e-03   222s
  88   9.89992514e+04  9.73717018e+04  4.99e-01 5.45e-08  2.87e-03   226s
  89   9.87759899e+04  9.74510648e+04  4.09e-01 4.93e-08  2.36e-03   230s
  90   9.87740301e+04  9.74506623e+04  4.08e-01 4.89e-08  2.36e-03   232s
  91   9.87205432e+04  9.74964509e+04  3.86e-01 4.24e-08  2.20e-03   235s
  92   9.85031785e+04  9.75537726e+04  2.94e-01 4.54e-08  1.72e-03   240s
  93   9.84656524e+04  9.75591876e+04  2.77e-01 4.38e-08  1.63e-03   243s
  94   9.83829722e+04  9.76025139e+04  2.41e-01 3.69e-08  1.41e-03   248s
  95   9.82910089e+04  9.76439264e+04  1.99e-01 3.22e-08  1.18e-03   253s
  96   9.82093957e+04  9.76838284e+04  1.63e-01 2.56e-08  9.60e-04   258s
  97   9.82008175e+04  9.76979597e+04  1.59e-01 2.44e-08  9.23e-04   260s
  98   9.81788910e+04  9.77095995e+04  1.49e-01 2.24e-08  8.63e-04   264s
  99   9.81267277e+04  9.77291526e+04  1.25e-01 1.92e-08  7.32e-04   269s
 100   9.81182192e+04  9.77353166e+04  1.22e-01 1.82e-08  7.07e-04   273s
 101   9.80942379e+04  9.77442941e+04  1.11e-01 1.68e-08  6.46e-04   278s
 102   9.80530838e+04  9.77609050e+04  9.23e-02 1.40e-08  5.40e-04   283s
 103   9.79807536e+04  9.77785828e+04  6.05e-02 1.09e-08  3.75e-04   286s
 104   9.79661426e+04  9.77843416e+04  5.37e-02 1.00e-08  3.37e-04   290s
 105   9.79636463e+04  9.77847532e+04  5.28e-02 9.12e-09  3.30e-04   293s
 106   9.79553229e+04  9.77866563e+04  4.99e-02 6.75e-09  3.11e-04   296s
 107   9.79253377e+04  9.78041100e+04  3.70e-02 4.56e-09  2.31e-04   299s
 108   9.78986607e+04  9.78190380e+04  2.50e-02 2.81e-09  1.58e-04   302s
 109   9.78825952e+04  9.78253666e+04  2.03e-02 2.11e-09  1.18e-04   305s
 110   9.78787432e+04  9.78285257e+04  1.58e-02 1.80e-09  1.06e-04   308s
 111   9.78762723e+04  9.78297514e+04  1.42e-02 1.70e-09  9.73e-05   313s
 112   9.78763149e+04  9.78309660e+04  1.43e-02 2.33e-09  9.69e-05   315s
 113   9.78739917e+04  9.78344806e+04  1.32e-02 1.81e-09  8.66e-05   320s
 114   9.78729404e+04  9.78358415e+04  1.28e-02 1.64e-09  8.24e-05   326s
 115   9.78723787e+04  9.78375142e+04  1.27e-02 1.41e-09  7.93e-05   329s
 116   9.78721092e+04  9.78383375e+04  1.26e-02 1.31e-09  7.75e-05   335s
 117   9.78713555e+04  9.78394295e+04  1.24e-02 1.19e-09  7.47e-05   340s
 118   9.78693284e+04  9.78398407e+04  1.13e-02 1.13e-09  6.79e-05   345s
 119   9.78688214e+04  9.78404623e+04  1.08e-02 1.09e-09  6.55e-05   349s
 120   9.78683202e+04  9.78420939e+04  1.07e-02 8.80e-10  6.27e-05   352s
 121   9.78678209e+04  9.78428078e+04  1.04e-02 8.23e-10  6.07e-05   358s
 122   9.78674271e+04  9.78432743e+04  1.02e-02 7.63e-10  5.89e-05   361s
 123   9.78671893e+04  9.78435249e+04  1.00e-02 7.41e-10  5.80e-05   366s
 124   9.78668106e+04  9.78438434e+04  9.87e-03 7.10e-10  5.65e-05   372s
 125   9.78653981e+04  9.78442976e+04  8.75e-03 6.63e-10  5.22e-05   375s
 126   9.78650488e+04  9.78445973e+04  8.54e-03 6.33e-10  5.08e-05   379s
 127   9.78649251e+04  9.78444679e+04  8.71e-03 5.44e-10  5.08e-05   382s
 128   9.78650123e+04  9.78445528e+04  8.58e-03 6.05e-10  5.08e-05   384s
 129   9.78650411e+04  9.78446585e+04  8.52e-03 6.80e-10  5.08e-05   387s
 130   9.78650610e+04  9.78447036e+04  8.50e-03 7.13e-10  5.08e-05   389s
 131   9.78647683e+04  9.78449992e+04  8.32e-03 6.76e-10  4.95e-05   397s
 132   9.78647779e+04  9.78450499e+04  8.18e-03 5.82e-10  4.92e-05   400s
 133   9.78642158e+04  9.78455152e+04  7.85e-03 5.34e-10  4.70e-05   406s
 134   9.78636906e+04  9.78460432e+04  7.57e-03 4.75e-10  4.49e-05   413s
 135   9.78633153e+04  9.78463256e+04  7.56e-03 4.49e-10  4.37e-05   417s
 136   9.78629251e+04  9.78465697e+04  7.27e-03 4.34e-10  4.23e-05   424s
 137   9.78624768e+04  9.78474809e+04  7.00e-03 3.30e-10  3.98e-05   429s
 138   9.78620889e+04  9.78477729e+04  6.97e-03 3.07e-10  3.86e-05   432s
 139   9.78618881e+04  9.78478501e+04  6.84e-03 2.96e-10  3.79e-05   435s
 140   9.78614895e+04  9.78480901e+04  6.63e-03 2.78e-10  3.66e-05   438s
 141   9.78613864e+04  9.78486724e+04  6.77e-03 2.28e-10  3.62e-05   441s
 142   9.78613323e+04  9.78487453e+04  6.75e-03 2.23e-10  3.60e-05   444s
 143   9.78612240e+04  9.78487895e+04  6.73e-03 2.17e-10  3.56e-05   446s
 144   9.78610535e+04  9.78488482e+04  6.67e-03 2.14e-10  3.50e-05   450s
 145   9.78606088e+04  9.78491137e+04  6.37e-03 1.88e-10  3.32e-05   455s
 146   9.78604574e+04  9.78492061e+04  6.28e-03 1.80e-10  3.26e-05   460s
 147   9.78602510e+04  9.78493524e+04  6.17e-03 1.70e-10  3.19e-05   463s
 148   9.78594791e+04  9.78496495e+04  5.46e-03 1.53e-10  2.94e-05   466s
 149   9.78591148e+04  9.78498274e+04  5.36e-03 1.39e-10  2.81e-05   470s
 150   9.78589542e+04  9.78499246e+04  5.26e-03 1.33e-10  2.74e-05   474s
 151   9.78587704e+04  9.78501082e+04  5.34e-03 1.09e-10  2.69e-05   478s
 152   9.78585789e+04  9.78501972e+04  4.84e-03 1.07e-10  2.62e-05   481s
 153   9.78586067e+04  9.78502292e+04  4.83e-03 1.20e-10  2.62e-05   484s
 154   9.78584621e+04  9.78503296e+04  4.62e-03 1.16e-10  2.55e-05   488s
 155   9.78582908e+04  9.78503612e+04  4.47e-03 1.15e-10  2.49e-05   493s
 156   9.78582508e+04  9.78504981e+04  4.54e-03 1.13e-10  2.48e-05   496s
 157   9.78580638e+04  9.78506234e+04  4.37e-03 1.08e-10  2.41e-05   500s
 158   9.78579293e+04  9.78507565e+04  4.30e-03 1.01e-10  2.36e-05   504s
 159   9.78579086e+04  9.78508749e+04  4.28e-03 9.87e-11  2.35e-05   509s
 160   9.78577875e+04  9.78509207e+04  4.07e-03 9.65e-11  2.31e-05   514s
 161   9.78576258e+04  9.78510032e+04  3.94e-03 9.31e-11  2.24e-05   518s
 162   9.78576203e+04  9.78510615e+04  3.97e-03 9.24e-11  2.22e-05   523s
 163   9.78575428e+04  9.78512500e+04  3.87e-03 8.71e-11  2.18e-05   526s
 164   9.78574336e+04  9.78513257e+04  3.80e-03 8.53e-11  2.13e-05   529s
 165   9.78574362e+04  9.78514107e+04  3.81e-03 8.42e-11  2.13e-05   533s
 166   9.78573309e+04  9.78514559e+04  3.75e-03 8.16e-11  2.08e-05   537s
 167   9.78573278e+04  9.78514694e+04  3.65e-03 8.14e-11  2.06e-05   541s
 168   9.78572978e+04  9.78514864e+04  3.63e-03 7.88e-11  2.04e-05   545s
 169   9.78571502e+04  9.78515600e+04  3.53e-03 7.65e-11  1.98e-05   549s
 170   9.78571314e+04  9.78517704e+04  3.56e-03 7.15e-11  1.96e-05   552s
 171   9.78570532e+04  9.78519024e+04  3.45e-03 6.81e-11  1.89e-05   556s
 172   9.78570785e+04  9.78520975e+04  3.43e-03 6.24e-11  1.88e-05   561s
 173   9.78569876e+04  9.78521602e+04  3.32e-03 6.05e-11  1.81e-05   564s
 174   9.78569499e+04  9.78522086e+04  3.24e-03 5.86e-11  1.79e-05   568s
 175   9.78568902e+04  9.78523169e+04  3.17e-03 5.43e-11  1.75e-05   572s
 176   9.78568762e+04  9.78523435e+04  3.20e-03 5.30e-11  1.73e-05   576s
 177   9.78568247e+04  9.78525847e+04  3.22e-03 4.84e-11  1.69e-05   579s
 178   9.78568392e+04  9.78526760e+04  3.12e-03 4.64e-11  1.67e-05   583s
 179   9.78567105e+04  9.78527211e+04  2.96e-03 4.50e-11  1.59e-05   587s
 180   9.78566852e+04  9.78528068e+04  2.85e-03 4.16e-11  1.55e-05   592s
 181   9.78566752e+04  9.78529162e+04  2.89e-03 4.03e-11  1.53e-05   595s
 182   9.78566746e+04  9.78530448e+04  2.90e-03 3.89e-11  1.52e-05   599s
 183   9.78566964e+04  9.78531073e+04  3.01e-03 3.64e-11  1.51e-05   602s
 184   9.78566853e+04  9.78532772e+04  2.74e-03 3.39e-11  1.50e-05   605s
 185   9.78566609e+04  9.78532963e+04  2.57e-03 3.39e-11  1.48e-05   608s
 186   9.78567057e+04  9.78533602e+04  2.61e-03 3.46e-11  1.47e-05   611s
 187   9.78568094e+04  9.78535391e+04  2.30e-03 3.33e-11  1.47e-05   615s
 188   9.78568080e+04  9.78535931e+04  2.31e-03 3.50e-11  1.47e-05   617s
 189   9.78568336e+04  9.78536806e+04  2.28e-03 3.88e-11  1.46e-05   620s
 190   9.78568468e+04  9.78537840e+04  2.28e-03 4.25e-11  1.46e-05   624s
 191   9.78567959e+04  9.78538018e+04  2.22e-03 4.18e-11  1.43e-05   628s
 192   9.78569025e+04  9.78539118e+04  2.27e-03 4.34e-11  1.45e-05   631s
 193   9.78569272e+04  9.78539420e+04  2.24e-03 4.33e-11  1.43e-05   635s
 194   9.78569213e+04  9.78540041e+04  2.22e-03 4.65e-11  1.41e-05   638s
 195   9.78569039e+04  9.78540579e+04  2.21e-03 4.78e-11  1.38e-05   642s
 196   9.78568924e+04  9.78542093e+04  2.18e-03 3.81e-11  1.35e-05   645s
 197   9.78569109e+04  9.78543346e+04  2.15e-03 3.58e-11  1.34e-05   649s
 198   9.78569037e+04  9.78543257e+04  2.14e-03 3.55e-11  1.33e-05   653s
 199   9.78569038e+04  9.78543399e+04  2.14e-03 3.53e-11  1.32e-05   655s
 200   9.78568943e+04  9.78543339e+04  2.13e-03 3.52e-11  1.32e-05   660s
 201   9.78568974e+04  9.78543407e+04  2.11e-03 3.44e-11  1.31e-05   663s
 202   9.78567732e+04  9.78543851e+04  2.02e-03 3.25e-11  1.24e-05   667s
 203   9.78567793e+04  9.78544410e+04  2.00e-03 2.85e-11  1.23e-05   672s
 204   9.78567672e+04  9.78544539e+04  1.99e-03 2.78e-11  1.22e-05   677s
 205   9.78567624e+04  9.78544674e+04  1.98e-03 2.69e-11  1.21e-05   681s
 206   9.78567241e+04  9.78544797e+04  1.96e-03 2.85e-11  1.19e-05   685s
 207   9.78566954e+04  9.78545699e+04  1.93e-03 3.32e-11  1.17e-05   688s
 208   9.78566807e+04  9.78546036e+04  1.90e-03 3.29e-11  1.15e-05   691s
 209   9.78566626e+04  9.78545509e+04  1.88e-03 3.24e-11  1.14e-05   694s
 210   9.78566577e+04  9.78545627e+04  1.82e-03 3.22e-11  1.12e-05   697s
 211   9.78566463e+04  9.78546347e+04  1.71e-03 3.84e-11  1.08e-05   700s
 212   9.78566933e+04  9.78546967e+04  1.38e-03 3.87e-11  1.07e-05   703s
 213   9.78566774e+04  9.78546139e+04  1.60e-03 3.87e-11  1.07e-05   706s
 214   9.78566321e+04  9.78545886e+04  1.54e-03 3.48e-11  1.03e-05   709s
 215   9.78565794e+04  9.78546678e+04  1.53e-03 3.72e-11  1.00e-05   712s
 216   9.78565734e+04  9.78546803e+04  1.52e-03 3.58e-11  9.97e-06   716s
 217   9.78566360e+04  9.78546946e+04  1.45e-03 3.67e-11  9.91e-06   721s
 218   9.78566231e+04  9.78547692e+04  1.50e-03 3.89e-11  9.78e-06   724s
 219   9.78566404e+04  9.78548001e+04  1.54e-03 3.85e-11  9.72e-06   727s
 220   9.78566425e+04  9.78548139e+04  1.46e-03 3.76e-11  9.49e-06   731s
 221   9.78565717e+04  9.78548250e+04  1.41e-03 3.65e-11  8.92e-06   734s
 222   9.78564727e+04  9.78547945e+04  1.44e-03 3.35e-11  8.29e-06   736s
 223   9.78564298e+04  9.78548730e+04  1.37e-03 2.64e-11  7.96e-06   741s
 224   9.78563769e+04  9.78549292e+04  1.37e-03 3.33e-11  7.62e-06   745s
 225   9.78563773e+04  9.78549331e+04  1.36e-03 3.30e-11  7.56e-06   748s
 226   9.78563557e+04  9.78549645e+04  1.39e-03 3.60e-11  7.41e-06   751s
 227   9.78563615e+04  9.78550237e+04  1.38e-03 3.48e-11  7.35e-06   755s
 228   9.78563642e+04  9.78550278e+04  1.38e-03 3.48e-11  7.35e-06   758s
 229   9.78564251e+04  9.78551146e+04  1.37e-03 3.38e-11  7.37e-06   761s
 230   9.78564376e+04  9.78551208e+04  1.35e-03 3.33e-11  7.27e-06   765s
 231   9.78564559e+04  9.78551655e+04  1.34e-03 3.29e-11  7.24e-06   768s
 232   9.78564280e+04  9.78551664e+04  1.28e-03 3.20e-11  6.86e-06   772s
 233   9.78564203e+04  9.78552142e+04  1.26e-03 2.76e-11  6.74e-06   776s
 234   9.78564374e+04  9.78552306e+04  1.26e-03 2.76e-11  6.75e-06   780s
 235   9.78564369e+04  9.78552829e+04  1.25e-03 2.60e-11  6.75e-06   784s
 236   9.78564853e+04  9.78553229e+04  7.17e-04 2.61e-11  6.66e-06   788s
 237   9.78564798e+04  9.78553450e+04  7.11e-04 2.48e-11  6.61e-06   792s
 238   9.78564748e+04  9.78554444e+04  1.07e-03 2.26e-11  6.45e-06   795s
 239   9.78564873e+04  9.78554794e+04  1.07e-03 2.32e-11  6.46e-06   798s
 240   9.78565252e+04  9.78555092e+04  1.07e-03 2.30e-11  6.45e-06   802s
 241   9.78565831e+04  9.78555167e+04  1.12e-03 2.14e-11  6.42e-06   805s
 242   9.78566810e+04  9.78556178e+04  9.79e-04 2.16e-11  6.43e-06   809s
 243   9.78566723e+04  9.78556230e+04  9.78e-04 2.12e-11  6.36e-06   812s
 244   9.78566742e+04  9.78556099e+04  9.65e-04 2.08e-11  6.35e-06   814s
 245   9.78567619e+04  9.78556699e+04  9.40e-04 2.01e-11  6.36e-06   820s
 246   9.78567696e+04  9.78557003e+04  9.25e-04 2.08e-11  6.25e-06   823s
 247   9.78567674e+04  9.78557524e+04  9.20e-04 1.89e-11  6.23e-06   827s
 248   9.78567736e+04  9.78558171e+04  9.17e-04 1.83e-11  6.22e-06   830s
 249   9.78568467e+04  9.78558322e+04  9.24e-04 1.86e-11  6.26e-06   833s
 250   9.78568528e+04  9.78558620e+04  9.23e-04 1.90e-11  6.26e-06   836s
 251   9.78569049e+04  9.78559560e+04  9.25e-04 1.98e-11  6.31e-06   840s
 252   9.78569478e+04  9.78559962e+04  9.24e-04 2.01e-11  6.34e-06   843s
 253   9.78569546e+04  9.78559902e+04  9.23e-04 1.99e-11  6.33e-06   847s
 254   9.78569784e+04  9.78560212e+04  9.02e-04 2.03e-11  6.22e-06   850s
 255   9.78570387e+04  9.78560803e+04  9.66e-04 2.11e-11  6.20e-06   854s
 256   9.78570424e+04  9.78561111e+04  9.64e-04 2.06e-11  6.19e-06   856s
 257   9.78570431e+04  9.78561193e+04  9.61e-04 2.02e-11  6.17e-06   860s
 258   9.78570584e+04  9.78561462e+04  9.47e-04 2.04e-11  6.14e-06   863s
 259   9.78570654e+04  9.78561840e+04  9.42e-04 1.88e-11  6.14e-06   867s
 260   9.78571383e+04  9.78562433e+04  9.00e-04 1.85e-11  6.12e-06   871s
 261   9.78571180e+04  9.78562453e+04  8.86e-04 1.75e-11  5.99e-06   875s
 262   9.78571313e+04  9.78562839e+04  8.74e-04 1.63e-11  5.93e-06   878s
 263   9.78571332e+04  9.78562924e+04  8.56e-04 1.64e-11  5.84e-06   882s
 264   9.78571429e+04  9.78563101e+04  7.77e-04 1.63e-11  5.85e-06   884s
 265   9.78571492e+04  9.78563746e+04  7.65e-04 1.67e-11  5.88e-06   888s
 266   9.78576681e+04  9.78564659e+04  8.60e-04 1.69e-11  6.50e-06   892s
 267   9.78577243e+04  9.78565054e+04  8.23e-04 1.71e-11  6.47e-06   897s
 268   9.78577766e+04  9.78565652e+04  8.64e-04 1.66e-11  6.44e-06   903s
 269   9.78578614e+04  9.78566322e+04  8.14e-04 1.63e-11  6.38e-06   906s
 270   9.78578621e+04  9.78566212e+04  8.12e-04 1.57e-11  6.36e-06   910s
 271   9.78579065e+04  9.78567459e+04  8.13e-04 1.54e-11  6.38e-06   914s
 272   9.78579680e+04  9.78568086e+04  8.20e-04 1.52e-11  6.35e-06   917s
 273   9.78580397e+04  9.78568887e+04  8.20e-04 1.53e-11  6.42e-06   921s
 274   9.78580912e+04  9.78569431e+04  7.47e-04 1.73e-11  6.44e-06   924s
 275   9.78580962e+04  9.78569371e+04  7.24e-04 1.44e-11  6.29e-06   929s
 276   9.78580905e+04  9.78569622e+04  7.01e-04 1.42e-11  6.10e-06   932s
 277   9.78581552e+04  9.78570380e+04  8.06e-04 1.46e-11  6.13e-06   936s
 278   9.78581558e+04  9.78570750e+04  8.04e-04 1.39e-11  6.11e-06   939s
 279   9.78581863e+04  9.78570897e+04  8.08e-04 1.42e-11  6.18e-06   942s
 280   9.78583842e+04  9.78571655e+04  9.41e-04 1.43e-11  6.18e-06   945s
 281   9.78585076e+04  9.78572065e+04  8.63e-04 1.39e-11  5.97e-06   949s
 282   9.78585044e+04  9.78571976e+04  8.58e-04 1.21e-11  5.95e-06   952s
 283   9.78584943e+04  9.78572636e+04  8.20e-04 1.14e-11  5.80e-06   955s
 284   9.78585195e+04  9.78573289e+04  8.27e-04 1.13e-11  5.73e-06   958s
 285   9.78585146e+04  9.78573223e+04  8.42e-04 1.11e-11  5.63e-06   961s
 286   9.78585145e+04  9.78573501e+04  8.28e-04 1.09e-11  5.60e-06   964s
 287   9.78585279e+04  9.78573553e+04  8.26e-04 1.11e-11  5.63e-06   967s
 288   9.78585800e+04  9.78574416e+04  8.28e-04 1.10e-11  5.72e-06   971s
 289   9.78586048e+04  9.78574641e+04  8.25e-04 1.06e-11  5.73e-06   974s
 290   9.78586228e+04  9.78575169e+04  8.22e-04 1.06e-11  5.76e-06   978s
 291   9.78586658e+04  9.78575975e+04  8.28e-04 1.05e-11  5.79e-06   981s
 292   9.78588291e+04  9.78576153e+04  9.19e-04 1.04e-11  5.91e-06   984s
 293   9.78588442e+04  9.78576820e+04  9.18e-04 1.04e-11  5.92e-06   988s
 294   9.78589079e+04  9.78577125e+04  8.55e-04 1.03e-11  5.94e-06   991s
 295   9.78589124e+04  9.78577276e+04  8.42e-04 9.63e-12  5.91e-06   995s
 296   9.78589119e+04  9.78576173e+04  8.36e-04 9.12e-12  5.87e-06   998s
 297   9.78589714e+04  9.78577780e+04  8.27e-04 8.81e-12  5.90e-06  1002s
 298   9.78589729e+04  9.78578553e+04  7.88e-04 8.17e-12  5.87e-06  1005s
 299   9.78589723e+04  9.78579586e+04  4.30e-04 7.27e-12  5.83e-06  1009s
 300   9.78590516e+04  9.78580387e+04  4.10e-04 7.18e-12  5.86e-06  1012s
 301   9.78590676e+04  9.78580537e+04  3.99e-04 6.57e-12  5.75e-06  1016s
 302   9.78591002e+04  9.78580743e+04  4.14e-04 6.52e-12  5.79e-06  1020s
 303   9.78591636e+04  9.78581319e+04  4.26e-04 6.52e-12  5.90e-06  1023s
 304   9.78592877e+04  9.78581883e+04  4.30e-04 6.58e-12  5.95e-06  1027s
 305   9.78593621e+04  9.78582500e+04  4.22e-04 6.27e-12  6.01e-06  1030s
 306   9.78593682e+04  9.78582527e+04  4.22e-04 6.07e-12  6.02e-06  1032s
 307   9.78593791e+04  9.78582670e+04  4.22e-04 6.35e-12  6.02e-06  1035s
 308   9.78594033e+04  9.78583070e+04  4.17e-04 6.31e-12  6.04e-06  1039s
 309   9.78593703e+04  9.78582865e+04  4.12e-04 6.08e-12  5.92e-06  1042s
 310   9.78595181e+04  9.78584084e+04  3.81e-04 6.31e-12  6.11e-06  1046s
 311   9.78595169e+04  9.78583993e+04  3.80e-04 6.10e-12  6.10e-06  1049s
 312   9.78595492e+04  9.78584087e+04  3.74e-04 5.88e-12  6.08e-06  1052s
 313   9.78595604e+04  9.78584674e+04  3.79e-04 5.74e-12  6.02e-06  1056s
 314   9.78595581e+04  9.78584648e+04  3.79e-04 6.11e-12  6.01e-06  1059s
 315   9.78596237e+04  9.78585407e+04  3.75e-04 5.82e-12  6.09e-06  1063s
 316   9.78596177e+04  9.78584588e+04  3.60e-04 5.57e-12  5.91e-06  1067s
 317   9.78596415e+04  9.78585680e+04  3.52e-04 5.14e-12  5.88e-06  1070s
 318   9.78595968e+04  9.78585880e+04  3.46e-04 5.32e-12  5.75e-06  1073s
 319   9.78596124e+04  9.78585958e+04  3.39e-04 4.96e-12  5.76e-06  1077s
 320   9.78596160e+04  9.78586004e+04  3.56e-04 4.88e-12  5.73e-06  1081s
 321   9.78596244e+04  9.78586151e+04  3.53e-04 4.78e-12  5.72e-06  1084s
 322   9.78596256e+04  9.78586171e+04  3.51e-04 4.82e-12  5.71e-06  1088s
 323   9.78596370e+04  9.78586170e+04  3.50e-04 4.73e-12  5.71e-06  1092s
 324   9.78596469e+04  9.78586592e+04  3.48e-04 4.81e-12  5.70e-06  1095s
 325   9.78597562e+04  9.78587099e+04  3.41e-04 4.37e-12  5.71e-06  1099s
 326   9.78597606e+04  9.78588134e+04  3.41e-04 4.37e-12  5.72e-06  1102s
 327   9.78596673e+04  9.78587187e+04  3.31e-04 4.39e-12  5.46e-06  1106s
 328   9.78596908e+04  9.78588615e+04  3.30e-04 6.64e-12  5.50e-06  1110s
 329   9.78598787e+04  9.78589390e+04  3.17e-04 8.70e-12  5.64e-06  1114s
 330   9.78599989e+04  9.78589981e+04  3.05e-04 4.01e-12  5.67e-06  1118s
 331   9.78599688e+04  9.78590223e+04  2.95e-04 2.93e-12  5.46e-06  1121s
 332   9.78599638e+04  9.78590254e+04  2.94e-04 2.77e-12  5.43e-06  1125s
 333   9.78600034e+04  9.78591092e+04  2.93e-04 2.88e-12  5.46e-06  1129s
 334   9.78601384e+04  9.78591472e+04  2.83e-04 3.10e-12  5.51e-06  1132s
 335   9.78601249e+04  9.78591452e+04  2.79e-04 3.27e-12  5.43e-06  1136s
 336   9.78601262e+04  9.78592255e+04  2.80e-04 2.70e-12  5.42e-06  1141s
 337   9.78601259e+04  9.78592280e+04  2.80e-04 3.01e-12  5.42e-06  1144s
 338   9.78601311e+04  9.78592503e+04  6.00e-04 2.78e-12  5.29e-06  1148s
 339   9.78601813e+04  9.78592241e+04  5.88e-04 2.40e-12  5.27e-06  1151s
 340   9.78602108e+04  9.78593097e+04  5.77e-04 2.35e-12  5.25e-06  1155s
 341   9.78603197e+04  9.78594248e+04  5.67e-04 2.25e-12  5.36e-06  1159s
 342   9.78603418e+04  9.78594608e+04  5.58e-04 7.06e-12  5.32e-06  1162s
 343   9.78605755e+04  9.78596127e+04  5.47e-04 2.53e-12  5.57e-06  1166s
 344   9.78605761e+04  9.78596274e+04  5.43e-04 2.72e-12  5.54e-06  1169s
 345   9.78605836e+04  9.78596490e+04  5.37e-04 2.35e-12  5.49e-06  1173s
 346   9.20166596e+13 -5.42068392e+13  6.51e+10 2.83e-01  5.78e+11  1178s
 347   6.69259173e+13 -4.18563285e+13  4.64e+10 3.07e+03  3.50e+11  1180s
 348   2.93579696e+13 -1.58541979e+13  1.84e+10 1.23e+03  6.84e+10  1182s
 349   7.71123021e+12 -2.69279952e+12  3.99e+09 2.74e+02  4.58e+09  1184s
 350   2.53937295e+12 -2.39987747e+11  1.08e+09 6.30e+01  4.11e+08  1186s
 351   1.31909478e+12 -6.66668219e+10  5.01e+08 3.31e+01  1.21e+08  1188s
 352   9.33516744e+11 -2.47838262e+10  3.38e+08 1.82e+01  5.03e+07  1190s
 353   3.04231958e+11 -3.71900028e+09  1.08e+08 7.60e+00  8.54e+06  1192s
 354   1.02605907e+11  1.61803495e+09  3.41e+07 3.91e+00  1.92e+06  1194s
 355   4.59189545e+10  1.10241362e+09  1.51e+07 1.48e+00  4.70e+05  1196s
 356   4.04402780e+10  8.67996084e+08  1.33e+07 7.83e-01  2.85e+05  1198s
 357   1.97972087e+10  6.77543483e+08  6.48e+06 4.90e-01  1.20e+05  1200s
 358   1.07177510e+10  4.17434907e+08  3.49e+06 2.47e-01  5.20e+04  1202s
 359   3.62681715e+09  1.92293854e+08  1.17e+06 1.07e-01  1.46e+04  1204s
 360   1.27179357e+09  1.03019208e+08  4.09e+05 5.34e-02  4.76e+03  1206s
 361   1.23328745e+09  8.69401416e+07  3.96e+05 4.35e-02  4.25e+03  1208s
 362   6.94654766e+08  3.70753967e+07  2.23e+05 1.86e-02  2.01e+03  1210s
 363   3.34713405e+08  9.28343054e+06  1.08e+05 4.84e-03  8.17e+02  1211s
 364   1.59420878e+08  1.33212168e+06  5.14e+04 1.13e-03  3.56e+02  1213s
 365   4.30851296e+07  4.01592374e+05  1.41e+04 6.68e-04  9.94e+01  1215s
 366   2.24884117e+07 -2.16282189e+05  7.44e+03 2.78e-04  4.97e+01  1216s
 367   1.44337554e+07 -2.14241010e+05  4.78e+03 1.74e-04  3.11e+01  1218s
 368   9.57884958e+06 -1.77605557e+05  3.17e+03 1.27e-04  2.04e+01  1220s
 369   6.59551686e+06 -1.54958181e+05  2.19e+03 8.35e-05  1.37e+01  1221s
 370   4.45779887e+06 -1.23246846e+05  1.49e+03 5.51e-05  9.09e+00  1223s
 371   2.93564057e+06 -9.59407093e+04  9.81e+02 4.08e-05  5.94e+00  1225s
 372   2.05315559e+06 -7.16467956e+04  6.80e+02 3.01e-05  4.10e+00  1227s
 373   1.42986528e+06 -4.67052199e+04  4.29e+02 2.45e-05  2.84e+00  1229s
 374   1.12863069e+06 -3.72691484e+04  3.40e+02 1.83e-05  2.20e+00  1231s
 375   9.91659792e+05 -2.42299480e+04  2.97e+02 1.52e-05  1.87e+00  1233s
 376   7.78090100e+05 -1.42977196e+04  2.32e+02 1.26e-05  1.44e+00  1235s
 377   6.71002418e+05 -6.03175935e+03  1.99e+02 1.04e-05  1.21e+00  1238s
 378   6.20540603e+05 -3.24204753e+03  1.83e+02 9.79e-06  1.11e+00  1240s
 379   5.00523068e+05  4.87579348e+03  1.46e+02 8.27e-06  8.80e-01  1243s
 380   4.82787017e+05  9.95830482e+03  1.40e+02 7.66e-06  8.40e-01  1245s
 381   4.47417360e+05  1.07162265e+04  1.28e+02 7.55e-06  7.77e-01  1247s
 382   4.10169742e+05  1.42105364e+04  1.15e+02 7.04e-06  7.03e-01  1249s
 383   3.69476031e+05  2.46245022e+04  1.02e+02 5.45e-06  6.09e-01  1252s
 384   3.48754301e+05  2.55935453e+04  9.49e+01 5.33e-06  5.71e-01  1255s
 385   3.37563442e+05  2.83249167e+04  9.11e+01 5.11e-06  5.46e-01  1257s
 386   3.24304786e+05  3.33694702e+04  8.66e+01 4.45e-06  5.14e-01  1260s
 387   3.09785034e+05  3.45560687e+04  8.15e+01 4.27e-06  4.86e-01  1262s
 388   3.08102034e+05  4.14822236e+04  8.06e+01 3.15e-06  4.75e-01  1265s
 389   2.98558365e+05  4.24383891e+04  7.70e+01 2.95e-06  4.57e-01  1267s
 390   2.88511637e+05  4.37881766e+04  7.27e+01 2.71e-06  4.37e-01  1269s
 391   2.55598039e+05  5.00913567e+04  6.13e+01 2.88e-06  3.67e-01  1272s
 392   2.60407900e+05  5.15568056e+04  6.09e+01 2.59e-06  3.71e-01  1274s
 393   2.40115873e+05  5.47230361e+04  5.39e+01 2.43e-06  3.30e-01  1277s
 394   2.22044851e+05  5.81087845e+04  4.74e+01 2.09e-06  2.91e-01  1279s
 395   2.18724751e+05  6.08269629e+04  4.61e+01 1.70e-06  2.82e-01  1282s
 396   2.15557065e+05  6.22605991e+04  4.50e+01 1.64e-06  2.74e-01  1285s
 397   2.08328793e+05  6.28089293e+04  4.23e+01 1.67e-06  2.59e-01  1287s
 398   2.00852193e+05  6.53569450e+04  3.94e+01 1.49e-06  2.41e-01  1289s
 399   1.93926434e+05  6.79693173e+04  3.68e+01 1.31e-06  2.25e-01  1292s
 400   1.88082409e+05  7.01608978e+04  3.46e+01 9.16e-07  2.12e-01  1294s
 401   1.79422531e+05  7.08952281e+04  3.12e+01 8.42e-07  1.94e-01  1297s
 402   1.83578454e+05  7.35223162e+04  2.98e+01 6.98e-07  1.94e-01  1299s
 403   1.65523168e+05  7.72444026e+04  2.39e+01 5.77e-07  1.56e-01  1301s
 404   1.62677576e+05  7.95622318e+04  2.30e+01 5.06e-07  1.48e-01  1303s
 405   1.52475222e+05  7.99537971e+04  1.94e+01 4.92e-07  1.28e-01  1306s
 406   1.50429235e+05  8.20585657e+04  1.86e+01 4.30e-07  1.22e-01  1308s
 407   1.35316263e+05  8.41840281e+04  1.34e+01 5.60e-07  9.06e-02  1310s
 408   1.29519109e+05  8.67346713e+04  1.13e+01 6.86e-07  7.63e-02  1313s
 409   1.21368449e+05  8.85437625e+04  8.47e+00 7.65e-07  5.83e-02  1316s
 410   1.15876979e+05  8.97412191e+04  6.52e+00 7.81e-07  4.62e-02  1318s
 411   1.11408137e+05  9.20640226e+04  4.88e+00 7.93e-07  3.45e-02  1321s
 412   1.08392952e+05  9.29119956e+04  3.80e+00 7.75e-07  2.75e-02  1324s
 413   1.06422863e+05  9.42483461e+04  3.06e+00 7.08e-07  2.18e-02  1327s
 414   1.04009253e+05  9.50185382e+04  2.19e+00 5.96e-07  1.60e-02  1329s
 415   1.03232304e+05  9.58899422e+04  1.88e+00 5.15e-07  1.32e-02  1332s
 416   1.02614230e+05  9.59709090e+04  1.67e+00 5.05e-07  1.20e-02  1335s
 417   1.01368447e+05  9.63349775e+04  1.23e+00 4.07e-07  9.02e-03  1338s
 418   1.01072313e+05  9.66057416e+04  1.13e+00 3.34e-07  8.01e-03  1342s
 419   1.00059588e+05  9.68975022e+04  7.72e-01 2.61e-07  5.64e-03  1345s
 420   9.99642967e+04  9.70775603e+04  7.35e-01 2.07e-07  5.15e-03  1348s
 421   9.94202342e+04  9.72930510e+04  5.48e-01 1.68e-07  3.83e-03  1351s
 422   9.90485645e+04  9.74179320e+04  4.18e-01 1.43e-07  2.96e-03  1355s
 423   9.88492786e+04  9.75106625e+04  3.49e-01 1.07e-07  2.42e-03  1359s
 424   9.86810472e+04  9.75975497e+04  2.90e-01 8.69e-08  1.98e-03  1363s
 425   9.86797623e+04  9.76008294e+04  2.89e-01 8.76e-08  1.97e-03  1365s
 426   9.85866225e+04  9.76610858e+04  2.57e-01 6.66e-08  1.70e-03  1370s
 427   9.83855751e+04  9.76853101e+04  1.88e-01 5.73e-08  1.28e-03  1375s
 428   9.83839130e+04  9.76849874e+04  1.88e-01 5.71e-08  1.28e-03  1377s
 429   9.83581840e+04  9.76908382e+04  1.80e-01 5.50e-08  1.23e-03  1381s
 430   9.83014774e+04  9.77152970e+04  1.60e-01 4.60e-08  1.08e-03  1386s
 431   9.82877686e+04  9.77425361e+04  1.55e-01 3.57e-08  1.01e-03  1391s
 432   9.81427556e+04  9.77649670e+04  1.04e-01 2.77e-08  6.98e-04  1395s
 433   9.81212718e+04  9.77712533e+04  9.69e-02 2.56e-08  6.48e-04  1400s
 434   9.80207282e+04  9.77886135e+04  6.18e-02 1.95e-08  4.32e-04  1405s
 435   9.79816339e+04  9.78079310e+04  4.81e-02 1.26e-08  3.28e-04  1408s
 436   9.79397169e+04  9.78168500e+04  3.32e-02 9.72e-09  2.35e-04  1411s
 437   9.79349185e+04  9.78233388e+04  3.15e-02 7.61e-09  2.16e-04  1415s
 438   9.79066630e+04  9.78309519e+04  2.14e-02 5.06e-09  1.51e-04  1419s
 439   9.78821259e+04  9.78349970e+04  1.26e-02 3.80e-09  9.84e-05  1422s
 440   9.78816490e+04  9.78373065e+04  1.24e-02 3.13e-09  9.45e-05  1425s
 441   9.78810849e+04  9.78387635e+04  1.22e-02 2.75e-09  9.15e-05  1429s
 442   9.78792402e+04  9.78393373e+04  1.13e-02 2.62e-09  8.59e-05  1434s
 443   9.78785366e+04  9.78408620e+04  1.11e-02 2.23e-09  8.23e-05  1439s
 444   9.78772628e+04  9.78419597e+04  1.05e-02 1.99e-09  7.76e-05  1444s
 445   9.78760770e+04  9.78425861e+04  1.00e-02 1.85e-09  7.39e-05  1450s
 446   9.78748241e+04  9.78428456e+04  9.55e-03 1.78e-09  7.05e-05  1455s
 447   9.78743365e+04  9.78432384e+04  9.35e-03 1.69e-09  6.88e-05  1461s
 448   9.78741728e+04  9.78424288e+04  9.31e-03 7.56e-10  6.72e-05  1463s
 449   9.78735476e+04  9.78428768e+04  9.06e-03 7.14e-10  6.52e-05  1469s
 450   9.78733308e+04  9.78432535e+04  8.96e-03 6.87e-10  6.43e-05  1473s
 451   9.78726317e+04  9.78435768e+04  8.65e-03 6.62e-10  6.24e-05  1477s
 452   9.78721407e+04  9.78441791e+04  8.45e-03 6.08e-10  6.08e-05  1481s
 453   9.78707842e+04  9.78453518e+04  7.89e-03 5.00e-10  5.61e-05  1485s
 454   9.78700246e+04  9.78456194e+04  7.59e-03 4.75e-10  5.43e-05  1488s
 455   9.78698460e+04  9.78448366e+04  7.55e-03 5.89e-10  5.39e-05  1490s
 456   9.78697675e+04  9.78445172e+04  7.54e-03 9.81e-10  5.33e-05  1493s
 457   9.78696683e+04  9.78443251e+04  7.52e-03 1.15e-09  5.32e-05  1495s
 458   9.78694094e+04  9.78455955e+04  7.42e-03 9.14e-10  5.17e-05  1498s
 459   9.78691727e+04  9.78460276e+04  7.32e-03 8.47e-10  5.10e-05  1502s
 460   9.78689858e+04  9.78470138e+04  7.24e-03 6.96e-10  5.03e-05  1505s
 461   9.78687394e+04  9.78472261e+04  7.14e-03 6.66e-10  4.96e-05  1507s
 462   9.78681201e+04  9.78474569e+04  6.87e-03 6.11e-10  4.78e-05  1510s
 463   9.78679826e+04  9.78477431e+04  6.81e-03 5.71e-10  4.74e-05  1513s
 464   9.78678029e+04  9.78478324e+04  6.74e-03 5.53e-10  4.68e-05  1516s
 465   9.78668514e+04  9.78479711e+04  6.34e-03 5.33e-10  4.43e-05  1519s
 466   9.78663471e+04  9.78480918e+04  6.14e-03 5.14e-10  4.29e-05  1523s
 467   9.78655989e+04  9.78484219e+04  5.80e-03 4.75e-10  4.09e-05  1527s
 468   9.78652085e+04  9.78489106e+04  5.63e-03 4.13e-10  3.98e-05  1530s
 469   9.78648336e+04  9.78489294e+04  5.46e-03 4.10e-10  3.89e-05  1533s
 470   9.78646679e+04  9.78491420e+04  5.40e-03 3.70e-10  3.84e-05  1538s
 471   9.78644618e+04  9.78493244e+04  5.31e-03 3.43e-10  3.78e-05  1542s
 472   9.78642740e+04  9.78493907e+04  5.22e-03 3.32e-10  3.73e-05  1545s
 473   9.78639185e+04  9.78496621e+04  5.06e-03 3.00e-10  3.65e-05  1548s
 474   9.78636311e+04  9.78497671e+04  4.93e-03 2.86e-10  3.55e-05  1553s
 475   9.78632557e+04  9.78499582e+04  4.75e-03 2.61e-10  3.45e-05  1557s
 476   9.78629242e+04  9.78500935e+04  4.58e-03 2.38e-10  3.35e-05  1560s
 477   9.78625573e+04  9.78503013e+04  4.40e-03 2.25e-10  3.25e-05  1564s
 478   9.78624737e+04  9.78503252e+04  4.36e-03 2.13e-10  3.22e-05  1567s
 479   9.78621697e+04  9.78504982e+04  4.21e-03 2.01e-10  3.14e-05  1571s
 480   9.78620110e+04  9.78506944e+04  4.14e-03 1.85e-10  3.09e-05  1574s
 481   9.78616639e+04  9.78508801e+04  3.96e-03 1.71e-10  2.99e-05  1577s
 482   9.78613503e+04  9.78509551e+04  3.81e-03 1.63e-10  2.89e-05  1580s
 483   9.78610801e+04  9.78512057e+04  3.69e-03 1.40e-10  2.81e-05  1583s
 484   9.78609244e+04  9.78513286e+04  3.61e-03 1.34e-10  2.77e-05  1586s
 485   9.78606680e+04  9.78514179e+04  3.48e-03 1.28e-10  2.69e-05  1590s
 486   9.78603230e+04  9.78515635e+04  3.31e-03 1.19e-10  2.58e-05  1593s
 487   9.78602862e+04  9.78515911e+04  3.30e-03 1.08e-10  2.55e-05  1595s
 488   9.78600391e+04  9.78517149e+04  3.15e-03 9.74e-11  2.47e-05  1599s
 489   9.78597984e+04  9.78519244e+04  2.99e-03 9.13e-11  2.40e-05  1603s
 490   9.78595849e+04  9.78519578e+04  2.89e-03 8.97e-11  2.33e-05  1605s
 491   9.78593070e+04  9.78520765e+04  2.74e-03 8.04e-11  2.23e-05  1609s
 492   9.78592043e+04  9.78521539e+04  2.68e-03 7.77e-11  2.20e-05  1613s
 493   9.78590906e+04  9.78522419e+04  2.62e-03 7.46e-11  2.16e-05  1617s
 494   9.78588609e+04  9.78523605e+04  2.48e-03 7.00e-11  2.08e-05  1620s
 495   9.78587517e+04  9.78526115e+04  2.37e-03 6.50e-11  2.04e-05  1624s
 496   9.78586344e+04  9.78526312e+04  2.29e-03 6.39e-11  1.99e-05  1627s
 497   9.78584775e+04  9.78527452e+04  2.18e-03 5.87e-11  1.93e-05  1630s
 498   9.78582495e+04  9.78528505e+04  2.00e-03 5.46e-11  1.82e-05  1634s
 499   9.78582990e+04  9.78528821e+04  2.00e-03 5.36e-11  1.84e-05  1637s
 500   9.78581783e+04  9.78530209e+04  1.94e-03 5.18e-11  1.79e-05  1640s
 501   9.78581079e+04  9.78530539e+04  1.89e-03 5.03e-11  1.76e-05  1644s
 502   9.78581037e+04  9.78530392e+04  1.89e-03 5.71e-11  1.76e-05  1646s
 503   9.78580327e+04  9.78530942e+04  1.85e-03 5.46e-11  1.73e-05  1650s
 504   9.78579904e+04  9.78532336e+04  1.84e-03 5.02e-11  1.71e-05  1653s
 505   9.78579506e+04  9.78532885e+04  1.78e-03 4.88e-11  1.69e-05  1656s
 506   9.78579016e+04  9.78534133e+04  1.84e-03 4.70e-11  1.65e-05  1660s
 507   9.78578755e+04  9.78536022e+04  1.77e-03 4.47e-11  1.62e-05  1663s
 508   9.78578704e+04  9.78536073e+04  1.77e-03 4.45e-11  1.62e-05  1666s
 509   9.78578744e+04  9.78536587e+04  1.77e-03 4.40e-11  1.62e-05  1670s
 510   9.78578606e+04  9.78537566e+04  1.75e-03 4.23e-11  1.60e-05  1674s
 511   9.78578573e+04  9.78537016e+04  1.79e-03 2.75e-11  1.60e-05  1677s
 512   9.78578443e+04  9.78538667e+04  1.92e-03 2.61e-11  1.59e-05  1680s
 513   9.78578051e+04  9.78539130e+04  1.94e-03 2.45e-11  1.56e-05  1684s
 514   9.78578688e+04  9.78541239e+04  1.98e-03 2.56e-11  1.56e-05  1688s
 515   9.78578649e+04  9.78541489e+04  1.97e-03 2.63e-11  1.56e-05  1691s
 516   9.78577746e+04  9.78541423e+04  1.93e-03 2.55e-11  1.52e-05  1694s
 517   9.78577865e+04  9.78541890e+04  1.94e-03 2.54e-11  1.48e-05  1698s
 518   9.78577542e+04  9.78542043e+04  1.93e-03 2.47e-11  1.47e-05  1700s
 519   9.78577596e+04  9.78542421e+04  1.92e-03 2.45e-11  1.47e-05  1703s
 520   9.78577647e+04  9.78543197e+04  2.09e-03 2.31e-11  1.45e-05  1706s
 521   9.78577579e+04  9.78543735e+04  2.08e-03 2.27e-11  1.45e-05  1709s
 522   9.78577397e+04  9.78543771e+04  2.07e-03 2.27e-11  1.44e-05  1712s
 523   9.78577168e+04  9.78543953e+04  2.06e-03 2.18e-11  1.43e-05  1717s
 524   9.78577058e+04  9.78543878e+04  2.07e-03 2.21e-11  1.42e-05  1720s
 525   9.78577037e+04  9.78544006e+04  2.10e-03 2.22e-11  1.42e-05  1723s
 526   9.78575603e+04  9.78544549e+04  2.01e-03 1.58e-11  1.34e-05  1733s
 527   9.78575639e+04  9.78544615e+04  1.96e-03 1.58e-11  1.34e-05  1736s
 528   9.78574573e+04  9.78544943e+04  1.86e-03 1.97e-11  1.29e-05  1740s
 529   9.78574457e+04  9.78545004e+04  1.84e-03 2.05e-11  1.28e-05  1746s
 530   9.78574333e+04  9.78545182e+04  1.83e-03 2.06e-11  1.27e-05  1749s
 531   9.78574240e+04  9.78545380e+04  1.82e-03 1.99e-11  1.27e-05  1753s
 532   9.78573986e+04  9.78545612e+04  1.75e-03 1.83e-11  1.24e-05  1757s
 533   9.78573947e+04  9.78546189e+04  1.73e-03 1.80e-11  1.23e-05  1761s
 534   9.78573865e+04  9.78545731e+04  1.72e-03 1.79e-11  1.22e-05  1764s
 535   9.78573731e+04  9.78546812e+04  1.69e-03 1.56e-11  1.20e-05  1768s
 536   9.78572772e+04  9.78547131e+04  1.62e-03 1.36e-11  1.16e-05  1774s
 537   9.78572799e+04  9.78547639e+04  1.62e-03 1.37e-11  1.16e-05  1778s
 538   9.78572414e+04  9.78547107e+04  1.51e-03 1.30e-11  1.13e-05  1782s
 539   9.78572442e+04  9.78547263e+04  1.52e-03 1.30e-11  1.13e-05  1786s
 540   9.78571606e+04  9.78547864e+04  1.47e-03 1.20e-11  1.09e-05  1790s
 541   9.78568100e+04  9.78546459e+04  1.81e-03 1.11e-10  1.07e-05  1793s
 542   9.78567238e+04  9.78547080e+04  1.72e-03 8.40e-11  1.02e-05  1797s
 543   9.78566098e+04  9.78542710e+04  1.78e-03 4.21e-10  1.01e-05  1799s
 544   9.78565689e+04  9.78543373e+04  1.73e-03 3.94e-10  9.80e-06  1803s
 545   9.78565674e+04  9.78544047e+04  1.73e-03 3.68e-10  9.79e-06  1807s
 546   9.78565647e+04  9.78544934e+04  1.70e-03 3.37e-10  9.63e-06  1810s
 547   9.78565547e+04  9.78545303e+04  1.67e-03 3.18e-10  9.47e-06  1813s

Barrier performed 547 iterations in 1813.34 seconds (2696.56 work units)
Sub-optimal termination - objective 9.78599989e+04

Crossover log...

  196692 DPushes remaining with DInf 0.0000000e+00              1814s
   25750 DPushes remaining with DInf 0.0000000e+00              1818s
    9540 DPushes remaining with DInf 0.0000000e+00              1820s
    5224 DPushes remaining with DInf 0.0000000e+00              1826s
    2993 DPushes remaining with DInf 0.0000000e+00              1831s
    1936 DPushes remaining with DInf 0.0000000e+00              1838s
     735 DPushes remaining with DInf 0.0000000e+00              1841s
       0 DPushes remaining with DInf 0.0000000e+00              1845s

  366192 PPushes remaining with PInf 1.3615314e+01              1845s
  334910 PPushes remaining with PInf 1.1516407e+01              1854s
  324288 PPushes remaining with PInf 1.0924396e+01              1855s
  306090 PPushes remaining with PInf 1.0959993e+01              1860s
  284018 PPushes remaining with PInf 1.3374550e+01              1865s
  278018 PPushes remaining with PInf 1.6443710e+01              1870s
  271889 PPushes remaining with PInf 2.8402165e+01              1877s
  268008 PPushes remaining with PInf 3.0520503e+01              1881s
  261831 PPushes remaining with PInf 6.3049312e+01              1886s
  257363 PPushes remaining with PInf 6.8981066e+01              1890s
  250881 PPushes remaining with PInf 3.0277666e+02              1895s
  244163 PPushes remaining with PInf 1.5993748e+02              1900s
  233287 PPushes remaining with PInf 1.5166976e+02              1909s
  228973 PPushes remaining with PInf 1.4831804e+02              1912s
  223944 PPushes remaining with PInf 1.5371675e+02              1915s
  213860 PPushes remaining with PInf 1.6574643e+03              1922s
  210003 PPushes remaining with PInf 2.2836552e+03              1925s
  204892 PPushes remaining with PInf 2.3320235e+03              1930s
  198561 PPushes remaining with PInf 2.7251176e+03              1936s
  192460 PPushes remaining with PInf 3.7985497e+03              1941s
  182543 PPushes remaining with PInf 2.4103290e+03              1947s
  176728 PPushes remaining with PInf 2.3917048e+03              1952s
  172834 PPushes remaining with PInf 2.1352341e+03              1955s
  166479 PPushes remaining with PInf 1.7308973e+03              1961s
  160629 PPushes remaining with PInf 1.6200721e+03              1965s
  151147 PPushes remaining with PInf 1.4689801e+03              1971s
  140090 PPushes remaining with PInf 1.4652008e+03              1980s
  134714 PPushes remaining with PInf 1.4578874e+03              1985s
  126060 PPushes remaining with PInf 1.4418989e+03              1992s
  115956 PPushes remaining with PInf 1.4253752e+03              2000s
  108716 PPushes remaining with PInf 1.4051913e+03              2006s
  102676 PPushes remaining with PInf 1.4074810e+03              2011s
   94964 PPushes remaining with PInf 1.2987983e+03              2018s
   88541 PPushes remaining with PInf 1.1630112e+03              2023s
   82791 PPushes remaining with PInf 1.1480034e+03              2027s
   76997 PPushes remaining with PInf 1.1340389e+03              2031s
   72416 PPushes remaining with PInf 1.0341133e+03              2035s
   65290 PPushes remaining with PInf 9.5326937e+02              2040s
   58062 PPushes remaining with PInf 9.0031455e+02              2047s
   52804 PPushes remaining with PInf 9.0089011e+02              2052s
   49845 PPushes remaining with PInf 9.0185694e+02              2055s
   45083 PPushes remaining with PInf 8.8805902e+02              2060s
   37592 PPushes remaining with PInf 8.8050795e+02              2067s
   32609 PPushes remaining with PInf 8.8543589e+02              2073s
   29217 PPushes remaining with PInf 9.1818969e+02              2076s
   24700 PPushes remaining with PInf 9.2756401e+02              2081s
   21335 PPushes remaining with PInf 9.1053890e+02              2085s
   10749 PPushes remaining with PInf 9.5267419e+02              2098s
    6039 PPushes remaining with PInf 9.5274580e+02              2104s
    4070 PPushes remaining with PInf 9.5102267e+02              2106s
     576 PPushes remaining with PInf 9.3627683e+02              2111s
       0 PPushes remaining with PInf 9.0400169e+02              2113s

  Push phase complete: Pinf 9.0400169e+02, Dinf 5.4230990e+09   2113s

Iteration    Objective       Primal Inf.    Dual Inf.      Time
  438680    9.7868482e+04   0.000000e+00   5.423099e+09   2113s
  438780    9.7868481e+04   0.000000e+00   1.837199e+07   2117s
  438920    9.7868461e+04   0.000000e+00   3.723977e+08   2121s
  439170    9.7868321e+04   0.000000e+00   2.210479e+09   2128s
  439280    9.7867991e+04   0.000000e+00   3.218209e+09   2133s
  439390    9.7867531e+04   0.000000e+00   4.918939e+09   2136s
  439720    9.7866264e+04   0.000000e+00   4.003782e+07   2144s
  439840    9.7866260e+04   0.000000e+00   2.254105e+08   2148s
  439970    9.7866255e+04   0.000000e+00   5.369967e+07   2152s
  440090    9.7866248e+04   0.000000e+00   2.648456e+07   2155s
  440370    9.7866234e+04   0.000000e+00   1.610336e+08   2163s
  440480    9.7866228e+04   0.000000e+00   1.021004e+08   2167s
  440610    9.7866220e+04   0.000000e+00   7.678791e+07   2171s
  440990    9.7866091e+04   0.000000e+00   4.387719e+07   2179s
  441110    9.7866081e+04   0.000000e+00   5.418265e+06   2182s
  441240    9.7866065e+04   0.000000e+00   2.402505e+07   2186s
  441390    9.7866046e+04   0.000000e+00   1.150855e+08   2190s
  441650    9.7866029e+04   0.000000e+00   4.510346e+09   2198s
  441810    9.7866011e+04   0.000000e+00   5.634817e+07   2202s
  441930    9.7865990e+04   0.000000e+00   1.719801e+07   2205s
  442160    9.7865946e+04   0.000000e+00   1.819528e+08   2213s
  442280    9.7865925e+04   0.000000e+00   3.824160e+08   2216s
  442520    9.7865890e+04   0.000000e+00   7.804918e+07   2224s
  442640    9.7865855e+04   0.000000e+00   4.101196e+08   2227s
  442780    9.7865818e+04   0.000000e+00   9.211065e+08   2231s
  443050    9.7865744e+04   0.000000e+00   7.948450e+08   2237s
  443170    9.7865665e+04   0.000000e+00   3.203423e+08   2241s
  443410    9.7865444e+04   0.000000e+00   9.128961e+08   2248s
  443520    9.7865218e+04   0.000000e+00   2.417402e+09   2251s
  443740    9.7864793e+04   0.000000e+00   2.998003e+09   2258s
  443880    9.7864312e+04   0.000000e+00   2.557463e+09   2261s
  444260    9.7864025e+04   0.000000e+00   5.400527e+07   2268s
  444370    9.7864006e+04   0.000000e+00   2.461746e+08   2272s
  444490    9.7863918e+04   0.000000e+00   2.043075e+08   2275s
  444710    9.7863826e+04   0.000000e+00   9.046394e+07   2282s
  444820    9.7863753e+04   0.000000e+00   4.726972e+10   2285s
  445080    9.7863547e+04   0.000000e+00   6.783440e+09   2292s
  445270    9.7861339e+04   0.000000e+00   1.005600e+10   2296s
Warning: Markowitz tolerance tightened to 0.125
  445738    9.7860935e+04   0.000000e+00   5.701307e+08   2303s
  445848    9.7860929e+04   0.000000e+00   6.881561e+06   2307s
  445958    9.7860917e+04   0.000000e+00   1.494540e+07   2310s
  446218    9.7860802e+04   0.000000e+00   1.139262e+07   2317s
  446338    9.7860794e+04   0.000000e+00   4.949357e+07   2321s
  446568    9.7860781e+04   0.000000e+00   1.063743e+08   2328s
  446688    9.7860773e+04   0.000000e+00   2.468880e+09   2332s
  446888    9.7860678e+04   0.000000e+00   9.720846e+06   2336s
  447178    9.7860618e+04   0.000000e+00   1.798736e+07   2342s
  447298    9.7860603e+04   0.000000e+00   7.249874e+06   2346s
  447538    9.7860535e+04   0.000000e+00   5.908129e+07   2354s
  447668    9.7860507e+04   0.000000e+00   4.241084e+08   2357s
  447778    9.7860457e+04   0.000000e+00   2.922623e+08   2361s
  448008    9.7860321e+04   0.000000e+00   1.348337e+09   2367s
  448128    9.7860277e+04   0.000000e+00   1.291935e+10   2371s
  448368    9.7859919e+04   0.000000e+00   6.395594e+07   2377s
  448488    9.7859899e+04   0.000000e+00   7.657185e+08   2380s
  448728    9.7859855e+04   0.000000e+00   9.533534e+07   2387s
  448838    9.7859816e+04   0.000000e+00   1.566775e+08   2390s
  449108    9.7859628e+04   0.000000e+00   3.883779e+07   2397s
  449228    9.7859600e+04   0.000000e+00   1.025337e+08   2400s
  449498    9.7859540e+04   0.000000e+00   1.284086e+08   2407s
  449738    9.7859495e+04   0.000000e+00   9.256381e+07   2413s
  449858    9.7859484e+04   0.000000e+00   4.128893e+09   2416s
  450098    9.7859421e+04   0.000000e+00   2.055612e+08   2422s
  450218    9.7859141e+04   0.000000e+00   2.264105e+09   2426s
  450468    9.7859020e+04   0.000000e+00   1.122220e+09   2432s
  450708    9.7858993e+04   0.000000e+00   8.975767e+07   2435s
  450928    9.7858868e+04   0.000000e+00   3.199090e+08   2441s
  451178    9.7858746e+04   0.000000e+00   5.488178e+07   2447s
  451298    9.7858731e+04   0.000000e+00   1.614995e+09   2450s
  451578    9.7858692e+04   0.000000e+00   1.048869e+08   2456s
  451798    9.7858665e+04   0.000000e+00   4.461074e+07   2463s
  451918    9.7858648e+04   0.000000e+00   1.371115e+07   2466s
  452168    9.7858615e+04   0.000000e+00   6.857607e+07   2472s
  452448    9.7858539e+04   0.000000e+00   6.324066e+07   2477s
  452558    9.7858528e+04   0.000000e+00   2.306028e+07   2480s
  452788    9.7858512e+04   0.000000e+00   2.359021e+06   2487s
  453008    9.7858490e+04   0.000000e+00   1.010375e+08   2493s
  453138    9.7858366e+04   0.000000e+00   1.150380e+10   2496s
  453478    9.7857452e+04   0.000000e+00   3.871750e+10   2502s
  453718    9.7856403e+04   0.000000e+00   1.347920e+07   2508s
  453828    9.7856386e+04   0.000000e+00   5.334864e+08   2511s
  454058    9.7856350e+04   0.000000e+00   1.043819e+09   2517s
  454308    9.7856324e+04   0.000000e+00   4.606792e+08   2523s
  454458    9.7856293e+04   0.000000e+00   4.437752e+08   2526s
  454838    9.7856256e+04   0.000000e+00   1.491323e+08   2532s
  455208    9.7856149e+04   0.000000e+00   2.759157e+09   2537s
  455488    9.7855547e+04   0.000000e+00   1.168387e+07   2543s
  455598    9.7855531e+04   0.000000e+00   8.929482e+08   2546s
  455888    9.7855012e+04   0.000000e+00   2.064060e+09   2552s
  456168    9.7854646e+04   0.000000e+00   3.061601e+09   2558s
  456348    9.7854544e+04   0.000000e+00   1.683720e+10   2561s
  456738    9.7854111e+04   0.000000e+00   1.037788e+07   2567s
  456848    9.7854096e+04   0.000000e+00   8.339312e+07   2570s
  457098    9.7854077e+04   0.000000e+00   4.237043e+07   2576s
  457378    9.7853996e+04   0.000000e+00   7.633374e+07   2582s
  457608    9.7853896e+04   0.000000e+00   1.281115e+09   2586s
  457988    9.7853637e+04   0.000000e+00   1.667388e+09   2592s
  458328    9.7853508e+04   0.000000e+00   2.395543e+07   2597s
  458438    9.7853493e+04   0.000000e+00   2.081344e+07   2601s
  458668    9.7853457e+04   0.000000e+00   9.261755e+09   2607s
  458908    9.7853389e+04   0.000000e+00   4.366789e+08   2613s
  459048    9.7853349e+04   0.000000e+00   1.601660e+09   2616s
  459278    9.7853290e+04   0.000000e+00   1.533083e+07   2622s
  459398    9.7853261e+04   0.000000e+00   2.777498e+08   2625s
  459678    9.7853207e+04   0.000000e+00   1.364080e+08   2632s
  459948    9.7853154e+04   0.000000e+00   2.651199e+07   2638s
  460058    9.7853082e+04   0.000000e+00   2.091521e+09   2641s
  460308    9.7853045e+04   0.000000e+00   5.152819e+08   2647s
  460578    9.7852901e+04   0.000000e+00   3.264433e+08   2653s
  460708    9.7852842e+04   0.000000e+00   6.804492e+07   2656s
  460928    9.7852762e+04   0.000000e+00   3.299275e+07   2662s
  461048    9.7852724e+04   0.000000e+00   7.328444e+07   2665s
  461328    9.7852631e+04   0.000000e+00   2.933062e+08   2671s
  461578    9.7852567e+04   0.000000e+00   3.149867e+07   2677s
  461708    9.7852551e+04   0.000000e+00   2.245004e+07   2680s
  461978    9.7852498e+04   0.000000e+00   2.266202e+08   2686s
  462228    9.7852437e+04   0.000000e+00   2.349932e+07   2693s
  462368    9.7852416e+04   0.000000e+00   1.584043e+08   2696s
  462638    9.7852356e+04   0.000000e+00   5.015321e+07   2702s
  462918    9.7852288e+04   0.000000e+00   2.504261e+09   2708s
  463068    9.7852274e+04   0.000000e+00   6.796185e+06   2711s
  463298    9.7852191e+04   0.000000e+00   8.108870e+07   2717s
  463428    9.7852142e+04   0.000000e+00   9.161495e+08   2720s
  463768    9.7852032e+04   0.000000e+00   6.949824e+07   2726s
  464008    9.7851952e+04   0.000000e+00   1.523858e+08   2732s
  464118    9.7851906e+04   0.000000e+00   1.897498e+08   2736s
  464368    9.7851839e+04   0.000000e+00   5.583994e+07   2742s
  464628    9.7851684e+04   0.000000e+00   3.969495e+08   2748s
  464818    9.7851624e+04   0.000000e+00   3.306237e+09   2751s
  465088    9.7851575e+04   0.000000e+00   2.987375e+07   2756s
  465338    9.7851531e+04   0.000000e+00   1.193530e+09   2762s
  465468    9.7851500e+04   0.000000e+00   1.490847e+09   2765s
  465758    9.7851395e+04   0.000000e+00   1.492526e+09   2771s
  466038    9.7851186e+04   0.000000e+00   3.197576e+07   2777s
  466298    9.7851037e+04   0.000000e+00   8.192969e+06   2782s
  466408    9.7851009e+04   0.000000e+00   2.175972e+07   2785s
  466638    9.7850931e+04   0.000000e+00   7.145005e+08   2791s
  466918    9.7850806e+04   0.000000e+00   4.662052e+08   2797s
  467058    9.7850787e+04   0.000000e+00   3.317434e+06   2800s
  467318    9.7850726e+04   0.000000e+00   3.608751e+08   2806s
  467668    9.7850507e+04   0.000000e+00   4.541155e+08   2812s
  467908    9.7850369e+04   0.000000e+00   3.827877e+08   2818s
  468028    9.7850307e+04   0.000000e+00   1.314533e+09   2821s
  468328    9.7850044e+04   0.000000e+00   1.584808e+09   2826s
  468588    9.7849797e+04   0.000000e+00   1.472056e+07   2832s
  468818    9.7849763e+04   0.000000e+00   2.828932e+07   2838s
  468958    9.7849755e+04   0.000000e+00   1.977424e+08   2841s
  469208    9.7849729e+04   0.000000e+00   1.322091e+08   2846s
  469538    9.7849683e+04   0.000000e+00   1.448969e+07   2852s
  469788    9.7849639e+04   0.000000e+00   1.497288e+09   2858s
  469928    9.7849608e+04   0.000000e+00   6.560548e+06   2861s
  470148    9.7849559e+04   0.000000e+00   2.885638e+07   2867s
  470408    9.7849497e+04   0.000000e+00   7.962825e+08   2873s
  470578    9.7849459e+04   0.000000e+00   9.203955e+07   2875s
  470898    9.7849426e+04   0.000000e+00   5.206908e+07   2881s
  471148    9.7849362e+04   0.000000e+00   1.131621e+08   2887s
  471438    9.7849214e+04   0.000000e+00   2.616446e+09   2892s
  471578    9.7849065e+04   0.000000e+00   1.685749e+09   2895s
  471818    9.7848848e+04   0.000000e+00   1.124072e+07   2901s
  472058    9.7848812e+04   0.000000e+00   5.639041e+07   2907s
  472328    9.7848786e+04   0.000000e+00   5.788304e+07   2913s
  472458    9.7848770e+04   0.000000e+00   1.185073e+07   2916s
  472698    9.7848718e+04   0.000000e+00   3.691003e+06   2922s
  472988    9.7848656e+04   0.000000e+00   2.352334e+08   2927s
  473168    9.7848633e+04   0.000000e+00   4.198378e+07   2930s
  473448    9.7848597e+04   0.000000e+00   2.265690e+07   2936s
  473708    9.7848581e+04   0.000000e+00   4.950980e+07   2942s
  474028    9.7848551e+04   0.000000e+00   6.238212e+08   2948s
  474178    9.7848525e+04   0.000000e+00   9.523565e+06   2950s
  474418    9.7848484e+04   0.000000e+00   1.178930e+07   2956s
  474698    9.7848444e+04   0.000000e+00   1.470181e+08   2962s
  475008    9.7848338e+04   0.000000e+00   9.400736e+07   2968s
  475188    9.7848272e+04   0.000000e+00   3.061300e+08   2971s
  475498    9.7848037e+04   0.000000e+00   6.025205e+06   2976s
  475768    9.7847999e+04   0.000000e+00   1.133309e+08   2982s
  476278    9.7847374e+04   0.000000e+00   5.103115e+09   2988s
  476428    9.7847300e+04   0.000000e+00   3.484962e+06   2990s
  476698    9.7847260e+04   0.000000e+00   5.238075e+07   2996s
  477218    9.7847207e+04   0.000000e+00   2.539509e+09   3002s
  477478    9.7847182e+04   0.000000e+00   6.278837e+06   3008s
  477608    9.7847169e+04   0.000000e+00   5.678842e+06   3010s
  477928    9.7847143e+04   0.000000e+00   3.277153e+07   3016s
  478268    9.7847124e+04   0.000000e+00   9.333408e+09   3021s
  478588    9.7847100e+04   0.000000e+00   3.094633e+06   3027s
  478848    9.7847091e+04   0.000000e+00   6.937395e+07   3033s
  478998    9.7847060e+04   0.000000e+00   1.962284e+09   3035s
  479298    9.7847007e+04   0.000000e+00   3.037093e+06   3041s
  479558    9.7846991e+04   0.000000e+00   1.012195e+07   3047s
  479838    9.7846976e+04   0.000000e+00   3.333790e+07   3052s
  479988    9.7846950e+04   0.000000e+00   4.683957e+08   3055s
  480278    9.7846856e+04   0.000000e+00   4.410066e+06   3061s
  480518    9.7846824e+04   0.000000e+00   3.141595e+07   3066s
  480858    9.7846756e+04   0.000000e+00   4.478498e+09   3072s
  481108    9.7846717e+04   0.000000e+00   1.264519e+07   3078s
  481268    9.7846709e+04   0.000000e+00   5.600718e+06   3080s
  481558    9.7846679e+04   0.000000e+00   3.352994e+08   3086s
  481928    9.7846331e+04   0.000000e+00   5.611553e+09   3091s
  482288    9.7845823e+04   0.000000e+00   1.381091e+07   3096s
  482598    9.7845802e+04   0.000000e+00   7.231666e+07   3102s
  482878    9.7845785e+04   0.000000e+00   2.172853e+07   3107s
  483028    9.7845767e+04   0.000000e+00   1.577911e+08   3110s
  483318    9.7845723e+04   0.000000e+00   3.513735e+08   3116s
  483718    9.7845650e+04   0.000000e+00   4.009285e+07   3121s
  484048    9.7845202e+04   0.000000e+00   1.399588e+07   3126s
  484328    9.7845181e+04   0.000000e+00   9.115916e+08   3132s
  484708    9.7845139e+04   0.000000e+00   4.939316e+06   3138s
  484828    9.7845124e+04   0.000000e+00   1.744542e+06   3141s
  485088    9.7845115e+04   0.000000e+00   5.008120e+07   3146s
  485408    9.7845095e+04   0.000000e+00   1.125816e+08   3152s
  485718    9.7845050e+04   0.000000e+00   2.593573e+09   3157s
  485838    9.7845032e+04   0.000000e+00   5.804143e+09   3160s
  486148    9.7844992e+04   0.000000e+00   2.885664e+06   3166s
  486408    9.7844956e+04   0.000000e+00   7.905524e+07   3172s
  486708    9.7844820e+04   0.000000e+00   5.884417e+06   3177s
  486828    9.7844810e+04   0.000000e+00   2.665096e+07   3180s
  487108    9.7844800e+04   0.000000e+00   2.237905e+07   3185s
  487468    9.7844616e+04   0.000000e+00   5.080762e+10   3191s
  487758    9.7844395e+04   0.000000e+00   2.183444e+07   3196s
  488058    9.7844381e+04   0.000000e+00   4.950967e+06   3202s
  488548    9.7844320e+04   0.000000e+00   6.489832e+06   3207s
  488808    9.7844300e+04   0.000000e+00   3.872147e+07   3212s
  489108    9.7844284e+04   0.000000e+00   6.111817e+07   3217s
  489518    9.7843952e+04   0.000000e+00   7.770487e+09   3222s
  489941    9.7843180e+04   0.000000e+00   4.990428e+09   3227s
  490251    9.7842743e+04   0.000000e+00   2.606620e+10   3230s
  490901    9.7842543e+04   0.000000e+00   3.579584e+10   3236s
  491551    9.7842528e+04   0.000000e+00   3.579619e+10   3241s
  492131    9.7842518e+04   0.000000e+00   3.579613e+10   3247s
  492431    9.7842491e+04   0.000000e+00   7.590955e+06   3252s
  492841    9.7841835e+04   0.000000e+00   1.112464e+06   3257s
  492971    9.7841826e+04   0.000000e+00   2.311329e+06   3260s
  493251    9.7841774e+04   0.000000e+00   1.401716e+07   3266s
  493641    9.7841702e+04   0.000000e+00   1.743043e+08   3271s
  494091    9.7841611e+04   0.000000e+00   1.148978e+06   3277s
  494371    9.7841594e+04   0.000000e+00   1.470312e+08   3282s
  494551    9.7841587e+04   0.000000e+00   8.151388e+07   3285s
  494901    9.7841531e+04   0.000000e+00   2.516065e+06   3291s
  495241    9.7841506e+04   0.000000e+00   6.614095e+07   3296s
  495691    9.7841426e+04   0.000000e+00   1.811526e+08   3301s
  495981    9.7841319e+04   0.000000e+00   1.084849e+08   3307s
  496381    9.7841279e+04   0.000000e+00   8.413439e+07   3312s
  496691    9.7841212e+04   0.000000e+00   3.792179e+08   3318s
  496861    9.7841147e+04   0.000000e+00   5.623895e+08   3320s
  497131    9.7841086e+04   0.000000e+00   1.034851e+08   3326s
  497501    9.7840955e+04   0.000000e+00   2.180112e+09   3331s
  497791    9.7840913e+04   0.000000e+00   3.207149e+06   3337s
  497911    9.7840904e+04   0.000000e+00   6.340116e+09   3340s
  498341    9.7840816e+04   0.000000e+00   3.953275e+09   3346s
  498591    9.7840797e+04   0.000000e+00   1.377629e+07   3351s
  498911    9.7840780e+04   0.000000e+00   5.554218e+06   3357s
  499241    9.7840561e+04   0.000000e+00   9.953284e+05   3363s
  499401    9.7840501e+04   0.000000e+00   1.472836e+07   3365s
  499881    9.7840416e+04   0.000000e+00   1.103225e+08   3371s
  500251    9.7840321e+04   0.000000e+00   1.952300e+06   3376s
  500551    9.7840299e+04   0.000000e+00   2.303881e+07   3382s
  500921    9.7840282e+04   0.000000e+00   2.150594e+09   3387s
  501241    9.7840260e+04   0.000000e+00   2.178672e+09   3392s
  501671    9.7840209e+04   0.000000e+00   1.078351e+06   3398s
  501811    9.7840201e+04   0.000000e+00   1.475756e+07   3400s
  502101    9.7840177e+04   0.000000e+00   6.448603e+05   3406s
  502371    9.7840154e+04   0.000000e+00   3.169266e+08   3411s
  502701    9.7840124e+04   0.000000e+00   2.147379e+09   3417s
  503051    9.7840089e+04   0.000000e+00   2.947758e+06   3423s
  503191    9.7840078e+04   0.000000e+00   8.501792e+05   3425s
  503481    9.7840053e+04   0.000000e+00   2.131221e+07   3431s
  503901    9.7840026e+04   0.000000e+00   7.449302e+10   3436s
  504221    9.7839983e+04   0.000000e+00   6.161212e+06   3441s
  504531    9.7839953e+04   0.000000e+00   7.379368e+07   3447s
  504901    9.7839902e+04   0.000000e+00   7.568107e+06   3452s
  505191    9.7839873e+04   0.000000e+00   3.026018e+06   3457s
  505541    9.7839762e+04   0.000000e+00   9.525105e+05   3463s
  505681    9.7839746e+04   0.000000e+00   1.253956e+08   3465s
  506031    9.7839697e+04   0.000000e+00   8.103615e+06   3470s
  506361    9.7839663e+04   0.000000e+00   9.694285e+06   3476s
  506761    9.7839541e+04   0.000000e+00   6.496020e+09   3481s
  507091    9.7839481e+04   0.000000e+00   1.079705e+06   3486s
  507471    9.7839454e+04   0.000000e+00   3.364218e+09   3491s
  507741    9.7839426e+04   0.000000e+00   9.095752e+06   3497s
  508071    9.7839209e+04   0.000000e+00   6.510076e+09   3502s
  508361    9.7839170e+04   0.000000e+00   2.846670e+07   3507s
  508661    9.7839136e+04   0.000000e+00   8.742816e+07   3512s
  508991    9.7839097e+04   0.000000e+00   4.324955e+07   3517s
  509371    9.7839061e+04   0.000000e+00   9.267112e+09   3522s
  509701    9.7839019e+04   0.000000e+00   5.193972e+07   3527s
  510071    9.7838961e+04   0.000000e+00   1.623077e+08   3532s
  510251    9.7838854e+04   0.000000e+00   3.011187e+06   3535s
  510571    9.7838816e+04   0.000000e+00   6.300323e+06   3540s
  510951    9.7838739e+04   0.000000e+00   1.624100e+06   3545s
  511261    9.7838654e+04   0.000000e+00   4.037509e+07   3550s
  511681    9.7838577e+04   0.000000e+00   2.348828e+08   3555s
  512011    9.7838445e+04   0.000000e+00   1.417457e+09   3560s
  512361    9.7838215e+04   0.000000e+00   1.463539e+08   3565s
  512681    9.7838111e+04   0.000000e+00   5.554168e+06   3571s
  513081    9.7837894e+04   0.000000e+00   1.272743e+06   3576s
  513421    9.7837830e+04   0.000000e+00   2.137569e+08   3581s
  513741    9.7837767e+04   0.000000e+00   2.910631e+08   3586s
  514091    9.7837629e+04   0.000000e+00   8.266194e+07   3592s
  514481    9.7837546e+04   0.000000e+00   3.980244e+08   3597s
  514801    9.7837404e+04   0.000000e+00   4.305340e+07   3602s
  514981    9.7837372e+04   0.000000e+00   4.052038e+07   3605s
  515431    9.7837333e+04   0.000000e+00   1.583820e+07   3610s
  515841    9.7837315e+04   0.000000e+00   5.301350e+06   3615s
  516241    9.7837295e+04   0.000000e+00   2.225257e+07   3621s
  516571    9.7837278e+04   0.000000e+00   2.525430e+07   3626s
  516941    9.7837230e+04   0.000000e+00   1.233331e+09   3631s
  517271    9.7837176e+04   0.000000e+00   1.284096e+07   3637s
  517571    9.7837146e+04   0.000000e+00   2.737225e+06   3642s
  517961    9.7837086e+04   0.000000e+00   1.226080e+07   3647s
  518281    9.7837070e+04   0.000000e+00   1.152777e+07   3653s
  518461    9.7836933e+04   0.000000e+00   1.266669e+07   3655s
  518861    9.7836873e+04   0.000000e+00   1.820161e+07   3660s
  519301    9.7836693e+04   0.000000e+00   5.756438e+06   3665s
  519581    9.7836634e+04   0.000000e+00   1.400407e+06   3671s
  519911    9.7836602e+04   0.000000e+00   8.522732e+06   3676s
  520271    9.7836572e+04   0.000000e+00   5.881525e+06   3681s
  520641    9.7836513e+04   0.000000e+00   3.211605e+07   3687s
  521071    9.7836420e+04   0.000000e+00   5.642164e+08   3692s
  521341    9.7836369e+04   0.000000e+00   4.182364e+06   3697s
  521671    9.7836319e+04   0.000000e+00   7.669486e+06   3702s
  521841    9.7836290e+04   0.000000e+00   7.214599e+06   3705s
  522281    9.7836182e+04   0.000000e+00   4.290583e+07   3710s
  522641    9.7836151e+04   0.000000e+00   6.087418e+06   3716s
  522951    9.7836138e+04   0.000000e+00   7.901258e+07   3721s
  523431    9.7836096e+04   0.000000e+00   2.317883e+06   3726s
  523701    9.7836077e+04   0.000000e+00   2.736760e+06   3731s
  524091    9.7836059e+04   0.000000e+00   3.130098e+06   3736s
  524411    9.7836036e+04   0.000000e+00   3.913127e+07   3742s
  524861    9.7835723e+04   0.000000e+00   9.413269e+06   3747s
  525261    9.7835215e+04   0.000000e+00   6.256477e+05   3752s
  525621    9.7835179e+04   0.000000e+00   1.868785e+06   3757s
  526041    9.7835093e+04   0.000000e+00   2.190334e+07   3762s
  526411    9.7834949e+04   0.000000e+00   1.086715e+08   3767s
  526861    9.7834768e+04   0.000000e+00   3.518565e+08   3772s
  527321    9.7834656e+04   0.000000e+00   1.362473e+10   3777s
  527671    9.7834569e+04   0.000000e+00   2.116318e+07   3782s
  528021    9.7834515e+04   0.000000e+00   2.497415e+08   3787s
  528391    9.7834277e+04   0.000000e+00   1.303475e+08   3792s
  528741    9.7834197e+04   0.000000e+00   1.206909e+08   3797s
  529071    9.7834160e+04   0.000000e+00   7.036140e+08   3802s
  529421    9.7833987e+04   0.000000e+00   8.969281e+06   3807s
  529861    9.7833956e+04   0.000000e+00   1.195424e+07   3812s
  530291    9.7833782e+04   0.000000e+00   6.034483e+06   3817s
  530611    9.7833699e+04   0.000000e+00   2.785813e+08   3822s
  531031    9.7833662e+04   0.000000e+00   1.178296e+08   3827s
  531521    9.7833617e+04   0.000000e+00   5.567749e+08   3832s
  531861    9.7833549e+04   0.000000e+00   1.769317e+07   3837s
  532261    9.7833390e+04   0.000000e+00   2.862612e+06   3842s
  532571    9.7833240e+04   0.000000e+00   1.111379e+06   3847s
  533031    9.7833175e+04   0.000000e+00   1.825023e+08   3852s
  533531    9.7833103e+04   0.000000e+00   2.369344e+08   3857s
  533941    9.7832946e+04   0.000000e+00   3.811763e+06   3862s
  534331    9.7832917e+04   0.000000e+00   5.915907e+06   3867s
  534501    9.7832817e+04   0.000000e+00   5.207724e+08   3870s
  534851    9.7832775e+04   0.000000e+00   3.858241e+08   3875s
  535271    9.7832569e+04   0.000000e+00   6.638762e+06   3880s
  535631    9.7832430e+04   0.000000e+00   1.286310e+07   3886s
  535921    9.7832397e+04   0.000000e+00   6.354774e+05   3891s
  536291    9.7832377e+04   0.000000e+00   2.175711e+08   3896s
  536651    9.7832314e+04   0.000000e+00   2.637176e+05   3901s
  537031    9.7832298e+04   0.000000e+00   2.536374e+07   3906s
  537371    9.7832256e+04   0.000000e+00   3.036081e+07   3912s
  537751    9.7832209e+04   0.000000e+00   4.248746e+06   3917s
  538071    9.7832170e+04   0.000000e+00   1.192022e+08   3922s
  538531    9.7832065e+04   0.000000e+00   2.349663e+08   3927s
  538851    9.7832002e+04   0.000000e+00   1.006380e+07   3932s
  539201    9.7831916e+04   0.000000e+00   2.201019e+07   3938s
  539391    9.7831871e+04   0.000000e+00   1.245174e+06   3940s
  539711    9.7831714e+04   0.000000e+00   7.212794e+07   3945s
  540121    9.7831298e+04   0.000000e+00   2.087189e+06   3950s
  540531    9.7831234e+04   0.000000e+00   3.025735e+07   3955s
  540851    9.7831207e+04   0.000000e+00   5.556404e+08   3960s
  541211    9.7831110e+04   0.000000e+00   1.065206e+06   3965s
  541671    9.7830953e+04   0.000000e+00   2.448082e+08   3970s
  542081    9.7830822e+04   0.000000e+00   9.237683e+07   3975s
  542491    9.7830614e+04   0.000000e+00   1.878857e+06   3980s
  542871    9.7830577e+04   0.000000e+00   2.717349e+08   3985s
  543261    9.7830507e+04   0.000000e+00   1.548136e+06   3990s
  543681    9.7830467e+04   0.000000e+00   4.012897e+07   3995s
  544201    9.7830355e+04   0.000000e+00   1.472019e+08   4000s
  544661    9.7829971e+04   0.000000e+00   1.330512e+09   4005s
  545111    9.7828689e+04   0.000000e+00   1.846264e+08   4010s
  545491    9.7828509e+04   0.000000e+00   2.544005e+05   4015s
  545881    9.7828466e+04   0.000000e+00   4.132887e+06   4020s
  546191    9.7828432e+04   0.000000e+00   1.388987e+07   4026s
  546571    9.7828384e+04   0.000000e+00   1.780607e+05   4031s
  546931    9.7828360e+04   0.000000e+00   9.348007e+06   4036s
  547411    9.7828028e+04   0.000000e+00   6.288986e+08   4041s
  547851    9.7827951e+04   0.000000e+00   7.662963e+07   4046s
  548211    9.7827789e+04   0.000000e+00   3.634574e+09   4051s
  548651    9.7827609e+04   0.000000e+00   6.949830e+09   4056s
  548971    9.7827497e+04   0.000000e+00   3.425170e+06   4061s
  549351    9.7827473e+04   0.000000e+00   1.544726e+09   4066s
  549661    9.7827424e+04   0.000000e+00   9.683569e+06   4071s
  550061    9.7827383e+04   0.000000e+00   2.976921e+05   4076s
  550441    9.7827358e+04   0.000000e+00   4.162893e+06   4081s
  550851    9.7827296e+04   0.000000e+00   6.669758e+06   4086s
  551321    9.7827079e+04   0.000000e+00   1.540036e+08   4091s
  551671    9.7826904e+04   0.000000e+00   8.422572e+07   4096s
  552171    9.7826829e+04   0.000000e+00   7.522429e+05   4100s
  552551    9.7826736e+04   0.000000e+00   8.701194e+07   4105s
  553001    9.7826599e+04   0.000000e+00   2.581570e+08   4110s
  553321    9.7826577e+04   0.000000e+00   2.534185e+05   4115s
  553981    9.7826535e+04   0.000000e+00   5.743895e+07   4122s
  554471    9.7826339e+04   0.000000e+00   4.573241e+08   4127s
  555079    9.7825955e+04   0.000000e+00   4.775194e+07   4132s
  555479    9.7825941e+04   0.000000e+00   4.266096e+05   4137s
  555799    9.7825919e+04   0.000000e+00   3.705260e+06   4142s
  556239    9.7825871e+04   0.000000e+00   1.378751e+06   4147s
  556629    9.7825835e+04   0.000000e+00   4.747836e+05   4152s
  557119    9.7825724e+04   0.000000e+00   2.278491e+06   4157s
  557549    9.7825282e+04   0.000000e+00   3.253277e+06   4162s
  557909    9.7825195e+04   0.000000e+00   1.219558e+07   4167s
  558269    9.7825119e+04   0.000000e+00   3.423068e+06   4172s
  558679    9.7824878e+04   0.000000e+00   1.400461e+08   4177s
  559029    9.7824824e+04   0.000000e+00   3.807850e+07   4182s
  559449    9.7824804e+04   0.000000e+00   1.676320e+07   4187s
  559899    9.7824681e+04   0.000000e+00   3.807342e+08   4192s
  560239    9.7824527e+04   0.000000e+00   1.329410e+06   4197s
  560649    9.7824463e+04   0.000000e+00   5.394459e+07   4202s
  561019    9.7824395e+04   0.000000e+00   7.470925e+08   4207s
  561439    9.7824241e+04   0.000000e+00   4.354955e+06   4211s
  561919    9.7824031e+04   0.000000e+00   7.867887e+09   4217s
  562567    9.7823829e+04   0.000000e+00   8.667604e+04   4222s
  563037    9.7823803e+04   0.000000e+00   2.825596e+08   4227s
  563447    9.7823682e+04   0.000000e+00   1.074282e+05   4232s
  563867    9.7823654e+04   0.000000e+00   3.098927e+07   4237s
  564417    9.7823600e+04   0.000000e+00   5.518498e+07   4241s
  564837    9.7823482e+04   0.000000e+00   4.221971e+07   4246s
  565217    9.7823380e+04   0.000000e+00   9.727443e+06   4251s
  565757    9.7823295e+04   0.000000e+00   1.739314e+07   4256s
  566147    9.7823259e+04   0.000000e+00   9.412172e+05   4261s
  566727    9.7823209e+04   0.000000e+00   1.233405e+07   4265s
  567407    9.7822984e+04   0.000000e+00   1.028675e+08   4272s
  567917    9.7822527e+04   0.000000e+00   1.343330e+08   4277s
  568387    9.7822262e+04   0.000000e+00   1.658315e+08   4282s
  568757    9.7821996e+04   0.000000e+00   2.068886e+06   4287s
  569147    9.7821760e+04   0.000000e+00   8.236724e+07   4292s
  569467    9.7821719e+04   0.000000e+00   1.009027e+06   4297s
  569937    9.7821665e+04   0.000000e+00   4.422660e+07   4301s
  570297    9.7821584e+04   0.000000e+00   3.421768e+05   4307s
  570687    9.7821516e+04   0.000000e+00   4.391195e+07   4311s
  571027    9.7821326e+04   0.000000e+00   2.549989e+05   4317s
  571377    9.7821295e+04   0.000000e+00   7.267337e+08   4322s
  571717    9.7821243e+04   0.000000e+00   5.926751e+05   4327s
  572077    9.7821223e+04   0.000000e+00   3.869362e+06   4332s
  572497    9.7821204e+04   0.000000e+00   6.858366e+04   4337s
  572947    9.7821187e+04   0.000000e+00   2.810472e+05   4342s
  573417    9.7821144e+04   0.000000e+00   1.628246e+07   4346s
  573747    9.7821103e+04   0.000000e+00   2.144398e+06   4351s
  574187    9.7821069e+04   0.000000e+00   2.000838e+07   4356s
  574647    9.7820950e+04   0.000000e+00   5.658867e+07   4361s
  575137    9.7820848e+04   0.000000e+00   1.856800e+08   4366s
  575547    9.7820780e+04   0.000000e+00   1.443321e+06   4371s
  576047    9.7820642e+04   0.000000e+00   7.273967e+07   4375s
  576427    9.7820561e+04   0.000000e+00   1.085677e+07   4380s
  576857    9.7820531e+04   0.000000e+00   4.782052e+08   4385s
  577367    9.7820486e+04   0.000000e+00   2.446189e+06   4392s
  577727    9.7820454e+04   0.000000e+00   8.872457e+05   4397s
  578177    9.7820421e+04   0.000000e+00   8.081351e+07   4402s
  578767    9.7820399e+04   0.000000e+00   1.239746e+08   4407s
  579267    9.7820350e+04   0.000000e+00   6.070057e+05   4412s
  579667    9.7820298e+04   0.000000e+00   1.155219e+06   4416s
  580187    9.7820203e+04   0.000000e+00   8.533613e+07   4421s
  580657    9.7819945e+04   0.000000e+00   3.801803e+08   4426s
  581147    9.7819840e+04   0.000000e+00   5.307972e+08   4431s
  581537    9.7819756e+04   0.000000e+00   4.326002e+08   4436s
  581977    9.7819674e+04   0.000000e+00   5.353145e+05   4441s
  582327    9.7819653e+04   0.000000e+00   7.175897e+06   4445s
  582817    9.7819613e+04   0.000000e+00   4.758879e+07   4450s
  583187    9.7819589e+04   0.000000e+00   9.170178e+06   4455s
  583597    9.7819532e+04   0.000000e+00   2.836769e+08   4460s
  584207    9.7819492e+04   0.000000e+00   4.786229e+06   4467s
  584677    9.7819468e+04   0.000000e+00   1.796605e+06   4472s
  585127    9.7819432e+04   0.000000e+00   1.124441e+07   4477s
  585467    9.7819390e+04   0.000000e+00   1.020823e+06   4482s
  585897    9.7819370e+04   0.000000e+00   1.735260e+06   4487s
  586267    9.7819286e+04   0.000000e+00   1.847628e+05   4492s
  586657    9.7819209e+04   0.000000e+00   2.023673e+07   4497s
  587097    9.7819072e+04   0.000000e+00   3.449192e+07   4501s
  587497    9.7818924e+04   0.000000e+00   6.176731e+05   4506s
  587807    9.7818867e+04   0.000000e+00   2.207196e+06   4511s
  588287    9.7818828e+04   0.000000e+00   3.119480e+07   4516s
  588737    9.7818638e+04   0.000000e+00   3.692682e+07   4521s
  589067    9.7818479e+04   0.000000e+00   2.110999e+08   4526s
  589487    9.7818380e+04   0.000000e+00   3.844104e+05   4531s
  589847    9.7818328e+04   0.000000e+00   3.906336e+07   4536s
  590347    9.7818283e+04   0.000000e+00   1.129106e+08   4541s
  590817    9.7817898e+04   0.000000e+00   1.284922e+07   4546s
  591157    9.7817721e+04   0.000000e+00   2.143212e+08   4551s
  591487    9.7817481e+04   0.000000e+00   4.667258e+06   4556s
  591897    9.7817426e+04   0.000000e+00   3.471547e+09   4561s
  592307    9.7817238e+04   0.000000e+00   1.552164e+07   4566s
  592687    9.7817023e+04   0.000000e+00   1.849967e+09   4571s
  593037    9.7816796e+04   0.000000e+00   1.014425e+09   4576s
  593467    9.7816433e+04   0.000000e+00   3.730628e+07   4581s
  593977    9.7816326e+04   0.000000e+00   1.892151e+08   4585s
  594377    9.7816306e+04   0.000000e+00   5.833045e+05   4590s
  595037    9.7816190e+04   0.000000e+00   3.406460e+07   4597s
  595517    9.7816136e+04   0.000000e+00   6.104681e+07   4602s
  595967    9.7816070e+04   0.000000e+00   9.092933e+09   4607s
  596307    9.7816015e+04   0.000000e+00   7.332238e+05   4612s
  596667    9.7815897e+04   0.000000e+00   8.341672e+06   4617s
  597067    9.7815808e+04   0.000000e+00   1.593807e+08   4622s
  597407    9.7815635e+04   0.000000e+00   2.426041e+05   4627s
  597737    9.7815612e+04   0.000000e+00   2.848831e+06   4632s
  598167    9.7815585e+04   0.000000e+00   1.135916e+09   4637s
  598607    9.7815483e+04   0.000000e+00   5.930292e+09   4642s
  598977    9.7815440e+04   0.000000e+00   3.625018e+06   4647s
  599437    9.7815375e+04   0.000000e+00   1.856224e+06   4652s
  599777    9.7815326e+04   0.000000e+00   4.485942e+07   4657s
  600077    9.7815175e+04   0.000000e+00   6.314160e+07   4662s
  600457    9.7815102e+04   0.000000e+00   7.237248e+07   4668s
  600647    9.7815095e+04   0.000000e+00   1.718176e+07   4670s
  601387    9.7815047e+04   6.656266e-06   3.116305e+17   4677s
  601707    9.7815000e+04   0.000000e+00   6.080166e+06   4682s
  602187    9.7814987e+04   0.000000e+00   4.345626e+07   4687s
  602697    9.7814925e+04   0.000000e+00   3.522000e+07   4691s
  603147    9.7814760e+04   0.000000e+00   1.593117e+06   4696s
  603447    9.7814742e+04   0.000000e+00   4.065830e+05   4701s
  603917    9.7814688e+04   0.000000e+00   4.831279e+06   4706s
  604257    9.7814589e+04   0.000000e+00   4.662972e+06   4711s
  604637    9.7814572e+04   0.000000e+00   1.419875e+09   4716s
  605087    9.7814537e+04   0.000000e+00   8.357384e+05   4721s
  605407    9.7814516e+04   0.000000e+00   5.778384e+06   4726s
  605857    9.7814503e+04   0.000000e+00   7.418899e+07   4730s
  606317    9.7814383e+04   0.000000e+00   1.648009e+05   4735s
  606657    9.7814346e+04   0.000000e+00   1.173233e+08   4740s
  607157    9.7814327e+04   0.000000e+00   4.265014e+06   4747s
  607557    9.7814263e+04   2.258420e-02   1.347648e+18   4752s
  607700    9.7814337e+04   1.066713e-01   7.577255e+18   4757s
  607900    9.7814315e+04   2.320009e-02   1.014410e+12   4763s
  608010    9.7814349e+04   2.181781e-02   6.672750e+10   4766s
  608250    9.7814356e+04   2.179744e-02   4.444108e+13   4771s
  608429    9.7121945e+04   6.584389e+01   1.984908e+17   4777s
  608539    9.7132604e+04   3.931801e+01   1.113598e+17   4780s
  608851    9.7143321e+04   2.281219e+01   4.924595e+16   4786s
  609091    9.7143247e+04   2.169061e+01   4.625807e+16   4794s
  609231    9.7143247e+04   2.169061e+01   4.625807e+16   4799s
  609371    9.7143247e+04   2.169061e+01   4.625807e+16   4804s
  609511    9.7143247e+04   2.169063e+01   4.625807e+16   4810s
  609651    9.7143247e+04   2.169061e+01   4.625807e+16   4815s
  609791    9.7143247e+04   2.169061e+01   4.625807e+16   4820s
  609931    9.7143247e+04   2.169072e+01   4.625807e+16   4826s
  610071    9.7143247e+04   2.169062e+01   4.625807e+16   4831s
  610211    9.7143247e+04   2.169065e+01   4.625804e+16   4836s
  610351    9.7143247e+04   2.169061e+01   4.625807e+16   4842s
  610491    9.7143247e+04   2.169061e+01   4.625807e+16   4847s
  610631    9.7143247e+04   2.169061e+01   4.625807e+16   4853s
  610781    9.7143247e+04   2.169061e+01   4.625807e+16   4859s
  610931    9.7143247e+04   2.169061e+01   4.625807e+16   4864s
  611071    9.7143247e+04   2.169061e+01   4.625807e+16   4870s
  611211    9.7143247e+04   2.169061e+01   4.625807e+16   4875s
  611351    9.7143247e+04   2.169061e+01   4.625807e+16   4881s
  611491    9.7143247e+04   2.169061e+01   4.625807e+16   4886s
  611631    9.7143247e+04   2.169061e+01   4.625807e+16   4891s
  611771    9.7143247e+04   2.169061e+01   4.625807e+16   4897s
  611911    9.7143247e+04   2.169061e+01   4.625807e+16   4902s
  612051    9.7143321e+04   2.167614e+01   4.558214e+16   4908s
  612181    9.7143247e+04   2.169061e+01   4.625807e+16   4913s
  612321    9.7143247e+04   2.169061e+01   4.625807e+16   4919s
  612461    9.7143247e+04   2.169061e+01   4.625807e+16   4924s
  612601    9.7143247e+04   2.169061e+01   4.625807e+16   4930s
  612741    9.7143247e+04   2.169061e+01   4.625807e+16   4935s
  612891    9.7143247e+04   2.169061e+01   4.625807e+16   4941s
  613031    9.7143247e+04   2.169060e+01   4.625801e+16   4946s
  613171    9.7143247e+04   2.169062e+01   4.625807e+16   4952s
  613311    9.7143247e+04   2.169061e+01   4.625807e+16   4957s
  613451    9.7143247e+04   2.169061e+01   4.625807e+16   4963s
  613591    9.7143247e+04   2.169061e+01   4.625807e+16   4968s
  613731    9.7143247e+04   2.169061e+01   4.625807e+16   4973s
  613871    9.7143247e+04   2.169061e+01   4.625807e+16   4979s
  614011    9.7143247e+04   2.169061e+01   4.625807e+16   4984s
  614151    9.7143247e+04   2.169061e+01   4.625807e+16   4990s
  614291    9.7143247e+04   2.169061e+01   4.625807e+16   4995s
  614431    9.7143247e+04   2.169061e+01   4.625807e+16   5000s
  614571    9.7143247e+04   2.169061e+01   4.625807e+16   5006s
  614711    9.7143247e+04   2.169061e+01   4.625807e+16   5011s
  614851    9.7143247e+04   2.169061e+01   4.625807e+16   5017s
  614991    9.7143247e+04   2.169061e+01   4.625807e+16   5022s
  615131    9.7143247e+04   2.169061e+01   4.625807e+16   5028s
  615271    9.7143247e+04   2.169061e+01   4.625807e+16   5033s
  615411    9.7143247e+04   2.169061e+01   4.625807e+16   5038s
  615551    9.7143247e+04   2.169061e+01   4.625807e+16   5044s
  615691    9.7143247e+04   2.169060e+01   4.625801e+16   5049s
  615831    9.7143247e+04   2.169061e+01   4.625807e+16   5055s
  615971    9.7143247e+04   2.169061e+01   4.625807e+16   5060s
  616111    9.7143247e+04   2.169061e+01   4.625807e+16   5065s
  616251    9.7143247e+04   2.169060e+01   4.625807e+16   5071s
  616391    9.7143247e+04   2.169061e+01   4.625807e+16   5076s
  616531    9.7143247e+04   2.169061e+01   4.625807e+16   5082s
  616671    9.7143247e+04   2.169061e+01   4.625807e+16   5087s
  616811    9.7143247e+04   2.169061e+01   4.625807e+16   5093s
  616961    9.7143247e+04   2.169061e+01   4.625807e+16   5098s
  617101    9.7143247e+04   2.169061e+01   4.625807e+16   5104s
  617241    9.7143247e+04   2.169062e+01   4.625807e+16   5109s
  617381    9.7143247e+04   2.169061e+01   4.625807e+16   5115s
  617521    9.7143247e+04   2.169061e+01   4.625807e+16   5120s
  617661    9.7143247e+04   2.169061e+01   4.625807e+16   5126s
  617801    9.7143247e+04   2.169061e+01   4.625807e+16   5131s
  617941    9.7143247e+04   2.169061e+01   4.625807e+16   5136s
  618091    9.7143247e+04   2.169061e+01   4.625807e+16   5142s
  618231    9.7143247e+04   2.169061e+01   4.625807e+16   5148s
  618371    9.7143247e+04   2.169061e+01   4.625807e+16   5153s
  618511    9.7143247e+04   2.169061e+01   4.625807e+16   5159s
  618651    9.7143247e+04   2.169061e+01   4.625807e+16   5164s
  618791    9.7143247e+04   2.169061e+01   4.625807e+16   5169s
  618931    9.7143247e+04   2.169064e+01   4.625801e+16   5175s
  619071    9.7143247e+04   2.169061e+01   4.625807e+16   5180s
  619211    9.7143247e+04   2.169061e+01   4.625807e+16   5185s
  619351    9.7143247e+04   2.169061e+01   4.625807e+16   5191s
  619491    9.7143247e+04   2.169061e+01   4.625807e+16   5196s
  619631    9.7143247e+04   2.169061e+01   4.625807e+16   5202s
  619781    9.7143247e+04   2.169061e+01   4.625807e+16   5208s
  619921    9.7143255e+04   2.168899e+01   4.625808e+16   5213s
  620061    9.7143247e+04   2.169061e+01   4.625807e+16   5218s
  620201    9.7143247e+04   2.169061e+01   4.625807e+16   5224s
  620341    9.7143247e+04   2.169061e+01   4.625807e+16   5229s
  620481    9.7143247e+04   2.169061e+01   4.625807e+16   5235s
  620621    9.7143247e+04   2.169061e+01   4.625807e+16   5240s
  620761    9.7143247e+04   2.169058e+01   4.625807e+16   5245s
  620911    9.7143247e+04   2.169061e+01   4.625807e+16   5251s
  621051    9.7143247e+04   2.169061e+01   4.625807e+16   5257s
  621191    9.7143247e+04   2.169061e+01   4.625807e+16   5262s
  621331    9.7143247e+04   2.169061e+01   4.625807e+16   5267s
  621471    9.7143247e+04   2.169061e+01   4.625807e+16   5273s
  621611    9.7143247e+04   2.169061e+01   4.625807e+16   5278s
  621751    9.7143247e+04   2.169061e+01   4.625807e+16   5284s
  621891    9.7143247e+04   2.169061e+01   4.625807e+16   5289s
  622031    9.7143247e+04   2.169061e+01   4.625807e+16   5294s
  622171    9.7143247e+04   2.169061e+01   4.625809e+16   5300s
  622311    9.7143247e+04   2.169061e+01   4.625807e+16   5305s
  622451    9.7143247e+04   2.169061e+01   4.625807e+16   5310s
  622591    9.7143247e+04   2.169062e+01   4.625807e+16   5316s
  622731    9.7143247e+04   2.169061e+01   4.625807e+16   5321s
  622871    9.7143247e+04   2.169061e+01   4.625807e+16   5327s
  623011    9.7143247e+04   2.169061e+01   4.625807e+16   5332s
  623151    9.7143247e+04   2.169061e+01   4.625807e+16   5337s
  623291    9.7143247e+04   2.169061e+01   4.625807e+16   5343s
  623481   -4.0174023e+41   1.355594e+44   4.017402e+11   5348s
  623671   -3.7082871e+41   9.149690e+44   3.708287e+11   5353s
  623861   -3.4132405e+41   1.281982e+43   3.413241e+11   5357s
  624031   -3.1160447e+41   8.277513e+43   3.116045e+11   5362s
  624231   -3.0093234e+41   1.967840e+43   3.009323e+11   5367s
  624421   -2.9269616e+41   5.239215e+44   2.926962e+11   5372s
  624611   -2.7263498e+41   8.488444e+43   2.726350e+11   5377s
  624771   -2.2702678e+41   2.029352e+44   2.270268e+11   5383s
  624855   -2.1599348e+41   2.214452e+44   2.159935e+11   5385s
  625035   -2.0135896e+41   9.615273e+43   2.013590e+11   5391s
  625215   -1.8803107e+41   7.893461e+43   1.880311e+11   5396s
  625405   -1.7756659e+41   3.315843e+44   1.775666e+11   5401s
  625595   -1.6554606e+41   5.946211e+43   1.655461e+11   5407s
  625795   -1.6043436e+41   1.260754e+44   1.604344e+11   5412s
  625985   -1.4875039e+41   1.257370e+44   1.487504e+11   5418s
  626185   -1.4585970e+41   3.925418e+44   1.458597e+11   5423s
  626355   -1.2968399e+41   1.655392e+44   1.296840e+11   5429s
  626535   -1.2244478e+41   2.734192e+44   1.224448e+11   5434s
  626715   -1.1593208e+41   1.234075e+44   1.159321e+11   5440s
  626905   -1.1149957e+41   3.803255e+44   1.114996e+11   5446s
  627085   -1.0469423e+41   4.794984e+44   1.046942e+11   5451s
  627245   -9.1997893e+40   3.145740e+44   9.199789e+10   5457s
  627435   -8.8355135e+40   1.841700e+44   8.835514e+10   5462s
  627615   -8.4053146e+40   3.212082e+44   8.405315e+10   5468s
  627795   -7.6561212e+40   2.175647e+45   7.656121e+10   5473s
  627985   -7.3189088e+40   2.918505e+44   7.318909e+10   5479s
  628069   -6.8491419e+40   8.591715e+44   6.849142e+10   5482s
Warning: switch to quad precision
  628213   -6.3848362e+40   8.658342e+43   6.384836e+10   5491s
  628373   -5.9453147e+40   2.641712e+43   5.945315e+10   5498s
  628553   -5.7524165e+40   4.463784e+43   5.752416e+10   5504s
  628719   -5.6901458e+40   6.868748e+43   5.690146e+10   5512s
  628929   -5.6589857e+40   4.869069e+43   5.658986e+10   5520s
  629079   -5.2116055e+40   1.913960e+44   5.211606e+10   5528s
  629239   -4.8680229e+40   2.194600e+43   4.868023e+10   5536s
  629399   -4.7179160e+40   2.758608e+44   4.717916e+10   5543s
  629559   -4.6170433e+40   2.197047e+44   4.617043e+10   5551s
  629739   -4.5358144e+40   1.610228e+44   4.535814e+10   5560s
  629919   -4.4645316e+40   1.598755e+45   4.464532e+10   5568s
  630109   -4.2979490e+40   2.607717e+44   4.297949e+10   5576s
  630299   -4.1913002e+40   9.720619e+44   4.191300e+10   5584s
  630469   -4.0803267e+40   2.348309e+44   4.080327e+10   5592s
  630619   -3.9155738e+40   8.504395e+43   3.915574e+10   5600s
  630799   -3.8376482e+40   1.168254e+44   3.837648e+10   5608s
  630989   -3.7940111e+40   1.273991e+44   3.794011e+10   5616s
  631179   -3.7371374e+40   3.902431e+44   3.737137e+10   5625s
  631369   -3.6837071e+40   2.524781e+44   3.683707e+10   5633s
  631559   -3.6655070e+40   1.754742e+44   3.665507e+10   5641s
  631729   -3.6009737e+40   1.886437e+44   3.600974e+10   5649s
  631832   -3.5540571e+40   3.473254e+44   3.554057e+10   5655s
  632022   -3.5009589e+40   2.390554e+44   3.500959e+10   5663s
  632202   -3.4675879e+40   5.650734e+43   3.467588e+10   5671s
  632372   -3.4249120e+40   6.372977e+44   3.424912e+10   5679s
  632532   -3.3574297e+40   3.405265e+44   3.357430e+10   5687s
  632712   -3.3145082e+40   2.886734e+44   3.314508e+10   5696s
  632882   -3.2462104e+40   2.796529e+43   3.246210e+10   5704s
  633062   -3.2227608e+40   2.932920e+45   3.222761e+10   5712s
  633242   -3.2069213e+40   8.328577e+44   3.206921e+10   5721s
  633432   -3.1978136e+40   4.443315e+44   3.197814e+10   5729s
  633622   -3.1729304e+40   3.886880e+44   3.172930e+10   5738s
  633812   -3.1465738e+40   1.541905e+44   3.146574e+10   5747s
  634002   -3.1356002e+40   2.717201e+44   3.135600e+10   5756s
  634192   -3.1289721e+40   7.715337e+43   3.128972e+10   5765s
  634362   -3.1099224e+40   4.284820e+43   3.109922e+10   5773s
  634542   -3.0976213e+40   4.433042e+43   3.097621e+10   5782s
  634752   -3.0949434e+40   2.608649e+44   3.094943e+10   5791s
  634942   -3.0921403e+40   3.029706e+44   3.092140e+10   5799s
  635122   -3.0788348e+40   5.428876e+44   3.078835e+10   5808s
  635302   -3.0668421e+40   1.270979e+44   3.066842e+10   5816s
  635482   -3.0576041e+40   2.027524e+44   3.057604e+10   5825s
  635672   -3.0477219e+40   3.574074e+43   3.047722e+10   5834s
  635882   -3.0459166e+40   8.363278e+43   3.045917e+10   5843s
  636062   -3.0315363e+40   3.179586e+43   3.031536e+10   5851s
  636272   -3.0295734e+40   1.041341e+44   3.029573e+10   5861s
  636462   -3.0211829e+40   6.501673e+43   3.021183e+10   5870s
  636632   -2.9990946e+40   7.586913e+43   2.999095e+10   5878s
  636832   -2.9865685e+40   3.982983e+43   2.986568e+10   5887s
  636992   -2.9097054e+40   2.441791e+44   2.909705e+10   5896s
  637182   -2.8637305e+40   1.442760e+44   2.863731e+10   5905s
  637382   -2.8363313e+40   1.556063e+44   2.836331e+10   5914s
  637572   -2.8185237e+40   2.832907e+44   2.818524e+10   5923s
  637762   -2.7714116e+40   1.077412e+44   2.771412e+10   5932s
  637962   -2.7570631e+40   2.449283e+44   2.757063e+10   5941s
  638152   -2.7370986e+40   9.189768e+44   2.737099e+10   5950s
  638492   -2.7327619e+40   6.702646e+44   2.732762e+10   5959s
  638672   -2.7267833e+40   4.747583e+44   2.726783e+10   5968s
  638852   -2.7112449e+40   1.704080e+45   2.711245e+10   5976s
  639022   -2.7031762e+40   2.804919e+44   2.703176e+10   5985s
  639202   -2.6941775e+40   1.365350e+45   2.694178e+10   5994s
  639392   -2.6845223e+40   1.173561e+45   2.684522e+10   6003s
  639562   -2.6705714e+40   3.843258e+44   2.670571e+10   6012s
  639842   -2.6579011e+40   2.107538e+45   2.657901e+10   6021s
  640022   -2.6528672e+40   7.028761e+43   2.652867e+10   6030s
  640252   -2.6342832e+40   1.790311e+44   2.634283e+10   6040s
  640432   -2.6004478e+40   1.606405e+45   2.600448e+10   6049s
  640602   -2.5587729e+40   1.621025e+45   2.558773e+10   6058s
  640772   -2.5325004e+40   2.422212e+45   2.532500e+10   6067s
  640962   -2.5014084e+40   3.740736e+45   2.501408e+10   6075s
  641112   -2.4767071e+40   1.933447e+45   2.476707e+10   6084s
  641302   -2.4689858e+40   2.686403e+44   2.468986e+10   6093s
  641522   -2.4687313e+40   1.905093e+44   2.468731e+10   6101s
  641702   -2.4438446e+40   2.293118e+45   2.443845e+10   6110s
  641882   -2.4164158e+40   2.167291e+45   2.416416e+10   6120s
  642102   -2.4130603e+40   2.126127e+45   2.413060e+10   6129s
  642292   -2.3895385e+40   1.911923e+45   2.389539e+10   6138s
  642472   -2.3701319e+40   1.998712e+45   2.370132e+10   6147s
  642692   -2.3693676e+40   2.091767e+45   2.369368e+10   6156s
  642892   -2.3587133e+40   2.001978e+45   2.358713e+10   6165s
  643082   -2.3517707e+40   1.991578e+45   2.351771e+10   6174s
  643272   -2.3498177e+40   1.875366e+45   2.349818e+10   6183s
  643462   -2.3435125e+40   5.206209e+45   2.343512e+10   6192s
  643642   -2.3376855e+40   4.309046e+45   2.337686e+10   6201s
  643832   -2.3338239e+40   3.349898e+45   2.333824e+10   6210s
  644022   -2.3240439e+40   8.847752e+45   2.324044e+10   6219s
  644262   -2.3197259e+40   8.610566e+45   2.319726e+10   6228s
  644472   -2.3082323e+40   8.668307e+45   2.308232e+10   6237s
  644642   -2.2880400e+40   9.044464e+45   2.288040e+10   6246s
  644812   -2.2689572e+40   9.485640e+45   2.268957e+10   6255s
  644992   -2.2586544e+40   1.102138e+46   2.258654e+10   6264s
  645162   -2.2431116e+40   1.319959e+46   2.243112e+10   6272s
  645362   -2.2372942e+40   1.201431e+46   2.237294e+10   6281s
  645542   -2.2331528e+40   1.002530e+46   2.233153e+10   6290s
  645712   -2.2215298e+40   8.771059e+45   2.221530e+10   6299s
  645882   -2.2035851e+40   1.002079e+46   2.203585e+10   6308s
  646052   -2.1865909e+40   9.134559e+45   2.186591e+10   6317s
  646232   -2.1760884e+40   1.016373e+46   2.176088e+10   6326s
  646402   -2.1615201e+40   1.066073e+46   2.161520e+10   6335s
  646562   -2.1498285e+40   1.077407e+46   2.149829e+10   6344s
  646732   -2.1302765e+40   1.187546e+46   2.130277e+10   6352s
  646892   -2.0959978e+40   2.136323e+44   2.095998e+10   6361s
  647032   -2.0733201e+40   6.464824e+43   2.073320e+10   6370s
  647212   -2.0504745e+40   7.909521e+44   2.050474e+10   6379s
  647382   -2.0258499e+40   4.930256e+43   2.025850e+10   6389s
  647582   -2.0203805e+40   7.406249e+43   2.020381e+10   6398s
  647930   -2.0197384e+40   8.367813e+43   2.019738e+10   6406s
  648278   -2.0165993e+40   8.355718e+43   2.016599e+10   6415s
  648626   -2.0127580e+40   8.337790e+43   2.012758e+10   6423s
  648796   -1.9949443e+40   9.163310e+43   1.994944e+10   6433s
  649086   -1.9864598e+40   7.993173e+43   1.986460e+10   6443s
  649386   -1.9806881e+40   7.883739e+43   1.980688e+10   6452s
  649626   -1.9634142e+40   4.279523e+44   1.963414e+10   6462s
  649886   -1.8491923e+40   4.451710e+44   1.849192e+10   6471s
  650234   -1.5284043e+40   3.936568e+44   1.528404e+10   6478s
  650582   -1.5015834e+40   1.229047e+45   1.501583e+10   6486s
  650930   -1.4894829e+40   1.264021e+45   1.489483e+10   6494s
  651137   -1.3023373e+40   1.473379e+45   1.302337e+10   6503s
  651485   -1.0864950e+40   1.334526e+44   1.086495e+10   6511s
  651833   -1.0854228e+40   1.327422e+44   1.085423e+10   6519s
  652181   -1.0713229e+40   2.219656e+44   1.071323e+10   6527s
  652529   -1.0499849e+40   1.685907e+44   1.049985e+10   6536s
  652877   -1.0403341e+40   1.107772e+44   1.040334e+10   6543s
  653225   -9.9687832e+39   9.751738e+43   9.968783e+09   6552s
Warning: 1 variables dropped from basis
  653573    9.7861597e+04   0.000000e+00   1.252848e+08   6560s
  653703    9.7861597e+04   0.000000e+00   1.159108e+06   6567s
  653873    9.7861597e+04   0.000000e+00   3.254861e+05   6575s
  654013    9.7861597e+04   0.000000e+00   1.514959e+07   6583s
  654153    9.7861597e+04   0.000000e+00   1.521865e+07   6592s
  654293    9.7861596e+04   0.000000e+00   2.254358e+07   6600s
  654443    9.7861596e+04   0.000000e+00   4.208987e+06   6609s
  654603    9.7861595e+04   0.000000e+00   2.720272e+07   6618s
  654753    9.7861595e+04   0.000000e+00   3.121490e+06   6627s
  654903    9.7861594e+04   0.000000e+00   3.163458e+06   6636s
  655063    9.7861594e+04   0.000000e+00   7.986420e+06   6646s
  655223    9.7861593e+04   0.000000e+00   3.922091e+07   6655s
  655383    9.7861592e+04   0.000000e+00   4.402203e+07   6665s
  655543    9.7861592e+04   0.000000e+00   9.111863e+06   6674s
  655703    9.7861591e+04   0.000000e+00   4.798172e+06   6684s
  655863    9.7861591e+04   0.000000e+00   1.856365e+07   6694s
  656023    9.7861590e+04   0.000000e+00   1.372069e+07   6703s
  656183    9.7861589e+04   0.000000e+00   1.097647e+07   6713s
  656343    9.7861588e+04   0.000000e+00   1.604104e+07   6723s
  656503    9.7861587e+04   0.000000e+00   1.197951e+07   6732s
  656663    9.7861585e+04   0.000000e+00   4.124938e+07   6741s
  656823    9.7861584e+04   0.000000e+00   5.462990e+07   6751s
  656983    9.7861583e+04   0.000000e+00   3.800897e+06   6761s
  657143    9.7861581e+04   0.000000e+00   5.320889e+07   6770s
  657303    9.7861579e+04   0.000000e+00   1.771389e+07   6779s
  657463    9.7861577e+04   0.000000e+00   5.144433e+07   6789s
  657623    9.7861575e+04   0.000000e+00   5.679727e+07   6799s
  657783    9.7861572e+04   0.000000e+00   1.554193e+07   6808s
  657943    9.7861570e+04   0.000000e+00   7.985209e+07   6817s
  658103    9.7861568e+04   0.000000e+00   6.029284e+07   6827s
  658243    9.7861566e+04   0.000000e+00   3.616064e+08   6835s
  658383    9.7861561e+04   0.000000e+00   2.082661e+08   6844s
  658543    9.7861559e+04   0.000000e+00   2.887782e+07   6853s
  658663    9.7861558e+04   0.000000e+00   2.344328e+07   6857s
  658803    9.7861554e+04   0.000000e+00   6.921743e+07   6866s
  658953    9.7861552e+04   0.000000e+00   1.774863e+08   6875s
  659113    9.7861548e+04   0.000000e+00   2.225238e+08   6884s
  659273    9.7861544e+04   0.000000e+00   5.850662e+07   6894s
  659433    9.7861540e+04   0.000000e+00   1.333144e+09   6903s
  659593    9.7861535e+04   0.000000e+00   3.953134e+06   6912s
  659753    9.7861520e+04   0.000000e+00   2.723687e+07   6922s
  659923    9.7861511e+04   0.000000e+00   9.622093e+06   6931s
  660103    9.7861508e+04   0.000000e+00   2.331614e+06   6942s
  660273    9.7861507e+04   0.000000e+00   8.380934e+06   6951s
  660453    9.7861505e+04   1.000291e-06   3.895734e+09   6962s
  660623    9.7861503e+04   0.000000e+00   5.828941e+06   6971s
  660723    9.7861503e+04   0.000000e+00   1.112946e+07   6977s
  660903    9.7861501e+04   0.000000e+00   1.847334e+06   6987s
  661063    9.7861500e+04   0.000000e+00   4.432642e+06   6996s
  661253    9.7861498e+04   0.000000e+00   2.889042e+06   7006s
  661433    9.7861496e+04   0.000000e+00   8.764006e+06   7016s
  661603    9.7861495e+04   0.000000e+00   6.141235e+06   7025s
  661773    9.7861493e+04   0.000000e+00   1.494537e+07   7035s
  661953    9.7861491e+04   0.000000e+00   7.119333e+06   7045s
  662133    9.7861490e+04   0.000000e+00   2.137825e+07   7057s
  662293    9.7861488e+04   0.000000e+00   5.376866e+07   7067s
  662463    9.7861486e+04   0.000000e+00   9.225252e+06   7077s
  662633    9.7861485e+04   0.000000e+00   1.117062e+07   7086s
  662793    9.7861483e+04   0.000000e+00   9.413731e+06   7096s
  662953    9.7861482e+04   0.000000e+00   6.843793e+06   7105s
  663113    9.7861480e+04   0.000000e+00   2.244213e+07   7115s
  663293    9.7861478e+04   0.000000e+00   4.402095e+06   7125s
  663463    9.7861476e+04   1.000220e-06   1.383815e+10   7135s
  663623    9.7861473e+04   0.000000e+00   7.140379e+06   7144s
  663783    9.7861471e+04   0.000000e+00   4.924918e+07   7153s
  663933    9.7861469e+04   0.000000e+00   5.206665e+07   7162s
  664083    9.7861466e+04   0.000000e+00   2.330596e+07   7171s
  664233    9.7861465e+04   0.000000e+00   1.843344e+08   7180s
  664383    9.7861463e+04   0.000000e+00   1.347742e+07   7189s
  664533    9.7861461e+04   0.000000e+00   6.090089e+07   7198s
  664693    9.7861459e+04   0.000000e+00   6.315563e+07   7207s
  664853    9.7861455e+04   0.000000e+00   2.468827e+07   7216s
  665003    9.7861453e+04   0.000000e+00   4.279942e+06   7225s
  665163    9.7861447e+04   0.000000e+00   2.975742e+06   7235s
  665343    9.7861443e+04   0.000000e+00   7.945868e+06   7245s
  665513    9.7861436e+04   0.000000e+00   1.220442e+07   7255s
  665673    9.7861429e+04   0.000000e+00   4.115189e+07   7264s
  665833    9.7861423e+04   0.000000e+00   1.101317e+07   7273s
  665993    9.7861417e+04   0.000000e+00   7.205286e+07   7283s
  666163    9.7861408e+04   0.000000e+00   1.215635e+07   7292s
  666333    9.7861399e+04   0.000000e+00   1.248498e+07   7302s
  666503    9.7861391e+04   0.000000e+00   1.741476e+07   7312s
  666663    9.7861381e+04   0.000000e+00   7.129514e+07   7321s
  666823    9.7861375e+04   0.000000e+00   2.535161e+07   7330s
  666983    9.7861369e+04   0.000000e+00   1.311440e+08   7340s
  667143    9.7861365e+04   0.000000e+00   3.067771e+07   7349s
  667303    9.7861352e+04   0.000000e+00   3.911807e+07   7358s
  667483    9.7861346e+04   0.000000e+00   1.295489e+08   7367s
  667643    9.7861338e+04   0.000000e+00   5.597543e+08   7377s
  667803    9.7861328e+04   0.000000e+00   2.432445e+07   7386s
  667963    9.7861310e+04   0.000000e+00   2.079959e+07   7395s
  668153    9.7861304e+04   0.000000e+00   1.351008e+08   7405s
  668313    9.7861296e+04   1.000027e-06   1.448182e+09   7414s
  668473    9.7861286e+04   0.000000e+00   1.494737e+07   7423s
  668643    9.7861276e+04   0.000000e+00   5.787736e+07   7433s
  668813    9.7861268e+04   0.000000e+00   5.937055e+07   7442s
  668973    9.7861261e+04   0.000000e+00   4.005562e+07   7452s
  669133    9.7861252e+04   0.000000e+00   1.391993e+08   7461s
  669293    9.7861241e+04   0.000000e+00   2.710481e+07   7471s
  669453    9.7861230e+04   0.000000e+00   4.016771e+07   7480s
  669603    9.7861220e+04   0.000000e+00   3.402362e+08   7489s
  669753    9.7861200e+04   0.000000e+00   4.603100e+07   7498s
  669903    9.7861187e+04   0.000000e+00   2.312574e+08   7507s
  670063    9.7861180e+04   0.000000e+00   1.157724e+07   7516s
  670223    9.7861176e+04   0.000000e+00   5.044805e+07   7525s
  670383    9.7861173e+04   0.000000e+00   2.747704e+07   7534s
  670543    9.7861172e+04   0.000000e+00   2.503521e+07   7543s
  670703    9.7861168e+04   0.000000e+00   2.758860e+07   7552s
  670853    9.7861166e+04   0.000000e+00   2.518593e+07   7561s
  671003    9.7861163e+04   0.000000e+00   8.629844e+06   7569s
  671163    9.7861160e+04   0.000000e+00   1.661429e+06   7578s
  671323    9.7861157e+04   0.000000e+00   1.977727e+06   7587s
  671483    9.7861154e+04   0.000000e+00   2.909212e+06   7596s
  671643    9.7861151e+04   0.000000e+00   5.611763e+06   7605s
  671803    9.7861146e+04   0.000000e+00   3.748582e+06   7614s
  671953    9.7861143e+04   0.000000e+00   1.099439e+07   7623s
  672113    9.7861141e+04   0.000000e+00   4.425828e+06   7632s
  672273    9.7861137e+04   0.000000e+00   2.464503e+07   7641s
  672433    9.7861134e+04   0.000000e+00   8.055460e+06   7650s
  672593    9.7861133e+04   0.000000e+00   6.915182e+06   7659s
  672763    9.7861130e+04   0.000000e+00   2.956740e+07   7668s
  672923    9.7861128e+04   0.000000e+00   7.198152e+07   7676s
  673083    9.7861123e+04   0.000000e+00   3.639043e+06   7685s
  673243    9.7861121e+04   0.000000e+00   7.519407e+07   7694s
  673403    9.7861115e+04   0.000000e+00   1.486538e+08   7703s
  673573    9.7861110e+04   0.000000e+00   2.058696e+07   7712s
  673743    9.7861109e+04   0.000000e+00   2.075783e+08   7721s
  673893    9.7861105e+04   1.615115e-05   9.686844e+13   7730s
  674033    9.7861101e+04   0.000000e+00   3.810107e+08   7738s
  674193    9.7861096e+04   0.000000e+00   6.559535e+08   7747s
  674353    9.7861087e+04   0.000000e+00   5.776392e+08   7756s
  674513    9.7861079e+04   0.000000e+00   1.501264e+09   7766s
  674683    9.7861073e+04   0.000000e+00   6.146944e+08   7774s
  674833    9.7861068e+04   0.000000e+00   4.065215e+09   7783s
  674983    9.7861062e+04   0.000000e+00   1.440184e+09   7792s
  675143    9.7861048e+04   0.000000e+00   1.901409e+09   7801s
  675413    9.7861031e+04   0.000000e+00   9.386655e+06   7813s
  675553    9.7861006e+04   0.000000e+00   5.477942e+06   7821s
  675713    9.7860982e+04   0.000000e+00   1.987720e+07   7830s
  675883    9.7860959e+04   0.000000e+00   1.979379e+07   7840s
  676043    9.7860926e+04   0.000000e+00   4.351697e+06   7849s
  676203    9.7860910e+04   0.000000e+00   3.738913e+07   7858s
  676363    9.7860891e+04   0.000000e+00   8.814848e+07   7867s
  676523    9.7860867e+04   0.000000e+00   1.727528e+07   7875s
  676683    9.7860850e+04   0.000000e+00   1.652683e+07   7884s
  676843    9.7860821e+04   0.000000e+00   1.925420e+08   7893s
  676983    9.7860796e+04   0.000000e+00   6.629249e+07   7901s
  677143    9.7860776e+04   0.000000e+00   8.847630e+07   7910s
  677303    9.7860758e+04   0.000000e+00   1.514208e+08   7919s
  677453    9.7860743e+04   0.000000e+00   4.463593e+07   7928s
  677613    9.7860722e+04   0.000000e+00   3.361418e+07   7937s
  677773    9.7860708e+04   0.000000e+00   3.872564e+08   7946s
  677923    9.7860679e+04   0.000000e+00   6.280625e+08   7955s
  678083    9.7860647e+04   0.000000e+00   4.310453e+08   7964s
  678253    9.7860629e+04   0.000000e+00   4.571689e+07   7973s
  678413    9.7860603e+04   0.000000e+00   2.877929e+08   7982s
  678563    9.7860583e+04   0.000000e+00   3.431629e+07   7990s
  678713    9.7860545e+04   0.000000e+00   2.011659e+07   7999s
  678873    9.7860530e+04   0.000000e+00   1.515766e+07   8007s
  679023    9.7860517e+04   0.000000e+00   5.751704e+06   8016s
  679183    9.7860488e+04   0.000000e+00   3.850511e+07   8025s
  679343    9.7860470e+04   0.000000e+00   3.640765e+07   8034s
  679503    9.7860448e+04   0.000000e+00   1.039383e+08   8044s
  679673    9.7860414e+04   0.000000e+00   2.068322e+08   8054s
  679833    9.7860374e+04   0.000000e+00   9.939134e+07   8063s
  679993    9.7860342e+04   0.000000e+00   2.441408e+08   8072s
  680143    9.7860321e+04   0.000000e+00   6.708092e+07   8081s
  680303    9.7860303e+04   0.000000e+00   1.435819e+09   8090s
  680463    9.7860286e+04   0.000000e+00   1.864360e+07   8098s
  680563    9.7860274e+04   0.000000e+00   6.749825e+07   8103s
  680723    9.7860232e+04   0.000000e+00   2.754563e+08   8112s
  680883    9.7860188e+04   0.000000e+00   1.053525e+08   8121s
  681033    9.7860149e+04   0.000000e+00   2.183617e+08   8130s
  681183    9.7860123e+04   0.000000e+00   1.338303e+08   8139s
  681333    9.7860093e+04   0.000000e+00   3.433418e+08   8147s
  681493    9.7860059e+04   0.000000e+00   1.469211e+08   8157s
  681653    9.7860034e+04   0.000000e+00   5.565855e+07   8165s
  681813    9.7860002e+04   0.000000e+00   1.453284e+08   8174s
  681983    9.7859983e+04   0.000000e+00   4.468762e+08   8183s
  682133    9.7859951e+04   0.000000e+00   8.256786e+08   8192s
  682293    9.7859899e+04   0.000000e+00   6.222757e+06   8201s
  682453    9.7859859e+04   0.000000e+00   3.753259e+07   8210s
  682623    9.7859836e+04   0.000000e+00   2.536598e+07   8219s
  682793    9.7859816e+04   0.000000e+00   8.261046e+06   8228s
  682953    9.7859793e+04   0.000000e+00   3.369550e+07   8237s
  683113    9.7859766e+04   0.000000e+00   1.525313e+07   8246s
  683273    9.7859760e+04   0.000000e+00   5.775187e+06   8255s
  683443    9.7859755e+04   0.000000e+00   7.234374e+06   8264s
  683603    9.7859750e+04   0.000000e+00   5.028105e+07   8273s
  683773    9.7859745e+04   0.000000e+00   3.016289e+07   8282s
  683933    9.7859739e+04   0.000000e+00   3.269748e+06   8291s
  684093    9.7859735e+04   0.000000e+00   1.151549e+08   8300s
  684253    9.7859730e+04   1.002329e-06   2.953630e+11   8309s
  684413    9.7859726e+04   0.000000e+00   4.354909e+06   8318s
  684573    9.7859721e+04   0.000000e+00   3.797916e+06   8327s
  684723    9.7859715e+04   0.000000e+00   4.309297e+06   8335s
  684983    9.7859709e+04   0.000000e+00   4.011176e+07   8348s
  685143    9.7859702e+04   0.000000e+00   4.822739e+06   8357s
  685283    9.7859693e+04   0.000000e+00   1.902340e+07   8365s
  685433    9.7859678e+04   0.000000e+00   1.605123e+06   8373s
  685583    9.7859671e+04   0.000000e+00   2.017928e+06   8382s
  685723    9.7859666e+04   0.000000e+00   2.164607e+07   8390s
  685883    9.7859663e+04   0.000000e+00   1.258925e+07   8398s
  686033    9.7859656e+04   0.000000e+00   1.783682e+07   8407s
  686193    9.7859649e+04   0.000000e+00   1.227880e+07   8416s
  686353    9.7859645e+04   0.000000e+00   1.832645e+07   8425s
  686523    9.7859639e+04   0.000000e+00   1.477935e+07   8434s
  686693    9.7859635e+04   0.000000e+00   4.098121e+07   8443s
  686863    9.7859632e+04   0.000000e+00   4.936511e+07   8452s
  687023    9.7859628e+04   0.000000e+00   1.637574e+07   8461s
  687183    9.7859625e+04   0.000000e+00   9.690379e+06   8470s
  687333    9.7859620e+04   0.000000e+00   1.326802e+07   8478s
  687483    9.7859613e+04   0.000000e+00   2.134607e+06   8487s
  687643    9.7859608e+04   0.000000e+00   3.160242e+06   8495s
  687803    9.7859604e+04   0.000000e+00   1.176722e+06   8504s
  687963    9.7859602e+04   0.000000e+00   1.081781e+06   8513s
  688133    9.7859598e+04   0.000000e+00   3.906119e+06   8522s
  688293    9.7859594e+04   0.000000e+00   1.094207e+07   8531s
  688463    9.7859590e+04   0.000000e+00   5.865484e+06   8540s
  688623    9.7859587e+04   0.000000e+00   3.978779e+06   8549s
  688793    9.7859585e+04   0.000000e+00   9.742935e+06   8558s
  688953    9.7859580e+04   0.000000e+00   3.823151e+06   8567s
  689113    9.7859573e+04   0.000000e+00   6.751091e+06   8575s
  689273    9.7859564e+04   0.000000e+00   4.828996e+06   8584s
  689443    9.7859558e+04   0.000000e+00   4.919748e+06   8593s
  689613    9.7859551e+04   0.000000e+00   6.694334e+06   8602s
  689763    9.7859546e+04   0.000000e+00   1.895445e+07   8610s
  689933    9.7859539e+04   0.000000e+00   7.672374e+07   8619s
  690093    9.7859532e+04   0.000000e+00   1.914822e+07   8627s
  690253    9.7859524e+04   0.000000e+00   1.823019e+07   8636s
  690423    9.7859518e+04   0.000000e+00   1.378677e+08   8644s
  690593    9.7859505e+04   0.000000e+00   3.470733e+07   8652s
  690763    9.7859494e+04   0.000000e+00   4.149494e+07   8661s
  690923    9.7859476e+04   0.000000e+00   3.310355e+07   8669s
  691093    9.7859466e+04   0.000000e+00   7.287139e+07   8677s
  691263    9.7859451e+04   0.000000e+00   2.230394e+08   8685s
  691433    9.7859432e+04   0.000000e+00   6.892589e+07   8693s
  691603    9.7859411e+04   0.000000e+00   6.930759e+07   8701s
  691723    9.7859406e+04   0.000000e+00   4.862226e+07   8705s
  691963    9.7859340e+04   0.000000e+00   3.100130e+07   8717s
  692113    9.7859284e+04   0.000000e+00   1.345903e+07   8726s
  692273    9.7859236e+04   0.000000e+00   7.167466e+06   8734s
  692453    9.7859225e+04   0.000000e+00   7.698668e+05   8743s
  692613    9.7859221e+04   0.000000e+00   5.274380e+05   8751s
  692783    9.7859217e+04   0.000000e+00   8.316116e+05   8760s
  692933    9.7859213e+04   0.000000e+00   1.536024e+07   8768s
  693103    9.7859209e+04   0.000000e+00   3.784418e+07   8776s
  693273    9.7859205e+04   0.000000e+00   4.519197e+07   8785s
  693433    9.7859199e+04   0.000000e+00   6.292931e+06   8794s
  693593    9.7859193e+04   0.000000e+00   3.191806e+07   8802s
  693753    9.7859185e+04   0.000000e+00   9.063125e+06   8811s
  693913    9.7859177e+04   0.000000e+00   7.473079e+06   8819s
  694073    9.7859165e+04   0.000000e+00   1.438679e+07   8827s
  694233    9.7859158e+04   0.000000e+00   6.605092e+06   8836s
  694393    9.7859149e+04   0.000000e+00   1.547968e+07   8844s
  694553    9.7859141e+04   0.000000e+00   4.023223e+07   8852s
  694663    9.7859139e+04   0.000000e+00   2.790899e+07   8856s
  694833    9.7859126e+04   0.000000e+00   5.756746e+07   8865s
  694993    9.7859119e+04   0.000000e+00   1.520268e+07   8873s
  695153    9.7859111e+04   0.000000e+00   2.994706e+07   8882s
  695313    9.7859104e+04   0.000000e+00   2.507074e+08   8890s
  695473    9.7859095e+04   0.000000e+00   4.661182e+07   8898s
  695633    9.7859085e+04   0.000000e+00   1.826583e+08   8906s
  695803    9.7859071e+04   0.000000e+00   4.830036e+08   8915s
  695983    9.7859052e+04   0.000000e+00   8.399450e+07   8923s
  696153    9.7859037e+04   0.000000e+00   5.284892e+08   8932s
  696253    9.7859030e+04   0.000000e+00   2.911991e+08   8936s
  696403    9.7859011e+04   0.000000e+00   5.516094e+06   8944s
  696553    9.7859003e+04   0.000000e+00   9.642886e+06   8953s
  696713    9.7858995e+04   0.000000e+00   3.750644e+06   8961s
  696873    9.7858988e+04   0.000000e+00   8.494984e+06   8970s
  697033    9.7858981e+04   0.000000e+00   1.093098e+07   8978s
  697203    9.7858975e+04   0.000000e+00   1.874285e+07   8987s
  697363    9.7858963e+04   0.000000e+00   9.027915e+06   8996s
  697523    9.7858954e+04   0.000000e+00   1.464652e+07   9004s
  697693    9.7858941e+04   0.000000e+00   1.907730e+07   9013s
  697853    9.7858926e+04   0.000000e+00   6.814431e+07   9021s
  698013    9.7858916e+04   0.000000e+00   2.819571e+07   9029s
  698183    9.7858906e+04   0.000000e+00   3.545858e+07   9038s
  698343    9.7858893e+04   0.000000e+00   2.756208e+08   9046s
  698523    9.7858877e+04   0.000000e+00   4.022736e+08   9055s
  698693    9.7858860e+04   0.000000e+00   4.371990e+08   9063s
  698843    9.7858851e+04   0.000000e+00   4.899557e+07   9071s
  699013    9.7858836e+04   0.000000e+00   6.875988e+07   9079s
  699193    9.7858817e+04   0.000000e+00   4.747550e+08   9088s
  699373    9.7858774e+04   0.000000e+00   5.792869e+07   9096s
  699483    9.7858746e+04   0.000000e+00   4.328480e+08   9100s
  699663    9.7858723e+04   0.000000e+00   2.573898e+08   9109s
  699853    9.7858703e+04   0.000000e+00   1.265089e+08   9117s
  700023    9.7858695e+04   0.000000e+00   1.061394e+08   9125s
  700193    9.7858680e+04   0.000000e+00   4.516492e+07   9133s
  700343    9.7858618e+04   0.000000e+00   1.526929e+08   9141s
  700503    9.7858580e+04   0.000000e+00   4.298966e+06   9149s
  700673    9.7858570e+04   0.000000e+00   3.122779e+06   9157s
  700833    9.7858565e+04   0.000000e+00   6.740100e+06   9166s
  700993    9.7858560e+04   0.000000e+00   1.786054e+06   9174s
  701093    9.7858559e+04   0.000000e+00   3.278798e+06   9178s
  701253    9.7858552e+04   0.000000e+00   3.824552e+06   9186s
  701413    9.7858548e+04   0.000000e+00   4.720043e+07   9195s
  701583    9.7858544e+04   0.000000e+00   1.024935e+08   9203s
  701743    9.7858539e+04   0.000000e+00   1.841534e+08   9211s
  701913    9.7858529e+04   0.000000e+00   3.620005e+07   9220s
  702083    9.7858521e+04   0.000000e+00   1.159186e+08   9228s
  702253    9.7858514e+04   0.000000e+00   1.323890e+08   9236s
  702413    9.7858507e+04   0.000000e+00   1.157729e+07   9244s
  702573    9.7858503e+04   0.000000e+00   2.034673e+07   9252s
  702743    9.7858497e+04   0.000000e+00   8.675824e+07   9261s
  702913    9.7858486e+04   0.000000e+00   1.685354e+08   9269s
  703113    9.7858477e+04   0.000000e+00   7.195255e+07   9277s
  703303    9.7858464e+04   0.000000e+00   2.613111e+08   9285s
  703523    9.7858451e+04   0.000000e+00   6.048276e+07   9294s
  703623    9.7858443e+04   0.000000e+00   5.764801e+08   9298s
  703783    9.7858426e+04   0.000000e+00   5.380464e+08   9306s
  703963    9.7858409e+04   0.000000e+00   1.115238e+09   9314s
  704073    9.7858400e+04   0.000000e+00   6.952270e+08   9318s
  704243    9.7858394e+04   0.000000e+00   2.633346e+08   9326s
  704343    9.7858389e+04   0.000000e+00   3.143285e+08   9330s
  704633    9.7858365e+04   0.000000e+00   2.910061e+08   9342s
  704813    9.7858344e+04   0.000000e+00   8.422191e+08   9350s
  704913    9.7858335e+04   0.000000e+00   3.312707e+06   9354s
  705063    9.7858327e+04   0.000000e+00   8.919390e+06   9362s
  705233    9.7858305e+04   0.000000e+00   1.319900e+07   9371s
  705373    9.7858293e+04   0.000000e+00   6.270701e+07   9379s
  705533    9.7858287e+04   0.000000e+00   1.343729e+07   9388s
  705693    9.7858278e+04   0.000000e+00   4.692335e+06   9396s
  705853    9.7858268e+04   0.000000e+00   1.106372e+07   9404s
  706003    9.7858260e+04   0.000000e+00   9.722334e+06   9413s
  706163    9.7858252e+04   0.000000e+00   1.925177e+07   9421s
  706323    9.7858245e+04   0.000000e+00   6.972830e+06   9430s
  706483    9.7858238e+04   0.000000e+00   4.686086e+06   9438s
  706653    9.7858228e+04   0.000000e+00   6.408516e+06   9446s
  706813    9.7858219e+04   0.000000e+00   1.158141e+07   9455s
  706963    9.7858208e+04   0.000000e+00   1.916384e+07   9463s
  707133    9.7858196e+04   0.000000e+00   4.175145e+06   9471s
  707303    9.7858192e+04   0.000000e+00   1.687696e+07   9479s
  707473    9.7858188e+04   0.000000e+00   1.893080e+07   9487s
  707633    9.7858185e+04   0.000000e+00   1.521016e+07   9495s
  707803    9.7858180e+04   0.000000e+00   3.750852e+07   9503s
  707963    9.7858174e+04   0.000000e+00   2.593264e+07   9511s
  708133    9.7858170e+04   0.000000e+00   8.706340e+07   9519s
  708313    9.7858167e+04   0.000000e+00   9.383174e+06   9527s
  708483    9.7858163e+04   0.000000e+00   1.154320e+08   9535s
  708633    9.7858159e+04   0.000000e+00   3.755605e+06   9543s
  708803    9.7858155e+04   0.000000e+00   2.345455e+06   9551s
  708963    9.7858151e+04   0.000000e+00   1.015391e+06   9559s
  709123    9.7858146e+04   0.000000e+00   3.659724e+06   9568s
  709273    9.7858142e+04   0.000000e+00   9.123324e+06   9576s
  709433    9.7858136e+04   0.000000e+00   8.618657e+06   9584s
  709573    9.7858127e+04   0.000000e+00   2.572675e+07   9592s
  709723    9.7858121e+04   0.000000e+00   2.797871e+07   9599s
  709883    9.7858107e+04   0.000000e+00   1.611224e+07   9607s
  710053    9.7858102e+04   0.000000e+00   2.662867e+07   9615s
  710213    9.7858097e+04   0.000000e+00   4.648617e+06   9623s
  710373    9.7858094e+04   0.000000e+00   4.931588e+06   9631s
  710523    9.7858087e+04   0.000000e+00   7.544675e+05   9639s
  710683    9.7858083e+04   0.000000e+00   5.814598e+06   9647s
  710833    9.7858080e+04   0.000000e+00   4.730925e+06   9655s
  710983    9.7858077e+04   0.000000e+00   4.868527e+06   9663s
  711143    9.7858072e+04   0.000000e+00   7.444873e+06   9671s
  711303    9.7858065e+04   0.000000e+00   5.333142e+06   9679s
  711463    9.7858063e+04   0.000000e+00   3.956264e+06   9687s
  711623    9.7858061e+04   0.000000e+00   7.854070e+06   9695s
  711813    9.7858057e+04   0.000000e+00   1.575424e+06   9703s
  711983    9.7858053e+04   0.000000e+00   2.041541e+06   9712s
  712143    9.7858050e+04   0.000000e+00   1.159761e+07   9720s
  712313    9.7858046e+04   0.000000e+00   3.920114e+06   9728s
  712473    9.7858041e+04   0.000000e+00   3.077230e+07   9736s
  712633    9.7858036e+04   0.000000e+00   1.221955e+06   9744s
  712793    9.7858033e+04   0.000000e+00   7.023850e+04   9752s
  712963    9.7858032e+04   0.000000e+00   6.648130e+06   9761s
  713123    9.7858031e+04   0.000000e+00   5.948044e+05   9769s
  713283    9.7858030e+04   0.000000e+00   1.926743e+06   9777s
  713453    9.7858027e+04   0.000000e+00   2.550198e+07   9786s
  713603    9.7858025e+04   0.000000e+00   1.110945e+07   9793s
  713763    9.7858024e+04   0.000000e+00   2.406551e+06   9802s
  713923    9.7858022e+04   0.000000e+00   1.000062e+06   9810s
  714093    9.7858019e+04   0.000000e+00   5.658366e+05   9818s
  714263    9.7858015e+04   0.000000e+00   6.956667e+05   9826s
  714443    9.7858013e+04   0.000000e+00   3.711323e+06   9834s
  714623    9.7858011e+04   0.000000e+00   6.165663e+05   9842s
  714803    9.7858009e+04   0.000000e+00   4.662331e+05   9850s
  714963    9.7858007e+04   0.000000e+00   4.801684e+05   9858s
  715123    9.7858006e+04   0.000000e+00   3.278449e+06   9866s
  715283    9.7858004e+04   0.000000e+00   1.581770e+07   9874s
  715433    9.7858001e+04   0.000000e+00   9.949709e+08   9882s
  715593    9.7857999e+04   0.000000e+00   1.169403e+08   9890s
  715763    9.7857995e+04   0.000000e+00   1.443765e+07   9898s
  715933    9.7857990e+04   0.000000e+00   1.093666e+08   9906s
  716103    9.7857985e+04   0.000000e+00   2.182709e+08   9914s
  716283    9.7857980e+04   0.000000e+00   2.553831e+08   9921s
  716383    9.7857976e+04   0.000000e+00   2.211099e+08   9925s
  716563    9.7857973e+04   0.000000e+00   2.178030e+07   9934s
  716733    9.7857966e+04   0.000000e+00   5.801346e+07   9942s
  716913    9.7857960e+04   0.000000e+00   1.165754e+08   9950s
  717073    9.7857955e+04   0.000000e+00   3.016673e+06   9957s
  717223    9.7857945e+04   0.000000e+00   4.917783e+06   9965s
  717383    9.7857935e+04   0.000000e+00   1.143694e+07   9973s
  717543    9.7857932e+04   0.000000e+00   1.777216e+05   9981s
  717703    9.7857929e+04   1.000264e-06   3.313614e+09   9989s
  717853    9.7857925e+04   0.000000e+00   1.857623e+06   9997s
  718023    9.7857922e+04   0.000000e+00   4.678051e+05  10005s
  718183    9.7857919e+04   0.000000e+00   2.718042e+06  10013s
  718343    9.7857918e+04   0.000000e+00   1.487077e+08  10020s
  718503    9.7857915e+04   0.000000e+00   8.741908e+05  10028s
  718623    9.7857914e+04   0.000000e+00   1.099217e+06  10032s
  718793    9.7857913e+04   0.000000e+00   1.194372e+07  10040s
  718973    9.7857911e+04   0.000000e+00   1.999376e+06  10048s
  719143    9.7857910e+04   0.000000e+00   6.373696e+06  10056s
  719323    9.7857908e+04   0.000000e+00   5.812936e+06  10063s
  719423    9.7857907e+04   0.000000e+00   2.982389e+06  10067s
  719523    9.7857907e+04   0.000000e+00   7.223352e+06  10071s
  719623    9.7857907e+04   0.000000e+00   3.401608e+06  10075s
  719793    9.7857905e+04   0.000000e+00   1.893856e+06  10083s
  719953    9.7857902e+04   0.000000e+00   3.700375e+06  10091s
  720133    9.7857898e+04   0.000000e+00   5.497088e+07  10100s
  720303    9.7857892e+04   0.000000e+00   7.291304e+07  10108s
  720403    9.7857889e+04   0.000000e+00   3.955022e+07  10112s
  720563    9.7857882e+04   0.000000e+00   2.224173e+07  10120s
  720743    9.7857877e+04   0.000000e+00   1.192127e+08  10127s
  720923    9.7857866e+04   0.000000e+00   7.091954e+07  10135s
  721103    9.7857851e+04   0.000000e+00   4.981526e+08  10143s
  721263    9.7857839e+04   0.000000e+00   6.286833e+07  10151s
  721373    9.7857835e+04   0.000000e+00   1.744578e+08  10155s
  721583    9.7857821e+04   0.000000e+00   5.142884e+06  10163s
  721743    9.7857798e+04   0.000000e+00   3.895032e+05  10171s
  721913    9.7857788e+04   0.000000e+00   3.204586e+05  10180s
  722073    9.7857782e+04   0.000000e+00   8.925636e+06  10188s
  722233    9.7857778e+04   0.000000e+00   6.050987e+06  10195s
  722393    9.7857773e+04   0.000000e+00   1.068940e+06  10203s
  722553    9.7857772e+04   0.000000e+00   3.136319e+06  10211s
  722693    9.7857769e+04   0.000000e+00   1.284325e+06  10219s
  722863    9.7857766e+04   0.000000e+00   1.433810e+06  10227s
  723033    9.7857761e+04   0.000000e+00   2.865999e+06  10235s
  723203    9.7857759e+04   0.000000e+00   2.595252e+06  10243s
  723353    9.7857757e+04   0.000000e+00   1.072858e+07  10251s
  723523    9.7857755e+04   0.000000e+00   1.573477e+07  10259s
  723673    9.7857753e+04   0.000000e+00   8.864000e+07  10268s
  723833    9.7857747e+04   0.000000e+00   1.588522e+07  10276s
  723993    9.7857741e+04   0.000000e+00   2.968386e+07  10284s
  724153    9.7857736e+04   0.000000e+00   1.546276e+08  10291s
  724313    9.7857728e+04   0.000000e+00   1.606444e+08  10299s
  724473    9.7857718e+04   0.000000e+00   7.666505e+07  10308s
  724633    9.7857712e+04   0.000000e+00   2.027450e+08  10316s
  724803    9.7857692e+04   0.000000e+00   7.515509e+07  10324s
  724903    9.7857687e+04   0.000000e+00   1.601379e+08  10328s
  725013    9.7857679e+04   0.000000e+00   4.561030e+08  10332s
  725183    9.7857665e+04   0.000000e+00   1.189434e+08  10340s
  725353    9.7857658e+04   0.000000e+00   5.060269e+07  10348s
  725523    9.7857651e+04   0.000000e+00   1.532614e+08  10356s
  725693    9.7857640e+04   0.000000e+00   7.673476e+07  10364s
  725853    9.7857634e+04   0.000000e+00   8.633195e+07  10372s
  725953    9.7857631e+04   0.000000e+00   6.609683e+07  10376s
  726153    9.7857622e+04   0.000000e+00   9.018468e+07  10384s
  726303    9.7857609e+04   0.000000e+00   3.055670e+06  10391s
  726453    9.7857598e+04   0.000000e+00   1.897308e+06  10399s
  726603    9.7857591e+04   0.000000e+00   6.879642e+06  10407s
  726763    9.7857585e+04   0.000000e+00   8.916338e+06  10415s
  726913    9.7857577e+04   0.000000e+00   8.396241e+06  10423s
  727073    9.7857565e+04   0.000000e+00   2.577615e+07  10431s
  727243    9.7857557e+04   0.000000e+00   5.218571e+06  10439s
  727403    9.7857552e+04   0.000000e+00   8.627232e+06  10448s
  727563    9.7857547e+04   0.000000e+00   1.365990e+07  10456s
  727703    9.7857542e+04   0.000000e+00   4.227159e+06  10464s
  727863    9.7857538e+04   0.000000e+00   3.855486e+07  10472s
  728013    9.7857532e+04   0.000000e+00   3.513880e+07  10480s
  728173    9.7857525e+04   0.000000e+00   9.595889e+06  10488s
  728333    9.7857521e+04   0.000000e+00   6.285583e+07  10496s
  728493    9.7857516e+04   0.000000e+00   8.540111e+06  10504s
  728663    9.7857513e+04   0.000000e+00   3.164393e+06  10512s
  728813    9.7857511e+04   0.000000e+00   1.319406e+07  10520s
  728973    9.7857508e+04   0.000000e+00   2.357075e+06  10528s
  729133    9.7857506e+04   0.000000e+00   7.529000e+06  10536s
  729293    9.7857502e+04   0.000000e+00   5.916199e+06  10544s
  729443    9.7857497e+04   0.000000e+00   7.849451e+06  10552s
  729623    9.7857491e+04   0.000000e+00   1.381064e+08  10560s
  729783    9.7857476e+04   0.000000e+00   3.716769e+05  10568s
  729933    9.7857459e+04   0.000000e+00   2.307832e+07  10576s
  730083    9.7857448e+04   0.000000e+00   2.155652e+06  10584s
  730233    9.7857440e+04   0.000000e+00   5.380079e+05  10591s
  730393    9.7857437e+04   0.000000e+00   2.896882e+06  10600s
  730573    9.7857433e+04   0.000000e+00   2.107339e+06  10607s
  730733    9.7857431e+04   0.000000e+00   6.391764e+05  10616s
  730893    9.7857428e+04   0.000000e+00   8.798664e+05  10624s
  731053    9.7857424e+04   0.000000e+00   4.298055e+06  10632s
  731203    9.7857419e+04   0.000000e+00   1.473789e+07  10639s
  731363    9.7857415e+04   0.000000e+00   4.166401e+07  10648s
  731523    9.7857410e+04   0.000000e+00   5.730212e+07  10655s
  731693    9.7857403e+04   0.000000e+00   2.308559e+07  10664s
  731853    9.7857394e+04   0.000000e+00   5.121566e+06  10672s
  732003    9.7857386e+04   0.000000e+00   1.533737e+07  10679s
  732183    9.7857384e+04   0.000000e+00   1.027597e+07  10687s
  732283    9.7857381e+04   0.000000e+00   6.564048e+06  10691s
  732463    9.7857377e+04   0.000000e+00   4.839169e+06  10699s
  732653    9.7857371e+04   0.000000e+00   3.118037e+07  10707s
  732823    9.7857364e+04   0.000000e+00   7.255908e+04  10714s
  732983    9.7857359e+04   0.000000e+00   9.046178e+05  10722s
  733153    9.7857355e+04   0.000000e+00   1.791078e+06  10729s
  733313    9.7857352e+04   0.000000e+00   6.900284e+05  10737s
  733473    9.7857351e+04   0.000000e+00   7.555786e+05  10745s
  733633    9.7857348e+04   0.000000e+00   4.460784e+06  10753s
  733793    9.7857345e+04   0.000000e+00   5.609124e+06  10760s
  733963    9.7857342e+04   0.000000e+00   5.539212e+06  10768s
  734133    9.7857340e+04   0.000000e+00   8.048705e+06  10776s
  734293    9.7857338e+04   0.000000e+00   2.307429e+06  10784s
  734473    9.7857335e+04   0.000000e+00   2.608601e+06  10792s
  734583    9.7857333e+04   0.000000e+00   1.809994e+07  10796s
  734763    9.7857330e+04   0.000000e+00   1.531673e+07  10804s
  734933    9.7857325e+04   0.000000e+00   1.308758e+07  10812s
  735113    9.7857320e+04   0.000000e+00   1.522926e+07  10819s
  735283    9.7857314e+04   0.000000e+00   2.026379e+06  10827s
  735443    9.7857310e+04   0.000000e+00   1.844121e+07  10835s
  735613    9.7857306e+04   0.000000e+00   8.467881e+06  10842s
  735783    9.7857302e+04   0.000000e+00   5.931340e+06  10850s
  735953    9.7857297e+04   0.000000e+00   9.041052e+04  10858s
  736113    9.7857294e+04   0.000000e+00   1.724991e+05  10866s
  736273    9.7857292e+04   0.000000e+00   8.640871e+04  10874s
  736433    9.7857291e+04   0.000000e+00   2.442536e+06  10882s
  736583    9.7857289e+04   0.000000e+00   1.998131e+07  10890s
  736753    9.7857288e+04   0.000000e+00   1.946499e+06  10898s
  736913    9.7857286e+04   0.000000e+00   3.857587e+06  10906s
  737083    9.7857282e+04   0.000000e+00   3.156741e+05  10914s
  737263    9.7857279e+04   0.000000e+00   2.614955e+06  10922s
  737373    9.7857277e+04   0.000000e+00   1.553754e+06  10926s
  737553    9.7857274e+04   0.000000e+00   1.340752e+06  10934s
  737733    9.7857272e+04   0.000000e+00   1.834089e+07  10941s
  737933    9.7857264e+04   0.000000e+00   3.744838e+07  10949s
  738033    9.7857260e+04   0.000000e+00   5.114551e+07  10953s
  738223    9.7857254e+04   0.000000e+00   2.058025e+07  10961s
  738463    9.7857244e+04   0.000000e+00   2.935047e+07  10969s
  738643    9.7857229e+04   0.000000e+00   1.632363e+07  10977s
  738813    9.7857222e+04   0.000000e+00   1.297994e+08  10984s
  739003    9.7857215e+04   0.000000e+00   4.291251e+07  10992s
  739183    9.7857208e+04   0.000000e+00   8.467685e+07  11000s
  739363    9.7857202e+04   0.000000e+00   2.749291e+07  11007s
  739543    9.7857190e+04   0.000000e+00   5.940792e+08  11015s
  739663    9.7857187e+04   0.000000e+00   2.458634e+08  11019s
  739873    9.7857173e+04   0.000000e+00   1.301945e+08  11026s
  739993    9.7857160e+04   0.000000e+00   9.881944e+07  11030s
  740213    9.7857125e+04   0.000000e+00   8.786842e+07  11038s
  740323    9.7857119e+04   0.000000e+00   1.971361e+08  11042s
  740423    9.7857110e+04   0.000000e+00   5.442012e+07  11046s
  740593    9.7857094e+04   0.000000e+00   1.590464e+06  11053s
  740743    9.7857069e+04   0.000000e+00   3.551871e+07  11061s
  740893    9.7857039e+04   0.000000e+00   2.683581e+07  11068s
  741043    9.7857033e+04   0.000000e+00   2.015860e+06  11076s
  741203    9.7857027e+04   0.000000e+00   8.049870e+06  11084s
  741363    9.7857017e+04   0.000000e+00   3.315027e+07  11092s
  741553    9.7857005e+04   0.000000e+00   1.153665e+06  11100s
  741843    9.7856987e+04   0.000000e+00   8.057507e+07  11112s
  742023    9.7856976e+04   0.000000e+00   5.909979e+06  11120s
  742143    9.7856972e+04   0.000000e+00   1.446044e+08  11124s
  742263    9.7856968e+04   0.000000e+00   1.275788e+08  11127s
  742423    9.7856948e+04   0.000000e+00   8.619083e+04  11135s
  742583    9.7856945e+04   0.000000e+00   1.822280e+05  11143s
  742733    9.7856943e+04   0.000000e+00   1.107368e+07  11151s
  742883    9.7856942e+04   0.000000e+00   3.577579e+05  11159s
  743033    9.7856939e+04   0.000000e+00   7.003306e+05  11167s
  743213    9.7856938e+04   0.000000e+00   3.786012e+05  11174s
  743353    9.7856937e+04   0.000000e+00   1.794991e+06  11182s
  743493    9.7856936e+04   0.000000e+00   2.891713e+06  11189s
  743633    9.7856935e+04   0.000000e+00   5.136111e+05  11197s
  743793    9.7856933e+04   0.000000e+00   1.811679e+05  11205s
  743953    9.7856932e+04   0.000000e+00   1.030398e+05  11213s
  744123    9.7856930e+04   0.000000e+00   8.893304e+05  11220s
  744293    9.7856928e+04   0.000000e+00   5.404534e+06  11228s
  744473    9.7856926e+04   0.000000e+00   1.320116e+06  11236s
  744643    9.7856924e+04   0.000000e+00   9.781454e+05  11244s
  744813    9.7856922e+04   0.000000e+00   5.175215e+06  11252s
  744983    9.7856919e+04   0.000000e+00   4.864950e+06  11260s
  745163    9.7856914e+04   0.000000e+00   9.503071e+06  11268s
  745343    9.7856908e+04   0.000000e+00   5.878332e+06  11276s
  745533    9.7856903e+04   0.000000e+00   1.260915e+07  11284s
  745633    9.7856897e+04   0.000000e+00   6.706693e+07  11288s
  745843    9.7856891e+04   0.000000e+00   1.354483e+08  11296s
  746053    9.7856880e+04   0.000000e+00   1.284364e+07  11304s
  746223    9.7856874e+04   0.000000e+00   1.830422e+07  11311s
  746403    9.7856869e+04   0.000000e+00   6.451728e+06  11319s
  746503    9.7856867e+04   0.000000e+00   1.318593e+07  11324s
  746603    9.7856865e+04   0.000000e+00   3.591582e+07  11328s
  746823    9.7856859e+04   0.000000e+00   1.273064e+07  11336s
  747003    9.7856849e+04   0.000000e+00   7.547103e+06  11343s
  747103    9.7856846e+04   0.000000e+00   1.973274e+07  11347s
  747293    9.7856842e+04   0.000000e+00   1.171719e+08  11355s
  747453    9.7856828e+04   0.000000e+00   2.107283e+07  11363s
  747623    9.7856820e+04   0.000000e+00   2.981277e+07  11371s
  747833    9.7856808e+04   0.000000e+00   4.048129e+07  11379s
  747933    9.7856803e+04   1.000000e-06   6.303258e+08  11383s
  748033    9.7856793e+04   0.000000e+00   6.399036e+07  11387s
  748163    9.7856784e+04   0.000000e+00   1.922909e+07  11391s
  748353    9.7856769e+04   0.000000e+00   2.303133e+08  11398s
  748463    9.7856747e+04   0.000000e+00   8.880734e+07  11402s
  748643    9.7856721e+04   0.000000e+00   7.557216e+07  11410s
  748823    9.7856697e+04   0.000000e+00   4.094791e+07  11418s
  748983    9.7856669e+04   0.000000e+00   6.329002e+06  11426s
  749143    9.7856652e+04   0.000000e+00   2.732747e+06  11433s
  749303    9.7856638e+04   0.000000e+00   1.780131e+07  11441s
  749463    9.7856628e+04   0.000000e+00   1.996142e+07  11449s
  749623    9.7856621e+04   0.000000e+00   9.092583e+06  11457s
  749773    9.7856612e+04   0.000000e+00   9.367931e+06  11464s
  749923    9.7856595e+04   0.000000e+00   3.342205e+07  11472s
  750093    9.7856584e+04   0.000000e+00   1.085246e+07  11480s
  750253    9.7856579e+04   0.000000e+00   1.530251e+07  11488s
  750433    9.7856574e+04   0.000000e+00   3.469678e+07  11496s
  750623    9.7856559e+04   0.000000e+00   1.735361e+07  11504s
  750803    9.7856546e+04   0.000000e+00   1.942483e+07  11512s
  750963    9.7856535e+04   1.000168e-06   4.386640e+09  11520s
  751133    9.7856524e+04   0.000000e+00   8.730645e+06  11528s
  751293    9.7856518e+04   0.000000e+00   2.870802e+07  11536s
  751453    9.7856512e+04   0.000000e+00   4.535632e+06  11544s
  751633    9.7856506e+04   0.000000e+00   5.920369e+06  11552s
  751793    9.7856495e+04   0.000000e+00   6.542404e+05  11559s
  751953    9.7856479e+04   0.000000e+00   6.481781e+06  11567s
  752113    9.7856460e+04   0.000000e+00   2.248186e+07  11575s
  752283    9.7856442e+04   0.000000e+00   8.833471e+06  11583s
  752453    9.7856432e+04   0.000000e+00   4.216409e+06  11591s
  752643    9.7856420e+04   0.000000e+00   6.001426e+06  11600s
  752813    9.7856409e+04   0.000000e+00   2.668172e+06  11608s
  752983    9.7856397e+04   0.000000e+00   1.246758e+07  11617s
  753143    9.7856385e+04   0.000000e+00   7.749837e+06  11624s
  753313    9.7856372e+04   0.000000e+00   4.183853e+07  11633s
  753473    9.7856360e+04   0.000000e+00   2.974024e+06  11641s
  753643    9.7856350e+04   0.000000e+00   2.008243e+07  11650s
  753803    9.7856337e+04   0.000000e+00   5.368152e+06  11658s
  753963    9.7856328e+04   0.000000e+00   2.823484e+06  11666s
  754123    9.7856319e+04   0.000000e+00   1.607824e+06  11674s
  754303    9.7856312e+04   0.000000e+00   7.343577e+05  11682s
  754473    9.7856304e+04   0.000000e+00   1.010839e+06  11691s
  754643    9.7856302e+04   0.000000e+00   1.713695e+06  11699s
  754813    9.7856299e+04   0.000000e+00   3.365223e+06  11707s
  754983    9.7856295e+04   0.000000e+00   1.749103e+06  11715s
  755153    9.7856293e+04   0.000000e+00   7.808751e+05  11723s
  755313    9.7856291e+04   0.000000e+00   1.749052e+06  11731s
  755473    9.7856289e+04   0.000000e+00   2.945960e+05  11739s
  755623    9.7856287e+04   0.000000e+00   6.991745e+05  11747s
  755773    9.7856283e+04   0.000000e+00   4.796825e+06  11755s
  755933    9.7856279e+04   0.000000e+00   4.920988e+06  11762s
  756103    9.7856273e+04   0.000000e+00   4.389050e+07  11770s
  756263    9.7856270e+04   0.000000e+00   4.168266e+06  11778s
  756413    9.7856266e+04   0.000000e+00   2.991335e+06  11785s
  756583    9.7856261e+04   0.000000e+00   1.632355e+06  11793s
  756773    9.7856256e+04   0.000000e+00   6.883956e+06  11800s
  756983    9.7856241e+04   0.000000e+00   6.484386e+06  11808s
  757103    9.7856239e+04   0.000000e+00   1.243621e+07  11812s
  757283    9.7856230e+04   0.000000e+00   2.034079e+07  11820s
  757443    9.7856223e+04   0.000000e+00   2.092886e+07  11827s
  757583    9.7856222e+04   0.000000e+00   1.672529e+07  11831s
  757763    9.7856215e+04   0.000000e+00   5.535780e+06  11839s
  757873    9.7856213e+04   0.000000e+00   1.076001e+07  11843s
  757973    9.7856210e+04   0.000000e+00   1.660411e+07  11847s
  758073    9.7856206e+04   0.000000e+00   3.010293e+06  11851s
  758283    9.7856203e+04   0.000000e+00   1.017489e+07  11859s
  758463    9.7856191e+04   0.000000e+00   6.892904e+06  11867s
  758643    9.7856177e+04   0.000000e+00   1.114889e+06  11874s
  758803    9.7856166e+04   0.000000e+00   1.322396e+05  11882s
  758973    9.7856160e+04   0.000000e+00   1.240560e+06  11890s
  759133    9.7856155e+04   0.000000e+00   1.401170e+06  11898s
  759293    9.7856149e+04   0.000000e+00   2.657593e+05  11906s
  759473    9.7856145e+04   0.000000e+00   1.014826e+08  11914s
  759643    9.7856141e+04   0.000000e+00   1.394141e+07  11922s
  759823    9.7856137e+04   0.000000e+00   6.314935e+06  11930s
  759973    9.7856134e+04   0.000000e+00   3.697276e+06  11937s
  760123    9.7856131e+04   0.000000e+00   2.016220e+06  11945s
  760273    9.7856128e+04   0.000000e+00   5.486585e+06  11953s
  760433    9.7856122e+04   0.000000e+00   1.761407e+07  11961s
  760593    9.7856118e+04   0.000000e+00   1.167521e+07  11968s
  760733    9.7856112e+04   0.000000e+00   1.075258e+05  11976s
  760893    9.7856108e+04   0.000000e+00   8.651444e+04  11984s
  761063    9.7856105e+04   0.000000e+00   1.809576e+06  11993s
  761223    9.7856099e+04   0.000000e+00   1.095192e+07  12001s
  761373    9.7856092e+04   0.000000e+00   4.934260e+05  12009s
  761543    9.7856090e+04   0.000000e+00   1.305951e+06  12017s
  761713    9.7856088e+04   1.001105e-06   1.149864e+11  12025s
  761873    9.7856085e+04   0.000000e+00   6.882942e+04  12033s
  762033    9.7856082e+04   0.000000e+00   7.842685e+04  12041s
  762193    9.7856081e+04   0.000000e+00   4.596972e+04  12049s
  762353    9.7856079e+04   0.000000e+00   1.400984e+06  12057s
  762533    9.7856077e+04   0.000000e+00   1.991007e+06  12065s
  762693    9.7856076e+04   0.000000e+00   2.362221e+06  12073s
  762853    9.7856073e+04   0.000000e+00   2.342593e+06  12081s
  763013    9.7856070e+04   0.000000e+00   5.248482e+05  12089s
  763173    9.7856067e+04   0.000000e+00   2.047218e+06  12097s
  763333    9.7856065e+04   0.000000e+00   1.263410e+06  12104s
  763513    9.7856058e+04   0.000000e+00   1.303954e+07  12112s
  763613    9.7856053e+04   0.000000e+00   1.151239e+07  12116s
  763783    9.7856046e+04   0.000000e+00   4.525493e+07  12123s
  763953    9.7856036e+04   0.000000e+00   4.840030e+06  12131s
  764243    9.7856024e+04   0.000000e+00   8.577816e+06  12143s
  764413    9.7856015e+04   0.000000e+00   2.485979e+06  12150s
  764613    9.7856008e+04   0.000000e+00   6.597550e+06  12158s
  764783    9.7856003e+04   0.000000e+00   3.042815e+06  12166s
  764983    9.7855991e+04   0.000000e+00   2.516130e+07  12173s
  765093    9.7855984e+04   0.000000e+00   2.231154e+08  12177s
  765273    9.7855971e+04   0.000000e+00   4.237974e+07  12185s
  765573    9.7855960e+04   0.000000e+00   9.409617e+06  12197s
  765753    9.7855949e+04   0.000000e+00   7.784739e+06  12205s
  765923    9.7855938e+04   0.000000e+00   1.662051e+07  12213s
  766103    9.7855928e+04   0.000000e+00   7.916380e+06  12220s
  766313    9.7855899e+04   0.000000e+00   9.684109e+07  12228s
  766413    9.7855882e+04   0.000000e+00   2.423132e+07  12232s
  766513    9.7855870e+04   0.000000e+00   8.809589e+06  12236s
  766693    9.7855856e+04   0.000000e+00   5.901811e+07  12244s
  766893    9.7855838e+04   0.000000e+00   5.400355e+07  12252s
  767013    9.7855811e+04   0.000000e+00   2.197402e+07  12256s
  767243    9.7855769e+04   0.000000e+00   7.622518e+07  12264s
  767433    9.7855733e+04   0.000000e+00   1.298026e+08  12271s
  767613    9.7855712e+04   0.000000e+00   5.847537e+06  12279s
  767763    9.7855692e+04   0.000000e+00   5.756163e+06  12287s
  767913    9.7855670e+04   0.000000e+00   2.180711e+08  12294s
  768063    9.7855645e+04   0.000000e+00   3.909500e+06  12302s
  768213    9.7855636e+04   0.000000e+00   2.512269e+06  12310s
  768373    9.7855628e+04   0.000000e+00   1.097981e+07  12318s
  768533    9.7855616e+04   0.000000e+00   9.152771e+06  12326s
  768693    9.7855605e+04   0.000000e+00   1.342736e+07  12334s
  768853    9.7855594e+04   0.000000e+00   1.199909e+07  12342s
  769033    9.7855581e+04   0.000000e+00   8.682068e+06  12350s
  769213    9.7855571e+04   0.000000e+00   3.889442e+07  12358s
  769393    9.7855560e+04   0.000000e+00   3.656564e+08  12366s
  769573    9.7855543e+04   0.000000e+00   3.818536e+07  12374s
  769743    9.7855527e+04   0.000000e+00   2.777149e+05  12381s
  769903    9.7855523e+04   0.000000e+00   1.035348e+06  12389s
  770073    9.7855520e+04   0.000000e+00   7.316158e+05  12398s
  770233    9.7855515e+04   0.000000e+00   7.324585e+05  12405s
  770393    9.7855509e+04   0.000000e+00   2.076445e+06  12413s
  770563    9.7855503e+04   0.000000e+00   2.531108e+06  12420s
  770833    9.7855498e+04   0.000000e+00   1.324014e+06  12432s
  770993    9.7855493e+04   0.000000e+00   3.106488e+06  12440s
  771163    9.7855483e+04   0.000000e+00   3.042864e+06  12448s
  771353    9.7855470e+04   0.000000e+00   1.217424e+06  12456s
  771533    9.7855458e+04   0.000000e+00   1.134721e+07  12464s
  771633    9.7855451e+04   0.000000e+00   1.131402e+06  12468s
  771733    9.7855448e+04   0.000000e+00   1.751046e+06  12472s
  771833    9.7855446e+04   0.000000e+00   1.972341e+06  12476s
  772003    9.7855442e+04   0.000000e+00   1.401699e+06  12484s
  772213    9.7855433e+04   0.000000e+00   2.329473e+07  12492s
  772393    9.7855418e+04   0.000000e+00   3.305276e+07  12501s
  772673    9.7855391e+04   0.000000e+00   5.390153e+07  12513s
  772773    9.7855334e+04   0.000000e+00   1.184372e+08  12517s
  772943    9.7855299e+04   0.000000e+00   1.074526e+07  12524s
  773043    9.7855286e+04   0.000000e+00   3.670528e+06  12529s
  773143    9.7855272e+04   0.000000e+00   2.006158e+07  12532s
  773253    9.7855268e+04   0.000000e+00   6.643635e+06  12536s
  773373    9.7855253e+04   0.000000e+00   2.598550e+08  12540s
  773513    9.7855234e+04   0.000000e+00   3.255789e+05  12548s
  773673    9.7855227e+04   0.000000e+00   1.165868e+05  12556s
  773833    9.7855216e+04   0.000000e+00   2.048394e+06  12563s
  773933    9.7855202e+04   0.000000e+00   6.098638e+06  12567s
  774113    9.7855190e+04   0.000000e+00   4.548676e+06  12576s
  774313    9.7855169e+04   0.000000e+00   1.605305e+07  12584s
  774423    9.7855150e+04   0.000000e+00   3.376317e+06  12588s
  774533    9.7855144e+04   0.000000e+00   2.186415e+06  12592s
  774643    9.7855125e+04   0.000000e+00   4.347311e+07  12596s
  774843    9.7855111e+04   0.000000e+00   6.224529e+06  12604s
  774953    9.7855100e+04   0.000000e+00   4.656554e+06  12608s
  775073    9.7855088e+04   0.000000e+00   1.150128e+08  12611s
  775183    9.7855079e+04   0.000000e+00   4.409775e+06  12615s
  775413    9.7855068e+04   0.000000e+00   2.174600e+06  12623s
  775523    9.7855061e+04   0.000000e+00   1.511490e+08  12627s
  775623    9.7855048e+04   0.000000e+00   4.834864e+07  12631s
  775873    9.7855025e+04   0.000000e+00   1.296006e+08  12639s
  775983    9.7855005e+04   0.000000e+00   2.820928e+08  12643s
  776183    9.7854989e+04   0.000000e+00   6.933997e+06  12651s
  776303    9.7854985e+04   0.000000e+00   4.645918e+06  12655s
  776523    9.7854963e+04   0.000000e+00   3.952171e+08  12663s
  776693    9.7854912e+04   0.000000e+00   1.430902e+05  12671s
  776853    9.7854898e+04   0.000000e+00   1.116751e+07  12678s
  777013    9.7854882e+04   0.000000e+00   3.705622e+06  12686s
  777163    9.7854868e+04   0.000000e+00   8.606422e+05  12694s
  777323    9.7854858e+04   0.000000e+00   8.231867e+05  12701s
  777493    9.7854853e+04   0.000000e+00   2.923493e+07  12709s
  777603    9.7854850e+04   0.000000e+00   3.829300e+05  12713s
  777783    9.7854845e+04   0.000000e+00   2.554543e+06  12721s
  777963    9.7854840e+04   0.000000e+00   8.264872e+06  12729s
  778143    9.7854836e+04   0.000000e+00   6.864293e+06  12737s
  778343    9.7854832e+04   0.000000e+00   7.506888e+05  12744s
  778443    9.7854830e+04   0.000000e+00   1.100815e+07  12748s
  778623    9.7854824e+04   0.000000e+00   1.083039e+06  12756s
  778823    9.7854815e+04   0.000000e+00   2.495002e+06  12764s
  779003    9.7854804e+04   0.000000e+00   2.774580e+07  12772s
  779133    9.7854800e+04   0.000000e+00   2.131083e+07  12775s
  779383    9.7854785e+04   0.000000e+00   1.532909e+06  12784s
  779493    9.7854779e+04   0.000000e+00   1.025640e+07  12788s
  779603    9.7854766e+04   0.000000e+00   3.167730e+06  12792s
  779713    9.7854754e+04   0.000000e+00   1.871042e+07  12796s
  779913    9.7854746e+04   0.000000e+00   2.114170e+06  12803s
  780053    9.7854738e+04   0.000000e+00   6.467256e+06  12807s
  780163    9.7854729e+04   0.000000e+00   1.031531e+08  12811s
  780333    9.7854707e+04   0.000000e+00   7.851411e+04  12819s
  780433    9.7854695e+04   0.000000e+00   9.878102e+06  12823s
  780603    9.7854684e+04   0.000000e+00   1.050676e+07  12831s
  780793    9.7854673e+04   0.000000e+00   2.586072e+06  12839s
  780963    9.7854665e+04   0.000000e+00   1.480056e+06  12847s
  781133    9.7854660e+04   0.000000e+00   1.282984e+08  12854s
  781313    9.7854654e+04   0.000000e+00   4.101641e+07  12862s
  781483    9.7854645e+04   0.000000e+00   6.254495e+07  12869s
  781683    9.7854632e+04   0.000000e+00   2.371725e+07  12877s
  781783    9.7854624e+04   0.000000e+00   8.818122e+07  12881s
  781963    9.7854618e+04   0.000000e+00   3.852805e+08  12888s
  782073    9.7854605e+04   0.000000e+00   3.035250e+07  12892s
  782173    9.7854600e+04   0.000000e+00   2.740247e+07  12896s
  782373    9.7854585e+04   0.000000e+00   1.495001e+08  12904s
  782483    9.7854579e+04   0.000000e+00   8.268319e+07  12908s
  782593    9.7854557e+04   0.000000e+00   7.049212e+07  12912s
  782703    9.7854532e+04   0.000000e+00   3.769900e+08  12915s
  782913    9.7854508e+04   0.000000e+00   4.885320e+08  12923s
  783013    9.7854502e+04   0.000000e+00   1.926725e+08  12927s
  783123    9.7854487e+04   0.000000e+00   1.122950e+08  12931s
  783373    9.7854457e+04   0.000000e+00   1.044242e+09  12939s
  783473    9.7854409e+04   0.000000e+00   6.345416e+07  12943s
  783633    9.7854354e+04   0.000000e+00   2.961575e+05  12950s
  783893    9.7854296e+04   0.000000e+00   1.514608e+06  12962s
  784053    9.7854276e+04   0.000000e+00   8.289303e+05  12970s
  784203    9.7854256e+04   0.000000e+00   1.230507e+06  12977s
  784373    9.7854233e+04   0.000000e+00   1.347038e+06  12985s
  784533    9.7854214e+04   0.000000e+00   1.065513e+06  12993s
  784693    9.7854202e+04   0.000000e+00   9.795949e+05  13000s
  784873    9.7854191e+04   0.000000e+00   3.229019e+06  13008s
  785053    9.7854188e+04   0.000000e+00   1.943815e+06  13015s
  785233    9.7854183e+04   0.000000e+00   4.418289e+06  13023s
  785393    9.7854177e+04   0.000000e+00   4.656253e+06  13031s
  785563    9.7854170e+04   0.000000e+00   2.545526e+06  13038s
  785673    9.7854166e+04   0.000000e+00   7.717486e+06  13043s
  785863    9.7854150e+04   0.000000e+00   2.562789e+06  13050s
  785963    9.7854142e+04   0.000000e+00   6.893809e+06  13054s
  786163    9.7854134e+04   0.000000e+00   2.289639e+06  13061s
  786263    9.7854130e+04   0.000000e+00   1.956260e+07  13065s
  786553    9.7854123e+04   0.000000e+00   1.260165e+06  13076s
  786653    9.7854119e+04   0.000000e+00   7.727834e+06  13080s
  786973    9.7854097e+04   0.000000e+00   1.809210e+07  13092s
  787083    9.7854087e+04   0.000000e+00   5.239822e+07  13096s
  787313    9.7854055e+04   0.000000e+00   1.841044e+08  13104s
  787433    9.7854031e+04   0.000000e+00   2.902540e+08  13107s
  787553    9.7854015e+04   0.000000e+00   1.749050e+08  13111s
  787653    9.7854006e+04   0.000000e+00   7.854016e+08  13115s
  788003    9.7853965e+04   0.000000e+00   1.433666e+08  13127s
  788163    9.7853938e+04   0.000000e+00   1.647752e+05  13134s
  788323    9.7853933e+04   0.000000e+00   7.085017e+05  13142s
  788483    9.7853930e+04   0.000000e+00   2.161130e+05  13149s
  788653    9.7853925e+04   0.000000e+00   5.734796e+05  13157s
  788813    9.7853918e+04   0.000000e+00   1.361159e+06  13164s
  788983    9.7853913e+04   0.000000e+00   3.381186e+06  13172s
  789193    9.7853905e+04   0.000000e+00   1.206212e+07  13180s
  789293    9.7853899e+04   0.000000e+00   1.075922e+07  13184s
  789393    9.7853893e+04   0.000000e+00   9.060436e+06  13188s
  789573    9.7853883e+04   0.000000e+00   3.126878e+06  13196s
  789763    9.7853869e+04   0.000000e+00   1.007520e+07  13203s
  789873    9.7853859e+04   0.000000e+00   3.014036e+07  13207s
  790053    9.7853846e+04   0.000000e+00   1.050548e+07  13214s
  790163    9.7853844e+04   0.000000e+00   5.287580e+06  13218s
  790323    9.7853838e+04   0.000000e+00   2.192504e+08  13226s
  790503    9.7853827e+04   0.000000e+00   2.359780e+06  13234s
  790603    9.7853826e+04   0.000000e+00   1.438348e+05  13237s
  790763    9.7853821e+04   0.000000e+00   1.128156e+05  13245s
  790943    9.7853818e+04   0.000000e+00   3.965576e+06  13253s
  791103    9.7853814e+04   0.000000e+00   1.443110e+06  13260s
  791273    9.7853810e+04   0.000000e+00   1.542416e+06  13268s
  791443    9.7853804e+04   0.000000e+00   2.247693e+06  13276s
  791613    9.7853799e+04   0.000000e+00   4.040237e+06  13284s
  791713    9.7853796e+04   0.000000e+00   3.211060e+06  13287s
  791813    9.7853790e+04   0.000000e+00   7.990179e+06  13291s
  791923    9.7853782e+04   0.000000e+00   6.842242e+06  13295s
  792113    9.7853775e+04   0.000000e+00   1.285723e+06  13303s
  792223    9.7853773e+04   0.000000e+00   3.446879e+06  13306s
  792403    9.7853767e+04   0.000000e+00   1.197363e+06  13314s
  792513    9.7853766e+04   0.000000e+00   1.003212e+06  13317s
  792643    9.7853760e+04   0.000000e+00   2.497618e+06  13321s
  792833    9.7853730e+04   0.000000e+00   1.227661e+07  13329s
  792963    9.7853702e+04   0.000000e+00   1.127064e+07  13332s
  793073    9.7853665e+04   0.000000e+00   4.178768e+07  13336s
  793333    9.7853571e+04   0.000000e+00   1.725520e+08  13344s
  793453    9.7853518e+04   0.000000e+00   7.675558e+07  13347s
  793563    9.7853493e+04   0.000000e+00   1.858332e+08  13351s
  793833    9.7853432e+04   0.000000e+00   7.055823e+05  13362s
  794013    9.7853404e+04   0.000000e+00   7.725991e+05  13370s
  794193    9.7853382e+04   0.000000e+00   8.777115e+05  13377s
  794363    9.7853356e+04   0.000000e+00   2.539109e+05  13385s
  794533    9.7853334e+04   0.000000e+00   1.499513e+06  13393s
  794703    9.7853322e+04   0.000000e+00   4.622110e+06  13400s
  794883    9.7853296e+04   0.000000e+00   2.655046e+07  13408s
  795063    9.7853275e+04   0.000000e+00   5.697713e+07  13415s
  795253    9.7853258e+04   0.000000e+00   2.180392e+07  13423s
  795353    9.7853244e+04   0.000000e+00   3.621553e+06  13427s
  795453    9.7853230e+04   1.901580e-06   3.515580e+13  13431s
  795663    9.7853193e+04   0.000000e+00   1.435312e+07  13438s
  795783    9.7853161e+04   0.000000e+00   6.503213e+07  13442s
  795893    9.7853148e+04   0.000000e+00   2.864684e+07  13446s
  796123    9.7853120e+04   0.000000e+00   4.066621e+05  13454s
  796283    9.7853110e+04   0.000000e+00   5.520068e+04  13461s
  796443    9.7853107e+04   0.000000e+00   6.864626e+04  13468s
  796623    9.7853103e+04   0.000000e+00   7.371084e+05  13476s
  796803    9.7853099e+04   0.000000e+00   9.580591e+05  13484s
  797003    9.7853095e+04   0.000000e+00   1.090046e+05  13491s
  797203    9.7853088e+04   0.000000e+00   2.936169e+06  13499s
  797303    9.7853086e+04   0.000000e+00   4.309279e+05  13503s
  797403    9.7853085e+04   0.000000e+00   1.637084e+05  13507s
  797503    9.7853083e+04   0.000000e+00   8.798244e+05  13510s
  797683    9.7853079e+04   0.000000e+00   8.999461e+06  13518s
  797863    9.7853073e+04   0.000000e+00   3.612000e+06  13526s
  798133    9.7853060e+04   0.000000e+00   1.164524e+08  13533s
  798253    9.7853053e+04   0.000000e+00   5.634212e+07  13537s
  798363    9.7853047e+04   0.000000e+00   3.003549e+08  13541s
  798563    9.7853036e+04   0.000000e+00   2.099409e+07  13549s
  798673    9.7853029e+04   0.000000e+00   1.063187e+07  13552s
  798873    9.7853012e+04   0.000000e+00   9.690293e+06  13560s
  799103    9.7853002e+04   0.000000e+00   6.628479e+07  13567s
  799213    9.7852993e+04   0.000000e+00   5.933162e+06  13571s
  799443    9.7852972e+04   0.000000e+00   7.398037e+06  13579s
  799583    9.7852962e+04   0.000000e+00   9.434194e+06  13583s
  799693    9.7852957e+04   0.000000e+00   2.674661e+06  13587s
  799793    9.7852941e+04   0.000000e+00   1.067039e+07  13590s
  800013    9.7852892e+04   0.000000e+00   2.471973e+07  13598s
  800113    9.7852870e+04   0.000000e+00   1.959924e+08  13602s
  800233    9.7852857e+04   0.000000e+00   7.476801e+06  13605s
  800483    9.7852837e+04   0.000000e+00   3.409711e+07  13613s
  800593    9.7852827e+04   0.000000e+00   3.750884e+07  13617s
  800713    9.7852804e+04   0.000000e+00   4.687321e+07  13620s
  801003    9.7852739e+04   0.000000e+00   1.288885e+06  13632s
  801103    9.7852726e+04   0.000000e+00   1.127465e+06  13635s
  801273    9.7852712e+04   0.000000e+00   8.001005e+06  13643s
  801453    9.7852701e+04   0.000000e+00   1.901304e+07  13650s
  801633    9.7852694e+04   0.000000e+00   7.620847e+06  13658s
  801733    9.7852693e+04   0.000000e+00   1.148440e+06  13662s
  801893    9.7852689e+04   0.000000e+00   8.881911e+04  13669s
  801993    9.7852686e+04   0.000000e+00   4.974277e+05  13673s
  802093    9.7852684e+04   0.000000e+00   7.031672e+05  13677s
  802193    9.7852682e+04   0.000000e+00   1.395207e+06  13681s
  802363    9.7852677e+04   0.000000e+00   3.079396e+06  13688s
  802463    9.7852674e+04   0.000000e+00   6.309154e+05  13692s
  802563    9.7852671e+04   0.000000e+00   2.798973e+06  13696s
  802793    9.7852658e+04   0.000000e+00   1.628036e+06  13703s
  802913    9.7852656e+04   0.000000e+00   1.145213e+07  13707s
  803043    9.7852648e+04   0.000000e+00   1.141865e+06  13711s
  803263    9.7852639e+04   0.000000e+00   5.538819e+07  13718s
  803443    9.7852632e+04   0.000000e+00   1.505002e+07  13726s
  803643    9.7852623e+04   0.000000e+00   5.421663e+06  13734s
  803753    9.7852610e+04   0.000000e+00   4.992923e+06  13737s
  803853    9.7852604e+04   0.000000e+00   5.779693e+06  13741s
  804043    9.7852588e+04   0.000000e+00   2.713173e+06  13749s
  804153    9.7852574e+04   0.000000e+00   8.821685e+06  13753s
  804273    9.7852551e+04   0.000000e+00   5.524773e+06  13756s
  804403    9.7852534e+04   0.000000e+00   6.564275e+06  13760s
  804623    9.7852520e+04   0.000000e+00   9.227758e+06  13768s
  804773    9.7852507e+04   0.000000e+00   7.523164e+07  13772s
  804893    9.7852490e+04   0.000000e+00   1.649943e+07  13776s
  805133    9.7852469e+04   0.000000e+00   9.178758e+06  13784s
  805243    9.7852457e+04   0.000000e+00   7.127441e+07  13788s
  805363    9.7852437e+04   0.000000e+00   6.483386e+07  13791s
  805463    9.7852405e+04   0.000000e+00   1.857259e+07  13795s
  805703    9.7852353e+04   0.000000e+00   1.646177e+08  13802s
  805853    9.7852331e+04   0.000000e+00   7.541545e+07  13806s
  806103    9.7852274e+04   0.000000e+00   1.862260e+08  13814s
  806223    9.7852218e+04   0.000000e+00   4.205607e+08  13817s
  806333    9.7852170e+04   0.000000e+00   3.771831e+08  13821s
  806483    9.7852127e+04   0.000000e+00   1.018166e+09  13825s
  806833    9.7852044e+04   0.000000e+00   3.299221e+08  13833s
  806963    9.7852011e+04   0.000000e+00   1.318496e+08  13837s
  807103    9.7851982e+04   0.000000e+00   4.219771e+08  13841s
  807323    9.7851817e+04   0.000000e+00   4.986955e+07  13848s
  807433    9.7851769e+04   0.000000e+00   4.795231e+08  13852s
  807573    9.7851694e+04   0.000000e+00   5.665866e+08  13856s
  807943    9.7851474e+04   0.000000e+00   5.970172e+08  13863s
  808133    9.7851389e+04   0.000000e+00   9.475780e+08  13867s
  808263    9.7851271e+04   0.000000e+00   1.873842e+08  13871s
  808503    9.7851151e+04   0.000000e+00   1.680632e+09  13879s
  808603    9.7851083e+04   0.000000e+00   6.402932e+05  13882s
  808753    9.7851016e+04   0.000000e+00   1.338957e+06  13889s
  808923    9.7850995e+04   0.000000e+00   1.301173e+06  13897s
  809103    9.7850962e+04   0.000000e+00   4.037210e+06  13904s
  809273    9.7850953e+04   0.000000e+00   1.351049e+06  13911s
  809443    9.7850928e+04   0.000000e+00   2.467088e+06  13919s
  809543    9.7850919e+04   0.000000e+00   7.348423e+06  13923s
  809713    9.7850891e+04   0.000000e+00   4.021704e+06  13931s
  809893    9.7850872e+04   0.000000e+00   1.312392e+07  13938s
  810063    9.7850861e+04   0.000000e+00   6.911276e+06  13945s
  810273    9.7850840e+04   0.000000e+00   5.699594e+06  13953s
  810453    9.7850828e+04   0.000000e+00   7.721821e+05  13961s
  810723    9.7850816e+04   0.000000e+00   6.134734e+07  13972s
  810933    9.7850783e+04   0.000000e+00   4.869365e+07  13979s
  811043    9.7850770e+04   0.000000e+00   2.319565e+08  13983s
  811153    9.7850742e+04   0.000000e+00   1.179776e+07  13987s
  811253    9.7850731e+04   0.000000e+00   2.535405e+07  13991s
  811473    9.7850671e+04   0.000000e+00   1.569864e+08  13998s
  811583    9.7850649e+04   0.000000e+00   3.744983e+07  14002s
  811683    9.7850639e+04   0.000000e+00   6.875733e+06  14006s
  811903    9.7850589e+04   0.000000e+00   3.315617e+07  14013s
  812013    9.7850571e+04   0.000000e+00   3.734248e+08  14017s
  812173    9.7850554e+04   0.000000e+00   4.082688e+08  14021s
  812293    9.7850537e+04   0.000000e+00   7.629034e+08  14025s
  812513    9.7850449e+04   0.000000e+00   1.470631e+08  14033s
  812633    9.7850380e+04   0.000000e+00   1.746787e+07  14036s
  812773    9.7850347e+04   0.000000e+00   2.718876e+07  14040s
  813013    9.7850296e+04   0.000000e+00   3.181116e+07  14048s
  813133    9.7850276e+04   0.000000e+00   1.066350e+08  14052s
  813293    9.7850224e+04   0.000000e+00   4.169663e+04  14059s
  813453    9.7850213e+04   0.000000e+00   2.244785e+06  14067s
  813613    9.7850205e+04   0.000000e+00   1.209774e+05  14074s
  813783    9.7850200e+04   0.000000e+00   4.050265e+05  14082s
  813963    9.7850191e+04   0.000000e+00   5.234194e+06  14089s
  814063    9.7850185e+04   0.000000e+00   3.814006e+06  14093s
  814223    9.7850175e+04   0.000000e+00   1.202896e+06  14100s
  814413    9.7850169e+04   0.000000e+00   5.764896e+05  14108s
  814513    9.7850167e+04   0.000000e+00   1.048403e+06  14111s
  814703    9.7850157e+04   0.000000e+00   1.571616e+07  14119s
  814803    9.7850146e+04   0.000000e+00   1.591709e+07  14123s
  814903    9.7850138e+04   0.000000e+00   1.661377e+07  14127s
  815083    9.7850103e+04   0.000000e+00   1.803393e+08  14134s
  815193    9.7850088e+04   0.000000e+00   4.994805e+07  14138s
  815393    9.7850081e+04   0.000000e+00   7.988066e+07  14145s
  815743    9.7850038e+04   0.000000e+00   2.735608e+07  14156s
  815863    9.7850030e+04   0.000000e+00   2.771802e+07  14160s
  816103    9.7849958e+04   0.000000e+00   4.402896e+07  14168s
  816293    9.7849897e+04   0.000000e+00   4.093222e+07  14175s
  816423    9.7849885e+04   0.000000e+00   1.828479e+07  14179s
  816623    9.7849849e+04   0.000000e+00   2.657475e+08  14186s
  816853    9.7849747e+04   0.000000e+00   1.506071e+08  14194s
  816963    9.7849497e+04   0.000000e+00   4.200883e+08  14197s
  817083    9.7849428e+04   0.000000e+00   1.209227e+09  14201s
  817213    9.7849380e+04   0.000000e+00   5.387764e+09  14205s
  817523    9.7849236e+04   0.000000e+00   7.580648e+06  14212s
  817633    9.7849156e+04   0.000000e+00   2.987407e+07  14216s
  817803    9.7848977e+04   0.000000e+00   1.104098e+07  14223s
  817953    9.7848937e+04   0.000000e+00   1.063378e+07  14230s
  818113    9.7848924e+04   0.000000e+00   3.156546e+06  14238s
  818213    9.7848921e+04   0.000000e+00   1.229899e+08  14241s
  818393    9.7848906e+04   0.000000e+00   1.385842e+07  14248s
  818523    9.7848897e+04   0.000000e+00   1.872296e+06  14252s
  818663    9.7848892e+04   0.000000e+00   2.001495e+06  14256s
  818843    9.7848879e+04   0.000000e+00   8.962148e+05  14263s
  819023    9.7848829e+04   0.000000e+00   5.877344e+06  14271s
  819313    9.7848812e+04   0.000000e+00   8.308776e+05  14281s
  819493    9.7848803e+04   0.000000e+00   1.203631e+06  14289s
  819683    9.7848797e+04   0.000000e+00   4.897052e+06  14297s
  819793    9.7848794e+04   0.000000e+00   1.225679e+07  14300s
  819983    9.7848782e+04   0.000000e+00   6.866674e+06  14308s
  820083    9.7848773e+04   0.000000e+00   2.117967e+06  14312s
  820263    9.7848763e+04   0.000000e+00   2.477551e+06  14319s
  820443    9.7848752e+04   0.000000e+00   1.303581e+07  14326s
  820683    9.7848723e+04   0.000000e+00   6.591455e+06  14334s
  820803    9.7848713e+04   0.000000e+00   2.280692e+06  14338s
  820933    9.7848704e+04   0.000000e+00   7.021697e+06  14342s
  821033    9.7848698e+04   0.000000e+00   3.188558e+07  14345s
  821243    9.7848687e+04   0.000000e+00   2.450687e+06  14353s
  821343    9.7848673e+04   0.000000e+00   8.701352e+06  14356s
  821463    9.7848666e+04   0.000000e+00   2.359152e+06  14360s
  821683    9.7848654e+04   0.000000e+00   3.358159e+06  14368s
  821783    9.7848652e+04   0.000000e+00   2.345947e+06  14371s
  821903    9.7848648e+04   0.000000e+00   4.570978e+06  14375s
  822133    9.7848631e+04   0.000000e+00   7.543440e+06  14382s
  822243    9.7848602e+04   0.000000e+00   1.316606e+07  14386s
  822483    9.7848567e+04   0.000000e+00   4.748369e+06  14394s
  822613    9.7848549e+04   0.000000e+00   1.202920e+07  14397s
  822723    9.7848532e+04   0.000000e+00   2.834178e+06  14401s
  822953    9.7848507e+04   0.000000e+00   5.484993e+06  14409s
  823073    9.7848488e+04   0.000000e+00   1.032889e+07  14412s
  823203    9.7848462e+04   0.000000e+00   2.560758e+06  14416s
  823433    9.7848404e+04   0.000000e+00   1.059014e+07  14424s
  823553    9.7848386e+04   0.000000e+00   2.148337e+07  14427s
  823673    9.7848376e+04   0.000000e+00   7.638874e+06  14431s
  823903    9.7848309e+04   0.000000e+00   2.576377e+07  14439s
  824033    9.7848266e+04   0.000000e+00   3.889674e+07  14442s
  824163    9.7848196e+04   0.000000e+00   4.413682e+07  14446s
  824473    9.7847990e+04   0.000000e+00   8.121174e+07  14457s
  824583    9.7847906e+04   0.000000e+00   8.184331e+07  14461s
  824813    9.7847683e+04   0.000000e+00   3.460858e+08  14468s
  824923    9.7847472e+04   0.000000e+00   7.145444e+06  14472s
  825093    9.7847395e+04   0.000000e+00   4.367985e+05  14479s
  825193    9.7847341e+04   0.000000e+00   8.044004e+07  14483s
  825293    9.7847300e+04   0.000000e+00   4.044616e+07  14487s
  825463    9.7847226e+04   0.000000e+00   4.996111e+07  14494s
  825653    9.7847093e+04   0.000000e+00   3.930818e+07  14502s
  825763    9.7847077e+04   0.000000e+00   3.597700e+06  14505s
  825943    9.7847058e+04   0.000000e+00   1.267926e+07  14512s
  826073    9.7847056e+04   0.000000e+00   3.292637e+06  14516s
  826263    9.7847029e+04   0.000000e+00   9.760685e+06  14523s
  826373    9.7847018e+04   0.000000e+00   1.349247e+07  14527s
  826573    9.7847006e+04   0.000000e+00   2.438252e+06  14535s
  826753    9.7846986e+04   0.000000e+00   3.165267e+05  14542s
  826923    9.7846975e+04   0.000000e+00   2.939320e+05  14549s
  827093    9.7846964e+04   0.000000e+00   4.314394e+06  14556s
  827263    9.7846956e+04   0.000000e+00   1.731670e+06  14564s
  827383    9.7846954e+04   0.000000e+00   2.361112e+05  14567s
  827513    9.7846952e+04   0.000000e+00   3.322444e+05  14571s
  827713    9.7846946e+04   0.000000e+00   1.938320e+05  14578s
  827813    9.7846945e+04   0.000000e+00   7.292031e+04  14582s
  827923    9.7846939e+04   0.000000e+00   1.709611e+06  14586s
  828173    9.7846922e+04   0.000000e+00   1.733502e+06  14593s
  828293    9.7846914e+04   0.000000e+00   1.073357e+06  14597s
  828403    9.7846910e+04   0.000000e+00   6.851014e+05  14601s
  828673    9.7846895e+04   0.000000e+00   1.642120e+07  14608s
  828793    9.7846885e+04   0.000000e+00   5.993206e+06  14612s
  828943    9.7846865e+04   0.000000e+00   3.526415e+06  14616s
  829223    9.7846841e+04   0.000000e+00   4.402783e+05  14623s
  829333    9.7846827e+04   0.000000e+00   2.504066e+06  14627s
  829483    9.7846808e+04   0.000000e+00   3.015000e+06  14630s
  829753    9.7846764e+04   0.000000e+00   1.711497e+06  14638s
  829893    9.7846748e+04   0.000000e+00   1.117738e+06  14642s
  830023    9.7846729e+04   0.000000e+00   2.787515e+06  14645s
  830253    9.7846651e+04   0.000000e+00   4.228657e+06  14653s
  830383    9.7846628e+04   0.000000e+00   5.260406e+05  14657s
  830503    9.7846605e+04   0.000000e+00   1.016182e+06  14661s
  830803    9.7846544e+04   0.000000e+00   4.134247e+06  14668s
  830943    9.7846486e+04   0.000000e+00   3.523412e+06  14672s
  831103    9.7846454e+04   0.000000e+00   4.633718e+06  14676s
  831323    9.7846367e+04   0.000000e+00   2.245285e+06  14683s
  831443    9.7846280e+04   0.000000e+00   2.332989e+06  14687s
  831623    9.7846259e+04   0.000000e+00   5.081493e+06  14691s
  831873    9.7846164e+04   0.000000e+00   1.718224e+08  14698s
  832013    9.7846051e+04   0.000000e+00   4.043353e+07  14702s
  832113    9.7845939e+04   0.000000e+00   4.193465e+07  14706s
  832383    9.7845738e+04   0.000000e+00   1.356868e+07  14713s
  832533    9.7845659e+04   0.000000e+00   1.229273e+08  14717s
  832653    9.7845468e+04   0.000000e+00   4.446562e+07  14721s
  833223    9.7845274e+04   0.000000e+00   3.169053e+07  14729s
  833393    9.7845206e+04   0.000000e+00   6.391999e+07  14733s
  833553    9.7845140e+04   0.000000e+00   7.353752e+07  14737s
  833683    9.7845055e+04   0.000000e+00   8.550313e+06  14741s
  833933    9.7844932e+04   0.000000e+00   4.521020e+06  14748s
  834053    9.7844832e+04   0.000000e+00   1.332074e+08  14752s
  834203    9.7844767e+04   0.000000e+00   1.678379e+08  14756s
  834443    9.7844641e+04   0.000000e+00   7.647744e+07  14763s
  834553    9.7844565e+04   0.000000e+00   1.605913e+09  14767s
  834673    9.7844493e+04   0.000000e+00   1.054077e+09  14771s
  834923    9.7844367e+04   0.000000e+00   8.498078e+08  14779s
  835053    9.7844299e+04   0.000000e+00   2.397028e+08  14782s
  835183    9.7844231e+04   0.000000e+00   2.374651e+08  14786s
  835393    9.7844087e+04   0.000000e+00   1.994799e+08  14793s
  835533    9.7843994e+04   0.000000e+00   2.368815e+07  14797s
  835653    9.7843877e+04   0.000000e+00   5.480836e+08  14801s
  835783    9.7843772e+04   0.000000e+00   1.106536e+09  14805s
  836083    9.7843571e+04   0.000000e+00   4.614167e+05  14816s
  836273    9.7843486e+04   0.000000e+00   6.056169e+05  14823s
  836463    9.7843429e+04   0.000000e+00   1.145019e+06  14830s
  836653    9.7843398e+04   0.000000e+00   1.791649e+06  14838s
  836773    9.7843383e+04   0.000000e+00   8.696534e+05  14842s
  836903    9.7843373e+04   0.000000e+00   1.225257e+06  14846s
  837103    9.7843351e+04   0.000000e+00   7.595854e+05  14853s
  837213    9.7843340e+04   0.000000e+00   2.901764e+05  14857s
  837423    9.7843287e+04   0.000000e+00   1.158372e+06  14864s
  837603    9.7843255e+04   0.000000e+00   1.357875e+06  14872s
  837813    9.7843230e+04   0.000000e+00   1.404862e+06  14879s
  837923    9.7843214e+04   0.000000e+00   8.669939e+06  14883s
  838043    9.7843197e+04   0.000000e+00   6.401259e+05  14887s
  838153    9.7843174e+04   0.000000e+00   1.823709e+06  14891s
  838383    9.7843151e+04   0.000000e+00   1.202271e+06  14898s
  838483    9.7843125e+04   0.000000e+00   1.318861e+06  14902s
  838643    9.7843106e+04   0.000000e+00   6.126320e+05  14906s
  838903    9.7843035e+04   0.000000e+00   4.368229e+07  14913s
  839003    9.7843008e+04   0.000000e+00   7.527964e+06  14917s
  839123    9.7842999e+04   0.000000e+00   6.575399e+06  14921s
  839403    9.7842976e+04   0.000000e+00   6.101067e+06  14928s
  839513    9.7842971e+04   0.000000e+00   5.638071e+05  14932s
  839693    9.7842957e+04   0.000000e+00   7.309764e+04  14940s
  839823    9.7842952e+04   0.000000e+00   1.497080e+06  14944s
  839933    9.7842947e+04   0.000000e+00   8.078863e+06  14947s
  840053    9.7842940e+04   0.000000e+00   2.661523e+06  14951s
  840183    9.7842924e+04   0.000000e+00   7.893107e+05  14955s
  840413    9.7842887e+04   0.000000e+00   2.225156e+06  14963s
  840533    9.7842870e+04   0.000000e+00   1.307350e+06  14967s
  840713    9.7842851e+04   0.000000e+00   1.212801e+07  14974s
  840813    9.7842847e+04   0.000000e+00   2.201301e+07  14978s
  840933    9.7842835e+04   0.000000e+00   3.417528e+06  14982s
  841063    9.7842817e+04   0.000000e+00   6.534513e+06  14986s
  841353    9.7842765e+04   0.000000e+00   2.893198e+06  14997s
  841453    9.7842752e+04   0.000000e+00   4.707011e+06  15001s
  841663    9.7842713e+04   0.000000e+00   5.311403e+06  15008s
  841773    9.7842709e+04   0.000000e+00   1.291267e+06  15012s
  841893    9.7842687e+04   0.000000e+00   8.238335e+06  15016s
  842123    9.7842661e+04   0.000000e+00   2.199010e+06  15023s
  842333    9.7842602e+04   0.000000e+00   4.803348e+06  15031s
  842593    9.7842568e+04   0.000000e+00   2.014978e+06  15038s
  842723    9.7842523e+04   0.000000e+00   1.766420e+07  15042s
  842853    9.7842511e+04   0.000000e+00   2.884711e+06  15046s
  843063    9.7842458e+04   0.000000e+00   1.697576e+06  15054s
  843183    9.7842423e+04   0.000000e+00   1.414258e+07  15057s
  843303    9.7842399e+04   0.000000e+00   1.045324e+06  15061s
  843543    9.7842354e+04   0.000000e+00   6.815528e+06  15069s
  843663    9.7842339e+04   0.000000e+00   8.054691e+06  15073s
  843763    9.7842327e+04   0.000000e+00   7.398261e+05  15076s
  843953    9.7842313e+04   0.000000e+00   3.155880e+04  15084s
  844063    9.7842307e+04   0.000000e+00   9.433448e+04  15087s
  844173    9.7842301e+04   0.000000e+00   2.101715e+06  15091s
  844373    9.7842277e+04   0.000000e+00   1.346153e+06  15098s
  844573    9.7842269e+04   0.000000e+00   6.338724e+05  15106s
  844783    9.7842257e+04   0.000000e+00   2.574879e+05  15114s
  844963    9.7842244e+04   0.000000e+00   1.595291e+07  15121s
  845073    9.7842237e+04   0.000000e+00   6.386997e+05  15125s
  845273    9.7842212e+04   0.000000e+00   6.056675e+06  15132s
  845473    9.7842187e+04   0.000000e+00   1.429607e+06  15139s
  845603    9.7842174e+04   0.000000e+00   2.592484e+05  15143s
  845723    9.7842158e+04   0.000000e+00   1.057715e+05  15147s
  845833    9.7842127e+04   0.000000e+00   8.670821e+05  15151s
  846053    9.7842074e+04   0.000000e+00   2.979015e+05  15158s
  846193    9.7842033e+04   0.000000e+00   2.966886e+06  15162s
  846333    9.7841992e+04   0.000000e+00   1.769106e+06  15166s
  846583    9.7841936e+04   0.000000e+00   4.781219e+06  15173s
  846733    9.7841905e+04   0.000000e+00   9.927016e+06  15177s
  846843    9.7841887e+04   0.000000e+00   1.263680e+07  15181s
  847043    9.7841767e+04   0.000000e+00   7.302349e+06  15188s
  847153    9.7841733e+04   0.000000e+00   4.808923e+06  15192s
  847293    9.7841722e+04   0.000000e+00   5.035540e+06  15196s
  847533    9.7841668e+04   0.000000e+00   7.303710e+06  15203s
  847663    9.7841648e+04   0.000000e+00   7.867896e+07  15207s
  847793    9.7841617e+04   0.000000e+00   4.832991e+06  15211s
  847913    9.7841593e+04   0.000000e+00   4.897875e+06  15215s
  848113    9.7841516e+04   0.000000e+00   1.658117e+07  15222s
  848273    9.7841504e+04   0.000000e+00   4.337115e+07  15226s
  848413    9.7841464e+04   0.000000e+00   4.290474e+07  15230s
  848673    9.7841379e+04   0.000000e+00   2.661123e+07  15238s
  848823    9.7841375e+04   0.000000e+00   1.353493e+07  15242s
  848933    9.7841369e+04   0.000000e+00   1.226298e+07  15246s
  849193    9.7841336e+04   0.000000e+00   7.899840e+07  15253s
  849323    9.7841301e+04   0.000000e+00   2.304821e+08  15257s
  849453    9.7841252e+04   0.000000e+00   4.083582e+06  15261s
  849683    9.7841099e+04   0.000000e+00   1.944488e+08  15268s
  849833    9.7841063e+04   0.000000e+00   3.131588e+07  15272s
  849973    9.7841045e+04   0.000000e+00   1.015268e+08  15276s
  850213    9.7840943e+04   0.000000e+00   1.045427e+08  15283s
  850353    9.7840830e+04   0.000000e+00   5.262540e+07  15287s
  850493    9.7840807e+04   0.000000e+00   1.691212e+07  15291s
  850723    9.7840721e+04   0.000000e+00   2.178700e+08  15298s
  850833    9.7840658e+04   0.000000e+00   1.984115e+08  15302s
  850943    9.7840618e+04   0.000000e+00   1.180769e+08  15306s
  851193    9.7840556e+04   0.000000e+00   1.193351e+08  15313s
  851343    9.7840507e+04   0.000000e+00   7.405381e+07  15317s
  851503    9.7840482e+04   0.000000e+00   2.587477e+07  15321s
  851663    9.7840447e+04   0.000000e+00   1.363042e+08  15325s
  851923    9.7840318e+04   0.000000e+00   3.190419e+07  15333s
  852053    9.7840265e+04   0.000000e+00   2.354360e+07  15336s
  852153    9.7840233e+04   0.000000e+00   1.083090e+08  15340s
  852383    9.7840140e+04   0.000000e+00   4.369391e+07  15348s
  852483    9.7840106e+04   0.000000e+00   2.275330e+08  15351s
  852603    9.7840008e+04   0.000000e+00   1.017058e+08  15355s
  852843    9.7839899e+04   0.000000e+00   8.874162e+07  15363s
  852953    9.7839848e+04   0.000000e+00   3.289765e+05  15367s
  853133    9.7839815e+04   0.000000e+00   1.303532e+05  15374s
  853323    9.7839789e+04   0.000000e+00   1.203192e+06  15381s
  853523    9.7839764e+04   0.000000e+00   9.365741e+05  15389s
  853743    9.7839726e+04   0.000000e+00   6.062412e+05  15396s
  854023    9.7839699e+04   0.000000e+00   3.579058e+06  15404s
  854153    9.7839669e+04   0.000000e+00   1.955746e+06  15407s
  854283    9.7839653e+04   0.000000e+00   1.033966e+06  15411s
  854563    9.7839633e+04   0.000000e+00   8.376096e+05  15419s
  854693    9.7839616e+04   0.000000e+00   6.108943e+05  15422s
  854813    9.7839584e+04   0.000000e+00   6.825615e+05  15426s
  855043    9.7839500e+04   0.000000e+00   6.467696e+06  15433s
  855143    9.7839460e+04   0.000000e+00   2.436418e+06  15437s
  855283    9.7839424e+04   0.000000e+00   2.608935e+05  15441s
  855503    9.7839372e+04   0.000000e+00   2.237102e+06  15449s
  855643    9.7839349e+04   0.000000e+00   1.794047e+06  15452s
  855753    9.7839321e+04   0.000000e+00   6.783613e+06  15456s
  856013    9.7839276e+04   0.000000e+00   2.740602e+06  15464s
  856143    9.7839263e+04   0.000000e+00   3.676328e+07  15468s
  856263    9.7839241e+04   0.000000e+00   3.366796e+08  15472s
  856363    9.7839211e+04   0.000000e+00   7.214951e+07  15475s
  856613    9.7839172e+04   0.000000e+00   1.786157e+08  15483s
  856753    9.7839139e+04   0.000000e+00   4.555116e+07  15487s
  856903    9.7839116e+04   0.000000e+00   1.667324e+07  15491s
  857153    9.7839022e+04   0.000000e+00   7.897211e+06  15499s
  857273    9.7838997e+04   0.000000e+00   1.826766e+07  15502s
  857393    9.7838974e+04   0.000000e+00   2.169174e+06  15506s
  857543    9.7838952e+04   0.000000e+00   1.935264e+07  15510s
  857883    9.7838916e+04   0.000000e+00   4.481949e+04  15522s
  857983    9.7838910e+04   0.000000e+00   4.796330e+05  15525s
  858193    9.7838893e+04   0.000000e+00   5.826688e+05  15533s
  858313    9.7838882e+04   0.000000e+00   1.318984e+07  15537s
  858413    9.7838870e+04   0.000000e+00   7.763481e+05  15540s
  858643    9.7838837e+04   0.000000e+00   3.101360e+06  15548s
  858743    9.7838834e+04   0.000000e+00   2.345433e+07  15552s
  858853    9.7838826e+04   0.000000e+00   3.245044e+07  15556s
  859113    9.7838812e+04   0.000000e+00   1.365789e+06  15564s
  859243    9.7838801e+04   0.000000e+00   1.768020e+07  15567s
  859363    9.7838791e+04   0.000000e+00   5.117187e+07  15571s
  859533    9.7838778e+04   0.000000e+00   1.843345e+08  15575s
  859813    9.7838758e+04   0.000000e+00   1.871386e+07  15583s
  859953    9.7838746e+04   0.000000e+00   3.039870e+07  15587s
  860083    9.7838736e+04   0.000000e+00   6.634571e+07  15590s
  860303    9.7838688e+04   0.000000e+00   7.561816e+05  15598s
  860403    9.7838676e+04   0.000000e+00   1.804284e+05  15602s
  860503    9.7838667e+04   0.000000e+00   5.130667e+05  15605s
  860713    9.7838656e+04   0.000000e+00   1.167768e+05  15613s
  860823    9.7838649e+04   0.000000e+00   4.536034e+04  15617s
  860933    9.7838636e+04   0.000000e+00   4.168860e+06  15620s
  861183    9.7838626e+04   0.000000e+00   1.075351e+06  15628s
  861313    9.7838615e+04   0.000000e+00   6.503063e+05  15632s
  861453    9.7838604e+04   0.000000e+00   2.070418e+06  15636s
  861713    9.7838566e+04   0.000000e+00   8.849046e+05  15644s
  861833    9.7838537e+04   0.000000e+00   1.744529e+06  15648s
  862003    9.7838527e+04   0.000000e+00   4.076044e+03  15652s
  862123    9.7838513e+04   0.000000e+00   2.110694e+05  15656s
  862343    9.7838498e+04   0.000000e+00   2.385369e+05  15663s
  862463    9.7838484e+04   0.000000e+00   8.313457e+04  15667s
  862583    9.7838465e+04   0.000000e+00   6.965851e+05  15671s
  862813    9.7838425e+04   0.000000e+00   2.076786e+06  15679s
  862943    9.7838399e+04   0.000000e+00   1.866481e+05  15683s
  863073    9.7838371e+04   0.000000e+00   3.456010e+05  15687s
  863193    9.7838355e+04   0.000000e+00   2.427642e+05  15690s
  863483    9.7838320e+04   0.000000e+00   2.456452e+05  15698s
  863623    9.7838305e+04   0.000000e+00   1.610772e+05  15702s
  863763    9.7838278e+04   0.000000e+00   6.041642e+05  15707s
  863903    9.7838254e+04   0.000000e+00   6.081978e+05  15710s
  864163    9.7838226e+04   0.000000e+00   1.908542e+06  15718s
  864313    9.7838213e+04   0.000000e+00   2.103146e+05  15722s
  864453    9.7838195e+04   0.000000e+00   7.588344e+05  15726s
  864703    9.7838162e+04   0.000000e+00   5.883821e+05  15734s
  864833    9.7838127e+04   0.000000e+00   3.333839e+04  15737s
  864943    9.7838110e+04   0.000000e+00   2.189325e+05  15741s
  865203    9.7838056e+04   0.000000e+00   7.926159e+06  15749s
  865343    9.7838026e+04   0.000000e+00   8.743194e+06  15752s
  865463    9.7837994e+04   0.000000e+00   2.042300e+06  15756s
  865583    9.7837903e+04   0.000000e+00   1.680951e+06  15760s
  865873    9.7837836e+04   0.000000e+00   6.392300e+07  15768s
  866013    9.7837781e+04   0.000000e+00   1.579738e+08  15772s
  866153    9.7837688e+04   0.000000e+00   7.397156e+07  15776s
  866393    9.7837561e+04   0.000000e+00   3.627006e+08  15783s
  866533    9.7837506e+04   0.000000e+00   7.320236e+07  15787s
  866663    9.7837425e+04   0.000000e+00   1.764802e+08  15791s
  866923    9.7837269e+04   0.000000e+00   1.299280e+08  15799s
  867103    9.7837226e+04   0.000000e+00   1.109448e+08  15803s
  867243    9.7837178e+04   0.000000e+00   2.725838e+09  15807s
  867343    9.7837100e+04   0.000000e+00   1.516327e+06  15811s
  867523    9.7837036e+04   0.000000e+00   6.035471e+05  15818s
  867643    9.7836996e+04   0.000000e+00   1.402077e+05  15822s
  867743    9.7836973e+04   0.000000e+00   5.191526e+06  15826s
  867973    9.7836936e+04   0.000000e+00   1.775817e+05  15833s
  868203    9.7836906e+04   0.000000e+00   5.530605e+05  15841s
  868453    9.7836869e+04   0.000000e+00   1.182799e+05  15849s
  868553    9.7836854e+04   0.000000e+00   6.589486e+05  15852s
  868663    9.7836820e+04   0.000000e+00   1.210472e+05  15856s
  868883    9.7836787e+04   0.000000e+00   2.183626e+05  15863s
  868993    9.7836766e+04   0.000000e+00   2.214849e+04  15867s
  869093    9.7836754e+04   0.000000e+00   3.017813e+05  15871s
  869333    9.7836727e+04   0.000000e+00   7.389353e+05  15878s
  869483    9.7836723e+04   0.000000e+00   2.348710e+07  15882s
  869603    9.7836700e+04   0.000000e+00   4.493245e+06  15886s
  869903    9.7836645e+04   0.000000e+00   6.054488e+05  15894s
  870033    9.7836611e+04   0.000000e+00   4.383783e+06  15898s
  870143    9.7836563e+04   0.000000e+00   1.905821e+06  15901s
  870263    9.7836530e+04   0.000000e+00   1.150514e+06  15905s
  870543    9.7836480e+04   0.000000e+00   1.146422e+05  15913s
  870693    9.7836466e+04   0.000000e+00   1.172494e+06  15917s
  870823    9.7836449e+04   0.000000e+00   4.870067e+05  15921s
  871093    9.7836435e+04   0.000000e+00   3.208097e+05  15929s
  871223    9.7836420e+04   0.000000e+00   3.436939e+05  15933s
  871343    9.7836397e+04   0.000000e+00   8.849775e+04  15937s
  871493    9.7836381e+04   0.000000e+00   1.605003e+05  15941s
  871763    9.7836355e+04   0.000000e+00   5.360029e+04  15948s
  871973    9.7836336e+04   0.000000e+00   1.970326e+05  15956s
  872203    9.7836305e+04   0.000000e+00   6.659550e+05  15963s
  872353    9.7836279e+04   0.000000e+00   5.104950e+05  15967s
  872513    9.7836259e+04   0.000000e+00   4.837861e+06  15971s
  872813    9.7836224e+04   0.000000e+00   1.999665e+05  15978s
  872923    9.7836215e+04   0.000000e+00   2.012646e+05  15982s
  873053    9.7836200e+04   0.000000e+00   5.436176e+05  15986s
  873293    9.7836175e+04   0.000000e+00   1.597334e+06  15994s
  873433    9.7836168e+04   0.000000e+00   5.286642e+05  15997s
  873583    9.7836161e+04   0.000000e+00   1.406825e+05  16001s
  873693    9.7836150e+04   0.000000e+00   3.056973e+05  16005s
  873953    9.7836116e+04   0.000000e+00   1.548337e+06  16013s
  874073    9.7836095e+04   0.000000e+00   2.452600e+05  16017s
  874203    9.7836082e+04   0.000000e+00   1.724793e+05  16021s
  874473    9.7836045e+04   0.000000e+00   2.307036e+06  16028s
  874623    9.7836031e+04   0.000000e+00   6.797175e+06  16033s
  874733    9.7835998e+04   0.000000e+00   1.030107e+06  16036s
  874833    9.7835963e+04   0.000000e+00   1.866838e+07  16040s
  875073    9.7835921e+04   0.000000e+00   7.826521e+06  16048s
  875213    9.7835873e+04   0.000000e+00   4.665389e+07  16052s
  875353    9.7835833e+04   0.000000e+00   2.778257e+08  16056s
  875603    9.7835742e+04   0.000000e+00   1.167329e+08  16063s
  875753    9.7835721e+04   0.000000e+00   2.717256e+07  16067s
  875883    9.7835676e+04   0.000000e+00   5.898383e+07  16071s
  876033    9.7835645e+04   0.000000e+00   7.468263e+07  16075s
  876283    9.7835499e+04   0.000000e+00   2.601568e+08  16082s
  876413    9.7835408e+04   0.000000e+00   6.126303e+08  16086s
  876533    9.7835316e+04   0.000000e+00   3.419993e+08  16090s
  876783    9.7835185e+04   0.000000e+00   2.905447e+07  16098s
  876893    9.7835111e+04   0.000000e+00   3.069864e+08  16101s
  877013    9.7835014e+04   0.000000e+00   1.429306e+08  16105s
  877263    9.7834826e+04   0.000000e+00   6.981152e+08  16113s
  877393    9.7834727e+04   0.000000e+00   1.981981e+05  16117s
  877593    9.7834675e+04   0.000000e+00   1.319854e+04  16124s
  877703    9.7834646e+04   0.000000e+00   6.706192e+04  16128s
  877823    9.7834630e+04   0.000000e+00   4.499093e+04  16132s
  877933    9.7834618e+04   0.000000e+00   1.465177e+06  16135s
  878193    9.7834577e+04   0.000000e+00   2.569787e+05  16143s
  878323    9.7834554e+04   0.000000e+00   4.575733e+05  16147s
  878433    9.7834542e+04   0.000000e+00   6.751894e+05  16151s
  878753    9.7834524e+04   0.000000e+00   5.536960e+05  16158s
  878893    9.7834514e+04   0.000000e+00   3.712379e+05  16162s
  879013    9.7834498e+04   0.000000e+00   2.715280e+06  16166s
  879253    9.7834428e+04   0.000000e+00   8.839452e+05  16173s
  879403    9.7834392e+04   0.000000e+00   1.870719e+06  16177s
  879573    9.7834383e+04   0.000000e+00   5.115032e+06  16181s
  879873    9.7834348e+04   0.000000e+00   5.238231e+05  16188s
  879993    9.7834328e+04   0.000000e+00   7.446294e+05  16192s
  880103    9.7834309e+04   0.000000e+00   3.385488e+05  16196s
  880383    9.7834265e+04   0.000000e+00   2.048497e+05  16204s
  880513    9.7834239e+04   0.000000e+00   6.228158e+05  16207s
  880633    9.7834229e+04   0.000000e+00   1.170307e+06  16211s
  880873    9.7834180e+04   0.000000e+00   2.081023e+07  16219s
  881003    9.7834160e+04   0.000000e+00   5.783847e+07  16222s
  881123    9.7834131e+04   0.000000e+00   1.565349e+07  16226s
  881293    9.7834097e+04   0.000000e+00   3.871058e+06  16230s
  881563    9.7834038e+04   0.000000e+00   2.353867e+06  16238s
  881663    9.7833976e+04   0.000000e+00   1.650350e+07  16242s
  881803    9.7833947e+04   0.000000e+00   7.258318e+05  16245s
  882033    9.7833865e+04   0.000000e+00   3.359273e+05  16253s
  882133    9.7833849e+04   0.000000e+00   1.057272e+06  16257s
  882283    9.7833820e+04   0.000000e+00   1.757933e+07  16260s
  882533    9.7833718e+04   0.000000e+00   4.577672e+07  16268s
  882643    9.7833659e+04   0.000000e+00   1.064808e+07  16272s
  882793    9.7833603e+04   0.000000e+00   6.755046e+07  16276s
  883043    9.7833436e+04   0.000000e+00   2.729903e+06  16283s
  883173    9.7833376e+04   0.000000e+00   2.414545e+06  16287s
  883303    9.7833311e+04   0.000000e+00   6.277752e+07  16291s
  883513    9.7833123e+04   0.000000e+00   9.414844e+06  16298s
  883643    9.7833064e+04   0.000000e+00   1.452739e+07  16302s
  883773    9.7833014e+04   0.000000e+00   2.531096e+07  16306s
  883983    9.7832930e+04   0.000000e+00   2.729578e+06  16313s
  884083    9.7832878e+04   0.000000e+00   2.059701e+04  16317s
  884183    9.7832861e+04   0.000000e+00   8.156636e+03  16321s
  884423    9.7832817e+04   0.000000e+00   4.235344e+05  16328s
  884543    9.7832794e+04   0.000000e+00   2.036638e+04  16332s
  884663    9.7832761e+04   0.000000e+00   1.134705e+05  16336s
  884903    9.7832710e+04   0.000000e+00   1.651079e+06  16343s
  885023    9.7832686e+04   0.000000e+00   3.519708e+05  16347s
  885153    9.7832653e+04   0.000000e+00   1.155372e+06  16350s
  885383    9.7832587e+04   0.000000e+00   1.783965e+07  16358s
  885523    9.7832550e+04   0.000000e+00   1.987961e+07  16362s
  885673    9.7832532e+04   0.000000e+00   4.986615e+05  16366s
  885963    9.7832493e+04   0.000000e+00   4.041291e+05  16373s
  886103    9.7832472e+04   0.000000e+00   3.225785e+04  16377s
  886223    9.7832461e+04   0.000000e+00   8.617970e+04  16381s
  886493    9.7832434e+04   0.000000e+00   8.422927e+06  16389s
  886613    9.7832406e+04   0.000000e+00   1.357894e+06  16392s
  886733    9.7832383e+04   0.000000e+00   8.622586e+05  16396s
  887013    9.7832363e+04   0.000000e+00   1.053065e+06  16403s
  887163    9.7832354e+04   0.000000e+00   1.139541e+08  16407s
  887293    9.7832335e+04   0.000000e+00   2.668877e+07  16411s
  887553    9.7832259e+04   0.000000e+00   2.777273e+07  16418s
  887683    9.7832198e+04   0.000000e+00   3.358588e+07  16422s
  887793    9.7832102e+04   0.000000e+00   9.760088e+06  16426s
  888063    9.7832087e+04   0.000000e+00   2.382389e+06  16433s
  888203    9.7832044e+04   0.000000e+00   4.444654e+06  16437s
  888333    9.7832013e+04   0.000000e+00   2.928960e+07  16441s
  888583    9.7831936e+04   0.000000e+00   4.058132e+06  16448s
  888733    9.7831897e+04   0.000000e+00   9.355818e+05  16452s
  888863    9.7831813e+04   0.000000e+00   7.621015e+07  16455s
  889213    9.7831701e+04   0.000000e+00   9.523522e+07  16463s
  889333    9.7831616e+04   0.000000e+00   3.108505e+07  16467s
  889473    9.7831506e+04   0.000000e+00   8.822912e+07  16471s
  889733    9.7831384e+04   0.000000e+00   7.564519e+07  16478s
  889873    9.7831254e+04   0.000000e+00   1.036849e+07  16482s
  890023    9.7831190e+04   0.000000e+00   2.935502e+07  16486s
  890323    9.7831091e+04   0.000000e+00   1.371771e+07  16494s
  890443    9.7831029e+04   0.000000e+00   1.388296e+07  16497s
  890573    9.7830936e+04   0.000000e+00   2.824673e+06  16501s
  890723    9.7830916e+04   0.000000e+00   2.306412e+06  16505s
  891013    9.7830867e+04   0.000000e+00   2.770431e+06  16512s
  891163    9.7830865e+04   0.000000e+00   1.032097e+06  16516s
  891303    9.7830852e+04   0.000000e+00   6.289761e+05  16520s
  891583    9.7830796e+04   0.000000e+00   4.825327e+05  16528s
  891723    9.7830775e+04   0.000000e+00   2.776637e+05  16531s
  891873    9.7830754e+04   0.000000e+00   3.801397e+05  16535s
  892123    9.7830674e+04   0.000000e+00   1.039959e+06  16543s
  892253    9.7830636e+04   0.000000e+00   1.461482e+06  16547s
  892393    9.7830615e+04   0.000000e+00   7.848293e+05  16551s
  892693    9.7830560e+04   0.000000e+00   3.925664e+05  16558s
  892843    9.7830548e+04   0.000000e+00   1.660718e+06  16562s
  893013    9.7830530e+04   0.000000e+00   1.042978e+07  16566s
  893253    9.7830406e+04   0.000000e+00   6.972218e+06  16573s
  893373    9.7830356e+04   0.000000e+00   1.463500e+06  16577s
  893493    9.7830322e+04   0.000000e+00   3.387239e+06  16581s
  893723    9.7830242e+04   0.000000e+00   2.743758e+04  16589s
  893933    9.7830206e+04   0.000000e+00   5.319923e+04  16596s
  894173    9.7830158e+04   0.000000e+00   1.581607e+05  16603s
  894303    9.7830127e+04   0.000000e+00   2.796688e+05  16607s
  894433    9.7830072e+04   0.000000e+00   1.225592e+06  16611s
  894703    9.7830010e+04   0.000000e+00   2.070835e+06  16618s
  894823    9.7829966e+04   0.000000e+00   1.552077e+06  16622s
  895043    9.7829868e+04   0.000000e+00   8.604499e+04  16629s
  895143    9.7829833e+04   0.000000e+00   3.490697e+05  16633s
  895243    9.7829797e+04   0.000000e+00   5.099335e+05  16636s
  895493    9.7829736e+04   0.000000e+00   8.576431e+05  16644s
  895643    9.7829708e+04   0.000000e+00   2.033833e+05  16647s
  895753    9.7829672e+04   0.000000e+00   1.128530e+06  16651s
  895993    9.7829590e+04   0.000000e+00   2.340537e+06  16658s
  896133    9.7829550e+04   0.000000e+00   2.461506e+06  16662s
  896263    9.7829506e+04   0.000000e+00   1.572588e+06  16666s
  896543    9.7829423e+04   0.000000e+00   1.629267e+06  16674s
  896653    9.7829364e+04   0.000000e+00   1.164611e+06  16677s
  896803    9.7829338e+04   0.000000e+00   2.926438e+06  16681s
  897063    9.7829265e+04   0.000000e+00   2.143538e+05  16689s
  897183    9.7829248e+04   0.000000e+00   2.471896e+05  16692s
  897313    9.7829218e+04   0.000000e+00   4.646760e+04  16696s
  897543    9.7829127e+04   0.000000e+00   1.676827e+06  16703s
  897663    9.7829096e+04   0.000000e+00   9.124334e+05  16707s
  897783    9.7829060e+04   0.000000e+00   1.317430e+06  16711s
  898033    9.7828997e+04   0.000000e+00   7.035913e+05  16719s
  898143    9.7828957e+04   0.000000e+00   3.504097e+04  16722s
  898293    9.7828951e+04   0.000000e+00   4.828424e+04  16726s
  898553    9.7828899e+04   0.000000e+00   5.103248e+04  16733s
  898683    9.7828883e+04   0.000000e+00   5.430825e+04  16737s
  898823    9.7828855e+04   0.000000e+00   9.531693e+04  16741s
  899113    9.7828801e+04   0.000000e+00   3.397925e+04  16749s
  899253    9.7828762e+04   0.000000e+00   3.741008e+05  16753s
  899363    9.7828747e+04   0.000000e+00   1.682252e+04  16756s
  899563    9.7828703e+04   0.000000e+00   6.948724e+04  16763s
  899673    9.7828684e+04   0.000000e+00   1.218317e+05  16767s
  899793    9.7828662e+04   0.000000e+00   6.911983e+05  16771s
  900053    9.7828623e+04   0.000000e+00   1.606458e+06  16778s
  900203    9.7828602e+04   0.000000e+00   2.820679e+04  16782s
  900333    9.7828583e+04   0.000000e+00   1.166484e+05  16786s
  900583    9.7828541e+04   0.000000e+00   3.357715e+05  16793s
  900743    9.7828512e+04   0.000000e+00   9.835219e+05  16797s
  900873    9.7828481e+04   0.000000e+00   1.041719e+05  16800s
  901123    9.7828435e+04   0.000000e+00   4.076715e+04  16808s
  901233    9.7828416e+04   0.000000e+00   3.324034e+04  16812s
  901373    9.7828395e+04   0.000000e+00   2.736357e+05  16815s
  901663    9.7828364e+04   0.000000e+00   1.088871e+06  16823s
  901773    9.7828347e+04   0.000000e+00   1.665304e+05  16826s
  902013    9.7828318e+04   0.000000e+00   1.461990e+03  16834s
  902133    9.7828315e+04   0.000000e+00   6.642976e+04  16837s
  902263    9.7828304e+04   0.000000e+00   6.608410e+04  16841s
  902513    9.7828278e+04   0.000000e+00   1.056292e+06  16848s
  902663    9.7828254e+04   0.000000e+00   1.339008e+04  16852s
  902903    9.7828220e+04   0.000000e+00   4.935393e+05  16859s
  903013    9.7828191e+04   0.000000e+00   1.123712e+05  16863s
  903133    9.7828161e+04   0.000000e+00   1.570687e+06  16866s
  903253    9.7828077e+04   0.000000e+00   1.607161e+07  16870s
  903503    9.7827956e+04   0.000000e+00   1.117598e+06  16878s
  903613    9.7827863e+04   0.000000e+00   3.408661e+06  16881s
  903853    9.7827759e+04   0.000000e+00   4.969815e+07  16889s
  903983    9.7827682e+04   0.000000e+00   1.093173e+08  16892s
  904103    9.7827597e+04   0.000000e+00   1.872460e+07  16896s
  904353    9.7827402e+04   0.000000e+00   2.049878e+07  16903s
  904473    9.7827250e+04   0.000000e+00   4.445300e+05  16907s
  904603    9.7827214e+04   0.000000e+00   1.122455e+05  16911s
  904883    9.7827157e+04   0.000000e+00   4.970337e+06  16918s
  905013    9.7827125e+04   0.000000e+00   1.893731e+05  16922s
  905143    9.7827096e+04   0.000000e+00   3.735917e+04  16925s
  905433    9.7827026e+04   0.000000e+00   1.770902e+05  16933s
  905573    9.7827011e+04   0.000000e+00   7.508107e+04  16936s
  905693    9.7826993e+04   0.000000e+00   9.150515e+04  16940s
  905983    9.7826939e+04   0.000000e+00   4.275790e+03  16947s
  906103    9.7826925e+04   0.000000e+00   2.965338e+03  16951s
  906363    9.7826880e+04   0.000000e+00   1.403020e+04  16958s
  906473    9.7826829e+04   0.000000e+00   6.408243e+04  16962s
  906613    9.7826801e+04   0.000000e+00   2.557329e+04  16965s
  906863    9.7826752e+04   0.000000e+00   1.092359e+05  16972s
  906993    9.7826732e+04   0.000000e+00   1.386795e+06  16976s
  907263    9.7826672e+04   0.000000e+00   4.427911e+05  16983s
  907403    9.7826653e+04   0.000000e+00   3.154330e+06  16987s
  907553    9.7826622e+04   0.000000e+00   4.261171e+06  16991s
  907793    9.7826565e+04   0.000000e+00   5.381826e+05  16999s
  907923    9.7826532e+04   0.000000e+00   6.967237e+05  17002s
  908063    9.7826478e+04   0.000000e+00   1.015386e+06  17006s
  908353    9.7826399e+04   0.000000e+00   1.160782e+07  17014s
  908503    9.7826369e+04   0.000000e+00   9.073043e+06  17018s
  908653    9.7826296e+04   0.000000e+00   9.601150e+05  17021s
  908903    9.7826204e+04   0.000000e+00   3.553452e+06  17029s
  909013    9.7826138e+04   0.000000e+00   1.126598e+06  17032s
  909133    9.7826092e+04   0.000000e+00   1.962067e+06  17036s
  909423    9.7825976e+04   0.000000e+00   2.045232e+05  17043s
  909563    9.7825920e+04   0.000000e+00   1.744318e+06  17047s
  909713    9.7825867e+04   0.000000e+00   1.071948e+06  17051s
  909993    9.7825716e+04   0.000000e+00   2.861261e+06  17058s
  910123    9.7825579e+04   0.000000e+00   5.289928e+06  17062s
  910253    9.7825477e+04   0.000000e+00   1.088768e+07  17066s
  910553    9.7825233e+04   0.000000e+00   9.113567e+06  17073s
  910683    9.7825171e+04   0.000000e+00   5.401178e+05  17077s
  910823    9.7825140e+04   0.000000e+00   1.508698e+04  17081s
  911043    9.7825109e+04   0.000000e+00   1.471285e+05  17088s
  911173    9.7825097e+04   0.000000e+00   1.009726e+05  17092s
  911293    9.7825070e+04   0.000000e+00   7.297745e+03  17095s
  911583    9.7825031e+04   0.000000e+00   1.155921e+04  17103s
  911733    9.7825019e+04   0.000000e+00   1.093321e+06  17106s
  912013    9.7824984e+04   0.000000e+00   6.429184e+03  17114s
  912153    9.7824970e+04   0.000000e+00   3.790936e+04  17118s
  912293    9.7824949e+04   0.000000e+00   6.139384e+04  17121s
  912423    9.7824935e+04   0.000000e+00   2.501117e+05  17125s
  912683    9.7824903e+04   0.000000e+00   3.718764e+05  17133s
  912803    9.7824879e+04   0.000000e+00   1.422343e+05  17136s
  913073    9.7824848e+04   0.000000e+00   6.062757e+04  17144s
  913183    9.7824817e+04   0.000000e+00   7.466209e+04  17147s
  913313    9.7824784e+04   0.000000e+00   4.962273e+04  17151s
  913593    9.7824769e+04   0.000000e+00   1.193699e+03  17158s
  913723    9.7824763e+04   0.000000e+00   2.832472e+03  17162s
  913863    9.7824752e+04   0.000000e+00   4.059667e+02  17166s
  914163    9.7824737e+04   0.000000e+00   2.928056e+04  17173s
  914283    9.7824726e+04   0.000000e+00   9.184271e+03  17177s
  914393    9.7824708e+04   0.000000e+00   1.470642e+05  17180s
  914643    9.7824694e+04   0.000000e+00   6.203756e+04  17188s
  914763    9.7824671e+04   0.000000e+00   2.036789e+04  17191s
  915033    9.7824599e+04   0.000000e+00   7.288942e+05  17199s
  915153    9.7824530e+04   0.000000e+00   3.365409e+06  17202s
  915283    9.7824482e+04   0.000000e+00   2.543460e+06  17206s
  915413    9.7824441e+04   0.000000e+00   1.353779e+06  17210s
  915643    9.7824328e+04   0.000000e+00   6.669964e+06  17218s
  915853    9.7824258e+04   0.000000e+00   5.228288e+03  17225s
  915963    9.7824237e+04   0.000000e+00   5.229432e+03  17229s
  916063    9.7824229e+04   0.000000e+00   3.142477e+03  17232s
  916193    9.7824210e+04   0.000000e+00   9.021751e+04  17236s
  916463    9.7824184e+04   0.000000e+00   2.374663e+03  17243s
  916613    9.7824163e+04   0.000000e+00   3.078924e+04  17247s
  916743    9.7824138e+04   0.000000e+00   2.736844e+06  17250s
  916993    9.7824033e+04   0.000000e+00   4.502832e+06  17258s
  917113    9.7824008e+04   0.000000e+00   5.542756e+03  17262s
  917223    9.7823994e+04   0.000000e+00   1.829604e+05  17265s
  917503    9.7823970e+04   0.000000e+00   8.153987e+02  17273s
  917653    9.7823965e+04   0.000000e+00   1.624236e+02  17276s
  917783    9.7823947e+04   0.000000e+00   2.232080e+02  17280s
  918053    9.7823927e+04   0.000000e+00   2.017550e+04  17287s
  918183    9.7823913e+04   0.000000e+00   2.686666e+04  17291s
  918433    9.7823876e+04   0.000000e+00   9.357622e+05  17299s
  918563    9.7823858e+04   0.000000e+00   1.072538e+04  17302s
  918683    9.7823833e+04   0.000000e+00   1.247745e+05  17306s
  918963    9.7823796e+04   0.000000e+00   1.297327e+05  17313s
  919093    9.7823760e+04   0.000000e+00   3.495607e+04  17317s
  919213    9.7823723e+04   0.000000e+00   1.300991e+05  17321s
  919473    9.7823654e+04   0.000000e+00   2.454104e+04  17328s
  919583    9.7823628e+04   0.000000e+00   5.188604e+04  17332s
  919683    9.7823608e+04   0.000000e+00   3.151389e+05  17336s
  920013    9.7823483e+04   0.000000e+00   1.262296e+07  17347s
  920153    9.7823454e+04   0.000000e+00   7.620654e+05  17351s
  920413    9.7823400e+04   0.000000e+00   3.512687e+05  17358s
  920553    9.7823373e+04   0.000000e+00   7.780624e+04  17362s
  920653    9.7823361e+04   0.000000e+00   2.836815e+04  17365s
  920863    9.7823311e+04   0.000000e+00   5.162281e+04  17373s
  920993    9.7823287e+04   0.000000e+00   6.811237e+03  17376s
  921223    9.7823251e+04   0.000000e+00   2.166759e+04  17383s
  921333    9.7823245e+04   0.000000e+00   1.617010e+04  17387s
  921453    9.7823238e+04   0.000000e+00   1.154782e+03  17391s
  921673    9.7823207e+04   0.000000e+00   3.041380e+04  17398s
  921783    9.7823171e+04   0.000000e+00   7.597933e+04  17401s
  921933    9.7823142e+04   0.000000e+00   1.338695e+06  17405s
  922223    9.7823121e+04   0.000000e+00   2.145067e+06  17413s
  922433    9.7823095e+04   0.000000e+00   2.350431e+04  17420s
  922703    9.7823069e+04   0.000000e+00   9.914769e+03  17427s
  922823    9.7823033e+04   0.000000e+00   1.293189e+04  17431s
  923043    9.7822953e+04   0.000000e+00   1.166727e+04  17438s
  923173    9.7822923e+04   0.000000e+00   5.798318e+03  17442s
  923293    9.7822914e+04   0.000000e+00   3.280990e+03  17445s
  923553    9.7822884e+04   0.000000e+00   5.042295e+04  17453s
  923673    9.7822880e+04   0.000000e+00   1.570487e+03  17456s
  923943    9.7822859e+04   0.000000e+00   7.404753e+03  17464s
  924063    9.7822840e+04   0.000000e+00   1.470204e+04  17467s
  924183    9.7822820e+04   0.000000e+00   1.009267e+04  17471s
  924453    9.7822794e+04   0.000000e+00   1.460987e+03  17478s
  924573    9.7822741e+04   0.000000e+00   4.416924e+03  17481s
  924693    9.7822697e+04   0.000000e+00   2.814182e+05  17485s
  924983    9.7822634e+04   0.000000e+00   1.562947e+05  17493s
  925123    9.7822589e+04   0.000000e+00   9.714749e+05  17496s
  925343    9.7822529e+04   0.000000e+00   6.439962e+05  17504s
  925463    9.7822469e+04   0.000000e+00   5.168941e+05  17507s
  925613    9.7822442e+04   0.000000e+00   5.506173e+05  17511s
  925743    9.7822395e+04   0.000000e+00   4.833493e+05  17515s
  925973    9.7822321e+04   0.000000e+00   3.642907e+06  17522s
  926113    9.7822271e+04   0.000000e+00   1.009154e+06  17526s
  926343    9.7821603e+04   0.000000e+00   9.246543e+06  17533s
  926483    9.7821485e+04   0.000000e+00   5.348424e+05  17537s
  926603    9.7821351e+04   0.000000e+00   1.953669e+04  17541s
  926863    9.7821324e+04   0.000000e+00   3.693259e+03  17548s
  927003    9.7821312e+04   0.000000e+00   2.321004e+03  17551s
  927133    9.7821297e+04   0.000000e+00   5.928397e+04  17555s
  927403    9.7821268e+04   0.000000e+00   1.257786e+02  17562s
  927513    9.7821257e+04   0.000000e+00   1.545101e+03  17566s
  927763    9.7821209e+04   0.000000e+00   1.361511e+05  17573s
  927863    9.7821189e+04   0.000000e+00   3.069706e+02  17577s
  927993    9.7821176e+04   0.000000e+00   3.319839e+02  17580s
  928243    9.7821154e+04   0.000000e+00   1.878123e+04  17588s
  928383    9.7821142e+04   0.000000e+00   1.609716e+04  17592s
  928493    9.7821108e+04   0.000000e+00   7.942063e+02  17595s
  928693    9.7821063e+04   0.000000e+00   7.065652e+04  17602s
  928803    9.7820898e+04   0.000000e+00   3.401285e+05  17606s
  929043    9.7820247e+04   0.000000e+00   6.082801e+06  17613s
  929273    9.7820129e+04   0.000000e+00   2.450416e+06  17620s
  929403    9.7820022e+04   0.000000e+00   4.858345e+05  17623s
  929553    9.7819972e+04   0.000000e+00   3.189932e+05  17627s
  929673    9.7819845e+04   0.000000e+00   4.822449e+03  17631s
  929933    9.7819831e+04   0.000000e+00   2.273314e+02  17638s
  930053    9.7819828e+04   0.000000e+00   1.024303e+03  17642s
  930173    9.7819824e+04   0.000000e+00   1.659394e+03  17646s
  930423    9.7819806e+04   0.000000e+00   1.727583e+05  17653s
  930533    9.7819790e+04   0.000000e+00   6.309518e+04  17656s
  930773    9.7819756e+04   0.000000e+00   5.007874e+04  17663s
  930893    9.7819743e+04   0.000000e+00   4.256067e+04  17667s
  931003    9.7819728e+04   0.000000e+00   3.216509e+05  17670s
  931253    9.7819693e+04   0.000000e+00   9.813927e+03  17677s
  931353    9.7819669e+04   0.000000e+00   1.315846e+05  17681s
  931603    9.7819623e+04   0.000000e+00   8.743164e+04  17688s
  931723    9.7819602e+04   0.000000e+00   2.053050e+05  17692s
  931833    9.7819596e+04   0.000000e+00   3.135110e+02  17696s
  932103    9.7819591e+04   0.000000e+00   1.906486e+03  17703s
  932243    9.7819586e+04   0.000000e+00   8.268225e+03  17706s
  932463    9.7819554e+04   0.000000e+00   2.105447e+02  17713s
  932573    9.7819534e+04   0.000000e+00   7.428264e+04  17717s
  932713    9.7819509e+04   0.000000e+00   2.022604e+05  17720s
  932963    9.7819477e+04   0.000000e+00   5.825113e+03  17728s
  933073    9.7819470e+04   0.000000e+00   2.616880e+04  17731s
  933193    9.7819453e+04   0.000000e+00   5.740083e+02  17735s
  933453    9.7819427e+04   0.000000e+00   1.398100e+04  17742s
  933573    9.7819413e+04   0.000000e+00   4.805548e+02  17746s
  933903    9.7819381e+04   0.000000e+00   4.679219e+02  17753s
  934033    9.7819372e+04   0.000000e+00   1.625531e+03  17757s
  934163    9.7819365e+04   0.000000e+00   9.500639e+03  17760s
  934443    9.7819333e+04   0.000000e+00   3.555299e+05  17768s
  934603    9.7819314e+04   0.000000e+00   1.118737e+06  17771s
  934723    9.7819306e+04   0.000000e+00   2.358058e+05  17775s
  935183    9.7819258e+04   0.000000e+00   2.038738e+03  17782s
  935303    9.7819204e+04   0.000000e+00   5.835272e+03  17785s
  935563    9.7819092e+04   0.000000e+00   2.498381e+04  17793s
  935683    9.7818994e+04   0.000000e+00   1.746904e+05  17796s
  935983    9.7818930e+04   0.000000e+00   2.624954e+03  17804s
  936133    9.7818911e+04   0.000000e+00   6.524542e+04  17808s
  936283    9.7818875e+04   0.000000e+00   2.651220e+04  17811s
  936413    9.7818828e+04   0.000000e+00   9.353947e+04  17815s
  936703    9.7818792e+04   0.000000e+00   4.829916e+02  17823s
  936863    9.7818788e+04   0.000000e+00   6.237455e+02  17827s
  937013    9.7818779e+04   0.000000e+00   4.118326e+03  17830s
  937323    9.7818772e+04   0.000000e+00   1.055839e+04  17838s
  937483    9.7818771e+04   0.000000e+00   6.320706e+03  17842s
  937623    9.7818769e+04   0.000000e+00   1.818331e+02  17845s
  937883    9.7818760e+04   0.000000e+00   3.672869e+04  17853s
  937983    9.7818758e+04   0.000000e+00   2.014445e+04  17856s
  938481    9.7818751e+04   0.000000e+00   2.635433e+04  17863s
  938811    9.7818749e+04   0.000000e+00   2.902095e+04  17867s
  939201    9.7818741e+04   0.000000e+00   5.691005e+04  17873s
  939401    9.7818737e+04   0.000000e+00   1.542630e+05  17877s
  939531    9.7818732e+04   0.000000e+00   1.039949e+06  17880s
  940091    9.7818726e+04   0.000000e+00   5.319417e+05  17887s
  940401    9.7818724e+04   0.000000e+00   5.312151e+05  17890s
  940911    9.7818719e+04   0.000000e+00   5.304683e+05  17897s
  941171    9.7818716e+04   0.000000e+00   5.299115e+05  17900s
  941761    9.7818710e+04   0.000000e+00   4.689401e+04  17907s
  941931    9.7818709e+04   0.000000e+00   2.460823e+03  17911s
  942301    9.7818706e+04   0.000000e+00   5.358593e+03  17922s
  942431    9.7818704e+04   0.000000e+00   3.108851e+04  17926s
  942731    9.7818702e+04   0.000000e+00   1.193949e+01  17933s
  943079    9.7818696e+04   0.000000e+00   3.453326e+00  17936s
  943767    9.7818695e+04   0.000000e+00   3.018314e+00  17942s
  944315    9.7818664e+04   0.000000e+00   3.692446e+04  17948s
  944425    9.7818641e+04   0.000000e+00   2.907591e+04  17952s
  944555    9.7818617e+04   0.000000e+00   1.245817e+02  17956s
  945085    9.7818607e+04   0.000000e+00   4.730970e+01  17963s
  945555    9.7818601e+04   0.000000e+00   4.512785e+01  17966s
  946025    9.7818596e+04   0.000000e+00   4.914553e+02  17973s
  946225    9.7818595e+04   0.000000e+00   2.945526e-01  17977s
  946405    9.7818593e+04   0.000000e+00   2.941961e+01  17981s
  947036    9.7818593e+04   0.000000e+00   1.720401e+02  17987s
  947343    9.7826521e+04   7.957227e+05   0.000000e+00  17995s
  947573    9.7833722e+04   5.319286e+04   0.000000e+00  18001s
  947863    9.7835893e+04   1.220536e+06   0.000000e+00  18008s
  948063    9.7836281e+04   1.733900e+05   0.000000e+00  18015s
  948263    9.7836654e+04   4.451211e+05   0.000000e+00  18022s
  948473    9.7836848e+04   3.065575e+05   0.000000e+00  18028s
  948673    9.7837159e+04   1.310136e+05   0.000000e+00  18035s
  948883    9.7837655e+04   2.866306e+06   0.000000e+00  18042s
  949083    9.7838175e+04   1.482479e+06   0.000000e+00  18049s
  949263    9.7838640e+04   2.740156e+05   0.000000e+00  18056s
  949453    9.7838974e+04   9.109789e+05   0.000000e+00  18062s
  949663    9.7839939e+04   9.592148e+05   0.000000e+00  18070s
  949903    9.7841305e+04   1.052245e+06   0.000000e+00  18077s
  950103    9.7842066e+04   2.698624e+06   0.000000e+00  18084s
  950383    9.7842795e+04   1.304900e+06   0.000000e+00  18091s
  950603    9.7843369e+04   1.265238e+05   0.000000e+00  18098s
  950803    9.7843582e+04   3.246486e+05   0.000000e+00  18105s
  950993    9.7843937e+04   4.316334e+05   0.000000e+00  18112s
  951183    9.7844221e+04   4.231658e+05   0.000000e+00  18119s
  951403    9.7844712e+04   4.287844e+05   0.000000e+00  18125s
  951613    9.7845085e+04   4.059890e+05   0.000000e+00  18132s
  951803    9.7845241e+04   3.614895e+06   0.000000e+00  18139s
  952053    9.7845399e+04   6.703516e+05   0.000000e+00  18146s
  952243    9.7845541e+04   4.744381e+05   0.000000e+00  18154s
  952433    9.7845694e+04   1.613989e+05   0.000000e+00  18161s
  952623    9.7845875e+04   1.772688e+05   0.000000e+00  18168s
  952833    9.7846004e+04   5.141438e+05   0.000000e+00  18175s
  953033    9.7846137e+04   1.285994e+06   0.000000e+00  18182s
  953253    9.7846552e+04   2.528098e+05   0.000000e+00  18189s
  953453    9.7846695e+04   1.147098e+06   0.000000e+00  18196s
  953653    9.7846772e+04   1.679043e+06   0.000000e+00  18203s
  953853    9.7846825e+04   1.640855e+05   0.000000e+00  18210s
  954053    9.7846906e+04   1.104367e+06   0.000000e+00  18217s
  954243    9.7846968e+04   5.031263e+05   0.000000e+00  18224s
  954433    9.7847072e+04   6.717812e+06   0.000000e+00  18231s
  954623    9.7847207e+04   4.139384e+05   0.000000e+00  18239s
  954853    9.7847286e+04   8.418733e+04   0.000000e+00  18246s
  955033    9.7847374e+04   1.920443e+05   0.000000e+00  18253s
  955243    9.7847524e+04   1.938472e+05   0.000000e+00  18260s
  955433    9.7847642e+04   4.780849e+05   0.000000e+00  18267s
  955683    9.7847816e+04   1.863321e+05   0.000000e+00  18274s
  955873    9.7847954e+04   2.234038e+06   0.000000e+00  18281s
  956053    9.7848095e+04   4.920545e+05   0.000000e+00  18288s
  956243    9.7848249e+04   2.104786e+06   0.000000e+00  18295s
  956423    9.7848382e+04   2.858672e+05   0.000000e+00  18302s
  956643    9.7848680e+04   2.880240e+06   0.000000e+00  18309s
  956853    9.7848762e+04   6.186076e+04   0.000000e+00  18316s
  957113    9.7848924e+04   4.057861e+06   0.000000e+00  18323s
  957333    9.7849103e+04   3.188847e+05   0.000000e+00  18330s
  957513    9.7849179e+04   3.977873e+05   0.000000e+00  18337s
  957693    9.7849264e+04   6.068540e+04   0.000000e+00  18344s
  957873    9.7849361e+04   1.829234e+05   0.000000e+00  18352s
  958053    9.7849507e+04   9.195971e+04   0.000000e+00  18359s
  958233    9.7849619e+04   8.494266e+04   0.000000e+00  18366s
  958413    9.7849669e+04   2.719717e+05   0.000000e+00  18373s
  958603    9.7849699e+04   6.927759e+04   0.000000e+00  18380s
  958783    9.7849753e+04   2.569765e+04   0.000000e+00  18388s
  959043    9.7849832e+04   1.064528e+05   0.000000e+00  18395s
  959223    9.7850018e+04   1.882759e+04   0.000000e+00  18402s
  959403    9.7850092e+04   4.194831e+04   0.000000e+00  18409s
  959583    9.7850456e+04   4.649885e+05   0.000000e+00  18416s
  959843    9.7850776e+04   3.635461e+05   0.000000e+00  18423s
  960033    9.7850905e+04   2.838317e+05   0.000000e+00  18431s
  960233    9.7851036e+04   7.696099e+04   0.000000e+00  18438s
  960443    9.7851967e+04   5.554999e+04   0.000000e+00  18445s
  960653    9.7852063e+04   5.581545e+05   0.000000e+00  18452s
  960853    9.7852153e+04   1.160463e+05   0.000000e+00  18458s
  961033    9.7852199e+04   9.411145e+04   0.000000e+00  18466s
  961233    9.7852286e+04   8.600178e+04   0.000000e+00  18473s
  961433    9.7852393e+04   8.871268e+05   0.000000e+00  18480s
  961663    9.7852726e+04   4.059975e+04   0.000000e+00  18487s
  961863    9.7853193e+04   1.131363e+05   0.000000e+00  18494s
  962083    9.7853326e+04   8.957978e+03   0.000000e+00  18501s
  962263    9.7853373e+04   1.089052e+05   0.000000e+00  18508s
  962443    9.7853441e+04   6.937382e+04   0.000000e+00  18515s
  962613    9.7853504e+04   5.892371e+04   0.000000e+00  18522s
  962783    9.7853580e+04   1.175601e+05   0.000000e+00  18529s
  962963    9.7853729e+04   1.259152e+04   0.000000e+00  18535s
  963173    9.7859868e+04   4.107188e+06   0.000000e+00  18543s
  963403    9.7861093e+04   3.113068e+05   0.000000e+00  18550s
  963573    9.7861164e+04   5.141871e+04   0.000000e+00  18556s
  963763    9.7861211e+04   7.101496e+04   0.000000e+00  18563s
  963953    9.7861304e+04   1.725497e+05   0.000000e+00  18571s
  964133    9.7861381e+04   4.393095e+04   0.000000e+00  18578s
  964343    9.7861471e+04   9.019180e+03   0.000000e+00  18584s
  964663    9.7863076e+04   4.655955e+05   0.000000e+00  18591s
  964843    9.7863107e+04   1.399053e+04   0.000000e+00  18598s
  965013    9.7863157e+04   1.701700e+04   0.000000e+00  18605s
  965193    9.7863205e+04   1.314503e+04   0.000000e+00  18612s
  965373    9.7863229e+04   1.211796e+05   0.000000e+00  18619s
  965553    9.7863281e+04   3.210828e+03   0.000000e+00  18626s
  965733    9.7863303e+04   1.285046e+04   0.000000e+00  18632s
  965913    9.7863326e+04   9.786936e+03   0.000000e+00  18639s
  966153    9.7863416e+04   2.754670e+06   0.000000e+00  18646s
  966383    9.7864639e+04   7.380536e+03   0.000000e+00  18653s
  966633    9.7864719e+04   7.235478e+02   0.000000e+00  18660s
  966803    9.7864744e+04   7.762386e+02   0.000000e+00  18666s
  966973    9.7864769e+04   4.638721e+04   0.000000e+00  18673s
  967163    9.7864782e+04   4.998056e+02   0.000000e+00  18680s
  967363    9.7864888e+04   9.503079e+03   0.000000e+00  18687s
  967643    9.7865066e+04   2.083116e+03   0.000000e+00  18694s
  967863    9.7865089e+04   1.640775e+04   0.000000e+00  18701s
  968033    9.7865110e+04   1.312355e+04   0.000000e+00  18707s
  968213    9.7865132e+04   4.378129e+02   0.000000e+00  18714s
  968413    9.7865156e+04   2.017801e+03   0.000000e+00  18721s
  968593    9.7865172e+04   2.908056e+03   0.000000e+00  18728s
  968763    9.7865192e+04   2.270452e+04   0.000000e+00  18735s
  968963    9.7865565e+04   5.543564e+03   0.000000e+00  18742s
  969311    9.7866009e+04   1.245582e+05   0.000000e+00  18748s
  969659    9.7866075e+04   9.058224e+01   0.000000e+00  18753s
  969909    9.7866087e+04   1.878383e+03   0.000000e+00  18760s
  970089    9.7866091e+04   5.958168e+01   0.000000e+00  18767s
  970279    9.7866095e+04   7.578425e+02   0.000000e+00  18774s
  970479    9.7866097e+04   5.368563e+02   0.000000e+00  18781s
  970679    9.7866103e+04   1.343781e+03   0.000000e+00  18787s
  970859    9.7866107e+04   6.878733e+02   0.000000e+00  18794s
  971207    9.7866186e+04   1.208801e+00   0.000000e+00  18799s
  971555    9.7866190e+04   9.022761e-01   0.000000e+00  18805s
  971772    9.7866191e+04   0.000000e+00   0.000000e+00  18811s
  972162    9.7862881e+04   0.000000e+00   5.448641e+03  18818s
  972282    9.7862872e+04   0.000000e+00   6.601521e+03  18822s
  972462    9.7862861e+04   0.000000e+00   4.388108e+04  18825s
  972802    9.7862849e+04   0.000000e+00   2.500078e+03  18833s
  972962    9.7862841e+04   0.000000e+00   3.468547e+04  18836s
  973202    9.7862815e+04   0.000000e+00   2.105969e+05  18843s
  973352    9.7862803e+04   0.000000e+00   9.033506e+03  18847s
  973512    9.7862799e+04   0.000000e+00   3.012176e+03  18851s
  973802    9.7862763e+04   0.000000e+00   2.997453e+04  18858s
  973942    9.7862748e+04   0.000000e+00   8.428447e+03  18862s
  974092    9.7862736e+04   0.000000e+00   2.556127e+04  18865s
  974372    9.7862708e+04   0.000000e+00   2.460077e+04  18873s
  974502    9.7862693e+04   0.000000e+00   7.333472e+04  18876s
  974642    9.7862668e+04   0.000000e+00   5.446407e+05  18880s
  974912    9.7862589e+04   0.000000e+00   8.443314e+04  18888s
  975042    9.7862556e+04   0.000000e+00   1.163745e+05  18891s
  975282    9.7862511e+04   0.000000e+00   8.370458e+05  18898s
  975422    9.7862491e+04   0.000000e+00   1.331285e+07  18902s
  975582    9.7862478e+04   0.000000e+00   3.942811e+04  18906s
  975842    9.7862468e+04   0.000000e+00   5.911142e+03  18913s
  975972    9.7862462e+04   0.000000e+00   3.622561e+03  18917s
  976102    9.7862459e+04   0.000000e+00   1.054704e+05  18920s
  976372    9.7862434e+04   0.000000e+00   7.753749e+03  18928s
  976522    9.7862423e+04   0.000000e+00   1.713178e+05  18931s
  976672    9.7862417e+04   0.000000e+00   1.617314e+05  18935s
  976922    9.7862384e+04   0.000000e+00   6.819311e+05  18943s
  977042    9.7862371e+04   0.000000e+00   1.140524e+05  18946s
  977302    9.7862354e+04   0.000000e+00   4.753884e+04  18954s
  977432    9.7862343e+04   0.000000e+00   4.876804e+03  18957s
  977572    9.7862334e+04   0.000000e+00   1.121146e+04  18961s
  977852    9.7862306e+04   0.000000e+00   3.844896e+02  18969s
  977982    9.7862290e+04   0.000000e+00   1.028344e+03  18972s
  978092    9.7862278e+04   0.000000e+00   8.208876e+02  18976s
  978332    9.7862256e+04   0.000000e+00   1.112276e+06  18983s
  978452    9.7862238e+04   0.000000e+00   2.886955e+04  18987s
  978572    9.7862224e+04   0.000000e+00   4.361648e+05  18991s
  978862    9.7862183e+04   0.000000e+00   8.059981e+03  18998s
  978972    9.7862177e+04   0.000000e+00   2.482916e+03  19002s
  979192    9.7862177e+04   0.000000e+00   2.734241e+03  19006s
  979482    9.7862167e+04   0.000000e+00   1.926280e+02  19013s
  979632    9.7862163e+04   0.000000e+00   7.170232e+04  19017s
  979752    9.7862159e+04   0.000000e+00   1.405181e+04  19020s
  980032    9.7862153e+04   0.000000e+00   2.581015e+04  19028s
  980152    9.7862148e+04   0.000000e+00   4.927614e+03  19031s
  980402    9.7862135e+04   0.000000e+00   3.359352e+04  19039s
  980522    9.7862130e+04   0.000000e+00   1.521864e+04  19042s
  980672    9.7862126e+04   0.000000e+00   2.046654e+02  19045s
  980992    9.7862119e+04   0.000000e+00   1.026104e+02  19052s
  981132    9.7862117e+04   0.000000e+00   8.946099e+00  19056s
  981372    9.7862117e+04   4.530102e-03   0.000000e+00  19062s
  983467    9.7862104e+04   0.000000e+00   6.860467e+00  19069s
  984203    9.7862102e+04   0.000000e+00   1.054392e+01  19072s
  984939    9.7862101e+04   0.000000e+00   1.079295e-02  19078s
  985129    9.7862101e+04   0.000000e+00   0.000000e+00  19081s
Extra simplex iterations after uncrush: 15
  985144    9.7862101e+04   0.000000e+00   0.000000e+00  19083s

Solved in 985144 iterations and 19083.19 seconds (21551.97 work units)
Optimal objective  9.786210068e+04

User-callback calls 1403768, time in user-callback 7.15 sec
