Time,Solar|PV|Utility,Electricity|Gas|Fossil|CCGT|w/o CCS,Electricity|Gas|Fossil|OCGT|w/o CCS,Electricity|Oil|w/o CCS,SlackUnit
2030-01-01 00:00:00,0.0,473.8,218.7,0.0,0
2030-01-01 01:00:00,0.0,473.8,218.7,0.0,0
2030-01-01 02:00:00,0.0,473.8,218.7,0.0,0
2030-01-01 03:00:00,0.0,473.8,218.7,0.0,0
2030-01-01 04:00:00,0.0,473.8,218.7,0.0,0
2030-01-01 05:00:00,0.0,473.8,218.7,0.0,0
2030-01-01 06:00:00,0.0,473.8,218.7,0.0,0
2030-01-01 07:00:00,0.0,473.8,218.7,0.0,0
2030-01-01 08:00:00,0.0,473.8,218.7,0.0,0
2030-01-01 09:00:00,4.5,473.8,218.7,0.0,0
2030-01-01 10:00:00,11.2,473.8,218.7,0.0,0
2030-01-01 11:00:00,17.6,473.8,143.1,0.0,0
2030-01-01 12:00:00,21.9,473.8,74.7,0.0,0
2030-01-01 13:00:00,25.3,473.8,25.2,0.0,0
2030-01-01 14:00:00,25.0,473.8,13.2,0.0,0
2030-01-01 15:00:00,23.0,473.8,43.1,0.0,0
2030-01-01 16:00:00,21.1,473.8,82.7,0.0,0
2030-01-01 17:00:00,15.6,473.8,199.8,0.0,0
2030-01-01 18:00:00,8.8,473.8,218.7,0.0,0
2030-01-01 19:00:00,1.6,473.8,218.7,0.0,0
2030-01-01 20:00:00,0.0,473.8,218.7,25.0,0
2030-01-01 21:00:00,0.0,473.8,218.7,17.1,0
2030-01-01 22:00:00,0.0,473.8,218.7,13.2,0
2030-01-01 23:00:00,0.0,473.8,218.7,22.9,0
2030-01-02 00:00:00,0.0,473.8,218.7,0.0,0
2030-01-02 01:00:00,0.0,473.8,218.7,0.0,0
2030-01-02 02:00:00,0.0,473.8,218.7,0.0,0
2030-01-02 03:00:00,0.0,473.8,218.7,0.0,0
2030-01-02 04:00:00,0.0,473.8,218.7,0.0,0
2030-01-02 05:00:00,0.0,473.8,218.7,0.0,0
2030-01-02 06:00:00,0.0,473.8,218.7,0.0,0
2030-01-02 07:00:00,0.0,473.8,218.7,0.0,0
2030-01-02 08:00:00,0.0,473.8,218.7,0.0,0
2030-01-02 09:00:00,2.1,473.8,190.9,0.0,0
2030-01-02 10:00:00,7.4,473.8,140.5,0.0,0
2030-01-02 11:00:00,13.5,473.8,23.3,0.0,0
2030-01-02 12:00:00,16.2,466.5,0.0,0.0,0
2030-01-02 13:00:00,20.8,417.8,0.0,0.0,0
2030-01-02 14:00:00,22.1,422.9,0.0,0.0,0
2030-01-02 15:00:00,21.6,457.7,0.0,0.0,0
2030-01-02 16:00:00,18.9,473.8,82.8,0.0,0
2030-01-02 17:00:00,12.3,473.8,218.7,0.0,0
2030-01-02 18:00:00,6.8,473.8,218.7,0.0,0
2030-01-02 19:00:00,0.9,473.8,218.7,4.1,0
2030-01-02 20:00:00,0.0,473.8,218.7,10.8,0
2030-01-02 21:00:00,0.0,473.8,218.7,42.0,0
2030-01-02 22:00:00,0.0,473.8,218.7,47.3,0
2030-01-02 23:00:00,0.0,473.8,218.7,21.6,0
2030-01-03 00:00:00,0.0,473.8,218.7,0.0,0
2030-01-03 01:00:00,0.0,473.8,218.7,0.0,0
2030-01-03 02:00:00,0.0,473.8,218.7,0.0,0
2030-01-03 03:00:00,0.0,473.8,218.7,0.0,0
2030-01-03 04:00:00,0.0,473.8,218.7,0.0,0
2030-01-03 05:00:00,0.0,473.8,218.7,0.0,0
2030-01-03 06:00:00,0.0,473.8,218.7,0.0,0
2030-01-03 07:00:00,0.0,473.8,218.7,0.0,0
2030-01-03 08:00:00,0.0,473.8,218.7,0.0,0
2030-01-03 09:00:00,3.6,473.8,218.7,0.0,0
2030-01-03 10:00:00,9.6,473.8,218.7,0.0,0
2030-01-03 11:00:00,14.2,473.8,163.5,0.0,0
2030-01-03 12:00:00,18.5,473.8,121.5,0.0,0
2030-01-03 13:00:00,18.9,473.8,134.1,0.0,0
2030-01-03 14:00:00,22.5,473.8,118.1,0.0,0
2030-01-03 15:00:00,16.0,473.8,218.7,0.0,0
2030-01-03 16:00:00,11.7,473.8,218.7,0.0,0
2030-01-03 17:00:00,9.8,473.8,218.7,0.0,0
2030-01-03 18:00:00,5.2,473.8,218.7,0.0,0
2030-01-03 19:00:00,0.5,473.8,218.7,78.4,0
2030-01-03 20:00:00,0.0,473.8,218.7,84.1,0
2030-01-03 21:00:00,0.0,473.8,218.7,74.6,0
2030-01-03 22:00:00,0.0,473.8,218.7,64.1,0
2030-01-03 23:00:00,0.0,473.8,218.7,34.1,0
2030-01-04 00:00:00,0.0,473.8,218.7,0.0,0
2030-01-04 01:00:00,0.0,473.8,218.7,0.0,0
2030-01-04 02:00:00,0.0,473.8,218.7,0.0,0
2030-01-04 03:00:00,0.0,473.8,213.9,0.0,0
2030-01-04 04:00:00,0.0,473.8,179.2,0.0,0
2030-01-04 05:00:00,0.0,473.8,206.0,0.0,0
2030-01-04 06:00:00,0.0,473.8,218.7,0.0,0
2030-01-04 07:00:00,0.0,473.8,218.7,0.0,0
2030-01-04 08:00:00,0.0,473.8,218.7,0.0,0
2030-01-04 09:00:00,3.4,473.8,218.7,0.0,0
2030-01-04 10:00:00,9.3,473.8,218.7,0.0,0
2030-01-04 11:00:00,12.7,473.8,148.0,0.0,0
2030-01-04 12:00:00,18.2,473.8,83.1,0.0,0
2030-01-04 13:00:00,22.7,473.8,71.3,0.0,0
2030-01-04 14:00:00,22.2,473.8,91.4,0.0,0
2030-01-04 15:00:00,23.1,473.8,153.7,0.0,0
2030-01-04 16:00:00,18.9,473.8,218.7,0.0,0
2030-01-04 17:00:00,12.7,473.8,218.7,0.0,0
2030-01-04 18:00:00,5.8,473.8,218.7,0.0,0
2030-01-04 19:00:00,1.3,473.8,218.7,22.1,0
2030-01-04 20:00:00,0.0,473.8,218.7,42.9,0
2030-01-04 21:00:00,0.0,473.8,218.7,31.8,0
2030-01-04 22:00:00,0.0,473.8,218.7,34.9,0
2030-01-04 23:00:00,0.0,473.8,218.7,24.0,0
2030-01-05 00:00:00,0.0,473.8,218.7,0.0,0
2030-01-05 01:00:00,0.0,473.8,218.7,0.0,0
2030-01-05 02:00:00,0.0,473.8,218.7,0.0,0
2030-01-05 03:00:00,0.0,473.8,218.7,0.0,0
2030-01-05 04:00:00,0.0,473.8,218.7,0.0,0
2030-01-05 05:00:00,0.0,473.8,218.7,0.0,0
2030-01-05 06:00:00,0.0,473.8,218.7,0.0,0
2030-01-05 07:00:00,0.0,473.8,218.7,0.0,0
2030-01-05 08:00:00,0.0,473.8,218.7,0.0,0
2030-01-05 09:00:00,3.0,473.8,218.7,0.0,0
2030-01-05 10:00:00,4.8,473.8,218.7,0.0,0
2030-01-05 11:00:00,13.2,473.8,199.6,0.0,0
2030-01-05 12:00:00,16.4,473.8,152.7,0.0,0
2030-01-05 13:00:00,17.7,473.8,130.6,0.0,0
2030-01-05 14:00:00,17.8,473.8,81.2,0.0,0
2030-01-05 15:00:00,17.0,473.8,181.9,0.0,0
2030-01-05 16:00:00,16.4,473.8,218.7,0.0,0
2030-01-05 17:00:00,11.6,473.8,218.7,0.0,0
2030-01-05 18:00:00,6.5,473.8,218.7,0.0,0
2030-01-05 19:00:00,1.6,473.8,218.7,0.0,0
2030-01-05 20:00:00,0.0,473.8,218.7,10.0,0
2030-01-05 21:00:00,0.0,473.8,218.7,12.2,0
2030-01-05 22:00:00,0.0,473.8,218.7,0.0,0
2030-01-05 23:00:00,0.0,473.8,218.7,0.0,0
2030-01-06 00:00:00,0.0,473.8,218.7,0.0,0
2030-01-06 01:00:00,0.0,473.8,218.7,0.0,0
2030-01-06 02:00:00,0.0,473.8,218.7,0.0,0
2030-01-06 03:00:00,0.0,473.8,218.7,0.0,0
2030-01-06 04:00:00,0.0,473.8,218.7,0.0,0
2030-01-06 05:00:00,0.0,473.8,218.7,0.0,0
2030-01-06 06:00:00,0.0,473.8,218.7,0.0,0
2030-01-06 07:00:00,0.0,473.8,218.7,0.0,0
2030-01-06 08:00:00,0.0,473.8,218.7,0.0,0
2030-01-06 09:00:00,3.1,473.8,218.7,0.0,0
2030-01-06 10:00:00,8.8,473.8,212.8,0.0,0
2030-01-06 11:00:00,14.2,473.8,112.7,0.0,0
2030-01-06 12:00:00,18.9,473.8,111.5,0.0,0
2030-01-06 13:00:00,23.6,473.8,96.1,0.0,0
2030-01-06 14:00:00,26.5,473.8,23.7,0.0,0
2030-01-06 15:00:00,24.5,473.8,98.0,0.0,0
2030-01-06 16:00:00,22.1,473.8,163.1,0.0,0
2030-01-06 17:00:00,16.8,473.8,218.7,0.0,0
2030-01-06 18:00:00,9.4,473.8,218.7,0.0,0
2030-01-06 19:00:00,2.0,473.8,218.7,0.0,0
2030-01-06 20:00:00,0.0,473.8,218.7,0.0,0
2030-01-06 21:00:00,0.0,473.8,218.7,0.0,0
2030-01-06 22:00:00,0.0,473.8,218.7,0.0,0
2030-01-06 23:00:00,0.0,473.8,218.7,0.0,0
2030-01-07 00:00:00,0.0,473.8,218.7,0.0,0
2030-01-07 01:00:00,0.0,473.8,218.7,0.0,0
2030-01-07 02:00:00,0.0,473.8,218.7,0.0,0
2030-01-07 03:00:00,0.0,473.8,218.7,0.0,0
2030-01-07 04:00:00,0.0,473.8,218.7,0.0,0
2030-01-07 05:00:00,0.0,473.8,218.7,0.0,0
2030-01-07 06:00:00,0.0,473.8,218.7,0.0,0
2030-01-07 07:00:00,0.0,473.8,218.7,0.0,0
2030-01-07 08:00:00,0.0,473.8,218.7,0.0,0
2030-01-07 09:00:00,4.6,473.8,218.7,0.0,0
2030-01-07 10:00:00,11.2,473.8,218.7,0.0,0
2030-01-07 11:00:00,18.1,473.8,158.0,0.0,0
2030-01-07 12:00:00,22.7,473.8,97.0,0.0,0
2030-01-07 13:00:00,25.2,473.8,84.6,0.0,0
2030-01-07 14:00:00,23.4,473.8,75.6,0.0,0
2030-01-07 15:00:00,25.0,473.8,111.4,0.0,0
2030-01-07 16:00:00,21.2,473.8,161.5,0.0,0
2030-01-07 17:00:00,15.2,473.8,209.7,0.0,0
2030-01-07 18:00:00,8.8,473.8,218.7,0.0,0
2030-01-07 19:00:00,1.8,473.8,218.7,0.0,0
2030-01-07 20:00:00,0.0,473.8,218.7,5.8,0
2030-01-07 21:00:00,0.0,473.8,218.7,8.4,0
2030-01-07 22:00:00,0.0,473.8,218.7,0.0,0
2030-01-07 23:00:00,0.0,473.8,218.7,0.0,0
2030-01-08 00:00:00,0.0,473.8,218.7,0.0,0
2030-01-08 01:00:00,0.0,473.8,218.7,0.0,0
2030-01-08 02:00:00,0.0,473.8,218.7,0.0,0
2030-01-08 03:00:00,0.0,473.8,218.7,0.0,0
2030-01-08 04:00:00,0.0,473.8,218.7,0.0,0
2030-01-08 05:00:00,0.0,473.8,218.7,0.0,0
2030-01-08 06:00:00,0.0,473.8,218.7,0.0,0
2030-01-08 07:00:00,0.0,473.8,218.7,0.0,0
2030-01-08 08:00:00,0.0,473.8,218.7,0.0,0
2030-01-08 09:00:00,2.5,473.8,218.7,0.0,0
2030-01-08 10:00:00,10.5,473.8,207.6,0.0,0
2030-01-08 11:00:00,19.7,473.8,39.2,0.0,0
2030-01-08 12:00:00,24.1,473.8,0.0,0.0,0
2030-01-08 13:00:00,26.5,473.8,0.0,0.0,0
2030-01-08 14:00:00,27.3,473.8,0.0,0.0,0
2030-01-08 15:00:00,25.9,473.8,0.0,0.0,0
2030-01-08 16:00:00,21.9,473.8,0.0,0.0,0
2030-01-08 17:00:00,16.6,473.8,9.0,0.0,0
2030-01-08 18:00:00,9.5,473.8,125.9,0.0,0
2030-01-08 19:00:00,2.1,473.8,218.7,0.0,0
2030-01-08 20:00:00,0.0,473.8,218.7,0.0,0
2030-01-08 21:00:00,0.0,473.8,218.7,0.0,0
2030-01-08 22:00:00,0.0,473.8,218.7,0.0,0
2030-01-08 23:00:00,0.0,473.8,218.7,0.0,0
2030-01-09 00:00:00,0.0,473.8,218.7,0.0,0
2030-01-09 01:00:00,0.0,473.8,218.7,0.0,0
2030-01-09 02:00:00,0.0,473.8,218.7,0.0,0
2030-01-09 03:00:00,0.0,473.8,218.7,0.0,0
2030-01-09 04:00:00,0.0,473.8,218.7,0.0,0
2030-01-09 05:00:00,0.0,473.8,218.7,0.0,0
2030-01-09 06:00:00,0.0,473.8,216.5,0.0,0
2030-01-09 07:00:00,0.0,473.8,203.5,0.0,0
2030-01-09 08:00:00,0.0,473.8,148.2,0.0,0
2030-01-09 09:00:00,5.3,473.8,102.0,0.0,0
2030-01-09 10:00:00,13.6,471.5,0.0,0.0,0
2030-01-09 11:00:00,20.5,395.1,0.0,0.0,0
2030-01-09 12:00:00,25.2,394.4,0.0,0.0,0
2030-01-09 13:00:00,27.8,396.4,0.0,0.0,0
2030-01-09 14:00:00,28.3,394.2,0.0,0.0,0
2030-01-09 15:00:00,26.9,421.6,0.0,0.0,0
2030-01-09 16:00:00,23.3,471.9,0.0,0.0,0
2030-01-09 17:00:00,17.6,473.8,48.8,0.0,0
2030-01-09 18:00:00,10.0,473.8,133.3,0.0,0
2030-01-09 19:00:00,2.2,473.8,218.7,0.0,0
2030-01-09 20:00:00,0.0,473.8,218.7,0.0,0
2030-01-09 21:00:00,0.0,473.8,218.7,0.0,0
2030-01-09 22:00:00,0.0,473.8,218.7,0.0,0
2030-01-09 23:00:00,0.0,473.8,218.7,0.0,0
2030-01-10 00:00:00,0.0,473.8,218.7,0.0,0
2030-01-10 01:00:00,0.0,473.8,218.7,0.0,0
2030-01-10 02:00:00,0.0,473.8,218.7,0.0,0
2030-01-10 03:00:00,0.0,473.8,218.7,0.0,0
2030-01-10 04:00:00,0.0,473.8,214.8,0.0,0
2030-01-10 05:00:00,0.0,473.8,210.1,0.0,0
2030-01-10 06:00:00,0.0,473.8,218.7,0.0,0
2030-01-10 07:00:00,0.0,473.8,218.7,0.0,0
2030-01-10 08:00:00,0.0,473.8,218.7,0.0,0
2030-01-10 09:00:00,5.3,473.8,218.7,0.0,0
2030-01-10 10:00:00,13.5,473.8,162.9,0.0,0
2030-01-10 11:00:00,20.3,473.8,76.0,0.0,0
2030-01-10 12:00:00,25.0,473.8,25.4,0.0,0
2030-01-10 13:00:00,27.6,473.8,21.2,0.0,0
2030-01-10 14:00:00,28.1,473.8,0.0,0.0,0
2030-01-10 15:00:00,26.5,473.8,98.4,0.0,0
2030-01-10 16:00:00,22.9,473.8,180.3,0.0,0
2030-01-10 17:00:00,17.2,473.8,218.7,0.0,0
2030-01-10 18:00:00,9.7,473.8,218.7,0.0,0
2030-01-10 19:00:00,2.2,473.8,218.7,0.0,0
2030-01-10 20:00:00,0.0,473.8,218.7,16.7,0
2030-01-10 21:00:00,0.0,473.8,218.7,17.9,0
2030-01-10 22:00:00,0.0,473.8,218.7,8.6,0
2030-01-10 23:00:00,0.0,473.8,218.7,0.0,0
2030-01-11 00:00:00,0.0,473.8,218.7,0.0,0
2030-01-11 01:00:00,0.0,473.8,218.7,0.0,0
2030-01-11 02:00:00,0.0,473.8,218.7,0.0,0
2030-01-11 03:00:00,0.0,473.8,218.7,0.0,0
2030-01-11 04:00:00,0.0,473.8,218.7,0.0,0
2030-01-11 05:00:00,0.0,473.8,213.1,0.0,0
2030-01-11 06:00:00,0.0,473.8,218.7,0.0,0
2030-01-11 07:00:00,0.0,473.8,218.7,0.0,0
2030-01-11 08:00:00,0.0,473.8,218.7,0.0,0
2030-01-11 09:00:00,5.1,473.8,218.7,0.0,0
2030-01-11 10:00:00,13.1,473.8,140.2,0.0,0
2030-01-11 11:00:00,19.9,473.8,46.4,0.0,0
2030-01-11 12:00:00,24.5,473.8,8.0,0.0,0
2030-01-11 13:00:00,27.1,473.8,14.1,0.0,0
2030-01-11 14:00:00,27.5,473.8,18.7,0.0,0
2030-01-11 15:00:00,26.1,473.8,95.6,0.0,0
2030-01-11 16:00:00,22.6,473.8,173.5,0.0,0
2030-01-11 17:00:00,17.0,473.8,218.7,0.0,0
2030-01-11 18:00:00,9.6,473.8,218.7,0.0,0
2030-01-11 19:00:00,2.1,473.8,218.7,0.0,0
2030-01-11 20:00:00,0.0,473.8,218.7,0.0,0
2030-01-11 21:00:00,0.0,473.8,218.7,0.0,0
2030-01-11 22:00:00,0.0,473.8,218.7,0.0,0
2030-01-11 23:00:00,0.0,473.8,218.7,0.0,0
2030-01-12 00:00:00,0.0,473.8,218.7,0.0,0
2030-01-12 01:00:00,0.0,473.8,218.7,0.0,0
2030-01-12 02:00:00,0.0,473.8,218.7,0.0,0
2030-01-12 03:00:00,0.0,473.8,194.1,0.0,0
2030-01-12 04:00:00,0.0,473.8,164.8,0.0,0
2030-01-12 05:00:00,0.0,473.8,162.3,0.0,0
2030-01-12 06:00:00,0.0,473.8,211.5,0.0,0
2030-01-12 07:00:00,0.0,473.8,218.7,0.0,0
2030-01-12 08:00:00,0.0,473.8,218.7,0.0,0
2030-01-12 09:00:00,5.1,473.8,203.8,0.0,0
2030-01-12 10:00:00,13.1,473.8,106.0,0.0,0
2030-01-12 11:00:00,19.9,473.8,27.8,0.0,0
2030-01-12 12:00:00,24.5,473.8,0.0,0.0,0
2030-01-12 13:00:00,27.1,473.8,0.7,0.0,0
2030-01-12 14:00:00,27.4,473.8,0.0,0.0,0
2030-01-12 15:00:00,26.1,473.8,70.6,0.0,0
2030-01-12 16:00:00,22.6,473.8,138.4,0.0,0
2030-01-12 17:00:00,17.1,473.8,193.0,0.0,0
2030-01-12 18:00:00,9.6,473.8,218.7,0.0,0
2030-01-12 19:00:00,2.1,473.8,218.7,0.0,0
2030-01-12 20:00:00,0.0,473.8,218.7,0.0,0
2030-01-12 21:00:00,0.0,473.8,218.7,0.0,0
2030-01-12 22:00:00,0.0,473.8,218.7,0.0,0
2030-01-12 23:00:00,0.0,473.8,218.7,0.0,0
2030-01-13 00:00:00,0.0,473.8,218.7,0.0,0
2030-01-13 01:00:00,0.0,473.8,218.7,0.0,0
2030-01-13 02:00:00,0.0,473.8,218.7,0.0,0
2030-01-13 03:00:00,0.0,473.8,193.9,0.0,0
2030-01-13 04:00:00,0.0,473.8,171.9,0.0,0
2030-01-13 05:00:00,0.0,473.8,179.0,0.0,0
2030-01-13 06:00:00,0.0,473.8,218.7,0.0,0
2030-01-13 07:00:00,0.0,473.8,218.7,0.0,0
2030-01-13 08:00:00,0.0,473.8,218.7,0.0,0
2030-01-13 09:00:00,5.0,473.8,218.7,0.0,0
2030-01-13 10:00:00,13.1,473.8,134.5,0.0,0
2030-01-13 11:00:00,19.9,473.8,58.6,0.0,0
2030-01-13 12:00:00,24.6,473.8,30.5,0.0,0
2030-01-13 13:00:00,27.2,473.8,28.3,0.0,0
2030-01-13 14:00:00,27.7,473.8,10.6,0.0,0
2030-01-13 15:00:00,26.2,473.8,90.1,0.0,0
2030-01-13 16:00:00,22.8,473.8,155.8,0.0,0
2030-01-13 17:00:00,17.3,473.8,206.6,0.0,0
2030-01-13 18:00:00,9.8,473.8,218.7,0.0,0
2030-01-13 19:00:00,2.3,473.8,218.7,0.0,0
2030-01-13 20:00:00,0.0,473.8,218.7,0.0,0
2030-01-13 21:00:00,0.0,473.8,218.7,0.0,0
2030-01-13 22:00:00,0.0,473.8,218.7,0.0,0
2030-01-13 23:00:00,0.0,473.8,218.7,0.0,0
2030-01-14 00:00:00,0.0,473.8,218.7,0.0,0
2030-01-14 01:00:00,0.0,473.8,218.7,0.0,0
2030-01-14 02:00:00,0.0,473.8,218.7,0.0,0
2030-01-14 03:00:00,0.0,473.8,218.7,0.0,0
2030-01-14 04:00:00,0.0,473.8,205.2,0.0,0
2030-01-14 05:00:00,0.0,473.8,210.3,0.0,0
2030-01-14 06:00:00,0.0,473.8,218.7,0.0,0
2030-01-14 07:00:00,0.0,473.8,218.7,0.0,0
2030-01-14 08:00:00,0.0,473.8,218.7,0.0,0
2030-01-14 09:00:00,5.2,473.8,218.7,0.0,0
2030-01-14 10:00:00,13.4,473.8,173.4,0.0,0
2030-01-14 11:00:00,20.4,473.8,78.3,0.0,0
2030-01-14 12:00:00,25.2,473.8,33.4,0.0,0
2030-01-14 13:00:00,27.8,473.8,19.5,0.0,0
2030-01-14 14:00:00,28.3,473.8,0.0,0.0,0
2030-01-14 15:00:00,26.8,473.8,85.6,0.0,0
2030-01-14 16:00:00,23.3,473.8,170.9,0.0,0
2030-01-14 17:00:00,17.7,473.8,218.7,0.0,0
2030-01-14 18:00:00,10.2,473.8,218.7,0.0,0
2030-01-14 19:00:00,2.4,473.8,218.7,0.0,0
2030-01-14 20:00:00,0.0,473.8,218.7,0.0,0
2030-01-14 21:00:00,0.0,473.8,218.7,0.0,0
2030-01-14 22:00:00,0.0,473.8,218.7,8.2,0
2030-01-14 23:00:00,0.0,473.8,218.7,0.0,0
2030-01-15 00:00:00,0.0,473.8,218.7,0.0,0
2030-01-15 01:00:00,0.0,473.8,218.7,0.0,0
2030-01-15 02:00:00,0.0,473.8,218.7,0.0,0
2030-01-15 03:00:00,0.0,473.8,218.7,0.0,0
2030-01-15 04:00:00,0.0,473.8,218.7,0.0,0
2030-01-15 05:00:00,0.0,473.8,218.7,0.0,0
2030-01-15 06:00:00,0.0,473.8,218.7,0.0,0
2030-01-15 07:00:00,0.0,473.8,218.7,0.0,0
2030-01-15 08:00:00,0.0,473.8,218.7,0.0,0
2030-01-15 09:00:00,5.1,473.8,218.7,0.0,0
2030-01-15 10:00:00,13.0,473.8,204.9,0.0,0
2030-01-15 11:00:00,20.3,473.8,98.6,0.0,0
2030-01-15 12:00:00,25.3,473.8,38.4,0.0,0
2030-01-15 13:00:00,27.9,473.8,2.5,0.0,0
2030-01-15 14:00:00,28.4,473.8,0.0,0.0,0
2030-01-15 15:00:00,26.8,473.8,21.2,0.0,0
2030-01-15 16:00:00,23.6,473.8,45.2,0.0,0
2030-01-15 17:00:00,18.0,473.8,146.6,0.0,0
2030-01-15 18:00:00,10.0,473.8,218.7,0.0,0
2030-01-15 19:00:00,2.4,473.8,218.7,0.0,0
2030-01-15 20:00:00,0.0,473.8,218.7,0.0,0
2030-01-15 21:00:00,0.0,473.8,218.7,0.0,0
2030-01-15 22:00:00,0.0,473.8,218.7,0.0,0
2030-01-15 23:00:00,0.0,473.8,218.7,0.0,0
2030-01-16 00:00:00,0.0,473.8,218.7,0.0,0
2030-01-16 01:00:00,0.0,473.8,218.7,0.0,0
2030-01-16 02:00:00,0.0,473.8,218.7,0.0,0
2030-01-16 03:00:00,0.0,473.8,218.7,0.0,0
2030-01-16 04:00:00,0.0,473.8,218.7,0.0,0
2030-01-16 05:00:00,0.0,473.8,218.7,0.0,0
2030-01-16 06:00:00,0.0,473.8,218.7,0.0,0
2030-01-16 07:00:00,0.0,473.8,218.7,0.0,0
2030-01-16 08:00:00,0.0,473.8,167.2,0.0,0
2030-01-16 09:00:00,4.2,473.8,134.2,0.0,0
2030-01-16 10:00:00,13.0,473.8,82.5,0.0,0
2030-01-16 11:00:00,20.2,425.7,0.0,0.0,0
2030-01-16 12:00:00,25.0,394.6,0.0,0.0,0
2030-01-16 13:00:00,27.5,397.9,0.0,0.0,0
2030-01-16 14:00:00,27.6,407.6,0.0,0.0,0
2030-01-16 15:00:00,26.2,433.3,0.0,0.0,0
2030-01-16 16:00:00,21.8,473.8,29.7,0.0,0
2030-01-16 17:00:00,15.6,473.8,120.9,0.0,0
2030-01-16 18:00:00,9.7,473.8,171.1,0.0,0
2030-01-16 19:00:00,2.3,473.8,218.7,0.0,0
2030-01-16 20:00:00,0.0,473.8,218.7,0.0,0
2030-01-16 21:00:00,0.0,473.8,218.7,0.0,0
2030-01-16 22:00:00,0.0,473.8,218.7,0.0,0
2030-01-16 23:00:00,0.0,473.8,218.7,0.0,0
2030-01-17 00:00:00,0.0,473.8,218.7,0.0,0
2030-01-17 01:00:00,0.0,473.8,218.7,0.0,0
2030-01-17 02:00:00,0.0,473.8,218.7,0.0,0
2030-01-17 03:00:00,0.0,473.8,218.7,0.0,0
2030-01-17 04:00:00,0.0,473.8,218.7,0.0,0
2030-01-17 05:00:00,0.0,473.8,213.3,0.0,0
2030-01-17 06:00:00,0.0,473.8,218.7,0.0,0
2030-01-17 07:00:00,0.0,473.8,218.7,0.0,0
2030-01-17 08:00:00,0.0,473.8,218.7,0.0,0
2030-01-17 09:00:00,5.0,473.8,218.7,0.0,0
2030-01-17 10:00:00,13.1,473.8,211.9,0.0,0
2030-01-17 11:00:00,19.9,473.8,128.6,0.0,0
2030-01-17 12:00:00,24.7,473.8,72.1,0.0,0
2030-01-17 13:00:00,27.4,473.8,44.3,0.0,0
2030-01-17 14:00:00,28.1,473.8,0.0,0.0,0
2030-01-17 15:00:00,26.7,473.8,47.6,0.0,0
2030-01-17 16:00:00,23.3,473.8,94.2,0.0,0
2030-01-17 17:00:00,17.8,473.8,134.4,0.0,0
2030-01-17 18:00:00,10.2,473.8,186.9,0.0,0
2030-01-17 19:00:00,2.5,473.8,218.7,0.0,0
2030-01-17 20:00:00,0.0,473.8,218.7,0.0,0
2030-01-17 21:00:00,0.0,473.8,218.7,0.0,0
2030-01-17 22:00:00,0.0,473.8,218.7,0.0,0
2030-01-17 23:00:00,0.0,473.8,218.7,0.0,0
2030-01-18 00:00:00,0.0,473.8,218.7,0.0,0
2030-01-18 01:00:00,0.0,473.8,218.7,0.0,0
2030-01-18 02:00:00,0.0,473.8,218.7,0.0,0
2030-01-18 03:00:00,0.0,473.8,213.8,0.0,0
2030-01-18 04:00:00,0.0,473.8,187.2,0.0,0
2030-01-18 05:00:00,0.0,473.8,173.2,0.0,0
2030-01-18 06:00:00,0.0,473.8,201.5,0.0,0
2030-01-18 07:00:00,0.0,473.8,218.7,0.0,0
2030-01-18 08:00:00,0.0,473.8,218.7,0.0,0
2030-01-18 09:00:00,4.6,473.8,184.6,0.0,0
2030-01-18 10:00:00,12.7,473.8,153.3,0.0,0
2030-01-18 11:00:00,20.1,473.8,62.8,0.0,0
2030-01-18 12:00:00,25.0,473.8,5.9,0.0,0
2030-01-18 13:00:00,27.7,473.8,0.0,0.0,0
2030-01-18 14:00:00,28.4,473.8,0.0,0.0,0
2030-01-18 15:00:00,27.0,473.8,8.3,0.0,0
2030-01-18 16:00:00,23.6,473.8,77.5,0.0,0
2030-01-18 17:00:00,18.0,473.8,148.9,0.0,0
2030-01-18 18:00:00,10.4,473.8,218.7,0.0,0
2030-01-18 19:00:00,2.6,473.8,218.7,0.0,0
2030-01-18 20:00:00,0.0,473.8,218.7,0.0,0
2030-01-18 21:00:00,0.0,473.8,218.7,0.0,0
2030-01-18 22:00:00,0.0,473.8,218.7,0.0,0
2030-01-18 23:00:00,0.0,473.8,218.7,0.0,0
2030-01-19 00:00:00,0.0,473.8,218.7,0.0,0
2030-01-19 01:00:00,0.0,473.8,218.7,0.0,0
2030-01-19 02:00:00,0.0,473.8,218.7,0.0,0
2030-01-19 03:00:00,0.0,473.8,210.4,0.0,0
2030-01-19 04:00:00,0.0,473.8,181.2,0.0,0
2030-01-19 05:00:00,0.0,473.8,179.0,0.0,0
2030-01-19 06:00:00,0.0,473.8,218.7,0.0,0
2030-01-19 07:00:00,0.0,473.8,218.7,0.0,0
2030-01-19 08:00:00,0.0,473.8,218.7,0.0,0
2030-01-19 09:00:00,5.1,473.8,216.8,0.0,0
2030-01-19 10:00:00,13.3,473.8,188.7,0.0,0
2030-01-19 11:00:00,20.3,473.8,107.5,0.0,0
2030-01-19 12:00:00,25.2,473.8,52.4,0.0,0
2030-01-19 13:00:00,28.0,473.8,34.7,0.0,0
2030-01-19 14:00:00,28.5,473.8,23.3,0.0,0
2030-01-19 15:00:00,27.2,473.8,90.8,0.0,0
2030-01-19 16:00:00,23.8,473.8,149.6,0.0,0
2030-01-19 17:00:00,18.2,473.8,209.8,0.0,0
2030-01-19 18:00:00,10.6,473.8,218.7,0.0,0
2030-01-19 19:00:00,2.7,473.8,218.7,0.0,0
2030-01-19 20:00:00,0.0,473.8,218.7,0.0,0
2030-01-19 21:00:00,0.0,473.8,218.7,0.0,0
2030-01-19 22:00:00,0.0,473.8,218.7,0.0,0
2030-01-19 23:00:00,0.0,473.8,218.7,0.0,0
2030-01-20 00:00:00,0.0,473.8,218.7,0.0,0
2030-01-20 01:00:00,0.0,473.8,218.7,0.0,0
2030-01-20 02:00:00,0.0,473.8,218.7,0.0,0
2030-01-20 03:00:00,0.0,473.8,218.7,0.0,0
2030-01-20 04:00:00,0.0,473.8,218.7,0.0,0
2030-01-20 05:00:00,0.0,473.8,216.2,0.0,0
2030-01-20 06:00:00,0.0,473.8,218.7,0.0,0
2030-01-20 07:00:00,0.0,473.8,218.7,0.0,0
2030-01-20 08:00:00,0.0,473.8,218.7,0.0,0
2030-01-20 09:00:00,5.0,473.8,218.7,0.0,0
2030-01-20 10:00:00,13.4,473.8,218.7,0.0,0
2030-01-20 11:00:00,20.4,473.8,139.0,0.0,0
2030-01-20 12:00:00,25.3,473.8,87.8,0.0,0
2030-01-20 13:00:00,28.1,473.8,75.9,0.0,0
2030-01-20 14:00:00,28.7,473.8,61.5,0.0,0
2030-01-20 15:00:00,27.4,473.8,121.5,0.0,0
2030-01-20 16:00:00,24.1,473.8,190.5,0.0,0
2030-01-20 17:00:00,18.4,473.8,218.7,0.0,0
2030-01-20 18:00:00,10.7,473.8,218.7,0.0,0
2030-01-20 19:00:00,2.7,473.8,218.7,0.0,0
2030-01-20 20:00:00,0.0,473.8,218.7,6.2,0
2030-01-20 21:00:00,0.0,473.8,218.7,0.0,0
2030-01-20 22:00:00,0.0,473.8,218.7,0.0,0
2030-01-20 23:00:00,0.0,473.8,218.7,0.0,0
2030-01-21 00:00:00,0.0,473.8,218.7,0.0,0
2030-01-21 01:00:00,0.0,473.8,218.7,0.0,0
2030-01-21 02:00:00,0.0,473.8,218.7,0.0,0
2030-01-21 03:00:00,0.0,473.8,218.7,0.0,0
2030-01-21 04:00:00,0.0,473.8,218.7,0.0,0
2030-01-21 05:00:00,0.0,473.8,211.2,0.0,0
2030-01-21 06:00:00,0.0,473.8,218.7,0.0,0
2030-01-21 07:00:00,0.0,473.8,218.7,0.0,0
2030-01-21 08:00:00,0.0,473.8,218.7,0.0,0
2030-01-21 09:00:00,5.0,473.8,218.7,0.0,0
2030-01-21 10:00:00,13.3,473.8,196.5,0.0,0
2030-01-21 11:00:00,20.4,473.8,116.8,0.0,0
2030-01-21 12:00:00,25.3,473.8,70.3,0.0,0
2030-01-21 13:00:00,28.0,473.8,55.8,0.0,0
2030-01-21 14:00:00,28.6,473.8,28.6,0.0,0
2030-01-21 15:00:00,27.2,473.8,110.9,0.0,0
2030-01-21 16:00:00,23.7,473.8,187.5,0.0,0
2030-01-21 17:00:00,18.2,473.8,218.7,0.0,0
2030-01-21 18:00:00,10.6,473.8,218.7,0.0,0
2030-01-21 19:00:00,2.6,473.8,218.7,0.0,0
2030-01-21 20:00:00,0.0,473.8,218.7,14.2,0
2030-01-21 21:00:00,0.0,473.8,218.7,0.0,0
2030-01-21 22:00:00,0.0,473.8,218.7,0.0,0
2030-01-21 23:00:00,0.0,473.8,218.7,0.0,0
2030-01-22 00:00:00,0.0,473.8,218.7,0.0,0
2030-01-22 01:00:00,0.0,473.8,218.7,0.0,0
2030-01-22 02:00:00,0.0,473.8,218.7,0.0,0
2030-01-22 03:00:00,0.0,473.8,218.7,0.0,0
2030-01-22 04:00:00,0.0,473.8,218.7,0.0,0
2030-01-22 05:00:00,0.0,473.8,207.0,0.0,0
2030-01-22 06:00:00,0.0,473.8,218.7,0.0,0
2030-01-22 07:00:00,0.0,473.8,210.7,0.0,0
2030-01-22 08:00:00,0.0,473.8,218.7,0.0,0
2030-01-22 09:00:00,5.1,473.8,218.7,0.0,0
2030-01-22 10:00:00,13.3,473.8,202.4,0.0,0
2030-01-22 11:00:00,20.4,473.8,88.7,0.0,0
2030-01-22 12:00:00,25.3,473.8,26.1,0.0,0
2030-01-22 13:00:00,28.1,473.8,0.0,0.0,0
2030-01-22 14:00:00,28.8,473.8,0.0,0.0,0
2030-01-22 15:00:00,27.2,473.8,21.6,0.0,0
2030-01-22 16:00:00,23.8,473.8,45.0,0.0,0
2030-01-22 17:00:00,18.1,473.8,138.8,0.0,0
2030-01-22 18:00:00,10.0,473.8,218.7,0.0,0
2030-01-22 19:00:00,2.6,473.8,218.7,0.0,0
2030-01-22 20:00:00,0.0,473.8,218.7,0.0,0
2030-01-22 21:00:00,0.0,473.8,218.7,0.0,0
2030-01-22 22:00:00,0.0,473.8,218.7,0.0,0
2030-01-22 23:00:00,0.0,473.8,218.7,0.0,0
2030-01-23 00:00:00,0.0,473.8,218.7,0.0,0
2030-01-23 01:00:00,0.0,473.8,218.7,0.0,0
2030-01-23 02:00:00,0.0,473.8,218.7,0.0,0
2030-01-23 03:00:00,0.0,473.8,218.7,0.0,0
2030-01-23 04:00:00,0.0,473.8,218.7,0.0,0
2030-01-23 05:00:00,0.0,473.8,218.6,0.0,0
2030-01-23 06:00:00,0.0,473.8,209.1,0.0,0
2030-01-23 07:00:00,0.0,473.8,208.2,0.0,0
2030-01-23 08:00:00,0.0,473.8,159.4,0.0,0
2030-01-23 09:00:00,4.8,473.8,123.6,0.0,0
2030-01-23 10:00:00,13.2,473.8,89.6,0.0,0
2030-01-23 11:00:00,20.1,428.6,0.0,0.0,0
2030-01-23 12:00:00,25.2,395.0,0.0,0.0,0
2030-01-23 13:00:00,27.9,398.6,0.0,0.0,0
2030-01-23 14:00:00,28.7,397.3,0.0,0.0,0
2030-01-23 15:00:00,27.2,431.6,0.0,0.0,0
2030-01-23 16:00:00,23.7,473.8,29.1,0.0,0
2030-01-23 17:00:00,17.8,473.8,110.4,0.0,0
2030-01-23 18:00:00,10.5,473.8,178.3,0.0,0
2030-01-23 19:00:00,2.8,473.8,218.7,0.0,0
2030-01-23 20:00:00,0.0,473.8,218.7,0.0,0
2030-01-23 21:00:00,0.0,473.8,218.7,0.0,0
2030-01-23 22:00:00,0.0,473.8,218.7,0.0,0
2030-01-23 23:00:00,0.0,473.8,218.7,0.0,0
2030-01-24 00:00:00,0.0,473.8,218.7,0.0,0
2030-01-24 01:00:00,0.0,473.8,218.7,0.0,0
2030-01-24 02:00:00,0.0,473.8,218.7,0.0,0
2030-01-24 03:00:00,0.0,473.8,218.7,0.0,0
2030-01-24 04:00:00,0.0,473.8,218.7,0.0,0
2030-01-24 05:00:00,0.0,473.8,213.2,0.0,0
2030-01-24 06:00:00,0.0,473.8,218.7,0.0,0
2030-01-24 07:00:00,0.0,473.8,218.7,0.0,0
2030-01-24 08:00:00,0.0,473.8,218.7,0.0,0
2030-01-24 09:00:00,4.1,473.8,218.7,0.0,0
2030-01-24 10:00:00,13.0,473.8,160.0,0.0,0
2030-01-24 11:00:00,20.3,473.8,59.4,0.0,0
2030-01-24 12:00:00,25.2,473.8,0.0,0.0,0
2030-01-24 13:00:00,28.0,473.8,0.0,0.0,0
2030-01-24 14:00:00,28.7,473.8,0.0,0.0,0
2030-01-24 15:00:00,27.4,473.8,17.0,0.0,0
2030-01-24 16:00:00,24.0,473.8,73.3,0.0,0
2030-01-24 17:00:00,18.4,473.8,115.8,0.0,0
2030-01-24 18:00:00,10.8,473.8,182.5,0.0,0
2030-01-24 19:00:00,2.8,473.8,218.7,0.0,0
2030-01-24 20:00:00,0.0,473.8,218.7,0.0,0
2030-01-24 21:00:00,0.0,473.8,218.7,0.0,0
2030-01-24 22:00:00,0.0,473.8,218.7,0.0,0
2030-01-24 23:00:00,0.0,473.8,218.7,0.0,0
2030-01-25 00:00:00,0.0,473.8,218.7,0.0,0
2030-01-25 01:00:00,0.0,473.8,218.7,0.0,0
2030-01-25 02:00:00,0.0,473.8,218.7,0.0,0
2030-01-25 03:00:00,0.0,473.8,213.5,0.0,0
2030-01-25 04:00:00,0.0,473.8,184.7,0.0,0
2030-01-25 05:00:00,0.0,473.8,180.4,0.0,0
2030-01-25 06:00:00,0.0,473.8,218.7,0.0,0
2030-01-25 07:00:00,0.0,473.8,218.7,0.0,0
2030-01-25 08:00:00,0.0,473.8,218.7,0.0,0
2030-01-25 09:00:00,4.3,473.8,218.7,0.0,0
2030-01-25 10:00:00,12.7,473.8,147.6,0.0,0
2030-01-25 11:00:00,20.1,473.8,51.2,0.0,0
2030-01-25 12:00:00,25.0,473.8,0.0,0.0,0
2030-01-25 13:00:00,27.6,473.8,0.0,0.0,0
2030-01-25 14:00:00,28.6,473.8,0.0,0.0,0
2030-01-25 15:00:00,27.3,473.8,37.6,0.0,0
2030-01-25 16:00:00,23.8,473.8,93.6,0.0,0
2030-01-25 17:00:00,17.1,473.8,145.2,0.0,0
2030-01-25 18:00:00,9.0,473.8,218.7,0.0,0
2030-01-25 19:00:00,2.1,473.8,218.7,0.0,0
2030-01-25 20:00:00,0.0,473.8,218.7,0.0,0
2030-01-25 21:00:00,0.0,473.8,218.7,0.0,0
2030-01-25 22:00:00,0.0,473.8,218.7,0.0,0
2030-01-25 23:00:00,0.0,473.8,218.7,0.0,0
2030-01-26 00:00:00,0.0,473.8,218.7,0.0,0
2030-01-26 01:00:00,0.0,473.8,218.7,0.0,0
2030-01-26 02:00:00,0.0,473.8,218.7,0.0,0
2030-01-26 03:00:00,0.0,473.8,218.7,0.0,0
2030-01-26 04:00:00,0.0,473.8,218.7,0.0,0
2030-01-26 05:00:00,0.0,473.8,218.7,0.0,0
2030-01-26 06:00:00,0.0,473.8,218.7,0.0,0
2030-01-26 07:00:00,0.0,473.8,218.7,0.0,0
2030-01-26 08:00:00,0.0,473.8,218.7,0.0,0
2030-01-26 09:00:00,3.6,473.8,218.7,0.0,0
2030-01-26 10:00:00,9.7,473.8,217.2,0.0,0
2030-01-26 11:00:00,17.7,473.8,102.7,0.0,0
2030-01-26 12:00:00,22.8,473.8,34.3,0.0,0
2030-01-26 13:00:00,26.1,473.8,0.0,0.0,0
2030-01-26 14:00:00,27.2,473.8,0.0,0.0,0
2030-01-26 15:00:00,26.7,473.8,26.9,0.0,0
2030-01-26 16:00:00,23.6,473.8,93.3,0.0,0
2030-01-26 17:00:00,18.2,473.8,155.6,0.0,0
2030-01-26 18:00:00,10.4,473.8,218.7,0.0,0
2030-01-26 19:00:00,2.8,473.8,218.7,0.0,0
2030-01-26 20:00:00,0.0,473.8,218.7,0.0,0
2030-01-26 21:00:00,0.0,473.8,218.7,0.0,0
2030-01-26 22:00:00,0.0,473.8,218.7,0.0,0
2030-01-26 23:00:00,0.0,473.8,218.7,0.0,0
2030-01-27 00:00:00,0.0,473.8,218.7,0.0,0
2030-01-27 01:00:00,0.0,473.8,218.7,0.0,0
2030-01-27 02:00:00,0.0,473.8,218.7,0.0,0
2030-01-27 03:00:00,0.0,473.8,218.7,0.0,0
2030-01-27 04:00:00,0.0,473.8,215.6,0.0,0
2030-01-27 05:00:00,0.0,473.8,206.8,0.0,0
2030-01-27 06:00:00,0.0,473.8,218.7,0.0,0
2030-01-27 07:00:00,0.0,473.8,218.7,0.0,0
2030-01-27 08:00:00,0.0,473.8,218.7,0.0,0
2030-01-27 09:00:00,4.2,473.8,218.7,0.0,0
2030-01-27 10:00:00,10.9,473.8,218.7,0.0,0
2030-01-27 11:00:00,18.2,473.8,118.2,0.0,0
2030-01-27 12:00:00,23.3,473.8,82.2,0.0,0
2030-01-27 13:00:00,25.4,473.8,72.8,0.0,0
2030-01-27 14:00:00,26.6,473.8,42.3,0.0,0
2030-01-27 15:00:00,26.5,473.8,90.5,0.0,0
2030-01-27 16:00:00,23.3,473.8,140.4,0.0,0
2030-01-27 17:00:00,17.9,473.8,192.3,0.0,0
2030-01-27 18:00:00,9.8,473.8,218.7,0.0,0
2030-01-27 19:00:00,2.4,473.8,218.7,0.0,0
2030-01-27 20:00:00,0.0,473.8,218.7,0.0,0
2030-01-27 21:00:00,0.0,473.8,218.7,0.0,0
2030-01-27 22:00:00,0.0,473.8,218.7,0.0,0
2030-01-27 23:00:00,0.0,473.8,218.7,0.0,0
2030-01-28 00:00:00,0.0,473.8,218.7,0.0,0
2030-01-28 01:00:00,0.0,473.8,218.7,0.0,0
2030-01-28 02:00:00,0.0,473.8,202.4,0.0,0
2030-01-28 03:00:00,0.0,473.8,175.9,0.0,0
2030-01-28 04:00:00,0.0,473.8,159.7,0.0,0
2030-01-28 05:00:00,0.0,473.8,156.7,0.0,0
2030-01-28 06:00:00,0.0,473.8,203.8,0.0,0
2030-01-28 07:00:00,0.0,473.8,211.5,0.0,0
2030-01-28 08:00:00,0.0,473.8,193.8,0.0,0
2030-01-28 09:00:00,4.2,473.8,150.8,0.0,0
2030-01-28 10:00:00,11.3,473.8,71.9,0.0,0
2030-01-28 11:00:00,18.8,473.8,0.0,0.0,0
2030-01-28 12:00:00,23.9,473.8,0.0,0.0,0
2030-01-28 13:00:00,27.0,473.8,0.0,0.0,0
2030-01-28 14:00:00,27.1,473.8,0.0,0.0,0
2030-01-28 15:00:00,24.7,473.8,74.0,0.0,0
2030-01-28 16:00:00,21.6,473.8,169.3,0.0,0
2030-01-28 17:00:00,16.1,473.8,218.7,0.0,0
2030-01-28 18:00:00,7.1,473.8,218.7,0.0,0
2030-01-28 19:00:00,2.0,473.8,218.7,26.2,0
2030-01-28 20:00:00,0.0,473.8,218.7,57.1,0
2030-01-28 21:00:00,0.0,473.8,218.7,28.6,0
2030-01-28 22:00:00,0.0,473.8,218.7,44.7,0
2030-01-28 23:00:00,0.0,473.8,218.7,0.0,0
2030-01-29 00:00:00,0.0,473.8,218.7,0.0,0
2030-01-29 01:00:00,0.0,473.8,218.7,0.0,0
2030-01-29 02:00:00,0.0,473.8,218.7,0.0,0
2030-01-29 03:00:00,0.0,473.8,218.7,0.0,0
2030-01-29 04:00:00,0.0,473.8,217.8,0.0,0
2030-01-29 05:00:00,0.0,473.8,175.0,0.0,0
2030-01-29 06:00:00,0.0,473.8,195.9,0.0,0
2030-01-29 07:00:00,0.0,473.8,159.1,0.0,0
2030-01-29 08:00:00,0.0,473.8,156.6,0.0,0
2030-01-29 09:00:00,4.4,473.8,154.5,0.0,0
2030-01-29 10:00:00,13.0,473.8,148.6,0.0,0
2030-01-29 11:00:00,19.9,473.8,20.8,0.0,0
2030-01-29 12:00:00,24.7,473.8,0.0,0.0,0
2030-01-29 13:00:00,27.5,473.8,0.0,0.0,0
2030-01-29 14:00:00,28.1,473.8,8.1,0.0,0
2030-01-29 15:00:00,26.9,473.8,73.4,0.0,0
2030-01-29 16:00:00,23.2,473.8,146.7,0.0,0
2030-01-29 17:00:00,17.5,473.8,218.7,0.0,0
2030-01-29 18:00:00,10.1,473.8,218.7,0.0,0
2030-01-29 19:00:00,2.5,473.8,218.7,33.2,0
2030-01-29 20:00:00,0.0,473.8,218.7,21.1,0
2030-01-29 21:00:00,0.0,473.8,218.7,0.0,0
2030-01-29 22:00:00,0.0,473.8,218.7,0.0,0
2030-01-29 23:00:00,0.0,473.8,218.7,0.0,0
2030-01-30 00:00:00,0.0,473.8,218.7,0.0,0
2030-01-30 01:00:00,0.0,473.8,218.7,0.0,0
2030-01-30 02:00:00,0.0,473.8,218.7,0.0,0
2030-01-30 03:00:00,0.0,473.8,210.8,0.0,0
2030-01-30 04:00:00,0.0,473.8,184.8,0.0,0
2030-01-30 05:00:00,0.0,473.8,178.6,0.0,0
2030-01-30 06:00:00,0.0,473.8,186.2,0.0,0
2030-01-30 07:00:00,0.0,473.8,188.9,0.0,0
2030-01-30 08:00:00,0.0,473.8,143.4,0.0,0
2030-01-30 09:00:00,4.2,473.8,116.1,0.0,0
2030-01-30 10:00:00,12.0,473.8,70.2,0.0,0
2030-01-30 11:00:00,19.4,421.6,0.0,0.0,0
2030-01-30 12:00:00,24.0,416.4,0.0,0.0,0
2030-01-30 13:00:00,27.1,424.8,0.0,0.0,0
2030-01-30 14:00:00,26.2,437.3,0.0,0.0,0
2030-01-30 15:00:00,24.3,469.8,0.0,0.0,0
2030-01-30 16:00:00,20.6,473.8,121.6,0.0,0
2030-01-30 17:00:00,15.7,473.8,218.7,0.0,0
2030-01-30 18:00:00,9.1,473.8,218.7,0.0,0
2030-01-30 19:00:00,2.4,473.8,218.7,9.6,0
2030-01-30 20:00:00,0.0,473.8,218.7,33.9,0
2030-01-30 21:00:00,0.0,473.8,218.7,28.5,0
2030-01-30 22:00:00,0.0,473.8,218.7,8.9,0
2030-01-30 23:00:00,0.0,473.8,218.7,0.0,0
2030-01-31 00:00:00,0.0,473.8,218.7,0.0,0
2030-01-31 01:00:00,0.0,473.8,218.7,0.0,0
2030-01-31 02:00:00,0.0,473.8,218.7,0.0,0
2030-01-31 03:00:00,0.0,473.8,218.7,0.0,0
2030-01-31 04:00:00,0.0,473.8,182.7,0.0,0
2030-01-31 05:00:00,0.0,473.8,142.7,0.0,0
2030-01-31 06:00:00,0.0,473.8,161.5,0.0,0
2030-01-31 07:00:00,0.0,473.8,171.2,0.0,0
2030-01-31 08:00:00,0.0,473.8,164.1,0.0,0
2030-01-31 09:00:00,4.2,473.8,133.3,0.0,0
2030-01-31 10:00:00,12.2,473.8,81.2,0.0,0
2030-01-31 11:00:00,19.4,473.8,0.0,0.0,0
2030-01-31 12:00:00,24.0,473.8,0.0,0.0,0
2030-01-31 13:00:00,26.1,473.8,20.4,0.0,0
2030-01-31 14:00:00,25.9,473.8,34.7,0.0,0
2030-01-31 15:00:00,26.4,473.8,135.2,0.0,0
2030-01-31 16:00:00,21.6,473.8,218.7,0.0,0
2030-01-31 17:00:00,18.0,473.8,218.7,0.0,0
2030-01-31 18:00:00,10.9,473.8,218.7,0.0,0
2030-01-31 19:00:00,3.1,473.8,218.7,78.1,0
2030-01-31 20:00:00,0.0,473.8,218.7,71.3,0
2030-01-31 21:00:00,0.0,473.8,218.7,35.5,0
2030-01-31 22:00:00,0.0,473.8,218.7,0.0,0
2030-01-31 23:00:00,0.0,473.8,218.7,0.0,0
2030-02-01 00:00:00,0.0,473.8,218.7,0.0,0
2030-02-01 01:00:00,0.0,473.8,215.9,0.0,0
2030-02-01 02:00:00,0.0,473.8,133.0,0.0,0
2030-02-01 03:00:00,0.0,473.8,61.3,0.0,0
2030-02-01 04:00:00,0.0,473.8,35.1,0.0,0
2030-02-01 05:00:00,0.0,473.8,34.2,0.0,0
2030-02-01 06:00:00,0.0,473.8,74.4,0.0,0
2030-02-01 07:00:00,0.0,473.8,85.0,0.0,0
2030-02-01 08:00:00,0.0,473.8,79.1,0.0,0
2030-02-01 09:00:00,5.0,473.8,44.5,0.0,0
2030-02-01 10:00:00,13.4,473.8,7.7,0.0,0
2030-02-01 11:00:00,20.4,473.8,0.0,0.0,0
2030-02-01 12:00:00,25.3,473.8,0.0,0.0,0
2030-02-01 13:00:00,27.8,473.8,0.0,0.0,0
2030-02-01 14:00:00,28.6,473.8,0.0,0.0,0
2030-02-01 15:00:00,27.4,473.8,0.0,0.0,0
2030-02-01 16:00:00,24.0,473.8,90.2,0.0,0
2030-02-01 17:00:00,18.6,473.8,154.0,0.0,0
2030-02-01 18:00:00,11.2,473.8,218.7,0.0,0
2030-02-01 19:00:00,3.1,473.8,218.7,0.0,0
2030-02-01 20:00:00,0.0,473.8,218.7,40.8,0
2030-02-01 21:00:00,0.0,473.8,218.7,11.3,0
2030-02-01 22:00:00,0.0,473.8,218.7,0.0,0
2030-02-01 23:00:00,0.0,473.8,218.7,0.0,0
2030-02-02 00:00:00,0.0,473.8,218.7,0.0,0
2030-02-02 01:00:00,0.0,473.8,218.7,0.0,0
2030-02-02 02:00:00,0.0,473.8,157.7,0.0,0
2030-02-02 03:00:00,0.0,473.8,96.9,0.0,0
2030-02-02 04:00:00,0.0,473.8,58.2,0.0,0
2030-02-02 05:00:00,0.0,473.8,51.6,0.0,0
2030-02-02 06:00:00,0.0,473.8,86.6,0.0,0
2030-02-02 07:00:00,0.0,473.8,93.0,0.0,0
2030-02-02 08:00:00,0.0,473.8,87.0,0.0,0
2030-02-02 09:00:00,5.1,473.8,55.9,0.0,0
2030-02-02 10:00:00,13.4,473.8,41.1,0.0,0
2030-02-02 11:00:00,20.5,473.8,0.0,0.0,0
2030-02-02 12:00:00,25.4,473.8,0.0,0.0,0
2030-02-02 13:00:00,28.2,473.8,0.0,0.0,0
2030-02-02 14:00:00,28.9,473.8,0.0,0.0,0
2030-02-02 15:00:00,27.6,473.8,0.0,0.0,0
2030-02-02 16:00:00,24.2,473.8,96.7,0.0,0
2030-02-02 17:00:00,18.8,473.8,175.4,0.0,0
2030-02-02 18:00:00,11.3,473.8,218.7,0.0,0
2030-02-02 19:00:00,3.2,473.8,218.7,24.7,0
2030-02-02 20:00:00,0.0,473.8,218.7,68.1,0
2030-02-02 21:00:00,0.0,473.8,218.7,47.5,0
2030-02-02 22:00:00,0.0,473.8,218.7,0.0,0
2030-02-02 23:00:00,0.0,473.8,218.7,0.0,0
2030-02-03 00:00:00,0.0,473.8,218.7,0.0,0
2030-02-03 01:00:00,0.0,473.8,218.7,0.0,0
2030-02-03 02:00:00,0.0,473.8,166.1,0.0,0
2030-02-03 03:00:00,0.0,473.8,114.6,0.0,0
2030-02-03 04:00:00,0.0,473.8,82.4,0.0,0
2030-02-03 05:00:00,0.0,473.8,79.3,0.0,0
2030-02-03 06:00:00,0.0,473.8,117.1,0.0,0
2030-02-03 07:00:00,0.0,473.8,124.0,0.0,0
2030-02-03 08:00:00,0.0,473.8,116.7,0.0,0
2030-02-03 09:00:00,5.0,473.8,84.1,0.0,0
2030-02-03 10:00:00,13.4,473.8,78.4,0.0,0
2030-02-03 11:00:00,20.5,473.8,0.0,0.0,0
2030-02-03 12:00:00,25.4,473.8,0.0,0.0,0
2030-02-03 13:00:00,28.2,473.8,0.0,0.0,0
2030-02-03 14:00:00,28.8,473.8,7.9,0.0,0
2030-02-03 15:00:00,27.6,473.8,19.2,0.0,0
2030-02-03 16:00:00,24.3,473.8,123.8,0.0,0
2030-02-03 17:00:00,18.8,473.8,171.3,0.0,0
2030-02-03 18:00:00,11.3,473.8,218.7,0.0,0
2030-02-03 19:00:00,3.2,473.8,218.7,0.0,0
2030-02-03 20:00:00,0.0,473.8,218.7,37.6,0
2030-02-03 21:00:00,0.0,473.8,218.7,16.1,0
2030-02-03 22:00:00,0.0,473.8,218.7,5.8,0
2030-02-03 23:00:00,0.0,473.8,218.7,0.0,0
2030-02-04 00:00:00,0.0,473.8,218.7,0.0,0
2030-02-04 01:00:00,0.0,473.8,218.7,0.0,0
2030-02-04 02:00:00,0.0,473.8,218.7,0.0,0
2030-02-04 03:00:00,0.0,473.8,206.2,0.0,0
2030-02-04 04:00:00,0.0,473.8,167.6,0.0,0
2030-02-04 05:00:00,0.0,473.8,149.0,0.0,0
2030-02-04 06:00:00,0.0,473.8,167.9,0.0,0
2030-02-04 07:00:00,0.0,473.8,158.7,0.0,0
2030-02-04 08:00:00,0.0,473.8,140.0,0.0,0
2030-02-04 09:00:00,5.1,473.8,106.2,0.0,0
2030-02-04 10:00:00,13.6,473.8,18.5,0.0,0
2030-02-04 11:00:00,20.8,473.8,0.0,0.0,0
2030-02-04 12:00:00,25.7,473.8,0.0,0.0,0
2030-02-04 13:00:00,28.6,473.8,0.0,0.0,0
2030-02-04 14:00:00,29.2,473.8,0.0,0.0,0
2030-02-04 15:00:00,28.0,473.8,10.0,0.0,0
2030-02-04 16:00:00,24.7,473.8,119.8,0.0,0
2030-02-04 17:00:00,19.2,473.8,166.7,0.0,0
2030-02-04 18:00:00,11.7,473.8,218.7,0.0,0
2030-02-04 19:00:00,3.4,473.8,218.7,0.0,0
2030-02-04 20:00:00,0.0,473.8,218.7,4.0,0
2030-02-04 21:00:00,0.0,473.8,218.7,0.0,0
2030-02-04 22:00:00,0.0,473.8,218.7,0.0,0
2030-02-04 23:00:00,0.0,473.8,218.7,0.0,0
2030-02-05 00:00:00,0.0,473.8,218.7,0.0,0
2030-02-05 01:00:00,0.0,473.8,218.7,0.0,0
2030-02-05 02:00:00,0.0,473.8,218.7,0.0,0
2030-02-05 03:00:00,0.0,473.8,165.1,0.0,0
2030-02-05 04:00:00,0.0,473.8,115.7,0.0,0
2030-02-05 05:00:00,0.0,473.8,82.8,0.0,0
2030-02-05 06:00:00,0.0,473.8,65.1,0.0,0
2030-02-05 07:00:00,0.0,473.8,78.5,0.0,0
2030-02-05 08:00:00,0.0,473.8,74.9,0.0,0
2030-02-05 09:00:00,5.2,473.8,15.1,0.0,0
2030-02-05 10:00:00,13.8,456.6,0.0,0.0,0
2030-02-05 11:00:00,20.9,457.0,0.0,0.0,0
2030-02-05 12:00:00,25.9,453.2,0.0,0.0,0
2030-02-05 13:00:00,28.7,457.8,0.0,0.0,0
2030-02-05 14:00:00,29.4,461.8,0.0,0.0,0
2030-02-05 15:00:00,28.1,460.7,0.0,0.0,0
2030-02-05 16:00:00,24.8,473.8,27.3,0.0,0
2030-02-05 17:00:00,19.3,473.8,119.7,0.0,0
2030-02-05 18:00:00,11.7,473.8,218.7,0.0,0
2030-02-05 19:00:00,3.5,473.8,218.7,0.0,0
2030-02-05 20:00:00,0.0,473.8,218.7,0.0,0
2030-02-05 21:00:00,0.0,473.8,218.7,0.0,0
2030-02-05 22:00:00,0.0,473.8,218.7,0.0,0
2030-02-05 23:00:00,0.0,473.8,218.7,0.0,0
2030-02-06 00:00:00,0.0,473.8,218.7,0.0,0
2030-02-06 01:00:00,0.0,473.8,218.7,0.0,0
2030-02-06 02:00:00,0.0,473.8,180.7,0.0,0
2030-02-06 03:00:00,0.0,473.8,86.1,0.0,0
2030-02-06 04:00:00,0.0,473.8,64.1,0.0,0
2030-02-06 05:00:00,0.0,473.8,36.2,0.0,0
2030-02-06 06:00:00,0.0,473.8,44.9,0.0,0
2030-02-06 07:00:00,0.0,473.8,28.4,0.0,0
2030-02-06 08:00:00,0.0,465.4,0.0,0.0,0
2030-02-06 09:00:00,4.4,417.3,0.0,0.0,0
2030-02-06 10:00:00,12.2,403.9,0.0,0.0,0
2030-02-06 11:00:00,19.8,383.1,0.0,0.0,0
2030-02-06 12:00:00,23.9,375.4,0.0,0.0,0
2030-02-06 13:00:00,27.4,400.8,0.0,0.0,0
2030-02-06 14:00:00,28.1,414.6,0.0,0.0,0
2030-02-06 15:00:00,26.4,427.3,0.0,0.0,0
2030-02-06 16:00:00,22.8,465.5,0.0,0.0,0
2030-02-06 17:00:00,14.0,473.8,105.6,0.0,0
2030-02-06 18:00:00,7.1,473.8,205.0,0.0,0
2030-02-06 19:00:00,2.0,473.8,218.7,0.0,0
2030-02-06 20:00:00,0.0,473.8,218.7,0.0,0
2030-02-06 21:00:00,0.0,473.8,218.7,0.0,0
2030-02-06 22:00:00,0.0,473.8,218.7,0.0,0
2030-02-06 23:00:00,0.0,473.8,218.7,0.0,0
2030-02-07 00:00:00,0.0,473.8,218.7,0.0,0
2030-02-07 01:00:00,0.0,473.8,218.7,0.0,0
2030-02-07 02:00:00,0.0,473.8,161.3,0.0,0
2030-02-07 03:00:00,0.0,473.8,112.1,0.0,0
2030-02-07 04:00:00,0.0,473.8,78.4,0.0,0
2030-02-07 05:00:00,0.0,473.8,66.1,0.0,0
2030-02-07 06:00:00,0.0,473.8,98.9,0.0,0
2030-02-07 07:00:00,0.0,473.8,105.4,0.0,0
2030-02-07 08:00:00,0.0,473.8,95.6,0.0,0
2030-02-07 09:00:00,4.5,473.8,64.9,0.0,0
2030-02-07 10:00:00,13.1,473.8,0.0,0.0,0
2030-02-07 11:00:00,20.0,473.8,0.0,0.0,0
2030-02-07 12:00:00,25.5,467.0,0.0,0.0,0
2030-02-07 13:00:00,28.8,473.8,0.0,0.0,0
2030-02-07 14:00:00,29.4,473.8,0.0,0.0,0
2030-02-07 15:00:00,27.7,473.8,0.0,0.0,0
2030-02-07 16:00:00,22.9,473.8,75.2,0.0,0
2030-02-07 17:00:00,16.0,473.8,157.7,0.0,0
2030-02-07 18:00:00,7.8,473.8,218.7,0.0,0
2030-02-07 19:00:00,1.9,473.8,218.7,0.0,0
2030-02-07 20:00:00,0.0,473.8,218.7,46.5,0
2030-02-07 21:00:00,0.0,473.8,218.7,21.5,0
2030-02-07 22:00:00,0.0,473.8,218.7,0.0,0
2030-02-07 23:00:00,0.0,473.8,218.7,0.0,0
2030-02-08 00:00:00,0.0,473.8,218.7,0.0,0
2030-02-08 01:00:00,0.0,473.8,218.7,0.0,0
2030-02-08 02:00:00,0.0,473.8,170.4,0.0,0
2030-02-08 03:00:00,0.0,473.8,115.8,0.0,0
2030-02-08 04:00:00,0.0,473.8,80.5,0.0,0
2030-02-08 05:00:00,0.0,473.8,69.8,0.0,0
2030-02-08 06:00:00,0.0,473.8,103.1,0.0,0
2030-02-08 07:00:00,0.0,473.8,113.8,0.0,0
2030-02-08 08:00:00,0.0,473.8,108.7,0.0,0
2030-02-08 09:00:00,2.8,473.8,96.7,0.0,0
2030-02-08 10:00:00,8.6,473.8,59.7,0.0,0
2030-02-08 11:00:00,14.8,473.8,0.0,0.0,0
2030-02-08 12:00:00,18.3,473.8,0.0,0.0,0
2030-02-08 13:00:00,20.5,473.8,0.0,0.0,0
2030-02-08 14:00:00,20.8,473.8,0.0,0.0,0
2030-02-08 15:00:00,17.9,473.8,0.0,0.0,0
2030-02-08 16:00:00,17.4,473.8,56.4,0.0,0
2030-02-08 17:00:00,10.3,473.8,141.5,0.0,0
2030-02-08 18:00:00,5.3,473.8,218.7,0.0,0
2030-02-08 19:00:00,1.4,473.8,218.7,0.0,0
2030-02-08 20:00:00,0.0,473.8,218.7,37.5,0
2030-02-08 21:00:00,0.0,473.8,218.7,0.0,0
2030-02-08 22:00:00,0.0,473.8,218.7,0.0,0
2030-02-08 23:00:00,0.0,473.8,218.7,0.0,0
2030-02-09 00:00:00,0.0,473.8,218.7,0.0,0
2030-02-09 01:00:00,0.0,473.8,218.7,0.0,0
2030-02-09 02:00:00,0.0,473.8,164.7,0.0,0
2030-02-09 03:00:00,0.0,473.8,113.2,0.0,0
2030-02-09 04:00:00,0.0,473.8,80.4,0.0,0
2030-02-09 05:00:00,0.0,473.8,63.6,0.0,0
2030-02-09 06:00:00,0.0,473.8,97.9,0.0,0
2030-02-09 07:00:00,0.0,473.8,103.7,0.0,0
2030-02-09 08:00:00,0.0,473.8,91.8,0.0,0
2030-02-09 09:00:00,5.0,473.8,54.6,0.0,0
2030-02-09 10:00:00,13.1,473.8,0.0,0.0,0
2030-02-09 11:00:00,19.0,473.8,0.0,0.0,0
2030-02-09 12:00:00,24.3,473.8,0.0,0.0,0
2030-02-09 13:00:00,27.9,473.8,0.0,0.0,0
2030-02-09 14:00:00,28.7,473.8,0.0,0.0,0
2030-02-09 15:00:00,27.7,473.8,0.0,0.0,0
2030-02-09 16:00:00,24.6,473.8,95.7,0.0,0
2030-02-09 17:00:00,18.9,473.8,165.7,0.0,0
2030-02-09 18:00:00,11.2,473.8,218.7,0.0,0
2030-02-09 19:00:00,3.1,473.8,218.7,0.0,0
2030-02-09 20:00:00,0.0,473.8,218.7,28.3,0
2030-02-09 21:00:00,0.0,473.8,218.7,6.0,0
2030-02-09 22:00:00,0.0,473.8,218.7,0.0,0
2030-02-09 23:00:00,0.0,473.8,218.7,0.0,0
2030-02-10 00:00:00,0.0,473.8,218.7,0.0,0
2030-02-10 01:00:00,0.0,473.8,218.7,0.0,0
2030-02-10 02:00:00,0.0,473.8,171.7,0.0,0
2030-02-10 03:00:00,0.0,473.8,128.8,0.0,0
2030-02-10 04:00:00,0.0,473.8,98.9,0.0,0
2030-02-10 05:00:00,0.0,473.8,84.0,0.0,0
2030-02-10 06:00:00,0.0,473.8,119.7,0.0,0
2030-02-10 07:00:00,0.0,473.8,136.9,0.0,0
2030-02-10 08:00:00,0.0,473.8,138.2,0.0,0
2030-02-10 09:00:00,5.2,473.8,113.4,0.0,0
2030-02-10 10:00:00,13.7,473.8,41.7,0.0,0
2030-02-10 11:00:00,20.7,473.8,0.0,0.0,0
2030-02-10 12:00:00,25.6,470.7,0.0,0.0,0
2030-02-10 13:00:00,28.4,473.8,0.0,0.0,0
2030-02-10 14:00:00,28.6,473.8,0.0,0.0,0
2030-02-10 15:00:00,27.9,473.8,0.0,0.0,0
2030-02-10 16:00:00,24.8,473.8,103.7,0.0,0
2030-02-10 17:00:00,19.3,473.8,157.3,0.0,0
2030-02-10 18:00:00,11.3,473.8,218.7,0.0,0
2030-02-10 19:00:00,3.2,473.8,218.7,0.0,0
2030-02-10 20:00:00,0.0,473.8,218.7,43.8,0
2030-02-10 21:00:00,0.0,473.8,218.7,41.1,0
2030-02-10 22:00:00,0.0,473.8,218.7,5.9,0
2030-02-10 23:00:00,0.0,473.8,218.7,0.0,0
2030-02-11 00:00:00,0.0,473.8,218.7,0.0,0
2030-02-11 01:00:00,0.0,473.8,218.7,0.0,0
2030-02-11 02:00:00,0.0,473.8,218.7,0.0,0
2030-02-11 03:00:00,0.0,473.8,161.4,0.0,0
2030-02-11 04:00:00,0.0,473.8,136.7,0.0,0
2030-02-11 05:00:00,0.0,473.8,120.4,0.0,0
2030-02-11 06:00:00,0.0,473.8,166.4,0.0,0
2030-02-11 07:00:00,0.0,473.8,178.1,0.0,0
2030-02-11 08:00:00,0.0,473.8,178.9,0.0,0
2030-02-11 09:00:00,3.4,473.8,170.3,0.0,0
2030-02-11 10:00:00,8.8,473.8,151.4,0.0,0
2030-02-11 11:00:00,15.8,473.8,81.4,0.0,0
2030-02-11 12:00:00,21.5,473.8,22.5,0.0,0
2030-02-11 13:00:00,26.5,473.8,7.7,0.0,0
2030-02-11 14:00:00,27.5,473.8,6.6,0.0,0
2030-02-11 15:00:00,26.8,473.8,38.7,0.0,0
2030-02-11 16:00:00,24.0,473.8,139.0,0.0,0
2030-02-11 17:00:00,18.6,473.8,176.0,0.0,0
2030-02-11 18:00:00,11.5,473.8,218.7,0.0,0
2030-02-11 19:00:00,3.4,473.8,218.7,0.0,0
2030-02-11 20:00:00,0.0,473.8,218.7,9.6,0
2030-02-11 21:00:00,0.0,473.8,218.7,0.0,0
2030-02-11 22:00:00,0.0,473.8,218.7,0.0,0
2030-02-11 23:00:00,0.0,473.8,218.7,0.0,0
2030-02-12 00:00:00,0.0,473.8,218.7,0.0,0
2030-02-12 01:00:00,0.0,473.8,218.7,0.0,0
2030-02-12 02:00:00,0.0,473.8,218.7,0.0,0
2030-02-12 03:00:00,0.0,473.8,218.7,0.0,0
2030-02-12 04:00:00,0.0,473.8,218.7,0.0,0
2030-02-12 05:00:00,0.0,473.8,206.0,0.0,0
2030-02-12 06:00:00,0.0,473.8,194.3,0.0,0
2030-02-12 07:00:00,0.0,473.8,214.1,0.0,0
2030-02-12 08:00:00,0.0,473.8,205.4,0.0,0
2030-02-12 09:00:00,4.5,473.8,130.9,0.0,0
2030-02-12 10:00:00,10.9,473.8,99.8,0.0,0
2030-02-12 11:00:00,15.7,473.8,39.0,0.0,0
2030-02-12 12:00:00,20.3,458.7,0.0,0.0,0
2030-02-12 13:00:00,24.2,463.5,0.0,0.0,0
2030-02-12 14:00:00,19.8,473.8,39.7,0.0,0
2030-02-12 15:00:00,19.1,473.8,65.7,0.0,0
2030-02-12 16:00:00,16.0,473.8,126.5,0.0,0
2030-02-12 17:00:00,9.7,473.8,212.5,0.0,0
2030-02-12 18:00:00,5.0,473.8,218.7,0.0,0
2030-02-12 19:00:00,2.0,473.8,218.7,0.0,0
2030-02-12 20:00:00,0.0,473.8,218.7,9.1,0
2030-02-12 21:00:00,0.0,473.8,218.7,5.0,0
2030-02-12 22:00:00,0.0,473.8,218.7,0.0,0
2030-02-12 23:00:00,0.0,473.8,218.7,0.0,0
2030-02-13 00:00:00,0.0,473.8,218.7,0.0,0
2030-02-13 01:00:00,0.0,473.8,218.7,0.0,0
2030-02-13 02:00:00,0.0,473.8,218.7,0.0,0
2030-02-13 03:00:00,0.0,473.8,218.7,0.0,0
2030-02-13 04:00:00,0.0,473.8,205.5,0.0,0
2030-02-13 05:00:00,0.0,473.8,164.5,0.0,0
2030-02-13 06:00:00,0.0,473.8,168.3,0.0,0
2030-02-13 07:00:00,0.0,473.8,157.8,0.0,0
2030-02-13 08:00:00,0.0,473.8,119.6,0.0,0
2030-02-13 09:00:00,1.6,473.8,104.8,0.0,0
2030-02-13 10:00:00,5.5,473.8,63.9,0.0,0
2030-02-13 11:00:00,10.4,439.9,0.0,0.0,0
2030-02-13 12:00:00,11.8,398.0,0.0,0.0,0
2030-02-13 13:00:00,15.5,419.1,0.0,0.0,0
2030-02-13 14:00:00,12.0,446.4,0.0,0.0,0
2030-02-13 15:00:00,13.5,465.2,0.0,0.0,0
2030-02-13 16:00:00,15.3,473.8,90.4,0.0,0
2030-02-13 17:00:00,12.2,473.8,204.6,0.0,0
2030-02-13 18:00:00,5.8,473.8,218.7,0.0,0
2030-02-13 19:00:00,2.9,473.8,218.7,0.0,0
2030-02-13 20:00:00,0.0,473.8,218.7,0.0,0
2030-02-13 21:00:00,0.0,473.8,218.7,0.0,0
2030-02-13 22:00:00,0.0,473.8,218.7,0.0,0
2030-02-13 23:00:00,0.0,473.8,218.7,0.0,0
2030-02-14 00:00:00,0.0,473.8,218.7,0.0,0
2030-02-14 01:00:00,0.0,473.8,218.7,0.0,0
2030-02-14 02:00:00,0.0,473.8,218.7,0.0,0
2030-02-14 03:00:00,0.0,473.8,218.7,0.0,0
2030-02-14 04:00:00,0.0,473.8,187.5,0.0,0
2030-02-14 05:00:00,0.0,473.8,178.2,0.0,0
2030-02-14 06:00:00,0.0,473.8,207.1,0.0,0
2030-02-14 07:00:00,0.0,473.8,214.3,0.0,0
2030-02-14 08:00:00,0.0,473.8,190.5,0.0,0
2030-02-14 09:00:00,3.8,473.8,165.9,0.0,0
2030-02-14 10:00:00,11.1,473.8,122.7,0.0,0
2030-02-14 11:00:00,18.1,473.8,67.3,0.0,0
2030-02-14 12:00:00,24.4,473.8,34.3,0.0,0
2030-02-14 13:00:00,28.1,473.8,21.6,0.0,0
2030-02-14 14:00:00,28.2,473.8,32.9,0.0,0
2030-02-14 15:00:00,26.0,473.8,51.4,0.0,0
2030-02-14 16:00:00,22.5,473.8,164.0,0.0,0
2030-02-14 17:00:00,18.0,473.8,218.7,0.0,0
2030-02-14 18:00:00,11.0,473.8,218.7,0.0,0
2030-02-14 19:00:00,2.9,473.8,218.7,42.7,0
2030-02-14 20:00:00,0.0,473.8,218.7,98.8,0
2030-02-14 21:00:00,0.0,473.8,218.7,92.7,0
2030-02-14 22:00:00,0.0,473.8,218.7,62.6,0
2030-02-14 23:00:00,0.0,473.8,218.7,0.0,0
2030-02-15 00:00:00,0.0,473.8,218.7,0.0,0
2030-02-15 01:00:00,0.0,473.8,218.7,0.0,0
2030-02-15 02:00:00,0.0,473.8,218.7,0.0,0
2030-02-15 03:00:00,0.0,473.8,201.1,0.0,0
2030-02-15 04:00:00,0.0,473.8,143.1,0.0,0
2030-02-15 05:00:00,0.0,473.8,125.0,0.0,0
2030-02-15 06:00:00,0.0,473.8,138.4,0.0,0
2030-02-15 07:00:00,0.0,473.8,143.3,0.0,0
2030-02-15 08:00:00,0.0,473.8,143.4,0.0,0
2030-02-15 09:00:00,4.0,473.8,138.5,0.0,0
2030-02-15 10:00:00,12.1,473.8,117.5,0.0,0
2030-02-15 11:00:00,19.0,473.8,29.4,0.0,0
2030-02-15 12:00:00,22.6,473.8,2.1,0.0,0
2030-02-15 13:00:00,26.0,473.8,27.3,0.0,0
2030-02-15 14:00:00,23.6,473.8,76.7,0.0,0
2030-02-15 15:00:00,24.7,473.8,61.2,0.0,0
2030-02-15 16:00:00,17.1,473.8,182.4,0.0,0
2030-02-15 17:00:00,11.7,473.8,218.7,0.0,0
2030-02-15 18:00:00,6.1,473.8,218.7,0.0,0
2030-02-15 19:00:00,1.6,473.8,218.7,26.8,0
2030-02-15 20:00:00,0.0,473.8,218.7,80.7,0
2030-02-15 21:00:00,0.0,473.8,218.7,54.7,0
2030-02-15 22:00:00,0.0,473.8,218.7,0.0,0
2030-02-15 23:00:00,0.0,473.8,218.7,0.0,0
2030-02-16 00:00:00,0.0,473.8,218.7,0.0,0
2030-02-16 01:00:00,0.0,473.8,218.7,0.0,0
2030-02-16 02:00:00,0.0,473.8,212.2,0.0,0
2030-02-16 03:00:00,0.0,473.8,156.0,0.0,0
2030-02-16 04:00:00,0.0,473.8,148.9,0.0,0
2030-02-16 05:00:00,0.0,473.8,166.9,0.0,0
2030-02-16 06:00:00,0.0,473.8,218.7,0.0,0
2030-02-16 07:00:00,0.0,473.8,218.7,0.0,0
2030-02-16 08:00:00,0.0,473.8,186.7,0.0,0
2030-02-16 09:00:00,2.3,473.8,136.5,0.0,0
2030-02-16 10:00:00,11.2,473.8,85.6,0.0,0
2030-02-16 11:00:00,20.7,473.8,2.2,0.0,0
2030-02-16 12:00:00,25.7,473.8,0.0,0.0,0
2030-02-16 13:00:00,28.3,473.8,0.0,0.0,0
2030-02-16 14:00:00,29.0,473.8,0.5,0.0,0
2030-02-16 15:00:00,27.6,473.8,30.1,0.0,0
2030-02-16 16:00:00,23.6,473.8,147.6,0.0,0
2030-02-16 17:00:00,17.9,473.8,196.9,0.0,0
2030-02-16 18:00:00,10.3,473.8,218.7,0.0,0
2030-02-16 19:00:00,2.6,473.8,218.7,0.0,0
2030-02-16 20:00:00,0.0,473.8,218.7,22.5,0
2030-02-16 21:00:00,0.0,473.8,218.7,20.9,0
2030-02-16 22:00:00,0.0,473.8,218.7,12.6,0
2030-02-16 23:00:00,0.0,473.8,218.7,0.0,0
2030-02-17 00:00:00,0.0,473.8,218.7,0.0,0
2030-02-17 01:00:00,0.0,473.8,218.7,0.0,0
2030-02-17 02:00:00,0.0,473.8,218.7,0.0,0
2030-02-17 03:00:00,0.0,473.8,161.9,0.0,0
2030-02-17 04:00:00,0.0,473.8,115.1,0.0,0
2030-02-17 05:00:00,0.0,473.8,107.2,0.0,0
2030-02-17 06:00:00,0.0,473.8,133.1,0.0,0
2030-02-17 07:00:00,0.0,473.8,132.7,0.0,0
2030-02-17 08:00:00,0.0,473.8,119.9,0.0,0
2030-02-17 09:00:00,5.4,473.8,88.3,0.0,0
2030-02-17 10:00:00,13.9,473.8,37.3,0.0,0
2030-02-17 11:00:00,21.0,473.8,0.0,0.0,0
2030-02-17 12:00:00,25.9,473.8,0.0,0.0,0
2030-02-17 13:00:00,28.8,473.8,0.0,0.0,0
2030-02-17 14:00:00,29.5,473.8,0.0,0.0,0
2030-02-17 15:00:00,28.2,473.8,8.7,0.0,0
2030-02-17 16:00:00,24.9,473.8,124.2,0.0,0
2030-02-17 17:00:00,19.5,473.8,191.5,0.0,0
2030-02-17 18:00:00,11.9,473.8,218.7,0.0,0
2030-02-17 19:00:00,3.5,473.8,218.7,0.0,0
2030-02-17 20:00:00,0.0,473.8,218.7,43.4,0
2030-02-17 21:00:00,0.0,473.8,218.7,24.5,0
2030-02-17 22:00:00,0.0,473.8,218.7,0.0,0
2030-02-17 23:00:00,0.0,473.8,218.7,0.0,0
2030-02-18 00:00:00,0.0,473.8,218.7,0.0,0
2030-02-18 01:00:00,0.0,473.8,218.7,0.0,0
2030-02-18 02:00:00,0.0,473.8,206.3,0.0,0
2030-02-18 03:00:00,0.0,473.8,154.3,0.0,0
2030-02-18 04:00:00,0.0,473.8,123.8,0.0,0
2030-02-18 05:00:00,0.0,473.8,115.1,0.0,0
2030-02-18 06:00:00,0.0,473.8,144.7,0.0,0
2030-02-18 07:00:00,0.0,473.8,150.4,0.0,0
2030-02-18 08:00:00,0.0,473.8,143.3,0.0,0
2030-02-18 09:00:00,5.6,473.8,105.0,0.0,0
2030-02-18 10:00:00,14.1,473.8,64.6,0.0,0
2030-02-18 11:00:00,21.3,473.8,0.0,0.0,0
2030-02-18 12:00:00,26.3,473.8,0.0,0.0,0
2030-02-18 13:00:00,29.0,473.8,0.0,0.0,0
2030-02-18 14:00:00,29.7,473.8,0.7,0.0,0
2030-02-18 15:00:00,28.4,473.8,16.2,0.0,0
2030-02-18 16:00:00,25.1,473.8,119.1,0.0,0
2030-02-18 17:00:00,19.4,473.8,164.5,0.0,0
2030-02-18 18:00:00,11.4,473.8,218.7,0.0,0
2030-02-18 19:00:00,3.3,473.8,218.7,0.0,0
2030-02-18 20:00:00,0.0,473.8,218.7,7.5,0
2030-02-18 21:00:00,0.0,473.8,218.7,0.0,0
2030-02-18 22:00:00,0.0,473.8,218.7,0.0,0
2030-02-18 23:00:00,0.0,473.8,218.7,0.0,0
2030-02-19 00:00:00,0.0,473.8,218.7,0.0,0
2030-02-19 01:00:00,0.0,473.8,218.7,0.0,0
2030-02-19 02:00:00,0.0,473.8,218.7,0.0,0
2030-02-19 03:00:00,0.0,473.8,182.8,0.0,0
2030-02-19 04:00:00,0.0,473.8,143.7,0.0,0
2030-02-19 05:00:00,0.0,473.8,128.6,0.0,0
2030-02-19 06:00:00,0.0,473.8,123.3,0.0,0
2030-02-19 07:00:00,0.0,473.8,142.0,0.0,0
2030-02-19 08:00:00,0.0,473.8,154.9,0.0,0
2030-02-19 09:00:00,4.8,473.8,117.5,0.0,0
2030-02-19 10:00:00,13.5,473.8,105.4,0.0,0
2030-02-19 11:00:00,20.9,473.8,35.9,0.0,0
2030-02-19 12:00:00,25.7,473.8,6.4,0.0,0
2030-02-19 13:00:00,28.6,473.6,0.0,0.0,0
2030-02-19 14:00:00,29.4,461.8,0.0,0.0,0
2030-02-19 15:00:00,28.5,473.8,3.4,0.0,0
2030-02-19 16:00:00,25.1,473.8,39.4,0.0,0
2030-02-19 17:00:00,19.5,473.8,83.6,0.0,0
2030-02-19 18:00:00,12.0,473.8,143.2,0.0,0
2030-02-19 19:00:00,3.6,473.8,218.7,0.0,0
2030-02-19 20:00:00,0.0,473.8,218.7,0.0,0
2030-02-19 21:00:00,0.0,473.8,218.7,0.0,0
2030-02-19 22:00:00,0.0,473.8,218.7,0.0,0
2030-02-19 23:00:00,0.0,473.8,218.7,0.0,0
2030-02-20 00:00:00,0.0,473.8,218.7,0.0,0
2030-02-20 01:00:00,0.0,473.8,218.7,0.0,0
2030-02-20 02:00:00,0.0,473.8,186.9,0.0,0
2030-02-20 03:00:00,0.0,473.8,107.7,0.0,0
2030-02-20 04:00:00,0.0,473.8,87.6,0.0,0
2030-02-20 05:00:00,0.0,473.8,52.5,0.0,0
2030-02-20 06:00:00,0.0,473.8,65.1,0.0,0
2030-02-20 07:00:00,0.0,473.8,67.6,0.0,0
2030-02-20 08:00:00,0.0,473.8,47.7,0.0,0
2030-02-20 09:00:00,5.7,473.8,16.1,0.0,0
2030-02-20 10:00:00,14.2,455.0,0.0,0.0,0
2030-02-20 11:00:00,21.4,384.9,0.0,0.0,0
2030-02-20 12:00:00,26.5,375.8,0.0,0.0,0
2030-02-20 13:00:00,29.4,396.6,0.0,0.0,0
2030-02-20 14:00:00,30.2,396.3,0.0,0.0,0
2030-02-20 15:00:00,28.8,414.4,0.0,0.0,0
2030-02-20 16:00:00,25.5,458.1,0.0,0.0,0
2030-02-20 17:00:00,20.0,473.8,52.1,0.0,0
2030-02-20 18:00:00,12.3,473.8,149.0,0.0,0
2030-02-20 19:00:00,3.8,473.8,218.7,0.0,0
2030-02-20 20:00:00,0.0,473.8,218.7,0.0,0
2030-02-20 21:00:00,0.0,473.8,218.7,0.0,0
2030-02-20 22:00:00,0.0,473.8,218.7,0.0,0
2030-02-20 23:00:00,0.0,473.8,218.7,0.0,0
2030-02-21 00:00:00,0.0,473.8,218.7,0.0,0
2030-02-21 01:00:00,0.0,473.8,218.7,0.0,0
2030-02-21 02:00:00,0.0,473.8,218.7,0.0,0
2030-02-21 03:00:00,0.0,473.8,214.8,0.0,0
2030-02-21 04:00:00,0.0,473.8,174.0,0.0,0
2030-02-21 05:00:00,0.0,473.8,153.0,0.0,0
2030-02-21 06:00:00,0.0,473.8,187.7,0.0,0
2030-02-21 07:00:00,0.0,473.8,209.7,0.0,0
2030-02-21 08:00:00,0.0,473.8,218.7,0.0,0
2030-02-21 09:00:00,4.9,473.8,218.7,0.0,0
2030-02-21 10:00:00,13.8,473.8,177.8,0.0,0
2030-02-21 11:00:00,21.1,473.8,102.4,0.0,0
2030-02-21 12:00:00,25.4,473.8,43.8,0.0,0
2030-02-21 13:00:00,28.0,473.8,35.4,0.0,0
2030-02-21 14:00:00,28.8,473.8,37.1,0.0,0
2030-02-21 15:00:00,27.8,473.8,36.1,0.0,0
2030-02-21 16:00:00,24.6,473.8,123.6,0.0,0
2030-02-21 17:00:00,19.1,473.8,154.9,0.0,0
2030-02-21 18:00:00,11.5,473.8,218.7,0.0,0
2030-02-21 19:00:00,3.6,473.8,218.7,0.0,0
2030-02-21 20:00:00,0.0,473.8,218.7,47.7,0
2030-02-21 21:00:00,0.0,473.8,218.7,66.9,0
2030-02-21 22:00:00,0.0,473.8,218.7,57.5,0
2030-02-21 23:00:00,0.0,473.8,218.7,0.0,0
2030-02-22 00:00:00,0.0,473.8,218.7,0.0,0
2030-02-22 01:00:00,0.0,473.8,218.7,0.0,0
2030-02-22 02:00:00,0.0,473.8,218.7,0.0,0
2030-02-22 03:00:00,0.0,473.8,218.7,0.0,0
2030-02-22 04:00:00,0.0,473.8,218.7,0.0,0
2030-02-22 05:00:00,0.0,473.8,218.7,0.0,0
2030-02-22 06:00:00,0.0,473.8,218.7,0.0,0
2030-02-22 07:00:00,0.0,473.8,218.7,0.0,0
2030-02-22 08:00:00,0.0,473.8,218.7,0.0,0
2030-02-22 09:00:00,5.2,473.8,218.7,0.0,0
2030-02-22 10:00:00,13.1,473.8,197.3,0.0,0
2030-02-22 11:00:00,20.6,473.8,94.2,0.0,0
2030-02-22 12:00:00,25.6,473.8,30.8,0.0,0
2030-02-22 13:00:00,28.3,473.8,14.9,0.0,0
2030-02-22 14:00:00,28.8,473.8,17.9,0.0,0
2030-02-22 15:00:00,25.8,473.8,97.4,0.0,0
2030-02-22 16:00:00,22.2,473.8,141.7,0.0,0
2030-02-22 17:00:00,13.9,473.8,209.9,0.0,0
2030-02-22 18:00:00,7.3,473.8,218.7,0.0,0
2030-02-22 19:00:00,1.9,473.8,218.7,1.5,0
2030-02-22 20:00:00,0.0,473.8,218.7,77.1,0
2030-02-22 21:00:00,0.0,473.8,218.7,76.0,0
2030-02-22 22:00:00,0.0,473.8,218.7,51.4,0
2030-02-22 23:00:00,0.0,473.8,218.7,0.0,0
2030-02-23 00:00:00,0.0,473.8,218.7,0.0,0
2030-02-23 01:00:00,0.0,473.8,218.7,0.0,0
2030-02-23 02:00:00,0.0,473.8,218.7,0.0,0
2030-02-23 03:00:00,0.0,473.8,218.7,0.0,0
2030-02-23 04:00:00,0.0,473.8,218.7,0.0,0
2030-02-23 05:00:00,0.0,473.8,218.7,0.0,0
2030-02-23 06:00:00,0.0,473.8,218.7,0.0,0
2030-02-23 07:00:00,0.0,473.8,218.7,0.0,0
2030-02-23 08:00:00,0.0,473.8,218.7,0.0,0
2030-02-23 09:00:00,1.3,473.8,218.7,0.0,0
2030-02-23 10:00:00,4.9,473.8,218.7,0.0,0
2030-02-23 11:00:00,9.4,473.8,218.7,0.0,0
2030-02-23 12:00:00,15.1,473.8,190.5,0.0,0
2030-02-23 13:00:00,18.8,473.8,114.5,0.0,0
2030-02-23 14:00:00,20.6,473.8,62.5,0.0,0
2030-02-23 15:00:00,20.9,473.8,50.4,0.0,0
2030-02-23 16:00:00,17.3,473.8,115.3,0.0,0
2030-02-23 17:00:00,16.3,473.8,125.9,0.0,0
2030-02-23 18:00:00,9.7,473.8,218.7,0.0,0
2030-02-23 19:00:00,3.3,473.8,218.7,0.0,0
2030-02-23 20:00:00,0.0,473.8,218.7,75.4,0
2030-02-23 21:00:00,0.0,473.8,218.7,74.7,0
2030-02-23 22:00:00,0.0,473.8,218.7,67.7,0
2030-02-23 23:00:00,0.0,473.8,218.7,4.4,0
2030-02-24 00:00:00,0.0,473.8,218.7,0.0,0
2030-02-24 01:00:00,0.0,473.8,218.7,0.0,0
2030-02-24 02:00:00,0.0,473.8,218.7,0.0,0
2030-02-24 03:00:00,0.0,473.8,218.7,0.0,0
2030-02-24 04:00:00,0.0,473.8,218.7,0.0,0
2030-02-24 05:00:00,0.0,473.8,218.7,0.0,0
2030-02-24 06:00:00,0.0,473.8,218.7,0.0,0
2030-02-24 07:00:00,0.0,473.8,218.7,0.0,0
2030-02-24 08:00:00,0.0,473.8,218.7,0.0,0
2030-02-24 09:00:00,2.8,473.8,218.7,0.0,0
2030-02-24 10:00:00,8.3,473.8,218.7,0.0,0
2030-02-24 11:00:00,14.1,473.8,117.6,0.0,0
2030-02-24 12:00:00,14.4,473.8,25.9,0.0,0
2030-02-24 13:00:00,13.2,473.8,31.7,0.0,0
2030-02-24 14:00:00,16.1,473.8,5.9,0.0,0
2030-02-24 15:00:00,19.3,467.3,0.0,0.0,0
2030-02-24 16:00:00,20.7,473.8,25.1,0.0,0
2030-02-24 17:00:00,15.3,473.8,74.5,0.0,0
2030-02-24 18:00:00,9.7,473.8,198.4,0.0,0
2030-02-24 19:00:00,1.9,473.8,218.7,0.0,0
2030-02-24 20:00:00,0.0,473.8,218.7,0.0,0
2030-02-24 21:00:00,0.0,473.8,218.7,0.0,0
2030-02-24 22:00:00,0.0,473.8,218.7,0.0,0
2030-02-24 23:00:00,0.0,473.8,218.7,0.0,0
2030-02-25 00:00:00,0.0,473.8,218.7,0.0,0
2030-02-25 01:00:00,0.0,473.8,218.7,0.0,0
2030-02-25 02:00:00,0.0,473.8,211.8,0.0,0
2030-02-25 03:00:00,0.0,473.8,172.3,0.0,0
2030-02-25 04:00:00,0.0,473.8,147.4,0.0,0
2030-02-25 05:00:00,0.0,473.8,140.3,0.0,0
2030-02-25 06:00:00,0.0,473.8,164.9,0.0,0
2030-02-25 07:00:00,0.0,473.8,151.3,0.0,0
2030-02-25 08:00:00,0.0,473.8,114.9,0.0,0
2030-02-25 09:00:00,4.3,473.8,109.4,0.0,0
2030-02-25 10:00:00,9.4,473.8,66.0,0.0,0
2030-02-25 11:00:00,16.4,473.8,0.0,0.0,0
2030-02-25 12:00:00,24.3,462.3,0.0,0.0,0
2030-02-25 13:00:00,28.2,473.8,0.0,0.0,0
2030-02-25 14:00:00,29.1,473.8,0.0,0.0,0
2030-02-25 15:00:00,28.3,458.2,0.0,0.0,0
2030-02-25 16:00:00,24.6,473.8,0.0,0.0,0
2030-02-25 17:00:00,19.0,473.8,0.0,0.0,0
2030-02-25 18:00:00,12.0,473.8,54.3,0.0,0
2030-02-25 19:00:00,3.7,473.8,218.7,0.0,0
2030-02-25 20:00:00,0.0,473.8,218.7,0.0,0
2030-02-25 21:00:00,0.0,473.8,218.7,0.0,0
2030-02-25 22:00:00,0.0,473.8,218.7,0.0,0
2030-02-25 23:00:00,0.0,473.8,218.7,0.0,0
2030-02-26 00:00:00,0.0,473.8,218.7,0.0,0
2030-02-26 01:00:00,0.0,473.8,218.7,0.0,0
2030-02-26 02:00:00,0.0,473.8,190.1,0.0,0
2030-02-26 03:00:00,0.0,473.8,157.7,0.0,0
2030-02-26 04:00:00,0.0,473.8,131.8,0.0,0
2030-02-26 05:00:00,0.0,473.8,113.8,0.0,0
2030-02-26 06:00:00,0.0,473.8,103.7,0.0,0
2030-02-26 07:00:00,0.0,473.8,114.4,0.0,0
2030-02-26 08:00:00,0.0,473.8,104.7,0.0,0
2030-02-26 09:00:00,5.4,473.8,42.4,0.0,0
2030-02-26 10:00:00,13.6,456.8,0.0,0.0,0
2030-02-26 11:00:00,20.5,448.2,0.0,0.0,0
2030-02-26 12:00:00,25.7,433.7,0.0,0.0,0
2030-02-26 13:00:00,28.5,412.9,0.0,0.0,0
2030-02-26 14:00:00,29.5,427.1,0.0,0.0,0
2030-02-26 15:00:00,28.4,429.8,0.0,0.0,0
2030-02-26 16:00:00,25.1,447.6,0.0,0.0,0
2030-02-26 17:00:00,19.6,468.1,0.0,0.0,0
2030-02-26 18:00:00,12.0,473.8,33.4,0.0,0
2030-02-26 19:00:00,3.8,473.8,218.7,0.0,0
2030-02-26 20:00:00,0.0,473.8,218.7,0.0,0
2030-02-26 21:00:00,0.0,473.8,218.7,0.0,0
2030-02-26 22:00:00,0.0,473.8,218.7,0.0,0
2030-02-26 23:00:00,0.0,473.8,218.7,0.0,0
2030-02-27 00:00:00,0.0,473.8,218.7,0.0,0
2030-02-27 01:00:00,0.0,473.8,209.5,0.0,0
2030-02-27 02:00:00,0.0,473.8,160.8,0.0,0
2030-02-27 03:00:00,0.0,473.8,88.5,0.0,0
2030-02-27 04:00:00,0.0,473.8,73.4,0.0,0
2030-02-27 05:00:00,0.0,473.8,43.2,0.0,0
2030-02-27 06:00:00,0.0,473.8,44.7,0.0,0
2030-02-27 07:00:00,0.0,473.8,33.3,0.0,0
2030-02-27 08:00:00,0.0,473.8,9.2,0.0,0
2030-02-27 09:00:00,5.9,452.5,0.0,0.0,0
2030-02-27 10:00:00,14.3,422.0,0.0,0.0,0
2030-02-27 11:00:00,21.5,379.7,0.0,0.0,0
2030-02-27 12:00:00,26.5,368.2,0.0,0.0,0
2030-02-27 13:00:00,29.5,389.0,0.0,0.0,0
2030-02-27 14:00:00,30.1,393.0,0.0,0.0,0
2030-02-27 15:00:00,28.9,401.7,0.0,0.0,0
2030-02-27 16:00:00,25.5,440.8,0.0,0.0,0
2030-02-27 17:00:00,19.9,461.4,0.0,0.0,0
2030-02-27 18:00:00,12.3,473.8,27.1,0.0,0
2030-02-27 19:00:00,3.9,473.8,218.7,0.0,0
2030-02-27 20:00:00,0.0,473.8,218.7,0.0,0
2030-02-27 21:00:00,0.0,473.8,218.7,0.0,0
2030-02-27 22:00:00,0.0,473.8,218.7,0.0,0
2030-02-27 23:00:00,0.0,473.8,218.7,0.0,0
2030-02-28 00:00:00,0.0,473.8,218.7,0.0,0
2030-02-28 01:00:00,0.0,473.8,218.7,0.0,0
2030-02-28 02:00:00,0.0,473.8,157.4,0.0,0
2030-02-28 03:00:00,0.0,473.8,117.8,0.0,0
2030-02-28 04:00:00,0.0,473.8,104.0,0.0,0
2030-02-28 05:00:00,0.0,473.8,109.4,0.0,0
2030-02-28 06:00:00,0.0,473.8,159.7,0.0,0
2030-02-28 07:00:00,0.0,473.8,184.2,0.0,0
2030-02-28 08:00:00,0.0,473.8,191.4,0.0,0
2030-02-28 09:00:00,6.0,473.8,177.6,0.0,0
2030-02-28 10:00:00,14.4,473.8,106.1,0.0,0
2030-02-28 11:00:00,21.6,473.8,16.0,0.0,0
2030-02-28 12:00:00,26.6,459.9,0.0,0.0,0
2030-02-28 13:00:00,29.5,473.8,0.0,0.0,0
2030-02-28 14:00:00,30.3,473.8,0.0,0.0,0
2030-02-28 15:00:00,29.0,457.5,0.0,0.0,0
2030-02-28 16:00:00,25.7,473.8,34.8,0.0,0
2030-02-28 17:00:00,20.1,473.8,88.2,0.0,0
2030-02-28 18:00:00,12.4,473.8,218.7,0.0,0
2030-02-28 19:00:00,4.0,473.8,218.7,0.0,0
2030-02-28 20:00:00,0.0,473.8,218.7,18.6,0
2030-02-28 21:00:00,0.0,473.8,218.7,22.3,0
2030-02-28 22:00:00,0.0,473.8,218.7,0.0,0
2030-02-28 23:00:00,0.0,473.8,218.7,0.0,0
2030-03-01 00:00:00,0.0,473.8,218.7,0.0,0
2030-03-01 01:00:00,0.0,473.8,218.7,0.0,0
2030-03-01 02:00:00,0.0,473.8,218.7,0.0,0
2030-03-01 03:00:00,0.0,473.8,218.7,0.0,0
2030-03-01 04:00:00,0.0,473.8,218.7,0.0,0
2030-03-01 05:00:00,0.0,473.8,218.7,0.0,0
2030-03-01 06:00:00,0.0,473.8,218.7,0.0,0
2030-03-01 07:00:00,0.0,473.8,218.7,0.0,0
2030-03-01 08:00:00,0.0,473.8,218.7,0.0,0
2030-03-01 09:00:00,6.3,473.8,218.7,0.0,0
2030-03-01 10:00:00,14.8,473.8,195.5,0.0,0
2030-03-01 11:00:00,22.0,473.8,75.4,0.0,0
2030-03-01 12:00:00,26.9,473.8,16.3,0.0,0
2030-03-01 13:00:00,29.8,456.9,0.0,0.0,0
2030-03-01 14:00:00,30.2,461.1,0.0,0.0,0
2030-03-01 15:00:00,29.0,473.8,38.6,0.0,0
2030-03-01 16:00:00,25.6,473.8,105.2,0.0,0
2030-03-01 17:00:00,20.1,473.8,165.5,0.0,0
2030-03-01 18:00:00,12.4,473.8,218.7,0.0,0
2030-03-01 19:00:00,4.0,473.8,218.7,0.0,0
2030-03-01 20:00:00,0.0,473.8,218.7,78.2,0
2030-03-01 21:00:00,0.0,473.8,218.7,66.8,0
2030-03-01 22:00:00,0.0,473.8,218.7,58.2,0
2030-03-01 23:00:00,0.0,473.8,218.7,20.3,0
2030-03-02 00:00:00,0.0,473.8,218.7,0.0,0
2030-03-02 01:00:00,0.0,473.8,218.7,0.0,0
2030-03-02 02:00:00,0.0,473.8,218.7,0.0,0
2030-03-02 03:00:00,0.0,473.8,218.7,0.0,0
2030-03-02 04:00:00,0.0,473.8,218.7,0.0,0
2030-03-02 05:00:00,0.0,473.8,218.7,0.0,0
2030-03-02 06:00:00,0.0,473.8,218.7,0.0,0
2030-03-02 07:00:00,0.0,473.8,218.7,0.0,0
2030-03-02 08:00:00,0.0,473.8,218.7,0.0,0
2030-03-02 09:00:00,6.2,473.8,218.7,0.0,0
2030-03-02 10:00:00,14.7,473.8,176.4,0.0,0
2030-03-02 11:00:00,21.9,473.8,54.1,0.0,0
2030-03-02 12:00:00,26.8,473.0,0.0,0.0,0
2030-03-02 13:00:00,29.7,445.3,0.0,0.0,0
2030-03-02 14:00:00,30.3,440.7,0.0,0.0,0
2030-03-02 15:00:00,29.0,473.8,8.1,0.0,0
2030-03-02 16:00:00,25.6,473.8,80.4,0.0,0
2030-03-02 17:00:00,20.0,473.8,154.6,0.0,0
2030-03-02 18:00:00,12.4,473.8,218.7,0.0,0
2030-03-02 19:00:00,3.9,473.8,218.7,0.0,0
2030-03-02 20:00:00,0.0,473.8,218.7,64.5,0
2030-03-02 21:00:00,0.0,473.8,218.7,49.2,0
2030-03-02 22:00:00,0.0,473.8,218.7,43.5,0
2030-03-02 23:00:00,0.0,473.8,218.7,3.9,0
2030-03-03 00:00:00,0.0,473.8,218.7,0.0,0
2030-03-03 01:00:00,0.0,473.8,218.7,0.0,0
2030-03-03 02:00:00,0.0,473.8,218.7,0.0,0
2030-03-03 03:00:00,0.0,473.8,218.7,0.0,0
2030-03-03 04:00:00,0.0,473.8,218.7,0.0,0
2030-03-03 05:00:00,0.0,473.8,218.7,0.0,0
2030-03-03 06:00:00,0.0,473.8,218.7,0.0,0
2030-03-03 07:00:00,0.0,473.8,218.7,0.0,0
2030-03-03 08:00:00,0.0,473.8,218.7,0.0,0
2030-03-03 09:00:00,5.1,473.8,218.7,0.0,0
2030-03-03 10:00:00,12.7,473.8,215.0,0.0,0
2030-03-03 11:00:00,20.2,473.8,90.1,0.0,0
2030-03-03 12:00:00,26.6,473.8,20.9,0.0,0
2030-03-03 13:00:00,29.4,459.0,0.0,0.0,0
2030-03-03 14:00:00,29.9,439.9,0.0,0.0,0
2030-03-03 15:00:00,28.8,473.8,1.3,0.0,0
2030-03-03 16:00:00,25.4,473.8,63.2,0.0,0
2030-03-03 17:00:00,19.9,473.8,127.0,0.0,0
2030-03-03 18:00:00,12.3,473.8,218.7,0.0,0
2030-03-03 19:00:00,3.9,473.8,218.7,0.0,0
2030-03-03 20:00:00,0.0,473.8,218.7,10.5,0
2030-03-03 21:00:00,0.0,473.8,218.7,4.5,0
2030-03-03 22:00:00,0.0,473.8,218.7,13.7,0
2030-03-03 23:00:00,0.0,473.8,218.7,0.0,0
2030-03-04 00:00:00,0.0,473.8,218.7,0.0,0
2030-03-04 01:00:00,0.0,473.8,218.7,0.0,0
2030-03-04 02:00:00,0.0,473.8,218.7,0.0,0
2030-03-04 03:00:00,0.0,473.8,218.7,0.0,0
2030-03-04 04:00:00,0.0,473.8,196.7,0.0,0
2030-03-04 05:00:00,0.0,473.8,176.7,0.0,0
2030-03-04 06:00:00,0.0,473.8,195.9,0.0,0
2030-03-04 07:00:00,0.0,473.8,190.7,0.0,0
2030-03-04 08:00:00,0.0,473.8,218.7,0.0,0
2030-03-04 09:00:00,6.4,473.8,204.3,0.0,0
2030-03-04 10:00:00,14.8,473.8,84.9,0.0,0
2030-03-04 11:00:00,21.8,459.3,0.0,0.0,0
2030-03-04 12:00:00,26.7,417.1,0.0,0.0,0
2030-03-04 13:00:00,29.4,428.9,0.0,0.0,0
2030-03-04 14:00:00,30.1,421.3,0.0,0.0,0
2030-03-04 15:00:00,28.9,418.4,0.0,0.0,0
2030-03-04 16:00:00,25.6,426.3,0.0,0.0,0
2030-03-04 17:00:00,20.0,473.8,26.0,0.0,0
2030-03-04 18:00:00,12.4,473.8,126.6,0.0,0
2030-03-04 19:00:00,4.0,473.8,218.7,0.0,0
2030-03-04 20:00:00,0.0,473.8,218.7,0.0,0
2030-03-04 21:00:00,0.0,473.8,218.7,0.0,0
2030-03-04 22:00:00,0.0,473.8,218.7,0.0,0
2030-03-04 23:00:00,0.0,473.8,218.7,0.0,0
2030-03-05 00:00:00,0.0,473.8,218.7,0.0,0
2030-03-05 01:00:00,0.0,473.8,179.3,0.0,0
2030-03-05 02:00:00,0.0,473.8,116.6,0.0,0
2030-03-05 03:00:00,0.0,473.8,80.7,0.0,0
2030-03-05 04:00:00,0.0,473.8,50.5,0.0,0
2030-03-05 05:00:00,0.0,473.8,35.9,0.0,0
2030-03-05 06:00:00,0.0,473.8,32.2,0.0,0
2030-03-05 07:00:00,0.0,473.8,26.2,0.0,0
2030-03-05 08:00:00,0.0,473.8,16.1,0.0,0
2030-03-05 09:00:00,6.6,447.7,0.0,0.0,0
2030-03-05 10:00:00,14.9,406.4,0.0,0.0,0
2030-03-05 11:00:00,22.0,379.7,0.0,0.0,0
2030-03-05 12:00:00,27.0,381.7,0.0,0.0,0
2030-03-05 13:00:00,29.8,377.6,0.0,0.0,0
2030-03-05 14:00:00,30.7,346.8,0.0,0.0,0
2030-03-05 15:00:00,29.2,392.1,0.0,0.0,0
2030-03-05 16:00:00,25.9,405.3,0.0,0.0,0
2030-03-05 17:00:00,20.3,424.1,0.0,0.0,0
2030-03-05 18:00:00,12.6,473.8,10.8,0.0,0
2030-03-05 19:00:00,4.1,473.8,218.7,0.0,0
2030-03-05 20:00:00,0.0,473.8,218.7,0.0,0
2030-03-05 21:00:00,0.0,473.8,218.7,0.0,0
2030-03-05 22:00:00,0.0,473.8,218.7,0.0,0
2030-03-05 23:00:00,0.0,473.8,218.7,0.0,0
2030-03-06 00:00:00,0.0,473.8,218.7,0.0,0
2030-03-06 01:00:00,0.0,473.8,178.7,0.0,0
2030-03-06 02:00:00,0.0,473.8,120.8,0.0,0
2030-03-06 03:00:00,0.0,473.8,77.7,0.0,0
2030-03-06 04:00:00,0.0,473.8,65.1,0.0,0
2030-03-06 05:00:00,0.0,473.8,78.0,0.0,0
2030-03-06 06:00:00,0.0,473.8,122.4,0.0,0
2030-03-06 07:00:00,0.0,473.8,141.8,0.0,0
2030-03-06 08:00:00,0.0,473.8,136.2,0.0,0
2030-03-06 09:00:00,6.7,473.8,91.7,0.0,0
2030-03-06 10:00:00,15.1,473.8,11.3,0.0,0
2030-03-06 11:00:00,22.2,452.8,0.0,0.0,0
2030-03-06 12:00:00,27.1,449.6,0.0,0.0,0
2030-03-06 13:00:00,29.9,454.4,0.0,0.0,0
2030-03-06 14:00:00,30.6,447.9,0.0,0.0,0
2030-03-06 15:00:00,29.3,472.3,0.0,0.0,0
2030-03-06 16:00:00,25.9,473.8,0.0,0.0,0
2030-03-06 17:00:00,20.3,473.8,33.2,0.0,0
2030-03-06 18:00:00,12.7,473.8,127.4,0.0,0
2030-03-06 19:00:00,4.1,473.8,218.7,0.0,0
2030-03-06 20:00:00,0.0,473.8,218.7,0.0,0
2030-03-06 21:00:00,0.0,473.8,218.7,0.0,0
2030-03-06 22:00:00,0.0,473.8,218.7,0.0,0
2030-03-06 23:00:00,0.0,473.8,218.7,0.0,0
2030-03-07 00:00:00,0.0,473.8,205.4,0.0,0
2030-03-07 01:00:00,0.0,473.8,127.9,0.0,0
2030-03-07 02:00:00,0.0,473.8,84.8,0.0,0
2030-03-07 03:00:00,0.0,473.8,44.0,0.0,0
2030-03-07 04:00:00,0.0,473.8,28.1,0.0,0
2030-03-07 05:00:00,0.0,473.8,35.2,0.0,0
2030-03-07 06:00:00,0.0,473.8,73.0,0.0,0
2030-03-07 07:00:00,0.0,473.8,86.3,0.0,0
2030-03-07 08:00:00,0.6,473.8,80.4,0.0,0
2030-03-07 09:00:00,6.8,473.8,11.3,0.0,0
2030-03-07 10:00:00,15.3,473.8,0.0,0.0,0
2030-03-07 11:00:00,22.3,460.2,0.0,0.0,0
2030-03-07 12:00:00,27.2,457.0,0.0,0.0,0
2030-03-07 13:00:00,30.0,459.5,0.0,0.0,0
2030-03-07 14:00:00,30.5,465.9,0.0,0.0,0
2030-03-07 15:00:00,29.2,473.8,0.0,0.0,0
2030-03-07 16:00:00,25.8,473.8,59.1,0.0,0
2030-03-07 17:00:00,20.3,473.8,123.7,0.0,0
2030-03-07 18:00:00,12.6,473.8,218.7,0.0,0
2030-03-07 19:00:00,4.1,473.8,218.7,0.0,0
2030-03-07 20:00:00,0.0,473.8,218.7,0.0,0
2030-03-07 21:00:00,0.0,473.8,218.7,0.0,0
2030-03-07 22:00:00,0.0,473.8,218.7,0.0,0
2030-03-07 23:00:00,0.0,473.8,218.7,0.0,0
2030-03-08 00:00:00,0.0,473.8,218.7,0.0,0
2030-03-08 01:00:00,0.0,473.8,214.4,0.0,0
2030-03-08 02:00:00,0.0,473.8,171.7,0.0,0
2030-03-08 03:00:00,0.0,473.8,129.2,0.0,0
2030-03-08 04:00:00,0.0,473.8,102.8,0.0,0
2030-03-08 05:00:00,0.0,473.8,97.1,0.0,0
2030-03-08 06:00:00,0.0,473.8,126.4,0.0,0
2030-03-08 07:00:00,0.0,473.8,143.4,0.0,0
2030-03-08 08:00:00,0.6,473.8,162.4,0.0,0
2030-03-08 09:00:00,6.9,473.8,129.9,0.0,0
2030-03-08 10:00:00,15.4,473.8,134.3,0.0,0
2030-03-08 11:00:00,22.3,473.8,59.3,0.0,0
2030-03-08 12:00:00,27.2,473.8,27.0,0.0,0
2030-03-08 13:00:00,29.9,473.8,22.6,0.0,0
2030-03-08 14:00:00,30.4,473.8,27.8,0.0,0
2030-03-08 15:00:00,29.1,473.8,94.9,0.0,0
2030-03-08 16:00:00,25.8,473.8,173.1,0.0,0
2030-03-08 17:00:00,20.3,473.8,218.7,0.0,0
2030-03-08 18:00:00,12.7,473.8,218.7,0.0,0
2030-03-08 19:00:00,4.1,473.8,218.7,31.7,0
2030-03-08 20:00:00,0.0,473.8,218.7,122.9,0
2030-03-08 21:00:00,0.0,473.8,218.7,88.2,0
2030-03-08 22:00:00,0.0,473.8,218.7,78.1,0
2030-03-08 23:00:00,0.0,473.8,218.7,30.9,0
2030-03-09 00:00:00,0.0,473.8,218.7,0.0,0
2030-03-09 01:00:00,0.0,473.8,218.7,0.0,0
2030-03-09 02:00:00,0.0,473.8,218.7,0.0,0
2030-03-09 03:00:00,0.0,473.8,218.7,0.0,0
2030-03-09 04:00:00,0.0,473.8,211.3,0.0,0
2030-03-09 05:00:00,0.0,473.8,202.6,0.0,0
2030-03-09 06:00:00,0.0,473.8,218.7,0.0,0
2030-03-09 07:00:00,0.0,473.8,218.7,0.0,0
2030-03-09 08:00:00,0.6,473.8,218.7,0.0,0
2030-03-09 09:00:00,7.1,473.8,151.1,0.0,0
2030-03-09 10:00:00,15.6,473.8,18.6,0.0,0
2030-03-09 11:00:00,22.4,473.8,0.0,0.0,0
2030-03-09 12:00:00,27.1,473.8,0.0,0.0,0
2030-03-09 13:00:00,29.8,473.8,0.0,0.0,0
2030-03-09 14:00:00,30.2,473.8,0.0,0.0,0
2030-03-09 15:00:00,28.9,473.8,62.1,0.0,0
2030-03-09 16:00:00,25.6,473.8,168.4,0.0,0
2030-03-09 17:00:00,20.2,473.8,218.7,0.0,0
2030-03-09 18:00:00,12.6,473.8,218.7,0.0,0
2030-03-09 19:00:00,4.2,473.8,218.7,39.5,0
2030-03-09 20:00:00,0.0,473.8,218.7,113.8,0
2030-03-09 21:00:00,0.0,473.8,218.7,93.2,0
2030-03-09 22:00:00,0.0,473.8,218.7,7.0,0
2030-03-09 23:00:00,0.0,473.8,218.7,0.0,0
2030-03-10 00:00:00,0.0,473.8,218.7,0.0,0
2030-03-10 01:00:00,0.0,473.8,218.7,0.0,0
2030-03-10 02:00:00,0.0,473.8,196.6,0.0,0
2030-03-10 03:00:00,0.0,473.8,140.7,0.0,0
2030-03-10 04:00:00,0.0,473.8,104.3,0.0,0
2030-03-10 05:00:00,0.0,473.8,104.0,0.0,0
2030-03-10 06:00:00,0.0,473.8,139.1,0.0,0
2030-03-10 07:00:00,0.0,473.8,144.6,0.0,0
2030-03-10 08:00:00,0.6,473.8,124.7,0.0,0
2030-03-10 09:00:00,7.2,473.8,50.6,0.0,0
2030-03-10 10:00:00,15.6,473.8,121.0,0.0,0
2030-03-10 11:00:00,22.4,473.8,31.9,0.0,0
2030-03-10 12:00:00,27.1,473.8,1.8,0.0,0
2030-03-10 13:00:00,29.7,473.8,2.6,0.0,0
2030-03-10 14:00:00,30.2,473.8,12.3,0.0,0
2030-03-10 15:00:00,28.9,473.8,103.9,0.0,0
2030-03-10 16:00:00,25.5,473.8,199.4,0.0,0
2030-03-10 17:00:00,20.1,473.8,218.7,0.0,0
2030-03-10 18:00:00,12.6,473.8,218.7,0.0,0
2030-03-10 19:00:00,4.2,473.8,218.7,0.0,0
2030-03-10 20:00:00,0.0,473.8,218.7,25.5,0
2030-03-10 21:00:00,0.0,473.8,218.7,0.0,0
2030-03-10 22:00:00,0.0,473.8,218.7,0.0,0
2030-03-10 23:00:00,0.0,473.8,218.7,0.0,0
2030-03-11 00:00:00,0.0,473.8,218.7,0.0,0
2030-03-11 01:00:00,0.0,473.8,218.7,0.0,0
2030-03-11 02:00:00,0.0,473.8,218.7,0.0,0
2030-03-11 03:00:00,0.0,473.8,218.7,0.0,0
2030-03-11 04:00:00,0.0,473.8,178.1,0.0,0
2030-03-11 05:00:00,0.0,473.8,143.2,0.0,0
2030-03-11 06:00:00,0.0,473.8,137.7,0.0,0
2030-03-11 07:00:00,0.0,473.8,107.6,0.0,0
2030-03-11 08:00:00,0.6,473.8,113.4,0.0,0
2030-03-11 09:00:00,7.3,473.8,67.0,0.0,0
2030-03-11 10:00:00,15.6,473.8,7.3,0.0,0
2030-03-11 11:00:00,22.4,453.8,0.0,0.0,0
2030-03-11 12:00:00,27.0,464.1,0.0,0.0,0
2030-03-11 13:00:00,29.6,469.0,0.0,0.0,0
2030-03-11 14:00:00,30.1,473.8,0.0,0.0,0
2030-03-11 15:00:00,28.5,473.8,0.0,0.0,0
2030-03-11 16:00:00,25.3,473.8,101.0,0.0,0
2030-03-11 17:00:00,19.9,473.8,218.7,0.0,0
2030-03-11 18:00:00,12.5,473.8,218.7,0.0,0
2030-03-11 19:00:00,4.2,473.8,218.7,49.2,0
2030-03-11 20:00:00,0.0,473.8,218.7,136.8,0
2030-03-11 21:00:00,0.0,473.8,218.7,86.2,0
2030-03-11 22:00:00,0.0,473.8,218.7,58.9,0
2030-03-11 23:00:00,0.0,473.8,218.7,12.3,0
2030-03-12 00:00:00,0.0,473.8,218.7,0.0,0
2030-03-12 01:00:00,0.0,473.8,218.7,0.0,0
2030-03-12 02:00:00,0.0,473.8,218.7,0.0,0
2030-03-12 03:00:00,0.0,473.8,218.7,0.0,0
2030-03-12 04:00:00,0.0,473.8,218.7,0.0,0
2030-03-12 05:00:00,0.0,473.8,218.7,0.0,0
2030-03-12 06:00:00,0.0,473.8,218.7,0.0,0
2030-03-12 07:00:00,0.0,473.8,218.7,0.0,0
2030-03-12 08:00:00,0.6,473.8,197.1,0.0,0
2030-03-12 09:00:00,7.3,473.8,96.2,0.0,0
2030-03-12 10:00:00,15.7,473.8,20.3,0.0,0
2030-03-12 11:00:00,22.5,424.4,0.0,0.0,0
2030-03-12 12:00:00,27.1,412.7,0.0,0.0,0
2030-03-12 13:00:00,29.7,412.4,0.0,0.0,0
2030-03-12 14:00:00,30.2,427.5,0.0,0.0,0
2030-03-12 15:00:00,28.9,433.7,0.0,0.0,0
2030-03-12 16:00:00,25.7,473.8,21.8,0.0,0
2030-03-12 17:00:00,20.2,473.8,116.6,0.0,0
2030-03-12 18:00:00,12.7,473.8,218.7,0.0,0
2030-03-12 19:00:00,4.1,473.8,218.7,0.0,0
2030-03-12 20:00:00,0.0,473.8,218.7,45.0,0
2030-03-12 21:00:00,0.0,473.8,218.7,32.6,0
2030-03-12 22:00:00,0.0,473.8,218.7,0.0,0
2030-03-12 23:00:00,0.0,473.8,218.7,0.0,0
2030-03-13 00:00:00,0.0,473.8,218.7,0.0,0
2030-03-13 01:00:00,0.0,473.8,218.7,0.0,0
2030-03-13 02:00:00,0.0,473.8,218.7,0.0,0
2030-03-13 03:00:00,0.0,473.8,218.7,0.0,0
2030-03-13 04:00:00,0.0,473.8,212.4,0.0,0
2030-03-13 05:00:00,0.0,473.8,216.6,0.0,0
2030-03-13 06:00:00,0.0,473.8,218.7,0.0,0
2030-03-13 07:00:00,0.0,473.8,218.7,0.0,0
2030-03-13 08:00:00,0.7,473.8,218.7,0.0,0
2030-03-13 09:00:00,7.5,473.8,202.0,0.0,0
2030-03-13 10:00:00,15.9,473.8,181.6,0.0,0
2030-03-13 11:00:00,22.6,473.8,110.1,0.0,0
2030-03-13 12:00:00,27.3,473.8,56.7,0.0,0
2030-03-13 13:00:00,29.9,473.8,39.8,0.0,0
2030-03-13 14:00:00,30.3,473.8,34.9,0.0,0
2030-03-13 15:00:00,28.9,473.8,107.1,0.0,0
2030-03-13 16:00:00,25.6,473.8,191.1,0.0,0
2030-03-13 17:00:00,20.2,473.8,218.7,0.0,0
2030-03-13 18:00:00,12.7,473.8,218.7,0.0,0
2030-03-13 19:00:00,4.1,473.8,218.7,0.0,0
2030-03-13 20:00:00,0.0,473.8,218.7,0.0,0
2030-03-13 21:00:00,0.0,473.8,218.7,0.0,0
2030-03-13 22:00:00,0.0,473.8,218.7,0.0,0
2030-03-13 23:00:00,0.0,473.8,218.7,0.0,0
2030-03-14 00:00:00,0.0,473.8,218.7,0.0,0
2030-03-14 01:00:00,0.0,473.8,167.6,0.0,0
2030-03-14 02:00:00,0.0,473.8,112.6,0.0,0
2030-03-14 03:00:00,0.0,473.8,64.8,0.0,0
2030-03-14 04:00:00,0.0,473.8,59.0,0.0,0
2030-03-14 05:00:00,0.0,473.8,79.5,0.0,0
2030-03-14 06:00:00,0.0,473.8,136.3,0.0,0
2030-03-14 07:00:00,0.0,473.8,158.9,0.0,0
2030-03-14 08:00:00,0.7,473.8,161.9,0.0,0
2030-03-14 09:00:00,7.4,473.8,129.5,0.0,0
2030-03-14 10:00:00,15.6,473.8,169.6,0.0,0
2030-03-14 11:00:00,22.3,473.8,80.0,0.0,0
2030-03-14 12:00:00,27.3,473.8,46.2,0.0,0
2030-03-14 13:00:00,29.9,473.8,34.5,0.0,0
2030-03-14 14:00:00,30.4,473.8,24.9,0.0,0
2030-03-14 15:00:00,28.7,473.8,97.2,0.0,0
2030-03-14 16:00:00,25.7,473.8,184.3,0.0,0
2030-03-14 17:00:00,20.1,473.8,218.7,0.0,0
2030-03-14 18:00:00,12.5,473.8,218.7,0.0,0
2030-03-14 19:00:00,4.2,473.8,218.7,0.0,0
2030-03-14 20:00:00,0.0,473.8,218.7,0.0,0
2030-03-14 21:00:00,0.0,473.8,218.7,0.0,0
2030-03-14 22:00:00,0.0,473.8,218.7,0.0,0
2030-03-14 23:00:00,0.0,473.8,218.7,0.0,0
2030-03-15 00:00:00,0.0,473.8,218.7,0.0,0
2030-03-15 01:00:00,0.0,473.8,218.7,0.0,0
2030-03-15 02:00:00,0.0,473.8,166.4,0.0,0
2030-03-15 03:00:00,0.0,473.8,119.1,0.0,0
2030-03-15 04:00:00,0.0,473.8,110.3,0.0,0
2030-03-15 05:00:00,0.0,473.8,131.5,0.0,0
2030-03-15 06:00:00,0.0,473.8,181.2,0.0,0
2030-03-15 07:00:00,0.0,473.8,202.4,0.0,0
2030-03-15 08:00:00,0.6,473.8,211.9,0.0,0
2030-03-15 09:00:00,7.1,473.8,170.7,0.0,0
2030-03-15 10:00:00,15.4,473.8,169.9,0.0,0
2030-03-15 11:00:00,22.8,473.8,92.9,0.0,0
2030-03-15 12:00:00,27.6,473.8,52.1,0.0,0
2030-03-15 13:00:00,30.2,473.8,40.4,0.0,0
2030-03-15 14:00:00,30.8,473.8,7.7,0.0,0
2030-03-15 15:00:00,29.3,473.8,88.8,0.0,0
2030-03-15 16:00:00,25.9,473.8,159.7,0.0,0
2030-03-15 17:00:00,20.4,473.8,218.7,0.0,0
2030-03-15 18:00:00,12.8,473.8,218.7,0.0,0
2030-03-15 19:00:00,4.3,473.8,218.7,0.0,0
2030-03-15 20:00:00,0.0,473.8,218.7,0.0,0
2030-03-15 21:00:00,0.0,473.8,218.7,0.0,0
2030-03-15 22:00:00,0.0,473.8,218.7,0.0,0
2030-03-15 23:00:00,0.0,473.8,218.7,0.0,0
2030-03-16 00:00:00,0.0,473.8,218.7,0.0,0
2030-03-16 01:00:00,0.0,473.8,218.7,0.0,0
2030-03-16 02:00:00,0.0,473.8,218.7,0.0,0
2030-03-16 03:00:00,0.0,473.8,192.3,0.0,0
2030-03-16 04:00:00,0.0,473.8,169.8,0.0,0
2030-03-16 05:00:00,0.0,473.8,177.7,0.0,0
2030-03-16 06:00:00,0.0,473.8,215.3,0.0,0
2030-03-16 07:00:00,0.0,473.8,218.7,0.0,0
2030-03-16 08:00:00,0.7,473.8,218.7,0.0,0
2030-03-16 09:00:00,7.7,473.8,172.2,0.0,0
2030-03-16 10:00:00,16.3,473.8,122.8,0.0,0
2030-03-16 11:00:00,22.7,473.8,67.9,0.0,0
2030-03-16 12:00:00,27.7,473.8,26.9,0.0,0
2030-03-16 13:00:00,30.4,473.8,7.8,0.0,0
2030-03-16 14:00:00,31.0,463.1,0.0,0.0,0
2030-03-16 15:00:00,29.5,473.8,48.1,0.0,0
2030-03-16 16:00:00,26.1,473.8,108.0,0.0,0
2030-03-16 17:00:00,20.5,473.8,155.4,0.0,0
2030-03-16 18:00:00,12.8,473.8,218.7,0.0,0
2030-03-16 19:00:00,4.3,473.8,218.7,0.0,0
2030-03-16 20:00:00,0.0,473.8,218.7,0.0,0
2030-03-16 21:00:00,0.0,473.8,218.7,0.0,0
2030-03-16 22:00:00,0.0,473.8,218.7,0.0,0
2030-03-16 23:00:00,0.0,473.8,218.7,0.0,0
2030-03-17 00:00:00,0.0,473.8,218.7,0.0,0
2030-03-17 01:00:00,0.0,473.8,218.7,0.0,0
2030-03-17 02:00:00,0.0,473.8,218.7,0.0,0
2030-03-17 03:00:00,0.0,473.8,184.8,0.0,0
2030-03-17 04:00:00,0.0,473.8,164.3,0.0,0
2030-03-17 05:00:00,0.0,473.8,162.7,0.0,0
2030-03-17 06:00:00,0.0,473.8,196.9,0.0,0
2030-03-17 07:00:00,0.0,473.8,214.3,0.0,0
2030-03-17 08:00:00,0.7,473.8,218.7,0.0,0
2030-03-17 09:00:00,7.8,473.8,175.0,0.0,0
2030-03-17 10:00:00,16.2,473.8,130.6,0.0,0
2030-03-17 11:00:00,23.0,473.8,47.6,0.0,0
2030-03-17 12:00:00,27.7,473.8,21.3,0.0,0
2030-03-17 13:00:00,30.3,473.8,5.0,0.0,0
2030-03-17 14:00:00,30.8,470.2,0.0,0.0,0
2030-03-17 15:00:00,29.5,473.8,48.6,0.0,0
2030-03-17 16:00:00,26.0,473.8,116.3,0.0,0
2030-03-17 17:00:00,20.5,473.8,156.9,0.0,0
2030-03-17 18:00:00,12.8,473.8,218.7,0.0,0
2030-03-17 19:00:00,4.2,473.8,218.7,0.0,0
2030-03-17 20:00:00,0.0,473.8,218.7,0.0,0
2030-03-17 21:00:00,0.0,473.8,218.7,0.0,0
2030-03-17 22:00:00,0.0,473.8,218.7,0.0,0
2030-03-17 23:00:00,0.0,473.8,218.7,0.0,0
2030-03-18 00:00:00,0.0,473.8,218.7,0.0,0
2030-03-18 01:00:00,0.0,473.8,193.9,0.0,0
2030-03-18 02:00:00,0.0,473.8,132.4,0.0,0
2030-03-18 03:00:00,0.0,473.8,92.1,0.0,0
2030-03-18 04:00:00,0.0,473.8,82.0,0.0,0
2030-03-18 05:00:00,0.0,473.8,88.3,0.0,0
2030-03-18 06:00:00,0.0,473.8,126.9,0.0,0
2030-03-18 07:00:00,0.0,473.8,120.2,0.0,0
2030-03-18 08:00:00,0.8,473.8,143.0,0.0,0
2030-03-18 09:00:00,7.7,473.8,104.2,0.0,0
2030-03-18 10:00:00,16.0,473.8,61.3,0.0,0
2030-03-18 11:00:00,22.8,441.2,0.0,0.0,0
2030-03-18 12:00:00,27.5,447.5,0.0,0.0,0
2030-03-18 13:00:00,30.0,452.5,0.0,0.0,0
2030-03-18 14:00:00,30.4,459.0,0.0,0.0,0
2030-03-18 15:00:00,29.1,458.6,0.0,0.0,0
2030-03-18 16:00:00,25.7,473.8,3.2,0.0,0
2030-03-18 17:00:00,20.2,473.8,97.6,0.0,0
2030-03-18 18:00:00,12.6,473.8,170.4,0.0,0
2030-03-18 19:00:00,4.1,473.8,218.7,0.0,0
2030-03-18 20:00:00,0.0,473.8,218.7,0.0,0
2030-03-18 21:00:00,0.0,473.8,218.7,0.0,0
2030-03-18 22:00:00,0.0,473.8,218.7,0.0,0
2030-03-18 23:00:00,0.0,473.8,218.7,0.0,0
2030-03-19 00:00:00,0.0,473.8,218.7,0.0,0
2030-03-19 01:00:00,0.0,473.8,158.5,0.0,0
2030-03-19 02:00:00,0.0,473.8,117.7,0.0,0
2030-03-19 03:00:00,0.0,473.8,83.1,0.0,0
2030-03-19 04:00:00,0.0,473.8,52.4,0.0,0
2030-03-19 05:00:00,0.0,473.8,30.1,0.0,0
2030-03-19 06:00:00,0.0,473.8,18.7,0.0,0
2030-03-19 07:00:00,0.0,473.8,0.2,0.0,0
2030-03-19 08:00:00,0.8,459.8,0.0,0.0,0
2030-03-19 09:00:00,7.7,420.8,0.0,0.0,0
2030-03-19 10:00:00,16.0,426.3,0.0,0.0,0
2030-03-19 11:00:00,22.8,396.2,0.0,0.0,0
2030-03-19 12:00:00,27.4,406.1,0.0,0.0,0
2030-03-19 13:00:00,29.9,405.8,0.0,0.0,0
2030-03-19 14:00:00,30.5,412.8,0.0,0.0,0
2030-03-19 15:00:00,29.1,415.9,0.0,0.0,0
2030-03-19 16:00:00,25.7,425.1,0.0,0.0,0
2030-03-19 17:00:00,20.1,437.4,0.0,0.0,0
2030-03-19 18:00:00,12.4,473.8,89.5,0.0,0
2030-03-19 19:00:00,4.0,473.8,218.7,0.0,0
2030-03-19 20:00:00,0.0,473.8,218.7,0.0,0
2030-03-19 21:00:00,0.0,473.8,218.7,0.0,0
2030-03-19 22:00:00,0.0,473.8,218.7,0.0,0
2030-03-19 23:00:00,0.0,473.8,218.7,0.0,0
2030-03-20 00:00:00,0.0,473.8,218.7,0.0,0
2030-03-20 01:00:00,0.0,473.8,218.7,0.0,0
2030-03-20 02:00:00,0.0,473.8,205.3,0.0,0
2030-03-20 03:00:00,0.0,473.8,171.1,0.0,0
2030-03-20 04:00:00,0.0,473.8,158.9,0.0,0
2030-03-20 05:00:00,0.0,473.8,160.2,0.0,0
2030-03-20 06:00:00,0.0,473.8,192.2,0.0,0
2030-03-20 07:00:00,0.0,473.8,206.4,0.0,0
2030-03-20 08:00:00,0.7,473.8,207.1,0.0,0
2030-03-20 09:00:00,7.3,473.8,167.4,0.0,0
2030-03-20 10:00:00,15.5,473.8,117.8,0.0,0
2030-03-20 11:00:00,22.3,473.8,15.5,0.0,0
2030-03-20 12:00:00,26.9,455.1,0.0,0.0,0
2030-03-20 13:00:00,30.0,456.0,0.0,0.0,0
2030-03-20 14:00:00,30.4,455.0,0.0,0.0,0
2030-03-20 15:00:00,29.0,473.8,0.0,0.0,0
2030-03-20 16:00:00,25.4,473.8,57.8,0.0,0
2030-03-20 17:00:00,20.0,473.8,115.5,0.0,0
2030-03-20 18:00:00,12.4,473.8,217.6,0.0,0
2030-03-20 19:00:00,4.0,473.8,218.7,0.0,0
2030-03-20 20:00:00,0.0,473.8,218.7,0.0,0
2030-03-20 21:00:00,0.0,473.8,218.7,0.0,0
2030-03-20 22:00:00,0.0,473.8,218.7,13.4,0
2030-03-20 23:00:00,0.0,473.8,218.7,0.0,0
2030-03-21 00:00:00,0.0,473.8,218.7,0.0,0
2030-03-21 01:00:00,0.0,473.8,218.7,0.0,0
2030-03-21 02:00:00,0.0,473.8,218.7,0.0,0
2030-03-21 03:00:00,0.0,473.8,218.7,0.0,0
2030-03-21 04:00:00,0.0,473.8,216.9,0.0,0
2030-03-21 05:00:00,0.0,473.8,214.2,0.0,0
2030-03-21 06:00:00,0.0,473.8,218.7,0.0,0
2030-03-21 07:00:00,0.0,473.8,218.7,0.0,0
2030-03-21 08:00:00,0.8,473.8,218.7,0.0,0
2030-03-21 09:00:00,7.6,473.8,185.0,0.0,0
2030-03-21 10:00:00,15.8,473.8,144.8,0.0,0
2030-03-21 11:00:00,22.7,473.8,24.6,0.0,0
2030-03-21 12:00:00,27.4,444.1,0.0,0.0,0
2030-03-21 13:00:00,30.1,447.2,0.0,0.0,0
2030-03-21 14:00:00,30.6,444.4,0.0,0.0,0
2030-03-21 15:00:00,29.2,468.3,0.0,0.0,0
2030-03-21 16:00:00,25.7,473.8,48.4,0.0,0
2030-03-21 17:00:00,20.1,473.8,120.7,0.0,0
2030-03-21 18:00:00,12.4,473.8,218.7,0.0,0
2030-03-21 19:00:00,4.0,473.8,218.7,0.0,0
2030-03-21 20:00:00,0.0,473.8,218.7,0.0,0
2030-03-21 21:00:00,0.0,473.8,218.7,0.0,0
2030-03-21 22:00:00,0.0,473.8,218.7,0.0,0
2030-03-21 23:00:00,0.0,473.8,218.7,0.0,0
2030-03-22 00:00:00,0.0,473.8,218.7,0.0,0
2030-03-22 01:00:00,0.0,473.8,218.7,0.0,0
2030-03-22 02:00:00,0.0,473.8,218.7,0.0,0
2030-03-22 03:00:00,0.0,473.8,212.8,0.0,0
2030-03-22 04:00:00,0.0,473.8,187.8,0.0,0
2030-03-22 05:00:00,0.0,473.8,193.6,0.0,0
2030-03-22 06:00:00,0.0,473.8,218.7,0.0,0
2030-03-22 07:00:00,0.0,473.8,218.7,0.0,0
2030-03-22 08:00:00,0.8,473.8,198.9,0.0,0
2030-03-22 09:00:00,7.9,473.8,132.5,0.0,0
2030-03-22 10:00:00,16.1,473.8,110.8,0.0,0
2030-03-22 11:00:00,22.8,473.8,7.0,0.0,0
2030-03-22 12:00:00,27.5,453.3,0.0,0.0,0
2030-03-22 13:00:00,30.1,454.1,0.0,0.0,0
2030-03-22 14:00:00,30.6,452.5,0.0,0.0,0
2030-03-22 15:00:00,29.3,473.8,0.0,0.0,0
2030-03-22 16:00:00,25.8,473.8,37.9,0.0,0
2030-03-22 17:00:00,20.2,473.8,112.5,0.0,0
2030-03-22 18:00:00,12.6,473.8,218.2,0.0,0
2030-03-22 19:00:00,4.0,473.8,218.7,0.0,0
2030-03-22 20:00:00,0.0,473.8,218.7,0.0,0
2030-03-22 21:00:00,0.0,473.8,218.7,0.0,0
2030-03-22 22:00:00,0.0,473.8,218.7,0.0,0
2030-03-22 23:00:00,0.0,473.8,218.7,0.0,0
2030-03-23 00:00:00,0.0,473.8,218.7,0.0,0
2030-03-23 01:00:00,0.0,473.8,218.7,0.0,0
2030-03-23 02:00:00,0.0,473.8,167.2,0.0,0
2030-03-23 03:00:00,0.0,473.8,105.5,0.0,0
2030-03-23 04:00:00,0.0,473.8,71.6,0.0,0
2030-03-23 05:00:00,0.0,473.8,73.5,0.0,0
2030-03-23 06:00:00,0.0,473.8,115.4,0.0,0
2030-03-23 07:00:00,0.0,473.8,150.7,0.0,0
2030-03-23 08:00:00,0.9,473.8,174.6,0.0,0
2030-03-23 09:00:00,7.9,473.8,145.7,0.0,0
2030-03-23 10:00:00,16.1,473.8,102.5,0.0,0
2030-03-23 11:00:00,22.0,472.5,0.0,0.0,0
2030-03-23 12:00:00,27.2,458.8,0.0,0.0,0
2030-03-23 13:00:00,30.2,458.7,0.0,0.0,0
2030-03-23 14:00:00,30.6,458.3,0.0,0.0,0
2030-03-23 15:00:00,29.2,473.8,0.0,0.0,0
2030-03-23 16:00:00,25.7,473.8,45.9,0.0,0
2030-03-23 17:00:00,20.1,473.8,99.2,0.0,0
2030-03-23 18:00:00,12.5,473.8,198.4,0.0,0
2030-03-23 19:00:00,4.0,473.8,218.7,0.0,0
2030-03-23 20:00:00,0.0,473.8,218.7,0.0,0
2030-03-23 21:00:00,0.0,473.8,218.7,0.0,0
2030-03-23 22:00:00,0.0,473.8,218.7,0.0,0
2030-03-23 23:00:00,0.0,473.8,218.7,0.0,0
2030-03-24 00:00:00,0.0,473.8,218.7,0.0,0
2030-03-24 01:00:00,0.0,473.8,205.0,0.0,0
2030-03-24 02:00:00,0.0,473.8,150.2,0.0,0
2030-03-24 03:00:00,0.0,473.8,97.9,0.0,0
2030-03-24 04:00:00,0.0,473.8,68.9,0.0,0
2030-03-24 05:00:00,0.0,473.8,77.6,0.0,0
2030-03-24 06:00:00,0.0,473.8,135.5,0.0,0
2030-03-24 07:00:00,0.0,473.8,189.4,0.0,0
2030-03-24 08:00:00,0.9,473.8,218.7,0.0,0
2030-03-24 09:00:00,8.0,473.8,180.8,0.0,0
2030-03-24 10:00:00,16.2,473.8,138.8,0.0,0
2030-03-24 11:00:00,22.9,473.8,21.2,0.0,0
2030-03-24 12:00:00,27.6,453.2,0.0,0.0,0
2030-03-24 13:00:00,30.2,452.3,0.0,0.0,0
2030-03-24 14:00:00,30.6,451.9,0.0,0.0,0
2030-03-24 15:00:00,29.1,473.8,0.0,0.0,0
2030-03-24 16:00:00,25.6,473.8,59.5,0.0,0
2030-03-24 17:00:00,20.0,473.8,127.5,0.0,0
2030-03-24 18:00:00,12.3,473.8,218.7,0.0,0
2030-03-24 19:00:00,4.0,473.8,218.7,0.0,0
2030-03-24 20:00:00,0.0,473.8,218.7,0.0,0
2030-03-24 21:00:00,0.0,473.8,218.7,0.0,0
2030-03-24 22:00:00,0.0,473.8,218.7,0.0,0
2030-03-24 23:00:00,0.0,473.8,218.7,0.0,0
2030-03-25 00:00:00,0.0,473.8,218.7,0.0,0
2030-03-25 01:00:00,0.0,473.8,218.7,0.0,0
2030-03-25 02:00:00,0.0,473.8,218.7,0.0,0
2030-03-25 03:00:00,0.0,473.8,201.2,0.0,0
2030-03-25 04:00:00,0.0,473.8,165.8,0.0,0
2030-03-25 05:00:00,0.0,473.8,152.1,0.0,0
2030-03-25 06:00:00,0.0,473.8,179.5,0.0,0
2030-03-25 07:00:00,0.0,473.8,169.4,0.0,0
2030-03-25 08:00:00,0.9,473.8,173.0,0.0,0
2030-03-25 09:00:00,8.0,473.8,121.6,0.0,0
2030-03-25 10:00:00,16.2,473.8,8.3,0.0,0
2030-03-25 11:00:00,22.9,415.2,0.0,0.0,0
2030-03-25 12:00:00,27.6,415.1,0.0,0.0,0
2030-03-25 13:00:00,30.2,414.8,0.0,0.0,0
2030-03-25 14:00:00,30.5,422.0,0.0,0.0,0
2030-03-25 15:00:00,29.1,421.7,0.0,0.0,0
2030-03-25 16:00:00,25.5,433.3,0.0,0.0,0
2030-03-25 17:00:00,19.9,473.8,56.4,0.0,0
2030-03-25 18:00:00,12.3,473.8,187.6,0.0,0
2030-03-25 19:00:00,3.9,473.8,218.7,0.0,0
2030-03-25 20:00:00,0.0,473.8,218.7,0.0,0
2030-03-25 21:00:00,0.0,473.8,218.7,0.0,0
2030-03-25 22:00:00,0.0,473.8,218.7,0.0,0
2030-03-25 23:00:00,0.0,473.8,218.7,0.0,0
2030-03-26 00:00:00,0.0,473.8,218.7,0.0,0
2030-03-26 01:00:00,0.0,473.8,215.5,0.0,0
2030-03-26 02:00:00,0.0,473.8,161.6,0.0,0
2030-03-26 03:00:00,0.0,473.8,129.4,0.0,0
2030-03-26 04:00:00,0.0,473.8,89.3,0.0,0
2030-03-26 05:00:00,0.0,473.8,72.5,0.0,0
2030-03-26 06:00:00,0.0,473.8,67.1,0.0,0
2030-03-26 07:00:00,0.0,473.8,51.8,0.0,0
2030-03-26 08:00:00,0.9,473.8,21.2,0.0,0
2030-03-26 09:00:00,8.0,428.9,0.0,0.0,0
2030-03-26 10:00:00,16.1,394.9,0.0,0.0,0
2030-03-26 11:00:00,22.8,384.2,0.0,0.0,0
2030-03-26 12:00:00,27.4,366.0,0.0,0.0,0
2030-03-26 13:00:00,29.9,344.6,0.0,0.0,0
2030-03-26 14:00:00,30.4,333.0,0.0,0.0,0
2030-03-26 15:00:00,29.0,347.2,0.0,0.0,0
2030-03-26 16:00:00,25.4,401.8,0.0,0.0,0
2030-03-26 17:00:00,19.7,424.7,0.0,0.0,0
2030-03-26 18:00:00,12.1,473.8,22.7,0.0,0
2030-03-26 19:00:00,3.9,473.8,218.7,0.0,0
2030-03-26 20:00:00,0.0,473.8,218.7,0.0,0
2030-03-26 21:00:00,0.0,473.8,218.7,0.0,0
2030-03-26 22:00:00,0.0,473.8,218.7,0.0,0
2030-03-26 23:00:00,0.0,473.8,218.7,0.0,0
2030-03-27 00:00:00,0.0,473.8,218.7,0.0,0
2030-03-27 01:00:00,0.0,473.8,159.4,0.0,0
2030-03-27 02:00:00,0.0,473.8,127.0,0.0,0
2030-03-27 03:00:00,0.0,473.8,104.8,0.0,0
2030-03-27 04:00:00,0.0,473.8,107.8,0.0,0
2030-03-27 05:00:00,0.0,473.8,125.8,0.0,0
2030-03-27 06:00:00,0.0,473.8,166.8,0.0,0
2030-03-27 07:00:00,0.0,473.8,215.4,0.0,0
2030-03-27 08:00:00,1.0,473.8,218.7,0.0,0
2030-03-27 09:00:00,7.9,473.8,174.0,0.0,0
2030-03-27 10:00:00,15.9,473.8,130.3,0.0,0
2030-03-27 11:00:00,22.5,473.8,20.0,0.0,0
2030-03-27 12:00:00,27.1,449.6,0.0,0.0,0
2030-03-27 13:00:00,29.8,449.2,0.0,0.0,0
2030-03-27 14:00:00,30.3,445.3,0.0,0.0,0
2030-03-27 15:00:00,28.7,473.8,0.0,0.0,0
2030-03-27 16:00:00,25.2,473.8,26.3,0.0,0
2030-03-27 17:00:00,19.6,473.8,74.9,0.0,0
2030-03-27 18:00:00,12.0,473.8,191.5,0.0,0
2030-03-27 19:00:00,3.8,473.8,218.7,0.0,0
2030-03-27 20:00:00,0.0,473.8,218.7,0.0,0
2030-03-27 21:00:00,0.0,473.8,218.7,0.0,0
2030-03-27 22:00:00,0.0,473.8,218.7,0.0,0
2030-03-27 23:00:00,0.0,473.8,218.7,0.0,0
2030-03-28 00:00:00,0.0,473.8,218.7,0.0,0
2030-03-28 01:00:00,0.0,473.8,218.7,0.0,0
2030-03-28 02:00:00,0.0,473.8,191.2,0.0,0
2030-03-28 03:00:00,0.0,473.8,149.7,0.0,0
2030-03-28 04:00:00,0.0,473.8,137.5,0.0,0
2030-03-28 05:00:00,0.0,473.8,143.4,0.0,0
2030-03-28 06:00:00,0.0,473.8,181.2,0.0,0
2030-03-28 07:00:00,0.0,473.8,202.8,0.0,0
2030-03-28 08:00:00,1.0,473.8,204.9,0.0,0
2030-03-28 09:00:00,8.0,473.8,156.9,0.0,0
2030-03-28 10:00:00,16.0,473.8,125.4,0.0,0
2030-03-28 11:00:00,22.6,473.8,13.4,0.0,0
2030-03-28 12:00:00,27.2,446.6,0.0,0.0,0
2030-03-28 13:00:00,29.8,447.6,0.0,0.0,0
2030-03-28 14:00:00,30.1,446.0,0.0,0.0,0
2030-03-28 15:00:00,28.7,470.0,0.0,0.0,0
2030-03-28 16:00:00,25.1,473.8,49.0,0.0,0
2030-03-28 17:00:00,19.5,473.8,112.4,0.0,0
2030-03-28 18:00:00,11.9,473.8,218.7,0.0,0
2030-03-28 19:00:00,3.8,473.8,218.7,0.0,0
2030-03-28 20:00:00,0.0,473.8,218.7,0.0,0
2030-03-28 21:00:00,0.0,473.8,218.7,0.0,0
2030-03-28 22:00:00,0.0,473.8,218.7,0.0,0
2030-03-28 23:00:00,0.0,473.8,218.7,0.0,0
2030-03-29 00:00:00,0.0,473.8,218.7,0.0,0
2030-03-29 01:00:00,0.0,473.8,218.7,0.0,0
2030-03-29 02:00:00,0.0,473.8,218.7,0.0,0
2030-03-29 03:00:00,0.0,473.8,218.7,0.0,0
2030-03-29 04:00:00,0.0,473.8,218.7,0.0,0
2030-03-29 05:00:00,0.0,473.8,213.1,0.0,0
2030-03-29 06:00:00,0.0,473.8,218.7,0.0,0
2030-03-29 07:00:00,0.0,473.8,218.7,0.0,0
2030-03-29 08:00:00,1.0,473.8,218.7,0.0,0
2030-03-29 09:00:00,8.1,473.8,172.9,0.0,0
2030-03-29 10:00:00,16.2,473.8,103.6,0.0,0
2030-03-29 11:00:00,22.8,473.8,17.9,0.0,0
2030-03-29 12:00:00,27.4,473.8,0.5,0.0,0
2030-03-29 13:00:00,29.9,455.2,0.0,0.0,0
2030-03-29 14:00:00,30.3,445.9,0.0,0.0,0
2030-03-29 15:00:00,28.8,473.8,4.1,0.0,0
2030-03-29 16:00:00,25.3,473.8,62.9,0.0,0
2030-03-29 17:00:00,19.6,473.8,114.1,0.0,0
2030-03-29 18:00:00,12.0,473.8,216.1,0.0,0
2030-03-29 19:00:00,3.8,473.8,218.7,0.0,0
2030-03-29 20:00:00,0.0,473.8,218.7,0.0,0
2030-03-29 21:00:00,0.0,473.8,218.7,0.0,0
2030-03-29 22:00:00,0.0,473.8,218.7,0.0,0
2030-03-29 23:00:00,0.0,473.8,218.7,0.0,0
2030-03-30 00:00:00,0.0,473.8,218.7,0.0,0
2030-03-30 01:00:00,0.0,473.8,218.7,0.0,0
2030-03-30 02:00:00,0.0,473.8,218.7,0.0,0
2030-03-30 03:00:00,0.0,473.8,210.7,0.0,0
2030-03-30 04:00:00,0.0,473.8,199.9,0.0,0
2030-03-30 05:00:00,0.0,473.8,202.2,0.0,0
2030-03-30 06:00:00,0.0,473.8,218.7,0.0,0
2030-03-30 07:00:00,0.0,473.8,218.7,0.0,0
2030-03-30 08:00:00,1.0,473.8,218.7,0.0,0
2030-03-30 09:00:00,8.0,473.8,196.9,0.0,0
2030-03-30 10:00:00,16.1,473.8,138.8,0.0,0
2030-03-30 11:00:00,22.5,473.8,19.1,0.0,0
2030-03-30 12:00:00,27.1,447.9,0.0,0.0,0
2030-03-30 13:00:00,29.4,446.2,0.0,0.0,0
2030-03-30 14:00:00,30.2,444.3,0.0,0.0,0
2030-03-30 15:00:00,28.7,464.2,0.0,0.0,0
2030-03-30 16:00:00,25.1,473.8,0.0,0.0,0
2030-03-30 17:00:00,19.4,473.8,26.6,0.0,0
2030-03-30 18:00:00,11.8,473.8,148.4,0.0,0
2030-03-30 19:00:00,3.7,473.8,218.7,0.0,0
2030-03-30 20:00:00,0.0,473.8,218.7,0.0,0
2030-03-30 21:00:00,0.0,473.8,218.7,0.0,0
2030-03-30 22:00:00,0.0,473.8,218.7,0.0,0
2030-03-30 23:00:00,0.0,473.8,218.7,0.0,0
2030-03-31 00:00:00,0.0,473.8,218.7,0.0,0
2030-03-31 01:00:00,0.0,473.8,162.0,0.0,0
2030-03-31 02:00:00,0.0,473.8,124.4,0.0,0
2030-03-31 03:00:00,0.0,473.8,97.3,0.0,0
2030-03-31 04:00:00,0.0,473.8,92.4,0.0,0
2030-03-31 05:00:00,0.0,473.8,108.5,0.0,0
2030-03-31 06:00:00,0.0,473.8,146.1,0.0,0
2030-03-31 07:00:00,0.0,473.8,154.8,0.0,0
2030-03-31 08:00:00,1.0,473.8,150.7,0.0,0
2030-03-31 09:00:00,8.1,473.8,110.0,0.0,0
2030-03-31 10:00:00,15.9,473.8,73.4,0.0,0
2030-03-31 11:00:00,22.4,462.6,0.0,0.0,0
2030-03-31 12:00:00,26.8,458.7,0.0,0.0,0
2030-03-31 13:00:00,29.3,458.5,0.0,0.0,0
2030-03-31 14:00:00,29.6,452.9,0.0,0.0,0
2030-03-31 15:00:00,28.1,473.8,0.0,0.0,0
2030-03-31 16:00:00,24.6,473.8,0.0,0.0,0
2030-03-31 17:00:00,19.0,473.8,55.5,0.0,0
2030-03-31 18:00:00,11.5,473.8,165.4,0.0,0
2030-03-31 19:00:00,3.6,473.8,218.7,0.0,0
2030-03-31 20:00:00,0.0,473.8,218.7,0.0,0
2030-03-31 21:00:00,0.0,473.8,218.7,0.0,0
2030-03-31 22:00:00,0.0,473.8,218.7,0.0,0
2030-03-31 23:00:00,0.0,473.8,218.7,0.0,0
2030-04-01 00:00:00,0.0,473.8,218.7,82.7,0
2030-04-01 01:00:00,0.0,473.8,218.7,13.1,0
2030-04-01 02:00:00,0.0,473.8,218.7,0.0,0
2030-04-01 03:00:00,0.0,473.8,218.7,0.0,0
2030-04-01 04:00:00,0.0,473.8,218.7,0.0,0
2030-04-01 05:00:00,0.0,473.8,218.7,0.0,0
2030-04-01 06:00:00,0.0,473.8,218.7,0.0,0
2030-04-01 07:00:00,0.0,473.8,218.7,0.0,0
2030-04-01 08:00:00,1.1,473.8,218.7,0.0,0
2030-04-01 09:00:00,8.0,473.8,218.7,0.0,0
2030-04-01 10:00:00,15.8,473.8,218.7,0.0,0
2030-04-01 11:00:00,22.3,473.8,150.7,0.0,0
2030-04-01 12:00:00,26.8,473.8,72.3,0.0,0
2030-04-01 13:00:00,29.2,473.8,63.4,0.0,0
2030-04-01 14:00:00,29.5,473.8,51.7,0.0,0
2030-04-01 15:00:00,28.0,473.8,60.5,0.0,0
2030-04-01 16:00:00,24.5,473.8,102.2,0.0,0
2030-04-01 17:00:00,18.9,473.8,172.6,0.0,0
2030-04-01 18:00:00,11.5,473.8,218.7,0.0,0
2030-04-01 19:00:00,3.5,473.8,218.7,0.0,0
2030-04-01 20:00:00,0.0,473.8,218.7,0.0,0
2030-04-01 21:00:00,0.0,473.8,218.7,0.0,0
2030-04-01 22:00:00,0.0,473.8,218.7,0.0,0
2030-04-01 23:00:00,0.0,473.8,218.7,0.0,0
2030-04-02 00:00:00,0.0,473.8,218.7,0.0,0
2030-04-02 01:00:00,0.0,473.8,218.7,0.0,0
2030-04-02 02:00:00,0.0,473.8,218.7,0.0,0
2030-04-02 03:00:00,0.0,473.8,218.7,0.0,0
2030-04-02 04:00:00,0.0,473.8,218.7,0.0,0
2030-04-02 05:00:00,0.0,473.8,144.2,0.0,0
2030-04-02 06:00:00,0.0,473.8,153.6,0.0,0
2030-04-02 07:00:00,0.0,473.8,114.0,0.0,0
2030-04-02 08:00:00,1.1,473.8,103.3,0.0,0
2030-04-02 09:00:00,7.8,473.8,127.9,0.0,0
2030-04-02 10:00:00,15.5,473.8,33.2,0.0,0
2030-04-02 11:00:00,22.5,473.8,0.0,0.0,0
2030-04-02 12:00:00,27.0,467.0,0.0,0.0,0
2030-04-02 13:00:00,29.4,473.8,0.0,0.0,0
2030-04-02 14:00:00,29.9,473.8,0.0,0.0,0
2030-04-02 15:00:00,28.4,473.8,0.0,0.0,0
2030-04-02 16:00:00,24.8,473.8,0.0,0.0,0
2030-04-02 17:00:00,19.1,473.8,81.6,0.0,0
2030-04-02 18:00:00,11.6,473.8,218.7,0.0,0
2030-04-02 19:00:00,3.6,473.8,218.7,0.0,0
2030-04-02 20:00:00,0.0,473.8,218.7,0.0,0
2030-04-02 21:00:00,0.0,473.8,218.7,0.0,0
2030-04-02 22:00:00,0.0,473.8,218.7,0.0,0
2030-04-02 23:00:00,0.0,473.8,218.7,0.0,0
2030-04-03 00:00:00,0.0,473.8,218.7,0.0,0
2030-04-03 01:00:00,0.0,473.8,218.7,0.0,0
2030-04-03 02:00:00,0.0,473.8,218.7,0.0,0
2030-04-03 03:00:00,0.0,473.8,218.7,0.0,0
2030-04-03 04:00:00,0.0,473.8,218.7,0.0,0
2030-04-03 05:00:00,0.0,473.8,218.7,0.0,0
2030-04-03 06:00:00,0.0,473.8,218.7,0.0,0
2030-04-03 07:00:00,0.0,473.8,218.7,0.0,0
2030-04-03 08:00:00,1.2,473.8,218.7,0.0,0
2030-04-03 09:00:00,8.3,473.8,194.8,0.0,0
2030-04-03 10:00:00,16.3,473.8,121.8,0.0,0
2030-04-03 11:00:00,22.8,473.8,57.0,0.0,0
2030-04-03 12:00:00,27.0,473.8,34.7,0.0,0
2030-04-03 13:00:00,29.8,473.8,51.5,0.0,0
2030-04-03 14:00:00,30.1,473.8,55.0,0.0,0
2030-04-03 15:00:00,27.6,473.8,117.9,0.0,0
2030-04-03 16:00:00,25.0,473.8,156.0,0.0,0
2030-04-03 17:00:00,19.3,473.8,214.1,0.0,0
2030-04-03 18:00:00,11.8,473.8,218.7,0.0,0
2030-04-03 19:00:00,3.7,473.8,218.7,0.0,0
2030-04-03 20:00:00,0.0,473.8,218.7,55.8,0
2030-04-03 21:00:00,0.0,473.8,218.7,44.5,0
2030-04-03 22:00:00,0.0,473.8,218.7,66.5,0
2030-04-03 23:00:00,0.0,473.8,218.7,52.5,0
2030-04-04 00:00:00,0.0,473.8,218.7,0.0,0
2030-04-04 01:00:00,0.0,473.8,218.7,0.0,0
2030-04-04 02:00:00,0.0,473.8,218.7,0.0,0
2030-04-04 03:00:00,0.0,473.8,218.7,0.0,0
2030-04-04 04:00:00,0.0,473.8,218.7,0.0,0
2030-04-04 05:00:00,0.0,473.8,218.7,0.0,0
2030-04-04 06:00:00,0.0,473.8,218.7,0.0,0
2030-04-04 07:00:00,0.0,473.8,218.7,0.0,0
2030-04-04 08:00:00,1.2,473.8,218.7,0.0,0
2030-04-04 09:00:00,8.2,473.8,218.7,0.0,0
2030-04-04 10:00:00,16.1,473.8,218.7,0.0,0
2030-04-04 11:00:00,22.5,473.8,148.9,0.0,0
2030-04-04 12:00:00,27.0,473.8,121.1,0.0,0
2030-04-04 13:00:00,29.4,473.8,137.2,0.0,0
2030-04-04 14:00:00,28.8,473.8,140.6,0.0,0
2030-04-04 15:00:00,27.1,473.8,187.0,0.0,0
2030-04-04 16:00:00,23.6,473.8,218.7,0.0,0
2030-04-04 17:00:00,18.3,473.8,218.7,0.0,0
2030-04-04 18:00:00,10.3,473.8,218.7,0.0,0
2030-04-04 19:00:00,3.2,473.8,218.7,80.4,0
2030-04-04 20:00:00,0.0,473.8,218.7,139.4,0
2030-04-04 21:00:00,0.0,473.8,218.7,131.8,0
2030-04-04 22:00:00,0.0,473.8,218.7,140.9,0
2030-04-04 23:00:00,0.0,473.8,218.7,117.7,0
2030-04-05 00:00:00,0.0,473.8,218.7,57.4,0
2030-04-05 01:00:00,0.0,473.8,218.7,0.0,0
2030-04-05 02:00:00,0.0,473.8,218.7,0.0,0
2030-04-05 03:00:00,0.0,473.8,218.7,0.0,0
2030-04-05 04:00:00,0.0,473.8,218.7,0.0,0
2030-04-05 05:00:00,0.0,473.8,218.7,0.0,0
2030-04-05 06:00:00,0.0,473.8,218.7,0.0,0
2030-04-05 07:00:00,0.0,473.8,218.7,0.0,0
2030-04-05 08:00:00,1.2,473.8,218.7,0.0,0
2030-04-05 09:00:00,8.2,473.8,218.7,0.0,0
2030-04-05 10:00:00,15.5,473.8,218.7,0.0,0
2030-04-05 11:00:00,21.6,473.8,218.7,0.0,0
2030-04-05 12:00:00,26.1,473.8,199.6,0.0,0
2030-04-05 13:00:00,28.4,473.8,185.3,0.0,0
2030-04-05 14:00:00,28.8,473.8,153.7,0.0,0
2030-04-05 15:00:00,27.1,473.8,218.7,0.0,0
2030-04-05 16:00:00,24.6,473.8,218.7,0.0,0
2030-04-05 17:00:00,18.9,473.8,218.7,0.0,0
2030-04-05 18:00:00,11.2,473.8,218.7,0.0,0
2030-04-05 19:00:00,3.6,473.8,218.7,67.4,0
2030-04-05 20:00:00,0.0,473.8,218.7,113.2,0
2030-04-05 21:00:00,0.0,473.8,218.7,95.1,0
2030-04-05 22:00:00,0.0,473.8,218.7,84.8,0
2030-04-05 23:00:00,0.0,473.8,218.7,70.2,0
2030-04-06 00:00:00,0.0,473.8,218.7,11.5,0
2030-04-06 01:00:00,0.0,473.8,218.7,0.0,0
2030-04-06 02:00:00,0.0,473.8,218.7,0.0,0
2030-04-06 03:00:00,0.0,473.8,218.7,0.0,0
2030-04-06 04:00:00,0.0,473.8,218.7,0.0,0
2030-04-06 05:00:00,0.0,473.8,218.7,0.0,0
2030-04-06 06:00:00,0.0,473.8,218.7,0.0,0
2030-04-06 07:00:00,0.0,473.8,218.7,0.0,0
2030-04-06 08:00:00,1.2,473.8,218.7,0.0,0
2030-04-06 09:00:00,8.2,473.8,218.7,0.0,0
2030-04-06 10:00:00,16.1,473.8,218.7,0.0,0
2030-04-06 11:00:00,22.1,473.8,180.9,0.0,0
2030-04-06 12:00:00,27.2,473.8,110.1,0.0,0
2030-04-06 13:00:00,29.6,473.8,87.4,0.0,0
2030-04-06 14:00:00,29.9,473.8,87.2,0.0,0
2030-04-06 15:00:00,28.3,473.8,127.9,0.0,0
2030-04-06 16:00:00,24.6,473.8,170.6,0.0,0
2030-04-06 17:00:00,19.0,473.8,218.7,0.0,0
2030-04-06 18:00:00,11.5,473.8,218.7,0.0,0
2030-04-06 19:00:00,3.6,473.8,218.7,52.0,0
2030-04-06 20:00:00,0.0,473.8,218.7,114.6,0
2030-04-06 21:00:00,0.0,473.8,218.7,114.0,0
2030-04-06 22:00:00,0.0,473.8,218.7,115.7,0
2030-04-06 23:00:00,0.0,473.8,218.7,83.4,0
2030-04-07 00:00:00,0.0,473.8,218.7,0.0,0
2030-04-07 01:00:00,0.0,473.8,218.7,0.0,0
2030-04-07 02:00:00,0.0,473.8,218.7,0.0,0
2030-04-07 03:00:00,0.0,473.8,218.7,0.0,0
2030-04-07 04:00:00,0.0,473.8,218.7,0.0,0
2030-04-07 05:00:00,0.0,473.8,218.7,0.0,0
2030-04-07 06:00:00,0.0,473.8,218.7,0.0,0
2030-04-07 07:00:00,0.0,473.8,218.7,0.0,0
2030-04-07 08:00:00,1.1,473.8,218.7,0.0,0
2030-04-07 09:00:00,7.0,473.8,218.7,0.0,0
2030-04-07 10:00:00,12.6,473.8,218.7,0.0,0
2030-04-07 11:00:00,19.0,473.8,212.1,0.0,0
2030-04-07 12:00:00,23.9,473.8,176.4,0.0,0
2030-04-07 13:00:00,26.4,473.8,176.4,0.0,0
2030-04-07 14:00:00,25.1,473.8,167.9,0.0,0
2030-04-07 15:00:00,24.8,473.8,164.9,0.0,0
2030-04-07 16:00:00,22.6,473.8,169.5,0.0,0
2030-04-07 17:00:00,15.6,473.8,218.7,0.0,0
2030-04-07 18:00:00,9.7,473.8,218.7,0.0,0
2030-04-07 19:00:00,3.5,473.8,218.7,0.0,0
2030-04-07 20:00:00,0.0,473.8,218.7,45.2,0
2030-04-07 21:00:00,0.0,473.8,218.7,40.6,0
2030-04-07 22:00:00,0.0,473.8,218.7,78.3,0
2030-04-07 23:00:00,0.0,473.8,218.7,67.0,0
2030-04-08 00:00:00,0.0,473.8,218.7,58.4,0
2030-04-08 01:00:00,0.0,473.8,218.7,0.0,0
2030-04-08 02:00:00,0.0,473.8,218.7,0.0,0
2030-04-08 03:00:00,0.0,473.8,218.7,0.0,0
2030-04-08 04:00:00,0.0,473.8,218.7,0.0,0
2030-04-08 05:00:00,0.0,473.8,218.7,0.0,0
2030-04-08 06:00:00,0.0,473.8,218.7,0.0,0
2030-04-08 07:00:00,0.0,473.8,218.7,0.0,0
2030-04-08 08:00:00,1.3,473.8,218.7,0.0,0
2030-04-08 09:00:00,8.3,473.8,218.7,0.0,0
2030-04-08 10:00:00,16.1,473.8,158.5,0.0,0
2030-04-08 11:00:00,22.5,473.8,91.9,0.0,0
2030-04-08 12:00:00,26.8,473.8,38.6,0.0,0
2030-04-08 13:00:00,29.2,473.8,47.0,0.0,0
2030-04-08 14:00:00,28.9,473.8,25.8,0.0,0
2030-04-08 15:00:00,27.5,473.8,54.3,0.0,0
2030-04-08 16:00:00,24.4,473.8,93.6,0.0,0
2030-04-08 17:00:00,18.5,473.8,181.5,0.0,0
2030-04-08 18:00:00,11.4,473.8,218.7,0.0,0
2030-04-08 19:00:00,3.5,473.8,218.7,0.0,0
2030-04-08 20:00:00,0.0,473.8,218.7,9.4,0
2030-04-08 21:00:00,0.0,473.8,218.7,0.0,0
2030-04-08 22:00:00,0.0,473.8,218.7,0.0,0
2030-04-08 23:00:00,0.0,473.8,218.7,0.0,0
2030-04-09 00:00:00,0.0,473.8,218.7,0.0,0
2030-04-09 01:00:00,0.0,473.8,218.7,0.0,0
2030-04-09 02:00:00,0.0,473.8,218.7,0.0,0
2030-04-09 03:00:00,0.0,473.8,218.7,0.0,0
2030-04-09 04:00:00,0.0,473.8,218.7,0.0,0
2030-04-09 05:00:00,0.0,473.8,185.4,0.0,0
2030-04-09 06:00:00,0.0,473.8,179.2,0.0,0
2030-04-09 07:00:00,0.0,473.8,125.3,0.0,0
2030-04-09 08:00:00,1.4,473.8,114.4,0.0,0
2030-04-09 09:00:00,8.5,473.8,152.4,0.0,0
2030-04-09 10:00:00,16.2,473.8,62.9,0.0,0
2030-04-09 11:00:00,22.6,473.8,9.7,0.0,0
2030-04-09 12:00:00,26.9,464.9,0.0,0.0,0
2030-04-09 13:00:00,29.5,473.8,0.0,0.0,0
2030-04-09 14:00:00,29.7,473.8,0.0,0.0,0
2030-04-09 15:00:00,28.0,473.8,0.0,0.0,0
2030-04-09 16:00:00,24.5,473.8,39.8,0.0,0
2030-04-09 17:00:00,18.8,473.8,131.6,0.0,0
2030-04-09 18:00:00,11.4,473.8,218.7,0.0,0
2030-04-09 19:00:00,3.5,473.8,218.7,0.0,0
2030-04-09 20:00:00,0.0,473.8,218.7,0.0,0
2030-04-09 21:00:00,0.0,473.8,218.7,0.0,0
2030-04-09 22:00:00,0.0,473.8,218.7,0.0,0
2030-04-09 23:00:00,0.0,473.8,218.7,0.0,0
2030-04-10 00:00:00,0.0,473.8,218.7,0.0,0
2030-04-10 01:00:00,0.0,473.8,218.7,0.0,0
2030-04-10 02:00:00,0.0,473.8,218.7,0.0,0
2030-04-10 03:00:00,0.0,473.8,218.7,0.0,0
2030-04-10 04:00:00,0.0,473.8,218.7,0.0,0
2030-04-10 05:00:00,0.0,473.8,218.7,0.0,0
2030-04-10 06:00:00,0.0,473.8,218.7,0.0,0
2030-04-10 07:00:00,0.0,473.8,218.7,0.0,0
2030-04-10 08:00:00,1.4,473.8,218.7,0.0,0
2030-04-10 09:00:00,8.4,473.8,218.7,0.0,0
2030-04-10 10:00:00,16.2,473.8,170.0,0.0,0
2030-04-10 11:00:00,22.5,473.8,97.1,0.0,0
2030-04-10 12:00:00,26.7,473.8,80.7,0.0,0
2030-04-10 13:00:00,29.2,473.8,89.1,0.0,0
2030-04-10 14:00:00,29.6,473.8,95.7,0.0,0
2030-04-10 15:00:00,28.1,473.8,141.7,0.0,0
2030-04-10 16:00:00,24.4,473.8,177.9,0.0,0
2030-04-10 17:00:00,18.7,473.8,218.7,0.0,0
2030-04-10 18:00:00,11.3,473.8,218.7,0.0,0
2030-04-10 19:00:00,3.4,473.8,218.7,0.0,0
2030-04-10 20:00:00,0.0,473.8,218.7,57.6,0
2030-04-10 21:00:00,0.0,473.8,218.7,54.8,0
2030-04-10 22:00:00,0.0,473.8,218.7,76.4,0
2030-04-10 23:00:00,0.0,473.8,218.7,49.2,0
2030-04-11 00:00:00,0.0,473.8,218.7,0.0,0
2030-04-11 01:00:00,0.0,473.8,218.7,0.0,0
2030-04-11 02:00:00,0.0,473.8,218.7,0.0,0
2030-04-11 03:00:00,0.0,473.8,218.7,0.0,0
2030-04-11 04:00:00,0.0,473.8,218.7,0.0,0
2030-04-11 05:00:00,0.0,473.8,218.7,0.0,0
2030-04-11 06:00:00,0.0,473.8,218.7,0.0,0
2030-04-11 07:00:00,0.0,473.8,218.7,0.0,0
2030-04-11 08:00:00,1.4,473.8,218.7,0.0,0
2030-04-11 09:00:00,8.4,473.8,218.7,0.0,0
2030-04-11 10:00:00,15.8,473.8,182.4,0.0,0
2030-04-11 11:00:00,22.5,473.8,120.7,0.0,0
2030-04-11 12:00:00,26.9,473.8,92.7,0.0,0
2030-04-11 13:00:00,29.3,473.8,119.6,0.0,0
2030-04-11 14:00:00,29.5,473.8,160.2,0.0,0
2030-04-11 15:00:00,28.0,473.8,204.2,0.0,0
2030-04-11 16:00:00,24.4,473.8,218.7,0.0,0
2030-04-11 17:00:00,18.7,473.8,218.7,0.0,0
2030-04-11 18:00:00,11.3,473.8,218.7,0.0,0
2030-04-11 19:00:00,3.5,473.8,218.7,0.0,0
2030-04-11 20:00:00,0.0,473.8,218.7,32.5,0
2030-04-11 21:00:00,0.0,473.8,218.7,16.3,0
2030-04-11 22:00:00,0.0,473.8,218.7,5.7,0
2030-04-11 23:00:00,0.0,473.8,218.7,0.0,0
2030-04-12 00:00:00,0.0,473.8,218.7,0.0,0
2030-04-12 01:00:00,0.0,473.8,218.7,0.0,0
2030-04-12 02:00:00,0.0,473.8,218.7,0.0,0
2030-04-12 03:00:00,0.0,473.8,218.7,0.0,0
2030-04-12 04:00:00,0.0,473.8,218.7,0.0,0
2030-04-12 05:00:00,0.0,473.8,218.7,0.0,0
2030-04-12 06:00:00,0.0,473.8,218.7,0.0,0
2030-04-12 07:00:00,0.0,473.8,218.7,0.0,0
2030-04-12 08:00:00,1.5,473.8,218.7,0.0,0
2030-04-12 09:00:00,8.7,473.8,218.7,0.0,0
2030-04-12 10:00:00,16.4,473.8,218.7,0.0,0
2030-04-12 11:00:00,22.5,473.8,218.7,0.0,0
2030-04-12 12:00:00,26.7,473.8,218.7,0.0,0
2030-04-12 13:00:00,28.9,473.8,218.7,0.0,0
2030-04-12 14:00:00,29.4,473.8,218.7,0.0,0
2030-04-12 15:00:00,27.9,473.8,218.7,0.0,0
2030-04-12 16:00:00,24.4,473.8,218.7,0.0,0
2030-04-12 17:00:00,18.9,473.8,218.7,0.0,0
2030-04-12 18:00:00,11.4,473.8,218.7,0.0,0
2030-04-12 19:00:00,3.5,473.8,218.7,0.0,0
2030-04-12 20:00:00,0.0,473.8,218.7,52.1,0
2030-04-12 21:00:00,0.0,473.8,218.7,42.7,0
2030-04-12 22:00:00,0.0,473.8,218.7,27.1,0
2030-04-12 23:00:00,0.0,473.8,218.7,18.9,0
2030-04-13 00:00:00,0.0,473.8,218.7,0.0,0
2030-04-13 01:00:00,0.0,473.8,218.7,0.0,0
2030-04-13 02:00:00,0.0,473.8,218.7,0.0,0
2030-04-13 03:00:00,0.0,473.8,218.7,0.0,0
2030-04-13 04:00:00,0.0,473.8,218.7,0.0,0
2030-04-13 05:00:00,0.0,473.8,218.7,0.0,0
2030-04-13 06:00:00,0.0,473.8,218.7,0.0,0
2030-04-13 07:00:00,0.0,473.8,218.7,0.0,0
2030-04-13 08:00:00,1.5,473.8,218.7,0.0,0
2030-04-13 09:00:00,8.8,473.8,218.7,0.0,0
2030-04-13 10:00:00,16.5,473.8,217.8,0.0,0
2030-04-13 11:00:00,22.7,473.8,173.8,0.0,0
2030-04-13 12:00:00,27.0,473.8,141.8,0.0,0
2030-04-13 13:00:00,29.3,473.8,151.7,0.0,0
2030-04-13 14:00:00,29.6,473.8,167.7,0.0,0
2030-04-13 15:00:00,28.1,473.8,206.3,0.0,0
2030-04-13 16:00:00,24.5,473.8,218.7,0.0,0
2030-04-13 17:00:00,18.8,473.8,218.7,0.0,0
2030-04-13 18:00:00,11.4,473.8,218.7,0.0,0
2030-04-13 19:00:00,3.5,473.8,218.7,0.0,0
2030-04-13 20:00:00,0.0,473.8,218.7,28.8,0
2030-04-13 21:00:00,0.0,473.8,218.7,9.6,0
2030-04-13 22:00:00,0.0,473.8,218.7,11.9,0
2030-04-13 23:00:00,0.0,473.8,218.7,0.0,0
2030-04-14 00:00:00,0.0,473.8,218.7,0.0,0
2030-04-14 01:00:00,0.0,473.8,218.7,0.0,0
2030-04-14 02:00:00,0.0,473.8,218.7,0.0,0
2030-04-14 03:00:00,0.0,473.8,218.7,0.0,0
2030-04-14 04:00:00,0.0,473.8,218.7,0.0,0
2030-04-14 05:00:00,0.0,473.8,218.7,0.0,0
2030-04-14 06:00:00,0.0,473.8,218.7,0.0,0
2030-04-14 07:00:00,0.0,473.8,218.7,0.0,0
2030-04-14 08:00:00,1.6,473.8,218.7,0.0,0
2030-04-14 09:00:00,8.8,473.8,218.7,0.0,0
2030-04-14 10:00:00,16.5,473.8,218.7,0.0,0
2030-04-14 11:00:00,22.7,473.8,196.8,0.0,0
2030-04-14 12:00:00,26.9,473.8,203.1,0.0,0
2030-04-14 13:00:00,29.2,473.8,218.7,0.0,0
2030-04-14 14:00:00,29.5,473.8,192.3,0.0,0
2030-04-14 15:00:00,28.1,473.8,175.9,0.0,0
2030-04-14 16:00:00,24.5,473.8,171.9,0.0,0
2030-04-14 17:00:00,18.8,473.8,206.0,0.0,0
2030-04-14 18:00:00,11.4,473.8,218.7,0.0,0
2030-04-14 19:00:00,3.5,473.8,218.7,0.0,0
2030-04-14 20:00:00,0.0,473.8,218.7,24.6,0
2030-04-14 21:00:00,0.0,473.8,218.7,16.2,0
2030-04-14 22:00:00,0.0,473.8,218.7,13.9,0
2030-04-14 23:00:00,0.0,473.8,218.7,0.8,0
2030-04-15 00:00:00,0.0,473.8,218.7,0.0,0
2030-04-15 01:00:00,0.0,473.8,218.7,0.0,0
2030-04-15 02:00:00,0.0,473.8,218.7,0.0,0
2030-04-15 03:00:00,0.0,473.8,218.7,0.0,0
2030-04-15 04:00:00,0.0,473.8,218.7,0.0,0
2030-04-15 05:00:00,0.0,473.8,218.7,0.0,0
2030-04-15 06:00:00,0.0,473.8,218.7,0.0,0
2030-04-15 07:00:00,0.0,473.8,218.3,0.0,0
2030-04-15 08:00:00,1.6,473.8,218.7,0.0,0
2030-04-15 09:00:00,8.9,473.8,218.7,0.0,0
2030-04-15 10:00:00,16.6,473.8,218.7,0.0,0
2030-04-15 11:00:00,22.8,473.8,175.0,0.0,0
2030-04-15 12:00:00,27.1,473.8,150.2,0.0,0
2030-04-15 13:00:00,29.3,473.8,170.1,0.0,0
2030-04-15 14:00:00,29.6,473.8,158.3,0.0,0
2030-04-15 15:00:00,28.1,473.8,152.8,0.0,0
2030-04-15 16:00:00,24.5,473.8,145.2,0.0,0
2030-04-15 17:00:00,18.9,473.8,191.0,0.0,0
2030-04-15 18:00:00,11.5,473.8,218.7,0.0,0
2030-04-15 19:00:00,3.5,473.8,218.7,0.0,0
2030-04-15 20:00:00,0.0,473.8,218.7,7.4,0
2030-04-15 21:00:00,0.0,473.8,218.7,0.0,0
2030-04-15 22:00:00,0.0,473.8,218.7,0.0,0
2030-04-15 23:00:00,0.0,473.8,218.7,0.0,0
2030-04-16 00:00:00,0.0,473.8,218.7,0.0,0
2030-04-16 01:00:00,0.0,473.8,218.7,0.0,0
2030-04-16 02:00:00,0.0,473.8,218.7,0.0,0
2030-04-16 03:00:00,0.0,473.8,218.7,0.0,0
2030-04-16 04:00:00,0.0,473.8,218.7,0.0,0
2030-04-16 05:00:00,0.0,473.8,142.3,0.0,0
2030-04-16 06:00:00,0.0,473.8,141.6,0.0,0
2030-04-16 07:00:00,0.0,473.8,91.8,0.0,0
2030-04-16 08:00:00,1.7,473.8,90.3,0.0,0
2030-04-16 09:00:00,8.9,473.8,144.0,0.0,0
2030-04-16 10:00:00,16.6,473.8,80.5,0.0,0
2030-04-16 11:00:00,22.9,473.8,29.2,0.0,0
2030-04-16 12:00:00,27.2,473.8,7.0,0.0,0
2030-04-16 13:00:00,29.6,473.8,20.6,0.0,0
2030-04-16 14:00:00,29.8,473.8,48.4,0.0,0
2030-04-16 15:00:00,28.2,473.8,80.3,0.0,0
2030-04-16 16:00:00,24.6,473.8,106.5,0.0,0
2030-04-16 17:00:00,18.9,473.8,185.4,0.0,0
2030-04-16 18:00:00,11.4,473.8,218.7,0.0,0
2030-04-16 19:00:00,3.3,473.8,218.7,0.0,0
2030-04-16 20:00:00,0.0,473.8,218.7,0.0,0
2030-04-16 21:00:00,0.0,473.8,218.7,0.0,0
2030-04-16 22:00:00,0.0,473.8,218.7,0.0,0
2030-04-16 23:00:00,0.0,473.8,218.7,0.0,0
2030-04-17 00:00:00,0.0,473.8,218.7,0.0,0
2030-04-17 01:00:00,0.0,473.8,218.7,0.0,0
2030-04-17 02:00:00,0.0,473.8,218.7,0.0,0
2030-04-17 03:00:00,0.0,473.8,218.7,0.0,0
2030-04-17 04:00:00,0.0,473.8,218.7,0.0,0
2030-04-17 05:00:00,0.0,473.8,218.7,0.0,0
2030-04-17 06:00:00,0.0,473.8,218.7,0.0,0
2030-04-17 07:00:00,0.0,473.8,218.7,0.0,0
2030-04-17 08:00:00,1.5,473.8,218.7,0.0,0
2030-04-17 09:00:00,7.1,473.8,218.7,0.0,0
2030-04-17 10:00:00,15.0,473.8,218.7,0.0,0
2030-04-17 11:00:00,22.0,473.8,218.7,0.0,0
2030-04-17 12:00:00,26.1,473.8,218.7,0.0,0
2030-04-17 13:00:00,27.9,473.8,218.7,0.0,0
2030-04-17 14:00:00,27.3,473.8,218.7,0.0,0
2030-04-17 15:00:00,23.6,473.8,218.7,0.0,0
2030-04-17 16:00:00,20.8,473.8,218.7,0.0,0
2030-04-17 17:00:00,13.1,473.8,218.7,0.0,0
2030-04-17 18:00:00,7.5,473.8,218.7,0.0,0
2030-04-17 19:00:00,2.9,473.8,218.7,69.0,0
2030-04-17 20:00:00,0.0,473.8,218.7,110.2,0
2030-04-17 21:00:00,0.0,473.8,218.7,97.3,0
2030-04-17 22:00:00,0.0,473.8,218.7,157.3,0
2030-04-17 23:00:00,0.0,473.8,218.7,167.9,0
2030-04-18 00:00:00,0.0,473.8,218.7,125.1,0
2030-04-18 01:00:00,0.0,473.8,218.7,41.7,0
2030-04-18 02:00:00,0.0,473.8,218.7,0.0,0
2030-04-18 03:00:00,0.0,473.8,218.7,0.0,0
2030-04-18 04:00:00,0.0,473.8,218.7,0.0,0
2030-04-18 05:00:00,0.0,473.8,218.7,0.0,0
2030-04-18 06:00:00,0.0,473.8,218.7,0.0,0
2030-04-18 07:00:00,0.0,473.8,218.7,0.0,0
2030-04-18 08:00:00,1.7,473.8,218.7,0.0,0
2030-04-18 09:00:00,8.5,473.8,218.7,0.0,0
2030-04-18 10:00:00,16.0,473.8,218.7,0.0,0
2030-04-18 11:00:00,22.4,473.8,218.7,0.0,0
2030-04-18 12:00:00,26.7,473.8,218.7,0.0,0
2030-04-18 13:00:00,28.9,473.8,218.7,0.0,0
2030-04-18 14:00:00,28.2,473.8,218.7,0.0,0
2030-04-18 15:00:00,27.4,473.8,218.7,0.0,0
2030-04-18 16:00:00,23.4,473.8,218.7,0.0,0
2030-04-18 17:00:00,17.8,473.8,218.7,0.0,0
2030-04-18 18:00:00,10.9,473.8,218.7,56.1,0
2030-04-18 19:00:00,3.1,473.8,218.7,225.5,0
2030-04-18 20:00:00,0.0,473.8,218.7,295.1,0
2030-04-18 21:00:00,0.0,473.8,218.7,288.9,0
2030-04-18 22:00:00,0.0,473.8,218.7,291.4,0
2030-04-18 23:00:00,0.0,473.8,218.7,276.2,0
2030-04-19 00:00:00,0.0,473.8,218.7,219.0,0
2030-04-19 01:00:00,0.0,473.8,218.7,127.0,0
2030-04-19 02:00:00,0.0,473.8,218.7,25.7,0
2030-04-19 03:00:00,0.0,473.8,218.7,0.0,0
2030-04-19 04:00:00,0.0,473.8,218.7,0.0,0
2030-04-19 05:00:00,0.0,473.8,218.7,0.0,0
2030-04-19 06:00:00,0.0,473.8,218.7,14.5,0
2030-04-19 07:00:00,0.0,473.8,218.7,9.3,0
2030-04-19 08:00:00,1.7,473.8,218.7,0.0,0
2030-04-19 09:00:00,8.9,473.8,218.7,0.0,0
2030-04-19 10:00:00,16.4,473.8,218.7,0.0,0
2030-04-19 11:00:00,22.5,473.8,218.7,0.0,0
2030-04-19 12:00:00,26.9,473.8,218.7,0.0,0
2030-04-19 13:00:00,29.1,473.8,218.7,0.0,0
2030-04-19 14:00:00,29.2,473.8,218.7,0.0,0
2030-04-19 15:00:00,27.6,473.8,218.7,0.0,0
2030-04-19 16:00:00,24.0,473.8,218.7,0.0,0
2030-04-19 17:00:00,18.5,473.8,218.7,0.0,0
2030-04-19 18:00:00,11.2,473.8,218.7,21.1,0
2030-04-19 19:00:00,3.4,473.8,218.7,204.4,0
2030-04-19 20:00:00,0.0,473.8,218.7,279.8,0
2030-04-19 21:00:00,0.0,473.8,218.7,260.8,0
2030-04-19 22:00:00,0.0,473.8,218.7,256.2,0
2030-04-19 23:00:00,0.0,473.8,218.7,233.6,0
2030-04-20 00:00:00,0.0,473.8,218.7,174.0,0
2030-04-20 01:00:00,0.0,473.8,218.7,82.8,0
2030-04-20 02:00:00,0.0,473.8,218.7,0.0,0
2030-04-20 03:00:00,0.0,473.8,218.7,0.0,0
2030-04-20 04:00:00,0.0,473.8,218.7,0.0,0
2030-04-20 05:00:00,0.0,473.8,218.7,0.0,0
2030-04-20 06:00:00,0.0,473.8,218.7,0.0,0
2030-04-20 07:00:00,0.0,473.8,218.7,0.0,0
2030-04-20 08:00:00,1.6,473.8,218.7,0.0,0
2030-04-20 09:00:00,7.9,473.8,218.7,0.0,0
2030-04-20 10:00:00,15.4,473.8,218.7,0.0,0
2030-04-20 11:00:00,22.1,473.8,218.7,0.0,0
2030-04-20 12:00:00,26.3,473.8,218.7,0.0,0
2030-04-20 13:00:00,28.8,473.8,218.7,0.0,0
2030-04-20 14:00:00,28.7,473.8,218.7,0.0,0
2030-04-20 15:00:00,27.4,473.8,218.7,0.0,0
2030-04-20 16:00:00,23.6,473.8,218.7,0.0,0
2030-04-20 17:00:00,18.4,473.8,218.7,0.0,0
2030-04-20 18:00:00,11.1,473.8,218.7,57.9,0
2030-04-20 19:00:00,3.4,473.8,218.7,209.5,0
2030-04-20 20:00:00,0.0,473.8,218.7,286.6,0
2030-04-20 21:00:00,0.0,473.8,218.7,287.6,0
2030-04-20 22:00:00,0.0,473.8,218.7,296.9,0
2030-04-20 23:00:00,0.0,473.8,218.7,281.4,0
2030-04-21 00:00:00,0.0,473.8,218.7,221.7,0
2030-04-21 01:00:00,0.0,473.8,218.7,126.8,0
2030-04-21 02:00:00,0.0,473.8,218.7,29.5,0
2030-04-21 03:00:00,0.0,473.8,218.7,0.0,0
2030-04-21 04:00:00,0.0,473.8,218.7,0.0,0
2030-04-21 05:00:00,0.0,473.8,218.7,0.0,0
2030-04-21 06:00:00,0.0,473.8,218.7,10.7,0
2030-04-21 07:00:00,0.0,473.8,218.7,0.0,0
2030-04-21 08:00:00,1.6,473.8,218.7,0.0,0
2030-04-21 09:00:00,8.2,473.8,218.7,0.0,0
2030-04-21 10:00:00,15.3,473.8,218.7,0.0,0
2030-04-21 11:00:00,20.5,473.8,218.7,0.0,0
2030-04-21 12:00:00,24.6,473.8,218.7,0.0,0
2030-04-21 13:00:00,27.1,473.8,218.7,0.0,0
2030-04-21 14:00:00,27.5,473.8,218.7,0.0,0
2030-04-21 15:00:00,25.4,473.8,218.7,0.0,0
2030-04-21 16:00:00,20.6,473.8,218.7,0.0,0
2030-04-21 17:00:00,14.9,473.8,218.7,0.0,0
2030-04-21 18:00:00,8.0,473.8,218.7,69.2,0
2030-04-21 19:00:00,3.0,473.8,218.7,188.0,0
2030-04-21 20:00:00,0.0,473.8,218.7,243.8,0
2030-04-21 21:00:00,0.0,473.8,218.7,228.2,0
2030-04-21 22:00:00,0.0,473.8,218.7,213.1,0
2030-04-21 23:00:00,0.0,473.8,218.7,188.0,0
2030-04-22 00:00:00,0.0,473.8,218.7,151.3,0
2030-04-22 01:00:00,0.0,473.8,218.7,32.3,0
2030-04-22 02:00:00,0.0,473.8,218.7,0.0,0
2030-04-22 03:00:00,0.0,473.8,218.7,0.0,0
2030-04-22 04:00:00,0.0,473.8,218.7,0.0,0
2030-04-22 05:00:00,0.0,473.8,218.7,0.0,0
2030-04-22 06:00:00,0.0,473.8,218.7,0.0,0
2030-04-22 07:00:00,0.0,473.8,218.7,0.0,0
2030-04-22 08:00:00,1.8,473.8,218.7,0.0,0
2030-04-22 09:00:00,9.2,473.8,218.7,0.0,0
2030-04-22 10:00:00,16.3,473.8,218.7,0.0,0
2030-04-22 11:00:00,22.3,473.8,218.7,0.0,0
2030-04-22 12:00:00,26.4,473.8,218.7,0.0,0
2030-04-22 13:00:00,28.5,473.8,218.7,0.0,0
2030-04-22 14:00:00,28.7,473.8,218.7,0.0,0
2030-04-22 15:00:00,27.1,473.8,218.7,0.0,0
2030-04-22 16:00:00,23.7,473.8,218.7,0.0,0
2030-04-22 17:00:00,18.3,473.8,218.7,0.0,0
2030-04-22 18:00:00,11.1,473.8,218.7,22.4,0
2030-04-22 19:00:00,3.4,473.8,218.7,175.5,0
2030-04-22 20:00:00,0.0,473.8,218.7,211.4,0
2030-04-22 21:00:00,0.0,473.8,218.7,171.4,0
2030-04-22 22:00:00,0.0,473.8,218.7,95.3,0
2030-04-22 23:00:00,0.0,473.8,218.7,35.4,0
2030-04-23 00:00:00,0.0,473.8,218.7,0.0,0
2030-04-23 01:00:00,0.0,473.8,218.7,0.0,0
2030-04-23 02:00:00,0.0,473.8,218.7,0.0,0
2030-04-23 03:00:00,0.0,473.8,218.7,0.0,0
2030-04-23 04:00:00,0.0,473.8,218.7,0.0,0
2030-04-23 05:00:00,0.0,473.8,190.8,0.0,0
2030-04-23 06:00:00,0.0,473.8,193.3,0.0,0
2030-04-23 07:00:00,0.0,473.8,144.1,0.0,0
2030-04-23 08:00:00,1.9,473.8,152.3,0.0,0
2030-04-23 09:00:00,9.2,473.8,218.7,0.0,0
2030-04-23 10:00:00,16.7,473.8,208.3,0.0,0
2030-04-23 11:00:00,22.6,473.8,199.4,0.0,0
2030-04-23 12:00:00,26.6,473.8,191.4,0.0,0
2030-04-23 13:00:00,28.7,473.8,215.2,0.0,0
2030-04-23 14:00:00,29.0,473.8,218.7,0.0,0
2030-04-23 15:00:00,27.5,473.8,218.7,0.0,0
2030-04-23 16:00:00,23.9,473.8,218.7,0.0,0
2030-04-23 17:00:00,18.4,473.8,218.7,0.0,0
2030-04-23 18:00:00,11.1,473.8,218.7,0.0,0
2030-04-23 19:00:00,3.5,473.8,218.7,0.0,0
2030-04-23 20:00:00,0.0,473.8,218.7,37.4,0
2030-04-23 21:00:00,0.0,473.8,218.7,32.1,0
2030-04-23 22:00:00,0.0,473.8,218.7,54.0,0
2030-04-23 23:00:00,0.0,473.8,218.7,22.7,0
2030-04-24 00:00:00,0.0,473.8,218.7,28.7,0
2030-04-24 01:00:00,0.0,473.8,218.7,0.0,0
2030-04-24 02:00:00,0.0,473.8,218.7,0.0,0
2030-04-24 03:00:00,0.0,473.8,218.7,0.0,0
2030-04-24 04:00:00,0.0,473.8,218.7,0.0,0
2030-04-24 05:00:00,0.0,473.8,218.7,0.0,0
2030-04-24 06:00:00,0.0,473.8,218.7,0.0,0
2030-04-24 07:00:00,0.0,473.8,218.7,0.0,0
2030-04-24 08:00:00,1.9,473.8,218.7,0.0,0
2030-04-24 09:00:00,9.2,473.8,218.7,0.0,0
2030-04-24 10:00:00,16.7,473.8,218.7,0.0,0
2030-04-24 11:00:00,22.8,473.8,218.7,0.0,0
2030-04-24 12:00:00,27.0,473.8,218.7,0.0,0
2030-04-24 13:00:00,29.1,473.8,218.7,0.0,0
2030-04-24 14:00:00,29.3,473.8,218.7,0.0,0
2030-04-24 15:00:00,27.6,473.8,218.7,0.0,0
2030-04-24 16:00:00,24.0,473.8,218.7,0.0,0
2030-04-24 17:00:00,18.5,473.8,218.7,0.0,0
2030-04-24 18:00:00,11.2,473.8,218.7,0.0,0
2030-04-24 19:00:00,3.5,473.8,218.7,140.4,0
2030-04-24 20:00:00,0.0,473.8,218.7,203.4,0
2030-04-24 21:00:00,0.0,473.8,218.7,200.6,0
2030-04-24 22:00:00,0.0,473.8,218.7,223.3,0
2030-04-24 23:00:00,0.0,473.8,218.7,207.6,0
2030-04-25 00:00:00,0.0,473.8,218.7,152.2,0
2030-04-25 01:00:00,0.0,473.8,218.7,76.1,0
2030-04-25 02:00:00,0.0,473.8,218.7,4.5,0
2030-04-25 03:00:00,0.0,473.8,218.7,0.0,0
2030-04-25 04:00:00,0.0,473.8,218.7,0.0,0
2030-04-25 05:00:00,0.0,473.8,218.7,0.0,0
2030-04-25 06:00:00,0.0,473.8,218.7,0.0,0
2030-04-25 07:00:00,0.0,473.8,218.7,0.0,0
2030-04-25 08:00:00,1.6,473.8,218.7,0.0,0
2030-04-25 09:00:00,7.2,473.8,218.7,0.0,0
2030-04-25 10:00:00,14.3,473.8,218.7,0.0,0
2030-04-25 11:00:00,18.6,473.8,218.7,0.0,0
2030-04-25 12:00:00,23.7,473.8,218.7,0.0,0
2030-04-25 13:00:00,24.5,473.8,218.7,0.0,0
2030-04-25 14:00:00,24.5,473.8,218.7,0.0,0
2030-04-25 15:00:00,23.7,473.8,218.7,0.0,0
2030-04-25 16:00:00,19.8,473.8,218.7,0.0,0
2030-04-25 17:00:00,15.7,473.8,218.7,0.0,0
2030-04-25 18:00:00,9.8,473.8,218.7,15.6,0
2030-04-25 19:00:00,2.9,473.8,218.7,181.8,0
2030-04-25 20:00:00,0.0,473.8,218.7,262.2,0
2030-04-25 21:00:00,0.0,473.8,218.7,246.2,0
2030-04-25 22:00:00,0.0,473.8,218.7,240.3,0
2030-04-25 23:00:00,0.0,473.8,218.7,218.0,0
2030-04-26 00:00:00,0.0,473.8,218.7,161.9,0
2030-04-26 01:00:00,0.0,473.8,218.7,62.8,0
2030-04-26 02:00:00,0.0,473.8,218.7,0.0,0
2030-04-26 03:00:00,0.0,473.8,218.7,0.0,0
2030-04-26 04:00:00,0.0,473.8,218.7,0.0,0
2030-04-26 05:00:00,0.0,473.8,218.7,0.0,0
2030-04-26 06:00:00,0.0,473.8,218.7,0.0,0
2030-04-26 07:00:00,0.0,473.8,218.7,0.0,0
2030-04-26 08:00:00,1.8,473.8,218.7,0.0,0
2030-04-26 09:00:00,8.7,473.8,218.7,0.0,0
2030-04-26 10:00:00,15.7,473.8,218.7,0.0,0
2030-04-26 11:00:00,20.6,473.8,218.7,0.0,0
2030-04-26 12:00:00,23.7,473.8,218.7,0.0,0
2030-04-26 13:00:00,21.9,473.8,218.7,0.0,0
2030-04-26 14:00:00,23.7,473.8,218.7,0.0,0
2030-04-26 15:00:00,23.2,473.8,218.7,0.0,0
2030-04-26 16:00:00,19.9,473.8,218.7,0.0,0
2030-04-26 17:00:00,13.1,473.8,218.7,0.0,0
2030-04-26 18:00:00,8.6,473.8,218.7,10.0,0
2030-04-26 19:00:00,2.9,473.8,218.7,163.4,0
2030-04-26 20:00:00,0.0,473.8,218.7,234.0,0
2030-04-26 21:00:00,0.0,473.8,218.7,214.5,0
2030-04-26 22:00:00,0.0,473.8,218.7,212.8,0
2030-04-26 23:00:00,0.0,473.8,218.7,192.2,0
2030-04-27 00:00:00,0.0,473.8,218.7,133.0,0
2030-04-27 01:00:00,0.0,473.8,218.7,52.7,0
2030-04-27 02:00:00,0.0,473.8,218.7,0.0,0
2030-04-27 03:00:00,0.0,473.8,218.7,0.0,0
2030-04-27 04:00:00,0.0,473.8,218.7,0.0,0
2030-04-27 05:00:00,0.0,473.8,218.7,0.0,0
2030-04-27 06:00:00,0.0,473.8,218.7,0.0,0
2030-04-27 07:00:00,0.0,473.8,218.7,0.0,0
2030-04-27 08:00:00,2.0,473.8,218.7,0.0,0
2030-04-27 09:00:00,9.2,473.8,218.7,0.0,0
2030-04-27 10:00:00,16.5,473.8,218.7,0.0,0
2030-04-27 11:00:00,22.5,473.8,218.7,0.0,0
2030-04-27 12:00:00,26.7,473.8,218.7,0.0,0
2030-04-27 13:00:00,28.9,473.8,218.7,0.0,0
2030-04-27 14:00:00,29.0,473.8,218.7,0.0,0
2030-04-27 15:00:00,27.3,473.8,218.7,0.0,0
2030-04-27 16:00:00,23.7,473.8,218.7,0.0,0
2030-04-27 17:00:00,18.2,473.8,218.7,0.0,0
2030-04-27 18:00:00,11.0,473.8,218.7,0.0,0
2030-04-27 19:00:00,3.3,473.8,218.7,98.0,0
2030-04-27 20:00:00,0.0,473.8,218.7,132.7,0
2030-04-27 21:00:00,0.0,473.8,218.7,95.4,0
2030-04-27 22:00:00,0.0,473.8,218.7,80.9,0
2030-04-27 23:00:00,0.0,473.8,218.7,63.1,0
2030-04-28 00:00:00,0.0,473.8,218.7,0.0,0
2030-04-28 01:00:00,0.0,473.8,218.7,0.0,0
2030-04-28 02:00:00,0.0,473.8,218.7,0.0,0
2030-04-28 03:00:00,0.0,473.8,218.7,0.0,0
2030-04-28 04:00:00,0.0,473.8,218.7,0.0,0
2030-04-28 05:00:00,0.0,473.8,218.7,0.0,0
2030-04-28 06:00:00,0.0,473.8,218.7,0.0,0
2030-04-28 07:00:00,0.0,473.8,218.7,0.0,0
2030-04-28 08:00:00,2.0,473.8,218.7,0.0,0
2030-04-28 09:00:00,9.0,473.8,218.7,0.0,0
2030-04-28 10:00:00,16.3,473.8,218.7,0.0,0
2030-04-28 11:00:00,22.4,473.8,218.7,0.0,0
2030-04-28 12:00:00,26.4,473.8,203.5,0.0,0
2030-04-28 13:00:00,28.7,473.8,191.0,0.0,0
2030-04-28 14:00:00,28.9,473.8,143.3,0.0,0
2030-04-28 15:00:00,27.2,473.8,173.4,0.0,0
2030-04-28 16:00:00,23.7,473.8,200.1,0.0,0
2030-04-28 17:00:00,18.2,473.8,218.7,0.0,0
2030-04-28 18:00:00,11.1,473.8,218.7,0.0,0
2030-04-28 19:00:00,3.4,473.8,218.7,0.0,0
2030-04-28 20:00:00,0.0,473.8,218.7,22.6,0
2030-04-28 21:00:00,0.0,473.8,218.7,16.4,0
2030-04-28 22:00:00,0.0,473.8,218.7,8.6,0
2030-04-28 23:00:00,0.0,473.8,218.7,0.0,0
2030-04-29 00:00:00,0.0,473.8,218.7,0.0,0
2030-04-29 01:00:00,0.0,473.8,218.7,0.0,0
2030-04-29 02:00:00,0.0,473.8,218.7,0.0,0
2030-04-29 03:00:00,0.0,473.8,218.7,0.0,0
2030-04-29 04:00:00,0.0,473.8,218.7,0.0,0
2030-04-29 05:00:00,0.0,473.8,218.7,0.0,0
2030-04-29 06:00:00,0.0,473.8,218.7,0.0,0
2030-04-29 07:00:00,0.0,473.8,215.6,0.0,0
2030-04-29 08:00:00,2.1,473.8,218.7,0.0,0
2030-04-29 09:00:00,9.4,473.8,201.2,0.0,0
2030-04-29 10:00:00,16.8,473.8,195.6,0.0,0
2030-04-29 11:00:00,22.8,473.8,159.3,0.0,0
2030-04-29 12:00:00,26.8,473.8,176.9,0.0,0
2030-04-29 13:00:00,28.9,473.8,205.6,0.0,0
2030-04-29 14:00:00,29.2,473.8,165.7,0.0,0
2030-04-29 15:00:00,27.6,473.8,150.0,0.0,0
2030-04-29 16:00:00,24.0,473.8,147.8,0.0,0
2030-04-29 17:00:00,18.4,473.8,204.7,0.0,0
2030-04-29 18:00:00,11.1,473.8,218.7,0.0,0
2030-04-29 19:00:00,3.4,473.8,218.7,0.0,0
2030-04-29 20:00:00,0.0,473.8,218.7,14.2,0
2030-04-29 21:00:00,0.0,473.8,218.7,0.0,0
2030-04-29 22:00:00,0.0,473.8,218.7,8.6,0
2030-04-29 23:00:00,0.0,473.8,218.7,0.0,0
2030-04-30 00:00:00,0.0,473.8,218.7,0.0,0
2030-04-30 01:00:00,0.0,473.8,218.7,0.0,0
2030-04-30 02:00:00,0.0,473.8,218.7,0.0,0
2030-04-30 03:00:00,0.0,473.8,218.7,0.0,0
2030-04-30 04:00:00,0.0,473.8,218.7,0.0,0
2030-04-30 05:00:00,0.0,473.8,144.9,0.0,0
2030-04-30 06:00:00,0.0,473.8,145.4,0.0,0
2030-04-30 07:00:00,0.0,473.8,102.2,0.0,0
2030-04-30 08:00:00,2.1,473.8,118.9,0.0,0
2030-04-30 09:00:00,9.3,473.8,157.3,0.0,0
2030-04-30 10:00:00,16.7,473.8,105.4,0.0,0
2030-04-30 11:00:00,22.6,473.8,50.1,0.0,0
2030-04-30 12:00:00,26.8,466.1,0.0,0.0,0
2030-04-30 13:00:00,29.0,473.8,0.0,0.0,0
2030-04-30 14:00:00,29.2,473.8,2.1,0.0,0
2030-04-30 15:00:00,27.5,473.8,50.6,0.0,0
2030-04-30 16:00:00,23.8,473.8,95.2,0.0,0
2030-04-30 17:00:00,18.2,473.8,182.2,0.0,0
2030-04-30 18:00:00,11.0,473.8,218.7,0.0,0
2030-04-30 19:00:00,3.4,473.8,218.7,0.0,0
2030-04-30 20:00:00,0.0,473.8,218.7,22.5,0
2030-04-30 21:00:00,0.0,473.8,218.7,10.2,0
2030-04-30 22:00:00,0.0,473.8,218.7,42.9,0
2030-04-30 23:00:00,0.0,473.8,218.7,25.4,0
2030-05-01 00:00:00,0.0,473.8,218.7,84.0,0
2030-05-01 01:00:00,0.0,473.8,218.7,26.2,0
2030-05-01 02:00:00,0.0,473.8,218.7,0.0,0
2030-05-01 03:00:00,0.0,473.8,218.7,0.0,0
2030-05-01 04:00:00,0.0,473.8,218.7,0.0,0
2030-05-01 05:00:00,0.0,473.8,218.7,0.0,0
2030-05-01 06:00:00,0.0,473.8,218.7,0.0,0
2030-05-01 07:00:00,0.0,473.8,218.7,0.0,0
2030-05-01 08:00:00,2.1,473.8,218.7,0.0,0
2030-05-01 09:00:00,9.4,473.8,218.7,0.0,0
2030-05-01 10:00:00,16.7,473.8,218.7,0.0,0
2030-05-01 11:00:00,22.8,473.8,128.4,0.0,0
2030-05-01 12:00:00,26.9,473.8,83.2,0.0,0
2030-05-01 13:00:00,29.1,473.8,73.8,0.0,0
2030-05-01 14:00:00,29.2,473.8,72.7,0.0,0
2030-05-01 15:00:00,27.5,473.8,146.8,0.0,0
2030-05-01 16:00:00,23.9,473.8,212.9,0.0,0
2030-05-01 17:00:00,18.3,473.8,218.7,0.0,0
2030-05-01 18:00:00,11.0,473.8,218.7,0.0,0
2030-05-01 19:00:00,3.4,473.8,218.7,55.1,0
2030-05-01 20:00:00,0.0,473.8,218.7,148.5,0
2030-05-01 21:00:00,0.0,473.8,218.7,161.9,0
2030-05-01 22:00:00,0.0,473.8,218.7,146.7,0
2030-05-01 23:00:00,0.0,473.8,218.7,128.8,0
2030-05-02 00:00:00,0.0,473.8,218.7,89.6,0
2030-05-02 01:00:00,0.0,473.8,218.7,50.3,0
2030-05-02 02:00:00,0.0,473.8,218.7,29.1,0
2030-05-02 03:00:00,0.0,473.8,218.7,0.0,0
2030-05-02 04:00:00,0.0,473.8,218.7,0.0,0
2030-05-02 05:00:00,0.0,473.8,218.7,0.0,0
2030-05-02 06:00:00,0.0,473.8,218.7,0.0,0
2030-05-02 07:00:00,0.0,473.8,218.7,0.0,0
2030-05-02 08:00:00,2.2,473.8,218.7,0.0,0
2030-05-02 09:00:00,9.4,473.8,218.7,0.0,0
2030-05-02 10:00:00,16.9,473.8,218.7,0.0,0
2030-05-02 11:00:00,22.8,473.8,185.7,0.0,0
2030-05-02 12:00:00,26.9,473.8,154.7,0.0,0
2030-05-02 13:00:00,29.0,473.8,147.0,0.0,0
2030-05-02 14:00:00,29.2,473.8,147.2,0.0,0
2030-05-02 15:00:00,27.5,473.8,218.7,0.0,0
2030-05-02 16:00:00,23.8,473.8,218.7,0.0,0
2030-05-02 17:00:00,18.1,473.8,218.7,0.0,0
2030-05-02 18:00:00,10.9,473.8,218.7,0.0,0
2030-05-02 19:00:00,3.4,473.8,218.7,121.6,0
2030-05-02 20:00:00,0.0,473.8,218.7,233.2,0
2030-05-02 21:00:00,0.0,473.8,218.7,232.2,0
2030-05-02 22:00:00,0.0,473.8,218.7,235.3,0
2030-05-02 23:00:00,0.0,473.8,218.7,210.6,0
2030-05-03 00:00:00,0.0,473.8,218.7,163.9,0
2030-05-03 01:00:00,0.0,473.8,218.7,101.0,0
2030-05-03 02:00:00,0.0,473.8,218.7,50.3,0
2030-05-03 03:00:00,0.0,473.8,218.7,0.0,0
2030-05-03 04:00:00,0.0,473.8,218.7,0.0,0
2030-05-03 05:00:00,0.0,473.8,218.7,0.0,0
2030-05-03 06:00:00,0.0,473.8,218.7,0.0,0
2030-05-03 07:00:00,0.0,473.8,218.7,0.0,0
2030-05-03 08:00:00,2.1,473.8,218.7,0.0,0
2030-05-03 09:00:00,9.3,473.8,218.7,0.0,0
2030-05-03 10:00:00,16.6,473.8,218.7,0.0,0
2030-05-03 11:00:00,22.6,473.8,218.7,0.0,0
2030-05-03 12:00:00,26.7,473.8,204.1,0.0,0
2030-05-03 13:00:00,28.8,473.8,193.1,0.0,0
2030-05-03 14:00:00,28.9,473.8,164.7,0.0,0
2030-05-03 15:00:00,27.0,473.8,218.7,0.0,0
2030-05-03 16:00:00,23.2,473.8,218.7,0.0,0
2030-05-03 17:00:00,17.7,473.8,218.7,0.0,0
2030-05-03 18:00:00,10.5,473.8,218.7,0.0,0
2030-05-03 19:00:00,3.4,473.8,218.7,82.8,0
2030-05-03 20:00:00,0.0,473.8,218.7,201.9,0
2030-05-03 21:00:00,0.0,473.8,218.7,217.3,0
2030-05-03 22:00:00,0.0,473.8,218.7,256.4,0
2030-05-03 23:00:00,0.0,473.8,218.7,243.7,0
2030-05-04 00:00:00,0.0,473.8,218.7,200.6,0
2030-05-04 01:00:00,0.0,473.8,218.7,148.9,0
2030-05-04 02:00:00,0.0,473.8,218.7,102.3,0
2030-05-04 03:00:00,0.0,473.8,218.7,37.9,0
2030-05-04 04:00:00,0.0,473.8,218.7,4.9,0
2030-05-04 05:00:00,0.0,473.8,218.7,0.0,0
2030-05-04 06:00:00,0.0,473.8,218.7,0.0,0
2030-05-04 07:00:00,0.0,473.8,218.7,0.0,0
2030-05-04 08:00:00,2.1,473.8,218.7,0.0,0
2030-05-04 09:00:00,9.3,473.8,218.7,0.0,0
2030-05-04 10:00:00,16.6,473.8,218.7,0.0,0
2030-05-04 11:00:00,22.4,473.8,171.9,0.0,0
2030-05-04 12:00:00,26.5,473.8,115.3,0.0,0
2030-05-04 13:00:00,28.2,473.8,109.9,0.0,0
2030-05-04 14:00:00,28.7,473.8,122.2,0.0,0
2030-05-04 15:00:00,27.2,473.8,196.9,0.0,0
2030-05-04 16:00:00,23.5,473.8,218.7,0.0,0
2030-05-04 17:00:00,17.9,473.8,218.7,0.0,0
2030-05-04 18:00:00,10.7,473.8,218.7,0.0,0
2030-05-04 19:00:00,3.4,473.8,218.7,82.4,0
2030-05-04 20:00:00,0.0,473.8,218.7,172.8,0
2030-05-04 21:00:00,0.0,473.8,218.7,186.3,0
2030-05-04 22:00:00,0.0,473.8,218.7,205.8,0
2030-05-04 23:00:00,0.0,473.8,218.7,179.0,0
2030-05-05 00:00:00,0.0,473.8,218.7,128.9,0
2030-05-05 01:00:00,0.0,473.8,218.7,79.5,0
2030-05-05 02:00:00,0.0,473.8,218.7,34.9,0
2030-05-05 03:00:00,0.0,473.8,218.7,0.0,0
2030-05-05 04:00:00,0.0,473.8,218.7,0.0,0
2030-05-05 05:00:00,0.0,473.8,218.7,0.0,0
2030-05-05 06:00:00,0.0,473.8,218.7,0.0,0
2030-05-05 07:00:00,0.0,473.8,218.7,0.0,0
2030-05-05 08:00:00,2.2,473.8,218.7,0.0,0
2030-05-05 09:00:00,9.3,473.8,218.7,0.0,0
2030-05-05 10:00:00,16.6,473.8,218.7,0.0,0
2030-05-05 11:00:00,22.5,473.8,218.7,0.0,0
2030-05-05 12:00:00,26.6,473.8,173.7,0.0,0
2030-05-05 13:00:00,28.7,473.8,141.0,0.0,0
2030-05-05 14:00:00,28.9,473.8,100.3,0.0,0
2030-05-05 15:00:00,27.2,473.8,129.0,0.0,0
2030-05-05 16:00:00,23.5,473.8,178.9,0.0,0
2030-05-05 17:00:00,18.0,473.8,218.7,0.0,0
2030-05-05 18:00:00,10.9,473.8,218.7,0.0,0
2030-05-05 19:00:00,3.4,473.8,218.7,0.0,0
2030-05-05 20:00:00,0.0,473.8,218.7,88.0,0
2030-05-05 21:00:00,0.0,473.8,218.7,109.3,0
2030-05-05 22:00:00,0.0,473.8,218.7,102.8,0
2030-05-05 23:00:00,0.0,473.8,218.7,76.7,0
2030-05-06 00:00:00,0.0,473.8,218.7,66.5,0
2030-05-06 01:00:00,0.0,473.8,218.7,0.0,0
2030-05-06 02:00:00,0.0,473.8,218.7,0.0,0
2030-05-06 03:00:00,0.0,473.8,218.7,0.0,0
2030-05-06 04:00:00,0.0,473.8,218.7,0.0,0
2030-05-06 05:00:00,0.0,473.8,218.7,0.0,0
2030-05-06 06:00:00,0.0,473.8,218.7,0.0,0
2030-05-06 07:00:00,0.0,473.8,218.7,0.0,0
2030-05-06 08:00:00,2.2,473.8,218.7,0.0,0
2030-05-06 09:00:00,9.3,473.8,218.7,0.0,0
2030-05-06 10:00:00,16.6,473.8,214.3,0.0,0
2030-05-06 11:00:00,22.5,473.8,145.5,0.0,0
2030-05-06 12:00:00,26.5,473.8,67.8,0.0,0
2030-05-06 13:00:00,28.7,473.8,55.0,0.0,0
2030-05-06 14:00:00,28.8,473.8,26.0,0.0,0
2030-05-06 15:00:00,27.1,473.8,62.8,0.0,0
2030-05-06 16:00:00,23.5,473.8,128.1,0.0,0
2030-05-06 17:00:00,18.0,473.8,218.7,0.0,0
2030-05-06 18:00:00,10.8,473.8,218.7,0.0,0
2030-05-06 19:00:00,3.4,473.8,218.7,0.0,0
2030-05-06 20:00:00,0.0,473.8,218.7,76.0,0
2030-05-06 21:00:00,0.0,473.8,218.7,83.2,0
2030-05-06 22:00:00,0.0,473.8,218.7,87.8,0
2030-05-06 23:00:00,0.0,473.8,218.7,78.3,0
2030-05-07 00:00:00,0.0,473.8,218.7,0.0,0
2030-05-07 01:00:00,0.0,473.8,218.7,0.0,0
2030-05-07 02:00:00,0.0,473.8,218.7,0.0,0
2030-05-07 03:00:00,0.0,473.8,218.7,0.0,0
2030-05-07 04:00:00,0.0,473.8,218.7,0.0,0
2030-05-07 05:00:00,0.0,473.8,218.7,0.0,0
2030-05-07 06:00:00,0.0,473.8,218.7,0.0,0
2030-05-07 07:00:00,0.0,473.8,218.7,0.0,0
2030-05-07 08:00:00,2.2,473.8,218.7,0.0,0
2030-05-07 09:00:00,9.4,473.8,189.9,0.0,0
2030-05-07 10:00:00,16.6,473.8,84.9,0.0,0
2030-05-07 11:00:00,22.5,473.8,7.1,0.0,0
2030-05-07 12:00:00,26.5,471.6,0.0,0.0,0
2030-05-07 13:00:00,28.6,473.8,0.0,0.0,0
2030-05-07 14:00:00,28.7,473.8,0.0,0.0,0
2030-05-07 15:00:00,27.1,473.8,59.6,0.0,0
2030-05-07 16:00:00,23.5,473.8,108.8,0.0,0
2030-05-07 17:00:00,18.0,473.8,176.9,0.0,0
2030-05-07 18:00:00,10.9,473.8,218.7,0.0,0
2030-05-07 19:00:00,3.4,473.8,218.7,0.0,0
2030-05-07 20:00:00,0.0,473.8,218.7,31.0,0
2030-05-07 21:00:00,0.0,473.8,218.7,64.3,0
2030-05-07 22:00:00,0.0,473.8,218.7,48.1,0
2030-05-07 23:00:00,0.0,473.8,218.7,35.6,0
2030-05-08 00:00:00,0.0,473.8,218.7,16.1,0
2030-05-08 01:00:00,0.0,473.8,218.7,0.0,0
2030-05-08 02:00:00,0.0,473.8,218.7,0.0,0
2030-05-08 03:00:00,0.0,473.8,218.7,0.0,0
2030-05-08 04:00:00,0.0,473.8,218.7,0.0,0
2030-05-08 05:00:00,0.0,473.8,218.7,0.0,0
2030-05-08 06:00:00,0.0,473.8,218.7,0.0,0
2030-05-08 07:00:00,0.0,473.8,218.7,0.0,0
2030-05-08 08:00:00,2.3,473.8,218.7,0.0,0
2030-05-08 09:00:00,9.5,473.8,218.7,0.0,0
2030-05-08 10:00:00,16.7,473.8,218.7,0.0,0
2030-05-08 11:00:00,22.3,473.8,218.7,0.0,0
2030-05-08 12:00:00,26.5,473.8,218.7,0.0,0
2030-05-08 13:00:00,28.6,473.8,218.7,0.0,0
2030-05-08 14:00:00,28.9,473.8,214.1,0.0,0
2030-05-08 15:00:00,27.2,473.8,218.7,0.0,0
2030-05-08 16:00:00,23.6,473.8,218.7,0.0,0
2030-05-08 17:00:00,17.7,473.8,218.7,0.0,0
2030-05-08 18:00:00,10.9,473.8,218.7,0.0,0
2030-05-08 19:00:00,3.4,473.8,218.7,38.1,0
2030-05-08 20:00:00,0.0,473.8,218.7,150.6,0
2030-05-08 21:00:00,0.0,473.8,218.7,171.1,0
2030-05-08 22:00:00,0.0,473.8,218.7,206.5,0
2030-05-08 23:00:00,0.0,473.8,218.7,183.3,0
2030-05-09 00:00:00,0.0,473.8,218.7,132.9,0
2030-05-09 01:00:00,0.0,473.8,218.7,78.0,0
2030-05-09 02:00:00,0.0,473.8,218.7,40.2,0
2030-05-09 03:00:00,0.0,473.8,218.7,0.0,0
2030-05-09 04:00:00,0.0,473.8,218.7,0.0,0
2030-05-09 05:00:00,0.0,473.8,218.7,0.0,0
2030-05-09 06:00:00,0.0,473.8,218.7,0.0,0
2030-05-09 07:00:00,0.0,473.8,218.7,0.0,0
2030-05-09 08:00:00,2.1,473.8,218.7,0.0,0
2030-05-09 09:00:00,8.3,473.8,218.7,0.0,0
2030-05-09 10:00:00,16.2,473.8,218.7,0.0,0
2030-05-09 11:00:00,22.2,473.8,218.7,0.0,0
2030-05-09 12:00:00,26.0,473.8,218.7,0.0,0
2030-05-09 13:00:00,28.6,473.8,218.7,0.0,0
2030-05-09 14:00:00,28.7,473.8,214.8,0.0,0
2030-05-09 15:00:00,27.1,473.8,218.7,0.0,0
2030-05-09 16:00:00,23.5,473.8,218.7,0.0,0
2030-05-09 17:00:00,18.0,473.8,218.7,0.0,0
2030-05-09 18:00:00,10.9,473.8,218.7,0.0,0
2030-05-09 19:00:00,3.5,473.8,218.7,87.9,0
2030-05-09 20:00:00,0.0,473.8,218.7,183.3,0
2030-05-09 21:00:00,0.0,473.8,218.7,191.4,0
2030-05-09 22:00:00,0.0,473.8,218.7,198.9,0
2030-05-09 23:00:00,0.0,473.8,218.7,158.4,0
2030-05-10 00:00:00,0.0,473.8,218.7,90.6,0
2030-05-10 01:00:00,0.0,473.8,218.7,20.3,0
2030-05-10 02:00:00,0.0,473.8,218.7,0.0,0
2030-05-10 03:00:00,0.0,473.8,218.7,0.0,0
2030-05-10 04:00:00,0.0,473.8,218.7,0.0,0
2030-05-10 05:00:00,0.0,473.8,218.7,0.0,0
2030-05-10 06:00:00,0.0,473.8,218.7,0.0,0
2030-05-10 07:00:00,0.0,473.8,218.7,0.0,0
2030-05-10 08:00:00,2.3,473.8,218.7,0.0,0
2030-05-10 09:00:00,9.4,473.8,218.7,0.0,0
2030-05-10 10:00:00,16.6,473.8,218.7,0.0,0
2030-05-10 11:00:00,22.5,473.8,218.7,0.0,0
2030-05-10 12:00:00,26.5,473.8,218.7,0.0,0
2030-05-10 13:00:00,28.7,473.8,218.7,0.0,0
2030-05-10 14:00:00,28.8,473.8,207.5,0.0,0
2030-05-10 15:00:00,27.1,473.8,218.7,0.0,0
2030-05-10 16:00:00,23.5,473.8,218.7,0.0,0
2030-05-10 17:00:00,18.0,473.8,218.7,0.0,0
2030-05-10 18:00:00,10.9,473.8,218.7,0.0,0
2030-05-10 19:00:00,3.5,473.8,218.7,90.3,0
2030-05-10 20:00:00,0.0,473.8,218.7,177.1,0
2030-05-10 21:00:00,0.0,473.8,218.7,171.2,0
2030-05-10 22:00:00,0.0,473.8,218.7,178.4,0
2030-05-10 23:00:00,0.0,473.8,218.7,138.1,0
2030-05-11 00:00:00,0.0,473.8,218.7,84.3,0
2030-05-11 01:00:00,0.0,473.8,218.7,36.5,0
2030-05-11 02:00:00,0.0,473.8,218.7,0.0,0
2030-05-11 03:00:00,0.0,473.8,218.7,0.0,0
2030-05-11 04:00:00,0.0,473.8,218.7,0.0,0
2030-05-11 05:00:00,0.0,473.8,218.7,0.0,0
2030-05-11 06:00:00,0.0,473.8,218.7,0.0,0
2030-05-11 07:00:00,0.0,473.8,218.7,0.0,0
2030-05-11 08:00:00,1.4,473.8,218.7,0.0,0
2030-05-11 09:00:00,7.2,473.8,218.7,0.0,0
2030-05-11 10:00:00,14.7,473.8,218.7,0.0,0
2030-05-11 11:00:00,19.5,473.8,218.7,0.0,0
2030-05-11 12:00:00,24.4,473.8,218.7,0.0,0
2030-05-11 13:00:00,27.9,473.8,218.7,0.0,0
2030-05-11 14:00:00,28.5,473.8,218.7,0.0,0
2030-05-11 15:00:00,27.0,473.8,218.7,0.0,0
2030-05-11 16:00:00,23.4,473.8,218.7,0.0,0
2030-05-11 17:00:00,17.9,473.8,218.7,0.0,0
2030-05-11 18:00:00,10.9,473.8,218.7,0.0,0
2030-05-11 19:00:00,3.4,473.8,218.7,158.9,0
2030-05-11 20:00:00,0.0,473.8,218.7,270.5,0
2030-05-11 21:00:00,0.0,473.8,218.7,270.0,0
2030-05-11 22:00:00,0.0,473.8,218.7,268.4,0
2030-05-11 23:00:00,0.0,473.8,218.7,228.8,0
2030-05-12 00:00:00,0.0,473.8,218.7,160.3,0
2030-05-12 01:00:00,0.0,473.8,218.7,78.6,0
2030-05-12 02:00:00,0.0,473.8,218.7,0.0,0
2030-05-12 03:00:00,0.0,473.8,218.7,0.0,0
2030-05-12 04:00:00,0.0,473.8,218.7,0.0,0
2030-05-12 05:00:00,0.0,473.8,218.7,0.0,0
2030-05-12 06:00:00,0.0,473.8,218.7,0.0,0
2030-05-12 07:00:00,0.0,473.8,218.7,0.0,0
2030-05-12 08:00:00,2.3,473.8,218.7,0.0,0
2030-05-12 09:00:00,9.5,473.8,218.7,0.0,0
2030-05-12 10:00:00,16.7,473.8,218.7,0.0,0
2030-05-12 11:00:00,22.6,473.8,218.7,0.0,0
2030-05-12 12:00:00,26.6,473.8,218.7,0.0,0
2030-05-12 13:00:00,28.7,473.8,218.7,0.0,0
2030-05-12 14:00:00,28.9,473.8,187.4,0.0,0
2030-05-12 15:00:00,26.2,473.8,218.7,0.0,0
2030-05-12 16:00:00,23.3,473.8,218.7,0.0,0
2030-05-12 17:00:00,18.1,473.8,218.7,0.0,0
2030-05-12 18:00:00,11.0,473.8,218.7,0.0,0
2030-05-12 19:00:00,3.5,473.8,218.7,121.8,0
2030-05-12 20:00:00,0.0,473.8,218.7,219.2,0
2030-05-12 21:00:00,0.0,473.8,218.7,213.6,0
2030-05-12 22:00:00,0.0,473.8,218.7,246.3,0
2030-05-12 23:00:00,0.0,473.8,218.7,207.2,0
2030-05-13 00:00:00,0.0,473.8,218.7,203.4,0
2030-05-13 01:00:00,0.0,473.8,218.7,154.1,0
2030-05-13 02:00:00,0.0,473.8,218.7,110.4,0
2030-05-13 03:00:00,0.0,473.8,218.7,94.9,0
2030-05-13 04:00:00,0.0,473.8,218.7,114.5,0
2030-05-13 05:00:00,0.0,473.8,218.7,97.4,0
2030-05-13 06:00:00,0.0,473.8,218.7,79.9,0
2030-05-13 07:00:00,0.0,473.8,218.7,4.8,0
2030-05-13 08:00:00,2.4,473.8,218.7,0.0,0
2030-05-13 09:00:00,9.5,473.8,218.7,0.0,0
2030-05-13 10:00:00,16.9,473.8,218.7,0.0,0
2030-05-13 11:00:00,22.6,473.8,218.7,0.0,0
2030-05-13 12:00:00,26.6,473.8,176.1,0.0,0
2030-05-13 13:00:00,28.6,473.8,165.5,0.0,0
2030-05-13 14:00:00,28.8,473.8,125.8,0.0,0
2030-05-13 15:00:00,27.1,473.8,167.9,0.0,0
2030-05-13 16:00:00,23.5,473.8,218.7,0.0,0
2030-05-13 17:00:00,18.0,473.8,218.7,0.0,0
2030-05-13 18:00:00,11.0,473.8,218.7,0.0,0
2030-05-13 19:00:00,3.5,473.8,218.7,78.4,0
2030-05-13 20:00:00,0.0,473.8,218.7,206.5,0
2030-05-13 21:00:00,0.0,473.8,218.7,213.2,0
2030-05-13 22:00:00,0.0,473.8,218.7,209.7,0
2030-05-13 23:00:00,0.0,473.8,218.7,190.1,0
2030-05-14 00:00:00,0.0,473.8,218.7,0.0,0
2030-05-14 01:00:00,0.0,473.8,218.7,64.6,0
2030-05-14 02:00:00,0.0,473.8,218.7,20.0,0
2030-05-14 03:00:00,0.0,473.8,218.7,0.0,0
2030-05-14 04:00:00,0.0,473.8,218.7,0.0,0
2030-05-14 05:00:00,0.0,473.8,218.7,0.0,0
2030-05-14 06:00:00,0.0,473.8,218.7,0.0,0
2030-05-14 07:00:00,0.0,473.8,218.7,0.0,0
2030-05-14 08:00:00,2.4,473.8,218.7,0.0,0
2030-05-14 09:00:00,9.5,473.8,218.7,0.0,0
2030-05-14 10:00:00,16.7,473.8,191.5,0.0,0
2030-05-14 11:00:00,22.5,473.8,125.7,0.0,0
2030-05-14 12:00:00,26.4,473.8,86.2,0.0,0
2030-05-14 13:00:00,28.5,473.8,86.7,0.0,0
2030-05-14 14:00:00,28.6,473.8,62.6,0.0,0
2030-05-14 15:00:00,27.0,473.8,116.7,0.0,0
2030-05-14 16:00:00,23.5,473.8,134.4,0.0,0
2030-05-14 17:00:00,18.0,473.8,217.4,0.0,0
2030-05-14 18:00:00,10.9,473.8,218.7,0.0,0
2030-05-14 19:00:00,3.5,473.8,218.7,40.0,0
2030-05-14 20:00:00,0.0,473.8,218.7,151.9,0
2030-05-14 21:00:00,0.0,473.8,218.7,176.7,0
2030-05-14 22:00:00,0.0,473.8,218.7,175.8,0
2030-05-14 23:00:00,0.0,473.8,218.7,163.4,0
2030-05-15 00:00:00,0.0,473.8,218.7,157.1,0
2030-05-15 01:00:00,0.0,473.8,218.7,100.3,0
2030-05-15 02:00:00,0.0,473.8,218.7,49.8,0
2030-05-15 03:00:00,0.0,473.8,218.7,0.0,0
2030-05-15 04:00:00,0.0,473.8,218.7,0.0,0
2030-05-15 05:00:00,0.0,473.8,218.7,0.0,0
2030-05-15 06:00:00,0.0,473.8,218.7,7.1,0
2030-05-15 07:00:00,0.0,473.8,218.7,6.4,0
2030-05-15 08:00:00,2.4,473.8,218.7,7.7,0
2030-05-15 09:00:00,9.5,473.8,218.7,0.0,0
2030-05-15 10:00:00,16.6,473.8,218.7,0.0,0
2030-05-15 11:00:00,22.4,473.8,218.7,0.0,0
2030-05-15 12:00:00,26.3,473.8,218.7,0.0,0
2030-05-15 13:00:00,28.4,473.8,218.7,0.0,0
2030-05-15 14:00:00,28.6,473.8,218.7,0.0,0
2030-05-15 15:00:00,26.9,473.8,218.7,0.0,0
2030-05-15 16:00:00,23.3,473.8,218.7,0.0,0
2030-05-15 17:00:00,17.9,473.8,218.7,0.0,0
2030-05-15 18:00:00,10.9,473.8,218.7,0.0,0
2030-05-15 19:00:00,3.5,473.8,218.7,131.2,0
2030-05-15 20:00:00,0.0,473.8,218.7,250.9,0
2030-05-15 21:00:00,0.0,473.8,218.7,273.0,0
2030-05-15 22:00:00,0.0,473.8,218.7,306.5,0
2030-05-15 23:00:00,0.0,473.8,218.7,274.2,0
2030-05-16 00:00:00,0.0,473.8,218.7,218.8,0
2030-05-16 01:00:00,0.0,473.8,218.7,159.6,0
2030-05-16 02:00:00,0.0,473.8,218.7,124.1,0
2030-05-16 03:00:00,0.0,473.8,218.7,84.7,0
2030-05-16 04:00:00,0.0,473.8,218.7,80.2,0
2030-05-16 05:00:00,0.0,473.8,218.7,67.7,0
2030-05-16 06:00:00,0.0,473.8,218.7,81.7,0
2030-05-16 07:00:00,0.0,473.8,218.7,60.0,0
2030-05-16 08:00:00,2.3,473.8,218.7,40.2,0
2030-05-16 09:00:00,9.4,473.8,218.7,0.0,0
2030-05-16 10:00:00,16.5,473.8,218.7,0.0,0
2030-05-16 11:00:00,21.9,473.8,218.7,0.0,0
2030-05-16 12:00:00,25.6,473.8,218.7,0.0,0
2030-05-16 13:00:00,27.1,473.8,218.7,0.0,0
2030-05-16 14:00:00,28.4,473.8,218.7,0.0,0
2030-05-16 15:00:00,26.8,473.8,218.7,0.0,0
2030-05-16 16:00:00,23.3,473.8,218.7,0.0,0
2030-05-16 17:00:00,17.9,473.8,218.7,0.0,0
2030-05-16 18:00:00,11.0,473.8,218.7,0.0,0
2030-05-16 19:00:00,3.5,473.8,218.7,133.8,0
2030-05-16 20:00:00,0.0,473.8,218.7,247.4,0
2030-05-16 21:00:00,0.0,473.8,218.7,266.5,0
2030-05-16 22:00:00,0.0,473.8,218.7,265.1,0
2030-05-16 23:00:00,0.0,473.8,218.7,232.7,0
2030-05-17 00:00:00,0.0,473.8,218.7,178.0,0
2030-05-17 01:00:00,0.0,473.8,218.7,117.0,0
2030-05-17 02:00:00,0.0,473.8,218.7,76.0,0
2030-05-17 03:00:00,0.0,473.8,218.7,39.3,0
2030-05-17 04:00:00,0.0,473.8,218.7,39.4,0
2030-05-17 05:00:00,0.0,473.8,218.7,36.5,0
2030-05-17 06:00:00,0.0,473.8,218.7,60.4,0
2030-05-17 07:00:00,0.0,473.8,218.7,43.8,0
2030-05-17 08:00:00,2.4,473.8,218.7,25.7,0
2030-05-17 09:00:00,9.3,473.8,218.7,0.0,0
2030-05-17 10:00:00,16.5,473.8,218.7,0.0,0
2030-05-17 11:00:00,22.4,473.8,218.7,0.0,0
2030-05-17 12:00:00,26.3,473.8,218.7,0.0,0
2030-05-17 13:00:00,28.4,473.8,218.7,0.0,0
2030-05-17 14:00:00,28.4,473.8,218.7,0.0,0
2030-05-17 15:00:00,26.9,473.8,218.7,0.0,0
2030-05-17 16:00:00,23.3,473.8,218.7,0.0,0
2030-05-17 17:00:00,17.9,473.8,218.7,0.0,0
2030-05-17 18:00:00,10.9,473.8,218.7,0.0,0
2030-05-17 19:00:00,3.5,473.8,218.7,143.2,0
2030-05-17 20:00:00,0.0,473.8,218.7,254.4,0
2030-05-17 21:00:00,0.0,473.8,218.7,264.5,0
2030-05-17 22:00:00,0.0,473.8,218.7,291.9,0
2030-05-17 23:00:00,0.0,473.8,218.7,257.7,0
2030-05-18 00:00:00,0.0,473.8,218.7,187.1,0
2030-05-18 01:00:00,0.0,473.8,218.7,100.3,0
2030-05-18 02:00:00,0.0,473.8,218.7,33.1,0
2030-05-18 03:00:00,0.0,473.8,218.7,0.0,0
2030-05-18 04:00:00,0.0,473.8,218.7,0.0,0
2030-05-18 05:00:00,0.0,473.8,218.7,0.0,0
2030-05-18 06:00:00,0.0,473.8,218.7,0.0,0
2030-05-18 07:00:00,0.0,473.8,218.7,0.0,0
2030-05-18 08:00:00,2.4,473.8,218.7,0.0,0
2030-05-18 09:00:00,9.3,473.8,218.7,0.0,0
2030-05-18 10:00:00,16.5,473.8,218.7,0.0,0
2030-05-18 11:00:00,22.1,473.8,181.8,0.0,0
2030-05-18 12:00:00,25.7,473.8,156.9,0.0,0
2030-05-18 13:00:00,28.3,473.8,140.5,0.0,0
2030-05-18 14:00:00,28.4,473.8,132.4,0.0,0
2030-05-18 15:00:00,26.2,473.8,172.2,0.0,0
2030-05-18 16:00:00,23.0,473.8,218.7,0.0,0
2030-05-18 17:00:00,17.7,473.8,218.7,0.0,0
2030-05-18 18:00:00,10.7,473.8,218.7,0.0,0
2030-05-18 19:00:00,3.5,473.8,218.7,0.0,0
2030-05-18 20:00:00,0.0,473.8,218.7,99.9,0
2030-05-18 21:00:00,0.0,473.8,218.7,108.2,0
2030-05-18 22:00:00,0.0,473.8,218.7,104.2,0
2030-05-18 23:00:00,0.0,473.8,218.7,66.2,0
2030-05-19 00:00:00,0.0,473.8,218.7,0.5,0
2030-05-19 01:00:00,0.0,473.8,218.7,0.0,0
2030-05-19 02:00:00,0.0,473.8,218.7,0.0,0
2030-05-19 03:00:00,0.0,473.8,218.7,0.0,0
2030-05-19 04:00:00,0.0,473.8,218.7,0.0,0
2030-05-19 05:00:00,0.0,473.8,218.7,0.0,0
2030-05-19 06:00:00,0.0,473.8,218.7,0.0,0
2030-05-19 07:00:00,0.0,473.8,218.7,0.0,0
2030-05-19 08:00:00,2.3,473.8,218.7,0.0,0
2030-05-19 09:00:00,9.4,473.8,218.7,0.0,0
2030-05-19 10:00:00,16.4,473.8,205.5,0.0,0
2030-05-19 11:00:00,22.1,473.8,145.9,0.0,0
2030-05-19 12:00:00,26.1,473.8,112.3,0.0,0
2030-05-19 13:00:00,28.2,473.8,107.1,0.0,0
2030-05-19 14:00:00,28.3,473.8,86.6,0.0,0
2030-05-19 15:00:00,26.5,473.8,166.2,0.0,0
2030-05-19 16:00:00,23.1,473.8,218.7,0.0,0
2030-05-19 17:00:00,17.7,473.8,218.7,0.0,0
2030-05-19 18:00:00,10.7,473.8,218.7,0.0,0
2030-05-19 19:00:00,3.5,473.8,218.7,49.3,0
2030-05-19 20:00:00,0.0,473.8,218.7,153.6,0
2030-05-19 21:00:00,0.0,473.8,218.7,135.8,0
2030-05-19 22:00:00,0.0,473.8,218.7,156.5,0
2030-05-19 23:00:00,0.0,473.8,218.7,126.9,0
2030-05-20 00:00:00,0.0,473.8,218.7,138.4,0
2030-05-20 01:00:00,0.0,473.8,218.7,108.0,0
2030-05-20 02:00:00,0.0,473.8,218.7,84.6,0
2030-05-20 03:00:00,0.0,473.8,218.7,65.6,0
2030-05-20 04:00:00,0.0,473.8,218.7,85.2,0
2030-05-20 05:00:00,0.0,473.8,218.7,67.5,0
2030-05-20 06:00:00,0.0,473.8,218.7,41.3,0
2030-05-20 07:00:00,0.0,473.8,218.7,0.0,0
2030-05-20 08:00:00,2.3,473.8,218.7,0.0,0
2030-05-20 09:00:00,9.3,473.8,218.7,0.0,0
2030-05-20 10:00:00,16.4,473.8,218.7,0.0,0
2030-05-20 11:00:00,22.1,473.8,218.7,0.0,0
2030-05-20 12:00:00,26.1,473.8,163.4,0.0,0
2030-05-20 13:00:00,28.2,473.8,154.4,0.0,0
2030-05-20 14:00:00,28.3,473.8,135.4,0.0,0
2030-05-20 15:00:00,26.5,473.8,164.8,0.0,0
2030-05-20 16:00:00,23.1,473.8,209.6,0.0,0
2030-05-20 17:00:00,17.8,473.8,218.7,0.0,0
2030-05-20 18:00:00,10.7,473.8,218.7,0.0,0
2030-05-20 19:00:00,3.5,473.8,218.7,44.1,0
2030-05-20 20:00:00,0.0,473.8,218.7,183.9,0
2030-05-20 21:00:00,0.0,473.8,218.7,204.3,0
2030-05-20 22:00:00,0.0,473.8,218.7,239.9,0
2030-05-20 23:00:00,0.0,473.8,218.7,240.3,0
2030-05-21 00:00:00,0.0,473.8,218.7,0.0,0
2030-05-21 01:00:00,0.0,473.8,218.7,159.5,0
2030-05-21 02:00:00,0.0,473.8,218.7,124.1,0
2030-05-21 03:00:00,0.0,473.8,218.7,74.9,0
2030-05-21 04:00:00,0.0,473.8,218.7,39.2,0
2030-05-21 05:00:00,0.0,473.8,218.7,32.7,0
2030-05-21 06:00:00,0.0,473.8,218.7,0.0,0
2030-05-21 07:00:00,0.0,473.8,218.7,0.0,0
2030-05-21 08:00:00,1.6,473.8,218.7,0.0,0
2030-05-21 09:00:00,6.7,473.8,218.7,0.0,0
2030-05-21 10:00:00,9.4,473.8,218.7,0.0,0
2030-05-21 11:00:00,15.8,473.8,190.5,0.0,0
2030-05-21 12:00:00,18.1,473.8,131.1,0.0,0
2030-05-21 13:00:00,25.1,473.8,100.1,0.0,0
2030-05-21 14:00:00,27.1,473.8,92.6,0.0,0
2030-05-21 15:00:00,25.4,473.8,145.9,0.0,0
2030-05-21 16:00:00,22.7,473.8,181.0,0.0,0
2030-05-21 17:00:00,17.2,473.8,218.7,0.0,0
2030-05-21 18:00:00,10.3,473.8,218.7,0.0,0
2030-05-21 19:00:00,3.5,473.8,218.7,24.3,0
2030-05-21 20:00:00,0.0,473.8,218.7,159.7,0
2030-05-21 21:00:00,0.0,473.8,218.7,210.9,0
2030-05-21 22:00:00,0.0,473.8,218.7,192.8,0
2030-05-21 23:00:00,0.0,473.8,218.7,179.7,0
2030-05-22 00:00:00,0.0,473.8,218.7,148.8,0
2030-05-22 01:00:00,0.0,473.8,218.7,79.0,0
2030-05-22 02:00:00,0.0,473.8,218.7,19.1,0
2030-05-22 03:00:00,0.0,473.8,218.7,0.0,0
2030-05-22 04:00:00,0.0,473.8,218.7,0.0,0
2030-05-22 05:00:00,0.0,473.8,218.7,0.0,0
2030-05-22 06:00:00,0.0,473.8,218.7,0.0,0
2030-05-22 07:00:00,0.0,473.8,218.7,0.0,0
2030-05-22 08:00:00,2.1,473.8,218.7,0.0,0
2030-05-22 09:00:00,8.7,473.8,218.7,0.0,0
2030-05-22 10:00:00,16.0,473.8,218.7,0.0,0
2030-05-22 11:00:00,21.6,473.8,218.7,0.0,0
2030-05-22 12:00:00,25.1,473.8,218.7,0.0,0
2030-05-22 13:00:00,26.6,473.8,204.9,0.0,0
2030-05-22 14:00:00,28.1,473.8,164.8,0.0,0
2030-05-22 15:00:00,26.4,473.8,216.0,0.0,0
2030-05-22 16:00:00,22.9,473.8,218.7,0.0,0
2030-05-22 17:00:00,17.5,473.8,218.7,0.0,0
2030-05-22 18:00:00,10.5,473.8,218.7,0.0,0
2030-05-22 19:00:00,3.5,473.8,218.7,116.2,0
2030-05-22 20:00:00,0.0,473.8,218.7,242.0,0
2030-05-22 21:00:00,0.0,473.8,218.7,249.9,0
2030-05-22 22:00:00,0.0,473.8,218.7,270.3,0
2030-05-22 23:00:00,0.0,473.8,218.7,238.2,0
2030-05-23 00:00:00,0.0,473.8,218.7,197.0,0
2030-05-23 01:00:00,0.0,473.8,218.7,152.0,0
2030-05-23 02:00:00,0.0,473.8,218.7,112.0,0
2030-05-23 03:00:00,0.0,473.8,218.7,56.6,0
2030-05-23 04:00:00,0.0,473.8,218.7,28.4,0
2030-05-23 05:00:00,0.0,473.8,218.7,3.0,0
2030-05-23 06:00:00,0.0,473.8,218.7,4.7,0
2030-05-23 07:00:00,0.0,473.8,218.7,0.0,0
2030-05-23 08:00:00,2.3,473.8,218.7,0.0,0
2030-05-23 09:00:00,9.2,473.8,218.7,0.0,0
2030-05-23 10:00:00,16.1,473.8,218.7,0.0,0
2030-05-23 11:00:00,21.8,473.8,218.7,0.0,0
2030-05-23 12:00:00,25.6,473.8,218.7,0.0,0
2030-05-23 13:00:00,27.6,473.8,218.7,0.0,0
2030-05-23 14:00:00,27.7,473.8,206.5,0.0,0
2030-05-23 15:00:00,26.0,473.8,218.7,0.0,0
2030-05-23 16:00:00,22.4,473.8,218.7,0.0,0
2030-05-23 17:00:00,17.3,473.8,218.7,0.0,0
2030-05-23 18:00:00,10.6,473.8,218.7,0.0,0
2030-05-23 19:00:00,3.5,473.8,218.7,135.1,0
2030-05-23 20:00:00,0.0,473.8,218.7,247.1,0
2030-05-23 21:00:00,0.0,473.8,218.7,262.1,0
2030-05-23 22:00:00,0.0,473.8,218.7,280.6,0
2030-05-23 23:00:00,0.0,473.8,218.7,246.7,0
2030-05-24 00:00:00,0.0,473.8,218.7,190.5,0
2030-05-24 01:00:00,0.0,473.8,218.7,135.0,0
2030-05-24 02:00:00,0.0,473.8,218.7,93.6,0
2030-05-24 03:00:00,0.0,473.8,218.7,49.8,0
2030-05-24 04:00:00,0.0,473.8,218.7,34.3,0
2030-05-24 05:00:00,0.0,473.8,218.7,14.0,0
2030-05-24 06:00:00,0.0,473.8,218.7,25.3,0
2030-05-24 07:00:00,0.0,473.8,218.7,10.6,0
2030-05-24 08:00:00,2.3,473.8,218.7,10.2,0
2030-05-24 09:00:00,9.0,473.8,218.7,0.0,0
2030-05-24 10:00:00,15.1,473.8,218.7,0.0,0
2030-05-24 11:00:00,21.7,473.8,218.7,0.0,0
2030-05-24 12:00:00,25.7,473.8,218.7,0.0,0
2030-05-24 13:00:00,27.7,473.8,218.7,0.0,0
2030-05-24 14:00:00,27.8,473.8,218.7,0.0,0
2030-05-24 15:00:00,26.2,473.8,218.7,0.0,0
2030-05-24 16:00:00,22.7,473.8,218.7,0.0,0
2030-05-24 17:00:00,17.4,473.8,218.7,0.0,0
2030-05-24 18:00:00,10.6,473.8,218.7,0.0,0
2030-05-24 19:00:00,3.5,473.8,218.7,144.8,0
2030-05-24 20:00:00,0.0,473.8,218.7,264.1,0
2030-05-24 21:00:00,0.0,473.8,218.7,282.5,0
2030-05-24 22:00:00,0.0,473.8,218.7,262.5,0
2030-05-24 23:00:00,0.0,473.8,218.7,217.3,0
2030-05-25 00:00:00,0.0,473.8,218.7,159.1,0
2030-05-25 01:00:00,0.0,473.8,218.7,101.9,0
2030-05-25 02:00:00,0.0,473.8,218.7,67.1,0
2030-05-25 03:00:00,0.0,473.8,218.7,23.6,0
2030-05-25 04:00:00,0.0,473.8,218.7,8.6,0
2030-05-25 05:00:00,0.0,473.8,218.7,14.7,0
2030-05-25 06:00:00,0.0,473.8,218.7,34.7,0
2030-05-25 07:00:00,0.0,473.8,218.7,4.7,0
2030-05-25 08:00:00,1.6,473.8,218.7,5.6,0
2030-05-25 09:00:00,5.6,473.8,218.7,0.0,0
2030-05-25 10:00:00,6.5,473.8,218.7,0.0,0
2030-05-25 11:00:00,6.0,473.8,218.7,0.0,0
2030-05-25 12:00:00,8.1,473.8,218.7,0.0,0
2030-05-25 13:00:00,17.1,473.8,218.7,0.0,0
2030-05-25 14:00:00,21.1,473.8,218.7,0.0,0
2030-05-25 15:00:00,22.7,473.8,218.7,0.0,0
2030-05-25 16:00:00,21.2,473.8,218.7,0.0,0
2030-05-25 17:00:00,17.3,473.8,218.7,0.0,0
2030-05-25 18:00:00,10.6,473.8,218.7,0.0,0
2030-05-25 19:00:00,3.5,473.8,218.7,23.9,0
2030-05-25 20:00:00,0.0,473.8,218.7,121.3,0
2030-05-25 21:00:00,0.0,473.8,218.7,134.7,0
2030-05-25 22:00:00,0.0,473.8,218.7,135.7,0
2030-05-25 23:00:00,0.0,473.8,218.7,121.6,0
2030-05-26 00:00:00,0.0,473.8,218.7,104.4,0
2030-05-26 01:00:00,0.0,473.8,218.7,86.2,0
2030-05-26 02:00:00,0.0,473.8,218.7,48.6,0
2030-05-26 03:00:00,0.0,473.8,218.7,0.0,0
2030-05-26 04:00:00,0.0,473.8,218.7,0.0,0
2030-05-26 05:00:00,0.0,473.8,218.7,0.0,0
2030-05-26 06:00:00,0.0,473.8,218.7,0.0,0
2030-05-26 07:00:00,0.0,473.8,218.7,0.0,0
2030-05-26 08:00:00,1.8,473.8,218.7,0.0,0
2030-05-26 09:00:00,8.4,473.8,218.7,0.0,0
2030-05-26 10:00:00,15.7,473.8,218.7,0.0,0
2030-05-26 11:00:00,20.9,473.8,218.7,0.0,0
2030-05-26 12:00:00,25.7,473.8,218.7,0.0,0
2030-05-26 13:00:00,27.4,473.8,218.7,0.0,0
2030-05-26 14:00:00,27.2,473.8,218.7,0.0,0
2030-05-26 15:00:00,25.8,473.8,218.7,0.0,0
2030-05-26 16:00:00,22.7,473.8,218.7,0.0,0
2030-05-26 17:00:00,17.5,473.8,218.7,0.0,0
2030-05-26 18:00:00,10.7,473.8,218.7,0.0,0
2030-05-26 19:00:00,3.5,473.8,218.7,156.0,0
2030-05-26 20:00:00,0.0,473.8,218.7,292.9,0
2030-05-26 21:00:00,0.0,473.8,218.7,306.6,0
2030-05-26 22:00:00,0.0,473.8,218.7,342.4,0
2030-05-26 23:00:00,0.0,473.8,218.7,326.4,0
2030-05-27 00:00:00,0.0,473.8,218.7,321.0,0
2030-05-27 01:00:00,0.0,473.8,218.7,260.6,0
2030-05-27 02:00:00,0.0,473.8,218.7,197.8,0
2030-05-27 03:00:00,0.0,473.8,218.7,142.4,0
2030-05-27 04:00:00,0.0,473.8,218.7,129.5,0
2030-05-27 05:00:00,0.0,473.8,218.7,94.8,0
2030-05-27 06:00:00,0.0,473.8,218.7,71.4,0
2030-05-27 07:00:00,0.0,473.8,218.7,0.0,0
2030-05-27 08:00:00,2.3,473.8,218.7,0.0,0
2030-05-27 09:00:00,9.2,473.8,218.7,0.0,0
2030-05-27 10:00:00,16.1,473.8,218.7,0.0,0
2030-05-27 11:00:00,21.8,473.8,218.7,0.0,0
2030-05-27 12:00:00,25.8,473.8,212.6,0.0,0
2030-05-27 13:00:00,27.9,473.8,195.1,0.0,0
2030-05-27 14:00:00,28.1,473.8,145.0,0.0,0
2030-05-27 15:00:00,26.4,473.8,213.6,0.0,0
2030-05-27 16:00:00,22.9,473.8,218.7,0.0,0
2030-05-27 17:00:00,17.6,473.8,218.7,0.0,0
2030-05-27 18:00:00,10.8,473.8,218.7,0.0,0
2030-05-27 19:00:00,3.6,473.8,218.7,112.3,0
2030-05-27 20:00:00,0.0,473.8,218.7,249.1,0
2030-05-27 21:00:00,0.0,473.8,218.7,260.3,0
2030-05-27 22:00:00,0.0,473.8,218.7,308.9,0
2030-05-27 23:00:00,0.0,473.8,218.7,304.1,0
2030-05-28 00:00:00,0.0,473.8,218.7,254.4,0
2030-05-28 01:00:00,0.0,473.8,218.7,187.0,0
2030-05-28 02:00:00,0.0,473.8,218.7,142.6,0
2030-05-28 03:00:00,0.0,473.8,218.7,100.7,0
2030-05-28 04:00:00,0.0,473.8,218.7,77.3,0
2030-05-28 05:00:00,0.0,473.8,218.7,71.5,0
2030-05-28 06:00:00,0.0,473.8,218.7,43.0,0
2030-05-28 07:00:00,0.0,473.8,218.7,21.6,0
2030-05-28 08:00:00,2.3,473.8,218.7,0.0,0
2030-05-28 09:00:00,8.5,473.8,218.7,0.0,0
2030-05-28 10:00:00,15.5,473.8,218.7,0.0,0
2030-05-28 11:00:00,21.6,473.8,175.8,0.0,0
2030-05-28 12:00:00,25.5,473.8,117.6,0.0,0
2030-05-28 13:00:00,27.7,473.8,105.6,0.0,0
2030-05-28 14:00:00,28.0,473.8,108.9,0.0,0
2030-05-28 15:00:00,26.3,473.8,192.4,0.0,0
2030-05-28 16:00:00,22.8,473.8,218.7,0.0,0
2030-05-28 17:00:00,17.4,473.8,218.7,0.0,0
2030-05-28 18:00:00,10.6,473.8,218.7,0.0,0
2030-05-28 19:00:00,3.5,473.8,218.7,115.0,0
2030-05-28 20:00:00,0.0,473.8,218.7,240.0,0
2030-05-28 21:00:00,0.0,473.8,218.7,276.5,0
2030-05-28 22:00:00,0.0,473.8,218.7,247.9,0
2030-05-28 23:00:00,0.0,473.8,218.7,233.8,0
2030-05-29 00:00:00,0.0,473.8,218.7,224.7,0
2030-05-29 01:00:00,0.0,473.8,218.7,172.9,0
2030-05-29 02:00:00,0.0,473.8,218.7,134.2,0
2030-05-29 03:00:00,0.0,473.8,218.7,82.6,0
2030-05-29 04:00:00,0.0,473.8,218.7,62.1,0
2030-05-29 05:00:00,0.0,473.8,218.7,42.3,0
2030-05-29 06:00:00,0.0,473.8,218.7,54.1,0
2030-05-29 07:00:00,0.0,473.8,218.7,32.0,0
2030-05-29 08:00:00,2.2,473.8,218.7,21.1,0
2030-05-29 09:00:00,8.3,473.8,218.7,0.0,0
2030-05-29 10:00:00,14.6,473.8,218.7,0.0,0
2030-05-29 11:00:00,21.2,473.8,218.7,0.0,0
2030-05-29 12:00:00,25.1,473.8,218.7,0.0,0
2030-05-29 13:00:00,27.5,473.8,218.7,0.0,0
2030-05-29 14:00:00,27.9,473.8,218.7,0.0,0
2030-05-29 15:00:00,26.4,473.8,218.7,0.0,0
2030-05-29 16:00:00,23.0,473.8,218.7,0.0,0
2030-05-29 17:00:00,17.7,473.8,218.7,0.0,0
2030-05-29 18:00:00,10.8,473.8,218.7,0.0,0
2030-05-29 19:00:00,3.6,473.8,218.7,172.8,0
2030-05-29 20:00:00,0.0,473.8,218.7,283.9,0
2030-05-29 21:00:00,0.0,473.8,218.7,280.3,0
2030-05-29 22:00:00,0.0,473.8,218.7,326.7,0
2030-05-29 23:00:00,0.0,473.8,218.7,290.3,0
2030-05-30 00:00:00,0.0,473.8,218.7,228.8,0
2030-05-30 01:00:00,0.0,473.8,218.7,153.3,0
2030-05-30 02:00:00,0.0,473.8,218.7,104.0,0
2030-05-30 03:00:00,0.0,473.8,218.7,56.0,0
2030-05-30 04:00:00,0.0,473.8,218.7,27.8,0
2030-05-30 05:00:00,0.0,473.8,218.7,14.8,0
2030-05-30 06:00:00,0.0,473.8,218.7,41.9,0
2030-05-30 07:00:00,0.0,473.8,218.7,28.5,0
2030-05-30 08:00:00,2.0,473.8,218.7,12.8,0
2030-05-30 09:00:00,8.2,473.8,218.7,0.0,0
2030-05-30 10:00:00,15.1,473.8,218.7,0.0,0
2030-05-30 11:00:00,21.7,473.8,218.7,0.0,0
2030-05-30 12:00:00,25.4,473.8,218.7,0.0,0
2030-05-30 13:00:00,27.4,473.8,218.7,0.0,0
2030-05-30 14:00:00,27.6,473.8,218.7,0.0,0
2030-05-30 15:00:00,26.0,473.8,218.7,0.0,0
2030-05-30 16:00:00,22.7,473.8,218.7,0.0,0
2030-05-30 17:00:00,17.5,473.8,218.7,0.0,0
2030-05-30 18:00:00,10.8,473.8,218.7,0.0,0
2030-05-30 19:00:00,3.7,473.8,218.7,151.9,0
2030-05-30 20:00:00,0.0,473.8,218.7,277.1,0
2030-05-30 21:00:00,0.0,473.8,218.7,289.9,0
2030-05-30 22:00:00,0.0,473.8,218.7,326.8,0
2030-05-30 23:00:00,0.0,473.8,218.7,291.5,0
2030-05-31 00:00:00,0.0,473.8,218.7,230.1,0
2030-05-31 01:00:00,0.0,473.8,218.7,161.8,0
2030-05-31 02:00:00,0.0,473.8,218.7,114.3,0
2030-05-31 03:00:00,0.0,473.8,218.7,61.9,0
2030-05-31 04:00:00,0.0,473.8,218.7,44.7,0
2030-05-31 05:00:00,0.0,473.8,218.7,35.7,0
2030-05-31 06:00:00,0.0,473.8,218.7,64.6,0
2030-05-31 07:00:00,0.0,473.8,218.7,46.0,0
2030-05-31 08:00:00,2.2,473.8,218.7,25.8,0
2030-05-31 09:00:00,8.7,473.8,218.7,0.0,0
2030-05-31 10:00:00,16.1,473.8,218.7,0.0,0
2030-05-31 11:00:00,21.9,473.8,218.7,0.0,0
2030-05-31 12:00:00,25.9,473.8,218.7,0.0,0
2030-05-31 13:00:00,27.9,473.8,218.7,0.0,0
2030-05-31 14:00:00,27.9,473.8,218.7,0.0,0
2030-05-31 15:00:00,26.4,473.8,218.7,0.0,0
2030-05-31 16:00:00,23.0,473.8,218.7,0.0,0
2030-05-31 17:00:00,17.7,473.8,218.7,0.0,0
2030-05-31 18:00:00,10.9,473.8,218.7,7.9,0
2030-05-31 19:00:00,3.7,473.8,218.7,198.2,0
2030-05-31 20:00:00,0.0,473.8,218.7,323.2,0
2030-05-31 21:00:00,0.0,473.8,218.7,307.5,0
2030-05-31 22:00:00,0.0,473.8,218.7,321.8,0
2030-05-31 23:00:00,0.0,473.8,218.7,289.1,0
2030-06-01 00:00:00,0.0,473.8,218.7,374.1,0
2030-06-01 01:00:00,0.0,473.8,218.7,304.1,0
2030-06-01 02:00:00,0.0,473.8,218.7,247.1,0
2030-06-01 03:00:00,0.0,473.8,218.7,200.3,0
2030-06-01 04:00:00,0.0,473.8,218.7,153.8,0
2030-06-01 05:00:00,0.0,473.8,218.7,124.1,0
2030-06-01 06:00:00,0.0,473.8,218.7,111.1,0
2030-06-01 07:00:00,0.0,473.8,218.7,98.5,0
2030-06-01 08:00:00,2.1,473.8,218.7,81.3,0
2030-06-01 09:00:00,8.5,473.8,218.7,53.3,0
2030-06-01 10:00:00,15.6,473.8,218.7,23.8,0
2030-06-01 11:00:00,21.1,473.8,218.7,32.5,0
2030-06-01 12:00:00,24.9,473.8,218.7,35.9,0
2030-06-01 13:00:00,27.4,473.8,218.7,22.3,0
2030-06-01 14:00:00,27.5,473.8,218.7,0.0,0
2030-06-01 15:00:00,25.9,473.8,218.7,22.9,0
2030-06-01 16:00:00,22.5,473.8,218.7,41.9,0
2030-06-01 17:00:00,16.7,473.8,218.7,15.4,0
2030-06-01 18:00:00,9.6,473.8,218.7,37.6,0
2030-06-01 19:00:00,3.6,473.8,218.7,186.9,0
2030-06-01 20:00:00,0.0,473.8,218.7,350.3,0
2030-06-01 21:00:00,0.0,473.8,218.7,389.2,0
2030-06-01 22:00:00,0.0,473.8,218.7,428.0,0
2030-06-01 23:00:00,0.0,473.8,218.7,433.7,0
2030-06-02 00:00:00,0.0,473.8,218.7,376.5,0
2030-06-02 01:00:00,0.0,473.8,218.7,297.3,0
2030-06-02 02:00:00,0.0,473.8,218.7,226.2,0
2030-06-02 03:00:00,0.0,473.8,218.7,179.4,0
2030-06-02 04:00:00,0.0,473.8,218.7,136.8,0
2030-06-02 05:00:00,0.0,473.8,218.7,123.6,0
2030-06-02 06:00:00,0.0,473.8,218.7,136.3,0
2030-06-02 07:00:00,0.0,473.8,218.7,125.6,0
2030-06-02 08:00:00,2.0,473.8,218.7,89.7,0
2030-06-02 09:00:00,8.0,473.8,218.7,26.1,0
2030-06-02 10:00:00,15.4,473.8,218.7,27.7,0
2030-06-02 11:00:00,21.1,473.8,218.7,34.1,0
2030-06-02 12:00:00,25.1,473.8,218.7,4.0,0
2030-06-02 13:00:00,27.3,473.8,218.7,0.0,0
2030-06-02 14:00:00,27.4,473.8,218.7,0.0,0
2030-06-02 15:00:00,25.7,473.8,218.7,0.0,0
2030-06-02 16:00:00,22.3,473.8,218.7,41.4,0
2030-06-02 17:00:00,16.9,473.8,218.7,18.9,0
2030-06-02 18:00:00,10.3,473.8,218.7,62.8,0
2030-06-02 19:00:00,3.5,473.8,218.7,230.6,0
2030-06-02 20:00:00,0.0,473.8,218.7,372.2,0
2030-06-02 21:00:00,0.0,473.8,218.7,401.1,0
2030-06-02 22:00:00,0.0,473.8,218.7,439.4,0
2030-06-02 23:00:00,0.0,473.8,218.7,450.1,0
2030-06-03 00:00:00,0.0,473.8,218.7,403.9,0
2030-06-03 01:00:00,0.0,473.8,218.7,340.3,0
2030-06-03 02:00:00,0.0,473.8,218.7,269.9,0
2030-06-03 03:00:00,0.0,473.8,218.7,219.1,0
2030-06-03 04:00:00,0.0,473.8,218.7,195.0,0
2030-06-03 05:00:00,0.0,473.8,218.7,155.3,0
2030-06-03 06:00:00,0.0,473.8,218.7,155.6,0
2030-06-03 07:00:00,0.0,473.8,218.7,102.4,0
2030-06-03 08:00:00,2.0,473.8,218.7,57.9,0
2030-06-03 09:00:00,8.1,473.8,218.7,0.0,0
2030-06-03 10:00:00,15.0,473.8,218.7,0.0,0
2030-06-03 11:00:00,21.4,473.8,218.7,0.0,0
2030-06-03 12:00:00,25.5,473.8,218.7,0.0,0
2030-06-03 13:00:00,27.6,473.8,218.7,0.0,0
2030-06-03 14:00:00,27.8,473.8,218.5,0.0,0
2030-06-03 15:00:00,26.2,473.8,218.7,0.0,0
2030-06-03 16:00:00,22.7,473.8,218.7,0.0,0
2030-06-03 17:00:00,17.5,473.8,218.7,0.0,0
2030-06-03 18:00:00,10.8,473.8,218.7,0.0,0
2030-06-03 19:00:00,3.7,473.8,218.7,165.0,0
2030-06-03 20:00:00,0.0,473.8,218.7,302.5,0
2030-06-03 21:00:00,0.0,473.8,218.7,331.2,0
2030-06-03 22:00:00,0.0,473.8,218.7,359.8,0
2030-06-03 23:00:00,0.0,473.8,218.7,365.4,0
2030-06-04 00:00:00,0.0,473.8,218.7,361.1,0
2030-06-04 01:00:00,0.0,473.8,218.7,304.3,0
2030-06-04 02:00:00,0.0,473.8,218.7,247.6,0
2030-06-04 03:00:00,0.0,473.8,218.7,205.3,0
2030-06-04 04:00:00,0.0,473.8,218.7,153.7,0
2030-06-04 05:00:00,0.0,473.8,218.7,150.9,0
2030-06-04 06:00:00,0.0,473.8,218.7,139.3,0
2030-06-04 07:00:00,0.0,473.8,218.7,79.7,0
2030-06-04 08:00:00,2.1,473.8,218.7,6.8,0
2030-06-04 09:00:00,7.9,473.8,218.7,0.0,0
2030-06-04 10:00:00,13.7,473.8,218.7,0.0,0
2030-06-04 11:00:00,19.7,473.8,218.7,0.0,0
2030-06-04 12:00:00,24.6,473.8,218.7,0.0,0
2030-06-04 13:00:00,27.0,473.8,218.7,0.0,0
2030-06-04 14:00:00,27.5,473.8,218.7,0.0,0
2030-06-04 15:00:00,26.0,473.8,218.7,0.0,0
2030-06-04 16:00:00,22.6,473.8,218.7,0.0,0
2030-06-04 17:00:00,17.5,473.8,218.7,0.0,0
2030-06-04 18:00:00,10.8,473.8,218.7,0.0,0
2030-06-04 19:00:00,3.7,473.8,218.7,74.2,0
2030-06-04 20:00:00,0.0,473.8,218.7,258.4,0
2030-06-04 21:00:00,0.0,473.8,218.7,299.4,0
2030-06-04 22:00:00,0.0,473.8,218.7,353.8,0
2030-06-04 23:00:00,0.0,473.8,218.7,358.2,0
2030-06-05 00:00:00,0.0,473.8,218.7,398.4,0
2030-06-05 01:00:00,0.0,473.8,218.7,328.0,0
2030-06-05 02:00:00,0.0,473.8,218.7,270.3,0
2030-06-05 03:00:00,0.0,473.8,218.7,226.6,0
2030-06-05 04:00:00,0.0,473.8,218.7,185.7,0
2030-06-05 05:00:00,0.0,473.8,218.7,172.0,0
2030-06-05 06:00:00,0.0,473.8,218.7,182.9,0
2030-06-05 07:00:00,0.0,473.8,218.7,178.0,0
2030-06-05 08:00:00,2.2,473.8,218.7,152.5,0
2030-06-05 09:00:00,9.0,473.8,218.7,79.3,0
2030-06-05 10:00:00,16.0,473.8,218.7,21.3,0
2030-06-05 11:00:00,21.7,473.8,218.7,29.3,0
2030-06-05 12:00:00,25.3,473.8,218.7,31.9,0
2030-06-05 13:00:00,27.4,473.8,218.7,11.9,0
2030-06-05 14:00:00,27.1,473.8,218.7,0.0,0
2030-06-05 15:00:00,25.3,473.8,218.7,29.3,0
2030-06-05 16:00:00,22.1,473.8,218.7,37.2,0
2030-06-05 17:00:00,17.2,473.8,218.7,17.8,0
2030-06-05 18:00:00,10.7,473.8,218.7,57.1,0
2030-06-05 19:00:00,3.8,473.8,218.7,211.2,0
2030-06-05 20:00:00,0.0,473.8,218.7,357.0,0
2030-06-05 21:00:00,0.0,473.8,218.7,370.1,0
2030-06-05 22:00:00,0.0,473.8,218.7,416.9,0
2030-06-05 23:00:00,0.0,473.8,218.7,416.9,0
2030-06-06 00:00:00,0.0,473.8,218.7,352.9,0
2030-06-06 01:00:00,0.0,473.8,218.7,268.4,0
2030-06-06 02:00:00,0.0,473.8,218.7,192.6,0
2030-06-06 03:00:00,0.0,473.8,218.7,141.1,0
2030-06-06 04:00:00,0.0,473.8,218.7,101.7,0
2030-06-06 05:00:00,0.0,473.8,218.7,87.6,0
2030-06-06 06:00:00,0.0,473.8,218.7,94.8,0
2030-06-06 07:00:00,0.0,473.8,218.7,88.2,0
2030-06-06 08:00:00,2.2,473.8,218.7,74.5,0
2030-06-06 09:00:00,8.7,473.8,218.7,23.0,0
2030-06-06 10:00:00,15.9,473.8,218.7,26.5,0
2030-06-06 11:00:00,21.6,473.8,218.7,34.2,0
2030-06-06 12:00:00,25.3,473.8,218.7,26.2,0
2030-06-06 13:00:00,27.1,473.8,218.7,10.6,0
2030-06-06 14:00:00,27.5,473.8,218.7,0.0,0
2030-06-06 15:00:00,25.7,473.8,218.7,17.0,0
2030-06-06 16:00:00,22.8,473.8,218.7,36.4,0
2030-06-06 17:00:00,17.7,473.8,218.7,16.7,0
2030-06-06 18:00:00,10.9,473.8,218.7,10.5,0
2030-06-06 19:00:00,3.8,473.8,218.7,149.2,0
2030-06-06 20:00:00,0.0,473.8,218.7,283.7,0
2030-06-06 21:00:00,0.0,473.8,218.7,323.5,0
2030-06-06 22:00:00,0.0,473.8,218.7,395.7,0
2030-06-06 23:00:00,0.0,473.8,218.7,408.6,0
2030-06-07 00:00:00,0.0,473.8,218.7,364.4,0
2030-06-07 01:00:00,0.0,473.8,218.7,292.6,0
2030-06-07 02:00:00,0.0,473.8,218.7,223.9,0
2030-06-07 03:00:00,0.0,473.8,218.7,176.1,0
2030-06-07 04:00:00,0.0,473.8,218.7,130.2,0
2030-06-07 05:00:00,0.0,473.8,218.7,105.2,0
2030-06-07 06:00:00,0.0,473.8,218.7,102.8,0
2030-06-07 07:00:00,0.0,473.8,218.7,101.2,0
2030-06-07 08:00:00,2.2,473.8,218.7,88.7,0
2030-06-07 09:00:00,8.7,473.8,218.7,23.9,0
2030-06-07 10:00:00,15.7,473.8,218.7,26.8,0
2030-06-07 11:00:00,21.2,473.8,218.7,36.4,0
2030-06-07 12:00:00,24.4,473.8,218.7,10.8,0
2030-06-07 13:00:00,27.2,473.8,218.7,0.0,0
2030-06-07 14:00:00,27.5,473.8,218.7,0.0,0
2030-06-07 15:00:00,25.9,473.8,218.7,0.0,0
2030-06-07 16:00:00,22.5,473.8,218.7,2.5,0
2030-06-07 17:00:00,17.4,473.8,218.7,20.6,0
2030-06-07 18:00:00,10.8,473.8,218.7,6.0,0
2030-06-07 19:00:00,3.8,473.8,218.7,121.7,0
2030-06-07 20:00:00,0.0,473.8,218.7,273.1,0
2030-06-07 21:00:00,0.0,473.8,218.7,286.1,0
2030-06-07 22:00:00,0.0,473.8,218.7,344.8,0
2030-06-07 23:00:00,0.0,473.8,218.7,364.5,0
2030-06-08 00:00:00,0.0,473.8,218.7,309.6,0
2030-06-08 01:00:00,0.0,473.8,218.7,248.5,0
2030-06-08 02:00:00,0.0,473.8,218.7,196.4,0
2030-06-08 03:00:00,0.0,473.8,218.7,149.9,0
2030-06-08 04:00:00,0.0,473.8,218.7,102.2,0
2030-06-08 05:00:00,0.0,473.8,218.7,87.5,0
2030-06-08 06:00:00,0.0,473.8,218.7,82.3,0
2030-06-08 07:00:00,0.0,473.8,218.7,62.9,0
2030-06-08 08:00:00,2.1,473.8,218.7,43.1,0
2030-06-08 09:00:00,8.8,473.8,218.7,22.9,0
2030-06-08 10:00:00,15.7,473.8,218.7,22.1,0
2030-06-08 11:00:00,21.3,473.8,218.7,0.0,0
2030-06-08 12:00:00,25.3,473.8,218.7,0.0,0
2030-06-08 13:00:00,27.3,473.8,218.7,0.0,0
2030-06-08 14:00:00,27.6,473.8,218.7,0.0,0
2030-06-08 15:00:00,26.0,473.8,218.7,0.0,0
2030-06-08 16:00:00,22.6,473.8,218.7,3.3,0
2030-06-08 17:00:00,17.5,473.8,218.7,14.8,0
2030-06-08 18:00:00,10.8,473.8,218.7,3.4,0
2030-06-08 19:00:00,3.8,473.8,218.7,183.3,0
2030-06-08 20:00:00,0.0,473.8,218.7,343.3,0
2030-06-08 21:00:00,0.0,473.8,218.7,366.0,0
2030-06-08 22:00:00,0.0,473.8,218.7,416.2,0
2030-06-08 23:00:00,0.0,473.8,218.7,429.7,0
2030-06-09 00:00:00,0.0,473.8,218.7,383.6,0
2030-06-09 01:00:00,0.0,473.8,218.7,319.4,0
2030-06-09 02:00:00,0.0,473.8,218.7,258.2,0
2030-06-09 03:00:00,0.0,473.8,218.7,221.8,0
2030-06-09 04:00:00,0.0,473.8,218.7,192.6,0
2030-06-09 05:00:00,0.0,473.8,218.7,180.6,0
2030-06-09 06:00:00,0.0,473.8,218.7,192.3,0
2030-06-09 07:00:00,0.0,473.8,218.7,191.4,0
2030-06-09 08:00:00,2.1,473.8,218.7,169.0,0
2030-06-09 09:00:00,7.9,473.8,218.7,98.0,0
2030-06-09 10:00:00,15.0,473.8,218.7,21.6,0
2030-06-09 11:00:00,20.5,473.8,218.7,30.0,0
2030-06-09 12:00:00,23.5,473.8,218.7,33.8,0
2030-06-09 13:00:00,22.6,473.8,218.7,35.4,0
2030-06-09 14:00:00,21.2,473.8,218.7,27.9,0
2030-06-09 15:00:00,18.8,473.8,218.7,34.4,0
2030-06-09 16:00:00,15.0,473.8,218.7,42.2,0
2030-06-09 17:00:00,15.6,473.8,218.7,17.7,0
2030-06-09 18:00:00,10.1,473.8,218.7,39.4,0
2030-06-09 19:00:00,1.8,473.8,218.7,211.9,0
2030-06-09 20:00:00,0.0,473.8,218.7,373.2,0
2030-06-09 21:00:00,0.0,473.8,218.7,400.3,0
2030-06-09 22:00:00,0.0,473.8,218.7,458.9,0
2030-06-09 23:00:00,0.0,473.8,218.7,453.9,0
2030-06-10 00:00:00,0.0,473.8,218.7,390.1,0
2030-06-10 01:00:00,0.0,473.8,218.7,328.9,0
2030-06-10 02:00:00,0.0,473.8,218.7,266.1,0
2030-06-10 03:00:00,0.0,473.8,218.7,225.7,0
2030-06-10 04:00:00,0.0,473.8,218.7,215.0,0
2030-06-10 05:00:00,0.0,473.8,218.7,180.6,0
2030-06-10 06:00:00,0.0,473.8,218.7,177.4,0
2030-06-10 07:00:00,0.0,473.8,218.7,128.1,0
2030-06-10 08:00:00,1.9,473.8,218.7,88.8,0
2030-06-10 09:00:00,7.6,473.8,218.7,26.1,0
2030-06-10 10:00:00,14.5,473.8,218.7,0.0,0
2030-06-10 11:00:00,19.5,473.8,218.7,0.0,0
2030-06-10 12:00:00,23.8,473.8,218.7,0.0,0
2030-06-10 13:00:00,25.5,473.8,218.7,0.0,0
2030-06-10 14:00:00,25.9,473.8,218.7,0.0,0
2030-06-10 15:00:00,24.5,473.8,218.7,0.0,0
2030-06-10 16:00:00,21.7,473.8,218.7,0.0,0
2030-06-10 17:00:00,16.4,473.8,218.7,0.0,0
2030-06-10 18:00:00,10.2,473.8,218.7,22.0,0
2030-06-10 19:00:00,3.5,473.8,218.7,195.8,0
2030-06-10 20:00:00,0.1,473.8,218.7,351.1,0
2030-06-10 21:00:00,0.0,473.8,218.7,342.9,0
2030-06-10 22:00:00,0.0,473.8,218.7,354.0,0
2030-06-10 23:00:00,0.0,473.8,218.7,351.9,0
2030-06-11 00:00:00,0.0,473.8,218.7,344.7,0
2030-06-11 01:00:00,0.0,473.8,218.7,296.1,0
2030-06-11 02:00:00,0.0,473.8,218.7,243.7,0
2030-06-11 03:00:00,0.0,473.8,218.7,191.2,0
2030-06-11 04:00:00,0.0,473.8,218.7,120.8,0
2030-06-11 05:00:00,0.0,473.8,218.7,104.8,0
2030-06-11 06:00:00,0.0,473.8,218.7,94.4,0
2030-06-11 07:00:00,0.0,473.8,218.7,47.2,0
2030-06-11 08:00:00,1.9,473.8,218.7,0.0,0
2030-06-11 09:00:00,7.3,473.8,218.7,0.0,0
2030-06-11 10:00:00,13.1,473.8,218.7,0.0,0
2030-06-11 11:00:00,18.8,473.8,218.7,0.0,0
2030-06-11 12:00:00,23.6,473.8,218.7,0.0,0
2030-06-11 13:00:00,25.7,473.8,214.3,0.0,0
2030-06-11 14:00:00,24.8,473.8,218.7,0.0,0
2030-06-11 15:00:00,24.6,473.8,218.7,0.0,0
2030-06-11 16:00:00,21.0,473.8,218.7,0.0,0
2030-06-11 17:00:00,16.4,473.8,218.7,0.0,0
2030-06-11 18:00:00,10.0,473.8,218.7,0.0,0
2030-06-11 19:00:00,3.2,473.8,218.7,46.1,0
2030-06-11 20:00:00,0.1,473.8,218.7,216.2,0
2030-06-11 21:00:00,0.0,473.8,218.7,279.0,0
2030-06-11 22:00:00,0.0,473.8,218.7,354.0,0
2030-06-11 23:00:00,0.0,473.8,218.7,358.7,0
2030-06-12 00:00:00,0.0,473.8,218.7,395.1,0
2030-06-12 01:00:00,0.0,473.8,218.7,314.7,0
2030-06-12 02:00:00,0.0,473.8,218.7,237.4,0
2030-06-12 03:00:00,0.0,473.8,218.7,184.7,0
2030-06-12 04:00:00,0.0,473.8,218.7,157.0,0
2030-06-12 05:00:00,0.0,473.8,218.7,144.0,0
2030-06-12 06:00:00,0.0,473.8,218.7,143.6,0
2030-06-12 07:00:00,0.0,473.8,218.7,155.2,0
2030-06-12 08:00:00,2.0,473.8,218.7,159.6,0
2030-06-12 09:00:00,8.2,473.8,218.7,88.9,0
2030-06-12 10:00:00,14.4,473.8,218.7,27.5,0
2030-06-12 11:00:00,19.9,473.8,218.7,36.6,0
2030-06-12 12:00:00,24.4,473.8,218.7,42.8,0
2030-06-12 13:00:00,26.4,473.8,218.7,0.0,0
2030-06-12 14:00:00,26.9,473.8,218.7,0.0,0
2030-06-12 15:00:00,24.7,473.8,218.7,0.0,0
2030-06-12 16:00:00,21.5,473.8,218.7,11.7,0
2030-06-12 17:00:00,17.0,473.8,218.7,17.6,0
2030-06-12 18:00:00,10.2,473.8,218.7,10.4,0
2030-06-12 19:00:00,3.4,473.8,218.7,121.4,0
2030-06-12 20:00:00,0.1,473.8,218.7,307.3,0
2030-06-12 21:00:00,0.0,473.8,218.7,332.8,0
2030-06-12 22:00:00,0.0,473.8,218.7,365.2,0
2030-06-12 23:00:00,0.0,473.8,218.7,397.7,0
2030-06-13 00:00:00,0.0,473.8,218.7,365.1,0
2030-06-13 01:00:00,0.0,473.8,218.7,321.2,0
2030-06-13 02:00:00,0.0,473.8,218.7,284.8,0
2030-06-13 03:00:00,0.0,473.8,218.7,246.0,0
2030-06-13 04:00:00,0.0,473.8,218.7,185.4,0
2030-06-13 05:00:00,0.0,473.8,218.7,148.3,0
2030-06-13 06:00:00,0.0,473.8,218.7,165.1,0
2030-06-13 07:00:00,0.0,473.8,218.7,163.9,0
2030-06-13 08:00:00,1.8,473.8,218.7,145.9,0
2030-06-13 09:00:00,7.6,473.8,218.7,78.3,0
2030-06-13 10:00:00,14.6,473.8,218.7,35.3,0
2030-06-13 11:00:00,20.5,473.8,218.7,42.7,0
2030-06-13 12:00:00,24.4,473.8,218.7,42.1,0
2030-06-13 13:00:00,26.5,473.8,218.7,6.9,0
2030-06-13 14:00:00,26.8,473.8,218.7,0.0,0
2030-06-13 15:00:00,25.3,473.8,218.7,0.0,0
2030-06-13 16:00:00,22.0,473.8,218.7,52.4,0
2030-06-13 17:00:00,17.0,473.8,218.7,32.5,0
2030-06-13 18:00:00,10.5,473.8,218.7,75.1,0
2030-06-13 19:00:00,3.7,473.8,218.7,240.4,0
2030-06-13 20:00:00,0.1,473.8,218.7,387.6,0
2030-06-13 21:00:00,0.0,473.8,218.7,396.5,0
2030-06-13 22:00:00,0.0,473.8,218.7,446.8,0
2030-06-13 23:00:00,0.0,473.8,218.7,448.1,0
2030-06-14 00:00:00,0.0,473.8,218.7,383.8,0
2030-06-14 01:00:00,0.0,473.8,218.7,309.1,0
2030-06-14 02:00:00,0.0,473.8,218.7,250.0,0
2030-06-14 03:00:00,0.0,473.8,218.7,206.0,0
2030-06-14 04:00:00,0.0,473.8,218.7,168.0,0
2030-06-14 05:00:00,0.0,473.8,218.7,151.3,0
2030-06-14 06:00:00,0.0,473.8,218.7,157.2,0
2030-06-14 07:00:00,0.0,473.8,218.7,149.2,0
2030-06-14 08:00:00,2.0,473.8,218.7,142.1,0
2030-06-14 09:00:00,8.0,473.8,218.7,86.8,0
2030-06-14 10:00:00,14.4,473.8,218.7,31.6,0
2030-06-14 11:00:00,20.5,473.8,218.7,37.9,0
2030-06-14 12:00:00,24.3,473.8,218.7,40.6,0
2030-06-14 13:00:00,26.5,473.8,218.7,27.2,0
2030-06-14 14:00:00,26.6,473.8,218.7,0.0,0
2030-06-14 15:00:00,25.3,473.8,218.7,33.8,0
2030-06-14 16:00:00,21.6,473.8,218.7,43.9,0
2030-06-14 17:00:00,17.0,473.8,218.7,24.1,0
2030-06-14 18:00:00,10.5,473.8,218.7,57.9,0
2030-06-14 19:00:00,3.8,473.8,218.7,201.1,0
2030-06-14 20:00:00,0.1,473.8,218.7,362.8,0
2030-06-14 21:00:00,0.0,473.8,218.7,401.9,0
2030-06-14 22:00:00,0.0,473.8,218.7,456.0,0
2030-06-14 23:00:00,0.0,473.8,218.7,460.7,0
2030-06-15 00:00:00,0.0,473.8,218.7,401.3,0
2030-06-15 01:00:00,0.0,473.8,218.7,326.0,0
2030-06-15 02:00:00,0.0,473.8,218.7,257.8,0
2030-06-15 03:00:00,0.0,473.8,218.7,204.1,0
2030-06-15 04:00:00,0.0,473.8,218.7,160.2,0
2030-06-15 05:00:00,0.0,473.8,218.7,147.0,0
2030-06-15 06:00:00,0.0,473.8,218.7,147.1,0
2030-06-15 07:00:00,0.0,473.8,218.7,143.4,0
2030-06-15 08:00:00,2.0,473.8,218.7,137.0,0
2030-06-15 09:00:00,8.3,473.8,218.7,72.8,0
2030-06-15 10:00:00,15.0,473.8,218.7,28.3,0
2030-06-15 11:00:00,20.8,473.8,218.7,38.0,0
2030-06-15 12:00:00,24.7,473.8,218.7,33.3,0
2030-06-15 13:00:00,26.7,473.8,218.7,11.0,0
2030-06-15 14:00:00,27.0,473.8,218.7,2.6,0
2030-06-15 15:00:00,25.4,473.8,218.7,40.3,0
2030-06-15 16:00:00,22.2,473.8,218.7,47.3,0
2030-06-15 17:00:00,16.9,473.8,218.7,43.2,0
2030-06-15 18:00:00,10.7,473.8,218.7,71.7,0
2030-06-15 19:00:00,3.8,473.8,218.7,204.6,0
2030-06-15 20:00:00,0.1,473.8,218.7,357.1,0
2030-06-15 21:00:00,0.0,473.8,218.7,372.1,0
2030-06-15 22:00:00,0.0,473.8,218.7,407.8,0
2030-06-15 23:00:00,0.0,473.8,218.7,396.7,0
2030-06-16 00:00:00,0.0,473.8,218.7,346.1,0
2030-06-16 01:00:00,0.0,473.8,218.7,285.5,0
2030-06-16 02:00:00,0.0,473.8,218.7,231.6,0
2030-06-16 03:00:00,0.0,473.8,218.7,203.2,0
2030-06-16 04:00:00,0.0,473.8,218.7,185.9,0
2030-06-16 05:00:00,0.0,473.8,218.7,176.2,0
2030-06-16 06:00:00,0.0,473.8,218.7,179.4,0
2030-06-16 07:00:00,0.0,473.8,218.7,165.1,0
2030-06-16 08:00:00,1.8,473.8,218.7,143.8,0
2030-06-16 09:00:00,7.9,473.8,218.7,78.5,0
2030-06-16 10:00:00,14.8,473.8,218.7,26.3,0
2030-06-16 11:00:00,20.3,473.8,218.7,33.4,0
2030-06-16 12:00:00,24.2,473.8,218.7,36.6,0
2030-06-16 13:00:00,26.6,473.8,218.7,6.5,0
2030-06-16 14:00:00,26.6,473.8,218.7,0.0,0
2030-06-16 15:00:00,25.5,473.8,218.7,17.5,0
2030-06-16 16:00:00,22.3,473.8,218.7,41.0,0
2030-06-16 17:00:00,17.2,473.8,218.7,20.2,0
2030-06-16 18:00:00,10.6,473.8,218.7,74.3,0
2030-06-16 19:00:00,3.8,473.8,218.7,233.7,0
2030-06-16 20:00:00,0.1,473.8,218.7,401.7,0
2030-06-16 21:00:00,0.0,473.8,218.7,405.5,0
2030-06-16 22:00:00,0.0,473.8,218.7,435.2,0
2030-06-16 23:00:00,0.0,473.8,218.7,444.1,0
2030-06-17 00:00:00,0.0,473.8,218.7,396.4,0
2030-06-17 01:00:00,0.0,473.8,218.7,335.7,0
2030-06-17 02:00:00,0.0,473.8,218.7,277.2,0
2030-06-17 03:00:00,0.0,473.8,218.7,234.3,0
2030-06-17 04:00:00,0.0,473.8,218.7,205.2,0
2030-06-17 05:00:00,0.0,473.8,218.7,156.7,0
2030-06-17 06:00:00,0.0,473.8,218.7,145.1,0
2030-06-17 07:00:00,0.0,473.8,218.7,90.3,0
2030-06-17 08:00:00,1.8,473.8,218.7,53.6,0
2030-06-17 09:00:00,7.3,473.8,218.7,0.0,0
2030-06-17 10:00:00,13.9,473.8,218.7,0.0,0
2030-06-17 11:00:00,19.1,473.8,218.7,0.0,0
2030-06-17 12:00:00,23.5,473.8,218.7,0.0,0
2030-06-17 13:00:00,26.2,473.8,218.7,0.0,0
2030-06-17 14:00:00,26.9,473.8,183.5,0.0,0
2030-06-17 15:00:00,25.5,473.8,218.7,0.0,0
2030-06-17 16:00:00,22.4,473.8,218.7,0.0,0
2030-06-17 17:00:00,17.3,473.8,218.7,0.0,0
2030-06-17 18:00:00,10.8,473.8,218.7,0.0,0
2030-06-17 19:00:00,3.9,473.8,218.7,112.8,0
2030-06-17 20:00:00,0.1,473.8,218.7,292.1,0
2030-06-17 21:00:00,0.0,473.8,218.7,320.2,0
2030-06-17 22:00:00,0.0,473.8,218.7,354.6,0
2030-06-17 23:00:00,0.0,473.8,218.7,367.6,0
2030-06-18 00:00:00,0.0,473.8,218.7,398.6,0
2030-06-18 01:00:00,0.0,473.8,218.7,398.6,0
2030-06-18 02:00:00,0.0,473.8,218.7,344.8,0
2030-06-18 03:00:00,0.0,473.8,218.7,302.3,0
2030-06-18 04:00:00,0.0,473.8,218.7,262.4,0
2030-06-18 05:00:00,0.0,473.8,218.7,200.0,0
2030-06-18 06:00:00,0.0,473.8,218.7,179.1,0
2030-06-18 07:00:00,0.0,473.8,218.7,171.7,0
2030-06-18 08:00:00,1.8,473.8,218.7,74.3,0
2030-06-18 09:00:00,7.8,473.8,218.7,11.0,0
2030-06-18 10:00:00,13.9,473.8,218.7,0.0,0
2030-06-18 11:00:00,19.8,473.8,218.7,0.0,0
2030-06-18 12:00:00,24.2,473.8,218.7,0.0,0
2030-06-18 13:00:00,26.5,473.8,216.8,0.0,0
2030-06-18 14:00:00,26.1,473.8,218.7,0.0,0
2030-06-18 15:00:00,25.1,473.8,218.7,0.0,0
2030-06-18 16:00:00,21.7,473.8,218.7,0.0,0
2030-06-18 17:00:00,16.8,473.8,218.7,0.0,0
2030-06-18 18:00:00,10.4,473.8,218.7,0.0,0
2030-06-18 19:00:00,3.8,473.8,218.7,171.2,0
2030-06-18 20:00:00,0.1,473.8,218.7,341.6,0
2030-06-18 21:00:00,0.0,473.8,218.7,386.4,0
2030-06-18 22:00:00,0.0,473.8,218.7,413.7,0
2030-06-18 23:00:00,0.0,473.8,218.7,413.7,0
2030-06-19 00:00:00,0.0,473.8,218.7,413.7,0
2030-06-19 01:00:00,0.0,473.8,218.7,413.7,0
2030-06-19 02:00:00,0.0,473.8,218.7,361.0,0
2030-06-19 03:00:00,0.0,473.8,218.7,318.7,0
2030-06-19 04:00:00,0.0,473.8,218.7,284.0,0
2030-06-19 05:00:00,0.0,473.8,218.7,262.9,0
2030-06-19 06:00:00,0.0,473.8,218.7,208.5,0
2030-06-19 07:00:00,0.0,473.8,218.7,208.5,0
2030-06-19 08:00:00,1.9,473.8,218.7,208.5,0
2030-06-19 09:00:00,8.2,473.8,218.7,150.5,0
2030-06-19 10:00:00,14.9,473.8,218.7,44.5,0
2030-06-19 11:00:00,20.4,473.8,218.7,39.9,0
2030-06-19 12:00:00,24.3,473.8,218.7,43.3,0
2030-06-19 13:00:00,26.2,473.8,218.7,47.2,0
2030-06-19 14:00:00,26.9,473.8,218.7,33.7,0
2030-06-19 15:00:00,25.5,473.8,218.7,37.8,0
2030-06-19 16:00:00,22.3,473.8,218.7,45.5,0
2030-06-19 17:00:00,17.3,473.8,218.7,77.6,0
2030-06-19 18:00:00,10.8,473.8,218.7,133.1,0
2030-06-19 19:00:00,3.8,473.8,218.7,287.1,0
2030-06-19 20:00:00,0.1,473.8,218.7,446.0,0
2030-06-19 21:00:00,0.0,473.8,218.7,454.8,0
2030-06-19 22:00:00,0.0,473.8,218.7,454.8,0
2030-06-19 23:00:00,0.0,473.8,218.7,469.0,0
2030-06-20 00:00:00,0.0,473.8,218.7,434.6,0
2030-06-20 01:00:00,0.0,473.8,218.7,434.6,0
2030-06-20 02:00:00,0.0,473.8,218.7,391.0,0
2030-06-20 03:00:00,0.0,473.8,218.7,346.0,0
2030-06-20 04:00:00,0.0,473.8,218.7,298.9,0
2030-06-20 05:00:00,0.0,473.8,218.7,271.3,0
2030-06-20 06:00:00,0.0,473.8,218.7,260.6,0
2030-06-20 07:00:00,0.0,473.8,218.7,249.8,0
2030-06-20 08:00:00,1.8,473.8,218.7,244.5,0
2030-06-20 09:00:00,6.8,473.8,218.7,196.6,0
2030-06-20 10:00:00,13.6,473.8,218.7,79.8,0
2030-06-20 11:00:00,19.7,473.8,218.7,54.8,0
2030-06-20 12:00:00,23.5,473.8,218.7,39.0,0
2030-06-20 13:00:00,26.7,473.8,218.7,40.2,0
2030-06-20 14:00:00,26.7,473.8,218.7,30.3,0
2030-06-20 15:00:00,25.5,473.8,218.7,36.2,0
2030-06-20 16:00:00,22.2,473.8,218.7,45.6,0
2030-06-20 17:00:00,17.0,473.8,218.7,75.3,0
2030-06-20 18:00:00,10.4,473.8,218.7,122.0,0
2030-06-20 19:00:00,3.9,473.8,218.7,267.5,0
2030-06-20 20:00:00,0.2,473.8,218.7,403.3,0
2030-06-20 21:00:00,0.0,473.8,218.7,416.1,0
2030-06-20 22:00:00,0.0,473.8,218.7,475.1,0
2030-06-20 23:00:00,0.0,473.8,218.7,475.1,0
2030-06-21 00:00:00,0.0,473.8,218.7,475.1,0
2030-06-21 01:00:00,0.0,473.8,218.7,390.8,0
2030-06-21 02:00:00,0.0,473.8,218.7,390.8,0
2030-06-21 03:00:00,0.0,473.8,218.7,345.0,0
2030-06-21 04:00:00,0.0,473.8,218.7,276.2,0
2030-06-21 05:00:00,0.0,473.8,218.7,273.4,0
2030-06-21 06:00:00,0.0,473.8,218.7,271.6,0
2030-06-21 07:00:00,0.0,473.8,218.7,252.1,0
2030-06-21 08:00:00,1.6,473.8,218.7,252.1,0
2030-06-21 09:00:00,5.5,473.8,218.7,206.1,0
2030-06-21 10:00:00,12.2,473.8,218.7,156.2,0
2030-06-21 11:00:00,15.6,473.8,218.7,105.0,0
2030-06-21 12:00:00,16.6,473.8,218.7,64.6,0
2030-06-21 13:00:00,20.0,473.8,218.7,60.8,0
2030-06-21 14:00:00,21.7,473.8,218.7,41.5,0
2030-06-21 15:00:00,22.0,473.8,218.7,56.6,0
2030-06-21 16:00:00,17.1,473.8,218.7,137.0,0
2030-06-21 17:00:00,15.6,473.8,218.7,157.7,0
2030-06-21 18:00:00,9.3,473.8,218.7,157.7,0
2030-06-21 19:00:00,3.1,473.8,218.7,349.9,0
2030-06-21 20:00:00,0.1,473.8,218.7,424.2,0
2030-06-21 21:00:00,0.0,473.8,218.7,424.2,0
2030-06-21 22:00:00,0.0,473.8,218.7,506.3,0
2030-06-21 23:00:00,0.0,473.8,218.7,506.3,0
2030-06-22 00:00:00,0.0,473.8,218.7,499.6,0
2030-06-22 01:00:00,0.0,473.8,218.7,386.0,0
2030-06-22 02:00:00,0.0,473.8,218.7,386.0,0
2030-06-22 03:00:00,0.0,473.8,218.7,365.6,0
2030-06-22 04:00:00,0.0,473.8,218.7,328.5,0
2030-06-22 05:00:00,0.0,473.8,218.7,311.2,0
2030-06-22 06:00:00,0.0,473.8,218.7,275.5,0
2030-06-22 07:00:00,0.0,473.8,218.7,275.5,0
2030-06-22 08:00:00,1.5,473.8,218.7,268.5,0
2030-06-22 09:00:00,6.5,473.8,218.7,164.0,0
2030-06-22 10:00:00,12.5,473.8,218.7,164.0,0
2030-06-22 11:00:00,18.9,473.8,218.7,101.1,0
2030-06-22 12:00:00,20.1,473.8,218.7,99.7,0
2030-06-22 13:00:00,22.1,473.8,218.7,58.8,0
2030-06-22 14:00:00,24.5,473.8,218.7,45.7,0
2030-06-22 15:00:00,23.5,473.8,218.7,54.3,0
2030-06-22 16:00:00,21.2,473.8,218.7,129.1,0
2030-06-22 17:00:00,15.9,473.8,218.7,162.7,0
2030-06-22 18:00:00,9.2,473.8,218.7,189.9,0
2030-06-22 19:00:00,3.7,473.8,218.7,317.4,0
2030-06-22 20:00:00,0.2,473.8,218.7,411.9,0
2030-06-22 21:00:00,0.0,473.8,218.7,426.0,0
2030-06-22 22:00:00,0.0,473.8,218.7,468.0,0
2030-06-22 23:00:00,0.0,473.8,218.7,468.0,0
2030-06-23 00:00:00,0.0,473.8,218.7,468.0,0
2030-06-23 01:00:00,0.0,473.8,218.7,450.8,0
2030-06-23 02:00:00,0.0,473.8,218.7,348.9,0
2030-06-23 03:00:00,0.0,473.8,218.7,348.9,0
2030-06-23 04:00:00,0.0,473.8,218.7,319.1,0
2030-06-23 05:00:00,0.0,473.8,218.7,304.0,0
2030-06-23 06:00:00,0.0,473.8,218.7,304.0,0
2030-06-23 07:00:00,0.0,473.8,218.7,294.5,0
2030-06-23 08:00:00,1.9,473.8,218.7,294.2,0
2030-06-23 09:00:00,7.6,473.8,218.7,220.3,0
2030-06-23 10:00:00,14.3,473.8,218.7,159.0,0
2030-06-23 11:00:00,20.1,473.8,218.7,105.6,0
2030-06-23 12:00:00,24.1,473.8,218.7,76.7,0
2030-06-23 13:00:00,26.2,473.8,218.7,57.8,0
2030-06-23 14:00:00,26.5,473.8,218.7,51.6,0
2030-06-23 15:00:00,25.0,473.8,218.7,56.7,0
2030-06-23 16:00:00,21.9,473.8,218.7,125.0,0
2030-06-23 17:00:00,17.1,473.8,218.7,148.8,0
2030-06-23 18:00:00,10.6,473.8,218.7,185.6,0
2030-06-23 19:00:00,3.9,473.8,218.7,313.9,0
2030-06-23 20:00:00,0.2,473.8,218.7,454.4,0
2030-06-23 21:00:00,0.0,473.8,218.7,474.0,0
2030-06-23 22:00:00,0.0,473.8,218.7,474.5,0
2030-06-23 23:00:00,0.0,473.8,218.7,474.5,0
2030-06-24 00:00:00,0.0,473.8,218.7,474.5,0
2030-06-24 01:00:00,0.0,473.8,218.7,342.1,0
2030-06-24 02:00:00,0.0,473.8,218.7,331.9,0
2030-06-24 03:00:00,0.0,473.8,218.7,303.8,0
2030-06-24 04:00:00,0.0,473.8,218.7,303.8,0
2030-06-24 05:00:00,0.0,473.8,218.7,282.8,0
2030-06-24 06:00:00,0.0,473.8,218.7,268.8,0
2030-06-24 07:00:00,0.0,473.8,218.7,218.1,0
2030-06-24 08:00:00,1.8,473.8,218.7,199.7,0
2030-06-24 09:00:00,7.9,473.8,218.7,141.4,0
2030-06-24 10:00:00,14.5,473.8,218.7,59.2,0
2030-06-24 11:00:00,20.1,473.8,218.7,0.0,0
2030-06-24 12:00:00,24.1,473.8,218.7,0.0,0
2030-06-24 13:00:00,26.4,473.8,218.7,0.0,0
2030-06-24 14:00:00,26.6,473.8,218.7,0.0,0
2030-06-24 15:00:00,25.1,473.8,218.7,0.0,0
2030-06-24 16:00:00,21.9,473.8,218.7,0.0,0
2030-06-24 17:00:00,17.1,473.8,218.7,0.0,0
2030-06-24 18:00:00,10.8,473.8,218.7,42.2,0
2030-06-24 19:00:00,3.9,473.8,218.7,229.2,0
2030-06-24 20:00:00,0.2,473.8,218.7,387.8,0
2030-06-24 21:00:00,0.0,473.8,218.7,396.0,0
2030-06-24 22:00:00,0.0,473.8,218.7,396.0,0
2030-06-24 23:00:00,0.0,473.8,218.7,396.0,0
2030-06-25 00:00:00,0.0,473.8,218.7,442.7,0
2030-06-25 01:00:00,0.0,473.8,218.7,442.7,0
2030-06-25 02:00:00,0.0,473.8,218.7,383.2,0
2030-06-25 03:00:00,0.0,473.8,218.7,383.2,0
2030-06-25 04:00:00,0.0,473.8,218.7,323.7,0
2030-06-25 05:00:00,0.0,473.8,218.7,323.7,0
2030-06-25 06:00:00,0.0,473.8,218.7,317.2,0
2030-06-25 07:00:00,0.0,473.8,218.7,206.7,0
2030-06-25 08:00:00,1.7,473.8,218.7,206.7,0
2030-06-25 09:00:00,7.6,473.8,218.7,119.9,0
2030-06-25 10:00:00,14.3,473.8,218.7,0.0,0
2030-06-25 11:00:00,20.0,473.8,218.7,0.0,0
2030-06-25 12:00:00,23.9,473.8,218.7,0.0,0
2030-06-25 13:00:00,26.1,473.8,218.7,0.0,0
2030-06-25 14:00:00,26.5,473.8,218.7,0.0,0
2030-06-25 15:00:00,24.9,473.8,218.7,0.0,0
2030-06-25 16:00:00,21.5,473.8,218.7,0.0,0
2030-06-25 17:00:00,16.8,473.8,218.7,25.6,0
2030-06-25 18:00:00,9.9,473.8,218.7,128.7,0
2030-06-25 19:00:00,3.8,473.8,218.7,260.7,0
2030-06-25 20:00:00,0.2,473.8,218.7,438.3,0
2030-06-25 21:00:00,0.0,473.8,218.7,494.4,0
2030-06-25 22:00:00,0.0,473.8,218.7,506.5,0
2030-06-25 23:00:00,0.0,473.8,218.7,506.5,0
2030-06-26 00:00:00,0.0,473.8,218.7,506.5,0
2030-06-26 01:00:00,0.0,473.8,218.7,506.5,0
2030-06-26 02:00:00,0.0,473.8,218.7,434.7,0
2030-06-26 03:00:00,0.0,473.8,218.7,434.7,0
2030-06-26 04:00:00,0.0,473.8,218.7,397.1,0
2030-06-26 05:00:00,0.0,473.8,218.7,375.7,0
2030-06-26 06:00:00,0.0,473.8,218.7,375.7,0
2030-06-26 07:00:00,0.0,473.8,218.7,361.5,0
2030-06-26 08:00:00,1.7,473.8,218.7,359.0,0
2030-06-26 09:00:00,7.7,473.8,218.7,293.9,0
2030-06-26 10:00:00,14.3,473.8,218.7,226.0,0
2030-06-26 11:00:00,19.8,473.8,218.7,175.0,0
2030-06-26 12:00:00,23.6,473.8,218.7,147.3,0
2030-06-26 13:00:00,25.7,473.8,218.7,121.7,0
2030-06-26 14:00:00,26.0,473.8,218.7,90.0,0
2030-06-26 15:00:00,24.5,473.8,218.7,124.5,0
2030-06-26 16:00:00,21.6,473.8,218.7,206.4,0
2030-06-26 17:00:00,15.6,473.8,218.7,228.7,0
2030-06-26 18:00:00,9.1,473.8,218.7,284.0,0
2030-06-26 19:00:00,3.2,473.8,218.7,405.1,0
2030-06-26 20:00:00,0.1,473.8,218.7,506.5,0
2030-06-26 21:00:00,0.0,473.8,218.7,506.5,0
2030-06-26 22:00:00,0.0,473.8,218.7,506.5,0
2030-06-26 23:00:00,0.0,473.8,218.7,506.5,0
2030-06-27 00:00:00,0.0,473.8,218.7,506.5,0
2030-06-27 01:00:00,0.0,473.8,218.7,440.0,0
2030-06-27 02:00:00,0.0,473.8,218.7,423.6,0
2030-06-27 03:00:00,0.0,473.8,218.7,391.9,0
2030-06-27 04:00:00,0.0,473.8,218.7,350.4,0
2030-06-27 05:00:00,0.0,473.8,218.7,350.4,0
2030-06-27 06:00:00,0.0,473.8,218.7,350.4,0
2030-06-27 07:00:00,0.0,473.8,218.7,345.8,0
2030-06-27 08:00:00,1.6,473.8,218.7,345.8,0
2030-06-27 09:00:00,6.3,473.8,218.7,303.2,0
2030-06-27 10:00:00,11.6,473.8,218.7,229.7,0
2030-06-27 11:00:00,19.0,473.8,218.7,140.4,0
2030-06-27 12:00:00,23.2,473.8,218.7,104.5,0
2030-06-27 13:00:00,26.1,473.8,218.7,78.8,0
2030-06-27 14:00:00,25.9,473.8,218.7,54.7,0
2030-06-27 15:00:00,24.9,473.8,218.7,75.1,0
2030-06-27 16:00:00,21.8,473.8,218.7,147.3,0
2030-06-27 17:00:00,17.0,473.8,218.7,170.4,0
2030-06-27 18:00:00,10.7,473.8,218.7,224.3,0
2030-06-27 19:00:00,4.0,473.8,218.7,379.5,0
2030-06-27 20:00:00,0.2,473.8,218.7,506.5,0
2030-06-27 21:00:00,0.0,473.8,218.7,506.5,0
2030-06-27 22:00:00,0.0,473.8,218.7,506.5,0
2030-06-27 23:00:00,0.0,473.8,218.7,506.5,0
2030-06-28 00:00:00,0.0,473.8,218.7,506.5,0
2030-06-28 01:00:00,0.0,473.8,218.7,489.4,0
2030-06-28 02:00:00,0.0,473.8,218.7,429.8,0
2030-06-28 03:00:00,0.0,473.8,218.7,375.2,0
2030-06-28 04:00:00,0.0,473.8,218.7,344.9,0
2030-06-28 05:00:00,0.0,473.8,218.7,342.8,0
2030-06-28 06:00:00,0.0,473.8,218.7,342.8,0
2030-06-28 07:00:00,0.0,473.8,218.7,342.8,0
2030-06-28 08:00:00,1.7,473.8,218.7,342.8,0
2030-06-28 09:00:00,7.5,473.8,218.7,281.8,0
2030-06-28 10:00:00,13.7,473.8,218.7,224.4,0
2030-06-28 11:00:00,19.8,473.8,218.7,147.5,0
2030-06-28 12:00:00,22.9,473.8,218.7,106.6,0
2030-06-28 13:00:00,23.8,473.8,218.7,78.3,0
2030-06-28 14:00:00,26.5,473.8,218.7,47.6,0
2030-06-28 15:00:00,24.4,473.8,218.7,83.9,0
2030-06-28 16:00:00,20.9,473.8,218.7,161.4,0
2030-06-28 17:00:00,15.7,473.8,218.7,179.9,0
2030-06-28 18:00:00,10.6,473.8,218.7,235.3,0
2030-06-28 19:00:00,4.0,473.8,218.7,391.7,0
2030-06-28 20:00:00,0.2,473.8,218.7,506.5,0
2030-06-28 21:00:00,0.0,473.8,218.7,506.5,0
2030-06-28 22:00:00,0.0,473.8,218.7,506.5,0
2030-06-28 23:00:00,0.0,473.8,218.7,506.5,0
2030-06-29 00:00:00,0.0,473.8,218.7,506.5,0
2030-06-29 01:00:00,0.0,473.8,218.7,485.7,0
2030-06-29 02:00:00,0.0,473.8,218.7,434.8,0
2030-06-29 03:00:00,0.0,473.8,218.7,391.6,0
2030-06-29 04:00:00,0.0,473.8,218.7,330.3,0
2030-06-29 05:00:00,0.0,473.8,218.7,330.3,0
2030-06-29 06:00:00,0.0,473.8,218.7,330.3,0
2030-06-29 07:00:00,0.0,473.8,218.7,330.3,0
2030-06-29 08:00:00,1.7,473.8,218.7,330.3,0
2030-06-29 09:00:00,7.8,473.8,218.7,288.0,0
2030-06-29 10:00:00,14.5,473.8,218.7,166.9,0
2030-06-29 11:00:00,20.1,473.8,218.7,107.8,0
2030-06-29 12:00:00,24.1,473.8,218.7,92.2,0
2030-06-29 13:00:00,26.2,473.8,218.7,77.1,0
2030-06-29 14:00:00,26.5,473.8,218.7,68.9,0
2030-06-29 15:00:00,24.5,473.8,218.7,108.6,0
2030-06-29 16:00:00,21.5,473.8,218.7,188.3,0
2030-06-29 17:00:00,16.9,473.8,218.7,207.1,0
2030-06-29 18:00:00,10.7,473.8,218.7,250.9,0
2030-06-29 19:00:00,3.9,473.8,218.7,357.3,0
2030-06-29 20:00:00,0.2,473.8,218.7,506.5,0
2030-06-29 21:00:00,0.0,473.8,218.7,506.5,0
2030-06-29 22:00:00,0.0,473.8,218.7,506.5,0
2030-06-29 23:00:00,0.0,473.8,218.7,506.5,0
2030-06-30 00:00:00,0.0,473.8,218.7,506.5,0
2030-06-30 01:00:00,0.0,473.8,218.7,498.1,0
2030-06-30 02:00:00,0.0,473.8,218.7,402.0,0
2030-06-30 03:00:00,0.0,473.8,218.7,402.0,0
2030-06-30 04:00:00,0.0,473.8,218.7,362.8,0
2030-06-30 05:00:00,0.0,473.8,218.7,341.8,0
2030-06-30 06:00:00,0.0,473.8,218.7,341.8,0
2030-06-30 07:00:00,0.0,473.8,218.7,341.8,0
2030-06-30 08:00:00,1.6,473.8,218.7,341.8,0
2030-06-30 09:00:00,7.7,473.8,218.7,283.2,0
2030-06-30 10:00:00,14.4,473.8,218.7,202.9,0
2030-06-30 11:00:00,20.0,473.8,218.7,142.4,0
2030-06-30 12:00:00,24.0,473.8,218.7,107.9,0
2030-06-30 13:00:00,26.2,473.8,218.7,79.7,0
2030-06-30 14:00:00,26.6,473.8,218.7,44.2,0
2030-06-30 15:00:00,25.2,473.8,218.7,62.3,0
2030-06-30 16:00:00,22.0,473.8,218.7,79.7,0
2030-06-30 17:00:00,17.2,473.8,218.7,159.5,0
2030-06-30 18:00:00,10.8,473.8,218.7,218.0,0
2030-06-30 19:00:00,4.1,473.8,218.7,361.0,0
2030-06-30 20:00:00,0.2,473.8,218.7,506.5,0
2030-06-30 21:00:00,0.0,473.8,218.7,506.5,0
2030-06-30 22:00:00,0.0,473.8,218.7,506.5,0
2030-06-30 23:00:00,0.0,473.8,218.7,506.5,0
2030-07-01 00:00:00,0.0,473.8,218.7,506.5,0
2030-07-01 01:00:00,0.0,473.8,218.7,506.5,0
2030-07-01 02:00:00,0.0,473.8,218.7,491.6,0
2030-07-01 03:00:00,0.0,473.8,218.7,435.2,0
2030-07-01 04:00:00,0.0,473.8,218.7,409.1,0
2030-07-01 05:00:00,0.0,473.8,218.7,389.5,0
2030-07-01 06:00:00,0.0,473.8,218.7,363.1,0
2030-07-01 07:00:00,0.0,473.8,218.7,310.5,0
2030-07-01 08:00:00,1.3,473.8,218.7,266.1,0
2030-07-01 09:00:00,6.4,473.8,218.7,206.1,0
2030-07-01 10:00:00,13.3,473.8,218.7,115.1,0
2030-07-01 11:00:00,19.2,473.8,218.7,0.0,0
2030-07-01 12:00:00,23.8,473.8,218.7,0.0,0
2030-07-01 13:00:00,25.8,473.8,218.7,0.0,0
2030-07-01 14:00:00,26.4,473.8,218.7,0.0,0
2030-07-01 15:00:00,25.0,473.8,218.7,0.0,0
2030-07-01 16:00:00,22.2,473.8,218.7,0.0,0
2030-07-01 17:00:00,17.4,473.8,218.7,0.0,0
2030-07-01 18:00:00,10.9,473.8,218.7,160.8,0
2030-07-01 19:00:00,4.0,473.8,218.7,320.2,0
2030-07-01 20:00:00,0.2,473.8,218.7,494.6,0
2030-07-01 21:00:00,0.0,473.8,218.7,506.5,0
2030-07-01 22:00:00,0.0,473.8,218.7,506.5,0
2030-07-01 23:00:00,0.0,473.8,218.7,506.5,0
2030-07-02 00:00:00,0.0,473.8,218.7,506.5,0
2030-07-02 01:00:00,0.0,473.8,218.7,506.5,0
2030-07-02 02:00:00,0.0,473.8,218.7,500.1,0
2030-07-02 03:00:00,0.0,473.8,218.7,454.2,0
2030-07-02 04:00:00,0.0,473.8,218.7,390.0,0
2030-07-02 05:00:00,0.0,473.8,218.7,369.7,0
2030-07-02 06:00:00,0.0,473.8,218.7,328.6,0
2030-07-02 07:00:00,0.0,473.8,218.7,279.6,0
2030-07-02 08:00:00,1.5,473.8,218.7,192.1,0
2030-07-02 09:00:00,7.2,473.8,218.7,115.0,0
2030-07-02 10:00:00,13.8,473.8,218.7,2.3,0
2030-07-02 11:00:00,19.8,473.8,218.7,0.0,0
2030-07-02 12:00:00,23.1,473.8,162.4,0.0,0
2030-07-02 13:00:00,26.0,473.8,184.8,0.0,0
2030-07-02 14:00:00,24.8,473.8,214.3,0.0,0
2030-07-02 15:00:00,24.7,473.8,218.7,0.0,0
2030-07-02 16:00:00,22.0,473.8,218.7,0.0,0
2030-07-02 17:00:00,16.8,473.8,218.7,33.8,0
2030-07-02 18:00:00,10.4,473.8,218.7,98.6,0
2030-07-02 19:00:00,3.8,473.8,218.7,263.8,0
2030-07-02 20:00:00,0.2,473.8,218.7,426.4,0
2030-07-02 21:00:00,0.0,473.8,218.7,460.7,0
2030-07-02 22:00:00,0.0,473.8,218.7,506.5,0
2030-07-02 23:00:00,0.0,473.8,218.7,506.5,0
2030-07-03 00:00:00,0.0,473.8,218.7,506.5,0
2030-07-03 01:00:00,0.0,473.8,218.7,506.5,0
2030-07-03 02:00:00,0.0,473.8,218.7,506.5,0
2030-07-03 03:00:00,0.0,473.8,218.7,491.6,0
2030-07-03 04:00:00,0.0,473.8,218.7,469.6,0
2030-07-03 05:00:00,0.0,473.8,218.7,450.8,0
2030-07-03 06:00:00,0.0,473.8,218.7,438.7,0
2030-07-03 07:00:00,0.0,473.8,218.7,396.3,0
2030-07-03 08:00:00,1.6,473.8,218.7,411.5,0
2030-07-03 09:00:00,7.6,473.8,218.7,366.6,0
2030-07-03 10:00:00,14.1,473.8,218.7,317.9,0
2030-07-03 11:00:00,19.9,473.8,218.7,217.2,0
2030-07-03 12:00:00,23.7,473.8,218.7,174.2,0
2030-07-03 13:00:00,25.7,473.8,218.7,130.2,0
2030-07-03 14:00:00,26.3,473.8,218.7,110.0,0
2030-07-03 15:00:00,24.9,473.8,218.7,147.9,0
2030-07-03 16:00:00,22.0,473.8,218.7,159.6,0
2030-07-03 17:00:00,16.9,473.8,218.7,213.6,0
2030-07-03 18:00:00,10.5,473.8,218.7,295.5,0
2030-07-03 19:00:00,3.8,473.8,218.7,386.0,0
2030-07-03 20:00:00,0.2,473.8,218.7,506.5,0
2030-07-03 21:00:00,0.0,473.8,218.7,506.5,0
2030-07-03 22:00:00,0.0,473.8,218.7,506.5,0
2030-07-03 23:00:00,0.0,473.8,218.7,506.5,0
2030-07-04 00:00:00,0.0,473.8,218.7,506.5,0
2030-07-04 01:00:00,0.0,473.8,218.7,506.5,0
2030-07-04 02:00:00,0.0,473.8,218.7,506.5,0
2030-07-04 03:00:00,0.0,473.8,218.7,463.2,0
2030-07-04 04:00:00,0.0,473.8,218.7,433.5,0
2030-07-04 05:00:00,0.0,473.8,218.7,412.1,0
2030-07-04 06:00:00,0.0,473.8,218.7,402.7,0
2030-07-04 07:00:00,0.0,473.8,218.7,359.3,0
2030-07-04 08:00:00,1.6,473.8,218.7,379.8,0
2030-07-04 09:00:00,7.7,473.8,218.7,330.2,0
2030-07-04 10:00:00,14.5,473.8,218.7,261.3,0
2030-07-04 11:00:00,20.2,473.8,218.7,155.8,0
2030-07-04 12:00:00,24.2,473.8,218.7,91.6,0
2030-07-04 13:00:00,26.3,473.8,218.7,50.2,0
2030-07-04 14:00:00,26.7,473.8,218.7,45.2,0
2030-07-04 15:00:00,25.3,473.8,218.7,62.5,0
2030-07-04 16:00:00,22.2,473.8,218.7,89.4,0
2030-07-04 17:00:00,17.3,473.8,218.7,130.0,0
2030-07-04 18:00:00,10.9,473.8,218.7,197.7,0
2030-07-04 19:00:00,4.1,473.8,218.7,322.2,0
2030-07-04 20:00:00,0.2,473.8,218.7,506.5,0
2030-07-04 21:00:00,0.0,473.8,218.7,506.5,0
2030-07-04 22:00:00,0.0,473.8,218.7,506.5,0
2030-07-04 23:00:00,0.0,473.8,218.7,506.5,0
2030-07-05 00:00:00,0.0,473.8,218.7,506.5,0
2030-07-05 01:00:00,0.0,473.8,218.7,506.5,0
2030-07-05 02:00:00,0.0,473.8,218.7,436.4,0
2030-07-05 03:00:00,0.0,473.8,218.7,360.6,0
2030-07-05 04:00:00,0.0,473.8,218.7,321.1,0
2030-07-05 05:00:00,0.0,473.8,218.7,308.2,0
2030-07-05 06:00:00,0.0,473.8,218.7,309.3,0
2030-07-05 07:00:00,0.0,473.8,218.7,292.5,0
2030-07-05 08:00:00,1.4,473.8,218.7,336.7,0
2030-07-05 09:00:00,6.3,473.8,218.7,298.9,0
2030-07-05 10:00:00,12.8,473.8,218.7,284.6,0
2030-07-05 11:00:00,18.2,473.8,218.7,178.4,0
2030-07-05 12:00:00,22.6,473.8,218.7,121.4,0
2030-07-05 13:00:00,25.3,473.8,218.7,71.7,0
2030-07-05 14:00:00,25.7,473.8,218.7,54.7,0
2030-07-05 15:00:00,25.0,473.8,218.7,111.0,0
2030-07-05 16:00:00,21.8,473.8,218.7,161.5,0
2030-07-05 17:00:00,16.7,473.8,218.7,205.8,0
2030-07-05 18:00:00,10.7,473.8,218.7,270.4,0
2030-07-05 19:00:00,4.0,473.8,218.7,392.6,0
2030-07-05 20:00:00,0.2,473.8,218.7,506.5,0
2030-07-05 21:00:00,0.0,473.8,218.7,506.5,0
2030-07-05 22:00:00,0.0,473.8,218.7,506.5,0
2030-07-05 23:00:00,0.0,473.8,218.7,506.5,0
2030-07-06 00:00:00,0.0,473.8,218.7,506.5,0
2030-07-06 01:00:00,0.0,473.8,218.7,506.5,0
2030-07-06 02:00:00,0.0,473.8,218.7,506.5,0
2030-07-06 03:00:00,0.0,473.8,218.7,498.8,0
2030-07-06 04:00:00,0.0,473.8,218.7,471.9,0
2030-07-06 05:00:00,0.0,473.8,218.7,451.5,0
2030-07-06 06:00:00,0.0,473.8,218.7,442.6,0
2030-07-06 07:00:00,0.0,473.8,218.7,406.2,0
2030-07-06 08:00:00,1.3,473.8,218.7,426.1,0
2030-07-06 09:00:00,6.4,473.8,218.7,382.6,0
2030-07-06 10:00:00,12.4,473.8,218.7,330.0,0
2030-07-06 11:00:00,17.7,473.8,218.7,234.7,0
2030-07-06 12:00:00,21.3,473.8,218.7,198.5,0
2030-07-06 13:00:00,25.3,473.8,218.7,158.6,0
2030-07-06 14:00:00,25.6,473.8,218.7,156.7,0
2030-07-06 15:00:00,24.8,473.8,218.7,201.0,0
2030-07-06 16:00:00,20.9,473.8,218.7,266.8,0
2030-07-06 17:00:00,14.1,473.8,218.7,312.2,0
2030-07-06 18:00:00,9.1,473.8,218.7,351.5,0
2030-07-06 19:00:00,2.9,473.8,218.7,429.5,0
2030-07-06 20:00:00,0.2,473.8,218.7,506.5,0
2030-07-06 21:00:00,0.0,473.8,218.7,506.5,0
2030-07-06 22:00:00,0.0,473.8,218.7,506.5,0
2030-07-06 23:00:00,0.0,473.8,218.7,506.5,0
2030-07-07 00:00:00,0.0,473.8,218.7,506.5,0
2030-07-07 01:00:00,0.0,473.8,218.7,506.5,0
2030-07-07 02:00:00,0.0,473.8,218.7,506.5,0
2030-07-07 03:00:00,0.0,473.8,218.7,506.5,0
2030-07-07 04:00:00,0.0,473.8,218.7,492.6,0
2030-07-07 05:00:00,0.0,473.8,218.7,472.2,0
2030-07-07 06:00:00,0.0,473.8,218.7,458.4,0
2030-07-07 07:00:00,0.0,473.8,218.7,422.0,0
2030-07-07 08:00:00,1.1,473.8,218.7,439.5,0
2030-07-07 09:00:00,4.7,473.8,218.7,422.2,0
2030-07-07 10:00:00,8.8,473.8,218.7,381.1,0
2030-07-07 11:00:00,13.1,473.8,218.7,295.1,0
2030-07-07 12:00:00,17.9,473.8,218.7,253.4,0
2030-07-07 13:00:00,20.7,473.8,218.7,221.5,0
2030-07-07 14:00:00,19.2,473.8,218.7,243.2,0
2030-07-07 15:00:00,19.5,473.8,218.7,263.0,0
2030-07-07 16:00:00,13.8,473.8,218.7,289.9,0
2030-07-07 17:00:00,8.4,473.8,218.7,328.6,0
2030-07-07 18:00:00,6.3,473.8,218.7,359.9,0
2030-07-07 19:00:00,1.8,473.8,218.7,459.1,0
2030-07-07 20:00:00,0.1,473.8,218.7,506.5,0
2030-07-07 21:00:00,0.0,473.8,218.7,506.5,0
2030-07-07 22:00:00,0.0,473.8,218.7,506.5,0
2030-07-07 23:00:00,0.0,473.8,218.7,506.5,0
2030-07-08 00:00:00,0.0,473.8,218.7,506.5,0
2030-07-08 01:00:00,0.0,473.8,218.7,506.5,0
2030-07-08 02:00:00,0.0,473.8,218.7,506.5,0
2030-07-08 03:00:00,0.0,473.8,218.7,469.0,0
2030-07-08 04:00:00,0.0,473.8,218.7,444.4,0
2030-07-08 05:00:00,0.0,473.8,218.7,387.2,0
2030-07-08 06:00:00,0.0,473.8,218.7,387.2,0
2030-07-08 07:00:00,0.0,473.8,218.7,336.9,0
2030-07-08 08:00:00,0.6,473.8,218.7,265.9,0
2030-07-08 09:00:00,5.0,473.8,218.7,192.6,0
2030-07-08 10:00:00,10.4,473.8,218.7,107.9,0
2030-07-08 11:00:00,16.1,473.8,218.7,26.7,0
2030-07-08 12:00:00,19.7,473.8,218.7,24.2,0
2030-07-08 13:00:00,22.9,473.8,218.7,0.0,0
2030-07-08 14:00:00,23.7,473.8,218.7,0.0,0
2030-07-08 15:00:00,23.0,473.8,218.7,0.0,0
2030-07-08 16:00:00,18.3,473.8,218.7,0.0,0
2030-07-08 17:00:00,15.2,473.8,218.7,91.3,0
2030-07-08 18:00:00,9.5,473.8,218.7,183.5,0
2030-07-08 19:00:00,2.5,473.8,218.7,328.4,0
2030-07-08 20:00:00,0.2,473.8,218.7,484.5,0
2030-07-08 21:00:00,0.0,473.8,218.7,506.5,0
2030-07-08 22:00:00,0.0,473.8,218.7,506.5,0
2030-07-08 23:00:00,0.0,473.8,218.7,506.5,0
2030-07-09 00:00:00,0.0,473.8,218.7,506.5,0
2030-07-09 01:00:00,0.0,473.8,218.7,506.5,0
2030-07-09 02:00:00,0.0,473.8,218.7,506.5,0
2030-07-09 03:00:00,0.0,473.8,218.7,467.4,0
2030-07-09 04:00:00,0.0,473.8,218.7,409.8,0
2030-07-09 05:00:00,0.0,473.8,218.7,389.9,0
2030-07-09 06:00:00,0.0,473.8,218.7,348.9,0
2030-07-09 07:00:00,0.0,473.8,218.7,302.1,0
2030-07-09 08:00:00,1.5,473.8,218.7,229.0,0
2030-07-09 09:00:00,7.3,473.8,218.7,152.9,0
2030-07-09 10:00:00,14.1,473.8,218.7,13.7,0
2030-07-09 11:00:00,19.8,473.8,218.7,0.0,0
2030-07-09 12:00:00,23.8,473.8,172.0,0.0,0
2030-07-09 13:00:00,26.2,473.8,184.3,0.0,0
2030-07-09 14:00:00,26.7,473.8,206.1,0.0,0
2030-07-09 15:00:00,25.3,473.8,211.8,0.0,0
2030-07-09 16:00:00,22.1,473.8,218.7,0.0,0
2030-07-09 17:00:00,17.3,473.8,218.7,6.9,0
2030-07-09 18:00:00,11.0,473.8,218.7,73.7,0
2030-07-09 19:00:00,4.1,473.8,218.7,267.9,0
2030-07-09 20:00:00,0.2,473.8,218.7,451.7,0
2030-07-09 21:00:00,0.0,473.8,218.7,485.0,0
2030-07-09 22:00:00,0.0,473.8,218.7,506.5,0
2030-07-09 23:00:00,0.0,473.8,218.7,506.5,0
2030-07-10 00:00:00,0.0,473.8,218.7,506.5,0
2030-07-10 01:00:00,0.0,473.8,218.7,506.5,0
2030-07-10 02:00:00,0.0,473.8,218.7,506.5,0
2030-07-10 03:00:00,0.0,473.8,218.7,472.7,0
2030-07-10 04:00:00,0.0,473.8,218.7,451.1,0
2030-07-10 05:00:00,0.0,473.8,218.7,435.7,0
2030-07-10 06:00:00,0.0,473.8,218.7,430.1,0
2030-07-10 07:00:00,0.0,473.8,218.7,384.7,0
2030-07-10 08:00:00,1.4,473.8,218.7,394.2,0
2030-07-10 09:00:00,6.8,473.8,218.7,333.3,0
2030-07-10 10:00:00,14.1,473.8,218.7,216.7,0
2030-07-10 11:00:00,20.1,473.8,218.7,103.0,0
2030-07-10 12:00:00,23.4,473.8,218.7,66.1,0
2030-07-10 13:00:00,26.4,473.8,218.7,45.0,0
2030-07-10 14:00:00,25.8,473.8,218.7,41.8,0
2030-07-10 15:00:00,24.0,473.8,218.7,78.7,0
2030-07-10 16:00:00,21.6,473.8,218.7,115.4,0
2030-07-10 17:00:00,16.9,473.8,218.7,163.4,0
2030-07-10 18:00:00,10.4,473.8,218.7,237.2,0
2030-07-10 19:00:00,3.9,473.8,218.7,364.9,0
2030-07-10 20:00:00,0.2,473.8,218.7,506.5,0
2030-07-10 21:00:00,0.0,473.8,218.7,506.5,0
2030-07-10 22:00:00,0.0,473.8,218.7,506.5,0
2030-07-10 23:00:00,0.0,473.8,218.7,506.5,0
2030-07-11 00:00:00,0.0,473.8,218.7,506.5,0
2030-07-11 01:00:00,0.0,473.8,218.7,506.5,0
2030-07-11 02:00:00,0.0,473.8,218.7,506.5,0
2030-07-11 03:00:00,0.0,473.8,218.7,479.3,0
2030-07-11 04:00:00,0.0,473.8,218.7,449.8,0
2030-07-11 05:00:00,0.0,473.8,218.7,429.6,0
2030-07-11 06:00:00,0.0,473.8,218.7,421.1,0
2030-07-11 07:00:00,0.0,473.8,218.7,380.6,0
2030-07-11 08:00:00,1.3,473.8,218.7,388.9,0
2030-07-11 09:00:00,5.9,473.8,218.7,342.9,0
2030-07-11 10:00:00,12.4,473.8,218.7,242.4,0
2030-07-11 11:00:00,18.2,473.8,218.7,157.6,0
2030-07-11 12:00:00,23.1,473.8,218.7,128.6,0
2030-07-11 13:00:00,24.3,473.8,218.7,95.4,0
2030-07-11 14:00:00,24.0,473.8,218.7,62.7,0
2030-07-11 15:00:00,24.3,473.8,218.7,125.5,0
2030-07-11 16:00:00,21.5,473.8,218.7,174.5,0
2030-07-11 17:00:00,17.0,473.8,218.7,210.3,0
2030-07-11 18:00:00,10.6,473.8,218.7,269.1,0
2030-07-11 19:00:00,4.2,473.8,218.7,386.2,0
2030-07-11 20:00:00,0.2,473.8,218.7,506.5,0
2030-07-11 21:00:00,0.0,473.8,218.7,506.5,0
2030-07-11 22:00:00,0.0,473.8,218.7,506.5,0
2030-07-11 23:00:00,0.0,473.8,218.7,506.5,0
2030-07-12 00:00:00,0.0,473.8,218.7,506.5,0
2030-07-12 01:00:00,0.0,473.8,218.7,506.5,0
2030-07-12 02:00:00,0.0,473.8,218.7,506.5,0
2030-07-12 03:00:00,0.0,473.8,218.7,499.7,0
2030-07-12 04:00:00,0.0,473.8,218.7,469.8,0
2030-07-12 05:00:00,0.0,473.8,218.7,451.5,0
2030-07-12 06:00:00,0.0,473.8,218.7,431.0,0
2030-07-12 07:00:00,0.0,473.8,218.7,397.2,0
2030-07-12 08:00:00,1.2,473.8,218.7,415.6,0
2030-07-12 09:00:00,6.4,473.8,218.7,371.0,0
2030-07-12 10:00:00,11.2,473.8,218.7,312.6,0
2030-07-12 11:00:00,17.0,473.8,218.7,204.4,0
2030-07-12 12:00:00,19.6,473.8,218.7,161.7,0
2030-07-12 13:00:00,22.1,473.8,218.7,118.5,0
2030-07-12 14:00:00,22.3,473.8,218.7,76.7,0
2030-07-12 15:00:00,23.8,473.8,218.7,131.4,0
2030-07-12 16:00:00,21.8,473.8,218.7,180.6,0
2030-07-12 17:00:00,17.2,473.8,218.7,226.8,0
2030-07-12 18:00:00,10.6,473.8,218.7,278.5,0
2030-07-12 19:00:00,4.1,473.8,218.7,391.7,0
2030-07-12 20:00:00,0.2,473.8,218.7,506.5,0
2030-07-12 21:00:00,0.0,473.8,218.7,506.5,0
2030-07-12 22:00:00,0.0,473.8,218.7,506.5,0
2030-07-12 23:00:00,0.0,473.8,218.7,506.5,0
2030-07-13 00:00:00,0.0,473.8,218.7,506.5,0
2030-07-13 01:00:00,0.0,473.8,218.7,506.5,0
2030-07-13 02:00:00,0.0,473.8,218.7,493.1,0
2030-07-13 03:00:00,0.0,473.8,218.7,457.0,0
2030-07-13 04:00:00,0.0,473.8,218.7,425.4,0
2030-07-13 05:00:00,0.0,473.8,218.7,408.6,0
2030-07-13 06:00:00,0.0,473.8,218.7,408.6,0
2030-07-13 07:00:00,0.0,473.8,218.7,389.8,0
2030-07-13 08:00:00,1.3,473.8,218.7,389.8,0
2030-07-13 09:00:00,7.1,473.8,218.7,364.8,0
2030-07-13 10:00:00,12.7,473.8,218.7,307.1,0
2030-07-13 11:00:00,19.7,473.8,218.7,194.8,0
2030-07-13 12:00:00,22.6,473.8,218.7,159.2,0
2030-07-13 13:00:00,26.4,473.8,218.7,106.0,0
2030-07-13 14:00:00,26.7,473.8,218.7,91.0,0
2030-07-13 15:00:00,24.8,473.8,218.7,157.6,0
2030-07-13 16:00:00,21.7,473.8,218.7,159.5,0
2030-07-13 17:00:00,16.6,473.8,218.7,244.1,0
2030-07-13 18:00:00,10.5,473.8,218.7,244.1,0
2030-07-13 19:00:00,4.1,473.8,218.7,370.1,0
2030-07-13 20:00:00,0.2,473.8,218.7,506.5,0
2030-07-13 21:00:00,0.0,473.8,218.7,506.5,0
2030-07-13 22:00:00,0.0,473.8,218.7,506.5,0
2030-07-13 23:00:00,0.0,473.8,218.7,506.5,0
2030-07-14 00:00:00,0.0,473.8,218.7,506.5,0
2030-07-14 01:00:00,0.0,473.8,218.7,506.5,0
2030-07-14 02:00:00,0.0,473.8,218.7,454.0,0
2030-07-14 03:00:00,0.0,473.8,218.7,434.5,0
2030-07-14 04:00:00,0.0,473.8,218.7,405.6,0
2030-07-14 05:00:00,0.0,473.8,218.7,332.5,0
2030-07-14 06:00:00,0.0,473.8,218.7,332.5,0
2030-07-14 07:00:00,0.0,473.8,218.7,330.0,0
2030-07-14 08:00:00,1.3,473.8,218.7,330.0,0
2030-07-14 09:00:00,7.0,473.8,218.7,319.7,0
2030-07-14 10:00:00,13.1,473.8,218.7,281.0,0
2030-07-14 11:00:00,18.6,473.8,218.7,171.6,0
2030-07-14 12:00:00,23.2,473.8,218.7,116.6,0
2030-07-14 13:00:00,26.0,473.8,218.7,69.8,0
2030-07-14 14:00:00,26.4,473.8,218.7,51.5,0
2030-07-14 15:00:00,25.1,473.8,218.7,87.8,0
2030-07-14 16:00:00,22.0,473.8,218.7,87.8,0
2030-07-14 17:00:00,17.0,473.8,218.7,87.8,0
2030-07-14 18:00:00,10.7,473.8,218.7,211.1,0
2030-07-14 19:00:00,4.0,473.8,218.7,337.2,0
2030-07-14 20:00:00,0.2,473.8,218.7,504.8,0
2030-07-14 21:00:00,0.0,473.8,218.7,506.5,0
2030-07-14 22:00:00,0.0,473.8,218.7,506.5,0
2030-07-14 23:00:00,0.0,473.8,218.7,506.5,0
2030-07-15 00:00:00,0.0,473.8,218.7,506.5,0
2030-07-15 01:00:00,0.0,473.8,218.7,441.5,0
2030-07-15 02:00:00,0.0,473.8,218.7,330.5,0
2030-07-15 03:00:00,0.0,473.8,218.7,266.7,0
2030-07-15 04:00:00,0.0,473.8,218.7,266.7,0
2030-07-15 05:00:00,0.0,473.8,218.7,266.7,0
2030-07-15 06:00:00,0.0,473.8,218.7,236.8,0
2030-07-15 07:00:00,0.0,473.8,218.7,175.7,0
2030-07-15 08:00:00,1.4,473.8,218.7,117.3,0
2030-07-15 09:00:00,7.2,473.8,218.7,25.6,0
2030-07-15 10:00:00,14.0,473.8,218.7,0.0,0
2030-07-15 11:00:00,19.8,473.8,210.6,0.0,0
2030-07-15 12:00:00,24.1,473.8,141.3,0.0,0
2030-07-15 13:00:00,26.3,473.8,88.8,0.0,0
2030-07-15 14:00:00,26.5,473.8,32.6,0.0,0
2030-07-15 15:00:00,25.0,473.8,24.8,0.0,0
2030-07-15 16:00:00,22.2,473.8,82.6,0.0,0
2030-07-15 17:00:00,16.4,473.8,195.1,0.0,0
2030-07-15 18:00:00,10.6,473.8,218.7,0.0,0
2030-07-15 19:00:00,3.8,473.8,218.7,103.3,0
2030-07-15 20:00:00,0.1,473.8,218.7,273.8,0
2030-07-15 21:00:00,0.0,473.8,218.7,293.5,0
2030-07-15 22:00:00,0.0,473.8,218.7,365.8,0
2030-07-15 23:00:00,0.0,473.8,218.7,391.7,0
2030-07-16 00:00:00,0.0,473.8,218.7,303.4,0
2030-07-16 01:00:00,0.0,473.8,218.7,303.4,0
2030-07-16 02:00:00,0.0,473.8,218.7,303.4,0
2030-07-16 03:00:00,0.0,473.8,218.7,265.8,0
2030-07-16 04:00:00,0.0,473.8,218.7,201.9,0
2030-07-16 05:00:00,0.0,473.8,218.7,184.1,0
2030-07-16 06:00:00,0.0,473.8,218.7,167.5,0
2030-07-16 07:00:00,0.0,473.8,218.7,125.7,0
2030-07-16 08:00:00,1.3,473.8,218.7,63.9,0
2030-07-16 09:00:00,6.1,473.8,218.7,0.0,0
2030-07-16 10:00:00,11.7,473.8,218.7,0.0,0
2030-07-16 11:00:00,17.4,473.8,129.4,0.0,0
2030-07-16 12:00:00,20.8,473.8,61.5,0.0,0
2030-07-16 13:00:00,22.1,473.8,82.5,0.0,0
2030-07-16 14:00:00,20.6,473.8,114.5,0.0,0
2030-07-16 15:00:00,22.9,473.8,125.8,0.0,0
2030-07-16 16:00:00,20.2,473.8,212.0,0.0,0
2030-07-16 17:00:00,15.2,473.8,218.7,0.0,0
2030-07-16 18:00:00,8.8,473.8,218.7,0.0,0
2030-07-16 19:00:00,3.5,473.8,218.7,134.2,0
2030-07-16 20:00:00,0.2,473.8,218.7,299.6,0
2030-07-16 21:00:00,0.0,473.8,218.7,342.4,0
2030-07-16 22:00:00,0.0,473.8,218.7,393.9,0
2030-07-16 23:00:00,0.0,473.8,218.7,393.9,0
2030-07-17 00:00:00,0.0,473.8,218.7,393.9,0
2030-07-17 01:00:00,0.0,473.8,218.7,393.9,0
2030-07-17 02:00:00,0.0,473.8,218.7,393.9,0
2030-07-17 03:00:00,0.0,473.8,218.7,381.4,0
2030-07-17 04:00:00,0.0,473.8,218.7,360.1,0
2030-07-17 05:00:00,0.0,473.8,218.7,345.0,0
2030-07-17 06:00:00,0.0,473.8,218.7,338.9,0
2030-07-17 07:00:00,0.0,473.8,218.7,299.7,0
2030-07-17 08:00:00,1.3,473.8,218.7,299.7,0
2030-07-17 09:00:00,7.3,473.8,218.7,284.0,0
2030-07-17 10:00:00,14.1,473.8,218.7,212.5,0
2030-07-17 11:00:00,19.5,473.8,218.7,118.2,0
2030-07-17 12:00:00,22.4,473.8,218.7,91.2,0
2030-07-17 13:00:00,24.4,473.8,218.7,110.1,0
2030-07-17 14:00:00,23.8,473.8,218.7,100.3,0
2030-07-17 15:00:00,23.4,473.8,218.7,126.8,0
2030-07-17 16:00:00,20.1,473.8,218.7,131.2,0
2030-07-17 17:00:00,14.6,473.8,218.7,161.1,0
2030-07-17 18:00:00,7.0,473.8,218.7,239.6,0
2030-07-17 19:00:00,3.6,473.8,218.7,324.8,0
2030-07-17 20:00:00,0.1,473.8,218.7,457.7,0
2030-07-17 21:00:00,0.0,473.8,218.7,457.7,0
2030-07-17 22:00:00,0.0,473.8,218.7,457.7,0
2030-07-17 23:00:00,0.0,473.8,218.7,457.7,0
2030-07-18 00:00:00,0.0,473.8,218.7,457.7,0
2030-07-18 01:00:00,0.0,473.8,218.7,457.7,0
2030-07-18 02:00:00,0.0,473.8,218.7,428.7,0
2030-07-18 03:00:00,0.0,473.8,218.7,384.1,0
2030-07-18 04:00:00,0.0,473.8,218.7,364.1,0
2030-07-18 05:00:00,0.0,473.8,218.7,354.1,0
2030-07-18 06:00:00,0.0,473.8,218.7,354.1,0
2030-07-18 07:00:00,0.0,473.8,218.7,317.9,0
2030-07-18 08:00:00,1.1,473.8,218.7,317.9,0
2030-07-18 09:00:00,5.5,473.8,218.7,298.2,0
2030-07-18 10:00:00,8.8,473.8,218.7,284.3,0
2030-07-18 11:00:00,13.2,473.8,218.7,211.8,0
2030-07-18 12:00:00,13.4,473.8,218.7,200.6,0
2030-07-18 13:00:00,18.1,473.8,218.7,139.3,0
2030-07-18 14:00:00,16.4,473.8,218.7,120.5,0
2030-07-18 15:00:00,16.3,473.8,218.7,109.4,0
2030-07-18 16:00:00,16.7,473.8,218.7,103.0,0
2030-07-18 17:00:00,13.5,473.8,218.7,125.2,0
2030-07-18 18:00:00,8.4,473.8,218.7,182.6,0
2030-07-18 19:00:00,2.9,473.8,218.7,286.8,0
2030-07-18 20:00:00,0.2,473.8,218.7,396.4,0
2030-07-18 21:00:00,0.0,473.8,218.7,396.4,0
2030-07-18 22:00:00,0.0,473.8,218.7,396.4,0
2030-07-18 23:00:00,0.0,473.8,218.7,396.4,0
2030-07-19 00:00:00,0.0,473.8,218.7,396.4,0
2030-07-19 01:00:00,0.0,473.8,218.7,396.4,0
2030-07-19 02:00:00,0.0,473.8,218.7,367.0,0
2030-07-19 03:00:00,0.0,473.8,218.7,341.1,0
2030-07-19 04:00:00,0.0,473.8,218.7,227.2,0
2030-07-19 05:00:00,0.0,473.8,218.7,227.2,0
2030-07-19 06:00:00,0.0,473.8,218.7,227.2,0
2030-07-19 07:00:00,0.0,473.8,218.7,181.1,0
2030-07-19 08:00:00,1.2,473.8,218.7,181.1,0
2030-07-19 09:00:00,5.1,473.8,218.7,169.6,0
2030-07-19 10:00:00,11.2,473.8,218.7,94.1,0
2030-07-19 11:00:00,16.9,473.8,218.7,59.3,0
2030-07-19 12:00:00,19.3,473.8,218.7,12.6,0
2030-07-19 13:00:00,22.8,473.8,218.7,0.0,0
2030-07-19 14:00:00,21.3,473.8,218.7,0.0,0
2030-07-19 15:00:00,20.7,473.8,218.7,20.5,0
2030-07-19 16:00:00,20.7,473.8,218.7,23.8,0
2030-07-19 17:00:00,14.4,473.8,218.7,34.8,0
2030-07-19 18:00:00,8.8,473.8,218.7,15.8,0
2030-07-19 19:00:00,4.1,473.8,218.7,131.5,0
2030-07-19 20:00:00,0.2,473.8,218.7,232.4,0
2030-07-19 21:00:00,0.0,473.8,218.7,307.6,0
2030-07-19 22:00:00,0.0,473.8,218.7,307.6,0
2030-07-19 23:00:00,0.0,473.8,218.7,307.6,0
2030-07-20 00:00:00,0.0,473.8,218.7,307.6,0
2030-07-20 01:00:00,0.0,473.8,218.7,272.0,0
2030-07-20 02:00:00,0.0,473.8,218.7,272.0,0
2030-07-20 03:00:00,0.0,473.8,218.7,272.0,0
2030-07-20 04:00:00,0.0,473.8,218.7,272.0,0
2030-07-20 05:00:00,0.0,473.8,218.7,198.7,0
2030-07-20 06:00:00,0.0,473.8,218.7,198.7,0
2030-07-20 07:00:00,0.0,473.8,218.7,198.7,0
2030-07-20 08:00:00,1.3,473.8,218.7,198.7,0
2030-07-20 09:00:00,6.9,473.8,218.7,168.8,0
2030-07-20 10:00:00,13.9,473.8,218.7,75.3,0
2030-07-20 11:00:00,18.6,473.8,218.7,59.2,0
2030-07-20 12:00:00,22.4,473.8,218.7,50.4,0
2030-07-20 13:00:00,23.0,473.8,218.7,48.1,0
2030-07-20 14:00:00,25.0,473.8,218.7,43.0,0
2030-07-20 15:00:00,23.1,473.8,218.7,60.4,0
2030-07-20 16:00:00,18.4,473.8,218.7,101.7,0
2030-07-20 17:00:00,13.8,473.8,218.7,138.9,0
2030-07-20 18:00:00,8.4,473.8,218.7,182.9,0
2030-07-20 19:00:00,3.6,473.8,218.7,183.9,0
2030-07-20 20:00:00,0.1,473.8,218.7,319.6,0
2030-07-20 21:00:00,0.0,473.8,218.7,412.8,0
2030-07-20 22:00:00,0.0,473.8,218.7,412.8,0
2030-07-20 23:00:00,0.0,473.8,218.7,412.8,0
2030-07-21 00:00:00,0.0,473.8,218.7,398.4,0
2030-07-21 01:00:00,0.0,473.8,218.7,358.5,0
2030-07-21 02:00:00,0.0,473.8,218.7,329.7,0
2030-07-21 03:00:00,0.0,473.8,218.7,329.7,0
2030-07-21 04:00:00,0.0,473.8,218.7,300.3,0
2030-07-21 05:00:00,0.0,473.8,218.7,300.3,0
2030-07-21 06:00:00,0.0,473.8,218.7,300.3,0
2030-07-21 07:00:00,0.0,473.8,218.7,245.6,0
2030-07-21 08:00:00,1.2,473.8,218.7,219.4,0
2030-07-21 09:00:00,6.6,473.8,218.7,196.3,0
2030-07-21 10:00:00,12.0,473.8,218.7,127.8,0
2030-07-21 11:00:00,16.6,473.8,218.7,127.8,0
2030-07-21 12:00:00,20.0,473.8,218.7,120.3,0
2030-07-21 13:00:00,21.2,473.8,218.7,112.6,0
2030-07-21 14:00:00,21.2,473.8,218.7,79.3,0
2030-07-21 15:00:00,21.6,473.8,218.7,140.3,0
2030-07-21 16:00:00,19.0,473.8,218.7,140.3,0
2030-07-21 17:00:00,10.9,473.8,218.7,223.2,0
2030-07-21 18:00:00,3.8,473.8,218.7,243.6,0
2030-07-21 19:00:00,3.3,473.8,218.7,243.6,0
2030-07-21 20:00:00,0.1,473.8,218.7,353.9,0
2030-07-21 21:00:00,0.0,473.8,218.7,353.9,0
2030-07-21 22:00:00,0.0,473.8,218.7,369.3,0
2030-07-21 23:00:00,0.0,473.8,218.7,406.4,0
2030-07-22 00:00:00,0.0,473.8,218.7,375.8,0
2030-07-22 01:00:00,0.0,473.8,218.7,349.4,0
2030-07-22 02:00:00,0.0,473.8,218.7,302.7,0
2030-07-22 03:00:00,0.0,473.8,218.7,249.1,0
2030-07-22 04:00:00,0.0,473.8,218.7,224.2,0
2030-07-22 05:00:00,0.0,473.8,218.7,218.5,0
2030-07-22 06:00:00,0.0,473.8,218.7,202.9,0
2030-07-22 07:00:00,0.0,473.8,218.7,155.3,0
2030-07-22 08:00:00,1.1,473.8,218.7,117.3,0
2030-07-22 09:00:00,6.1,473.8,218.7,69.7,0
2030-07-22 10:00:00,11.1,473.8,218.7,22.2,0
2030-07-22 11:00:00,17.2,473.8,218.7,0.0,0
2030-07-22 12:00:00,22.7,473.8,218.7,0.0,0
2030-07-22 13:00:00,23.4,473.8,218.7,0.0,0
2030-07-22 14:00:00,24.7,473.8,213.4,0.0,0
2030-07-22 15:00:00,22.0,473.8,202.3,0.0,0
2030-07-22 16:00:00,17.2,473.8,218.7,0.0,0
2030-07-22 17:00:00,11.5,473.8,218.7,0.0,0
2030-07-22 18:00:00,8.1,473.8,218.7,39.4,0
2030-07-22 19:00:00,2.6,473.8,218.7,158.9,0
2030-07-22 20:00:00,0.1,473.8,218.7,277.8,0
2030-07-22 21:00:00,0.0,473.8,218.7,292.1,0
2030-07-22 22:00:00,0.0,473.8,218.7,313.1,0
2030-07-22 23:00:00,0.0,473.8,218.7,339.6,0
2030-07-23 00:00:00,0.0,473.8,218.7,333.8,0
2030-07-23 01:00:00,0.0,473.8,218.7,319.3,0
2030-07-23 02:00:00,0.0,473.8,218.7,273.0,0
2030-07-23 03:00:00,0.0,473.8,218.7,236.6,0
2030-07-23 04:00:00,0.0,473.8,218.7,186.6,0
2030-07-23 05:00:00,0.0,473.8,218.7,177.0,0
2030-07-23 06:00:00,0.0,473.8,218.7,163.0,0
2030-07-23 07:00:00,0.0,473.8,218.7,125.9,0
2030-07-23 08:00:00,0.9,473.8,218.7,60.0,0
2030-07-23 09:00:00,5.1,473.8,218.7,0.0,0
2030-07-23 10:00:00,10.9,473.8,218.7,0.0,0
2030-07-23 11:00:00,17.8,473.8,116.0,0.0,0
2030-07-23 12:00:00,22.3,473.8,46.6,0.0,0
2030-07-23 13:00:00,24.2,473.8,80.3,0.0,0
2030-07-23 14:00:00,24.8,473.8,82.3,0.0,0
2030-07-23 15:00:00,24.4,473.8,102.1,0.0,0
2030-07-23 16:00:00,20.2,473.8,189.9,0.0,0
2030-07-23 17:00:00,15.3,473.8,218.7,0.0,0
2030-07-23 18:00:00,8.1,473.8,218.7,0.0,0
2030-07-23 19:00:00,3.4,473.8,218.7,93.0,0
2030-07-23 20:00:00,0.1,473.8,218.7,228.6,0
2030-07-23 21:00:00,0.0,473.8,218.7,254.6,0
2030-07-23 22:00:00,0.0,473.8,218.7,301.1,0
2030-07-23 23:00:00,0.0,473.8,218.7,327.9,0
2030-07-24 00:00:00,0.0,473.8,218.7,395.5,0
2030-07-24 01:00:00,0.0,473.8,218.7,354.5,0
2030-07-24 02:00:00,0.0,473.8,218.7,309.5,0
2030-07-24 03:00:00,0.0,473.8,218.7,281.0,0
2030-07-24 04:00:00,0.0,473.8,218.7,254.7,0
2030-07-24 05:00:00,0.0,473.8,218.7,231.2,0
2030-07-24 06:00:00,0.0,473.8,218.7,226.8,0
2030-07-24 07:00:00,0.0,473.8,218.7,195.6,0
2030-07-24 08:00:00,1.1,473.8,218.7,218.8,0
2030-07-24 09:00:00,5.5,473.8,218.7,194.9,0
2030-07-24 10:00:00,12.6,473.8,218.7,149.3,0
2030-07-24 11:00:00,16.3,473.8,218.7,71.4,0
2030-07-24 12:00:00,22.1,473.8,218.7,62.6,0
2030-07-24 13:00:00,23.8,473.8,218.7,61.3,0
2030-07-24 14:00:00,22.9,473.8,218.7,57.8,0
2030-07-24 15:00:00,23.0,473.8,218.7,76.6,0
2030-07-24 16:00:00,19.8,473.8,218.7,71.8,0
2030-07-24 17:00:00,16.7,473.8,218.7,57.8,0
2030-07-24 18:00:00,10.5,473.8,218.7,68.1,0
2030-07-24 19:00:00,4.0,473.8,218.7,154.5,0
2030-07-24 20:00:00,0.2,473.8,218.7,300.5,0
2030-07-24 21:00:00,0.0,473.8,218.7,308.6,0
2030-07-24 22:00:00,0.0,473.8,218.7,365.8,0
2030-07-24 23:00:00,0.0,473.8,218.7,404.9,0
2030-07-25 00:00:00,0.0,473.8,218.7,389.1,0
2030-07-25 01:00:00,0.0,473.8,218.7,343.2,0
2030-07-25 02:00:00,0.0,473.8,218.7,292.1,0
2030-07-25 03:00:00,0.0,473.8,218.7,257.4,0
2030-07-25 04:00:00,0.0,473.8,218.7,233.3,0
2030-07-25 05:00:00,0.0,473.8,218.7,215.7,0
2030-07-25 06:00:00,0.0,473.8,218.7,211.9,0
2030-07-25 07:00:00,0.0,473.8,218.7,181.9,0
2030-07-25 08:00:00,1.1,473.8,218.7,200.9,0
2030-07-25 09:00:00,6.7,473.8,218.7,168.5,0
2030-07-25 10:00:00,13.3,473.8,218.7,127.4,0
2030-07-25 11:00:00,19.1,473.8,218.7,69.4,0
2030-07-25 12:00:00,22.4,473.8,218.7,57.1,0
2030-07-25 13:00:00,25.3,473.8,218.7,55.5,0
2030-07-25 14:00:00,25.9,473.8,218.7,51.3,0
2030-07-25 15:00:00,23.3,473.8,218.7,66.8,0
2030-07-25 16:00:00,20.6,473.8,218.7,61.3,0
2030-07-25 17:00:00,15.2,473.8,218.7,44.7,0
2030-07-25 18:00:00,9.6,473.8,218.7,69.1,0
2030-07-25 19:00:00,3.2,473.8,218.7,172.5,0
2030-07-25 20:00:00,0.1,473.8,218.7,313.7,0
2030-07-25 21:00:00,0.0,473.8,218.7,323.2,0
2030-07-25 22:00:00,0.0,473.8,218.7,374.5,0
2030-07-25 23:00:00,0.0,473.8,218.7,414.8,0
2030-07-26 00:00:00,0.0,473.8,218.7,395.2,0
2030-07-26 01:00:00,0.0,473.8,218.7,346.9,0
2030-07-26 02:00:00,0.0,473.8,218.7,303.8,0
2030-07-26 03:00:00,0.0,473.8,218.7,281.9,0
2030-07-26 04:00:00,0.0,473.8,218.7,260.5,0
2030-07-26 05:00:00,0.0,473.8,218.7,240.5,0
2030-07-26 06:00:00,0.0,473.8,218.7,230.2,0
2030-07-26 07:00:00,0.0,473.8,218.7,202.7,0
2030-07-26 08:00:00,0.6,473.8,218.7,235.3,0
2030-07-26 09:00:00,4.2,473.8,218.7,239.7,0
2030-07-26 10:00:00,8.0,473.8,218.7,212.8,0
2030-07-26 11:00:00,10.9,473.8,218.7,147.5,0
2030-07-26 12:00:00,14.4,473.8,218.7,97.5,0
2030-07-26 13:00:00,15.8,473.8,218.7,61.1,0
2030-07-26 14:00:00,17.7,473.8,218.7,53.3,0
2030-07-26 15:00:00,18.9,473.8,218.7,71.5,0
2030-07-26 16:00:00,16.6,473.8,218.7,92.4,0
2030-07-26 17:00:00,12.0,473.8,218.7,110.3,0
2030-07-26 18:00:00,5.3,473.8,218.7,133.4,0
2030-07-26 19:00:00,2.3,473.8,218.7,183.3,0
2030-07-26 20:00:00,0.1,473.8,218.7,295.5,0
2030-07-26 21:00:00,0.0,473.8,218.7,294.6,0
2030-07-26 22:00:00,0.0,473.8,218.7,341.2,0
2030-07-26 23:00:00,0.0,473.8,218.7,385.9,0
2030-07-27 00:00:00,0.0,473.8,218.7,372.1,0
2030-07-27 01:00:00,0.0,473.8,218.7,329.3,0
2030-07-27 02:00:00,0.0,473.8,218.7,275.4,0
2030-07-27 03:00:00,0.0,473.8,218.7,243.0,0
2030-07-27 04:00:00,0.0,473.8,218.7,220.9,0
2030-07-27 05:00:00,0.0,473.8,218.7,194.7,0
2030-07-27 06:00:00,0.0,473.8,218.7,157.3,0
2030-07-27 07:00:00,0.0,473.8,218.7,97.4,0
2030-07-27 08:00:00,0.4,473.8,218.7,97.0,0
2030-07-27 09:00:00,3.0,473.8,218.7,110.3,0
2030-07-27 10:00:00,7.3,473.8,218.7,161.5,0
2030-07-27 11:00:00,10.0,473.8,218.7,121.6,0
2030-07-27 12:00:00,9.5,473.8,218.7,128.6,0
2030-07-27 13:00:00,6.5,473.8,218.7,133.3,0
2030-07-27 14:00:00,7.7,473.8,218.7,52.0,0
2030-07-27 15:00:00,8.5,473.8,218.7,69.4,0
2030-07-27 16:00:00,8.1,473.8,218.7,64.3,0
2030-07-27 17:00:00,5.2,473.8,218.7,47.1,0
2030-07-27 18:00:00,5.6,473.8,218.7,22.2,0
2030-07-27 19:00:00,2.7,473.8,218.7,93.0,0
2030-07-27 20:00:00,0.1,473.8,218.7,238.9,0
2030-07-27 21:00:00,0.0,473.8,218.7,266.5,0
2030-07-27 22:00:00,0.0,473.8,218.7,340.2,0
2030-07-27 23:00:00,0.0,473.8,218.7,369.4,0
2030-07-28 00:00:00,0.0,473.8,218.7,347.5,0
2030-07-28 01:00:00,0.0,473.8,218.7,303.1,0
2030-07-28 02:00:00,0.0,473.8,218.7,253.9,0
2030-07-28 03:00:00,0.0,473.8,218.7,215.8,0
2030-07-28 04:00:00,0.0,473.8,218.7,188.8,0
2030-07-28 05:00:00,0.0,473.8,218.7,177.3,0
2030-07-28 06:00:00,0.0,473.8,218.7,175.1,0
2030-07-28 07:00:00,0.0,473.8,218.7,149.0,0
2030-07-28 08:00:00,1.1,473.8,218.7,176.0,0
2030-07-28 09:00:00,6.2,473.8,218.7,156.8,0
2030-07-28 10:00:00,11.0,473.8,218.7,112.1,0
2030-07-28 11:00:00,18.1,473.8,218.7,65.1,0
2030-07-28 12:00:00,20.5,473.8,218.7,58.1,0
2030-07-28 13:00:00,22.2,473.8,218.7,56.2,0
2030-07-28 14:00:00,23.1,473.8,218.7,51.0,0
2030-07-28 15:00:00,21.1,473.8,218.7,71.5,0
2030-07-28 16:00:00,19.7,473.8,218.7,66.3,0
2030-07-28 17:00:00,12.6,473.8,218.7,49.3,0
2030-07-28 18:00:00,8.1,473.8,218.7,58.2,0
2030-07-28 19:00:00,3.0,473.8,218.7,120.4,0
2030-07-28 20:00:00,0.1,473.8,218.7,247.3,0
2030-07-28 21:00:00,0.0,473.8,218.7,234.5,0
2030-07-28 22:00:00,0.0,473.8,218.7,258.3,0
2030-07-28 23:00:00,0.0,473.8,218.7,278.0,0
2030-07-29 00:00:00,0.0,473.8,218.7,226.4,0
2030-07-29 01:00:00,0.0,473.8,218.7,169.4,0
2030-07-29 02:00:00,0.0,473.8,218.7,115.9,0
2030-07-29 03:00:00,0.0,473.8,218.7,73.8,0
2030-07-29 04:00:00,0.0,473.8,218.7,86.0,0
2030-07-29 05:00:00,0.0,473.8,218.7,121.3,0
2030-07-29 06:00:00,0.0,473.8,218.7,145.6,0
2030-07-29 07:00:00,0.0,473.8,218.7,119.6,0
2030-07-29 08:00:00,1.1,473.8,218.7,87.5,0
2030-07-29 09:00:00,5.9,473.8,218.7,34.8,0
2030-07-29 10:00:00,12.0,473.8,218.7,0.0,0
2030-07-29 11:00:00,18.7,473.8,218.7,0.0,0
2030-07-29 12:00:00,21.4,473.8,218.7,0.0,0
2030-07-29 13:00:00,24.1,473.8,204.7,0.0,0
2030-07-29 14:00:00,23.2,473.8,156.7,0.0,0
2030-07-29 15:00:00,22.5,473.8,199.3,0.0,0
2030-07-29 16:00:00,17.8,473.8,218.7,0.0,0
2030-07-29 17:00:00,15.8,473.8,218.7,0.0,0
2030-07-29 18:00:00,10.1,473.8,218.7,5.2,0
2030-07-29 19:00:00,3.8,473.8,218.7,123.5,0
2030-07-29 20:00:00,0.1,473.8,218.7,248.6,0
2030-07-29 21:00:00,0.0,473.8,218.7,255.7,0
2030-07-29 22:00:00,0.0,473.8,218.7,293.9,0
2030-07-29 23:00:00,0.0,473.8,218.7,326.6,0
2030-07-30 00:00:00,0.0,473.8,218.7,330.9,0
2030-07-30 01:00:00,0.0,473.8,218.7,323.1,0
2030-07-30 02:00:00,0.0,473.8,218.7,274.1,0
2030-07-30 03:00:00,0.0,473.8,218.7,241.8,0
2030-07-30 04:00:00,0.0,473.8,218.7,192.8,0
2030-07-30 05:00:00,0.0,473.8,218.7,185.2,0
2030-07-30 06:00:00,0.0,473.8,218.7,164.1,0
2030-07-30 07:00:00,0.0,473.8,218.7,116.7,0
2030-07-30 08:00:00,0.9,473.8,218.7,55.4,0
2030-07-30 09:00:00,4.8,473.8,218.7,17.8,0
2030-07-30 10:00:00,9.0,473.8,218.7,0.0,0
2030-07-30 11:00:00,14.5,473.8,133.3,0.0,0
2030-07-30 12:00:00,17.8,473.8,76.2,0.0,0
2030-07-30 13:00:00,21.8,473.8,86.9,0.0,0
2030-07-30 14:00:00,23.7,473.8,89.2,0.0,0
2030-07-30 15:00:00,24.2,473.8,76.7,0.0,0
2030-07-30 16:00:00,19.6,473.8,189.0,0.0,0
2030-07-30 17:00:00,15.2,473.8,218.7,0.0,0
2030-07-30 18:00:00,8.8,473.8,218.7,0.0,0
2030-07-30 19:00:00,2.1,473.8,218.7,105.5,0
2030-07-30 20:00:00,0.1,473.8,218.7,207.7,0
2030-07-30 21:00:00,0.0,473.8,218.7,217.8,0
2030-07-30 22:00:00,0.0,473.8,218.7,235.0,0
2030-07-30 23:00:00,0.0,473.8,218.7,253.7,0
2030-07-31 00:00:00,0.0,473.8,218.7,324.7,0
2030-07-31 01:00:00,0.0,473.8,218.7,292.2,0
2030-07-31 02:00:00,0.0,473.8,218.7,242.2,0
2030-07-31 03:00:00,0.0,473.8,218.7,206.9,0
2030-07-31 04:00:00,0.0,473.8,218.7,181.2,0
2030-07-31 05:00:00,0.0,473.8,218.7,174.9,0
2030-07-31 06:00:00,0.0,473.8,218.7,175.9,0
2030-07-31 07:00:00,0.0,473.8,218.7,146.6,0
2030-07-31 08:00:00,1.0,473.8,218.7,173.0,0
2030-07-31 09:00:00,5.8,473.8,218.7,105.3,0
2030-07-31 10:00:00,11.8,473.8,218.7,85.6,0
2030-07-31 11:00:00,14.8,473.8,218.7,70.1,0
2030-07-31 12:00:00,20.5,473.8,218.7,58.6,0
2030-07-31 13:00:00,23.8,473.8,218.7,56.3,0
2030-07-31 14:00:00,24.4,473.8,218.7,50.6,0
2030-07-31 15:00:00,22.2,473.8,218.7,69.3,0
2030-07-31 16:00:00,18.1,473.8,218.7,66.9,0
2030-07-31 17:00:00,15.6,473.8,218.7,49.2,0
2030-07-31 18:00:00,8.1,473.8,218.7,93.4,0
2030-07-31 19:00:00,2.1,473.8,218.7,161.7,0
2030-07-31 20:00:00,0.1,473.8,218.7,254.8,0
2030-07-31 21:00:00,0.0,473.8,218.7,245.0,0
2030-07-31 22:00:00,0.0,473.8,218.7,309.9,0
2030-07-31 23:00:00,0.0,473.8,218.7,364.3,0
2030-08-01 00:00:00,0.0,473.8,218.7,259.6,0
2030-08-01 01:00:00,0.0,473.8,218.7,196.4,0
2030-08-01 02:00:00,0.0,473.8,218.7,150.3,0
2030-08-01 03:00:00,0.0,473.8,218.7,122.3,0
2030-08-01 04:00:00,0.0,473.8,218.7,92.8,0
2030-08-01 05:00:00,0.0,473.8,218.7,65.2,0
2030-08-01 06:00:00,0.0,473.8,218.7,60.2,0
2030-08-01 07:00:00,0.0,473.8,218.7,33.2,0
2030-08-01 08:00:00,0.3,473.8,218.7,44.8,0
2030-08-01 09:00:00,1.8,473.8,218.7,51.5,0
2030-08-01 10:00:00,5.0,473.8,218.7,33.5,0
2030-08-01 11:00:00,7.9,473.8,218.7,43.8,0
2030-08-01 12:00:00,9.1,473.8,218.7,43.4,0
2030-08-01 13:00:00,10.1,473.8,218.7,43.1,0
2030-08-01 14:00:00,10.7,473.8,218.7,0.0,0
2030-08-01 15:00:00,11.2,473.8,218.7,0.0,0
2030-08-01 16:00:00,9.3,473.8,218.7,36.8,0
2030-08-01 17:00:00,4.9,473.8,218.7,76.7,0
2030-08-01 18:00:00,3.0,473.8,218.7,58.3,0
2030-08-01 19:00:00,1.5,473.8,218.7,117.6,0
2030-08-01 20:00:00,0.0,473.8,218.7,207.9,0
2030-08-01 21:00:00,0.0,473.8,218.7,226.2,0
2030-08-01 22:00:00,0.0,473.8,218.7,266.9,0
2030-08-01 23:00:00,0.0,473.8,218.7,294.8,0
2030-08-02 00:00:00,0.0,473.8,218.7,284.7,0
2030-08-02 01:00:00,0.0,473.8,218.7,246.4,0
2030-08-02 02:00:00,0.0,473.8,218.7,193.3,0
2030-08-02 03:00:00,0.0,473.8,218.7,150.8,0
2030-08-02 04:00:00,0.0,473.8,218.7,120.9,0
2030-08-02 05:00:00,0.0,473.8,218.7,99.9,0
2030-08-02 06:00:00,0.0,473.8,218.7,94.7,0
2030-08-02 07:00:00,0.0,473.8,218.7,64.9,0
2030-08-02 08:00:00,1.0,473.8,218.7,67.9,0
2030-08-02 09:00:00,6.1,473.8,218.7,25.5,0
2030-08-02 10:00:00,12.3,473.8,218.7,4.1,0
2030-08-02 11:00:00,17.6,473.8,218.7,2.2,0
2030-08-02 12:00:00,21.2,473.8,218.7,0.0,0
2030-08-02 13:00:00,23.0,473.8,218.7,1.4,0
2030-08-02 14:00:00,24.0,473.8,215.9,0.0,0
2030-08-02 15:00:00,21.9,473.8,218.7,7.3,0
2030-08-02 16:00:00,17.8,473.8,218.7,13.8,0
2030-08-02 17:00:00,15.1,473.8,218.7,5.1,0
2030-08-02 18:00:00,9.3,473.8,218.7,0.0,0
2030-08-02 19:00:00,3.4,473.8,218.7,130.4,0
2030-08-02 20:00:00,0.1,473.8,218.7,251.6,0
2030-08-02 21:00:00,0.0,473.8,218.7,254.3,0
2030-08-02 22:00:00,0.0,473.8,218.7,303.8,0
2030-08-02 23:00:00,0.0,473.8,218.7,308.1,0
2030-08-03 00:00:00,0.0,473.8,218.7,278.0,0
2030-08-03 01:00:00,0.0,473.8,218.7,231.5,0
2030-08-03 02:00:00,0.0,473.8,218.7,172.5,0
2030-08-03 03:00:00,0.0,473.8,218.7,111.5,0
2030-08-03 04:00:00,0.0,473.8,218.7,65.3,0
2030-08-03 05:00:00,0.0,473.8,218.7,74.7,0
2030-08-03 06:00:00,0.0,473.8,218.7,90.1,0
2030-08-03 07:00:00,0.0,473.8,218.7,42.8,0
2030-08-03 08:00:00,0.5,473.8,218.7,22.0,0
2030-08-03 09:00:00,4.2,473.8,218.7,0.0,0
2030-08-03 10:00:00,9.5,473.8,218.7,9.6,0
2030-08-03 11:00:00,15.4,473.8,218.7,6.7,0
2030-08-03 12:00:00,16.4,473.8,218.7,0.2,0
2030-08-03 13:00:00,22.3,473.8,218.7,7.1,0
2030-08-03 14:00:00,25.3,473.8,218.7,1.5,0
2030-08-03 15:00:00,21.8,473.8,218.7,9.7,0
2030-08-03 16:00:00,15.7,473.8,218.7,14.8,0
2030-08-03 17:00:00,11.1,473.8,218.7,36.8,0
2030-08-03 18:00:00,7.2,473.8,218.7,68.6,0
2030-08-03 19:00:00,2.9,473.8,218.7,169.3,0
2030-08-03 20:00:00,0.0,473.8,218.7,276.0,0
2030-08-03 21:00:00,0.0,473.8,218.7,271.6,0
2030-08-03 22:00:00,0.0,473.8,218.7,325.4,0
2030-08-03 23:00:00,0.0,473.8,218.7,335.7,0
2030-08-04 00:00:00,0.0,473.8,218.7,309.4,0
2030-08-04 01:00:00,0.0,473.8,218.7,259.0,0
2030-08-04 02:00:00,0.0,473.8,218.7,198.8,0
2030-08-04 03:00:00,0.0,473.8,218.7,144.2,0
2030-08-04 04:00:00,0.0,473.8,218.7,97.3,0
2030-08-04 05:00:00,0.0,473.8,218.7,58.1,0
2030-08-04 06:00:00,0.0,473.8,218.7,34.7,0
2030-08-04 07:00:00,0.0,473.8,218.7,0.0,0
2030-08-04 08:00:00,1.1,473.8,218.7,0.0,0
2030-08-04 09:00:00,6.8,473.8,218.7,0.0,0
2030-08-04 10:00:00,13.7,473.8,218.7,6.3,0
2030-08-04 11:00:00,19.2,473.8,201.3,0.0,0
2030-08-04 12:00:00,24.1,473.8,145.8,0.0,0
2030-08-04 13:00:00,24.1,473.8,161.1,0.0,0
2030-08-04 14:00:00,24.2,473.8,164.9,0.0,0
2030-08-04 15:00:00,23.6,473.8,218.7,0.0,0
2030-08-04 16:00:00,18.8,473.8,218.7,11.5,0
2030-08-04 17:00:00,14.8,473.8,218.7,8.4,0
2030-08-04 18:00:00,9.2,473.8,218.7,15.1,0
2030-08-04 19:00:00,3.6,473.8,218.7,107.6,0
2030-08-04 20:00:00,0.0,473.8,218.7,227.6,0
2030-08-04 21:00:00,0.0,473.8,218.7,234.5,0
2030-08-04 22:00:00,0.0,473.8,218.7,296.1,0
2030-08-04 23:00:00,0.0,473.8,218.7,335.0,0
2030-08-05 00:00:00,0.0,473.8,218.7,343.8,0
2030-08-05 01:00:00,0.0,473.8,218.7,304.8,0
2030-08-05 02:00:00,0.0,473.8,218.7,253.0,0
2030-08-05 03:00:00,0.0,473.8,218.7,206.5,0
2030-08-05 04:00:00,0.0,473.8,218.7,175.2,0
2030-08-05 05:00:00,0.0,473.8,218.7,159.5,0
2030-08-05 06:00:00,0.0,473.8,218.7,134.2,0
2030-08-05 07:00:00,0.0,473.8,218.7,100.3,0
2030-08-05 08:00:00,1.0,473.8,218.7,133.7,0
2030-08-05 09:00:00,5.0,473.8,218.7,135.8,0
2030-08-05 10:00:00,9.2,473.8,218.7,98.3,0
2030-08-05 11:00:00,12.0,473.8,218.7,67.3,0
2030-08-05 12:00:00,16.4,473.8,218.7,56.5,0
2030-08-05 13:00:00,19.0,473.8,218.7,47.1,0
2030-08-05 14:00:00,18.7,473.8,218.7,25.3,0
2030-08-05 15:00:00,17.0,473.8,218.7,46.7,0
2030-08-05 16:00:00,18.3,473.8,218.7,55.3,0
2030-08-05 17:00:00,11.1,473.8,218.7,97.1,0
2030-08-05 18:00:00,7.3,473.8,218.7,100.3,0
2030-08-05 19:00:00,2.9,473.8,218.7,175.6,0
2030-08-05 20:00:00,0.0,473.8,218.7,255.7,0
2030-08-05 21:00:00,0.0,473.8,218.7,260.4,0
2030-08-05 22:00:00,0.0,473.8,218.7,317.6,0
2030-08-05 23:00:00,0.0,473.8,218.7,350.9,0
2030-08-06 00:00:00,0.0,473.8,218.7,340.7,0
2030-08-06 01:00:00,0.0,473.8,218.7,278.2,0
2030-08-06 02:00:00,0.0,473.8,218.7,187.0,0
2030-08-06 03:00:00,0.0,473.8,218.7,112.1,0
2030-08-06 04:00:00,0.0,473.8,218.7,81.0,0
2030-08-06 05:00:00,0.0,473.8,218.7,52.7,0
2030-08-06 06:00:00,0.0,473.8,218.7,29.3,0
2030-08-06 07:00:00,0.0,473.8,218.7,0.0,0
2030-08-06 08:00:00,1.1,473.8,218.7,0.0,0
2030-08-06 09:00:00,7.2,473.8,218.7,0.0,0
2030-08-06 10:00:00,14.0,473.8,143.2,0.0,0
2030-08-06 11:00:00,19.4,473.8,118.1,0.0,0
2030-08-06 12:00:00,24.1,473.8,94.3,0.0,0
2030-08-06 13:00:00,25.4,473.8,56.8,0.0,0
2030-08-06 14:00:00,26.5,473.8,74.6,0.0,0
2030-08-06 15:00:00,25.7,473.8,87.3,0.0,0
2030-08-06 16:00:00,21.1,473.8,151.7,0.0,0
2030-08-06 17:00:00,17.4,473.8,208.8,0.0,0
2030-08-06 18:00:00,10.6,473.8,218.7,0.0,0
2030-08-06 19:00:00,3.7,473.8,218.7,77.0,0
2030-08-06 20:00:00,0.0,473.8,218.7,232.4,0
2030-08-06 21:00:00,0.0,473.8,218.7,253.4,0
2030-08-06 22:00:00,0.0,473.8,218.7,295.5,0
2030-08-06 23:00:00,0.0,473.8,218.7,325.1,0
2030-08-07 00:00:00,0.0,473.8,218.7,285.5,0
2030-08-07 01:00:00,0.0,473.8,218.7,233.7,0
2030-08-07 02:00:00,0.0,473.8,218.7,173.1,0
2030-08-07 03:00:00,0.0,473.8,218.7,131.5,0
2030-08-07 04:00:00,0.0,473.8,218.7,96.2,0
2030-08-07 05:00:00,0.0,473.8,218.7,75.4,0
2030-08-07 06:00:00,0.0,473.8,218.7,76.9,0
2030-08-07 07:00:00,0.0,473.8,218.7,52.1,0
2030-08-07 08:00:00,1.3,473.8,218.7,60.8,0
2030-08-07 09:00:00,7.3,473.8,218.7,9.7,0
2030-08-07 10:00:00,13.9,473.8,218.7,6.1,0
2030-08-07 11:00:00,19.6,473.8,218.7,3.3,0
2030-08-07 12:00:00,24.7,473.8,218.7,0.0,0
2030-08-07 13:00:00,25.4,473.8,218.7,0.0,0
2030-08-07 14:00:00,25.7,473.8,183.3,0.0,0
2030-08-07 15:00:00,25.1,473.8,206.0,0.0,0
2030-08-07 16:00:00,21.6,473.8,218.7,7.9,0
2030-08-07 17:00:00,17.7,473.8,218.7,3.5,0
2030-08-07 18:00:00,11.3,473.8,218.7,0.0,0
2030-08-07 19:00:00,4.2,473.8,218.7,103.2,0
2030-08-07 20:00:00,0.0,473.8,218.7,217.4,0
2030-08-07 21:00:00,0.0,473.8,218.7,236.8,0
2030-08-07 22:00:00,0.0,473.8,218.7,311.6,0
2030-08-07 23:00:00,0.0,473.8,218.7,331.6,0
2030-08-08 00:00:00,0.0,473.8,218.7,318.4,0
2030-08-08 01:00:00,0.0,473.8,218.7,271.9,0
2030-08-08 02:00:00,0.0,473.8,218.7,217.2,0
2030-08-08 03:00:00,0.0,473.8,218.7,171.9,0
2030-08-08 04:00:00,0.0,473.8,218.7,142.3,0
2030-08-08 05:00:00,0.0,473.8,218.7,120.8,0
2030-08-08 06:00:00,0.0,473.8,218.7,109.2,0
2030-08-08 07:00:00,0.0,473.8,218.7,71.1,0
2030-08-08 08:00:00,1.2,473.8,218.7,65.3,0
2030-08-08 09:00:00,7.6,473.8,218.7,14.1,0
2030-08-08 10:00:00,14.8,473.8,218.7,0.0,0
2030-08-08 11:00:00,20.3,473.8,218.7,0.0,0
2030-08-08 12:00:00,24.4,473.8,218.7,0.0,0
2030-08-08 13:00:00,26.8,473.8,218.7,8.0,0
2030-08-08 14:00:00,27.1,473.8,218.7,3.6,0
2030-08-08 15:00:00,25.7,473.8,218.7,11.4,0
2030-08-08 16:00:00,22.6,473.8,218.7,15.8,0
2030-08-08 17:00:00,16.4,473.8,218.7,15.5,0
2030-08-08 18:00:00,8.1,473.8,218.7,43.8,0
2030-08-08 19:00:00,3.1,473.8,218.7,142.7,0
2030-08-08 20:00:00,0.0,473.8,218.7,248.8,0
2030-08-08 21:00:00,0.0,473.8,218.7,267.7,0
2030-08-08 22:00:00,0.0,473.8,218.7,321.5,0
2030-08-08 23:00:00,0.0,473.8,218.7,339.3,0
2030-08-09 00:00:00,0.0,473.8,218.7,326.0,0
2030-08-09 01:00:00,0.0,473.8,218.7,276.4,0
2030-08-09 02:00:00,0.0,473.8,218.7,220.6,0
2030-08-09 03:00:00,0.0,473.8,218.7,177.4,0
2030-08-09 04:00:00,0.0,473.8,218.7,146.0,0
2030-08-09 05:00:00,0.0,473.8,218.7,123.2,0
2030-08-09 06:00:00,0.0,473.8,218.7,111.8,0
2030-08-09 07:00:00,0.0,473.8,218.7,78.1,0
2030-08-09 08:00:00,0.9,473.8,218.7,78.2,0
2030-08-09 09:00:00,5.4,473.8,218.7,41.7,0
2030-08-09 10:00:00,11.5,473.8,218.7,13.3,0
2030-08-09 11:00:00,14.8,473.8,218.7,12.8,0
2030-08-09 12:00:00,21.2,473.8,218.7,1.0,0
2030-08-09 13:00:00,21.7,473.8,218.7,11.6,0
2030-08-09 14:00:00,23.6,473.8,218.7,9.7,0
2030-08-09 15:00:00,23.1,473.8,218.7,17.7,0
2030-08-09 16:00:00,21.7,473.8,218.7,22.3,0
2030-08-09 17:00:00,15.8,473.8,218.7,35.5,0
2030-08-09 18:00:00,8.8,473.8,218.7,68.5,0
2030-08-09 19:00:00,3.0,473.8,218.7,169.4,0
2030-08-09 20:00:00,0.0,473.8,218.7,283.1,0
2030-08-09 21:00:00,0.0,473.8,218.7,274.0,0
2030-08-09 22:00:00,0.0,473.8,218.7,336.3,0
2030-08-09 23:00:00,0.0,473.8,218.7,352.5,0
2030-08-10 00:00:00,0.0,473.8,218.7,336.9,0
2030-08-10 01:00:00,0.0,473.8,218.7,287.3,0
2030-08-10 02:00:00,0.0,473.8,218.7,222.6,0
2030-08-10 03:00:00,0.0,473.8,218.7,176.8,0
2030-08-10 04:00:00,0.0,473.8,218.7,146.5,0
2030-08-10 05:00:00,0.0,473.8,218.7,122.2,0
2030-08-10 06:00:00,0.0,473.8,218.7,105.6,0
2030-08-10 07:00:00,0.0,473.8,218.7,73.5,0
2030-08-10 08:00:00,1.1,473.8,218.7,71.0,0
2030-08-10 09:00:00,7.3,473.8,218.7,19.1,0
2030-08-10 10:00:00,13.0,473.8,218.7,18.8,0
2030-08-10 11:00:00,19.3,473.8,218.7,11.6,0
2030-08-10 12:00:00,21.1,473.8,218.7,1.4,0
2030-08-10 13:00:00,23.7,473.8,218.7,9.8,0
2030-08-10 14:00:00,23.6,473.8,218.7,4.1,0
2030-08-10 15:00:00,21.8,473.8,218.7,10.9,0
2030-08-10 16:00:00,17.7,473.8,218.7,15.0,0
2030-08-10 17:00:00,13.8,473.8,218.7,15.4,0
2030-08-10 18:00:00,6.8,473.8,218.7,49.0,0
2030-08-10 19:00:00,2.2,473.8,218.7,137.1,0
2030-08-10 20:00:00,0.0,473.8,218.7,237.3,0
2030-08-10 21:00:00,0.0,473.8,218.7,249.2,0
2030-08-10 22:00:00,0.0,473.8,218.7,306.9,0
2030-08-10 23:00:00,0.0,473.8,218.7,315.3,0
2030-08-11 00:00:00,0.0,473.8,218.7,305.0,0
2030-08-11 01:00:00,0.0,473.8,218.7,267.0,0
2030-08-11 02:00:00,0.0,473.8,218.7,217.4,0
2030-08-11 03:00:00,0.0,473.8,218.7,162.7,0
2030-08-11 04:00:00,0.0,473.8,218.7,123.9,0
2030-08-11 05:00:00,0.0,473.8,218.7,89.4,0
2030-08-11 06:00:00,0.0,473.8,218.7,57.7,0
2030-08-11 07:00:00,0.0,473.8,218.7,5.2,0
2030-08-11 08:00:00,1.1,473.8,218.7,2.7,0
2030-08-11 09:00:00,6.9,473.8,218.7,0.0,0
2030-08-11 10:00:00,12.2,473.8,218.7,10.4,0
2030-08-11 11:00:00,15.8,473.8,218.7,0.0,0
2030-08-11 12:00:00,20.7,473.8,218.7,0.0,0
2030-08-11 13:00:00,23.3,473.8,218.7,1.8,0
2030-08-11 14:00:00,23.6,473.8,210.2,0.0,0
2030-08-11 15:00:00,20.8,473.8,218.7,8.9,0
2030-08-11 16:00:00,18.3,473.8,218.7,12.1,0
2030-08-11 17:00:00,13.8,473.8,218.7,6.8,0
2030-08-11 18:00:00,9.4,473.8,218.7,8.0,0
2030-08-11 19:00:00,3.3,473.8,218.7,125.0,0
2030-08-11 20:00:00,0.0,473.8,218.7,252.4,0
2030-08-11 21:00:00,0.0,473.8,218.7,265.9,0
2030-08-11 22:00:00,0.0,473.8,218.7,304.6,0
2030-08-11 23:00:00,0.0,473.8,218.7,320.7,0
2030-08-12 00:00:00,0.0,473.8,218.7,331.4,0
2030-08-12 01:00:00,0.0,473.8,218.7,297.8,0
2030-08-12 02:00:00,0.0,473.8,218.7,257.3,0
2030-08-12 03:00:00,0.0,473.8,218.7,220.3,0
2030-08-12 04:00:00,0.0,473.8,218.7,189.6,0
2030-08-12 05:00:00,0.0,473.8,218.7,169.2,0
2030-08-12 06:00:00,0.0,473.8,218.7,147.4,0
2030-08-12 07:00:00,0.0,473.8,218.7,113.4,0
2030-08-12 08:00:00,1.1,473.8,218.7,142.7,0
2030-08-12 09:00:00,6.2,473.8,218.7,122.3,0
2030-08-12 10:00:00,13.9,473.8,218.7,76.1,0
2030-08-12 11:00:00,19.4,473.8,218.7,57.2,0
2030-08-12 12:00:00,22.6,473.8,218.7,60.6,0
2030-08-12 13:00:00,23.7,473.8,218.7,53.4,0
2030-08-12 14:00:00,21.3,473.8,218.7,25.2,0
2030-08-12 15:00:00,22.4,473.8,218.7,43.4,0
2030-08-12 16:00:00,18.6,473.8,218.7,55.0,0
2030-08-12 17:00:00,16.7,473.8,218.7,50.4,0
2030-08-12 18:00:00,9.4,473.8,218.7,82.4,0
2030-08-12 19:00:00,3.4,473.8,218.7,188.0,0
2030-08-12 20:00:00,0.0,473.8,218.7,275.3,0
2030-08-12 21:00:00,0.0,473.8,218.7,275.8,0
2030-08-12 22:00:00,0.0,473.8,218.7,329.6,0
2030-08-12 23:00:00,0.0,473.8,218.7,369.5,0
2030-08-13 00:00:00,0.0,473.8,218.7,365.7,0
2030-08-13 01:00:00,0.0,473.8,218.7,322.5,0
2030-08-13 02:00:00,0.0,473.8,218.7,272.1,0
2030-08-13 03:00:00,0.0,473.8,218.7,219.7,0
2030-08-13 04:00:00,0.0,473.8,218.7,184.0,0
2030-08-13 05:00:00,0.0,473.8,218.7,159.2,0
2030-08-13 06:00:00,0.0,473.8,218.7,135.5,0
2030-08-13 07:00:00,0.0,473.8,218.7,79.4,0
2030-08-13 08:00:00,0.8,473.8,218.7,43.4,0
2030-08-13 09:00:00,5.3,473.8,218.7,0.0,0
2030-08-13 10:00:00,12.0,473.8,218.7,0.0,0
2030-08-13 11:00:00,18.4,473.8,204.4,0.0,0
2030-08-13 12:00:00,23.0,473.8,204.7,0.0,0
2030-08-13 13:00:00,24.6,473.8,179.9,0.0,0
2030-08-13 14:00:00,24.3,473.8,202.1,0.0,0
2030-08-13 15:00:00,21.3,473.8,218.7,0.0,0
2030-08-13 16:00:00,18.9,473.8,218.7,0.0,0
2030-08-13 17:00:00,12.0,473.8,218.7,17.1,0
2030-08-13 18:00:00,9.2,473.8,218.7,0.0,0
2030-08-13 19:00:00,3.3,473.8,218.7,115.4,0
2030-08-13 20:00:00,0.0,473.8,218.7,196.6,0
2030-08-13 21:00:00,0.0,473.8,218.7,157.9,0
2030-08-13 22:00:00,0.0,473.8,218.7,227.3,0
2030-08-13 23:00:00,0.0,473.8,218.7,289.0,0
2030-08-14 00:00:00,0.0,473.8,218.7,279.4,0
2030-08-14 01:00:00,0.0,473.8,218.7,251.1,0
2030-08-14 02:00:00,0.0,473.8,218.7,208.9,0
2030-08-14 03:00:00,0.0,473.8,218.7,162.8,0
2030-08-14 04:00:00,0.0,473.8,218.7,123.3,0
2030-08-14 05:00:00,0.0,473.8,218.7,77.8,0
2030-08-14 06:00:00,0.0,473.8,218.7,40.2,0
2030-08-14 07:00:00,0.0,473.8,218.7,0.0,0
2030-08-14 08:00:00,0.9,473.8,218.7,0.0,0
2030-08-14 09:00:00,5.9,473.8,218.7,0.0,0
2030-08-14 10:00:00,12.3,473.8,218.7,13.3,0
2030-08-14 11:00:00,19.2,473.8,205.0,0.0,0
2030-08-14 12:00:00,21.4,473.8,213.8,0.0,0
2030-08-14 13:00:00,23.0,473.8,197.0,0.0,0
2030-08-14 14:00:00,23.9,473.8,141.3,0.0,0
2030-08-14 15:00:00,21.9,473.8,143.1,0.0,0
2030-08-14 16:00:00,19.6,473.8,196.6,0.0,0
2030-08-14 17:00:00,15.2,473.8,218.7,0.0,0
2030-08-14 18:00:00,8.0,473.8,218.7,0.0,0
2030-08-14 19:00:00,2.9,473.8,218.7,40.0,0
2030-08-14 20:00:00,0.0,473.8,218.7,138.1,0
2030-08-14 21:00:00,0.0,473.8,218.7,171.4,0
2030-08-14 22:00:00,0.0,473.8,218.7,297.7,0
2030-08-14 23:00:00,0.0,473.8,218.7,313.8,0
2030-08-15 00:00:00,0.0,473.8,218.7,295.0,0
2030-08-15 01:00:00,0.0,473.8,218.7,239.7,0
2030-08-15 02:00:00,0.0,473.8,218.7,157.5,0
2030-08-15 03:00:00,0.0,473.8,218.7,78.8,0
2030-08-15 04:00:00,0.0,473.8,218.7,19.2,0
2030-08-15 05:00:00,0.0,473.8,218.7,8.6,0
2030-08-15 06:00:00,0.0,473.8,218.7,34.4,0
2030-08-15 07:00:00,0.0,473.8,218.7,20.5,0
2030-08-15 08:00:00,1.0,473.8,218.7,25.5,0
2030-08-15 09:00:00,6.5,473.8,218.7,0.0,0
2030-08-15 10:00:00,12.6,473.8,218.7,10.5,0
2030-08-15 11:00:00,17.0,473.8,218.7,7.6,0
2030-08-15 12:00:00,22.0,473.8,218.7,0.0,0
2030-08-15 13:00:00,23.8,473.8,218.7,3.9,0
2030-08-15 14:00:00,25.7,473.8,202.4,0.0,0
2030-08-15 15:00:00,24.2,473.8,218.7,5.3,0
2030-08-15 16:00:00,22.3,473.8,218.7,9.2,0
2030-08-15 17:00:00,17.0,473.8,218.7,9.3,0
2030-08-15 18:00:00,9.6,473.8,218.7,34.7,0
2030-08-15 19:00:00,2.4,473.8,218.7,155.1,0
2030-08-15 20:00:00,0.0,473.8,218.7,255.2,0
2030-08-15 21:00:00,0.0,473.8,218.7,254.5,0
2030-08-15 22:00:00,0.0,473.8,218.7,329.0,0
2030-08-15 23:00:00,0.0,473.8,218.7,348.5,0
2030-08-16 00:00:00,0.0,473.8,218.7,333.3,0
2030-08-16 01:00:00,0.0,473.8,218.7,285.6,0
2030-08-16 02:00:00,0.0,473.8,218.7,228.0,0
2030-08-16 03:00:00,0.0,473.8,218.7,181.5,0
2030-08-16 04:00:00,0.0,473.8,218.7,151.1,0
2030-08-16 05:00:00,0.0,473.8,218.7,127.2,0
2030-08-16 06:00:00,0.0,473.8,218.7,113.6,0
2030-08-16 07:00:00,0.0,473.8,218.7,79.0,0
2030-08-16 08:00:00,1.1,473.8,218.7,87.7,0
2030-08-16 09:00:00,6.8,473.8,218.7,38.9,0
2030-08-16 10:00:00,12.8,473.8,218.7,10.5,0
2030-08-16 11:00:00,17.9,473.8,218.7,9.1,0
2030-08-16 12:00:00,23.7,473.8,218.7,0.0,0
2030-08-16 13:00:00,24.2,473.8,218.7,9.8,0
2030-08-16 14:00:00,23.8,473.8,218.7,7.4,0
2030-08-16 15:00:00,17.8,473.8,218.7,16.3,0
2030-08-16 16:00:00,11.3,473.8,218.7,70.5,0
2030-08-16 17:00:00,3.0,473.8,218.7,114.9,0
2030-08-16 18:00:00,1.5,473.8,218.7,113.7,0
2030-08-16 19:00:00,0.8,473.8,218.7,174.6,0
2030-08-16 20:00:00,0.0,473.8,218.7,259.6,0
2030-08-16 21:00:00,0.0,473.8,218.7,270.7,0
2030-08-16 22:00:00,0.0,473.8,218.7,326.8,0
2030-08-16 23:00:00,0.0,473.8,218.7,348.2,0
2030-08-17 00:00:00,0.0,473.8,218.7,331.8,0
2030-08-17 01:00:00,0.0,473.8,218.7,286.6,0
2030-08-17 02:00:00,0.0,473.8,218.7,228.7,0
2030-08-17 03:00:00,0.0,473.8,218.7,182.4,0
2030-08-17 04:00:00,0.0,473.8,218.7,151.2,0
2030-08-17 05:00:00,0.0,473.8,218.7,128.5,0
2030-08-17 06:00:00,0.0,473.8,218.7,116.2,0
2030-08-17 07:00:00,0.0,473.8,218.7,83.4,0
2030-08-17 08:00:00,1.0,473.8,218.7,81.1,0
2030-08-17 09:00:00,6.3,473.8,218.7,34.7,0
2030-08-17 10:00:00,13.7,473.8,218.7,8.7,0
2030-08-17 11:00:00,19.4,473.8,218.7,7.4,0
2030-08-17 12:00:00,20.3,473.8,218.7,0.5,0
2030-08-17 13:00:00,25.3,473.8,218.7,9.0,0
2030-08-17 14:00:00,25.1,473.8,218.7,6.8,0
2030-08-17 15:00:00,23.1,473.8,218.7,13.1,0
2030-08-17 16:00:00,21.2,473.8,218.7,15.4,0
2030-08-17 17:00:00,15.4,473.8,218.7,10.3,0
2030-08-17 18:00:00,9.3,473.8,218.7,25.3,0
2030-08-17 19:00:00,3.1,473.8,218.7,127.9,0
2030-08-17 20:00:00,0.0,473.8,218.7,220.5,0
2030-08-17 21:00:00,0.0,473.8,218.7,232.3,0
2030-08-17 22:00:00,0.0,473.8,218.7,308.4,0
2030-08-17 23:00:00,0.0,473.8,218.7,328.0,0
2030-08-18 00:00:00,0.0,473.8,218.7,311.1,0
2030-08-18 01:00:00,0.0,473.8,218.7,259.8,0
2030-08-18 02:00:00,0.0,473.8,218.7,194.5,0
2030-08-18 03:00:00,0.0,473.8,218.7,134.3,0
2030-08-18 04:00:00,0.0,473.8,218.7,102.2,0
2030-08-18 05:00:00,0.0,473.8,218.7,82.0,0
2030-08-18 06:00:00,0.0,473.8,218.7,78.7,0
2030-08-18 07:00:00,0.0,473.8,218.7,55.2,0
2030-08-18 08:00:00,0.8,473.8,218.7,68.2,0
2030-08-18 09:00:00,5.1,473.8,218.7,35.8,0
2030-08-18 10:00:00,9.8,473.8,218.7,5.5,0
2030-08-18 11:00:00,15.2,473.8,218.7,3.5,0
2030-08-18 12:00:00,16.5,473.8,218.7,0.0,0
2030-08-18 13:00:00,20.3,473.8,218.7,3.5,0
2030-08-18 14:00:00,19.6,473.8,218.7,3.3,0
2030-08-18 15:00:00,20.1,473.8,218.7,10.0,0
2030-08-18 16:00:00,16.9,473.8,218.7,14.4,0
2030-08-18 17:00:00,12.7,473.8,218.7,12.3,0
2030-08-18 18:00:00,7.3,473.8,218.7,47.6,0
2030-08-18 19:00:00,3.1,473.8,218.7,123.8,0
2030-08-18 20:00:00,0.0,473.8,218.7,242.7,0
2030-08-18 21:00:00,0.0,473.8,218.7,248.5,0
2030-08-18 22:00:00,0.0,473.8,218.7,308.3,0
2030-08-18 23:00:00,0.0,473.8,218.7,330.2,0
2030-08-19 00:00:00,0.0,473.8,218.7,347.4,0
2030-08-19 01:00:00,0.0,473.8,218.7,310.6,0
2030-08-19 02:00:00,0.0,473.8,218.7,267.9,0
2030-08-19 03:00:00,0.0,473.8,218.7,228.9,0
2030-08-19 04:00:00,0.0,473.8,218.7,197.2,0
2030-08-19 05:00:00,0.0,473.8,218.7,172.0,0
2030-08-19 06:00:00,0.0,473.8,218.7,142.8,0
2030-08-19 07:00:00,0.0,473.8,218.7,110.1,0
2030-08-19 08:00:00,0.6,473.8,218.7,138.0,0
2030-08-19 09:00:00,3.8,473.8,218.7,113.7,0
2030-08-19 10:00:00,7.3,473.8,218.7,75.5,0
2030-08-19 11:00:00,15.1,473.8,218.7,52.9,0
2030-08-19 12:00:00,19.0,473.8,218.7,55.6,0
2030-08-19 13:00:00,22.4,473.8,218.7,46.4,0
2030-08-19 14:00:00,23.4,473.8,218.7,20.1,0
2030-08-19 15:00:00,21.7,473.8,218.7,41.8,0
2030-08-19 16:00:00,17.4,473.8,218.7,54.8,0
2030-08-19 17:00:00,12.3,473.8,218.7,81.3,0
2030-08-19 18:00:00,7.5,473.8,218.7,99.2,0
2030-08-19 19:00:00,2.9,473.8,218.7,212.4,0
2030-08-19 20:00:00,0.0,473.8,218.7,301.3,0
2030-08-19 21:00:00,0.0,473.8,218.7,308.2,0
2030-08-19 22:00:00,0.0,473.8,218.7,346.4,0
2030-08-19 23:00:00,0.0,473.8,218.7,377.3,0
2030-08-20 00:00:00,0.0,473.8,218.7,371.5,0
2030-08-20 01:00:00,0.0,473.8,218.7,327.4,0
2030-08-20 02:00:00,0.0,473.8,218.7,276.0,0
2030-08-20 03:00:00,0.0,473.8,218.7,218.6,0
2030-08-20 04:00:00,0.0,473.8,218.7,178.7,0
2030-08-20 05:00:00,0.0,473.8,218.7,152.0,0
2030-08-20 06:00:00,0.0,473.8,218.7,129.8,0
2030-08-20 07:00:00,0.0,473.8,218.7,71.8,0
2030-08-20 08:00:00,1.1,473.8,218.7,34.8,0
2030-08-20 09:00:00,6.2,473.8,218.7,0.0,0
2030-08-20 10:00:00,11.3,473.8,218.7,0.0,0
2030-08-20 11:00:00,14.5,473.8,218.7,0.0,0
2030-08-20 12:00:00,17.7,473.8,218.7,0.0,0
2030-08-20 13:00:00,19.1,473.8,191.0,0.0,0
2030-08-20 14:00:00,20.6,473.8,195.2,0.0,0
2030-08-20 15:00:00,19.9,473.8,190.4,0.0,0
2030-08-20 16:00:00,18.1,473.8,218.7,0.0,0
2030-08-20 17:00:00,12.3,473.8,218.7,0.0,0
2030-08-20 18:00:00,4.0,473.8,218.7,43.3,0
2030-08-20 19:00:00,1.9,473.8,218.7,126.9,0
2030-08-20 20:00:00,0.0,473.8,218.7,235.9,0
2030-08-20 21:00:00,0.0,473.8,218.7,272.9,0
2030-08-20 22:00:00,0.0,473.8,218.7,308.3,0
2030-08-20 23:00:00,0.0,473.8,218.7,341.8,0
2030-08-21 00:00:00,0.0,473.8,218.7,299.4,0
2030-08-21 01:00:00,0.0,473.8,218.7,245.3,0
2030-08-21 02:00:00,0.0,473.8,218.7,196.0,0
2030-08-21 03:00:00,0.0,473.8,218.7,162.9,0
2030-08-21 04:00:00,0.0,473.8,218.7,135.8,0
2030-08-21 05:00:00,0.0,473.8,218.7,114.0,0
2030-08-21 06:00:00,0.0,473.8,218.7,97.6,0
2030-08-21 07:00:00,0.0,473.8,218.7,62.2,0
2030-08-21 08:00:00,0.3,473.8,218.7,69.2,0
2030-08-21 09:00:00,0.9,473.8,218.7,77.4,0
2030-08-21 10:00:00,1.8,473.8,218.7,96.2,0
2030-08-21 11:00:00,4.5,473.8,218.7,81.4,0
2030-08-21 12:00:00,4.7,473.8,218.7,84.6,0
2030-08-21 13:00:00,7.1,473.8,218.7,45.0,0
2030-08-21 14:00:00,5.7,473.8,218.7,0.0,0
2030-08-21 15:00:00,14.4,473.8,218.7,0.0,0
2030-08-21 16:00:00,13.4,473.8,218.7,0.0,0
2030-08-21 17:00:00,10.0,473.8,218.7,38.9,0
2030-08-21 18:00:00,5.6,473.8,218.7,52.6,0
2030-08-21 19:00:00,1.8,473.8,218.7,152.2,0
2030-08-21 20:00:00,0.0,473.8,218.7,245.1,0
2030-08-21 21:00:00,0.0,473.8,218.7,260.2,0
2030-08-21 22:00:00,0.0,473.8,218.7,306.3,0
2030-08-21 23:00:00,0.0,473.8,218.7,324.8,0
2030-08-22 00:00:00,0.0,473.8,218.7,306.6,0
2030-08-22 01:00:00,0.0,473.8,218.7,260.0,0
2030-08-22 02:00:00,0.0,473.8,218.7,209.3,0
2030-08-22 03:00:00,0.0,473.8,218.7,172.1,0
2030-08-22 04:00:00,0.0,473.8,218.7,143.7,0
2030-08-22 05:00:00,0.0,473.8,218.7,121.2,0
2030-08-22 06:00:00,0.0,473.8,218.7,108.9,0
2030-08-22 07:00:00,0.0,473.8,218.7,75.3,0
2030-08-22 08:00:00,1.2,473.8,218.7,67.8,0
2030-08-22 09:00:00,7.4,473.8,218.7,19.4,0
2030-08-22 10:00:00,12.7,473.8,218.7,2.3,0
2030-08-22 11:00:00,19.6,473.8,218.7,0.0,0
2030-08-22 12:00:00,24.8,473.8,203.2,0.0,0
2030-08-22 13:00:00,26.6,473.8,218.7,0.0,0
2030-08-22 14:00:00,26.5,473.8,214.6,0.0,0
2030-08-22 15:00:00,24.0,473.8,218.7,11.9,0
2030-08-22 16:00:00,20.8,473.8,218.7,11.2,0
2030-08-22 17:00:00,11.8,473.8,218.7,29.8,0
2030-08-22 18:00:00,7.2,473.8,218.7,51.7,0
2030-08-22 19:00:00,2.5,473.8,218.7,144.8,0
2030-08-22 20:00:00,0.0,473.8,218.7,250.8,0
2030-08-22 21:00:00,0.0,473.8,218.7,262.6,0
2030-08-22 22:00:00,0.0,473.8,218.7,299.8,0
2030-08-22 23:00:00,0.0,473.8,218.7,323.4,0
2030-08-23 00:00:00,0.0,473.8,218.7,312.5,0
2030-08-23 01:00:00,0.0,473.8,218.7,268.5,0
2030-08-23 02:00:00,0.0,473.8,218.7,215.6,0
2030-08-23 03:00:00,0.0,473.8,218.7,167.9,0
2030-08-23 04:00:00,0.0,473.8,218.7,136.1,0
2030-08-23 05:00:00,0.0,473.8,218.7,115.2,0
2030-08-23 06:00:00,0.0,473.8,218.7,107.6,0
2030-08-23 07:00:00,0.0,473.8,218.7,73.6,0
2030-08-23 08:00:00,1.3,473.8,218.7,69.0,0
2030-08-23 09:00:00,7.3,473.8,218.7,10.9,0
2030-08-23 10:00:00,14.5,473.8,218.7,4.2,0
2030-08-23 11:00:00,20.7,473.8,218.7,4.0,0
2030-08-23 12:00:00,25.1,473.8,218.7,0.0,0
2030-08-23 13:00:00,26.2,473.8,218.7,8.9,0
2030-08-23 14:00:00,25.6,473.8,218.7,10.3,0
2030-08-23 15:00:00,24.8,473.8,218.7,15.3,0
2030-08-23 16:00:00,21.0,473.8,218.7,18.6,0
2030-08-23 17:00:00,16.6,473.8,218.7,12.7,0
2030-08-23 18:00:00,10.3,473.8,218.7,36.1,0
2030-08-23 19:00:00,3.3,473.8,218.7,145.8,0
2030-08-23 20:00:00,0.0,473.8,218.7,249.6,0
2030-08-23 21:00:00,0.0,473.8,218.7,255.3,0
2030-08-23 22:00:00,0.0,473.8,218.7,298.1,0
2030-08-23 23:00:00,0.0,473.8,218.7,319.2,0
2030-08-24 00:00:00,0.0,473.8,218.7,305.3,0
2030-08-24 01:00:00,0.0,473.8,218.7,256.7,0
2030-08-24 02:00:00,0.0,473.8,218.7,195.1,0
2030-08-24 03:00:00,0.0,473.8,218.7,151.6,0
2030-08-24 04:00:00,0.0,473.8,218.7,124.6,0
2030-08-24 05:00:00,0.0,473.8,218.7,104.6,0
2030-08-24 06:00:00,0.0,473.8,218.7,94.8,0
2030-08-24 07:00:00,0.0,473.8,218.7,62.4,0
2030-08-24 08:00:00,1.2,473.8,218.7,63.4,0
2030-08-24 09:00:00,6.8,473.8,218.7,14.3,0
2030-08-24 10:00:00,12.4,473.8,218.7,14.8,0
2030-08-24 11:00:00,17.6,473.8,218.7,12.7,0
2030-08-24 12:00:00,20.3,473.8,218.7,3.5,0
2030-08-24 13:00:00,22.0,473.8,218.7,12.6,0
2030-08-24 14:00:00,21.6,473.8,218.7,9.4,0
2030-08-24 15:00:00,19.1,473.8,218.7,16.6,0
2030-08-24 16:00:00,17.6,473.8,218.7,20.7,0
2030-08-24 17:00:00,14.8,473.8,218.7,16.5,0
2030-08-24 18:00:00,9.6,473.8,218.7,4.3,0
2030-08-24 19:00:00,3.0,473.8,218.7,116.8,0
2030-08-24 20:00:00,0.0,473.8,218.7,234.7,0
2030-08-24 21:00:00,0.0,473.8,218.7,250.5,0
2030-08-24 22:00:00,0.0,473.8,218.7,287.4,0
2030-08-24 23:00:00,0.0,473.8,218.7,303.3,0
2030-08-25 00:00:00,0.0,473.8,218.7,293.2,0
2030-08-25 01:00:00,0.0,473.8,218.7,249.8,0
2030-08-25 02:00:00,0.0,473.8,218.7,200.6,0
2030-08-25 03:00:00,0.0,473.8,218.7,164.8,0
2030-08-25 04:00:00,0.0,473.8,218.7,141.2,0
2030-08-25 05:00:00,0.0,473.8,218.7,122.6,0
2030-08-25 06:00:00,0.0,473.8,218.7,114.8,0
2030-08-25 07:00:00,0.0,473.8,218.7,81.4,0
2030-08-25 08:00:00,1.3,473.8,218.7,76.2,0
2030-08-25 09:00:00,7.1,473.8,218.7,13.5,0
2030-08-25 10:00:00,13.6,473.8,218.7,8.6,0
2030-08-25 11:00:00,19.8,473.8,218.7,4.9,0
2030-08-25 12:00:00,23.8,473.8,218.7,0.0,0
2030-08-25 13:00:00,25.0,473.8,218.7,3.1,0
2030-08-25 14:00:00,26.1,473.8,218.7,0.0,0
2030-08-25 15:00:00,25.1,473.8,218.7,2.4,0
2030-08-25 16:00:00,21.8,473.8,218.7,6.6,0
2030-08-25 17:00:00,17.5,473.8,218.7,3.3,0
2030-08-25 18:00:00,10.7,473.8,218.7,26.6,0
2030-08-25 19:00:00,3.3,473.8,218.7,145.8,0
2030-08-25 20:00:00,0.0,473.8,218.7,252.8,0
2030-08-25 21:00:00,0.0,473.8,218.7,271.1,0
2030-08-25 22:00:00,0.0,473.8,218.7,326.3,0
2030-08-25 23:00:00,0.0,473.8,218.7,345.6,0
2030-08-26 00:00:00,0.0,473.8,218.7,356.3,0
2030-08-26 01:00:00,0.0,473.8,218.7,312.7,0
2030-08-26 02:00:00,0.0,473.8,218.7,264.2,0
2030-08-26 03:00:00,0.0,473.8,218.7,227.6,0
2030-08-26 04:00:00,0.0,473.8,218.7,195.4,0
2030-08-26 05:00:00,0.0,473.8,218.7,173.2,0
2030-08-26 06:00:00,0.0,473.8,218.7,150.1,0
2030-08-26 07:00:00,0.0,473.8,218.7,110.6,0
2030-08-26 08:00:00,1.0,473.8,218.7,139.7,0
2030-08-26 09:00:00,6.3,473.8,218.7,123.1,0
2030-08-26 10:00:00,12.9,473.8,218.7,83.8,0
2030-08-26 11:00:00,18.1,473.8,218.7,50.8,0
2030-08-26 12:00:00,23.7,473.8,218.7,48.3,0
2030-08-26 13:00:00,23.4,473.8,218.7,44.6,0
2030-08-26 14:00:00,21.5,473.8,218.7,20.6,0
2030-08-26 15:00:00,18.2,473.8,218.7,36.4,0
2030-08-26 16:00:00,18.3,473.8,218.7,46.6,0
2030-08-26 17:00:00,12.6,473.8,218.7,90.4,0
2030-08-26 18:00:00,9.2,473.8,218.7,89.8,0
2030-08-26 19:00:00,2.8,473.8,218.7,193.7,0
2030-08-26 20:00:00,0.0,473.8,218.7,279.7,0
2030-08-26 21:00:00,0.0,473.8,218.7,297.2,0
2030-08-26 22:00:00,0.0,473.8,218.7,343.4,0
2030-08-26 23:00:00,0.0,473.8,218.7,379.2,0
2030-08-27 00:00:00,0.0,473.8,218.7,378.6,0
2030-08-27 01:00:00,0.0,473.8,218.7,335.4,0
2030-08-27 02:00:00,0.0,473.8,218.7,282.7,0
2030-08-27 03:00:00,0.0,473.8,218.7,224.4,0
2030-08-27 04:00:00,0.0,473.8,218.7,182.8,0
2030-08-27 05:00:00,0.0,473.8,218.7,164.2,0
2030-08-27 06:00:00,0.0,473.8,218.7,145.3,0
2030-08-27 07:00:00,0.0,473.8,218.7,90.2,0
2030-08-27 08:00:00,0.9,473.8,218.7,52.6,0
2030-08-27 09:00:00,4.7,473.8,218.7,0.0,0
2030-08-27 10:00:00,10.8,473.8,218.7,0.0,0
2030-08-27 11:00:00,15.2,473.8,211.4,0.0,0
2030-08-27 12:00:00,19.3,473.8,187.4,0.0,0
2030-08-27 13:00:00,19.1,473.8,160.3,0.0,0
2030-08-27 14:00:00,20.3,473.8,204.5,0.0,0
2030-08-27 15:00:00,19.6,473.8,218.7,0.0,0
2030-08-27 16:00:00,16.3,473.8,218.7,0.0,0
2030-08-27 17:00:00,10.2,473.8,218.7,2.6,0
2030-08-27 18:00:00,5.5,473.8,218.7,33.2,0
2030-08-27 19:00:00,2.1,473.8,218.7,141.2,0
2030-08-27 20:00:00,0.0,473.8,218.7,259.8,0
2030-08-27 21:00:00,0.0,473.8,218.7,281.4,0
2030-08-27 22:00:00,0.0,473.8,218.7,323.5,0
2030-08-27 23:00:00,0.0,473.8,218.7,359.3,0
2030-08-28 00:00:00,0.0,473.8,218.7,326.5,0
2030-08-28 01:00:00,0.0,473.8,218.7,278.7,0
2030-08-28 02:00:00,0.0,473.8,218.7,220.9,0
2030-08-28 03:00:00,0.0,473.8,218.7,178.9,0
2030-08-28 04:00:00,0.0,473.8,218.7,148.5,0
2030-08-28 05:00:00,0.0,473.8,218.7,125.3,0
2030-08-28 06:00:00,0.0,473.8,218.7,112.4,0
2030-08-28 07:00:00,0.0,473.8,218.7,78.5,0
2030-08-28 08:00:00,1.2,473.8,218.7,72.9,0
2030-08-28 09:00:00,7.1,473.8,218.7,17.2,0
2030-08-28 10:00:00,12.6,473.8,218.7,10.3,0
2030-08-28 11:00:00,18.0,473.8,218.7,9.3,0
2030-08-28 12:00:00,20.5,473.8,218.7,1.4,0
2030-08-28 13:00:00,21.1,473.8,218.7,11.4,0
2030-08-28 14:00:00,23.0,473.8,218.7,6.6,0
2030-08-28 15:00:00,22.9,473.8,218.7,16.4,0
2030-08-28 16:00:00,18.3,473.8,218.7,22.8,0
2030-08-28 17:00:00,15.1,473.8,218.7,26.0,0
2030-08-28 18:00:00,8.3,473.8,218.7,65.2,0
2030-08-28 19:00:00,2.1,473.8,218.7,173.2,0
2030-08-28 20:00:00,0.0,473.8,218.7,264.1,0
2030-08-28 21:00:00,0.0,473.8,218.7,260.7,0
2030-08-28 22:00:00,0.0,473.8,218.7,325.0,0
2030-08-28 23:00:00,0.0,473.8,218.7,340.2,0
2030-08-29 00:00:00,0.0,473.8,218.7,328.8,0
2030-08-29 01:00:00,0.0,473.8,218.7,286.4,0
2030-08-29 02:00:00,0.0,473.8,218.7,230.8,0
2030-08-29 03:00:00,0.0,473.8,218.7,186.7,0
2030-08-29 04:00:00,0.0,473.8,218.7,155.6,0
2030-08-29 05:00:00,0.0,473.8,218.7,131.7,0
2030-08-29 06:00:00,0.0,473.8,218.7,126.8,0
2030-08-29 07:00:00,0.0,473.8,218.7,92.0,0
2030-08-29 08:00:00,1.2,473.8,218.7,87.2,0
2030-08-29 09:00:00,7.3,473.8,218.7,30.6,0
2030-08-29 10:00:00,14.4,473.8,218.7,14.9,0
2030-08-29 11:00:00,19.2,473.8,218.7,14.3,0
2030-08-29 12:00:00,23.4,473.8,218.7,5.9,0
2030-08-29 13:00:00,24.9,473.8,218.7,16.1,0
2030-08-29 14:00:00,25.9,473.8,218.7,12.2,0
2030-08-29 15:00:00,25.3,473.8,218.7,18.4,0
2030-08-29 16:00:00,20.0,473.8,218.7,20.6,0
2030-08-29 17:00:00,16.2,473.8,218.7,15.1,0
2030-08-29 18:00:00,9.3,473.8,218.7,43.2,0
2030-08-29 19:00:00,2.8,473.8,218.7,150.1,0
2030-08-29 20:00:00,0.0,473.8,218.7,245.2,0
2030-08-29 21:00:00,0.0,473.8,218.7,248.6,0
2030-08-29 22:00:00,0.0,473.8,218.7,296.3,0
2030-08-29 23:00:00,0.0,473.8,218.7,329.1,0
2030-08-30 00:00:00,0.0,473.8,218.7,319.3,0
2030-08-30 01:00:00,0.0,473.8,218.7,276.5,0
2030-08-30 02:00:00,0.0,473.8,218.7,215.2,0
2030-08-30 03:00:00,0.0,473.8,218.7,167.1,0
2030-08-30 04:00:00,0.0,473.8,218.7,138.0,0
2030-08-30 05:00:00,0.0,473.8,218.7,117.2,0
2030-08-30 06:00:00,0.0,473.8,218.7,102.1,0
2030-08-30 07:00:00,0.0,473.8,218.7,71.7,0
2030-08-30 08:00:00,1.3,473.8,218.7,55.4,0
2030-08-30 09:00:00,7.6,473.8,218.7,0.0,0
2030-08-30 10:00:00,14.7,473.8,218.7,0.7,0
2030-08-30 11:00:00,21.2,473.8,218.7,0.0,0
2030-08-30 12:00:00,24.4,473.8,200.4,0.0,0
2030-08-30 13:00:00,26.4,473.8,210.6,0.0,0
2030-08-30 14:00:00,25.8,473.8,197.5,0.0,0
2030-08-30 15:00:00,24.2,473.8,218.7,1.9,0
2030-08-30 16:00:00,20.2,473.8,218.7,5.1,0
2030-08-30 17:00:00,15.2,473.8,218.7,3.5,0
2030-08-30 18:00:00,8.9,473.8,218.7,10.7,0
2030-08-30 19:00:00,3.2,473.8,218.7,107.9,0
2030-08-30 20:00:00,0.0,473.8,218.7,200.8,0
2030-08-30 21:00:00,0.0,473.8,218.7,199.3,0
2030-08-30 22:00:00,0.0,473.8,218.7,250.5,0
2030-08-30 23:00:00,0.0,473.8,218.7,277.2,0
2030-08-31 00:00:00,0.0,473.8,218.7,264.3,0
2030-08-31 01:00:00,0.0,473.8,218.7,227.8,0
2030-08-31 02:00:00,0.0,473.8,218.7,187.9,0
2030-08-31 03:00:00,0.0,473.8,218.7,162.6,0
2030-08-31 04:00:00,0.0,473.8,218.7,140.5,0
2030-08-31 05:00:00,0.0,473.8,218.7,120.5,0
2030-08-31 06:00:00,0.0,473.8,218.7,111.6,0
2030-08-31 07:00:00,0.0,473.8,218.7,78.4,0
2030-08-31 08:00:00,1.2,473.8,218.7,79.4,0
2030-08-31 09:00:00,7.5,473.8,218.7,30.3,0
2030-08-31 10:00:00,14.8,473.8,218.7,11.2,0
2030-08-31 11:00:00,21.5,473.8,218.7,6.9,0
2030-08-31 12:00:00,25.7,473.8,217.5,0.0,0
2030-08-31 13:00:00,27.7,473.8,218.7,0.0,0
2030-08-31 14:00:00,28.2,473.8,197.2,0.0,0
2030-08-31 15:00:00,26.5,473.8,218.7,7.9,0
2030-08-31 16:00:00,23.3,473.8,218.7,11.4,0
2030-08-31 17:00:00,17.3,473.8,218.7,8.0,0
2030-08-31 18:00:00,10.7,473.8,218.7,24.6,0
2030-08-31 19:00:00,3.2,473.8,218.7,139.0,0
2030-08-31 20:00:00,0.0,473.8,218.7,244.4,0
2030-08-31 21:00:00,0.0,473.8,218.7,260.1,0
2030-08-31 22:00:00,0.0,473.8,218.7,325.8,0
2030-08-31 23:00:00,0.0,473.8,218.7,348.3,0
2030-09-01 00:00:00,0.0,473.8,218.7,402.9,0
2030-09-01 01:00:00,0.0,473.8,218.7,366.6,0
2030-09-01 02:00:00,0.0,473.8,218.7,296.8,0
2030-09-01 03:00:00,0.0,473.8,218.7,255.3,0
2030-09-01 04:00:00,0.0,473.8,218.7,235.0,0
2030-09-01 05:00:00,0.0,473.8,218.7,213.8,0
2030-09-01 06:00:00,0.0,473.8,218.7,188.5,0
2030-09-01 07:00:00,0.0,473.8,218.7,171.6,0
2030-09-01 08:00:00,1.2,473.8,218.7,166.2,0
2030-09-01 09:00:00,6.4,473.8,218.7,122.6,0
2030-09-01 10:00:00,13.9,473.8,218.7,84.4,0
2030-09-01 11:00:00,20.9,473.8,218.7,83.9,0
2030-09-01 12:00:00,23.0,473.8,218.7,100.5,0
2030-09-01 13:00:00,24.6,473.8,218.7,107.3,0
2030-09-01 14:00:00,22.1,473.8,218.7,117.5,0
2030-09-01 15:00:00,22.9,473.8,218.7,125.1,0
2030-09-01 16:00:00,21.7,473.8,218.7,128.4,0
2030-09-01 17:00:00,16.5,473.8,218.7,132.1,0
2030-09-01 18:00:00,10.0,473.8,218.7,139.7,0
2030-09-01 19:00:00,3.0,473.8,218.7,295.9,0
2030-09-01 20:00:00,0.0,473.8,218.7,356.6,0
2030-09-01 21:00:00,0.0,473.8,218.7,376.5,0
2030-09-01 22:00:00,0.0,473.8,218.7,424.8,0
2030-09-01 23:00:00,0.0,473.8,218.7,436.5,0
2030-09-02 00:00:00,0.0,473.8,218.7,422.1,0
2030-09-02 01:00:00,0.0,473.8,218.7,383.2,0
2030-09-02 02:00:00,0.0,473.8,218.7,331.4,0
2030-09-02 03:00:00,0.0,473.8,218.7,278.5,0
2030-09-02 04:00:00,0.0,473.8,218.7,248.5,0
2030-09-02 05:00:00,0.0,473.8,218.7,220.5,0
2030-09-02 06:00:00,0.0,473.8,218.7,219.4,0
2030-09-02 07:00:00,0.0,473.8,218.7,208.3,0
2030-09-02 08:00:00,1.3,473.8,218.7,220.7,0
2030-09-02 09:00:00,6.5,473.8,218.7,184.0,0
2030-09-02 10:00:00,14.4,473.8,218.7,136.1,0
2030-09-02 11:00:00,20.0,473.8,218.7,129.9,0
2030-09-02 12:00:00,23.3,473.8,218.7,121.4,0
2030-09-02 13:00:00,23.0,473.8,218.7,123.1,0
2030-09-02 14:00:00,18.6,473.8,218.7,76.4,0
2030-09-02 15:00:00,16.4,473.8,218.7,98.6,0
2030-09-02 16:00:00,12.0,473.8,218.7,144.2,0
2030-09-02 17:00:00,7.4,473.8,218.7,175.6,0
2030-09-02 18:00:00,3.3,473.8,218.7,171.3,0
2030-09-02 19:00:00,1.5,473.8,218.7,279.1,0
2030-09-02 20:00:00,0.0,473.8,218.7,297.9,0
2030-09-02 21:00:00,0.0,473.8,218.7,310.6,0
2030-09-02 22:00:00,0.0,473.8,218.7,359.5,0
2030-09-02 23:00:00,0.0,473.8,218.7,349.6,0
2030-09-03 00:00:00,0.0,473.8,218.7,285.3,0
2030-09-03 01:00:00,0.0,473.8,218.7,296.8,0
2030-09-03 02:00:00,0.0,473.8,218.7,249.1,0
2030-09-03 03:00:00,0.0,473.8,218.7,198.5,0
2030-09-03 04:00:00,0.0,473.8,218.7,173.3,0
2030-09-03 05:00:00,0.0,473.8,218.7,162.7,0
2030-09-03 06:00:00,0.0,473.8,218.7,138.1,0
2030-09-03 07:00:00,0.0,473.8,218.7,105.5,0
2030-09-03 08:00:00,0.7,473.8,218.7,50.7,0
2030-09-03 09:00:00,6.4,473.8,218.7,3.3,0
2030-09-03 10:00:00,12.8,473.8,218.7,0.0,0
2030-09-03 11:00:00,19.8,473.8,218.7,0.0,0
2030-09-03 12:00:00,21.0,473.8,218.7,0.0,0
2030-09-03 13:00:00,20.1,473.8,218.7,0.0,0
2030-09-03 14:00:00,23.4,473.8,218.7,0.0,0
2030-09-03 15:00:00,22.3,473.8,218.7,0.0,0
2030-09-03 16:00:00,18.8,473.8,218.7,0.0,0
2030-09-03 17:00:00,12.1,473.8,218.7,18.9,0
2030-09-03 18:00:00,6.0,473.8,218.7,80.5,0
2030-09-03 19:00:00,2.2,473.8,218.7,184.3,0
2030-09-03 20:00:00,0.0,473.8,218.7,239.0,0
2030-09-03 21:00:00,0.0,473.8,218.7,248.9,0
2030-09-03 22:00:00,0.0,473.8,218.7,308.8,0
2030-09-03 23:00:00,0.0,473.8,218.7,344.9,0
2030-09-04 00:00:00,0.0,473.8,218.7,399.2,0
2030-09-04 01:00:00,0.0,473.8,218.7,361.4,0
2030-09-04 02:00:00,0.0,473.8,218.7,284.7,0
2030-09-04 03:00:00,0.0,473.8,218.7,235.4,0
2030-09-04 04:00:00,0.0,473.8,218.7,213.0,0
2030-09-04 05:00:00,0.0,473.8,218.7,191.8,0
2030-09-04 06:00:00,0.0,473.8,218.7,167.3,0
2030-09-04 07:00:00,0.0,473.8,218.7,153.0,0
2030-09-04 08:00:00,1.3,473.8,218.7,149.1,0
2030-09-04 09:00:00,7.8,473.8,218.7,101.6,0
2030-09-04 10:00:00,14.5,473.8,218.7,81.9,0
2030-09-04 11:00:00,20.6,473.8,218.7,79.6,0
2030-09-04 12:00:00,23.7,473.8,218.7,94.9,0
2030-09-04 13:00:00,25.9,473.8,218.7,97.8,0
2030-09-04 14:00:00,24.3,473.8,218.7,103.8,0
2030-09-04 15:00:00,22.0,473.8,218.7,114.8,0
2030-09-04 16:00:00,19.8,473.8,218.7,121.6,0
2030-09-04 17:00:00,16.1,473.8,218.7,106.1,0
2030-09-04 18:00:00,9.6,473.8,218.7,77.0,0
2030-09-04 19:00:00,2.7,473.8,218.7,235.7,0
2030-09-04 20:00:00,0.0,473.8,218.7,304.4,0
2030-09-04 21:00:00,0.0,473.8,218.7,335.5,0
2030-09-04 22:00:00,0.0,473.8,218.7,423.2,0
2030-09-04 23:00:00,0.0,473.8,218.7,445.5,0
2030-09-05 00:00:00,0.0,473.8,218.7,397.7,0
2030-09-05 01:00:00,0.0,473.8,218.7,344.6,0
2030-09-05 02:00:00,0.0,473.8,218.7,255.1,0
2030-09-05 03:00:00,0.0,473.8,218.7,191.4,0
2030-09-05 04:00:00,0.0,473.8,218.7,138.1,0
2030-09-05 05:00:00,0.0,473.8,218.7,101.5,0
2030-09-05 06:00:00,0.0,473.8,218.7,103.1,0
2030-09-05 07:00:00,0.0,473.8,218.7,107.3,0
2030-09-05 08:00:00,1.5,473.8,218.7,123.5,0
2030-09-05 09:00:00,8.4,473.8,218.7,77.0,0
2030-09-05 10:00:00,16.1,473.8,218.7,88.5,0
2030-09-05 11:00:00,22.0,473.8,218.7,86.2,0
2030-09-05 12:00:00,26.1,473.8,218.7,80.4,0
2030-09-05 13:00:00,27.8,473.8,218.7,63.4,0
2030-09-05 14:00:00,27.8,473.8,218.7,43.8,0
2030-09-05 15:00:00,25.2,473.8,218.7,82.1,0
2030-09-05 16:00:00,21.6,473.8,218.7,116.4,0
2030-09-05 17:00:00,16.5,473.8,218.7,103.5,0
2030-09-05 18:00:00,10.1,473.8,218.7,76.0,0
2030-09-05 19:00:00,3.0,473.8,218.7,254.1,0
2030-09-05 20:00:00,0.0,473.8,218.7,328.4,0
2030-09-05 21:00:00,0.0,473.8,218.7,352.9,0
2030-09-05 22:00:00,0.0,473.8,218.7,397.8,0
2030-09-05 23:00:00,0.0,473.8,218.7,405.7,0
2030-09-06 00:00:00,0.0,473.8,218.7,346.4,0
2030-09-06 01:00:00,0.0,473.8,218.7,295.8,0
2030-09-06 02:00:00,0.0,473.8,218.7,220.7,0
2030-09-06 03:00:00,0.0,473.8,218.7,189.3,0
2030-09-06 04:00:00,0.0,473.8,218.7,179.9,0
2030-09-06 05:00:00,0.0,473.8,218.7,172.8,0
2030-09-06 06:00:00,0.0,473.8,218.7,157.5,0
2030-09-06 07:00:00,0.0,473.8,218.7,136.8,0
2030-09-06 08:00:00,1.5,473.8,218.7,136.0,0
2030-09-06 09:00:00,8.5,473.8,218.7,94.5,0
2030-09-06 10:00:00,15.4,473.8,218.7,87.8,0
2030-09-06 11:00:00,20.1,473.8,218.7,87.0,0
2030-09-06 12:00:00,25.0,473.8,218.7,100.5,0
2030-09-06 13:00:00,25.7,473.8,218.7,106.5,0
2030-09-06 14:00:00,26.7,473.8,218.7,109.7,0
2030-09-06 15:00:00,24.4,473.8,218.7,115.1,0
2030-09-06 16:00:00,22.0,473.8,218.7,121.5,0
2030-09-06 17:00:00,17.6,473.8,218.7,104.7,0
2030-09-06 18:00:00,10.7,473.8,218.7,85.9,0
2030-09-06 19:00:00,3.1,473.8,218.7,241.5,0
2030-09-06 20:00:00,0.0,473.8,218.7,303.2,0
2030-09-06 21:00:00,0.0,473.8,218.7,330.2,0
2030-09-06 22:00:00,0.0,473.8,218.7,383.4,0
2030-09-06 23:00:00,0.0,473.8,218.7,408.0,0
2030-09-07 00:00:00,0.0,473.8,218.7,372.6,0
2030-09-07 01:00:00,0.0,473.8,218.7,341.4,0
2030-09-07 02:00:00,0.0,473.8,218.7,271.9,0
2030-09-07 03:00:00,0.0,473.8,218.7,241.0,0
2030-09-07 04:00:00,0.0,473.8,218.7,224.0,0
2030-09-07 05:00:00,0.0,473.8,218.7,203.2,0
2030-09-07 06:00:00,0.0,473.8,218.7,181.3,0
2030-09-07 07:00:00,0.0,473.8,218.7,168.0,0
2030-09-07 08:00:00,1.6,473.8,218.7,174.4,0
2030-09-07 09:00:00,8.6,473.8,218.7,129.2,0
2030-09-07 10:00:00,15.8,473.8,218.7,90.8,0
2030-09-07 11:00:00,20.7,473.8,218.7,91.3,0
2030-09-07 12:00:00,24.7,473.8,218.7,105.0,0
2030-09-07 13:00:00,24.9,473.8,218.7,110.0,0
2030-09-07 14:00:00,23.2,473.8,218.7,114.1,0
2030-09-07 15:00:00,23.8,473.8,218.7,117.3,0
2030-09-07 16:00:00,18.8,473.8,218.7,127.6,0
2030-09-07 17:00:00,14.2,473.8,218.7,159.9,0
2030-09-07 18:00:00,7.7,473.8,218.7,164.5,0
2030-09-07 19:00:00,2.5,473.8,218.7,274.1,0
2030-09-07 20:00:00,0.0,473.8,218.7,333.4,0
2030-09-07 21:00:00,0.0,473.8,218.7,375.6,0
2030-09-07 22:00:00,0.0,473.8,218.7,435.4,0
2030-09-07 23:00:00,0.0,473.8,218.7,452.2,0
2030-09-08 00:00:00,0.0,473.8,218.7,411.8,0
2030-09-08 01:00:00,0.0,473.8,218.7,377.8,0
2030-09-08 02:00:00,0.0,473.8,218.7,302.0,0
2030-09-08 03:00:00,0.0,473.8,218.7,252.1,0
2030-09-08 04:00:00,0.0,473.8,218.7,229.0,0
2030-09-08 05:00:00,0.0,473.8,218.7,204.7,0
2030-09-08 06:00:00,0.0,473.8,218.7,184.5,0
2030-09-08 07:00:00,0.0,473.8,218.7,171.9,0
2030-09-08 08:00:00,1.2,473.8,218.7,173.6,0
2030-09-08 09:00:00,6.3,473.8,218.7,140.4,0
2030-09-08 10:00:00,13.8,473.8,218.7,103.5,0
2030-09-08 11:00:00,17.7,473.8,218.7,92.1,0
2030-09-08 12:00:00,22.6,473.8,218.7,104.7,0
2030-09-08 13:00:00,25.0,473.8,218.7,107.6,0
2030-09-08 14:00:00,24.4,473.8,218.7,112.8,0
2030-09-08 15:00:00,24.8,473.8,218.7,112.4,0
2030-09-08 16:00:00,21.2,473.8,218.7,118.5,0
2030-09-08 17:00:00,15.0,473.8,218.7,127.6,0
2030-09-08 18:00:00,9.0,473.8,218.7,117.6,0
2030-09-08 19:00:00,2.3,473.8,218.7,266.6,0
2030-09-08 20:00:00,0.0,473.8,218.7,317.9,0
2030-09-08 21:00:00,0.0,473.8,218.7,338.9,0
2030-09-08 22:00:00,0.0,473.8,218.7,394.7,0
2030-09-08 23:00:00,0.0,473.8,218.7,417.8,0
2030-09-09 00:00:00,0.0,473.8,218.7,410.3,0
2030-09-09 01:00:00,0.0,473.8,218.7,364.9,0
2030-09-09 02:00:00,0.0,473.8,218.7,303.8,0
2030-09-09 03:00:00,0.0,473.8,218.7,254.9,0
2030-09-09 04:00:00,0.0,473.8,218.7,227.2,0
2030-09-09 05:00:00,0.0,473.8,218.7,200.1,0
2030-09-09 06:00:00,0.0,473.8,218.7,185.5,0
2030-09-09 07:00:00,0.0,473.8,218.7,165.6,0
2030-09-09 08:00:00,1.4,473.8,218.7,185.8,0
2030-09-09 09:00:00,7.9,473.8,218.7,140.8,0
2030-09-09 10:00:00,15.2,473.8,218.7,117.7,0
2030-09-09 11:00:00,20.4,473.8,218.7,126.6,0
2030-09-09 12:00:00,24.2,473.8,218.7,116.4,0
2030-09-09 13:00:00,25.9,473.8,218.7,71.4,0
2030-09-09 14:00:00,26.5,473.8,150.1,0.0,0
2030-09-09 15:00:00,25.1,473.8,199.5,0.0,0
2030-09-09 16:00:00,21.9,473.8,218.7,9.2,0
2030-09-09 17:00:00,15.8,473.8,218.7,69.4,0
2030-09-09 18:00:00,9.6,473.8,218.7,53.8,0
2030-09-09 19:00:00,2.8,473.8,218.7,162.4,0
2030-09-09 20:00:00,0.0,473.8,218.7,237.3,0
2030-09-09 21:00:00,0.0,473.8,218.7,257.8,0
2030-09-09 22:00:00,0.0,473.8,218.7,310.3,0
2030-09-09 23:00:00,0.0,473.8,218.7,327.2,0
2030-09-10 00:00:00,0.0,473.8,218.7,290.4,0
2030-09-10 01:00:00,0.0,473.8,218.7,250.5,0
2030-09-10 02:00:00,0.0,473.8,218.7,202.9,0
2030-09-10 03:00:00,0.0,473.8,218.7,152.5,0
2030-09-10 04:00:00,0.0,473.8,218.7,109.4,0
2030-09-10 05:00:00,0.0,473.8,218.7,96.6,0
2030-09-10 06:00:00,0.0,473.8,218.7,91.0,0
2030-09-10 07:00:00,0.0,473.8,218.7,68.6,0
2030-09-10 08:00:00,1.4,473.8,218.7,0.0,0
2030-09-10 09:00:00,7.1,473.8,218.7,0.0,0
2030-09-10 10:00:00,14.4,473.8,218.7,0.0,0
2030-09-10 11:00:00,20.4,473.8,209.6,0.0,0
2030-09-10 12:00:00,24.2,473.8,206.3,0.0,0
2030-09-10 13:00:00,23.1,473.8,214.9,0.0,0
2030-09-10 14:00:00,24.0,473.8,202.8,0.0,0
2030-09-10 15:00:00,23.7,473.8,218.7,0.0,0
2030-09-10 16:00:00,19.8,473.8,218.7,0.0,0
2030-09-10 17:00:00,14.7,473.8,218.7,0.0,0
2030-09-10 18:00:00,8.6,473.8,218.7,44.1,0
2030-09-10 19:00:00,2.5,473.8,218.7,191.0,0
2030-09-10 20:00:00,0.0,473.8,218.7,260.5,0
2030-09-10 21:00:00,0.0,473.8,218.7,258.4,0
2030-09-10 22:00:00,0.0,473.8,218.7,290.9,0
2030-09-10 23:00:00,0.0,473.8,218.7,319.1,0
2030-09-11 00:00:00,0.0,473.8,218.7,374.5,0
2030-09-11 01:00:00,0.0,473.8,218.7,344.4,0
2030-09-11 02:00:00,0.0,473.8,218.7,274.0,0
2030-09-11 03:00:00,0.0,473.8,218.7,237.7,0
2030-09-11 04:00:00,0.0,473.8,218.7,216.2,0
2030-09-11 05:00:00,0.0,473.8,218.7,189.2,0
2030-09-11 06:00:00,0.0,473.8,218.7,157.5,0
2030-09-11 07:00:00,0.0,473.8,218.7,158.0,0
2030-09-11 08:00:00,0.5,473.8,218.7,164.2,0
2030-09-11 09:00:00,4.9,473.8,218.7,135.1,0
2030-09-11 10:00:00,10.0,473.8,218.7,148.7,0
2030-09-11 11:00:00,13.8,473.8,218.7,127.3,0
2030-09-11 12:00:00,13.8,473.8,218.7,135.8,0
2030-09-11 13:00:00,14.8,473.8,218.7,110.2,0
2030-09-11 14:00:00,14.4,473.8,218.7,114.2,0
2030-09-11 15:00:00,16.0,473.8,218.7,116.1,0
2030-09-11 16:00:00,13.7,473.8,218.7,120.4,0
2030-09-11 17:00:00,9.8,473.8,218.7,118.0,0
2030-09-11 18:00:00,5.4,473.8,218.7,132.7,0
2030-09-11 19:00:00,1.0,473.8,218.7,270.9,0
2030-09-11 20:00:00,0.0,473.8,218.7,308.6,0
2030-09-11 21:00:00,0.0,473.8,218.7,330.6,0
2030-09-11 22:00:00,0.0,473.8,218.7,400.3,0
2030-09-11 23:00:00,0.0,473.8,218.7,424.6,0
2030-09-12 00:00:00,0.0,473.8,218.7,385.0,0
2030-09-12 01:00:00,0.0,473.8,218.7,353.0,0
2030-09-12 02:00:00,0.0,473.8,218.7,283.2,0
2030-09-12 03:00:00,0.0,473.8,218.7,238.3,0
2030-09-12 04:00:00,0.0,473.8,218.7,214.0,0
2030-09-12 05:00:00,0.0,473.8,218.7,188.8,0
2030-09-12 06:00:00,0.0,473.8,218.7,175.9,0
2030-09-12 07:00:00,0.0,473.8,218.7,162.4,0
2030-09-12 08:00:00,1.5,473.8,218.7,161.5,0
2030-09-12 09:00:00,8.1,473.8,218.7,124.0,0
2030-09-12 10:00:00,16.2,473.8,218.7,88.5,0
2030-09-12 11:00:00,22.2,473.8,218.7,87.6,0
2030-09-12 12:00:00,25.0,473.8,218.7,102.3,0
2030-09-12 13:00:00,26.5,473.8,218.7,107.6,0
2030-09-12 14:00:00,26.8,473.8,218.7,115.0,0
2030-09-12 15:00:00,24.1,473.8,218.7,118.0,0
2030-09-12 16:00:00,20.8,473.8,218.7,125.7,0
2030-09-12 17:00:00,16.3,473.8,218.7,107.6,0
2030-09-12 18:00:00,8.5,473.8,218.7,97.1,0
2030-09-12 19:00:00,2.6,473.8,218.7,226.6,0
2030-09-12 20:00:00,0.0,473.8,218.7,280.9,0
2030-09-12 21:00:00,0.0,473.8,218.7,317.8,0
2030-09-12 22:00:00,0.0,473.8,218.7,374.4,0
2030-09-12 23:00:00,0.0,473.8,218.7,395.1,0
2030-09-13 00:00:00,0.0,473.8,218.7,345.2,0
2030-09-13 01:00:00,0.0,473.8,218.7,306.2,0
2030-09-13 02:00:00,0.0,473.8,218.7,235.3,0
2030-09-13 03:00:00,0.0,473.8,218.7,193.9,0
2030-09-13 04:00:00,0.0,473.8,218.7,169.0,0
2030-09-13 05:00:00,0.0,473.8,218.7,138.5,0
2030-09-13 06:00:00,0.0,473.8,218.7,111.0,0
2030-09-13 07:00:00,0.0,473.8,218.7,88.5,0
2030-09-13 08:00:00,1.5,473.8,218.7,98.8,0
2030-09-13 09:00:00,6.7,473.8,218.7,69.0,0
2030-09-13 10:00:00,12.1,473.8,218.7,90.1,0
2030-09-13 11:00:00,17.9,473.8,218.7,88.8,0
2030-09-13 12:00:00,21.6,473.8,218.7,77.7,0
2030-09-13 13:00:00,25.3,473.8,218.7,23.2,0
2030-09-13 14:00:00,26.7,473.8,202.9,0.0,0
2030-09-13 15:00:00,25.8,473.8,215.9,0.0,0
2030-09-13 16:00:00,21.9,473.8,218.7,79.5,0
2030-09-13 17:00:00,15.4,473.8,218.7,107.9,0
2030-09-13 18:00:00,9.5,473.8,218.7,60.2,0
2030-09-13 19:00:00,2.1,473.8,218.7,195.6,0
2030-09-13 20:00:00,0.0,473.8,218.7,255.9,0
2030-09-13 21:00:00,0.0,473.8,218.7,292.9,0
2030-09-13 22:00:00,0.0,473.8,218.7,391.4,0
2030-09-13 23:00:00,0.0,473.8,218.7,415.3,0
2030-09-14 00:00:00,0.0,473.8,218.7,375.4,0
2030-09-14 01:00:00,0.0,473.8,218.7,341.2,0
2030-09-14 02:00:00,0.0,473.8,218.7,272.0,0
2030-09-14 03:00:00,0.0,473.8,218.7,236.3,0
2030-09-14 04:00:00,0.0,473.8,218.7,212.8,0
2030-09-14 05:00:00,0.0,473.8,218.7,185.0,0
2030-09-14 06:00:00,0.0,473.8,218.7,157.3,0
2030-09-14 07:00:00,0.0,473.8,218.7,149.6,0
2030-09-14 08:00:00,1.1,473.8,218.7,173.7,0
2030-09-14 09:00:00,6.8,473.8,218.7,147.6,0
2030-09-14 10:00:00,12.6,473.8,218.7,93.6,0
2030-09-14 11:00:00,18.8,473.8,218.7,88.3,0
2030-09-14 12:00:00,17.8,473.8,218.7,101.5,0
2030-09-14 13:00:00,16.2,473.8,218.7,112.7,0
2030-09-14 14:00:00,16.2,473.8,218.7,119.3,0
2030-09-14 15:00:00,17.4,473.8,218.7,120.8,0
2030-09-14 16:00:00,15.1,473.8,218.7,146.5,0
2030-09-14 17:00:00,9.6,473.8,218.7,157.2,0
2030-09-14 18:00:00,5.0,473.8,218.7,172.7,0
2030-09-14 19:00:00,1.7,473.8,218.7,301.7,0
2030-09-14 20:00:00,0.0,473.8,218.7,328.4,0
2030-09-14 21:00:00,0.0,473.8,218.7,362.7,0
2030-09-14 22:00:00,0.0,473.8,218.7,409.9,0
2030-09-14 23:00:00,0.0,473.8,218.7,427.1,0
2030-09-15 00:00:00,0.0,473.8,218.7,383.5,0
2030-09-15 01:00:00,0.0,473.8,218.7,348.3,0
2030-09-15 02:00:00,0.0,473.8,218.7,275.3,0
2030-09-15 03:00:00,0.0,473.8,218.7,235.7,0
2030-09-15 04:00:00,0.0,473.8,218.7,212.3,0
2030-09-15 05:00:00,0.0,473.8,218.7,191.8,0
2030-09-15 06:00:00,0.0,473.8,218.7,172.2,0
2030-09-15 07:00:00,0.0,473.8,218.7,157.0,0
2030-09-15 08:00:00,1.3,473.8,218.7,155.2,0
2030-09-15 09:00:00,7.4,473.8,218.7,120.8,0
2030-09-15 10:00:00,14.6,473.8,218.7,87.3,0
2030-09-15 11:00:00,19.7,473.8,218.7,86.4,0
2030-09-15 12:00:00,22.6,473.8,218.7,100.8,0
2030-09-15 13:00:00,24.2,473.8,218.7,104.9,0
2030-09-15 14:00:00,23.3,473.8,218.7,105.8,0
2030-09-15 15:00:00,21.0,473.8,218.7,112.2,0
2030-09-15 16:00:00,16.6,473.8,218.7,124.7,0
2030-09-15 17:00:00,11.4,473.8,218.7,151.1,0
2030-09-15 18:00:00,5.4,473.8,218.7,155.8,0
2030-09-15 19:00:00,1.7,473.8,218.7,273.4,0
2030-09-15 20:00:00,0.0,473.8,218.7,329.4,0
2030-09-15 21:00:00,0.0,473.8,218.7,358.1,0
2030-09-15 22:00:00,0.0,473.8,218.7,419.2,0
2030-09-15 23:00:00,0.0,473.8,218.7,439.1,0
2030-09-16 00:00:00,0.0,473.8,218.7,428.2,0
2030-09-16 01:00:00,0.0,473.8,218.7,385.1,0
2030-09-16 02:00:00,0.0,473.8,218.7,333.7,0
2030-09-16 03:00:00,0.0,473.8,218.7,284.7,0
2030-09-16 04:00:00,0.0,473.8,218.7,252.2,0
2030-09-16 05:00:00,0.0,473.8,218.7,222.6,0
2030-09-16 06:00:00,0.0,473.8,218.7,209.0,0
2030-09-16 07:00:00,0.0,473.8,218.7,185.9,0
2030-09-16 08:00:00,1.7,473.8,218.7,200.3,0
2030-09-16 09:00:00,8.4,473.8,218.7,157.8,0
2030-09-16 10:00:00,16.1,473.8,218.7,118.0,0
2030-09-16 11:00:00,21.6,473.8,218.7,127.2,0
2030-09-16 12:00:00,25.6,473.8,218.7,118.9,0
2030-09-16 13:00:00,26.8,473.8,218.7,118.3,0
2030-09-16 14:00:00,27.4,473.8,218.7,29.5,0
2030-09-16 15:00:00,25.3,473.8,218.7,95.6,0
2030-09-16 16:00:00,19.5,473.8,218.7,102.6,0
2030-09-16 17:00:00,14.2,473.8,218.7,88.5,0
2030-09-16 18:00:00,7.9,473.8,218.7,93.6,0
2030-09-16 19:00:00,2.0,473.8,218.7,255.0,0
2030-09-16 20:00:00,0.0,473.8,218.7,298.8,0
2030-09-16 21:00:00,0.0,473.8,218.7,311.4,0
2030-09-16 22:00:00,0.0,473.8,218.7,347.3,0
2030-09-16 23:00:00,0.0,473.8,218.7,358.0,0
2030-09-17 00:00:00,0.0,473.8,218.7,317.5,0
2030-09-17 01:00:00,0.0,473.8,218.7,274.3,0
2030-09-17 02:00:00,0.0,473.8,218.7,237.2,0
2030-09-17 03:00:00,0.0,473.8,218.7,187.3,0
2030-09-17 04:00:00,0.0,473.8,218.7,145.5,0
2030-09-17 05:00:00,0.0,473.8,218.7,120.2,0
2030-09-17 06:00:00,0.0,473.8,218.7,84.8,0
2030-09-17 07:00:00,0.0,473.8,218.7,56.6,0
2030-09-17 08:00:00,1.1,473.8,218.7,5.3,0
2030-09-17 09:00:00,5.6,473.8,218.7,0.0,0
2030-09-17 10:00:00,12.3,473.8,218.7,0.0,0
2030-09-17 11:00:00,18.0,473.8,218.7,0.0,0
2030-09-17 12:00:00,21.9,473.8,218.7,0.0,0
2030-09-17 13:00:00,24.0,473.8,218.7,0.0,0
2030-09-17 14:00:00,24.6,473.8,218.7,0.0,0
2030-09-17 15:00:00,22.8,473.8,218.7,0.0,0
2030-09-17 16:00:00,17.9,473.8,218.7,0.0,0
2030-09-17 17:00:00,13.7,473.8,218.7,9.5,0
2030-09-17 18:00:00,6.9,473.8,218.7,87.6,0
2030-09-17 19:00:00,1.5,473.8,218.7,223.3,0
2030-09-17 20:00:00,0.0,473.8,218.7,274.2,0
2030-09-17 21:00:00,0.0,473.8,218.7,263.8,0
2030-09-17 22:00:00,0.0,473.8,218.7,301.1,0
2030-09-17 23:00:00,0.0,473.8,218.7,330.6,0
2030-09-18 00:00:00,0.0,473.8,218.7,383.0,0
2030-09-18 01:00:00,0.0,473.8,218.7,348.6,0
2030-09-18 02:00:00,0.0,473.8,218.7,273.5,0
2030-09-18 03:00:00,0.0,473.8,218.7,228.4,0
2030-09-18 04:00:00,0.0,473.8,218.7,207.0,0
2030-09-18 05:00:00,0.0,473.8,218.7,187.9,0
2030-09-18 06:00:00,0.0,473.8,218.7,170.0,0
2030-09-18 07:00:00,0.0,473.8,218.7,151.8,0
2030-09-18 08:00:00,1.4,473.8,218.7,146.1,0
2030-09-18 09:00:00,6.5,473.8,218.7,105.0,0
2030-09-18 10:00:00,14.3,473.8,218.7,84.7,0
2030-09-18 11:00:00,19.8,473.8,218.7,86.1,0
2030-09-18 12:00:00,25.1,473.8,218.7,102.8,0
2030-09-18 13:00:00,27.6,473.8,218.7,106.3,0
2030-09-18 14:00:00,27.3,473.8,218.7,110.4,0
2030-09-18 15:00:00,26.0,473.8,218.7,117.7,0
2030-09-18 16:00:00,21.7,473.8,218.7,125.1,0
2030-09-18 17:00:00,16.1,473.8,218.7,123.6,0
2030-09-18 18:00:00,8.2,473.8,218.7,155.0,0
2030-09-18 19:00:00,1.7,473.8,218.7,311.8,0
2030-09-18 20:00:00,0.0,473.8,218.7,361.3,0
2030-09-18 21:00:00,0.0,473.8,218.7,384.0,0
2030-09-18 22:00:00,0.0,473.8,218.7,423.5,0
2030-09-18 23:00:00,0.0,473.8,218.7,445.4,0
2030-09-19 00:00:00,0.0,473.8,218.7,405.4,0
2030-09-19 01:00:00,0.0,473.8,218.7,366.8,0
2030-09-19 02:00:00,0.0,473.8,218.7,286.0,0
2030-09-19 03:00:00,0.0,473.8,218.7,247.7,0
2030-09-19 04:00:00,0.0,473.8,218.7,228.5,0
2030-09-19 05:00:00,0.0,473.8,218.7,186.5,0
2030-09-19 06:00:00,0.0,473.8,218.7,169.4,0
2030-09-19 07:00:00,0.0,473.8,218.7,161.0,0
2030-09-19 08:00:00,0.9,473.8,218.7,166.8,0
2030-09-19 09:00:00,5.0,473.8,218.7,143.3,0
2030-09-19 10:00:00,10.6,473.8,218.7,76.2,0
2030-09-19 11:00:00,14.4,473.8,218.7,77.1,0
2030-09-19 12:00:00,21.5,473.8,218.7,86.7,0
2030-09-19 13:00:00,19.2,473.8,218.7,93.3,0
2030-09-19 14:00:00,15.6,473.8,218.7,101.8,0
2030-09-19 15:00:00,15.6,473.8,218.7,110.2,0
2030-09-19 16:00:00,10.3,473.8,218.7,119.9,0
2030-09-19 17:00:00,6.9,473.8,218.7,119.9,0
2030-09-19 18:00:00,4.4,473.8,218.7,65.5,0
2030-09-19 19:00:00,1.4,473.8,218.7,194.6,0
2030-09-19 20:00:00,0.0,473.8,218.7,254.7,0
2030-09-19 21:00:00,0.0,473.8,218.7,284.2,0
2030-09-19 22:00:00,0.0,473.8,218.7,366.9,0
2030-09-19 23:00:00,0.0,473.8,218.7,391.0,0
2030-09-20 00:00:00,0.0,473.8,218.7,349.0,0
2030-09-20 01:00:00,0.0,473.8,218.7,316.9,0
2030-09-20 02:00:00,0.0,473.8,218.7,254.4,0
2030-09-20 03:00:00,0.0,473.8,218.7,227.1,0
2030-09-20 04:00:00,0.0,473.8,218.7,211.1,0
2030-09-20 05:00:00,0.0,473.8,218.7,191.9,0
2030-09-20 06:00:00,0.0,473.8,218.7,176.6,0
2030-09-20 07:00:00,0.0,473.8,218.7,160.9,0
2030-09-20 08:00:00,1.5,473.8,218.7,165.9,0
2030-09-20 09:00:00,8.6,473.8,218.7,122.4,0
2030-09-20 10:00:00,16.2,473.8,218.7,87.5,0
2030-09-20 11:00:00,22.3,473.8,218.7,86.5,0
2030-09-20 12:00:00,26.5,473.8,218.7,102.8,0
2030-09-20 13:00:00,28.1,473.8,218.7,108.3,0
2030-09-20 14:00:00,27.8,473.8,218.7,115.2,0
2030-09-20 15:00:00,26.0,473.8,218.7,121.5,0
2030-09-20 16:00:00,22.1,473.8,218.7,126.4,0
2030-09-20 17:00:00,14.4,473.8,218.7,162.6,0
2030-09-20 18:00:00,8.2,473.8,218.7,166.8,0
2030-09-20 19:00:00,2.0,473.8,218.7,299.7,0
2030-09-20 20:00:00,0.0,473.8,218.7,328.7,0
2030-09-20 21:00:00,0.0,473.8,218.7,378.1,0
2030-09-20 22:00:00,0.0,473.8,218.7,388.3,0
2030-09-20 23:00:00,0.0,473.8,218.7,385.9,0
2030-09-21 00:00:00,0.0,473.8,218.7,351.7,0
2030-09-21 01:00:00,0.0,473.8,218.7,326.1,0
2030-09-21 02:00:00,0.0,473.8,218.7,257.7,0
2030-09-21 03:00:00,0.0,473.8,218.7,219.6,0
2030-09-21 04:00:00,0.0,473.8,218.7,214.6,0
2030-09-21 05:00:00,0.0,473.8,218.7,199.6,0
2030-09-21 06:00:00,0.0,473.8,218.7,175.7,0
2030-09-21 07:00:00,0.0,473.8,218.7,144.9,0
2030-09-21 08:00:00,1.8,473.8,218.7,138.6,0
2030-09-21 09:00:00,8.9,473.8,218.7,91.3,0
2030-09-21 10:00:00,15.9,473.8,218.7,84.1,0
2030-09-21 11:00:00,19.0,473.8,218.7,87.9,0
2030-09-21 12:00:00,24.8,473.8,218.7,104.3,0
2030-09-21 13:00:00,26.5,473.8,218.7,110.1,0
2030-09-21 14:00:00,24.3,473.8,218.7,111.3,0
2030-09-21 15:00:00,24.1,473.8,218.7,118.3,0
2030-09-21 16:00:00,20.9,473.8,218.7,124.2,0
2030-09-21 17:00:00,15.1,473.8,218.7,146.6,0
2030-09-21 18:00:00,7.4,473.8,218.7,163.5,0
2030-09-21 19:00:00,1.5,473.8,218.7,280.2,0
2030-09-21 20:00:00,0.0,473.8,218.7,335.4,0
2030-09-21 21:00:00,0.0,473.8,218.7,367.6,0
2030-09-21 22:00:00,0.0,473.8,218.7,414.7,0
2030-09-21 23:00:00,0.0,473.8,218.7,439.1,0
2030-09-22 00:00:00,0.0,473.8,218.7,392.7,0
2030-09-22 01:00:00,0.0,473.8,218.7,358.4,0
2030-09-22 02:00:00,0.0,473.8,218.7,285.0,0
2030-09-22 03:00:00,0.0,473.8,218.7,244.5,0
2030-09-22 04:00:00,0.0,473.8,218.7,224.0,0
2030-09-22 05:00:00,0.0,473.8,218.7,201.5,0
2030-09-22 06:00:00,0.0,473.8,218.7,176.1,0
2030-09-22 07:00:00,0.0,473.8,218.7,158.4,0
2030-09-22 08:00:00,1.2,473.8,218.7,164.0,0
2030-09-22 09:00:00,5.7,473.8,218.7,135.0,0
2030-09-22 10:00:00,8.6,473.8,218.7,103.0,0
2030-09-22 11:00:00,14.7,473.8,218.7,82.0,0
2030-09-22 12:00:00,18.9,473.8,218.7,97.7,0
2030-09-22 13:00:00,22.4,473.8,218.7,102.8,0
2030-09-22 14:00:00,21.2,473.8,218.7,111.0,0
2030-09-22 15:00:00,17.3,473.8,218.7,119.3,0
2030-09-22 16:00:00,15.4,473.8,218.7,171.8,0
2030-09-22 17:00:00,11.8,473.8,218.7,167.8,0
2030-09-22 18:00:00,6.4,473.8,218.7,150.9,0
2030-09-22 19:00:00,1.3,473.8,218.7,280.4,0
2030-09-22 20:00:00,0.0,473.8,218.7,335.3,0
2030-09-22 21:00:00,0.0,473.8,218.7,371.2,0
2030-09-22 22:00:00,0.0,473.8,218.7,418.8,0
2030-09-22 23:00:00,0.0,473.8,218.7,435.0,0
2030-09-23 00:00:00,0.0,473.8,218.7,417.9,0
2030-09-23 01:00:00,0.0,473.8,218.7,381.2,0
2030-09-23 02:00:00,0.0,473.8,218.7,333.6,0
2030-09-23 03:00:00,0.0,473.8,218.7,283.9,0
2030-09-23 04:00:00,0.0,473.8,218.7,251.4,0
2030-09-23 05:00:00,0.0,473.8,218.7,226.9,0
2030-09-23 06:00:00,0.0,473.8,218.7,217.6,0
2030-09-23 07:00:00,0.0,473.8,218.7,194.9,0
2030-09-23 08:00:00,1.1,473.8,218.7,198.1,0
2030-09-23 09:00:00,5.8,473.8,218.7,163.6,0
2030-09-23 10:00:00,12.1,473.8,218.7,117.2,0
2030-09-23 11:00:00,17.0,473.8,218.7,116.8,0
2030-09-23 12:00:00,24.0,473.8,218.7,107.9,0
2030-09-23 13:00:00,28.2,473.8,218.7,107.9,0
2030-09-23 14:00:00,27.9,473.8,218.7,7.4,0
2030-09-23 15:00:00,25.7,473.8,218.7,89.8,0
2030-09-23 16:00:00,22.1,473.8,218.7,90.7,0
2030-09-23 17:00:00,15.2,473.8,218.7,92.1,0
2030-09-23 18:00:00,6.9,473.8,218.7,124.7,0
2030-09-23 19:00:00,1.6,473.8,218.7,272.3,0
2030-09-23 20:00:00,0.0,473.8,218.7,297.3,0
2030-09-23 21:00:00,0.0,473.8,218.7,310.0,0
2030-09-23 22:00:00,0.0,473.8,218.7,364.5,0
2030-09-23 23:00:00,0.0,473.8,218.7,380.6,0
2030-09-24 00:00:00,0.0,473.8,218.7,340.3,0
2030-09-24 01:00:00,0.0,473.8,218.7,292.3,0
2030-09-24 02:00:00,0.0,473.8,218.7,245.5,0
2030-09-24 03:00:00,0.0,473.8,218.7,195.0,0
2030-09-24 04:00:00,0.0,473.8,218.7,155.2,0
2030-09-24 05:00:00,0.0,473.8,218.7,134.7,0
2030-09-24 06:00:00,0.0,473.8,218.7,103.1,0
2030-09-24 07:00:00,0.0,473.8,218.7,72.4,0
2030-09-24 08:00:00,1.9,473.8,218.7,16.8,0
2030-09-24 09:00:00,9.2,473.8,218.7,0.0,0
2030-09-24 10:00:00,16.4,473.8,218.7,0.0,0
2030-09-24 11:00:00,22.6,473.8,185.1,0.0,0
2030-09-24 12:00:00,26.2,473.8,175.4,0.0,0
2030-09-24 13:00:00,28.0,473.8,152.6,0.0,0
2030-09-24 14:00:00,27.6,473.8,160.0,0.0,0
2030-09-24 15:00:00,26.3,473.8,196.5,0.0,0
2030-09-24 16:00:00,22.3,473.8,209.8,0.0,0
2030-09-24 17:00:00,17.0,473.8,218.7,0.0,0
2030-09-24 18:00:00,9.6,473.8,218.7,17.2,0
2030-09-24 19:00:00,2.2,473.8,218.7,160.3,0
2030-09-24 20:00:00,0.0,473.8,218.7,219.8,0
2030-09-24 21:00:00,0.0,473.8,218.7,221.2,0
2030-09-24 22:00:00,0.0,473.8,218.7,237.3,0
2030-09-24 23:00:00,0.0,473.8,218.7,264.5,0
2030-09-25 00:00:00,0.0,473.8,218.7,315.2,0
2030-09-25 01:00:00,0.0,473.8,218.7,275.3,0
2030-09-25 02:00:00,0.0,473.8,218.7,192.4,0
2030-09-25 03:00:00,0.0,473.8,218.7,136.8,0
2030-09-25 04:00:00,0.0,473.8,218.7,108.0,0
2030-09-25 05:00:00,0.0,473.8,218.7,92.1,0
2030-09-25 06:00:00,0.0,473.8,218.7,73.2,0
2030-09-25 07:00:00,0.0,473.8,218.7,70.3,0
2030-09-25 08:00:00,1.8,473.8,218.7,91.9,0
2030-09-25 09:00:00,9.1,473.8,218.7,70.5,0
2030-09-25 10:00:00,16.6,473.8,218.7,89.5,0
2030-09-25 11:00:00,21.9,473.8,218.7,88.4,0
2030-09-25 12:00:00,25.8,473.8,218.7,101.8,0
2030-09-25 13:00:00,27.4,473.8,218.7,106.4,0
2030-09-25 14:00:00,26.1,473.8,218.7,104.7,0
2030-09-25 15:00:00,24.9,473.8,218.7,119.2,0
2030-09-25 16:00:00,21.4,473.8,218.7,126.4,0
2030-09-25 17:00:00,16.2,473.8,218.7,110.2,0
2030-09-25 18:00:00,8.9,473.8,218.7,116.3,0
2030-09-25 19:00:00,2.0,473.8,218.7,269.5,0
2030-09-25 20:00:00,0.0,473.8,218.7,319.5,0
2030-09-25 21:00:00,0.0,473.8,218.7,356.5,0
2030-09-25 22:00:00,0.0,473.8,218.7,405.5,0
2030-09-25 23:00:00,0.0,473.8,218.7,427.7,0
2030-09-26 00:00:00,0.0,473.8,218.7,391.0,0
2030-09-26 01:00:00,0.0,473.8,218.7,360.0,0
2030-09-26 02:00:00,0.0,473.8,218.7,288.9,0
2030-09-26 03:00:00,0.0,473.8,218.7,246.5,0
2030-09-26 04:00:00,0.0,473.8,218.7,224.4,0
2030-09-26 05:00:00,0.0,473.8,218.7,201.0,0
2030-09-26 06:00:00,0.0,473.8,218.7,175.2,0
2030-09-26 07:00:00,0.0,473.8,218.7,155.7,0
2030-09-26 08:00:00,1.9,473.8,218.7,156.8,0
2030-09-26 09:00:00,9.3,473.8,218.7,113.8,0
2030-09-26 10:00:00,16.7,473.8,218.7,89.0,0
2030-09-26 11:00:00,22.5,473.8,218.7,90.8,0
2030-09-26 12:00:00,25.8,473.8,218.7,105.7,0
2030-09-26 13:00:00,27.7,473.8,218.7,111.2,0
2030-09-26 14:00:00,27.2,473.8,218.7,116.0,0
2030-09-26 15:00:00,26.1,473.8,218.7,121.5,0
2030-09-26 16:00:00,22.0,473.8,218.7,128.6,0
2030-09-26 17:00:00,15.2,473.8,218.7,139.2,0
2030-09-26 18:00:00,7.8,473.8,218.7,170.5,0
2030-09-26 19:00:00,1.7,473.8,218.7,309.8,0
2030-09-26 20:00:00,0.0,473.8,218.7,342.4,0
2030-09-26 21:00:00,0.0,473.8,218.7,362.0,0
2030-09-26 22:00:00,0.0,473.8,218.7,415.1,0
2030-09-26 23:00:00,0.0,473.8,218.7,430.8,0
2030-09-27 00:00:00,0.0,473.8,218.7,390.2,0
2030-09-27 01:00:00,0.0,473.8,218.7,356.1,0
2030-09-27 02:00:00,0.0,473.8,218.7,283.4,0
2030-09-27 03:00:00,0.0,473.8,218.7,244.4,0
2030-09-27 04:00:00,0.0,473.8,218.7,222.3,0
2030-09-27 05:00:00,0.0,473.8,218.7,199.6,0
2030-09-27 06:00:00,0.0,473.8,218.7,173.1,0
2030-09-27 07:00:00,0.0,473.8,218.7,156.5,0
2030-09-27 08:00:00,0.9,473.8,218.7,149.1,0
2030-09-27 09:00:00,3.7,473.8,218.7,123.6,0
2030-09-27 10:00:00,7.8,473.8,218.7,76.5,0
2030-09-27 11:00:00,10.1,473.8,218.7,84.0,0
2030-09-27 12:00:00,12.9,473.8,218.7,95.1,0
2030-09-27 13:00:00,8.8,473.8,218.7,104.1,0
2030-09-27 14:00:00,8.0,473.8,218.7,108.3,0
2030-09-27 15:00:00,8.1,473.8,218.7,111.5,0
2030-09-27 16:00:00,8.5,473.8,218.7,121.5,0
2030-09-27 17:00:00,7.4,473.8,218.7,134.4,0
2030-09-27 18:00:00,3.4,473.8,218.7,133.9,0
2030-09-27 19:00:00,0.4,473.8,218.7,264.0,0
2030-09-27 20:00:00,0.0,473.8,218.7,313.8,0
2030-09-27 21:00:00,0.0,473.8,218.7,354.5,0
2030-09-27 22:00:00,0.0,473.8,218.7,405.4,0
2030-09-27 23:00:00,0.0,473.8,218.7,423.5,0
2030-09-28 00:00:00,0.0,473.8,218.7,382.3,0
2030-09-28 01:00:00,0.0,473.8,218.7,348.7,0
2030-09-28 02:00:00,0.0,473.8,218.7,275.0,0
2030-09-28 03:00:00,0.0,473.8,218.7,224.8,0
2030-09-28 04:00:00,0.0,473.8,218.7,194.6,0
2030-09-28 05:00:00,0.0,473.8,218.7,175.1,0
2030-09-28 06:00:00,0.0,473.8,218.7,161.8,0
2030-09-28 07:00:00,0.0,473.8,218.7,156.0,0
2030-09-28 08:00:00,0.6,473.8,218.7,152.0,0
2030-09-28 09:00:00,2.9,473.8,218.7,131.1,0
2030-09-28 10:00:00,3.4,473.8,218.7,113.2,0
2030-09-28 11:00:00,7.0,473.8,218.7,91.1,0
2030-09-28 12:00:00,7.6,473.8,218.7,108.3,0
2030-09-28 13:00:00,15.4,473.8,218.7,109.3,0
2030-09-28 14:00:00,23.4,473.8,218.7,110.2,0
2030-09-28 15:00:00,23.9,473.8,218.7,113.8,0
2030-09-28 16:00:00,22.3,473.8,218.7,118.8,0
2030-09-28 17:00:00,16.7,473.8,218.7,105.6,0
2030-09-28 18:00:00,9.1,473.8,218.7,106.7,0
2030-09-28 19:00:00,1.8,473.8,218.7,258.9,0
2030-09-28 20:00:00,0.0,473.8,218.7,305.7,0
2030-09-28 21:00:00,0.0,473.8,218.7,332.3,0
2030-09-28 22:00:00,0.0,473.8,218.7,409.2,0
2030-09-28 23:00:00,0.0,473.8,218.7,422.2,0
2030-09-29 00:00:00,0.0,473.8,218.7,364.7,0
2030-09-29 01:00:00,0.0,473.8,218.7,310.0,0
2030-09-29 02:00:00,0.0,473.8,218.7,235.9,0
2030-09-29 03:00:00,0.0,473.8,218.7,195.3,0
2030-09-29 04:00:00,0.0,473.8,218.7,162.1,0
2030-09-29 05:00:00,0.0,473.8,218.7,125.6,0
2030-09-29 06:00:00,0.0,473.8,218.7,100.8,0
2030-09-29 07:00:00,0.0,473.8,218.7,91.8,0
2030-09-29 08:00:00,1.6,473.8,218.7,95.7,0
2030-09-29 09:00:00,8.0,473.8,218.7,65.4,0
2030-09-29 10:00:00,14.9,473.8,218.7,90.0,0
2030-09-29 11:00:00,21.9,473.8,218.7,87.2,0
2030-09-29 12:00:00,24.0,473.8,218.7,97.0,0
2030-09-29 13:00:00,28.1,473.8,218.7,90.8,0
2030-09-29 14:00:00,27.0,473.8,218.7,76.6,0
2030-09-29 15:00:00,25.5,473.8,218.7,105.7,0
2030-09-29 16:00:00,20.8,473.8,218.7,120.7,0
2030-09-29 17:00:00,16.3,473.8,218.7,103.3,0
2030-09-29 18:00:00,8.7,473.8,218.7,57.1,0
2030-09-29 19:00:00,1.8,473.8,218.7,199.6,0
2030-09-29 20:00:00,0.0,473.8,218.7,233.1,0
2030-09-29 21:00:00,0.0,473.8,218.7,268.1,0
2030-09-29 22:00:00,0.0,473.8,218.7,355.4,0
2030-09-29 23:00:00,0.0,473.8,218.7,373.9,0
2030-09-30 00:00:00,0.0,473.8,218.7,364.9,0
2030-09-30 01:00:00,0.0,473.8,218.7,331.8,0
2030-09-30 02:00:00,0.0,473.8,218.7,292.9,0
2030-09-30 03:00:00,0.0,473.8,218.7,248.8,0
2030-09-30 04:00:00,0.0,473.8,218.7,224.5,0
2030-09-30 05:00:00,0.0,473.8,218.7,206.2,0
2030-09-30 06:00:00,0.0,473.8,218.7,208.3,0
2030-09-30 07:00:00,0.0,473.8,218.7,195.8,0
2030-09-30 08:00:00,2.1,473.8,218.7,204.4,0
2030-09-30 09:00:00,9.7,473.8,218.7,157.1,0
2030-09-30 10:00:00,17.2,473.8,218.7,119.0,0
2030-09-30 11:00:00,23.1,473.8,218.7,125.1,0
2030-09-30 12:00:00,27.1,473.8,218.7,117.9,0
2030-09-30 13:00:00,29.0,473.8,218.7,118.9,0
2030-09-30 14:00:00,28.8,473.8,218.7,40.7,0
2030-09-30 15:00:00,26.9,473.8,218.7,98.0,0
2030-09-30 16:00:00,22.9,473.8,218.7,104.7,0
2030-09-30 17:00:00,17.1,473.8,218.7,96.3,0
2030-09-30 18:00:00,9.4,473.8,218.7,130.1,0
2030-09-30 19:00:00,1.8,473.8,218.7,290.2,0
2030-09-30 20:00:00,0.0,473.8,218.7,309.5,0
2030-09-30 21:00:00,0.0,473.8,218.7,324.2,0
2030-09-30 22:00:00,0.0,473.8,218.7,364.2,0
2030-09-30 23:00:00,0.0,473.8,218.7,384.4,0
2030-10-01 00:00:00,0.0,473.8,218.7,448.2,0
2030-10-01 01:00:00,0.0,473.8,218.7,380.6,0
2030-10-01 02:00:00,0.0,473.8,218.7,323.9,0
2030-10-01 03:00:00,0.0,473.8,218.7,275.7,0
2030-10-01 04:00:00,0.0,473.8,218.7,246.5,0
2030-10-01 05:00:00,0.0,473.8,218.7,213.0,0
2030-10-01 06:00:00,0.0,473.8,218.7,203.0,0
2030-10-01 07:00:00,0.0,473.8,218.7,161.6,0
2030-10-01 08:00:00,1.9,473.8,218.7,118.9,0
2030-10-01 09:00:00,9.2,473.8,218.7,57.1,0
2030-10-01 10:00:00,16.3,473.8,218.7,18.8,0
2030-10-01 11:00:00,21.8,473.8,218.7,22.9,0
2030-10-01 12:00:00,26.1,473.8,218.7,20.7,0
2030-10-01 13:00:00,27.1,473.8,218.7,27.5,0
2030-10-01 14:00:00,27.3,473.8,218.7,23.8,0
2030-10-01 15:00:00,24.0,473.8,218.7,26.7,0
2030-10-01 16:00:00,19.2,473.8,218.7,38.5,0
2030-10-01 17:00:00,14.2,473.8,218.7,96.1,0
2030-10-01 18:00:00,7.2,473.8,218.7,130.1,0
2030-10-01 19:00:00,1.4,473.8,218.7,287.8,0
2030-10-01 20:00:00,0.0,473.8,218.7,261.3,0
2030-10-01 21:00:00,0.0,473.8,218.7,324.9,0
2030-10-01 22:00:00,0.0,473.8,218.7,360.8,0
2030-10-01 23:00:00,0.0,473.8,218.7,381.7,0
2030-10-02 00:00:00,0.0,473.8,218.7,363.3,0
2030-10-02 01:00:00,0.0,473.8,218.7,310.5,0
2030-10-02 02:00:00,0.0,473.8,218.7,276.8,0
2030-10-02 03:00:00,0.0,473.8,218.7,252.2,0
2030-10-02 04:00:00,0.0,473.8,218.7,225.2,0
2030-10-02 05:00:00,0.0,473.8,218.7,212.1,0
2030-10-02 06:00:00,0.0,473.8,218.7,192.4,0
2030-10-02 07:00:00,0.0,473.8,218.7,158.7,0
2030-10-02 08:00:00,0.6,473.8,218.7,181.2,0
2030-10-02 09:00:00,4.5,473.8,218.7,164.7,0
2030-10-02 10:00:00,9.5,473.8,218.7,100.0,0
2030-10-02 11:00:00,12.5,473.8,218.7,99.3,0
2030-10-02 12:00:00,17.6,473.8,218.7,104.1,0
2030-10-02 13:00:00,17.7,473.8,218.7,102.3,0
2030-10-02 14:00:00,16.4,473.8,218.7,94.6,0
2030-10-02 15:00:00,18.2,473.8,218.7,112.4,0
2030-10-02 16:00:00,15.4,473.8,218.7,111.6,0
2030-10-02 17:00:00,11.4,473.8,218.7,98.6,0
2030-10-02 18:00:00,4.7,473.8,218.7,154.4,0
2030-10-02 19:00:00,0.5,473.8,218.7,280.0,0
2030-10-02 20:00:00,0.0,473.8,218.7,316.7,0
2030-10-02 21:00:00,0.0,473.8,218.7,344.8,0
2030-10-02 22:00:00,0.0,473.8,218.7,403.2,0
2030-10-02 23:00:00,0.0,473.8,218.7,414.1,0
2030-10-03 00:00:00,0.0,473.8,218.7,389.0,0
2030-10-03 01:00:00,0.0,473.8,218.7,334.6,0
2030-10-03 02:00:00,0.0,473.8,218.7,293.3,0
2030-10-03 03:00:00,0.0,473.8,218.7,249.2,0
2030-10-03 04:00:00,0.0,473.8,218.7,221.3,0
2030-10-03 05:00:00,0.0,473.8,218.7,209.4,0
2030-10-03 06:00:00,0.0,473.8,218.7,190.0,0
2030-10-03 07:00:00,0.0,473.8,218.7,157.6,0
2030-10-03 08:00:00,1.8,473.8,218.7,165.5,0
2030-10-03 09:00:00,8.9,473.8,218.7,138.7,0
2030-10-03 10:00:00,16.0,473.8,218.7,98.1,0
2030-10-03 11:00:00,20.9,473.8,218.7,94.7,0
2030-10-03 12:00:00,25.2,473.8,218.7,102.9,0
2030-10-03 13:00:00,26.7,473.8,218.7,102.8,0
2030-10-03 14:00:00,27.4,473.8,218.7,96.0,0
2030-10-03 15:00:00,24.9,473.8,218.7,115.3,0
2030-10-03 16:00:00,20.6,473.8,218.7,111.4,0
2030-10-03 17:00:00,12.7,473.8,218.7,122.1,0
2030-10-03 18:00:00,7.0,473.8,218.7,146.6,0
2030-10-03 19:00:00,0.8,473.8,218.7,275.3,0
2030-10-03 20:00:00,0.0,473.8,218.7,311.6,0
2030-10-03 21:00:00,0.0,473.8,218.7,347.7,0
2030-10-03 22:00:00,0.0,473.8,218.7,398.0,0
2030-10-03 23:00:00,0.0,473.8,218.7,410.1,0
2030-10-04 00:00:00,0.0,473.8,218.7,390.0,0
2030-10-04 01:00:00,0.0,473.8,218.7,337.3,0
2030-10-04 02:00:00,0.0,473.8,218.7,299.4,0
2030-10-04 03:00:00,0.0,473.8,218.7,262.2,0
2030-10-04 04:00:00,0.0,473.8,218.7,235.3,0
2030-10-04 05:00:00,0.0,473.8,218.7,221.7,0
2030-10-04 06:00:00,0.0,473.8,218.7,201.6,0
2030-10-04 07:00:00,0.0,473.8,218.7,171.2,0
2030-10-04 08:00:00,2.0,473.8,218.7,186.4,0
2030-10-04 09:00:00,9.3,473.8,218.7,159.3,0
2030-10-04 10:00:00,16.6,473.8,218.7,104.3,0
2030-10-04 11:00:00,21.2,473.8,218.7,101.3,0
2030-10-04 12:00:00,26.1,473.8,218.7,105.1,0
2030-10-04 13:00:00,28.1,473.8,218.7,103.8,0
2030-10-04 14:00:00,27.9,473.8,218.7,93.9,0
2030-10-04 15:00:00,25.1,473.8,218.7,113.1,0
2030-10-04 16:00:00,21.6,473.8,218.7,113.8,0
2030-10-04 17:00:00,15.9,473.8,218.7,87.3,0
2030-10-04 18:00:00,8.9,473.8,218.7,94.1,0
2030-10-04 19:00:00,1.6,473.8,218.7,246.7,0
2030-10-04 20:00:00,0.0,473.8,218.7,288.9,0
2030-10-04 21:00:00,0.0,473.8,218.7,336.4,0
2030-10-04 22:00:00,0.0,473.8,218.7,387.9,0
2030-10-04 23:00:00,0.0,473.8,218.7,390.8,0
2030-10-05 00:00:00,0.0,473.8,218.7,366.3,0
2030-10-05 01:00:00,0.0,473.8,218.7,306.2,0
2030-10-05 02:00:00,0.0,473.8,218.7,266.8,0
2030-10-05 03:00:00,0.0,473.8,218.7,240.3,0
2030-10-05 04:00:00,0.0,473.8,218.7,215.4,0
2030-10-05 05:00:00,0.0,473.8,218.7,194.9,0
2030-10-05 06:00:00,0.0,473.8,218.7,181.0,0
2030-10-05 07:00:00,0.0,473.8,218.7,163.1,0
2030-10-05 08:00:00,1.3,473.8,218.7,192.9,0
2030-10-05 09:00:00,6.1,473.8,218.7,191.8,0
2030-10-05 10:00:00,13.1,473.8,218.7,111.7,0
2030-10-05 11:00:00,12.8,473.8,218.7,107.8,0
2030-10-05 12:00:00,16.0,473.8,218.7,112.5,0
2030-10-05 13:00:00,21.5,473.8,218.7,107.7,0
2030-10-05 14:00:00,22.0,473.8,218.7,100.5,0
2030-10-05 15:00:00,21.3,473.8,218.7,115.9,0
2030-10-05 16:00:00,21.0,473.8,218.7,112.2,0
2030-10-05 17:00:00,14.8,473.8,218.7,90.3,0
2030-10-05 18:00:00,7.8,473.8,218.7,122.6,0
2030-10-05 19:00:00,1.4,473.8,218.7,261.4,0
2030-10-05 20:00:00,0.0,473.8,218.7,297.3,0
2030-10-05 21:00:00,0.0,473.8,218.7,335.9,0
2030-10-05 22:00:00,0.0,473.8,218.7,387.0,0
2030-10-05 23:00:00,0.0,473.8,218.7,393.3,0
2030-10-06 00:00:00,0.0,473.8,218.7,367.0,0
2030-10-06 01:00:00,0.0,473.8,218.7,315.0,0
2030-10-06 02:00:00,0.0,473.8,218.7,276.0,0
2030-10-06 03:00:00,0.0,473.8,218.7,251.0,0
2030-10-06 04:00:00,0.0,473.8,218.7,224.7,0
2030-10-06 05:00:00,0.0,473.8,218.7,215.0,0
2030-10-06 06:00:00,0.0,473.8,218.7,200.5,0
2030-10-06 07:00:00,0.0,473.8,218.7,172.6,0
2030-10-06 08:00:00,1.9,473.8,218.7,179.2,0
2030-10-06 09:00:00,8.8,473.8,218.7,151.7,0
2030-10-06 10:00:00,15.7,473.8,218.7,96.1,0
2030-10-06 11:00:00,20.7,473.8,218.7,91.9,0
2030-10-06 12:00:00,26.6,473.8,218.7,104.1,0
2030-10-06 13:00:00,28.5,473.8,218.7,102.3,0
2030-10-06 14:00:00,28.4,473.8,218.7,89.4,0
2030-10-06 15:00:00,26.4,473.8,218.7,108.6,0
2030-10-06 16:00:00,22.4,473.8,218.7,109.7,0
2030-10-06 17:00:00,16.7,473.8,218.7,81.3,0
2030-10-06 18:00:00,9.0,473.8,218.7,118.2,0
2030-10-06 19:00:00,1.6,473.8,218.7,258.8,0
2030-10-06 20:00:00,0.0,473.8,218.7,306.4,0
2030-10-06 21:00:00,0.0,473.8,218.7,339.5,0
2030-10-06 22:00:00,0.0,473.8,218.7,401.8,0
2030-10-06 23:00:00,0.0,473.8,218.7,410.7,0
2030-10-07 00:00:00,0.0,473.8,218.7,427.2,0
2030-10-07 01:00:00,0.0,473.8,218.7,363.6,0
2030-10-07 02:00:00,0.0,473.8,218.7,314.9,0
2030-10-07 03:00:00,0.0,473.8,218.7,267.1,0
2030-10-07 04:00:00,0.0,473.8,218.7,255.5,0
2030-10-07 05:00:00,0.0,473.8,218.7,243.2,0
2030-10-07 06:00:00,0.0,473.8,218.7,227.1,0
2030-10-07 07:00:00,0.0,473.8,218.7,217.1,0
2030-10-07 08:00:00,2.0,473.8,218.7,201.9,0
2030-10-07 09:00:00,9.7,473.8,218.7,170.8,0
2030-10-07 10:00:00,17.4,473.8,218.7,129.0,0
2030-10-07 11:00:00,23.2,473.8,218.7,133.9,0
2030-10-07 12:00:00,27.0,473.8,218.7,133.3,0
2030-10-07 13:00:00,28.6,473.8,218.7,122.5,0
2030-10-07 14:00:00,28.7,473.8,218.7,97.4,0
2030-10-07 15:00:00,26.7,473.8,218.7,119.1,0
2030-10-07 16:00:00,22.8,473.8,218.7,127.6,0
2030-10-07 17:00:00,16.9,473.8,218.7,101.8,0
2030-10-07 18:00:00,9.2,473.8,218.7,136.6,0
2030-10-07 19:00:00,1.6,473.8,218.7,290.9,0
2030-10-07 20:00:00,0.0,473.8,218.7,335.6,0
2030-10-07 21:00:00,0.0,473.8,218.7,347.9,0
2030-10-07 22:00:00,0.0,473.8,218.7,399.1,0
2030-10-07 23:00:00,0.0,473.8,218.7,423.6,0
2030-10-08 00:00:00,0.0,473.8,218.7,405.6,0
2030-10-08 01:00:00,0.0,473.8,218.7,343.6,0
2030-10-08 02:00:00,0.0,473.8,218.7,283.4,0
2030-10-08 03:00:00,0.0,473.8,218.7,247.9,0
2030-10-08 04:00:00,0.0,473.8,218.7,222.4,0
2030-10-08 05:00:00,0.0,473.8,218.7,186.8,0
2030-10-08 06:00:00,0.0,473.8,218.7,169.7,0
2030-10-08 07:00:00,0.0,473.8,218.7,117.5,0
2030-10-08 08:00:00,2.0,473.8,218.7,65.5,0
2030-10-08 09:00:00,9.4,473.8,218.7,13.7,0
2030-10-08 10:00:00,17.0,473.8,218.7,20.7,0
2030-10-08 11:00:00,23.2,473.8,218.7,6.0,0
2030-10-08 12:00:00,26.4,473.8,186.8,0.0,0
2030-10-08 13:00:00,28.8,473.8,183.5,0.0,0
2030-10-08 14:00:00,28.6,473.8,177.6,0.0,0
2030-10-08 15:00:00,26.9,473.8,218.7,6.6,0
2030-10-08 16:00:00,22.9,473.8,218.7,31.1,0
2030-10-08 17:00:00,16.9,473.8,218.7,41.9,0
2030-10-08 18:00:00,8.9,473.8,218.7,40.1,0
2030-10-08 19:00:00,1.6,473.8,218.7,218.0,0
2030-10-08 20:00:00,0.0,473.8,218.7,236.4,0
2030-10-08 21:00:00,0.0,473.8,218.7,268.4,0
2030-10-08 22:00:00,0.0,473.8,218.7,337.0,0
2030-10-08 23:00:00,0.0,473.8,218.7,364.5,0
2030-10-09 00:00:00,0.0,473.8,218.7,346.3,0
2030-10-09 01:00:00,0.0,473.8,218.7,296.1,0
2030-10-09 02:00:00,0.0,473.8,218.7,246.6,0
2030-10-09 03:00:00,0.0,473.8,218.7,204.3,0
2030-10-09 04:00:00,0.0,473.8,218.7,169.1,0
2030-10-09 05:00:00,0.0,473.8,218.7,145.2,0
2030-10-09 06:00:00,0.0,473.8,218.7,116.7,0
2030-10-09 07:00:00,0.0,473.8,218.7,79.7,0
2030-10-09 08:00:00,2.2,473.8,218.7,91.7,0
2030-10-09 09:00:00,9.9,473.8,218.7,102.5,0
2030-10-09 10:00:00,17.5,473.8,218.7,107.5,0
2030-10-09 11:00:00,22.7,473.8,218.7,102.4,0
2030-10-09 12:00:00,26.8,473.8,218.7,104.2,0
2030-10-09 13:00:00,29.0,473.8,218.7,78.2,0
2030-10-09 14:00:00,28.7,473.8,218.7,66.2,0
2030-10-09 15:00:00,26.3,473.8,218.7,112.8,0
2030-10-09 16:00:00,22.4,473.8,218.7,112.0,0
2030-10-09 17:00:00,16.4,473.8,218.7,83.8,0
2030-10-09 18:00:00,8.9,473.8,218.7,75.3,0
2030-10-09 19:00:00,1.6,473.8,218.7,214.1,0
2030-10-09 20:00:00,0.0,473.8,218.7,245.9,0
2030-10-09 21:00:00,0.0,473.8,218.7,289.9,0
2030-10-09 22:00:00,0.0,473.8,218.7,347.9,0
2030-10-09 23:00:00,0.0,473.8,218.7,355.0,0
2030-10-10 00:00:00,0.0,473.8,218.7,331.0,0
2030-10-10 01:00:00,0.0,473.8,218.7,274.0,0
2030-10-10 02:00:00,0.0,473.8,218.7,231.4,0
2030-10-10 03:00:00,0.0,473.8,218.7,172.7,0
2030-10-10 04:00:00,0.0,473.8,218.7,129.2,0
2030-10-10 05:00:00,0.0,473.8,218.7,118.2,0
2030-10-10 06:00:00,0.0,473.8,218.7,106.7,0
2030-10-10 07:00:00,0.0,473.8,218.7,89.6,0
2030-10-10 08:00:00,2.2,473.8,218.7,132.6,0
2030-10-10 09:00:00,9.9,473.8,218.7,131.3,0
2030-10-10 10:00:00,16.9,473.8,218.7,110.0,0
2030-10-10 11:00:00,22.5,473.8,218.7,106.7,0
2030-10-10 12:00:00,26.2,473.8,218.7,111.1,0
2030-10-10 13:00:00,27.9,473.8,218.7,110.2,0
2030-10-10 14:00:00,25.8,473.8,218.7,102.6,0
2030-10-10 15:00:00,25.1,473.8,218.7,115.7,0
2030-10-10 16:00:00,20.9,473.8,218.7,114.4,0
2030-10-10 17:00:00,15.5,473.8,218.7,85.6,0
2030-10-10 18:00:00,9.0,473.8,218.7,109.0,0
2030-10-10 19:00:00,1.6,473.8,218.7,246.6,0
2030-10-10 20:00:00,0.0,473.8,218.7,271.3,0
2030-10-10 21:00:00,0.0,473.8,218.7,310.3,0
2030-10-10 22:00:00,0.0,473.8,218.7,353.9,0
2030-10-10 23:00:00,0.0,473.8,218.7,352.1,0
2030-10-11 00:00:00,0.0,473.8,218.7,326.0,0
2030-10-11 01:00:00,0.0,473.8,218.7,277.9,0
2030-10-11 02:00:00,0.0,473.8,218.7,238.1,0
2030-10-11 03:00:00,0.0,473.8,218.7,208.9,0
2030-10-11 04:00:00,0.0,473.8,218.7,190.9,0
2030-10-11 05:00:00,0.0,473.8,218.7,186.0,0
2030-10-11 06:00:00,0.0,473.8,218.7,172.9,0
2030-10-11 07:00:00,0.0,473.8,218.7,144.0,0
2030-10-11 08:00:00,2.1,473.8,218.7,155.4,0
2030-10-11 09:00:00,8.6,473.8,218.7,137.8,0
2030-10-11 10:00:00,16.4,473.8,218.7,110.0,0
2030-10-11 11:00:00,23.1,473.8,218.7,103.8,0
2030-10-11 12:00:00,27.3,473.8,218.7,107.9,0
2030-10-11 13:00:00,29.0,473.8,218.7,106.5,0
2030-10-11 14:00:00,28.7,473.8,218.7,104.7,0
2030-10-11 15:00:00,26.6,473.8,218.7,122.4,0
2030-10-11 16:00:00,22.6,473.8,218.7,123.1,0
2030-10-11 17:00:00,16.5,473.8,218.7,113.0,0
2030-10-11 18:00:00,8.8,473.8,218.7,167.4,0
2030-10-11 19:00:00,1.5,473.8,218.7,288.2,0
2030-10-11 20:00:00,0.0,473.8,218.7,314.8,0
2030-10-11 21:00:00,0.0,473.8,218.7,363.0,0
2030-10-11 22:00:00,0.0,473.8,218.7,401.1,0
2030-10-11 23:00:00,0.0,473.8,218.7,393.9,0
2030-10-12 00:00:00,0.0,473.8,218.7,348.4,0
2030-10-12 01:00:00,0.0,473.8,218.7,289.2,0
2030-10-12 02:00:00,0.0,473.8,218.7,241.9,0
2030-10-12 03:00:00,0.0,473.8,218.7,211.9,0
2030-10-12 04:00:00,0.0,473.8,218.7,195.2,0
2030-10-12 05:00:00,0.0,473.8,218.7,185.6,0
2030-10-12 06:00:00,0.0,473.8,218.7,173.6,0
2030-10-12 07:00:00,0.0,473.8,218.7,150.6,0
2030-10-12 08:00:00,2.2,473.8,218.7,167.0,0
2030-10-12 09:00:00,9.8,473.8,218.7,155.4,0
2030-10-12 10:00:00,17.3,473.8,218.7,109.3,0
2030-10-12 11:00:00,23.0,473.8,218.7,105.7,0
2030-10-12 12:00:00,26.6,473.8,218.7,113.3,0
2030-10-12 13:00:00,28.5,473.8,218.7,113.9,0
2030-10-12 14:00:00,28.2,473.8,218.7,109.8,0
2030-10-12 15:00:00,25.5,473.8,218.7,129.4,0
2030-10-12 16:00:00,21.4,473.8,218.7,115.3,0
2030-10-12 17:00:00,13.9,473.8,218.7,85.5,0
2030-10-12 18:00:00,7.3,473.8,218.7,155.6,0
2030-10-12 19:00:00,1.2,473.8,218.7,277.8,0
2030-10-12 20:00:00,0.0,473.8,218.7,312.6,0
2030-10-12 21:00:00,0.0,473.8,218.7,346.0,0
2030-10-12 22:00:00,0.0,473.8,218.7,391.8,0
2030-10-12 23:00:00,0.0,473.8,218.7,391.3,0
2030-10-13 00:00:00,0.0,473.8,218.7,369.4,0
2030-10-13 01:00:00,0.0,473.8,218.7,312.9,0
2030-10-13 02:00:00,0.0,473.8,218.7,273.9,0
2030-10-13 03:00:00,0.0,473.8,218.7,239.7,0
2030-10-13 04:00:00,0.0,473.8,218.7,214.2,0
2030-10-13 05:00:00,0.0,473.8,218.7,207.3,0
2030-10-13 06:00:00,0.0,473.8,218.7,194.7,0
2030-10-13 07:00:00,0.0,473.8,218.7,165.8,0
2030-10-13 08:00:00,1.9,473.8,218.7,179.2,0
2030-10-13 09:00:00,9.1,473.8,218.7,155.9,0
2030-10-13 10:00:00,15.9,473.8,218.7,99.0,0
2030-10-13 11:00:00,19.4,473.8,218.7,97.2,0
2030-10-13 12:00:00,21.8,473.8,218.7,105.8,0
2030-10-13 13:00:00,23.8,473.8,218.7,105.9,0
2030-10-13 14:00:00,25.8,473.8,218.7,94.5,0
2030-10-13 15:00:00,23.0,473.8,218.7,110.0,0
2030-10-13 16:00:00,19.7,473.8,218.7,102.6,0
2030-10-13 17:00:00,14.9,473.8,218.7,98.4,0
2030-10-13 18:00:00,6.1,473.8,218.7,165.3,0
2030-10-13 19:00:00,0.9,473.8,218.7,266.1,0
2030-10-13 20:00:00,0.0,473.8,218.7,299.8,0
2030-10-13 21:00:00,0.0,473.8,218.7,338.4,0
2030-10-13 22:00:00,0.0,473.8,218.7,397.6,0
2030-10-13 23:00:00,0.0,473.8,218.7,408.3,0
2030-10-14 00:00:00,0.0,473.8,218.7,430.6,0
2030-10-14 01:00:00,0.0,473.8,218.7,373.9,0
2030-10-14 02:00:00,0.0,473.8,218.7,334.8,0
2030-10-14 03:00:00,0.0,473.8,218.7,287.3,0
2030-10-14 04:00:00,0.0,473.8,218.7,266.7,0
2030-10-14 05:00:00,0.0,473.8,218.7,254.7,0
2030-10-14 06:00:00,0.0,473.8,218.7,241.8,0
2030-10-14 07:00:00,0.0,473.8,218.7,230.4,0
2030-10-14 08:00:00,0.7,473.8,218.7,218.8,0
2030-10-14 09:00:00,6.5,473.8,218.7,200.2,0
2030-10-14 10:00:00,10.7,473.8,218.7,156.1,0
2030-10-14 11:00:00,16.5,473.8,218.7,134.6,0
2030-10-14 12:00:00,19.0,473.8,218.7,125.7,0
2030-10-14 13:00:00,21.5,473.8,218.7,106.3,0
2030-10-14 14:00:00,22.1,473.8,218.7,82.2,0
2030-10-14 15:00:00,20.2,473.8,218.7,94.8,0
2030-10-14 16:00:00,14.3,473.8,218.7,120.9,0
2030-10-14 17:00:00,10.5,473.8,218.7,158.6,0
2030-10-14 18:00:00,6.3,473.8,218.7,178.5,0
2030-10-14 19:00:00,0.9,473.8,218.7,291.2,0
2030-10-14 20:00:00,0.0,473.8,218.7,330.2,0
2030-10-14 21:00:00,0.0,473.8,218.7,329.5,0
2030-10-14 22:00:00,0.0,473.8,218.7,371.6,0
2030-10-14 23:00:00,0.0,473.8,218.7,416.0,0
2030-10-15 00:00:00,0.0,473.8,218.7,409.7,0
2030-10-15 01:00:00,0.0,473.8,218.7,363.4,0
2030-10-15 02:00:00,0.0,473.8,218.7,325.4,0
2030-10-15 03:00:00,0.0,473.8,218.7,283.0,0
2030-10-15 04:00:00,0.0,473.8,218.7,248.3,0
2030-10-15 05:00:00,0.0,473.8,218.7,211.2,0
2030-10-15 06:00:00,0.0,473.8,218.7,197.0,0
2030-10-15 07:00:00,0.0,473.8,218.7,141.5,0
2030-10-15 08:00:00,1.4,473.8,218.7,92.1,0
2030-10-15 09:00:00,5.1,473.8,218.7,62.1,0
2030-10-15 10:00:00,11.1,473.8,218.7,22.0,0
2030-10-15 11:00:00,15.9,473.8,218.7,4.1,0
2030-10-15 12:00:00,20.2,473.8,218.7,5.5,0
2030-10-15 13:00:00,22.3,473.8,218.7,10.8,0
2030-10-15 14:00:00,18.3,473.8,218.7,5.6,0
2030-10-15 15:00:00,17.4,473.8,218.7,10.3,0
2030-10-15 16:00:00,14.9,473.8,218.7,21.6,0
2030-10-15 17:00:00,11.0,473.8,218.7,83.6,0
2030-10-15 18:00:00,4.0,473.8,218.7,131.9,0
2030-10-15 19:00:00,0.5,473.8,218.7,251.7,0
2030-10-15 20:00:00,0.0,473.8,218.7,279.6,0
2030-10-15 21:00:00,0.0,473.8,218.7,307.7,0
2030-10-15 22:00:00,0.0,473.8,218.7,353.5,0
2030-10-15 23:00:00,0.0,473.8,218.7,373.9,0
2030-10-16 00:00:00,0.0,473.8,218.7,347.3,0
2030-10-16 01:00:00,0.0,473.8,218.7,300.9,0
2030-10-16 02:00:00,0.0,473.8,218.7,264.6,0
2030-10-16 03:00:00,0.0,473.8,218.7,232.1,0
2030-10-16 04:00:00,0.0,473.8,218.7,212.1,0
2030-10-16 05:00:00,0.0,473.8,218.7,202.0,0
2030-10-16 06:00:00,0.0,473.8,218.7,178.6,0
2030-10-16 07:00:00,0.0,473.8,218.7,139.4,0
2030-10-16 08:00:00,0.2,473.8,218.7,153.8,0
2030-10-16 09:00:00,3.1,473.8,218.7,146.5,0
2030-10-16 10:00:00,6.6,473.8,218.7,112.4,0
2030-10-16 11:00:00,9.6,473.8,218.7,100.3,0
2030-10-16 12:00:00,11.7,473.8,218.7,115.4,0
2030-10-16 13:00:00,16.0,473.8,218.7,97.1,0
2030-10-16 14:00:00,11.7,473.8,218.7,80.6,0
2030-10-16 15:00:00,7.4,473.8,218.7,125.8,0
2030-10-16 16:00:00,7.7,473.8,218.7,124.2,0
2030-10-16 17:00:00,4.5,473.8,218.7,145.4,0
2030-10-16 18:00:00,2.0,473.8,218.7,161.3,0
2030-10-16 19:00:00,0.1,473.8,218.7,246.9,0
2030-10-16 20:00:00,0.0,473.8,218.7,277.8,0
2030-10-16 21:00:00,0.0,473.8,218.7,329.2,0
2030-10-16 22:00:00,0.0,473.8,218.7,385.5,0
2030-10-16 23:00:00,0.0,473.8,218.7,396.8,0
2030-10-17 00:00:00,0.0,473.8,218.7,370.6,0
2030-10-17 01:00:00,0.0,473.8,218.7,316.0,0
2030-10-17 02:00:00,0.0,473.8,218.7,275.5,0
2030-10-17 03:00:00,0.0,473.8,218.7,243.1,0
2030-10-17 04:00:00,0.0,473.8,218.7,208.8,0
2030-10-17 05:00:00,0.0,473.8,218.7,193.2,0
2030-10-17 06:00:00,0.0,473.8,218.7,174.4,0
2030-10-17 07:00:00,0.0,473.8,218.7,147.9,0
2030-10-17 08:00:00,0.4,473.8,218.7,169.5,0
2030-10-17 09:00:00,3.9,473.8,218.7,180.8,0
2030-10-17 10:00:00,6.0,473.8,218.7,151.3,0
2030-10-17 11:00:00,10.0,473.8,218.7,138.4,0
2030-10-17 12:00:00,16.7,473.8,218.7,120.2,0
2030-10-17 13:00:00,17.2,473.8,218.7,102.1,0
2030-10-17 14:00:00,17.4,473.8,218.7,86.9,0
2030-10-17 15:00:00,12.9,473.8,218.7,109.4,0
2030-10-17 16:00:00,12.8,473.8,218.7,109.1,0
2030-10-17 17:00:00,8.0,473.8,218.7,121.7,0
2030-10-17 18:00:00,4.7,473.8,218.7,143.2,0
2030-10-17 19:00:00,0.3,473.8,218.7,261.9,0
2030-10-17 20:00:00,0.0,473.8,218.7,298.0,0
2030-10-17 21:00:00,0.0,473.8,218.7,331.4,0
2030-10-17 22:00:00,0.0,473.8,218.7,387.5,0
2030-10-17 23:00:00,0.0,473.8,218.7,400.2,0
2030-10-18 00:00:00,0.0,473.8,218.7,377.2,0
2030-10-18 01:00:00,0.0,473.8,218.7,320.2,0
2030-10-18 02:00:00,0.0,473.8,218.7,271.0,0
2030-10-18 03:00:00,0.0,473.8,218.7,227.8,0
2030-10-18 04:00:00,0.0,473.8,218.7,187.6,0
2030-10-18 05:00:00,0.0,473.8,218.7,169.8,0
2030-10-18 06:00:00,0.0,473.8,218.7,151.0,0
2030-10-18 07:00:00,0.0,473.8,218.7,113.6,0
2030-10-18 08:00:00,0.6,473.8,218.7,116.2,0
2030-10-18 09:00:00,2.3,473.8,218.7,127.2,0
2030-10-18 10:00:00,4.3,473.8,218.7,101.0,0
2030-10-18 11:00:00,12.6,473.8,218.7,84.1,0
2030-10-18 12:00:00,19.8,473.8,218.7,87.0,0
2030-10-18 13:00:00,23.8,473.8,218.7,86.8,0
2030-10-18 14:00:00,21.4,473.8,218.7,76.6,0
2030-10-18 15:00:00,18.4,473.8,218.7,93.8,0
2030-10-18 16:00:00,14.1,473.8,218.7,88.2,0
2030-10-18 17:00:00,9.0,473.8,218.7,75.9,0
2030-10-18 18:00:00,5.2,473.8,218.7,43.1,0
2030-10-18 19:00:00,0.8,473.8,218.7,67.5,0
2030-10-18 20:00:00,0.0,473.8,218.7,80.1,0
2030-10-18 21:00:00,0.0,473.8,218.7,160.3,0
2030-10-18 22:00:00,0.0,473.8,218.7,232.7,0
2030-10-18 23:00:00,0.0,473.8,218.7,239.0,0
2030-10-19 00:00:00,0.0,473.8,218.7,241.4,0
2030-10-19 01:00:00,0.0,473.8,218.7,218.3,0
2030-10-19 02:00:00,0.0,473.8,218.7,196.6,0
2030-10-19 03:00:00,0.0,473.8,218.7,162.9,0
2030-10-19 04:00:00,0.0,473.8,218.7,138.4,0
2030-10-19 05:00:00,0.0,473.8,218.7,123.4,0
2030-10-19 06:00:00,0.0,473.8,218.7,109.2,0
2030-10-19 07:00:00,0.0,473.8,218.7,91.7,0
2030-10-19 08:00:00,1.0,473.8,218.7,127.9,0
2030-10-19 09:00:00,5.8,473.8,218.7,118.2,0
2030-10-19 10:00:00,10.2,473.8,218.7,97.3,0
2030-10-19 11:00:00,14.8,473.8,218.7,93.0,0
2030-10-19 12:00:00,17.1,473.8,218.7,101.3,0
2030-10-19 13:00:00,18.1,473.8,218.7,100.0,0
2030-10-19 14:00:00,20.4,473.8,218.7,86.7,0
2030-10-19 15:00:00,20.1,473.8,218.7,105.5,0
2030-10-19 16:00:00,18.3,473.8,218.7,105.0,0
2030-10-19 17:00:00,12.9,473.8,218.7,78.7,0
2030-10-19 18:00:00,5.5,473.8,218.7,106.1,0
2030-10-19 19:00:00,1.1,473.8,218.7,206.2,0
2030-10-19 20:00:00,0.0,473.8,218.7,234.3,0
2030-10-19 21:00:00,0.0,473.8,218.7,271.6,0
2030-10-19 22:00:00,0.0,473.8,218.7,292.7,0
2030-10-19 23:00:00,0.0,473.8,218.7,335.4,0
2030-10-20 00:00:00,0.0,473.8,218.7,332.0,0
2030-10-20 01:00:00,0.0,473.8,218.7,283.9,0
2030-10-20 02:00:00,0.0,473.8,218.7,232.3,0
2030-10-20 03:00:00,0.0,473.8,218.7,182.9,0
2030-10-20 04:00:00,0.0,473.8,218.7,145.1,0
2030-10-20 05:00:00,0.0,473.8,218.7,131.0,0
2030-10-20 06:00:00,0.0,473.8,218.7,117.5,0
2030-10-20 07:00:00,0.0,473.8,218.7,95.4,0
2030-10-20 08:00:00,1.8,473.8,218.7,124.0,0
2030-10-20 09:00:00,9.6,473.8,218.7,112.2,0
2030-10-20 10:00:00,16.7,473.8,218.7,103.5,0
2030-10-20 11:00:00,22.3,473.8,218.7,98.2,0
2030-10-20 12:00:00,25.6,473.8,218.7,84.7,0
2030-10-20 13:00:00,27.3,473.8,218.7,53.6,0
2030-10-20 14:00:00,25.9,473.8,218.7,66.6,0
2030-10-20 15:00:00,24.0,473.8,218.7,119.1,0
2030-10-20 16:00:00,21.0,473.8,218.7,119.4,0
2030-10-20 17:00:00,15.6,473.8,218.7,88.7,0
2030-10-20 18:00:00,7.5,473.8,218.7,113.7,0
2030-10-20 19:00:00,1.0,473.8,218.7,227.2,0
2030-10-20 20:00:00,0.0,473.8,218.7,266.2,0
2030-10-20 21:00:00,0.0,473.8,218.7,300.9,0
2030-10-20 22:00:00,0.0,473.8,218.7,333.8,0
2030-10-20 23:00:00,0.0,473.8,218.7,350.5,0
2030-10-21 00:00:00,0.0,473.8,218.7,384.4,0
2030-10-21 01:00:00,0.0,473.8,218.7,333.6,0
2030-10-21 02:00:00,0.0,473.8,218.7,298.9,0
2030-10-21 03:00:00,0.0,473.8,218.7,249.5,0
2030-10-21 04:00:00,0.0,473.8,218.7,231.1,0
2030-10-21 05:00:00,0.0,473.8,218.7,204.5,0
2030-10-21 06:00:00,0.0,473.8,218.7,177.9,0
2030-10-21 07:00:00,0.0,473.8,218.7,167.4,0
2030-10-21 08:00:00,2.2,473.8,218.7,161.3,0
2030-10-21 09:00:00,10.1,473.8,218.7,146.4,0
2030-10-21 10:00:00,17.6,473.8,218.7,136.9,0
2030-10-21 11:00:00,23.4,473.8,218.7,144.0,0
2030-10-21 12:00:00,27.1,473.8,218.7,142.8,0
2030-10-21 13:00:00,28.8,473.8,218.7,132.5,0
2030-10-21 14:00:00,28.5,473.8,218.7,109.7,0
2030-10-21 15:00:00,26.4,473.8,218.7,129.4,0
2030-10-21 16:00:00,22.3,473.8,218.7,137.6,0
2030-10-21 17:00:00,16.2,473.8,218.7,116.4,0
2030-10-21 18:00:00,8.3,473.8,218.7,167.5,0
2030-10-21 19:00:00,1.3,473.8,218.7,302.5,0
2030-10-21 20:00:00,0.0,473.8,218.7,344.3,0
2030-10-21 21:00:00,0.0,473.8,218.7,347.6,0
2030-10-21 22:00:00,0.0,473.8,218.7,401.5,0
2030-10-21 23:00:00,0.0,473.8,218.7,437.6,0
2030-10-22 00:00:00,0.0,473.8,218.7,431.0,0
2030-10-22 01:00:00,0.0,473.8,218.7,378.7,0
2030-10-22 02:00:00,0.0,473.8,218.7,332.9,0
2030-10-22 03:00:00,0.0,473.8,218.7,291.0,0
2030-10-22 04:00:00,0.0,473.8,218.7,262.4,0
2030-10-22 05:00:00,0.0,473.8,218.7,226.6,0
2030-10-22 06:00:00,0.0,473.8,218.7,212.5,0
2030-10-22 07:00:00,0.0,473.8,218.7,160.4,0
2030-10-22 08:00:00,2.3,473.8,218.7,86.5,0
2030-10-22 09:00:00,10.3,473.8,218.7,8.5,0
2030-10-22 10:00:00,17.7,473.8,218.7,22.9,0
2030-10-22 11:00:00,23.5,473.8,218.7,25.7,0
2030-10-22 12:00:00,27.2,473.8,218.7,1.6,0
2030-10-22 13:00:00,28.8,473.8,218.7,2.9,0
2030-10-22 14:00:00,28.6,473.8,218.7,1.5,0
2030-10-22 15:00:00,26.4,473.8,218.7,32.9,0
2030-10-22 16:00:00,22.4,473.8,218.7,40.9,0
2030-10-22 17:00:00,16.3,473.8,218.7,50.0,0
2030-10-22 18:00:00,8.2,473.8,218.7,72.2,0
2030-10-22 19:00:00,1.4,473.8,218.7,231.7,0
2030-10-22 20:00:00,0.0,473.8,218.7,246.1,0
2030-10-22 21:00:00,0.0,473.8,218.7,278.8,0
2030-10-22 22:00:00,0.0,473.8,218.7,334.5,0
2030-10-22 23:00:00,0.0,473.8,218.7,370.8,0
2030-10-23 00:00:00,0.0,473.8,218.7,349.8,0
2030-10-23 01:00:00,0.0,473.8,218.7,293.3,0
2030-10-23 02:00:00,0.0,473.8,218.7,243.1,0
2030-10-23 03:00:00,0.0,473.8,218.7,186.0,0
2030-10-23 04:00:00,0.0,473.8,218.7,143.6,0
2030-10-23 05:00:00,0.0,473.8,218.7,127.1,0
2030-10-23 06:00:00,0.0,473.8,218.7,105.8,0
2030-10-23 07:00:00,0.0,473.8,218.7,78.4,0
2030-10-23 08:00:00,2.2,473.8,218.7,93.5,0
2030-10-23 09:00:00,9.9,473.8,218.7,93.8,0
2030-10-23 10:00:00,16.4,473.8,218.7,100.1,0
2030-10-23 11:00:00,22.9,473.8,218.7,94.4,0
2030-10-23 12:00:00,26.7,473.8,218.7,101.7,0
2030-10-23 13:00:00,28.3,473.8,218.7,83.6,0
2030-10-23 14:00:00,28.0,473.8,218.7,74.5,0
2030-10-23 15:00:00,25.3,473.8,218.7,109.2,0
2030-10-23 16:00:00,21.3,473.8,218.7,108.5,0
2030-10-23 17:00:00,15.4,473.8,218.7,79.6,0
2030-10-23 18:00:00,8.2,473.8,218.7,94.7,0
2030-10-23 19:00:00,1.0,473.8,218.7,204.5,0
2030-10-23 20:00:00,0.0,473.8,218.7,215.9,0
2030-10-23 21:00:00,0.0,473.8,218.7,271.2,0
2030-10-23 22:00:00,0.0,473.8,218.7,314.2,0
2030-10-23 23:00:00,0.0,473.8,218.7,326.4,0
2030-10-24 00:00:00,0.0,473.8,218.7,298.8,0
2030-10-24 01:00:00,0.0,473.8,218.7,230.2,0
2030-10-24 02:00:00,0.0,473.8,218.7,169.5,0
2030-10-24 03:00:00,0.0,473.8,218.7,109.8,0
2030-10-24 04:00:00,0.0,473.8,218.7,74.6,0
2030-10-24 05:00:00,0.0,473.8,218.7,66.4,0
2030-10-24 06:00:00,0.0,473.8,218.7,57.4,0
2030-10-24 07:00:00,0.0,473.8,218.7,42.1,0
2030-10-24 08:00:00,2.3,473.8,218.7,63.7,0
2030-10-24 09:00:00,10.0,473.8,218.7,87.7,0
2030-10-24 10:00:00,17.9,473.8,218.7,95.3,0
2030-10-24 11:00:00,23.4,473.8,218.7,89.7,0
2030-10-24 12:00:00,27.4,473.8,218.7,92.4,0
2030-10-24 13:00:00,28.7,473.8,218.7,81.1,0
2030-10-24 14:00:00,26.7,473.8,218.7,80.2,0
2030-10-24 15:00:00,22.8,473.8,218.7,105.5,0
2030-10-24 16:00:00,18.1,473.8,218.7,105.4,0
2030-10-24 17:00:00,12.0,473.8,218.7,75.9,0
2030-10-24 18:00:00,5.1,473.8,218.7,101.5,0
2030-10-24 19:00:00,0.6,473.8,218.7,203.2,0
2030-10-24 20:00:00,0.0,473.8,218.7,236.2,0
2030-10-24 21:00:00,0.0,473.8,218.7,279.5,0
2030-10-24 22:00:00,0.0,473.8,218.7,349.5,0
2030-10-24 23:00:00,0.0,473.8,218.7,359.6,0
2030-10-25 00:00:00,0.0,473.8,218.7,334.4,0
2030-10-25 01:00:00,0.0,473.8,218.7,279.9,0
2030-10-25 02:00:00,0.0,473.8,218.7,231.3,0
2030-10-25 03:00:00,0.0,473.8,218.7,180.3,0
2030-10-25 04:00:00,0.0,473.8,218.7,155.9,0
2030-10-25 05:00:00,0.0,473.8,218.7,142.1,0
2030-10-25 06:00:00,0.0,473.8,218.7,124.9,0
2030-10-25 07:00:00,0.0,473.8,218.7,101.5,0
2030-10-25 08:00:00,2.0,473.8,218.7,109.7,0
2030-10-25 09:00:00,8.7,473.8,218.7,96.2,0
2030-10-25 10:00:00,15.7,473.8,218.7,94.9,0
2030-10-25 11:00:00,22.6,473.8,218.7,90.3,0
2030-10-25 12:00:00,26.3,473.8,218.7,96.5,0
2030-10-25 13:00:00,26.8,473.8,218.7,97.2,0
2030-10-25 14:00:00,26.1,473.8,218.7,94.0,0
2030-10-25 15:00:00,23.5,473.8,218.7,112.5,0
2030-10-25 16:00:00,18.4,473.8,218.7,114.0,0
2030-10-25 17:00:00,12.5,473.8,218.7,103.9,0
2030-10-25 18:00:00,6.2,473.8,218.7,155.1,0
2030-10-25 19:00:00,0.9,473.8,218.7,272.2,0
2030-10-25 20:00:00,0.0,473.8,218.7,294.6,0
2030-10-25 21:00:00,0.0,473.8,218.7,327.6,0
2030-10-25 22:00:00,0.0,473.8,218.7,373.1,0
2030-10-25 23:00:00,0.0,473.8,218.7,385.5,0
2030-10-26 00:00:00,0.0,473.8,218.7,363.8,0
2030-10-26 01:00:00,0.0,473.8,218.7,309.4,0
2030-10-26 02:00:00,0.0,473.8,218.7,262.1,0
2030-10-26 03:00:00,0.0,473.8,218.7,212.9,0
2030-10-26 04:00:00,0.0,473.8,218.7,178.3,0
2030-10-26 05:00:00,0.0,473.8,218.7,167.0,0
2030-10-26 06:00:00,0.0,473.8,218.7,154.3,0
2030-10-26 07:00:00,0.0,473.8,218.7,122.8,0
2030-10-26 08:00:00,1.9,473.8,218.7,133.3,0
2030-10-26 09:00:00,8.4,473.8,218.7,112.8,0
2030-10-26 10:00:00,12.8,473.8,218.7,105.6,0
2030-10-26 11:00:00,17.6,473.8,218.7,99.9,0
2030-10-26 12:00:00,20.7,473.8,218.7,105.2,0
2030-10-26 13:00:00,25.0,473.8,218.7,103.2,0
2030-10-26 14:00:00,25.5,473.8,218.7,95.8,0
2030-10-26 15:00:00,24.2,473.8,218.7,110.5,0
2030-10-26 16:00:00,19.9,473.8,218.7,109.6,0
2030-10-26 17:00:00,13.6,473.8,218.7,93.5,0
2030-10-26 18:00:00,6.6,473.8,218.7,129.8,0
2030-10-26 19:00:00,1.1,473.8,218.7,235.5,0
2030-10-26 20:00:00,0.0,473.8,218.7,266.7,0
2030-10-26 21:00:00,0.0,473.8,218.7,285.3,0
2030-10-26 22:00:00,0.0,473.8,218.7,342.9,0
2030-10-26 23:00:00,0.0,473.8,218.7,332.4,0
2030-10-27 00:00:00,0.0,473.8,218.7,295.5,0
2030-10-27 01:00:00,0.0,473.8,218.7,244.8,0
2030-10-27 02:00:00,0.0,473.8,218.7,203.2,0
2030-10-27 03:00:00,0.0,473.8,218.7,160.9,0
2030-10-27 04:00:00,0.0,473.8,218.7,140.4,0
2030-10-27 05:00:00,0.0,473.8,218.7,133.0,0
2030-10-27 06:00:00,0.0,473.8,218.7,117.3,0
2030-10-27 07:00:00,0.0,473.8,218.7,81.6,0
2030-10-27 08:00:00,1.8,473.8,218.7,93.7,0
2030-10-27 09:00:00,9.5,473.8,218.7,103.5,0
2030-10-27 10:00:00,16.6,473.8,218.7,112.5,0
2030-10-27 11:00:00,22.4,473.8,218.7,107.7,0
2030-10-27 12:00:00,26.1,473.8,218.7,113.5,0
2030-10-27 13:00:00,27.4,473.8,218.7,111.7,0
2030-10-27 14:00:00,27.9,473.8,218.7,105.6,0
2030-10-27 15:00:00,23.9,473.8,218.7,122.6,0
2030-10-27 16:00:00,21.6,473.8,218.7,121.2,0
2030-10-27 17:00:00,14.7,473.8,218.7,96.7,0
2030-10-27 18:00:00,7.7,473.8,218.7,111.3,0
2030-10-27 19:00:00,1.1,473.8,218.7,208.5,0
2030-10-27 20:00:00,0.0,473.8,218.7,219.4,0
2030-10-27 21:00:00,0.0,473.8,218.7,249.9,0
2030-10-27 22:00:00,0.0,473.8,218.7,350.1,0
2030-10-27 23:00:00,0.0,473.8,218.7,372.7,0
2030-10-28 00:00:00,0.0,473.8,218.7,395.1,0
2030-10-28 01:00:00,0.0,473.8,218.7,335.5,0
2030-10-28 02:00:00,0.0,473.8,218.7,277.3,0
2030-10-28 03:00:00,0.0,473.8,218.7,200.8,0
2030-10-28 04:00:00,0.0,473.8,218.7,178.8,0
2030-10-28 05:00:00,0.0,473.8,218.7,166.5,0
2030-10-28 06:00:00,0.0,473.8,218.7,152.7,0
2030-10-28 07:00:00,0.0,473.8,218.7,147.5,0
2030-10-28 08:00:00,2.1,473.8,218.7,141.6,0
2030-10-28 09:00:00,9.5,473.8,218.7,132.1,0
2030-10-28 10:00:00,17.1,473.8,218.7,142.2,0
2030-10-28 11:00:00,22.9,473.8,218.7,146.8,0
2030-10-28 12:00:00,26.6,473.8,218.7,143.9,0
2030-10-28 13:00:00,28.3,473.8,218.7,133.2,0
2030-10-28 14:00:00,28.1,473.8,218.7,111.2,0
2030-10-28 15:00:00,25.9,473.8,218.7,132.5,0
2030-10-28 16:00:00,21.8,473.8,218.7,139.1,0
2030-10-28 17:00:00,15.7,473.8,218.7,108.2,0
2030-10-28 18:00:00,7.9,473.8,218.7,122.0,0
2030-10-28 19:00:00,1.3,473.8,218.7,231.0,0
2030-10-28 20:00:00,0.0,473.8,218.7,263.9,0
2030-10-28 21:00:00,0.0,473.8,218.7,285.5,0
2030-10-28 22:00:00,0.0,473.8,218.7,352.1,0
2030-10-28 23:00:00,0.0,473.8,218.7,398.1,0
2030-10-29 00:00:00,0.0,473.8,218.7,396.8,0
2030-10-29 01:00:00,0.0,473.8,218.7,346.9,0
2030-10-29 02:00:00,0.0,473.8,218.7,296.5,0
2030-10-29 03:00:00,0.0,473.8,218.7,239.6,0
2030-10-29 04:00:00,0.0,473.8,218.7,197.0,0
2030-10-29 05:00:00,0.0,473.8,218.7,144.5,0
2030-10-29 06:00:00,0.0,473.8,218.7,112.5,0
2030-10-29 07:00:00,0.0,473.8,218.7,56.5,0
2030-10-29 08:00:00,2.1,473.8,218.7,10.5,0
2030-10-29 09:00:00,9.9,473.8,218.7,9.6,0
2030-10-29 10:00:00,17.4,473.8,218.7,22.0,0
2030-10-29 11:00:00,22.9,473.8,218.7,26.2,0
2030-10-29 12:00:00,26.8,473.8,218.7,0.0,0
2030-10-29 13:00:00,28.5,473.8,218.7,0.0,0
2030-10-29 14:00:00,28.2,473.8,218.7,0.0,0
2030-10-29 15:00:00,26.1,473.8,218.7,29.6,0
2030-10-29 16:00:00,21.9,473.8,218.7,35.9,0
2030-10-29 17:00:00,15.7,473.8,218.7,41.8,0
2030-10-29 18:00:00,7.9,473.8,218.7,39.6,0
2030-10-29 19:00:00,1.3,473.8,218.7,171.4,0
2030-10-29 20:00:00,0.0,473.8,218.7,186.7,0
2030-10-29 21:00:00,0.0,473.8,218.7,202.5,0
2030-10-29 22:00:00,0.0,473.8,218.7,311.4,0
2030-10-29 23:00:00,0.0,473.8,218.7,350.7,0
2030-10-30 00:00:00,0.0,473.8,218.7,335.1,0
2030-10-30 01:00:00,0.0,473.8,218.7,284.3,0
2030-10-30 02:00:00,0.0,473.8,218.7,239.8,0
2030-10-30 03:00:00,0.0,473.8,218.7,197.3,0
2030-10-30 04:00:00,0.0,473.8,218.7,160.5,0
2030-10-30 05:00:00,0.0,473.8,218.7,146.5,0
2030-10-30 06:00:00,0.0,473.8,218.7,129.4,0
2030-10-30 07:00:00,0.0,473.8,218.7,109.1,0
2030-10-30 08:00:00,2.0,473.8,218.7,127.8,0
2030-10-30 09:00:00,9.3,473.8,218.7,99.7,0
2030-10-30 10:00:00,16.5,473.8,218.7,96.1,0
2030-10-30 11:00:00,21.7,473.8,218.7,90.9,0
2030-10-30 12:00:00,25.7,473.8,218.7,95.3,0
2030-10-30 13:00:00,27.6,473.8,218.7,93.2,0
2030-10-30 14:00:00,28.0,473.8,218.7,80.4,0
2030-10-30 15:00:00,26.0,473.8,218.7,103.7,0
2030-10-30 16:00:00,21.7,473.8,218.7,103.1,0
2030-10-30 17:00:00,15.4,473.8,218.7,72.5,0
2030-10-30 18:00:00,6.9,473.8,218.7,101.9,0
2030-10-30 19:00:00,0.4,473.8,218.7,248.4,0
2030-10-30 20:00:00,0.0,473.8,218.7,280.7,0
2030-10-30 21:00:00,0.0,473.8,218.7,294.8,0
2030-10-30 22:00:00,0.0,473.8,218.7,346.6,0
2030-10-30 23:00:00,0.0,473.8,218.7,353.7,0
2030-10-31 00:00:00,0.0,473.8,218.7,328.4,0
2030-10-31 01:00:00,0.0,473.8,218.7,284.3,0
2030-10-31 02:00:00,0.0,473.8,218.7,253.9,0
2030-10-31 03:00:00,0.0,473.8,218.7,220.3,0
2030-10-31 04:00:00,0.0,473.8,218.7,193.7,0
2030-10-31 05:00:00,0.0,473.8,218.7,183.7,0
2030-10-31 06:00:00,0.0,473.8,218.7,168.8,0
2030-10-31 07:00:00,0.0,473.8,218.7,143.2,0
2030-10-31 08:00:00,1.8,473.8,218.7,158.6,0
2030-10-31 09:00:00,9.2,473.8,218.7,135.4,0
2030-10-31 10:00:00,17.0,473.8,218.7,94.1,0
2030-10-31 11:00:00,21.8,473.8,218.7,90.4,0
2030-10-31 12:00:00,26.5,473.8,218.7,95.4,0
2030-10-31 13:00:00,28.0,473.8,218.7,93.6,0
2030-10-31 14:00:00,28.0,473.8,218.7,84.4,0
2030-10-31 15:00:00,26.1,473.8,218.7,102.7,0
2030-10-31 16:00:00,21.8,473.8,218.7,103.0,0
2030-10-31 17:00:00,15.6,473.8,218.7,73.7,0
2030-10-31 18:00:00,7.7,473.8,218.7,121.4,0
2030-10-31 19:00:00,1.3,473.8,218.7,249.3,0
2030-10-31 20:00:00,0.0,473.8,218.7,284.8,0
2030-10-31 21:00:00,0.0,473.8,218.7,301.6,0
2030-10-31 22:00:00,0.0,473.8,218.7,359.2,0
2030-10-31 23:00:00,0.0,473.8,218.7,376.2,0
2030-11-01 00:00:00,0.0,473.8,218.7,315.0,0
2030-11-01 01:00:00,0.0,473.8,218.7,260.4,0
2030-11-01 02:00:00,0.0,473.8,218.7,219.3,0
2030-11-01 03:00:00,0.0,473.8,218.7,187.1,0
2030-11-01 04:00:00,0.0,473.8,218.7,157.6,0
2030-11-01 05:00:00,0.0,473.8,218.7,141.0,0
2030-11-01 06:00:00,0.0,473.8,218.7,143.6,0
2030-11-01 07:00:00,0.0,473.8,218.7,138.9,0
2030-11-01 08:00:00,1.9,473.8,218.7,113.9,0
2030-11-01 09:00:00,9.6,473.8,218.7,61.4,0
2030-11-01 10:00:00,17.2,473.8,218.7,61.7,0
2030-11-01 11:00:00,23.1,473.8,218.7,57.8,0
2030-11-01 12:00:00,26.8,473.8,218.7,63.9,0
2030-11-01 13:00:00,27.7,473.8,218.7,61.9,0
2030-11-01 14:00:00,27.6,473.8,218.7,40.3,0
2030-11-01 15:00:00,25.5,473.8,218.7,72.9,0
2030-11-01 16:00:00,21.6,473.8,218.7,86.4,0
2030-11-01 17:00:00,15.5,473.8,218.7,70.5,0
2030-11-01 18:00:00,7.7,473.8,218.7,110.8,0
2030-11-01 19:00:00,1.3,473.8,218.7,249.8,0
2030-11-01 20:00:00,0.0,473.8,218.7,270.5,0
2030-11-01 21:00:00,0.0,473.8,218.7,283.4,0
2030-11-01 22:00:00,0.0,473.8,218.7,329.6,0
2030-11-01 23:00:00,0.0,473.8,218.7,333.8,0
2030-11-02 00:00:00,0.0,473.8,218.7,314.6,0
2030-11-02 01:00:00,0.0,473.8,218.7,262.7,0
2030-11-02 02:00:00,0.0,473.8,218.7,220.4,0
2030-11-02 03:00:00,0.0,473.8,218.7,179.9,0
2030-11-02 04:00:00,0.0,473.8,218.7,144.0,0
2030-11-02 05:00:00,0.0,473.8,218.7,121.2,0
2030-11-02 06:00:00,0.0,473.8,218.7,127.3,0
2030-11-02 07:00:00,0.0,473.8,218.7,125.8,0
2030-11-02 08:00:00,2.0,473.8,218.7,102.2,0
2030-11-02 09:00:00,9.6,473.8,218.7,60.9,0
2030-11-02 10:00:00,17.0,473.8,218.7,69.8,0
2030-11-02 11:00:00,22.4,473.8,218.7,67.0,0
2030-11-02 12:00:00,26.4,473.8,218.7,70.3,0
2030-11-02 13:00:00,28.2,473.8,218.7,74.6,0
2030-11-02 14:00:00,26.5,473.8,218.7,69.0,0
2030-11-02 15:00:00,23.5,473.8,218.7,77.6,0
2030-11-02 16:00:00,20.2,473.8,218.7,89.8,0
2030-11-02 17:00:00,13.3,473.8,218.7,83.1,0
2030-11-02 18:00:00,5.9,473.8,218.7,130.6,0
2030-11-02 19:00:00,0.5,473.8,218.7,266.3,0
2030-11-02 20:00:00,0.0,473.8,218.7,292.0,0
2030-11-02 21:00:00,0.0,473.8,218.7,320.1,0
2030-11-02 22:00:00,0.0,473.8,218.7,361.1,0
2030-11-02 23:00:00,0.0,473.8,218.7,347.7,0
2030-11-03 00:00:00,0.0,473.8,218.7,314.6,0
2030-11-03 01:00:00,0.0,473.8,218.7,260.2,0
2030-11-03 02:00:00,0.0,473.8,218.7,215.8,0
2030-11-03 03:00:00,0.0,473.8,218.7,169.6,0
2030-11-03 04:00:00,0.0,473.8,218.7,136.6,0
2030-11-03 05:00:00,0.0,473.8,218.7,125.1,0
2030-11-03 06:00:00,0.0,473.8,218.7,135.6,0
2030-11-03 07:00:00,0.0,473.8,218.7,137.0,0
2030-11-03 08:00:00,1.3,473.8,218.7,121.3,0
2030-11-03 09:00:00,7.6,473.8,218.7,83.8,0
2030-11-03 10:00:00,15.0,473.8,218.7,65.8,0
2030-11-03 11:00:00,20.2,473.8,218.7,64.2,0
2030-11-03 12:00:00,24.7,473.8,218.7,72.1,0
2030-11-03 13:00:00,26.4,473.8,218.7,78.5,0
2030-11-03 14:00:00,26.3,473.8,218.7,75.0,0
2030-11-03 15:00:00,23.1,473.8,218.7,82.9,0
2030-11-03 16:00:00,18.0,473.8,218.7,94.3,0
2030-11-03 17:00:00,13.2,473.8,218.7,110.2,0
2030-11-03 18:00:00,6.9,473.8,218.7,155.5,0
2030-11-03 19:00:00,0.9,473.8,218.7,288.2,0
2030-11-03 20:00:00,0.0,473.8,218.7,304.9,0
2030-11-03 21:00:00,0.0,473.8,218.7,308.6,0
2030-11-03 22:00:00,0.0,473.8,218.7,283.0,0
2030-11-03 23:00:00,0.0,473.8,218.7,280.6,0
2030-11-04 00:00:00,0.0,473.8,218.7,262.7,0
2030-11-04 01:00:00,0.0,473.8,218.7,200.2,0
2030-11-04 02:00:00,0.0,473.8,218.7,143.4,0
2030-11-04 03:00:00,0.0,473.8,218.7,86.2,0
2030-11-04 04:00:00,0.0,473.8,218.7,45.7,0
2030-11-04 05:00:00,0.0,473.8,218.7,6.6,0
2030-11-04 06:00:00,0.0,473.8,218.7,30.2,0
2030-11-04 07:00:00,0.0,473.8,218.7,41.8,0
2030-11-04 08:00:00,1.5,473.8,218.7,56.9,0
2030-11-04 09:00:00,8.0,473.8,218.7,75.5,0
2030-11-04 10:00:00,15.9,473.8,218.7,88.1,0
2030-11-04 11:00:00,22.5,473.8,218.7,86.2,0
2030-11-04 12:00:00,25.8,473.8,218.7,53.5,0
2030-11-04 13:00:00,27.4,473.8,218.7,28.1,0
2030-11-04 14:00:00,26.9,473.8,205.5,0.0,0
2030-11-04 15:00:00,24.2,473.8,218.7,78.0,0
2030-11-04 16:00:00,19.6,473.8,218.7,85.1,0
2030-11-04 17:00:00,13.7,473.8,218.7,42.0,0
2030-11-04 18:00:00,5.8,473.8,218.7,58.2,0
2030-11-04 19:00:00,0.5,473.8,218.7,182.5,0
2030-11-04 20:00:00,0.0,473.8,218.7,218.6,0
2030-11-04 21:00:00,0.0,473.8,218.7,228.0,0
2030-11-04 22:00:00,0.0,473.8,218.7,258.0,0
2030-11-04 23:00:00,0.0,473.8,218.7,260.6,0
2030-11-05 00:00:00,0.0,473.8,218.7,239.7,0
2030-11-05 01:00:00,0.0,473.8,218.7,169.4,0
2030-11-05 02:00:00,0.0,473.8,218.7,113.0,0
2030-11-05 03:00:00,0.0,473.8,218.7,53.2,0
2030-11-05 04:00:00,0.0,473.8,218.7,22.9,0
2030-11-05 05:00:00,0.0,473.8,218.7,0.0,0
2030-11-05 06:00:00,0.0,473.8,218.7,0.0,0
2030-11-05 07:00:00,0.0,473.8,218.7,0.0,0
2030-11-05 08:00:00,1.2,473.8,218.7,0.0,0
2030-11-05 09:00:00,6.7,473.8,218.7,0.0,0
2030-11-05 10:00:00,13.6,473.8,218.7,0.0,0
2030-11-05 11:00:00,18.7,473.8,207.8,0.0,0
2030-11-05 12:00:00,23.8,473.8,202.5,0.0,0
2030-11-05 13:00:00,26.3,473.8,147.0,0.0,0
2030-11-05 14:00:00,25.9,473.8,127.2,0.0,0
2030-11-05 15:00:00,24.9,473.8,165.5,0.0,0
2030-11-05 16:00:00,20.9,473.8,218.7,0.0,0
2030-11-05 17:00:00,15.4,473.8,218.7,0.0,0
2030-11-05 18:00:00,7.4,473.8,218.7,113.0,0
2030-11-05 19:00:00,1.2,473.8,218.7,277.1,0
2030-11-05 20:00:00,0.0,473.8,218.7,312.9,0
2030-11-05 21:00:00,0.0,473.8,218.7,326.8,0
2030-11-05 22:00:00,0.0,473.8,218.7,337.4,0
2030-11-05 23:00:00,0.0,473.8,218.7,368.0,0
2030-11-06 00:00:00,0.0,473.8,218.7,328.9,0
2030-11-06 01:00:00,0.0,473.8,218.7,271.4,0
2030-11-06 02:00:00,0.0,473.8,218.7,228.0,0
2030-11-06 03:00:00,0.0,473.8,218.7,181.5,0
2030-11-06 04:00:00,0.0,473.8,218.7,143.7,0
2030-11-06 05:00:00,0.0,473.8,218.7,99.2,0
2030-11-06 06:00:00,0.0,473.8,218.7,71.3,0
2030-11-06 07:00:00,0.0,473.8,218.7,61.2,0
2030-11-06 08:00:00,2.0,473.8,218.7,38.0,0
2030-11-06 09:00:00,9.6,473.8,218.7,55.2,0
2030-11-06 10:00:00,17.4,473.8,218.7,76.8,0
2030-11-06 11:00:00,23.0,473.8,218.7,83.5,0
2030-11-06 12:00:00,26.7,473.8,218.7,93.3,0
2030-11-06 13:00:00,28.2,473.8,218.7,99.4,0
2030-11-06 14:00:00,28.1,473.8,218.7,90.2,0
2030-11-06 15:00:00,26.0,473.8,218.7,107.5,0
2030-11-06 16:00:00,21.3,473.8,218.7,119.6,0
2030-11-06 17:00:00,15.7,473.8,218.7,100.2,0
2030-11-06 18:00:00,7.7,473.8,218.7,137.0,0
2030-11-06 19:00:00,1.6,473.8,218.7,266.4,0
2030-11-06 20:00:00,0.0,473.8,218.7,256.6,0
2030-11-06 21:00:00,0.0,473.8,218.7,303.2,0
2030-11-06 22:00:00,0.0,473.8,218.7,318.5,0
2030-11-06 23:00:00,0.0,473.8,218.7,314.6,0
2030-11-07 00:00:00,0.0,473.8,218.7,291.7,0
2030-11-07 01:00:00,0.0,473.8,218.7,241.8,0
2030-11-07 02:00:00,0.0,473.8,218.7,204.8,0
2030-11-07 03:00:00,0.0,473.8,218.7,165.0,0
2030-11-07 04:00:00,0.0,473.8,218.7,105.1,0
2030-11-07 05:00:00,0.0,473.8,218.7,41.3,0
2030-11-07 06:00:00,0.0,473.8,218.7,32.0,0
2030-11-07 07:00:00,0.0,473.8,218.7,47.3,0
2030-11-07 08:00:00,2.1,473.8,218.7,43.5,0
2030-11-07 09:00:00,9.9,473.8,218.7,50.6,0
2030-11-07 10:00:00,17.5,473.8,218.7,65.5,0
2030-11-07 11:00:00,23.3,473.8,218.7,65.8,0
2030-11-07 12:00:00,27.0,473.8,218.7,67.6,0
2030-11-07 13:00:00,28.7,473.8,218.7,50.4,0
2030-11-07 14:00:00,28.4,473.8,218.7,45.8,0
2030-11-07 15:00:00,26.3,473.8,218.7,78.7,0
2030-11-07 16:00:00,22.1,473.8,218.7,90.3,0
2030-11-07 17:00:00,15.8,473.8,218.7,71.4,0
2030-11-07 18:00:00,7.8,473.8,218.7,100.7,0
2030-11-07 19:00:00,1.6,473.8,218.7,240.2,0
2030-11-07 20:00:00,0.0,473.8,218.7,252.0,0
2030-11-07 21:00:00,0.0,473.8,218.7,285.9,0
2030-11-07 22:00:00,0.0,473.8,218.7,309.5,0
2030-11-07 23:00:00,0.0,473.8,218.7,310.9,0
2030-11-08 00:00:00,0.0,473.8,218.7,290.2,0
2030-11-08 01:00:00,0.0,473.8,218.7,239.8,0
2030-11-08 02:00:00,0.0,473.8,218.7,203.8,0
2030-11-08 03:00:00,0.0,473.8,218.7,175.5,0
2030-11-08 04:00:00,0.0,473.8,218.7,158.7,0
2030-11-08 05:00:00,0.0,473.8,218.7,148.8,0
2030-11-08 06:00:00,0.0,473.8,218.7,152.2,0
2030-11-08 07:00:00,0.0,473.8,218.7,150.3,0
2030-11-08 08:00:00,2.0,473.8,218.7,122.1,0
2030-11-08 09:00:00,9.7,473.8,218.7,68.0,0
2030-11-08 10:00:00,17.2,473.8,218.7,65.5,0
2030-11-08 11:00:00,22.9,473.8,218.7,63.6,0
2030-11-08 12:00:00,26.5,473.8,218.7,70.2,0
2030-11-08 13:00:00,28.2,473.8,218.7,74.8,0
2030-11-08 14:00:00,27.9,473.8,218.7,71.2,0
2030-11-08 15:00:00,25.7,473.8,218.7,81.8,0
2030-11-08 16:00:00,21.6,473.8,218.7,93.6,0
2030-11-08 17:00:00,15.2,473.8,218.7,84.3,0
2030-11-08 18:00:00,7.2,473.8,218.7,135.4,0
2030-11-08 19:00:00,1.2,473.8,218.7,276.2,0
2030-11-08 20:00:00,0.0,473.8,218.7,288.2,0
2030-11-08 21:00:00,0.0,473.8,218.7,317.4,0
2030-11-08 22:00:00,0.0,473.8,218.7,352.9,0
2030-11-08 23:00:00,0.0,473.8,218.7,345.0,0
2030-11-09 00:00:00,0.0,473.8,218.7,318.0,0
2030-11-09 01:00:00,0.0,473.8,218.7,262.1,0
2030-11-09 02:00:00,0.0,473.8,218.7,221.3,0
2030-11-09 03:00:00,0.0,473.8,218.7,182.0,0
2030-11-09 04:00:00,0.0,473.8,218.7,153.1,0
2030-11-09 05:00:00,0.0,473.8,218.7,135.7,0
2030-11-09 06:00:00,0.0,473.8,218.7,135.8,0
2030-11-09 07:00:00,0.0,473.8,218.7,128.5,0
2030-11-09 08:00:00,1.8,473.8,218.7,100.3,0
2030-11-09 09:00:00,9.0,473.8,218.7,56.7,0
2030-11-09 10:00:00,16.6,473.8,218.7,66.2,0
2030-11-09 11:00:00,21.0,473.8,218.7,64.1,0
2030-11-09 12:00:00,25.1,473.8,218.7,67.3,0
2030-11-09 13:00:00,27.0,473.8,218.7,70.5,0
2030-11-09 14:00:00,26.8,473.8,218.7,60.7,0
2030-11-09 15:00:00,23.8,473.8,218.7,73.9,0
2030-11-09 16:00:00,20.0,473.8,218.7,84.8,0
2030-11-09 17:00:00,13.4,473.8,218.7,64.9,0
2030-11-09 18:00:00,7.2,473.8,218.7,53.1,0
2030-11-09 19:00:00,1.1,473.8,218.7,192.5,0
2030-11-09 20:00:00,0.0,473.8,218.7,216.5,0
2030-11-09 21:00:00,0.0,473.8,218.7,244.4,0
2030-11-09 22:00:00,0.0,473.8,218.7,264.7,0
2030-11-09 23:00:00,0.0,473.8,218.7,259.9,0
2030-11-10 00:00:00,0.0,473.8,218.7,233.9,0
2030-11-10 01:00:00,0.0,473.8,218.7,181.1,0
2030-11-10 02:00:00,0.0,473.8,218.7,141.4,0
2030-11-10 03:00:00,0.0,473.8,218.7,98.4,0
2030-11-10 04:00:00,0.0,473.8,218.7,68.6,0
2030-11-10 05:00:00,0.0,473.8,218.7,56.9,0
2030-11-10 06:00:00,0.0,473.8,218.7,55.5,0
2030-11-10 07:00:00,0.0,473.8,218.7,52.8,0
2030-11-10 08:00:00,1.9,473.8,218.7,32.7,0
2030-11-10 09:00:00,8.9,473.8,218.7,48.4,0
2030-11-10 10:00:00,15.2,473.8,218.7,56.7,0
2030-11-10 11:00:00,22.0,473.8,218.7,53.2,0
2030-11-10 12:00:00,26.0,473.8,218.7,57.3,0
2030-11-10 13:00:00,28.2,473.8,218.7,31.9,0
2030-11-10 14:00:00,28.1,473.8,218.7,0.0,0
2030-11-10 15:00:00,25.8,473.8,218.7,39.6,0
2030-11-10 16:00:00,21.6,473.8,218.7,76.7,0
2030-11-10 17:00:00,15.3,473.8,218.7,60.4,0
2030-11-10 18:00:00,7.4,473.8,218.7,40.7,0
2030-11-10 19:00:00,0.0,473.8,218.7,184.8,0
2030-11-10 20:00:00,0.0,473.8,218.7,216.2,0
2030-11-10 21:00:00,0.0,473.8,218.7,239.9,0
2030-11-10 22:00:00,0.0,473.8,218.7,272.1,0
2030-11-10 23:00:00,0.0,473.8,218.7,257.3,0
2030-11-11 00:00:00,0.0,473.8,218.7,238.1,0
2030-11-11 01:00:00,0.0,473.8,218.7,185.3,0
2030-11-11 02:00:00,0.0,473.8,218.7,130.5,0
2030-11-11 03:00:00,0.0,473.8,218.7,79.5,0
2030-11-11 04:00:00,0.0,473.8,218.7,60.6,0
2030-11-11 05:00:00,0.0,473.8,218.7,54.5,0
2030-11-11 06:00:00,0.0,473.8,218.7,80.7,0
2030-11-11 07:00:00,0.0,473.8,218.7,88.9,0
2030-11-11 08:00:00,1.8,473.8,218.7,74.4,0
2030-11-11 09:00:00,9.2,473.8,218.7,63.8,0
2030-11-11 10:00:00,16.8,473.8,218.7,67.4,0
2030-11-11 11:00:00,22.5,473.8,218.7,70.4,0
2030-11-11 12:00:00,26.4,473.8,218.7,60.1,0
2030-11-11 13:00:00,28.2,473.8,218.7,30.1,0
2030-11-11 14:00:00,28.0,473.8,218.7,0.0,0
2030-11-11 15:00:00,25.8,473.8,218.7,58.4,0
2030-11-11 16:00:00,21.7,473.8,218.7,59.9,0
2030-11-11 17:00:00,15.4,473.8,218.7,19.8,0
2030-11-11 18:00:00,7.3,473.8,218.7,20.1,0
2030-11-11 19:00:00,0.0,473.8,218.7,172.1,0
2030-11-11 20:00:00,0.0,473.8,218.7,210.5,0
2030-11-11 21:00:00,0.0,473.8,218.7,246.2,0
2030-11-11 22:00:00,0.0,473.8,218.7,312.2,0
2030-11-11 23:00:00,0.0,473.8,218.7,322.2,0
2030-11-12 00:00:00,0.0,473.8,218.7,299.0,0
2030-11-12 01:00:00,0.0,473.8,218.7,235.0,0
2030-11-12 02:00:00,0.0,473.8,218.7,184.1,0
2030-11-12 03:00:00,0.0,473.8,218.7,154.2,0
2030-11-12 04:00:00,0.0,473.8,218.7,143.7,0
2030-11-12 05:00:00,0.0,473.8,218.7,121.3,0
2030-11-12 06:00:00,0.0,473.8,218.7,99.0,0
2030-11-12 07:00:00,0.0,473.8,218.7,82.0,0
2030-11-12 08:00:00,1.5,473.8,218.7,15.8,0
2030-11-12 09:00:00,8.8,473.8,218.7,0.0,0
2030-11-12 10:00:00,16.6,473.8,218.7,0.0,0
2030-11-12 11:00:00,22.2,473.8,218.7,0.0,0
2030-11-12 12:00:00,25.1,473.8,218.7,0.0,0
2030-11-12 13:00:00,27.4,473.8,201.4,0.0,0
2030-11-12 14:00:00,26.0,473.8,171.5,0.0,0
2030-11-12 15:00:00,22.0,473.8,206.4,0.0,0
2030-11-12 16:00:00,20.6,473.8,218.7,0.0,0
2030-11-12 17:00:00,13.2,473.8,218.7,0.0,0
2030-11-12 18:00:00,6.6,473.8,218.7,39.1,0
2030-11-12 19:00:00,0.0,473.8,218.7,167.5,0
2030-11-12 20:00:00,0.0,473.8,218.7,207.0,0
2030-11-12 21:00:00,0.0,473.8,218.7,235.3,0
2030-11-12 22:00:00,0.0,473.8,218.7,288.2,0
2030-11-12 23:00:00,0.0,473.8,218.7,318.7,0
2030-11-13 00:00:00,0.0,473.8,218.7,274.6,0
2030-11-13 01:00:00,0.0,473.8,218.7,212.2,0
2030-11-13 02:00:00,0.0,473.8,218.7,168.4,0
2030-11-13 03:00:00,0.0,473.8,218.7,132.7,0
2030-11-13 04:00:00,0.0,473.8,218.7,106.0,0
2030-11-13 05:00:00,0.0,473.8,218.7,92.9,0
2030-11-13 06:00:00,0.0,473.8,218.7,102.5,0
2030-11-13 07:00:00,0.0,473.8,218.7,110.6,0
2030-11-13 08:00:00,1.4,473.8,218.7,98.7,0
2030-11-13 09:00:00,7.6,473.8,218.7,64.7,0
2030-11-13 10:00:00,14.8,473.8,218.7,51.2,0
2030-11-13 11:00:00,20.5,473.8,218.7,50.0,0
2030-11-13 12:00:00,25.6,473.8,218.7,51.7,0
2030-11-13 13:00:00,28.0,473.8,218.7,33.6,0
2030-11-13 14:00:00,27.9,473.8,218.7,5.3,0
2030-11-13 15:00:00,25.8,473.8,218.7,57.1,0
2030-11-13 16:00:00,21.3,473.8,218.7,69.0,0
2030-11-13 17:00:00,15.0,473.8,218.7,52.0,0
2030-11-13 18:00:00,7.2,473.8,218.7,55.5,0
2030-11-13 19:00:00,0.0,473.8,218.7,205.4,0
2030-11-13 20:00:00,0.0,473.8,218.7,236.3,0
2030-11-13 21:00:00,0.0,473.8,218.7,292.5,0
2030-11-13 22:00:00,0.0,473.8,218.7,341.2,0
2030-11-13 23:00:00,0.0,473.8,218.7,320.8,0
2030-11-14 00:00:00,0.0,473.8,218.7,283.0,0
2030-11-14 01:00:00,0.0,473.8,218.7,226.4,0
2030-11-14 02:00:00,0.0,473.8,218.7,186.2,0
2030-11-14 03:00:00,0.0,473.8,218.7,151.3,0
2030-11-14 04:00:00,0.0,473.8,218.7,121.1,0
2030-11-14 05:00:00,0.0,473.8,218.7,105.6,0
2030-11-14 06:00:00,0.0,473.8,218.7,114.1,0
2030-11-14 07:00:00,0.0,473.8,218.7,111.0,0
2030-11-14 08:00:00,1.7,473.8,218.7,85.2,0
2030-11-14 09:00:00,8.4,473.8,218.7,51.8,0
2030-11-14 10:00:00,16.5,473.8,218.7,43.1,0
2030-11-14 11:00:00,22.0,473.8,218.7,43.2,0
2030-11-14 12:00:00,25.7,473.8,218.7,59.1,0
2030-11-14 13:00:00,27.5,473.8,218.7,60.1,0
2030-11-14 14:00:00,26.5,473.8,218.7,54.7,0
2030-11-14 15:00:00,22.8,473.8,218.7,61.1,0
2030-11-14 16:00:00,20.9,473.8,218.7,72.7,0
2030-11-14 17:00:00,14.9,473.8,218.7,56.7,0
2030-11-14 18:00:00,6.9,473.8,218.7,65.5,0
2030-11-14 19:00:00,0.0,473.8,218.7,212.7,0
2030-11-14 20:00:00,0.0,473.8,218.7,253.8,0
2030-11-14 21:00:00,0.0,473.8,218.7,285.6,0
2030-11-14 22:00:00,0.0,473.8,218.7,346.5,0
2030-11-14 23:00:00,0.0,473.8,218.7,327.8,0
2030-11-15 00:00:00,0.0,473.8,218.7,287.6,0
2030-11-15 01:00:00,0.0,473.8,218.7,221.7,0
2030-11-15 02:00:00,0.0,473.8,218.7,174.1,0
2030-11-15 03:00:00,0.0,473.8,218.7,142.5,0
2030-11-15 04:00:00,0.0,473.8,218.7,116.8,0
2030-11-15 05:00:00,0.0,473.8,218.7,96.9,0
2030-11-15 06:00:00,0.0,473.8,218.7,91.3,0
2030-11-15 07:00:00,0.0,473.8,218.7,80.1,0
2030-11-15 08:00:00,1.3,473.8,218.7,66.6,0
2030-11-15 09:00:00,7.2,473.8,218.7,43.4,0
2030-11-15 10:00:00,12.7,473.8,218.7,55.4,0
2030-11-15 11:00:00,17.7,473.8,218.7,50.6,0
2030-11-15 12:00:00,22.0,473.8,218.7,49.7,0
2030-11-15 13:00:00,18.4,473.8,218.7,53.7,0
2030-11-15 14:00:00,20.9,473.8,218.7,50.4,0
2030-11-15 15:00:00,23.4,473.8,218.7,57.1,0
2030-11-15 16:00:00,19.6,473.8,218.7,71.0,0
2030-11-15 17:00:00,12.6,473.8,218.7,53.4,0
2030-11-15 18:00:00,5.6,473.8,218.7,118.7,0
2030-11-15 19:00:00,0.0,473.8,218.7,260.5,0
2030-11-15 20:00:00,0.0,473.8,218.7,292.6,0
2030-11-15 21:00:00,0.0,473.8,218.7,328.0,0
2030-11-15 22:00:00,0.0,473.8,218.7,365.3,0
2030-11-15 23:00:00,0.0,473.8,218.7,350.2,0
2030-11-16 00:00:00,0.0,473.8,218.7,311.0,0
2030-11-16 01:00:00,0.0,473.8,218.7,250.4,0
2030-11-16 02:00:00,0.0,473.8,218.7,204.4,0
2030-11-16 03:00:00,0.0,473.8,218.7,163.2,0
2030-11-16 04:00:00,0.0,473.8,218.7,125.1,0
2030-11-16 05:00:00,0.0,473.8,218.7,109.5,0
2030-11-16 06:00:00,0.0,473.8,218.7,116.6,0
2030-11-16 07:00:00,0.0,473.8,218.7,116.4,0
2030-11-16 08:00:00,1.6,473.8,218.7,95.9,0
2030-11-16 09:00:00,8.4,473.8,218.7,59.9,0
2030-11-16 10:00:00,16.0,473.8,218.7,60.4,0
2030-11-16 11:00:00,21.9,473.8,218.7,56.9,0
2030-11-16 12:00:00,25.7,473.8,218.7,59.3,0
2030-11-16 13:00:00,27.2,473.8,218.7,62.7,0
2030-11-16 14:00:00,25.9,473.8,218.7,59.2,0
2030-11-16 15:00:00,21.3,473.8,218.7,72.6,0
2030-11-16 16:00:00,16.4,473.8,218.7,85.7,0
2030-11-16 17:00:00,10.6,473.8,218.7,96.1,0
2030-11-16 18:00:00,5.2,473.8,218.7,130.3,0
2030-11-16 19:00:00,0.0,473.8,218.7,247.6,0
2030-11-16 20:00:00,0.0,473.8,218.7,263.5,0
2030-11-16 21:00:00,0.0,473.8,218.7,290.5,0
2030-11-16 22:00:00,0.0,473.8,218.7,347.8,0
2030-11-16 23:00:00,0.0,473.8,218.7,331.7,0
2030-11-17 00:00:00,0.0,473.8,218.7,304.5,0
2030-11-17 01:00:00,0.0,473.8,218.7,254.1,0
2030-11-17 02:00:00,0.0,473.8,218.7,215.0,0
2030-11-17 03:00:00,0.0,473.8,218.7,167.3,0
2030-11-17 04:00:00,0.0,473.8,218.7,133.0,0
2030-11-17 05:00:00,0.0,473.8,218.7,113.7,0
2030-11-17 06:00:00,0.0,473.8,218.7,113.8,0
2030-11-17 07:00:00,0.0,473.8,218.7,108.7,0
2030-11-17 08:00:00,1.5,473.8,218.7,100.5,0
2030-11-17 09:00:00,6.3,473.8,218.7,89.7,0
2030-11-17 10:00:00,12.2,473.8,218.7,66.0,0
2030-11-17 11:00:00,16.2,473.8,218.7,63.4,0
2030-11-17 12:00:00,16.7,473.8,218.7,69.1,0
2030-11-17 13:00:00,19.9,473.8,218.7,74.7,0
2030-11-17 14:00:00,25.2,473.8,218.7,74.3,0
2030-11-17 15:00:00,24.1,473.8,218.7,84.1,0
2030-11-17 16:00:00,19.5,473.8,218.7,97.5,0
2030-11-17 17:00:00,14.5,473.8,218.7,80.2,0
2030-11-17 18:00:00,5.9,473.8,218.7,84.4,0
2030-11-17 19:00:00,0.0,473.8,218.7,178.7,0
2030-11-17 20:00:00,0.0,473.8,218.7,163.2,0
2030-11-17 21:00:00,0.0,473.8,218.7,200.9,0
2030-11-17 22:00:00,0.0,473.8,218.7,195.9,0
2030-11-17 23:00:00,0.0,473.8,218.7,153.8,0
2030-11-18 00:00:00,0.0,473.8,218.7,128.3,0
2030-11-18 01:00:00,0.0,473.8,218.7,84.7,0
2030-11-18 02:00:00,0.0,473.8,218.7,57.7,0
2030-11-18 03:00:00,0.0,473.8,218.7,27.3,0
2030-11-18 04:00:00,0.0,473.8,218.7,16.9,0
2030-11-18 05:00:00,0.0,473.8,218.7,9.1,0
2030-11-18 06:00:00,0.0,473.8,218.7,32.2,0
2030-11-18 07:00:00,0.0,473.8,218.7,43.6,0
2030-11-18 08:00:00,1.4,473.8,218.7,60.1,0
2030-11-18 09:00:00,7.8,473.8,218.7,80.7,0
2030-11-18 10:00:00,14.4,473.8,218.7,89.5,0
2030-11-18 11:00:00,20.5,473.8,218.7,95.8,0
2030-11-18 12:00:00,24.2,473.8,218.7,101.5,0
2030-11-18 13:00:00,27.3,473.8,218.7,83.8,0
2030-11-18 14:00:00,27.4,473.8,218.7,28.1,0
2030-11-18 15:00:00,24.8,473.8,218.7,92.6,0
2030-11-18 16:00:00,21.0,473.8,218.7,86.1,0
2030-11-18 17:00:00,15.1,473.8,218.7,41.5,0
2030-11-18 18:00:00,7.2,473.8,218.7,39.1,0
2030-11-18 19:00:00,0.0,473.8,218.7,143.1,0
2030-11-18 20:00:00,0.0,473.8,218.7,157.2,0
2030-11-18 21:00:00,0.0,473.8,218.7,163.2,0
2030-11-18 22:00:00,0.0,473.8,218.7,161.2,0
2030-11-18 23:00:00,0.0,473.8,218.7,173.5,0
2030-11-19 00:00:00,0.0,473.8,218.7,0.0,0
2030-11-19 01:00:00,0.0,473.8,218.7,90.1,0
2030-11-19 02:00:00,0.0,473.8,218.7,50.8,0
2030-11-19 03:00:00,0.0,473.8,218.7,29.1,0
2030-11-19 04:00:00,0.0,473.8,218.7,13.5,0
2030-11-19 05:00:00,0.0,473.8,218.7,0.0,0
2030-11-19 06:00:00,0.0,473.8,218.7,0.0,0
2030-11-19 07:00:00,0.0,473.8,218.7,0.0,0
2030-11-19 08:00:00,1.7,473.8,218.7,0.0,0
2030-11-19 09:00:00,8.9,473.8,218.7,0.0,0
2030-11-19 10:00:00,16.4,473.8,218.7,0.0,0
2030-11-19 11:00:00,22.2,473.8,218.7,0.0,0
2030-11-19 12:00:00,25.9,473.8,218.7,0.0,0
2030-11-19 13:00:00,27.6,473.8,196.2,0.0,0
2030-11-19 14:00:00,27.4,473.8,176.2,0.0,0
2030-11-19 15:00:00,25.3,473.8,211.3,0.0,0
2030-11-19 16:00:00,21.2,473.8,218.7,0.0,0
2030-11-19 17:00:00,15.1,473.8,218.7,0.0,0
2030-11-19 18:00:00,7.3,473.8,218.7,84.6,0
2030-11-19 19:00:00,0.0,473.8,218.7,219.6,0
2030-11-19 20:00:00,0.0,473.8,218.7,204.2,0
2030-11-19 21:00:00,0.0,473.8,218.7,181.8,0
2030-11-19 22:00:00,0.0,473.8,218.7,166.1,0
2030-11-19 23:00:00,0.0,473.8,218.7,209.4,0
2030-11-20 00:00:00,0.0,473.8,218.7,175.6,0
2030-11-20 01:00:00,0.0,473.8,218.7,114.3,0
2030-11-20 02:00:00,0.0,473.8,218.7,71.2,0
2030-11-20 03:00:00,0.0,473.8,218.7,36.2,0
2030-11-20 04:00:00,0.0,473.8,218.7,12.7,0
2030-11-20 05:00:00,0.0,473.8,218.7,7.1,0
2030-11-20 06:00:00,0.0,473.8,218.7,16.0,0
2030-11-20 07:00:00,0.0,473.8,218.7,25.8,0
2030-11-20 08:00:00,1.7,473.8,218.7,30.6,0
2030-11-20 09:00:00,8.8,473.8,218.7,47.1,0
2030-11-20 10:00:00,16.4,473.8,218.7,69.4,0
2030-11-20 11:00:00,22.2,473.8,218.7,68.3,0
2030-11-20 12:00:00,25.9,473.8,218.7,76.5,0
2030-11-20 13:00:00,27.7,473.8,218.7,66.2,0
2030-11-20 14:00:00,27.5,473.8,218.7,43.9,0
2030-11-20 15:00:00,25.4,473.8,218.7,83.7,0
2030-11-20 16:00:00,21.3,473.8,218.7,92.2,0
2030-11-20 17:00:00,15.2,473.8,218.7,70.8,0
2030-11-20 18:00:00,7.3,473.8,218.7,48.4,0
2030-11-20 19:00:00,0.0,473.8,218.7,153.5,0
2030-11-20 20:00:00,0.0,473.8,218.7,138.2,0
2030-11-20 21:00:00,0.0,473.8,218.7,155.3,0
2030-11-20 22:00:00,0.0,473.8,218.7,157.7,0
2030-11-20 23:00:00,0.0,473.8,218.7,150.4,0
2030-11-21 00:00:00,0.0,473.8,218.7,138.7,0
2030-11-21 01:00:00,0.0,473.8,218.7,102.8,0
2030-11-21 02:00:00,0.0,473.8,218.7,75.2,0
2030-11-21 03:00:00,0.0,473.8,218.7,45.4,0
2030-11-21 04:00:00,0.0,473.8,218.7,29.6,0
2030-11-21 05:00:00,0.0,473.8,218.7,22.7,0
2030-11-21 06:00:00,0.0,473.8,218.7,33.2,0
2030-11-21 07:00:00,0.0,473.8,218.7,40.6,0
2030-11-21 08:00:00,0.8,473.8,218.7,43.5,0
2030-11-21 09:00:00,6.2,473.8,218.7,49.4,0
2030-11-21 10:00:00,10.7,473.8,218.7,62.5,0
2030-11-21 11:00:00,19.9,473.8,218.7,62.2,0
2030-11-21 12:00:00,24.9,473.8,218.7,66.1,0
2030-11-21 13:00:00,27.5,473.8,218.7,63.6,0
2030-11-21 14:00:00,26.5,473.8,218.7,54.7,0
2030-11-21 15:00:00,23.5,473.8,218.7,73.1,0
2030-11-21 16:00:00,18.7,473.8,218.7,81.7,0
2030-11-21 17:00:00,12.5,473.8,218.7,61.6,0
2030-11-21 18:00:00,6.2,473.8,218.7,38.0,0
2030-11-21 19:00:00,0.0,473.8,218.7,127.3,0
2030-11-21 20:00:00,0.0,473.8,218.7,127.0,0
2030-11-21 21:00:00,0.0,473.8,218.7,148.1,0
2030-11-21 22:00:00,0.0,473.8,218.7,198.7,0
2030-11-21 23:00:00,0.0,473.8,218.7,182.1,0
2030-11-22 00:00:00,0.0,473.8,218.7,152.5,0
2030-11-22 01:00:00,0.0,473.8,218.7,99.7,0
2030-11-22 02:00:00,0.0,473.8,218.7,55.7,0
2030-11-22 03:00:00,0.0,473.8,218.7,20.5,0
2030-11-22 04:00:00,0.0,473.8,218.7,4.7,0
2030-11-22 05:00:00,0.0,473.8,218.7,0.0,0
2030-11-22 06:00:00,0.0,473.8,218.7,0.0,0
2030-11-22 07:00:00,0.0,473.8,218.7,3.9,0
2030-11-22 08:00:00,1.0,473.8,218.7,29.6,0
2030-11-22 09:00:00,7.0,473.8,218.7,44.9,0
2030-11-22 10:00:00,14.7,473.8,218.7,63.0,0
2030-11-22 11:00:00,21.4,473.8,218.7,23.2,0
2030-11-22 12:00:00,26.0,473.8,218.7,17.8,0
2030-11-22 13:00:00,28.0,473.8,218.7,11.3,0
2030-11-22 14:00:00,27.6,473.8,218.7,17.4,0
2030-11-22 15:00:00,24.9,473.8,218.7,83.3,0
2030-11-22 16:00:00,20.9,473.8,218.7,95.7,0
2030-11-22 17:00:00,14.4,473.8,218.7,74.8,0
2030-11-22 18:00:00,5.7,473.8,218.7,75.8,0
2030-11-22 19:00:00,0.0,473.8,218.7,171.3,0
2030-11-22 20:00:00,0.0,473.8,218.7,156.2,0
2030-11-22 21:00:00,0.0,473.8,218.7,153.6,0
2030-11-22 22:00:00,0.0,473.8,218.7,191.2,0
2030-11-22 23:00:00,0.0,473.8,218.7,172.0,0
2030-11-23 00:00:00,0.0,473.8,218.7,136.7,0
2030-11-23 01:00:00,0.0,473.8,218.7,66.1,0
2030-11-23 02:00:00,0.0,473.8,218.7,39.7,0
2030-11-23 03:00:00,0.0,473.8,218.7,15.3,0
2030-11-23 04:00:00,0.0,473.8,218.7,0.0,0
2030-11-23 05:00:00,0.0,473.8,218.7,0.0,0
2030-11-23 06:00:00,0.0,473.8,218.7,0.0,0
2030-11-23 07:00:00,0.0,473.8,218.7,0.0,0
2030-11-23 08:00:00,1.4,473.8,218.7,22.6,0
2030-11-23 09:00:00,8.3,473.8,218.7,36.8,0
2030-11-23 10:00:00,16.1,473.8,218.7,45.1,0
2030-11-23 11:00:00,22.0,473.8,218.7,0.0,0
2030-11-23 12:00:00,25.3,473.8,218.7,1.2,0
2030-11-23 13:00:00,26.9,473.8,218.7,5.6,0
2030-11-23 14:00:00,26.4,473.8,218.7,23.7,0
2030-11-23 15:00:00,24.6,473.8,218.7,78.5,0
2030-11-23 16:00:00,20.2,473.8,218.7,96.2,0
2030-11-23 17:00:00,11.8,473.8,218.7,72.3,0
2030-11-23 18:00:00,4.6,473.8,218.7,47.8,0
2030-11-23 19:00:00,0.0,473.8,218.7,138.0,0
2030-11-23 20:00:00,0.0,473.8,218.7,131.3,0
2030-11-23 21:00:00,0.0,473.8,218.7,161.2,0
2030-11-23 22:00:00,0.0,473.8,218.7,203.7,0
2030-11-23 23:00:00,0.0,473.8,218.7,196.2,0
2030-11-24 00:00:00,0.0,473.8,218.7,155.4,0
2030-11-24 01:00:00,0.0,473.8,218.7,80.9,0
2030-11-24 02:00:00,0.0,473.8,218.7,40.7,0
2030-11-24 03:00:00,0.0,473.8,218.7,13.0,0
2030-11-24 04:00:00,0.0,473.8,218.7,0.0,0
2030-11-24 05:00:00,0.0,473.8,218.7,0.0,0
2030-11-24 06:00:00,0.0,473.8,218.7,0.0,0
2030-11-24 07:00:00,0.0,473.8,218.7,0.0,0
2030-11-24 08:00:00,0.7,473.8,218.7,23.3,0
2030-11-24 09:00:00,6.9,473.8,218.7,39.0,0
2030-11-24 10:00:00,14.1,473.8,218.7,53.4,0
2030-11-24 11:00:00,20.5,473.8,218.7,12.1,0
2030-11-24 12:00:00,24.8,473.8,218.7,8.6,0
2030-11-24 13:00:00,26.8,473.8,218.7,7.9,0
2030-11-24 14:00:00,26.4,473.8,218.7,17.5,0
2030-11-24 15:00:00,24.2,473.8,218.7,79.9,0
2030-11-24 16:00:00,20.6,473.8,218.7,94.0,0
2030-11-24 17:00:00,14.1,473.8,218.7,73.5,0
2030-11-24 18:00:00,6.6,473.8,218.7,71.9,0
2030-11-24 19:00:00,0.0,473.8,218.7,202.8,0
2030-11-24 20:00:00,0.0,473.8,218.7,182.8,0
2030-11-24 21:00:00,0.0,473.8,218.7,211.5,0
2030-11-24 22:00:00,0.0,473.8,218.7,237.5,0
2030-11-24 23:00:00,0.0,473.8,218.7,201.6,0
2030-11-25 00:00:00,0.0,473.8,218.7,153.1,0
2030-11-25 01:00:00,0.0,473.8,218.7,71.2,0
2030-11-25 02:00:00,0.0,473.8,218.7,44.8,0
2030-11-25 03:00:00,0.0,473.8,218.7,13.2,0
2030-11-25 04:00:00,0.0,473.8,218.7,2.6,0
2030-11-25 05:00:00,0.0,473.8,218.7,0.0,0
2030-11-25 06:00:00,0.0,473.8,218.7,18.6,0
2030-11-25 07:00:00,0.0,473.8,218.7,30.5,0
2030-11-25 08:00:00,1.5,473.8,218.7,44.2,0
2030-11-25 09:00:00,8.6,473.8,218.7,58.0,0
2030-11-25 10:00:00,16.4,473.8,218.7,63.8,0
2030-11-25 11:00:00,22.3,473.8,218.7,47.5,0
2030-11-25 12:00:00,26.1,473.8,218.7,26.2,0
2030-11-25 13:00:00,27.5,473.8,218.7,22.3,0
2030-11-25 14:00:00,27.1,473.8,218.7,0.0,0
2030-11-25 15:00:00,23.7,473.8,218.7,82.2,0
2030-11-25 16:00:00,19.1,473.8,218.7,83.2,0
2030-11-25 17:00:00,11.7,473.8,218.7,41.7,0
2030-11-25 18:00:00,5.3,473.8,218.7,76.4,0
2030-11-25 19:00:00,0.0,473.8,218.7,226.9,0
2030-11-25 20:00:00,0.0,473.8,218.7,238.0,0
2030-11-25 21:00:00,0.0,473.8,218.7,250.9,0
2030-11-25 22:00:00,0.0,473.8,218.7,273.2,0
2030-11-25 23:00:00,0.0,473.8,218.7,285.2,0
2030-11-26 00:00:00,0.0,473.8,218.7,263.7,0
2030-11-26 01:00:00,0.0,473.8,218.7,185.6,0
2030-11-26 02:00:00,0.0,473.8,218.7,138.7,0
2030-11-26 03:00:00,0.0,473.8,218.7,90.9,0
2030-11-26 04:00:00,0.0,473.8,218.7,55.7,0
2030-11-26 05:00:00,0.0,473.8,218.7,27.9,0
2030-11-26 06:00:00,0.0,473.8,218.7,13.3,0
2030-11-26 07:00:00,0.0,473.8,218.7,0.0,0
2030-11-26 08:00:00,1.5,473.8,218.7,0.0,0
2030-11-26 09:00:00,7.3,473.8,218.7,0.0,0
2030-11-26 10:00:00,16.2,473.8,218.7,0.0,0
2030-11-26 11:00:00,22.0,473.8,217.7,0.0,0
2030-11-26 12:00:00,25.6,473.8,218.7,0.0,0
2030-11-26 13:00:00,27.5,473.8,209.9,0.0,0
2030-11-26 14:00:00,27.3,473.8,190.5,0.0,0
2030-11-26 15:00:00,24.9,473.8,218.7,0.0,0
2030-11-26 16:00:00,21.5,473.8,218.7,0.0,0
2030-11-26 17:00:00,15.3,473.8,218.7,0.0,0
2030-11-26 18:00:00,7.5,473.8,218.7,63.0,0
2030-11-26 19:00:00,0.0,473.8,218.7,212.9,0
2030-11-26 20:00:00,0.0,473.8,218.7,234.9,0
2030-11-26 21:00:00,0.0,473.8,218.7,255.5,0
2030-11-26 22:00:00,0.0,473.8,218.7,294.1,0
2030-11-26 23:00:00,0.0,473.8,218.7,321.1,0
2030-11-27 00:00:00,0.0,473.8,218.7,289.7,0
2030-11-27 01:00:00,0.0,473.8,218.7,235.5,0
2030-11-27 02:00:00,0.0,473.8,218.7,192.0,0
2030-11-27 03:00:00,0.0,473.8,218.7,159.8,0
2030-11-27 04:00:00,0.0,473.8,218.7,123.2,0
2030-11-27 05:00:00,0.0,473.8,218.7,97.3,0
2030-11-27 06:00:00,0.0,473.8,218.7,90.3,0
2030-11-27 07:00:00,0.0,473.8,218.7,80.7,0
2030-11-27 08:00:00,0.8,473.8,218.7,61.1,0
2030-11-27 09:00:00,6.9,473.8,218.7,37.3,0
2030-11-27 10:00:00,14.6,473.8,218.7,37.6,0
2030-11-27 11:00:00,21.2,473.8,218.7,45.0,0
2030-11-27 12:00:00,25.5,473.8,218.7,58.9,0
2030-11-27 13:00:00,27.2,473.8,218.7,70.3,0
2030-11-27 14:00:00,27.5,473.8,218.7,57.7,0
2030-11-27 15:00:00,25.4,473.8,218.7,76.6,0
2030-11-27 16:00:00,21.5,473.8,218.7,88.8,0
2030-11-27 17:00:00,15.5,473.8,218.7,70.7,0
2030-11-27 18:00:00,7.3,473.8,218.7,99.6,0
2030-11-27 19:00:00,0.0,473.8,218.7,207.4,0
2030-11-27 20:00:00,0.0,473.8,218.7,207.4,0
2030-11-27 21:00:00,0.0,473.8,218.7,256.0,0
2030-11-27 22:00:00,0.0,473.8,218.7,294.1,0
2030-11-27 23:00:00,0.0,473.8,218.7,295.3,0
2030-11-28 00:00:00,0.0,473.8,218.7,263.8,0
2030-11-28 01:00:00,0.0,473.8,218.7,208.7,0
2030-11-28 02:00:00,0.0,473.8,218.7,161.5,0
2030-11-28 03:00:00,0.0,473.8,218.7,123.5,0
2030-11-28 04:00:00,0.0,473.8,218.7,104.6,0
2030-11-28 05:00:00,0.0,473.8,218.7,95.9,0
2030-11-28 06:00:00,0.0,473.8,218.7,102.3,0
2030-11-28 07:00:00,0.0,473.8,218.7,98.0,0
2030-11-28 08:00:00,1.7,473.8,218.7,69.7,0
2030-11-28 09:00:00,8.6,473.8,218.7,35.6,0
2030-11-28 10:00:00,16.5,473.8,218.7,42.9,0
2030-11-28 11:00:00,22.5,473.8,218.7,52.3,0
2030-11-28 12:00:00,26.1,473.8,218.7,75.3,0
2030-11-28 13:00:00,28.0,473.8,218.7,72.0,0
2030-11-28 14:00:00,27.9,473.8,218.7,34.0,0
2030-11-28 15:00:00,26.0,473.8,218.7,38.4,0
2030-11-28 16:00:00,21.8,473.8,218.7,77.8,0
2030-11-28 17:00:00,15.5,473.8,218.7,56.5,0
2030-11-28 18:00:00,7.5,473.8,218.7,31.7,0
2030-11-28 19:00:00,0.0,473.8,218.7,104.3,0
2030-11-28 20:00:00,0.0,473.8,218.7,131.0,0
2030-11-28 21:00:00,0.0,473.8,218.7,180.2,0
2030-11-28 22:00:00,0.0,473.8,218.7,249.7,0
2030-11-28 23:00:00,0.0,473.8,218.7,229.6,0
2030-11-29 00:00:00,0.0,473.8,218.7,179.3,0
2030-11-29 01:00:00,0.0,473.8,218.7,117.0,0
2030-11-29 02:00:00,0.0,473.8,218.7,80.7,0
2030-11-29 03:00:00,0.0,473.8,218.7,49.8,0
2030-11-29 04:00:00,0.0,473.8,218.7,44.0,0
2030-11-29 05:00:00,0.0,473.8,218.7,49.1,0
2030-11-29 06:00:00,0.0,473.8,218.7,64.5,0
2030-11-29 07:00:00,0.0,473.8,218.7,54.0,0
2030-11-29 08:00:00,1.4,473.8,218.7,22.6,0
2030-11-29 09:00:00,7.9,473.8,218.7,39.6,0
2030-11-29 10:00:00,15.6,473.8,218.7,56.3,0
2030-11-29 11:00:00,21.2,473.8,218.7,49.3,0
2030-11-29 12:00:00,24.6,473.8,218.7,43.1,0
2030-11-29 13:00:00,26.0,473.8,218.7,45.3,0
2030-11-29 14:00:00,25.9,473.8,218.7,29.3,0
2030-11-29 15:00:00,22.7,473.8,218.7,75.2,0
2030-11-29 16:00:00,19.1,473.8,218.7,83.9,0
2030-11-29 17:00:00,13.5,473.8,218.7,63.8,0
2030-11-29 18:00:00,5.8,473.8,218.7,113.5,0
2030-11-29 19:00:00,0.0,473.8,218.7,211.2,0
2030-11-29 20:00:00,0.0,473.8,218.7,220.2,0
2030-11-29 21:00:00,0.0,473.8,218.7,248.4,0
2030-11-29 22:00:00,0.0,473.8,218.7,308.4,0
2030-11-29 23:00:00,0.0,473.8,218.7,273.2,0
2030-11-30 00:00:00,0.0,473.8,218.7,213.0,0
2030-11-30 01:00:00,0.0,473.8,218.7,135.8,0
2030-11-30 02:00:00,0.0,473.8,218.7,81.3,0
2030-11-30 03:00:00,0.0,473.8,218.7,45.4,0
2030-11-30 04:00:00,0.0,473.8,218.7,27.5,0
2030-11-30 05:00:00,0.0,473.8,218.7,24.1,0
2030-11-30 06:00:00,0.0,473.8,218.7,35.3,0
2030-11-30 07:00:00,0.0,473.8,218.7,37.4,0
2030-11-30 08:00:00,1.6,473.8,218.7,22.4,0
2030-11-30 09:00:00,8.2,473.8,218.7,41.8,0
2030-11-30 10:00:00,15.8,473.8,218.7,54.0,0
2030-11-30 11:00:00,21.4,473.8,218.7,63.3,0
2030-11-30 12:00:00,25.5,473.8,218.7,75.9,0
2030-11-30 13:00:00,27.2,473.8,218.7,76.1,0
2030-11-30 14:00:00,27.1,473.8,218.7,73.8,0
2030-11-30 15:00:00,25.1,473.8,218.7,96.2,0
2030-11-30 16:00:00,21.3,473.8,218.7,109.5,0
2030-11-30 17:00:00,15.2,473.8,218.7,101.6,0
2030-11-30 18:00:00,7.5,473.8,218.7,170.2,0
2030-11-30 19:00:00,0.0,473.8,218.7,322.7,0
2030-11-30 20:00:00,0.0,473.8,218.7,337.8,0
2030-11-30 21:00:00,0.0,473.8,218.7,342.7,0
2030-11-30 22:00:00,0.0,473.8,218.7,375.4,0
2030-11-30 23:00:00,0.0,473.8,218.7,355.0,0
2030-12-01 00:00:00,0.0,473.8,218.7,260.2,0
2030-12-01 01:00:00,0.0,473.8,218.7,192.3,0
2030-12-01 02:00:00,0.0,473.8,218.7,122.5,0
2030-12-01 03:00:00,0.0,473.8,218.7,62.4,0
2030-12-01 04:00:00,0.0,473.8,218.7,14.9,0
2030-12-01 05:00:00,0.0,473.8,218.7,0.0,0
2030-12-01 06:00:00,0.0,473.8,218.7,0.0,0
2030-12-01 07:00:00,0.0,473.8,218.7,0.0,0
2030-12-01 08:00:00,1.6,473.8,218.7,0.0,0
2030-12-01 09:00:00,8.3,473.8,218.7,0.0,0
2030-12-01 10:00:00,16.2,473.8,218.7,0.0,0
2030-12-01 11:00:00,22.3,473.8,218.7,0.0,0
2030-12-01 12:00:00,26.2,473.8,218.7,0.0,0
2030-12-01 13:00:00,28.1,473.8,218.7,0.0,0
2030-12-01 14:00:00,28.0,473.8,218.7,0.0,0
2030-12-01 15:00:00,26.0,473.8,218.7,15.4,0
2030-12-01 16:00:00,21.9,473.8,218.7,26.1,0
2030-12-01 17:00:00,15.8,473.8,218.7,24.1,0
2030-12-01 18:00:00,7.8,473.8,218.7,73.0,0
2030-12-01 19:00:00,0.0,473.8,218.7,186.7,0
2030-12-01 20:00:00,0.0,473.8,218.7,245.3,0
2030-12-01 21:00:00,0.0,473.8,218.7,224.9,0
2030-12-01 22:00:00,0.0,473.8,218.7,218.3,0
2030-12-01 23:00:00,0.0,473.8,218.7,242.7,0
2030-12-02 00:00:00,0.0,473.8,218.7,197.6,0
2030-12-02 01:00:00,0.0,473.8,218.7,131.1,0
2030-12-02 02:00:00,0.0,473.8,218.7,57.1,0
2030-12-02 03:00:00,0.0,473.8,218.7,0.0,0
2030-12-02 04:00:00,0.0,473.8,218.7,0.0,0
2030-12-02 05:00:00,0.0,473.8,218.7,0.0,0
2030-12-02 06:00:00,0.0,473.8,218.7,0.0,0
2030-12-02 07:00:00,0.0,473.8,218.7,0.0,0
2030-12-02 08:00:00,1.7,473.8,218.7,0.0,0
2030-12-02 09:00:00,8.4,473.8,218.7,0.0,0
2030-12-02 10:00:00,16.4,473.8,218.7,0.0,0
2030-12-02 11:00:00,22.4,473.8,218.7,0.0,0
2030-12-02 12:00:00,26.3,473.8,218.7,0.0,0
2030-12-02 13:00:00,28.2,473.8,218.7,0.0,0
2030-12-02 14:00:00,28.2,473.8,218.7,0.0,0
2030-12-02 15:00:00,26.1,473.8,218.7,14.2,0
2030-12-02 16:00:00,22.1,473.8,218.7,25.2,0
2030-12-02 17:00:00,15.9,473.8,218.7,32.2,0
2030-12-02 18:00:00,7.9,473.8,218.7,85.2,0
2030-12-02 19:00:00,0.0,473.8,218.7,232.6,0
2030-12-02 20:00:00,0.0,473.8,218.7,267.5,0
2030-12-02 21:00:00,0.0,473.8,218.7,253.3,0
2030-12-02 22:00:00,0.0,473.8,218.7,236.0,0
2030-12-02 23:00:00,0.0,473.8,218.7,218.5,0
2030-12-03 00:00:00,0.0,473.8,218.7,0.0,0
2030-12-03 01:00:00,0.0,473.8,218.7,122.3,0
2030-12-03 02:00:00,0.0,473.8,218.7,49.3,0
2030-12-03 03:00:00,0.0,473.8,218.7,0.0,0
2030-12-03 04:00:00,0.0,473.8,218.7,0.0,0
2030-12-03 05:00:00,0.0,473.8,218.7,0.0,0
2030-12-03 06:00:00,0.0,473.8,218.7,0.0,0
2030-12-03 07:00:00,0.0,473.8,218.7,0.0,0
2030-12-03 08:00:00,1.7,473.8,218.7,0.0,0
2030-12-03 09:00:00,8.2,473.8,218.7,0.0,0
2030-12-03 10:00:00,15.8,473.8,218.7,0.0,0
2030-12-03 11:00:00,21.4,473.8,218.7,0.0,0
2030-12-03 12:00:00,24.2,473.8,212.0,0.0,0
2030-12-03 13:00:00,25.5,473.8,217.6,0.0,0
2030-12-03 14:00:00,25.0,473.8,218.7,0.0,0
2030-12-03 15:00:00,23.1,473.8,218.7,0.0,0
2030-12-03 16:00:00,17.9,473.8,218.7,0.0,0
2030-12-03 17:00:00,11.0,473.8,218.7,0.0,0
2030-12-03 18:00:00,3.8,473.8,218.7,82.0,0
2030-12-03 19:00:00,0.0,473.8,218.7,209.7,0
2030-12-03 20:00:00,0.0,473.8,218.7,286.7,0
2030-12-03 21:00:00,0.0,473.8,218.7,260.1,0
2030-12-03 22:00:00,0.0,473.8,218.7,274.9,0
2030-12-03 23:00:00,0.0,473.8,218.7,283.4,0
2030-12-04 00:00:00,0.0,473.8,218.7,246.8,0
2030-12-04 01:00:00,0.0,473.8,218.7,181.5,0
2030-12-04 02:00:00,0.0,473.8,218.7,105.9,0
2030-12-04 03:00:00,0.0,473.8,218.7,34.4,0
2030-12-04 04:00:00,0.0,473.8,218.7,0.0,0
2030-12-04 05:00:00,0.0,473.8,218.7,0.0,0
2030-12-04 06:00:00,0.0,473.8,218.7,0.0,0
2030-12-04 07:00:00,0.0,473.8,218.7,0.0,0
2030-12-04 08:00:00,1.0,473.8,218.7,0.0,0
2030-12-04 09:00:00,5.9,473.8,218.7,0.0,0
2030-12-04 10:00:00,14.9,473.8,218.7,0.0,0
2030-12-04 11:00:00,19.6,473.8,218.7,0.0,0
2030-12-04 12:00:00,24.9,473.8,218.7,0.0,0
2030-12-04 13:00:00,26.0,473.8,218.7,0.0,0
2030-12-04 14:00:00,25.9,473.8,218.7,0.0,0
2030-12-04 15:00:00,23.0,473.8,218.7,10.5,0
2030-12-04 16:00:00,20.0,473.8,218.7,22.8,0
2030-12-04 17:00:00,14.5,473.8,218.7,24.0,0
2030-12-04 18:00:00,7.4,473.8,218.7,75.3,0
2030-12-04 19:00:00,1.8,473.8,218.7,241.5,0
2030-12-04 20:00:00,0.0,473.8,218.7,297.4,0
2030-12-04 21:00:00,0.0,473.8,218.7,308.0,0
2030-12-04 22:00:00,0.0,473.8,218.7,326.8,0
2030-12-04 23:00:00,0.0,473.8,218.7,325.2,0
2030-12-05 00:00:00,0.0,473.8,218.7,263.6,0
2030-12-05 01:00:00,0.0,473.8,218.7,193.8,0
2030-12-05 02:00:00,0.0,473.8,218.7,125.4,0
2030-12-05 03:00:00,0.0,473.8,218.7,65.5,0
2030-12-05 04:00:00,0.0,473.8,218.7,15.2,0
2030-12-05 05:00:00,0.0,473.8,218.7,0.0,0
2030-12-05 06:00:00,0.0,473.8,218.7,0.0,0
2030-12-05 07:00:00,0.0,473.8,218.7,0.0,0
2030-12-05 08:00:00,1.8,473.8,218.7,0.0,0
2030-12-05 09:00:00,7.9,473.8,218.7,0.0,0
2030-12-05 10:00:00,16.0,473.8,218.7,0.0,0
2030-12-05 11:00:00,22.1,473.8,218.7,0.0,0
2030-12-05 12:00:00,26.0,473.8,218.7,0.0,0
2030-12-05 13:00:00,27.9,473.8,218.7,0.0,0
2030-12-05 14:00:00,27.7,473.8,218.7,0.0,0
2030-12-05 15:00:00,24.9,473.8,218.7,15.8,0
2030-12-05 16:00:00,21.4,473.8,218.7,30.6,0
2030-12-05 17:00:00,14.8,473.8,218.7,43.5,0
2030-12-05 18:00:00,7.7,473.8,218.7,137.2,0
2030-12-05 19:00:00,1.7,473.8,218.7,295.2,0
2030-12-05 20:00:00,0.0,473.8,218.7,359.7,0
2030-12-05 21:00:00,0.0,473.8,218.7,339.8,0
2030-12-05 22:00:00,0.0,473.8,218.7,326.6,0
2030-12-05 23:00:00,0.0,473.8,218.7,313.7,0
2030-12-06 00:00:00,0.0,473.8,218.7,246.6,0
2030-12-06 01:00:00,0.0,473.8,218.7,172.7,0
2030-12-06 02:00:00,0.0,473.8,218.7,99.6,0
2030-12-06 03:00:00,0.0,473.8,218.7,30.7,0
2030-12-06 04:00:00,0.0,473.8,218.7,0.0,0
2030-12-06 05:00:00,0.0,473.8,218.7,0.0,0
2030-12-06 06:00:00,0.0,473.8,218.7,0.0,0
2030-12-06 07:00:00,0.0,473.8,218.7,0.0,0
2030-12-06 08:00:00,0.0,473.8,218.7,0.0,0
2030-12-06 09:00:00,7.9,473.8,218.7,0.0,0
2030-12-06 10:00:00,15.8,473.8,218.7,0.0,0
2030-12-06 11:00:00,21.9,473.8,218.7,0.0,0
2030-12-06 12:00:00,25.9,473.8,218.7,0.0,0
2030-12-06 13:00:00,27.9,473.8,218.7,0.0,0
2030-12-06 14:00:00,27.6,473.8,218.7,7.4,0
2030-12-06 15:00:00,25.8,473.8,218.7,16.4,0
2030-12-06 16:00:00,21.8,473.8,218.7,27.9,0
2030-12-06 17:00:00,15.8,473.8,218.7,47.8,0
2030-12-06 18:00:00,7.9,473.8,218.7,119.7,0
2030-12-06 19:00:00,1.7,473.8,218.7,278.4,0
2030-12-06 20:00:00,0.0,473.8,218.7,326.3,0
2030-12-06 21:00:00,0.0,473.8,218.7,318.1,0
2030-12-06 22:00:00,0.0,473.8,218.7,316.0,0
2030-12-06 23:00:00,0.0,473.8,218.7,291.9,0
2030-12-07 00:00:00,0.0,473.8,218.7,223.0,0
2030-12-07 01:00:00,0.0,473.8,218.7,158.1,0
2030-12-07 02:00:00,0.0,473.8,218.7,98.7,0
2030-12-07 03:00:00,0.0,473.8,218.7,59.6,0
2030-12-07 04:00:00,0.0,473.8,218.7,38.2,0
2030-12-07 05:00:00,0.0,473.8,218.7,41.0,0
2030-12-07 06:00:00,0.0,473.8,218.7,50.3,0
2030-12-07 07:00:00,0.0,473.8,218.7,40.3,0
2030-12-07 08:00:00,0.0,473.8,218.7,22.7,0
2030-12-07 09:00:00,7.7,473.8,218.7,0.0,0
2030-12-07 10:00:00,15.6,473.8,218.7,0.0,0
2030-12-07 11:00:00,21.6,473.8,218.7,0.0,0
2030-12-07 12:00:00,25.6,473.8,218.7,0.0,0
2030-12-07 13:00:00,27.6,473.8,218.7,0.9,0
2030-12-07 14:00:00,27.5,473.8,218.7,1.1,0
2030-12-07 15:00:00,25.6,473.8,218.7,16.3,0
2030-12-07 16:00:00,21.6,473.8,218.7,26.1,0
2030-12-07 17:00:00,15.6,473.8,218.7,35.7,0
2030-12-07 18:00:00,7.7,473.8,218.7,105.8,0
2030-12-07 19:00:00,1.6,473.8,218.7,266.6,0
2030-12-07 20:00:00,0.0,473.8,218.7,318.9,0
2030-12-07 21:00:00,0.0,473.8,218.7,286.7,0
2030-12-07 22:00:00,0.0,473.8,218.7,286.9,0
2030-12-07 23:00:00,0.0,473.8,218.7,282.9,0
2030-12-08 00:00:00,0.0,473.8,218.7,232.1,0
2030-12-08 01:00:00,0.0,473.8,218.7,174.0,0
2030-12-08 02:00:00,0.0,473.8,218.7,117.0,0
2030-12-08 03:00:00,0.0,473.8,218.7,76.5,0
2030-12-08 04:00:00,0.0,473.8,218.7,46.0,0
2030-12-08 05:00:00,0.0,473.8,218.7,34.5,0
2030-12-08 06:00:00,0.0,473.8,218.7,35.6,0
2030-12-08 07:00:00,0.0,473.8,218.7,26.1,0
2030-12-08 08:00:00,0.0,473.8,218.7,20.8,0
2030-12-08 09:00:00,7.5,473.8,218.7,0.0,0
2030-12-08 10:00:00,15.3,473.8,218.7,0.3,0
2030-12-08 11:00:00,21.5,473.8,218.7,0.0,0
2030-12-08 12:00:00,25.5,473.8,218.7,0.0,0
2030-12-08 13:00:00,27.5,473.8,218.7,0.0,0
2030-12-08 14:00:00,27.5,473.8,218.7,0.0,0
2030-12-08 15:00:00,25.6,473.8,218.7,8.7,0
2030-12-08 16:00:00,21.7,473.8,218.7,15.9,0
2030-12-08 17:00:00,15.7,473.8,218.7,7.6,0
2030-12-08 18:00:00,7.8,473.8,218.7,50.8,0
2030-12-08 19:00:00,1.6,473.8,218.7,172.5,0
2030-12-08 20:00:00,0.0,473.8,218.7,246.6,0
2030-12-08 21:00:00,0.0,473.8,218.7,239.6,0
2030-12-08 22:00:00,0.0,473.8,218.7,217.9,0
2030-12-08 23:00:00,0.0,473.8,218.7,202.2,0
2030-12-09 00:00:00,0.0,473.8,218.7,143.0,0
2030-12-09 01:00:00,0.0,473.8,218.7,88.3,0
2030-12-09 02:00:00,0.0,473.8,218.7,34.8,0
2030-12-09 03:00:00,0.0,473.8,218.7,0.0,0
2030-12-09 04:00:00,0.0,473.8,218.7,0.0,0
2030-12-09 05:00:00,0.0,473.8,218.7,0.0,0
2030-12-09 06:00:00,0.0,473.8,218.7,0.0,0
2030-12-09 07:00:00,0.0,473.8,218.7,0.0,0
2030-12-09 08:00:00,0.0,473.8,218.7,0.0,0
2030-12-09 09:00:00,7.6,473.8,218.7,0.0,0
2030-12-09 10:00:00,15.5,473.8,218.7,0.0,0
2030-12-09 11:00:00,21.7,473.8,218.7,0.0,0
2030-12-09 12:00:00,25.7,473.8,218.7,0.0,0
2030-12-09 13:00:00,27.7,473.8,218.7,0.0,0
2030-12-09 14:00:00,27.7,473.8,218.7,0.0,0
2030-12-09 15:00:00,25.8,473.8,218.7,13.9,0
2030-12-09 16:00:00,21.9,473.8,218.7,22.8,0
2030-12-09 17:00:00,15.9,473.8,218.7,14.5,0
2030-12-09 18:00:00,7.9,473.8,218.7,51.4,0
2030-12-09 19:00:00,1.6,473.8,218.7,162.2,0
2030-12-09 20:00:00,0.0,473.8,218.7,224.3,0
2030-12-09 21:00:00,0.0,473.8,218.7,210.5,0
2030-12-09 22:00:00,0.0,473.8,218.7,237.8,0
2030-12-09 23:00:00,0.0,473.8,218.7,258.7,0
2030-12-10 00:00:00,0.0,473.8,218.7,244.9,0
2030-12-10 01:00:00,0.0,473.8,218.7,159.4,0
2030-12-10 02:00:00,0.0,473.8,218.7,67.2,0
2030-12-10 03:00:00,0.0,473.8,218.7,0.0,0
2030-12-10 04:00:00,0.0,473.8,218.7,0.0,0
2030-12-10 05:00:00,0.0,473.8,218.7,0.0,0
2030-12-10 06:00:00,0.0,473.8,218.7,0.0,0
2030-12-10 07:00:00,0.0,473.8,218.7,0.0,0
2030-12-10 08:00:00,0.0,473.8,218.7,0.0,0
2030-12-10 09:00:00,7.6,473.8,218.7,0.0,0
2030-12-10 10:00:00,15.6,473.8,218.7,0.0,0
2030-12-10 11:00:00,21.7,473.8,218.7,0.0,0
2030-12-10 12:00:00,25.7,473.8,218.7,0.0,0
2030-12-10 13:00:00,27.7,473.8,218.7,0.0,0
2030-12-10 14:00:00,27.6,473.8,218.7,0.0,0
2030-12-10 15:00:00,25.8,473.8,218.7,0.0,0
2030-12-10 16:00:00,21.9,473.8,218.7,0.0,0
2030-12-10 17:00:00,15.8,473.8,218.7,0.0,0
2030-12-10 18:00:00,8.0,473.8,218.7,52.6,0
2030-12-10 19:00:00,1.6,473.8,218.7,206.7,0
2030-12-10 20:00:00,0.0,473.8,218.7,286.3,0
2030-12-10 21:00:00,0.0,473.8,218.7,289.8,0
2030-12-10 22:00:00,0.0,473.8,218.7,303.3,0
2030-12-10 23:00:00,0.0,473.8,218.7,304.4,0
2030-12-11 00:00:00,0.0,473.8,218.7,247.1,0
2030-12-11 01:00:00,0.0,473.8,218.7,152.5,0
2030-12-11 02:00:00,0.0,473.8,218.7,53.5,0
2030-12-11 03:00:00,0.0,473.8,218.7,0.0,0
2030-12-11 04:00:00,0.0,473.8,218.7,0.0,0
2030-12-11 05:00:00,0.0,473.8,218.7,0.0,0
2030-12-11 06:00:00,0.0,473.8,218.7,0.0,0
2030-12-11 07:00:00,0.0,473.8,218.7,0.0,0
2030-12-11 08:00:00,0.0,473.8,218.7,0.0,0
2030-12-11 09:00:00,7.5,473.8,218.7,0.0,0
2030-12-11 10:00:00,15.5,473.8,218.7,0.0,0
2030-12-11 11:00:00,21.6,473.8,218.7,0.0,0
2030-12-11 12:00:00,25.6,473.8,218.7,0.0,0
2030-12-11 13:00:00,27.6,473.8,218.7,0.0,0
2030-12-11 14:00:00,27.6,473.8,218.7,0.0,0
2030-12-11 15:00:00,25.7,473.8,218.7,17.2,0
2030-12-11 16:00:00,21.7,473.8,218.7,30.1,0
2030-12-11 17:00:00,15.7,473.8,218.7,28.5,0
2030-12-11 18:00:00,7.9,473.8,218.7,114.0,0
2030-12-11 19:00:00,1.6,473.8,218.7,245.7,0
2030-12-11 20:00:00,0.0,473.8,218.7,309.8,0
2030-12-11 21:00:00,0.0,473.8,218.7,301.8,0
2030-12-11 22:00:00,0.0,473.8,218.7,278.6,0
2030-12-11 23:00:00,0.0,473.8,218.7,248.8,0
2030-12-12 00:00:00,0.0,473.8,218.7,157.0,0
2030-12-12 01:00:00,0.0,473.8,218.7,63.0,0
2030-12-12 02:00:00,0.0,473.8,218.7,0.0,0
2030-12-12 03:00:00,0.0,473.8,218.7,0.0,0
2030-12-12 04:00:00,0.0,473.8,218.7,0.0,0
2030-12-12 05:00:00,0.0,473.8,218.7,0.0,0
2030-12-12 06:00:00,0.0,473.8,218.7,0.0,0
2030-12-12 07:00:00,0.0,473.8,218.7,0.0,0
2030-12-12 08:00:00,0.0,473.8,218.7,0.0,0
2030-12-12 09:00:00,7.3,473.8,218.7,0.0,0
2030-12-12 10:00:00,15.3,473.8,218.7,0.0,0
2030-12-12 11:00:00,21.5,473.8,218.7,0.0,0
2030-12-12 12:00:00,25.5,473.8,218.7,0.0,0
2030-12-12 13:00:00,27.5,473.8,218.7,0.0,0
2030-12-12 14:00:00,27.5,473.8,218.7,0.0,0
2030-12-12 15:00:00,25.6,473.8,218.7,13.4,0
2030-12-12 16:00:00,21.7,473.8,218.7,26.6,0
2030-12-12 17:00:00,15.7,473.8,218.7,25.3,0
2030-12-12 18:00:00,7.9,473.8,218.7,86.2,0
2030-12-12 19:00:00,1.5,473.8,218.7,218.7,0
2030-12-12 20:00:00,0.0,473.8,218.7,265.1,0
2030-12-12 21:00:00,0.0,473.8,218.7,248.5,0
2030-12-12 22:00:00,0.0,473.8,218.7,266.0,0
2030-12-12 23:00:00,0.0,473.8,218.7,252.7,0
2030-12-13 00:00:00,0.0,473.8,218.7,174.0,0
2030-12-13 01:00:00,0.0,473.8,218.7,74.7,0
2030-12-13 02:00:00,0.0,473.8,218.7,0.0,0
2030-12-13 03:00:00,0.0,473.8,218.7,0.0,0
2030-12-13 04:00:00,0.0,473.8,218.7,0.0,0
2030-12-13 05:00:00,0.0,473.8,218.7,0.0,0
2030-12-13 06:00:00,0.0,473.8,218.7,0.0,0
2030-12-13 07:00:00,0.0,473.8,218.7,0.0,0
2030-12-13 08:00:00,0.0,473.8,218.7,0.0,0
2030-12-13 09:00:00,7.3,473.8,218.7,0.0,0
2030-12-13 10:00:00,15.3,473.8,218.7,0.0,0
2030-12-13 11:00:00,21.5,473.8,218.7,0.0,0
2030-12-13 12:00:00,25.6,473.8,218.7,0.0,0
2030-12-13 13:00:00,27.6,473.8,218.7,0.0,0
2030-12-13 14:00:00,27.7,473.8,218.7,0.0,0
2030-12-13 15:00:00,25.8,473.8,218.7,6.3,0
2030-12-13 16:00:00,21.9,473.8,218.7,17.9,0
2030-12-13 17:00:00,16.0,473.8,218.7,15.4,0
2030-12-13 18:00:00,8.1,473.8,218.7,82.3,0
2030-12-13 19:00:00,1.6,473.8,218.7,223.7,0
2030-12-13 20:00:00,0.0,473.8,218.7,271.7,0
2030-12-13 21:00:00,0.0,473.8,218.7,271.9,0
2030-12-13 22:00:00,0.0,473.8,218.7,255.5,0
2030-12-13 23:00:00,0.0,473.8,218.7,255.5,0
2030-12-14 00:00:00,0.0,473.8,218.7,184.0,0
2030-12-14 01:00:00,0.0,473.8,218.7,96.4,0
2030-12-14 02:00:00,0.0,473.8,218.7,12.0,0
2030-12-14 03:00:00,0.0,473.8,218.7,0.0,0
2030-12-14 04:00:00,0.0,473.8,218.7,0.0,0
2030-12-14 05:00:00,0.0,473.8,218.7,0.0,0
2030-12-14 06:00:00,0.0,473.8,218.7,0.0,0
2030-12-14 07:00:00,0.0,473.8,218.7,0.0,0
2030-12-14 08:00:00,0.0,473.8,218.7,0.0,0
2030-12-14 09:00:00,6.9,473.8,218.7,0.0,0
2030-12-14 10:00:00,13.8,473.8,218.7,0.0,0
2030-12-14 11:00:00,19.7,473.8,218.7,0.0,0
2030-12-14 12:00:00,23.7,473.8,218.7,0.0,0
2030-12-14 13:00:00,24.7,473.8,218.7,0.0,0
2030-12-14 14:00:00,25.0,473.8,218.7,0.0,0
2030-12-14 15:00:00,22.5,473.8,218.7,9.7,0
2030-12-14 16:00:00,19.4,473.8,218.7,21.6,0
2030-12-14 17:00:00,14.9,473.8,218.7,23.3,0
2030-12-14 18:00:00,7.5,473.8,218.7,98.2,0
2030-12-14 19:00:00,1.5,473.8,218.7,211.0,0
2030-12-14 20:00:00,0.0,473.8,218.7,259.7,0
2030-12-14 21:00:00,0.0,473.8,218.7,264.8,0
2030-12-14 22:00:00,0.0,473.8,218.7,287.0,0
2030-12-14 23:00:00,0.0,473.8,218.7,290.0,0
2030-12-15 00:00:00,0.0,473.8,218.7,233.8,0
2030-12-15 01:00:00,0.0,473.8,218.7,154.7,0
2030-12-15 02:00:00,0.0,473.8,218.7,69.2,0
2030-12-15 03:00:00,0.0,473.8,218.7,7.1,0
2030-12-15 04:00:00,0.0,473.8,218.7,0.0,0
2030-12-15 05:00:00,0.0,473.8,218.7,0.0,0
2030-12-15 06:00:00,0.0,473.8,218.7,0.0,0
2030-12-15 07:00:00,0.0,473.8,218.7,0.0,0
2030-12-15 08:00:00,0.0,473.8,218.7,0.0,0
2030-12-15 09:00:00,6.9,473.8,218.7,0.0,0
2030-12-15 10:00:00,14.8,473.8,218.7,0.0,0
2030-12-15 11:00:00,21.0,473.8,218.7,0.0,0
2030-12-15 12:00:00,25.0,473.8,218.7,0.0,0
2030-12-15 13:00:00,27.1,473.8,218.7,0.0,0
2030-12-15 14:00:00,27.1,473.8,218.7,0.0,0
2030-12-15 15:00:00,24.9,473.8,218.7,11.5,0
2030-12-15 16:00:00,20.3,473.8,218.7,24.2,0
2030-12-15 17:00:00,13.0,473.8,218.7,50.9,0
2030-12-15 18:00:00,5.6,473.8,218.7,128.4,0
2030-12-15 19:00:00,0.8,473.8,218.7,278.0,0
2030-12-15 20:00:00,0.0,473.8,218.7,319.0,0
2030-12-15 21:00:00,0.0,473.8,218.7,291.8,0
2030-12-15 22:00:00,0.0,473.8,218.7,271.6,0
2030-12-15 23:00:00,0.0,473.8,218.7,256.9,0
2030-12-16 00:00:00,0.0,473.8,218.7,181.0,0
2030-12-16 01:00:00,0.0,473.8,218.7,87.3,0
2030-12-16 02:00:00,0.0,473.8,218.7,0.0,0
2030-12-16 03:00:00,0.0,473.8,218.7,0.0,0
2030-12-16 04:00:00,0.0,473.8,218.7,0.0,0
2030-12-16 05:00:00,0.0,473.8,218.7,0.0,0
2030-12-16 06:00:00,0.0,473.8,218.7,0.0,0
2030-12-16 07:00:00,0.0,473.8,218.7,0.0,0
2030-12-16 08:00:00,0.0,473.8,218.7,0.0,0
2030-12-16 09:00:00,6.4,473.8,218.7,0.0,0
2030-12-16 10:00:00,12.3,473.8,218.7,0.0,0
2030-12-16 11:00:00,17.1,473.8,218.7,0.0,0
2030-12-16 12:00:00,23.5,473.8,218.7,0.0,0
2030-12-16 13:00:00,26.7,473.8,218.7,0.0,0
2030-12-16 14:00:00,27.4,473.8,218.7,0.0,0
2030-12-16 15:00:00,25.6,473.8,218.7,8.8,0
2030-12-16 16:00:00,21.8,473.8,218.7,20.6,0
2030-12-16 17:00:00,15.9,473.8,218.7,13.5,0
2030-12-16 18:00:00,7.9,473.8,218.7,74.8,0
2030-12-16 19:00:00,1.5,473.8,218.7,198.8,0
2030-12-16 20:00:00,0.0,473.8,218.7,238.0,0
2030-12-16 21:00:00,0.0,473.8,218.7,232.1,0
2030-12-16 22:00:00,0.0,473.8,218.7,284.4,0
2030-12-16 23:00:00,0.0,473.8,218.7,277.4,0
2030-12-17 00:00:00,0.0,473.8,218.7,244.0,0
2030-12-17 01:00:00,0.0,473.8,218.7,158.6,0
2030-12-17 02:00:00,0.0,473.8,218.7,75.6,0
2030-12-17 03:00:00,0.0,473.8,218.7,7.5,0
2030-12-17 04:00:00,0.0,473.8,218.7,0.0,0
2030-12-17 05:00:00,0.0,473.8,218.7,0.0,0
2030-12-17 06:00:00,0.0,473.8,218.7,0.0,0
2030-12-17 07:00:00,0.0,473.8,218.7,0.0,0
2030-12-17 08:00:00,0.0,473.8,218.7,0.0,0
2030-12-17 09:00:00,6.5,473.8,218.7,0.0,0
2030-12-17 10:00:00,14.6,473.8,218.7,0.0,0
2030-12-17 11:00:00,20.8,473.8,218.7,0.0,0
2030-12-17 12:00:00,24.9,473.8,218.7,0.0,0
2030-12-17 13:00:00,27.1,473.8,218.7,0.0,0
2030-12-17 14:00:00,27.1,473.8,218.7,0.0,0
2030-12-17 15:00:00,24.8,473.8,218.7,0.0,0
2030-12-17 16:00:00,20.7,473.8,218.7,0.0,0
2030-12-17 17:00:00,14.4,473.8,218.7,0.0,0
2030-12-17 18:00:00,7.2,473.8,218.7,28.5,0
2030-12-17 19:00:00,1.2,473.8,218.7,163.4,0
2030-12-17 20:00:00,0.0,473.8,218.7,235.2,0
2030-12-17 21:00:00,0.0,473.8,218.7,242.5,0
2030-12-17 22:00:00,0.0,473.8,218.7,277.4,0
2030-12-17 23:00:00,0.0,473.8,218.7,295.0,0
2030-12-18 00:00:00,0.0,473.8,218.7,254.2,0
2030-12-18 01:00:00,0.0,473.8,218.7,184.1,0
2030-12-18 02:00:00,0.0,473.8,218.7,104.6,0
2030-12-18 03:00:00,0.0,473.8,218.7,32.0,0
2030-12-18 04:00:00,0.0,473.8,218.7,0.0,0
2030-12-18 05:00:00,0.0,473.8,218.7,0.0,0
2030-12-18 06:00:00,0.0,473.8,218.7,0.0,0
2030-12-18 07:00:00,0.0,473.8,218.7,0.0,0
2030-12-18 08:00:00,0.0,473.8,218.7,0.0,0
2030-12-18 09:00:00,6.7,473.8,218.7,0.0,0
2030-12-18 10:00:00,14.7,473.8,218.7,0.0,0
2030-12-18 11:00:00,21.0,473.8,218.7,0.0,0
2030-12-18 12:00:00,24.9,473.8,218.7,0.0,0
2030-12-18 13:00:00,26.9,473.8,218.7,0.0,0
2030-12-18 14:00:00,26.3,473.8,218.7,0.0,0
2030-12-18 15:00:00,24.2,473.8,218.7,5.0,0
2030-12-18 16:00:00,20.2,473.8,218.7,18.0,0
2030-12-18 17:00:00,14.0,473.8,218.7,33.0,0
2030-12-18 18:00:00,6.1,473.8,218.7,113.6,0
2030-12-18 19:00:00,1.0,473.8,218.7,252.6,0
2030-12-18 20:00:00,0.0,473.8,218.7,284.1,0
2030-12-18 21:00:00,0.0,473.8,218.7,277.1,0
2030-12-18 22:00:00,0.0,473.8,218.7,281.6,0
2030-12-18 23:00:00,0.0,473.8,218.7,246.5,0
2030-12-19 00:00:00,0.0,473.8,218.7,164.1,0
2030-12-19 01:00:00,0.0,473.8,218.7,92.8,0
2030-12-19 02:00:00,0.0,473.8,218.7,28.1,0
2030-12-19 03:00:00,0.0,473.8,218.7,0.0,0
2030-12-19 04:00:00,0.0,473.8,218.7,0.0,0
2030-12-19 05:00:00,0.0,473.8,218.7,0.0,0
2030-12-19 06:00:00,0.0,473.8,218.7,0.0,0
2030-12-19 07:00:00,0.0,473.8,218.7,0.0,0
2030-12-19 08:00:00,0.0,473.8,218.7,0.0,0
2030-12-19 09:00:00,5.6,473.8,218.7,0.0,0
2030-12-19 10:00:00,13.7,473.8,218.7,0.0,0
2030-12-19 11:00:00,19.6,473.8,218.7,0.0,0
2030-12-19 12:00:00,25.2,473.8,218.7,0.0,0
2030-12-19 13:00:00,26.7,473.8,218.7,0.0,0
2030-12-19 14:00:00,26.3,473.8,218.7,0.0,0
2030-12-19 15:00:00,24.6,473.8,218.7,0.0,0
2030-12-19 16:00:00,20.2,473.8,218.7,0.2,0
2030-12-19 17:00:00,14.3,473.8,218.7,0.0,0
2030-12-19 18:00:00,7.7,473.8,218.7,0.0,0
2030-12-19 19:00:00,1.3,473.8,218.7,69.2,0
2030-12-19 20:00:00,0.0,473.8,218.7,148.2,0
2030-12-19 21:00:00,0.0,473.8,218.7,160.0,0
2030-12-19 22:00:00,0.0,473.8,218.7,149.1,0
2030-12-19 23:00:00,0.0,473.8,218.7,134.3,0
2030-12-20 00:00:00,0.0,473.8,218.7,73.1,0
2030-12-20 01:00:00,0.0,473.8,218.7,6.1,0
2030-12-20 02:00:00,0.0,473.8,218.7,0.0,0
2030-12-20 03:00:00,0.0,473.8,218.7,0.0,0
2030-12-20 04:00:00,0.0,473.8,218.7,0.0,0
2030-12-20 05:00:00,0.0,473.8,218.7,0.0,0
2030-12-20 06:00:00,0.0,473.8,218.7,0.0,0
2030-12-20 07:00:00,0.0,473.8,218.7,0.0,0
2030-12-20 08:00:00,0.0,473.8,218.7,0.0,0
2030-12-20 09:00:00,6.3,473.8,218.7,0.0,0
2030-12-20 10:00:00,14.5,473.8,218.7,0.0,0
2030-12-20 11:00:00,21.1,473.8,173.1,0.0,0
2030-12-20 12:00:00,25.4,473.8,129.0,0.0,0
2030-12-20 13:00:00,27.6,473.8,112.9,0.0,0
2030-12-20 14:00:00,27.6,473.8,120.1,0.0,0
2030-12-20 15:00:00,26.1,473.8,165.9,0.0,0
2030-12-20 16:00:00,22.3,473.8,218.7,0.0,0
2030-12-20 17:00:00,16.3,473.8,218.7,0.0,0
2030-12-20 18:00:00,8.5,473.8,218.7,0.0,0
2030-12-20 19:00:00,1.5,473.8,218.7,49.1,0
2030-12-20 20:00:00,0.0,473.8,218.7,131.6,0
2030-12-20 21:00:00,0.0,473.8,218.7,153.9,0
2030-12-20 22:00:00,0.0,473.8,218.7,182.7,0
2030-12-20 23:00:00,0.0,473.8,218.7,191.6,0
2030-12-21 00:00:00,0.0,473.8,218.7,133.8,0
2030-12-21 01:00:00,0.0,473.8,218.7,51.5,0
2030-12-21 02:00:00,0.0,473.8,218.7,0.0,0
2030-12-21 03:00:00,0.0,473.8,218.7,0.0,0
2030-12-21 04:00:00,0.0,473.8,218.7,0.0,0
2030-12-21 05:00:00,0.0,473.8,218.7,0.0,0
2030-12-21 06:00:00,0.0,473.8,218.7,0.0,0
2030-12-21 07:00:00,0.0,473.8,218.7,0.0,0
2030-12-21 08:00:00,0.0,473.8,218.7,0.0,0
2030-12-21 09:00:00,5.9,473.8,218.7,0.0,0
2030-12-21 10:00:00,14.0,473.8,218.7,0.0,0
2030-12-21 11:00:00,20.6,473.8,218.7,0.0,0
2030-12-21 12:00:00,25.1,473.8,218.7,0.0,0
2030-12-21 13:00:00,26.6,473.8,218.7,0.0,0
2030-12-21 14:00:00,25.7,473.8,218.7,0.0,0
2030-12-21 15:00:00,23.1,473.8,218.7,0.0,0
2030-12-21 16:00:00,19.2,473.8,218.7,0.0,0
2030-12-21 17:00:00,13.5,473.8,218.7,0.0,0
2030-12-21 18:00:00,6.9,473.8,218.7,21.4,0
2030-12-21 19:00:00,0.9,473.8,218.7,187.2,0
2030-12-21 20:00:00,0.0,473.8,218.7,272.2,0
2030-12-21 21:00:00,0.0,473.8,218.7,290.2,0
2030-12-21 22:00:00,0.0,473.8,218.7,302.4,0
2030-12-21 23:00:00,0.0,473.8,218.7,275.3,0
2030-12-22 00:00:00,0.0,473.8,218.7,186.1,0
2030-12-22 01:00:00,0.0,473.8,218.7,92.7,0
2030-12-22 02:00:00,0.0,473.8,218.7,12.0,0
2030-12-22 03:00:00,0.0,473.8,218.7,0.0,0
2030-12-22 04:00:00,0.0,473.8,218.7,0.0,0
2030-12-22 05:00:00,0.0,473.8,218.7,0.0,0
2030-12-22 06:00:00,0.0,473.8,218.7,0.0,0
2030-12-22 07:00:00,0.0,473.8,218.7,0.0,0
2030-12-22 08:00:00,0.0,473.8,218.7,12.1,0
2030-12-22 09:00:00,6.1,473.8,218.7,0.0,0
2030-12-22 10:00:00,14.2,473.8,218.7,0.0,0
2030-12-22 11:00:00,20.8,473.8,218.7,0.0,0
2030-12-22 12:00:00,25.2,473.8,218.7,0.0,0
2030-12-22 13:00:00,27.5,473.8,218.7,0.0,0
2030-12-22 14:00:00,27.7,473.8,210.7,0.0,0
2030-12-22 15:00:00,26.0,473.8,218.7,0.0,0
2030-12-22 16:00:00,22.1,473.8,218.7,0.0,0
2030-12-22 17:00:00,16.2,473.8,218.7,0.0,0
2030-12-22 18:00:00,8.2,473.8,218.7,0.0,0
2030-12-22 19:00:00,1.5,473.8,218.7,123.7,0
2030-12-22 20:00:00,0.0,473.8,218.7,199.0,0
2030-12-22 21:00:00,0.0,473.8,218.7,209.4,0
2030-12-22 22:00:00,0.0,473.8,218.7,237.5,0
2030-12-22 23:00:00,0.0,473.8,218.7,242.8,0
2030-12-23 00:00:00,0.0,473.8,218.7,186.0,0
2030-12-23 01:00:00,0.0,473.8,218.7,118.0,0
2030-12-23 02:00:00,0.0,473.8,218.7,57.5,0
2030-12-23 03:00:00,0.0,473.8,218.7,16.7,0
2030-12-23 04:00:00,0.0,473.8,218.7,0.0,0
2030-12-23 05:00:00,0.0,473.8,218.7,3.5,0
2030-12-23 06:00:00,0.0,473.8,218.7,10.2,0
2030-12-23 07:00:00,0.0,473.8,218.7,5.2,0
2030-12-23 08:00:00,0.0,473.8,218.7,18.7,0
2030-12-23 09:00:00,5.8,473.8,218.7,1.2,0
2030-12-23 10:00:00,13.6,473.8,218.7,0.0,0
2030-12-23 11:00:00,20.2,473.8,218.7,0.0,0
2030-12-23 12:00:00,24.8,473.8,218.7,0.0,0
2030-12-23 13:00:00,27.3,473.8,218.7,0.0,0
2030-12-23 14:00:00,27.7,473.8,218.7,0.0,0
2030-12-23 15:00:00,25.6,473.8,218.7,0.0,0
2030-12-23 16:00:00,21.6,473.8,218.7,0.0,0
2030-12-23 17:00:00,15.1,473.8,218.7,0.0,0
2030-12-23 18:00:00,7.1,473.8,218.7,0.0,0
2030-12-23 19:00:00,1.1,473.8,218.7,147.6,0
2030-12-23 20:00:00,0.0,473.8,218.7,256.1,0
2030-12-23 21:00:00,0.0,473.8,218.7,291.3,0
2030-12-23 22:00:00,0.0,473.8,218.7,323.6,0
2030-12-23 23:00:00,0.0,473.8,218.7,334.5,0
2030-12-24 00:00:00,0.0,473.8,218.7,326.5,0
2030-12-24 01:00:00,0.0,473.8,218.7,246.2,0
2030-12-24 02:00:00,0.0,473.8,218.7,168.2,0
2030-12-24 03:00:00,0.0,473.8,218.7,91.0,0
2030-12-24 04:00:00,0.0,473.8,218.7,16.6,0
2030-12-24 05:00:00,0.0,473.8,218.7,0.0,0
2030-12-24 06:00:00,0.0,473.8,218.7,0.0,0
2030-12-24 07:00:00,0.0,473.8,218.7,0.0,0
2030-12-24 08:00:00,0.0,473.8,218.7,0.0,0
2030-12-24 09:00:00,5.0,473.8,218.7,0.0,0
2030-12-24 10:00:00,11.5,473.8,218.7,0.0,0
2030-12-24 11:00:00,16.4,473.8,218.7,0.0,0
2030-12-24 12:00:00,18.7,473.8,218.7,0.0,0
2030-12-24 13:00:00,19.0,473.8,218.7,0.0,0
2030-12-24 14:00:00,21.0,473.8,218.7,0.0,0
2030-12-24 15:00:00,21.4,473.8,218.7,0.0,0
2030-12-24 16:00:00,17.2,473.8,218.7,0.0,0
2030-12-24 17:00:00,11.3,473.8,218.7,0.0,0
2030-12-24 18:00:00,5.4,473.8,218.7,0.0,0
2030-12-24 19:00:00,0.6,473.8,218.7,130.2,0
2030-12-24 20:00:00,0.0,473.8,218.7,214.3,0
2030-12-24 21:00:00,0.0,473.8,218.7,223.6,0
2030-12-24 22:00:00,0.0,473.8,218.7,262.8,0
2030-12-24 23:00:00,0.0,473.8,218.7,271.1,0
2030-12-25 00:00:00,0.0,473.8,218.7,217.4,0
2030-12-25 01:00:00,0.0,473.8,218.7,134.2,0
2030-12-25 02:00:00,0.0,473.8,218.7,58.3,0
2030-12-25 03:00:00,0.0,473.8,218.7,4.9,0
2030-12-25 04:00:00,0.0,473.8,218.7,0.0,0
2030-12-25 05:00:00,0.0,473.8,218.7,0.0,0
2030-12-25 06:00:00,0.0,473.8,218.7,0.0,0
2030-12-25 07:00:00,0.0,473.8,218.7,0.0,0
2030-12-25 08:00:00,0.0,473.8,218.7,0.0,0
2030-12-25 09:00:00,4.4,473.8,218.7,0.0,0
2030-12-25 10:00:00,12.0,473.8,218.7,0.0,0
2030-12-25 11:00:00,18.0,473.8,218.7,0.0,0
2030-12-25 12:00:00,23.1,473.8,218.7,0.0,0
2030-12-25 13:00:00,25.4,473.8,218.7,0.0,0
2030-12-25 14:00:00,25.6,473.8,218.7,0.0,0
2030-12-25 15:00:00,23.9,473.8,218.7,0.0,0
2030-12-25 16:00:00,21.1,473.8,218.7,0.0,0
2030-12-25 17:00:00,15.4,473.8,218.7,0.0,0
2030-12-25 18:00:00,8.0,473.8,218.7,1.7,0
2030-12-25 19:00:00,1.1,473.8,218.7,182.5,0
2030-12-25 20:00:00,0.0,473.8,218.7,268.4,0
2030-12-25 21:00:00,0.0,473.8,218.7,278.8,0
2030-12-25 22:00:00,0.0,473.8,218.7,298.5,0
2030-12-25 23:00:00,0.0,473.8,218.7,300.2,0
2030-12-26 00:00:00,0.0,473.8,218.7,245.5,0
2030-12-26 01:00:00,0.0,473.8,218.7,178.3,0
2030-12-26 02:00:00,0.0,473.8,218.7,111.7,0
2030-12-26 03:00:00,0.0,473.8,218.7,60.3,0
2030-12-26 04:00:00,0.0,473.8,218.7,24.6,0
2030-12-26 05:00:00,0.0,473.8,218.7,8.3,0
2030-12-26 06:00:00,0.0,473.8,218.7,4.7,0
2030-12-26 07:00:00,0.0,473.8,218.7,0.0,0
2030-12-26 08:00:00,0.0,473.8,218.7,28.4,0
2030-12-26 09:00:00,3.8,473.8,218.7,30.8,0
2030-12-26 10:00:00,11.7,473.8,218.7,0.0,0
2030-12-26 11:00:00,19.2,473.8,218.7,0.0,0
2030-12-26 12:00:00,23.7,473.8,218.7,0.0,0
2030-12-26 13:00:00,26.1,473.8,218.7,0.0,0
2030-12-26 14:00:00,26.6,473.8,218.7,0.0,0
2030-12-26 15:00:00,24.4,473.8,218.7,0.0,0
2030-12-26 16:00:00,21.2,473.8,218.7,0.0,0
2030-12-26 17:00:00,15.4,473.8,218.7,0.0,0
2030-12-26 18:00:00,8.1,473.8,218.7,0.0,0
2030-12-26 19:00:00,1.1,473.8,218.7,148.3,0
2030-12-26 20:00:00,0.0,473.8,218.7,226.2,0
2030-12-26 21:00:00,0.0,473.8,218.7,230.4,0
2030-12-26 22:00:00,0.0,473.8,218.7,263.9,0
2030-12-26 23:00:00,0.0,473.8,218.7,270.7,0
2030-12-27 00:00:00,0.0,473.8,218.7,216.6,0
2030-12-27 01:00:00,0.0,473.8,218.7,141.9,0
2030-12-27 02:00:00,0.0,473.8,218.7,65.1,0
2030-12-27 03:00:00,0.0,473.8,218.7,0.0,0
2030-12-27 04:00:00,0.0,473.8,218.7,0.0,0
2030-12-27 05:00:00,0.0,473.8,218.7,0.0,0
2030-12-27 06:00:00,0.0,473.8,218.7,0.0,0
2030-12-27 07:00:00,0.0,473.8,218.7,0.0,0
2030-12-27 08:00:00,0.0,473.8,218.7,0.0,0
2030-12-27 09:00:00,5.7,473.8,218.7,0.0,0
2030-12-27 10:00:00,13.2,473.8,218.7,0.0,0
2030-12-27 11:00:00,17.8,473.8,218.7,0.0,0
2030-12-27 12:00:00,21.9,473.8,218.7,0.0,0
2030-12-27 13:00:00,23.6,473.8,218.7,0.0,0
2030-12-27 14:00:00,23.6,473.8,218.7,0.0,0
2030-12-27 15:00:00,22.9,473.8,218.7,0.0,0
2030-12-27 16:00:00,20.7,473.8,218.7,0.0,0
2030-12-27 17:00:00,15.8,473.8,218.7,0.0,0
2030-12-27 18:00:00,8.7,473.8,218.7,0.0,0
2030-12-27 19:00:00,1.7,473.8,218.7,121.8,0
2030-12-27 20:00:00,0.0,473.8,218.7,212.4,0
2030-12-27 21:00:00,0.0,473.8,218.7,228.0,0
2030-12-27 22:00:00,0.0,473.8,218.7,235.9,0
2030-12-27 23:00:00,0.0,473.8,218.7,220.5,0
2030-12-28 00:00:00,0.0,473.8,218.7,143.1,0
2030-12-28 01:00:00,0.0,473.8,218.7,61.2,0
2030-12-28 02:00:00,0.0,473.8,218.7,0.0,0
2030-12-28 03:00:00,0.0,473.8,218.7,0.0,0
2030-12-28 04:00:00,0.0,473.8,218.7,0.0,0
2030-12-28 05:00:00,0.0,473.8,218.7,0.0,0
2030-12-28 06:00:00,0.0,473.8,218.7,0.0,0
2030-12-28 07:00:00,0.0,473.8,218.7,0.0,0
2030-12-28 08:00:00,0.0,473.8,218.7,0.0,0
2030-12-28 09:00:00,5.0,473.8,218.7,0.0,0
2030-12-28 10:00:00,12.8,473.8,218.7,0.0,0
2030-12-28 11:00:00,19.2,473.8,218.7,0.0,0
2030-12-28 12:00:00,24.0,473.8,218.7,0.0,0
2030-12-28 13:00:00,26.2,473.8,218.7,0.0,0
2030-12-28 14:00:00,25.8,473.8,218.7,0.0,0
2030-12-28 15:00:00,23.1,473.8,218.7,0.0,0
2030-12-28 16:00:00,19.3,473.8,218.7,14.0,0
2030-12-28 17:00:00,13.2,473.8,218.7,20.0,0
2030-12-28 18:00:00,6.3,473.8,218.7,72.0,0
2030-12-28 19:00:00,1.1,473.8,218.7,196.9,0
2030-12-28 20:00:00,0.0,473.8,218.7,251.7,0
2030-12-28 21:00:00,0.0,473.8,218.7,233.2,0
2030-12-28 22:00:00,0.0,473.8,218.7,244.6,0
2030-12-28 23:00:00,0.0,473.8,218.7,226.8,0
2030-12-29 00:00:00,0.0,473.8,218.7,144.2,0
2030-12-29 01:00:00,0.0,473.8,218.7,60.8,0
2030-12-29 02:00:00,0.0,473.8,218.7,0.0,0
2030-12-29 03:00:00,0.0,473.8,218.7,0.0,0
2030-12-29 04:00:00,0.0,473.8,218.7,0.0,0
2030-12-29 05:00:00,0.0,473.8,218.7,0.0,0
2030-12-29 06:00:00,0.0,473.8,218.7,0.0,0
2030-12-29 07:00:00,0.0,473.8,218.7,0.0,0
2030-12-29 08:00:00,0.0,473.8,218.7,0.0,0
2030-12-29 09:00:00,5.8,473.8,218.7,0.0,0
2030-12-29 10:00:00,14.1,473.8,218.7,0.0,0
2030-12-29 11:00:00,20.6,473.8,218.7,0.0,0
2030-12-29 12:00:00,25.0,473.8,218.7,0.0,0
2030-12-29 13:00:00,27.3,473.8,218.7,0.0,0
2030-12-29 14:00:00,27.4,473.8,218.7,0.0,0
2030-12-29 15:00:00,25.9,473.8,218.7,0.0,0
2030-12-29 16:00:00,22.4,473.8,218.7,6.4,0
2030-12-29 17:00:00,16.5,473.8,218.7,0.8,0
2030-12-29 18:00:00,8.7,473.8,218.7,8.7,0
2030-12-29 19:00:00,1.4,473.8,218.7,155.1,0
2030-12-29 20:00:00,0.0,473.8,218.7,242.3,0
2030-12-29 21:00:00,0.0,473.8,218.7,246.7,0
2030-12-29 22:00:00,0.0,473.8,218.7,263.1,0
2030-12-29 23:00:00,0.0,473.8,218.7,254.9,0
2030-12-30 00:00:00,0.0,473.8,218.7,175.5,0
2030-12-30 01:00:00,0.0,473.8,218.7,85.8,0
2030-12-30 02:00:00,0.0,473.8,218.7,2.8,0
2030-12-30 03:00:00,0.0,473.8,218.7,0.0,0
2030-12-30 04:00:00,0.0,473.8,218.7,0.0,0
2030-12-30 05:00:00,0.0,473.8,218.7,0.0,0
2030-12-30 06:00:00,0.0,473.8,218.7,0.0,0
2030-12-30 07:00:00,0.0,473.8,218.7,0.0,0
2030-12-30 08:00:00,0.0,473.8,218.7,0.0,0
2030-12-30 09:00:00,6.1,473.8,218.7,0.0,0
2030-12-30 10:00:00,14.4,473.8,218.7,0.0,0
2030-12-30 11:00:00,21.1,473.8,218.7,0.0,0
2030-12-30 12:00:00,25.6,473.8,218.7,0.0,0
2030-12-30 13:00:00,28.0,473.8,218.7,0.0,0
2030-12-30 14:00:00,28.3,473.8,218.7,0.0,0
2030-12-30 15:00:00,26.7,473.8,218.7,0.0,0
2030-12-30 16:00:00,23.1,473.8,218.7,0.0,0
2030-12-30 17:00:00,17.3,473.8,218.7,0.0,0
2030-12-30 18:00:00,9.4,473.8,218.7,21.0,0
2030-12-30 19:00:00,1.9,473.8,218.7,168.9,0
2030-12-30 20:00:00,0.0,473.8,218.7,236.6,0
2030-12-30 21:00:00,0.0,473.8,218.7,240.8,0
2030-12-30 22:00:00,0.0,473.8,218.7,242.9,0
2030-12-30 23:00:00,0.0,473.8,218.7,224.0,0
