,Export,Import
2030-01-01 00:00:00,0.0,97.57727012030001
2030-01-01 01:00:00,0.0,93.05879714285663
2030-01-01 02:00:00,0.0,89.17254209996327
2030-01-01 03:00:00,0.0,86.63402487316365
2030-01-01 04:00:00,0.0,84.1788095933573
2030-01-01 05:00:00,0.0,82.07433935352344
2030-01-01 06:00:00,0.0,81.10979049359956
2030-01-01 07:00:00,0.0,79.26837903374485
2030-01-01 08:00:00,0.0,71.11355685438832
2030-01-01 09:00:00,0.0,63.878288099657766
2030-01-01 10:00:00,0.0,57.79447569861895
2030-01-01 11:00:00,0.0,48.030418387866575
2030-01-01 12:00:00,0.0,47.54833126988296
2030-01-01 13:00:00,0.0,47.15923160264072
2030-01-01 14:00:00,0.0,43.62453116620088
2030-01-01 15:00:00,0.0,47.87341745067681
2030-01-01 16:00:00,0.0,54.703839949756
2030-01-01 17:00:00,0.0,61.467711860385066
2030-01-01 18:00:00,0.0,62.64102005306347
2030-01-01 19:00:00,0.0,84.10743032066102
2030-01-01 20:00:00,0.0,92.77381679787912
2030-01-01 21:00:00,0.0,99.72032231453089
2030-01-01 22:00:00,0.0,103.44085032603732
2030-01-01 23:00:00,0.0,102.90508727747964
2030-01-02 00:00:00,0.0,98.73648247740856
2030-01-02 01:00:00,0.0,91.96798006854272
2030-01-02 02:00:00,0.0,88.99716957997715
2030-01-02 03:00:00,0.0,86.19559357319814
2030-01-02 04:00:00,0.0,83.1265744734403
2030-01-02 05:00:00,0.0,80.67135919363409
2030-01-02 06:00:00,0.0,80.67135919363409
2030-01-02 07:00:00,0.0,77.86539887385548
2030-01-02 08:00:00,0.0,69.79826295449209
2030-01-02 09:00:00,0.0,60.58945749384509
2030-01-02 10:00:00,0.0,50.55764273452644
2030-01-02 11:00:00,0.0,43.623731020133725
2030-01-02 12:00:00,0.0,40.71339891534649
2030-01-02 13:00:00,0.0,40.2797417556352
2030-01-02 14:00:00,0.0,39.45755592536853
2030-01-02 15:00:00,0.0,45.48672520895649
2030-01-02 16:00:00,0.0,52.13610423446255
2030-01-02 17:00:00,0.0,59.330674326529326
2030-01-02 18:00:00,0.0,61.03425380778276
2030-01-02 19:00:00,0.0,84.56726400752505
2030-01-02 20:00:00,0.0,93.24556887664185
2030-01-02 21:00:00,0.0,98.66808719461392
2030-01-02 22:00:00,0.0,102.22288817473348
2030-01-02 23:00:00,0.0,102.11591093754193
2030-01-03 00:00:00,0.0,97.33437918011919
2030-01-03 01:00:00,0.0,91.89958478574806
2030-01-03 02:00:00,0.0,86.45865235317741
2030-01-03 03:00:00,0.0,84.26649585335042
2030-01-03 04:00:00,0.0,81.8112805735442
2030-01-03 05:00:00,0.0,80.14524163367558
2030-01-03 06:00:00,0.0,79.70681033371022
2030-01-03 07:00:00,0.0,78.47920269380711
2030-01-03 08:00:00,0.0,68.6583415745821
2030-01-03 09:00:00,0.0,62.6283360980508
2030-01-03 10:00:00,0.0,54.14915605813894
2030-01-03 11:00:00,0.0,46.151210876710245
2030-01-03 12:00:00,0.0,41.56497089983827
2030-01-03 13:00:00,0.0,41.720209432016645
2030-01-03 14:00:00,0.0,37.044055843238766
2030-01-03 15:00:00,0.0,45.587064809947606
2030-01-03 16:00:00,0.0,52.76178065792067
2030-01-03 17:00:00,0.0,58.95282685115603
2030-01-03 18:00:00,0.0,63.853412104709946
2030-01-03 19:00:00,0.0,83.828257316173
2030-01-03 20:00:00,0.0,94.33989340135554
2030-01-03 21:00:00,0.0,101.63889768317948
2030-01-03 22:00:00,0.0,104.33612704056668
2030-01-03 23:00:00,0.0,102.39826069471962
2030-01-04 00:00:00,0.0,97.33437918011919
2030-01-04 01:00:00,0.0,91.89958478574806
2030-01-04 02:00:00,0.0,86.45865235317741
2030-01-04 03:00:00,0.0,84.26649585335042
2030-01-04 04:00:00,0.0,81.8112805735442
2030-01-04 05:00:00,0.0,80.14524163367558
2030-01-04 06:00:00,0.0,79.70681033371022
2030-01-04 07:00:00,0.0,78.47920269380711
2030-01-04 08:00:00,0.0,68.6583415745821
2030-01-04 09:00:00,0.0,62.83455259212224
2030-01-04 10:00:00,0.0,54.34422219254486
2030-01-04 11:00:00,0.0,47.3759459116261
2030-01-04 12:00:00,0.0,43.26217780751881
2030-01-04 13:00:00,0.0,40.448043995824605
2030-01-04 14:00:00,0.0,38.78294794222086
2030-01-04 15:00:00,0.0,46.17073144073765
2030-01-04 16:00:00,0.0,53.34372396877416
2030-01-04 17:00:00,0.0,60.02390119925349
2030-01-04 18:00:00,0.0,63.77986640431026
2030-01-04 19:00:00,0.0,83.90121382658958
2030-01-04 20:00:00,0.0,94.33989340135554
2030-01-04 21:00:00,0.0,101.63889768317948
2030-01-04 22:00:00,0.0,104.33612704056668
2030-01-04 23:00:00,0.0,102.39826069471962
2030-01-05 00:00:00,0.0,97.33437918011919
2030-01-05 01:00:00,0.0,91.89958478574806
2030-01-05 02:00:00,0.0,86.45865235317741
2030-01-05 03:00:00,0.0,84.26649585335042
2030-01-05 04:00:00,0.0,81.8112805735442
2030-01-05 05:00:00,0.0,80.14524163367558
2030-01-05 06:00:00,0.0,79.70681033371022
2030-01-05 07:00:00,0.0,78.47920269380711
2030-01-05 08:00:00,0.0,68.6583415745821
2030-01-05 09:00:00,0.0,62.466308852708835
2030-01-05 10:00:00,0.0,53.96510783718008
2030-01-05 11:00:00,0.0,46.6914689962623
2030-01-05 12:00:00,0.0,43.537197387210085
2030-01-05 13:00:00,0.0,42.66469643378127
2030-01-05 14:00:00,0.0,42.595923050716465
2030-01-05 15:00:00,0.0,50.382720917803915
2030-01-05 16:00:00,0.0,57.457421766152265
2030-01-05 17:00:00,0.0,62.38714404423183
2030-01-05 18:00:00,0.0,66.61188383338174
2030-01-05 19:00:00,0.0,84.47819327259981
2030-01-05 20:00:00,0.0,94.33989340135554
2030-01-05 21:00:00,0.0,101.63889768317948
2030-01-05 22:00:00,0.0,104.33612704056668
2030-01-05 23:00:00,0.0,102.39826069471962
2030-01-06 00:00:00,0.0,97.33437918011919
2030-01-06 01:00:00,0.0,91.89958478574806
2030-01-06 02:00:00,0.0,86.45865235317741
2030-01-06 03:00:00,0.0,84.26649585335042
2030-01-06 04:00:00,0.0,81.8112805735442
2030-01-06 05:00:00,0.0,80.14524163367558
2030-01-06 06:00:00,0.0,79.70681033371022
2030-01-06 07:00:00,0.0,78.47920269380711
2030-01-06 08:00:00,0.0,68.6583415745821
2030-01-06 09:00:00,0.0,62.59151172410941
2030-01-06 10:00:00,0.0,54.78467140743828
2030-01-06 11:00:00,0.0,49.226489816218304
2030-01-06 12:00:00,0.0,46.69160448067919
2030-01-06 13:00:00,0.0,43.95824879795464
2030-01-06 14:00:00,0.0,45.212708528279904
2030-01-06 15:00:00,0.0,52.73155739929268
2030-01-06 16:00:00,0.0,59.27799032653626
2030-01-06 17:00:00,0.0,63.559264474424246
2030-01-06 18:00:00,0.0,68.47537506632364
2030-01-06 19:00:00,0.0,89.37159033729017
2030-01-06 20:00:00,0.0,94.89582428971165
2030-01-06 21:00:00,0.0,101.63889768317948
2030-01-06 22:00:00,0.0,104.33612704056668
2030-01-06 23:00:00,0.0,102.39826069471962
2030-01-07 00:00:00,0.0,97.33437918011919
2030-01-07 01:00:00,0.0,91.89958478574806
2030-01-07 02:00:00,0.0,86.45865235317741
2030-01-07 03:00:00,0.0,84.26649585335042
2030-01-07 04:00:00,0.0,81.8112805735442
2030-01-07 05:00:00,0.0,80.14524163367558
2030-01-07 06:00:00,0.0,79.70681033371022
2030-01-07 07:00:00,0.0,78.47920269380711
2030-01-07 08:00:00,0.0,68.6583415745821
2030-01-07 09:00:00,0.0,64.40327092202313
2030-01-07 10:00:00,0.0,60.86512870682827
2030-01-07 11:00:00,0.0,52.08599186424794
2030-01-07 12:00:00,0.0,47.87914659409444
2030-01-07 13:00:00,0.0,44.21784639060331
2030-01-07 14:00:00,0.0,42.403493116136815
2030-01-07 15:00:00,0.0,50.281070186808506
2030-01-07 16:00:00,0.0,56.482930021444304
2030-01-07 17:00:00,0.0,62.01314024356633
2030-01-07 18:00:00,0.0,66.71379884917383
2030-01-07 19:00:00,0.0,89.82859724545334
2030-01-07 20:00:00,0.0,97.90346300747433
2030-01-07 21:00:00,0.0,102.09135878474387
2030-01-07 22:00:00,0.0,104.33612704056668
2030-01-07 23:00:00,0.0,102.39826069471962
2030-01-08 00:00:00,0.0,97.57727012030001
2030-01-08 01:00:00,0.0,93.05879714285663
2030-01-08 02:00:00,0.0,89.17254209996327
2030-01-08 03:00:00,0.0,86.63402487316365
2030-01-08 04:00:00,0.0,84.1788095933573
2030-01-08 05:00:00,0.0,82.07433935352344
2030-01-08 06:00:00,0.0,81.10979049359956
2030-01-08 07:00:00,0.0,79.26837903374485
2030-01-08 08:00:00,0.0,71.11355685438832
2030-01-08 09:00:00,0.0,63.2449088678668
2030-01-08 10:00:00,0.0,57.77029011821799
2030-01-08 11:00:00,0.0,49.10850421829036
2030-01-08 12:00:00,0.0,47.35014248933078
2030-01-08 13:00:00,0.0,47.42508903503949
2030-01-08 14:00:00,0.0,44.716713610025295
2030-01-08 15:00:00,0.0,48.66760220929052
2030-01-08 16:00:00,0.0,55.40191309238276
2030-01-08 17:00:00,0.0,60.97126050218549
2030-01-08 18:00:00,0.0,67.42532001010795
2030-01-08 19:00:00,0.0,89.96489947498912
2030-01-08 20:00:00,0.0,97.23353998112712
2030-01-08 21:00:00,0.0,101.27675342940812
2030-01-08 22:00:00,0.0,103.44085032603732
2030-01-08 23:00:00,0.0,102.90508727747964
2030-01-09 00:00:00,0.0,98.73648247740856
2030-01-09 01:00:00,0.0,91.96798006854272
2030-01-09 02:00:00,0.0,88.99716957997715
2030-01-09 03:00:00,0.0,86.19559357319814
2030-01-09 04:00:00,0.0,83.1265744734403
2030-01-09 05:00:00,0.0,80.67135919363409
2030-01-09 06:00:00,0.0,80.67135919363409
2030-01-09 07:00:00,0.0,77.86539887385548
2030-01-09 08:00:00,0.0,69.79826295449209
2030-01-09 09:00:00,0.0,60.84722811143445
2030-01-09 10:00:00,0.0,50.128049284307046
2030-01-09 11:00:00,0.0,43.45267437753751
2030-01-09 12:00:00,0.0,42.65454563111189
2030-01-09 13:00:00,0.0,43.80667967481213
2030-01-09 14:00:00,0.0,39.044725294750954
2030-01-09 15:00:00,0.0,45.91150239564831
2030-01-09 16:00:00,0.0,52.3492443184748
2030-01-09 17:00:00,0.0,59.177941978518106
2030-01-09 18:00:00,0.0,60.66935396457927
2030-01-09 19:00:00,0.0,82.34357129614659
2030-01-09 20:00:00,0.0,91.48745936378054
2030-01-09 21:00:00,0.0,98.66808719461392
2030-01-09 22:00:00,0.0,102.22288817473348
2030-01-09 23:00:00,0.0,102.11591093754193
2030-01-10 00:00:00,0.0,97.33437918011919
2030-01-10 01:00:00,0.0,91.89958478574806
2030-01-10 02:00:00,0.0,86.45865235317741
2030-01-10 03:00:00,0.0,84.26649585335042
2030-01-10 04:00:00,0.0,81.8112805735442
2030-01-10 05:00:00,0.0,80.14524163367558
2030-01-10 06:00:00,0.0,79.70681033371022
2030-01-10 07:00:00,0.0,78.47920269380711
2030-01-10 08:00:00,0.0,68.6583415745821
2030-01-10 09:00:00,0.0,62.90820134000489
2030-01-10 10:00:00,0.0,57.48834816386557
2030-01-10 11:00:00,0.0,50.087768280333194
2030-01-10 12:00:00,0.0,47.04293840681476
2030-01-10 13:00:00,0.0,45.04945865295917
2030-01-10 14:00:00,0.0,42.562294971669296
2030-01-10 15:00:00,0.0,50.84878504568292
2030-01-10 16:00:00,0.0,58.03719925694224
2030-01-10 17:00:00,0.0,63.05609531743016
2030-01-10 18:00:00,0.0,69.63814119407539
2030-01-10 19:00:00,0.0,91.59911734152263
2030-01-10 20:00:00,0.0,96.63288910017457
2030-01-10 21:00:00,0.0,101.63889768317948
2030-01-10 22:00:00,0.0,104.33612704056668
2030-01-10 23:00:00,0.0,102.39826069471962
2030-01-11 00:00:00,0.0,97.33437918011919
2030-01-11 01:00:00,0.0,91.89958478574806
2030-01-11 02:00:00,0.0,86.45865235317741
2030-01-11 03:00:00,0.0,84.26649585335042
2030-01-11 04:00:00,0.0,81.8112805735442
2030-01-11 05:00:00,0.0,80.14524163367558
2030-01-11 06:00:00,0.0,79.70681033371022
2030-01-11 07:00:00,0.0,78.47920269380711
2030-01-11 08:00:00,0.0,68.6583415745821
2030-01-11 09:00:00,0.0,65.61111038729882
2030-01-11 10:00:00,0.0,61.14823358222964
2030-01-11 11:00:00,0.0,59.31118346505706
2030-01-11 12:00:00,0.0,56.336570247005966
2030-01-11 13:00:00,0.0,54.099901720002094
2030-01-11 14:00:00,0.0,42.40397773953748
2030-01-11 15:00:00,0.0,48.886043484050795
2030-01-11 16:00:00,0.0,57.474329148871114
2030-01-11 17:00:00,0.0,63.610006031156445
2030-01-11 18:00:00,0.0,66.52100067085473
2030-01-11 19:00:00,0.0,88.69639456957623
2030-01-11 20:00:00,0.0,95.15888306969087
2030-01-11 21:00:00,0.0,101.63889768317948
2030-01-11 22:00:00,0.0,104.33612704056668
2030-01-11 23:00:00,0.0,102.39826069471962
2030-01-12 00:00:00,0.0,97.33437918011919
2030-01-12 01:00:00,0.0,91.89958478574806
2030-01-12 02:00:00,0.0,86.45865235317741
2030-01-12 03:00:00,0.0,84.26649585335042
2030-01-12 04:00:00,0.0,81.8112805735442
2030-01-12 05:00:00,0.0,80.14524163367558
2030-01-12 06:00:00,0.0,79.70681033371022
2030-01-12 07:00:00,0.0,78.47920269380711
2030-01-12 08:00:00,0.0,68.6583415745821
2030-01-12 09:00:00,0.0,63.05549883577021
2030-01-12 10:00:00,0.0,56.78579729889543
2030-01-12 11:00:00,0.0,51.248016107019
2030-01-12 12:00:00,0.0,47.223613636648444
2030-01-12 13:00:00,0.0,43.936169024867354
2030-01-12 14:00:00,0.0,42.397778216356976
2030-01-12 15:00:00,0.0,50.27609177450756
2030-01-12 16:00:00,0.0,56.4831218727727
2030-01-12 17:00:00,0.0,61.74682667504248
2030-01-12 18:00:00,0.0,67.54395359548926
2030-01-12 19:00:00,0.0,90.13746834780886
2030-01-12 20:00:00,0.0,97.86137360267763
2030-01-12 21:00:00,0.0,101.63889768317948
2030-01-12 22:00:00,0.0,104.33612704056668
2030-01-12 23:00:00,0.0,102.39826069471962
2030-01-13 00:00:00,0.0,97.33437918011919
2030-01-13 01:00:00,0.0,91.89958478574806
2030-01-13 02:00:00,0.0,86.45865235317741
2030-01-13 03:00:00,0.0,84.26649585335042
2030-01-13 04:00:00,0.0,81.8112805735442
2030-01-13 05:00:00,0.0,80.14524163367558
2030-01-13 06:00:00,0.0,79.70681033371022
2030-01-13 07:00:00,0.0,78.47920269380711
2030-01-13 08:00:00,0.0,68.6583415745821
2030-01-13 09:00:00,0.0,66.27394911824285
2030-01-13 10:00:00,0.0,63.49696580095588
2030-01-13 11:00:00,0.0,56.81372441798078
2030-01-13 12:00:00,0.0,51.76063987955797
2030-01-13 13:00:00,0.0,45.728483434240616
2030-01-13 14:00:00,0.0,42.65068619366684
2030-01-13 15:00:00,0.0,51.15790126126512
2030-01-13 16:00:00,0.0,57.18125138231073
2030-01-13 17:00:00,0.0,61.75401333450042
2030-01-13 18:00:00,0.0,65.31924404527831
2030-01-13 19:00:00,0.0,88.49207016276931
2030-01-13 20:00:00,0.0,95.29742736048
2030-01-13 21:00:00,0.0,101.63889768317948
2030-01-13 22:00:00,0.0,104.33612704056668
2030-01-13 23:00:00,0.0,102.39826069471962
2030-01-14 00:00:00,0.0,97.33437918011919
2030-01-14 01:00:00,0.0,91.89958478574806
2030-01-14 02:00:00,0.0,86.45865235317741
2030-01-14 03:00:00,0.0,84.26649585335042
2030-01-14 04:00:00,0.0,81.8112805735442
2030-01-14 05:00:00,0.0,80.14524163367558
2030-01-14 06:00:00,0.0,79.70681033371022
2030-01-14 07:00:00,0.0,78.47920269380711
2030-01-14 08:00:00,0.0,68.6583415745821
2030-01-14 09:00:00,0.0,62.92293108958143
2030-01-14 10:00:00,0.0,57.239031997185286
2030-01-14 11:00:00,0.0,52.11939960469124
2030-01-14 12:00:00,0.0,49.17630835455384
2030-01-14 13:00:00,0.0,46.7633544276739
2030-01-14 14:00:00,0.0,43.56191518304297
2030-01-14 15:00:00,0.0,51.98496488690864
2030-01-14 16:00:00,0.0,58.781803556953264
2030-01-14 17:00:00,0.0,64.49881670626087
2030-01-14 18:00:00,0.0,69.23983512952782
2030-01-14 19:00:00,0.0,88.3946386046698
2030-01-14 20:00:00,0.0,95.08084229829704
2030-01-14 21:00:00,0.0,101.63889768317948
2030-01-14 22:00:00,0.0,104.33612704056668
2030-01-14 23:00:00,0.0,102.39826069471962
2030-01-15 00:00:00,0.0,97.57727012030001
2030-01-15 01:00:00,0.0,93.05879714285663
2030-01-15 02:00:00,0.0,89.17254209996327
2030-01-15 03:00:00,0.0,86.63402487316365
2030-01-15 04:00:00,0.0,84.1788095933573
2030-01-15 05:00:00,0.0,82.07433935352344
2030-01-15 06:00:00,0.0,81.10979049359956
2030-01-15 07:00:00,0.0,79.26837903374485
2030-01-15 08:00:00,0.0,71.11355685438832
2030-01-15 09:00:00,0.0,63.54686873418575
2030-01-15 10:00:00,0.0,59.77511329834681
2030-01-15 11:00:00,0.0,51.35303952531956
2030-01-15 12:00:00,0.0,48.59032921384426
2030-01-15 13:00:00,0.0,47.341792605004
2030-01-15 14:00:00,0.0,48.5809627945049
2030-01-15 15:00:00,0.0,51.72794560807562
2030-01-15 16:00:00,0.0,58.39039016451193
2030-01-15 17:00:00,0.0,62.3469021253328
2030-01-15 18:00:00,0.0,67.76154200310964
2030-01-15 19:00:00,0.0,87.35292198069622
2030-01-15 20:00:00,0.0,94.37584476795267
2030-01-15 21:00:00,0.0,99.72032231453089
2030-01-15 22:00:00,0.0,103.44085032603732
2030-01-15 23:00:00,0.0,102.90508727747964
2030-01-16 00:00:00,0.0,98.73648247740856
2030-01-16 01:00:00,0.0,91.96798006854272
2030-01-16 02:00:00,0.0,88.99716957997715
2030-01-16 03:00:00,0.0,86.19559357319814
2030-01-16 04:00:00,0.0,83.1265744734403
2030-01-16 05:00:00,0.0,80.67135919363409
2030-01-16 06:00:00,0.0,80.67135919363409
2030-01-16 07:00:00,0.0,77.86539887385548
2030-01-16 08:00:00,0.0,69.79826295449209
2030-01-16 09:00:00,0.0,62.3128381942995
2030-01-16 10:00:00,0.0,55.58803073406296
2030-01-16 11:00:00,0.0,49.83345763479497
2030-01-16 12:00:00,0.0,46.7669462383036
2030-01-16 13:00:00,0.0,47.96871862661715
2030-01-16 14:00:00,0.0,48.911730526685005
2030-01-16 15:00:00,0.0,56.488981639489225
2030-01-16 16:00:00,0.0,60.387122883992895
2030-01-16 17:00:00,0.0,67.56012783274798
2030-01-16 18:00:00,0.0,69.48353610189281
2030-01-16 19:00:00,0.0,90.89058537398817
2030-01-16 20:00:00,0.0,95.82705237083815
2030-01-16 21:00:00,0.0,100.49371512766992
2030-01-16 22:00:00,0.0,102.22288817473348
2030-01-16 23:00:00,0.0,102.11591093754193
2030-01-17 00:00:00,0.0,97.33437918011919
2030-01-17 01:00:00,0.0,91.89958478574806
2030-01-17 02:00:00,0.0,86.45865235317741
2030-01-17 03:00:00,0.0,84.26649585335042
2030-01-17 04:00:00,0.0,81.8112805735442
2030-01-17 05:00:00,0.0,80.14524163367558
2030-01-17 06:00:00,0.0,79.70681033371022
2030-01-17 07:00:00,0.0,78.47920269380711
2030-01-17 08:00:00,0.0,68.6583415745821
2030-01-17 09:00:00,0.0,64.91144728241352
2030-01-17 10:00:00,0.0,59.60116676892676
2030-01-17 11:00:00,0.0,56.86140486041585
2030-01-17 12:00:00,0.0,53.106174623738525
2030-01-17 13:00:00,0.0,50.03076536475145
2030-01-17 14:00:00,0.0,44.98956554673384
2030-01-17 15:00:00,0.0,50.51058908394612
2030-01-17 16:00:00,0.0,58.90640117181374
2030-01-17 17:00:00,0.0,67.57046896764632
2030-01-17 18:00:00,0.0,74.12335024394986
2030-01-17 19:00:00,0.0,94.25918006149118
2030-01-17 20:00:00,0.0,99.7781952461264
2030-01-17 21:00:00,0.0,101.63889768317948
2030-01-17 22:00:00,0.0,104.33612704056668
2030-01-17 23:00:00,0.0,102.39826069471962
2030-01-18 00:00:00,0.0,97.33437918011919
2030-01-18 01:00:00,0.0,91.89958478574806
2030-01-18 02:00:00,0.0,86.45865235317741
2030-01-18 03:00:00,0.0,84.26649585335042
2030-01-18 04:00:00,0.0,81.8112805735442
2030-01-18 05:00:00,0.0,80.14524163367558
2030-01-18 06:00:00,0.0,79.70681033371022
2030-01-18 07:00:00,0.0,78.47920269380711
2030-01-18 08:00:00,0.0,68.6583415745821
2030-01-18 09:00:00,0.0,64.1160408052807
2030-01-18 10:00:00,0.0,60.14341431613116
2030-01-18 11:00:00,0.0,59.15141084362392
2030-01-18 12:00:00,0.0,50.43562829459961
2030-01-18 13:00:00,0.0,48.19365736156806
2030-01-18 14:00:00,0.0,47.55631625248884
2030-01-18 15:00:00,0.0,54.6368959723095
2030-01-18 16:00:00,0.0,61.715455954282895
2030-01-18 17:00:00,0.0,66.55613719999224
2030-01-18 18:00:00,0.0,71.73163928957409
2030-01-18 19:00:00,0.0,93.5739237189838
2030-01-18 20:00:00,0.0,97.97711946586855
2030-01-18 21:00:00,0.0,104.27825410897128
2030-01-18 22:00:00,0.0,105.57688761946883
2030-01-18 23:00:00,0.0,104.5141301483527
2030-01-19 00:00:00,0.0,99.48006196214989
2030-01-19 01:00:00,0.0,94.41618044754956
2030-01-19 02:00:00,0.0,87.91599799426238
2030-01-19 03:00:00,0.0,84.52955463332967
2030-01-19 04:00:00,0.0,82.07433935352344
2030-01-19 05:00:00,0.0,80.14524163367558
2030-01-19 06:00:00,0.0,79.70681033371022
2030-01-19 07:00:00,0.0,78.47920269380711
2030-01-19 08:00:00,0.0,68.6583415745821
2030-01-19 09:00:00,0.0,63.64468881883158
2030-01-19 10:00:00,0.0,61.786888859511805
2030-01-19 11:00:00,0.0,54.32575485394239
2030-01-19 12:00:00,0.0,49.41507759518947
2030-01-19 13:00:00,0.0,47.93403128164391
2030-01-19 14:00:00,0.0,45.6865354772417
2030-01-19 15:00:00,0.0,53.24225297220846
2030-01-19 16:00:00,0.0,59.25772237341084
2030-01-19 17:00:00,0.0,64.61329686684542
2030-01-19 18:00:00,0.0,70.78946449390924
2030-01-19 19:00:00,0.0,93.58144623211558
2030-01-19 20:00:00,0.0,100.6497966704576
2030-01-19 21:00:00,0.0,104.42205957535998
2030-01-19 22:00:00,0.0,104.33612704056668
2030-01-19 23:00:00,0.0,102.39826069471962
2030-01-20 00:00:00,0.0,97.33437918011919
2030-01-20 01:00:00,0.0,91.89958478574806
2030-01-20 02:00:00,0.0,86.45865235317741
2030-01-20 03:00:00,0.0,84.26649585335042
2030-01-20 04:00:00,0.0,81.8112805735442
2030-01-20 05:00:00,0.0,80.14524163367558
2030-01-20 06:00:00,0.0,79.70681033371022
2030-01-20 07:00:00,0.0,78.47920269380711
2030-01-20 08:00:00,0.0,68.6583415745821
2030-01-20 09:00:00,0.0,67.07672047016399
2030-01-20 10:00:00,0.0,67.7260999773614
2030-01-20 11:00:00,0.0,64.20828238602326
2030-01-20 12:00:00,0.0,59.75075132553479
2030-01-20 13:00:00,0.0,52.77758482852062
2030-01-20 14:00:00,0.0,49.745316757776095
2030-01-20 15:00:00,0.0,61.2390915994996
2030-01-20 16:00:00,0.0,69.3411333795209
2030-01-20 17:00:00,0.0,73.17522778918261
2030-01-20 18:00:00,0.0,73.88698201325917
2030-01-20 19:00:00,0.0,93.01961933238749
2030-01-20 20:00:00,0.0,97.80788498408184
2030-01-20 21:00:00,0.0,105.29453786229112
2030-01-20 22:00:00,0.0,105.43922019127967
2030-01-20 23:00:00,0.0,103.46540247883536
2030-01-21 00:00:00,0.0,97.83156027428004
2030-01-21 01:00:00,0.0,92.46954547570304
2030-01-21 02:00:00,0.0,86.45865235317741
2030-01-21 03:00:00,0.0,84.26649585335042
2030-01-21 04:00:00,0.0,81.8112805735442
2030-01-21 05:00:00,0.0,80.14524163367558
2030-01-21 06:00:00,0.0,79.70681033371022
2030-01-21 07:00:00,0.0,78.47920269380711
2030-01-21 08:00:00,0.0,68.6583415745821
2030-01-21 09:00:00,0.0,65.51536701505142
2030-01-21 10:00:00,0.0,65.01679985937858
2030-01-21 11:00:00,0.0,59.03927623753248
2030-01-21 12:00:00,0.0,55.865871109128314
2030-01-21 13:00:00,0.0,50.52132846895881
2030-01-21 14:00:00,0.0,47.74158740724636
2030-01-21 15:00:00,0.0,54.80757012752861
2030-01-21 16:00:00,0.0,61.218960649890505
2030-01-21 17:00:00,0.0,66.48829245955449
2030-01-21 18:00:00,0.0,71.84488196890243
2030-01-21 19:00:00,0.0,89.5968403607095
2030-01-21 20:00:00,0.0,98.2051037418505
2030-01-21 21:00:00,0.0,103.457510715436
2030-01-21 22:00:00,0.0,104.33612704056668
2030-01-21 23:00:00,0.0,102.39826069471962
2030-01-22 00:00:00,0.0,97.57727012030001
2030-01-22 01:00:00,0.0,93.05879714285663
2030-01-22 02:00:00,0.0,89.17254209996327
2030-01-22 03:00:00,0.0,86.63402487316365
2030-01-22 04:00:00,0.0,84.1788095933573
2030-01-22 05:00:00,0.0,82.07433935352344
2030-01-22 06:00:00,0.0,81.10979049359956
2030-01-22 07:00:00,0.0,79.26837903374485
2030-01-22 08:00:00,0.0,71.11355685438832
2030-01-22 09:00:00,0.0,63.56896335855049
2030-01-22 10:00:00,0.0,61.39827411949
2030-01-22 11:00:00,0.0,53.81787339236337
2030-01-22 12:00:00,0.0,51.35855197597175
2030-01-22 13:00:00,0.0,51.91192139556608
2030-01-22 14:00:00,0.0,48.8791965810567
2030-01-22 15:00:00,0.0,52.63440045719767
2030-01-22 16:00:00,0.0,59.145113741718205
2030-01-22 17:00:00,0.0,63.93860068749233
2030-01-22 18:00:00,0.0,69.0970896124935
2030-01-22 19:00:00,0.0,87.56920333195956
2030-01-22 20:00:00,0.0,92.2740051159185
2030-01-22 21:00:00,0.0,99.72032231453089
2030-01-22 22:00:00,0.0,103.44085032603732
2030-01-22 23:00:00,0.0,102.90508727747964
2030-01-23 00:00:00,0.0,98.73648247740856
2030-01-23 01:00:00,0.0,91.96798006854272
2030-01-23 02:00:00,0.0,88.99716957997715
2030-01-23 03:00:00,0.0,86.19559357319814
2030-01-23 04:00:00,0.0,83.1265744734403
2030-01-23 05:00:00,0.0,80.67135919363409
2030-01-23 06:00:00,0.0,80.67135919363409
2030-01-23 07:00:00,0.0,77.86539887385548
2030-01-23 08:00:00,0.0,69.79826295449209
2030-01-23 09:00:00,0.0,61.05344460550589
2030-01-23 10:00:00,0.0,54.10723476549629
2030-01-23 11:00:00,0.0,48.98057634321822
2030-01-23 12:00:00,0.0,46.462586273499255
2030-01-23 13:00:00,0.0,46.54887503020189
2030-01-23 14:00:00,0.0,43.269412059008
2030-01-23 15:00:00,0.0,49.31719992835281
2030-01-23 16:00:00,0.0,55.61891261383983
2030-01-23 17:00:00,0.0,62.5637398018365
2030-01-23 18:00:00,0.0,68.80726693829763
2030-01-23 19:00:00,0.0,88.75384855972175
2030-01-23 20:00:00,0.0,93.48407550382308
2030-01-23 21:00:00,0.0,98.72332953840963
2030-01-23 22:00:00,0.0,102.22288817473348
2030-01-23 23:00:00,0.0,102.11591093754193
2030-01-24 00:00:00,0.0,97.33437918011919
2030-01-24 01:00:00,0.0,91.89958478574806
2030-01-24 02:00:00,0.0,86.45865235317741
2030-01-24 03:00:00,0.0,84.26649585335042
2030-01-24 04:00:00,0.0,81.8112805735442
2030-01-24 05:00:00,0.0,80.14524163367558
2030-01-24 06:00:00,0.0,79.70681033371022
2030-01-24 07:00:00,0.0,78.47920269380711
2030-01-24 08:00:00,0.0,68.6583415745821
2030-01-24 09:00:00,0.0,63.077593460135056
2030-01-24 10:00:00,0.0,55.8126906367595
2030-01-24 11:00:00,0.0,52.84674069896255
2030-01-24 12:00:00,0.0,49.85636725650443
2030-01-24 13:00:00,0.0,46.725308335213406
2030-01-24 14:00:00,0.0,44.88442726787138
2030-01-24 15:00:00,0.0,52.04989459526564
2030-01-24 16:00:00,0.0,58.02881936624066
2030-01-24 17:00:00,0.0,63.739336878276845
2030-01-24 18:00:00,0.0,69.42098256204372
2030-01-24 19:00:00,0.0,87.15533960581523
2030-01-24 20:00:00,0.0,94.33989340135554
2030-01-24 21:00:00,0.0,101.63889768317948
2030-01-24 22:00:00,0.0,104.33612704056668
2030-01-24 23:00:00,0.0,102.39826069471962
2030-01-25 00:00:00,0.0,97.33437918011919
2030-01-25 01:00:00,0.0,91.89958478574806
2030-01-25 02:00:00,0.0,86.45865235317741
2030-01-25 03:00:00,0.0,84.26649585335042
2030-01-25 04:00:00,0.0,81.8112805735442
2030-01-25 05:00:00,0.0,80.14524163367558
2030-01-25 06:00:00,0.0,79.70681033371022
2030-01-25 07:00:00,0.0,78.47920269380711
2030-01-25 08:00:00,0.0,68.6583415745821
2030-01-25 09:00:00,0.0,63.17333683238246
2030-01-25 10:00:00,0.0,57.32786723840933
2030-01-25 11:00:00,0.0,51.134332446663166
2030-01-25 12:00:00,0.0,47.8043055264277
2030-01-25 13:00:00,0.0,44.61918842419084
2030-01-25 14:00:00,0.0,43.21209878569766
2030-01-25 15:00:00,0.0,50.81879606547682
2030-01-25 16:00:00,0.0,57.53493055911962
2030-01-25 17:00:00,0.0,63.044666733150045
2030-01-25 18:00:00,0.0,68.73610770038533
2030-01-25 19:00:00,0.0,88.18179188108957
2030-01-25 20:00:00,0.0,94.33989340135554
2030-01-25 21:00:00,0.0,101.63889768317948
2030-01-25 22:00:00,0.0,104.33612704056668
2030-01-25 23:00:00,0.0,102.39826069471962
2030-01-26 00:00:00,0.0,97.33437918011919
2030-01-26 01:00:00,0.0,91.89958478574806
2030-01-26 02:00:00,0.0,86.45865235317741
2030-01-26 03:00:00,0.0,84.26649585335042
2030-01-26 04:00:00,0.0,81.8112805735442
2030-01-26 05:00:00,0.0,80.14524163367558
2030-01-26 06:00:00,0.0,79.70681033371022
2030-01-26 07:00:00,0.0,78.47920269380711
2030-01-26 08:00:00,0.0,68.6583415745821
2030-01-26 09:00:00,0.0,63.07022858534673
2030-01-26 10:00:00,0.0,58.372045246071934
2030-01-26 11:00:00,0.0,52.179246941804536
2030-01-26 12:00:00,0.0,48.00171387330829
2030-01-26 13:00:00,0.0,44.93359523272181
2030-01-26 14:00:00,0.0,42.676937281027115
2030-01-26 15:00:00,0.0,50.58101365729885
2030-01-26 16:00:00,0.0,57.114705351158705
2030-01-26 17:00:00,0.0,62.63431045740549
2030-01-26 18:00:00,0.0,67.33792956038587
2030-01-26 19:00:00,0.0,84.92128218158109
2030-01-26 20:00:00,0.0,94.33989340135554
2030-01-26 21:00:00,0.0,101.63889768317948
2030-01-26 22:00:00,0.0,104.33612704056668
2030-01-26 23:00:00,0.0,102.39826069471962
2030-01-27 00:00:00,0.0,97.33437918011919
2030-01-27 01:00:00,0.0,91.89958478574806
2030-01-27 02:00:00,0.0,86.45865235317741
2030-01-27 03:00:00,0.0,84.26649585335042
2030-01-27 04:00:00,0.0,81.8112805735442
2030-01-27 05:00:00,0.0,80.14524163367558
2030-01-27 06:00:00,0.0,79.70681033371022
2030-01-27 07:00:00,0.0,78.47920269380711
2030-01-27 08:00:00,0.0,68.6583415745821
2030-01-27 09:00:00,0.0,62.90820134000489
2030-01-27 10:00:00,0.0,55.379105606696726
2030-01-27 11:00:00,0.0,49.16123732941412
2030-01-27 12:00:00,0.0,46.16354326218038
2030-01-27 13:00:00,0.0,43.06508133746627
2030-01-27 14:00:00,0.0,36.66068531941402
2030-01-27 15:00:00,0.0,47.37743859897921
2030-01-27 16:00:00,0.0,53.09794446109162
2030-01-27 17:00:00,0.0,59.46353849062893
2030-01-27 18:00:00,0.0,63.66846676659839
2030-01-27 19:00:00,0.0,82.78244509623903
2030-01-27 20:00:00,0.0,94.33989340135554
2030-01-27 21:00:00,0.0,101.63889768317948
2030-01-27 22:00:00,0.0,104.33612704056668
2030-01-27 23:00:00,0.0,102.39826069471962
2030-01-28 00:00:00,0.0,97.33437918011919
2030-01-28 01:00:00,0.0,91.89958478574806
2030-01-28 02:00:00,0.0,86.45865235317741
2030-01-28 03:00:00,0.0,84.26649585335042
2030-01-28 04:00:00,0.0,81.8112805735442
2030-01-28 05:00:00,0.0,80.14524163367558
2030-01-28 06:00:00,0.0,79.70681033371022
2030-01-28 07:00:00,0.0,78.47920269380711
2030-01-28 08:00:00,0.0,68.6583415745821
2030-01-28 09:00:00,0.0,63.12178270886466
2030-01-28 10:00:00,0.0,54.44338280593013
2030-01-28 11:00:00,0.0,48.41966747934373
2030-01-28 12:00:00,0.0,44.04036624038417
2030-01-28 13:00:00,0.0,41.17705022020175
2030-01-28 14:00:00,0.0,39.66040064359436
2030-01-28 15:00:00,0.0,47.67749844913078
2030-01-28 16:00:00,0.0,54.12777551037482
2030-01-28 17:00:00,0.0,59.528496686261406
2030-01-28 18:00:00,0.0,65.43098556619316
2030-01-28 19:00:00,0.0,83.50533756308243
2030-01-28 20:00:00,0.0,94.33989340135554
2030-01-28 21:00:00,0.0,101.63889768317948
2030-01-28 22:00:00,0.0,104.33612704056668
2030-01-28 23:00:00,0.0,102.39826069471962
2030-01-29 00:00:00,0.0,97.57727012030001
2030-01-29 01:00:00,0.0,93.05879714285663
2030-01-29 02:00:00,0.0,89.17254209996327
2030-01-29 03:00:00,0.0,86.63402487316365
2030-01-29 04:00:00,0.0,84.1788095933573
2030-01-29 05:00:00,0.0,82.07433935352344
2030-01-29 06:00:00,0.0,81.10979049359956
2030-01-29 07:00:00,0.0,79.26837903374485
2030-01-29 08:00:00,0.0,71.11355685438832
2030-01-29 09:00:00,0.0,63.134435746042755
2030-01-29 10:00:00,0.0,54.226605142176254
2030-01-29 11:00:00,0.0,46.85915264773348
2030-01-29 12:00:00,0.0,45.99976299434695
2030-01-29 13:00:00,0.0,45.38003969874876
2030-01-29 14:00:00,0.0,42.7761275969674
2030-01-29 15:00:00,0.0,48.323781063078734
2030-01-29 16:00:00,0.0,54.9249350099991
2030-01-29 17:00:00,0.0,61.48678840518608
2030-01-29 18:00:00,0.0,68.64171940433494
2030-01-29 19:00:00,0.0,86.12504147191953
2030-01-29 20:00:00,0.0,92.2740051159185
2030-01-29 21:00:00,0.0,99.72032231453089
2030-01-29 22:00:00,0.0,103.44085032603732
2030-01-29 23:00:00,0.0,102.90508727747964
2030-01-30 00:00:00,0.0,98.73648247740856
2030-01-30 01:00:00,0.0,91.96798006854272
2030-01-30 02:00:00,0.0,88.99716957997715
2030-01-30 03:00:00,0.0,86.19559357319814
2030-01-30 04:00:00,0.0,83.1265744734403
2030-01-30 05:00:00,0.0,80.67135919363409
2030-01-30 06:00:00,0.0,80.67135919363409
2030-01-30 07:00:00,0.0,77.86539887385548
2030-01-30 08:00:00,0.0,69.79826295449209
2030-01-30 09:00:00,0.0,61.27439084915385
2030-01-30 10:00:00,0.0,54.1218317650347
2030-01-30 11:00:00,0.0,46.79861276933411
2030-01-30 12:00:00,0.0,44.25842502776743
2030-01-30 13:00:00,0.0,43.45292988745416
2030-01-30 14:00:00,0.0,42.19000055112235
2030-01-30 15:00:00,0.0,48.3541682933992
2030-01-30 16:00:00,0.0,54.403103624875484
2030-01-30 17:00:00,0.0,59.3140751748
2030-01-30 18:00:00,0.0,65.80961377905805
2030-01-30 19:00:00,0.0,88.56394248106017
2030-01-30 20:00:00,0.0,92.69840661428509
2030-01-30 21:00:00,0.0,98.66808719461392
2030-01-30 22:00:00,0.0,102.22288817473348
2030-01-30 23:00:00,0.0,102.11591093754193
2030-01-31 00:00:00,0.0,97.33437918011919
2030-01-31 01:00:00,0.0,91.89958478574806
2030-01-31 02:00:00,0.0,86.45865235317741
2030-01-31 03:00:00,0.0,84.26649585335042
2030-01-31 04:00:00,0.0,81.8112805735442
2030-01-31 05:00:00,0.0,80.14524163367558
2030-01-31 06:00:00,0.0,79.70681033371022
2030-01-31 07:00:00,0.0,78.47920269380711
2030-01-31 08:00:00,0.0,68.6583415745821
2030-01-31 09:00:00,0.0,64.35908167329353
2030-01-31 10:00:00,0.0,60.021997841067446
2030-01-31 11:00:00,0.0,52.72652987586105
2030-01-31 12:00:00,0.0,47.330286726137615
2030-01-31 13:00:00,0.0,45.1296181932106
2030-01-31 14:00:00,0.0,43.09831116639907
2030-01-31 15:00:00,0.0,49.83257962239793
2030-01-31 16:00:00,0.0,56.408663596302965
2030-01-31 17:00:00,0.0,62.509593424685136
2030-01-31 18:00:00,0.0,68.53252770996005
2030-01-31 19:00:00,0.0,91.61893563447485
2030-01-31 20:00:00,0.0,100.22013399649154
2030-01-31 21:00:00,0.0,101.63889768317948
2030-01-31 22:00:00,0.0,104.33612704056668
2030-01-31 23:00:00,0.0,102.39826069471962
2030-02-01 00:00:00,0.0,92.50286625450052
2030-02-01 01:00:00,0.0,87.16014243312202
2030-02-01 02:00:00,0.0,80.84673171362033
2030-02-01 03:00:00,0.0,77.69002635386937
2030-02-01 04:00:00,0.0,75.05943855407689
2030-02-01 05:00:00,0.0,73.56877213419467
2030-02-01 06:00:00,0.0,73.30571335421531
2030-02-01 07:00:00,0.0,71.81504693433294
2030-02-01 08:00:00,0.0,65.238577434852
2030-02-01 09:00:00,0.0,59.53677987380104
2030-02-01 10:00:00,0.0,49.19558127208506
2030-02-01 11:00:00,0.0,41.54648111446136
2030-02-01 12:00:00,0.0,38.798824546289325
2030-02-01 13:00:00,0.0,39.589063190351794
2030-02-01 14:00:00,0.0,39.513455628831245
2030-02-01 15:00:00,0.0,43.47683542032121
2030-02-01 16:00:00,0.0,49.73209059717192
2030-02-01 17:00:00,0.0,55.4773851694863
2030-02-01 18:00:00,0.0,62.74387947421974
2030-02-01 19:00:00,0.0,84.50671079694757
2030-02-01 20:00:00,0.0,90.88417789502817
2030-02-01 21:00:00,0.0,95.50261320886376
2030-02-01 22:00:00,0.0,96.85648906315693
2030-02-01 23:00:00,0.0,95.5710084916584
2030-02-02 00:00:00,0.0,92.50286625450052
2030-02-02 01:00:00,0.0,87.16014243312202
2030-02-02 02:00:00,0.0,80.84673171362033
2030-02-02 03:00:00,0.0,77.69002635386937
2030-02-02 04:00:00,0.0,75.05943855407689
2030-02-02 05:00:00,0.0,73.56877213419467
2030-02-02 06:00:00,0.0,73.30571335421531
2030-02-02 07:00:00,0.0,71.81504693433294
2030-02-02 08:00:00,0.0,65.238577434852
2030-02-02 09:00:00,0.0,59.46313112591839
2030-02-02 10:00:00,0.0,50.599091824487004
2030-02-02 11:00:00,0.0,43.31122422777013
2030-02-02 12:00:00,0.0,40.38666336718393
2030-02-02 13:00:00,0.0,40.345878635053616
2030-02-02 14:00:00,0.0,43.282241488597265
2030-02-02 15:00:00,0.0,46.77170583110001
2030-02-02 16:00:00,0.0,53.5868390931746
2030-02-02 17:00:00,0.0,56.5830156316182
2030-02-02 18:00:00,0.0,64.10866533269314
2030-02-02 19:00:00,0.0,85.54666984046547
2030-02-02 20:00:00,0.0,91.55059347097561
2030-02-02 21:00:00,0.0,97.28352114932316
2030-02-02 22:00:00,0.0,96.85648906315693
2030-02-02 23:00:00,0.0,95.5710084916584
2030-02-03 00:00:00,0.0,92.50286625450052
2030-02-03 01:00:00,0.0,87.16014243312202
2030-02-03 02:00:00,0.0,80.84673171362033
2030-02-03 03:00:00,0.0,77.69002635386937
2030-02-03 04:00:00,0.0,75.05943855407689
2030-02-03 05:00:00,0.0,73.56877213419467
2030-02-03 06:00:00,0.0,73.30571335421531
2030-02-03 07:00:00,0.0,71.81504693433294
2030-02-03 08:00:00,0.0,65.238577434852
2030-02-03 09:00:00,0.0,59.50732037464797
2030-02-03 10:00:00,0.0,51.17293377307351
2030-02-03 11:00:00,0.0,43.25211368195561
2030-02-03 12:00:00,0.0,39.276098438943905
2030-02-03 13:00:00,0.0,39.524886036030686
2030-02-03 14:00:00,0.0,41.0237717169407
2030-02-03 15:00:00,0.0,45.069696903529575
2030-02-03 16:00:00,0.0,51.606305148569504
2030-02-03 17:00:00,0.0,56.97294180546408
2030-02-03 18:00:00,0.0,63.56170517708381
2030-02-03 19:00:00,0.0,86.29077621381794
2030-02-03 20:00:00,0.0,92.28452746711763
2030-02-03 21:00:00,0.0,97.88241830507592
2030-02-03 22:00:00,0.0,96.85648906315693
2030-02-03 23:00:00,0.0,95.5710084916584
2030-02-04 00:00:00,0.0,92.50286625450052
2030-02-04 01:00:00,0.0,87.16014243312202
2030-02-04 02:00:00,0.0,80.84673171362033
2030-02-04 03:00:00,0.0,77.69002635386937
2030-02-04 04:00:00,0.0,75.05943855407689
2030-02-04 05:00:00,0.0,73.56877213419467
2030-02-04 06:00:00,0.0,73.30571335421531
2030-02-04 07:00:00,0.0,71.81504693433294
2030-02-04 08:00:00,0.0,65.238577434852
2030-02-04 09:00:00,0.0,59.772455867025656
2030-02-04 10:00:00,0.0,50.59149115217758
2030-02-04 11:00:00,0.0,42.1035166010729
2030-02-04 12:00:00,0.0,37.84688477735074
2030-02-04 13:00:00,0.0,38.33472166260697
2030-02-04 14:00:00,0.0,38.84472499805668
2030-02-04 15:00:00,0.0,42.88961910217517
2030-02-04 16:00:00,0.0,49.55412582355223
2030-02-04 17:00:00,0.0,54.974039923901046
2030-02-04 18:00:00,0.0,62.41450742241091
2030-02-04 19:00:00,0.0,83.62179108476244
2030-02-04 20:00:00,0.0,89.58379065933082
2030-02-04 21:00:00,0.0,95.50261320886376
2030-02-04 22:00:00,0.0,96.85648906315693
2030-02-04 23:00:00,0.0,95.5710084916584
2030-02-05 00:00:00,0.0,96.85648906315693
2030-02-05 01:00:00,0.0,90.06869567709259
2030-02-05 02:00:00,0.0,84.26649585335042
2030-02-05 03:00:00,0.0,81.02210423360644
2030-02-05 04:00:00,0.0,78.04077139384172
2030-02-05 05:00:00,0.0,76.55010497395939
2030-02-05 06:00:00,0.0,75.49786985404238
2030-02-05 07:00:00,0.0,74.00720343416003
2030-02-05 08:00:00,0.0,65.76469499481038
2030-02-05 09:00:00,0.0,59.4704960007067
2030-02-05 10:00:00,0.0,49.97631770857129
2030-02-05 11:00:00,0.0,42.1515213410546
2030-02-05 12:00:00,0.0,38.124482367037785
2030-02-05 13:00:00,0.0,36.15361308260208
2030-02-05 14:00:00,0.0,34.72802275711285
2030-02-05 15:00:00,0.0,42.56036525294678
2030-02-05 16:00:00,0.0,49.35925154047458
2030-02-05 17:00:00,0.0,54.79548626411815
2030-02-05 18:00:00,0.0,63.28967640496023
2030-02-05 19:00:00,0.0,81.9904998064369
2030-02-05 20:00:00,0.0,90.40278032766616
2030-02-05 21:00:00,0.0,100.39287592867788
2030-02-05 22:00:00,0.0,103.55747305182808
2030-02-05 23:00:00,0.0,102.15449289193884
2030-02-06 00:00:00,0.0,95.39563597167216
2030-02-06 01:00:00,0.0,88.70517433420012
2030-02-06 02:00:00,0.0,83.74037829339191
2030-02-06 03:00:00,0.0,81.72359431355108
2030-02-06 04:00:00,0.0,80.40830041365484
2030-02-06 05:00:00,0.0,77.42696757389011
2030-02-06 06:00:00,0.0,78.30383017382097
2030-02-06 07:00:00,0.0,76.81316375393862
2030-02-06 08:00:00,0.0,69.00908661455446
2030-02-06 09:00:00,0.0,62.14181186189808
2030-02-06 10:00:00,0.0,52.9023551899537
2030-02-06 11:00:00,0.0,41.39255583902627
2030-02-06 12:00:00,0.0,38.559746770844185
2030-02-06 13:00:00,0.0,32.87596162755028
2030-02-06 14:00:00,0.0,31.931636774559024
2030-02-06 15:00:00,0.0,40.9234763659623
2030-02-06 16:00:00,0.0,47.112845008373256
2030-02-06 17:00:00,0.0,51.61203125378847
2030-02-06 18:00:00,0.0,59.96686311235908
2030-02-06 19:00:00,0.0,81.58958511787888
2030-02-06 20:00:00,0.0,89.35142207034913
2030-02-06 21:00:00,0.0,98.22877903204858
2030-02-06 22:00:00,0.0,103.27950760765007
2030-02-06 23:00:00,0.0,103.4504958146366
2030-02-07 00:00:00,0.0,92.50286625450052
2030-02-07 01:00:00,0.0,87.16014243312202
2030-02-07 02:00:00,0.0,80.84673171362033
2030-02-07 03:00:00,0.0,77.69002635386937
2030-02-07 04:00:00,0.0,75.05943855407689
2030-02-07 05:00:00,0.0,73.56877213419467
2030-02-07 06:00:00,0.0,73.30571335421531
2030-02-07 07:00:00,0.0,71.81504693433294
2030-02-07 08:00:00,0.0,65.238577434852
2030-02-07 09:00:00,0.0,59.46313112591839
2030-02-07 10:00:00,0.0,46.91165873621605
2030-02-07 11:00:00,0.0,38.28065831672325
2030-02-07 12:00:00,0.0,33.254499821290324
2030-02-07 13:00:00,0.0,33.95840758537668
2030-02-07 14:00:00,0.0,29.333189835218377
2030-02-07 15:00:00,0.0,37.09457888428619
2030-02-07 16:00:00,0.0,44.28228661444166
2030-02-07 17:00:00,0.0,50.244962891770456
2030-02-07 18:00:00,0.0,56.649972333603046
2030-02-07 19:00:00,0.0,79.8043237064659
2030-02-07 20:00:00,0.0,87.24782869311514
2030-02-07 21:00:00,0.0,95.50261320886376
2030-02-07 22:00:00,0.0,96.85648906315693
2030-02-07 23:00:00,0.0,95.5710084916584
2030-02-08 00:00:00,0.0,92.50286625450052
2030-02-08 01:00:00,0.0,87.16014243312202
2030-02-08 02:00:00,0.0,80.84673171362033
2030-02-08 03:00:00,0.0,77.69002635386937
2030-02-08 04:00:00,0.0,75.05943855407689
2030-02-08 05:00:00,0.0,73.56877213419467
2030-02-08 06:00:00,0.0,73.30571335421531
2030-02-08 07:00:00,0.0,71.81504693433294
2030-02-08 08:00:00,0.0,65.238577434852
2030-02-08 09:00:00,0.0,58.61617052526776
2030-02-08 10:00:00,0.0,45.747787573426315
2030-02-08 11:00:00,0.0,35.62678357278196
2030-02-08 12:00:00,0.0,31.495045478011207
2030-02-08 13:00:00,0.0,31.902310633083744
2030-02-08 14:00:00,0.0,32.03652835428102
2030-02-08 15:00:00,0.0,36.53210884924863
2030-02-08 16:00:00,0.0,43.30546841999626
2030-02-08 17:00:00,0.0,49.332322155466045
2030-02-08 18:00:00,0.0,56.97312879567448
2030-02-08 19:00:00,0.0,78.36382693516907
2030-02-08 20:00:00,0.0,87.24782869311514
2030-02-08 21:00:00,0.0,95.50261320886376
2030-02-08 22:00:00,0.0,96.85648906315693
2030-02-08 23:00:00,0.0,95.5710084916584
2030-02-09 00:00:00,0.0,92.50286625450052
2030-02-09 01:00:00,0.0,87.16014243312202
2030-02-09 02:00:00,0.0,80.84673171362033
2030-02-09 03:00:00,0.0,77.69002635386937
2030-02-09 04:00:00,0.0,75.05943855407689
2030-02-09 05:00:00,0.0,73.56877213419467
2030-02-09 06:00:00,0.0,73.30571335421531
2030-02-09 07:00:00,0.0,71.81504693433294
2030-02-09 08:00:00,0.0,65.238577434852
2030-02-09 09:00:00,0.0,58.8223870193392
2030-02-09 10:00:00,0.0,46.06462448681748
2030-02-09 11:00:00,0.0,38.669789509439845
2030-02-09 12:00:00,0.0,34.48601114865119
2030-02-09 13:00:00,0.0,34.73381191328019
2030-02-09 14:00:00,0.0,35.75788381277084
2030-02-09 15:00:00,0.0,39.372079735451614
2030-02-09 16:00:00,0.0,45.43309346158071
2030-02-09 17:00:00,0.0,51.20260362067086
2030-02-09 18:00:00,0.0,58.81311122676425
2030-02-09 19:00:00,0.0,80.52790841077534
2030-02-09 20:00:00,0.0,87.24782869311514
2030-02-09 21:00:00,0.0,95.50261320886376
2030-02-09 22:00:00,0.0,96.85648906315693
2030-02-09 23:00:00,0.0,95.5710084916584
2030-02-10 00:00:00,0.0,92.50286625450052
2030-02-10 01:00:00,0.0,87.16014243312202
2030-02-10 02:00:00,0.0,80.84673171362033
2030-02-10 03:00:00,0.0,77.69002635386937
2030-02-10 04:00:00,0.0,75.05943855407689
2030-02-10 05:00:00,0.0,73.56877213419467
2030-02-10 06:00:00,0.0,73.30571335421531
2030-02-10 07:00:00,0.0,71.81504693433294
2030-02-10 08:00:00,0.0,65.238577434852
2030-02-10 09:00:00,0.0,59.01387376383411
2030-02-10 10:00:00,0.0,48.72263871573762
2030-02-10 11:00:00,0.0,41.17710354891449
2030-02-10 12:00:00,0.0,37.29596274445316
2030-02-10 13:00:00,0.0,37.19684820399982
2030-02-10 14:00:00,0.0,37.63757746642716
2030-02-10 15:00:00,0.0,41.4317857802107
2030-02-10 16:00:00,0.0,47.56980669788982
2030-02-10 17:00:00,0.0,52.87522639401629
2030-02-10 18:00:00,0.0,59.76820334440413
2030-02-10 19:00:00,0.0,80.44827926303662
2030-02-10 20:00:00,0.0,87.5985737330875
2030-02-10 21:00:00,0.0,95.50261320886376
2030-02-10 22:00:00,0.0,96.85648906315693
2030-02-10 23:00:00,0.0,95.5710084916584
2030-02-11 00:00:00,0.0,92.50286625450052
2030-02-11 01:00:00,0.0,87.16014243312202
2030-02-11 02:00:00,0.0,80.84673171362033
2030-02-11 03:00:00,0.0,77.69002635386937
2030-02-11 04:00:00,0.0,75.05943855407689
2030-02-11 05:00:00,0.0,73.56877213419467
2030-02-11 06:00:00,0.0,73.30571335421531
2030-02-11 07:00:00,0.0,71.81504693433294
2030-02-11 08:00:00,0.0,65.238577434852
2030-02-11 09:00:00,0.0,61.348539071714754
2030-02-11 10:00:00,0.0,54.00837934490186
2030-02-11 11:00:00,0.0,47.45163832733351
2030-02-11 12:00:00,0.0,41.9395159946356
2030-02-11 13:00:00,0.0,41.721945172671674
2030-02-11 14:00:00,0.0,40.53854284805516
2030-02-11 15:00:00,0.0,43.924943497354654
2030-02-11 16:00:00,0.0,50.57962523270828
2030-02-11 17:00:00,0.0,56.00839294554021
2030-02-11 18:00:00,0.0,62.26934574033418
2030-02-11 19:00:00,0.0,81.91156289616424
2030-02-11 20:00:00,0.0,89.8924462945065
2030-02-11 21:00:00,0.0,96.10589467761609
2030-02-11 22:00:00,0.0,96.85648906315693
2030-02-11 23:00:00,0.0,95.5710084916584
2030-02-12 00:00:00,0.0,96.85648906315693
2030-02-12 01:00:00,0.0,90.06869567709259
2030-02-12 02:00:00,0.0,84.26649585335042
2030-02-12 03:00:00,0.0,81.02210423360644
2030-02-12 04:00:00,0.0,78.04077139384172
2030-02-12 05:00:00,0.0,76.55010497395939
2030-02-12 06:00:00,0.0,75.49786985404238
2030-02-12 07:00:00,0.0,74.00720343416003
2030-02-12 08:00:00,0.0,65.76469499481038
2030-02-12 09:00:00,0.0,61.230701075102495
2030-02-12 10:00:00,0.0,55.342189390711376
2030-02-12 11:00:00,0.0,49.80752932588189
2030-02-12 12:00:00,0.0,48.119294233264895
2030-02-12 13:00:00,0.0,46.82985317061457
2030-02-12 14:00:00,0.0,42.76167029942803
2030-02-12 15:00:00,0.0,53.140211550699405
2030-02-12 16:00:00,0.0,60.54147003569983
2030-02-12 17:00:00,0.0,63.98114660935437
2030-02-12 18:00:00,0.0,66.76922270411603
2030-02-12 19:00:00,0.0,84.06188508427475
2030-02-12 20:00:00,0.0,92.03812907653719
2030-02-12 21:00:00,0.0,100.39287592867788
2030-02-12 22:00:00,0.0,103.55747305182808
2030-02-12 23:00:00,0.0,102.15449289193884
2030-02-13 00:00:00,0.0,95.39563597167216
2030-02-13 01:00:00,0.0,88.70517433420012
2030-02-13 02:00:00,0.0,83.74037829339191
2030-02-13 03:00:00,0.0,81.72359431355108
2030-02-13 04:00:00,0.0,80.40830041365484
2030-02-13 05:00:00,0.0,77.42696757389011
2030-02-13 06:00:00,0.0,78.30383017382097
2030-02-13 07:00:00,0.0,76.81316375393862
2030-02-13 08:00:00,0.0,69.00908661455446
2030-02-13 09:00:00,0.0,64.36600404795468
2030-02-13 10:00:00,0.0,60.81993473616478
2030-02-13 11:00:00,0.0,54.59908837585282
2030-02-13 12:00:00,0.0,50.66287255161308
2030-02-13 13:00:00,0.0,40.35832253906698
2030-02-13 14:00:00,0.0,38.790502845418246
2030-02-13 15:00:00,0.0,49.574171918974336
2030-02-13 16:00:00,0.0,51.292339321066265
2030-02-13 17:00:00,0.0,55.04678882025212
2030-02-13 18:00:00,0.0,61.823283761684365
2030-02-13 19:00:00,0.0,86.55239654528441
2030-02-13 20:00:00,0.0,96.13395428081388
2030-02-13 21:00:00,0.0,102.4403500995163
2030-02-13 22:00:00,0.0,105.6680813298616
2030-02-13 23:00:00,0.0,104.92976302071986
2030-02-14 00:00:00,0.0,93.76116408540122
2030-02-14 01:00:00,0.0,87.88004662766525
2030-02-14 02:00:00,0.0,80.84673171362033
2030-02-14 03:00:00,0.0,77.69002635386937
2030-02-14 04:00:00,0.0,75.05943855407689
2030-02-14 05:00:00,0.0,73.56877213419467
2030-02-14 06:00:00,0.0,73.30571335421531
2030-02-14 07:00:00,0.0,71.81504693433294
2030-02-14 08:00:00,0.0,65.238577434852
2030-02-14 09:00:00,0.0,61.49583656748007
2030-02-14 10:00:00,0.0,52.550884564121695
2030-02-14 11:00:00,0.0,49.69992577084645
2030-02-14 12:00:00,0.0,47.34465488011574
2030-02-14 13:00:00,0.0,50.284140683625424
2030-02-14 14:00:00,0.0,50.73741750518889
2030-02-14 15:00:00,0.0,52.284071824739605
2030-02-14 16:00:00,0.0,56.40616497173653
2030-02-14 17:00:00,0.0,58.81025286541478
2030-02-14 18:00:00,0.0,60.61835872084964
2030-02-14 19:00:00,0.0,81.78037962490771
2030-02-14 20:00:00,0.0,90.25020623527824
2030-02-14 21:00:00,0.0,95.50261320886376
2030-02-14 22:00:00,0.0,96.85648906315693
2030-02-14 23:00:00,0.0,95.5710084916584
2030-02-15 00:00:00,0.0,92.50286625450052
2030-02-15 01:00:00,0.0,87.16014243312202
2030-02-15 02:00:00,0.0,80.84673171362033
2030-02-15 03:00:00,0.0,77.69002635386937
2030-02-15 04:00:00,0.0,75.05943855407689
2030-02-15 05:00:00,0.0,73.56877213419467
2030-02-15 06:00:00,0.0,73.30571335421531
2030-02-15 07:00:00,0.0,71.81504693433294
2030-02-15 08:00:00,0.0,65.238577434852
2030-02-15 09:00:00,0.0,59.62515837126033
2030-02-15 10:00:00,0.0,51.221805927652895
2030-02-15 11:00:00,0.0,42.53157675976502
2030-02-15 12:00:00,0.0,36.71272254723317
2030-02-15 13:00:00,0.0,36.75999231883543
2030-02-15 14:00:00,0.0,37.435130998315564
2030-02-15 15:00:00,0.0,41.54053497445841
2030-02-15 16:00:00,0.0,48.098692903892925
2030-02-15 17:00:00,0.0,53.59325743585964
2030-02-15 18:00:00,0.0,59.028003117988526
2030-02-15 19:00:00,0.0,81.3037394760687
2030-02-15 20:00:00,0.0,87.71958077187787
2030-02-15 21:00:00,0.0,95.50261320886376
2030-02-15 22:00:00,0.0,96.85648906315693
2030-02-15 23:00:00,0.0,95.5710084916584
2030-02-16 00:00:00,0.0,92.50286625450052
2030-02-16 01:00:00,0.0,87.16014243312202
2030-02-16 02:00:00,0.0,80.84673171362033
2030-02-16 03:00:00,0.0,77.69002635386937
2030-02-16 04:00:00,0.0,75.05943855407689
2030-02-16 05:00:00,0.0,73.56877213419467
2030-02-16 06:00:00,0.0,73.30571335421531
2030-02-16 07:00:00,0.0,71.81504693433294
2030-02-16 08:00:00,0.0,65.238577434852
2030-02-16 09:00:00,0.0,59.32319850494138
2030-02-16 10:00:00,0.0,48.92894310219469
2030-02-16 11:00:00,0.0,40.8055741031219
2030-02-16 12:00:00,0.0,37.260551332719615
2030-02-16 13:00:00,0.0,37.44134658805308
2030-02-16 14:00:00,0.0,38.701757319499166
2030-02-16 15:00:00,0.0,42.38509486898408
2030-02-16 16:00:00,0.0,48.292845854589125
2030-02-16 17:00:00,0.0,54.84005800022487
2030-02-16 18:00:00,0.0,62.467622717092006
2030-02-16 19:00:00,0.0,84.3218966897748
2030-02-16 20:00:00,0.0,89.88630825630696
2030-02-16 21:00:00,0.0,95.50261320886376
2030-02-16 22:00:00,0.0,96.85648906315693
2030-02-16 23:00:00,0.0,95.5710084916584
2030-02-17 00:00:00,0.0,92.50286625450052
2030-02-17 01:00:00,0.0,87.16014243312202
2030-02-17 02:00:00,0.0,80.84673171362033
2030-02-17 03:00:00,0.0,77.69002635386937
2030-02-17 04:00:00,0.0,75.05943855407689
2030-02-17 05:00:00,0.0,73.56877213419467
2030-02-17 06:00:00,0.0,73.30571335421531
2030-02-17 07:00:00,0.0,71.81504693433294
2030-02-17 08:00:00,0.0,65.238577434852
2030-02-17 09:00:00,0.0,59.669347619989935
2030-02-17 10:00:00,0.0,49.92765043367854
2030-02-17 11:00:00,0.0,42.215005954089754
2030-02-17 12:00:00,0.0,38.32789990486981
2030-02-17 13:00:00,0.0,39.29371746770448
2030-02-17 14:00:00,0.0,39.491287963358324
2030-02-17 15:00:00,0.0,43.152397834620494
2030-02-17 16:00:00,0.0,49.16048811739688
2030-02-17 17:00:00,0.0,54.77510010841229
2030-02-17 18:00:00,0.0,62.72779495226598
2030-02-17 19:00:00,0.0,84.88117353493136
2030-02-17 20:00:00,0.0,91.469922111782
2030-02-17 21:00:00,0.0,96.53906480198202
2030-02-17 22:00:00,0.0,96.85648906315693
2030-02-17 23:00:00,0.0,95.5710084916584
2030-02-18 00:00:00,0.0,92.50286625450052
2030-02-18 01:00:00,0.0,87.16014243312202
2030-02-18 02:00:00,0.0,80.84673171362033
2030-02-18 03:00:00,0.0,77.69002635386937
2030-02-18 04:00:00,0.0,75.05943855407689
2030-02-18 05:00:00,0.0,73.56877213419467
2030-02-18 06:00:00,0.0,73.30571335421531
2030-02-18 07:00:00,0.0,71.81504693433294
2030-02-18 08:00:00,0.0,65.238577434852
2030-02-18 09:00:00,0.0,60.47211897191096
2030-02-18 10:00:00,0.0,53.29245593329142
2030-02-18 11:00:00,0.0,45.59588021291927
2030-02-18 12:00:00,0.0,40.26826254112506
2030-02-18 13:00:00,0.0,40.532325435398434
2030-02-18 14:00:00,0.0,40.540574702801
2030-02-18 15:00:00,0.0,42.38102933657296
2030-02-18 16:00:00,0.0,49.827641814271146
2030-02-18 17:00:00,0.0,54.40927162258163
2030-02-18 18:00:00,0.0,62.64545534831325
2030-02-18 19:00:00,0.0,84.9060371091607
2030-02-18 20:00:00,0.0,90.20899369308154
2030-02-18 21:00:00,0.0,95.50261320886376
2030-02-18 22:00:00,0.0,96.85648906315693
2030-02-18 23:00:00,0.0,95.5710084916584
2030-02-19 00:00:00,0.0,96.85648906315693
2030-02-19 01:00:00,0.0,90.06869567709259
2030-02-19 02:00:00,0.0,84.26649585335042
2030-02-19 03:00:00,0.0,81.02210423360644
2030-02-19 04:00:00,0.0,78.04077139384172
2030-02-19 05:00:00,0.0,76.55010497395939
2030-02-19 06:00:00,0.0,75.49786985404238
2030-02-19 07:00:00,0.0,74.00720343416003
2030-02-19 08:00:00,0.0,65.76469499481038
2030-02-19 09:00:00,0.0,59.92711823757918
2030-02-19 10:00:00,0.0,52.40334006539615
2030-02-19 11:00:00,0.0,45.62363428161211
2030-02-19 12:00:00,0.0,41.8870805167021
2030-02-19 13:00:00,0.0,40.792749534650625
2030-02-19 14:00:00,0.0,36.346174855760175
2030-02-19 15:00:00,0.0,44.01099584889631
2030-02-19 16:00:00,0.0,52.31601479336177
2030-02-19 17:00:00,0.0,57.20377183260587
2030-02-19 18:00:00,0.0,65.42211771007237
2030-02-19 19:00:00,0.0,87.79775690436598
2030-02-19 20:00:00,0.0,93.72696644400388
2030-02-19 21:00:00,0.0,101.7984866763669
2030-02-19 22:00:00,0.0,103.55747305182808
2030-02-19 23:00:00,0.0,102.15449289193884
2030-02-20 00:00:00,0.0,95.39563597167216
2030-02-20 01:00:00,0.0,88.70517433420012
2030-02-20 02:00:00,0.0,83.74037829339191
2030-02-20 03:00:00,0.0,81.72359431355108
2030-02-20 04:00:00,0.0,80.40830041365484
2030-02-20 05:00:00,0.0,77.42696757389011
2030-02-20 06:00:00,0.0,78.30383017382097
2030-02-20 07:00:00,0.0,76.81316375393862
2030-02-20 08:00:00,0.0,69.00908661455446
2030-02-20 09:00:00,0.0,64.13032805473017
2030-02-20 10:00:00,0.0,61.174218258054
2030-02-20 11:00:00,0.0,50.28007818941308
2030-02-20 12:00:00,0.0,44.723339870595616
2030-02-20 13:00:00,0.0,40.96633872195048
2030-02-20 14:00:00,0.0,35.376351469444444
2030-02-20 15:00:00,0.0,43.45267802337594
2030-02-20 16:00:00,0.0,48.04114352924148
2030-02-20 17:00:00,0.0,51.85655964421653
2030-02-20 18:00:00,0.0,59.884169204484806
2030-02-20 19:00:00,0.0,82.74171703484012
2030-02-20 20:00:00,0.0,89.77319298091582
2030-02-20 21:00:00,0.0,98.22877903204858
2030-02-20 22:00:00,0.0,103.27950760765007
2030-02-20 23:00:00,0.0,103.4504958146366
2030-02-21 00:00:00,0.0,92.50286625450052
2030-02-21 01:00:00,0.0,87.16014243312202
2030-02-21 02:00:00,0.0,80.84673171362033
2030-02-21 03:00:00,0.0,77.69002635386937
2030-02-21 04:00:00,0.0,75.05943855407689
2030-02-21 05:00:00,0.0,73.56877213419467
2030-02-21 06:00:00,0.0,73.30571335421531
2030-02-21 07:00:00,0.0,71.81504693433294
2030-02-21 08:00:00,0.0,65.238577434852
2030-02-21 09:00:00,0.0,60.26590247783952
2030-02-21 10:00:00,0.0,49.97783341444233
2030-02-21 11:00:00,0.0,41.945730065273665
2030-02-21 12:00:00,0.0,42.36181700353518
2030-02-21 13:00:00,0.0,43.51263991723124
2030-02-21 14:00:00,0.0,39.48607162679707
2030-02-21 15:00:00,0.0,44.37615845779725
2030-02-21 16:00:00,0.0,51.37887477690913
2030-02-21 17:00:00,0.0,56.32300402611804
2030-02-21 18:00:00,0.0,61.900939244507754
2030-02-21 19:00:00,0.0,85.10510419562377
2030-02-21 20:00:00,0.0,92.16088984052749
2030-02-21 21:00:00,0.0,95.91298490563145
2030-02-21 22:00:00,0.0,96.85648906315693
2030-02-21 23:00:00,0.0,95.5710084916584
2030-02-22 00:00:00,0.0,92.50286625450052
2030-02-22 01:00:00,0.0,87.16014243312202
2030-02-22 02:00:00,0.0,80.84673171362033
2030-02-22 03:00:00,0.0,77.69002635386937
2030-02-22 04:00:00,0.0,75.05943855407689
2030-02-22 05:00:00,0.0,73.56877213419467
2030-02-22 06:00:00,0.0,73.30571335421531
2030-02-22 07:00:00,0.0,71.81504693433294
2030-02-22 08:00:00,0.0,65.238577434852
2030-02-22 09:00:00,0.0,60.442659472757896
2030-02-22 10:00:00,0.0,53.897746201043674
2030-02-22 11:00:00,0.0,45.8345770200865
2030-02-22 12:00:00,0.0,42.323476619902976
2030-02-22 13:00:00,0.0,39.70011034706146
2030-02-22 14:00:00,0.0,40.51266365027277
2030-02-22 15:00:00,0.0,43.76976649702556
2030-02-22 16:00:00,0.0,50.102397109165736
2030-02-22 17:00:00,0.0,55.56452679332881
2030-02-22 18:00:00,0.0,63.57703896792088
2030-02-22 19:00:00,0.0,86.96876020767523
2030-02-22 20:00:00,0.0,93.38762061783063
2030-02-22 21:00:00,0.0,98.74086679040829
2030-02-22 22:00:00,0.0,96.85648906315693
2030-02-22 23:00:00,0.0,95.5710084916584
2030-02-23 00:00:00,0.0,92.50286625450052
2030-02-23 01:00:00,0.0,87.16014243312202
2030-02-23 02:00:00,0.0,80.84673171362033
2030-02-23 03:00:00,0.0,77.69002635386937
2030-02-23 04:00:00,0.0,75.05943855407689
2030-02-23 05:00:00,0.0,73.56877213419467
2030-02-23 06:00:00,0.0,73.30571335421531
2030-02-23 07:00:00,0.0,71.81504693433294
2030-02-23 08:00:00,0.0,65.238577434852
2030-02-23 09:00:00,0.0,59.33792825451792
2030-02-23 10:00:00,0.0,51.35452188279714
2030-02-23 11:00:00,0.0,42.865192255495344
2030-02-23 12:00:00,0.0,38.85146915738756
2030-02-23 13:00:00,0.0,40.054170492148046
2030-02-23 14:00:00,0.0,38.08284294484827
2030-02-23 15:00:00,0.0,41.698836140033215
2030-02-23 16:00:00,0.0,49.504029216074734
2030-02-23 17:00:00,0.0,56.40800983627207
2030-02-23 18:00:00,0.0,61.57340719611648
2030-02-23 19:00:00,0.0,83.24643220789994
2030-02-23 20:00:00,0.0,90.81402888703373
2030-02-23 21:00:00,0.0,97.05202942294147
2030-02-23 22:00:00,0.0,97.22564821772778
2030-02-23 23:00:00,0.0,95.79197786684097
2030-02-24 00:00:00,0.0,92.80626071407653
2030-02-24 01:00:00,0.0,87.24782869311514
2030-02-24 02:00:00,0.0,80.84673171362033
2030-02-24 03:00:00,0.0,77.69002635386937
2030-02-24 04:00:00,0.0,75.05943855407689
2030-02-24 05:00:00,0.0,73.56877213419467
2030-02-24 06:00:00,0.0,73.30571335421531
2030-02-24 07:00:00,0.0,71.81504693433294
2030-02-24 08:00:00,0.0,65.238577434852
2030-02-24 09:00:00,0.0,59.78718561660219
2030-02-24 10:00:00,0.0,49.54953715440911
2030-02-24 11:00:00,0.0,40.80894709424705
2030-02-24 12:00:00,0.0,38.24212760086209
2030-02-24 13:00:00,0.0,38.899503903744176
2030-02-24 14:00:00,0.0,38.05177711305964
2030-02-24 15:00:00,0.0,43.319447134636334
2030-02-24 16:00:00,0.0,50.36595475618333
2030-02-24 17:00:00,0.0,55.99033293575189
2030-02-24 18:00:00,0.0,62.64638247184097
2030-02-24 19:00:00,0.0,85.66297728956931
2030-02-24 20:00:00,0.0,91.93641301494515
2030-02-24 21:00:00,0.0,97.273875660724
2030-02-24 22:00:00,0.0,96.85648906315693
2030-02-24 23:00:00,0.0,95.5710084916584
2030-02-25 00:00:00,0.0,92.50286625450052
2030-02-25 01:00:00,0.0,87.16014243312202
2030-02-25 02:00:00,0.0,80.84673171362033
2030-02-25 03:00:00,0.0,77.69002635386937
2030-02-25 04:00:00,0.0,75.05943855407689
2030-02-25 05:00:00,0.0,73.56877213419467
2030-02-25 06:00:00,0.0,73.30571335421531
2030-02-25 07:00:00,0.0,71.81504693433294
2030-02-25 08:00:00,0.0,65.238577434852
2030-02-25 09:00:00,0.0,60.229078103898125
2030-02-25 10:00:00,0.0,48.53406700332346
2030-02-25 11:00:00,0.0,41.30625131958664
2030-02-25 12:00:00,0.0,37.181731409748075
2030-02-25 13:00:00,0.0,37.97320753506688
2030-02-25 14:00:00,0.0,39.78185954575156
2030-02-25 15:00:00,0.0,43.82327700362214
2030-02-25 16:00:00,0.0,50.2407509733232
2030-02-25 17:00:00,0.0,53.2270006935397
2030-02-25 18:00:00,0.0,60.566230258626206
2030-02-25 19:00:00,0.0,83.30535120620608
2030-02-25 20:00:00,0.0,91.29104214139613
2030-02-25 21:00:00,0.0,96.64779576437343
2030-02-25 22:00:00,0.0,96.85648906315693
2030-02-25 23:00:00,0.0,95.5710084916584
2030-02-26 00:00:00,0.0,96.85648906315693
2030-02-26 01:00:00,0.0,90.06869567709259
2030-02-26 02:00:00,0.0,84.26649585335042
2030-02-26 03:00:00,0.0,81.02210423360644
2030-02-26 04:00:00,0.0,78.04077139384172
2030-02-26 05:00:00,0.0,76.55010497395939
2030-02-26 06:00:00,0.0,75.49786985404238
2030-02-26 07:00:00,0.0,74.00720343416003
2030-02-26 08:00:00,0.0,65.76469499481038
2030-02-26 09:00:00,0.0,60.796173462594766
2030-02-26 10:00:00,0.0,59.21404076659974
2030-02-26 11:00:00,0.0,49.736138543926586
2030-02-26 12:00:00,0.0,46.915849155244814
2030-02-26 13:00:00,0.0,46.24461568232164
2030-02-26 14:00:00,0.0,41.82775115138293
2030-02-26 15:00:00,0.0,49.266602630917646
2030-02-26 16:00:00,0.0,56.0983508074587
2030-02-26 17:00:00,0.0,61.9877017229918
2030-02-26 18:00:00,0.0,68.21106486527015
2030-02-26 19:00:00,0.0,88.77514728185758
2030-02-26 20:00:00,0.0,97.02396981974368
2030-02-26 21:00:00,0.0,103.93540083239829
2030-02-26 22:00:00,0.0,103.55747305182808
2030-02-26 23:00:00,0.0,102.15449289193884
2030-02-27 00:00:00,0.0,95.39563597167216
2030-02-27 01:00:00,0.0,88.70517433420012
2030-02-27 02:00:00,0.0,83.74037829339191
2030-02-27 03:00:00,0.0,81.72359431355108
2030-02-27 04:00:00,0.0,80.40830041365484
2030-02-27 05:00:00,0.0,77.42696757389011
2030-02-27 06:00:00,0.0,78.30383017382097
2030-02-27 07:00:00,0.0,76.81316375393862
2030-02-27 08:00:00,0.0,69.00908661455446
2030-02-27 09:00:00,0.0,62.583704349194136
2030-02-27 10:00:00,0.0,62.30801224443212
2030-02-27 11:00:00,0.0,51.637750125716714
2030-02-27 12:00:00,0.0,47.61658820025298
2030-02-27 13:00:00,0.0,43.71715189230213
2030-02-27 14:00:00,0.0,41.08811132385495
2030-02-27 15:00:00,0.0,49.620544573423786
2030-02-27 16:00:00,0.0,54.348426551391526
2030-02-27 17:00:00,0.0,56.728133367502096
2030-02-27 18:00:00,0.0,63.49424322784319
2030-02-27 19:00:00,0.0,88.23307313573378
2030-02-27 20:00:00,0.0,93.19471084584586
2030-02-27 21:00:00,0.0,101.0619220924251
2030-02-27 22:00:00,0.0,103.27950760765007
2030-02-27 23:00:00,0.0,103.4504958146366
2030-02-28 00:00:00,0.0,92.50286625450052
2030-02-28 01:00:00,0.0,87.16014243312202
2030-02-28 02:00:00,0.0,80.84673171362033
2030-02-28 03:00:00,0.0,77.69002635386937
2030-02-28 04:00:00,0.0,75.05943855407689
2030-02-28 05:00:00,0.0,73.56877213419467
2030-02-28 06:00:00,0.0,73.30571335421531
2030-02-28 07:00:00,0.0,71.81504693433294
2030-02-28 08:00:00,0.0,65.1862868238552
2030-02-28 09:00:00,0.0,58.844481643703936
2030-02-28 10:00:00,0.0,51.4550378761993
2030-02-28 11:00:00,0.0,42.707451488808154
2030-02-28 12:00:00,0.0,40.28999135230947
2030-02-28 13:00:00,0.0,40.00319070733576
2030-02-28 14:00:00,0.0,38.827741536030885
2030-02-28 15:00:00,0.0,41.9922382041401
2030-02-28 16:00:00,0.0,47.303050629238896
2030-02-28 17:00:00,0.0,54.60363097206391
2030-02-28 18:00:00,0.0,61.785281919236574
2030-02-28 19:00:00,0.0,85.59529737577543
2030-02-28 20:00:00,0.0,92.20560983312397
2030-02-28 21:00:00,0.0,97.69038539569112
2030-02-28 22:00:00,0.0,96.85648906315693
2030-02-28 23:00:00,0.0,95.5710084916584
2030-03-01 00:00:00,0.0,96.80826162016068
2030-03-01 01:00:00,0.0,90.32210896847255
2030-03-01 02:00:00,0.0,85.66947601323977
2030-03-01 03:00:00,0.0,81.98665309353032
2030-03-01 04:00:00,0.0,80.67135919363409
2030-03-01 05:00:00,0.0,78.65457521379324
2030-03-01 06:00:00,0.0,78.74226147378636
2030-03-01 07:00:00,0.0,74.88406603409078
2030-03-01 08:00:00,0.0,68.73580550989698
2030-03-01 09:00:00,0.0,64.79839797351292
2030-03-01 10:00:00,0.0,54.637005364113755
2030-03-01 11:00:00,0.0,47.29521203266916
2030-03-01 12:00:00,0.0,45.48631271520434
2030-03-01 13:00:00,0.0,43.87296445936613
2030-03-01 14:00:00,0.0,43.03051067597402
2030-03-01 15:00:00,0.0,50.231579747330784
2030-03-01 16:00:00,0.0,55.57528346017807
2030-03-01 17:00:00,0.0,59.511351379282246
2030-03-01 18:00:00,0.0,65.7945900421297
2030-03-01 19:00:00,0.0,86.07740645688239
2030-03-01 20:00:00,0.0,95.93929078362929
2030-03-01 21:00:00,0.0,102.22201131213352
2030-03-01 22:00:00,0.0,106.68085763278168
2030-03-01 23:00:00,0.0,106.0407479348322
2030-03-02 00:00:00,0.0,96.80826162016068
2030-03-02 01:00:00,0.0,90.32210896847255
2030-03-02 02:00:00,0.0,85.66947601323977
2030-03-02 03:00:00,0.0,81.98665309353032
2030-03-02 04:00:00,0.0,80.67135919363409
2030-03-02 05:00:00,0.0,78.65457521379324
2030-03-02 06:00:00,0.0,78.74226147378636
2030-03-02 07:00:00,0.0,74.88406603409078
2030-03-02 08:00:00,0.0,68.4110145317344
2030-03-02 09:00:00,0.0,65.0635334658906
2030-03-02 10:00:00,0.0,55.73048347902511
2030-03-02 11:00:00,0.0,48.77779133392232
2030-03-02 12:00:00,0.0,49.93525779002516
2030-03-02 13:00:00,0.0,50.76818148620521
2030-03-02 14:00:00,0.0,48.07667283973558
2030-03-02 15:00:00,0.0,56.45949486834013
2030-03-02 16:00:00,0.0,61.271734365188536
2030-03-02 17:00:00,0.0,65.6351714207982
2030-03-02 18:00:00,0.0,69.38698472015767
2030-03-02 19:00:00,0.0,87.91422199181329
2030-03-02 20:00:00,0.0,98.22351785644899
2030-03-02 21:00:00,0.0,103.51889109743117
2030-03-02 22:00:00,0.0,106.68085763278168
2030-03-02 23:00:00,0.0,106.0407479348322
2030-03-03 00:00:00,0.0,96.80826162016068
2030-03-03 01:00:00,0.0,90.32210896847255
2030-03-03 02:00:00,0.0,85.66947601323977
2030-03-03 03:00:00,0.0,81.98665309353032
2030-03-03 04:00:00,0.0,80.67135919363409
2030-03-03 05:00:00,0.0,78.65457521379324
2030-03-03 06:00:00,0.0,78.74226147378636
2030-03-03 07:00:00,0.0,74.88406603409078
2030-03-03 08:00:00,0.0,68.32852793410585
2030-03-03 09:00:00,0.0,65.23292558602066
2030-03-03 10:00:00,0.0,55.073256904197706
2030-03-03 11:00:00,0.0,48.42386515415319
2030-03-03 12:00:00,0.0,47.92341009921165
2030-03-03 13:00:00,0.0,47.28375678403279
2030-03-03 14:00:00,0.0,45.50625849752237
2030-03-03 15:00:00,0.0,50.826248832650776
2030-03-03 16:00:00,0.0,57.7088579837839
2030-03-03 17:00:00,0.0,61.69359317778095
2030-03-03 18:00:00,0.0,66.18386762088244
2030-03-03 19:00:00,0.0,86.62859920299422
2030-03-03 20:00:00,0.0,96.38386012179421
2030-03-03 21:00:00,0.0,103.0681837210667
2030-03-03 22:00:00,0.0,106.68085763278168
2030-03-03 23:00:00,0.0,106.0407479348322
2030-03-04 00:00:00,0.0,96.80826162016068
2030-03-04 01:00:00,0.0,90.32210896847255
2030-03-04 02:00:00,0.0,85.66947601323977
2030-03-04 03:00:00,0.0,81.98665309353032
2030-03-04 04:00:00,0.0,80.67135919363409
2030-03-04 05:00:00,0.0,78.65457521379324
2030-03-04 06:00:00,0.0,78.74226147378636
2030-03-04 07:00:00,0.0,74.88406603409078
2030-03-04 08:00:00,0.0,68.30790628469867
2030-03-04 09:00:00,0.0,64.48907323240576
2030-03-04 10:00:00,0.0,57.495713038653776
2030-03-04 11:00:00,0.0,50.09603179137354
2030-03-04 12:00:00,0.0,47.80800281509937
2030-03-04 13:00:00,0.0,46.42759069753652
2030-03-04 14:00:00,0.0,43.66864798146207
2030-03-04 15:00:00,0.0,50.472396605449376
2030-03-04 16:00:00,0.0,55.52850195781491
2030-03-04 17:00:00,0.0,59.39570799382898
2030-03-04 18:00:00,0.0,66.07915425649071
2030-03-04 19:00:00,0.0,86.71138582714387
2030-03-04 20:00:00,0.0,96.25846877000413
2030-03-04 21:00:00,0.0,102.31846619812586
2030-03-04 22:00:00,0.0,106.68085763278168
2030-03-04 23:00:00,0.0,106.0407479348322
2030-03-05 00:00:00,0.0,104.28789959757044
2030-03-05 01:00:00,0.0,97.55797914310152
2030-03-05 02:00:00,0.0,92.1328302373297
2030-03-05 03:00:00,0.0,89.3382691313502
2030-03-05 04:00:00,0.0,85.23104471327427
2030-03-05 05:00:00,0.0,83.74037829339191
2030-03-05 06:00:00,0.0,82.77582943346806
2030-03-05 07:00:00,0.0,78.39151643381399
2030-03-05 08:00:00,0.0,69.39774651604853
2030-03-05 09:00:00,0.0,62.98160035054843
2030-03-05 10:00:00,0.0,52.211544786091736
2030-03-05 11:00:00,0.0,44.72874350118718
2030-03-05 12:00:00,0.0,41.960480134885415
2030-03-05 13:00:00,0.0,40.963940142564525
2030-03-05 14:00:00,0.0,39.026284620504725
2030-03-05 15:00:00,0.0,44.4306324745138
2030-03-05 16:00:00,0.0,49.85736802877989
2030-03-05 17:00:00,0.0,55.58914063021905
2030-03-05 18:00:00,0.0,63.26397329576912
2030-03-05 19:00:00,0.0,87.0465319654512
2030-03-05 20:00:00,0.0,94.81164548011827
2030-03-05 21:00:00,0.0,99.20209651797187
2030-03-05 22:00:00,0.0,104.13970981818215
2030-03-05 23:00:00,0.0,102.50085361891148
2030-03-06 00:00:00,0.0,96.23830093020568
2030-03-06 01:00:00,0.0,90.68688381004382
2030-03-06 02:00:00,0.0,87.33551495310826
2030-03-06 03:00:00,0.0,84.7049271533158
2030-03-06 04:00:00,0.0,81.8989668335372
2030-03-06 05:00:00,0.0,80.84673171362033
2030-03-06 06:00:00,0.0,80.14524163367558
2030-03-06 07:00:00,0.0,76.81316375393862
2030-03-06 08:00:00,0.0,67.23730322782376
2030-03-06 09:00:00,0.0,60.98720589388381
2030-03-06 10:00:00,0.0,48.35292260900633
2030-03-06 11:00:00,0.0,42.24062238617478
2030-03-06 12:00:00,0.0,39.74315091837991
2030-03-06 13:00:00,0.0,41.05112601641986
2030-03-06 14:00:00,0.0,38.18098823850028
2030-03-06 15:00:00,0.0,45.40751037788914
2030-03-06 16:00:00,0.0,52.05429714976162
2030-03-06 17:00:00,0.0,57.25357414891164
2030-03-06 18:00:00,0.0,65.22040955235889
2030-03-06 19:00:00,0.0,89.66993951558925
2030-03-06 20:00:00,0.0,98.57513975902134
2030-03-06 21:00:00,0.0,102.70867005509513
2030-03-06 22:00:00,0.0,105.90921854484257
2030-03-06 23:00:00,0.0,106.24505692061608
2030-03-07 00:00:00,0.0,96.80826162016068
2030-03-07 01:00:00,0.0,90.32210896847255
2030-03-07 02:00:00,0.0,85.66947601323977
2030-03-07 03:00:00,0.0,81.98665309353032
2030-03-07 04:00:00,0.0,80.67135919363409
2030-03-07 05:00:00,0.0,78.65457521379324
2030-03-07 06:00:00,0.0,78.74226147378636
2030-03-07 07:00:00,0.0,74.88406603409078
2030-03-07 08:00:00,0.0,68.17754800094633
2030-03-07 09:00:00,0.0,63.657873463801934
2030-03-07 10:00:00,0.0,57.50543558483389
2030-03-07 11:00:00,0.0,51.77906965218506
2030-03-07 12:00:00,0.0,50.74743012495866
2030-03-07 13:00:00,0.0,50.03040198213
2030-03-07 14:00:00,0.0,48.891997827190266
2030-03-07 15:00:00,0.0,55.56169087875367
2030-03-07 16:00:00,0.0,60.74120213383526
2030-03-07 17:00:00,0.0,64.49067322072017
2030-03-07 18:00:00,0.0,71.18936477419356
2030-03-07 19:00:00,0.0,90.029103207572
2030-03-07 20:00:00,0.0,99.41605099235493
2030-03-07 21:00:00,0.0,104.52728308735163
2030-03-07 22:00:00,0.0,106.68085763278168
2030-03-07 23:00:00,0.0,106.0407479348322
2030-03-08 00:00:00,0.0,96.80826162016068
2030-03-08 01:00:00,0.0,90.32210896847255
2030-03-08 02:00:00,0.0,85.66947601323977
2030-03-08 03:00:00,0.0,81.98665309353032
2030-03-08 04:00:00,0.0,80.67135919363409
2030-03-08 05:00:00,0.0,78.65457521379324
2030-03-08 06:00:00,0.0,78.74226147378636
2030-03-08 07:00:00,0.0,74.88406603409078
2030-03-08 08:00:00,0.0,68.13335875221674
2030-03-08 09:00:00,0.0,63.367844694639984
2030-03-08 10:00:00,0.0,55.930073408706335
2030-03-08 11:00:00,0.0,52.63229130786533
2030-03-08 12:00:00,0.0,51.60455516427669
2030-03-08 13:00:00,0.0,50.96784840665293
2030-03-08 14:00:00,0.0,48.95719212416384
2030-03-08 15:00:00,0.0,55.696969384976335
2030-03-08 16:00:00,0.0,60.70287569002096
2030-03-08 17:00:00,0.0,64.87939191968462
2030-03-08 18:00:00,0.0,71.77911515614255
2030-03-08 19:00:00,0.0,88.27574725797795
2030-03-08 20:00:00,0.0,99.01006360858696
2030-03-08 21:00:00,0.0,103.98187455019468
2030-03-08 22:00:00,0.0,106.68085763278168
2030-03-08 23:00:00,0.0,106.0407479348322
2030-03-09 00:00:00,0.0,96.80826162016068
2030-03-09 01:00:00,0.0,90.32210896847255
2030-03-09 02:00:00,0.0,85.66947601323977
2030-03-09 03:00:00,0.0,81.98665309353032
2030-03-09 04:00:00,0.0,80.67135919363409
2030-03-09 05:00:00,0.0,78.65457521379324
2030-03-09 06:00:00,0.0,78.74226147378636
2030-03-09 07:00:00,0.0,74.88406603409078
2030-03-09 08:00:00,0.0,68.10389925306367
2030-03-09 09:00:00,0.0,63.23255194477952
2030-03-09 10:00:00,0.0,57.350478923108646
2030-03-09 11:00:00,0.0,55.795904798639754
2030-03-09 12:00:00,0.0,54.692000998462845
2030-03-09 13:00:00,0.0,53.768108070289486
2030-03-09 14:00:00,0.0,51.40007836051859
2030-03-09 15:00:00,0.0,58.56766879634313
2030-03-09 16:00:00,0.0,63.50638974331366
2030-03-09 17:00:00,0.0,68.93583300977491
2030-03-09 18:00:00,0.0,73.63133813065849
2030-03-09 19:00:00,0.0,88.8343010236224
2030-03-09 20:00:00,0.0,100.4340884708746
2030-03-09 21:00:00,0.0,105.96095343823843
2030-03-09 22:00:00,0.0,108.01368878467656
2030-03-09 23:00:00,0.0,106.67384273198216
2030-03-10 00:00:00,0.0,96.80826162016068
2030-03-10 01:00:00,0.0,90.32210896847255
2030-03-10 02:00:00,0.0,85.66947601323977
2030-03-10 03:00:00,0.0,81.98665309353032
2030-03-10 04:00:00,0.0,80.67135919363409
2030-03-10 05:00:00,0.0,78.65457521379324
2030-03-10 06:00:00,0.0,78.74226147378636
2030-03-10 07:00:00,0.0,74.88406603409078
2030-03-10 08:00:00,0.0,68.99549160257105
2030-03-10 09:00:00,0.0,65.11438171594432
2030-03-10 10:00:00,0.0,64.78096475557948
2030-03-10 11:00:00,0.0,58.618067539132646
2030-03-10 12:00:00,0.0,56.51183307136807
2030-03-10 13:00:00,0.0,55.485082241137775
2030-03-10 14:00:00,0.0,55.61194963500441
2030-03-10 15:00:00,0.0,62.25879523260141
2030-03-10 16:00:00,0.0,67.36561074852159
2030-03-10 17:00:00,0.0,68.31530980511502
2030-03-10 18:00:00,0.0,74.9884496680745
2030-03-10 19:00:00,0.0,94.65560719942924
2030-03-10 20:00:00,0.0,103.84596084720532
2030-03-10 21:00:00,0.0,109.15273330198659
2030-03-10 22:00:00,0.0,109.5508289223552
2030-03-10 23:00:00,0.0,108.3319899084514
2030-03-11 00:00:00,0.0,97.58954619669908
2030-03-11 01:00:00,0.0,90.50449638925818
2030-03-11 02:00:00,0.0,85.66947601323977
2030-03-11 03:00:00,0.0,81.98665309353032
2030-03-11 04:00:00,0.0,80.67135919363409
2030-03-11 05:00:00,0.0,78.65457521379324
2030-03-11 06:00:00,0.0,78.74226147378636
2030-03-11 07:00:00,0.0,74.88406603409078
2030-03-11 08:00:00,0.0,68.05971000433408
2030-03-11 09:00:00,0.0,63.08775850644224
2030-03-11 10:00:00,0.0,60.44112135600881
2030-03-11 11:00:00,0.0,54.12488744647021
2030-03-11 12:00:00,0.0,53.66770845654855
2030-03-11 13:00:00,0.0,53.6920437650042
2030-03-11 14:00:00,0.0,49.90796866823371
2030-03-11 15:00:00,0.0,58.79433282639275
2030-03-11 16:00:00,0.0,64.03348265539103
2030-03-11 17:00:00,0.0,67.71469248197332
2030-03-11 18:00:00,0.0,74.52275378393483
2030-03-11 19:00:00,0.0,93.835921438372
2030-03-11 20:00:00,0.0,102.15361602933888
2030-03-11 21:00:00,0.0,108.8765215830084
2030-03-11 22:00:00,0.0,109.30179994397484
2030-03-11 23:00:00,0.0,108.27236325165607
2030-03-12 00:00:00,0.0,104.54482033935028
2030-03-12 01:00:00,0.0,97.55797914310152
2030-03-12 02:00:00,0.0,92.1328302373297
2030-03-12 03:00:00,0.0,89.3382691313502
2030-03-12 04:00:00,0.0,85.23104471327427
2030-03-12 05:00:00,0.0,83.74037829339191
2030-03-12 06:00:00,0.0,82.77582943346806
2030-03-12 07:00:00,0.0,78.39151643381399
2030-03-12 08:00:00,0.0,69.14071238593806
2030-03-12 09:00:00,0.0,61.57402548101493
2030-03-12 10:00:00,0.0,52.14212463085312
2030-03-12 11:00:00,0.0,48.65313552923112
2030-03-12 12:00:00,0.0,47.094892299546245
2030-03-12 13:00:00,0.0,46.37818815044432
2030-03-12 14:00:00,0.0,45.656223718588315
2030-03-12 15:00:00,0.0,51.719183229996815
2030-03-12 16:00:00,0.0,57.75606956555554
2030-03-12 17:00:00,0.0,61.20536290352834
2030-03-12 18:00:00,0.0,68.68842877704958
2030-03-12 19:00:00,0.0,87.53673671137015
2030-03-12 20:00:00,0.0,96.73372829916659
2030-03-12 21:00:00,0.0,99.82993013952228
2030-03-12 22:00:00,0.0,104.13970981818215
2030-03-12 23:00:00,0.0,102.50085361891148
2030-03-13 00:00:00,0.0,96.23830093020568
2030-03-13 01:00:00,0.0,90.68688381004382
2030-03-13 02:00:00,0.0,87.33551495310826
2030-03-13 03:00:00,0.0,84.7049271533158
2030-03-13 04:00:00,0.0,81.8989668335372
2030-03-13 05:00:00,0.0,80.84673171362033
2030-03-13 06:00:00,0.0,80.14524163367558
2030-03-13 07:00:00,0.0,76.81316375393862
2030-03-13 08:00:00,0.0,67.02887727131576
2030-03-13 09:00:00,0.0,60.08817562848003
2030-03-13 10:00:00,0.0,50.051632801839325
2030-03-13 11:00:00,0.0,44.040010417363305
2030-03-13 12:00:00,0.0,41.64498435787334
2030-03-13 13:00:00,0.0,42.566524171953006
2030-03-13 14:00:00,0.0,40.27570774869832
2030-03-13 15:00:00,0.0,46.605261179984495
2030-03-13 16:00:00,0.0,53.28032907104397
2030-03-13 17:00:00,0.0,57.67452160071355
2030-03-13 18:00:00,0.0,65.58816775691196
2030-03-13 19:00:00,0.0,87.3120791159098
2030-03-13 20:00:00,0.0,96.66971732937168
2030-03-13 21:00:00,0.0,101.0987503216222
2030-03-13 22:00:00,0.0,105.90921854484257
2030-03-13 23:00:00,0.0,106.24505692061608
2030-03-14 00:00:00,0.0,96.80826162016068
2030-03-14 01:00:00,0.0,90.32210896847255
2030-03-14 02:00:00,0.0,85.66947601323977
2030-03-14 03:00:00,0.0,81.98665309353032
2030-03-14 04:00:00,0.0,80.67135919363409
2030-03-14 05:00:00,0.0,78.65457521379324
2030-03-14 06:00:00,0.0,78.74226147378636
2030-03-14 07:00:00,0.0,74.88406603409078
2030-03-14 08:00:00,0.0,67.94923688251015
2030-03-14 09:00:00,0.0,62.66457280110841
2030-03-14 10:00:00,0.0,53.53273180109807
2030-03-14 11:00:00,0.0,48.56404994302829
2030-03-14 12:00:00,0.0,47.300726002420674
2030-03-14 13:00:00,0.0,47.11544212312481
2030-03-14 14:00:00,0.0,44.5794047681561
2030-03-14 15:00:00,0.0,53.13416813579101
2030-03-14 16:00:00,0.0,58.01168982199863
2030-03-14 17:00:00,0.0,60.67596054865032
2030-03-14 18:00:00,0.0,67.85320711840768
2030-03-14 19:00:00,0.0,85.05468480969908
2030-03-14 20:00:00,0.0,97.60445286089792
2030-03-14 21:00:00,0.0,101.94404586795542
2030-03-14 22:00:00,0.0,106.68085763278168
2030-03-14 23:00:00,0.0,106.0407479348322
2030-03-15 00:00:00,0.0,96.80826162016068
2030-03-15 01:00:00,0.0,90.32210896847255
2030-03-15 02:00:00,0.0,85.66947601323977
2030-03-15 03:00:00,0.0,81.98665309353032
2030-03-15 04:00:00,0.0,80.67135919363409
2030-03-15 05:00:00,0.0,78.65457521379324
2030-03-15 06:00:00,0.0,78.74226147378636
2030-03-15 07:00:00,0.0,74.88406603409078
2030-03-15 08:00:00,0.0,67.9345071329335
2030-03-15 09:00:00,0.0,62.73343438037864
2030-03-15 10:00:00,0.0,57.26213012820449
2030-03-15 11:00:00,0.0,54.09318908614546
2030-03-15 12:00:00,0.0,53.70413518801524
2030-03-15 13:00:00,0.0,53.681732940300655
2030-03-15 14:00:00,0.0,52.243106786436094
2030-03-15 15:00:00,0.0,59.81370325610305
2030-03-15 16:00:00,0.0,64.69154801493778
2030-03-15 17:00:00,0.0,68.64413643263651
2030-03-15 18:00:00,0.0,74.06591029699872
2030-03-15 19:00:00,0.0,88.97969486635587
2030-03-15 20:00:00,0.0,99.41868158015473
2030-03-15 21:00:00,0.0,105.56198095526996
2030-03-15 22:00:00,0.0,106.68085763278168
2030-03-15 23:00:00,0.0,106.0407479348322
2030-03-16 00:00:00,0.0,96.80826162016068
2030-03-16 01:00:00,0.0,90.32210896847255
2030-03-16 02:00:00,0.0,85.66947601323977
2030-03-16 03:00:00,0.0,81.98665309353032
2030-03-16 04:00:00,0.0,80.67135919363409
2030-03-16 05:00:00,0.0,78.65457521379324
2030-03-16 06:00:00,0.0,78.74226147378636
2030-03-16 07:00:00,0.0,74.88406603409078
2030-03-16 08:00:00,0.0,67.91241250856876
2030-03-16 09:00:00,0.0,62.705521504931085
2030-03-16 10:00:00,0.0,58.58169565547792
2030-03-16 11:00:00,0.0,57.44631565649945
2030-03-16 12:00:00,0.0,56.55942531759774
2030-03-16 13:00:00,0.0,56.41323236291339
2030-03-16 14:00:00,0.0,53.67096537183227
2030-03-16 15:00:00,0.0,60.00948760823735
2030-03-16 16:00:00,0.0,65.12813901730577
2030-03-16 17:00:00,0.0,69.49837458543539
2030-03-16 18:00:00,0.0,75.00451994639046
2030-03-16 19:00:00,0.0,88.43620925850962
2030-03-16 20:00:00,0.0,98.13407787125607
2030-03-16 21:00:00,0.0,104.58690974414684
2030-03-16 22:00:00,0.0,108.1794158160634
2030-03-16 23:00:00,0.0,106.80449525937193
2030-03-17 00:00:00,0.0,96.80826162016068
2030-03-17 01:00:00,0.0,90.6754845962447
2030-03-17 02:00:00,0.0,85.66947601323977
2030-03-17 03:00:00,0.0,81.98665309353032
2030-03-17 04:00:00,0.0,80.67135919363409
2030-03-17 05:00:00,0.0,78.65457521379324
2030-03-17 06:00:00,0.0,78.74226147378636
2030-03-17 07:00:00,0.0,74.88406603409078
2030-03-17 08:00:00,0.0,67.89768275899223
2030-03-17 09:00:00,0.0,63.3652084948136
2030-03-17 10:00:00,0.0,58.05192505686045
2030-03-17 11:00:00,0.0,56.93849238475104
2030-03-17 12:00:00,0.0,56.27035367833832
2030-03-17 13:00:00,0.0,57.42062608757169
2030-03-17 14:00:00,0.0,54.11954534772792
2030-03-17 15:00:00,0.0,61.1516255059214
2030-03-17 16:00:00,0.0,66.28785762886423
2030-03-17 17:00:00,0.0,70.28812526407864
2030-03-17 18:00:00,0.0,77.17330416423067
2030-03-17 19:00:00,0.0,91.523807821721
2030-03-17 20:00:00,0.0,103.1611311566594
2030-03-17 21:00:00,0.0,108.1653860144645
2030-03-17 22:00:00,0.0,108.54857497063426
2030-03-17 23:00:00,0.0,108.4363365578431
2030-03-18 00:00:00,0.0,97.59919168529836
2030-03-18 01:00:00,0.0,91.00606179641863
2030-03-18 02:00:00,0.0,85.66947601323977
2030-03-18 03:00:00,0.0,81.98665309353032
2030-03-18 04:00:00,0.0,80.67135919363409
2030-03-18 05:00:00,0.0,78.65457521379324
2030-03-18 06:00:00,0.0,78.74226147378636
2030-03-18 07:00:00,0.0,74.88406603409078
2030-03-18 08:00:00,0.0,67.86822325983917
2030-03-18 09:00:00,0.0,62.64019506555917
2030-03-18 10:00:00,0.0,61.64878503651323
2030-03-18 11:00:00,0.0,57.42609164956696
2030-03-18 12:00:00,0.0,55.69913368594052
2030-03-18 13:00:00,0.0,56.49180865452956
2030-03-18 14:00:00,0.0,53.12687751739031
2030-03-18 15:00:00,0.0,59.80446233235306
2030-03-18 16:00:00,0.0,64.59871054920279
2030-03-18 17:00:00,0.0,68.94041942952208
2030-03-18 18:00:00,0.0,75.57603032716986
2030-03-18 19:00:00,0.0,91.46330815758152
2030-03-18 20:00:00,0.0,101.65380434737835
2030-03-18 21:00:00,0.0,106.17841536302136
2030-03-18 22:00:00,0.0,108.4687804740406
2030-03-18 23:00:00,0.0,107.42092966712325
2030-03-19 00:00:00,0.0,104.70703992033737
2030-03-19 01:00:00,0.0,97.77368734268451
2030-03-19 02:00:00,0.0,92.1328302373297
2030-03-19 03:00:00,0.0,89.3382691313502
2030-03-19 04:00:00,0.0,85.23104471327427
2030-03-19 05:00:00,0.0,83.74037829339191
2030-03-19 06:00:00,0.0,82.77582943346806
2030-03-19 07:00:00,0.0,78.39151643381399
2030-03-19 08:00:00,0.0,68.99341489017263
2030-03-19 09:00:00,0.0,62.29703523897911
2030-03-19 10:00:00,0.0,57.28831937989571
2030-03-19 11:00:00,0.0,56.60954707033216
2030-03-19 12:00:00,0.0,54.93012164400534
2030-03-19 13:00:00,0.0,51.956583150797655
2030-03-19 14:00:00,0.0,51.73532746088051
2030-03-19 15:00:00,0.0,57.97365949227527
2030-03-19 16:00:00,0.0,62.3928418888745
2030-03-19 17:00:00,0.0,68.57688062589637
2030-03-19 18:00:00,0.0,75.46373767487249
2030-03-19 19:00:00,0.0,96.80340139116016
2030-03-19 20:00:00,0.0,102.13344818954056
2030-03-19 21:00:00,0.0,105.87940521644487
2030-03-19 22:00:00,0.0,105.99339735443596
2030-03-19 23:00:00,0.0,102.6420284975004
2030-03-20 00:00:00,0.0,96.23830093020568
2030-03-20 01:00:00,0.0,90.68688381004382
2030-03-20 02:00:00,0.0,87.33551495310826
2030-03-20 03:00:00,0.0,84.7049271533158
2030-03-20 04:00:00,0.0,81.8989668335372
2030-03-20 05:00:00,0.0,80.84673171362033
2030-03-20 06:00:00,0.0,80.14524163367558
2030-03-20 07:00:00,0.0,76.81316375393862
2030-03-20 08:00:00,0.0,66.77110665372652
2030-03-20 09:00:00,0.0,59.39300509721557
2030-03-20 10:00:00,0.0,54.941412617129345
2030-03-20 11:00:00,0.0,54.58242347469229
2030-03-20 12:00:00,0.0,51.556079740712335
2030-03-20 13:00:00,0.0,52.61522481457189
2030-03-20 14:00:00,0.0,51.043780265719995
2030-03-20 15:00:00,0.0,58.529328555313775
2030-03-20 16:00:00,0.0,64.79909288685155
2030-03-20 17:00:00,0.0,67.18682040867816
2030-03-20 18:00:00,0.0,74.03014640426295
2030-03-20 19:00:00,0.0,90.05157093746014
2030-03-20 20:00:00,0.0,102.000165074351
2030-03-20 21:00:00,0.0,105.69438720785956
2030-03-20 22:00:00,0.0,107.48757122471805
2030-03-20 23:00:00,0.0,106.67296586938232
2030-03-21 00:00:00,0.0,96.80826162016068
2030-03-21 01:00:00,0.0,90.32210896847255
2030-03-21 02:00:00,0.0,85.66947601323977
2030-03-21 03:00:00,0.0,81.98665309353032
2030-03-21 04:00:00,0.0,80.67135919363409
2030-03-21 05:00:00,0.0,78.65457521379324
2030-03-21 06:00:00,0.0,78.74226147378636
2030-03-21 07:00:00,0.0,74.88406603409078
2030-03-21 08:00:00,0.0,67.71356088928553
2030-03-21 09:00:00,0.0,62.82830912274892
2030-03-21 10:00:00,0.0,58.74756779080701
2030-03-21 11:00:00,0.0,56.38075041703564
2030-03-21 12:00:00,0.0,56.79801816582221
2030-03-21 13:00:00,0.0,56.703781620523046
2030-03-21 14:00:00,0.0,55.89188913334624
2030-03-21 15:00:00,0.0,62.110541746424474
2030-03-21 16:00:00,0.0,65.79151387611182
2030-03-21 17:00:00,0.0,68.37693890828109
2030-03-21 18:00:00,0.0,75.709969577107
2030-03-21 19:00:00,0.0,91.42280327387392
2030-03-21 20:00:00,0.0,99.85886660532003
2030-03-21 21:00:00,0.0,105.1831763120998
2030-03-21 22:00:00,0.0,107.67960413410287
2030-03-21 23:00:00,0.0,106.05390087383113
2030-03-22 00:00:00,0.0,96.80826162016068
2030-03-22 01:00:00,0.0,90.32210896847255
2030-03-22 02:00:00,0.0,85.66947601323977
2030-03-22 03:00:00,0.0,81.98665309353032
2030-03-22 04:00:00,0.0,80.67135919363409
2030-03-22 05:00:00,0.0,78.65457521379324
2030-03-22 06:00:00,0.0,78.74226147378636
2030-03-22 07:00:00,0.0,74.88406603409078
2030-03-22 08:00:00,0.0,67.66937164055594
2030-03-22 09:00:00,0.0,62.16336367303165
2030-03-22 10:00:00,0.0,56.29822986337376
2030-03-22 11:00:00,0.0,56.73441200818809
2030-03-22 12:00:00,0.0,56.796663089625206
2030-03-22 13:00:00,0.0,55.63360297452164
2030-03-22 14:00:00,0.0,51.567349822057615
2030-03-22 15:00:00,0.0,57.730164548728
2030-03-22 16:00:00,0.0,62.75547180082889
2030-03-22 17:00:00,0.0,67.58511892393108
2030-03-22 18:00:00,0.0,74.33994274041254
2030-03-22 19:00:00,0.0,89.184876859484
2030-03-22 20:00:00,0.0,100.91285545043684
2030-03-22 21:00:00,0.0,104.57989484334746
2030-03-22 22:00:00,0.0,106.68085763278168
2030-03-22 23:00:00,0.0,106.0407479348322
2030-03-23 00:00:00,0.0,96.80826162016068
2030-03-23 01:00:00,0.0,90.32210896847255
2030-03-23 02:00:00,0.0,85.66947601323977
2030-03-23 03:00:00,0.0,81.98665309353032
2030-03-23 04:00:00,0.0,80.67135919363409
2030-03-23 05:00:00,0.0,78.65457521379324
2030-03-23 06:00:00,0.0,78.74226147378636
2030-03-23 07:00:00,0.0,74.88406603409078
2030-03-23 08:00:00,0.0,67.63254726661467
2030-03-23 09:00:00,0.0,62.03436046547631
2030-03-23 10:00:00,0.0,55.010848838925085
2030-03-23 11:00:00,0.0,54.305018040153406
2030-03-23 12:00:00,0.0,55.56515206608424
2030-03-23 13:00:00,0.0,55.18172335242889
2030-03-23 14:00:00,0.0,51.79599978549811
2030-03-23 15:00:00,0.0,57.2073736692912
2030-03-23 16:00:00,0.0,62.39112807411459
2030-03-23 17:00:00,0.0,66.30059271903609
2030-03-23 18:00:00,0.0,73.83010155373609
2030-03-23 19:00:00,0.0,90.97507260404234
2030-03-23 20:00:00,0.0,98.89957892099571
2030-03-23 21:00:00,0.0,104.24405646757396
2030-03-23 22:00:00,0.0,106.68085763278168
2030-03-23 23:00:00,0.0,106.0407479348322
2030-03-24 00:00:00,0.0,96.80826162016068
2030-03-24 01:00:00,0.0,90.32210896847255
2030-03-24 02:00:00,0.0,85.66947601323977
2030-03-24 03:00:00,0.0,81.98665309353032
2030-03-24 04:00:00,0.0,80.67135919363409
2030-03-24 05:00:00,0.0,78.65457521379324
2030-03-24 06:00:00,0.0,78.74226147378636
2030-03-24 07:00:00,0.0,74.88406603409078
2030-03-24 08:00:00,0.0,67.61781751703802
2030-03-24 09:00:00,0.0,62.09585716995844
2030-03-24 10:00:00,0.0,54.801730341131126
2030-03-24 11:00:00,0.0,53.792628546036326
2030-03-24 12:00:00,0.0,52.73809880567603
2030-03-24 13:00:00,0.0,52.682731317645214
2030-03-24 14:00:00,0.0,51.02096400515381
2030-03-24 15:00:00,0.0,57.21970240892279
2030-03-24 16:00:00,0.0,62.630949382735935
2030-03-24 17:00:00,0.0,66.9065012716867
2030-03-24 18:00:00,0.0,72.66958792315405
2030-03-24 19:00:00,0.0,89.73273135930685
2030-03-24 20:00:00,0.0,97.96747397726926
2030-03-24 21:00:00,0.0,101.82128510396512
2030-03-24 22:00:00,0.0,106.68085763278168
2030-03-24 23:00:00,0.0,106.0407479348322
2030-03-25 00:00:00,0.0,96.80826162016068
2030-03-25 01:00:00,0.0,90.32210896847255
2030-03-25 02:00:00,0.0,85.66947601323977
2030-03-25 03:00:00,0.0,81.98665309353032
2030-03-25 04:00:00,0.0,80.67135919363409
2030-03-25 05:00:00,0.0,78.65457521379324
2030-03-25 06:00:00,0.0,78.74226147378636
2030-03-25 07:00:00,0.0,74.88406603409078
2030-03-25 08:00:00,0.0,67.57362826830854
2030-03-25 09:00:00,0.0,61.982438098219056
2030-03-25 10:00:00,0.0,53.6835059431113
2030-03-25 11:00:00,0.0,50.800602090370944
2030-03-25 12:00:00,0.0,50.73421820799217
2030-03-25 13:00:00,0.0,49.91836799296266
2030-03-25 14:00:00,0.0,50.1002804002328
2030-03-25 15:00:00,0.0,57.149323604682195
2030-03-25 16:00:00,0.0,62.80535369136919
2030-03-25 17:00:00,0.0,66.7657436632054
2030-03-25 18:00:00,0.0,73.3695607781284
2030-03-25 19:00:00,0.0,89.41249959570985
2030-03-25 20:00:00,0.0,99.01006360858696
2030-03-25 21:00:00,0.0,104.8429536233267
2030-03-25 22:00:00,0.0,106.68085763278168
2030-03-25 23:00:00,0.0,106.0407479348322
2030-03-26 00:00:00,0.0,104.28789959757044
2030-03-26 01:00:00,0.0,97.55797914310152
2030-03-26 02:00:00,0.0,92.1328302373297
2030-03-26 03:00:00,0.0,89.3382691313502
2030-03-26 04:00:00,0.0,85.23104471327427
2030-03-26 05:00:00,0.0,83.74037829339191
2030-03-26 06:00:00,0.0,82.77582943346806
2030-03-26 07:00:00,0.0,78.39151643381399
2030-03-26 08:00:00,0.0,68.68409014906547
2030-03-26 09:00:00,0.0,60.73649192009316
2030-03-26 10:00:00,0.0,53.337695369247164
2030-03-26 11:00:00,0.0,53.17870682732416
2030-03-26 12:00:00,0.0,51.52513241532404
2030-03-26 13:00:00,0.0,51.56057383343249
2030-03-26 14:00:00,0.0,51.33812491227172
2030-03-26 15:00:00,0.0,56.90074392548081
2030-03-26 16:00:00,0.0,63.03359979266872
2030-03-26 17:00:00,0.0,67.00706121128167
2030-03-26 18:00:00,0.0,74.4935297784831
2030-03-26 19:00:00,0.0,92.45553567170543
2030-03-26 20:00:00,0.0,99.68875526093348
2030-03-26 21:00:00,0.0,102.15010857893924
2030-03-26 22:00:00,0.0,104.13970981818215
2030-03-26 23:00:00,0.0,102.50085361891148
2030-03-27 00:00:00,0.0,96.23830093020568
2030-03-27 01:00:00,0.0,90.68688381004382
2030-03-27 02:00:00,0.0,87.33551495310826
2030-03-27 03:00:00,0.0,84.7049271533158
2030-03-27 04:00:00,0.0,81.8989668335372
2030-03-27 05:00:00,0.0,80.84673171362033
2030-03-27 06:00:00,0.0,80.14524163367558
2030-03-27 07:00:00,0.0,76.81316375393862
2030-03-27 08:00:00,0.0,66.5354306605019
2030-03-27 09:00:00,0.0,59.06342695044066
2030-03-27 10:00:00,0.0,52.44455639603427
2030-03-27 11:00:00,0.0,52.25979079235231
2030-03-27 12:00:00,0.0,51.118885618183405
2030-03-27 13:00:00,0.0,53.396270089687505
2030-03-27 14:00:00,0.0,47.81912651040852
2030-03-27 15:00:00,0.0,59.27440147831692
2030-03-27 16:00:00,0.0,65.6691593007788
2030-03-27 17:00:00,0.0,68.54049578003173
2030-03-27 18:00:00,0.0,75.4013542512598
2030-03-27 19:00:00,0.0,94.16473720283454
2030-03-27 20:00:00,0.0,102.55872655050688
2030-03-27 21:00:00,0.0,106.76503644237503
2030-03-27 22:00:00,0.0,107.36656418592759
2030-03-27 23:00:00,0.0,106.6869956709812
2030-03-28 00:00:00,0.0,96.80826162016068
2030-03-28 01:00:00,0.0,90.32210896847255
2030-03-28 02:00:00,0.0,85.66947601323977
2030-03-28 03:00:00,0.0,81.98665309353032
2030-03-28 04:00:00,0.0,80.67135919363409
2030-03-28 05:00:00,0.0,78.65457521379324
2030-03-28 06:00:00,0.0,78.74226147378636
2030-03-28 07:00:00,0.0,74.88406603409078
2030-03-28 08:00:00,0.0,67.43369564733143
2030-03-28 09:00:00,0.0,61.78638513135547
2030-03-28 10:00:00,0.0,59.66554124333391
2030-03-28 11:00:00,0.0,56.2460762558934
2030-03-28 12:00:00,0.0,54.86329374240017
2030-03-28 13:00:00,0.0,55.0426154151362
2030-03-28 14:00:00,0.0,54.14614739699106
2030-03-28 15:00:00,0.0,63.34185421465372
2030-03-28 16:00:00,0.0,68.39394078199427
2030-03-28 17:00:00,0.0,71.61067726898716
2030-03-28 18:00:00,0.0,76.36746029412825
2030-03-28 19:00:00,0.0,94.86850018607856
2030-03-28 20:00:00,0.0,102.05716114334653
2030-03-28 21:00:00,0.0,105.8829126668446
2030-03-28 22:00:00,0.0,107.9014503718854
2030-03-28 23:00:00,0.0,106.5063619753954
2030-03-29 00:00:00,0.0,96.80826162016068
2030-03-29 01:00:00,0.0,90.32210896847255
2030-03-29 02:00:00,0.0,85.66947601323977
2030-03-29 03:00:00,0.0,81.98665309353032
2030-03-29 04:00:00,0.0,80.67135919363409
2030-03-29 05:00:00,0.0,78.65457521379324
2030-03-29 06:00:00,0.0,78.74226147378636
2030-03-29 07:00:00,0.0,74.88406603409078
2030-03-29 08:00:00,0.0,67.4189658977549
2030-03-29 09:00:00,0.0,61.85104873199646
2030-03-29 10:00:00,0.0,62.701506602750094
2030-03-29 11:00:00,0.0,56.88776324873743
2030-03-29 12:00:00,0.0,57.63961756297488
2030-03-29 13:00:00,0.0,57.845141847834384
2030-03-29 14:00:00,0.0,58.54370359244035
2030-03-29 15:00:00,0.0,65.79148480945071
2030-03-29 16:00:00,0.0,71.28923909354523
2030-03-29 17:00:00,0.0,74.73420349751564
2030-03-29 18:00:00,0.0,78.25111936686869
2030-03-29 19:00:00,0.0,91.81613762046368
2030-03-29 20:00:00,0.0,104.1248031539834
2030-03-29 21:00:00,0.0,108.43458283264329
2030-03-29 22:00:00,0.0,110.55746718707576
2030-03-29 23:00:00,0.0,109.38948620396796
2030-03-30 00:00:00,0.0,96.94417532315005
2030-03-30 01:00:00,0.0,90.32210896847255
2030-03-30 02:00:00,0.0,85.66947601323977
2030-03-30 03:00:00,0.0,81.98665309353032
2030-03-30 04:00:00,0.0,80.67135919363409
2030-03-30 05:00:00,0.0,78.65457521379324
2030-03-30 06:00:00,0.0,78.74226147378636
2030-03-30 07:00:00,0.0,74.88406603409078
2030-03-30 08:00:00,0.0,67.34531714987224
2030-03-30 09:00:00,0.0,61.64195993675753
2030-03-30 10:00:00,0.0,58.451087330566565
2030-03-30 11:00:00,0.0,56.2156150730051
2030-03-30 12:00:00,0.0,55.838654116985246
2030-03-30 13:00:00,0.0,58.46396211043327
2030-03-30 14:00:00,0.0,58.0525138087288
2030-03-30 15:00:00,0.0,65.41616549167395
2030-03-30 16:00:00,0.0,71.08120035323553
2030-03-30 17:00:00,0.0,76.29928897649597
2030-03-30 18:00:00,0.0,80.60476180893158
2030-03-30 19:00:00,0.0,95.59961896928712
2030-03-30 20:00:00,0.0,104.76929716493248
2030-03-30 21:00:00,0.0,106.94479327536078
2030-03-30 22:00:00,0.0,112.45149040292632
2030-03-30 23:00:00,0.0,107.84883861588946
2030-03-31 00:00:00,0.0,96.90647023135296
2030-03-31 01:00:00,0.0,90.56675363385328
2030-03-31 02:00:00,0.0,85.66947601323977
2030-03-31 03:00:00,0.0,81.98665309353032
2030-03-31 04:00:00,0.0,80.67135919363409
2030-03-31 05:00:00,0.0,78.65457521379324
2030-03-31 06:00:00,0.0,78.74226147378636
2030-03-31 07:00:00,0.0,74.88406603409078
2030-03-31 08:00:00,0.0,67.51332479507005
2030-03-31 09:00:00,0.0,65.02772775370101
2030-03-31 10:00:00,0.0,63.161605485870496
2030-03-31 11:00:00,0.0,60.471425555061614
2030-03-31 12:00:00,0.0,60.34399391602551
2030-03-31 13:00:00,0.0,60.843668669592255
2030-03-31 14:00:00,0.0,59.69071737715342
2030-03-31 15:00:00,0.0,67.16857522195858
2030-03-31 16:00:00,0.0,72.35681470828263
2030-03-31 17:00:00,0.0,76.16592515722105
2030-03-31 18:00:00,0.0,80.24214727046592
2030-03-31 19:00:00,0.0,92.9807957783056
2030-03-31 20:00:00,0.0,104.40364546076135
2030-03-31 21:00:00,0.0,109.71392536594236
2030-03-31 22:00:00,0.0,110.75476127206024
2030-03-31 23:00:00,0.0,109.43245247136451
2030-04-01 00:00:00,0.0,118.03710516448552
2030-04-01 01:00:00,0.0,112.2752410203402
2030-04-01 02:00:00,0.0,103.1935750728569
2030-04-01 03:00:00,0.0,97.72370617448848
2030-04-01 04:00:00,0.0,96.43822560298995
2030-04-01 05:00:00,0.0,96.12606251741452
2030-04-01 06:00:00,0.0,93.74976487160211
2030-04-01 07:00:00,0.0,88.56838376861094
2030-04-01 08:00:00,0.0,84.58268599456778
2030-04-01 09:00:00,0.0,80.55225530361236
2030-04-01 10:00:00,0.0,77.6409520719303
2030-04-01 11:00:00,0.0,75.42488540481759
2030-04-01 12:00:00,0.0,75.33902070696841
2030-04-01 13:00:00,0.0,78.65742185446857
2030-04-01 14:00:00,0.0,85.41424465064723
2030-04-01 15:00:00,0.0,90.41924240573472
2030-04-01 16:00:00,0.0,93.16715001195392
2030-04-01 17:00:00,0.0,93.18234447275839
2030-04-01 18:00:00,0.0,97.80148889869997
2030-04-01 19:00:00,0.0,104.33756248810901
2030-04-01 20:00:00,0.0,116.89893750977537
2030-04-01 21:00:00,0.0,118.7833152370266
2030-04-01 22:00:00,0.0,118.20370905847244
2030-04-01 23:00:00,0.0,118.24053728766944
2030-04-02 00:00:00,0.0,125.14933771252436
2030-04-02 01:00:00,0.0,116.55959168360208
2030-04-02 02:00:00,0.0,112.76102290070185
2030-04-02 03:00:00,0.0,108.00842760907688
2030-04-02 04:00:00,0.0,106.11878870622604
2030-04-02 05:00:00,0.0,103.23566447765359
2030-04-02 06:00:00,0.0,99.41780471755489
2030-04-02 07:00:00,0.0,91.72421226576192
2030-04-02 08:00:00,0.0,87.49071620518282
2030-04-02 09:00:00,0.0,83.22277343001554
2030-04-02 10:00:00,0.0,77.42306573627388
2030-04-02 11:00:00,0.0,77.59476480116518
2030-04-02 12:00:00,0.0,75.90596008902378
2030-04-02 13:00:00,0.0,79.65631950854117
2030-04-02 14:00:00,0.0,86.06184746299334
2030-04-02 15:00:00,0.0,91.41149611851209
2030-04-02 16:00:00,0.0,96.1058238845718
2030-04-02 17:00:00,0.0,98.9092452222552
2030-04-02 18:00:00,0.0,103.24701173923641
2030-04-02 19:00:00,0.0,109.78024093536804
2030-04-02 20:00:00,0.0,122.55733186712882
2030-04-02 21:00:00,0.0,125.1204012467266
2030-04-02 22:00:00,0.0,120.15823579371816
2030-04-02 23:00:00,0.0,121.79972258078863
2030-04-03 00:00:00,0.0,117.16287315235456
2030-04-03 01:00:00,0.0,113.3064314378588
2030-04-03 02:00:00,0.0,107.88128253208696
2030-04-03 03:00:00,0.0,102.91473276607881
2030-04-03 04:00:00,0.0,100.90847113743712
2030-04-03 05:00:00,0.0,85.14335845328128
2030-04-03 06:00:00,0.0,82.95120195345417
2030-04-03 07:00:00,0.0,76.7254774939455
2030-04-03 08:00:00,0.0,72.41569824242822
2030-04-03 09:00:00,0.0,78.7336688213635
2030-04-03 10:00:00,0.0,72.31294586461559
2030-04-03 11:00:00,0.0,64.8989583196385
2030-04-03 12:00:00,0.0,67.22046989971727
2030-04-03 13:00:00,0.0,70.7978733631794
2030-04-03 14:00:00,0.0,77.09260148631597
2030-04-03 15:00:00,0.0,84.08553490411782
2030-04-03 16:00:00,0.0,86.61104647080015
2030-04-03 17:00:00,0.0,91.34955526250688
2030-04-03 18:00:00,0.0,94.68323659856378
2030-04-03 19:00:00,0.0,101.2471371461968
2030-04-03 20:00:00,0.0,115.18379426431068
2030-04-03 21:00:00,0.0,116.29653290362285
2030-04-03 22:00:00,0.0,116.3000403540226
2030-04-03 23:00:00,0.0,116.69550538659144
2030-04-04 00:00:00,0.0,115.15661152371284
2030-04-04 01:00:00,0.0,109.76127594633861
2030-04-04 02:00:00,0.0,102.51488342051039
2030-04-04 03:00:00,0.0,97.72370617448848
2030-04-04 04:00:00,0.0,96.43822560298995
2030-04-04 05:00:00,0.0,96.12606251741452
2030-04-04 06:00:00,0.0,93.74976487160211
2030-04-04 07:00:00,0.0,88.56838376861094
2030-04-04 08:00:00,0.0,84.54586162062638
2030-04-04 09:00:00,0.0,79.02181724952527
2030-04-04 10:00:00,0.0,76.86081219422442
2030-04-04 11:00:00,0.0,74.26892911834761
2030-04-04 12:00:00,0.0,73.84501904176761
2030-04-04 13:00:00,0.0,75.36383068722547
2030-04-04 14:00:00,0.0,83.52169007982172
2030-04-04 15:00:00,0.0,85.21376081353502
2030-04-04 16:00:00,0.0,88.16525997594668
2030-04-04 17:00:00,0.0,91.51291318005745
2030-04-04 18:00:00,0.0,95.64209987201443
2030-04-04 19:00:00,0.0,103.14659459701352
2030-04-04 20:00:00,0.0,115.18467112691064
2030-04-04 21:00:00,0.0,117.64777817011623
2030-04-04 22:00:00,0.0,117.05852650296276
2030-04-04 23:00:00,0.0,117.37770448933757
2030-04-05 00:00:00,0.0,115.15661152371284
2030-04-05 01:00:00,0.0,109.76127594633861
2030-04-05 02:00:00,0.0,102.51488342051039
2030-04-05 03:00:00,0.0,97.72370617448848
2030-04-05 04:00:00,0.0,96.43822560298995
2030-04-05 05:00:00,0.0,96.12606251741452
2030-04-05 06:00:00,0.0,93.74976487160211
2030-04-05 07:00:00,0.0,88.56838376861094
2030-04-05 08:00:00,0.0,84.44275337359068
2030-04-05 09:00:00,0.0,78.32961786030138
2030-04-05 10:00:00,0.0,76.84276902949
2030-04-05 11:00:00,0.0,74.47517048144435
2030-04-05 12:00:00,0.0,74.38834506436251
2030-04-05 13:00:00,0.0,78.53958412378189
2030-04-05 14:00:00,0.0,87.60581700277226
2030-04-05 15:00:00,0.0,89.63249139430172
2030-04-05 16:00:00,0.0,92.79319089808382
2030-04-05 17:00:00,0.0,95.98432395242979
2030-04-05 18:00:00,0.0,98.85342504615846
2030-04-05 19:00:00,0.0,105.81611046993588
2030-04-05 20:00:00,0.0,118.17477259267469
2030-04-05 21:00:00,0.0,120.23539970251204
2030-04-05 22:00:00,0.0,119.89956132673852
2030-04-05 23:00:00,0.0,119.9723409225328
2030-04-06 00:00:00,0.0,117.39962605433584
2030-04-06 01:00:00,0.0,111.98236891196336
2030-04-06 02:00:00,0.0,102.95594530827564
2030-04-06 03:00:00,0.0,97.72370617448848
2030-04-06 04:00:00,0.0,96.43822560298995
2030-04-06 05:00:00,0.0,96.12606251741452
2030-04-06 06:00:00,0.0,93.74976487160211
2030-04-06 07:00:00,0.0,88.56838376861094
2030-04-06 08:00:00,0.0,84.39856412486108
2030-04-06 09:00:00,0.0,80.50274086867465
2030-04-06 10:00:00,0.0,79.97768605859778
2030-04-06 11:00:00,0.0,74.259845158487
2030-04-06 12:00:00,0.0,74.23398399278369
2030-04-06 13:00:00,0.0,79.14397702773577
2030-04-06 14:00:00,0.0,86.59603475503593
2030-04-06 15:00:00,0.0,88.24429294451329
2030-04-06 16:00:00,0.0,91.50498554130489
2030-04-06 17:00:00,0.0,94.25276474669884
2030-04-06 18:00:00,0.0,100.6296725667687
2030-04-06 19:00:00,0.0,108.17100958410548
2030-04-06 20:00:00,0.0,117.94854204189257
2030-04-06 21:00:00,0.0,120.53002553608881
2030-04-06 22:00:00,0.0,121.16750464623853
2030-04-06 23:00:00,0.0,121.21310150143493
2030-04-07 00:00:00,0.0,118.16161965367564
2030-04-07 01:00:00,0.0,112.08408497355526
2030-04-07 02:00:00,0.0,102.51488342051039
2030-04-07 03:00:00,0.0,97.72370617448848
2030-04-07 04:00:00,0.0,96.43822560298995
2030-04-07 05:00:00,0.0,96.12606251741452
2030-04-07 06:00:00,0.0,93.74976487160211
2030-04-07 07:00:00,0.0,88.56838376861094
2030-04-07 08:00:00,0.0,85.53848550477107
2030-04-07 09:00:00,0.0,82.19893886642556
2030-04-07 10:00:00,0.0,78.1472012585059
2030-04-07 11:00:00,0.0,78.46873504515304
2030-04-07 12:00:00,0.0,77.86472875873174
2030-04-07 13:00:00,0.0,81.92529035170185
2030-04-07 14:00:00,0.0,88.26594589478213
2030-04-07 15:00:00,0.0,89.47439154733775
2030-04-07 16:00:00,0.0,91.74218547312319
2030-04-07 17:00:00,0.0,94.95808303279397
2030-04-07 18:00:00,0.0,100.8100144306619
2030-04-07 19:00:00,0.0,108.2663952718526
2030-04-07 20:00:00,0.0,116.7542551807868
2030-04-07 21:00:00,0.0,118.47115215145128
2030-04-07 22:00:00,0.0,119.44183904957468
2030-04-07 23:00:00,0.0,120.08633306052388
2030-04-08 00:00:00,0.0,117.50484956632748
2030-04-08 01:00:00,0.0,111.67634386458747
2030-04-08 02:00:00,0.0,102.9454229570764
2030-04-08 03:00:00,0.0,97.72370617448848
2030-04-08 04:00:00,0.0,96.43822560298995
2030-04-08 05:00:00,0.0,96.12606251741452
2030-04-08 06:00:00,0.0,93.74976487160211
2030-04-08 07:00:00,0.0,88.56838376861094
2030-04-08 08:00:00,0.0,84.78544130130852
2030-04-08 09:00:00,0.0,81.7856319498387
2030-04-08 10:00:00,0.0,78.2377312469623
2030-04-08 11:00:00,0.0,75.72124603866963
2030-04-08 12:00:00,0.0,74.61506324848982
2030-04-08 13:00:00,0.0,78.59869309332272
2030-04-08 14:00:00,0.0,87.04204815374032
2030-04-08 15:00:00,0.0,88.56858494195465
2030-04-08 16:00:00,0.0,91.69308943814403
2030-04-08 17:00:00,0.0,94.56409841976867
2030-04-08 18:00:00,0.0,100.15341442098996
2030-04-08 19:00:00,0.0,106.46375424678445
2030-04-08 20:00:00,0.0,118.77016229802769
2030-04-08 21:00:00,0.0,121.27360502083012
2030-04-08 22:00:00,0.0,120.6045588570829
2030-04-08 23:00:00,0.0,120.58000670428486
2030-04-09 00:00:00,0.0,128.07279762069356
2030-04-09 01:00:00,0.0,119.564599813565
2030-04-09 02:00:00,0.0,113.64051608843248
2030-04-09 03:00:00,0.0,108.00842760907688
2030-04-09 04:00:00,0.0,106.11878870622604
2030-04-09 05:00:00,0.0,103.23566447765359
2030-04-09 06:00:00,0.0,99.41780471755489
2030-04-09 07:00:00,0.0,91.72421226576192
2030-04-09 08:00:00,0.0,87.21821583801693
2030-04-09 09:00:00,0.0,84.63377345994968
2030-04-09 10:00:00,0.0,78.95639668779529
2030-04-09 11:00:00,0.0,79.91701417009686
2030-04-09 12:00:00,0.0,79.11269840663782
2030-04-09 13:00:00,0.0,82.95916944214217
2030-04-09 14:00:00,0.0,87.88262040910695
2030-04-09 15:00:00,0.0,92.67218558714399
2030-04-09 16:00:00,0.0,97.48372469923208
2030-04-09 17:00:00,0.0,101.11117900172565
2030-04-09 18:00:00,0.0,105.1552629227491
2030-04-09 19:00:00,0.0,111.95168728576255
2030-04-09 20:00:00,0.0,125.06778949073076
2030-04-09 21:00:00,0.0,127.04160720317496
2030-04-09 22:00:00,0.0,120.23803029031183
2030-04-09 23:00:00,0.0,122.05138214696876
2030-04-10 00:00:00,0.0,117.91346753789524
2030-04-10 01:00:00,0.0,113.84044076121664
2030-04-10 02:00:00,0.0,107.98036800587909
2030-04-10 03:00:00,0.0,102.91473276607881
2030-04-10 04:00:00,0.0,100.90847113743712
2030-04-10 05:00:00,0.0,85.14335845328128
2030-04-10 06:00:00,0.0,82.95120195345417
2030-04-10 07:00:00,0.0,76.7254774939455
2030-04-10 08:00:00,0.0,72.14319787526233
2030-04-10 09:00:00,0.0,81.03372445913156
2030-04-10 10:00:00,0.0,75.00667526372318
2030-04-10 11:00:00,0.0,69.69733286014593
2030-04-10 12:00:00,0.0,73.19098033897443
2030-04-10 13:00:00,0.0,76.23226087582498
2030-04-10 14:00:00,0.0,83.33754016926217
2030-04-10 15:00:00,0.0,91.54297723237619
2030-04-10 16:00:00,0.0,95.02972210744542
2030-04-10 17:00:00,0.0,97.31938660633898
2030-04-10 18:00:00,0.0,98.47583895932009
2030-04-10 19:00:00,0.0,106.08933006135815
2030-04-10 20:00:00,0.0,119.01042265040871
2030-04-10 21:00:00,0.0,118.68773721363424
2030-04-10 22:00:00,0.0,118.70176701523305
2030-04-10 23:00:00,0.0,119.05338891780536
2030-04-11 00:00:00,0.0,117.004161021767
2030-04-11 01:00:00,0.0,111.50535565760094
2030-04-11 02:00:00,0.0,102.51488342051039
2030-04-11 03:00:00,0.0,97.72370617448848
2030-04-11 04:00:00,0.0,96.43822560298995
2030-04-11 05:00:00,0.0,96.12606251741452
2030-04-11 06:00:00,0.0,93.74976487160211
2030-04-11 07:00:00,0.0,88.56838376861094
2030-04-11 08:00:00,0.0,84.19971250557785
2030-04-11 09:00:00,0.0,80.88007218553298
2030-04-11 10:00:00,0.0,76.82369036692398
2030-04-11 11:00:00,0.0,75.6457037602115
2030-04-11 12:00:00,0.0,75.32344840284544
2030-04-11 13:00:00,0.0,78.21295026522
2030-04-11 14:00:00,0.0,81.7177847100296
2030-04-11 15:00:00,0.0,90.62676657344308
2030-04-11 16:00:00,0.0,91.61117218447417
2030-04-11 17:00:00,0.0,94.12919397944461
2030-04-11 18:00:00,0.0,98.0406426397692
2030-04-11 19:00:00,0.0,105.14249536805528
2030-04-11 20:00:00,0.0,117.04449670136385
2030-04-11 21:00:00,0.0,118.01781418728704
2030-04-11 22:00:00,0.0,118.64126349583783
2030-04-11 23:00:00,0.0,119.19368693379433
2030-04-12 00:00:00,0.0,116.156234887634
2030-04-12 01:00:00,0.0,110.7810671500581
2030-04-12 02:00:00,0.0,102.51488342051039
2030-04-12 03:00:00,0.0,97.72370617448848
2030-04-12 04:00:00,0.0,96.43822560298995
2030-04-12 05:00:00,0.0,96.12606251741452
2030-04-12 06:00:00,0.0,93.74976487160211
2030-04-12 07:00:00,0.0,88.56838376861094
2030-04-12 08:00:00,0.0,84.2579392664179
2030-04-12 09:00:00,0.0,80.44956033846563
2030-04-12 10:00:00,0.0,77.15355412572512
2030-04-12 11:00:00,0.0,72.31006576684217
2030-04-12 12:00:00,0.0,71.63159345554539
2030-04-12 13:00:00,0.0,75.8839561010635
2030-04-12 14:00:00,0.0,83.16029611074407
2030-04-12 15:00:00,0.0,85.94640944154366
2030-04-12 16:00:00,0.0,89.35424610236704
2030-04-12 17:00:00,0.0,91.05055822007728
2030-04-12 18:00:00,0.0,95.930644670197
2030-04-12 19:00:00,0.0,103.38210138612726
2030-04-12 20:00:00,0.0,114.81551197233976
2030-04-12 21:00:00,0.0,116.39386465221514
2030-04-12 22:00:00,0.0,117.16638060275432
2030-04-12 23:00:00,0.0,117.37770448933757
2030-04-13 00:00:00,0.0,115.15661152371284
2030-04-13 01:00:00,0.0,109.76127594633861
2030-04-13 02:00:00,0.0,102.51488342051039
2030-04-13 03:00:00,0.0,97.72370617448848
2030-04-13 04:00:00,0.0,96.43822560298995
2030-04-13 05:00:00,0.0,96.12606251741452
2030-04-13 06:00:00,0.0,93.74976487160211
2030-04-13 07:00:00,0.0,88.56838376861094
2030-04-13 08:00:00,0.0,84.15552325684826
2030-04-13 09:00:00,0.0,78.1942262695677
2030-04-13 10:00:00,0.0,72.48039143958361
2030-04-13 11:00:00,0.0,67.06119550942867
2030-04-13 12:00:00,0.0,65.72934309920561
2030-04-13 13:00:00,0.0,69.56671323472688
2030-04-13 14:00:00,0.0,78.17363068385315
2030-04-13 15:00:00,0.0,81.29113441817219
2030-04-13 16:00:00,0.0,83.96934660761438
2030-04-13 17:00:00,0.0,85.34426549362956
2030-04-13 18:00:00,0.0,89.02344725457317
2030-04-13 19:00:00,0.0,99.27347321684033
2030-04-13 20:00:00,0.0,110.25144213969996
2030-04-13 21:00:00,0.0,112.07794693535584
2030-04-13 22:00:00,0.0,116.66744578339365
2030-04-13 23:00:00,0.0,117.37770448933757
2030-04-14 00:00:00,0.0,115.15661152371284
2030-04-14 01:00:00,0.0,109.76127594633861
2030-04-14 02:00:00,0.0,102.51488342051039
2030-04-14 03:00:00,0.0,97.72370617448848
2030-04-14 04:00:00,0.0,96.43822560298995
2030-04-14 05:00:00,0.0,96.12606251741452
2030-04-14 06:00:00,0.0,93.74976487160211
2030-04-14 07:00:00,0.0,88.56838376861094
2030-04-14 08:00:00,0.0,84.15552325684826
2030-04-14 09:00:00,0.0,78.47644827145416
2030-04-14 10:00:00,0.0,72.47957622318154
2030-04-14 11:00:00,0.0,66.54026517250202
2030-04-14 12:00:00,0.0,65.12472916357956
2030-04-14 13:00:00,0.0,69.01894864034603
2030-04-14 14:00:00,0.0,75.66292306662659
2030-04-14 15:00:00,0.0,77.97358304177315
2030-04-14 16:00:00,0.0,80.88528796065678
2030-04-14 17:00:00,0.0,83.89766407108709
2030-04-14 18:00:00,0.0,88.56813803743854
2030-04-14 19:00:00,0.0,100.13770591112744
2030-04-14 20:00:00,0.0,111.23002080122272
2030-04-14 21:00:00,0.0,113.735217249225
2030-04-14 22:00:00,0.0,116.66744578339365
2030-04-14 23:00:00,0.0,117.37770448933757
2030-04-15 00:00:00,0.0,115.15661152371284
2030-04-15 01:00:00,0.0,109.76127594633861
2030-04-15 02:00:00,0.0,102.51488342051039
2030-04-15 03:00:00,0.0,97.72370617448848
2030-04-15 04:00:00,0.0,96.43822560298995
2030-04-15 05:00:00,0.0,96.12606251741452
2030-04-15 06:00:00,0.0,93.74976487160211
2030-04-15 07:00:00,0.0,88.56838376861094
2030-04-15 08:00:00,0.0,84.09660425854213
2030-04-15 09:00:00,0.0,78.27649192095271
2030-04-15 10:00:00,0.0,73.47587176708998
2030-04-15 11:00:00,0.0,66.847369626008
2030-04-15 12:00:00,0.0,65.42889721988115
2030-04-15 13:00:00,0.0,68.91686433501468
2030-04-15 14:00:00,0.0,77.50563900003658
2030-04-15 15:00:00,0.0,79.64289613189362
2030-04-15 16:00:00,0.0,82.51482187691806
2030-04-15 17:00:00,0.0,83.9575612702397
2030-04-15 18:00:00,0.0,89.05544498624488
2030-04-15 19:00:00,0.0,100.742737249824
2030-04-15 20:00:00,0.0,110.98362241064216
2030-04-15 21:00:00,0.0,113.6308705998332
2030-04-15 22:00:00,0.0,116.66744578339365
2030-04-15 23:00:00,0.0,117.37770448933757
2030-04-16 00:00:00,0.0,125.14933771252436
2030-04-16 01:00:00,0.0,116.55959168360208
2030-04-16 02:00:00,0.0,112.76102290070185
2030-04-16 03:00:00,0.0,108.00842760907688
2030-04-16 04:00:00,0.0,106.11878870622604
2030-04-16 05:00:00,0.0,103.23566447765359
2030-04-16 06:00:00,0.0,99.41780471755489
2030-04-16 07:00:00,0.0,91.72421226576192
2030-04-16 08:00:00,0.0,87.0635534674634
2030-04-16 09:00:00,0.0,83.52760559750186
2030-04-16 10:00:00,0.0,75.86311736200048
2030-04-16 11:00:00,0.0,73.58821305584115
2030-04-16 12:00:00,0.0,71.31397856796173
2030-04-16 13:00:00,0.0,74.82182598323958
2030-04-16 14:00:00,0.0,75.59281051270477
2030-04-16 15:00:00,0.0,85.50884077018041
2030-04-16 16:00:00,0.0,89.06553526226128
2030-04-16 17:00:00,0.0,93.22497185725648
2030-04-16 18:00:00,0.0,97.40154702699341
2030-04-16 19:00:00,0.0,107.13470791881925
2030-04-16 20:00:00,0.0,118.91747521481602
2030-04-16 21:00:00,0.0,121.57963006820601
2030-04-16 22:00:00,0.0,118.84907993202148
2030-04-16 23:00:00,0.0,121.1008630886438
2030-04-17 00:00:00,0.0,117.16287315235456
2030-04-17 01:00:00,0.0,113.3064314378588
2030-04-17 02:00:00,0.0,107.88128253208696
2030-04-17 03:00:00,0.0,102.91473276607881
2030-04-17 04:00:00,0.0,100.90847113743712
2030-04-17 05:00:00,0.0,85.14335845328128
2030-04-17 06:00:00,0.0,82.95120195345417
2030-04-17 07:00:00,0.0,76.7254774939455
2030-04-17 08:00:00,0.0,71.87806238288476
2030-04-17 09:00:00,0.0,78.34399329631628
2030-04-17 10:00:00,0.0,67.2944080115052
2030-04-17 11:00:00,0.0,59.38448732743427
2030-04-17 12:00:00,0.0,61.2703804560706
2030-04-17 13:00:00,0.0,65.80962197188842
2030-04-17 14:00:00,0.0,70.79127336807687
2030-04-17 15:00:00,0.0,78.22881494252691
2030-04-17 16:00:00,0.0,80.67903264810207
2030-04-17 17:00:00,0.0,85.02987046925715
2030-04-17 18:00:00,0.0,87.76874822282525
2030-04-17 19:00:00,0.0,98.6845599579084
2030-04-17 20:00:00,0.0,109.9305104281252
2030-04-17 21:00:00,0.0,111.00203652524065
2030-04-17 22:00:00,0.0,116.28951800282344
2030-04-17 23:00:00,0.0,116.69550538659144
2030-04-18 00:00:00,0.0,115.15661152371284
2030-04-18 01:00:00,0.0,109.76127594633861
2030-04-18 02:00:00,0.0,102.51488342051039
2030-04-18 03:00:00,0.0,97.72370617448848
2030-04-18 04:00:00,0.0,96.43822560298995
2030-04-18 05:00:00,0.0,96.12606251741452
2030-04-18 06:00:00,0.0,93.74976487160211
2030-04-18 07:00:00,0.0,88.56838376861094
2030-04-18 08:00:00,0.0,84.05241500981253
2030-04-18 09:00:00,0.0,79.4280637428461
2030-04-18 10:00:00,0.0,74.48771982627147
2030-04-18 11:00:00,0.0,68.40387076240881
2030-04-18 12:00:00,0.0,67.70578874085925
2030-04-18 13:00:00,0.0,71.17855490062243
2030-04-18 14:00:00,0.0,75.60980944328787
2030-04-18 15:00:00,0.0,78.21228437865022
2030-04-18 16:00:00,0.0,80.7556436025942
2030-04-18 17:00:00,0.0,84.97610939031631
2030-04-18 18:00:00,0.0,90.28930388182128
2030-04-18 19:00:00,0.0,99.5106951785964
2030-04-18 20:00:00,0.0,110.34526643789252
2030-04-18 21:00:00,0.0,113.0793240244768
2030-04-18 22:00:00,0.0,116.66744578339365
2030-04-18 23:00:00,0.0,117.37770448933757
2030-04-19 00:00:00,0.0,115.15661152371284
2030-04-19 01:00:00,0.0,109.76127594633861
2030-04-19 02:00:00,0.0,102.51488342051039
2030-04-19 03:00:00,0.0,97.72370617448848
2030-04-19 04:00:00,0.0,96.43822560298995
2030-04-19 05:00:00,0.0,96.12606251741452
2030-04-19 06:00:00,0.0,93.74976487160211
2030-04-19 07:00:00,0.0,88.56838376861094
2030-04-19 08:00:00,0.0,83.88302288968237
2030-04-19 09:00:00,0.0,78.77347367166497
2030-04-19 10:00:00,0.0,71.8499189120821
2030-04-19 11:00:00,0.0,69.17826074885306
2030-04-19 12:00:00,0.0,69.02135594641186
2030-04-19 13:00:00,0.0,74.05323406977969
2030-04-19 14:00:00,0.0,81.75053568947146
2030-04-19 15:00:00,0.0,84.58615329485804
2030-04-19 16:00:00,0.0,88.97298716940564
2030-04-19 17:00:00,0.0,91.51091213012931
2030-04-19 18:00:00,0.0,93.54118000363076
2030-04-19 19:00:00,0.0,101.7580207723596
2030-04-19 20:00:00,0.0,110.24442723890049
2030-04-19 21:00:00,0.0,114.42969242837025
2030-04-19 22:00:00,0.0,116.66744578339365
2030-04-19 23:00:00,0.0,117.37770448933757
2030-04-20 00:00:00,0.0,115.15661152371284
2030-04-20 01:00:00,0.0,109.76127594633861
2030-04-20 02:00:00,0.0,102.51488342051039
2030-04-20 03:00:00,0.0,97.72370617448848
2030-04-20 04:00:00,0.0,96.43822560298995
2030-04-20 05:00:00,0.0,96.12606251741452
2030-04-20 06:00:00,0.0,93.74976487160211
2030-04-20 07:00:00,0.0,88.56838376861094
2030-04-20 08:00:00,0.0,84.67106449202697
2030-04-20 09:00:00,0.0,81.66536540602577
2030-04-20 10:00:00,0.0,77.46730229316097
2030-04-20 11:00:00,0.0,72.22187700361222
2030-04-20 12:00:00,0.0,70.35268888368944
2030-04-20 13:00:00,0.0,73.32748952740155
2030-04-20 14:00:00,0.0,79.91515735885366
2030-04-20 15:00:00,0.0,82.24514428095436
2030-04-20 16:00:00,0.0,85.33672349480173
2030-04-20 17:00:00,0.0,88.6683741534979
2030-04-20 18:00:00,0.0,93.16246379367168
2030-04-20 19:00:00,0.0,102.2998721679346
2030-04-20 20:00:00,0.0,112.25595004314177
2030-04-20 21:00:00,0.0,116.08783960483936
2030-04-20 22:00:00,0.0,116.66744578339365
2030-04-20 23:00:00,0.0,117.37770448933757
2030-04-21 00:00:00,0.0,115.15661152371284
2030-04-21 01:00:00,0.0,109.76127594633861
2030-04-21 02:00:00,0.0,102.51488342051039
2030-04-21 03:00:00,0.0,97.72370617448848
2030-04-21 04:00:00,0.0,96.43822560298995
2030-04-21 05:00:00,0.0,96.12606251741452
2030-04-21 06:00:00,0.0,93.74976487160211
2030-04-21 07:00:00,0.0,88.56838376861094
2030-04-21 08:00:00,0.0,85.09086235495818
2030-04-21 09:00:00,0.0,84.59712059802133
2030-04-21 10:00:00,0.0,77.89543902511707
2030-04-21 11:00:00,0.0,72.22676761859611
2030-04-21 12:00:00,0.0,73.4362761161018
2030-04-21 13:00:00,0.0,75.93615936116589
2030-04-21 14:00:00,0.0,81.66594783285313
2030-04-21 15:00:00,0.0,84.9561665979968
2030-04-21 16:00:00,0.0,87.83776113401211
2030-04-21 17:00:00,0.0,87.51943016574535
2030-04-21 18:00:00,0.0,91.47285633338106
2030-04-21 19:00:00,0.0,102.19797919172036
2030-04-21 20:00:00,0.0,111.05464828123648
2030-04-21 21:00:00,0.0,114.78394491874224
2030-04-21 22:00:00,0.0,118.31682433386344
2030-04-21 23:00:00,0.0,118.5588384114444
2030-04-22 00:00:00,0.0,115.15661152371284
2030-04-22 01:00:00,0.0,109.76127594633861
2030-04-22 02:00:00,0.0,102.51488342051039
2030-04-22 03:00:00,0.0,97.72370617448848
2030-04-22 04:00:00,0.0,96.43822560298995
2030-04-22 05:00:00,0.0,96.12606251741452
2030-04-22 06:00:00,0.0,93.74976487160211
2030-04-22 07:00:00,0.0,88.56838376861094
2030-04-22 08:00:00,0.0,83.66207664603438
2030-04-22 09:00:00,0.0,78.71492361016647
2030-04-22 10:00:00,0.0,75.24274587019772
2030-04-22 11:00:00,0.0,72.76476831238004
2030-04-22 12:00:00,0.0,71.73372087139853
2030-04-22 13:00:00,0.0,75.29673027774083
2030-04-22 14:00:00,0.0,82.7992383184403
2030-04-22 15:00:00,0.0,86.01861154608491
2030-04-22 16:00:00,0.0,87.61710457603738
2030-04-22 17:00:00,0.0,90.52805886851309
2030-04-22 18:00:00,0.0,91.89567260795012
2030-04-22 19:00:00,0.0,99.70945469888397
2030-04-22 20:00:00,0.0,110.63726168366952
2030-04-22 21:00:00,0.0,112.74699309910297
2030-04-22 22:00:00,0.0,116.66744578339365
2030-04-22 23:00:00,0.0,117.37770448933757
2030-04-23 00:00:00,0.0,125.14933771252436
2030-04-23 01:00:00,0.0,116.55959168360208
2030-04-23 02:00:00,0.0,112.76102290070185
2030-04-23 03:00:00,0.0,108.00842760907688
2030-04-23 04:00:00,0.0,106.11878870622604
2030-04-23 05:00:00,0.0,103.23566447765359
2030-04-23 06:00:00,0.0,99.41780471755489
2030-04-23 07:00:00,0.0,91.72421226576192
2030-04-23 08:00:00,0.0,86.5995663558026
2030-04-23 09:00:00,0.0,82.36653308713153
2030-04-23 10:00:00,0.0,73.39539054998819
2030-04-23 11:00:00,0.0,73.69788492933513
2030-04-23 12:00:00,0.0,71.34097221089019
2030-04-23 13:00:00,0.0,75.36392720158221
2030-04-23 14:00:00,0.0,81.34723021746754
2030-04-23 15:00:00,0.0,86.19731946363254
2030-04-23 16:00:00,0.0,90.49199727510654
2030-04-23 17:00:00,0.0,93.76446181161235
2030-04-23 18:00:00,0.0,97.71139203815687
2030-04-23 19:00:00,0.0,104.23704242105975
2030-04-23 20:00:00,0.0,117.76001658290738
2030-04-23 21:00:00,0.0,119.944281319335
2030-04-23 22:00:00,0.0,118.84907993202148
2030-04-23 23:00:00,0.0,121.1008630886438
2030-04-24 00:00:00,0.0,117.16287315235456
2030-04-24 01:00:00,0.0,113.3064314378588
2030-04-24 02:00:00,0.0,107.88128253208696
2030-04-24 03:00:00,0.0,102.91473276607881
2030-04-24 04:00:00,0.0,100.90847113743712
2030-04-24 05:00:00,0.0,85.14335845328128
2030-04-24 06:00:00,0.0,82.95120195345417
2030-04-24 07:00:00,0.0,76.7254774939455
2030-04-24 08:00:00,0.0,71.54664301741275
2030-04-24 09:00:00,0.0,77.93885153421375
2030-04-24 10:00:00,0.0,65.73364283491605
2030-04-24 11:00:00,0.0,57.84054346409744
2030-04-24 12:00:00,0.0,59.19331048460514
2030-04-24 13:00:00,0.0,64.57446868731904
2030-04-24 14:00:00,0.0,71.75102305683845
2030-04-24 15:00:00,0.0,79.80669773659656
2030-04-24 16:00:00,0.0,82.4195151840197
2030-04-24 17:00:00,0.0,85.61366954626544
2030-04-24 18:00:00,0.0,87.59623372247438
2030-04-24 19:00:00,0.0,96.7958094834247
2030-04-24 20:00:00,0.0,106.77029761797462
2030-04-24 21:00:00,0.0,110.30756134609544
2030-04-24 22:00:00,0.0,116.28951800282344
2030-04-24 23:00:00,0.0,116.69550538659144
2030-04-25 00:00:00,0.0,115.15661152371284
2030-04-25 01:00:00,0.0,109.76127594633861
2030-04-25 02:00:00,0.0,102.51488342051039
2030-04-25 03:00:00,0.0,97.72370617448848
2030-04-25 04:00:00,0.0,96.43822560298995
2030-04-25 05:00:00,0.0,96.12606251741452
2030-04-25 06:00:00,0.0,93.74976487160211
2030-04-25 07:00:00,0.0,88.56838376861094
2030-04-25 08:00:00,0.0,83.68417127039913
2030-04-25 09:00:00,0.0,77.67139380834863
2030-04-25 10:00:00,0.0,69.95645333182006
2030-04-25 11:00:00,0.0,63.916804208888834
2030-04-25 12:00:00,0.0,64.12173000734003
2030-04-25 13:00:00,0.0,67.73028925556719
2030-04-25 14:00:00,0.0,76.48941925732515
2030-04-25 15:00:00,0.0,78.67337083483096
2030-04-25 16:00:00,0.0,82.24390454963611
2030-04-25 17:00:00,0.0,82.9280474728057
2030-04-25 18:00:00,0.0,87.9238133256688
2030-04-25 19:00:00,0.0,99.04348119592099
2030-04-25 20:00:00,0.0,110.31019193389533
2030-04-25 21:00:00,0.0,112.63913899931153
2030-04-25 22:00:00,0.0,116.66744578339365
2030-04-25 23:00:00,0.0,117.37770448933757
2030-04-26 00:00:00,0.0,115.15661152371284
2030-04-26 01:00:00,0.0,109.76127594633861
2030-04-26 02:00:00,0.0,102.51488342051039
2030-04-26 03:00:00,0.0,97.72370617448848
2030-04-26 04:00:00,0.0,96.43822560298995
2030-04-26 05:00:00,0.0,96.12606251741452
2030-04-26 06:00:00,0.0,93.74976487160211
2030-04-26 07:00:00,0.0,88.56838376861094
2030-04-26 08:00:00,0.0,83.73572539391705
2030-04-26 09:00:00,0.0,78.61984238358173
2030-04-26 10:00:00,0.0,75.46443765110428
2030-04-26 11:00:00,0.0,70.03651344217269
2030-04-26 12:00:00,0.0,70.2436590060139
2030-04-26 13:00:00,0.0,74.14349839694285
2030-04-26 14:00:00,0.0,80.51645502162022
2030-04-26 15:00:00,0.0,84.67255813704195
2030-04-26 16:00:00,0.0,85.95733518087286
2030-04-26 17:00:00,0.0,89.91294836283862
2030-04-26 18:00:00,0.0,93.51129739431212
2030-04-26 19:00:00,0.0,100.24203713949623
2030-04-26 20:00:00,0.0,111.51500114620023
2030-04-26 21:00:00,0.0,113.39411769785193
2030-04-26 22:00:00,0.0,116.66744578339365
2030-04-26 23:00:00,0.0,117.37770448933757
2030-04-27 00:00:00,0.0,115.15661152371284
2030-04-27 01:00:00,0.0,109.76127594633861
2030-04-27 02:00:00,0.0,102.51488342051039
2030-04-27 03:00:00,0.0,97.72370617448848
2030-04-27 04:00:00,0.0,96.43822560298995
2030-04-27 05:00:00,0.0,96.12606251741452
2030-04-27 06:00:00,0.0,93.74976487160211
2030-04-27 07:00:00,0.0,88.56838376861094
2030-04-27 08:00:00,0.0,84.04505013502421
2030-04-27 09:00:00,0.0,79.81729771712014
2030-04-27 10:00:00,0.0,75.2335267676342
2030-04-27 11:00:00,0.0,72.56413011279449
2030-04-27 12:00:00,0.0,71.35416594353455
2030-04-27 13:00:00,0.0,75.44461836890594
2030-04-27 14:00:00,0.0,83.76528114847724
2030-04-27 15:00:00,0.0,85.78601434788243
2030-04-27 16:00:00,0.0,89.06655249998232
2030-04-27 17:00:00,0.0,89.39200766578416
2030-04-27 18:00:00,0.0,93.47343001113892
2030-04-27 19:00:00,0.0,102.41122600761425
2030-04-27 20:00:00,0.0,113.66857569163028
2030-04-27 21:00:00,0.0,116.11502234543718
2030-04-27 22:00:00,0.0,116.77880733358484
2030-04-27 23:00:00,0.0,117.37770448933757
2030-04-28 00:00:00,0.0,115.15661152371284
2030-04-28 01:00:00,0.0,109.76127594633861
2030-04-28 02:00:00,0.0,102.51488342051039
2030-04-28 03:00:00,0.0,97.72370617448848
2030-04-28 04:00:00,0.0,96.43822560298995
2030-04-28 05:00:00,0.0,96.12606251741452
2030-04-28 06:00:00,0.0,93.74976487160211
2030-04-28 07:00:00,0.0,88.56838376861094
2030-04-28 08:00:00,0.0,85.74331752391036
2030-04-28 09:00:00,0.0,84.275819636179
2030-04-28 10:00:00,0.0,81.61140524889606
2030-04-28 11:00:00,0.0,79.64927280803386
2030-04-28 12:00:00,0.0,74.53417569115379
2030-04-28 13:00:00,0.0,77.45462203018906
2030-04-28 14:00:00,0.0,80.93331506265031
2030-04-28 15:00:00,0.0,84.0481972775634
2030-04-28 16:00:00,0.0,87.35108697002748
2030-04-28 17:00:00,0.0,89.7003832534259
2030-04-28 18:00:00,0.0,93.00738213995407
2030-04-28 19:00:00,0.0,103.82577844066918
2030-04-28 20:00:00,0.0,114.10525326639583
2030-04-28 21:00:00,0.0,116.1492199868345
2030-04-28 22:00:00,0.0,119.5575849127656
2030-04-28 23:00:00,0.0,119.75049468475036
2030-04-29 00:00:00,0.0,117.34438371054021
2030-04-29 01:00:00,0.0,112.01481282816076
2030-04-29 02:00:00,0.0,104.49133172075447
2030-04-29 03:00:00,0.0,97.72370617448848
2030-04-29 04:00:00,0.0,96.43822560298995
2030-04-29 05:00:00,0.0,96.12606251741452
2030-04-29 06:00:00,0.0,93.74976487160211
2030-04-29 07:00:00,0.0,88.56838376861094
2030-04-29 08:00:00,0.0,84.61856839370385
2030-04-29 09:00:00,0.0,80.92302105674433
2030-04-29 10:00:00,0.0,78.17347107167961
2030-04-29 11:00:00,0.0,74.07540696767092
2030-04-29 12:00:00,0.0,74.36900944790285
2030-04-29 13:00:00,0.0,78.77269122293886
2030-04-29 14:00:00,0.0,86.52125823946902
2030-04-29 15:00:00,0.0,91.92751693481034
2030-04-29 16:00:00,0.0,94.80742465249612
2030-04-29 17:00:00,0.0,96.72934588354269
2030-04-29 18:00:00,0.0,99.80635835153792
2030-04-29 19:00:00,0.0,107.81900686549828
2030-04-29 20:00:00,0.0,117.81613578930296
2030-04-29 21:00:00,0.0,119.57775275256392
2030-04-29 22:00:00,0.0,122.52138050053168
2030-04-29 23:00:00,0.0,121.81901355798708
2030-04-30 00:00:00,0.0,128.67520222684607
2030-04-30 01:00:00,0.0,119.52075668356848
2030-04-30 02:00:00,0.0,113.23452870466453
2030-04-30 03:00:00,0.0,108.00842760907688
2030-04-30 04:00:00,0.0,106.11878870622604
2030-04-30 05:00:00,0.0,103.23566447765359
2030-04-30 06:00:00,0.0,99.41780471755489
2030-04-30 07:00:00,0.0,91.72421226576192
2030-04-30 08:00:00,0.0,86.46699860961371
2030-04-30 09:00:00,0.0,84.25736684503408
2030-04-30 10:00:00,0.0,79.79652413579856
2030-04-30 11:00:00,0.0,79.50608217915033
2030-04-30 12:00:00,0.0,81.25961152982494
2030-04-30 13:00:00,0.0,85.35343886430928
2030-04-30 14:00:00,0.0,91.59983618350668
2030-04-30 15:00:00,0.0,96.8029313228592
2030-04-30 16:00:00,0.0,99.34169969241452
2030-04-30 17:00:00,0.0,98.60405722210794
2030-04-30 18:00:00,0.0,103.61007562441534
2030-04-30 19:00:00,0.0,113.13752465281173
2030-04-30 20:00:00,0.0,124.3136876547902
2030-04-30 21:00:00,0.0,126.47778455141952
2030-04-30 22:00:00,0.0,122.02332254377096
2030-04-30 23:00:00,0.0,123.30354193966993
2030-05-01 00:00:00,0.0,123.23602351947532
2030-05-01 01:00:00,0.0,116.2395368346274
2030-05-01 02:00:00,0.0,114.80498962114063
2030-05-01 03:00:00,0.0,113.15034989507114
2030-05-01 04:00:00,0.0,107.79359627209384
2030-05-01 05:00:00,0.0,105.30067590049055
2030-05-01 06:00:00,0.0,102.61221516910268
2030-05-01 07:00:00,0.0,95.21061796308686
2030-05-01 08:00:00,0.0,88.38015130906354
2030-05-01 09:00:00,0.0,80.05076143707481
2030-05-01 10:00:00,0.0,76.64848398392972
2030-05-01 11:00:00,0.0,70.98616030954463
2030-05-01 12:00:00,0.0,67.70972558723929
2030-05-01 13:00:00,0.0,66.45932581519276
2030-05-01 14:00:00,0.0,69.41027695123512
2030-05-01 15:00:00,0.0,83.04932823408899
2030-05-01 16:00:00,0.0,89.37984678135501
2030-05-01 17:00:00,0.0,90.82851982714647
2030-05-01 18:00:00,0.0,97.43188286653513
2030-05-01 19:00:00,0.0,108.862638708271
2030-05-01 20:00:00,0.0,115.7993518094621
2030-05-01 21:00:00,0.0,116.17640272743232
2030-05-01 22:00:00,0.0,113.15298048287092
2030-05-01 23:00:00,0.0,113.26609575826204
2030-05-02 00:00:00,0.0,119.90131505193845
2030-05-02 01:00:00,0.0,111.99113753796269
2030-05-02 02:00:00,0.0,108.18380012906312
2030-05-02 03:00:00,0.0,104.65793561474128
2030-05-02 04:00:00,0.0,101.51175260618957
2030-05-02 05:00:00,0.0,99.92463130031479
2030-05-02 06:00:00,0.0,98.22965589464854
2030-05-02 07:00:00,0.0,90.14673644848642
2030-05-02 08:00:00,0.0,84.04618487261747
2030-05-02 09:00:00,0.0,75.70813007728655
2030-05-02 10:00:00,0.0,66.25067220014978
2030-05-02 11:00:00,0.0,64.94655731738567
2030-05-02 12:00:00,0.0,70.14593984144597
2030-05-02 13:00:00,0.0,72.43159343601712
2030-05-02 14:00:00,0.0,67.92755811053212
2030-05-02 15:00:00,0.0,77.35417359883127
2030-05-02 16:00:00,0.0,82.94117802984668
2030-05-02 17:00:00,0.0,86.63747257474108
2030-05-02 18:00:00,0.0,89.53678801028082
2030-05-02 19:00:00,0.0,102.57133032364548
2030-05-02 20:00:00,0.0,107.78044333309492
2030-05-02 21:00:00,0.0,111.80875011717704
2030-05-02 22:00:00,0.0,117.20759314495103
2030-05-02 23:00:00,0.0,117.8336730413016
2030-05-03 00:00:00,0.0,119.64614803535856
2030-05-03 01:00:00,0.0,111.99113753796269
2030-05-03 02:00:00,0.0,108.18380012906312
2030-05-03 03:00:00,0.0,104.65793561474128
2030-05-03 04:00:00,0.0,101.51175260618957
2030-05-03 05:00:00,0.0,99.92463130031479
2030-05-03 06:00:00,0.0,98.22965589464854
2030-05-03 07:00:00,0.0,90.14673644848642
2030-05-03 08:00:00,0.0,84.03145512304093
2030-05-03 09:00:00,0.0,76.06709437828657
2030-05-03 10:00:00,0.0,69.7821534285523
2030-05-03 11:00:00,0.0,66.15431077036942
2030-05-03 12:00:00,0.0,66.5780756472725
2030-05-03 13:00:00,0.0,67.65731268073489
2030-05-03 14:00:00,0.0,65.80060068403407
2030-05-03 15:00:00,0.0,75.25929819742043
2030-05-03 16:00:00,0.0,80.70220449468354
2030-05-03 17:00:00,0.0,84.20240217405569
2030-05-03 18:00:00,0.0,88.12217450077344
2030-05-03 19:00:00,0.0,100.82656223017273
2030-05-03 20:00:00,0.0,105.37520922148472
2030-05-03 21:00:00,0.0,111.12742787703075
2030-05-03 22:00:00,0.0,115.737094564867
2030-05-03 23:00:00,0.0,117.11639943455816
2030-05-04 00:00:00,0.0,119.64614803535856
2030-05-04 01:00:00,0.0,111.99113753796269
2030-05-04 02:00:00,0.0,108.18380012906312
2030-05-04 03:00:00,0.0,104.65793561474128
2030-05-04 04:00:00,0.0,101.51175260618957
2030-05-04 05:00:00,0.0,99.92463130031479
2030-05-04 06:00:00,0.0,98.22965589464854
2030-05-04 07:00:00,0.0,90.14673644848642
2030-05-04 08:00:00,0.0,83.91361712642856
2030-05-04 09:00:00,0.0,75.34175695530541
2030-05-04 10:00:00,0.0,65.07391189884083
2030-05-04 11:00:00,0.0,63.45699321677671
2030-05-04 12:00:00,0.0,64.01234286266674
2030-05-04 13:00:00,0.0,64.42215050440223
2030-05-04 14:00:00,0.0,64.37639106364975
2030-05-04 15:00:00,0.0,73.42329428956134
2030-05-04 16:00:00,0.0,78.71877805153258
2030-05-04 17:00:00,0.0,82.72192390376085
2030-05-04 18:00:00,0.0,86.8364641330287
2030-05-04 19:00:00,0.0,101.76234768366544
2030-05-04 20:00:00,0.0,105.66282015426202
2030-05-04 21:00:00,0.0,109.37370267716913
2030-05-04 22:00:00,0.0,115.737094564867
2030-05-04 23:00:00,0.0,117.11639943455816
2030-05-05 00:00:00,0.0,119.64614803535856
2030-05-05 01:00:00,0.0,111.99113753796269
2030-05-05 02:00:00,0.0,108.18380012906312
2030-05-05 03:00:00,0.0,104.65793561474128
2030-05-05 04:00:00,0.0,101.51175260618957
2030-05-05 05:00:00,0.0,99.92463130031479
2030-05-05 06:00:00,0.0,98.22965589464854
2030-05-05 07:00:00,0.0,90.14673644848642
2030-05-05 08:00:00,0.0,83.97990099952301
2030-05-05 09:00:00,0.0,75.4964929746069
2030-05-05 10:00:00,0.0,66.59331587785505
2030-05-05 11:00:00,0.0,63.69931779468914
2030-05-05 12:00:00,0.0,64.05840886306635
2030-05-05 13:00:00,0.0,65.61631517470892
2030-05-05 14:00:00,0.0,67.15831503779111
2030-05-05 15:00:00,0.0,76.84448820829903
2030-05-05 16:00:00,0.0,82.32405659776737
2030-05-05 17:00:00,0.0,86.2197212373362
2030-05-05 18:00:00,0.0,89.3691205679695
2030-05-05 19:00:00,0.0,100.15400476077012
2030-05-05 20:00:00,0.0,105.7163087728578
2030-05-05 21:00:00,0.0,110.2786248802978
2030-05-05 22:00:00,0.0,115.737094564867
2030-05-05 23:00:00,0.0,117.11639943455816
2030-05-06 00:00:00,0.0,119.64614803535856
2030-05-06 01:00:00,0.0,111.99113753796269
2030-05-06 02:00:00,0.0,108.18380012906312
2030-05-06 03:00:00,0.0,104.65793561474128
2030-05-06 04:00:00,0.0,101.51175260618957
2030-05-06 05:00:00,0.0,99.92463130031479
2030-05-06 06:00:00,0.0,98.22965589464854
2030-05-06 07:00:00,0.0,90.14673644848642
2030-05-06 08:00:00,0.0,84.11983362050012
2030-05-06 09:00:00,0.0,76.166181039104
2030-05-06 10:00:00,0.0,67.86143002527376
2030-05-06 11:00:00,0.0,65.30475398504086
2030-05-06 12:00:00,0.0,65.1598170755434
2030-05-06 13:00:00,0.0,66.34742160401322
2030-05-06 14:00:00,0.0,67.89814540629936
2030-05-06 15:00:00,0.0,76.45032878877646
2030-05-06 16:00:00,0.0,80.81748796418879
2030-05-06 17:00:00,0.0,81.428139426465
2030-05-06 18:00:00,0.0,84.57662706423378
2030-05-06 19:00:00,0.0,98.5088336086776
2030-05-06 20:00:00,0.0,103.15762370625976
2030-05-06 21:00:00,0.0,108.76603689541717
2030-05-06 22:00:00,0.0,115.737094564867
2030-05-06 23:00:00,0.0,117.11639943455816
2030-05-07 00:00:00,0.0,119.98724758673164
2030-05-07 01:00:00,0.0,116.7051508751906
2030-05-07 02:00:00,0.0,106.33274318060909
2030-05-07 03:00:00,0.0,105.43658960347987
2030-05-07 04:00:00,0.0,104.20021333757744
2030-05-07 05:00:00,0.0,101.7265839431726
2030-05-07 06:00:00,0.0,100.0026720717086
2030-05-07 07:00:00,0.0,90.30194112867412
2030-05-07 08:00:00,0.0,81.80247424927256
2030-05-07 09:00:00,0.0,76.1235387178998
2030-05-07 10:00:00,0.0,70.88604164582307
2030-05-07 11:00:00,0.0,63.16334791056272
2030-05-07 12:00:00,0.0,63.73735373577313
2030-05-07 13:00:00,0.0,69.25306228502222
2030-05-07 14:00:00,0.0,67.57931669120512
2030-05-07 15:00:00,0.0,74.38137801254582
2030-05-07 16:00:00,0.0,84.03216159250665
2030-05-07 17:00:00,0.0,84.24524660200746
2030-05-07 18:00:00,0.0,89.32379903148579
2030-05-07 19:00:00,0.0,97.5928544552272
2030-05-07 20:00:00,0.0,104.49045485815452
2030-05-07 21:00:00,0.0,110.24793468930022
2030-05-07 22:00:00,0.0,114.83304922433832
2030-05-07 23:00:00,0.0,116.4876889504078
2030-05-08 00:00:00,0.0,121.83830453518556
2030-05-08 01:00:00,0.0,115.19607034070977
2030-05-08 02:00:00,0.0,114.76728452934356
2030-05-08 03:00:00,0.0,113.15034989507114
2030-05-08 04:00:00,0.0,107.79359627209384
2030-05-08 05:00:00,0.0,105.30067590049055
2030-05-08 06:00:00,0.0,102.61221516910268
2030-05-08 07:00:00,0.0,95.21061796308686
2030-05-08 08:00:00,0.0,88.30650256118086
2030-05-08 09:00:00,0.0,81.15386571677243
2030-05-08 10:00:00,0.0,77.54613069550089
2030-05-08 11:00:00,0.0,72.41545108589298
2030-05-08 12:00:00,0.0,70.64595166463198
2030-05-08 13:00:00,0.0,69.30654381038619
2030-05-08 14:00:00,0.0,70.33954289531937
2030-05-08 15:00:00,0.0,82.11704528378355
2030-05-08 16:00:00,0.0,88.51728343342371
2030-05-08 17:00:00,0.0,90.81450028096685
2030-05-08 18:00:00,0.0,96.47735093903155
2030-05-08 19:00:00,0.0,107.92000755808964
2030-05-08 20:00:00,0.0,115.56610635788049
2030-05-08 21:00:00,0.0,117.65216248311594
2030-05-08 22:00:00,0.0,113.94917172360806
2030-05-08 23:00:00,0.0,114.330606954578
2030-05-09 00:00:00,0.0,122.00140097877272
2030-05-09 01:00:00,0.0,114.13243600699364
2030-05-09 02:00:00,0.0,110.19093862030468
2030-05-09 03:00:00,0.0,106.02408754543352
2030-05-09 04:00:00,0.0,102.6490433982998
2030-05-09 05:00:00,0.0,100.4200586692757
2030-05-09 06:00:00,0.0,99.44761804595248
2030-05-09 07:00:00,0.0,91.14986726280722
2030-05-09 08:00:00,0.0,88.49966978101622
2030-05-09 09:00:00,0.0,82.21795772499297
2030-05-09 10:00:00,0.0,75.36031991475329
2030-05-09 11:00:00,0.0,72.24670832073866
2030-05-09 12:00:00,0.0,71.71450430283062
2030-05-09 13:00:00,0.0,72.32661479958051
2030-05-09 14:00:00,0.0,71.11534368831224
2030-05-09 15:00:00,0.0,80.17595193395914
2030-05-09 16:00:00,0.0,85.52403281904003
2030-05-09 17:00:00,0.0,89.46263253260518
2030-05-09 18:00:00,0.0,91.45329048389247
2030-05-09 19:00:00,0.0,104.8180099430117
2030-05-09 20:00:00,0.0,109.73058575534104
2030-05-09 21:00:00,0.0,114.38935674877337
2030-05-09 22:00:00,0.0,119.84870329594264
2030-05-09 23:00:00,0.0,120.47916750529282
2030-05-10 00:00:00,0.0,121.59804418280451
2030-05-10 01:00:00,0.0,113.9667089756067
2030-05-10 02:00:00,0.0,108.35128088564989
2030-05-10 03:00:00,0.0,104.83330813472752
2030-05-10 04:00:00,0.0,101.81777765356536
2030-05-10 05:00:00,0.0,99.92463130031479
2030-05-10 06:00:00,0.0,98.22965589464854
2030-05-10 07:00:00,0.0,90.14673644848642
2030-05-10 08:00:00,0.0,86.50171928436646
2030-05-10 09:00:00,0.0,80.56942080797
2030-05-10 10:00:00,0.0,73.19578515174953
2030-05-10 11:00:00,0.0,70.33584990899215
2030-05-10 12:00:00,0.0,70.34425411758764
2030-05-10 13:00:00,0.0,71.91600394399302
2030-05-10 14:00:00,0.0,70.04722581147496
2030-05-10 15:00:00,0.0,77.72996644891828
2030-05-10 16:00:00,0.0,82.45959102310121
2030-05-10 17:00:00,0.0,85.49804045198425
2030-05-10 18:00:00,0.0,88.88089163298515
2030-05-10 19:00:00,0.0,101.90999515341969
2030-05-10 20:00:00,0.0,106.6247384263861
2030-05-10 21:00:00,0.0,111.59742623059365
2030-05-10 22:00:00,0.0,116.8559712423787
2030-05-10 23:00:00,0.0,117.4627601615308
2030-05-11 00:00:00,0.0,119.64614803535856
2030-05-11 01:00:00,0.0,111.99113753796269
2030-05-11 02:00:00,0.0,108.18380012906312
2030-05-11 03:00:00,0.0,104.65793561474128
2030-05-11 04:00:00,0.0,101.51175260618957
2030-05-11 05:00:00,0.0,99.92463130031479
2030-05-11 06:00:00,0.0,98.22965589464854
2030-05-11 07:00:00,0.0,90.14673644848642
2030-05-11 08:00:00,0.0,84.14192824486484
2030-05-11 09:00:00,0.0,77.51005034935883
2030-05-11 10:00:00,0.0,70.72857344418969
2030-05-11 11:00:00,0.0,66.28742385541705
2030-05-11 12:00:00,0.0,66.5912789326278
2030-05-11 13:00:00,0.0,67.76114795760714
2030-05-11 14:00:00,0.0,69.08910440949819
2030-05-11 15:00:00,0.0,77.9839433868019
2030-05-11 16:00:00,0.0,84.05890424492237
2030-05-11 17:00:00,0.0,85.35728446731093
2030-05-11 18:00:00,0.0,88.36015669882272
2030-05-11 19:00:00,0.0,101.98066719476947
2030-05-11 20:00:00,0.0,108.59680241363048
2030-05-11 21:00:00,0.0,112.1919390733468
2030-05-11 22:00:00,0.0,117.9564338052919
2030-05-11 23:00:00,0.0,118.61495761784
2030-05-12 00:00:00,0.0,120.40814163469848
2030-05-12 01:00:00,0.0,112.44973667772636
2030-05-12 02:00:00,0.0,108.27499383945587
2030-05-12 03:00:00,0.0,104.88065871512369
2030-05-12 04:00:00,0.0,101.8309305925644
2030-05-12 05:00:00,0.0,99.92463130031479
2030-05-12 06:00:00,0.0,98.22965589464854
2030-05-12 07:00:00,0.0,90.14673644848642
2030-05-12 08:00:00,0.0,85.43651970584004
2030-05-12 09:00:00,0.0,79.30720057343831
2030-05-12 10:00:00,0.0,73.16224216389469
2030-05-12 11:00:00,0.0,68.93625613855454
2030-05-12 12:00:00,0.0,68.54914659203291
2030-05-12 13:00:00,0.0,69.57980222029175
2030-05-12 14:00:00,0.0,69.74667114931799
2030-05-12 15:00:00,0.0,84.61231226527455
2030-05-12 16:00:00,0.0,86.31195558291017
2030-05-12 17:00:00,0.0,88.55124686387956
2030-05-12 18:00:00,0.0,92.14984545219511
2030-05-12 19:00:00,0.0,105.26554827719792
2030-05-12 20:00:00,0.0,111.26860275561965
2030-05-12 21:00:00,0.0,118.33962276146165
2030-05-12 22:00:00,0.0,122.22850839215482
2030-05-12 23:00:00,0.0,122.01893823077135
2030-05-13 00:00:00,0.0,123.50258974985422
2030-05-13 01:00:00,0.0,115.73797142746696
2030-05-13 02:00:00,0.0,111.04237220483752
2030-05-13 03:00:00,0.0,106.31257534081078
2030-05-13 04:00:00,0.0,103.43821973823752
2030-05-13 05:00:00,0.0,101.45300281199422
2030-05-13 06:00:00,0.0,99.58703919934146
2030-05-13 07:00:00,0.0,91.67773854796563
2030-05-13 08:00:00,0.0,89.62835344072641
2030-05-13 09:00:00,0.0,84.50193881168684
2030-05-13 10:00:00,0.0,77.75134335084385
2030-05-13 11:00:00,0.0,75.07846876766233
2030-05-13 12:00:00,0.0,74.81868669181677
2030-05-13 13:00:00,0.0,73.6809119597342
2030-05-13 14:00:00,0.0,72.142643038203
2030-05-13 15:00:00,0.0,80.0974294450665
2030-05-13 16:00:00,0.0,85.58499829533822
2030-05-13 17:00:00,0.0,89.33221610655664
2030-05-13 18:00:00,0.0,93.3057254216867
2030-05-13 19:00:00,0.0,106.31166463519423
2030-05-13 20:00:00,0.0,112.59266528151522
2030-05-13 21:00:00,0.0,116.50347247720651
2030-05-13 22:00:00,0.0,122.85721887630518
2030-05-13 23:00:00,0.0,123.0957255034864
2030-05-14 00:00:00,0.0,124.8818946195454
2030-05-14 01:00:00,0.0,121.0912176000445
2030-05-14 02:00:00,0.0,108.94930117880268
2030-05-14 03:00:00,0.0,107.84533116548982
2030-05-14 04:00:00,0.0,106.41955257800224
2030-05-14 05:00:00,0.0,102.53680498550877
2030-05-14 06:00:00,0.0,101.12768678741986
2030-05-14 07:00:00,0.0,91.36995977538979
2030-05-14 08:00:00,0.0,86.52785595825355
2030-05-14 09:00:00,0.0,82.55055830951869
2030-05-14 10:00:00,0.0,73.8532556617523
2030-05-14 11:00:00,0.0,68.78771786638254
2030-05-14 12:00:00,0.0,69.59352079059659
2030-05-14 13:00:00,0.0,75.11787178682742
2030-05-14 14:00:00,0.0,75.07521479484274
2030-05-14 15:00:00,0.0,81.53975174811171
2030-05-14 16:00:00,0.0,90.6725499724272
2030-05-14 17:00:00,0.0,90.94408097977498
2030-05-14 18:00:00,0.0,95.56690529820321
2030-05-14 19:00:00,0.0,103.58794862993112
2030-05-14 20:00:00,0.0,111.77104502537996
2030-05-14 21:00:00,0.0,116.82791163918093
2030-05-14 22:00:00,0.0,121.09297132524443
2030-05-14 23:00:00,0.0,122.20220251415684
2030-05-15 00:00:00,0.0,126.80660802639352
2030-05-15 01:00:00,0.0,120.159989518918
2030-05-15 02:00:00,0.0,118.68598348843432
2030-05-15 03:00:00,0.0,115.62836360247557
2030-05-15 04:00:00,0.0,109.75864535853884
2030-05-15 05:00:00,0.0,106.43182865440131
2030-05-15 06:00:00,0.0,103.63463696062206
2030-05-15 07:00:00,0.0,95.79811590504049
2030-05-15 08:00:00,0.0,90.27858196944828
2030-05-15 09:00:00,0.0,84.86129139192167
2030-05-15 10:00:00,0.0,81.23921571736558
2030-05-15 11:00:00,0.0,78.127144660353
2030-05-15 12:00:00,0.0,76.02700359152686
2030-05-15 13:00:00,0.0,76.28967343643124
2030-05-15 14:00:00,0.0,78.75421389550878
2030-05-15 15:00:00,0.0,90.47844475636509
2030-05-15 16:00:00,0.0,96.42885318037747
2030-05-15 17:00:00,0.0,97.8836938339607
2030-05-15 18:00:00,0.0,103.17580204128512
2030-05-15 19:00:00,0.0,113.47458986517404
2030-05-15 20:00:00,0.0,120.45899966549437
2030-05-15 21:00:00,0.0,121.76026376379173
2030-05-15 22:00:00,0.0,116.61220343959803
2030-05-15 23:00:00,0.0,116.7446096921875
2030-05-16 00:00:00,0.0,123.46400779545728
2030-05-16 01:00:00,0.0,115.90895963445348
2030-05-16 02:00:00,0.0,110.6653212868672
2030-05-16 03:00:00,0.0,107.0210803215548
2030-05-16 04:00:00,0.0,103.9669678859958
2030-05-16 05:00:00,0.0,101.5880396523836
2030-05-16 06:00:00,0.0,100.02810108710662
2030-05-16 07:00:00,0.0,92.06531181713501
2030-05-16 08:00:00,0.0,89.2487837373734
2030-05-16 09:00:00,0.0,82.3381040152749
2030-05-16 10:00:00,0.0,75.23902527913447
2030-05-16 11:00:00,0.0,71.15100216018027
2030-05-16 12:00:00,0.0,71.68173805460867
2030-05-16 13:00:00,0.0,72.5274013507244
2030-05-16 14:00:00,0.0,69.5329076430578
2030-05-16 15:00:00,0.0,79.7607205593223
2030-05-16 16:00:00,0.0,83.55746852068114
2030-05-16 17:00:00,0.0,87.87649529588907
2030-05-16 18:00:00,0.0,90.23580019355664
2030-05-16 19:00:00,0.0,104.08022623299256
2030-05-16 20:00:00,0.0,112.32259160073647
2030-05-16 21:00:00,0.0,115.70026633567
2030-05-16 22:00:00,0.0,122.21886290355552
2030-05-16 23:00:00,0.0,122.97734905249568
2030-05-17 00:00:00,0.0,124.75562640515533
2030-05-17 01:00:00,0.0,116.55783795840227
2030-05-17 02:00:00,0.0,111.57287407779565
2030-05-17 03:00:00,0.0,106.90621132096383
2030-05-17 04:00:00,0.0,103.87840476340284
2030-05-17 05:00:00,0.0,100.86638173264053
2030-05-17 06:00:00,0.0,99.90183287271658
2030-05-17 07:00:00,0.0,91.77945460955753
2030-05-17 08:00:00,0.0,89.02027642803601
2030-05-17 09:00:00,0.0,82.87094188104129
2030-05-17 10:00:00,0.0,74.852898434915
2030-05-17 11:00:00,0.0,71.86892011751273
2030-05-17 12:00:00,0.0,75.69562230393558
2030-05-17 13:00:00,0.0,77.03553787455621
2030-05-17 14:00:00,0.0,72.24584381137697
2030-05-17 15:00:00,0.0,80.6847165156986
2030-05-17 16:00:00,0.0,85.30026281627579
2030-05-17 17:00:00,0.0,88.39389206919111
2030-05-17 18:00:00,0.0,91.96920806257059
2030-05-17 19:00:00,0.0,104.65774027812552
2030-05-17 20:00:00,0.0,110.61007894307158
2030-05-17 21:00:00,0.0,115.73972515266676
2030-05-17 22:00:00,0.0,120.67646159027731
2030-05-17 23:00:00,0.0,121.00440820265133
2030-05-18 00:00:00,0.0,122.76251771551269
2030-05-18 01:00:00,0.0,114.67433709375086
2030-05-18 02:00:00,0.0,109.14834898898698
2030-05-18 03:00:00,0.0,105.38134725968416
2030-05-18 04:00:00,0.0,102.21850386173377
2030-05-18 05:00:00,0.0,99.92463130031479
2030-05-18 06:00:00,0.0,98.22965589464854
2030-05-18 07:00:00,0.0,90.14673644848642
2030-05-18 08:00:00,0.0,86.20643591062537
2030-05-18 09:00:00,0.0,79.73883178461004
2030-05-18 10:00:00,0.0,72.8273220802605
2030-05-18 11:00:00,0.0,68.98571833740232
2030-05-18 12:00:00,0.0,69.33704894910737
2030-05-18 13:00:00,0.0,70.74218655373454
2030-05-18 14:00:00,0.0,70.15414279824518
2030-05-18 15:00:00,0.0,78.93184999411481
2030-05-18 16:00:00,0.0,83.75466485674917
2030-05-18 17:00:00,0.0,86.32705370918904
2030-05-18 18:00:00,0.0,88.49864477494326
2030-05-18 19:00:00,0.0,103.21267456869532
2030-05-18 20:00:00,0.0,111.01518946423973
2030-05-18 21:00:00,0.0,115.00842174432456
2030-05-18 22:00:00,0.0,120.08019502232435
2030-05-18 23:00:00,0.0,120.62209610908155
2030-05-19 00:00:00,0.0,121.65065593880036
2030-05-19 01:00:00,0.0,113.59667295843587
2030-05-19 02:00:00,0.0,108.18380012906312
2030-05-19 03:00:00,0.0,104.65793561474128
2030-05-19 04:00:00,0.0,101.51175260618957
2030-05-19 05:00:00,0.0,99.92463130031479
2030-05-19 06:00:00,0.0,98.22965589464854
2030-05-19 07:00:00,0.0,90.14673644848642
2030-05-19 08:00:00,0.0,86.35549869735779
2030-05-19 09:00:00,0.0,80.85488685866481
2030-05-19 10:00:00,0.0,74.09397328974944
2030-05-19 11:00:00,0.0,70.71381759036228
2030-05-19 12:00:00,0.0,71.89656308649683
2030-05-19 13:00:00,0.0,73.3657445256615
2030-05-19 14:00:00,0.0,71.74971251585987
2030-05-19 15:00:00,0.0,81.36006336037565
2030-05-19 16:00:00,0.0,87.31778132771342
2030-05-19 17:00:00,0.0,92.09740298507246
2030-05-19 18:00:00,0.0,92.66253150682589
2030-05-19 19:00:00,0.0,103.51851499093732
2030-05-19 20:00:00,0.0,111.88679088857089
2030-05-19 21:00:00,0.0,117.93714282809344
2030-05-19 22:00:00,0.0,124.8284060009496
2030-05-19 23:00:00,0.0,124.1725127762014
2030-05-20 00:00:00,0.0,125.26157612531551
2030-05-20 01:00:00,0.0,116.35002152221864
2030-05-20 02:00:00,0.0,111.63074700939102
2030-05-20 03:00:00,0.0,107.48055632391856
2030-05-20 04:00:00,0.0,103.71443145721572
2030-05-20 05:00:00,0.0,101.95018390615496
2030-05-20 06:00:00,0.0,99.79485563552508
2030-05-20 07:00:00,0.0,91.56023895957492
2030-05-20 08:00:00,0.0,88.46461455329779
2030-05-20 09:00:00,0.0,84.84937572542776
2030-05-20 10:00:00,0.0,72.67465906070447
2030-05-20 11:00:00,0.0,71.1690382695773
2030-05-20 12:00:00,0.0,72.67246981359459
2030-05-20 13:00:00,0.0,78.20704848060451
2030-05-20 14:00:00,0.0,74.4990274812343
2030-05-20 15:00:00,0.0,83.93243771222615
2030-05-20 16:00:00,0.0,86.76191251269779
2030-05-20 17:00:00,0.0,91.13241270733829
2030-05-20 18:00:00,0.0,95.16534026742136
2030-05-20 19:00:00,0.0,109.37864900322438
2030-05-20 20:00:00,0.0,115.53190871648324
2030-05-20 21:00:00,0.0,120.12053070192108
2030-05-20 22:00:00,0.0,124.6477723053639
2030-05-20 23:00:00,0.0,125.25806867491576
2030-05-21 00:00:00,0.0,127.02845426417603
2030-05-21 01:00:00,0.0,123.41402662726124
2030-05-21 02:00:00,0.0,110.61095580567157
2030-05-21 03:00:00,0.0,109.22200544738108
2030-05-21 04:00:00,0.0,107.66557433250397
2030-05-21 05:00:00,0.0,104.53342112555116
2030-05-21 06:00:00,0.0,103.58114834202625
2030-05-21 07:00:00,0.0,94.07157344577672
2030-05-21 08:00:00,0.0,87.88913138463681
2030-05-21 09:00:00,0.0,85.05893677088305
2030-05-21 10:00:00,0.0,78.12008852979147
2030-05-21 11:00:00,0.0,70.96097621723607
2030-05-21 12:00:00,0.0,70.3381824447672
2030-05-21 13:00:00,0.0,75.4436450394835
2030-05-21 14:00:00,0.0,72.92348611150237
2030-05-21 15:00:00,0.0,79.17285752617657
2030-05-21 16:00:00,0.0,87.7928469256767
2030-05-21 17:00:00,0.0,87.90128749071255
2030-05-21 18:00:00,0.0,92.28190232879545
2030-05-21 19:00:00,0.0,100.28498027535828
2030-05-21 20:00:00,0.0,109.84107044293228
2030-05-21 21:00:00,0.0,114.64890807835286
2030-05-21 22:00:00,0.0,119.44710022517425
2030-05-21 23:00:00,0.0,120.28888832110783
2030-05-22 00:00:00,0.0,125.24930004891644
2030-05-22 01:00:00,0.0,118.48781254084996
2030-05-22 02:00:00,0.0,117.03748180056436
2030-05-22 03:00:00,0.0,115.46263657108864
2030-05-22 04:00:00,0.0,109.9147269013265
2030-05-22 05:00:00,0.0,106.20910555401893
2030-05-22 06:00:00,0.0,103.6311295102223
2030-05-22 07:00:00,0.0,96.16026015881185
2030-05-22 08:00:00,0.0,91.731174047266
2030-05-22 09:00:00,0.0,85.46658022600307
2030-05-22 10:00:00,0.0,80.30125042820293
2030-05-22 11:00:00,0.0,75.56956157131424
2030-05-22 12:00:00,0.0,72.33588702143936
2030-05-22 13:00:00,0.0,71.66393060196685
2030-05-22 14:00:00,0.0,71.38328278996187
2030-05-22 15:00:00,0.0,83.12873241911132
2030-05-22 16:00:00,0.0,89.03305385720876
2030-05-22 17:00:00,0.0,87.62303727017932
2030-05-22 18:00:00,0.0,92.85893763811998
2030-05-22 19:00:00,0.0,105.8981585935503
2030-05-22 20:00:00,0.0,115.1943166155098
2030-05-22 21:00:00,0.0,116.43858464481173
2030-05-22 22:00:00,0.0,113.91672780741067
2030-05-22 23:00:00,0.0,114.21310736618727
2030-05-23 00:00:00,0.0,121.4621304798153
2030-05-23 01:00:00,0.0,113.38710279705242
2030-05-23 02:00:00,0.0,109.08346115659208
2030-05-23 03:00:00,0.0,104.88416616552342
2030-05-23 04:00:00,0.0,102.13344818954056
2030-05-23 05:00:00,0.0,100.0956195073013
2030-05-23 06:00:00,0.0,99.04689183778407
2030-05-23 07:00:00,0.0,91.0183378728176
2030-05-23 08:00:00,0.0,89.12649974366934
2030-05-23 09:00:00,0.0,83.72345843278016
2030-05-23 10:00:00,0.0,73.58735359009245
2030-05-23 11:00:00,0.0,70.05695098865726
2030-05-23 12:00:00,0.0,70.62771447429577
2030-05-23 13:00:00,0.0,71.20860990449341
2030-05-23 14:00:00,0.0,69.33667158943979
2030-05-23 15:00:00,0.0,78.07465021409212
2030-05-23 16:00:00,0.0,83.0362881901299
2030-05-23 17:00:00,0.0,86.52171366457787
2030-05-23 18:00:00,0.0,89.88576316342768
2030-05-23 19:00:00,0.0,103.39716568866957
2030-05-23 20:00:00,0.0,109.33599758537218
2030-05-23 21:00:00,0.0,115.4889424490866
2030-05-23 22:00:00,0.0,121.04825133264796
2030-05-23 23:00:00,0.0,121.81462924498749
2030-05-24 00:00:00,0.0,123.14307608388263
2030-05-24 01:00:00,0.0,114.95230253792896
2030-05-24 02:00:00,0.0,109.7989810381356
2030-05-24 03:00:00,0.0,105.43483587827996
2030-05-24 04:00:00,0.0,102.19833602193533
2030-05-24 05:00:00,0.0,100.19558184369338
2030-05-24 06:00:00,0.0,98.30594294084256
2030-05-24 07:00:00,0.0,90.23793015887918
2030-05-24 08:00:00,0.0,87.2035477725326
2030-05-24 09:00:00,0.0,82.53333924010894
2030-05-24 10:00:00,0.0,76.77134270625366
2030-05-24 11:00:00,0.0,75.28110724898522
2030-05-24 12:00:00,0.0,76.78033421509859
2030-05-24 13:00:00,0.0,77.88747260577554
2030-05-24 14:00:00,0.0,78.3845727016711
2030-05-24 15:00:00,0.0,86.2079353963644
2030-05-24 16:00:00,0.0,89.7059915453127
2030-05-24 17:00:00,0.0,90.52991513893085
2030-05-24 18:00:00,0.0,89.02853444073251
2030-05-24 19:00:00,0.0,100.98110123254207
2030-05-24 20:00:00,0.0,107.13244187174608
2030-05-24 21:00:00,0.0,113.6238556990338
2030-05-24 22:00:00,0.0,119.73471115795157
2030-05-24 23:00:00,0.0,120.71241295687445
2030-05-25 00:00:00,0.0,122.72393576111574
2030-05-25 01:00:00,0.0,114.88478411773428
2030-05-25 02:00:00,0.0,109.7919661373362
2030-05-25 03:00:00,0.0,106.21348986701857
2030-05-25 04:00:00,0.0,102.7647892614907
2030-05-25 05:00:00,0.0,99.92463130031479
2030-05-25 06:00:00,0.0,98.22965589464854
2030-05-25 07:00:00,0.0,90.14673644848642
2030-05-25 08:00:00,0.0,86.59271294860241
2030-05-25 09:00:00,0.0,82.51664906272663
2030-05-25 10:00:00,0.0,76.31678766696291
2030-05-25 11:00:00,0.0,71.32946067312889
2030-05-25 12:00:00,0.0,71.66172103548774
2030-05-25 13:00:00,0.0,71.72289999416353
2030-05-25 14:00:00,0.0,70.76064683699963
2030-05-25 15:00:00,0.0,78.14884662734995
2030-05-25 16:00:00,0.0,83.09897546726516
2030-05-25 17:00:00,0.0,84.03024888138702
2030-05-25 18:00:00,0.0,86.05527770429524
2030-05-25 19:00:00,0.0,99.79427948287433
2030-05-25 20:00:00,0.0,108.0724385788718
2030-05-25 21:00:00,0.0,114.06316386159916
2030-05-25 22:00:00,0.0,121.30517207442767
2030-05-25 23:00:00,0.0,121.4621304798153
2030-05-26 00:00:00,0.0,122.10487076556456
2030-05-26 01:00:00,0.0,114.15874188499161
2030-05-26 02:00:00,0.0,110.3040538956958
2030-05-26 03:00:00,0.0,104.90608773052168
2030-05-26 04:00:00,0.0,101.75113609597064
2030-05-26 05:00:00,0.0,99.92463130031479
2030-05-26 06:00:00,0.0,98.22965589464854
2030-05-26 07:00:00,0.0,90.14673644848642
2030-05-26 08:00:00,0.0,87.19569456169073
2030-05-26 09:00:00,0.0,81.68742969127561
2030-05-26 10:00:00,0.0,73.79576442939718
2030-05-26 11:00:00,0.0,70.59750812820198
2030-05-26 12:00:00,0.0,71.7757981599625
2030-05-26 13:00:00,0.0,73.05233633374678
2030-05-26 14:00:00,0.0,71.14317985753303
2030-05-26 15:00:00,0.0,78.55872546799422
2030-05-26 16:00:00,0.0,83.06474495148518
2030-05-26 17:00:00,0.0,85.11962578831152
2030-05-26 18:00:00,0.0,88.08805204650355
2030-05-26 19:00:00,0.0,102.07890279275205
2030-05-26 20:00:00,0.0,109.97347669552185
2030-05-26 21:00:00,0.0,114.53491594036188
2030-05-26 22:00:00,0.0,120.65015571227934
2030-05-26 23:00:00,0.0,121.22450071523404
2030-05-27 00:00:00,0.0,122.88089416650335
2030-05-27 01:00:00,0.0,114.89179901853367
2030-05-27 02:00:00,0.0,110.29791585749626
2030-05-27 03:00:00,0.0,106.96233052735943
2030-05-27 04:00:00,0.0,103.97749023719496
2030-05-27 05:00:00,0.0,101.68361767577608
2030-05-27 06:00:00,0.0,100.0587912781042
2030-05-27 07:00:00,0.0,92.06005064153544
2030-05-27 08:00:00,0.0,88.73386534505721
2030-05-27 09:00:00,0.0,83.32578442209184
2030-05-27 10:00:00,0.0,74.51455023811002
2030-05-27 11:00:00,0.0,70.64463497080146
2030-05-27 12:00:00,0.0,70.61518451112215
2030-05-27 13:00:00,0.0,72.67713177182328
2030-05-27 14:00:00,0.0,72.0500682430968
2030-05-27 15:00:00,0.0,78.77391116607306
2030-05-27 16:00:00,0.0,83.0291080355439
2030-05-27 17:00:00,0.0,85.21461887586509
2030-05-27 18:00:00,0.0,88.08648269015191
2030-05-27 19:00:00,0.0,101.7325420657794
2030-05-27 20:00:00,0.0,110.26547194129876
2030-05-27 21:00:00,0.0,113.59053492023644
2030-05-27 22:00:00,0.0,119.74084919615107
2030-05-27 23:00:00,0.0,120.52651808568908
2030-05-28 00:00:00,0.0,122.71604399771626
2030-05-28 01:00:00,0.0,119.26734339218842
2030-05-28 02:00:00,0.0,107.54281356851368
2030-05-28 03:00:00,0.0,106.61158548738716
2030-05-28 04:00:00,0.0,105.27963119809226
2030-05-28 05:00:00,0.0,102.34214148832405
2030-05-28 06:00:00,0.0,101.1311942378196
2030-05-28 07:00:00,0.0,91.80400676235558
2030-05-28 08:00:00,0.0,86.24200260593193
2030-05-28 09:00:00,0.0,82.64283774077649
2030-05-28 10:00:00,0.0,76.25477040721876
2030-05-28 11:00:00,0.0,67.1255451154766
2030-05-28 12:00:00,0.0,67.22060840438485
2030-05-28 13:00:00,0.0,72.50765349679817
2030-05-28 14:00:00,0.0,70.67314188771002
2030-05-28 15:00:00,0.0,77.05860926609672
2030-05-28 16:00:00,0.0,86.34592913449046
2030-05-28 17:00:00,0.0,89.3970730493711
2030-05-28 18:00:00,0.0,93.60900478369545
2030-05-28 19:00:00,0.0,100.68977551983936
2030-05-28 20:00:00,0.0,108.53366830643552
2030-05-28 21:00:00,0.0,114.7848217813422
2030-05-28 22:00:00,0.0,118.86661718402
2030-05-28 23:00:00,0.0,119.8101213415456
2030-05-29 00:00:00,0.0,123.6139513000454
2030-05-29 01:00:00,0.0,116.62272579079716
2030-05-29 02:00:00,0.0,115.47403578488775
2030-05-29 03:00:00,0.0,113.15034989507114
2030-05-29 04:00:00,0.0,107.79359627209384
2030-05-29 05:00:00,0.0,105.30067590049055
2030-05-29 06:00:00,0.0,102.61221516910268
2030-05-29 07:00:00,0.0,95.21061796308686
2030-05-29 08:00:00,0.0,90.16756268273434
2030-05-29 09:00:00,0.0,83.44484034811603
2030-05-29 10:00:00,0.0,80.38996495983302
2030-05-29 11:00:00,0.0,75.09100536800497
2030-05-29 12:00:00,0.0,72.12155404789769
2030-05-29 13:00:00,0.0,71.03141281175283
2030-05-29 14:00:00,0.0,71.30075127750649
2030-05-29 15:00:00,0.0,82.47373059478059
2030-05-29 16:00:00,0.0,88.94696507984872
2030-05-29 17:00:00,0.0,90.02773108521183
2030-05-29 18:00:00,0.0,94.33280486975629
2030-05-29 19:00:00,0.0,106.37622948039063
2030-05-29 20:00:00,0.0,116.97522455596936
2030-05-29 21:00:00,0.0,117.3005405805436
2030-05-29 22:00:00,0.0,114.90056764453313
2030-05-29 23:00:00,0.0,115.38810325009456
2030-05-30 00:00:00,0.0,122.35039229354516
2030-05-30 01:00:00,0.0,114.25695049618388
2030-05-30 02:00:00,0.0,109.15273330198659
2030-05-30 03:00:00,0.0,105.87677462864508
2030-05-30 04:00:00,0.0,102.77443475009
2030-05-30 05:00:00,0.0,99.92463130031479
2030-05-30 06:00:00,0.0,98.22965589464854
2030-05-30 07:00:00,0.0,90.14673644848642
2030-05-30 08:00:00,0.0,86.86319443220624
2030-05-30 09:00:00,0.0,81.86243879141216
2030-05-30 10:00:00,0.0,74.9824605697928
2030-05-30 11:00:00,0.0,71.53403024967065
2030-05-30 12:00:00,0.0,71.27338314291808
2030-05-30 13:00:00,0.0,71.92257856647313
2030-05-30 14:00:00,0.0,72.09211999715545
2030-05-30 15:00:00,0.0,80.65683137728398
2030-05-30 16:00:00,0.0,85.8860398502378
2030-05-30 17:00:00,0.0,88.722354004409
2030-05-30 18:00:00,0.0,92.25926688564176
2030-05-30 19:00:00,0.0,105.45833510814111
2030-05-30 20:00:00,0.0,111.4904489934022
2030-05-30 21:00:00,0.0,115.9940153066468
2030-05-30 22:00:00,0.0,120.5607157270864
2030-05-30 23:00:00,0.0,121.20784032583536
2030-05-31 00:00:00,0.0,122.45736953073674
2030-05-31 01:00:00,0.0,114.57700534515855
2030-05-31 02:00:00,0.0,108.8651223692093
2030-05-31 03:00:00,0.0,105.23841865589554
2030-05-31 04:00:00,0.0,101.97122860855336
2030-05-31 05:00:00,0.0,99.92463130031479
2030-05-31 06:00:00,0.0,98.22965589464854
2030-05-31 07:00:00,0.0,90.14673644848642
2030-05-31 08:00:00,0.0,86.07560646861337
2030-05-31 09:00:00,0.0,79.35974389382443
2030-05-31 10:00:00,0.0,73.29383752037495
2030-05-31 11:00:00,0.0,69.93749989825187
2030-05-31 12:00:00,0.0,70.4009158423687
2030-05-31 13:00:00,0.0,71.28497440715681
2030-05-31 14:00:00,0.0,71.70157711468494
2030-05-31 15:00:00,0.0,80.63678537693043
2030-05-31 16:00:00,0.0,85.76023915724296
2030-05-31 17:00:00,0.0,88.54896658214261
2030-05-31 18:00:00,0.0,92.13405424313896
2030-05-31 19:00:00,0.0,101.36567894604252
2030-05-31 20:00:00,0.0,109.85773083233096
2030-05-31 21:00:00,0.0,114.99877625572526
2030-05-31 22:00:00,0.0,118.95167285621334
2030-05-31 23:00:00,0.0,119.45499198857362
2030-06-01 00:00:00,0.0,116.72356498978922
2030-06-01 01:00:00,0.0,111.58602701679456
2030-06-01 02:00:00,0.0,107.7716747070956
2030-06-01 03:00:00,0.0,103.5364283494298
2030-06-01 04:00:00,0.0,101.17152991741636
2030-06-01 05:00:00,0.0,99.22314122037017
2030-06-01 06:00:00,0.0,97.62637442589617
2030-06-01 07:00:00,0.0,90.07834116569175
2030-06-01 08:00:00,0.0,78.66786351388646
2030-06-01 09:00:00,0.0,72.78773384693613
2030-06-01 10:00:00,0.0,72.7256143464599
2030-06-01 11:00:00,0.0,68.81068834681912
2030-06-01 12:00:00,0.0,70.24254155025722
2030-06-01 13:00:00,0.0,71.11453556514185
2030-06-01 14:00:00,0.0,71.43754105495884
2030-06-01 15:00:00,0.0,79.49285699615405
2030-06-01 16:00:00,0.0,85.80147461258298
2030-06-01 17:00:00,0.0,87.06809873123893
2030-06-01 18:00:00,0.0,90.01568629657025
2030-06-01 19:00:00,0.0,99.02690947740473
2030-06-01 20:00:00,0.0,108.81777178881303
2030-06-01 21:00:00,0.0,111.6474073987897
2030-06-01 22:00:00,0.0,115.3758271736956
2030-06-01 23:00:00,0.0,118.5149952814478
2030-06-02 00:00:00,0.0,115.33461463149877
2030-06-02 01:00:00,0.0,110.38209466708965
2030-06-02 02:00:00,0.0,107.5699963091115
2030-06-02 03:00:00,0.0,103.5364283494298
2030-06-02 04:00:00,0.0,101.17152991741636
2030-06-02 05:00:00,0.0,99.22314122037017
2030-06-02 06:00:00,0.0,97.62637442589617
2030-06-02 07:00:00,0.0,90.07834116569175
2030-06-02 08:00:00,0.0,78.52195049305328
2030-06-02 09:00:00,0.0,72.53626731910958
2030-06-02 10:00:00,0.0,72.32914627227353
2030-06-02 11:00:00,0.0,68.37829545604325
2030-06-02 12:00:00,0.0,69.62891057128081
2030-06-02 13:00:00,0.0,70.26737203171251
2030-06-02 14:00:00,0.0,70.56314960981933
2030-06-02 15:00:00,0.0,80.88313864393297
2030-06-02 16:00:00,0.0,87.0952120386728
2030-06-02 17:00:00,0.0,88.93761645624897
2030-06-02 18:00:00,0.0,89.5570436949306
2030-06-02 19:00:00,0.0,98.32699620803773
2030-06-02 20:00:00,0.0,110.41103113288727
2030-06-02 21:00:00,0.0,112.15160339374997
2030-06-02 22:00:00,0.0,115.72832593886778
2030-06-02 23:00:00,0.0,118.943781092814
2030-06-03 00:00:00,0.0,116.11589920803713
2030-06-03 01:00:00,0.0,110.97485378464285
2030-06-03 02:00:00,0.0,107.5699963091115
2030-06-03 03:00:00,0.0,103.5364283494298
2030-06-03 04:00:00,0.0,101.17152991741636
2030-06-03 05:00:00,0.0,99.22314122037017
2030-06-03 06:00:00,0.0,97.62637442589617
2030-06-03 07:00:00,0.0,90.07834116569175
2030-06-03 08:00:00,0.0,78.59559924093605
2030-06-03 09:00:00,0.0,72.16082024604157
2030-06-03 10:00:00,0.0,71.60770356342482
2030-06-03 11:00:00,0.0,67.52938253698676
2030-06-03 12:00:00,0.0,68.79763374509616
2030-06-03 13:00:00,0.0,69.97638736720762
2030-06-03 14:00:00,0.0,69.62570800918604
2030-06-03 15:00:00,0.0,78.51078271592449
2030-06-03 16:00:00,0.0,84.54556649178551
2030-06-03 17:00:00,0.0,85.08779055676723
2030-06-03 18:00:00,0.0,86.72188271962612
2030-06-03 19:00:00,0.0,95.49858743464972
2030-06-03 20:00:00,0.0,107.7734284322954
2030-06-03 21:00:00,0.0,110.60569463007198
2030-06-03 22:00:00,0.0,116.01681373424492
2030-06-03 23:00:00,0.0,119.53741707296716
2030-06-04 00:00:00,0.0,118.69738270223343
2030-06-04 01:00:00,0.0,115.1320593709148
2030-06-04 02:00:00,0.0,111.39048665701
2030-06-04 03:00:00,0.0,108.25745658745721
2030-06-04 04:00:00,0.0,106.4204294406022
2030-06-04 05:00:00,0.0,103.2654778060512
2030-06-04 06:00:00,0.0,101.404775368998
2030-06-04 07:00:00,0.0,93.64278763441052
2030-06-04 08:00:00,0.0,83.83216100363063
2030-06-04 09:00:00,0.0,76.43872444100317
2030-06-04 10:00:00,0.0,74.24581739953065
2030-06-04 11:00:00,0.0,70.08929419352808
2030-06-04 12:00:00,0.0,68.24806009405245
2030-06-04 13:00:00,0.0,69.49531103991329
2030-06-04 14:00:00,0.0,68.74467463580766
2030-06-04 15:00:00,0.0,77.95635486607534
2030-06-04 16:00:00,0.0,81.5945813707898
2030-06-04 17:00:00,0.0,84.54649391015904
2030-06-04 18:00:00,0.0,89.56169859782176
2030-06-04 19:00:00,0.0,95.13555475251107
2030-06-04 20:00:00,0.0,109.79371986253602
2030-06-04 21:00:00,0.0,108.36092637424906
2030-06-04 22:00:00,0.0,110.78457460045784
2030-06-04 23:00:00,0.0,114.11665248019494
2030-06-05 00:00:00,0.0,114.3884798861734
2030-06-05 01:00:00,0.0,110.51362405707924
2030-06-05 02:00:00,0.0,107.8663758678881
2030-06-05 03:00:00,0.0,104.67021169114037
2030-06-05 04:00:00,0.0,102.58678615370468
2030-06-05 05:00:00,0.0,100.7234531288518
2030-06-05 06:00:00,0.0,98.30769666604237
2030-06-05 07:00:00,0.0,90.33175445707184
2030-06-05 08:00:00,0.0,82.40041358205438
2030-06-05 09:00:00,0.0,75.3420936735706
2030-06-05 10:00:00,0.0,68.88158095547021
2030-06-05 11:00:00,0.0,65.53382014591239
2030-06-05 12:00:00,0.0,63.55345953557355
2030-06-05 13:00:00,0.0,64.29170137549397
2030-06-05 14:00:00,0.0,64.24273950560973
2030-06-05 15:00:00,0.0,74.94149322491921
2030-06-05 16:00:00,0.0,81.222270741083
2030-06-05 17:00:00,0.0,84.59416765825095
2030-06-05 18:00:00,0.0,84.73485748696248
2030-06-05 19:00:00,0.0,90.19241854645213
2030-06-05 20:00:00,0.0,101.75990472196996
2030-06-05 21:00:00,0.0,108.05051701387356
2030-06-05 22:00:00,0.0,113.0679248106777
2030-06-05 23:00:00,0.0,115.79409063386252
2030-06-06 00:00:00,0.0,118.81751287842394
2030-06-06 01:00:00,0.0,113.64226981363232
2030-06-06 02:00:00,0.0,109.56398186135412
2030-06-06 03:00:00,0.0,104.74649873733436
2030-06-06 04:00:00,0.0,101.90546391355848
2030-06-06 05:00:00,0.0,99.22314122037017
2030-06-06 06:00:00,0.0,97.62637442589617
2030-06-06 07:00:00,0.0,90.07834116569175
2030-06-06 08:00:00,0.0,81.25312732735608
2030-06-06 09:00:00,0.0,76.06734290034615
2030-06-06 10:00:00,0.0,75.22293145178128
2030-06-06 11:00:00,0.0,72.31281849857271
2030-06-06 12:00:00,0.0,71.71761512692399
2030-06-06 13:00:00,0.0,71.94023648053133
2030-06-06 14:00:00,0.0,67.34693510278532
2030-06-06 15:00:00,0.0,77.29030078234973
2030-06-06 16:00:00,0.0,84.1573074328478
2030-06-06 17:00:00,0.0,88.50861045852184
2030-06-06 18:00:00,0.0,91.48999066361853
2030-06-06 19:00:00,0.0,98.34129502325447
2030-06-06 20:00:00,0.0,111.88152971297131
2030-06-06 21:00:00,0.0,115.1785330887111
2030-06-06 22:00:00,0.0,120.0670420833253
2030-06-06 23:00:00,0.0,122.96244238829684
2030-06-07 00:00:00,0.0,120.4844286808924
2030-06-07 01:00:00,0.0,115.21448445530824
2030-06-07 02:00:00,0.0,111.56322858919644
2030-06-07 03:00:00,0.0,107.3823477127263
2030-06-07 04:00:00,0.0,104.6710885537402
2030-06-07 05:00:00,0.0,101.53630475898763
2030-06-07 06:00:00,0.0,100.19207439329377
2030-06-07 07:00:00,0.0,92.50988115529992
2030-06-07 08:00:00,0.0,84.38843030020826
2030-06-07 09:00:00,0.0,80.88457687605249
2030-06-07 10:00:00,0.0,79.0917628686783
2030-06-07 11:00:00,0.0,77.09293758863339
2030-06-07 12:00:00,0.0,75.84404287712425
2030-06-07 13:00:00,0.0,74.89032306998365
2030-06-07 14:00:00,0.0,71.78772998808199
2030-06-07 15:00:00,0.0,81.62214446171971
2030-06-07 16:00:00,0.0,88.79655336079702
2030-06-07 17:00:00,0.0,90.89224567887231
2030-06-07 18:00:00,0.0,94.0946933973164
2030-06-07 19:00:00,0.0,102.39628850136933
2030-06-07 20:00:00,0.0,115.9545564896498
2030-06-07 21:00:00,0.0,116.01769059684489
2030-06-07 22:00:00,0.0,120.5607157270864
2030-06-07 23:00:00,0.0,124.00590888221448
2030-06-08 00:00:00,0.0,121.42793283841796
2030-06-08 01:00:00,0.0,116.33248427022
2030-06-08 02:00:00,0.0,112.21210691314523
2030-06-08 03:00:00,0.0,107.931263700283
2030-06-08 04:00:00,0.0,105.44097391647948
2030-06-08 05:00:00,0.0,102.35091011432336
2030-06-08 06:00:00,0.0,101.02597072582785
2030-06-08 07:00:00,0.0,93.32536337323565
2030-06-08 08:00:00,0.0,84.35689408865686
2030-06-08 09:00:00,0.0,78.62870954663424
2030-06-08 10:00:00,0.0,75.80166461335136
2030-06-08 11:00:00,0.0,71.92431633946467
2030-06-08 12:00:00,0.0,73.00297740077347
2030-06-08 13:00:00,0.0,74.6052006785427
2030-06-08 14:00:00,0.0,73.3543053538882
2030-06-08 15:00:00,0.0,82.90459373582496
2030-06-08 16:00:00,0.0,88.47927144026528
2030-06-08 17:00:00,0.0,88.91895554810753
2030-06-08 18:00:00,0.0,91.38273454663829
2030-06-08 19:00:00,0.0,99.88746166192573
2030-06-08 20:00:00,0.0,111.61847093299205
2030-06-08 21:00:00,0.0,115.47228205968791
2030-06-08 22:00:00,0.0,118.52025645704748
2030-06-08 23:00:00,0.0,121.85496492458424
2030-06-09 00:00:00,0.0,119.63737940935924
2030-06-09 01:00:00,0.0,114.49896457376472
2030-06-09 02:00:00,0.0,110.97134633424308
2030-06-09 03:00:00,0.0,106.09686714122778
2030-06-09 04:00:00,0.0,103.75038282381296
2030-06-09 05:00:00,0.0,101.050522878626
2030-06-09 06:00:00,0.0,99.65280389433633
2030-06-09 07:00:00,0.0,92.17316591692644
2030-06-09 08:00:00,0.0,84.10648834585571
2030-06-09 09:00:00,0.0,77.77471455051396
2030-06-09 10:00:00,0.0,77.28140801033533
2030-06-09 11:00:00,0.0,73.82461248957203
2030-06-09 12:00:00,0.0,74.65237851303243
2030-06-09 13:00:00,0.0,75.02797024361996
2030-06-09 14:00:00,0.0,73.75899540486692
2030-06-09 15:00:00,0.0,83.22053126272145
2030-06-09 16:00:00,0.0,89.48559364016205
2030-06-09 17:00:00,0.0,87.5197794466659
2030-06-09 18:00:00,0.0,88.37947531798545
2030-06-09 19:00:00,0.0,97.3591283781036
2030-06-09 20:00:00,0.0,110.02959590191745
2030-06-09 21:00:00,0.0,113.18279381126864
2030-06-09 22:00:00,0.0,117.47240565013009
2030-06-09 23:00:00,0.0,120.76853216327004
2030-06-10 00:00:00,0.0,118.5334093960464
2030-06-10 01:00:00,0.0,113.30993888825856
2030-06-10 02:00:00,0.0,110.16463274230682
2030-06-10 03:00:00,0.0,104.07920629878696
2030-06-10 04:00:00,0.0,101.42406634619645
2030-06-10 05:00:00,0.0,99.22314122037017
2030-06-10 06:00:00,0.0,97.97975005366834
2030-06-10 07:00:00,0.0,90.54395520625508
2030-06-10 08:00:00,0.0,81.92906159560526
2030-06-10 09:00:00,0.0,76.555001874092
2030-06-10 10:00:00,0.0,73.3399956197702
2030-06-10 11:00:00,0.0,69.08479790498814
2030-06-10 12:00:00,0.0,70.17017327082988
2030-06-10 13:00:00,0.0,70.89669444813217
2030-06-10 14:00:00,0.0,69.4566917957726
2030-06-10 15:00:00,0.0,79.55272848097025
2030-06-10 16:00:00,0.0,86.29379357903542
2030-06-10 17:00:00,0.0,88.45082246587583
2030-06-10 18:00:00,0.0,90.75945610390045
2030-06-10 19:00:00,0.0,99.29207581182845
2030-06-10 20:00:00,0.0,109.52890735735696
2030-06-10 21:00:00,0.0,112.78206760310024
2030-06-10 22:00:00,0.0,118.45624548725245
2030-06-10 23:00:00,0.0,121.39285833442068
2030-06-11 00:00:00,0.0,120.51073455889036
2030-06-11 01:00:00,0.0,116.80335948638287
2030-06-11 02:00:00,0.0,112.68035154150824
2030-06-11 03:00:00,0.0,109.89543592412804
2030-06-11 04:00:00,0.0,107.89794292148564
2030-06-11 05:00:00,0.0,103.6153459834236
2030-06-11 06:00:00,0.0,101.45212594939424
2030-06-11 07:00:00,0.0,93.64278763441052
2030-06-11 08:00:00,0.0,84.55964939539774
2030-06-11 09:00:00,0.0,76.9271641522405
2030-06-11 10:00:00,0.0,72.8569353246071
2030-06-11 11:00:00,0.0,69.72967286493497
2030-06-11 12:00:00,0.0,69.75715600202204
2030-06-11 13:00:00,0.0,70.94874969839043
2030-06-11 14:00:00,0.0,70.94708416939602
2030-06-11 15:00:00,0.0,79.720729773539
2030-06-11 16:00:00,0.0,83.37704013192467
2030-06-11 17:00:00,0.0,88.04218315743854
2030-06-11 18:00:00,0.0,92.08885174490695
2030-06-11 19:00:00,0.0,98.40364479398771
2030-06-11 20:00:00,0.0,111.69563484178592
2030-06-11 21:00:00,0.0,111.8096269797769
2030-06-11 22:00:00,0.0,111.71141836858465
2030-06-11 23:00:00,0.0,115.66431496907283
2030-06-12 00:00:00,0.0,115.12855192051506
2030-06-12 01:00:00,0.0,111.14321140382958
2030-06-12 02:00:00,0.0,108.12680406006756
2030-06-12 03:00:00,0.0,104.67021169114037
2030-06-12 04:00:00,0.0,102.58678615370468
2030-06-12 05:00:00,0.0,100.7234531288518
2030-06-12 06:00:00,0.0,98.30769666604237
2030-06-12 07:00:00,0.0,90.33175445707184
2030-06-12 08:00:00,0.0,81.49132253310609
2030-06-12 09:00:00,0.0,74.01893481656816
2030-06-12 10:00:00,0.0,66.9600557244762
2030-06-12 11:00:00,0.0,64.67444291324443
2030-06-12 12:00:00,0.0,63.57189616442679
2030-06-12 13:00:00,0.0,64.79084110279541
2030-06-12 14:00:00,0.0,66.35581538699853
2030-06-12 15:00:00,0.0,76.85260040537082
2030-06-12 16:00:00,0.0,82.59079296299683
2030-06-12 17:00:00,0.0,85.69323474057
2030-06-12 18:00:00,0.0,86.75259109494573
2030-06-12 19:00:00,0.0,93.17438236673343
2030-06-12 20:00:00,0.0,102.71480809329466
2030-06-12 21:00:00,0.0,107.66206688210421
2030-06-12 22:00:00,0.0,113.8185191962184
2030-06-12 23:00:00,0.0,115.86774709225676
2030-06-13 00:00:00,0.0,118.02745967588633
2030-06-13 01:00:00,0.0,113.01531305468188
2030-06-13 02:00:00,0.0,108.93176392680402
2030-06-13 03:00:00,0.0,104.66582737814063
2030-06-13 04:00:00,0.0,102.11328034974213
2030-06-13 05:00:00,0.0,99.22314122037017
2030-06-13 06:00:00,0.0,97.62637442589617
2030-06-13 07:00:00,0.0,90.07834116569175
2030-06-13 08:00:00,0.0,81.32400712537422
2030-06-13 09:00:00,0.0,75.23745426174649
2030-06-13 10:00:00,0.0,72.97834583629003
2030-06-13 11:00:00,0.0,69.64109156765994
2030-06-13 12:00:00,0.0,70.93899202776583
2030-06-13 13:00:00,0.0,71.76365447260741
2030-06-13 14:00:00,0.0,70.01880865673968
2030-06-13 15:00:00,0.0,79.32616806814917
2030-06-13 16:00:00,0.0,85.76420773851464
2030-06-13 17:00:00,0.0,87.71193538252089
2030-06-13 18:00:00,0.0,88.52868917204103
2030-06-13 19:00:00,0.0,95.45527119326424
2030-06-13 20:00:00,0.0,108.21361345746072
2030-06-13 21:00:00,0.0,111.76403012458059
2030-06-13 22:00:00,0.0,116.60694226399833
2030-06-13 23:00:00,0.0,120.09334796132327
2030-06-14 00:00:00,0.0,117.95994125569166
2030-06-14 01:00:00,0.0,112.847832298095
2030-06-14 02:00:00,0.0,108.72482435322036
2030-06-14 03:00:00,0.0,104.40890663636092
2030-06-14 04:00:00,0.0,102.05891486854637
2030-06-14 05:00:00,0.0,99.22314122037017
2030-06-14 06:00:00,0.0,97.62637442589617
2030-06-14 07:00:00,0.0,90.07834116569175
2030-06-14 08:00:00,0.0,81.32998752523031
2030-06-14 09:00:00,0.0,76.4129773856191
2030-06-14 10:00:00,0.0,74.55620531832801
2030-06-14 11:00:00,0.0,70.5034955680112
2030-06-14 12:00:00,0.0,71.83703965768177
2030-06-14 13:00:00,0.0,73.28456337022214
2030-06-14 14:00:00,0.0,71.11125884172816
2030-06-14 15:00:00,0.0,80.72457407676688
2030-06-14 16:00:00,0.0,86.7633704179866
2030-06-14 17:00:00,0.0,86.0058796387127
2030-06-14 18:00:00,0.0,87.13127783935533
2030-06-14 19:00:00,0.0,96.02890853772976
2030-06-14 20:00:00,0.0,109.74987673253952
2030-06-14 21:00:00,0.0,112.59617273191486
2030-06-14 22:00:00,0.0,118.23615297466984
2030-06-14 23:00:00,0.0,121.22187012743429
2030-06-15 00:00:00,0.0,118.30454825746448
2030-06-15 01:00:00,0.0,113.23277497946468
2030-06-15 02:00:00,0.0,109.13958036298764
2030-06-15 03:00:00,0.0,105.07093789930876
2030-06-15 04:00:00,0.0,102.80074062808784
2030-06-15 05:00:00,0.0,99.43709569475321
2030-06-15 06:00:00,0.0,97.9131084960735
2030-06-15 07:00:00,0.0,90.30018740347427
2030-06-15 08:00:00,0.0,83.33688741775745
2030-06-15 09:00:00,0.0,77.91611923498908
2030-06-15 10:00:00,0.0,76.41679350312505
2030-06-15 11:00:00,0.0,72.63729870083797
2030-06-15 12:00:00,0.0,73.12880469131028
2030-06-15 13:00:00,0.0,74.10647589483254
2030-06-15 14:00:00,0.0,72.46604674024002
2030-06-15 15:00:00,0.0,82.28488009764635
2030-06-15 16:00:00,0.0,88.4635270833039
2030-06-15 17:00:00,0.0,90.1646463010793
2030-06-15 18:00:00,0.0,93.4241774490532
2030-06-15 19:00:00,0.0,99.34135703204684
2030-06-15 20:00:00,0.0,111.57725839079536
2030-06-15 21:00:00,0.0,115.03560448492236
2030-06-15 22:00:00,0.0,120.6370027732804
2030-06-15 23:00:00,0.0,123.69462265923914
2030-06-16 00:00:00,0.0,120.502842795491
2030-06-16 01:00:00,0.0,115.3845957996948
2030-06-16 02:00:00,0.0,111.52990781039898
2030-06-16 03:00:00,0.0,106.44235100560049
2030-06-16 04:00:00,0.0,104.00993415339246
2030-06-16 05:00:00,0.0,101.21186559701322
2030-06-16 06:00:00,0.0,100.08071284310245
2030-06-16 07:00:00,0.0,92.55898546089612
2030-06-16 08:00:00,0.0,83.91915502615757
2030-06-16 09:00:00,0.0,78.74874833617763
2030-06-16 10:00:00,0.0,75.73582167375037
2030-06-16 11:00:00,0.0,72.45936595628973
2030-06-16 12:00:00,0.0,73.12116489669766
2030-06-16 13:00:00,0.0,75.1310374978991
2030-06-16 14:00:00,0.0,72.80626037025932
2030-06-16 15:00:00,0.0,83.40963629283031
2030-06-16 16:00:00,0.0,89.3242170794242
2030-06-16 17:00:00,0.0,89.92004288540682
2030-06-16 18:00:00,0.0,87.71517889117001
2030-06-16 19:00:00,0.0,93.5648359610418
2030-06-16 20:00:00,0.0,107.28676968933382
2030-06-16 21:00:00,0.0,110.51274719447927
2030-06-16 22:00:00,0.0,116.69287479879164
2030-06-16 23:00:00,0.0,120.47566005489305
2030-06-17 00:00:00,0.0,118.14408240167712
2030-06-17 01:00:00,0.0,112.9776079628848
2030-06-17 02:00:00,0.0,110.0909762839126
2030-06-17 03:00:00,0.0,105.87940521644487
2030-06-17 04:00:00,0.0,103.38823857004148
2030-06-17 05:00:00,0.0,101.14610090201847
2030-06-17 06:00:00,0.0,99.41342040455517
2030-06-17 07:00:00,0.0,91.76279422015887
2030-06-17 08:00:00,0.0,84.14469719472936
2030-06-17 09:00:00,0.0,77.9346793270953
2030-06-17 10:00:00,0.0,75.99102149789837
2030-06-17 11:00:00,0.0,72.55845891256193
2030-06-17 12:00:00,0.0,73.34759509474814
2030-06-17 13:00:00,0.0,74.06475709818585
2030-06-17 14:00:00,0.0,73.15051646730353
2030-06-17 15:00:00,0.0,82.30538849168556
2030-06-17 16:00:00,0.0,87.99976083245815
2030-06-17 17:00:00,0.0,88.51893848927352
2030-06-17 18:00:00,0.0,91.17132404012305
2030-06-17 19:00:00,0.0,99.76857759860273
2030-06-17 20:00:00,0.0,113.34939770525544
2030-06-17 21:00:00,0.0,114.77517629274293
2030-06-17 22:00:00,0.0,119.8285354561442
2030-06-17 23:00:00,0.0,123.1439529464826
2030-06-18 00:00:00,0.0,122.38458993494248
2030-06-18 01:00:00,0.0,118.9665795204122
2030-06-18 02:00:00,0.0,114.8725080413352
2030-06-18 03:00:00,0.0,111.37908744321088
2030-06-18 04:00:00,0.0,109.3956242421674
2030-06-18 05:00:00,0.0,105.34451903048716
2030-06-18 06:00:00,0.0,103.26898525645095
2030-06-18 07:00:00,0.0,95.2000956118876
2030-06-18 08:00:00,0.0,87.33227351535582
2030-06-18 09:00:00,0.0,79.9114934591338
2030-06-18 10:00:00,0.0,76.87599496527287
2030-06-18 11:00:00,0.0,73.78247248213358
2030-06-18 12:00:00,0.0,74.50766613013457
2030-06-18 13:00:00,0.0,74.99285819359329
2030-06-18 14:00:00,0.0,72.84182880305661
2030-06-18 15:00:00,0.0,82.71090879084089
2030-06-18 16:00:00,0.0,85.21490694670445
2030-06-18 17:00:00,0.0,88.96633346664817
2030-06-18 18:00:00,0.0,93.90059818038799
2030-06-18 19:00:00,0.0,98.22846460964695
2030-06-18 20:00:00,0.0,111.89029833897064
2030-06-18 21:00:00,0.0,111.65003798658948
2030-06-18 22:00:00,0.0,113.4870651334446
2030-06-18 23:00:00,0.0,117.64427071971657
2030-06-19 00:00:00,0.0,117.38384252753713
2030-06-19 01:00:00,0.0,113.61947138603408
2030-06-19 02:00:00,0.0,110.13218882610931
2030-06-19 03:00:00,0.0,106.67033528158252
2030-06-19 04:00:00,0.0,104.52815994995149
2030-06-19 05:00:00,0.0,101.57664043858448
2030-06-19 06:00:00,0.0,99.136331822977
2030-06-19 07:00:00,0.0,91.13671432380829
2030-06-19 08:00:00,0.0,85.07242168071195
2030-06-19 09:00:00,0.0,76.99343317405737
2030-06-19 10:00:00,0.0,69.41231050690953
2030-06-19 11:00:00,0.0,66.38557324199621
2030-06-19 12:00:00,0.0,65.611320715131
2030-06-19 13:00:00,0.0,66.4921087665316
2030-06-19 14:00:00,0.0,65.80342949507144
2030-06-19 15:00:00,0.0,75.96074294503569
2030-06-19 16:00:00,0.0,81.83541955613794
2030-06-19 17:00:00,0.0,87.0058042919686
2030-06-19 18:00:00,0.0,87.88782480229065
2030-06-19 19:00:00,0.0,94.68611662054877
2030-06-19 20:00:00,0.0,104.53429798815102
2030-06-19 21:00:00,0.0,108.96771529340116
2030-06-19 22:00:00,0.0,114.65329239135257
2030-06-19 23:00:00,0.0,116.41227876681376
2030-06-20 00:00:00,0.0,118.21423140967158
2030-06-20 01:00:00,0.0,112.94516404668728
2030-06-20 02:00:00,0.0,108.19432248026224
2030-06-20 03:00:00,0.0,103.85297574800484
2030-06-20 04:00:00,0.0,101.31796597160483
2030-06-20 05:00:00,0.0,99.22314122037017
2030-06-20 06:00:00,0.0,97.62637442589617
2030-06-20 07:00:00,0.0,90.07834116569175
2030-06-20 08:00:00,0.0,80.01607810026633
2030-06-20 09:00:00,0.0,75.20859850003421
2030-06-20 10:00:00,0.0,71.32776805330161
2030-06-20 11:00:00,0.0,67.22141704079229
2030-06-20 12:00:00,0.0,68.21342178508735
2030-06-20 13:00:00,0.0,69.2524461178889
2030-06-20 14:00:00,0.0,67.48525432614929
2030-06-20 15:00:00,0.0,77.72714922292822
2030-06-20 16:00:00,0.0,84.72132938051753
2030-06-20 17:00:00,0.0,86.25541836580453
2030-06-20 18:00:00,0.0,88.96176746333684
2030-06-20 19:00:00,0.0,97.92928525895981
2030-06-20 20:00:00,0.0,110.61808781709476
2030-06-20 21:00:00,0.0,113.17139459746954
2030-06-20 22:00:00,0.0,116.51487169100562
2030-06-20 23:00:00,0.0,119.37782807977976
2030-06-21 00:00:00,0.0,116.58677442420002
2030-06-21 01:00:00,0.0,111.23002080122272
2030-06-21 02:00:00,0.0,107.75501431769692
2030-06-21 03:00:00,0.0,103.5364283494298
2030-06-21 04:00:00,0.0,101.17152991741636
2030-06-21 05:00:00,0.0,99.22314122037017
2030-06-21 06:00:00,0.0,97.62637442589617
2030-06-21 07:00:00,0.0,90.07834116569175
2030-06-21 08:00:00,0.0,79.93506447759535
2030-06-21 09:00:00,0.0,75.21566877983093
2030-06-21 10:00:00,0.0,70.60596577021886
2030-06-21 11:00:00,0.0,66.83277864702472
2030-06-21 12:00:00,0.0,67.96915955954955
2030-06-21 13:00:00,0.0,68.1221212002099
2030-06-21 14:00:00,0.0,67.03397979937961
2030-06-21 15:00:00,0.0,76.884905874075
2030-06-21 16:00:00,0.0,82.9213808078383
2030-06-21 17:00:00,0.0,85.54698537210606
2030-06-21 18:00:00,0.0,86.5203708099881
2030-06-21 19:00:00,0.0,95.20786143327484
2030-06-21 20:00:00,0.0,106.97476717625806
2030-06-21 21:00:00,0.0,111.04675651783712
2030-06-21 22:00:00,0.0,116.09923881863845
2030-06-21 23:00:00,0.0,119.2375300637908
2030-06-22 00:00:00,0.0,116.53240894300428
2030-06-22 01:00:00,0.0,111.43169919920685
2030-06-22 02:00:00,0.0,107.7138017755002
2030-06-22 03:00:00,0.0,103.5364283494298
2030-06-22 04:00:00,0.0,101.17152991741636
2030-06-22 05:00:00,0.0,99.22314122037017
2030-06-22 06:00:00,0.0,97.62637442589617
2030-06-22 07:00:00,0.0,90.07834116569175
2030-06-22 08:00:00,0.0,79.43909865425611
2030-06-22 09:00:00,0.0,74.0627558215583
2030-06-22 10:00:00,0.0,72.53898943549348
2030-06-22 11:00:00,0.0,68.13100040437268
2030-06-22 12:00:00,0.0,69.00277091846601
2030-06-22 13:00:00,0.0,69.66000768189815
2030-06-22 14:00:00,0.0,68.98167748387937
2030-06-22 15:00:00,0.0,78.54397696435011
2030-06-22 16:00:00,0.0,84.71544926484546
2030-06-22 17:00:00,0.0,86.54607202877956
2030-06-22 18:00:00,0.0,88.51360804305898
2030-06-22 19:00:00,0.0,96.8018207253267
2030-06-22 20:00:00,0.0,108.1677535520272
2030-06-22 21:00:00,0.0,112.08233124835544
2030-06-22 22:00:00,0.0,115.7344639770672
2030-06-22 23:00:00,0.0,118.83417326782262
2030-06-23 00:00:00,0.0,116.72093440198944
2030-06-23 01:00:00,0.0,111.2817556946186
2030-06-23 02:00:00,0.0,107.9523084026814
2030-06-23 03:00:00,0.0,103.5364283494298
2030-06-23 04:00:00,0.0,101.17152991741636
2030-06-23 05:00:00,0.0,99.22314122037017
2030-06-23 06:00:00,0.0,97.62637442589617
2030-06-23 07:00:00,0.0,90.07834116569175
2030-06-23 08:00:00,0.0,80.5944420212088
2030-06-23 09:00:00,0.0,75.69089475118265
2030-06-23 10:00:00,0.0,72.82051810795701
2030-06-23 11:00:00,0.0,68.44636797967064
2030-06-23 12:00:00,0.0,69.5306695893031
2030-06-23 13:00:00,0.0,70.35308550999582
2030-06-23 14:00:00,0.0,65.93252370002551
2030-06-23 15:00:00,0.0,81.00248729449504
2030-06-23 16:00:00,0.0,88.01982825510981
2030-06-23 17:00:00,0.0,89.69824240709625
2030-06-23 18:00:00,0.0,91.98236971860922
2030-06-23 19:00:00,0.0,100.4123870825972
2030-06-23 20:00:00,0.0,110.89106534379528
2030-06-23 21:00:00,0.0,114.76816139194352
2030-06-23 22:00:00,0.0,118.1975710202729
2030-06-23 23:00:00,0.0,121.04386701964825
2030-06-24 00:00:00,0.0,118.15285102767643
2030-06-24 01:00:00,0.0,112.83643308429588
2030-06-24 02:00:00,0.0,108.94228627800317
2030-06-24 03:00:00,0.0,104.63338346194324
2030-06-24 04:00:00,0.0,102.29566777052776
2030-06-24 05:00:00,0.0,99.22314122037017
2030-06-24 06:00:00,0.0,97.62637442589617
2030-06-24 07:00:00,0.0,90.07834116569175
2030-06-24 08:00:00,0.0,81.3180267255183
2030-06-24 09:00:00,0.0,76.45027274696302
2030-06-24 10:00:00,0.0,72.45561073473903
2030-06-24 11:00:00,0.0,69.18035429733129
2030-06-24 12:00:00,0.0,71.07774083724723
2030-06-24 13:00:00,0.0,72.0068828620158
2030-06-24 14:00:00,0.0,73.89907692853363
2030-06-24 15:00:00,0.0,81.25592841797662
2030-06-24 16:00:00,0.0,89.2641684237002
2030-06-24 17:00:00,0.0,89.13546443591498
2030-06-24 18:00:00,0.0,90.06982952117414
2030-06-24 19:00:00,0.0,98.49503084002583
2030-06-24 20:00:00,0.0,112.22105630902252
2030-06-24 21:00:00,0.0,115.01105233212432
2030-06-24 22:00:00,0.0,119.10687753640116
2030-06-24 23:00:00,0.0,122.1916801629577
2030-06-25 00:00:00,0.0,121.288511685029
2030-06-25 01:00:00,0.0,117.87488558349833
2030-06-25 02:00:00,0.0,113.9088360440113
2030-06-25 03:00:00,0.0,111.21336041182394
2030-06-25 04:00:00,0.0,109.44823599816334
2030-06-25 05:00:00,0.0,105.13231828130392
2030-06-25 06:00:00,0.0,103.24794055405253
2030-06-25 07:00:00,0.0,95.34302421567632
2030-06-25 08:00:00,0.0,87.5053037374389
2030-06-25 09:00:00,0.0,80.13146659175072
2030-06-25 10:00:00,0.0,75.20853847697833
2030-06-25 11:00:00,0.0,71.37944888702236
2030-06-25 12:00:00,0.0,71.09937441616876
2030-06-25 13:00:00,0.0,71.73060852820572
2030-06-25 14:00:00,0.0,71.30366428689081
2030-06-25 15:00:00,0.0,81.00698995267805
2030-06-25 16:00:00,0.0,83.60294402074963
2030-06-25 17:00:00,0.0,86.1434153137519
2030-06-25 18:00:00,0.0,90.83567979466
2030-06-25 19:00:00,0.0,96.85601314715596
2030-06-25 20:00:00,0.0,110.06430102268428
2030-06-25 21:00:00,0.0,111.15285689242876
2030-06-25 22:00:00,0.0,112.7040268317064
2030-06-25 23:00:00,0.0,117.18830216775244
2030-06-26 00:00:00,0.0,117.33473822194092
2030-06-26 01:00:00,0.0,113.46338984324645
2030-06-26 02:00:00,0.0,110.53379189687756
2030-06-26 03:00:00,0.0,107.76729039409588
2030-06-26 04:00:00,0.0,105.18229944949996
2030-06-26 05:00:00,0.0,102.88930375068082
2030-06-26 06:00:00,0.0,100.7769417474476
2030-06-26 07:00:00,0.0,93.2236473116436
2030-06-26 08:00:00,0.0,86.1636885385218
2030-06-26 09:00:00,0.0,79.98952333921454
2030-06-26 10:00:00,0.0,72.18116397465383
2030-06-26 11:00:00,0.0,69.57705656451083
2030-06-26 12:00:00,0.0,68.77212782436027
2030-06-26 13:00:00,0.0,67.10337181869693
2030-06-26 14:00:00,0.0,65.25250234410441
2030-06-26 15:00:00,0.0,75.46995777370773
2030-06-26 16:00:00,0.0,80.2334212031908
2030-06-26 17:00:00,0.0,83.85950303330219
2030-06-26 18:00:00,0.0,84.79465969085764
2030-06-26 19:00:00,0.0,91.59816808334858
2030-06-26 20:00:00,0.0,103.96516706205568
2030-06-26 21:00:00,0.0,108.73271611661971
2030-06-26 22:00:00,0.0,115.31181620390053
2030-06-26 23:00:00,0.0,117.27861901554536
2030-06-27 00:00:00,0.0,119.5970437297624
2030-06-27 01:00:00,0.0,114.12805169399392
2030-06-27 02:00:00,0.0,110.24705782670024
2030-06-27 03:00:00,0.0,106.07143812582979
2030-06-27 04:00:00,0.0,103.41279072283952
2030-06-27 05:00:00,0.0,100.5130061048684
2030-06-27 06:00:00,0.0,98.86450441699843
2030-06-27 07:00:00,0.0,91.14197549940786
2030-06-27 08:00:00,0.0,83.5838319732279
2030-06-27 09:00:00,0.0,78.94993077302513
2030-06-27 10:00:00,0.0,74.35838951997641
2030-06-27 11:00:00,0.0,70.72775890157584
2030-06-27 12:00:00,0.0,71.73622385614988
2030-06-27 13:00:00,0.0,72.75809815315107
2030-06-27 14:00:00,0.0,70.91405882126139
2030-06-27 15:00:00,0.0,81.05245702988668
2030-06-27 16:00:00,0.0,86.57791888259942
2030-06-27 17:00:00,0.0,89.0673786751779
2030-06-27 18:00:00,0.0,92.38309637320035
2030-06-27 19:00:00,0.0,100.67997624815234
2030-06-27 20:00:00,0.0,114.19967004008174
2030-06-27 21:00:00,0.0,116.77266929538528
2030-06-27 22:00:00,0.0,120.34588439010336
2030-06-27 23:00:00,0.0,122.47490678273537
2030-06-28 00:00:00,0.0,118.62635683163899
2030-06-28 01:00:00,0.0,113.77730665402169
2030-06-28 02:00:00,0.0,109.19131525638365
2030-06-28 03:00:00,0.0,104.72896148533572
2030-06-28 04:00:00,0.0,102.08434388394436
2030-06-28 05:00:00,0.0,99.6370203675375
2030-06-28 06:00:00,0.0,97.77807165568424
2030-06-28 07:00:00,0.0,90.07834116569175
2030-06-28 08:00:00,0.0,82.62364202542722
2030-06-28 09:00:00,0.0,81.8093966239337
2030-06-28 10:00:00,0.0,79.69290860983665
2030-06-28 11:00:00,0.0,74.1440519223222
2030-06-28 12:00:00,0.0,72.84858346511827
2030-06-28 13:00:00,0.0,72.81317815870227
2030-06-28 14:00:00,0.0,70.90753342492667
2030-06-28 15:00:00,0.0,79.68207205329507
2030-06-28 16:00:00,0.0,83.5043292305402
2030-06-28 17:00:00,0.0,86.85734047596145
2030-06-28 18:00:00,0.0,89.38872722074348
2030-06-28 19:00:00,0.0,98.29244473739584
2030-06-28 20:00:00,0.0,111.59226275637629
2030-06-28 21:00:00,0.0,115.87300826785632
2030-06-28 22:00:00,0.0,121.85408806198438
2030-06-28 23:00:00,0.0,124.24353864679574
2030-06-29 00:00:00,0.0,121.25957521923124
2030-06-29 01:00:00,0.0,115.93964982545104
2030-06-29 02:00:00,0.0,112.07093203455632
2030-06-29 03:00:00,0.0,107.2639712617356
2030-06-29 04:00:00,0.0,104.62373797334396
2030-06-29 05:00:00,0.0,102.32723482412518
2030-06-29 06:00:00,0.0,100.71556136545244
2030-06-29 07:00:00,0.0,93.04827479165736
2030-06-29 08:00:00,0.0,84.81282408806328
2030-06-29 09:00:00,0.0,79.16760392048377
2030-06-29 10:00:00,0.0,74.52487442324593
2030-06-29 11:00:00,0.0,72.17865049681177
2030-06-29 12:00:00,0.0,72.87371483701986
2030-06-29 13:00:00,0.0,73.2475583593656
2030-06-29 14:00:00,0.0,71.71693953540046
2030-06-29 15:00:00,0.0,80.82032617569416
2030-06-29 16:00:00,0.0,85.82616995133549
2030-06-29 17:00:00,0.0,89.02702249438265
2030-06-29 18:00:00,0.0,90.06238985814707
2030-06-29 19:00:00,0.0,98.3691010338574
2030-06-29 20:00:00,0.0,111.762868874874
2030-06-29 21:00:00,0.0,114.63575513935392
2030-06-29 22:00:00,0.0,118.94465795541396
2030-06-29 23:00:00,0.0,122.43632482833834
2030-06-30 00:00:00,0.0,119.63474882155946
2030-06-30 01:00:00,0.0,114.61646416215547
2030-06-30 02:00:00,0.0,111.39224038220992
2030-06-30 03:00:00,0.0,107.74975314209733
2030-06-30 04:00:00,0.0,105.46991038227723
2030-06-30 05:00:00,0.0,103.16814605745888
2030-06-30 06:00:00,0.0,101.5529651483863
2030-06-30 07:00:00,0.0,94.02422286538047
2030-06-30 08:00:00,0.0,85.51569864294014
2030-06-30 09:00:00,0.0,80.96259586415408
2030-06-30 10:00:00,0.0,76.9903214571184
2030-06-30 11:00:00,0.0,74.28765621203696
2030-06-30 12:00:00,0.0,77.93843740634759
2030-06-30 13:00:00,0.0,75.99609602500175
2030-06-30 14:00:00,0.0,73.06872712116797
2030-06-30 15:00:00,0.0,80.47441399765786
2030-06-30 16:00:00,0.0,87.23487018624837
2030-06-30 17:00:00,0.0,87.43459764298926
2030-06-30 18:00:00,0.0,89.71001884826615
2030-06-30 19:00:00,0.0,97.15202731092073
2030-06-30 20:00:00,0.0,110.2537304640224
2030-06-30 21:00:00,0.0,113.20646910146672
2030-06-30 22:00:00,0.0,118.85434110762104
2030-06-30 23:00:00,0.0,121.90757668058016
2030-07-01 00:00:00,0.0,130.8989257802706
2030-07-01 01:00:00,0.0,125.39222865270516
2030-07-01 02:00:00,0.0,120.97371801165376
2030-07-01 03:00:00,0.0,118.48079764005045
2030-07-01 04:00:00,0.0,115.08909310351817
2030-07-01 05:00:00,0.0,113.32221496465765
2030-07-01 06:00:00,0.0,110.9178577156473
2030-07-01 07:00:00,0.0,103.3487797530446
2030-07-01 08:00:00,0.0,94.88114894085834
2030-07-01 09:00:00,0.0,88.92916425673377
2030-07-01 10:00:00,0.0,83.26376813995581
2030-07-01 11:00:00,0.0,78.33981692879024
2030-07-01 12:00:00,0.0,78.8908661183134
2030-07-01 13:00:00,0.0,80.01545045013017
2030-07-01 14:00:00,0.0,79.78764015461434
2030-07-01 15:00:00,0.0,88.7773084468904
2030-07-01 16:00:00,0.0,94.30550366896034
2030-07-01 17:00:00,0.0,95.53402641122719
2030-07-01 18:00:00,0.0,100.30044177328648
2030-07-01 19:00:00,0.0,104.360380191986
2030-07-01 20:00:00,0.0,119.91019715169703
2030-07-01 21:00:00,0.0,122.17501977355901
2030-07-01 22:00:00,0.0,125.41853453070301
2030-07-01 23:00:00,0.0,132.42028239115052
2030-07-02 00:00:00,0.0,122.43807855353828
2030-07-02 01:00:00,0.0,120.47039887929348
2030-07-02 02:00:00,0.0,112.47165824272474
2030-07-02 03:00:00,0.0,111.40451645860888
2030-07-02 04:00:00,0.0,109.58941087675214
2030-07-02 05:00:00,0.0,107.27273988773491
2030-07-02 06:00:00,0.0,107.2525720479366
2030-07-02 07:00:00,0.0,98.44536409423152
2030-07-02 08:00:00,0.0,91.43034463614184
2030-07-02 09:00:00,0.0,82.6802648456304
2030-07-02 10:00:00,0.0,81.29760490254456
2030-07-02 11:00:00,0.0,77.13463548452728
2030-07-02 12:00:00,0.0,75.3342568221335
2030-07-02 13:00:00,0.0,77.13684578196886
2030-07-02 14:00:00,0.0,67.45512064088939
2030-07-02 15:00:00,0.0,78.78456516571362
2030-07-02 16:00:00,0.0,87.87725080269513
2030-07-02 17:00:00,0.0,91.57007706702711
2030-07-02 18:00:00,0.0,92.71159190412332
2030-07-02 19:00:00,0.0,98.00628767415436
2030-07-02 20:00:00,0.0,115.66078061731127
2030-07-02 21:00:00,0.0,116.44647640821108
2030-07-02 22:00:00,0.0,120.99914702705176
2030-07-02 23:00:00,0.0,126.68472412500319
2030-07-03 00:00:00,0.0,121.71028259559569
2030-07-03 01:00:00,0.0,120.22400048871292
2030-07-03 02:00:00,0.0,114.19820070198853
2030-07-03 03:00:00,0.0,113.42217730104971
2030-07-03 04:00:00,0.0,109.17465486698484
2030-07-03 05:00:00,0.0,109.10450585899036
2030-07-03 06:00:00,0.0,107.09210619214925
2030-07-03 07:00:00,0.0,101.9957807613514
2030-07-03 08:00:00,0.0,94.02252354090388
2030-07-03 09:00:00,0.0,83.997178847123
2030-07-03 10:00:00,0.0,70.20451947386869
2030-07-03 11:00:00,0.0,64.16763496122917
2030-07-03 12:00:00,0.0,68.0835291998111
2030-07-03 13:00:00,0.0,64.60442259061506
2030-07-03 14:00:00,0.0,61.73657159863841
2030-07-03 15:00:00,0.0,70.43195496293265
2030-07-03 16:00:00,0.0,75.11030340054094
2030-07-03 17:00:00,0.0,74.0911591212382
2030-07-03 18:00:00,0.0,76.83185144842719
2030-07-03 19:00:00,0.0,85.69667117389008
2030-07-03 20:00:00,0.0,100.52946653353877
2030-07-03 21:00:00,0.0,105.56724213086954
2030-07-03 22:00:00,0.0,115.0882162409182
2030-07-03 23:00:00,0.0,115.57838243427955
2030-07-04 00:00:00,0.0,128.47878500446154
2030-07-04 01:00:00,0.0,123.2623293974732
2030-07-04 02:00:00,0.0,119.9118374031376
2030-07-04 03:00:00,0.0,116.95593357877088
2030-07-04 04:00:00,0.0,113.60368785923536
2030-07-04 05:00:00,0.0,112.17878613434776
2030-07-04 06:00:00,0.0,109.98487590932096
2030-07-04 07:00:00,0.0,102.26059326653046
2030-07-04 08:00:00,0.0,94.61384806519992
2030-07-04 09:00:00,0.0,89.81663429905609
2030-07-04 10:00:00,0.0,85.29529471723436
2030-07-04 11:00:00,0.0,81.25135920494347
2030-07-04 12:00:00,0.0,81.76613268278857
2030-07-04 13:00:00,0.0,83.09706687599488
2030-07-04 14:00:00,0.0,81.42991339591161
2030-07-04 15:00:00,0.0,89.4342930141704
2030-07-04 16:00:00,0.0,95.97873498502211
2030-07-04 17:00:00,0.0,97.45666318213136
2030-07-04 18:00:00,0.0,99.63476756588193
2030-07-04 19:00:00,0.0,103.15305905052456
2030-07-04 20:00:00,0.0,116.11978318243337
2030-07-04 21:00:00,0.0,119.54443197376656
2030-07-04 22:00:00,0.0,124.34700843358756
2030-07-04 23:00:00,0.0,131.84769111339574
2030-07-05 00:00:00,0.0,132.29664476456023
2030-07-05 01:00:00,0.0,126.84782056859024
2030-07-05 02:00:00,0.0,122.79057731871046
2030-07-05 03:00:00,0.0,120.24592205371118
2030-07-05 04:00:00,0.0,116.92612025037316
2030-07-05 05:00:00,0.0,114.55596064276028
2030-07-05 06:00:00,0.0,111.9674622477645
2030-07-05 07:00:00,0.0,104.25808626917284
2030-07-05 08:00:00,0.0,97.83984099136842
2030-07-05 09:00:00,0.0,92.30990345762291
2030-07-05 10:00:00,0.0,85.96603646388508
2030-07-05 11:00:00,0.0,80.99931793952305
2030-07-05 12:00:00,0.0,82.36561802199617
2030-07-05 13:00:00,0.0,84.85036298369606
2030-07-05 14:00:00,0.0,85.75794164120384
2030-07-05 15:00:00,0.0,94.6773999819958
2030-07-05 16:00:00,0.0,98.94106075037801
2030-07-05 17:00:00,0.0,97.88073939503715
2030-07-05 18:00:00,0.0,102.19139781705665
2030-07-05 19:00:00,0.0,106.117058966846
2030-07-05 20:00:00,0.0,119.78213175023131
2030-07-05 21:00:00,0.0,121.82427473358666
2030-07-05 22:00:00,0.0,127.205580509362
2030-07-05 23:00:00,0.0,134.41689853119303
2030-07-06 00:00:00,0.0,134.1029817204178
2030-07-06 01:00:00,0.0,128.93212296862575
2030-07-06 02:00:00,0.0,124.74598091655616
2030-07-06 03:00:00,0.0,121.67696181679833
2030-07-06 04:00:00,0.0,118.69913642743325
2030-07-06 05:00:00,0.0,116.81125124978225
2030-07-06 06:00:00,0.0,114.44898340556868
2030-07-06 07:00:00,0.0,106.80887957237157
2030-07-06 08:00:00,0.0,94.19698450098825
2030-07-06 09:00:00,0.0,89.51033210040828
2030-07-06 10:00:00,0.0,82.46308193293305
2030-07-06 11:00:00,0.0,75.83779378675035
2030-07-06 12:00:00,0.0,76.33804154939433
2030-07-06 13:00:00,0.0,78.54710039863323
2030-07-06 14:00:00,0.0,77.57007454258803
2030-07-06 15:00:00,0.0,87.52799525066018
2030-07-06 16:00:00,0.0,91.66151938424208
2030-07-06 17:00:00,0.0,95.91347231925315
2030-07-06 18:00:00,0.0,97.343969269775
2030-07-06 19:00:00,0.0,100.4820053467248
2030-07-06 20:00:00,0.0,116.52091553172464
2030-07-06 21:00:00,0.0,119.12441478839968
2030-07-06 22:00:00,0.0,122.53804088993036
2030-07-06 23:00:00,0.0,130.0150482795403
2030-07-07 00:00:00,0.0,130.1851596239269
2030-07-07 01:00:00,0.0,124.79157777175249
2030-07-07 02:00:00,0.0,121.23853051683297
2030-07-07 03:00:00,0.0,118.06516476768331
2030-07-07 04:00:00,0.0,115.0487574239213
2030-07-07 05:00:00,0.0,113.20734596406668
2030-07-07 06:00:00,0.0,111.0660474950356
2030-07-07 07:00:00,0.0,103.2400487906532
2030-07-07 08:00:00,0.0,95.42794966345912
2030-07-07 09:00:00,0.0,89.94798646096353
2030-07-07 10:00:00,0.0,84.90039919948141
2030-07-07 11:00:00,0.0,78.85346813729494
2030-07-07 12:00:00,0.0,79.35877225302637
2030-07-07 13:00:00,0.0,80.44521358877739
2030-07-07 14:00:00,0.0,78.83769144677636
2030-07-07 15:00:00,0.0,87.76214948920449
2030-07-07 16:00:00,0.0,92.42836901494672
2030-07-07 17:00:00,0.0,93.30568756153137
2030-07-07 18:00:00,0.0,97.40897012950643
2030-07-07 19:00:00,0.0,101.30857150177256
2030-07-07 20:00:00,0.0,116.24726324917172
2030-07-07 21:00:00,0.0,118.01079928648755
2030-07-07 22:00:00,0.0,122.42843306493899
2030-07-07 23:00:00,0.0,129.6660569647679
2030-07-08 00:00:00,0.0,129.5082216967803
2030-07-08 01:00:00,0.0,124.26984452479373
2030-07-08 02:00:00,0.0,120.09159423612344
2030-07-08 03:00:00,0.0,116.9068292731747
2030-07-08 04:00:00,0.0,113.63350118763297
2030-07-08 05:00:00,0.0,112.17878613434776
2030-07-08 06:00:00,0.0,109.98487590932096
2030-07-08 07:00:00,0.0,102.26059326653046
2030-07-08 08:00:00,0.0,93.7392853553589
2030-07-08 09:00:00,0.0,88.51116069425643
2030-07-08 10:00:00,0.0,81.79419067248443
2030-07-08 11:00:00,0.0,76.8833394332654
2030-07-08 12:00:00,0.0,76.8110433207147
2030-07-08 13:00:00,0.0,77.76734083336521
2030-07-08 14:00:00,0.0,77.14497132983297
2030-07-08 15:00:00,0.0,85.67370917082383
2030-07-08 16:00:00,0.0,90.9531641411928
2030-07-08 17:00:00,0.0,93.08671506822725
2030-07-08 18:00:00,0.0,97.62173802909501
2030-07-08 19:00:00,0.0,101.9602611833992
2030-07-08 20:00:00,0.0,115.665447608181
2030-07-08 21:00:00,0.0,116.41052504161392
2030-07-08 22:00:00,0.0,121.35866069302347
2030-07-08 23:00:00,0.0,128.15873015548686
2030-07-09 00:00:00,0.0,118.01606046208724
2030-07-09 01:00:00,0.0,116.0054145204458
2030-07-09 02:00:00,0.0,109.44297482256364
2030-07-09 03:00:00,0.0,108.7467459182186
2030-07-09 04:00:00,0.0,107.14559481074502
2030-07-09 05:00:00,0.0,105.827670323049
2030-07-09 06:00:00,0.0,105.6400217266638
2030-07-09 07:00:00,0.0,96.8196608339598
2030-07-09 08:00:00,0.0,88.64312527341609
2030-07-09 09:00:00,0.0,81.31880256266548
2030-07-09 10:00:00,0.0,80.41653566411912
2030-07-09 11:00:00,0.0,76.26861771042297
2030-07-09 12:00:00,0.0,73.1310156445919
2030-07-09 13:00:00,0.0,74.14491742657401
2030-07-09 14:00:00,0.0,64.68502147844606
2030-07-09 15:00:00,0.0,76.0122800237225
2030-07-09 16:00:00,0.0,85.8347387874635
2030-07-09 17:00:00,0.0,90.2850980115173
2030-07-09 18:00:00,0.0,91.72093607286739
2030-07-09 19:00:00,0.0,97.70623146086723
2030-07-09 20:00:00,0.0,115.0900161437587
2030-07-09 21:00:00,0.0,115.63713222847493
2030-07-09 22:00:00,0.0,119.87325544874068
2030-07-09 23:00:00,0.0,125.38959806490539
2030-07-10 00:00:00,0.0,120.36429850470188
2030-07-10 01:00:00,0.0,118.87363208481952
2030-07-10 02:00:00,0.0,112.6347546863119
2030-07-10 03:00:00,0.0,111.47028115360376
2030-07-10 04:00:00,0.0,107.27975478853443
2030-07-10 05:00:00,0.0,107.34201203312954
2030-07-10 06:00:00,0.0,105.66457387946184
2030-07-10 07:00:00,0.0,99.77994897132623
2030-07-10 08:00:00,0.0,91.1249694184188
2030-07-10 09:00:00,0.0,82.36104043496947
2030-07-10 10:00:00,0.0,68.65596544197047
2030-07-10 11:00:00,0.0,62.60180317613356
2030-07-10 12:00:00,0.0,65.87766354942721
2030-07-10 13:00:00,0.0,63.776898821347686
2030-07-10 14:00:00,0.0,64.8586640220467
2030-07-10 15:00:00,0.0,72.72031043928087
2030-07-10 16:00:00,0.0,78.89048856917462
2030-07-10 17:00:00,0.0,81.2614620263331
2030-07-10 18:00:00,0.0,86.50347476567106
2030-07-10 19:00:00,0.0,94.21959102008371
2030-07-10 20:00:00,0.0,107.4776967280095
2030-07-10 21:00:00,0.0,109.0992446833908
2030-07-10 22:00:00,0.0,116.9278739755731
2030-07-10 23:00:00,0.0,117.4539915355316
2030-07-11 00:00:00,0.0,130.2456631433222
2030-07-11 01:00:00,0.0,125.27385220171448
2030-07-11 02:00:00,0.0,121.04035956924848
2030-07-11 03:00:00,0.0,117.55220014672386
2030-07-11 04:00:00,0.0,114.41566262677132
2030-07-11 05:00:00,0.0,112.17878613434776
2030-07-11 06:00:00,0.0,109.98487590932096
2030-07-11 07:00:00,0.0,102.26059326653046
2030-07-11 08:00:00,0.0,92.45903511741379
2030-07-11 09:00:00,0.0,86.81791812334336
2030-07-11 10:00:00,0.0,83.17410762668784
2030-07-11 11:00:00,0.0,79.52106659466426
2030-07-11 12:00:00,0.0,79.08121591304757
2030-07-11 13:00:00,0.0,78.58635435522353
2030-07-11 14:00:00,0.0,78.04319081347603
2030-07-11 15:00:00,0.0,86.25139686434886
2030-07-11 16:00:00,0.0,89.97470708210938
2030-07-11 17:00:00,0.0,92.16922388433045
2030-07-11 18:00:00,0.0,96.11157074860672
2030-07-11 19:00:00,0.0,98.80359009380754
2030-07-11 20:00:00,0.0,113.47738639085446
2030-07-11 21:00:00,0.0,118.48868940344992
2030-07-11 22:00:00,0.0,122.8773867161036
2030-07-11 23:00:00,0.0,130.70075483268624
2030-07-12 00:00:00,0.0,131.12691005625263
2030-07-12 01:00:00,0.0,126.00077129705709
2030-07-12 02:00:00,0.0,122.21535545315578
2030-07-12 03:00:00,0.0,119.46726806497269
2030-07-12 04:00:00,0.0,116.37106622461704
2030-07-12 05:00:00,0.0,114.69450493354928
2030-07-12 06:00:00,0.0,112.45412099072608
2030-07-12 07:00:00,0.0,105.16125474710157
2030-07-12 08:00:00,0.0,96.8179113911583
2030-07-12 09:00:00,0.0,92.58883133991024
2030-07-12 10:00:00,0.0,85.63374156544137
2030-07-12 11:00:00,0.0,83.54952690554853
2030-07-12 12:00:00,0.0,85.48447974805435
2030-07-12 13:00:00,0.0,88.26206996430356
2030-07-12 14:00:00,0.0,81.77783274016576
2030-07-12 15:00:00,0.0,88.1300459993139
2030-07-12 16:00:00,0.0,92.62133677765087
2030-07-12 17:00:00,0.0,95.35009472217244
2030-07-12 18:00:00,0.0,94.13841675809874
2030-07-12 19:00:00,0.0,95.44500243465997
2030-07-12 20:00:00,0.0,111.91521010389692
2030-07-12 21:00:00,0.0,117.61182680351908
2030-07-12 22:00:00,0.0,121.8488268863848
2030-07-12 23:00:00,0.0,129.47928523098267
2030-07-13 00:00:00,0.0,130.21848040272425
2030-07-13 01:00:00,0.0,125.09146478092885
2030-07-13 02:00:00,0.0,119.48655904217117
2030-07-13 03:00:00,0.0,116.41666307981336
2030-07-13 04:00:00,0.0,113.42042357584978
2030-07-13 05:00:00,0.0,112.19369279854664
2030-07-13 06:00:00,0.0,109.98487590932096
2030-07-13 07:00:00,0.0,102.26059326653046
2030-07-13 08:00:00,0.0,93.82168730821786
2030-07-13 09:00:00,0.0,90.24856559392333
2030-07-13 10:00:00,0.0,89.49716331324362
2030-07-13 11:00:00,0.0,85.9289985035234
2030-07-13 12:00:00,0.0,88.11778393021326
2030-07-13 13:00:00,0.0,87.10047958684778
2030-07-13 14:00:00,0.0,75.74823357628041
2030-07-13 15:00:00,0.0,88.84942990518675
2030-07-13 16:00:00,0.0,96.1349448914068
2030-07-13 17:00:00,0.0,93.74432797671352
2030-07-13 18:00:00,0.0,96.1811874839948
2030-07-13 19:00:00,0.0,97.24392096929114
2030-07-13 20:00:00,0.0,114.43251149655951
2030-07-13 21:00:00,0.0,115.0627872255202
2030-07-13 22:00:00,0.0,121.62084261040275
2030-07-13 23:00:00,0.0,129.07242098461472
2030-07-14 00:00:00,0.0,129.5292663991787
2030-07-14 01:00:00,0.0,124.3715605863856
2030-07-14 02:00:00,0.0,121.33147795242552
2030-07-14 03:00:00,0.0,116.41666307981336
2030-07-14 04:00:00,0.0,113.42042357584978
2030-07-14 05:00:00,0.0,112.17878613434776
2030-07-14 06:00:00,0.0,109.98487590932096
2030-07-14 07:00:00,0.0,102.26059326653046
2030-07-14 08:00:00,0.0,94.94390223201843
2030-07-14 09:00:00,0.0,89.33447136769132
2030-07-14 10:00:00,0.0,81.04327790524358
2030-07-14 11:00:00,0.0,76.95578645125602
2030-07-14 12:00:00,0.0,80.24300544448067
2030-07-14 13:00:00,0.0,83.14906689949873
2030-07-14 14:00:00,0.0,77.28233117323259
2030-07-14 15:00:00,0.0,87.15374815071334
2030-07-14 16:00:00,0.0,91.32752283480531
2030-07-14 17:00:00,0.0,92.90664147734935
2030-07-14 18:00:00,0.0,97.64045949147761
2030-07-14 19:00:00,0.0,102.21043218274166
2030-07-14 20:00:00,0.0,116.53489551881852
2030-07-14 21:00:00,0.0,119.89956132673852
2030-07-14 22:00:00,0.0,124.23564688339638
2030-07-14 23:00:00,0.0,131.4776550962249
2030-07-15 00:00:00,0.0,131.23301043084427
2030-07-15 01:00:00,0.0,125.83416740307028
2030-07-15 02:00:00,0.0,120.23364597731222
2030-07-15 03:00:00,0.0,117.59341268892057
2030-07-15 04:00:00,0.0,114.3516516569764
2030-07-15 05:00:00,0.0,112.97936168808462
2030-07-15 06:00:00,0.0,110.60832521787177
2030-07-15 07:00:00,0.0,102.82616964348584
2030-07-15 08:00:00,0.0,92.61563969355689
2030-07-15 09:00:00,0.0,88.38873295449251
2030-07-15 10:00:00,0.0,80.55038991793242
2030-07-15 11:00:00,0.0,75.92608006189118
2030-07-15 12:00:00,0.0,76.93810118941326
2030-07-15 13:00:00,0.0,82.95355157062238
2030-07-15 14:00:00,0.0,82.4235754088902
2030-07-15 15:00:00,0.0,91.52771046342413
2030-07-15 16:00:00,0.0,94.1104346864928
2030-07-15 17:00:00,0.0,95.65178615425907
2030-07-15 18:00:00,0.0,97.56634167484616
2030-07-15 19:00:00,0.0,98.20292764708768
2030-07-15 20:00:00,0.0,113.60130726506031
2030-07-15 21:00:00,0.0,118.07305653108268
2030-07-15 22:00:00,0.0,122.99927061749393
2030-07-15 23:00:00,0.0,130.32019646431627
2030-07-16 00:00:00,0.0,120.14332912951932
2030-07-16 01:00:00,0.0,118.42643215885482
2030-07-16 02:00:00,0.0,109.44297482256364
2030-07-16 03:00:00,0.0,108.7467459182186
2030-07-16 04:00:00,0.0,107.14559481074502
2030-07-16 05:00:00,0.0,105.827670323049
2030-07-16 06:00:00,0.0,105.6400217266638
2030-07-16 07:00:00,0.0,96.8196608339598
2030-07-16 08:00:00,0.0,89.0164221754751
2030-07-16 09:00:00,0.0,85.86738565771769
2030-07-16 10:00:00,0.0,86.47497476149726
2030-07-16 11:00:00,0.0,86.78798043951326
2030-07-16 12:00:00,0.0,87.72957708875128
2030-07-16 13:00:00,0.0,88.66199430819414
2030-07-16 14:00:00,0.0,72.5707373636776
2030-07-16 15:00:00,0.0,81.59722930790656
2030-07-16 16:00:00,0.0,87.93605081094995
2030-07-16 17:00:00,0.0,90.46620259046301
2030-07-16 18:00:00,0.0,89.61761132000288
2030-07-16 19:00:00,0.0,95.11309087787869
2030-07-16 20:00:00,0.0,111.73275153173677
2030-07-16 21:00:00,0.0,114.15172698419212
2030-07-16 22:00:00,0.0,118.79997562642528
2030-07-16 23:00:00,0.0,124.76001071815504
2030-07-17 00:00:00,0.0,120.3379926267039
2030-07-17 01:00:00,0.0,119.0753104828036
2030-07-17 02:00:00,0.0,112.92499620688896
2030-07-17 03:00:00,0.0,112.68824330490757
2030-07-17 04:00:00,0.0,108.3091914808532
2030-07-17 05:00:00,0.0,107.73835392829824
2030-07-17 06:00:00,0.0,106.017949507234
2030-07-17 07:00:00,0.0,100.23679438589022
2030-07-17 08:00:00,0.0,92.58670322775912
2030-07-17 09:00:00,0.0,83.11765516870048
2030-07-17 10:00:00,0.0,69.19498638408595
2030-07-17 11:00:00,0.0,65.62502578306669
2030-07-17 12:00:00,0.0,70.30940759655743
2030-07-17 13:00:00,0.0,69.9741372068604
2030-07-17 14:00:00,0.0,69.59243616235426
2030-07-17 15:00:00,0.0,77.97214228669009
2030-07-17 16:00:00,0.0,79.79213375470955
2030-07-17 17:00:00,0.0,82.82206520639193
2030-07-17 18:00:00,0.0,83.00546414882933
2030-07-17 19:00:00,0.0,91.57110057328077
2030-07-17 20:00:00,0.0,105.95535056890708
2030-07-17 21:00:00,0.0,109.32810582197273
2030-07-17 22:00:00,0.0,117.840687942101
2030-07-17 23:00:00,0.0,118.53516312124621
2030-07-18 00:00:00,0.0,131.515360188022
2030-07-18 01:00:00,0.0,126.4409563222224
2030-07-18 02:00:00,0.0,122.63975695152236
2030-07-18 03:00:00,0.0,119.54530883636652
2030-07-18 04:00:00,0.0,116.51837914140536
2030-07-18 05:00:00,0.0,114.42443125277065
2030-07-18 06:00:00,0.0,112.18580103514728
2030-07-18 07:00:00,0.0,104.2843921471708
2030-07-18 08:00:00,0.0,95.48211895375368
2030-07-18 09:00:00,0.0,89.47665200366248
2030-07-18 10:00:00,0.0,82.13323910247288
2030-07-18 11:00:00,0.0,75.9291368834838
2030-07-18 12:00:00,0.0,76.36961717742872
2030-07-18 13:00:00,0.0,76.60725989391379
2030-07-18 14:00:00,0.0,74.20602529104974
2030-07-18 15:00:00,0.0,82.95146057602595
2030-07-18 16:00:00,0.0,88.22334891621334
2030-07-18 17:00:00,0.0,88.07344045130718
2030-07-18 18:00:00,0.0,92.65530616184742
2030-07-18 19:00:00,0.0,97.46685953685346
2030-07-18 20:00:00,0.0,112.96611069634946
2030-07-18 21:00:00,0.0,116.86210928057824
2030-07-18 22:00:00,0.0,121.4296865636178
2030-07-18 23:00:00,0.0,128.5577026384553
2030-07-19 00:00:00,0.0,128.4498485386639
2030-07-19 01:00:00,0.0,122.65115616532148
2030-07-19 02:00:00,0.0,119.14633635339804
2030-07-19 03:00:00,0.0,116.49031953820759
2030-07-19 04:00:00,0.0,114.0342273958014
2030-07-19 05:00:00,0.0,112.9337648328883
2030-07-19 06:00:00,0.0,110.90733536444816
2030-07-19 07:00:00,0.0,103.241802515853
2030-07-19 08:00:00,0.0,94.08668443853072
2030-07-19 09:00:00,0.0,88.2626747282186
2030-07-19 10:00:00,0.0,81.6806696073246
2030-07-19 11:00:00,0.0,76.70538105980916
2030-07-19 12:00:00,0.0,77.30376225615805
2030-07-19 13:00:00,0.0,77.0616289880827
2030-07-19 14:00:00,0.0,75.92208181529281
2030-07-19 15:00:00,0.0,83.9986698431876
2030-07-19 16:00:00,0.0,88.72698490153437
2030-07-19 17:00:00,0.0,90.15229104933427
2030-07-19 18:00:00,0.0,94.41872193599217
2030-07-19 19:00:00,0.0,98.42789709112185
2030-07-19 20:00:00,0.0,113.72865444879778
2030-07-19 21:00:00,0.0,117.71792717811068
2030-07-19 22:00:00,0.0,123.19568783987847
2030-07-19 23:00:00,0.0,130.89804891767062
2030-07-20 00:00:00,0.0,131.37506217203304
2030-07-20 01:00:00,0.0,126.50672101721716
2030-07-20 02:00:00,0.0,123.20708705367758
2030-07-20 03:00:00,0.0,120.40463418429874
2030-07-20 04:00:00,0.0,117.3101860691429
2030-07-20 05:00:00,0.0,116.05364196344205
2030-07-20 06:00:00,0.0,113.03811148227997
2030-07-20 07:00:00,0.0,105.53655193987196
2030-07-20 08:00:00,0.0,96.25878430297665
2030-07-20 09:00:00,0.0,93.16209857982288
2030-07-20 10:00:00,0.0,86.07512677314513
2030-07-20 11:00:00,0.0,78.73526083390675
2030-07-20 12:00:00,0.0,79.02321930944787
2030-07-20 13:00:00,0.0,81.03189863187141
2030-07-20 14:00:00,0.0,72.24856634659534
2030-07-20 15:00:00,0.0,81.6114059220182
2030-07-20 16:00:00,0.0,88.10752856926943
2030-07-20 17:00:00,0.0,89.50261534261745
2030-07-20 18:00:00,0.0,92.7230945553199
2030-07-20 19:00:00,0.0,93.61735133564366
2030-07-20 20:00:00,0.0,107.36240966917408
2030-07-20 21:00:00,0.0,113.52564708784153
2030-07-20 22:00:00,0.0,119.91096054053764
2030-07-20 23:00:00,0.0,127.80710825291452
2030-07-21 00:00:00,0.0,128.27009170567803
2030-07-21 01:00:00,0.0,123.10274040428578
2030-07-21 02:00:00,0.0,119.14633635339804
2030-07-21 03:00:00,0.0,116.41666307981336
2030-07-21 04:00:00,0.0,113.42042357584978
2030-07-21 05:00:00,0.0,112.42518452492834
2030-07-21 06:00:00,0.0,110.17690881870578
2030-07-21 07:00:00,0.0,102.3360034501245
2030-07-21 08:00:00,0.0,94.31040348729903
2030-07-21 09:00:00,0.0,91.02359647458933
2030-07-21 10:00:00,0.0,87.44792111639322
2030-07-21 11:00:00,0.0,81.76080190450011
2030-07-21 12:00:00,0.0,83.2377548721472
2030-07-21 13:00:00,0.0,81.9533688804903
2030-07-21 14:00:00,0.0,80.96104634285473
2030-07-21 15:00:00,0.0,88.98046432128785
2030-07-21 16:00:00,0.0,94.69154415019953
2030-07-21 17:00:00,0.0,95.84384625918553
2030-07-21 18:00:00,0.0,99.339890513761
2030-07-21 19:00:00,0.0,101.36224817361528
2030-07-21 20:00:00,0.0,116.03875549662166
2030-07-21 21:00:00,0.0,119.52777158436788
2030-07-21 22:00:00,0.0,123.28249723727161
2030-07-21 23:00:00,0.0,130.96205988746556
2030-07-22 00:00:00,0.0,130.98310458986396
2030-07-22 01:00:00,0.0,125.31418788131134
2030-07-22 02:00:00,0.0,121.9110841309798
2030-07-22 03:00:00,0.0,118.75437877122896
2030-07-22 04:00:00,0.0,115.79584435906236
2030-07-22 05:00:00,0.0,114.7313331627464
2030-07-22 06:00:00,0.0,112.493579807723
2030-07-22 07:00:00,0.0,104.83067754692765
2030-07-22 08:00:00,0.0,96.71935666123305
2030-07-22 09:00:00,0.0,90.38337779403024
2030-07-22 10:00:00,0.0,84.48644486518663
2030-07-22 11:00:00,0.0,78.81565035987546
2030-07-22 12:00:00,0.0,78.42147329685622
2030-07-22 13:00:00,0.0,78.98231405719491
2030-07-22 14:00:00,0.0,77.4861056260422
2030-07-22 15:00:00,0.0,85.72549988963976
2030-07-22 16:00:00,0.0,90.97135017842174
2030-07-22 17:00:00,0.0,93.02964198918515
2030-07-22 18:00:00,0.0,99.86795207397392
2030-07-22 19:00:00,0.0,102.15311312654762
2030-07-22 20:00:00,0.0,117.51389780307807
2030-07-22 21:00:00,0.0,120.6466482618796
2030-07-22 22:00:00,0.0,124.84068207734867
2030-07-22 23:00:00,0.0,132.79119527092132
2030-07-23 00:00:00,0.0,123.34913879486633
2030-07-23 01:00:00,0.0,121.52877203741002
2030-07-23 02:00:00,0.0,114.5787590703585
2030-07-23 03:00:00,0.0,113.25381968186296
2030-07-23 04:00:00,0.0,111.33173686281464
2030-07-23 05:00:00,0.0,109.0369874387958
2030-07-23 06:00:00,0.0,109.3561654251706
2030-07-23 07:00:00,0.0,100.6725950980558
2030-07-23 08:00:00,0.0,93.51303167304218
2030-07-23 09:00:00,0.0,84.69637368037047
2030-07-23 10:00:00,0.0,82.51210035919983
2030-07-23 11:00:00,0.0,77.8342667408383
2030-07-23 12:00:00,0.0,74.67836999754877
2030-07-23 13:00:00,0.0,76.55944666354627
2030-07-23 14:00:00,0.0,67.87751423310158
2030-07-23 15:00:00,0.0,78.28637841887917
2030-07-23 16:00:00,0.0,89.42874814519848
2030-07-23 17:00:00,0.0,89.38244456225267
2030-07-23 18:00:00,0.0,90.73178214062727
2030-07-23 19:00:00,0.0,97.46148655883688
2030-07-23 20:00:00,0.0,115.11475191516227
2030-07-23 21:00:00,0.0,116.80160576118304
2030-07-23 22:00:00,0.0,121.19293366163652
2030-07-23 23:00:00,0.0,127.43444164794391
2030-07-24 00:00:00,0.0,123.03171453369144
2030-07-24 01:00:00,0.0,122.26972093435153
2030-07-24 02:00:00,0.0,116.43507719441196
2030-07-24 03:00:00,0.0,115.78619887046318
2030-07-24 04:00:00,0.0,111.59041132979428
2030-07-24 05:00:00,0.0,110.77054479885896
2030-07-24 06:00:00,0.0,108.5617279096332
2030-07-24 07:00:00,0.0,102.89894923928011
2030-07-24 08:00:00,0.0,93.23258556889628
2030-07-24 09:00:00,0.0,84.16520429703462
2030-07-24 10:00:00,0.0,70.07489615849579
2030-07-24 11:00:00,0.0,67.69901755817591
2030-07-24 12:00:00,0.0,73.61074532885505
2030-07-24 13:00:00,0.0,70.49522979726896
2030-07-24 14:00:00,0.0,69.24807556487599
2030-07-24 15:00:00,0.0,77.62041401323027
2030-07-24 16:00:00,0.0,81.75712560134377
2030-07-24 17:00:00,0.0,82.6761347707595
2030-07-24 18:00:00,0.0,81.69951678435405
2030-07-24 19:00:00,0.0,87.97281757577832
2030-07-24 20:00:00,0.0,102.42786442424948
2030-07-24 21:00:00,0.0,108.34952716044997
2030-07-24 22:00:00,0.0,117.69074443751288
2030-07-24 23:00:00,0.0,118.31419374606367
2030-07-25 00:00:00,0.0,131.17513749924876
2030-07-25 01:00:00,0.0,126.14106931304605
2030-07-25 02:00:00,0.0,122.89580083070211
2030-07-25 03:00:00,0.0,119.33310808718328
2030-07-25 04:00:00,0.0,116.37545053761664
2030-07-25 05:00:00,0.0,113.24242046806386
2030-07-25 06:00:00,0.0,110.11728216191044
2030-07-25 07:00:00,0.0,102.379846580121
2030-07-25 08:00:00,0.0,92.79898065491501
2030-07-25 09:00:00,0.0,90.93445977317344
2030-07-25 10:00:00,0.0,84.80004510887295
2030-07-25 11:00:00,0.0,84.3752512287043
2030-07-25 12:00:00,0.0,85.99222278208617
2030-07-25 13:00:00,0.0,83.71672219271203
2030-07-25 14:00:00,0.0,77.47364011092577
2030-07-25 15:00:00,0.0,85.21049627383434
2030-07-25 16:00:00,0.0,91.75481512314728
2030-07-25 17:00:00,0.0,96.41151909052098
2030-07-25 18:00:00,0.0,97.91602908234051
2030-07-25 19:00:00,0.0,97.76912311409203
2030-07-25 20:00:00,0.0,112.94858842859117
2030-07-25 21:00:00,0.0,117.52063309312632
2030-07-25 22:00:00,0.0,122.87387926570386
2030-07-25 23:00:00,0.0,130.2430325555224
2030-07-26 00:00:00,0.0,130.1991894255258
2030-07-26 01:00:00,0.0,125.01254714693503
2030-07-26 02:00:00,0.0,121.24817600543211
2030-07-26 03:00:00,0.0,118.8183897410239
2030-07-26 04:00:00,0.0,116.06942549024075
2030-07-26 05:00:00,0.0,114.63137082635431
2030-07-26 06:00:00,0.0,112.40852413552966
2030-07-26 07:00:00,0.0,104.55271210274964
2030-07-26 08:00:00,0.0,94.9943948678026
2030-07-26 09:00:00,0.0,90.21836906580006
2030-07-26 10:00:00,0.0,83.61439931692041
2030-07-26 11:00:00,0.0,78.12377847791991
2030-07-26 12:00:00,0.0,77.52888574920563
2030-07-26 13:00:00,0.0,77.36842057684657
2030-07-26 14:00:00,0.0,75.11900574592369
2030-07-26 15:00:00,0.0,82.58824799757474
2030-07-26 16:00:00,0.0,87.58876817292173
2030-07-26 17:00:00,0.0,88.93303279016072
2030-07-26 18:00:00,0.0,93.91384128111453
2030-07-26 19:00:00,0.0,98.84261840358727
2030-07-26 20:00:00,0.0,113.96144780000712
2030-07-26 21:00:00,0.0,117.95731066789187
2030-07-26 22:00:00,0.0,124.38559038798462
2030-07-26 23:00:00,0.0,131.28211473644035
2030-07-27 00:00:00,0.0,130.97433596386463
2030-07-27 01:00:00,0.0,125.50972824109589
2030-07-27 02:00:00,0.0,121.69099161839722
2030-07-27 03:00:00,0.0,119.26646652958856
2030-07-27 04:00:00,0.0,116.26671957522524
2030-07-27 05:00:00,0.0,114.76465394154376
2030-07-27 06:00:00,0.0,112.62247860991285
2030-07-27 07:00:00,0.0,104.8824124403236
2030-07-27 08:00:00,0.0,95.74839261183763
2030-07-27 09:00:00,0.0,93.02359669684722
2030-07-27 10:00:00,0.0,88.9000304605439
2030-07-27 11:00:00,0.0,82.85911331813008
2030-07-27 12:00:00,0.0,78.77914637105062
2030-07-27 13:00:00,0.0,79.9004142777651
2030-07-27 14:00:00,0.0,74.07277386321753
2030-07-27 15:00:00,0.0,86.69264066148308
2030-07-27 16:00:00,0.0,90.52353161620442
2030-07-27 17:00:00,0.0,93.38442837597152
2030-07-27 18:00:00,0.0,96.96704719905279
2030-07-27 19:00:00,0.0,100.6724575902764
2030-07-27 20:00:00,0.0,115.9177282604528
2030-07-27 21:00:00,0.0,119.2121010483928
2030-07-27 22:00:00,0.0,123.9059465458224
2030-07-27 23:00:00,0.0,131.35840178263436
2030-07-28 00:00:00,0.0,131.33034217943657
2030-07-28 01:00:00,0.0,126.01918541165573
2030-07-28 02:00:00,0.0,122.0943484143654
2030-07-28 03:00:00,0.0,118.69036780143404
2030-07-28 04:00:00,0.0,115.47578951008768
2030-07-28 05:00:00,0.0,113.7562619516234
2030-07-28 06:00:00,0.0,111.82277991877596
2030-07-28 07:00:00,0.0,104.154616482381
2030-07-28 08:00:00,0.0,95.75163875913097
2030-07-28 09:00:00,0.0,90.66072749821761
2030-07-28 10:00:00,0.0,80.90314839065705
2030-07-28 11:00:00,0.0,77.37829109564257
2030-07-28 12:00:00,0.0,77.61804888694645
2030-07-28 13:00:00,0.0,78.54564161013901
2030-07-28 14:00:00,0.0,75.4737440370817
2030-07-28 15:00:00,0.0,84.80612707300884
2030-07-28 16:00:00,0.0,89.1695663407862
2030-07-28 17:00:00,0.0,90.16992363830445
2030-07-28 18:00:00,0.0,93.43576561791872
2030-07-28 19:00:00,0.0,96.4349807371245
2030-07-28 20:00:00,0.0,112.48568804432364
2030-07-28 21:00:00,0.0,116.4876889504078
2030-07-28 22:00:00,0.0,122.4722761949356
2030-07-28 23:00:00,0.0,129.3784460319905
2030-07-29 00:00:00,0.0,128.84180612083287
2030-07-29 01:00:00,0.0,123.150967847282
2030-07-29 02:00:00,0.0,119.918852303937
2030-07-29 03:00:00,0.0,116.8629861431782
2030-07-29 04:00:00,0.0,113.57124394303798
2030-07-29 05:00:00,0.0,112.17878613434776
2030-07-29 06:00:00,0.0,114.35691283257596
2030-07-29 07:00:00,0.0,106.69576429698054
2030-07-29 08:00:00,0.0,96.594492198054
2030-07-29 09:00:00,0.0,90.3459511734934
2030-07-29 10:00:00,0.0,84.49348627809945
2030-07-29 11:00:00,0.0,78.08205376542674
2030-07-29 12:00:00,0.0,77.30785700680725
2030-07-29 13:00:00,0.0,77.26532411396943
2030-07-29 14:00:00,0.0,75.41885673781006
2030-07-29 15:00:00,0.0,83.6907585293251
2030-07-29 16:00:00,0.0,88.97760934949122
2030-07-29 17:00:00,0.0,89.41276127709261
2030-07-29 18:00:00,0.0,93.97665853534886
2030-07-29 19:00:00,0.0,98.43089307393348
2030-07-29 20:00:00,0.0,115.26358876090444
2030-07-29 21:00:00,0.0,115.77655338186388
2030-07-29 22:00:00,0.0,122.85721887630518
2030-07-29 23:00:00,0.0,130.47101683150436
2030-07-30 00:00:00,0.0,121.35515324262371
2030-07-30 01:00:00,0.0,119.99426248753105
2030-07-30 02:00:00,0.0,112.69964251870668
2030-07-30 03:00:00,0.0,112.2480582797424
2030-07-30 04:00:00,0.0,110.6863659892656
2030-07-30 05:00:00,0.0,108.844077666811
2030-07-30 06:00:00,0.0,108.72482435322036
2030-07-30 07:00:00,0.0,99.9658438425115
2030-07-30 08:00:00,0.0,92.33767424937875
2030-07-30 09:00:00,0.0,83.17876938580525
2030-07-30 10:00:00,0.0,80.10167463745084
2030-07-30 11:00:00,0.0,75.2866548716162
2030-07-30 12:00:00,0.0,72.47094370785305
2030-07-30 13:00:00,0.0,73.92109120914131
2030-07-30 14:00:00,0.0,64.00606602561982
2030-07-30 15:00:00,0.0,75.16239367053491
2030-07-30 16:00:00,0.0,84.90875921457244
2030-07-30 17:00:00,0.0,88.88900332579385
2030-07-30 18:00:00,0.0,90.01729525954192
2030-07-30 19:00:00,0.0,96.17156041738914
2030-07-30 20:00:00,0.0,114.735717475746
2030-07-30 21:00:00,0.0,115.87476199305615
2030-07-30 22:00:00,0.0,120.65804747567869
2030-07-30 23:00:00,0.0,126.68823157540282
2030-07-31 00:00:00,0.0,122.65203302792132
2030-07-31 01:00:00,0.0,121.81989042058704
2030-07-31 02:00:00,0.0,116.05276510084217
2030-07-31 03:00:00,0.0,115.46526715888852
2030-07-31 04:00:00,0.0,111.29841608401728
2030-07-31 05:00:00,0.0,110.32422173549412
2030-07-31 06:00:00,0.0,108.18204640386318
2030-07-31 07:00:00,0.0,102.56398772610656
2030-07-31 08:00:00,0.0,94.53104987528307
2030-07-31 09:00:00,0.0,83.76985268105078
2030-07-31 10:00:00,0.0,71.09889592833792
2030-07-31 11:00:00,0.0,66.64034802901688
2030-07-31 12:00:00,0.0,69.8665602962351
2030-07-31 13:00:00,0.0,67.06856992728774
2030-07-31 14:00:00,0.0,66.76506032261011
2030-07-31 15:00:00,0.0,74.15016407399617
2030-07-31 16:00:00,0.0,79.50740080127468
2030-07-31 17:00:00,0.0,80.39679677387822
2030-07-31 18:00:00,0.0,82.96031894758244
2030-07-31 19:00:00,0.0,91.96731952740787
2030-07-31 20:00:00,0.0,106.12054243142586
2030-07-31 21:00:00,0.0,111.39224038220992
2030-07-31 22:00:00,0.0,119.77855428794804
2030-07-31 23:00:00,0.0,119.33135436198336
2030-08-01 00:00:00,0.0,117.74072560570892
2030-08-01 01:00:00,0.0,111.60707171919296
2030-08-01 02:00:00,0.0,105.9390318732402
2030-08-01 03:00:00,0.0,101.71255414157372
2030-08-01 04:00:00,0.0,100.50248375366924
2030-08-01 05:00:00,0.0,96.15412212061231
2030-08-01 06:00:00,0.0,93.30431867083725
2030-08-01 07:00:00,0.0,88.19922461404006
2030-08-01 08:00:00,0.0,78.75328029869318
2030-08-01 09:00:00,0.0,68.46989444496569
2030-08-01 10:00:00,0.0,65.38950829277701
2030-08-01 11:00:00,0.0,61.48696479759712
2030-08-01 12:00:00,0.0,63.70684535974203
2030-08-01 13:00:00,0.0,64.25025016843438
2030-08-01 14:00:00,0.0,66.91593470193902
2030-08-01 15:00:00,0.0,74.30586964391875
2030-08-01 16:00:00,0.0,77.53606945589343
2030-08-01 17:00:00,0.0,82.17833453674915
2030-08-01 18:00:00,0.0,84.29866251290117
2030-08-01 19:00:00,0.0,95.56746334298633
2030-08-01 20:00:00,0.0,105.92763265944107
2030-08-01 21:00:00,0.0,110.42944524748587
2030-08-01 22:00:00,0.0,116.69638224919127
2030-08-01 23:00:00,0.0,118.16425024147554
2030-08-02 00:00:00,0.0,116.06416431464116
2030-08-02 01:00:00,0.0,109.84370103073206
2030-08-02 02:00:00,0.0,104.45274976635756
2030-08-02 03:00:00,0.0,99.61948311553884
2030-08-02 04:00:00,0.0,98.93289969979308
2030-08-02 05:00:00,0.0,97.14059254553443
2030-08-02 06:00:00,0.0,94.62925805933264
2030-08-02 07:00:00,0.0,89.44436950594182
2030-08-02 08:00:00,0.0,81.8236838733833
2030-08-02 09:00:00,0.0,73.34148180424928
2030-08-02 10:00:00,0.0,71.05024259326308
2030-08-02 11:00:00,0.0,65.48996913454721
2030-08-02 12:00:00,0.0,70.96410803648484
2030-08-02 13:00:00,0.0,73.78204664722922
2030-08-02 14:00:00,0.0,67.01005086971838
2030-08-02 15:00:00,0.0,75.68578871522118
2030-08-02 16:00:00,0.0,81.8273959548261
2030-08-02 17:00:00,0.0,84.8111768467677
2030-08-02 18:00:00,0.0,83.9511085071506
2030-08-02 19:00:00,0.0,92.92061910136464
2030-08-02 20:00:00,0.0,104.7850806917313
2030-08-02 21:00:00,0.0,110.542560522877
2030-08-02 22:00:00,0.0,119.85571819674205
2030-08-02 23:00:00,0.0,120.23539970251204
2030-08-03 00:00:00,0.0,118.03885888968544
2030-08-03 01:00:00,0.0,111.48869526820226
2030-08-03 02:00:00,0.0,105.83117777344876
2030-08-03 03:00:00,0.0,100.85673624404124
2030-08-03 04:00:00,0.0,100.03511598790612
2030-08-03 05:00:00,0.0,98.22702530684879
2030-08-03 06:00:00,0.0,96.14535349461299
2030-08-03 07:00:00,0.0,91.40941859238681
2030-08-03 08:00:00,0.0,84.33574143909733
2030-08-03 09:00:00,0.0,74.49793051005987
2030-08-03 10:00:00,0.0,72.98909104274662
2030-08-03 11:00:00,0.0,68.35297661992024
2030-08-03 12:00:00,0.0,72.09437087118317
2030-08-03 13:00:00,0.0,72.85655741380809
2030-08-03 14:00:00,0.0,72.39052216245294
2030-08-03 15:00:00,0.0,79.04214908860445
2030-08-03 16:00:00,0.0,80.84635855856457
2030-08-03 17:00:00,0.0,83.84890841051754
2030-08-03 18:00:00,0.0,87.95283949779731
2030-08-03 19:00:00,0.0,98.21660747469777
2030-08-03 20:00:00,0.0,108.47667223743996
2030-08-03 21:00:00,0.0,112.00516733956158
2030-08-03 22:00:00,0.0,119.54793942416632
2030-08-03 23:00:00,0.0,120.62823414728108
2030-08-04 00:00:00,0.0,118.83505013042257
2030-08-04 01:00:00,0.0,112.37344963153248
2030-08-04 02:00:00,0.0,106.50373138759562
2030-08-04 03:00:00,0.0,101.12505619962008
2030-08-04 04:00:00,0.0,100.32360378328336
2030-08-04 05:00:00,0.0,98.50674447622669
2030-08-04 06:00:00,0.0,96.31195738859992
2030-08-04 07:00:00,0.0,91.4786907377813
2030-08-04 08:00:00,0.0,83.83769890335964
2030-08-04 09:00:00,0.0,74.11271846371824
2030-08-04 10:00:00,0.0,70.83536646477592
2030-08-04 11:00:00,0.0,65.78524242372612
2030-08-04 12:00:00,0.0,68.26384727699565
2030-08-04 13:00:00,0.0,67.74569415091048
2030-08-04 14:00:00,0.0,68.84137025755967
2030-08-04 15:00:00,0.0,77.42850314240148
2030-08-04 16:00:00,0.0,81.85514180043617
2030-08-04 17:00:00,0.0,82.8278131128511
2030-08-04 18:00:00,0.0,86.16264452209566
2030-08-04 19:00:00,0.0,97.09606959812436
2030-08-04 20:00:00,0.0,107.73396961529852
2030-08-04 21:00:00,0.0,111.77192188797994
2030-08-04 22:00:00,0.0,119.4278092479758
2030-08-04 23:00:00,0.0,120.01706091512926
2030-08-05 00:00:00,0.0,117.75387854470785
2030-08-05 01:00:00,0.0,111.28087883201874
2030-08-05 02:00:00,0.0,104.87802812732389
2030-08-05 03:00:00,0.0,99.31871924376264
2030-08-05 04:00:00,0.0,98.54971074362332
2030-08-05 05:00:00,0.0,95.91999980643085
2030-08-05 06:00:00,0.0,93.117546937052
2030-08-05 07:00:00,0.0,88.02999013225347
2030-08-05 08:00:00,0.0,81.26395338947498
2030-08-05 09:00:00,0.0,72.95204268436292
2030-08-05 10:00:00,0.0,69.31420885563045
2030-08-05 11:00:00,0.0,63.807065239053365
2030-08-05 12:00:00,0.0,65.31469835103007
2030-08-05 13:00:00,0.0,66.0461808579081
2030-08-05 14:00:00,0.0,68.1699216784508
2030-08-05 15:00:00,0.0,76.3224566350816
2030-08-05 16:00:00,0.0,80.70172416398736
2030-08-05 17:00:00,0.0,83.6122219689838
2030-08-05 18:00:00,0.0,85.74803208753121
2030-08-05 19:00:00,0.0,96.88581105453056
2030-08-05 20:00:00,0.0,106.08546792742868
2030-08-05 21:00:00,0.0,111.657052887389
2030-08-05 22:00:00,0.0,117.55395387192368
2030-08-05 23:00:00,0.0,118.31244002086385
2030-08-06 00:00:00,0.0,115.78444514526323
2030-08-06 01:00:00,0.0,108.83443217821171
2030-08-06 02:00:00,0.0,104.40802977376096
2030-08-06 03:00:00,0.0,100.91899348863636
2030-08-06 04:00:00,0.0,98.9995412573878
2030-08-06 05:00:00,0.0,97.29667408832222
2030-08-06 06:00:00,0.0,94.96334270990634
2030-08-06 07:00:00,0.0,89.35142207034913
2030-08-06 08:00:00,0.0,80.41655028869718
2030-08-06 09:00:00,0.0,70.99995231153798
2030-08-06 10:00:00,0.0,68.12909715089529
2030-08-06 11:00:00,0.0,61.42112524754896
2030-08-06 12:00:00,0.0,62.50126791542664
2030-08-06 13:00:00,0.0,62.427154475596126
2030-08-06 14:00:00,0.0,61.75525719597408
2030-08-06 15:00:00,0.0,73.96422230384769
2030-08-06 16:00:00,0.0,77.52580331798526
2030-08-06 17:00:00,0.0,81.89979558953665
2030-08-06 18:00:00,0.0,82.77955400244377
2030-08-06 19:00:00,0.0,97.97654331321779
2030-08-06 20:00:00,0.0,111.24755805322125
2030-08-06 21:00:00,0.0,115.52050950268413
2030-08-06 22:00:00,0.0,119.04637401700585
2030-08-06 23:00:00,0.0,121.38408970842148
2030-08-07 00:00:00,0.0,119.67859195155596
2030-08-07 01:00:00,0.0,106.4669031583985
2030-08-07 02:00:00,0.0,100.3735849514794
2030-08-07 03:00:00,0.0,97.23967801932669
2030-08-07 04:00:00,0.0,94.24519224056304
2030-08-07 05:00:00,0.0,87.77394625307363
2030-08-07 06:00:00,0.0,87.93616583406083
2030-08-07 07:00:00,0.0,84.79261341330891
2030-08-07 08:00:00,0.0,77.88378257355066
2030-08-07 09:00:00,0.0,69.2080170475233
2030-08-07 10:00:00,0.0,69.55044403246313
2030-08-07 11:00:00,0.0,68.03603574758631
2030-08-07 12:00:00,0.0,70.98995280289103
2030-08-07 13:00:00,0.0,67.75404369352304
2030-08-07 14:00:00,0.0,65.63645770936535
2030-08-07 15:00:00,0.0,71.2832713424391
2030-08-07 16:00:00,0.0,78.66202002181215
2030-08-07 17:00:00,0.0,80.22677106217532
2030-08-07 18:00:00,0.0,80.6343485983391
2030-08-07 19:00:00,0.0,91.14704904890311
2030-08-07 20:00:00,0.0,101.79234863816748
2030-08-07 21:00:00,0.0,114.24116696938506
2030-08-07 22:00:00,0.0,119.78556918874756
2030-08-07 23:00:00,0.0,120.39674242089939
2030-08-08 00:00:00,0.0,118.58514428944225
2030-08-08 01:00:00,0.0,112.06128654595705
2030-08-08 02:00:00,0.0,106.20910555401893
2030-08-08 03:00:00,0.0,101.3495330252024
2030-08-08 04:00:00,0.0,100.43671905867438
2030-08-08 05:00:00,0.0,98.14196963465542
2030-08-08 06:00:00,0.0,95.94279823402904
2030-08-08 07:00:00,0.0,90.3948885642668
2030-08-08 08:00:00,0.0,83.16428384763572
2030-08-08 09:00:00,0.0,73.07120696607683
2030-08-08 10:00:00,0.0,69.84819319561427
2030-08-08 11:00:00,0.0,65.18446018851205
2030-08-08 12:00:00,0.0,67.0488237447039
2030-08-08 13:00:00,0.0,68.03594990548527
2030-08-08 14:00:00,0.0,65.70846576835879
2030-08-08 15:00:00,0.0,75.18798616433446
2030-08-08 16:00:00,0.0,81.65684501554836
2030-08-08 17:00:00,0.0,85.16702913664892
2030-08-08 18:00:00,0.0,85.99819896569225
2030-08-08 19:00:00,0.0,97.06254491791447
2030-08-08 20:00:00,0.0,105.30067590049055
2030-08-08 21:00:00,0.0,108.26359462565676
2030-08-08 22:00:00,0.0,117.26283548874665
2030-08-08 23:00:00,0.0,117.64514758231644
2030-08-09 00:00:00,0.0,115.12855192051506
2030-08-09 01:00:00,0.0,108.73534670441948
2030-08-09 02:00:00,0.0,103.06116882026733
2030-08-09 03:00:00,0.0,98.20598060445047
2030-08-09 04:00:00,0.0,97.25984585912511
2030-08-09 05:00:00,0.0,95.35617715467527
2030-08-09 06:00:00,0.0,92.88693207327015
2030-08-09 07:00:00,0.0,87.80112899367145
2030-08-09 08:00:00,0.0,80.6206900703703
2030-08-09 09:00:00,0.0,70.77561822548739
2030-08-09 10:00:00,0.0,66.73333547975813
2030-08-09 11:00:00,0.0,62.84319467677767
2030-08-09 12:00:00,0.0,65.01856725713867
2030-08-09 13:00:00,0.0,67.13319752027883
2030-08-09 14:00:00,0.0,69.05947294360135
2030-08-09 15:00:00,0.0,75.98204721304967
2030-08-09 16:00:00,0.0,80.4973822659267
2030-08-09 17:00:00,0.0,83.4441786957443
2030-08-09 18:00:00,0.0,85.06416937377854
2030-08-09 19:00:00,0.0,96.95859450558056
2030-08-09 20:00:00,0.0,108.27324011425604
2030-08-09 21:00:00,0.0,112.16387947014903
2030-08-09 22:00:00,0.0,119.21297791099276
2030-08-09 23:00:00,0.0,119.80398330334604
2030-08-10 00:00:00,0.0,117.296156267544
2030-08-10 01:00:00,0.0,111.08183102183445
2030-08-10 02:00:00,0.0,105.75927504025437
2030-08-10 03:00:00,0.0,101.16977619221655
2030-08-10 04:00:00,0.0,100.13683204949803
2030-08-10 05:00:00,0.0,98.15336884845463
2030-08-10 06:00:00,0.0,95.9121080430315
2030-08-10 07:00:00,0.0,90.52291050385668
2030-08-10 08:00:00,0.0,84.03724276010892
2030-08-10 09:00:00,0.0,75.34768945931022
2030-08-10 10:00:00,0.0,72.11190414526926
2030-08-10 11:00:00,0.0,68.10934534664489
2030-08-10 12:00:00,0.0,71.84484441256689
2030-08-10 13:00:00,0.0,76.361996508184
2030-08-10 14:00:00,0.0,71.73645908459162
2030-08-10 15:00:00,0.0,77.13905270980376
2030-08-10 16:00:00,0.0,80.61648062868437
2030-08-10 17:00:00,0.0,81.83746912119501
2030-08-10 18:00:00,0.0,83.5849868413851
2030-08-10 19:00:00,0.0,92.6540220289396
2030-08-10 20:00:00,0.0,103.87840476340284
2030-08-10 21:00:00,0.0,109.88579043552873
2030-08-10 22:00:00,0.0,117.14884335075566
2030-08-10 23:00:00,0.0,117.65216248311594
2030-08-11 00:00:00,0.0,115.18730171471042
2030-08-11 01:00:00,0.0,108.51788477963667
2030-08-11 02:00:00,0.0,103.2768770198503
2030-08-11 03:00:00,0.0,97.73422852568761
2030-08-11 04:00:00,0.0,96.72408281056732
2030-08-11 05:00:00,0.0,95.35617715467527
2030-08-11 06:00:00,0.0,93.17366614344755
2030-08-11 07:00:00,0.0,88.09575482724824
2030-08-11 08:00:00,0.0,80.12540072176
2030-08-11 09:00:00,0.0,76.32500530551465
2030-08-11 10:00:00,0.0,77.49986710975554
2030-08-11 11:00:00,0.0,77.14358417005427
2030-08-11 12:00:00,0.0,78.71207156355193
2030-08-11 13:00:00,0.0,73.71315309606189
2030-08-11 14:00:00,0.0,73.19382709799446
2030-08-11 15:00:00,0.0,82.65587981707222
2030-08-11 16:00:00,0.0,87.09686114144802
2030-08-11 17:00:00,0.0,85.82517073805148
2030-08-11 18:00:00,0.0,84.18521021609115
2030-08-11 19:00:00,0.0,91.69856418421385
2030-08-11 20:00:00,0.0,100.78746409864677
2030-08-11 21:00:00,0.0,106.82729368697017
2030-08-11 22:00:00,0.0,115.78970632086292
2030-08-11 23:00:00,0.0,116.813881837582
2030-08-12 00:00:00,0.0,114.62610965075464
2030-08-12 01:00:00,0.0,108.00228957087744
2030-08-12 02:00:00,0.0,102.3316191371249
2030-08-12 03:00:00,0.0,97.52115091390442
2030-08-12 04:00:00,0.0,96.68813144397018
2030-08-12 05:00:00,0.0,95.35617715467527
2030-08-12 06:00:00,0.0,92.88693207327015
2030-08-12 07:00:00,0.0,87.80112899367145
2030-08-12 08:00:00,0.0,79.74338497031249
2030-08-12 09:00:00,0.0,72.83449715600305
2030-08-12 10:00:00,0.0,74.39969732402221
2030-08-12 11:00:00,0.0,69.27975457379955
2030-08-12 12:00:00,0.0,68.0260297919076
2030-08-12 13:00:00,0.0,72.65245345031371
2030-08-12 14:00:00,0.0,69.11603637864062
2030-08-12 15:00:00,0.0,79.50214770682089
2030-08-12 16:00:00,0.0,85.6811554062035
2030-08-12 17:00:00,0.0,85.28757003120666
2030-08-12 18:00:00,0.0,85.05688807108332
2030-08-12 19:00:00,0.0,95.22876734646579
2030-08-12 20:00:00,0.0,105.71718563545778
2030-08-12 21:00:00,0.0,108.4433514586426
2030-08-12 22:00:00,0.0,116.7796841961848
2030-08-12 23:00:00,0.0,117.44259232173248
2030-08-13 00:00:00,0.0,114.61295671175571
2030-08-13 01:00:00,0.0,107.46126534672008
2030-08-13 02:00:00,0.0,103.55747305182808
2030-08-13 03:00:00,0.0,100.65067353305756
2030-08-13 04:00:00,0.0,98.8215381496019
2030-08-13 05:00:00,0.0,97.37033054671632
2030-08-13 06:00:00,0.0,94.96334270990634
2030-08-13 07:00:00,0.0,89.35142207034913
2030-08-13 08:00:00,0.0,81.31550751299278
2030-08-13 09:00:00,0.0,72.78891101162276
2030-08-13 10:00:00,0.0,69.90188313282079
2030-08-13 11:00:00,0.0,64.19109981688848
2030-08-13 12:00:00,0.0,64.4195155019072
2030-08-13 13:00:00,0.0,68.69334667233761
2030-08-13 14:00:00,0.0,66.61092895287493
2030-08-13 15:00:00,0.0,74.03177151855425
2030-08-13 16:00:00,0.0,79.23663152173118
2030-08-13 17:00:00,0.0,80.30289024286081
2030-08-13 18:00:00,0.0,83.73729484467128
2030-08-13 19:00:00,0.0,97.64287032072512
2030-08-13 20:00:00,0.0,110.64778403486866
2030-08-13 21:00:00,0.0,113.7676611654224
2030-08-13 22:00:00,0.0,118.08708633268157
2030-08-13 23:00:00,0.0,120.41778712329769
2030-08-14 00:00:00,0.0,119.19894810939388
2030-08-14 01:00:00,0.0,106.25908672221497
2030-08-14 02:00:00,0.0,100.71643822805233
2030-08-14 03:00:00,0.0,98.21387236784985
2030-08-14 04:00:00,0.0,95.19308071108819
2030-08-14 05:00:00,0.0,88.37108968362656
2030-08-14 06:00:00,0.0,88.17817991164179
2030-08-14 07:00:00,0.0,85.05567219328816
2030-08-14 08:00:00,0.0,77.08447240896021
2030-08-14 09:00:00,0.0,68.60159386509713
2030-08-14 10:00:00,0.0,65.84850365995862
2030-08-14 11:00:00,0.0,62.936920437917024
2030-08-14 12:00:00,0.0,62.48437216528941
2030-08-14 13:00:00,0.0,61.02117794364676
2030-08-14 14:00:00,0.0,59.89033845336667
2030-08-14 15:00:00,0.0,69.41265789743034
2030-08-14 16:00:00,0.0,75.98083157225993
2030-08-14 17:00:00,0.0,76.09190174682145
2030-08-14 18:00:00,0.0,80.29147192430595
2030-08-14 19:00:00,0.0,91.1347806830156
2030-08-14 20:00:00,0.0,104.18881412377834
2030-08-14 21:00:00,0.0,112.71630290810536
2030-08-14 22:00:00,0.0,119.75049468475036
2030-08-14 23:00:00,0.0,120.29327263410757
2030-08-15 00:00:00,0.0,118.6421403584378
2030-08-15 01:00:00,0.0,112.18229358474753
2030-08-15 02:00:00,0.0,106.54319020459252
2030-08-15 03:00:00,0.0,101.70641610337418
2030-08-15 04:00:00,0.0,101.025093863228
2030-08-15 05:00:00,0.0,99.54582665714473
2030-08-15 06:00:00,0.0,97.88066457987613
2030-08-15 07:00:00,0.0,93.17366614344755
2030-08-15 08:00:00,0.0,83.83839114082569
2030-08-15 09:00:00,0.0,74.3510312644089
2030-08-15 10:00:00,0.0,69.90127878774035
2030-08-15 11:00:00,0.0,66.72413090537225
2030-08-15 12:00:00,0.0,67.69094387510131
2030-08-15 13:00:00,0.0,72.09883307743485
2030-08-15 14:00:00,0.0,69.67846250537968
2030-08-15 15:00:00,0.0,79.1846677152945
2030-08-15 16:00:00,0.0,82.65553668900361
2030-08-15 17:00:00,0.0,82.3439559757453
2030-08-15 18:00:00,0.0,83.55140510119554
2030-08-15 19:00:00,0.0,94.6781631730572
2030-08-15 20:00:00,0.0,106.87902858036603
2030-08-15 21:00:00,0.0,111.18003963302658
2030-08-15 22:00:00,0.0,118.64301722103767
2030-08-15 23:00:00,0.0,119.41641003417668
2030-08-16 00:00:00,0.0,116.44296895781132
2030-08-16 01:00:00,0.0,109.9725998329219
2030-08-16 02:00:00,0.0,104.49659289635404
2030-08-16 03:00:00,0.0,99.7878407347256
2030-08-16 04:00:00,0.0,98.81803069920215
2030-08-16 05:00:00,0.0,95.92438411943043
2030-08-16 06:00:00,0.0,93.76291781060105
2030-08-16 07:00:00,0.0,88.44474614202068
2030-08-16 08:00:00,0.0,80.87386476303595
2030-08-16 09:00:00,0.0,75.30148047273347
2030-08-16 10:00:00,0.0,69.71782762018506
2030-08-16 11:00:00,0.0,67.08712404837115
2030-08-16 12:00:00,0.0,73.13944965280906
2030-08-16 13:00:00,0.0,78.79203894865509
2030-08-16 14:00:00,0.0,73.43462080596441
2030-08-16 15:00:00,0.0,77.73111131993983
2030-08-16 16:00:00,0.0,79.77779967311153
2030-08-16 17:00:00,0.0,82.64080586741646
2030-08-16 18:00:00,0.0,82.22409908726307
2030-08-16 19:00:00,0.0,89.81088307883249
2030-08-16 20:00:00,0.0,100.66119588425668
2030-08-16 21:00:00,0.0,106.9395320997612
2030-08-16 22:00:00,0.0,115.44772990688988
2030-08-16 23:00:00,0.0,116.69112107359172
2030-08-17 00:00:00,0.0,114.89706019413336
2030-08-17 01:00:00,0.0,108.65029103222628
2030-08-17 02:00:00,0.0,103.44698836423684
2030-08-17 03:00:00,0.0,98.53217349162469
2030-08-17 04:00:00,0.0,97.6772324566922
2030-08-17 05:00:00,0.0,95.95156686002835
2030-08-17 06:00:00,0.0,93.34027003743438
2030-08-17 07:00:00,0.0,88.39301124862482
2030-08-17 08:00:00,0.0,81.99935038072125
2030-08-17 09:00:00,0.0,75.08468765388214
2030-08-17 10:00:00,0.0,73.86552265180931
2030-08-17 11:00:00,0.0,70.38989154937019
2030-08-17 12:00:00,0.0,71.76110273838549
2030-08-17 13:00:00,0.0,68.33173035159962
2030-08-17 14:00:00,0.0,69.94716347677057
2030-08-17 15:00:00,0.0,77.77558041642611
2030-08-17 16:00:00,0.0,79.45392312219235
2030-08-17 17:00:00,0.0,81.90803116443294
2030-08-17 18:00:00,0.0,82.92076320836622
2030-08-17 19:00:00,0.0,92.11849329669792
2030-08-17 20:00:00,0.0,102.00542624995056
2030-08-17 21:00:00,0.0,108.20309110626158
2030-08-17 22:00:00,0.0,115.60819576267725
2030-08-17 23:00:00,0.0,116.383342301016
2030-08-18 00:00:00,0.0,114.59980377275679
2030-08-18 01:00:00,0.0,108.4714110618404
2030-08-18 02:00:00,0.0,103.63463696062206
2030-08-18 03:00:00,0.0,98.69088562221212
2030-08-18 04:00:00,0.0,97.8666347782772
2030-08-18 05:00:00,0.0,95.84985079843635
2030-08-18 06:00:00,0.0,93.33237827403502
2030-08-18 07:00:00,0.0,88.09575482724824
2030-08-18 08:00:00,0.0,80.99560644710584
2030-08-18 09:00:00,0.0,72.5474598020487
2030-08-18 10:00:00,0.0,72.07829030985975
2030-08-18 11:00:00,0.0,67.65484376836355
2030-08-18 12:00:00,0.0,68.33351304839209
2030-08-18 13:00:00,0.0,67.25831798799753
2030-08-18 14:00:00,0.0,64.90337988448766
2030-08-18 15:00:00,0.0,71.67651354249904
2030-08-18 16:00:00,0.0,77.51502244625885
2030-08-18 17:00:00,0.0,84.10389406885974
2030-08-18 18:00:00,0.0,83.78799231260768
2030-08-18 19:00:00,0.0,94.74522752735754
2030-08-18 20:00:00,0.0,105.40765313768212
2030-08-18 21:00:00,0.0,109.77442888533756
2030-08-18 22:00:00,0.0,117.15585825155505
2030-08-18 23:00:00,0.0,118.1028698594804
2030-08-19 00:00:00,0.0,115.28463346330273
2030-08-19 01:00:00,0.0,108.8765215830084
2030-08-19 02:00:00,0.0,103.41366758543948
2030-08-19 03:00:00,0.0,98.28226765064436
2030-08-19 04:00:00,0.0,97.39225211171468
2030-08-19 05:00:00,0.0,95.35617715467527
2030-08-19 06:00:00,0.0,92.92288343986728
2030-08-19 07:00:00,0.0,87.81340507007053
2030-08-19 08:00:00,0.0,80.53186907278403
2030-08-19 09:00:00,0.0,73.11272818568592
2030-08-19 10:00:00,0.0,68.88234593022457
2030-08-19 11:00:00,0.0,67.46272267241318
2030-08-19 12:00:00,0.0,64.8825250203613
2030-08-19 13:00:00,0.0,69.16343524480249
2030-08-19 14:00:00,0.0,66.87225460392119
2030-08-19 15:00:00,0.0,73.76207687842542
2030-08-19 16:00:00,0.0,75.86596301809175
2030-08-19 17:00:00,0.0,79.53174923382335
2030-08-19 18:00:00,0.0,79.29326103827566
2030-08-19 19:00:00,0.0,91.16855895582044
2030-08-19 20:00:00,0.0,103.66532715161964
2030-08-19 21:00:00,0.0,109.37457953976912
2030-08-19 22:00:00,0.0,116.26847330042504
2030-08-19 23:00:00,0.0,117.74686364390844
2030-08-20 00:00:00,0.0,114.5831433833581
2030-08-20 01:00:00,0.0,107.69889511130133
2030-08-20 02:00:00,0.0,104.32560468936752
2030-08-20 03:00:00,0.0,101.42231262099664
2030-08-20 04:00:00,0.0,99.81853092572317
2030-08-20 05:00:00,0.0,98.24456255884739
2030-08-20 06:00:00,0.0,95.5473332014602
2030-08-20 07:00:00,0.0,90.01257647069701
2030-08-20 08:00:00,0.0,83.22180260827258
2030-08-20 09:00:00,0.0,78.22508602633638
2030-08-20 10:00:00,0.0,76.92604213918571
2030-08-20 11:00:00,0.0,71.83449688781116
2030-08-20 12:00:00,0.0,68.99545646715455
2030-08-20 13:00:00,0.0,72.8102715790676
2030-08-20 14:00:00,0.0,66.12621945222611
2030-08-20 15:00:00,0.0,77.79110059880793
2030-08-20 16:00:00,0.0,77.97689569838042
2030-08-20 17:00:00,0.0,77.28279127962811
2030-08-20 18:00:00,0.0,79.14639308109349
2030-08-20 19:00:00,0.0,94.20103426102207
2030-08-20 20:00:00,0.0,107.0114348329556
2030-08-20 21:00:00,0.0,111.88065285037133
2030-08-20 22:00:00,0.0,115.60205772447772
2030-08-20 23:00:00,0.0,118.08620947008173
2030-08-21 00:00:00,0.0,116.23427565902784
2030-08-21 01:00:00,0.0,103.34965661564456
2030-08-21 02:00:00,0.0,97.78859400688337
2030-08-21 03:00:00,0.0,95.37985244487345
2030-08-21 04:00:00,0.0,92.86501050827187
2030-08-21 05:00:00,0.0,86.80939739314977
2030-08-21 06:00:00,0.0,87.33551495310826
2030-08-21 07:00:00,0.0,84.1788095933573
2030-08-21 08:00:00,0.0,76.3369661052267
2030-08-21 09:00:00,0.0,67.70815877779341
2030-08-21 10:00:00,0.0,67.9142901138581
2030-08-21 11:00:00,0.0,65.9900562495693
2030-08-21 12:00:00,0.0,64.15266971795143
2030-08-21 13:00:00,0.0,63.070371665260495
2030-08-21 14:00:00,0.0,62.98291968368926
2030-08-21 15:00:00,0.0,63.9460563502621
2030-08-21 16:00:00,0.0,69.93690432738549
2030-08-21 17:00:00,0.0,71.33384967772145
2030-08-21 18:00:00,0.0,75.33409444732695
2030-08-21 19:00:00,0.0,85.07059470565264
2030-08-21 20:00:00,0.0,94.79410822811961
2030-08-21 21:00:00,0.0,110.3917401556888
2030-08-21 22:00:00,0.0,115.57575184647976
2030-08-21 23:00:00,0.0,115.87739258085593
2030-08-22 00:00:00,0.0,114.03071994540164
2030-08-22 01:00:00,0.0,107.7208166762996
2030-08-22 02:00:00,0.0,102.81827788008648
2030-08-22 03:00:00,0.0,97.60620658609776
2030-08-22 04:00:00,0.0,96.99240276614624
2030-08-22 05:00:00,0.0,95.35617715467527
2030-08-22 06:00:00,0.0,92.88693207327015
2030-08-22 07:00:00,0.0,87.80112899367145
2030-08-22 08:00:00,0.0,79.25730323428684
2030-08-22 09:00:00,0.0,70.15964828165238
2030-08-22 10:00:00,0.0,68.10051991761748
2030-08-22 11:00:00,0.0,65.47685631540548
2030-08-22 12:00:00,0.0,67.60362970512938
2030-08-22 13:00:00,0.0,67.90317492550537
2030-08-22 14:00:00,0.0,61.4360907946467
2030-08-22 15:00:00,0.0,73.13210166994281
2030-08-22 16:00:00,0.0,80.39263580045292
2030-08-22 17:00:00,0.0,79.39230334437184
2030-08-22 18:00:00,0.0,81.41232864828237
2030-08-22 19:00:00,0.0,91.2173244260524
2030-08-22 20:00:00,0.0,102.48507009211276
2030-08-22 21:00:00,0.0,108.98612940799978
2030-08-22 22:00:00,0.0,117.34087626014048
2030-08-22 23:00:00,0.0,118.72631916803118
2030-08-23 00:00:00,0.0,115.84494866465855
2030-08-23 01:00:00,0.0,109.5069857923587
2030-08-23 02:00:00,0.0,104.16601569618012
2030-08-23 03:00:00,0.0,99.41166667935533
2030-08-23 04:00:00,0.0,98.83732167640062
2030-08-23 05:00:00,0.0,97.34402466871848
2030-08-23 06:00:00,0.0,94.58804551713592
2030-08-23 07:00:00,0.0,89.43472401734255
2030-08-23 08:00:00,0.0,82.73529413485697
2030-08-23 09:00:00,0.0,73.0698218835048
2030-08-23 10:00:00,0.0,69.86374732505533
2030-08-23 11:00:00,0.0,65.97970421305172
2030-08-23 12:00:00,0.0,66.58036676381425
2030-08-23 13:00:00,0.0,68.2615096982737
2030-08-23 14:00:00,0.0,66.49662532663831
2030-08-23 15:00:00,0.0,73.63182436689497
2030-08-23 16:00:00,0.0,80.60018567219174
2030-08-23 17:00:00,0.0,82.2545490544062
2030-08-23 18:00:00,0.0,84.80093538841356
2030-08-23 19:00:00,0.0,97.58333576292534
2030-08-23 20:00:00,0.0,106.89656583236469
2030-08-23 21:00:00,0.0,112.36906531853288
2030-08-23 22:00:00,0.0,119.38571984317912
2030-08-23 23:00:00,0.0,119.92499034213652
2030-08-24 00:00:00,0.0,116.96294847957029
2030-08-24 01:00:00,0.0,110.50836288147956
2030-08-24 02:00:00,0.0,104.87627440212405
2030-08-24 03:00:00,0.0,100.08597401870212
2030-08-24 04:00:00,0.0,99.48707686294938
2030-08-24 05:00:00,0.0,97.39312897431456
2030-08-24 06:00:00,0.0,94.85811919791469
2030-08-24 07:00:00,0.0,89.69690593472195
2030-08-24 08:00:00,0.0,82.1415082268719
2030-08-24 09:00:00,0.0,73.11791451587226
2030-08-24 10:00:00,0.0,69.3199980117979
2030-08-24 11:00:00,0.0,64.39364872484339
2030-08-24 12:00:00,0.0,67.61313767630918
2030-08-24 13:00:00,0.0,71.62001229514908
2030-08-24 14:00:00,0.0,70.13139852539075
2030-08-24 15:00:00,0.0,81.05080333325132
2030-08-24 16:00:00,0.0,82.98114138308301
2030-08-24 17:00:00,0.0,86.80547402919285
2030-08-24 18:00:00,0.0,88.34319857152514
2030-08-24 19:00:00,0.0,99.1688995345014
2030-08-24 20:00:00,0.0,110.03836452791676
2030-08-24 21:00:00,0.0,113.71241882162678
2030-08-24 22:00:00,0.0,120.65629375047888
2030-08-24 23:00:00,0.0,120.51950318488969
2030-08-25 00:00:00,0.0,118.0257059506864
2030-08-25 01:00:00,0.0,111.75526149858126
2030-08-25 02:00:00,0.0,106.11002008022672
2030-08-25 03:00:00,0.0,101.20660442141364
2030-08-25 04:00:00,0.0,100.3253575084832
2030-08-25 05:00:00,0.0,98.0034253438664
2030-08-25 06:00:00,0.0,96.16727505961123
2030-08-25 07:00:00,0.0,91.15074412540719
2030-08-25 08:00:00,0.0,83.7896059671724
2030-08-25 09:00:00,0.0,75.30671166057219
2030-08-25 10:00:00,0.0,72.62423544955571
2030-08-25 11:00:00,0.0,69.5065663567417
2030-08-25 12:00:00,0.0,70.62640315482042
2030-08-25 13:00:00,0.0,69.83027148041037
2030-08-25 14:00:00,0.0,70.82442171509365
2030-08-25 15:00:00,0.0,79.65051421069438
2030-08-25 16:00:00,0.0,85.61587281795573
2030-08-25 17:00:00,0.0,88.29700928836972
2030-08-25 18:00:00,0.0,88.72590461419678
2030-08-25 19:00:00,0.0,95.7134491865362
2030-08-25 20:00:00,0.0,105.99865853003551
2030-08-25 21:00:00,0.0,110.54080679767708
2030-08-25 22:00:00,0.0,116.88490770817644
2030-08-25 23:00:00,0.0,118.0467506530848
2030-08-26 00:00:00,0.0,115.94491100105061
2030-08-26 01:00:00,0.0,109.73321634314084
2030-08-26 02:00:00,0.0,104.02571768019116
2030-08-26 03:00:00,0.0,98.33926371963992
2030-08-26 04:00:00,0.0,97.53868816590305
2030-08-26 05:00:00,0.0,95.88317157723372
2030-08-26 06:00:00,0.0,93.58754529061491
2030-08-26 07:00:00,0.0,88.64642454000477
2030-08-26 08:00:00,0.0,81.59260380508249
2030-08-26 09:00:00,0.0,72.05321851392534
2030-08-26 10:00:00,0.0,69.80599185543781
2030-08-26 11:00:00,0.0,68.18361359470543
2030-08-26 12:00:00,0.0,73.10082014294301
2030-08-26 13:00:00,0.0,73.37882662741197
2030-08-26 14:00:00,0.0,72.44839628107377
2030-08-26 15:00:00,0.0,79.14437219278318
2030-08-26 16:00:00,0.0,86.50328107147742
2030-08-26 17:00:00,0.0,87.4658916954163
2030-08-26 18:00:00,0.0,86.47077735194739
2030-08-26 19:00:00,0.0,97.76797295547587
2030-08-26 20:00:00,0.0,108.81338747581344
2030-08-26 21:00:00,0.0,112.4260613875283
2030-08-26 22:00:00,0.0,119.36379827818087
2030-08-26 23:00:00,0.0,120.0091691517299
2030-08-27 00:00:00,0.0,117.47152878753012
2030-08-27 01:00:00,0.0,110.61797070647094
2030-08-27 02:00:00,0.0,106.13632595822467
2030-08-27 03:00:00,0.0,102.90859472787928
2030-08-27 04:00:00,0.0,101.3030593074061
2030-08-27 05:00:00,0.0,99.5054909775479
2030-08-27 06:00:00,0.0,97.35367015731764
2030-08-27 07:00:00,0.0,91.66370874636664
2030-08-27 08:00:00,0.0,81.64900359086323
2030-08-27 09:00:00,0.0,74.64437240430628
2030-08-27 10:00:00,0.0,73.75528715042572
2030-08-27 11:00:00,0.0,67.06827452621133
2030-08-27 12:00:00,0.0,62.54214799416843
2030-08-27 13:00:00,0.0,58.864278645323
2030-08-27 14:00:00,0.0,58.226803874746
2030-08-27 15:00:00,0.0,67.36601367992284
2030-08-27 16:00:00,0.0,73.18993956185635
2030-08-27 17:00:00,0.0,74.29499151723304
2030-08-27 18:00:00,0.0,79.25412459119752
2030-08-27 19:00:00,0.0,94.57073958048285
2030-08-27 20:00:00,0.0,107.09912109294862
2030-08-27 21:00:00,0.0,112.2962857227385
2030-08-27 22:00:00,0.0,116.32020819382105
2030-08-27 23:00:00,0.0,117.9450345914928
2030-08-28 00:00:00,0.0,116.60781912659832
2030-08-28 01:00:00,0.0,103.99152003879384
2030-08-28 02:00:00,0.0,98.69263934741207
2030-08-28 03:00:00,0.0,96.19007348720947
2030-08-28 04:00:00,0.0,93.45250845022552
2030-08-28 05:00:00,0.0,86.98476991313589
2030-08-28 06:00:00,0.0,87.16014243312202
2030-08-28 07:00:00,0.0,84.0911233333643
2030-08-28 08:00:00,0.0,77.21244423022517
2030-08-28 09:00:00,0.0,69.36614060540751
2030-08-28 10:00:00,0.0,68.39166796545533
2030-08-28 11:00:00,0.0,66.404743861621
2030-08-28 12:00:00,0.0,70.84663472320199
2030-08-28 13:00:00,0.0,64.81764487022372
2030-08-28 14:00:00,0.0,58.211186694356456
2030-08-28 15:00:00,0.0,62.77180085662371
2030-08-28 16:00:00,0.0,69.25747908382209
2030-08-28 17:00:00,0.0,72.07852857583417
2030-08-28 18:00:00,0.0,76.5275896886021
2030-08-28 19:00:00,0.0,87.38860433367563
2030-08-28 20:00:00,0.0,96.411919724992
2030-08-28 21:00:00,0.0,111.72720189538347
2030-08-28 22:00:00,0.0,117.46889819973033
2030-08-28 23:00:00,0.0,117.79684481210448
2030-08-29 00:00:00,0.0,116.77179243278532
2030-08-29 01:00:00,0.0,110.80561930285614
2030-08-29 02:00:00,0.0,105.37433235888476
2030-08-29 03:00:00,0.0,99.68963212353331
2030-08-29 04:00:00,0.0,98.48219232342863
2030-08-29 05:00:00,0.0,96.34440130479732
2030-08-29 06:00:00,0.0,93.66646292460861
2030-08-29 07:00:00,0.0,88.54733906621266
2030-08-29 08:00:00,0.0,81.34358253721369
2030-08-29 09:00:00,0.0,71.79275198757966
2030-08-29 10:00:00,0.0,68.61622573212844
2030-08-29 11:00:00,0.0,63.24979547401995
2030-08-29 12:00:00,0.0,66.8548591035402
2030-08-29 13:00:00,0.0,70.74246892845076
2030-08-29 14:00:00,0.0,69.33537780875247
2030-08-29 15:00:00,0.0,78.33819101605603
2030-08-29 16:00:00,0.0,77.08738028863684
2030-08-29 17:00:00,0.0,80.86263050751143
2030-08-29 18:00:00,0.0,80.72999161061409
2030-08-29 19:00:00,0.0,89.47536426214435
2030-08-29 20:00:00,0.0,100.52177473086772
2030-08-29 21:00:00,0.0,107.88829743288636
2030-08-29 22:00:00,0.0,116.15974233803364
2030-08-29 23:00:00,0.0,116.29916349142265
2030-08-30 00:00:00,0.0,114.07719366319805
2030-08-30 01:00:00,0.0,107.79885744769342
2030-08-30 02:00:00,0.0,102.23428738853248
2030-08-30 03:00:00,0.0,97.47292347090831
2030-08-30 04:00:00,0.0,96.68813144397018
2030-08-30 05:00:00,0.0,95.35617715467527
2030-08-30 06:00:00,0.0,92.88693207327015
2030-08-30 07:00:00,0.0,87.80112899367145
2030-08-30 08:00:00,0.0,78.62807742729262
2030-08-30 09:00:00,0.0,68.3434395448511
2030-08-30 10:00:00,0.0,67.55205678067568
2030-08-30 11:00:00,0.0,63.38664635684495
2030-08-30 12:00:00,0.0,66.49680783467305
2030-08-30 13:00:00,0.0,73.76364692851142
2030-08-30 14:00:00,0.0,75.26559988621045
2030-08-30 15:00:00,0.0,84.76628214274251
2030-08-30 16:00:00,0.0,87.29369287064105
2030-08-30 17:00:00,0.0,84.78844020797021
2030-08-30 18:00:00,0.0,83.73212856926057
2030-08-30 19:00:00,0.0,95.71101093438176
2030-08-30 20:00:00,0.0,106.22751966861745
2030-08-30 21:00:00,0.0,111.9464175453662
2030-08-30 22:00:00,0.0,117.67320718551422
2030-08-30 23:00:00,0.0,118.57900625124272
2030-08-31 00:00:00,0.0,116.42192425541305
2030-08-31 01:00:00,0.0,110.25144213969996
2030-08-31 02:00:00,0.0,104.88328930292356
2030-08-31 03:00:00,0.0,100.27274575248737
2030-08-31 04:00:00,0.0,99.27838356416576
2030-08-31 05:00:00,0.0,97.18969685113063
2030-08-31 06:00:00,0.0,95.08434974869681
2030-08-31 07:00:00,0.0,90.02572940969594
2030-08-31 08:00:00,0.0,82.066475004057
2030-08-31 09:00:00,0.0,71.69662612795491
2030-08-31 10:00:00,0.0,68.62977770937857
2030-08-31 11:00:00,0.0,62.340763830181686
2030-08-31 12:00:00,0.0,63.55477174789439
2030-08-31 13:00:00,0.0,63.419153370859135
2030-08-31 14:00:00,0.0,63.15482657139739
2030-08-31 15:00:00,0.0,73.13792914997043
2030-08-31 16:00:00,0.0,79.1091006525736
2030-08-31 17:00:00,0.0,84.39908492543667
2030-08-31 18:00:00,0.0,87.77243669041445
2030-08-31 19:00:00,0.0,97.89038760073322
2030-08-31 20:00:00,0.0,108.19519934286222
2030-08-31 21:00:00,0.0,112.8548471988945
2030-08-31 22:00:00,0.0,116.44472268301116
2030-08-31 23:00:00,0.0,116.87263163177738
2030-09-01 00:00:00,0.0,123.9085771336222
2030-09-01 01:00:00,0.0,118.70615132823274
2030-09-01 02:00:00,0.0,113.1100142154744
2030-09-01 03:00:00,0.0,109.17728545478462
2030-09-01 04:00:00,0.0,106.56949608259048
2030-09-01 05:00:00,0.0,106.70277919777992
2030-09-01 06:00:00,0.0,103.74073733521368
2030-09-01 07:00:00,0.0,98.38661430003616
2030-09-01 08:00:00,0.0,85.96105231756678
2030-09-01 09:00:00,0.0,80.48252744990145
2030-09-01 10:00:00,0.0,76.43539721899015
2030-09-01 11:00:00,0.0,73.41418409448512
2030-09-01 12:00:00,0.0,73.9601885538625
2030-09-01 13:00:00,0.0,78.47806792596168
2030-09-01 14:00:00,0.0,77.1762715075238
2030-09-01 15:00:00,0.0,86.0832903885839
2030-09-01 16:00:00,0.0,91.92368225403992
2030-09-01 17:00:00,0.0,90.83188051256776
2030-09-01 18:00:00,0.0,92.51411296663969
2030-09-01 19:00:00,0.0,106.79799996381472
2030-09-01 20:00:00,0.0,115.71780358766851
2030-09-01 21:00:00,0.0,121.3156944256268
2030-09-01 22:00:00,0.0,125.71754467727942
2030-09-01 23:00:00,0.0,128.0201858646977
2030-09-02 00:00:00,0.0,124.34350098318792
2030-09-02 01:00:00,0.0,119.58915196636303
2030-09-02 02:00:00,0.0,113.64490040143208
2030-09-02 03:00:00,0.0,109.79547358773584
2030-09-02 04:00:00,0.0,107.14910226114476
2030-09-02 05:00:00,0.0,107.21311323093973
2030-09-02 06:00:00,0.0,104.42469016315977
2030-09-02 07:00:00,0.0,99.30293571696393
2030-09-02 08:00:00,0.0,87.44060211609167
2030-09-02 09:00:00,0.0,83.04065821395545
2030-09-02 10:00:00,0.0,79.40946610471053
2030-09-02 11:00:00,0.0,76.51612074745923
2030-09-02 12:00:00,0.0,75.40971491255085
2030-09-02 13:00:00,0.0,73.69825253718068
2030-09-02 14:00:00,0.0,75.24396836721371
2030-09-02 15:00:00,0.0,81.63330699545814
2030-09-02 16:00:00,0.0,87.7842553858228
2030-09-02 17:00:00,0.0,90.83931145855523
2030-09-02 18:00:00,0.0,93.01365563498243
2030-09-02 19:00:00,0.0,106.76436776358604
2030-09-02 20:00:00,0.0,116.39912582781481
2030-09-02 21:00:00,0.0,121.11752347804249
2030-09-02 22:00:00,0.0,126.96795074478077
2030-09-02 23:00:00,0.0,128.7786720136379
2030-09-03 00:00:00,0.0,124.58113074776917
2030-09-03 01:00:00,0.0,119.25506731578946
2030-09-03 02:00:00,0.0,114.13068228179384
2030-09-03 03:00:00,0.0,111.87802226257156
2030-09-03 04:00:00,0.0,108.844077666811
2030-09-03 05:00:00,0.0,106.73960742697705
2030-09-03 06:00:00,0.0,99.82817641432243
2030-09-03 07:00:00,0.0,96.95908198734878
2030-09-03 08:00:00,0.0,88.10348937944671
2030-09-03 09:00:00,0.0,79.14246480915038
2030-09-03 10:00:00,0.0,74.33101102526007
2030-09-03 11:00:00,0.0,74.22361602400393
2030-09-03 12:00:00,0.0,73.89049405818514
2030-09-03 13:00:00,0.0,72.57670767830552
2030-09-03 14:00:00,0.0,68.5845500279953
2030-09-03 15:00:00,0.0,75.53390370775185
2030-09-03 16:00:00,0.0,79.65590590488432
2030-09-03 17:00:00,0.0,81.27914734535034
2030-09-03 18:00:00,0.0,83.61132741668483
2030-09-03 19:00:00,0.0,99.32351328721539
2030-09-03 20:00:00,0.0,109.00103607219852
2030-09-03 21:00:00,0.0,115.7344639770672
2030-09-03 22:00:00,0.0,121.35427638002373
2030-09-03 23:00:00,0.0,122.68798439451848
2030-09-04 00:00:00,0.0,112.96270129868594
2030-09-04 01:00:00,0.0,106.85096897716824
2030-09-04 02:00:00,0.0,102.46314852711453
2030-09-04 03:00:00,0.0,100.24907046228918
2030-09-04 04:00:00,0.0,96.76003417716448
2030-09-04 05:00:00,0.0,95.03612230570057
2030-09-04 06:00:00,0.0,94.94142114490808
2030-09-04 07:00:00,0.0,89.88367766850716
2030-09-04 08:00:00,0.0,81.67944931483417
2030-09-04 09:00:00,0.0,75.08557265413629
2030-09-04 10:00:00,0.0,67.67757031362476
2030-09-04 11:00:00,0.0,62.7027913722178
2030-09-04 12:00:00,0.0,60.62895735877487
2030-09-04 13:00:00,0.0,60.133467365342085
2030-09-04 14:00:00,0.0,63.765158664059406
2030-09-04 15:00:00,0.0,75.48329321110134
2030-09-04 16:00:00,0.0,84.08933030336618
2030-09-04 17:00:00,0.0,86.66485511485028
2030-09-04 18:00:00,0.0,89.9017445621098
2030-09-04 19:00:00,0.0,106.716682630224
2030-09-04 20:00:00,0.0,112.51287078492146
2030-09-04 21:00:00,0.0,120.34150007710366
2030-09-04 22:00:00,0.0,131.7231766242055
2030-09-04 23:00:00,0.0,133.37869321287485
2030-09-05 00:00:00,0.0,125.72192899027912
2030-09-05 01:00:00,0.0,121.01580741645044
2030-09-05 02:00:00,0.0,114.75851590334425
2030-09-05 03:00:00,0.0,110.17252450570616
2030-09-05 04:00:00,0.0,107.6208543399075
2030-09-05 05:00:00,0.0,106.70277919777992
2030-09-05 06:00:00,0.0,103.74073733521368
2030-09-05 07:00:00,0.0,98.38661430003616
2030-09-05 08:00:00,0.0,86.98578942019891
2030-09-05 09:00:00,0.0,79.39634208012977
2030-09-05 10:00:00,0.0,74.29733707239222
2030-09-05 11:00:00,0.0,69.08403972928556
2030-09-05 12:00:00,0.0,68.24563674070976
2030-09-05 13:00:00,0.0,71.75870552585593
2030-09-05 14:00:00,0.0,73.41448640896215
2030-09-05 15:00:00,0.0,80.64423046251305
2030-09-05 16:00:00,0.0,83.69055554003806
2030-09-05 17:00:00,0.0,87.68228474438786
2030-09-05 18:00:00,0.0,93.72802805439437
2030-09-05 19:00:00,0.0,109.38744847126974
2030-09-05 20:00:00,0.0,118.71755054203184
2030-09-05 21:00:00,0.0,122.73884242531447
2030-09-05 22:00:00,0.0,128.77691828843808
2030-09-05 23:00:00,0.0,130.63849758809113
2030-09-06 00:00:00,0.0,126.43920259702259
2030-09-06 01:00:00,0.0,121.80761434418798
2030-09-06 02:00:00,0.0,115.6950051600703
2030-09-06 03:00:00,0.0,110.88453693684994
2030-09-06 04:00:00,0.0,108.2276432590596
2030-09-06 05:00:00,0.0,108.16012483886492
2030-09-06 06:00:00,0.0,105.58828683326782
2030-09-06 07:00:00,0.0,100.39375279127783
2030-09-06 08:00:00,0.0,88.46193770242894
2030-09-06 09:00:00,0.0,80.70341075561758
2030-09-06 10:00:00,0.0,78.85410022971449
2030-09-06 11:00:00,0.0,79.74768126627168
2030-09-06 12:00:00,0.0,74.17676715870766
2030-09-06 13:00:00,0.0,75.4953307742145
2030-09-06 14:00:00,0.0,73.41435825478243
2030-09-06 15:00:00,0.0,80.4810682515466
2030-09-06 16:00:00,0.0,87.31207021704095
2030-09-06 17:00:00,0.0,89.35174299562493
2030-09-06 18:00:00,0.0,94.4921654913943
2030-09-06 19:00:00,0.0,109.63475842175204
2030-09-06 20:00:00,0.0,119.25419045318948
2030-09-06 21:00:00,0.0,124.09534886740744
2030-09-06 22:00:00,0.0,129.6914859801659
2030-09-06 23:00:00,0.0,131.46713274502576
2030-09-07 00:00:00,0.0,127.64050435892771
2030-09-07 01:00:00,0.0,123.06941962548842
2030-09-07 02:00:00,0.0,117.48029741352944
2030-09-07 03:00:00,0.0,113.23277497946468
2030-09-07 04:00:00,0.0,110.40050878168812
2030-09-07 05:00:00,0.0,110.01556610031857
2030-09-07 06:00:00,0.0,106.98337522975783
2030-09-07 07:00:00,0.0,101.59417769058302
2030-09-07 08:00:00,0.0,89.59379040431725
2030-09-07 09:00:00,0.0,81.05765969455365
2030-09-07 10:00:00,0.0,74.28134779234142
2030-09-07 11:00:00,0.0,69.03592338599809
2030-09-07 12:00:00,0.0,68.29164485509864
2030-09-07 13:00:00,0.0,67.79604764546707
2030-09-07 14:00:00,0.0,66.79286075908067
2030-09-07 15:00:00,0.0,75.77141930483947
2030-09-07 16:00:00,0.0,83.56488054174393
2030-09-07 17:00:00,0.0,86.15303198300147
2030-09-07 18:00:00,0.0,92.07936648709313
2030-09-07 19:00:00,0.0,109.60585622611357
2030-09-07 20:00:00,0.0,117.34526057314008
2030-09-07 21:00:00,0.0,122.38809738534223
2030-09-07 22:00:00,0.0,128.78744063963723
2030-09-07 23:00:00,0.0,130.51749054930065
2030-09-08 00:00:00,0.0,125.85082779246896
2030-09-08 01:00:00,0.0,120.90356900365929
2030-09-08 02:00:00,0.0,114.381464985374
2030-09-08 03:00:00,0.0,110.26284135349896
2030-09-08 04:00:00,0.0,107.77956647049496
2030-09-08 05:00:00,0.0,106.75100664077615
2030-09-08 06:00:00,0.0,104.3887387965625
2030-09-08 07:00:00,0.0,99.52916626774606
2030-09-08 08:00:00,0.0,87.79389905283483
2030-09-08 09:00:00,0.0,79.25661555411875
2030-09-08 10:00:00,0.0,74.5367043626535
2030-09-08 11:00:00,0.0,72.75186799800792
2030-09-08 12:00:00,0.0,74.65410180538072
2030-09-08 13:00:00,0.0,74.33053113068057
2030-09-08 14:00:00,0.0,72.25725580755477
2030-09-08 15:00:00,0.0,88.86294316932833
2030-09-08 16:00:00,0.0,93.34868153837283
2030-09-08 17:00:00,0.0,94.38408735962616
2030-09-08 18:00:00,0.0,93.43180301033395
2030-09-08 19:00:00,0.0,107.07248074741346
2030-09-08 20:00:00,0.0,115.5862741976789
2030-09-08 21:00:00,0.0,120.30817929830629
2030-09-08 22:00:00,0.0,126.15509911464494
2030-09-08 23:00:00,0.0,128.34725561447192
2030-09-09 00:00:00,0.0,124.4390790065804
2030-09-09 01:00:00,0.0,119.5856445159634
2030-09-09 02:00:00,0.0,114.13068228179384
2030-09-09 03:00:00,0.0,109.17728545478462
2030-09-09 04:00:00,0.0,106.56949608259048
2030-09-09 05:00:00,0.0,107.03774071095349
2030-09-09 06:00:00,0.0,105.3988845116828
2030-09-09 07:00:00,0.0,100.05353010250462
2030-09-09 08:00:00,0.0,88.35593713734441
2030-09-09 09:00:00,0.0,83.95933349455356
2030-09-09 10:00:00,0.0,80.92065071798845
2030-09-09 11:00:00,0.0,75.80518353444972
2030-09-09 12:00:00,0.0,74.90958626328084
2030-09-09 13:00:00,0.0,75.70368631995053
2030-09-09 14:00:00,0.0,75.02589331349623
2030-09-09 15:00:00,0.0,80.65251639273959
2030-09-09 16:00:00,0.0,86.72717349240611
2030-09-09 17:00:00,0.0,87.62915047724789
2030-09-09 18:00:00,0.0,93.06161406436067
2030-09-09 19:00:00,0.0,108.15839467234228
2030-09-09 20:00:00,0.0,117.96081811829151
2030-09-09 21:00:00,0.0,121.642764175401
2030-09-09 22:00:00,0.0,128.0236933150975
2030-09-09 23:00:00,0.0,130.07730552413545
2030-09-10 00:00:00,0.0,126.21647949664008
2030-09-10 01:00:00,0.0,121.18767248603694
2030-09-10 02:00:00,0.0,115.03823507272216
2030-09-10 03:00:00,0.0,112.66632173990932
2030-09-10 04:00:00,0.0,109.36668777636976
2030-09-10 05:00:00,0.0,106.62999960198567
2030-09-10 06:00:00,0.0,99.73172152833
2030-09-10 07:00:00,0.0,96.92576120855142
2030-09-10 08:00:00,0.0,87.27214652959718
2030-09-10 09:00:00,0.0,79.75755827065971
2030-09-10 10:00:00,0.0,70.7259513935985
2030-09-10 11:00:00,0.0,66.79181349703663
2030-09-10 12:00:00,0.0,69.23654356314455
2030-09-10 13:00:00,0.0,72.8656832971651
2030-09-10 14:00:00,0.0,69.8333274766378
2030-09-10 15:00:00,0.0,81.87768338848957
2030-09-10 16:00:00,0.0,85.24977541357589
2030-09-10 17:00:00,0.0,90.28669192476627
2030-09-10 18:00:00,0.0,89.01705662133304
2030-09-10 19:00:00,0.0,103.16338521082275
2030-09-10 20:00:00,0.0,111.76753757498022
2030-09-10 21:00:00,0.0,118.18441808127386
2030-09-10 22:00:00,0.0,124.94678245194028
2030-09-10 23:00:00,0.0,125.685977623682
2030-09-11 00:00:00,0.0,115.9221125734524
2030-09-11 01:00:00,0.0,109.42631443316496
2030-09-11 02:00:00,0.0,104.154616482381
2030-09-11 03:00:00,0.0,101.6529274847785
2030-09-11 04:00:00,0.0,98.41730449103375
2030-09-11 05:00:00,0.0,96.4303338395905
2030-09-11 06:00:00,0.0,96.02083900542289
2030-09-11 07:00:00,0.0,90.60884303864997
2030-09-11 08:00:00,0.0,83.44805277704755
2030-09-11 09:00:00,0.0,75.32892570279692
2030-09-11 10:00:00,0.0,70.59625898677587
2030-09-11 11:00:00,0.0,69.07023110196178
2030-09-11 12:00:00,0.0,73.44667022835868
2030-09-11 13:00:00,0.0,73.90600571299842
2030-09-11 14:00:00,0.0,73.43484171298189
2030-09-11 15:00:00,0.0,81.24529768283355
2030-09-11 16:00:00,0.0,89.20228798764128
2030-09-11 17:00:00,0.0,92.34749865468461
2030-09-11 18:00:00,0.0,95.58232974472504
2030-09-11 19:00:00,0.0,114.44293446539427
2030-09-11 20:00:00,0.0,119.3094327969851
2030-09-11 21:00:00,0.0,125.3773219885063
2030-09-11 22:00:00,0.0,133.7873111844426
2030-09-11 23:00:00,0.0,135.08682155754013
2030-09-12 00:00:00,0.0,127.82026119191356
2030-09-12 01:00:00,0.0,123.13080000748356
2030-09-12 02:00:00,0.0,117.23302216034904
2030-09-12 03:00:00,0.0,113.21173027706628
2030-09-12 04:00:00,0.0,110.70565696646406
2030-09-12 05:00:00,0.0,110.08396138311308
2030-09-12 06:00:00,0.0,107.07106148975085
2030-09-12 07:00:00,0.0,102.03699330354812
2030-09-12 08:00:00,0.0,89.98579424955551
2030-09-12 09:00:00,0.0,81.44432674028222
2030-09-12 10:00:00,0.0,78.41930388812864
2030-09-12 11:00:00,0.0,73.49029277243972
2030-09-12 12:00:00,0.0,71.82905644082075
2030-09-12 13:00:00,0.0,72.94832220498438
2030-09-12 14:00:00,0.0,70.05642116522404
2030-09-12 15:00:00,0.0,82.03642072915034
2030-09-12 16:00:00,0.0,86.99096659456484
2030-09-12 17:00:00,0.0,90.07797959568349
2030-09-12 18:00:00,0.0,96.62783267960685
2030-09-12 19:00:00,0.0,114.81068601349828
2030-09-12 20:00:00,0.0,123.07117335068824
2030-09-12 21:00:00,0.0,125.33435572110965
2030-09-12 22:00:00,0.0,131.73106838760486
2030-09-12 23:00:00,0.0,133.0788062036986
2030-09-13 00:00:00,0.0,128.94878335802443
2030-09-13 01:00:00,0.0,124.06904298940958
2030-09-13 02:00:00,0.0,117.5232636809261
2030-09-13 03:00:00,0.0,113.71767999722636
2030-09-13 04:00:00,0.0,111.1730247322272
2030-09-13 05:00:00,0.0,110.795096951657
2030-09-13 06:00:00,0.0,108.03297976187493
2030-09-13 07:00:00,0.0,102.5403124359084
2030-09-13 08:00:00,0.0,91.38972023950566
2030-09-13 09:00:00,0.0,85.135095292929
2030-09-13 10:00:00,0.0,78.64214790752226
2030-09-13 11:00:00,0.0,77.16904557351984
2030-09-13 12:00:00,0.0,74.2610552823187
2030-09-13 13:00:00,0.0,74.67498847885507
2030-09-13 14:00:00,0.0,70.8533056878498
2030-09-13 15:00:00,0.0,80.1202839447303
2030-09-13 16:00:00,0.0,87.4490847574325
2030-09-13 17:00:00,0.0,90.51115178064003
2030-09-13 18:00:00,0.0,96.50620074700328
2030-09-13 19:00:00,0.0,114.28224543191548
2030-09-13 20:00:00,0.0,123.41227290206145
2030-09-13 21:00:00,0.0,124.3487621587875
2030-09-13 22:00:00,0.0,124.55833232017096
2030-09-13 23:00:00,0.0,126.98461113417945
2030-09-14 00:00:00,0.0,123.22550116827608
2030-09-14 01:00:00,0.0,118.753501908629
2030-09-14 02:00:00,0.0,113.1100142154744
2030-09-14 03:00:00,0.0,109.17728545478462
2030-09-14 04:00:00,0.0,106.56949608259048
2030-09-14 05:00:00,0.0,106.70277919777992
2030-09-14 06:00:00,0.0,103.74073733521368
2030-09-14 07:00:00,0.0,98.38661430003616
2030-09-14 08:00:00,0.0,85.50512231816037
2030-09-14 09:00:00,0.0,79.44546457968806
2030-09-14 10:00:00,0.0,76.62057027347703
2030-09-14 11:00:00,0.0,72.80743858003439
2030-09-14 12:00:00,0.0,73.03432244509075
2030-09-14 13:00:00,0.0,76.87374626618464
2030-09-14 14:00:00,0.0,73.04492815896572
2030-09-14 15:00:00,0.0,80.3089409577542
2030-09-14 16:00:00,0.0,85.20183831076099
2030-09-14 17:00:00,0.0,85.59693535654195
2030-09-14 18:00:00,0.0,91.1840818911952
2030-09-14 19:00:00,0.0,107.3625187082921
2030-09-14 20:00:00,0.0,116.23076820862808
2030-09-14 21:00:00,0.0,121.97246451297497
2030-09-14 22:00:00,0.0,128.29552072107603
2030-09-14 23:00:00,0.0,130.08344356233488
2030-09-15 00:00:00,0.0,125.30454239271204
2030-09-15 01:00:00,0.0,120.08896364832366
2030-09-15 02:00:00,0.0,113.278371834661
2030-09-15 03:00:00,0.0,109.17728545478462
2030-09-15 04:00:00,0.0,106.56949608259048
2030-09-15 05:00:00,0.0,106.70277919777992
2030-09-15 06:00:00,0.0,103.74073733521368
2030-09-15 07:00:00,0.0,98.38661430003616
2030-09-15 08:00:00,0.0,85.60225016534012
2030-09-15 09:00:00,0.0,80.31313532977128
2030-09-15 10:00:00,0.0,75.13816302506234
2030-09-15 11:00:00,0.0,73.64256189176022
2030-09-15 12:00:00,0.0,73.6833459301562
2030-09-15 13:00:00,0.0,80.46915678268864
2030-09-15 14:00:00,0.0,76.06235771658135
2030-09-15 15:00:00,0.0,89.06870941420094
2030-09-15 16:00:00,0.0,92.28647317527667
2030-09-15 17:00:00,0.0,92.76955307945866
2030-09-15 18:00:00,0.0,93.3038223101463
2030-09-15 19:00:00,0.0,109.535607408612
2030-09-15 20:00:00,0.0,118.5360399838462
2030-09-15 21:00:00,0.0,122.27147465955136
2030-09-15 22:00:00,0.0,127.5133592819377
2030-09-15 23:00:00,0.0,128.2595693544789
2030-09-16 00:00:00,0.0,124.92486088694204
2030-09-16 01:00:00,0.0,120.39323497049963
2030-09-16 02:00:00,0.0,114.8426947129376
2030-09-16 03:00:00,0.0,110.93890241804569
2030-09-16 04:00:00,0.0,108.32672873285183
2030-09-16 05:00:00,0.0,106.80361839677198
2030-09-16 06:00:00,0.0,103.91786358039973
2030-09-16 07:00:00,0.0,98.69702366041167
2030-09-16 08:00:00,0.0,87.11029619887756
2030-09-16 09:00:00,0.0,79.98549446962737
2030-09-16 10:00:00,0.0,77.84796743130697
2030-09-16 11:00:00,0.0,73.98141677979788
2030-09-16 12:00:00,0.0,71.02327519519031
2030-09-16 13:00:00,0.0,72.22063439398028
2030-09-16 14:00:00,0.0,68.54003104952369
2030-09-16 15:00:00,0.0,79.74909988670834
2030-09-16 16:00:00,0.0,85.95161835346515
2030-09-16 17:00:00,0.0,87.87077339794622
2030-09-16 18:00:00,0.0,92.16748035804152
2030-09-16 19:00:00,0.0,109.7500733505832
2030-09-16 20:00:00,0.0,119.05777323080495
2030-09-16 21:00:00,0.0,122.97910277769552
2030-09-16 22:00:00,0.0,128.523504997058
2030-09-16 23:00:00,0.0,130.58500896949533
2030-09-17 00:00:00,0.0,127.00916328697758
2030-09-17 01:00:00,0.0,121.31481756302684
2030-09-17 02:00:00,0.0,115.91334394745309
2030-09-17 03:00:00,0.0,113.34501339225584
2030-09-17 04:00:00,0.0,110.40050878168812
2030-09-17 05:00:00,0.0,108.65993652082555
2030-09-17 06:00:00,0.0,102.2851454193285
2030-09-17 07:00:00,0.0,99.62474429113854
2030-09-17 08:00:00,0.0,89.73328480756572
2030-09-17 09:00:00,0.0,80.17966023926465
2030-09-17 10:00:00,0.0,75.71967176402563
2030-09-17 11:00:00,0.0,71.16986477618093
2030-09-17 12:00:00,0.0,68.14150032607961
2030-09-17 13:00:00,0.0,68.38308244349241
2030-09-17 14:00:00,0.0,65.86551064143532
2030-09-17 15:00:00,0.0,74.94857724475662
2030-09-17 16:00:00,0.0,81.21464941533225
2030-09-17 17:00:00,0.0,84.62985749371033
2030-09-17 18:00:00,0.0,89.84889852769221
2030-09-17 19:00:00,0.0,106.14513741917995
2030-09-17 20:00:00,0.0,115.79233690866272
2030-09-17 21:00:00,0.0,120.11176207592176
2030-09-17 22:00:00,0.0,125.11514007112702
2030-09-17 23:00:00,0.0,126.34976261182952
2030-09-18 00:00:00,0.0,117.0576496403628
2030-09-18 01:00:00,0.0,111.11076748763207
2030-09-18 02:00:00,0.0,105.66457387946184
2030-09-18 03:00:00,0.0,103.02697117886999
2030-09-18 04:00:00,0.0,100.0561606903044
2030-09-18 05:00:00,0.0,96.91085454435267
2030-09-18 06:00:00,0.0,96.87841062815517
2030-09-18 07:00:00,0.0,91.7294734413615
2030-09-18 08:00:00,0.0,84.24138254178204
2030-09-18 09:00:00,0.0,76.5508466263759
2030-09-18 10:00:00,0.0,72.56745256875809
2030-09-18 11:00:00,0.0,70.40201773516537
2030-09-18 12:00:00,0.0,68.56255642841711
2030-09-18 13:00:00,0.0,69.37457386005201
2030-09-18 14:00:00,0.0,69.41076084367319
2030-09-18 15:00:00,0.0,78.87619329575364
2030-09-18 16:00:00,0.0,87.80326812876649
2030-09-18 17:00:00,0.0,90.7787183086176
2030-09-18 18:00:00,0.0,93.93788930686777
2030-09-18 19:00:00,0.0,111.54168055686408
2030-09-18 20:00:00,0.0,119.36029082778111
2030-09-18 21:00:00,0.0,125.38170630150591
2030-09-18 22:00:00,0.0,132.83416153831783
2030-09-18 23:00:00,0.0,134.19154484301075
2030-09-19 00:00:00,0.0,126.64964962100588
2030-09-19 01:00:00,0.0,121.53666380080936
2030-09-19 02:00:00,0.0,115.03122017192275
2030-09-19 03:00:00,0.0,111.85259324717356
2030-09-19 04:00:00,0.0,108.96859215600112
2030-09-19 05:00:00,0.0,106.94567013796075
2030-09-19 06:00:00,0.0,104.18618353597856
2030-09-19 07:00:00,0.0,98.38661430003616
2030-09-19 08:00:00,0.0,85.40201407112465
2030-09-19 09:00:00,0.0,78.32055390834797
2030-09-19 10:00:00,0.0,75.24082064329093
2030-09-19 11:00:00,0.0,70.3395049131733
2030-09-19 12:00:00,0.0,67.48847748451101
2030-09-19 13:00:00,0.0,68.49942915750228
2030-09-19 14:00:00,0.0,68.8902895481076
2030-09-19 15:00:00,0.0,79.16129735062952
2030-09-19 16:00:00,0.0,85.90251197763826
2030-09-19 17:00:00,0.0,90.13578418673772
2030-09-19 18:00:00,0.0,95.83479936170329
2030-09-19 19:00:00,0.0,113.12405215472732
2030-09-19 20:00:00,0.0,121.668193190799
2030-09-19 21:00:00,0.0,124.40575822778293
2030-09-19 22:00:00,0.0,130.0185557299401
2030-09-19 23:00:00,0.0,131.66968800560971
2030-09-20 00:00:00,0.0,127.53528084693608
2030-09-20 01:00:00,0.0,122.87475612830382
2030-09-20 02:00:00,0.0,116.624479515997
2030-09-20 03:00:00,0.0,112.82766445829655
2030-09-20 04:00:00,0.0,110.21987508610243
2030-09-20 05:00:00,0.0,109.51575441835801
2030-09-20 06:00:00,0.0,106.39236983740444
2030-09-20 07:00:00,0.0,100.94705309183416
2030-09-20 08:00:00,0.0,89.2308425378053
2030-09-20 09:00:00,0.0,80.06133246328795
2030-09-20 10:00:00,0.0,76.35268428081667
2030-09-20 11:00:00,0.0,71.53054998517246
2030-09-20 12:00:00,0.0,69.47580081606769
2030-09-20 13:00:00,0.0,70.32549402619293
2030-09-20 14:00:00,0.0,69.44027735460566
2030-09-20 15:00:00,0.0,78.45154400629006
2030-09-20 16:00:00,0.0,85.42088574388094
2030-09-20 17:00:00,0.0,86.64268108710814
2030-09-20 18:00:00,0.0,92.81133548782532
2030-09-20 19:00:00,0.0,111.40667455852088
2030-09-20 20:00:00,0.0,119.7750468375484
2030-09-20 21:00:00,0.0,122.8563420137052
2030-09-20 22:00:00,0.0,128.04035370449617
2030-09-20 23:00:00,0.0,129.53715816257807
2030-09-21 00:00:00,0.0,126.31293438263242
2030-09-21 01:00:00,0.0,121.3718136320224
2030-09-21 02:00:00,0.0,115.29252522670208
2030-09-21 03:00:00,0.0,110.59517227887284
2030-09-21 04:00:00,0.0,108.13908013646665
2030-09-21 05:00:00,0.0,107.86023782968856
2030-09-21 06:00:00,0.0,104.586032881547
2030-09-21 07:00:00,0.0,99.24155533496878
2030-09-21 08:00:00,0.0,87.29294920516793
2030-09-21 09:00:00,0.0,79.63059205453406
2030-09-21 10:00:00,0.0,77.1185543720726
2030-09-21 11:00:00,0.0,71.76886278586312
2030-09-21 12:00:00,0.0,70.13277064575288
2030-09-21 13:00:00,0.0,70.72800878982582
2030-09-21 14:00:00,0.0,69.81221658802554
2030-09-21 15:00:00,0.0,79.43215211061386
2030-09-21 16:00:00,0.0,87.23377367811281
2030-09-21 17:00:00,0.0,90.29075902314503
2030-09-21 18:00:00,0.0,94.78038570682452
2030-09-21 19:00:00,0.0,111.02311635208343
2030-09-21 20:00:00,0.0,119.66543901255704
2030-09-21 21:00:00,0.0,124.0102931952142
2030-09-21 22:00:00,0.0,129.25305468020042
2030-09-21 23:00:00,0.0,130.80948579507765
2030-09-22 00:00:00,0.0,127.53177339653632
2030-09-22 01:00:00,0.0,122.56960794352788
2030-09-22 02:00:00,0.0,116.27373447602461
2030-09-22 03:00:00,0.0,110.88278321165012
2030-09-22 04:00:00,0.0,108.29340795405436
2030-09-22 05:00:00,0.0,106.70277919777992
2030-09-22 06:00:00,0.0,103.74073733521368
2030-09-22 07:00:00,0.0,98.38661430003616
2030-09-22 08:00:00,0.0,85.21512325155345
2030-09-22 09:00:00,0.0,78.15562496310349
2030-09-22 10:00:00,0.0,76.30144953655302
2030-09-22 11:00:00,0.0,77.63551944215804
2030-09-22 12:00:00,0.0,80.67086815012385
2030-09-22 13:00:00,0.0,82.07742256257461
2030-09-22 14:00:00,0.0,71.50962393177736
2030-09-22 15:00:00,0.0,77.21032826953694
2030-09-22 16:00:00,0.0,84.40869644703048
2030-09-22 17:00:00,0.0,89.56867053003644
2030-09-22 18:00:00,0.0,95.76871208803843
2030-09-22 19:00:00,0.0,111.17984001401236
2030-09-22 20:00:00,0.0,121.69186848099719
2030-09-22 21:00:00,0.0,124.80210012295174
2030-09-22 22:00:00,0.0,129.16010724460784
2030-09-22 23:00:00,0.0,130.29739803671805
2030-09-23 00:00:00,0.0,126.27610615343542
2030-09-23 01:00:00,0.0,121.5568316406078
2030-09-23 02:00:00,0.0,115.46000598328884
2030-09-23 03:00:00,0.0,110.9248726164468
2030-09-23 04:00:00,0.0,108.450366359442
2030-09-23 05:00:00,0.0,107.64014531710596
2030-09-23 06:00:00,0.0,104.49746975895393
2030-09-23 07:00:00,0.0,98.93816087539267
2030-09-23 08:00:00,0.0,87.1130077470483
2030-09-23 09:00:00,0.0,78.88104145672197
2030-09-23 10:00:00,0.0,72.47799390528598
2030-09-23 11:00:00,0.0,70.29323296041036
2030-09-23 12:00:00,0.0,71.45624897707808
2030-09-23 13:00:00,0.0,73.52363340690145
2030-09-23 14:00:00,0.0,76.99928784962651
2030-09-23 15:00:00,0.0,85.66367998023382
2030-09-23 16:00:00,0.0,88.43461998798716
2030-09-23 17:00:00,0.0,90.88726258528457
2030-09-23 18:00:00,0.0,97.27268137475187
2030-09-23 19:00:00,0.0,112.19966977028956
2030-09-23 20:00:00,0.0,119.78381546354773
2030-09-23 21:00:00,0.0,124.27072138739368
2030-09-23 22:00:00,0.0,130.20006628812575
2030-09-23 23:00:00,0.0,132.0099106943829
2030-09-24 00:00:00,0.0,128.04999919309535
2030-09-24 01:00:00,0.0,122.49332089733387
2030-09-24 02:00:00,0.0,117.0830786557608
2030-09-24 03:00:00,0.0,115.16187269931243
2030-09-24 04:00:00,0.0,112.04374929395853
2030-09-24 05:00:00,0.0,109.91735748912627
2030-09-24 06:00:00,0.0,103.16726919485892
2030-09-24 07:00:00,0.0,100.56649472346417
2030-09-24 08:00:00,0.0,93.69711884544701
2030-09-24 09:00:00,0.0,83.87178701101584
2030-09-24 10:00:00,0.0,78.8603350385564
2030-09-24 11:00:00,0.0,73.43508846863051
2030-09-24 12:00:00,0.0,71.90588668949442
2030-09-24 13:00:00,0.0,72.39655150258261
2030-09-24 14:00:00,0.0,67.94018898480965
2030-09-24 15:00:00,0.0,79.07657351563728
2030-09-24 16:00:00,0.0,86.23392815266858
2030-09-24 17:00:00,0.0,88.63550745987493
2030-09-24 18:00:00,0.0,92.63825077959052
2030-09-24 19:00:00,0.0,104.50480036358304
2030-09-24 20:00:00,0.0,113.2511890940632
2030-09-24 21:00:00,0.0,119.82064369274484
2030-09-24 22:00:00,0.0,125.19318084252086
2030-09-24 23:00:00,0.0,126.141946175646
2030-09-25 00:00:00,0.0,116.52714776740468
2030-09-25 01:00:00,0.0,110.24881155190008
2030-09-25 02:00:00,0.0,103.80650203020853
2030-09-25 03:00:00,0.0,101.37846949100005
2030-09-25 04:00:00,0.0,98.09724964205907
2030-09-25 05:00:00,0.0,96.26548367080353
2030-09-25 06:00:00,0.0,95.8235449204384
2030-09-25 07:00:00,0.0,90.6123504890496
2030-09-25 08:00:00,0.0,83.36496244197825
2030-09-25 09:00:00,0.0,74.77632459997561
2030-09-25 10:00:00,0.0,70.52777304829658
2030-09-25 11:00:00,0.0,66.42625726213384
2030-09-25 12:00:00,0.0,65.57996167448744
2030-09-25 13:00:00,0.0,66.70877961297515
2030-09-25 14:00:00,0.0,67.43222091293887
2030-09-25 15:00:00,0.0,76.99949753325677
2030-09-25 16:00:00,0.0,88.40328021398238
2030-09-25 17:00:00,0.0,93.42229137203763
2030-09-25 18:00:00,0.0,95.67035975904061
2030-09-25 19:00:00,0.0,114.5827976917676
2030-09-25 20:00:00,0.0,118.81575915322412
2030-09-25 21:00:00,0.0,124.31456451739018
2030-09-25 22:00:00,0.0,132.88326584391405
2030-09-25 23:00:00,0.0,134.2099589576094
2030-09-26 00:00:00,0.0,126.60931394140914
2030-09-26 01:00:00,0.0,121.88302452778203
2030-09-26 02:00:00,0.0,115.71341927466892
2030-09-26 03:00:00,0.0,111.99464498836232
2030-09-26 04:00:00,0.0,109.30618425697456
2030-09-26 05:00:00,0.0,108.6818580858237
2030-09-26 06:00:00,0.0,106.17578477522147
2030-09-26 07:00:00,0.0,101.04526170302643
2030-09-26 08:00:00,0.0,89.01941455931647
2030-09-26 09:00:00,0.0,80.65906413447011
2030-09-26 10:00:00,0.0,73.86851287932552
2030-09-26 11:00:00,0.0,69.27679725656208
2030-09-26 12:00:00,0.0,67.37157869940484
2030-09-26 13:00:00,0.0,68.21774346397501
2030-09-26 14:00:00,0.0,67.05208971874151
2030-09-26 15:00:00,0.0,76.10472352174143
2030-09-26 16:00:00,0.0,83.49743488709169
2030-09-26 17:00:00,0.0,88.34342885142222
2030-09-26 18:00:00,0.0,92.8799282911492
2030-09-26 19:00:00,0.0,109.49851744916587
2030-09-26 20:00:00,0.0,117.76615462110692
2030-09-26 21:00:00,0.0,122.21886290355552
2030-09-26 22:00:00,0.0,128.16136074328665
2030-09-26 23:00:00,0.0,129.82213850755556
2030-09-27 00:00:00,0.0,125.89379405986551
2030-09-27 01:00:00,0.0,121.05000505784778
2030-09-27 02:00:00,0.0,114.83217236173844
2030-09-27 03:00:00,0.0,110.88015262385032
2030-09-27 04:00:00,0.0,108.32848245805167
2030-09-27 05:00:00,0.0,108.06016250247283
2030-09-27 06:00:00,0.0,105.36381000768561
2030-09-27 07:00:00,0.0,100.05353010250462
2030-09-27 08:00:00,0.0,88.03736314469587
2030-09-27 09:00:00,0.0,81.36256468475686
2030-09-27 10:00:00,0.0,77.0481745902239
2030-09-27 11:00:00,0.0,70.93079435091909
2030-09-27 12:00:00,0.0,71.97014860293393
2030-09-27 13:00:00,0.0,75.10432528930697
2030-09-27 14:00:00,0.0,70.30810621837531
2030-09-27 15:00:00,0.0,78.90317875349363
2030-09-27 16:00:00,0.0,83.66775317175563
2030-09-27 17:00:00,0.0,84.35990226282365
2030-09-27 18:00:00,0.0,87.90270659746419
2030-09-27 19:00:00,0.0,105.4828058734256
2030-09-27 20:00:00,0.0,114.57963593295835
2030-09-27 21:00:00,0.0,120.21698558791354
2030-09-27 22:00:00,0.0,126.1349312748465
2030-09-27 23:00:00,0.0,128.11050271249064
2030-09-28 00:00:00,0.0,124.20407982979884
2030-09-28 01:00:00,0.0,119.16387360539657
2030-09-28 02:00:00,0.0,113.50372552284328
2030-09-28 03:00:00,0.0,109.31144543257415
2030-09-28 04:00:00,0.0,106.56949608259048
2030-09-28 05:00:00,0.0,106.70277919777992
2030-09-28 06:00:00,0.0,103.74073733521368
2030-09-28 07:00:00,0.0,98.54269584282385
2030-09-28 08:00:00,0.0,87.19029459688387
2030-09-28 09:00:00,0.0,80.73329901485702
2030-09-28 10:00:00,0.0,76.28020065717635
2030-09-28 11:00:00,0.0,71.76663257558289
2030-09-28 12:00:00,0.0,72.12475356215361
2030-09-28 13:00:00,0.0,74.56785250238931
2030-09-28 14:00:00,0.0,73.55468470087249
2030-09-28 15:00:00,0.0,85.11907041242476
2030-09-28 16:00:00,0.0,87.97755586826747
2030-09-28 17:00:00,0.0,89.28289048474858
2030-09-28 18:00:00,0.0,94.82690382687645
2030-09-28 19:00:00,0.0,109.6147979114794
2030-09-28 20:00:00,0.0,116.94278063977184
2030-09-28 21:00:00,0.0,120.9895015384526
2030-09-28 22:00:00,0.0,127.50809810633812
2030-09-28 23:00:00,0.0,129.6546577509688
2030-09-29 00:00:00,0.0,125.55970940929194
2030-09-29 01:00:00,0.0,120.85621842326304
2030-09-29 02:00:00,0.0,115.30743189090094
2030-09-29 03:00:00,0.0,110.53905307247724
2030-09-29 04:00:00,0.0,107.87952880688704
2030-09-29 05:00:00,0.0,107.34551948352917
2030-09-29 06:00:00,0.0,104.47642505655563
2030-09-29 07:00:00,0.0,98.94429891359219
2030-09-29 08:00:00,0.0,87.15280882752256
2030-09-29 09:00:00,0.0,80.98910463703646
2030-09-29 10:00:00,0.0,74.77599403456246
2030-09-29 11:00:00,0.0,77.09985758924392
2030-09-29 12:00:00,0.0,77.57162696912337
2030-09-29 13:00:00,0.0,74.0638131867787
2030-09-29 14:00:00,0.0,73.28263065119516
2030-09-29 15:00:00,0.0,79.92777700974409
2030-09-29 16:00:00,0.0,92.05757242043455
2030-09-29 17:00:00,0.0,94.55386170054179
2030-09-29 18:00:00,0.0,96.18047554310726
2030-09-29 19:00:00,0.0,110.88058355821
2030-09-29 20:00:00,0.0,117.60130445231992
2030-09-29 21:00:00,0.0,122.45561580553692
2030-09-29 22:00:00,0.0,127.83867530651209
2030-09-29 23:00:00,0.0,129.89842555374955
2030-09-30 00:00:00,0.0,126.00603247265668
2030-09-30 01:00:00,0.0,121.13856818044076
2030-09-30 02:00:00,0.0,115.2364060203065
2030-09-30 03:00:00,0.0,110.41103113288727
2030-09-30 04:00:00,0.0,107.78482764609451
2030-09-30 05:00:00,0.0,107.35691869732828
2030-09-30 06:00:00,0.0,105.20071356409846
2030-09-30 07:00:00,0.0,100.32009633288362
2030-09-30 08:00:00,0.0,89.09099045005654
2030-09-30 09:00:00,0.0,82.85650635648801
2030-09-30 10:00:00,0.0,79.04683588827014
2030-09-30 11:00:00,0.0,76.02374807268576
2030-09-30 12:00:00,0.0,74.09268949722366
2030-09-30 13:00:00,0.0,75.02971465378039
2030-09-30 14:00:00,0.0,72.30284791398388
2030-09-30 15:00:00,0.0,82.80196972294152
2030-09-30 16:00:00,0.0,92.53491942998586
2030-09-30 17:00:00,0.0,90.68444993402431
2030-09-30 18:00:00,0.0,96.96147954026048
2030-09-30 19:00:00,0.0,112.23185765369315
2030-09-30 20:00:00,0.0,120.28625773330803
2030-09-30 21:00:00,0.0,124.70564523695928
2030-09-30 22:00:00,0.0,129.1530923438083
2030-09-30 23:00:00,0.0,131.15760024725023
2030-10-01 00:00:00,0.0,145.11900656334842
2030-10-01 01:00:00,0.0,141.0415954736702
2030-10-01 02:00:00,0.0,135.90844181367527
2030-10-01 03:00:00,0.0,132.45272630734803
2030-10-01 04:00:00,0.0,129.54680365117724
2030-10-01 05:00:00,0.0,119.29014181978664
2030-10-01 06:00:00,0.0,117.65216248311594
2030-10-01 07:00:00,0.0,120.72381217067355
2030-10-01 08:00:00,0.0,101.37241669556988
2030-10-01 09:00:00,0.0,96.01385251477848
2030-10-01 10:00:00,0.0,88.07555813784802
2030-10-01 11:00:00,0.0,82.88124210727949
2030-10-01 12:00:00,0.0,83.81362615815999
2030-10-01 13:00:00,0.0,84.00034753594889
2030-10-01 14:00:00,0.0,80.43791439593998
2030-10-01 15:00:00,0.0,86.20879642874672
2030-10-01 16:00:00,0.0,93.4080647333376
2030-10-01 17:00:00,0.0,97.85870007388121
2030-10-01 18:00:00,0.0,99.63222280987712
2030-10-01 19:00:00,0.0,120.51030790692901
2030-10-01 20:00:00,0.0,125.91483876226393
2030-10-01 21:00:00,0.0,132.45097258214807
2030-10-01 22:00:00,0.0,138.0479865575064
2030-10-01 23:00:00,0.0,142.84617870432783
2030-10-02 00:00:00,0.0,141.07403938986772
2030-10-02 01:00:00,0.0,134.96055334315008
2030-10-02 02:00:00,0.0,129.01630177821914
2030-10-02 03:00:00,0.0,126.83554449219127
2030-10-02 04:00:00,0.0,124.35928450998664
2030-10-02 05:00:00,0.0,120.96933369865415
2030-10-02 06:00:00,0.0,121.27360502083012
2030-10-02 07:00:00,0.0,115.24166719590607
2030-10-02 08:00:00,0.0,97.75378166027781
2030-10-02 09:00:00,0.0,87.89571061194931
2030-10-02 10:00:00,0.0,79.4460341124519
2030-10-02 11:00:00,0.0,75.9423166666702
2030-10-02 12:00:00,0.0,76.58908192819058
2030-10-02 13:00:00,0.0,75.80420042295304
2030-10-02 14:00:00,0.0,75.94527370700985
2030-10-02 15:00:00,0.0,85.62628581524505
2030-10-02 16:00:00,0.0,90.54601678017207
2030-10-02 17:00:00,0.0,95.2809785623932
2030-10-02 18:00:00,0.0,102.32702008724186
2030-10-02 19:00:00,0.0,119.28010052127216
2030-10-02 20:00:00,0.0,126.37694535242746
2030-10-02 21:00:00,0.0,131.5241288140212
2030-10-02 22:00:00,0.0,141.6326008660236
2030-10-02 23:00:00,0.0,143.40561704308368
2030-10-03 00:00:00,0.0,140.6066716241046
2030-10-03 01:00:00,0.0,134.4502193099904
2030-10-03 02:00:00,0.0,130.22111099052404
2030-10-03 03:00:00,0.0,126.6075602162092
2030-10-03 04:00:00,0.0,123.76827911763324
2030-10-03 05:00:00,0.0,123.29389645107072
2030-10-03 06:00:00,0.0,119.99250876233123
2030-10-03 07:00:00,0.0,112.7294558471044
2030-10-03 08:00:00,0.0,103.63463353250891
2030-10-03 09:00:00,0.0,91.97862902523603
2030-10-03 10:00:00,0.0,86.87806638813117
2030-10-03 11:00:00,0.0,83.58324394899203
2030-10-03 12:00:00,0.0,81.66726457488403
2030-10-03 13:00:00,0.0,80.99849323589251
2030-10-03 14:00:00,0.0,81.38417551939415
2030-10-03 15:00:00,0.0,95.1804442792943
2030-10-03 16:00:00,0.0,100.17508281987
2030-10-03 17:00:00,0.0,103.14231891393727
2030-10-03 18:00:00,0.0,105.99126066651591
2030-10-03 19:00:00,0.0,124.28558221566595
2030-10-03 20:00:00,0.0,129.07242098461472
2030-10-03 21:00:00,0.0,134.85971414415803
2030-10-03 22:00:00,0.0,142.69272774933995
2030-10-03 23:00:00,0.0,144.10886084822823
2030-10-04 00:00:00,0.0,140.97933822907507
2030-10-04 01:00:00,0.0,134.75010631916666
2030-10-04 02:00:00,0.0,130.298274899318
2030-10-04 03:00:00,0.0,126.60931394140914
2030-10-04 04:00:00,0.0,123.39035133706307
2030-10-04 05:00:00,0.0,121.7979688555888
2030-10-04 06:00:00,0.0,117.94766517929258
2030-10-04 07:00:00,0.0,110.63813854626936
2030-10-04 08:00:00,0.0,98.428673717072
2030-10-04 09:00:00,0.0,86.87041694640516
2030-10-04 10:00:00,0.0,86.15720768438153
2030-10-04 11:00:00,0.0,84.16521332553623
2030-10-04 12:00:00,0.0,81.99929406832007
2030-10-04 13:00:00,0.0,81.43673465005166
2030-10-04 14:00:00,0.0,82.24095728870678
2030-10-04 15:00:00,0.0,95.0060624373815
2030-10-04 16:00:00,0.0,98.94215808387865
2030-10-04 17:00:00,0.0,100.81644724368412
2030-10-04 18:00:00,0.0,104.5909669384606
2030-10-04 19:00:00,0.0,121.66640905069572
2030-10-04 20:00:00,0.0,126.09284187004982
2030-10-04 21:00:00,0.0,134.32745854600012
2030-10-04 22:00:00,0.0,140.59351868510555
2030-10-04 23:00:00,0.0,141.577358522228
2030-10-05 00:00:00,0.0,138.6442531254594
2030-10-05 01:00:00,0.0,132.3027828027598
2030-10-05 02:00:00,0.0,127.75975767251828
2030-10-05 03:00:00,0.0,123.96294261481796
2030-10-05 04:00:00,0.0,121.02457604244978
2030-10-05 05:00:00,0.0,119.92499034213652
2030-10-05 06:00:00,0.0,116.22463017042855
2030-10-05 07:00:00,0.0,109.07469253059276
2030-10-05 08:00:00,0.0,99.90457954533177
2030-10-05 09:00:00,0.0,88.15762552876707
2030-10-05 10:00:00,0.0,83.33846114060395
2030-10-05 11:00:00,0.0,81.2768274845814
2030-10-05 12:00:00,0.0,79.52652655227494
2030-10-05 13:00:00,0.0,78.78078898623573
2030-10-05 14:00:00,0.0,77.12581860999057
2030-10-05 15:00:00,0.0,91.02973585903304
2030-10-05 16:00:00,0.0,94.4706441407004
2030-10-05 17:00:00,0.0,94.61430476009843
2030-10-05 18:00:00,0.0,98.77356546627969
2030-10-05 19:00:00,0.0,120.43020760093064
2030-10-05 20:00:00,0.0,124.27598256299324
2030-10-05 21:00:00,0.0,131.61882997481382
2030-10-05 22:00:00,0.0,139.3019000754075
2030-10-05 23:00:00,0.0,140.54967555510905
2030-10-06 00:00:00,0.0,137.75599131172953
2030-10-06 01:00:00,0.0,131.60216958541514
2030-10-06 02:00:00,0.0,127.63699690852796
2030-10-06 03:00:00,0.0,123.51486582625328
2030-10-06 04:00:00,0.0,120.36780595510164
2030-10-06 05:00:00,0.0,119.4462233625743
2030-10-06 06:00:00,0.0,115.5424310676824
2030-10-06 07:00:00,0.0,108.36531068724877
2030-10-06 08:00:00,0.0,99.32176577204176
2030-10-06 09:00:00,0.0,88.95911918517209
2030-10-06 10:00:00,0.0,87.11403944546646
2030-10-06 11:00:00,0.0,84.67853521349342
2030-10-06 12:00:00,0.0,83.345685772568
2030-10-06 13:00:00,0.0,80.92731114201138
2030-10-06 14:00:00,0.0,82.77091311112372
2030-10-06 15:00:00,0.0,97.88116675868093
2030-10-06 16:00:00,0.0,101.81630735514624
2030-10-06 17:00:00,0.0,99.88195975056647
2030-10-06 18:00:00,0.0,101.03382864621072
2030-10-06 19:00:00,0.0,117.71321803571323
2030-10-06 20:00:00,0.0,122.31005661394828
2030-10-06 21:00:00,0.0,130.42980428930764
2030-10-06 22:00:00,0.0,139.0774232498252
2030-10-06 23:00:00,0.0,140.70312651009692
2030-10-07 00:00:00,0.0,137.53765252434675
2030-10-07 01:00:00,0.0,131.3294653168366
2030-10-07 02:00:00,0.0,127.04774524137451
2030-10-07 03:00:00,0.0,123.77090970543304
2030-10-07 04:00:00,0.0,120.51073455889036
2030-10-07 05:00:00,0.0,119.4041339577776
2030-10-07 06:00:00,0.0,115.58802792287884
2030-10-07 07:00:00,0.0,108.2811318776554
2030-10-07 08:00:00,0.0,100.10380427013843
2030-10-07 09:00:00,0.0,88.40777264633232
2030-10-07 10:00:00,0.0,83.02644000642341
2030-10-07 11:00:00,0.0,81.8295678230328
2030-10-07 12:00:00,0.0,82.07503619382383
2030-10-07 13:00:00,0.0,81.02946664625154
2030-10-07 14:00:00,0.0,82.91845157965406
2030-10-07 15:00:00,0.0,93.5911555770823
2030-10-07 16:00:00,0.0,95.68730703158724
2030-10-07 17:00:00,0.0,97.71382381369345
2030-10-07 18:00:00,0.0,102.05750011100758
2030-10-07 19:00:00,0.0,122.77842075523994
2030-10-07 20:00:00,0.0,127.74397414571956
2030-10-07 21:00:00,0.0,134.26081698840528
2030-10-07 22:00:00,0.0,141.10999075646487
2030-10-07 23:00:00,0.0,142.49543366435543
2030-10-08 00:00:00,0.0,144.66654546178415
2030-10-08 01:00:00,0.0,140.12878150714232
2030-10-08 02:00:00,0.0,134.76588984596535
2030-10-08 03:00:00,0.0,131.77315779240166
2030-10-08 04:00:00,0.0,128.74710496004036
2030-10-08 05:00:00,0.0,117.85647146889983
2030-10-08 06:00:00,0.0,116.40263327821458
2030-10-08 07:00:00,0.0,119.35502965218154
2030-10-08 08:00:00,0.0,99.90265276076548
2030-10-08 09:00:00,0.0,94.66527375830627
2030-10-08 10:00:00,0.0,85.69228786608664
2030-10-08 11:00:00,0.0,80.4874918067037
2030-10-08 12:00:00,0.0,80.25176504895433
2030-10-08 13:00:00,0.0,81.90240880807346
2030-10-08 14:00:00,0.0,77.1069549020333
2030-10-08 15:00:00,0.0,83.10880698574884
2030-10-08 16:00:00,0.0,91.43883264286364
2030-10-08 17:00:00,0.0,96.13088112474064
2030-10-08 18:00:00,0.0,99.42418306303932
2030-10-08 19:00:00,0.0,118.65888556346316
2030-10-08 20:00:00,0.0,123.55081719285045
2030-10-08 21:00:00,0.0,130.590270145095
2030-10-08 22:00:00,0.0,136.646760122817
2030-10-08 23:00:00,0.0,140.84605511388563
2030-10-09 00:00:00,0.0,136.81161029160398
2030-10-09 01:00:00,0.0,130.4482184039061
2030-10-09 02:00:00,0.0,123.73846578923563
2030-10-09 03:00:00,0.0,122.06716567376748
2030-10-09 04:00:00,0.0,119.74172605875104
2030-10-09 05:00:00,0.0,117.372443313738
2030-10-09 06:00:00,0.0,117.65654679611553
2030-10-09 07:00:00,0.0,111.46852742840385
2030-10-09 08:00:00,0.0,93.253372823444
2030-10-09 09:00:00,0.0,85.18814726042977
2030-10-09 10:00:00,0.0,72.72250834625618
2030-10-09 11:00:00,0.0,69.39394190447138
2030-10-09 12:00:00,0.0,73.1796567111911
2030-10-09 13:00:00,0.0,72.79576209994855
2030-10-09 14:00:00,0.0,72.19530737200284
2030-10-09 15:00:00,0.0,85.1058607551603
2030-10-09 16:00:00,0.0,89.80948408336474
2030-10-09 17:00:00,0.0,92.25694418645139
2030-10-09 18:00:00,0.0,98.45445741599984
2030-10-09 19:00:00,0.0,115.59671216039408
2030-10-09 20:00:00,0.0,122.23990760595392
2030-10-09 21:00:00,0.0,129.53452757477828
2030-10-09 22:00:00,0.0,139.75436117697177
2030-10-09 23:00:00,0.0,142.19291606737943
2030-10-10 00:00:00,0.0,138.95290876063507
2030-10-10 01:00:00,0.0,132.73507606452574
2030-10-10 02:00:00,0.0,128.7576273112395
2030-10-10 03:00:00,0.0,125.31769533171096
2030-10-10 04:00:00,0.0,122.28112014815063
2030-10-10 05:00:00,0.0,121.29114227282876
2030-10-10 06:00:00,0.0,117.57762916212177
2030-10-10 07:00:00,0.0,110.18041626910552
2030-10-10 08:00:00,0.0,100.67162228120446
2030-10-10 09:00:00,0.0,93.09333061864754
2030-10-10 10:00:00,0.0,90.98111689051801
2030-10-10 11:00:00,0.0,90.20499829454457
2030-10-10 12:00:00,0.0,86.87205758642813
2030-10-10 13:00:00,0.0,84.51564639361187
2030-10-10 14:00:00,0.0,82.55212084687217
2030-10-10 15:00:00,0.0,94.18799348343633
2030-10-10 16:00:00,0.0,99.32064381416329
2030-10-10 17:00:00,0.0,101.28015034851262
2030-10-10 18:00:00,0.0,101.25979832102917
2030-10-10 19:00:00,0.0,119.84944573716211
2030-10-10 20:00:00,0.0,126.65315707140564
2030-10-10 21:00:00,0.0,133.403245365673
2030-10-10 22:00:00,0.0,141.5703436214285
2030-10-10 23:00:00,0.0,143.18815511830087
2030-10-11 00:00:00,0.0,140.17700895013843
2030-10-11 01:00:00,0.0,134.0056499718255
2030-10-11 02:00:00,0.0,129.91596280574822
2030-10-11 03:00:00,0.0,124.86348050494688
2030-10-11 04:00:00,0.0,121.05526623344736
2030-10-11 05:00:00,0.0,119.15773556719704
2030-10-11 06:00:00,0.0,116.18254076563188
2030-10-11 07:00:00,0.0,108.85021570501044
2030-10-11 08:00:00,0.0,97.06426394581241
2030-10-11 09:00:00,0.0,85.55448781184816
2030-10-11 10:00:00,0.0,81.24328908361086
2030-10-11 11:00:00,0.0,79.22985408912915
2030-10-11 12:00:00,0.0,77.30075459323052
2030-10-11 13:00:00,0.0,76.40629965648348
2030-10-11 14:00:00,0.0,76.46297541615104
2030-10-11 15:00:00,0.0,89.22464983029295
2030-10-11 16:00:00,0.0,93.4168114809762
2030-10-11 17:00:00,0.0,96.66145103442012
2030-10-11 18:00:00,0.0,100.06937964266216
2030-10-11 19:00:00,0.0,121.6093898501656
2030-10-11 20:00:00,0.0,126.18666616824248
2030-10-11 21:00:00,0.0,133.34186498367785
2030-10-11 22:00:00,0.0,139.90518154415983
2030-10-11 23:00:00,0.0,141.3432362080464
2030-10-12 00:00:00,0.0,138.41013081127787
2030-10-12 01:00:00,0.0,131.99675775538387
2030-10-12 02:00:00,0.0,127.73783610752002
2030-10-12 03:00:00,0.0,124.01117005781406
2030-10-12 04:00:00,0.0,121.37707480762197
2030-10-12 05:00:00,0.0,121.3437540288246
2030-10-12 06:00:00,0.0,117.588151513321
2030-10-12 07:00:00,0.0,110.88015262385032
2030-10-12 08:00:00,0.0,101.58835535621311
2030-10-12 09:00:00,0.0,91.66818567026712
2030-10-12 10:00:00,0.0,85.0044004135683
2030-10-12 11:00:00,0.0,84.81564179637222
2030-10-12 12:00:00,0.0,81.39089819925266
2030-10-12 13:00:00,0.0,81.28469533728342
2030-10-12 14:00:00,0.0,82.06628805938281
2030-10-12 15:00:00,0.0,94.04008429240719
2030-10-12 16:00:00,0.0,97.37279599241447
2030-10-12 17:00:00,0.0,99.31503114547559
2030-10-12 18:00:00,0.0,104.31956816924573
2030-10-12 19:00:00,0.0,122.98972151028875
2030-10-12 20:00:00,0.0,127.75274277171889
2030-10-12 21:00:00,0.0,136.32582841124236
2030-10-12 22:00:00,0.0,140.45409753171657
2030-10-12 23:00:00,0.0,141.97633100519647
2030-10-13 00:00:00,0.0,138.45835825427412
2030-10-13 01:00:00,0.0,132.14670125997213
2030-10-13 02:00:00,0.0,127.96406665830216
2030-10-13 03:00:00,0.0,123.85947282802611
2030-10-13 04:00:00,0.0,120.55282396368705
2030-10-13 05:00:00,0.0,120.07581070932461
2030-10-13 06:00:00,0.0,116.28951800282344
2030-10-13 07:00:00,0.0,108.62573887942824
2030-10-13 08:00:00,0.0,98.93759971662233
2030-10-13 09:00:00,0.0,87.72176086316745
2030-10-13 10:00:00,0.0,82.18089426735422
2030-10-13 11:00:00,0.0,81.43401278097939
2030-10-13 12:00:00,0.0,84.03547704000107
2030-10-13 13:00:00,0.0,79.05760929546454
2030-10-13 14:00:00,0.0,78.3939785747217
2030-10-13 15:00:00,0.0,89.08010102086519
2030-10-13 16:00:00,0.0,91.18474740646467
2030-10-13 17:00:00,0.0,91.69783250965267
2030-10-13 18:00:00,0.0,98.36293643601017
2030-10-13 19:00:00,0.0,117.438300534871
2030-10-13 20:00:00,0.0,122.04436724616924
2030-10-13 21:00:00,0.0,131.54780410421938
2030-10-13 22:00:00,0.0,139.68508903157726
2030-10-13 23:00:00,0.0,141.36691149824455
2030-10-14 00:00:00,0.0,138.19793006209463
2030-10-14 01:00:00,0.0,131.9572989383871
2030-10-14 02:00:00,0.0,128.15609956768708
2030-10-14 03:00:00,0.0,124.70827582475908
2030-10-14 04:00:00,0.0,121.9461586349771
2030-10-14 05:00:00,0.0,121.46300734241515
2030-10-14 06:00:00,0.0,117.83454990390146
2030-10-14 07:00:00,0.0,110.60657149267195
2030-10-14 08:00:00,0.0,101.80199840916508
2030-10-14 09:00:00,0.0,91.38383377053856
2030-10-14 10:00:00,0.0,85.22392148370726
2030-10-14 11:00:00,0.0,82.54403007209838
2030-10-14 12:00:00,0.0,80.07307141293882
2030-10-14 13:00:00,0.0,79.63386085668697
2030-10-14 14:00:00,0.0,80.17739510165302
2030-10-14 15:00:00,0.0,93.11027608622317
2030-10-14 16:00:00,0.0,97.85346821092217
2030-10-14 17:00:00,0.0,98.6172917580377
2030-10-14 18:00:00,0.0,101.60818776881432
2030-10-14 19:00:00,0.0,122.27175566607922
2030-10-14 20:00:00,0.0,126.91796957658472
2030-10-14 21:00:00,0.0,134.1143809342168
2030-10-14 22:00:00,0.0,140.33922853112563
2030-10-14 23:00:00,0.0,141.62733969042404
2030-10-15 00:00:00,0.0,143.69673542626072
2030-10-15 01:00:00,0.0,139.28260909820904
2030-10-15 02:00:00,0.0,134.15910092681338
2030-10-15 03:00:00,0.0,131.3312190420365
2030-10-15 04:00:00,0.0,128.4796618670615
2030-10-15 05:00:00,0.0,118.29753335666499
2030-10-15 06:00:00,0.0,116.02558236024424
2030-10-15 07:00:00,0.0,118.75700935902876
2030-10-15 08:00:00,0.0,99.02945910483356
2030-10-15 09:00:00,0.0,93.30095349360032
2030-10-15 10:00:00,0.0,84.1160107873727
2030-10-15 11:00:00,0.0,79.68382877879934
2030-10-15 12:00:00,0.0,81.93292861757493
2030-10-15 13:00:00,0.0,83.84798618533601
2030-10-15 14:00:00,0.0,80.39007795758346
2030-10-15 15:00:00,0.0,87.66389224089244
2030-10-15 16:00:00,0.0,95.43459140920288
2030-10-15 17:00:00,0.0,99.24717211386576
2030-10-15 18:00:00,0.0,101.01963021922064
2030-10-15 19:00:00,0.0,120.85177285331395
2030-10-15 20:00:00,0.0,123.6349960024438
2030-10-15 21:00:00,0.0,130.39297606011053
2030-10-15 22:00:00,0.0,136.5731036644229
2030-10-15 23:00:00,0.0,140.7522308156931
2030-10-16 00:00:00,0.0,137.9278563813159
2030-10-16 01:00:00,0.0,131.6389978146121
2030-10-16 02:00:00,0.0,126.167375191044
2030-10-16 03:00:00,0.0,125.013424009535
2030-10-16 04:00:00,0.0,122.72130517331595
2030-10-16 05:00:00,0.0,119.1314296891992
2030-10-16 06:00:00,0.0,119.54443197376656
2030-10-16 07:00:00,0.0,112.98374600108434
2030-10-16 08:00:00,0.0,95.32422628407245
2030-10-16 09:00:00,0.0,85.47497892728063
2030-10-16 10:00:00,0.0,78.11392703695742
2030-10-16 11:00:00,0.0,75.89026767397252
2030-10-16 12:00:00,0.0,77.78142281387964
2030-10-16 13:00:00,0.0,77.86884123764014
2030-10-16 14:00:00,0.0,78.41216702322947
2030-10-16 15:00:00,0.0,88.68776597431987
2030-10-16 16:00:00,0.0,94.2479645876224
2030-10-16 17:00:00,0.0,97.48766012224736
2030-10-16 18:00:00,0.0,103.24624855017304
2030-10-16 19:00:00,0.0,120.7882964826416
2030-10-16 20:00:00,0.0,126.70138451440187
2030-10-16 21:00:00,0.0,131.30052885103896
2030-10-16 22:00:00,0.0,140.81185747248833
2030-10-16 23:00:00,0.0,143.20218491989976
2030-10-17 00:00:00,0.0,139.5316380765894
2030-10-17 01:00:00,0.0,133.19981324248897
2030-10-17 02:00:00,0.0,128.6366202724491
2030-10-17 03:00:00,0.0,124.65478720616328
2030-10-17 04:00:00,0.0,121.62522692340237
2030-10-17 05:00:00,0.0,120.08019502232435
2030-10-17 06:00:00,0.0,116.17464900223251
2030-10-17 07:00:00,0.0,109.06241645419368
2030-10-17 08:00:00,0.0,98.88465769005917
2030-10-17 09:00:00,0.0,87.82333994883116
2030-10-17 10:00:00,0.0,86.91640021935699
2030-10-17 11:00:00,0.0,85.50382491655876
2030-10-17 12:00:00,0.0,84.30849770481153
2030-10-17 13:00:00,0.0,84.0469259532905
2030-10-17 14:00:00,0.0,85.4302370832454
2030-10-17 15:00:00,0.0,98.01806733135606
2030-10-17 16:00:00,0.0,101.5651867456096
2030-10-17 17:00:00,0.0,102.95766347989036
2030-10-17 18:00:00,0.0,104.93570608263178
2030-10-17 19:00:00,0.0,123.2300127047158
2030-10-17 20:00:00,0.0,127.4651318389416
2030-10-17 21:00:00,0.0,134.4318051953918
2030-10-17 22:00:00,0.0,142.05086432619055
2030-10-17 23:00:00,0.0,143.26268843929495
2030-10-18 00:00:00,0.0,138.34436611628303
2030-10-18 01:00:00,0.0,131.92047070919
2030-10-18 02:00:00,0.0,127.10386444777008
2030-10-18 03:00:00,0.0,122.81162202110875
2030-10-18 04:00:00,0.0,119.39711905697823
2030-10-18 05:00:00,0.0,119.15773556719704
2030-10-18 06:00:00,0.0,115.3802114866952
2030-10-18 07:00:00,0.0,108.24693423625808
2030-10-18 08:00:00,0.0,96.7380864796612
2030-10-18 09:00:00,0.0,86.25914680100811
2030-10-18 10:00:00,0.0,87.83297355753723
2030-10-18 11:00:00,0.0,86.63254283678803
2030-10-18 12:00:00,0.0,85.46282462218005
2030-10-18 13:00:00,0.0,84.89558222227333
2030-10-18 14:00:00,0.0,85.92633920805872
2030-10-18 15:00:00,0.0,98.70687712140659
2030-10-18 16:00:00,0.0,102.11128388336827
2030-10-18 17:00:00,0.0,102.06887363805832
2030-10-18 18:00:00,0.0,104.33090817704588
2030-10-18 19:00:00,0.0,126.17469422990575
2030-10-18 20:00:00,0.0,128.89529473942866
2030-10-18 21:00:00,0.0,133.62596846605538
2030-10-18 22:00:00,0.0,140.09721445354475
2030-10-18 23:00:00,0.0,141.74045496581505
2030-10-19 00:00:00,0.0,138.43117551367618
2030-10-19 01:00:00,0.0,131.77052720460188
2030-10-19 02:00:00,0.0,127.32746441075244
2030-10-19 03:00:00,0.0,123.66130188044166
2030-10-19 04:00:00,0.0,120.06528835812549
2030-10-19 05:00:00,0.0,119.15773556719704
2030-10-19 06:00:00,0.0,115.3802114866952
2030-10-19 07:00:00,0.0,108.24693423625808
2030-10-19 08:00:00,0.0,97.16265332688272
2030-10-19 09:00:00,0.0,86.95602952322452
2030-10-19 10:00:00,0.0,84.4387828916133
2030-10-19 11:00:00,0.0,83.12796005694543
2030-10-19 12:00:00,0.0,81.72288300589342
2030-10-19 13:00:00,0.0,81.32252104360578
2030-10-19 14:00:00,0.0,83.35923716079242
2030-10-19 15:00:00,0.0,96.20770441181344
2030-10-19 16:00:00,0.0,100.60767343028635
2030-10-19 17:00:00,0.0,100.23549121171096
2030-10-19 18:00:00,0.0,103.19114899344343
2030-10-19 19:00:00,0.0,123.70509146400023
2030-10-19 20:00:00,0.0,127.8746266731092
2030-10-19 21:00:00,0.0,134.48617067658756
2030-10-19 22:00:00,0.0,141.18627780265876
2030-10-19 23:00:00,0.0,142.54190738215186
2030-10-20 00:00:00,0.0,139.4641196563947
2030-10-20 01:00:00,0.0,133.29714499108127
2030-10-20 02:00:00,0.0,128.96719747262307
2030-10-20 03:00:00,0.0,125.37995257630608
2030-10-20 04:00:00,0.0,122.40651149994072
2030-10-20 05:00:00,0.0,120.62297297168152
2030-10-20 06:00:00,0.0,116.98925435756824
2030-10-20 07:00:00,0.0,109.9515551305236
2030-10-20 08:00:00,0.0,100.13576713365124
2030-10-20 09:00:00,0.0,91.59849073780697
2030-10-20 10:00:00,0.0,82.28259062552479
2030-10-20 11:00:00,0.0,78.18408776229614
2030-10-20 12:00:00,0.0,75.54281832023287
2030-10-20 13:00:00,0.0,75.04485485513248
2030-10-20 14:00:00,0.0,75.31498471268537
2030-10-20 15:00:00,0.0,86.97070242988082
2030-10-20 16:00:00,0.0,92.77028896760578
2030-10-20 17:00:00,0.0,95.16559749621457
2030-10-20 18:00:00,0.0,98.91126427800624
2030-10-20 19:00:00,0.0,118.8557142730716
2030-10-20 20:00:00,0.0,123.98837163021584
2030-10-20 21:00:00,0.0,132.24841732156415
2030-10-20 22:00:00,0.0,139.83415567356553
2030-10-20 23:00:00,0.0,141.23099779525523
2030-10-21 00:00:00,0.0,138.49957079647083
2030-10-21 01:00:00,0.0,132.44045023094895
2030-10-21 02:00:00,0.0,128.60768380665138
2030-10-21 03:00:00,0.0,124.07167357720937
2030-10-21 04:00:00,0.0,120.72468903327342
2030-10-21 05:00:00,0.0,119.450607675574
2030-10-21 06:00:00,0.0,115.90194473365396
2030-10-21 07:00:00,0.0,109.00542038519824
2030-10-21 08:00:00,0.0,99.33072287843059
2030-10-21 09:00:00,0.0,88.0095583390663
2030-10-21 10:00:00,0.0,86.15088261874337
2030-10-21 11:00:00,0.0,84.64520403667404
2030-10-21 12:00:00,0.0,83.94279500875007
2030-10-21 13:00:00,0.0,83.07176664103052
2030-10-21 14:00:00,0.0,83.26433546952615
2030-10-21 15:00:00,0.0,95.61530205766088
2030-10-21 16:00:00,0.0,99.7188539713278
2030-10-21 17:00:00,0.0,101.71551816977046
2030-10-21 18:00:00,0.0,104.7211254040875
2030-10-21 19:00:00,0.0,125.40582409183116
2030-10-21 20:00:00,0.0,127.76677257331778
2030-10-21 21:00:00,0.0,134.3230742330004
2030-10-21 22:00:00,0.0,140.2629414849316
2030-10-21 23:00:00,0.0,141.6308471408238
2030-10-22 00:00:00,0.0,143.6599071970636
2030-10-22 01:00:00,0.0,139.19579970081588
2030-10-22 02:00:00,0.0,134.11701152201658
2030-10-22 03:00:00,0.0,131.26808493484145
2030-10-22 04:00:00,0.0,128.42441952326587
2030-10-22 05:00:00,0.0,117.56798367352256
2030-10-22 06:00:00,0.0,115.42317775409172
2030-10-22 07:00:00,0.0,118.59040546504184
2030-10-22 08:00:00,0.0,99.11452248753837
2030-10-22 09:00:00,0.0,93.52166893447395
2030-10-22 10:00:00,0.0,88.14244880586193
2030-10-22 11:00:00,0.0,82.71443324817744
2030-10-22 12:00:00,0.0,83.5435578992707
2030-10-22 13:00:00,0.0,84.88104626129302
2030-10-22 14:00:00,0.0,81.89515701779601
2030-10-22 15:00:00,0.0,87.74856582459712
2030-10-22 16:00:00,0.0,95.78716137328377
2030-10-22 17:00:00,0.0,99.62129110716717
2030-10-22 18:00:00,0.0,101.8702783374407
2030-10-22 19:00:00,0.0,118.51827998129875
2030-10-22 20:00:00,0.0,124.25756844839464
2030-10-22 21:00:00,0.0,129.7984632173575
2030-10-22 22:00:00,0.0,136.405622907836
2030-10-22 23:00:00,0.0,140.09984504134457
2030-10-23 00:00:00,0.0,137.18515375917457
2030-10-23 01:00:00,0.0,130.79019481787918
2030-10-23 02:00:00,0.0,124.50747428937495
2030-10-23 03:00:00,0.0,122.4231718893394
2030-10-23 04:00:00,0.0,120.09334796132327
2030-10-23 05:00:00,0.0,117.372443313738
2030-10-23 06:00:00,0.0,117.65654679611553
2030-10-23 07:00:00,0.0,111.46852742840385
2030-10-23 08:00:00,0.0,93.37547990252584
2030-10-23 09:00:00,0.0,85.52569299362541
2030-10-23 10:00:00,0.0,80.44112437503246
2030-10-23 11:00:00,0.0,77.94055877662117
2030-10-23 12:00:00,0.0,80.4552530450926
2030-10-23 13:00:00,0.0,80.05125499390851
2030-10-23 14:00:00,0.0,78.60649242565249
2030-10-23 15:00:00,0.0,89.49272663883323
2030-10-23 16:00:00,0.0,94.3117710958993
2030-10-23 17:00:00,0.0,99.1091920207118
2030-10-23 18:00:00,0.0,104.71752885566264
2030-10-23 19:00:00,0.0,118.50876120356838
2030-10-23 20:00:00,0.0,121.17539640963786
2030-10-23 21:00:00,0.0,125.94903640366124
2030-10-23 22:00:00,0.0,140.45409753171657
2030-10-23 23:00:00,0.0,141.83164867620792
2030-10-24 00:00:00,0.0,137.49994743254967
2030-10-24 01:00:00,0.0,131.146201033451
2030-10-24 02:00:00,0.0,126.95392094318184
2030-10-24 03:00:00,0.0,122.97296473949608
2030-10-24 04:00:00,0.0,119.70051351655432
2030-10-24 05:00:00,0.0,119.15773556719704
2030-10-24 06:00:00,0.0,115.3802114866952
2030-10-24 07:00:00,0.0,108.53191458123558
2030-10-24 08:00:00,0.0,98.12757100993169
2030-10-24 09:00:00,0.0,90.71500637876159
2030-10-24 10:00:00,0.0,82.87542488267104
2030-10-24 11:00:00,0.0,79.69103805722078
2030-10-24 12:00:00,0.0,76.50523466161847
2030-10-24 13:00:00,0.0,74.46460432598917
2030-10-24 14:00:00,0.0,75.88938114431299
2030-10-24 15:00:00,0.0,88.80655496659686
2030-10-24 16:00:00,0.0,93.7129404481284
2030-10-24 17:00:00,0.0,95.41785826456783
2030-10-24 18:00:00,0.0,99.00225408698643
2030-10-24 19:00:00,0.0,119.45369986892263
2030-10-24 20:00:00,0.0,124.10236376820694
2030-10-24 21:00:00,0.0,131.73720642580452
2030-10-24 22:00:00,0.0,141.0933303670662
2030-10-24 23:00:00,0.0,142.5296313057528
2030-10-25 00:00:00,0.0,139.62984668778165
2030-10-25 01:00:00,0.0,133.3681708616757
2030-10-25 02:00:00,0.0,128.96807433522292
2030-10-25 03:00:00,0.0,125.38082943890606
2030-10-25 04:00:00,0.0,122.24867623195314
2030-10-25 05:00:00,0.0,121.38233598322152
2030-10-25 06:00:00,0.0,117.53992407032479
2030-10-25 07:00:00,0.0,110.32772918589389
2030-10-25 08:00:00,0.0,99.68776745020169
2030-10-25 09:00:00,0.0,89.1546069292583
2030-10-25 10:00:00,0.0,85.56700618997445
2030-10-25 11:00:00,0.0,82.53597774583953
2030-10-25 12:00:00,0.0,80.1167556038838
2030-10-25 13:00:00,0.0,78.95684188374092
2030-10-25 14:00:00,0.0,80.31814645257384
2030-10-25 15:00:00,0.0,92.99952366710784
2030-10-25 16:00:00,0.0,96.13985800069939
2030-10-25 17:00:00,0.0,97.87078898023879
2030-10-25 18:00:00,0.0,101.97840285626683
2030-10-25 19:00:00,0.0,122.68617108371141
2030-10-25 20:00:00,0.0,126.42517279542356
2030-10-25 21:00:00,0.0,134.04335506362247
2030-10-25 22:00:00,0.0,141.25116563505367
2030-10-25 23:00:00,0.0,142.72341794033753
2030-10-26 00:00:00,0.0,139.57460434398604
2030-10-26 01:00:00,0.0,133.47164064846754
2030-10-26 02:00:00,0.0,128.31831914867428
2030-10-26 03:00:00,0.0,124.72142876375813
2030-10-26 04:00:00,0.0,121.49019008301308
2030-10-26 05:00:00,0.0,120.87375567526168
2030-10-26 06:00:00,0.0,116.83229595218062
2030-10-26 07:00:00,0.0,109.4859410899603
2030-10-26 08:00:00,0.0,101.57235636223459
2030-10-26 09:00:00,0.0,93.76784956991855
2030-10-26 10:00:00,0.0,90.7701487794213
2030-10-26 11:00:00,0.0,88.5167021537294
2030-10-26 12:00:00,0.0,84.69806533987173
2030-10-26 13:00:00,0.0,82.07234258266362
2030-10-26 14:00:00,0.0,83.11974532496161
2030-10-26 15:00:00,0.0,97.62407534055934
2030-10-26 16:00:00,0.0,100.36941995891732
2030-10-26 17:00:00,0.0,100.28132549787664
2030-10-26 18:00:00,0.0,104.29586203700148
2030-10-26 19:00:00,0.0,123.39426072197593
2030-10-26 20:00:00,0.0,129.84493693515378
2030-10-26 21:00:00,0.0,132.30365966535976
2030-10-26 22:00:00,0.0,141.57648165962803
2030-10-26 23:00:00,0.0,143.1320359119053
2030-10-27 00:00:00,0.0,139.79908116956824
2030-10-27 01:00:00,0.0,133.48830103786622
2030-10-27 02:00:00,0.0,129.2574389932001
2030-10-27 03:00:00,0.0,126.19718851944162
2030-10-27 04:00:00,0.0,122.93438278509905
2030-10-27 05:00:00,0.0,121.67959240459813
2030-10-27 06:00:00,0.0,117.91872871349481
2030-10-27 07:00:00,0.0,110.67759736326629
2030-10-27 08:00:00,0.0,101.6604658460759
2030-10-27 09:00:00,0.0,92.2507393371161
2030-10-27 10:00:00,0.0,87.36529002179611
2030-10-27 11:00:00,0.0,83.29758175493043
2030-10-27 12:00:00,0.0,82.04699042573532
2030-10-27 13:00:00,0.0,81.40778478592733
2030-10-27 14:00:00,0.0,82.40029919417145
2030-10-27 15:00:00,0.0,96.20169142278051
2030-10-27 16:00:00,0.0,104.5344064086572
2030-10-27 17:00:00,0.0,101.77641703404412
2030-10-27 18:00:00,0.0,104.6308462545669
2030-10-27 19:00:00,0.0,123.38509016146348
2030-10-27 20:00:00,0.0,126.15772970244473
2030-10-27 21:00:00,0.0,133.51109946546444
2030-10-27 22:00:00,0.0,140.29187795072937
2030-10-27 23:00:00,0.0,141.65890674402155
2030-10-28 00:00:00,0.0,138.5837496060642
2030-10-28 01:00:00,0.0,132.33171926855755
2030-10-28 02:00:00,0.0,128.6585418374474
2030-10-28 03:00:00,0.0,122.92122984610012
2030-10-28 04:00:00,0.0,120.0188146403292
2030-10-28 05:00:00,0.0,119.22262339959197
2030-10-28 06:00:00,0.0,115.46000598328884
2030-10-28 07:00:00,0.0,108.24693423625808
2030-10-28 08:00:00,0.0,99.39671803448574
2030-10-28 09:00:00,0.0,91.07428572841718
2030-10-28 10:00:00,0.0,83.49988658577308
2030-10-28 11:00:00,0.0,83.12574275103462
2030-10-28 12:00:00,0.0,82.16875445320295
2030-10-28 13:00:00,0.0,82.17581473386609
2030-10-28 14:00:00,0.0,83.69535799604476
2030-10-28 15:00:00,0.0,95.93381321708613
2030-10-28 16:00:00,0.0,101.73638671676314
2030-10-28 17:00:00,0.0,103.50949967477165
2030-10-28 18:00:00,0.0,106.32265690045335
2030-10-28 19:00:00,0.0,124.92661461214186
2030-10-28 20:00:00,0.0,126.08144265625072
2030-10-28 21:00:00,0.0,133.68384139765087
2030-10-28 22:00:00,0.0,140.41551557731964
2030-10-28 23:00:00,0.0,141.49230285003466
2030-10-29 00:00:00,0.0,143.06276376651067
2030-10-29 01:00:00,0.0,138.8731142640413
2030-10-29 02:00:00,0.0,133.04899287530088
2030-10-29 03:00:00,0.0,129.07154412201476
2030-10-29 04:00:00,0.0,126.00077129705709
2030-10-29 05:00:00,0.0,116.24304428502704
2030-10-29 06:00:00,0.0,114.56385240615964
2030-10-29 07:00:00,0.0,117.58990523852081
2030-10-29 08:00:00,0.0,95.91502777501319
2030-10-29 09:00:00,0.0,90.25381600086644
2030-10-29 10:00:00,0.0,84.01334548688669
2030-10-29 11:00:00,0.0,79.28671092249465
2030-10-29 12:00:00,0.0,80.8190544049985
2030-10-29 13:00:00,0.0,82.43847796985561
2030-10-29 14:00:00,0.0,74.39088385698653
2030-10-29 15:00:00,0.0,81.58921119330044
2030-10-29 16:00:00,0.0,90.6441312889524
2030-10-29 17:00:00,0.0,96.66922455734482
2030-10-29 18:00:00,0.0,99.3559030107748
2030-10-29 19:00:00,0.0,118.72193485503146
2030-10-29 20:00:00,0.0,123.05012864828996
2030-10-29 21:00:00,0.0,129.9212239813478
2030-10-29 22:00:00,0.0,135.9978817988682
2030-10-29 23:00:00,0.0,140.35764264572413
2030-10-30 00:00:00,0.0,137.4482125391537
2030-10-30 01:00:00,0.0,130.7875642300794
2030-10-30 02:00:00,0.0,125.53252666869412
2030-10-30 03:00:00,0.0,123.72969716323632
2030-10-30 04:00:00,0.0,121.41653362461886
2030-10-30 05:00:00,0.0,118.436077647454
2030-10-30 06:00:00,0.0,118.89643051241772
2030-10-30 07:00:00,0.0,112.62072488471289
2030-10-30 08:00:00,0.0,95.83949807849056
2030-10-30 09:00:00,0.0,87.14306476330978
2030-10-30 10:00:00,0.0,80.82794351389225
2030-10-30 11:00:00,0.0,78.2125076899705
2030-10-30 12:00:00,0.0,78.76551787704489
2030-10-30 13:00:00,0.0,77.39593269516625
2030-10-30 14:00:00,0.0,78.4912524276632
2030-10-30 15:00:00,0.0,88.93719370641166
2030-10-30 16:00:00,0.0,95.83075278180499
2030-10-30 17:00:00,0.0,98.47800472220922
2030-10-30 18:00:00,0.0,103.17015893907978
2030-10-30 19:00:00,0.0,120.32922400070468
2030-10-30 20:00:00,0.0,123.92786811082065
2030-10-30 21:00:00,0.0,128.7488586852403
2030-10-30 22:00:00,0.0,138.7056335074545
2030-10-30 23:00:00,0.0,140.49881752431304
2030-10-31 00:00:00,0.0,136.11713511245875
2030-10-31 01:00:00,0.0,129.71428440776413
2030-10-31 02:00:00,0.0,125.88590229646616
2030-10-31 03:00:00,0.0,122.44333972913785
2030-10-31 04:00:00,0.0,119.39711905697823
2030-10-31 05:00:00,0.0,119.15773556719704
2030-10-31 06:00:00,0.0,115.3802114866952
2030-10-31 07:00:00,0.0,108.24693423625808
2030-10-31 08:00:00,0.0,95.27671806533272
2030-10-31 09:00:00,0.0,83.29224635252945
2030-10-31 10:00:00,0.0,84.20504651153622
2030-10-31 11:00:00,0.0,84.63535043041225
2030-10-31 12:00:00,0.0,83.94691902517161
2030-10-31 13:00:00,0.0,84.05380761973481
2030-10-31 14:00:00,0.0,84.50080583784052
2030-10-31 15:00:00,0.0,97.60276230797136
2030-10-31 16:00:00,0.0,100.40729428307928
2030-10-31 17:00:00,0.0,100.8405955818755
2030-10-31 18:00:00,0.0,103.0171446062668
2030-10-31 19:00:00,0.0,125.02920753633384
2030-10-31 20:00:00,0.0,125.31155729351156
2030-10-31 21:00:00,0.0,131.17776808704855
2030-10-31 22:00:00,0.0,136.54504406122507
2030-10-31 23:00:00,0.0,137.67444308993595
2030-11-01 00:00:00,0.0,125.51586627929532
2030-11-01 01:00:00,0.0,121.60505908360405
2030-11-01 02:00:00,0.0,117.83542676650141
2030-11-01 03:00:00,0.0,113.98950740320493
2030-11-01 04:00:00,0.0,110.66444442426734
2030-11-01 05:00:00,0.0,105.99252049183598
2030-11-01 06:00:00,0.0,105.04813947171056
2030-11-01 07:00:00,0.0,98.31208097904208
2030-11-01 08:00:00,0.0,83.65125058391548
2030-11-01 09:00:00,0.0,75.10627281340918
2030-11-01 10:00:00,0.0,70.98012249902081
2030-11-01 11:00:00,0.0,67.36987917581712
2030-11-01 12:00:00,0.0,68.66967215997022
2030-11-01 13:00:00,0.0,68.84235870351927
2030-11-01 14:00:00,0.0,68.25072605294224
2030-11-01 15:00:00,0.0,78.80388658606967
2030-11-01 16:00:00,0.0,86.29227087500124
2030-11-01 17:00:00,0.0,90.28183228412536
2030-11-01 18:00:00,0.0,96.14020469051
2030-11-01 19:00:00,0.0,111.73860110918258
2030-11-01 20:00:00,0.0,114.49633398596497
2030-11-01 21:00:00,0.0,122.70289105871734
2030-11-01 22:00:00,0.0,129.32583427599468
2030-11-01 23:00:00,0.0,126.32521045903148
2030-11-02 00:00:00,0.0,125.51586627929532
2030-11-02 01:00:00,0.0,121.60505908360405
2030-11-02 02:00:00,0.0,117.83542676650141
2030-11-02 03:00:00,0.0,113.98950740320493
2030-11-02 04:00:00,0.0,110.66444442426734
2030-11-02 05:00:00,0.0,105.99252049183598
2030-11-02 06:00:00,0.0,105.04813947171056
2030-11-02 07:00:00,0.0,98.31208097904208
2030-11-02 08:00:00,0.0,83.7911832048926
2030-11-02 09:00:00,0.0,77.40110899996284
2030-11-02 10:00:00,0.0,71.52429277642455
2030-11-02 11:00:00,0.0,67.852097144465
2030-11-02 12:00:00,0.0,67.06972944847769
2030-11-02 13:00:00,0.0,66.94427907118575
2030-11-02 14:00:00,0.0,66.93059692669942
2030-11-02 15:00:00,0.0,77.5261146912162
2030-11-02 16:00:00,0.0,88.27035200138003
2030-11-02 17:00:00,0.0,92.2450965663188
2030-11-02 18:00:00,0.0,98.45834140003615
2030-11-02 19:00:00,0.0,113.85973173841512
2030-11-02 20:00:00,0.0,119.39711905697823
2030-11-02 21:00:00,0.0,127.18278208176388
2030-11-02 22:00:00,0.0,133.1226493336951
2030-11-02 23:00:00,0.0,129.84055262215406
2030-11-03 00:00:00,0.0,127.94828313150344
2030-11-03 01:00:00,0.0,123.74109637703545
2030-11-03 02:00:00,0.0,119.00516147480914
2030-11-03 03:00:00,0.0,115.09172369131797
2030-11-03 04:00:00,0.0,111.6588066125888
2030-11-03 05:00:00,0.0,105.99252049183598
2030-11-03 06:00:00,0.0,105.04813947171056
2030-11-03 07:00:00,0.0,98.49885271282734
2030-11-03 08:00:00,0.0,85.67184186982001
2030-11-03 09:00:00,0.0,78.5852175204775
2030-11-03 10:00:00,0.0,72.84652643752713
2030-11-03 11:00:00,0.0,68.03739791634905
2030-11-03 12:00:00,0.0,67.44974441525676
2030-11-03 13:00:00,0.0,67.09809866880153
2030-11-03 14:00:00,0.0,67.85961809029709
2030-11-03 15:00:00,0.0,78.70873623080684
2030-11-03 16:00:00,0.0,88.98583079509842
2030-11-03 17:00:00,0.0,93.31209122379597
2030-11-03 18:00:00,0.0,99.44271969153692
2030-11-03 19:00:00,0.0,114.86286255273605
2030-11-03 20:00:00,0.0,118.86837090921993
2030-11-03 21:00:00,0.0,125.92097680046344
2030-11-03 22:00:00,0.0,131.40750608823043
2030-11-03 23:00:00,0.0,128.24378582768009
2030-11-04 00:00:00,0.0,126.45673984902112
2030-11-04 01:00:00,0.0,122.04261352096944
2030-11-04 02:00:00,0.0,117.83542676650141
2030-11-04 03:00:00,0.0,113.98950740320493
2030-11-04 04:00:00,0.0,110.66444442426734
2030-11-04 05:00:00,0.0,105.99252049183598
2030-11-04 06:00:00,0.0,105.04813947171056
2030-11-04 07:00:00,0.0,98.31208097904208
2030-11-04 08:00:00,0.0,83.69543983264509
2030-11-04 09:00:00,0.0,75.33689644176502
2030-11-04 10:00:00,0.0,71.23888008203062
2030-11-04 11:00:00,0.0,68.55937519355177
2030-11-04 12:00:00,0.0,69.36765054501097
2030-11-04 13:00:00,0.0,70.1895673141255
2030-11-04 14:00:00,0.0,70.26104331957004
2030-11-04 15:00:00,0.0,79.10759588555005
2030-11-04 16:00:00,0.0,86.89131673366637
2030-11-04 17:00:00,0.0,90.04974414156595
2030-11-04 18:00:00,0.0,95.77717884531751
2030-11-04 19:00:00,0.0,111.23265138902252
2030-11-04 20:00:00,0.0,118.2738580664668
2030-11-04 21:00:00,0.0,125.2589455375156
2030-11-04 22:00:00,0.0,130.16148433372882
2030-11-04 23:00:00,0.0,128.1113795750906
2030-11-05 00:00:00,0.0,123.670070506441
2030-11-05 01:00:00,0.0,116.68322931019236
2030-11-05 02:00:00,0.0,112.31557669993708
2030-11-05 03:00:00,0.0,109.32810582197273
2030-11-05 04:00:00,0.0,106.7755587935742
2030-11-05 05:00:00,0.0,104.5044846597534
2030-11-05 06:00:00,0.0,101.95106076875491
2030-11-05 07:00:00,0.0,97.73598225088757
2030-11-05 08:00:00,0.0,81.37002334916313
2030-11-05 09:00:00,0.0,71.41555493021872
2030-11-05 10:00:00,0.0,64.31867369185909
2030-11-05 11:00:00,0.0,64.00356724814435
2030-11-05 12:00:00,0.0,62.58059631465585
2030-11-05 13:00:00,0.0,62.00420048449632
2030-11-05 14:00:00,0.0,62.45903986335952
2030-11-05 15:00:00,0.0,74.35858677324802
2030-11-05 16:00:00,0.0,79.69085727770266
2030-11-05 17:00:00,0.0,83.51329425685788
2030-11-05 18:00:00,0.0,91.07499149717272
2030-11-05 19:00:00,0.0,109.49383285335966
2030-11-05 20:00:00,0.0,113.56773649263825
2030-11-05 21:00:00,0.0,122.43194051533872
2030-11-05 22:00:00,0.0,128.14557721648782
2030-11-05 23:00:00,0.0,128.4533559890635
2030-11-06 00:00:00,0.0,124.6363730915648
2030-11-06 01:00:00,0.0,119.33398494978324
2030-11-06 02:00:00,0.0,115.77129220626432
2030-11-06 03:00:00,0.0,111.9464175453662
2030-11-06 04:00:00,0.0,105.94955422443932
2030-11-06 05:00:00,0.0,104.77631206573199
2030-11-06 06:00:00,0.0,105.33048922888825
2030-11-06 07:00:00,0.0,101.57137926298492
2030-11-06 08:00:00,0.0,83.08830865001573
2030-11-06 09:00:00,0.0,73.87976990472428
2030-11-06 10:00:00,0.0,68.9632277611853
2030-11-06 11:00:00,0.0,68.75263931699237
2030-11-06 12:00:00,0.0,69.37306032845436
2030-11-06 13:00:00,0.0,68.44945345872986
2030-11-06 14:00:00,0.0,69.19370095744603
2030-11-06 15:00:00,0.0,80.50927122052995
2030-11-06 16:00:00,0.0,86.77540039391101
2030-11-06 17:00:00,0.0,90.9641084540924
2030-11-06 18:00:00,0.0,98.91918201202769
2030-11-06 19:00:00,0.0,113.57212080563784
2030-11-06 20:00:00,0.0,117.7223114911104
2030-11-06 21:00:00,0.0,123.94014418721974
2030-11-06 22:00:00,0.0,128.84268298343284
2030-11-06 23:00:00,0.0,130.53590466389923
2030-11-07 00:00:00,0.0,125.51586627929532
2030-11-07 01:00:00,0.0,121.60505908360405
2030-11-07 02:00:00,0.0,117.83542676650141
2030-11-07 03:00:00,0.0,113.98950740320493
2030-11-07 04:00:00,0.0,110.66444442426734
2030-11-07 05:00:00,0.0,105.99252049183598
2030-11-07 06:00:00,0.0,105.04813947171056
2030-11-07 07:00:00,0.0,98.31208097904208
2030-11-07 08:00:00,0.0,83.73962908137469
2030-11-07 09:00:00,0.0,74.22242812988723
2030-11-07 10:00:00,0.0,69.6175425136538
2030-11-07 11:00:00,0.0,65.57047488793432
2030-11-07 12:00:00,0.0,66.50029630230779
2030-11-07 13:00:00,0.0,66.38478101385988
2030-11-07 14:00:00,0.0,67.17669116957757
2030-11-07 15:00:00,0.0,77.02943196049671
2030-11-07 16:00:00,0.0,84.43706260987551
2030-11-07 17:00:00,0.0,89.97878385785384
2030-11-07 18:00:00,0.0,97.06335437004691
2030-11-07 19:00:00,0.0,112.66807546510925
2030-11-07 20:00:00,0.0,117.69775933831238
2030-11-07 21:00:00,0.0,125.0414836127328
2030-11-07 22:00:00,0.0,129.96506711134427
2030-11-07 23:00:00,0.0,126.635619819407
2030-11-08 00:00:00,0.0,125.51586627929532
2030-11-08 01:00:00,0.0,121.60505908360405
2030-11-08 02:00:00,0.0,117.83542676650141
2030-11-08 03:00:00,0.0,113.98950740320493
2030-11-08 04:00:00,0.0,110.66444442426734
2030-11-08 05:00:00,0.0,105.99252049183598
2030-11-08 06:00:00,0.0,105.04813947171056
2030-11-08 07:00:00,0.0,98.31208097904208
2030-11-08 08:00:00,0.0,83.89429145192832
2030-11-08 09:00:00,0.0,74.6400165303819
2030-11-08 10:00:00,0.0,71.89727027097513
2030-11-08 11:00:00,0.0,67.84244411621137
2030-11-08 12:00:00,0.0,67.97258589733542
2030-11-08 13:00:00,0.0,69.30697487770885
2030-11-08 14:00:00,0.0,69.46492800656279
2030-11-08 15:00:00,0.0,79.64215185811484
2030-11-08 16:00:00,0.0,87.38334425767471
2030-11-08 17:00:00,0.0,91.82921166799042
2030-11-08 18:00:00,0.0,98.45340749403343
2030-11-08 19:00:00,0.0,113.91234349441106
2030-11-08 20:00:00,0.0,118.9227363904156
2030-11-08 21:00:00,0.0,127.40024400654669
2030-11-08 22:00:00,0.0,133.5374053434624
2030-11-08 23:00:00,0.0,131.43468882882823
2030-11-09 00:00:00,0.0,128.9452759076248
2030-11-09 01:00:00,0.0,124.6916154353604
2030-11-09 02:00:00,0.0,118.44484627345332
2030-11-09 03:00:00,0.0,113.98950740320493
2030-11-09 04:00:00,0.0,110.66444442426734
2030-11-09 05:00:00,0.0,105.99252049183598
2030-11-09 06:00:00,0.0,105.04813947171056
2030-11-09 07:00:00,0.0,98.31208097904208
2030-11-09 08:00:00,0.0,84.49084630977791
2030-11-09 09:00:00,0.0,76.59796849284271
2030-11-09 10:00:00,0.0,76.00329236115931
2030-11-09 11:00:00,0.0,71.07827601575548
2030-11-09 12:00:00,0.0,69.84692496604839
2030-11-09 13:00:00,0.0,69.59049662432926
2030-11-09 14:00:00,0.0,67.82104796759313
2030-11-09 15:00:00,0.0,80.43802245744995
2030-11-09 16:00:00,0.0,87.94886348024782
2030-11-09 17:00:00,0.0,91.95534789222505
2030-11-09 18:00:00,0.0,96.52330954340141
2030-11-09 19:00:00,0.0,108.33549735885116
2030-11-09 20:00:00,0.0,113.22839066646496
2030-11-09 21:00:00,0.0,120.31782478690558
2030-11-09 22:00:00,0.0,128.59014655465285
2030-11-09 23:00:00,0.0,126.04899874005332
2030-11-10 00:00:00,0.0,125.51586627929532
2030-11-10 01:00:00,0.0,121.60505908360405
2030-11-10 02:00:00,0.0,117.83542676650141
2030-11-10 03:00:00,0.0,113.98950740320493
2030-11-10 04:00:00,0.0,110.66444442426734
2030-11-10 05:00:00,0.0,105.99252049183598
2030-11-10 06:00:00,0.0,105.04813947171056
2030-11-10 07:00:00,0.0,98.31208097904208
2030-11-10 08:00:00,0.0,83.7028047074334
2030-11-10 09:00:00,0.0,74.22986665342341
2030-11-10 10:00:00,0.0,71.72181577444974
2030-11-10 11:00:00,0.0,68.4256292857882
2030-11-10 12:00:00,0.0,68.82081336833755
2030-11-10 13:00:00,0.0,68.49458244117682
2030-11-10 14:00:00,0.0,67.79460840881734
2030-11-10 15:00:00,0.0,77.7934616115524
2030-11-10 16:00:00,0.0,85.29194826581079
2030-11-10 17:00:00,0.0,87.69372189346473
2030-11-10 18:00:00,0.0,92.67884162805592
2030-11-10 19:00:00,0.0,107.14208736034529
2030-11-10 20:00:00,0.0,111.35190470261306
2030-11-10 21:00:00,0.0,120.48092123049264
2030-11-10 22:00:00,0.0,128.59014655465285
2030-11-10 23:00:00,0.0,126.04899874005332
2030-11-11 00:00:00,0.0,125.51586627929532
2030-11-11 01:00:00,0.0,121.60505908360405
2030-11-11 02:00:00,0.0,117.83542676650141
2030-11-11 03:00:00,0.0,113.98950740320493
2030-11-11 04:00:00,0.0,110.66444442426734
2030-11-11 05:00:00,0.0,105.99252049183598
2030-11-11 06:00:00,0.0,105.04813947171056
2030-11-11 07:00:00,0.0,98.31208097904208
2030-11-11 08:00:00,0.0,83.86483195277526
2030-11-11 09:00:00,0.0,74.53897044828693
2030-11-11 10:00:00,0.0,71.29125888923284
2030-11-11 11:00:00,0.0,67.27115169998513
2030-11-11 12:00:00,0.0,67.35640656338398
2030-11-11 13:00:00,0.0,67.11965636752734
2030-11-11 14:00:00,0.0,68.13217282993207
2030-11-11 15:00:00,0.0,77.36220504428343
2030-11-11 16:00:00,0.0,85.18520757638305
2030-11-11 17:00:00,0.0,89.68296799311507
2030-11-11 18:00:00,0.0,95.19680919249413
2030-11-11 19:00:00,0.0,107.86549900528814
2030-11-11 20:00:00,0.0,114.61471043695563
2030-11-11 21:00:00,0.0,123.66480933084142
2030-11-11 22:00:00,0.0,129.5827550177744
2030-11-11 23:00:00,0.0,126.96356643178115
2030-11-12 00:00:00,0.0,123.60342894884629
2030-11-12 01:00:00,0.0,117.11201512155856
2030-11-12 02:00:00,0.0,112.31557669993708
2030-11-12 03:00:00,0.0,109.32810582197273
2030-11-12 04:00:00,0.0,106.7755587935742
2030-11-12 05:00:00,0.0,104.5044846597534
2030-11-12 06:00:00,0.0,101.95106076875491
2030-11-12 07:00:00,0.0,97.73598225088757
2030-11-12 08:00:00,0.0,82.8724578059696
2030-11-12 09:00:00,0.0,73.75051483309085
2030-11-12 10:00:00,0.0,65.36454349398377
2030-11-12 11:00:00,0.0,61.36908650063049
2030-11-12 12:00:00,0.0,59.76514083299844
2030-11-12 13:00:00,0.0,58.877070775528296
2030-11-12 14:00:00,0.0,59.39110924776583
2030-11-12 15:00:00,0.0,70.92445193596404
2030-11-12 16:00:00,0.0,77.12669868297827
2030-11-12 17:00:00,0.0,81.33736747799549
2030-11-12 18:00:00,0.0,89.10760200255834
2030-11-12 19:00:00,0.0,108.65029103222628
2030-11-12 20:00:00,0.0,112.7873287786998
2030-11-12 21:00:00,0.0,122.4810448209348
2030-11-12 22:00:00,0.0,129.70200833136505
2030-11-12 23:00:00,0.0,130.42015880070835
2030-11-13 00:00:00,0.0,125.7456042804772
2030-11-13 01:00:00,0.0,120.8132521558665
2030-11-13 02:00:00,0.0,116.8559712423787
2030-11-13 03:00:00,0.0,113.07406284887723
2030-11-13 04:00:00,0.0,107.4077767281243
2030-11-13 05:00:00,0.0,104.77631206573199
2030-11-13 06:00:00,0.0,105.33048922888825
2030-11-13 07:00:00,0.0,101.57137926298492
2030-11-13 08:00:00,0.0,85.24621696297788
2030-11-13 09:00:00,0.0,81.87448878488385
2030-11-13 10:00:00,0.0,79.59741770930714
2030-11-13 11:00:00,0.0,76.19910105113354
2030-11-13 12:00:00,0.0,75.12605638977949
2030-11-13 13:00:00,0.0,74.3462545971953
2030-11-13 14:00:00,0.0,73.0481004873202
2030-11-13 15:00:00,0.0,84.50217508321884
2030-11-13 16:00:00,0.0,90.16313968354824
2030-11-13 17:00:00,0.0,90.25631899525796
2030-11-13 18:00:00,0.0,93.33271753654185
2030-11-13 19:00:00,0.0,105.66457387946184
2030-11-13 20:00:00,0.0,114.10262267859603
2030-11-13 21:00:00,0.0,122.87914044130343
2030-11-13 22:00:00,0.0,130.05626082173703
2030-11-13 23:00:00,0.0,130.94890694846663
2030-11-14 00:00:00,0.0,125.9104544492643
2030-11-14 01:00:00,0.0,122.24779936935327
2030-11-14 02:00:00,0.0,118.08007143188216
2030-11-14 03:00:00,0.0,113.98950740320493
2030-11-14 04:00:00,0.0,110.66444442426734
2030-11-14 05:00:00,0.0,105.99252049183598
2030-11-14 06:00:00,0.0,105.04813947171056
2030-11-14 07:00:00,0.0,98.31208097904208
2030-11-14 08:00:00,0.0,84.82963055003825
2030-11-14 09:00:00,0.0,77.06362012696968
2030-11-14 10:00:00,0.0,69.44766190589314
2030-11-14 11:00:00,0.0,65.31446791888993
2030-11-14 12:00:00,0.0,64.49700399278743
2030-11-14 13:00:00,0.0,66.29611285964756
2030-11-14 14:00:00,0.0,60.97802543694842
2030-11-14 15:00:00,0.0,70.29904571314921
2030-11-14 16:00:00,0.0,77.84439878046611
2030-11-14 17:00:00,0.0,84.36607277651729
2030-11-14 18:00:00,0.0,90.35746576042547
2030-11-14 19:00:00,0.0,106.8009878089722
2030-11-14 20:00:00,0.0,114.36480459597531
2030-11-14 21:00:00,0.0,122.25130681975293
2030-11-14 22:00:00,0.0,128.59014655465285
2030-11-14 23:00:00,0.0,126.04899874005332
2030-11-15 00:00:00,0.0,125.51586627929532
2030-11-15 01:00:00,0.0,121.60505908360405
2030-11-15 02:00:00,0.0,117.83542676650141
2030-11-15 03:00:00,0.0,113.98950740320493
2030-11-15 04:00:00,0.0,110.66444442426734
2030-11-15 05:00:00,0.0,105.99252049183598
2030-11-15 06:00:00,0.0,105.04813947171056
2030-11-15 07:00:00,0.0,98.31208097904208
2030-11-15 08:00:00,0.0,84.87381979876784
2030-11-15 09:00:00,0.0,76.41252094567415
2030-11-15 10:00:00,0.0,69.60263402653572
2030-11-15 11:00:00,0.0,64.86329345791296
2030-11-15 12:00:00,0.0,63.82699513464536
2030-11-15 13:00:00,0.0,63.03982394720298
2030-11-15 14:00:00,0.0,63.124220826058256
2030-11-15 15:00:00,0.0,72.67849443520913
2030-11-15 16:00:00,0.0,80.82698259488234
2030-11-15 17:00:00,0.0,83.89457655969136
2030-11-15 18:00:00,0.0,90.93132585543981
2030-11-15 19:00:00,0.0,106.11089694282668
2030-11-15 20:00:00,0.0,114.85146333893692
2030-11-15 21:00:00,0.0,122.02595313157076
2030-11-15 22:00:00,0.0,128.59014655465285
2030-11-15 23:00:00,0.0,126.04899874005332
2030-11-16 00:00:00,0.0,125.51586627929532
2030-11-16 01:00:00,0.0,121.60505908360405
2030-11-16 02:00:00,0.0,117.83542676650141
2030-11-16 03:00:00,0.0,113.98950740320493
2030-11-16 04:00:00,0.0,110.66444442426734
2030-11-16 05:00:00,0.0,105.99252049183598
2030-11-16 06:00:00,0.0,105.04813947171056
2030-11-16 07:00:00,0.0,98.31208097904208
2030-11-16 08:00:00,0.0,85.07267141805094
2030-11-16 09:00:00,0.0,77.08368198512893
2030-11-16 10:00:00,0.0,71.39584859126046
2030-11-16 11:00:00,0.0,65.21460052058092
2030-11-16 12:00:00,0.0,66.26236530556605
2030-11-16 13:00:00,0.0,64.4535934492128
2030-11-16 14:00:00,0.0,64.98284233446304
2030-11-16 15:00:00,0.0,74.53408670681142
2030-11-16 16:00:00,0.0,81.53710796176256
2030-11-16 17:00:00,0.0,85.02359979536823
2030-11-16 18:00:00,0.0,90.9838150975365
2030-11-16 19:00:00,0.0,105.30506021349026
2030-11-16 20:00:00,0.0,114.74711668954512
2030-11-16 21:00:00,0.0,123.11589334328472
2030-11-16 22:00:00,0.0,128.59014655465285
2030-11-16 23:00:00,0.0,126.04899874005332
2030-11-17 00:00:00,0.0,125.51586627929532
2030-11-17 01:00:00,0.0,121.60505908360405
2030-11-17 02:00:00,0.0,117.83542676650141
2030-11-17 03:00:00,0.0,113.98950740320493
2030-11-17 04:00:00,0.0,110.66444442426734
2030-11-17 05:00:00,0.0,105.99252049183598
2030-11-17 06:00:00,0.0,105.04813947171056
2030-11-17 07:00:00,0.0,98.31208097904208
2030-11-17 08:00:00,0.0,84.21098106782382
2030-11-17 09:00:00,0.0,75.28179171943155
2030-11-17 10:00:00,0.0,69.14415663114823
2030-11-17 11:00:00,0.0,63.70932359812491
2030-11-17 12:00:00,0.0,63.32230107042358
2030-11-17 13:00:00,0.0,66.0599281807481
2030-11-17 14:00:00,0.0,63.818091507880006
2030-11-17 15:00:00,0.0,73.80950268317734
2030-11-17 16:00:00,0.0,81.43519093291411
2030-11-17 17:00:00,0.0,87.39051255297953
2030-11-17 18:00:00,0.0,93.1194484433986
2030-11-17 19:00:00,0.0,107.83305508909073
2030-11-17 20:00:00,0.0,114.16049561019145
2030-11-17 21:00:00,0.0,122.8773867161036
2030-11-17 22:00:00,0.0,128.59014655465285
2030-11-17 23:00:00,0.0,126.04899874005332
2030-11-18 00:00:00,0.0,125.51586627929532
2030-11-18 01:00:00,0.0,121.60505908360405
2030-11-18 02:00:00,0.0,117.83542676650141
2030-11-18 03:00:00,0.0,113.98950740320493
2030-11-18 04:00:00,0.0,110.66444442426734
2030-11-18 05:00:00,0.0,105.99252049183598
2030-11-18 06:00:00,0.0,105.04813947171056
2030-11-18 07:00:00,0.0,98.31208097904208
2030-11-18 08:00:00,0.0,84.27726494091814
2030-11-18 09:00:00,0.0,75.31751136215462
2030-11-18 10:00:00,0.0,67.66512671343128
2030-11-18 11:00:00,0.0,63.54520470367856
2030-11-18 12:00:00,0.0,64.86130967951533
2030-11-18 13:00:00,0.0,65.30574998029499
2030-11-18 14:00:00,0.0,64.82722590112576
2030-11-18 15:00:00,0.0,74.58440444102963
2030-11-18 16:00:00,0.0,82.30833170722201
2030-11-18 17:00:00,0.0,87.95993175933155
2030-11-18 18:00:00,0.0,93.55706070960048
2030-11-18 19:00:00,0.0,108.7186863150208
2030-11-18 20:00:00,0.0,115.12767505791508
2030-11-18 21:00:00,0.0,122.26270603355204
2030-11-18 22:00:00,0.0,128.59014655465285
2030-11-18 23:00:00,0.0,126.04899874005332
2030-11-19 00:00:00,0.0,54.405113605879706
2030-11-19 01:00:00,0.0,116.68322931019236
2030-11-19 02:00:00,0.0,112.31557669993708
2030-11-19 03:00:00,0.0,109.32810582197273
2030-11-19 04:00:00,0.0,106.7755587935742
2030-11-19 05:00:00,0.0,104.5044846597534
2030-11-19 06:00:00,0.0,101.95106076875491
2030-11-19 07:00:00,0.0,97.73598225088757
2030-11-19 08:00:00,0.0,82.24644344896694
2030-11-19 09:00:00,0.0,73.2050722062719
2030-11-19 10:00:00,0.0,62.25529823806414
2030-11-19 11:00:00,0.0,58.448808472860485
2030-11-19 12:00:00,0.0,57.110671344221934
2030-11-19 13:00:00,0.0,55.59543685656138
2030-11-19 14:00:00,0.0,57.70682947105661
2030-11-19 15:00:00,0.0,69.13903902044535
2030-11-19 16:00:00,0.0,75.51539346804498
2030-11-19 17:00:00,0.0,80.79338082883737
2030-11-19 18:00:00,0.0,89.3172492690569
2030-11-19 19:00:00,0.0,107.5699963091115
2030-11-19 20:00:00,0.0,114.20872305318765
2030-11-19 21:00:00,0.0,120.08896364832366
2030-11-19 22:00:00,0.0,127.4949451673392
2030-11-19 23:00:00,0.0,128.4533559890635
2030-11-20 00:00:00,0.0,124.6363730915648
2030-11-20 01:00:00,0.0,119.33398494978324
2030-11-20 02:00:00,0.0,115.77129220626432
2030-11-20 03:00:00,0.0,111.9464175453662
2030-11-20 04:00:00,0.0,105.94955422443932
2030-11-20 05:00:00,0.0,104.77631206573199
2030-11-20 06:00:00,0.0,105.33048922888825
2030-11-20 07:00:00,0.0,101.57137926298492
2030-11-20 08:00:00,0.0,83.90580975151327
2030-11-20 09:00:00,0.0,75.69889397742622
2030-11-20 10:00:00,0.0,70.57582523837266
2030-11-20 11:00:00,0.0,66.3536845494425
2030-11-20 12:00:00,0.0,65.94633680952495
2030-11-20 13:00:00,0.0,65.53092851062581
2030-11-20 14:00:00,0.0,64.68671075625468
2030-11-20 15:00:00,0.0,77.09315110823921
2030-11-20 16:00:00,0.0,82.87521453289469
2030-11-20 17:00:00,0.0,89.57381065432799
2030-11-20 18:00:00,0.0,96.93362769373107
2030-11-20 19:00:00,0.0,110.53116130907777
2030-11-20 20:00:00,0.0,116.6613077451941
2030-11-20 21:00:00,0.0,124.45223194557934
2030-11-20 22:00:00,0.0,130.03083180633905
2030-11-20 23:00:00,0.0,130.53590466389923
2030-11-21 00:00:00,0.0,125.51586627929532
2030-11-21 01:00:00,0.0,121.60505908360405
2030-11-21 02:00:00,0.0,117.83542676650141
2030-11-21 03:00:00,0.0,113.98950740320493
2030-11-21 04:00:00,0.0,110.66444442426734
2030-11-21 05:00:00,0.0,105.99252049183598
2030-11-21 06:00:00,0.0,105.04813947171056
2030-11-21 07:00:00,0.0,98.31208097904208
2030-11-21 08:00:00,0.0,84.5350355585075
2030-11-21 09:00:00,0.0,76.2408457143597
2030-11-21 10:00:00,0.0,66.32427609038007
2030-11-21 11:00:00,0.0,63.64343469927462
2030-11-21 12:00:00,0.0,69.38040006829169
2030-11-21 13:00:00,0.0,69.60052932912686
2030-11-21 14:00:00,0.0,66.39334522587545
2030-11-21 15:00:00,0.0,76.00378755210704
2030-11-21 16:00:00,0.0,83.76864297338953
2030-11-21 17:00:00,0.0,88.58612596511261
2030-11-21 18:00:00,0.0,95.32092744462636
2030-11-21 19:00:00,0.0,112.1340661417513
2030-11-21 20:00:00,0.0,117.06028022816258
2030-11-21 21:00:00,0.0,123.17727372527996
2030-11-21 22:00:00,0.0,128.68309399024542
2030-11-21 23:00:00,0.0,126.04899874005332
2030-11-22 00:00:00,0.0,125.51586627929532
2030-11-22 01:00:00,0.0,121.60505908360405
2030-11-22 02:00:00,0.0,117.83542676650141
2030-11-22 03:00:00,0.0,113.98950740320493
2030-11-22 04:00:00,0.0,110.66444442426734
2030-11-22 05:00:00,0.0,105.99252049183598
2030-11-22 06:00:00,0.0,105.04813947171056
2030-11-22 07:00:00,0.0,98.31208097904208
2030-11-22 08:00:00,0.0,84.64550868033153
2030-11-22 09:00:00,0.0,75.99183929776835
2030-11-22 10:00:00,0.0,71.48730279734264
2030-11-22 11:00:00,0.0,67.82301750235297
2030-11-22 12:00:00,0.0,68.14097322871726
2030-11-22 13:00:00,0.0,68.03836517768207
2030-11-22 14:00:00,0.0,68.00871282067249
2030-11-22 15:00:00,0.0,78.29840602075296
2030-11-22 16:00:00,0.0,86.04792922747197
2030-11-22 17:00:00,0.0,90.4559375824058
2030-11-22 18:00:00,0.0,96.78844546292169
2030-11-22 19:00:00,0.0,113.70891137122705
2030-11-22 20:00:00,0.0,117.03046689976496
2030-11-22 21:00:00,0.0,125.60355253928844
2030-11-22 22:00:00,0.0,132.0730448015779
2030-11-22 23:00:00,0.0,128.49982970685983
2030-11-23 00:00:00,0.0,127.22487148656045
2030-11-23 01:00:00,0.0,123.07117335068824
2030-11-23 02:00:00,0.0,117.85384088110004
2030-11-23 03:00:00,0.0,113.98950740320493
2030-11-23 04:00:00,0.0,110.66444442426734
2030-11-23 05:00:00,0.0,105.99252049183598
2030-11-23 06:00:00,0.0,105.04813947171056
2030-11-23 07:00:00,0.0,98.31208097904208
2030-11-23 08:00:00,0.0,84.61604918117848
2030-11-23 09:00:00,0.0,76.5277815399304
2030-11-23 10:00:00,0.0,71.41735554474155
2030-11-23 11:00:00,0.0,67.55118659247285
2030-11-23 12:00:00,0.0,68.388719906083
2030-11-23 13:00:00,0.0,67.83492083355691
2030-11-23 14:00:00,0.0,68.81777700040902
2030-11-23 15:00:00,0.0,78.21025071062513
2030-11-23 16:00:00,0.0,86.11295595378283
2030-11-23 17:00:00,0.0,90.14345847954087
2030-11-23 18:00:00,0.0,96.10710394649664
2030-11-23 19:00:00,0.0,111.23791256462208
2030-11-23 20:00:00,0.0,121.4805445944138
2030-11-23 21:00:00,0.0,127.25906912795779
2030-11-23 22:00:00,0.0,131.0655296742575
2030-11-23 23:00:00,0.0,128.4796618670615
2030-11-24 00:00:00,0.0,127.3905985179474
2030-11-24 01:00:00,0.0,123.27109802347252
2030-11-24 02:00:00,0.0,117.83542676650141
2030-11-24 03:00:00,0.0,113.98950740320493
2030-11-24 04:00:00,0.0,110.66444442426734
2030-11-24 05:00:00,0.0,105.99252049183598
2030-11-24 06:00:00,0.0,105.04813947171056
2030-11-24 07:00:00,0.0,98.31208097904208
2030-11-24 08:00:00,0.0,85.40660999604846
2030-11-24 09:00:00,0.0,79.12133896588396
2030-11-24 10:00:00,0.0,73.71182615578617
2030-11-24 11:00:00,0.0,69.3030552001486
2030-11-24 12:00:00,0.0,69.27363804199445
2030-11-24 13:00:00,0.0,69.36908662911333
2030-11-24 14:00:00,0.0,68.07521277822661
2030-11-24 15:00:00,0.0,78.16411399563367
2030-11-24 16:00:00,0.0,85.60387254392047
2030-11-24 17:00:00,0.0,91.28064649009376
2030-11-24 18:00:00,0.0,96.97836310735056
2030-11-24 19:00:00,0.0,109.03523371359584
2030-11-24 20:00:00,0.0,118.35102197526076
2030-11-24 21:00:00,0.0,125.36767649990702
2030-11-24 22:00:00,0.0,131.34261825583553
2030-11-24 23:00:00,0.0,128.56559440185467
2030-11-25 00:00:00,0.0,127.29326676935511
2030-11-25 01:00:00,0.0,123.27898978687188
2030-11-25 02:00:00,0.0,118.71755054203184
2030-11-25 03:00:00,0.0,114.88566098033424
2030-11-25 04:00:00,0.0,111.6798513149872
2030-11-25 05:00:00,0.0,106.05916204943073
2030-11-25 06:00:00,0.0,105.04813947171056
2030-11-25 07:00:00,0.0,98.31383470424193
2030-11-25 08:00:00,0.0,85.8979798944639
2030-11-25 09:00:00,0.0,79.08723828526625
2030-11-25 10:00:00,0.0,73.63604619971329
2030-11-25 11:00:00,0.0,70.61742173951166
2030-11-25 12:00:00,0.0,72.26049689328691
2030-11-25 13:00:00,0.0,70.03564672064329
2030-11-25 14:00:00,0.0,69.68901787289826
2030-11-25 15:00:00,0.0,80.41548880860547
2030-11-25 16:00:00,0.0,87.91228890082003
2030-11-25 17:00:00,0.0,91.07615289845614
2030-11-25 18:00:00,0.0,94.7799490563955
2030-11-25 19:00:00,0.0,107.18417676514196
2030-11-25 20:00:00,0.0,112.54969901411856
2030-11-25 21:00:00,0.0,121.52088027401066
2030-11-25 22:00:00,0.0,128.59014655465285
2030-11-25 23:00:00,0.0,126.04899874005332
2030-11-26 00:00:00,0.0,123.53854111645136
2030-11-26 01:00:00,0.0,116.68322931019236
2030-11-26 02:00:00,0.0,112.31557669993708
2030-11-26 03:00:00,0.0,109.32810582197273
2030-11-26 04:00:00,0.0,106.7755587935742
2030-11-26 05:00:00,0.0,104.5044846597534
2030-11-26 06:00:00,0.0,101.95106076875491
2030-11-26 07:00:00,0.0,97.73598225088757
2030-11-26 08:00:00,0.0,82.68833593626287
2030-11-26 09:00:00,0.0,74.74698239194343
2030-11-26 10:00:00,0.0,65.96401459919366
2030-11-26 11:00:00,0.0,63.671095710643954
2030-11-26 12:00:00,0.0,62.53909678393642
2030-11-26 13:00:00,0.0,61.251298831094346
2030-11-26 14:00:00,0.0,59.75077225320978
2030-11-26 15:00:00,0.0,71.27621047275034
2030-11-26 16:00:00,0.0,77.29542352076214
2030-11-26 17:00:00,0.0,83.6440861817607
2030-11-26 18:00:00,0.0,90.8509046607278
2030-11-26 19:00:00,0.0,109.94892454272384
2030-11-26 20:00:00,0.0,113.3090620256586
2030-11-26 21:00:00,0.0,121.35427638002373
2030-11-26 22:00:00,0.0,127.97371214690143
2030-11-26 23:00:00,0.0,128.80760847943563
2030-11-27 00:00:00,0.0,124.6363730915648
2030-11-27 01:00:00,0.0,119.33398494978324
2030-11-27 02:00:00,0.0,115.77129220626432
2030-11-27 03:00:00,0.0,111.9464175453662
2030-11-27 04:00:00,0.0,105.94955422443932
2030-11-27 05:00:00,0.0,104.77631206573199
2030-11-27 06:00:00,0.0,105.33048922888825
2030-11-27 07:00:00,0.0,101.57137926298492
2030-11-27 08:00:00,0.0,85.40898069579862
2030-11-27 09:00:00,0.0,80.01117546345233
2030-11-27 10:00:00,0.0,76.2703040926358
2030-11-27 11:00:00,0.0,71.80607252482946
2030-11-27 12:00:00,0.0,70.46810976590552
2030-11-27 13:00:00,0.0,68.96986194035253
2030-11-27 14:00:00,0.0,70.7126725022813
2030-11-27 15:00:00,0.0,81.96831152408481
2030-11-27 16:00:00,0.0,89.76659192077886
2030-11-27 17:00:00,0.0,94.10597347779525
2030-11-27 18:00:00,0.0,99.94115032667833
2030-11-27 19:00:00,0.0,108.89756628540668
2030-11-27 20:00:00,0.0,117.38121193973734
2030-11-27 21:00:00,0.0,123.33686271846727
2030-11-27 22:00:00,0.0,128.79708612823651
2030-11-27 23:00:00,0.0,130.53590466389923
2030-11-28 00:00:00,0.0,125.51586627929532
2030-11-28 01:00:00,0.0,121.60505908360405
2030-11-28 02:00:00,0.0,117.83542676650141
2030-11-28 03:00:00,0.0,113.98950740320493
2030-11-28 04:00:00,0.0,110.66444442426734
2030-11-28 05:00:00,0.0,105.99252049183598
2030-11-28 06:00:00,0.0,105.04813947171056
2030-11-28 07:00:00,0.0,98.31208097904208
2030-11-28 08:00:00,0.0,84.7117925534259
2030-11-28 09:00:00,0.0,76.23591124825155
2030-11-28 10:00:00,0.0,70.62628974787549
2030-11-28 11:00:00,0.0,67.79412257080321
2030-11-28 12:00:00,0.0,68.21413092478167
2030-11-28 13:00:00,0.0,67.6436741786215
2030-11-28 14:00:00,0.0,67.25696511432807
2030-11-28 15:00:00,0.0,77.03376405668655
2030-11-28 16:00:00,0.0,84.43190978996574
2030-11-28 17:00:00,0.0,90.0539176783127
2030-11-28 18:00:00,0.0,93.47463562520693
2030-11-28 19:00:00,0.0,111.57462780299544
2030-11-28 20:00:00,0.0,115.838810626459
2030-11-28 21:00:00,0.0,123.8296594996284
2030-11-28 22:00:00,0.0,128.59014655465285
2030-11-28 23:00:00,0.0,126.04899874005332
2030-11-29 00:00:00,0.0,125.51586627929532
2030-11-29 01:00:00,0.0,121.60505908360405
2030-11-29 02:00:00,0.0,117.83542676650141
2030-11-29 03:00:00,0.0,113.98950740320493
2030-11-29 04:00:00,0.0,110.66444442426734
2030-11-29 05:00:00,0.0,105.99252049183598
2030-11-29 06:00:00,0.0,105.04813947171056
2030-11-29 07:00:00,0.0,98.31208097904208
2030-11-29 08:00:00,0.0,84.7633466769438
2030-11-29 09:00:00,0.0,76.39381416371202
2030-11-29 10:00:00,0.0,72.63341645495846
2030-11-29 11:00:00,0.0,68.22701229628103
2030-11-29 12:00:00,0.0,68.25485539685053
2030-11-29 13:00:00,0.0,68.45417246729824
2030-11-29 14:00:00,0.0,68.81314273167891
2030-11-29 15:00:00,0.0,78.0807918037276
2030-11-29 16:00:00,0.0,85.74038739190848
2030-11-29 17:00:00,0.0,90.26951433176417
2030-11-29 18:00:00,0.0,95.05140378399325
2030-11-29 19:00:00,0.0,107.0140654207554
2030-11-29 20:00:00,0.0,115.29866326490162
2030-11-29 21:00:00,0.0,122.06804253636744
2030-11-29 22:00:00,0.0,128.59014655465285
2030-11-29 23:00:00,0.0,126.04899874005332
2030-11-30 00:00:00,0.0,125.51586627929532
2030-11-30 01:00:00,0.0,121.60505908360405
2030-11-30 02:00:00,0.0,117.83542676650141
2030-11-30 03:00:00,0.0,113.98950740320493
2030-11-30 04:00:00,0.0,110.66444442426734
2030-11-30 05:00:00,0.0,105.99252049183598
2030-11-30 06:00:00,0.0,105.04813947171056
2030-11-30 07:00:00,0.0,98.31208097904208
2030-11-30 08:00:00,0.0,84.9106441727091
2030-11-30 09:00:00,0.0,76.6866415852935
2030-11-30 10:00:00,0.0,67.37758623896025
2030-11-30 11:00:00,0.0,62.25920526754044
2030-11-30 12:00:00,0.0,62.40890536813856
2030-11-30 13:00:00,0.0,62.22664954825996
2030-11-30 14:00:00,0.0,62.16836609807456
2030-11-30 15:00:00,0.0,71.05423745728456
2030-11-30 16:00:00,0.0,78.62842218614524
2030-11-30 17:00:00,0.0,83.02799611669137
2030-11-30 18:00:00,0.0,91.16076057284451
2030-11-30 19:00:00,0.0,108.57926516163184
2030-11-30 20:00:00,0.0,115.3477675704978
2030-11-30 21:00:00,0.0,121.93125197077823
2030-11-30 22:00:00,0.0,128.59014655465285
2030-11-30 23:00:00,0.0,126.04899874005332
2030-12-01 00:00:00,0.0,119.16650419319647
2030-12-01 01:00:00,0.0,113.22839066646496
2030-12-01 02:00:00,0.0,107.76378294369624
2030-12-01 03:00:00,0.0,103.4504958146366
2030-12-01 04:00:00,0.0,101.16889932961656
2030-12-01 05:00:00,0.0,99.84395994112116
2030-12-01 06:00:00,0.0,98.23579393284808
2030-12-01 07:00:00,0.0,91.76016363235907
2030-12-01 08:00:00,0.0,82.55646042754029
2030-12-01 09:00:00,0.0,75.95969874113644
2030-12-01 10:00:00,0.0,70.61679620016469
2030-12-01 11:00:00,0.0,64.78548632838101
2030-12-01 12:00:00,0.0,63.68871971487124
2030-12-01 13:00:00,0.0,63.860994068488026
2030-12-01 14:00:00,0.0,64.18628087482432
2030-12-01 15:00:00,0.0,74.03119548922632
2030-12-01 16:00:00,0.0,81.44579236439063
2030-12-01 17:00:00,0.0,86.57066104417878
2030-12-01 18:00:00,0.0,91.75650796269792
2030-12-01 19:00:00,0.0,103.66445028901965
2030-12-01 20:00:00,0.0,111.38434861881046
2030-12-01 21:00:00,0.0,117.08570924356059
2030-12-01 22:00:00,0.0,121.66994691599882
2030-12-01 23:00:00,0.0,122.13731468176194
2030-12-02 00:00:00,0.0,119.16650419319647
2030-12-02 01:00:00,0.0,113.22839066646496
2030-12-02 02:00:00,0.0,107.76378294369624
2030-12-02 03:00:00,0.0,103.4504958146366
2030-12-02 04:00:00,0.0,101.16889932961656
2030-12-02 05:00:00,0.0,99.84395994112116
2030-12-02 06:00:00,0.0,98.23579393284808
2030-12-02 07:00:00,0.0,91.76016363235907
2030-12-02 08:00:00,0.0,82.59328480148157
2030-12-02 09:00:00,0.0,76.05330629969535
2030-12-02 10:00:00,0.0,71.62327980823204
2030-12-02 11:00:00,0.0,66.84148868430498
2030-12-02 12:00:00,0.0,66.23577069124872
2030-12-02 13:00:00,0.0,67.43893122925328
2030-12-02 14:00:00,0.0,67.17329649986891
2030-12-02 15:00:00,0.0,77.83000953692998
2030-12-02 16:00:00,0.0,85.34534313334883
2030-12-02 17:00:00,0.0,89.12770905941807
2030-12-02 18:00:00,0.0,93.99425360720976
2030-12-02 19:00:00,0.0,104.40539918596119
2030-12-02 20:00:00,0.0,112.33223708933576
2030-12-02 21:00:00,0.0,118.77630033622722
2030-12-02 22:00:00,0.0,121.66994691599882
2030-12-02 23:00:00,0.0,122.13731468176194
2030-12-03 00:00:00,0.0,119.16650419319647
2030-12-03 01:00:00,0.0,113.22839066646496
2030-12-03 02:00:00,0.0,107.76378294369624
2030-12-03 03:00:00,0.0,103.4504958146366
2030-12-03 04:00:00,0.0,101.16889932961656
2030-12-03 05:00:00,0.0,99.84395994112116
2030-12-03 06:00:00,0.0,98.23579393284808
2030-12-03 07:00:00,0.0,91.76016363235907
2030-12-03 08:00:00,0.0,82.61537942584641
2030-12-03 09:00:00,0.0,76.11900098280671
2030-12-03 10:00:00,0.0,73.71898891418687
2030-12-03 11:00:00,0.0,71.51320893371508
2030-12-03 12:00:00,0.0,70.80078060896017
2030-12-03 13:00:00,0.0,71.04209731172523
2030-12-03 14:00:00,0.0,72.0261867532239
2030-12-03 15:00:00,0.0,81.52590346663351
2030-12-03 16:00:00,0.0,88.14025114619824
2030-12-03 17:00:00,0.0,91.24817956568448
2030-12-03 18:00:00,0.0,97.13886366043971
2030-12-03 19:00:00,0.0,107.7181860884998
2030-12-03 20:00:00,0.0,112.67333664070884
2030-12-03 21:00:00,0.0,118.03622830188556
2030-12-03 22:00:00,0.0,121.73220416059392
2030-12-03 23:00:00,0.0,122.13731468176194
2030-12-04 00:00:00,0.0,120.996516439252
2030-12-04 01:00:00,0.0,114.53228535256208
2030-12-04 02:00:00,0.0,109.56748931175387
2030-12-04 03:00:00,0.0,106.36255650900682
2030-12-04 04:00:00,0.0,103.08133666006574
2030-12-04 05:00:00,0.0,102.23341052593264
2030-12-04 06:00:00,0.0,99.19157416677263
2030-12-04 07:00:00,0.0,92.80363012627673
2030-12-04 08:00:00,0.0,84.03308933531217
2030-12-04 09:00:00,0.0,75.59465099279737
2030-12-04 10:00:00,0.0,73.89173991476719
2030-12-04 11:00:00,0.0,71.2507010949812
2030-12-04 12:00:00,0.0,70.96794850080481
2030-12-04 13:00:00,0.0,72.49667869387268
2030-12-04 14:00:00,0.0,71.20602006280478
2030-12-04 15:00:00,0.0,82.54087096223941
2030-12-04 16:00:00,0.0,90.51435759932484
2030-12-04 17:00:00,0.0,93.48313426828838
2030-12-04 18:00:00,0.0,95.01283725061944
2030-12-04 19:00:00,0.0,108.21536718266054
2030-12-04 20:00:00,0.0,115.6187181138764
2030-12-04 21:00:00,0.0,119.43657787397512
2030-12-04 22:00:00,0.0,120.52914867348886
2030-12-04 23:00:00,0.0,123.91909948482134
2030-12-05 00:00:00,0.0,119.16650419319647
2030-12-05 01:00:00,0.0,113.22839066646496
2030-12-05 02:00:00,0.0,107.76378294369624
2030-12-05 03:00:00,0.0,103.4504958146366
2030-12-05 04:00:00,0.0,101.16889932961656
2030-12-05 05:00:00,0.0,99.84395994112116
2030-12-05 06:00:00,0.0,98.23579393284808
2030-12-05 07:00:00,0.0,91.76016363235907
2030-12-05 08:00:00,0.0,82.62274430063462
2030-12-05 09:00:00,0.0,76.12393544891484
2030-12-05 10:00:00,0.0,72.28303838627174
2030-12-05 11:00:00,0.0,72.63644937549373
2030-12-05 12:00:00,0.0,73.08471501441625
2030-12-05 13:00:00,0.0,73.96817203531715
2030-12-05 14:00:00,0.0,72.9581252086043
2030-12-05 15:00:00,0.0,82.75120880450197
2030-12-05 16:00:00,0.0,89.64808065849331
2030-12-05 17:00:00,0.0,93.17457155813939
2030-12-05 18:00:00,0.0,96.24062951565632
2030-12-05 19:00:00,0.0,108.85810746840993
2030-12-05 20:00:00,0.0,114.28676382458148
2030-12-05 21:00:00,0.0,118.11076162287974
2030-12-05 22:00:00,0.0,121.66994691599882
2030-12-05 23:00:00,0.0,122.13731468176194
2030-12-06 00:00:00,0.0,119.16650419319647
2030-12-06 01:00:00,0.0,113.22839066646496
2030-12-06 02:00:00,0.0,107.76378294369624
2030-12-06 03:00:00,0.0,103.4504958146366
2030-12-06 04:00:00,0.0,101.16889932961656
2030-12-06 05:00:00,0.0,99.84395994112116
2030-12-06 06:00:00,0.0,98.23579393284808
2030-12-06 07:00:00,0.0,91.76016363235907
2030-12-06 08:00:00,0.0,82.69639304851728
2030-12-06 09:00:00,0.0,76.17165983754285
2030-12-06 10:00:00,0.0,71.28710880712072
2030-12-06 11:00:00,0.0,68.3355735702446
2030-12-06 12:00:00,0.0,74.09950730463652
2030-12-06 13:00:00,0.0,74.69992789538583
2030-12-06 14:00:00,0.0,71.64685644636222
2030-12-06 15:00:00,0.0,81.22492565641677
2030-12-06 16:00:00,0.0,88.29303685051036
2030-12-06 17:00:00,0.0,91.12961130125971
2030-12-06 18:00:00,0.0,94.47551666776292
2030-12-06 19:00:00,0.0,107.59104101150977
2030-12-06 20:00:00,0.0,112.31645356253692
2030-12-06 21:00:00,0.0,117.08570924356059
2030-12-06 22:00:00,0.0,121.66994691599882
2030-12-06 23:00:00,0.0,122.13731468176194
2030-12-07 00:00:00,0.0,119.16650419319647
2030-12-07 01:00:00,0.0,113.22839066646496
2030-12-07 02:00:00,0.0,107.76378294369624
2030-12-07 03:00:00,0.0,103.4504958146366
2030-12-07 04:00:00,0.0,101.16889932961656
2030-12-07 05:00:00,0.0,99.84395994112116
2030-12-07 06:00:00,0.0,98.23579393284808
2030-12-07 07:00:00,0.0,91.76016363235907
2030-12-07 08:00:00,0.0,82.68902817372907
2030-12-07 09:00:00,0.0,76.3419357426475
2030-12-07 10:00:00,0.0,72.98306425583267
2030-12-07 11:00:00,0.0,69.114190364308
2030-12-07 12:00:00,0.0,70.39628946464723
2030-12-07 13:00:00,0.0,70.66504525426399
2030-12-07 14:00:00,0.0,70.75646166767126
2030-12-07 15:00:00,0.0,79.76625582871497
2030-12-07 16:00:00,0.0,87.2921482304057
2030-12-07 17:00:00,0.0,91.3749956163067
2030-12-07 18:00:00,0.0,96.28686463473821
2030-12-07 19:00:00,0.0,107.59717904970933
2030-12-07 20:00:00,0.0,113.03372716928038
2030-12-07 21:00:00,0.0,117.94415772889285
2030-12-07 22:00:00,0.0,121.66994691599882
2030-12-07 23:00:00,0.0,122.13731468176194
2030-12-08 00:00:00,0.0,119.16650419319647
2030-12-08 01:00:00,0.0,113.22839066646496
2030-12-08 02:00:00,0.0,107.76378294369624
2030-12-08 03:00:00,0.0,103.4504958146366
2030-12-08 04:00:00,0.0,101.16889932961656
2030-12-08 05:00:00,0.0,99.84395994112116
2030-12-08 06:00:00,0.0,98.23579393284808
2030-12-08 07:00:00,0.0,91.76016363235907
2030-12-08 08:00:00,0.0,82.71112279809381
2030-12-08 09:00:00,0.0,76.40763042575885
2030-12-08 10:00:00,0.0,71.51259779024872
2030-12-08 11:00:00,0.0,68.66206981698451
2030-12-08 12:00:00,0.0,68.06104536480564
2030-12-08 13:00:00,0.0,68.80562582093376
2030-12-08 14:00:00,0.0,69.54472255069072
2030-12-08 15:00:00,0.0,79.19304710173297
2030-12-08 16:00:00,0.0,85.66606204597404
2030-12-08 17:00:00,0.0,90.6159770521574
2030-12-08 18:00:00,0.0,95.65785815017966
2030-12-08 19:00:00,0.0,107.05703168815192
2030-12-08 20:00:00,0.0,113.73434038662504
2030-12-08 21:00:00,0.0,118.64389408363763
2030-12-08 22:00:00,0.0,121.66994691599882
2030-12-08 23:00:00,0.0,122.13731468176194
2030-12-09 00:00:00,0.0,119.16650419319647
2030-12-09 01:00:00,0.0,113.22839066646496
2030-12-09 02:00:00,0.0,107.76378294369624
2030-12-09 03:00:00,0.0,103.4504958146366
2030-12-09 04:00:00,0.0,101.16889932961656
2030-12-09 05:00:00,0.0,99.84395994112116
2030-12-09 06:00:00,0.0,98.23579393284808
2030-12-09 07:00:00,0.0,91.76016363235907
2030-12-09 08:00:00,0.0,83.10146116187195
2030-12-09 09:00:00,0.0,77.20414163410987
2030-12-09 10:00:00,0.0,72.2882166359783
2030-12-09 11:00:00,0.0,69.08878993125415
2030-12-09 12:00:00,0.0,68.15844687863591
2030-12-09 13:00:00,0.0,68.07861424698717
2030-12-09 14:00:00,0.0,66.7240909749861
2030-12-09 15:00:00,0.0,77.78887967398077
2030-12-09 16:00:00,0.0,85.47125226746196
2030-12-09 17:00:00,0.0,88.71744019174217
2030-12-09 18:00:00,0.0,94.74813612071466
2030-12-09 19:00:00,0.0,110.49520994248064
2030-12-09 20:00:00,0.0,115.36881227289608
2030-12-09 21:00:00,0.0,119.38045866757955
2030-12-09 22:00:00,0.0,121.66994691599882
2030-12-09 23:00:00,0.0,122.13731468176194
2030-12-10 00:00:00,0.0,119.16650419319647
2030-12-10 01:00:00,0.0,113.22839066646496
2030-12-10 02:00:00,0.0,107.76378294369624
2030-12-10 03:00:00,0.0,103.4504958146366
2030-12-10 04:00:00,0.0,101.16889932961656
2030-12-10 05:00:00,0.0,99.84395994112116
2030-12-10 06:00:00,0.0,98.23579393284808
2030-12-10 07:00:00,0.0,91.76016363235907
2030-12-10 08:00:00,0.0,83.96609746201455
2030-12-10 09:00:00,0.0,81.9870386191062
2030-12-10 10:00:00,0.0,75.21122076004269
2030-12-10 11:00:00,0.0,70.53558696597815
2030-12-10 12:00:00,0.0,70.30725050317369
2030-12-10 13:00:00,0.0,70.22841425669355
2030-12-10 14:00:00,0.0,68.74432442481339
2030-12-10 15:00:00,0.0,79.34911869358734
2030-12-10 16:00:00,0.0,88.5489885176778
2030-12-10 17:00:00,0.0,92.94499519382566
2030-12-10 18:00:00,0.0,94.81088855758956
2030-12-10 19:00:00,0.0,107.17190068874288
2030-12-10 20:00:00,0.0,114.70064297174883
2030-12-10 21:00:00,0.0,117.08570924356059
2030-12-10 22:00:00,0.0,121.66994691599882
2030-12-10 23:00:00,0.0,122.13731468176194
2030-12-11 00:00:00,0.0,120.996516439252
2030-12-11 01:00:00,0.0,114.53228535256208
2030-12-11 02:00:00,0.0,109.56748931175387
2030-12-11 03:00:00,0.0,106.36255650900682
2030-12-11 04:00:00,0.0,103.08133666006574
2030-12-11 05:00:00,0.0,102.23341052593264
2030-12-11 06:00:00,0.0,99.19157416677263
2030-12-11 07:00:00,0.0,92.80363012627673
2030-12-11 08:00:00,0.0,85.22251661361734
2030-12-11 09:00:00,0.0,78.97159338071356
2030-12-11 10:00:00,0.0,74.65138150227597
2030-12-11 11:00:00,0.0,69.10236771790937
2030-12-11 12:00:00,0.0,68.34229614539457
2030-12-11 13:00:00,0.0,68.50302923874881
2030-12-11 14:00:00,0.0,70.78131023904609
2030-12-11 15:00:00,0.0,77.74553013107014
2030-12-11 16:00:00,0.0,85.68699805096854
2030-12-11 17:00:00,0.0,88.77157153711892
2030-12-11 18:00:00,0.0,93.77944154650561
2030-12-11 19:00:00,0.0,108.0724385788718
2030-12-11 20:00:00,0.0,114.64715435315304
2030-12-11 21:00:00,0.0,118.97973245941112
2030-12-11 22:00:00,0.0,120.52914867348886
2030-12-11 23:00:00,0.0,123.91909948482134
2030-12-12 00:00:00,0.0,119.16650419319647
2030-12-12 01:00:00,0.0,113.22839066646496
2030-12-12 02:00:00,0.0,107.76378294369624
2030-12-12 03:00:00,0.0,103.4504958146366
2030-12-12 04:00:00,0.0,101.16889932961656
2030-12-12 05:00:00,0.0,99.84395994112116
2030-12-12 06:00:00,0.0,98.23579393284808
2030-12-12 07:00:00,0.0,91.76016363235907
2030-12-12 08:00:00,0.0,84.0434286472913
2030-12-12 09:00:00,0.0,79.04108870379947
2030-12-12 10:00:00,0.0,75.6877121295147
2030-12-12 11:00:00,0.0,70.97717031979903
2030-12-12 12:00:00,0.0,69.38088109272223
2030-12-12 13:00:00,0.0,69.53246031904098
2030-12-12 14:00:00,0.0,68.00981470316322
2030-12-12 15:00:00,0.0,77.25210998483533
2030-12-12 16:00:00,0.0,84.22950725840701
2030-12-12 17:00:00,0.0,88.14667545226393
2030-12-12 18:00:00,0.0,94.11879893844605
2030-12-12 19:00:00,0.0,110.08045393271344
2030-12-12 20:00:00,0.0,114.24818187018457
2030-12-12 21:00:00,0.0,118.12654514967846
2030-12-12 22:00:00,0.0,121.66994691599882
2030-12-12 23:00:00,0.0,122.13731468176194
2030-12-13 00:00:00,0.0,119.16650419319647
2030-12-13 01:00:00,0.0,113.22839066646496
2030-12-13 02:00:00,0.0,107.76378294369624
2030-12-13 03:00:00,0.0,103.4504958146366
2030-12-13 04:00:00,0.0,101.16889932961656
2030-12-13 05:00:00,0.0,99.84395994112116
2030-12-13 06:00:00,0.0,98.23579393284808
2030-12-13 07:00:00,0.0,91.76016363235907
2030-12-13 08:00:00,0.0,82.90260954258883
2030-12-13 09:00:00,0.0,77.78523025490416
2030-12-13 10:00:00,0.0,76.53502593249014
2030-12-13 11:00:00,0.0,71.38914462690923
2030-12-13 12:00:00,0.0,71.90605002529297
2030-12-13 13:00:00,0.0,72.75048131921606
2030-12-13 14:00:00,0.0,71.9578470016695
2030-12-13 15:00:00,0.0,79.99891196699082
2030-12-13 16:00:00,0.0,86.00708094079606
2030-12-13 17:00:00,0.0,90.1566213701392
2030-12-13 18:00:00,0.0,96.26393512844425
2030-12-13 19:00:00,0.0,110.8485855702528
2030-12-13 20:00:00,0.0,116.9743476933694
2030-12-13 21:00:00,0.0,120.77993137706915
2030-12-13 22:00:00,0.0,121.66994691599882
2030-12-13 23:00:00,0.0,122.13731468176194
2030-12-14 00:00:00,0.0,119.16650419319647
2030-12-14 01:00:00,0.0,113.22839066646496
2030-12-14 02:00:00,0.0,107.76378294369624
2030-12-14 03:00:00,0.0,103.4504958146366
2030-12-14 04:00:00,0.0,101.16889932961656
2030-12-14 05:00:00,0.0,99.84395994112116
2030-12-14 06:00:00,0.0,98.23579393284808
2030-12-14 07:00:00,0.0,91.76016363235907
2030-12-14 08:00:00,0.0,84.15390176911535
2030-12-14 09:00:00,0.0,80.3152120421696
2030-12-14 10:00:00,0.0,76.96223371799931
2030-12-14 11:00:00,0.0,72.44773615810753
2030-12-14 12:00:00,0.0,71.5408378113043
2030-12-14 13:00:00,0.0,71.74992330175291
2030-12-14 14:00:00,0.0,69.31061497410406
2030-12-14 15:00:00,0.0,79.0160439877259
2030-12-14 16:00:00,0.0,85.68607577061071
2030-12-14 17:00:00,0.0,90.33760246655197
2030-12-14 18:00:00,0.0,94.31652695876072
2030-12-14 19:00:00,0.0,108.38635538964706
2030-12-14 20:00:00,0.0,117.25406686274732
2030-12-14 21:00:00,0.0,120.30379498530668
2030-12-14 22:00:00,0.0,121.85759551238402
2030-12-14 23:00:00,0.0,122.20132565155689
2030-12-15 00:00:00,0.0,119.48918962997097
2030-12-15 01:00:00,0.0,113.61947138603408
2030-12-15 02:00:00,0.0,107.76378294369624
2030-12-15 03:00:00,0.0,103.4504958146366
2030-12-15 04:00:00,0.0,101.16889932961656
2030-12-15 05:00:00,0.0,99.84395994112116
2030-12-15 06:00:00,0.0,98.23579393284808
2030-12-15 07:00:00,0.0,91.76016363235907
2030-12-15 08:00:00,0.0,83.130920661025
2030-12-15 09:00:00,0.0,77.39769054354554
2030-12-15 10:00:00,0.0,73.1084450104895
2030-12-15 11:00:00,0.0,67.77696859431865
2030-12-15 12:00:00,0.0,66.57351307140823
2030-12-15 13:00:00,0.0,67.76248766031551
2030-12-15 14:00:00,0.0,67.71307132564846
2030-12-15 15:00:00,0.0,77.22859960670951
2030-12-15 16:00:00,0.0,83.71150652927292
2030-12-15 17:00:00,0.0,88.72559899359726
2030-12-15 18:00:00,0.0,94.40755960269688
2030-12-15 19:00:00,0.0,109.44998972336316
2030-12-15 20:00:00,0.0,114.06316386159916
2030-12-15 21:00:00,0.0,118.96482579521228
2030-12-15 22:00:00,0.0,121.66994691599882
2030-12-15 23:00:00,0.0,122.13731468176194
2030-12-16 00:00:00,0.0,119.16650419319647
2030-12-16 01:00:00,0.0,113.22839066646496
2030-12-16 02:00:00,0.0,107.76378294369624
2030-12-16 03:00:00,0.0,103.4504958146366
2030-12-16 04:00:00,0.0,101.16889932961656
2030-12-16 05:00:00,0.0,99.84395994112116
2030-12-16 06:00:00,0.0,98.23579393284808
2030-12-16 07:00:00,0.0,91.76016363235907
2030-12-16 08:00:00,0.0,82.96889341568318
2030-12-16 09:00:00,0.0,77.50794271912594
2030-12-16 10:00:00,0.0,76.83133583073743
2030-12-16 11:00:00,0.0,71.14383628712642
2030-12-16 12:00:00,0.0,70.55944725061238
2030-12-16 13:00:00,0.0,70.60786368656932
2030-12-16 14:00:00,0.0,72.11576680971801
2030-12-16 15:00:00,0.0,81.63934865159763
2030-12-16 16:00:00,0.0,87.83046865479798
2030-12-16 17:00:00,0.0,91.71143399758797
2030-12-16 18:00:00,0.0,94.13266724644564
2030-12-16 19:00:00,0.0,108.70027220042232
2030-12-16 20:00:00,0.0,114.99176135492588
2030-12-16 21:00:00,0.0,117.90119146149628
2030-12-16 22:00:00,0.0,121.66994691599882
2030-12-16 23:00:00,0.0,122.13731468176194
2030-12-17 00:00:00,0.0,119.16650419319647
2030-12-17 01:00:00,0.0,113.22839066646496
2030-12-17 02:00:00,0.0,107.76378294369624
2030-12-17 03:00:00,0.0,103.4504958146366
2030-12-17 04:00:00,0.0,101.16889932961656
2030-12-17 05:00:00,0.0,99.84395994112116
2030-12-17 06:00:00,0.0,98.23579393284808
2030-12-17 07:00:00,0.0,91.76016363235907
2030-12-17 08:00:00,0.0,83.63909702141552
2030-12-17 09:00:00,0.0,77.61959422091603
2030-12-17 10:00:00,0.0,72.94751562152555
2030-12-17 11:00:00,0.0,73.418129543556
2030-12-17 12:00:00,0.0,74.07566312378754
2030-12-17 13:00:00,0.0,74.79293032072735
2030-12-17 14:00:00,0.0,74.4852520128328
2030-12-17 15:00:00,0.0,83.46658358210321
2030-12-17 16:00:00,0.0,89.29027681906302
2030-12-17 17:00:00,0.0,92.18975159254272
2030-12-17 18:00:00,0.0,95.7809928078302
2030-12-17 19:00:00,0.0,106.76287508520704
2030-12-17 20:00:00,0.0,114.26221167178346
2030-12-17 21:00:00,0.0,118.66406192343607
2030-12-17 22:00:00,0.0,121.66994691599882
2030-12-17 23:00:00,0.0,122.13731468176194
2030-12-18 00:00:00,0.0,120.996516439252
2030-12-18 01:00:00,0.0,114.53228535256208
2030-12-18 02:00:00,0.0,109.56748931175387
2030-12-18 03:00:00,0.0,106.36255650900682
2030-12-18 04:00:00,0.0,103.08133666006574
2030-12-18 05:00:00,0.0,102.23341052593264
2030-12-18 06:00:00,0.0,99.19157416677263
2030-12-18 07:00:00,0.0,92.80363012627673
2030-12-18 08:00:00,0.0,85.51490214271155
2030-12-18 09:00:00,0.0,78.54443064299403
2030-12-18 10:00:00,0.0,77.70606951110015
2030-12-18 11:00:00,0.0,76.63774567159362
2030-12-18 12:00:00,0.0,76.06171794257055
2030-12-18 13:00:00,0.0,79.16071927101699
2030-12-18 14:00:00,0.0,79.87840197231958
2030-12-18 15:00:00,0.0,91.06989960080637
2030-12-18 16:00:00,0.0,97.61272448000625
2030-12-18 17:00:00,0.0,97.78115309899056
2030-12-18 18:00:00,0.0,98.52867117790856
2030-12-18 19:00:00,0.0,107.72572025282739
2030-12-18 20:00:00,0.0,114.5506994671606
2030-12-18 21:00:00,0.0,120.21347813751377
2030-12-18 22:00:00,0.0,120.52914867348886
2030-12-18 23:00:00,0.0,123.91909948482134
2030-12-19 00:00:00,0.0,119.16650419319647
2030-12-19 01:00:00,0.0,113.22839066646496
2030-12-19 02:00:00,0.0,107.76378294369624
2030-12-19 03:00:00,0.0,103.4504958146366
2030-12-19 04:00:00,0.0,101.16889932961656
2030-12-19 05:00:00,0.0,99.84395994112116
2030-12-19 06:00:00,0.0,98.23579393284808
2030-12-19 07:00:00,0.0,91.76016363235907
2030-12-19 08:00:00,0.0,84.0124961731806
2030-12-19 09:00:00,0.0,77.6192259771767
2030-12-19 10:00:00,0.0,77.65888452620446
2030-12-19 11:00:00,0.0,72.3267175818039
2030-12-19 12:00:00,0.0,71.36696734191105
2030-12-19 13:00:00,0.0,72.04757437427361
2030-12-19 14:00:00,0.0,68.01291088473033
2030-12-19 15:00:00,0.0,80.82084941780079
2030-12-19 16:00:00,0.0,87.92741204770094
2030-12-19 17:00:00,0.0,93.60676199081354
2030-12-19 18:00:00,0.0,98.3029148807592
2030-12-19 19:00:00,0.0,108.01081222936487
2030-12-19 20:00:00,0.0,116.27811878902433
2030-12-19 21:00:00,0.0,120.30993302350625
2030-12-19 22:00:00,0.0,121.66994691599882
2030-12-19 23:00:00,0.0,122.13731468176194
2030-12-20 00:00:00,0.0,119.16650419319647
2030-12-20 01:00:00,0.0,113.22839066646496
2030-12-20 02:00:00,0.0,107.76378294369624
2030-12-20 03:00:00,0.0,103.4504958146366
2030-12-20 04:00:00,0.0,101.16889932961656
2030-12-20 05:00:00,0.0,99.84395994112116
2030-12-20 06:00:00,0.0,98.23579393284808
2030-12-20 07:00:00,0.0,91.76016363235907
2030-12-20 08:00:00,0.0,84.29898980244423
2030-12-20 09:00:00,0.0,77.7014916285616
2030-12-20 10:00:00,0.0,75.68275465519478
2030-12-20 11:00:00,0.0,71.67851401370751
2030-12-20 12:00:00,0.0,70.6966191165535
2030-12-20 13:00:00,0.0,71.52069662555617
2030-12-20 14:00:00,0.0,71.1071754288148
2030-12-20 15:00:00,0.0,80.59663126498867
2030-12-20 16:00:00,0.0,87.49998328769402
2030-12-20 17:00:00,0.0,92.59770318358369
2030-12-20 18:00:00,0.0,97.4328700792671
2030-12-20 19:00:00,0.0,107.5153886302312
2030-12-20 20:00:00,0.0,113.87639212781392
2030-12-20 21:00:00,0.0,118.52727135784689
2030-12-20 22:00:00,0.0,121.66994691599882
2030-12-20 23:00:00,0.0,122.13731468176194
2030-12-21 00:00:00,0.0,119.16650419319647
2030-12-21 01:00:00,0.0,113.22839066646496
2030-12-21 02:00:00,0.0,107.76378294369624
2030-12-21 03:00:00,0.0,103.4504958146366
2030-12-21 04:00:00,0.0,101.16889932961656
2030-12-21 05:00:00,0.0,99.84395994112116
2030-12-21 06:00:00,0.0,98.23579393284808
2030-12-21 07:00:00,0.0,91.76016363235907
2030-12-21 08:00:00,0.0,84.44186837333655
2030-12-21 09:00:00,0.0,78.14448884707588
2030-12-21 10:00:00,0.0,73.77167196416006
2030-12-21 11:00:00,0.0,71.01885861611379
2030-12-21 12:00:00,0.0,70.16357721641168
2030-12-21 13:00:00,0.0,70.97557405177952
2030-12-21 14:00:00,0.0,71.06532966501368
2030-12-21 15:00:00,0.0,81.23959621927452
2030-12-21 16:00:00,0.0,88.4724333307654
2030-12-21 17:00:00,0.0,88.64458383254691
2030-12-21 18:00:00,0.0,93.02759600581612
2030-12-21 19:00:00,0.0,105.08908685554512
2030-12-21 20:00:00,0.0,113.50021807244354
2030-12-21 21:00:00,0.0,118.73245720623072
2030-12-21 22:00:00,0.0,121.66994691599882
2030-12-21 23:00:00,0.0,122.13731468176194
2030-12-22 00:00:00,0.0,119.16650419319647
2030-12-22 01:00:00,0.0,113.22839066646496
2030-12-22 02:00:00,0.0,107.76378294369624
2030-12-22 03:00:00,0.0,103.4504958146366
2030-12-22 04:00:00,0.0,101.16889932961656
2030-12-22 05:00:00,0.0,99.84395994112116
2030-12-22 06:00:00,0.0,98.23579393284808
2030-12-22 07:00:00,0.0,91.76016363235907
2030-12-22 08:00:00,0.0,84.44186837333655
2030-12-22 09:00:00,0.0,79.72602205910833
2030-12-22 10:00:00,0.0,78.76241485986361
2030-12-22 11:00:00,0.0,74.63458256067543
2030-12-22 12:00:00,0.0,73.97547636617038
2030-12-22 13:00:00,0.0,76.70150462506739
2030-12-22 14:00:00,0.0,70.25883863415493
2030-12-22 15:00:00,0.0,85.08087572176055
2030-12-22 16:00:00,0.0,88.20076512078992
2030-12-22 17:00:00,0.0,91.96807317273442
2030-12-22 18:00:00,0.0,94.20242344549536
2030-12-22 19:00:00,0.0,104.38891009915824
2030-12-22 20:00:00,0.0,113.05915618467839
2030-12-22 21:00:00,0.0,118.9367661920146
2030-12-22 22:00:00,0.0,123.479791322256
2030-12-22 23:00:00,0.0,122.13731468176194
2030-12-23 00:00:00,0.0,119.16650419319647
2030-12-23 01:00:00,0.0,113.22839066646496
2030-12-23 02:00:00,0.0,107.76378294369624
2030-12-23 03:00:00,0.0,103.4504958146366
2030-12-23 04:00:00,0.0,101.16889932961656
2030-12-23 05:00:00,0.0,99.84395994112116
2030-12-23 06:00:00,0.0,98.23579393284808
2030-12-23 07:00:00,0.0,91.76016363235907
2030-12-23 08:00:00,0.0,84.44186837333655
2030-12-23 09:00:00,0.0,80.4919690370881
2030-12-23 10:00:00,0.0,77.45685114087064
2030-12-23 11:00:00,0.0,72.5532121328431
2030-12-23 12:00:00,0.0,72.71066116224029
2030-12-23 13:00:00,0.0,77.84715151153068
2030-12-23 14:00:00,0.0,75.65853497549176
2030-12-23 15:00:00,0.0,87.08524177851609
2030-12-23 16:00:00,0.0,96.33525934457725
2030-12-23 17:00:00,0.0,96.34598325205855
2030-12-23 18:00:00,0.0,96.01225543169994
2030-12-23 19:00:00,0.0,107.3291148706388
2030-12-23 20:00:00,0.0,116.05276510084217
2030-12-23 21:00:00,0.0,121.2648363948308
2030-12-23 22:00:00,0.0,121.92511393257872
2030-12-23 23:00:00,0.0,122.13731468176194
2030-12-24 00:00:00,0.0,119.16650419319647
2030-12-24 01:00:00,0.0,113.22839066646496
2030-12-24 02:00:00,0.0,107.76378294369624
2030-12-24 03:00:00,0.0,103.4504958146366
2030-12-24 04:00:00,0.0,101.16889932961656
2030-12-24 05:00:00,0.0,99.84395994112116
2030-12-24 06:00:00,0.0,98.23579393284808
2030-12-24 07:00:00,0.0,91.76016363235907
2030-12-24 08:00:00,0.0,84.44186837333655
2030-12-24 09:00:00,0.0,82.91501284242791
2030-12-24 10:00:00,0.0,81.09510922823381
2030-12-24 11:00:00,0.0,73.07067015345454
2030-12-24 12:00:00,0.0,71.36236880593117
2030-12-24 13:00:00,0.0,71.5034166126569
2030-12-24 14:00:00,0.0,72.16110948395999
2030-12-24 15:00:00,0.0,86.01437722839773
2030-12-24 16:00:00,0.0,95.42820678754369
2030-12-24 17:00:00,0.0,95.24451360213493
2030-12-24 18:00:00,0.0,96.51081371742409
2030-12-24 19:00:00,0.0,108.86208993232503
2030-12-24 20:00:00,0.0,116.30442466702232
2030-12-24 21:00:00,0.0,120.15823579371816
2030-12-24 22:00:00,0.0,123.68673089583967
2030-12-24 23:00:00,0.0,123.86824145402532
2030-12-25 00:00:00,0.0,121.71028259559569
2030-12-25 01:00:00,0.0,115.03297389712257
2030-12-25 02:00:00,0.0,109.56748931175387
2030-12-25 03:00:00,0.0,106.36255650900682
2030-12-25 04:00:00,0.0,103.08133666006574
2030-12-25 05:00:00,0.0,102.23341052593264
2030-12-25 06:00:00,0.0,99.19157416677263
2030-12-25 07:00:00,0.0,92.80363012627673
2030-12-25 08:00:00,0.0,85.8448485332259
2030-12-25 09:00:00,0.0,80.2530815938719
2030-12-25 10:00:00,0.0,83.02436657056124
2030-12-25 11:00:00,0.0,74.5353751330897
2030-12-25 12:00:00,0.0,72.31292408065734
2030-12-25 13:00:00,0.0,72.62600156522194
2030-12-25 14:00:00,0.0,72.66729165895664
2030-12-25 15:00:00,0.0,83.68399890210286
2030-12-25 16:00:00,0.0,91.08207615223797
2030-12-25 17:00:00,0.0,92.9425803763596
2030-12-25 18:00:00,0.0,97.59728974083703
2030-12-25 19:00:00,0.0,111.12948959554876
2030-12-25 20:00:00,0.0,116.87350849437733
2030-12-25 21:00:00,0.0,121.313940700427
2030-12-25 22:00:00,0.0,120.97284114905392
2030-12-25 23:00:00,0.0,123.91909948482134
2030-12-26 00:00:00,0.0,119.16650419319647
2030-12-26 01:00:00,0.0,113.22839066646496
2030-12-26 02:00:00,0.0,107.76378294369624
2030-12-26 03:00:00,0.0,103.4504958146366
2030-12-26 04:00:00,0.0,101.16889932961656
2030-12-26 05:00:00,0.0,99.84395994112116
2030-12-26 06:00:00,0.0,98.23579393284808
2030-12-26 07:00:00,0.0,91.76016363235907
2030-12-26 08:00:00,0.0,84.44186837333655
2030-12-26 09:00:00,0.0,79.63764356164916
2030-12-26 10:00:00,0.0,80.06894126361156
2030-12-26 11:00:00,0.0,77.19626887075763
2030-12-26 12:00:00,0.0,76.47997637973663
2030-12-26 13:00:00,0.0,73.14695535678321
2030-12-26 14:00:00,0.0,70.89646825085617
2030-12-26 15:00:00,0.0,80.1864482670019
2030-12-26 16:00:00,0.0,86.89895027071839
2030-12-26 17:00:00,0.0,89.98530126877733
2030-12-26 18:00:00,0.0,95.31198009969967
2030-12-26 19:00:00,0.0,109.49129864695384
2030-12-26 20:00:00,0.0,116.17640272743232
2030-12-26 21:00:00,0.0,121.05000505784778
2030-12-26 22:00:00,0.0,126.040230114054
2030-12-26 23:00:00,0.0,125.11426320852706
2030-12-27 00:00:00,0.0,120.09685541172303
2030-12-27 01:00:00,0.0,113.9526791740078
2030-12-27 02:00:00,0.0,108.99226744619932
2030-12-27 03:00:00,0.0,103.4504958146366
2030-12-27 04:00:00,0.0,101.16889932961656
2030-12-27 05:00:00,0.0,99.84395994112116
2030-12-27 06:00:00,0.0,98.23579393284808
2030-12-27 07:00:00,0.0,91.76016363235907
2030-12-27 08:00:00,0.0,84.44186837333655
2030-12-27 09:00:00,0.0,81.95021424516494
2030-12-27 10:00:00,0.0,84.69979372270154
2030-12-27 11:00:00,0.0,83.32734312413582
2030-12-27 12:00:00,0.0,83.75084076347208
2030-12-27 13:00:00,0.0,85.366112280695
2030-12-27 14:00:00,0.0,83.39097905113955
2030-12-27 15:00:00,0.0,90.92415713299235
2030-12-27 16:00:00,0.0,95.27407832304448
2030-12-27 17:00:00,0.0,95.89657596214225
2030-12-27 18:00:00,0.0,96.02306649993852
2030-12-27 19:00:00,0.0,108.17894088797652
2030-12-27 20:00:00,0.0,116.12466783403649
2030-12-27 21:00:00,0.0,122.61695852392415
2030-12-27 22:00:00,0.0,123.28863527547117
2030-12-27 23:00:00,0.0,124.20671041759874
2030-12-28 00:00:00,0.0,121.33235481502548
2030-12-28 01:00:00,0.0,115.88002316865573
2030-12-28 02:00:00,0.0,108.50736242843755
2030-12-28 03:00:00,0.0,104.44135055255832
2030-12-28 04:00:00,0.0,101.16889932961656
2030-12-28 05:00:00,0.0,99.84395994112116
2030-12-28 06:00:00,0.0,98.23579393284808
2030-12-28 07:00:00,0.0,91.76016363235907
2030-12-28 08:00:00,0.0,84.44186837333655
2030-12-28 09:00:00,0.0,78.503452844256
2030-12-28 10:00:00,0.0,78.08702687018706
2030-12-28 11:00:00,0.0,72.0550836130675
2030-12-28 12:00:00,0.0,74.48836215349797
2030-12-28 13:00:00,0.0,76.94883545635638
2030-12-28 14:00:00,0.0,78.28925402483696
2030-12-28 15:00:00,0.0,89.01630626915869
2030-12-28 16:00:00,0.0,93.77403946326751
2030-12-28 17:00:00,0.0,94.03111417827219
2030-12-28 18:00:00,0.0,96.23797579632195
2030-12-28 19:00:00,0.0,110.0613133104896
2030-12-28 20:00:00,0.0,115.68185222107138
2030-12-28 21:00:00,0.0,119.6987597913544
2030-12-28 22:00:00,0.0,121.66994691599882
2030-12-28 23:00:00,0.0,122.13731468176194
2030-12-29 00:00:00,0.0,119.45849943897336
2030-12-29 01:00:00,0.0,114.10876071679559
2030-12-29 02:00:00,0.0,107.76378294369624
2030-12-29 03:00:00,0.0,103.4504958146366
2030-12-29 04:00:00,0.0,101.16889932961656
2030-12-29 05:00:00,0.0,99.84395994112116
2030-12-29 06:00:00,0.0,98.23579393284808
2030-12-29 07:00:00,0.0,91.76016363235907
2030-12-29 08:00:00,0.0,84.44186837333655
2030-12-29 09:00:00,0.0,79.59345431291946
2030-12-29 10:00:00,0.0,76.47967648684448
2030-12-29 11:00:00,0.0,71.9120166664942
2030-12-29 12:00:00,0.0,71.1754531076947
2030-12-29 13:00:00,0.0,71.0932082041536
2030-12-29 14:00:00,0.0,70.24134039975081
2030-12-29 15:00:00,0.0,78.25620516489334
2030-12-29 16:00:00,0.0,85.39499374643776
2030-12-29 17:00:00,0.0,88.73297263295956
2030-12-29 18:00:00,0.0,94.39052225251908
2030-12-29 19:00:00,0.0,109.37290677494012
2030-12-29 20:00:00,0.0,115.43457696789096
2030-12-29 21:00:00,0.0,119.54004766076696
2030-12-29 22:00:00,0.0,122.3170715147478
2030-12-29 23:00:00,0.0,122.37582130894316
2030-12-30 00:00:00,0.0,119.16650419319647
2030-12-30 01:00:00,0.0,113.22839066646496
2030-12-30 02:00:00,0.0,107.76378294369624
2030-12-30 03:00:00,0.0,103.4504958146366
2030-12-30 04:00:00,0.0,101.16889932961656
2030-12-30 05:00:00,0.0,99.84395994112116
2030-12-30 06:00:00,0.0,98.23579393284808
2030-12-30 07:00:00,0.0,91.76016363235907
2030-12-30 08:00:00,0.0,84.44186837333655
2030-12-30 09:00:00,0.0,78.63602059044479
2030-12-30 10:00:00,0.0,68.89685655647668
2030-12-30 11:00:00,0.0,62.94583224023063
2030-12-30 12:00:00,0.0,61.29974060177938
2030-12-30 13:00:00,0.0,61.87207113653335
2030-12-30 14:00:00,0.0,62.5949611535375
2030-12-30 15:00:00,0.0,71.56317334161986
2030-12-30 16:00:00,0.0,78.36791797116734
2030-12-30 17:00:00,0.0,82.52910361007558
2030-12-30 18:00:00,0.0,88.86780048278695
2030-12-30 19:00:00,0.0,105.53583314275816
2030-12-30 20:00:00,0.0,111.73684738398264
2030-12-30 21:00:00,0.0,117.08570924356059
2030-12-30 22:00:00,0.0,121.66994691599882
2030-12-30 23:00:00,0.0,122.13731468176194
