,Export,Import
2030-01-01 00:00:00,0.0,98.73648247740856
2030-01-01 01:00:00,0.0,91.96798006854272
2030-01-01 02:00:00,0.0,88.99716957997715
2030-01-01 03:00:00,0.0,86.19559357319814
2030-01-01 04:00:00,0.0,83.1265744734403
2030-01-01 05:00:00,0.0,80.67135919363409
2030-01-01 06:00:00,0.0,80.67135919363409
2030-01-01 07:00:00,0.0,77.86539887385548
2030-01-01 08:00:00,0.0,69.79826295449209
2030-01-01 09:00:00,0.0,61.51006684237848
2030-01-01 10:00:00,0.0,51.13851010525718
2030-01-01 11:00:00,0.0,44.08709893543664
2030-01-01 12:00:00,0.0,42.5539550775021
2030-01-01 13:00:00,0.0,42.244897051750634
2030-01-01 14:00:00,0.0,40.706859939522126
2030-01-01 15:00:00,0.0,47.17544735553315
2030-01-01 16:00:00,0.0,53.53637363431801
2030-01-01 17:00:00,0.0,60.64384665637476
2030-01-01 18:00:00,0.0,65.95998815185749
2030-01-01 19:00:00,0.0,87.66170055691362
2030-01-01 20:00:00,0.0,91.48833622638051
2030-01-01 21:00:00,0.0,98.66808719461392
2030-01-01 22:00:00,0.0,102.22288817473348
2030-01-01 23:00:00,0.0,102.11591093754193
2030-01-02 00:00:00,0.0,97.33437918011919
2030-01-02 01:00:00,0.0,91.89958478574806
2030-01-02 02:00:00,0.0,86.45865235317741
2030-01-02 03:00:00,0.0,84.26649585335042
2030-01-02 04:00:00,0.0,81.8112805735442
2030-01-02 05:00:00,0.0,80.14524163367558
2030-01-02 06:00:00,0.0,79.70681033371022
2030-01-02 07:00:00,0.0,78.47920269380711
2030-01-02 08:00:00,0.0,68.6583415745821
2030-01-02 09:00:00,0.0,62.606241473685934
2030-01-02 10:00:00,0.0,54.63796279783617
2030-01-02 11:00:00,0.0,50.46175662208134
2030-01-02 12:00:00,0.0,47.51269982336544
2030-01-02 13:00:00,0.0,45.11469659230568
2030-01-02 14:00:00,0.0,45.448001426487515
2030-01-02 15:00:00,0.0,53.76916551329623
2030-01-02 16:00:00,0.0,60.36578263658316
2030-01-02 17:00:00,0.0,65.19737538374784
2030-01-02 18:00:00,0.0,70.12587381656908
2030-01-02 19:00:00,0.0,88.0156146390641
2030-01-02 20:00:00,0.0,94.33989340135554
2030-01-02 21:00:00,0.0,101.63889768317948
2030-01-02 22:00:00,0.0,104.33700390316665
2030-01-02 23:00:00,0.0,102.39826069471962
2030-01-03 00:00:00,0.0,97.33437918011919
2030-01-03 01:00:00,0.0,91.89958478574806
2030-01-03 02:00:00,0.0,86.45865235317741
2030-01-03 03:00:00,0.0,84.26649585335042
2030-01-03 04:00:00,0.0,81.8112805735442
2030-01-03 05:00:00,0.0,80.14524163367558
2030-01-03 06:00:00,0.0,79.70681033371022
2030-01-03 07:00:00,0.0,78.47920269380711
2030-01-03 08:00:00,0.0,68.6583415745821
2030-01-03 09:00:00,0.0,62.466308852708835
2030-01-03 10:00:00,0.0,54.7380517500286
2030-01-03 11:00:00,0.0,54.067763897749046
2030-01-03 12:00:00,0.0,50.40569841568367
2030-01-03 13:00:00,0.0,47.83092333842808
2030-01-03 14:00:00,0.0,46.8920336415025
2030-01-03 15:00:00,0.0,54.472747460736734
2030-01-03 16:00:00,0.0,61.16191166137696
2030-01-03 17:00:00,0.0,66.25158447239994
2030-01-03 18:00:00,0.0,71.53353809758767
2030-01-03 19:00:00,0.0,88.33442723042707
2030-01-03 20:00:00,0.0,94.33989340135554
2030-01-03 21:00:00,0.0,101.63889768317948
2030-01-03 22:00:00,0.0,104.33700390316665
2030-01-03 23:00:00,0.0,102.39826069471962
2030-01-04 00:00:00,0.0,97.33437918011919
2030-01-04 01:00:00,0.0,91.89958478574806
2030-01-04 02:00:00,0.0,86.45865235317741
2030-01-04 03:00:00,0.0,84.26649585335042
2030-01-04 04:00:00,0.0,81.8112805735442
2030-01-04 05:00:00,0.0,80.14524163367558
2030-01-04 06:00:00,0.0,79.70681033371022
2030-01-04 07:00:00,0.0,78.47920269380711
2030-01-04 08:00:00,0.0,68.6583415745821
2030-01-04 09:00:00,0.0,62.56941709974466
2030-01-04 10:00:00,0.0,54.29652720265209
2030-01-04 11:00:00,0.0,53.819316968585774
2030-01-04 12:00:00,0.0,51.57275162972985
2030-01-04 13:00:00,0.0,50.44060852981977
2030-01-04 14:00:00,0.0,48.74559592947833
2030-01-04 15:00:00,0.0,55.453351140059226
2030-01-04 16:00:00,0.0,62.18476032324895
2030-01-04 17:00:00,0.0,66.42991718593919
2030-01-04 18:00:00,0.0,70.8435666210479
2030-01-04 19:00:00,0.0,87.73881820263841
2030-01-04 20:00:00,0.0,95.06067445849862
2030-01-04 21:00:00,0.0,101.63889768317948
2030-01-04 22:00:00,0.0,104.33700390316665
2030-01-04 23:00:00,0.0,102.39826069471962
2030-01-05 00:00:00,0.0,97.33437918011919
2030-01-05 01:00:00,0.0,91.89958478574806
2030-01-05 02:00:00,0.0,86.45865235317741
2030-01-05 03:00:00,0.0,84.26649585335042
2030-01-05 04:00:00,0.0,81.8112805735442
2030-01-05 05:00:00,0.0,80.14524163367558
2030-01-05 06:00:00,0.0,79.70681033371022
2030-01-05 07:00:00,0.0,78.47920269380711
2030-01-05 08:00:00,0.0,68.6583415745821
2030-01-05 09:00:00,0.0,62.99657983746408
2030-01-05 10:00:00,0.0,57.23281579980812
2030-01-05 11:00:00,0.0,53.20240504994558
2030-01-05 12:00:00,0.0,50.35085919342646
2030-01-05 13:00:00,0.0,48.18333259704661
2030-01-05 14:00:00,0.0,46.41377291639026
2030-01-05 15:00:00,0.0,54.311117554049595
2030-01-05 16:00:00,0.0,61.089838632115054
2030-01-05 17:00:00,0.0,65.15386321738697
2030-01-05 18:00:00,0.0,72.72698574683159
2030-01-05 19:00:00,0.0,89.24456434608611
2030-01-05 20:00:00,0.0,94.76604862492184
2030-01-05 21:00:00,0.0,101.63889768317948
2030-01-05 22:00:00,0.0,104.33700390316665
2030-01-05 23:00:00,0.0,102.39826069471962
2030-01-06 00:00:00,0.0,97.33437918011919
2030-01-06 01:00:00,0.0,91.89958478574806
2030-01-06 02:00:00,0.0,86.45865235317741
2030-01-06 03:00:00,0.0,84.26649585335042
2030-01-06 04:00:00,0.0,81.8112805735442
2030-01-06 05:00:00,0.0,80.14524163367558
2030-01-06 06:00:00,0.0,79.70681033371022
2030-01-06 07:00:00,0.0,78.47920269380711
2030-01-06 08:00:00,0.0,68.6583415745821
2030-01-06 09:00:00,0.0,66.0161785006535
2030-01-06 10:00:00,0.0,62.824804596865306
2030-01-06 11:00:00,0.0,56.81132523095505
2030-01-06 12:00:00,0.0,53.90452826606622
2030-01-06 13:00:00,0.0,48.97708788389149
2030-01-06 14:00:00,0.0,47.73109745575289
2030-01-06 15:00:00,0.0,54.432489475280704
2030-01-06 16:00:00,0.0,60.35256920051734
2030-01-06 17:00:00,0.0,66.21727779188473
2030-01-06 18:00:00,0.0,71.1428893760808
2030-01-06 19:00:00,0.0,90.60060558366013
2030-01-06 20:00:00,0.0,95.52102732346225
2030-01-06 21:00:00,0.0,101.63889768317948
2030-01-06 22:00:00,0.0,104.33700390316665
2030-01-06 23:00:00,0.0,102.39826069471962
2030-01-07 00:00:00,0.0,97.57727012030001
2030-01-07 01:00:00,0.0,93.05879714285663
2030-01-07 02:00:00,0.0,89.17254209996327
2030-01-07 03:00:00,0.0,86.63402487316365
2030-01-07 04:00:00,0.0,84.1788095933573
2030-01-07 05:00:00,0.0,82.07433935352344
2030-01-07 06:00:00,0.0,81.10979049359956
2030-01-07 07:00:00,0.0,79.26837903374485
2030-01-07 08:00:00,0.0,71.11355685438832
2030-01-07 09:00:00,0.0,63.016597749430495
2030-01-07 10:00:00,0.0,54.96838078339283
2030-01-07 11:00:00,0.0,47.36884592927436
2030-01-07 12:00:00,0.0,45.63430214461596
2030-01-07 13:00:00,0.0,45.65086008453136
2030-01-07 14:00:00,0.0,43.44971843746259
2030-01-07 15:00:00,0.0,47.304038676976006
2030-01-07 16:00:00,0.0,53.94581733399252
2030-01-07 17:00:00,0.0,59.69237848247849
2030-01-07 18:00:00,0.0,65.72669892494014
2030-01-07 19:00:00,0.0,86.59388966686629
2030-01-07 20:00:00,0.0,92.2740051159185
2030-01-07 21:00:00,0.0,99.72032231453089
2030-01-07 22:00:00,0.0,103.44085032603732
2030-01-07 23:00:00,0.0,102.90508727747964
2030-01-08 00:00:00,0.0,98.73648247740856
2030-01-08 01:00:00,0.0,91.96798006854272
2030-01-08 02:00:00,0.0,88.99716957997715
2030-01-08 03:00:00,0.0,86.19559357319814
2030-01-08 04:00:00,0.0,83.1265744734403
2030-01-08 05:00:00,0.0,80.67135919363409
2030-01-08 06:00:00,0.0,80.67135919363409
2030-01-08 07:00:00,0.0,77.86539887385548
2030-01-08 08:00:00,0.0,69.79826295449209
2030-01-08 09:00:00,0.0,61.60581021462588
2030-01-08 10:00:00,0.0,51.142929030130176
2030-01-08 11:00:00,0.0,42.02007226590194
2030-01-08 12:00:00,0.0,38.338445919454784
2030-01-08 13:00:00,0.0,38.14425054166509
2030-01-08 14:00:00,0.0,37.4717044196384
2030-01-08 15:00:00,0.0,44.02106996461907
2030-01-08 16:00:00,0.0,50.33400665851957
2030-01-08 17:00:00,0.0,57.49209122164928
2030-01-08 18:00:00,0.0,63.0470168090452
2030-01-08 19:00:00,0.0,83.87911920222474
2030-01-08 20:00:00,0.0,91.48833622638051
2030-01-08 21:00:00,0.0,98.66808719461392
2030-01-08 22:00:00,0.0,102.22288817473348
2030-01-08 23:00:00,0.0,102.11591093754193
2030-01-09 00:00:00,0.0,97.33437918011919
2030-01-09 01:00:00,0.0,91.89958478574806
2030-01-09 02:00:00,0.0,86.45865235317741
2030-01-09 03:00:00,0.0,84.26649585335042
2030-01-09 04:00:00,0.0,81.8112805735442
2030-01-09 05:00:00,0.0,80.14524163367558
2030-01-09 06:00:00,0.0,79.70681033371022
2030-01-09 07:00:00,0.0,78.47920269380711
2030-01-09 08:00:00,0.0,68.6583415745821
2030-01-09 09:00:00,0.0,64.50637916905885
2030-01-09 10:00:00,0.0,58.49421123697277
2030-01-09 11:00:00,0.0,49.6076951276192
2030-01-09 12:00:00,0.0,46.54521956098392
2030-01-09 13:00:00,0.0,45.8973609245952
2030-01-09 14:00:00,0.0,44.56527480636191
2030-01-09 15:00:00,0.0,52.55354594510129
2030-01-09 16:00:00,0.0,59.45561382459277
2030-01-09 17:00:00,0.0,62.44338046595976
2030-01-09 18:00:00,0.0,68.12380321592785
2030-01-09 19:00:00,0.0,86.14309747487516
2030-01-09 20:00:00,0.0,94.33989340135554
2030-01-09 21:00:00,0.0,101.63889768317948
2030-01-09 22:00:00,0.0,104.33700390316665
2030-01-09 23:00:00,0.0,102.39826069471962
2030-01-10 00:00:00,0.0,97.33437918011919
2030-01-10 01:00:00,0.0,91.89958478574806
2030-01-10 02:00:00,0.0,86.45865235317741
2030-01-10 03:00:00,0.0,84.26649585335042
2030-01-10 04:00:00,0.0,81.8112805735442
2030-01-10 05:00:00,0.0,80.14524163367558
2030-01-10 06:00:00,0.0,79.70681033371022
2030-01-10 07:00:00,0.0,78.47920269380711
2030-01-10 08:00:00,0.0,68.6583415745821
2030-01-10 09:00:00,0.0,64.06448668176279
2030-01-10 10:00:00,0.0,59.19359642106326
2030-01-10 11:00:00,0.0,54.70757936170128
2030-01-10 12:00:00,0.0,51.84022872694232
2030-01-10 13:00:00,0.0,52.58798476801496
2030-01-10 14:00:00,0.0,51.11933932374951
2030-01-10 15:00:00,0.0,57.21706195561819
2030-01-10 16:00:00,0.0,63.416078584001866
2030-01-10 17:00:00,0.0,67.04927436453704
2030-01-10 18:00:00,0.0,71.6458524381087
2030-01-10 19:00:00,0.0,91.81733704311955
2030-01-10 20:00:00,0.0,97.71756813628895
2030-01-10 21:00:00,0.0,102.88667316288104
2030-01-10 22:00:00,0.0,104.33700390316665
2030-01-10 23:00:00,0.0,102.39826069471962
2030-01-11 00:00:00,0.0,97.33437918011919
2030-01-11 01:00:00,0.0,91.89958478574806
2030-01-11 02:00:00,0.0,86.45865235317741
2030-01-11 03:00:00,0.0,84.26649585335042
2030-01-11 04:00:00,0.0,81.8112805735442
2030-01-11 05:00:00,0.0,80.14524163367558
2030-01-11 06:00:00,0.0,79.70681033371022
2030-01-11 07:00:00,0.0,78.47920269380711
2030-01-11 08:00:00,0.0,68.6583415745821
2030-01-11 09:00:00,0.0,64.14550030443377
2030-01-11 10:00:00,0.0,63.742217042864695
2030-01-11 11:00:00,0.0,58.121256408253885
2030-01-11 12:00:00,0.0,54.90908233590824
2030-01-11 13:00:00,0.0,53.08168020470828
2030-01-11 14:00:00,0.0,48.98377385339177
2030-01-11 15:00:00,0.0,53.22948112481015
2030-01-11 16:00:00,0.0,61.473488292014046
2030-01-11 17:00:00,0.0,66.34526294532793
2030-01-11 18:00:00,0.0,72.59699418771923
2030-01-11 19:00:00,0.0,90.99797041400505
2030-01-11 20:00:00,0.0,97.99641044306702
2030-01-11 21:00:00,0.0,101.77042707316912
2030-01-11 22:00:00,0.0,104.33700390316665
2030-01-11 23:00:00,0.0,102.39826069471962
2030-01-12 00:00:00,0.0,97.33437918011919
2030-01-12 01:00:00,0.0,91.89958478574806
2030-01-12 02:00:00,0.0,86.45865235317741
2030-01-12 03:00:00,0.0,84.26649585335042
2030-01-12 04:00:00,0.0,81.8112805735442
2030-01-12 05:00:00,0.0,80.14524163367558
2030-01-12 06:00:00,0.0,79.70681033371022
2030-01-12 07:00:00,0.0,78.47920269380711
2030-01-12 08:00:00,0.0,68.6583415745821
2030-01-12 09:00:00,0.0,65.39016414365085
2030-01-12 10:00:00,0.0,62.968758196420815
2030-01-12 11:00:00,0.0,56.49420918148951
2030-01-12 12:00:00,0.0,52.86885017460486
2030-01-12 13:00:00,0.0,47.95258985465068
2030-01-12 14:00:00,0.0,47.42392398725156
2030-01-12 15:00:00,0.0,55.23309622241777
2030-01-12 16:00:00,0.0,61.44053820679517
2030-01-12 17:00:00,0.0,67.34347049831365
2030-01-12 18:00:00,0.0,72.22518773259162
2030-01-12 19:00:00,0.0,93.9684039417914
2030-01-12 20:00:00,0.0,99.1573765253754
2030-01-12 21:00:00,0.0,101.8633745087618
2030-01-12 22:00:00,0.0,104.33700390316665
2030-01-12 23:00:00,0.0,102.39826069471962
2030-01-13 00:00:00,0.0,97.33437918011919
2030-01-13 01:00:00,0.0,91.89958478574806
2030-01-13 02:00:00,0.0,86.45865235317741
2030-01-13 03:00:00,0.0,84.26649585335042
2030-01-13 04:00:00,0.0,81.8112805735442
2030-01-13 05:00:00,0.0,80.14524163367558
2030-01-13 06:00:00,0.0,79.70681033371022
2030-01-13 07:00:00,0.0,78.47920269380711
2030-01-13 08:00:00,0.0,68.6583415745821
2030-01-13 09:00:00,0.0,64.18232467837504
2030-01-13 10:00:00,0.0,61.19984832613704
2030-01-13 11:00:00,0.0,56.27348449172496
2030-01-13 12:00:00,0.0,52.188425155654045
2030-01-13 13:00:00,0.0,49.45956235037021
2030-01-13 14:00:00,0.0,46.50580384486864
2030-01-13 15:00:00,0.0,54.37768086703807
2030-01-13 16:00:00,0.0,60.648505632247065
2030-01-13 17:00:00,0.0,66.23480710534034
2030-01-13 18:00:00,0.0,71.49880559114217
2030-01-13 19:00:00,0.0,92.94554007728766
2030-01-13 20:00:00,0.0,98.05165278686265
2030-01-13 21:00:00,0.0,101.63889768317948
2030-01-13 22:00:00,0.0,104.33700390316665
2030-01-13 23:00:00,0.0,102.39826069471962
2030-01-14 00:00:00,0.0,97.57727012030001
2030-01-14 01:00:00,0.0,93.05879714285663
2030-01-14 02:00:00,0.0,89.17254209996327
2030-01-14 03:00:00,0.0,86.63402487316365
2030-01-14 04:00:00,0.0,84.1788095933573
2030-01-14 05:00:00,0.0,82.07433935352344
2030-01-14 06:00:00,0.0,81.10979049359956
2030-01-14 07:00:00,0.0,79.26837903374485
2030-01-14 08:00:00,0.0,71.11355685438832
2030-01-14 09:00:00,0.0,64.59268095411971
2030-01-14 10:00:00,0.0,60.330689445998814
2030-01-14 11:00:00,0.0,51.93274306354192
2030-01-14 12:00:00,0.0,49.85786841491768
2030-01-14 13:00:00,0.0,49.641357466519594
2030-01-14 14:00:00,0.0,47.629360655291066
2030-01-14 15:00:00,0.0,51.78176708004071
2030-01-14 16:00:00,0.0,58.45352077744542
2030-01-14 17:00:00,0.0,63.88984400111451
2030-01-14 18:00:00,0.0,70.43381438656388
2030-01-14 19:00:00,0.0,92.17442016744815
2030-01-14 20:00:00,0.0,98.97148165419003
2030-01-14 21:00:00,0.0,103.33211936364592
2030-01-14 22:00:00,0.0,103.68286440361828
2030-01-14 23:00:00,0.0,103.09975077466424
2030-01-15 00:00:00,0.0,98.73648247740856
2030-01-15 01:00:00,0.0,91.96798006854272
2030-01-15 02:00:00,0.0,88.99716957997715
2030-01-15 03:00:00,0.0,86.19559357319814
2030-01-15 04:00:00,0.0,83.1265744734403
2030-01-15 05:00:00,0.0,80.67135919363409
2030-01-15 06:00:00,0.0,80.67135919363409
2030-01-15 07:00:00,0.0,77.86539887385548
2030-01-15 08:00:00,0.0,69.79826295449209
2030-01-15 09:00:00,0.0,61.73837796081465
2030-01-15 10:00:00,0.0,55.392685463582666
2030-01-15 11:00:00,0.0,47.10833454527619
2030-01-15 12:00:00,0.0,43.88349258447488
2030-01-15 13:00:00,0.0,42.5401994358449
2030-01-15 14:00:00,0.0,35.93453593728691
2030-01-15 15:00:00,0.0,47.03567657950953
2030-01-15 16:00:00,0.0,53.21860868593944
2030-01-15 17:00:00,0.0,60.38654763382772
2030-01-15 18:00:00,0.0,64.90184719229205
2030-01-15 19:00:00,0.0,86.43186627678017
2030-01-15 20:00:00,0.0,94.23116243896413
2030-01-15 21:00:00,0.0,99.7229529023307
2030-01-15 22:00:00,0.0,102.22288817473348
2030-01-15 23:00:00,0.0,102.11591093754193
2030-01-16 00:00:00,0.0,97.33437918011919
2030-01-16 01:00:00,0.0,91.89958478574806
2030-01-16 02:00:00,0.0,86.45865235317741
2030-01-16 03:00:00,0.0,84.26649585335042
2030-01-16 04:00:00,0.0,81.8112805735442
2030-01-16 05:00:00,0.0,80.14524163367558
2030-01-16 06:00:00,0.0,79.70681033371022
2030-01-16 07:00:00,0.0,78.47920269380711
2030-01-16 08:00:00,0.0,68.6583415745821
2030-01-16 09:00:00,0.0,66.03827312501835
2030-01-16 10:00:00,0.0,61.43316452123065
2030-01-16 11:00:00,0.0,51.29071509895448
2030-01-16 12:00:00,0.0,45.11737521922555
2030-01-16 13:00:00,0.0,43.56435983536085
2030-01-16 14:00:00,0.0,38.907237022271936
2030-01-16 15:00:00,0.0,47.69420034452333
2030-01-16 16:00:00,0.0,55.42860242639188
2030-01-16 17:00:00,0.0,61.62833947569732
2030-01-16 18:00:00,0.0,66.81836461224987
2030-01-16 19:00:00,0.0,86.65999277008255
2030-01-16 20:00:00,0.0,94.51701964654147
2030-01-16 21:00:00,0.0,101.63889768317948
2030-01-16 22:00:00,0.0,104.33700390316665
2030-01-16 23:00:00,0.0,102.39826069471962
2030-01-17 00:00:00,0.0,97.33437918011919
2030-01-17 01:00:00,0.0,91.89958478574806
2030-01-17 02:00:00,0.0,86.45865235317741
2030-01-17 03:00:00,0.0,84.26649585335042
2030-01-17 04:00:00,0.0,81.8112805735442
2030-01-17 05:00:00,0.0,80.14524163367558
2030-01-17 06:00:00,0.0,79.70681033371022
2030-01-17 07:00:00,0.0,78.47920269380711
2030-01-17 08:00:00,0.0,68.6583415745821
2030-01-17 09:00:00,0.0,64.30752754977561
2030-01-17 10:00:00,0.0,56.81310491780289
2030-01-17 11:00:00,0.0,49.663298716991115
2030-01-17 12:00:00,0.0,45.14938181053981
2030-01-17 13:00:00,0.0,41.00537286214819
2030-01-17 14:00:00,0.0,36.35801593379245
2030-01-17 15:00:00,0.0,45.898714785512766
2030-01-17 16:00:00,0.0,52.638843919687815
2030-01-17 17:00:00,0.0,60.69519195054761
2030-01-17 18:00:00,0.0,64.43317292130314
2030-01-17 19:00:00,0.0,84.8151505378007
2030-01-17 20:00:00,0.0,94.33989340135554
2030-01-17 21:00:00,0.0,101.63889768317948
2030-01-17 22:00:00,0.0,104.33700390316665
2030-01-17 23:00:00,0.0,102.39826069471962
2030-01-18 00:00:00,0.0,97.33437918011919
2030-01-18 01:00:00,0.0,91.89958478574806
2030-01-18 02:00:00,0.0,86.45865235317741
2030-01-18 03:00:00,0.0,84.26649585335042
2030-01-18 04:00:00,0.0,81.8112805735442
2030-01-18 05:00:00,0.0,80.14524163367558
2030-01-18 06:00:00,0.0,79.70681033371022
2030-01-18 07:00:00,0.0,78.47920269380711
2030-01-18 08:00:00,0.0,68.6583415745821
2030-01-18 09:00:00,0.0,67.64381582886051
2030-01-18 10:00:00,0.0,63.29507851645246
2030-01-18 11:00:00,0.0,56.77548465127268
2030-01-18 12:00:00,0.0,48.76384141037761
2030-01-18 13:00:00,0.0,43.49409619550192
2030-01-18 14:00:00,0.0,37.29285282284536
2030-01-18 15:00:00,0.0,44.46988391511672
2030-01-18 16:00:00,0.0,49.86339024808967
2030-01-18 17:00:00,0.0,55.27764885376882
2030-01-18 18:00:00,0.0,60.051602814797086
2030-01-18 19:00:00,0.0,83.74724369350201
2030-01-18 20:00:00,0.0,94.33989340135554
2030-01-18 21:00:00,0.0,101.63889768317948
2030-01-18 22:00:00,0.0,104.33700390316665
2030-01-18 23:00:00,0.0,102.39826069471962
2030-01-19 00:00:00,0.0,97.33437918011919
2030-01-19 01:00:00,0.0,91.89958478574806
2030-01-19 02:00:00,0.0,86.45865235317741
2030-01-19 03:00:00,0.0,84.26649585335042
2030-01-19 04:00:00,0.0,81.8112805735442
2030-01-19 05:00:00,0.0,80.14524163367558
2030-01-19 06:00:00,0.0,79.70681033371022
2030-01-19 07:00:00,0.0,78.47920269380711
2030-01-19 08:00:00,0.0,68.6583415745821
2030-01-19 09:00:00,0.0,63.23225583068859
2030-01-19 10:00:00,0.0,54.37407933417263
2030-01-19 11:00:00,0.0,46.30233810736559
2030-01-19 12:00:00,0.0,41.83496720957612
2030-01-19 13:00:00,0.0,39.44141260594438
2030-01-19 14:00:00,0.0,35.240558941085965
2030-01-19 15:00:00,0.0,44.37797270831811
2030-01-19 16:00:00,0.0,52.187394073183675
2030-01-19 17:00:00,0.0,58.83789116208617
2030-01-19 18:00:00,0.0,63.21702842935314
2030-01-19 19:00:00,0.0,84.80269026341055
2030-01-19 20:00:00,0.0,94.33989340135554
2030-01-19 21:00:00,0.0,101.63889768317948
2030-01-19 22:00:00,0.0,104.33700390316665
2030-01-19 23:00:00,0.0,102.39826069471962
2030-01-20 00:00:00,0.0,97.33437918011919
2030-01-20 01:00:00,0.0,91.89958478574806
2030-01-20 02:00:00,0.0,86.45865235317741
2030-01-20 03:00:00,0.0,84.26649585335042
2030-01-20 04:00:00,0.0,81.8112805735442
2030-01-20 05:00:00,0.0,80.14524163367558
2030-01-20 06:00:00,0.0,79.70681033371022
2030-01-20 07:00:00,0.0,78.47920269380711
2030-01-20 08:00:00,0.0,68.6583415745821
2030-01-20 09:00:00,0.0,63.24698558026512
2030-01-20 10:00:00,0.0,54.78570218608877
2030-01-20 11:00:00,0.0,46.93483355418186
2030-01-20 12:00:00,0.0,43.13449997360556
2030-01-20 13:00:00,0.0,43.37545110086171
2030-01-20 14:00:00,0.0,38.06596222648568
2030-01-20 15:00:00,0.0,49.54467120800723
2030-01-20 16:00:00,0.0,57.4010950214797
2030-01-20 17:00:00,0.0,64.64801421819357
2030-01-20 18:00:00,0.0,67.56047909847075
2030-01-20 19:00:00,0.0,84.25542005389251
2030-01-20 20:00:00,0.0,94.33989340135554
2030-01-20 21:00:00,0.0,101.63889768317948
2030-01-20 22:00:00,0.0,104.33700390316665
2030-01-20 23:00:00,0.0,102.39826069471962
2030-01-21 00:00:00,0.0,97.57727012030001
2030-01-21 01:00:00,0.0,93.05879714285663
2030-01-21 02:00:00,0.0,89.17254209996327
2030-01-21 03:00:00,0.0,86.63402487316365
2030-01-21 04:00:00,0.0,84.1788095933573
2030-01-21 05:00:00,0.0,82.07433935352344
2030-01-21 06:00:00,0.0,81.10979049359956
2030-01-21 07:00:00,0.0,79.26837903374485
2030-01-21 08:00:00,0.0,71.11355685438832
2030-01-21 09:00:00,0.0,65.87416916727807
2030-01-21 10:00:00,0.0,59.96781963462195
2030-01-21 11:00:00,0.0,52.28610641386433
2030-01-21 12:00:00,0.0,52.537207736150094
2030-01-21 13:00:00,0.0,52.06432731929158
2030-01-21 14:00:00,0.0,46.22433227027898
2030-01-21 15:00:00,0.0,51.240197222844806
2030-01-21 16:00:00,0.0,58.36480252352237
2030-01-21 17:00:00,0.0,64.1415896650152
2030-01-21 18:00:00,0.0,65.99099427471617
2030-01-21 19:00:00,0.0,83.63538609674582
2030-01-21 20:00:00,0.0,92.95269676826499
2030-01-21 21:00:00,0.0,99.72032231453089
2030-01-21 22:00:00,0.0,103.44085032603732
2030-01-21 23:00:00,0.0,102.90508727747964
2030-01-22 00:00:00,0.0,98.73648247740856
2030-01-22 01:00:00,0.0,91.96798006854272
2030-01-22 02:00:00,0.0,88.99716957997715
2030-01-22 03:00:00,0.0,86.19559357319814
2030-01-22 04:00:00,0.0,83.1265744734403
2030-01-22 05:00:00,0.0,80.67135919363409
2030-01-22 06:00:00,0.0,80.67135919363409
2030-01-22 07:00:00,0.0,77.86539887385548
2030-01-22 08:00:00,0.0,69.79826295449209
2030-01-22 09:00:00,0.0,63.94047552250652
2030-01-22 10:00:00,0.0,55.019578172430215
2030-01-22 11:00:00,0.0,49.58777813639677
2030-01-22 12:00:00,0.0,48.11172812462837
2030-01-22 13:00:00,0.0,49.288329011543055
2030-01-22 14:00:00,0.0,45.35993207147749
2030-01-22 15:00:00,0.0,52.27262204486078
2030-01-22 16:00:00,0.0,59.126111453304816
2030-01-22 17:00:00,0.0,66.02321455649337
2030-01-22 18:00:00,0.0,70.54254994481369
2030-01-22 19:00:00,0.0,88.95304244248234
2030-01-22 20:00:00,0.0,96.49697539718531
2030-01-22 21:00:00,0.0,101.9861352727521
2030-01-22 22:00:00,0.0,102.22288817473348
2030-01-22 23:00:00,0.0,102.11591093754193
2030-01-23 00:00:00,0.0,97.33437918011919
2030-01-23 01:00:00,0.0,91.89958478574806
2030-01-23 02:00:00,0.0,86.45865235317741
2030-01-23 03:00:00,0.0,84.26649585335042
2030-01-23 04:00:00,0.0,81.8112805735442
2030-01-23 05:00:00,0.0,80.14524163367558
2030-01-23 06:00:00,0.0,79.70681033371022
2030-01-23 07:00:00,0.0,78.47920269380711
2030-01-23 08:00:00,0.0,68.6583415745821
2030-01-23 09:00:00,0.0,63.78462143980869
2030-01-23 10:00:00,0.0,55.732383191372605
2030-01-23 11:00:00,0.0,52.37381117097335
2030-01-23 12:00:00,0.0,49.41709520629763
2030-01-23 13:00:00,0.0,54.01497654645311
2030-01-23 14:00:00,0.0,48.38586665372395
2030-01-23 15:00:00,0.0,54.68082002478275
2030-01-23 16:00:00,0.0,60.80857436777103
2030-01-23 17:00:00,0.0,66.76949792642813
2030-01-23 18:00:00,0.0,71.21995688420066
2030-01-23 19:00:00,0.0,89.70378290059932
2030-01-23 20:00:00,0.0,99.59931527574051
2030-01-23 21:00:00,0.0,105.18931435029936
2030-01-23 22:00:00,0.0,104.33700390316665
2030-01-23 23:00:00,0.0,102.39826069471962
2030-01-24 00:00:00,0.0,97.33437918011919
2030-01-24 01:00:00,0.0,91.89958478574806
2030-01-24 02:00:00,0.0,86.45865235317741
2030-01-24 03:00:00,0.0,84.26649585335042
2030-01-24 04:00:00,0.0,81.8112805735442
2030-01-24 05:00:00,0.0,80.14524163367558
2030-01-24 06:00:00,0.0,79.70681033371022
2030-01-24 07:00:00,0.0,78.47920269380711
2030-01-24 08:00:00,0.0,68.6583415745821
2030-01-24 09:00:00,0.0,64.52110891863538
2030-01-24 10:00:00,0.0,57.59923165270254
2030-01-24 11:00:00,0.0,53.28757088213376
2030-01-24 12:00:00,0.0,53.8921719506186
2030-01-24 13:00:00,0.0,50.870644176346445
2030-01-24 14:00:00,0.0,46.134333804186205
2030-01-24 15:00:00,0.0,53.44125128134772
2030-01-24 16:00:00,0.0,64.81643769916218
2030-01-24 17:00:00,0.0,69.80612551693548
2030-01-24 18:00:00,0.0,67.29126443768405
2030-01-24 19:00:00,0.0,86.56831072363627
2030-01-24 20:00:00,0.0,97.04852197254172
2030-01-24 21:00:00,0.0,103.11202685106332
2030-01-24 22:00:00,0.0,105.0490163343104
2030-01-24 23:00:00,0.0,102.39826069471962
2030-01-25 00:00:00,0.0,97.33437918011919
2030-01-25 01:00:00,0.0,91.89958478574806
2030-01-25 02:00:00,0.0,86.45865235317741
2030-01-25 03:00:00,0.0,84.26649585335042
2030-01-25 04:00:00,0.0,81.8112805735442
2030-01-25 05:00:00,0.0,80.14524163367558
2030-01-25 06:00:00,0.0,79.70681033371022
2030-01-25 07:00:00,0.0,78.47920269380711
2030-01-25 08:00:00,0.0,68.6583415745821
2030-01-25 09:00:00,0.0,65.19867739915594
2030-01-25 10:00:00,0.0,58.24734124170982
2030-01-25 11:00:00,0.0,53.52209850176723
2030-01-25 12:00:00,0.0,56.12540929666682
2030-01-25 13:00:00,0.0,55.28700649822815
2030-01-25 14:00:00,0.0,51.329516176009854
2030-01-25 15:00:00,0.0,53.801276063553246
2030-01-25 16:00:00,0.0,60.98471216633152
2030-01-25 17:00:00,0.0,64.86692769563604
2030-01-25 18:00:00,0.0,67.97845211308174
2030-01-25 19:00:00,0.0,88.02461029801054
2030-01-25 20:00:00,0.0,97.95782848866995
2030-01-25 21:00:00,0.0,104.50010034675368
2030-01-25 22:00:00,0.0,104.33700390316665
2030-01-25 23:00:00,0.0,102.39826069471962
2030-01-26 00:00:00,0.0,97.33437918011919
2030-01-26 01:00:00,0.0,91.89958478574806
2030-01-26 02:00:00,0.0,86.45865235317741
2030-01-26 03:00:00,0.0,84.26649585335042
2030-01-26 04:00:00,0.0,81.8112805735442
2030-01-26 05:00:00,0.0,80.14524163367558
2030-01-26 06:00:00,0.0,79.70681033371022
2030-01-26 07:00:00,0.0,78.47920269380711
2030-01-26 08:00:00,0.0,68.6583415745821
2030-01-26 09:00:00,0.0,64.02029743303319
2030-01-26 10:00:00,0.0,55.97181527073917
2030-01-26 11:00:00,0.0,50.05394743849797
2030-01-26 12:00:00,0.0,47.617560485252966
2030-01-26 13:00:00,0.0,45.50690557351618
2030-01-26 14:00:00,0.0,42.367242473261285
2030-01-26 15:00:00,0.0,53.37103401824061
2030-01-26 16:00:00,0.0,61.03605928342358
2030-01-26 17:00:00,0.0,66.89463987361921
2030-01-26 18:00:00,0.0,69.55556640024122
2030-01-26 19:00:00,0.0,86.46360638974421
2030-01-26 20:00:00,0.0,94.33989340135554
2030-01-26 21:00:00,0.0,101.63889768317948
2030-01-26 22:00:00,0.0,104.33700390316665
2030-01-26 23:00:00,0.0,102.39826069471962
2030-01-27 00:00:00,0.0,97.33437918011919
2030-01-27 01:00:00,0.0,91.89958478574806
2030-01-27 02:00:00,0.0,86.45865235317741
2030-01-27 03:00:00,0.0,84.26649585335042
2030-01-27 04:00:00,0.0,81.8112805735442
2030-01-27 05:00:00,0.0,80.14524163367558
2030-01-27 06:00:00,0.0,79.70681033371022
2030-01-27 07:00:00,0.0,78.47920269380711
2030-01-27 08:00:00,0.0,68.6583415745821
2030-01-27 09:00:00,0.0,63.40164795081876
2030-01-27 10:00:00,0.0,54.96105985479744
2030-01-27 11:00:00,0.0,46.68855214126222
2030-01-27 12:00:00,0.0,43.5994745253638
2030-01-27 13:00:00,0.0,41.61472957377112
2030-01-27 14:00:00,0.0,38.771296892597775
2030-01-27 15:00:00,0.0,45.90948478454016
2030-01-27 16:00:00,0.0,52.74386976854737
2030-01-27 17:00:00,0.0,58.25560931004827
2030-01-27 18:00:00,0.0,63.909091773388695
2030-01-27 19:00:00,0.0,85.5752409112514
2030-01-27 20:00:00,0.0,95.2860281466808
2030-01-27 21:00:00,0.0,101.63889768317948
2030-01-27 22:00:00,0.0,104.33700390316665
2030-01-27 23:00:00,0.0,102.39826069471962
2030-01-28 00:00:00,0.0,97.57727012030001
2030-01-28 01:00:00,0.0,93.05879714285663
2030-01-28 02:00:00,0.0,89.17254209996327
2030-01-28 03:00:00,0.0,86.63402487316365
2030-01-28 04:00:00,0.0,84.1788095933573
2030-01-28 05:00:00,0.0,82.07433935352344
2030-01-28 06:00:00,0.0,81.10979049359956
2030-01-28 07:00:00,0.0,79.26837903374485
2030-01-28 08:00:00,0.0,71.11355685438832
2030-01-28 09:00:00,0.0,63.510044360244365
2030-01-28 10:00:00,0.0,54.74074705114514
2030-01-28 11:00:00,0.0,44.783743960758095
2030-01-28 12:00:00,0.0,41.6657960356896
2030-01-28 13:00:00,0.0,41.49596384599136
2030-01-28 14:00:00,0.0,39.32640296430668
2030-01-28 15:00:00,0.0,43.318741261172136
2030-01-28 16:00:00,0.0,50.01447505165152
2030-01-28 17:00:00,0.0,55.119997194746816
2030-01-28 18:00:00,0.0,62.27905252377718
2030-01-28 19:00:00,0.0,81.18199779199881
2030-01-28 20:00:00,0.0,92.2740051159185
2030-01-28 21:00:00,0.0,99.72032231453089
2030-01-28 22:00:00,0.0,103.44085032603732
2030-01-28 23:00:00,0.0,102.90508727747964
2030-01-29 00:00:00,0.0,98.73648247740856
2030-01-29 01:00:00,0.0,91.96798006854272
2030-01-29 02:00:00,0.0,88.99716957997715
2030-01-29 03:00:00,0.0,86.19559357319814
2030-01-29 04:00:00,0.0,83.1265744734403
2030-01-29 05:00:00,0.0,80.67135919363409
2030-01-29 06:00:00,0.0,80.67135919363409
2030-01-29 07:00:00,0.0,77.86539887385548
2030-01-29 08:00:00,0.0,69.79826295449209
2030-01-29 09:00:00,0.0,61.25966109957733
2030-01-29 10:00:00,0.0,50.37020636734519
2030-01-29 11:00:00,0.0,41.511601310520064
2030-01-29 12:00:00,0.0,39.132336083076886
2030-01-29 13:00:00,0.0,40.967371323520176
2030-01-29 14:00:00,0.0,35.421455117163305
2030-01-29 15:00:00,0.0,41.79104406856242
2030-01-29 16:00:00,0.0,51.50970739008267
2030-01-29 17:00:00,0.0,58.89028512438574
2030-01-29 18:00:00,0.0,63.83650350671155
2030-01-29 19:00:00,0.0,80.83125275202654
2030-01-29 20:00:00,0.0,91.48833622638051
2030-01-29 21:00:00,0.0,98.66808719461392
2030-01-29 22:00:00,0.0,102.22288817473348
2030-01-29 23:00:00,0.0,102.11591093754193
2030-01-30 00:00:00,0.0,97.33437918011919
2030-01-30 01:00:00,0.0,91.89958478574806
2030-01-30 02:00:00,0.0,86.45865235317741
2030-01-30 03:00:00,0.0,84.26649585335042
2030-01-30 04:00:00,0.0,81.8112805735442
2030-01-30 05:00:00,0.0,80.14524163367558
2030-01-30 06:00:00,0.0,79.70681033371022
2030-01-30 07:00:00,0.0,78.47920269380711
2030-01-30 08:00:00,0.0,68.6583415745821
2030-01-30 09:00:00,0.0,64.01293255824497
2030-01-30 10:00:00,0.0,56.72936629146034
2030-01-30 11:00:00,0.0,48.66145479954321
2030-01-30 12:00:00,0.0,47.44262955393424
2030-01-30 13:00:00,0.0,47.09640861305706
2030-01-30 14:00:00,0.0,45.09482415491584
2030-01-30 15:00:00,0.0,54.3579117809511
2030-01-30 16:00:00,0.0,60.691102791978885
2030-01-30 17:00:00,0.0,66.21870682064946
2030-01-30 18:00:00,0.0,69.95048644530539
2030-01-30 19:00:00,0.0,87.06270744690947
2030-01-30 20:00:00,0.0,94.86864154911379
2030-01-30 21:00:00,0.0,101.63889768317948
2030-01-30 22:00:00,0.0,104.33700390316665
2030-01-30 23:00:00,0.0,102.39826069471962
2030-01-31 00:00:00,0.0,97.33437918011919
2030-01-31 01:00:00,0.0,91.89958478574806
2030-01-31 02:00:00,0.0,86.45865235317741
2030-01-31 03:00:00,0.0,84.26649585335042
2030-01-31 04:00:00,0.0,81.8112805735442
2030-01-31 05:00:00,0.0,80.14524163367558
2030-01-31 06:00:00,0.0,79.70681033371022
2030-01-31 07:00:00,0.0,78.47920269380711
2030-01-31 08:00:00,0.0,68.6583415745821
2030-01-31 09:00:00,0.0,63.482661573489736
2030-01-31 10:00:00,0.0,55.353460383516335
2030-01-31 11:00:00,0.0,46.9596531822184
2030-01-31 12:00:00,0.0,50.96383832969354
2030-01-31 13:00:00,0.0,48.899847325379135
2030-01-31 14:00:00,0.0,43.06200202987304
2030-01-31 15:00:00,0.0,51.748920953764575
2030-01-31 16:00:00,0.0,58.883940430448654
2030-01-31 17:00:00,0.0,65.18485631188719
2030-01-31 18:00:00,0.0,69.28155063102429
2030-01-31 19:00:00,0.0,87.12799922687384
2030-01-31 20:00:00,0.0,94.33989340135554
2030-01-31 21:00:00,0.0,101.63889768317948
2030-01-31 22:00:00,0.0,104.33700390316665
2030-01-31 23:00:00,0.0,102.39826069471962
2030-02-01 00:00:00,0.0,92.50374311710038
2030-02-01 01:00:00,0.0,87.16014243312202
2030-02-01 02:00:00,0.0,80.84673171362033
2030-02-01 03:00:00,0.0,77.69002635386937
2030-02-01 04:00:00,0.0,75.05943855407689
2030-02-01 05:00:00,0.0,73.56877213419467
2030-02-01 06:00:00,0.0,73.30571335421531
2030-02-01 07:00:00,0.0,71.81504693433294
2030-02-01 08:00:00,0.0,65.238577434852
2030-02-01 09:00:00,0.0,59.234820007482085
2030-02-01 10:00:00,0.0,46.92579929580961
2030-02-01 11:00:00,0.0,39.83644447337167
2030-02-01 12:00:00,0.0,40.02274974879822
2030-02-01 13:00:00,0.0,43.8146040370284
2030-02-01 14:00:00,0.0,38.65409203216143
2030-02-01 15:00:00,0.0,42.84492855584813
2030-02-01 16:00:00,0.0,49.593144504832594
2030-02-01 17:00:00,0.0,56.53904702531236
2030-02-01 18:00:00,0.0,61.64226999066625
2030-02-01 19:00:00,0.0,82.00201810602185
2030-02-01 20:00:00,0.0,87.77833056607324
2030-02-01 21:00:00,0.0,95.50349007146372
2030-02-01 22:00:00,0.0,96.85648906315693
2030-02-01 23:00:00,0.0,95.5710084916584
2030-02-02 00:00:00,0.0,92.50374311710038
2030-02-02 01:00:00,0.0,87.16014243312202
2030-02-02 02:00:00,0.0,80.84673171362033
2030-02-02 03:00:00,0.0,77.69002635386937
2030-02-02 04:00:00,0.0,75.05943855407689
2030-02-02 05:00:00,0.0,73.56877213419467
2030-02-02 06:00:00,0.0,73.30571335421531
2030-02-02 07:00:00,0.0,71.81504693433294
2030-02-02 08:00:00,0.0,65.238577434852
2030-02-02 09:00:00,0.0,60.57522721894668
2030-02-02 10:00:00,0.0,49.4121073755806
2030-02-02 11:00:00,0.0,39.975300242766366
2030-02-02 12:00:00,0.0,38.352482216285686
2030-02-02 13:00:00,0.0,38.72735707738741
2030-02-02 14:00:00,0.0,37.33219792841145
2030-02-02 15:00:00,0.0,46.79888039614946
2030-02-02 16:00:00,0.0,53.70772426426606
2030-02-02 17:00:00,0.0,59.193864047878606
2030-02-02 18:00:00,0.0,62.73280154802262
2030-02-02 19:00:00,0.0,81.24185876511011
2030-02-02 20:00:00,0.0,87.24782869311514
2030-02-02 21:00:00,0.0,95.50349007146372
2030-02-02 22:00:00,0.0,96.85648906315693
2030-02-02 23:00:00,0.0,95.5710084916584
2030-02-03 00:00:00,0.0,92.50374311710038
2030-02-03 01:00:00,0.0,87.16014243312202
2030-02-03 02:00:00,0.0,80.84673171362033
2030-02-03 03:00:00,0.0,77.69002635386937
2030-02-03 04:00:00,0.0,75.05943855407689
2030-02-03 05:00:00,0.0,73.56877213419467
2030-02-03 06:00:00,0.0,73.30571335421531
2030-02-03 07:00:00,0.0,71.81504693433294
2030-02-03 08:00:00,0.0,65.238577434852
2030-02-03 09:00:00,0.0,61.70941793633983
2030-02-03 10:00:00,0.0,51.70471924842025
2030-02-03 11:00:00,0.0,45.25687350731596
2030-02-03 12:00:00,0.0,44.36061462233568
2030-02-03 13:00:00,0.0,47.41907710970918
2030-02-03 14:00:00,0.0,41.79478530342692
2030-02-03 15:00:00,0.0,45.8911456386777
2030-02-03 16:00:00,0.0,52.661456212026906
2030-02-03 17:00:00,0.0,58.656950432176245
2030-02-03 18:00:00,0.0,60.96265328502295
2030-02-03 19:00:00,0.0,79.37948741848379
2030-02-03 20:00:00,0.0,87.68625999308051
2030-02-03 21:00:00,0.0,95.50349007146372
2030-02-03 22:00:00,0.0,96.85648906315693
2030-02-03 23:00:00,0.0,95.5710084916584
2030-02-04 00:00:00,0.0,96.85648906315693
2030-02-04 01:00:00,0.0,90.06869567709259
2030-02-04 02:00:00,0.0,84.26649585335042
2030-02-04 03:00:00,0.0,81.02210423360644
2030-02-04 04:00:00,0.0,78.04077139384172
2030-02-04 05:00:00,0.0,76.55010497395939
2030-02-04 06:00:00,0.0,75.49786985404238
2030-02-04 07:00:00,0.0,74.00720343416003
2030-02-04 08:00:00,0.0,65.76469499481038
2030-02-04 09:00:00,0.0,59.684077369566474
2030-02-04 10:00:00,0.0,50.35965944130055
2030-02-04 11:00:00,0.0,48.02336235170765
2030-02-04 12:00:00,0.0,45.12790729399262
2030-02-04 13:00:00,0.0,46.244410194995226
2030-02-04 14:00:00,0.0,39.87517281313876
2030-02-04 15:00:00,0.0,47.69929635176493
2030-02-04 16:00:00,0.0,56.68954324653077
2030-02-04 17:00:00,0.0,63.276806371196805
2030-02-04 18:00:00,0.0,69.54404870829603
2030-02-04 19:00:00,0.0,87.65339370732009
2030-02-04 20:00:00,0.0,97.52027405130458
2030-02-04 21:00:00,0.0,100.39287592867788
2030-02-04 22:00:00,0.0,103.55747305182808
2030-02-04 23:00:00,0.0,102.1553697545388
2030-02-05 00:00:00,0.0,95.39563597167216
2030-02-05 01:00:00,0.0,88.70517433420012
2030-02-05 02:00:00,0.0,83.74037829339191
2030-02-05 03:00:00,0.0,81.72359431355108
2030-02-05 04:00:00,0.0,80.40830041365484
2030-02-05 05:00:00,0.0,77.42696757389011
2030-02-05 06:00:00,0.0,78.30383017382097
2030-02-05 07:00:00,0.0,76.81316375393862
2030-02-05 08:00:00,0.0,69.00908661455446
2030-02-05 09:00:00,0.0,64.80789653525073
2030-02-05 10:00:00,0.0,63.55445850487604
2030-02-05 11:00:00,0.0,53.035250575707664
2030-02-05 12:00:00,0.0,50.18785875162496
2030-02-05 13:00:00,0.0,44.96526297903188
2030-02-05 14:00:00,0.0,42.31204985854208
2030-02-05 15:00:00,0.0,52.60850336993906
2030-02-05 16:00:00,0.0,59.59308785343399
2030-02-05 17:00:00,0.0,61.78502036881866
2030-02-05 18:00:00,0.0,67.97451933070873
2030-02-05 19:00:00,0.0,89.82518617644769
2030-02-05 20:00:00,0.0,95.7516421872441
2030-02-05 21:00:00,0.0,104.90959518092141
2030-02-05 22:00:00,0.0,108.43107538224352
2030-02-05 23:00:00,0.0,108.33549735885116
2030-02-06 00:00:00,0.0,96.66533301637197
2030-02-06 01:00:00,0.0,89.73548788911886
2030-02-06 02:00:00,0.0,82.60045691348193
2030-02-06 03:00:00,0.0,77.69002635386937
2030-02-06 04:00:00,0.0,75.05943855407689
2030-02-06 05:00:00,0.0,73.56877213419467
2030-02-06 06:00:00,0.0,73.30571335421531
2030-02-06 07:00:00,0.0,71.81504693433294
2030-02-06 08:00:00,0.0,65.238577434852
2030-02-06 09:00:00,0.0,60.68570034077072
2030-02-06 10:00:00,0.0,54.89343393386423
2030-02-06 11:00:00,0.0,46.734344988248495
2030-02-06 12:00:00,0.0,43.76141235922057
2030-02-06 13:00:00,0.0,50.446751382268985
2030-02-06 14:00:00,0.0,47.68169521248058
2030-02-06 15:00:00,0.0,50.830932042320455
2030-02-06 16:00:00,0.0,57.507208015901035
2030-02-06 17:00:00,0.0,62.874802410337914
2030-02-06 18:00:00,0.0,66.38320507884578
2030-02-06 19:00:00,0.0,83.71501524448445
2030-02-06 20:00:00,0.0,91.34716134779171
2030-02-06 21:00:00,0.0,99.52390509214636
2030-02-06 22:00:00,0.0,97.8876794806755
2030-02-06 23:00:00,0.0,96.15762957101208
2030-02-07 00:00:00,0.0,92.91937598946765
2030-02-07 01:00:00,0.0,87.24782869311514
2030-02-07 02:00:00,0.0,80.84673171362033
2030-02-07 03:00:00,0.0,77.69002635386937
2030-02-07 04:00:00,0.0,75.05943855407689
2030-02-07 05:00:00,0.0,73.56877213419467
2030-02-07 06:00:00,0.0,73.30571335421531
2030-02-07 07:00:00,0.0,71.81504693433294
2030-02-07 08:00:00,0.0,65.238577434852
2030-02-07 09:00:00,0.0,60.82563296174783
2030-02-07 10:00:00,0.0,53.773869310924844
2030-02-07 11:00:00,0.0,47.68375282012323
2030-02-07 12:00:00,0.0,47.0235239284691
2030-02-07 13:00:00,0.0,49.60934996374567
2030-02-07 14:00:00,0.0,46.1624539898794
2030-02-07 15:00:00,0.0,50.044230664895395
2030-02-07 16:00:00,0.0,56.949053250613595
2030-02-07 17:00:00,0.0,63.3484963054417
2030-02-07 18:00:00,0.0,69.63540285822558
2030-02-07 19:00:00,0.0,89.80024164184739
2030-02-07 20:00:00,0.0,91.86451028175088
2030-02-07 21:00:00,0.0,99.41166667935533
2030-02-07 22:00:00,0.0,98.15249198585468
2030-02-07 23:00:00,0.0,97.10814862933704
2030-02-08 00:00:00,0.0,93.43672492342682
2030-02-08 01:00:00,0.0,87.24782869311514
2030-02-08 02:00:00,0.0,80.84673171362033
2030-02-08 03:00:00,0.0,77.69002635386937
2030-02-08 04:00:00,0.0,75.05943855407689
2030-02-08 05:00:00,0.0,73.56877213419467
2030-02-08 06:00:00,0.0,73.30571335421531
2030-02-08 07:00:00,0.0,71.81504693433294
2030-02-08 08:00:00,0.0,65.238577434852
2030-02-08 09:00:00,0.0,61.068673829760655
2030-02-08 10:00:00,0.0,53.07069924959682
2030-02-08 11:00:00,0.0,48.8153494609636
2030-02-08 12:00:00,0.0,50.99238251839778
2030-02-08 13:00:00,0.0,51.318133057021896
2030-02-08 14:00:00,0.0,50.11434093086109
2030-02-08 15:00:00,0.0,56.115389421116326
2030-02-08 16:00:00,0.0,62.166740006175246
2030-02-08 17:00:00,0.0,64.77059209520678
2030-02-08 18:00:00,0.0,64.42888796174782
2030-02-08 19:00:00,0.0,85.41674382070119
2030-02-08 20:00:00,0.0,93.20786378484489
2030-02-08 21:00:00,0.0,101.25307813920995
2030-02-08 22:00:00,0.0,99.52390509214636
2030-02-08 23:00:00,0.0,97.02396981974368
2030-02-09 00:00:00,0.0,92.50374311710038
2030-02-09 01:00:00,0.0,87.16014243312202
2030-02-09 02:00:00,0.0,80.84673171362033
2030-02-09 03:00:00,0.0,77.69002635386937
2030-02-09 04:00:00,0.0,75.05943855407689
2030-02-09 05:00:00,0.0,73.56877213419467
2030-02-09 06:00:00,0.0,73.30571335421531
2030-02-09 07:00:00,0.0,71.81504693433294
2030-02-09 08:00:00,0.0,65.238577434852
2030-02-09 09:00:00,0.0,62.67421653360282
2030-02-09 10:00:00,0.0,55.800326118175455
2030-02-09 11:00:00,0.0,50.68846805602311
2030-02-09 12:00:00,0.0,56.90259965573932
2030-02-09 13:00:00,0.0,51.9916444761916
2030-02-09 14:00:00,0.0,43.547238762179056
2030-02-09 15:00:00,0.0,50.061928471445526
2030-02-09 16:00:00,0.0,56.09710694598505
2030-02-09 17:00:00,0.0,59.23142217492
2030-02-09 18:00:00,0.0,63.27279112929966
2030-02-09 19:00:00,0.0,82.75690200908208
2030-02-09 20:00:00,0.0,89.90121492050582
2030-02-09 21:00:00,0.0,97.16514469833261
2030-02-09 22:00:00,0.0,96.85648906315693
2030-02-09 23:00:00,0.0,95.5710084916584
2030-02-10 00:00:00,0.0,92.50374311710038
2030-02-10 01:00:00,0.0,87.16014243312202
2030-02-10 02:00:00,0.0,80.84673171362033
2030-02-10 03:00:00,0.0,77.69002635386937
2030-02-10 04:00:00,0.0,75.05943855407689
2030-02-10 05:00:00,0.0,73.56877213419467
2030-02-10 06:00:00,0.0,73.30571335421531
2030-02-10 07:00:00,0.0,71.81504693433294
2030-02-10 08:00:00,0.0,65.238577434852
2030-02-10 09:00:00,0.0,61.79779643379902
2030-02-10 10:00:00,0.0,50.62885833935013
2030-02-10 11:00:00,0.0,45.02271595434127
2030-02-10 12:00:00,0.0,42.89858423320152
2030-02-10 13:00:00,0.0,42.75872799535114
2030-02-10 14:00:00,0.0,38.70297721509905
2030-02-10 15:00:00,0.0,42.16317421359702
2030-02-10 16:00:00,0.0,49.84488743435452
2030-02-10 17:00:00,0.0,56.1146635314368
2030-02-10 18:00:00,0.0,55.093431799999514
2030-02-10 19:00:00,0.0,76.6439643965964
2030-02-10 20:00:00,0.0,87.24782869311514
2030-02-10 21:00:00,0.0,95.50349007146372
2030-02-10 22:00:00,0.0,96.85648906315693
2030-02-10 23:00:00,0.0,95.5710084916584
2030-02-11 00:00:00,0.0,96.85648906315693
2030-02-11 01:00:00,0.0,90.06869567709259
2030-02-11 02:00:00,0.0,84.26649585335042
2030-02-11 03:00:00,0.0,81.02210423360644
2030-02-11 04:00:00,0.0,78.04077139384172
2030-02-11 05:00:00,0.0,76.55010497395939
2030-02-11 06:00:00,0.0,75.49786985404238
2030-02-11 07:00:00,0.0,74.00720343416003
2030-02-11 08:00:00,0.0,65.76469499481038
2030-02-11 09:00:00,0.0,61.65786381282192
2030-02-11 10:00:00,0.0,55.98222580090726
2030-02-11 11:00:00,0.0,51.661591088535936
2030-02-11 12:00:00,0.0,42.88190930598523
2030-02-11 13:00:00,0.0,38.12894341518427
2030-02-11 14:00:00,0.0,34.9209039666996
2030-02-11 15:00:00,0.0,42.80986780219769
2030-02-11 16:00:00,0.0,49.33369056384129
2030-02-11 17:00:00,0.0,56.39601690344591
2030-02-11 18:00:00,0.0,59.14757776671547
2030-02-11 19:00:00,0.0,79.14865708752211
2030-02-11 20:00:00,0.0,90.40278032766616
2030-02-11 21:00:00,0.0,100.39287592867788
2030-02-11 22:00:00,0.0,103.55747305182808
2030-02-11 23:00:00,0.0,102.1553697545388
2030-02-12 00:00:00,0.0,95.39563597167216
2030-02-12 01:00:00,0.0,88.70517433420012
2030-02-12 02:00:00,0.0,83.74037829339191
2030-02-12 03:00:00,0.0,81.72359431355108
2030-02-12 04:00:00,0.0,80.40830041365484
2030-02-12 05:00:00,0.0,77.42696757389011
2030-02-12 06:00:00,0.0,78.30383017382097
2030-02-12 07:00:00,0.0,76.81316375393862
2030-02-12 08:00:00,0.0,69.00908661455446
2030-02-12 09:00:00,0.0,63.9093818110822
2030-02-12 10:00:00,0.0,55.58434799284896
2030-02-12 11:00:00,0.0,44.6149531475097
2030-02-12 12:00:00,0.0,38.878555222411705
2030-02-12 13:00:00,0.0,34.403465449732266
2030-02-12 14:00:00,0.0,27.24604007949517
2030-02-12 15:00:00,0.0,37.014800008492784
2030-02-12 16:00:00,0.0,43.77843703306029
2030-02-12 17:00:00,0.0,51.45091324249802
2030-02-12 18:00:00,0.0,57.504324169578474
2030-02-12 19:00:00,0.0,78.4165727708313
2030-02-12 20:00:00,0.0,89.35142207034913
2030-02-12 21:00:00,0.0,98.22877903204858
2030-02-12 22:00:00,0.0,103.27950760765007
2030-02-12 23:00:00,0.0,103.4504958146366
2030-02-13 00:00:00,0.0,92.50374311710038
2030-02-13 01:00:00,0.0,87.16014243312202
2030-02-13 02:00:00,0.0,80.84673171362033
2030-02-13 03:00:00,0.0,77.69002635386937
2030-02-13 04:00:00,0.0,75.05943855407689
2030-02-13 05:00:00,0.0,73.56877213419467
2030-02-13 06:00:00,0.0,73.30571335421531
2030-02-13 07:00:00,0.0,71.81504693433294
2030-02-13 08:00:00,0.0,65.238577434852
2030-02-13 09:00:00,0.0,59.59569887210728
2030-02-13 10:00:00,0.0,47.364745833190234
2030-02-13 11:00:00,0.0,37.51661044345133
2030-02-13 12:00:00,0.0,36.27996189703481
2030-02-13 13:00:00,0.0,37.75444226657976
2030-02-13 14:00:00,0.0,33.367802209548586
2030-02-13 15:00:00,0.0,40.01123205685303
2030-02-13 16:00:00,0.0,46.07763699285499
2030-02-13 17:00:00,0.0,52.307923725074154
2030-02-13 18:00:00,0.0,60.09976939973217
2030-02-13 19:00:00,0.0,83.00131462748867
2030-02-13 20:00:00,0.0,89.3172244289518
2030-02-13 21:00:00,0.0,95.50349007146372
2030-02-13 22:00:00,0.0,96.85648906315693
2030-02-13 23:00:00,0.0,95.5710084916584
2030-02-14 00:00:00,0.0,92.50374311710038
2030-02-14 01:00:00,0.0,87.16014243312202
2030-02-14 02:00:00,0.0,80.84673171362033
2030-02-14 03:00:00,0.0,77.69002635386937
2030-02-14 04:00:00,0.0,75.05943855407689
2030-02-14 05:00:00,0.0,73.56877213419467
2030-02-14 06:00:00,0.0,73.30571335421531
2030-02-14 07:00:00,0.0,71.81504693433294
2030-02-14 08:00:00,0.0,65.238577434852
2030-02-14 09:00:00,0.0,59.315833630153065
2030-02-14 10:00:00,0.0,51.41329388742736
2030-02-14 11:00:00,0.0,42.45785557841396
2030-02-14 12:00:00,0.0,37.674929498502365
2030-02-14 13:00:00,0.0,37.627369081566826
2030-02-14 14:00:00,0.0,36.38656376833512
2030-02-14 15:00:00,0.0,39.87919500699672
2030-02-14 16:00:00,0.0,46.40257587615304
2030-02-14 17:00:00,0.0,51.38170191660424
2030-02-14 18:00:00,0.0,59.272001115904
2030-02-14 19:00:00,0.0,81.93365752052908
2030-02-14 20:00:00,0.0,87.83795722286855
2030-02-14 21:00:00,0.0,95.50349007146372
2030-02-14 22:00:00,0.0,96.85648906315693
2030-02-14 23:00:00,0.0,95.5710084916584
2030-02-15 00:00:00,0.0,92.50374311710038
2030-02-15 01:00:00,0.0,87.16014243312202
2030-02-15 02:00:00,0.0,80.84673171362033
2030-02-15 03:00:00,0.0,77.69002635386937
2030-02-15 04:00:00,0.0,75.05943855407689
2030-02-15 05:00:00,0.0,73.56877213419467
2030-02-15 06:00:00,0.0,73.30571335421531
2030-02-15 07:00:00,0.0,71.81504693433294
2030-02-15 08:00:00,0.0,65.238577434852
2030-02-15 09:00:00,0.0,61.87881005647
2030-02-15 10:00:00,0.0,50.44245335845915
2030-02-15 11:00:00,0.0,41.402584793276795
2030-02-15 12:00:00,0.0,37.33844200542444
2030-02-15 13:00:00,0.0,36.35598438286638
2030-02-15 14:00:00,0.0,36.25312648080944
2030-02-15 15:00:00,0.0,40.67781202266156
2030-02-15 16:00:00,0.0,46.405211772159646
2030-02-15 17:00:00,0.0,52.87378160251433
2030-02-15 18:00:00,0.0,59.68621622145372
2030-02-15 19:00:00,0.0,81.4860343707162
2030-02-15 20:00:00,0.0,87.24782869311514
2030-02-15 21:00:00,0.0,95.50349007146372
2030-02-15 22:00:00,0.0,96.85648906315693
2030-02-15 23:00:00,0.0,95.5710084916584
2030-02-16 00:00:00,0.0,92.50374311710038
2030-02-16 01:00:00,0.0,87.16014243312202
2030-02-16 02:00:00,0.0,80.84673171362033
2030-02-16 03:00:00,0.0,77.69002635386937
2030-02-16 04:00:00,0.0,75.05943855407689
2030-02-16 05:00:00,0.0,73.56877213419467
2030-02-16 06:00:00,0.0,73.30571335421531
2030-02-16 07:00:00,0.0,71.81504693433294
2030-02-16 08:00:00,0.0,65.238577434852
2030-02-16 09:00:00,0.0,59.02123863862244
2030-02-16 10:00:00,0.0,47.35845689852477
2030-02-16 11:00:00,0.0,40.763005734485546
2030-02-16 12:00:00,0.0,37.34184591438407
2030-02-16 13:00:00,0.0,38.107883519128336
2030-02-16 14:00:00,0.0,37.27057060063044
2030-02-16 15:00:00,0.0,41.32492114321303
2030-02-16 16:00:00,0.0,47.53810803374517
2030-02-16 17:00:00,0.0,52.853102067096415
2030-02-16 18:00:00,0.0,60.45424173475112
2030-02-16 19:00:00,0.0,81.74217077603417
2030-02-16 20:00:00,0.0,87.24782869311514
2030-02-16 21:00:00,0.0,95.50349007146372
2030-02-16 22:00:00,0.0,96.85648906315693
2030-02-16 23:00:00,0.0,95.5710084916584
2030-02-17 00:00:00,0.0,92.50374311710038
2030-02-17 01:00:00,0.0,87.16014243312202
2030-02-17 02:00:00,0.0,80.84673171362033
2030-02-17 03:00:00,0.0,77.69002635386937
2030-02-17 04:00:00,0.0,75.05943855407689
2030-02-17 05:00:00,0.0,73.56877213419467
2030-02-17 06:00:00,0.0,73.30571335421531
2030-02-17 07:00:00,0.0,71.81504693433294
2030-02-17 08:00:00,0.0,65.238577434852
2030-02-17 09:00:00,0.0,58.52042715302025
2030-02-17 10:00:00,0.0,50.58907620241473
2030-02-17 11:00:00,0.0,42.35308341655184
2030-02-17 12:00:00,0.0,38.53994980512141
2030-02-17 13:00:00,0.0,38.55859961253248
2030-02-17 14:00:00,0.0,38.12843182360746
2030-02-17 15:00:00,0.0,41.66238000983128
2030-02-17 16:00:00,0.0,48.26799713163746
2030-02-17 17:00:00,0.0,54.652828335649474
2030-02-17 18:00:00,0.0,62.074471153436654
2030-02-17 19:00:00,0.0,83.32788833069787
2030-02-17 20:00:00,0.0,89.53205576593494
2030-02-17 21:00:00,0.0,95.64992612565209
2030-02-17 22:00:00,0.0,96.85648906315693
2030-02-17 23:00:00,0.0,95.5710084916584
2030-02-18 00:00:00,0.0,96.85648906315693
2030-02-18 01:00:00,0.0,90.06869567709259
2030-02-18 02:00:00,0.0,84.26649585335042
2030-02-18 03:00:00,0.0,81.02210423360644
2030-02-18 04:00:00,0.0,78.04077139384172
2030-02-18 05:00:00,0.0,76.55010497395939
2030-02-18 06:00:00,0.0,75.49786985404238
2030-02-18 07:00:00,0.0,74.00720343416003
2030-02-18 08:00:00,0.0,65.76469499481038
2030-02-18 09:00:00,0.0,58.68981927315041
2030-02-18 10:00:00,0.0,55.38630833271168
2030-02-18 11:00:00,0.0,47.50922074655864
2030-02-18 12:00:00,0.0,43.65718574496861
2030-02-18 13:00:00,0.0,41.646973177886025
2030-02-18 14:00:00,0.0,37.31493624177108
2030-02-18 15:00:00,0.0,46.432700644596025
2030-02-18 16:00:00,0.0,53.029038024168926
2030-02-18 17:00:00,0.0,60.67765325457208
2030-02-18 18:00:00,0.0,67.99056112174924
2030-02-18 19:00:00,0.0,89.45873085953599
2030-02-18 20:00:00,0.0,92.94918931786526
2030-02-18 21:00:00,0.0,100.47442415047146
2030-02-18 22:00:00,0.0,103.55747305182808
2030-02-18 23:00:00,0.0,102.1553697545388
2030-02-19 00:00:00,0.0,95.39563597167216
2030-02-19 01:00:00,0.0,88.70517433420012
2030-02-19 02:00:00,0.0,83.74037829339191
2030-02-19 03:00:00,0.0,81.72359431355108
2030-02-19 04:00:00,0.0,80.40830041365484
2030-02-19 05:00:00,0.0,77.42696757389011
2030-02-19 06:00:00,0.0,78.30383017382097
2030-02-19 07:00:00,0.0,76.81316375393862
2030-02-19 08:00:00,0.0,69.00908661455446
2030-02-19 09:00:00,0.0,62.28174448287518
2030-02-19 10:00:00,0.0,58.68577436459441
2030-02-19 11:00:00,0.0,50.07644092061685
2030-02-19 12:00:00,0.0,46.488790376468046
2030-02-19 13:00:00,0.0,41.74445441752766
2030-02-19 14:00:00,0.0,38.941233952698205
2030-02-19 15:00:00,0.0,48.00773882699696
2030-02-19 16:00:00,0.0,53.53236841847661
2030-02-19 17:00:00,0.0,59.64929487642678
2030-02-19 18:00:00,0.0,66.96998011214419
2030-02-19 19:00:00,0.0,89.60831282436811
2030-02-19 20:00:00,0.0,94.90985409131052
2030-02-19 21:00:00,0.0,101.10313463462182
2030-02-19 22:00:00,0.0,103.27950760765007
2030-02-19 23:00:00,0.0,103.4504958146366
2030-02-20 00:00:00,0.0,92.50374311710038
2030-02-20 01:00:00,0.0,87.16014243312202
2030-02-20 02:00:00,0.0,80.84673171362033
2030-02-20 03:00:00,0.0,77.69002635386937
2030-02-20 04:00:00,0.0,75.05943855407689
2030-02-20 05:00:00,0.0,73.56877213419467
2030-02-20 06:00:00,0.0,73.30571335421531
2030-02-20 07:00:00,0.0,71.81504693433294
2030-02-20 08:00:00,0.0,65.238577434852
2030-02-20 09:00:00,0.0,59.197995633540806
2030-02-20 10:00:00,0.0,55.631337413097526
2030-02-20 11:00:00,0.0,48.2659025297628
2030-02-20 12:00:00,0.0,43.67916216675292
2030-02-20 13:00:00,0.0,44.06934050849691
2030-02-20 14:00:00,0.0,44.13279663425647
2030-02-20 15:00:00,0.0,47.76530169642479
2030-02-20 16:00:00,0.0,54.20295542304575
2030-02-20 17:00:00,0.0,60.436409051423766
2030-02-20 18:00:00,0.0,67.83034539254936
2030-02-20 19:00:00,0.0,86.90933745229256
2030-02-20 20:00:00,0.0,92.16352042832727
2030-02-20 21:00:00,0.0,97.88154144247608
2030-02-20 22:00:00,0.0,96.85648906315693
2030-02-20 23:00:00,0.0,95.5710084916584
2030-02-21 00:00:00,0.0,92.50374311710038
2030-02-21 01:00:00,0.0,87.16014243312202
2030-02-21 02:00:00,0.0,80.84673171362033
2030-02-21 03:00:00,0.0,77.69002635386937
2030-02-21 04:00:00,0.0,75.05943855407689
2030-02-21 05:00:00,0.0,73.56877213419467
2030-02-21 06:00:00,0.0,73.30571335421531
2030-02-21 07:00:00,0.0,71.81504693433294
2030-02-21 08:00:00,0.0,65.238577434852
2030-02-21 09:00:00,0.0,59.43367162676532
2030-02-21 10:00:00,0.0,52.69351673969356
2030-02-21 11:00:00,0.0,46.90026289268974
2030-02-21 12:00:00,0.0,42.83735667463418
2030-02-21 13:00:00,0.0,44.536097481481875
2030-02-21 14:00:00,0.0,44.65377363314064
2030-02-21 15:00:00,0.0,48.11716631889294
2030-02-21 16:00:00,0.0,54.4707131754318
2030-02-21 17:00:00,0.0,59.34409446520101
2030-02-21 18:00:00,0.0,66.07645834773427
2030-02-21 19:00:00,0.0,83.91959752628462
2030-02-21 20:00:00,0.0,91.36995977538979
2030-02-21 21:00:00,0.0,96.76529535276416
2030-02-21 22:00:00,0.0,96.85648906315693
2030-02-21 23:00:00,0.0,95.5710084916584
2030-02-22 00:00:00,0.0,92.50374311710038
2030-02-22 01:00:00,0.0,87.16014243312202
2030-02-22 02:00:00,0.0,80.84673171362033
2030-02-22 03:00:00,0.0,77.69002635386937
2030-02-22 04:00:00,0.0,75.05943855407689
2030-02-22 05:00:00,0.0,73.56877213419467
2030-02-22 06:00:00,0.0,73.30571335421531
2030-02-22 07:00:00,0.0,71.81504693433294
2030-02-22 08:00:00,0.0,65.238577434852
2030-02-22 09:00:00,0.0,58.25529166064268
2030-02-22 10:00:00,0.0,48.324994578461435
2030-02-22 11:00:00,0.0,45.33939497243738
2030-02-22 12:00:00,0.0,42.38388678646288
2030-02-22 13:00:00,0.0,42.664299095126474
2030-02-22 14:00:00,0.0,45.04371496208398
2030-02-22 15:00:00,0.0,48.358248677087765
2030-02-22 16:00:00,0.0,54.86016836187514
2030-02-22 17:00:00,0.0,59.248675390500125
2030-02-22 18:00:00,0.0,66.82948800373913
2030-02-22 19:00:00,0.0,86.65278981603626
2030-02-22 20:00:00,0.0,92.24068433712112
2030-02-22 21:00:00,0.0,98.57513975902134
2030-02-22 22:00:00,0.0,96.85648906315693
2030-02-22 23:00:00,0.0,95.5710084916584
2030-02-23 00:00:00,0.0,92.50374311710038
2030-02-23 01:00:00,0.0,87.16014243312202
2030-02-23 02:00:00,0.0,80.84673171362033
2030-02-23 03:00:00,0.0,77.69002635386937
2030-02-23 04:00:00,0.0,75.05943855407689
2030-02-23 05:00:00,0.0,73.56877213419467
2030-02-23 06:00:00,0.0,73.30571335421531
2030-02-23 07:00:00,0.0,71.81504693433294
2030-02-23 08:00:00,0.0,65.17074693805205
2030-02-23 09:00:00,0.0,58.32157553373702
2030-02-23 10:00:00,0.0,52.875665248304806
2030-02-23 11:00:00,0.0,46.13455140841131
2030-02-23 12:00:00,0.0,43.04704981495354
2030-02-23 13:00:00,0.0,43.25877724057773
2030-02-23 14:00:00,0.0,45.45486652277771
2030-02-23 15:00:00,0.0,49.63362465181172
2030-02-23 16:00:00,0.0,56.035116843222234
2030-02-23 17:00:00,0.0,62.87525976174243
2030-02-23 18:00:00,0.0,69.65715985286556
2030-02-23 19:00:00,0.0,88.11573889619808
2030-02-23 20:00:00,0.0,92.88780893587011
2030-02-23 21:00:00,0.0,99.67384859673459
2030-02-23 22:00:00,0.0,97.21074155352903
2030-02-23 23:00:00,0.0,95.66044847685134
2030-02-24 00:00:00,0.0,92.50374311710038
2030-02-24 01:00:00,0.0,87.16014243312202
2030-02-24 02:00:00,0.0,80.84673171362033
2030-02-24 03:00:00,0.0,77.69002635386937
2030-02-24 04:00:00,0.0,75.05943855407689
2030-02-24 05:00:00,0.0,73.56877213419467
2030-02-24 06:00:00,0.0,73.30571335421531
2030-02-24 07:00:00,0.0,71.81504693433294
2030-02-24 08:00:00,0.0,65.03898932808988
2030-02-24 09:00:00,0.0,58.29211603458396
2030-02-24 10:00:00,0.0,52.68202783884374
2030-02-24 11:00:00,0.0,47.89846953421591
2030-02-24 12:00:00,0.0,45.01940874854358
2030-02-24 13:00:00,0.0,45.53241865429823
2030-02-24 14:00:00,0.0,45.60269441105584
2030-02-24 15:00:00,0.0,49.46536666163502
2030-02-24 16:00:00,0.0,55.74536781777431
2030-02-24 17:00:00,0.0,61.73299647317765
2030-02-24 18:00:00,0.0,68.8054263272403
2030-02-24 19:00:00,0.0,85.09636255641475
2030-02-24 20:00:00,0.0,91.63740286836878
2030-02-24 21:00:00,0.0,97.22214076732803
2030-02-24 22:00:00,0.0,96.85648906315693
2030-02-24 23:00:00,0.0,95.5710084916584
2030-02-25 00:00:00,0.0,96.85648906315693
2030-02-25 01:00:00,0.0,90.06869567709259
2030-02-25 02:00:00,0.0,84.26649585335042
2030-02-25 03:00:00,0.0,81.02210423360644
2030-02-25 04:00:00,0.0,78.04077139384172
2030-02-25 05:00:00,0.0,76.55010497395939
2030-02-25 06:00:00,0.0,75.49786985404238
2030-02-25 07:00:00,0.0,74.00720343416003
2030-02-25 08:00:00,0.0,65.55185011342951
2030-02-25 09:00:00,0.0,57.78710657035253
2030-02-25 10:00:00,0.0,49.40368475396565
2030-02-25 11:00:00,0.0,49.20885897437893
2030-02-25 12:00:00,0.0,46.61953236287695
2030-02-25 13:00:00,0.0,45.957490435981526
2030-02-25 14:00:00,0.0,41.86003961315032
2030-02-25 15:00:00,0.0,50.18516618488717
2030-02-25 16:00:00,0.0,56.614099960522715
2030-02-25 17:00:00,0.0,63.850060952719446
2030-02-25 18:00:00,0.0,71.57627104555638
2030-02-25 19:00:00,0.0,86.06390354389464
2030-02-25 20:00:00,0.0,91.57076131077406
2030-02-25 21:00:00,0.0,100.39287592867788
2030-02-25 22:00:00,0.0,103.55747305182808
2030-02-25 23:00:00,0.0,102.1553697545388
2030-02-26 00:00:00,0.0,95.39563597167216
2030-02-26 01:00:00,0.0,88.70517433420012
2030-02-26 02:00:00,0.0,83.74037829339191
2030-02-26 03:00:00,0.0,81.72359431355108
2030-02-26 04:00:00,0.0,80.40830041365484
2030-02-26 05:00:00,0.0,77.42696757389011
2030-02-26 06:00:00,0.0,78.30383017382097
2030-02-26 07:00:00,0.0,76.81316375393862
2030-02-26 08:00:00,0.0,68.66146452454825
2030-02-26 09:00:00,0.0,60.840291189315515
2030-02-26 10:00:00,0.0,56.9546308430572
2030-02-26 11:00:00,0.0,48.954903240401904
2030-02-26 12:00:00,0.0,48.557556432496085
2030-02-26 13:00:00,0.0,43.93537434755797
2030-02-26 14:00:00,0.0,40.33782213043901
2030-02-26 15:00:00,0.0,48.958972722471344
2030-02-26 16:00:00,0.0,54.04995818259794
2030-02-26 17:00:00,0.0,59.96554351129453
2030-02-26 18:00:00,0.0,66.82266837274119
2030-02-26 19:00:00,0.0,82.19256287571159
2030-02-26 20:00:00,0.0,91.35154566079133
2030-02-26 21:00:00,0.0,98.22877903204858
2030-02-26 22:00:00,0.0,103.27950760765007
2030-02-26 23:00:00,0.0,103.4504958146366
2030-02-27 00:00:00,0.0,92.50374311710038
2030-02-27 01:00:00,0.0,87.16014243312202
2030-02-27 02:00:00,0.0,80.84673171362033
2030-02-27 03:00:00,0.0,77.69002635386937
2030-02-27 04:00:00,0.0,75.05943855407689
2030-02-27 05:00:00,0.0,73.56877213419467
2030-02-27 06:00:00,0.0,73.30571335421531
2030-02-27 07:00:00,0.0,71.81504693433294
2030-02-27 08:00:00,0.0,64.83350932149733
2030-02-27 09:00:00,0.0,57.806034298558416
2030-02-27 10:00:00,0.0,48.51163566069352
2030-02-27 11:00:00,0.0,47.57690455350246
2030-02-27 12:00:00,0.0,43.96534756502695
2030-02-27 13:00:00,0.0,44.304016033265725
2030-02-27 14:00:00,0.0,44.429749297179
2030-02-27 15:00:00,0.0,48.36062028829758
2030-02-27 16:00:00,0.0,54.89325150095192
2030-02-27 17:00:00,0.0,60.781218549192545
2030-02-27 18:00:00,0.0,67.50381654699265
2030-02-27 19:00:00,0.0,84.00520707387933
2030-02-27 20:00:00,0.0,91.83908126635288
2030-02-27 21:00:00,0.0,95.87177236343459
2030-02-27 22:00:00,0.0,96.85648906315693
2030-02-27 23:00:00,0.0,95.5710084916584
2030-02-28 00:00:00,0.0,92.50374311710038
2030-02-28 01:00:00,0.0,87.16014243312202
2030-02-28 02:00:00,0.0,80.84673171362033
2030-02-28 03:00:00,0.0,77.69002635386937
2030-02-28 04:00:00,0.0,75.05943855407689
2030-02-28 05:00:00,0.0,73.56877213419467
2030-02-28 06:00:00,0.0,73.30571335421531
2030-02-28 07:00:00,0.0,71.81504693433294
2030-02-28 08:00:00,0.0,64.65233340170585
2030-02-28 09:00:00,0.0,57.850149898540046
2030-02-28 10:00:00,0.0,49.045987029137336
2030-02-28 11:00:00,0.0,43.9827989762565
2030-02-28 12:00:00,0.0,41.031223572654994
2030-02-28 13:00:00,0.0,42.345959504222606
2030-02-28 14:00:00,0.0,42.75581509000949
2030-02-28 15:00:00,0.0,45.05336203659704
2030-02-28 16:00:00,0.0,50.631210274060656
2030-02-28 17:00:00,0.0,58.00231671862207
2030-02-28 18:00:00,0.0,64.2722692081154
2030-02-28 19:00:00,0.0,84.29312942808792
2030-02-28 20:00:00,0.0,88.35705988202767
2030-02-28 21:00:00,0.0,95.50349007146372
2030-02-28 22:00:00,0.0,96.85648906315693
2030-02-28 23:00:00,0.0,95.5710084916584
2030-03-01 00:00:00,0.0,96.80826162016068
2030-03-01 01:00:00,0.0,90.32210896847255
2030-03-01 02:00:00,0.0,85.66947601323977
2030-03-01 03:00:00,0.0,81.98665309353032
2030-03-01 04:00:00,0.0,80.67135919363409
2030-03-01 05:00:00,0.0,78.65457521379324
2030-03-01 06:00:00,0.0,78.74226147378636
2030-03-01 07:00:00,0.0,74.88406603409078
2030-03-01 08:00:00,0.0,68.72917712258753
2030-03-01 09:00:00,0.0,64.02847396314758
2030-03-01 10:00:00,0.0,50.28100379384136
2030-03-01 11:00:00,0.0,42.31989783763162
2030-03-01 12:00:00,0.0,41.13882500095133
2030-03-01 13:00:00,0.0,40.28503113330453
2030-03-01 14:00:00,0.0,39.24555209804885
2030-03-01 15:00:00,0.0,46.138459956986935
2030-03-01 16:00:00,0.0,50.92524638580312
2030-03-01 17:00:00,0.0,56.878201028411354
2030-03-01 18:00:00,0.0,64.36580372556614
2030-03-01 19:00:00,0.0,85.01555669041225
2030-03-01 20:00:00,0.0,92.08284906913363
2030-03-01 21:00:00,0.0,100.54808060886556
2030-03-01 22:00:00,0.0,106.68085763278168
2030-03-01 23:00:00,0.0,106.0407479348322
2030-03-02 00:00:00,0.0,96.80826162016068
2030-03-02 01:00:00,0.0,90.32210896847255
2030-03-02 02:00:00,0.0,85.66947601323977
2030-03-02 03:00:00,0.0,81.98665309353032
2030-03-02 04:00:00,0.0,80.67135919363409
2030-03-02 05:00:00,0.0,78.65457521379324
2030-03-02 06:00:00,0.0,78.74226147378636
2030-03-02 07:00:00,0.0,74.88406603409078
2030-03-02 08:00:00,0.0,68.42427130635326
2030-03-02 09:00:00,0.0,64.05675508233446
2030-03-02 10:00:00,0.0,51.56163853222006
2030-03-02 11:00:00,0.0,46.32073605069842
2030-03-02 12:00:00,0.0,45.550093138510526
2030-03-02 13:00:00,0.0,45.076901452463744
2030-03-02 14:00:00,0.0,43.22202712302408
2030-03-02 15:00:00,0.0,51.17736302782214
2030-03-02 16:00:00,0.0,56.022155271234624
2030-03-02 17:00:00,0.0,61.047105684146345
2030-03-02 18:00:00,0.0,68.49490865870928
2030-03-02 19:00:00,0.0,85.2810614330574
2030-03-02 20:00:00,0.0,93.82429819259619
2030-03-02 21:00:00,0.0,100.54808060886556
2030-03-02 22:00:00,0.0,106.68085763278168
2030-03-02 23:00:00,0.0,106.0407479348322
2030-03-03 00:00:00,0.0,96.80826162016068
2030-03-03 01:00:00,0.0,90.32210896847255
2030-03-03 02:00:00,0.0,85.66947601323977
2030-03-03 03:00:00,0.0,81.98665309353032
2030-03-03 04:00:00,0.0,80.67135919363409
2030-03-03 05:00:00,0.0,78.65457521379324
2030-03-03 06:00:00,0.0,78.74226147378636
2030-03-03 07:00:00,0.0,74.88406603409078
2030-03-03 08:00:00,0.0,68.24825079891377
2030-03-03 09:00:00,0.0,64.63637072817107
2030-03-03 10:00:00,0.0,55.06304943079704
2030-03-03 11:00:00,0.0,53.27508242428792
2030-03-03 12:00:00,0.0,52.40661912363431
2030-03-03 13:00:00,0.0,51.53145226782408
2030-03-03 14:00:00,0.0,51.118326738395126
2030-03-03 15:00:00,0.0,57.97264265344268
2030-03-03 16:00:00,0.0,62.26883641743325
2030-03-03 17:00:00,0.0,66.15077570692551
2030-03-03 18:00:00,0.0,72.64781698869616
2030-03-03 19:00:00,0.0,87.83360460620031
2030-03-03 20:00:00,0.0,97.29755095092209
2030-03-03 21:00:00,0.0,103.74249106041349
2030-03-03 22:00:00,0.0,106.68085763278168
2030-03-03 23:00:00,0.0,106.0407479348322
2030-03-04 00:00:00,0.0,104.28789959757044
2030-03-04 01:00:00,0.0,97.55797914310152
2030-03-04 02:00:00,0.0,92.13370709992957
2030-03-04 03:00:00,0.0,89.3382691313502
2030-03-04 04:00:00,0.0,85.23104471327427
2030-03-04 05:00:00,0.0,83.74037829339191
2030-03-04 06:00:00,0.0,82.77582943346806
2030-03-04 07:00:00,0.0,78.39151643381399
2030-03-04 08:00:00,0.0,69.90592287643892
2030-03-04 09:00:00,0.0,67.56991734363874
2030-03-04 10:00:00,0.0,64.92038939492193
2030-03-04 11:00:00,0.0,61.16728012065562
2030-03-04 12:00:00,0.0,53.86219599877074
2030-03-04 13:00:00,0.0,50.37900908167455
2030-03-04 14:00:00,0.0,47.436696746109526
2030-03-04 15:00:00,0.0,53.44003047428816
2030-03-04 16:00:00,0.0,59.899410581534426
2030-03-04 17:00:00,0.0,63.19887296757861
2030-03-04 18:00:00,0.0,71.66573972677611
2030-03-04 19:00:00,0.0,89.1717007889505
2030-03-04 20:00:00,0.0,99.35642433555961
2030-03-04 21:00:00,0.0,103.07695234706603
2030-03-04 22:00:00,0.0,104.72983834793558
2030-03-04 23:00:00,0.0,102.84283003288452
2030-03-05 00:00:00,0.0,96.23830093020568
2030-03-05 01:00:00,0.0,91.40503427938712
2030-03-05 02:00:00,0.0,87.33551495310826
2030-03-05 03:00:00,0.0,84.7049271533158
2030-03-05 04:00:00,0.0,81.8989668335372
2030-03-05 05:00:00,0.0,80.84673171362033
2030-03-05 06:00:00,0.0,80.14524163367558
2030-03-05 07:00:00,0.0,76.81316375393862
2030-03-05 08:00:00,0.0,67.38091828619497
2030-03-05 09:00:00,0.0,61.513720792497
2030-03-05 10:00:00,0.0,57.2316525749394
2030-03-05 11:00:00,0.0,52.86441609463452
2030-03-05 12:00:00,0.0,51.11811760523028
2030-03-05 13:00:00,0.0,51.67873430467216
2030-03-05 14:00:00,0.0,50.20406421053792
2030-03-05 15:00:00,0.0,55.52289162461751
2030-03-05 16:00:00,0.0,61.77137081284309
2030-03-05 17:00:00,0.0,66.62479298811627
2030-03-05 18:00:00,0.0,73.93039508179527
2030-03-05 19:00:00,0.0,92.46865404636536
2030-03-05 20:00:00,0.0,102.22464189993332
2030-03-05 21:00:00,0.0,106.41692199020245
2030-03-05 22:00:00,0.0,106.82027878617066
2030-03-05 23:00:00,0.0,107.11841207014707
2030-03-06 00:00:00,0.0,98.52077427782558
2030-03-06 01:00:00,0.0,92.7974920880772
2030-03-06 02:00:00,0.0,87.24782869311514
2030-03-06 03:00:00,0.0,82.16202561351645
2030-03-06 04:00:00,0.0,80.67135919363409
2030-03-06 05:00:00,0.0,78.65457521379324
2030-03-06 06:00:00,0.0,78.74226147378636
2030-03-06 07:00:00,0.0,74.88406603409078
2030-03-06 08:00:00,0.0,68.26371703596908
2030-03-06 09:00:00,0.0,64.3712352357935
2030-03-06 10:00:00,0.0,60.16081270246798
2030-03-06 11:00:00,0.0,58.63644941590849
2030-03-06 12:00:00,0.0,57.22548913453125
2030-03-06 13:00:00,0.0,56.59977058779964
2030-03-06 14:00:00,0.0,54.07806533993278
2030-03-06 15:00:00,0.0,60.39052249060796
2030-03-06 16:00:00,0.0,65.18806763789007
2030-03-06 17:00:00,0.0,70.34321505934622
2030-03-06 18:00:00,0.0,77.22599268362761
2030-03-06 19:00:00,0.0,93.4063662844245
2030-03-06 20:00:00,0.0,103.13131782826179
2030-03-06 21:00:00,0.0,105.11390416670532
2030-03-06 22:00:00,0.0,109.96470806952254
2030-03-06 23:00:00,0.0,109.31846033337352
2030-03-07 00:00:00,0.0,101.09524287122245
2030-03-07 01:00:00,0.0,94.49948239454297
2030-03-07 02:00:00,0.0,87.8931995666642
2030-03-07 03:00:00,0.0,83.91575081337805
2030-03-07 04:00:00,0.0,81.8112805735442
2030-03-07 05:00:00,0.0,78.74226147378636
2030-03-07 06:00:00,0.0,78.74226147378636
2030-03-07 07:00:00,0.0,74.88406603409078
2030-03-07 08:00:00,0.0,68.3749266452719
2030-03-07 09:00:00,0.0,65.6980474352747
2030-03-07 10:00:00,0.0,65.01359053612612
2030-03-07 11:00:00,0.0,56.76205786446008
2030-03-07 12:00:00,0.0,55.83279009679052
2030-03-07 13:00:00,0.0,54.611930565876605
2030-03-07 14:00:00,0.0,53.9476776574453
2030-03-07 15:00:00,0.0,60.61456912243306
2030-03-07 16:00:00,0.0,64.64291522859548
2030-03-07 17:00:00,0.0,70.2757693385455
2030-03-07 18:00:00,0.0,75.37012627069794
2030-03-07 19:00:00,0.0,93.38498702906033
2030-03-07 20:00:00,0.0,103.40051464644056
2030-03-07 21:00:00,0.0,109.2588336765782
2030-03-07 22:00:00,0.0,110.60131031707226
2030-03-07 23:00:00,0.0,109.64377635794789
2030-03-08 00:00:00,0.0,99.92726188811456
2030-03-08 01:00:00,0.0,93.41831080882821
2030-03-08 02:00:00,0.0,87.51088747309439
2030-03-08 03:00:00,0.0,83.38963325341955
2030-03-08 04:00:00,0.0,81.63590805355796
2030-03-08 05:00:00,0.0,78.65457521379324
2030-03-08 06:00:00,0.0,78.74226147378636
2030-03-08 07:00:00,0.0,74.88406603409078
2030-03-08 08:00:00,0.0,68.18491287573465
2030-03-08 09:00:00,0.0,63.86472339786917
2030-03-08 10:00:00,0.0,58.19637904255376
2030-03-08 11:00:00,0.0,51.15172901008077
2030-03-08 12:00:00,0.0,49.68632745274067
2030-03-08 13:00:00,0.0,48.647866471597005
2030-03-08 14:00:00,0.0,46.72084576796749
2030-03-08 15:00:00,0.0,54.895301548993984
2030-03-08 16:00:00,0.0,59.79574284707064
2030-03-08 17:00:00,0.0,64.29992265988415
2030-03-08 18:00:00,0.0,70.58045117033737
2030-03-08 19:00:00,0.0,91.41489608945152
2030-03-08 20:00:00,0.0,99.03461576138513
2030-03-08 21:00:00,0.0,106.08371420222873
2030-03-08 22:00:00,0.0,108.63187691762766
2030-03-08 23:00:00,0.0,107.74536882909761
2030-03-09 00:00:00,0.0,98.21036491745008
2030-03-09 01:00:00,0.0,91.64529463176812
2030-03-09 02:00:00,0.0,85.66947601323977
2030-03-09 03:00:00,0.0,81.98665309353032
2030-03-09 04:00:00,0.0,80.67135919363409
2030-03-09 05:00:00,0.0,78.65457521379324
2030-03-09 06:00:00,0.0,78.74226147378636
2030-03-09 07:00:00,0.0,74.88406603409078
2030-03-09 08:00:00,0.0,68.14072362700506
2030-03-09 09:00:00,0.0,63.524863825125855
2030-03-09 10:00:00,0.0,57.7164689500728
2030-03-09 11:00:00,0.0,49.677118321056696
2030-03-09 12:00:00,0.0,47.67894141771353
2030-03-09 13:00:00,0.0,49.0382642404852
2030-03-09 14:00:00,0.0,48.67477796712922
2030-03-09 15:00:00,0.0,55.27840809184181
2030-03-09 16:00:00,0.0,60.29555325657736
2030-03-09 17:00:00,0.0,63.60015620369585
2030-03-09 18:00:00,0.0,70.90020493872862
2030-03-09 19:00:00,0.0,86.77174712921862
2030-03-09 20:00:00,0.0,97.8578661522779
2030-03-09 21:00:00,0.0,101.65906552297793
2030-03-09 22:00:00,0.0,106.70277919777992
2030-03-09 23:00:00,0.0,106.0407479348322
2030-03-10 00:00:00,0.0,96.80826162016068
2030-03-10 01:00:00,0.0,90.32210896847255
2030-03-10 02:00:00,0.0,85.66947601323977
2030-03-10 03:00:00,0.0,81.98665309353032
2030-03-10 04:00:00,0.0,80.67135919363409
2030-03-10 05:00:00,0.0,78.65457521379324
2030-03-10 06:00:00,0.0,78.74226147378636
2030-03-10 07:00:00,0.0,74.88406603409078
2030-03-10 08:00:00,0.0,68.08180462869893
2030-03-10 09:00:00,0.0,63.1686248316173
2030-03-10 10:00:00,0.0,56.74006294555966
2030-03-10 11:00:00,0.0,54.14039762971845
2030-03-10 12:00:00,0.0,53.29958200825604
2030-03-10 13:00:00,0.0,52.500273362764915
2030-03-10 14:00:00,0.0,51.993451774751634
2030-03-10 15:00:00,0.0,59.81150926222392
2030-03-10 16:00:00,0.0,65.04088729064267
2030-03-10 17:00:00,0.0,68.68067462480622
2030-03-10 18:00:00,0.0,75.47449118020018
2030-03-10 19:00:00,0.0,92.13007370751768
2030-03-10 20:00:00,0.0,102.3105744347265
2030-03-10 21:00:00,0.0,104.03711689399027
2030-03-10 22:00:00,0.0,109.74286183174
2030-03-10 23:00:00,0.0,106.0407479348322
2030-03-11 00:00:00,0.0,104.28789959757044
2030-03-11 01:00:00,0.0,97.55797914310152
2030-03-11 02:00:00,0.0,92.13370709992957
2030-03-11 03:00:00,0.0,89.3382691313502
2030-03-11 04:00:00,0.0,85.23104471327427
2030-03-11 05:00:00,0.0,83.74037829339191
2030-03-11 06:00:00,0.0,82.77582943346806
2030-03-11 07:00:00,0.0,78.39151643381399
2030-03-11 08:00:00,0.0,69.33588156782707
2030-03-11 09:00:00,0.0,62.59487077541655
2030-03-11 10:00:00,0.0,56.35230107267796
2030-03-11 11:00:00,0.0,55.38956889383394
2030-03-11 12:00:00,0.0,53.41640286221582
2030-03-11 13:00:00,0.0,52.26125316951072
2030-03-11 14:00:00,0.0,51.747876842935845
2030-03-11 15:00:00,0.0,58.51122170307087
2030-03-11 16:00:00,0.0,63.94165126049836
2030-03-11 17:00:00,0.0,67.0547264986194
2030-03-11 18:00:00,0.0,75.76545411858729
2030-03-11 19:00:00,0.0,99.4578259747499
2030-03-11 20:00:00,0.0,105.15862415930178
2030-03-11 21:00:00,0.0,107.234157933338
2030-03-11 22:00:00,0.0,107.49633985071728
2030-03-11 23:00:00,0.0,106.12492674442557
2030-03-12 00:00:00,0.0,98.39889037643523
2030-03-12 01:00:00,0.0,92.56161604869587
2030-03-12 02:00:00,0.0,88.32549282843011
2030-03-12 03:00:00,0.0,84.7049271533158
2030-03-12 04:00:00,0.0,81.8989668335372
2030-03-12 05:00:00,0.0,80.84673171362033
2030-03-12 06:00:00,0.0,80.14524163367558
2030-03-12 07:00:00,0.0,76.81316375393862
2030-03-12 08:00:00,0.0,67.09516114441021
2030-03-12 09:00:00,0.0,60.39057738728627
2030-03-12 10:00:00,0.0,52.5382221444238
2030-03-12 11:00:00,0.0,53.81699082266823
2030-03-12 12:00:00,0.0,51.497292580984656
2030-03-12 13:00:00,0.0,52.486765939347265
2030-03-12 14:00:00,0.0,51.40314160155481
2030-03-12 15:00:00,0.0,58.83130253230775
2030-03-12 16:00:00,0.0,65.1118374994328
2030-03-12 17:00:00,0.0,68.87994772080697
2030-03-12 18:00:00,0.0,75.31410988375399
2030-03-12 19:00:00,0.0,94.89920194284343
2030-03-12 20:00:00,0.0,104.51149956055292
2030-03-12 21:00:00,0.0,105.30769080129004
2030-03-12 22:00:00,0.0,109.34125876097175
2030-03-12 23:00:00,0.0,109.48067991436072
2030-03-13 00:00:00,0.0,98.96709734119032
2030-03-13 01:00:00,0.0,92.38712039130962
2030-03-13 02:00:00,0.0,86.02022105321201
2030-03-13 03:00:00,0.0,81.98665309353032
2030-03-13 04:00:00,0.0,80.67135919363409
2030-03-13 05:00:00,0.0,78.65457521379324
2030-03-13 06:00:00,0.0,78.74226147378636
2030-03-13 07:00:00,0.0,74.88406603409078
2030-03-13 08:00:00,0.0,68.03025050518102
2030-03-13 09:00:00,0.0,63.1152294894024
2030-03-13 10:00:00,0.0,60.52123634242764
2030-03-13 11:00:00,0.0,57.84138208759976
2030-03-13 12:00:00,0.0,56.7287728838952
2030-03-13 13:00:00,0.0,57.29616588542217
2030-03-13 14:00:00,0.0,58.31413120603906
2030-03-13 15:00:00,0.0,64.76278701655565
2030-03-13 16:00:00,0.0,69.40130524088022
2030-03-13 17:00:00,0.0,73.07231986253737
2030-03-13 18:00:00,0.0,78.69408692072204
2030-03-13 19:00:00,0.0,96.27972979386753
2030-03-13 20:00:00,0.0,104.0739451231874
2030-03-13 21:00:00,0.0,108.2022142436616
2030-03-13 22:00:00,0.0,109.23778897417992
2030-03-13 23:00:00,0.0,108.36969500024838
2030-03-14 00:00:00,0.0,97.58954619669908
2030-03-14 01:00:00,0.0,90.32210896847255
2030-03-14 02:00:00,0.0,85.66947601323977
2030-03-14 03:00:00,0.0,81.98665309353032
2030-03-14 04:00:00,0.0,80.67135919363409
2030-03-14 05:00:00,0.0,78.65457521379324
2030-03-14 06:00:00,0.0,78.74226147378636
2030-03-14 07:00:00,0.0,74.88406603409078
2030-03-14 08:00:00,0.0,68.03761537996934
2030-03-14 09:00:00,0.0,63.264073608873325
2030-03-14 10:00:00,0.0,57.39966143541676
2030-03-14 11:00:00,0.0,58.02056949119833
2030-03-14 12:00:00,0.0,57.55166549908574
2030-03-14 13:00:00,0.0,57.5211912878392
2030-03-14 14:00:00,0.0,56.60610498775725
2030-03-14 15:00:00,0.0,62.81777753030076
2030-03-14 16:00:00,0.0,67.76691028886728
2030-03-14 17:00:00,0.0,71.92181383005618
2030-03-14 18:00:00,0.0,78.14894336143014
2030-03-14 19:00:00,0.0,98.16796109025165
2030-03-14 20:00:00,0.0,103.36544014244328
2030-03-14 21:00:00,0.0,105.46727979447746
2030-03-14 22:00:00,0.0,108.05840877727292
2030-03-14 23:00:00,0.0,106.45988825759912
2030-03-15 00:00:00,0.0,96.80826162016068
2030-03-15 01:00:00,0.0,90.32210896847255
2030-03-15 02:00:00,0.0,85.66947601323977
2030-03-15 03:00:00,0.0,81.98665309353032
2030-03-15 04:00:00,0.0,80.67135919363409
2030-03-15 05:00:00,0.0,78.65457521379324
2030-03-15 06:00:00,0.0,78.74226147378636
2030-03-15 07:00:00,0.0,74.88406603409078
2030-03-15 08:00:00,0.0,67.98606125645142
2030-03-15 09:00:00,0.0,63.07111388942076
2030-03-15 10:00:00,0.0,61.161052717839425
2030-03-15 11:00:00,0.0,60.8232450160574
2030-03-15 12:00:00,0.0,61.363603875190165
2030-03-15 13:00:00,0.0,60.39547972725642
2030-03-15 14:00:00,0.0,58.051918313650845
2030-03-15 15:00:00,0.0,64.66585926306709
2030-03-15 16:00:00,0.0,69.50024512641312
2030-03-15 17:00:00,0.0,73.23289262106357
2030-03-15 18:00:00,0.0,81.12042282296441
2030-03-15 19:00:00,0.0,98.02485942709644
2030-03-15 20:00:00,0.0,101.88003489816047
2030-03-15 21:00:00,0.0,106.689626258781
2030-03-15 22:00:00,0.0,107.6375147293062
2030-03-15 23:00:00,0.0,106.93777837456138
2030-03-16 00:00:00,0.0,96.80826162016068
2030-03-16 01:00:00,0.0,90.32210896847255
2030-03-16 02:00:00,0.0,85.66947601323977
2030-03-16 03:00:00,0.0,81.98665309353032
2030-03-16 04:00:00,0.0,80.67135919363409
2030-03-16 05:00:00,0.0,78.65457521379324
2030-03-16 06:00:00,0.0,78.74226147378636
2030-03-16 07:00:00,0.0,74.88406603409078
2030-03-16 08:00:00,0.0,68.00815588081628
2030-03-16 09:00:00,0.0,63.147929533462275
2030-03-16 10:00:00,0.0,56.3369387945653
2030-03-16 11:00:00,0.0,54.6829828066476
2030-03-16 12:00:00,0.0,57.45864713050992
2030-03-16 13:00:00,0.0,58.96295721810952
2030-03-16 14:00:00,0.0,54.643025796400366
2030-03-16 15:00:00,0.0,61.182157669327005
2030-03-16 16:00:00,0.0,66.29827505248682
2030-03-16 17:00:00,0.0,70.59652617680854
2030-03-16 18:00:00,0.0,76.54051737003884
2030-03-16 19:00:00,0.0,93.00410952874768
2030-03-16 20:00:00,0.0,99.53881175634527
2030-03-16 21:00:00,0.0,104.40189173556153
2030-03-16 22:00:00,0.0,106.68085763278168
2030-03-16 23:00:00,0.0,106.0407479348322
2030-03-17 00:00:00,0.0,96.80826162016068
2030-03-17 01:00:00,0.0,90.32210896847255
2030-03-17 02:00:00,0.0,85.66947601323977
2030-03-17 03:00:00,0.0,81.98665309353032
2030-03-17 04:00:00,0.0,80.67135919363409
2030-03-17 05:00:00,0.0,78.65457521379324
2030-03-17 06:00:00,0.0,78.74226147378636
2030-03-17 07:00:00,0.0,74.88406603409078
2030-03-17 08:00:00,0.0,67.96396663208657
2030-03-17 09:00:00,0.0,63.153158594562
2030-03-17 10:00:00,0.0,54.7170776196192
2030-03-17 11:00:00,0.0,50.35686716909834
2030-03-17 12:00:00,0.0,50.14566044964715
2030-03-17 13:00:00,0.0,50.39316631546478
2030-03-17 14:00:00,0.0,50.64123014961115
2030-03-17 15:00:00,0.0,57.65526080008112
2030-03-17 16:00:00,0.0,62.58297811513648
2030-03-17 17:00:00,0.0,66.312773857352
2030-03-17 18:00:00,0.0,71.79654020683563
2030-03-17 19:00:00,0.0,89.93650574596813
2030-03-17 20:00:00,0.0,95.84020530983709
2030-03-17 21:00:00,0.0,101.89231097455956
2030-03-17 22:00:00,0.0,106.68085763278168
2030-03-17 23:00:00,0.0,106.0407479348322
2030-03-18 00:00:00,0.0,104.28789959757044
2030-03-18 01:00:00,0.0,97.55797914310152
2030-03-18 02:00:00,0.0,92.13370709992957
2030-03-18 03:00:00,0.0,89.3382691313502
2030-03-18 04:00:00,0.0,85.23104471327427
2030-03-18 05:00:00,0.0,83.74037829339191
2030-03-18 06:00:00,0.0,82.77582943346806
2030-03-18 07:00:00,0.0,78.39151643381399
2030-03-18 08:00:00,0.0,69.06706363805529
2030-03-18 09:00:00,0.0,61.623370142096284
2030-03-18 10:00:00,0.0,53.01798524322885
2030-03-18 11:00:00,0.0,47.94513435309796
2030-03-18 12:00:00,0.0,45.910884110749976
2030-03-18 13:00:00,0.0,45.852791619047366
2030-03-18 14:00:00,0.0,46.01250635446979
2030-03-18 15:00:00,0.0,53.00461907680574
2030-03-18 16:00:00,0.0,58.54987031769257
2030-03-18 17:00:00,0.0,63.9046937761907
2030-03-18 18:00:00,0.0,70.80079367654469
2030-03-18 19:00:00,0.0,89.46826497286088
2030-03-18 20:00:00,0.0,97.1239321561359
2030-03-18 21:00:00,0.0,101.34076439920305
2030-03-18 22:00:00,0.0,104.13970981818215
2030-03-18 23:00:00,0.0,102.50085361891148
2030-03-19 00:00:00,0.0,96.23830093020568
2030-03-19 01:00:00,0.0,90.68688381004382
2030-03-19 02:00:00,0.0,87.33551495310826
2030-03-19 03:00:00,0.0,84.7049271533158
2030-03-19 04:00:00,0.0,81.8989668335372
2030-03-19 05:00:00,0.0,80.84673171362033
2030-03-19 06:00:00,0.0,80.14524163367558
2030-03-19 07:00:00,0.0,76.81316375393862
2030-03-19 08:00:00,0.0,66.93313389906837
2030-03-19 09:00:00,0.0,60.06843776404753
2030-03-19 10:00:00,0.0,51.4521822492286
2030-03-19 11:00:00,0.0,46.92371380853115
2030-03-19 12:00:00,0.0,46.128958053230576
2030-03-19 13:00:00,0.0,47.21237781515629
2030-03-19 14:00:00,0.0,46.08773112479309
2030-03-19 15:00:00,0.0,51.64145349078581
2030-03-19 16:00:00,0.0,58.15162183533596
2030-03-19 17:00:00,0.0,60.460006960940966
2030-03-19 18:00:00,0.0,66.70016110627705
2030-03-19 19:00:00,0.0,90.45349699542705
2030-03-19 20:00:00,0.0,97.77105675488474
2030-03-19 21:00:00,0.0,103.60394676962449
2030-03-19 22:00:00,0.0,105.90921854484257
2030-03-19 23:00:00,0.0,106.24505692061608
2030-03-20 00:00:00,0.0,96.80826162016068
2030-03-20 01:00:00,0.0,90.32210896847255
2030-03-20 02:00:00,0.0,85.66947601323977
2030-03-20 03:00:00,0.0,81.98665309353032
2030-03-20 04:00:00,0.0,80.67135919363409
2030-03-20 05:00:00,0.0,78.65457521379324
2030-03-20 06:00:00,0.0,78.74226147378636
2030-03-20 07:00:00,0.0,74.88406603409078
2030-03-20 08:00:00,0.0,67.85349351026264
2030-03-20 09:00:00,0.0,62.76451415198517
2030-03-20 10:00:00,0.0,53.035410597741816
2030-03-20 11:00:00,0.0,46.55351095166009
2030-03-20 12:00:00,0.0,45.945661171028064
2030-03-20 13:00:00,0.0,46.14444096448266
2030-03-20 14:00:00,0.0,46.6543409486294
2030-03-20 15:00:00,0.0,53.7234608625156
2030-03-20 16:00:00,0.0,58.62555183178085
2030-03-20 17:00:00,0.0,63.38155156488267
2030-03-20 18:00:00,0.0,68.49976947606956
2030-03-20 19:00:00,0.0,89.00387005837479
2030-03-20 20:00:00,0.0,97.01344746854454
2030-03-20 21:00:00,0.0,101.90984822655808
2030-03-20 22:00:00,0.0,106.68085763278168
2030-03-20 23:00:00,0.0,106.0407479348322
2030-03-21 00:00:00,0.0,96.80826162016068
2030-03-21 01:00:00,0.0,90.32210896847255
2030-03-21 02:00:00,0.0,85.66947601323977
2030-03-21 03:00:00,0.0,81.98665309353032
2030-03-21 04:00:00,0.0,80.67135919363409
2030-03-21 05:00:00,0.0,78.65457521379324
2030-03-21 06:00:00,0.0,78.74226147378636
2030-03-21 07:00:00,0.0,74.88406603409078
2030-03-21 08:00:00,0.0,67.8387637606861
2030-03-21 09:00:00,0.0,62.79176418870179
2030-03-21 10:00:00,0.0,57.70290303300476
2030-03-21 11:00:00,0.0,50.51659675579822
2030-03-21 12:00:00,0.0,49.412236211856566
2030-03-21 13:00:00,0.0,48.8813184549274
2030-03-21 14:00:00,0.0,48.641856673005805
2030-03-21 15:00:00,0.0,56.395041312323535
2030-03-21 16:00:00,0.0,61.35852593858783
2030-03-21 17:00:00,0.0,66.23584001072993
2030-03-21 18:00:00,0.0,73.26076642240832
2030-03-21 19:00:00,0.0,91.20741806148942
2030-03-21 20:00:00,0.0,100.22276458429133
2030-03-21 21:00:00,0.0,105.18405317469978
2030-03-21 22:00:00,0.0,106.68085763278168
2030-03-21 23:00:00,0.0,106.0407479348322
2030-03-22 00:00:00,0.0,96.80826162016068
2030-03-22 01:00:00,0.0,90.32210896847255
2030-03-22 02:00:00,0.0,85.66947601323977
2030-03-22 03:00:00,0.0,81.98665309353032
2030-03-22 04:00:00,0.0,80.67135919363409
2030-03-22 05:00:00,0.0,78.65457521379324
2030-03-22 06:00:00,0.0,78.74226147378636
2030-03-22 07:00:00,0.0,74.88406603409078
2030-03-22 08:00:00,0.0,67.77984476237998
2030-03-22 09:00:00,0.0,62.62774842716704
2030-03-22 10:00:00,0.0,58.16216238116328
2030-03-22 11:00:00,0.0,52.29103210509243
2030-03-22 12:00:00,0.0,54.097345549140975
2030-03-22 13:00:00,0.0,54.49921919052076
2030-03-22 14:00:00,0.0,56.120744584113034
2030-03-22 15:00:00,0.0,62.742346142800095
2030-03-22 16:00:00,0.0,67.90923463300408
2030-03-22 17:00:00,0.0,70.27436933788158
2030-03-22 18:00:00,0.0,76.1010163020826
2030-03-22 19:00:00,0.0,92.39522076566264
2030-03-22 20:00:00,0.0,101.25395500180991
2030-03-22 21:00:00,0.0,105.1279339683042
2030-03-22 22:00:00,0.0,108.96508470560138
2030-03-22 23:00:00,0.0,107.16050147494376
2030-03-23 00:00:00,0.0,97.0511525603415
2030-03-23 01:00:00,0.0,90.32210896847255
2030-03-23 02:00:00,0.0,85.66947601323977
2030-03-23 03:00:00,0.0,81.98665309353032
2030-03-23 04:00:00,0.0,80.67135919363409
2030-03-23 05:00:00,0.0,78.65457521379324
2030-03-23 06:00:00,0.0,78.74226147378636
2030-03-23 07:00:00,0.0,74.88406603409078
2030-03-23 08:00:00,0.0,68.21827606234535
2030-03-23 09:00:00,0.0,65.63920330099586
2030-03-23 10:00:00,0.0,64.65555457393339
2030-03-23 11:00:00,0.0,60.870953945768065
2030-03-23 12:00:00,0.0,60.69187262785124
2030-03-23 13:00:00,0.0,61.07518765833004
2030-03-23 14:00:00,0.0,58.687633889604285
2030-03-23 15:00:00,0.0,65.39340549331064
2030-03-23 16:00:00,0.0,70.61705718914504
2030-03-23 17:00:00,0.0,75.629435439821
2030-03-23 18:00:00,0.0,81.40705774844876
2030-03-23 19:00:00,0.0,97.13009032489936
2030-03-23 20:00:00,0.0,106.22225849301788
2030-03-23 21:00:00,0.0,111.96658538516452
2030-03-23 22:00:00,0.0,112.47078138012476
2030-03-23 23:00:00,0.0,111.02045063983928
2030-03-24 00:00:00,0.0,101.14873148981826
2030-03-24 01:00:00,0.0,94.79323136551976
2030-03-24 02:00:00,0.0,86.98476991313589
2030-03-24 03:00:00,0.0,82.77582943346806
2030-03-24 04:00:00,0.0,81.8112805735442
2030-03-24 05:00:00,0.0,78.65457521379324
2030-03-24 06:00:00,0.0,78.74226147378636
2030-03-24 07:00:00,0.0,74.88406603409078
2030-03-24 08:00:00,0.0,68.45924021795986
2030-03-24 09:00:00,0.0,65.50741629229867
2030-03-24 10:00:00,0.0,66.05268829928423
2030-03-24 11:00:00,0.0,62.21171637261375
2030-03-24 12:00:00,0.0,61.03742097750944
2030-03-24 13:00:00,0.0,60.88619699482592
2030-03-24 14:00:00,0.0,60.10818236192961
2030-03-24 15:00:00,0.0,66.5723415187482
2030-03-24 16:00:00,0.0,71.12127053275617
2030-03-24 17:00:00,0.0,74.13175148880303
2030-03-24 18:00:00,0.0,81.66823706099329
2030-03-24 19:00:00,0.0,94.89023327068729
2030-03-24 20:00:00,0.0,104.3378807657666
2030-03-24 21:00:00,0.0,110.3522813386919
2030-03-24 22:00:00,0.0,111.25457295402076
2030-03-24 23:00:00,0.0,108.8256635522124
2030-03-25 00:00:00,0.0,105.24806414449472
2030-03-25 01:00:00,0.0,98.04113043566349
2030-03-25 02:00:00,0.0,92.13370709992957
2030-03-25 03:00:00,0.0,89.3382691313502
2030-03-25 04:00:00,0.0,85.23104471327427
2030-03-25 05:00:00,0.0,83.74037829339191
2030-03-25 06:00:00,0.0,82.77582943346806
2030-03-25 07:00:00,0.0,78.39151643381399
2030-03-25 08:00:00,0.0,68.79456327088951
2030-03-25 09:00:00,0.0,62.7741918405128
2030-03-25 10:00:00,0.0,61.42154894674013
2030-03-25 11:00:00,0.0,56.025364898306975
2030-03-25 12:00:00,0.0,55.274636242962735
2030-03-25 13:00:00,0.0,55.29802866515354
2030-03-25 14:00:00,0.0,56.74248761755848
2030-03-25 15:00:00,0.0,63.33825958421676
2030-03-25 16:00:00,0.0,68.83158709996394
2030-03-25 17:00:00,0.0,73.72847197844713
2030-03-25 18:00:00,0.0,82.33353077546292
2030-03-25 19:00:00,0.0,95.6136487708859
2030-03-25 20:00:00,0.0,104.01957964199164
2030-03-25 21:00:00,0.0,107.51563082791584
2030-03-25 22:00:00,0.0,106.28276201241304
2030-03-25 23:00:00,0.0,103.16025429405954
2030-03-26 00:00:00,0.0,96.23830093020568
2030-03-26 01:00:00,0.0,90.68688381004382
2030-03-26 02:00:00,0.0,87.33551495310826
2030-03-26 03:00:00,0.0,84.7049271533158
2030-03-26 04:00:00,0.0,81.8989668335372
2030-03-26 05:00:00,0.0,80.84673171362033
2030-03-26 06:00:00,0.0,80.14524163367558
2030-03-26 07:00:00,0.0,76.81316375393862
2030-03-26 08:00:00,0.0,66.64590378232595
2030-03-26 09:00:00,0.0,59.51172687880239
2030-03-26 10:00:00,0.0,57.45936147503426
2030-03-26 11:00:00,0.0,56.27718481859529
2030-03-26 12:00:00,0.0,55.73835846218708
2030-03-26 13:00:00,0.0,58.30992223138799
2030-03-26 14:00:00,0.0,57.63030902964624
2030-03-26 15:00:00,0.0,64.44442499682543
2030-03-26 16:00:00,0.0,70.73681548473178
2030-03-26 17:00:00,0.0,72.34588831511142
2030-03-26 18:00:00,0.0,79.41772748834579
2030-03-26 19:00:00,0.0,95.1543535384003
2030-03-26 20:00:00,0.0,106.81414074797112
2030-03-26 21:00:00,0.0,110.40226250688806
2030-03-26 22:00:00,0.0,110.0883456961128
2030-03-26 23:00:00,0.0,109.62185479294963
2030-03-27 00:00:00,0.0,99.48006196214989
2030-03-27 01:00:00,0.0,92.39501215470898
2030-03-27 02:00:00,0.0,86.45865235317741
2030-03-27 03:00:00,0.0,81.98665309353032
2030-03-27 04:00:00,0.0,80.67135919363409
2030-03-27 05:00:00,0.0,78.65457521379324
2030-03-27 06:00:00,0.0,78.74226147378636
2030-03-27 07:00:00,0.0,74.88406603409078
2030-03-27 08:00:00,0.0,69.94852216290997
2030-03-27 09:00:00,0.0,67.5892472716173
2030-03-27 10:00:00,0.0,62.71240631361684
2030-03-27 11:00:00,0.0,63.821944412864696
2030-03-27 12:00:00,0.0,63.046725906094366
2030-03-27 13:00:00,0.0,62.59974923360949
2030-03-27 14:00:00,0.0,60.03054067632127
2030-03-27 15:00:00,0.0,66.32279765430667
2030-03-27 16:00:00,0.0,70.78950561829663
2030-03-27 17:00:00,0.0,73.250371426946
2030-03-27 18:00:00,0.0,78.85031269388662
2030-03-27 19:00:00,0.0,93.63897347212061
2030-03-27 20:00:00,0.0,103.60745422002424
2030-03-27 21:00:00,0.0,109.04663292739497
2030-03-27 22:00:00,0.0,110.47942641568191
2030-03-27 23:00:00,0.0,108.89405883500704
2030-03-28 00:00:00,0.0,98.41292017803414
2030-03-28 01:00:00,0.0,91.67247737236595
2030-03-28 02:00:00,0.0,85.66947601323977
2030-03-28 03:00:00,0.0,81.98665309353032
2030-03-28 04:00:00,0.0,80.67135919363409
2030-03-28 05:00:00,0.0,78.65457521379324
2030-03-28 06:00:00,0.0,78.74226147378636
2030-03-28 07:00:00,0.0,74.88406603409078
2030-03-28 08:00:00,0.0,67.48524977084924
2030-03-28 09:00:00,0.0,62.06813584201939
2030-03-28 10:00:00,0.0,58.76055936916964
2030-03-28 11:00:00,0.0,57.78380392185295
2030-03-28 12:00:00,0.0,58.24325755189875
2030-03-28 13:00:00,0.0,59.76508754284612
2030-03-28 14:00:00,0.0,56.9341074159114
2030-03-28 15:00:00,0.0,63.53209462788982
2030-03-28 16:00:00,0.0,68.51669011318006
2030-03-28 17:00:00,0.0,72.12344127404435
2030-03-28 18:00:00,0.0,77.87870661077852
2030-03-28 19:00:00,0.0,95.72870239661074
2030-03-28 20:00:00,0.0,99.55547214574392
2030-03-28 21:00:00,0.0,105.67334250546116
2030-03-28 22:00:00,0.0,107.42092966712325
2030-03-28 23:00:00,0.0,106.0407479348322
2030-03-29 00:00:00,0.0,96.80826162016068
2030-03-29 01:00:00,0.0,90.32210896847255
2030-03-29 02:00:00,0.0,85.66947601323977
2030-03-29 03:00:00,0.0,81.98665309353032
2030-03-29 04:00:00,0.0,80.67135919363409
2030-03-29 05:00:00,0.0,78.65457521379324
2030-03-29 06:00:00,0.0,78.74226147378636
2030-03-29 07:00:00,0.0,74.88406603409078
2030-03-29 08:00:00,0.0,67.45579027169617
2030-03-29 09:00:00,0.0,62.00593204879362
2030-03-29 10:00:00,0.0,54.22503063883494
2030-03-29 11:00:00,0.0,48.17723156405111
2030-03-29 12:00:00,0.0,47.567967605931806
2030-03-29 13:00:00,0.0,47.83512283615664
2030-03-29 14:00:00,0.0,49.32855820590362
2030-03-29 15:00:00,0.0,58.349621498938745
2030-03-29 16:00:00,0.0,62.532969741758734
2030-03-29 17:00:00,0.0,67.25864503022899
2030-03-29 18:00:00,0.0,73.75981064188113
2030-03-29 19:00:00,0.0,93.72470596075696
2030-03-29 20:00:00,0.0,101.03123190142752
2030-03-29 21:00:00,0.0,104.7272077601358
2030-03-29 22:00:00,0.0,106.68085763278168
2030-03-29 23:00:00,0.0,106.0407479348322
2030-03-30 00:00:00,0.0,96.80826162016068
2030-03-30 01:00:00,0.0,90.32210896847255
2030-03-30 02:00:00,0.0,85.66947601323977
2030-03-30 03:00:00,0.0,81.98665309353032
2030-03-30 04:00:00,0.0,80.67135919363409
2030-03-30 05:00:00,0.0,78.65457521379324
2030-03-30 06:00:00,0.0,78.74226147378636
2030-03-30 07:00:00,0.0,74.88406603409078
2030-03-30 08:00:00,0.0,67.57362826830854
2030-03-30 09:00:00,0.0,62.956737383958966
2030-03-30 10:00:00,0.0,54.53825845976007
2030-03-30 11:00:00,0.0,48.140362636277246
2030-03-30 12:00:00,0.0,48.227448197028366
2030-03-30 13:00:00,0.0,48.01890586085914
2030-03-30 14:00:00,0.0,49.71695230350156
2030-03-30 15:00:00,0.0,56.73855392372593
2030-03-30 16:00:00,0.0,61.956465575189554
2030-03-30 17:00:00,0.0,66.17530043615056
2030-03-30 18:00:00,0.0,72.01309662052608
2030-03-30 19:00:00,0.0,92.22192881333056
2030-03-30 20:00:00,0.0,100.55071119666536
2030-03-30 21:00:00,0.0,105.9688452016378
2030-03-30 22:00:00,0.0,107.42092966712325
2030-03-30 23:00:00,0.0,106.0407479348322
2030-03-31 00:00:00,0.0,96.80826162016068
2030-03-31 01:00:00,0.0,90.32210896847255
2030-03-31 02:00:00,0.0,85.66947601323977
2030-03-31 03:00:00,0.0,81.98665309353032
2030-03-31 04:00:00,0.0,80.67135919363409
2030-03-31 05:00:00,0.0,78.65457521379324
2030-03-31 06:00:00,0.0,78.74226147378636
2030-03-31 07:00:00,0.0,74.88406603409078
2030-03-31 08:00:00,0.0,67.86822325983917
2030-03-31 09:00:00,0.0,64.81312772308945
2030-03-31 10:00:00,0.0,59.73490229728236
2030-03-31 11:00:00,0.0,54.28052149438406
2030-03-31 12:00:00,0.0,54.01976371506544
2030-03-31 13:00:00,0.0,53.545511243993246
2030-03-31 14:00:00,0.0,55.083283159965504
2030-03-31 15:00:00,0.0,62.091131085440445
2030-03-31 16:00:00,0.0,69.30798664667213
2030-03-31 17:00:00,0.0,72.98333826419741
2030-03-31 18:00:00,0.0,77.78495137511548
2030-03-31 19:00:00,0.0,91.08426877095269
2030-03-31 20:00:00,0.0,100.47354728787148
2030-03-31 21:00:00,0.0,103.2654778060512
2030-03-31 22:00:00,0.0,106.68085763278168
2030-03-31 23:00:00,0.0,106.0407479348322
2030-04-01 00:00:00,0.0,125.14933771252436
2030-04-01 01:00:00,0.0,116.55959168360208
2030-04-01 02:00:00,0.0,112.76102290070185
2030-04-01 03:00:00,0.0,108.00842760907688
2030-04-01 04:00:00,0.0,106.11878870622604
2030-04-01 05:00:00,0.0,103.23566447765359
2030-04-01 06:00:00,0.0,99.41868158015473
2030-04-01 07:00:00,0.0,91.72421226576192
2030-04-01 08:00:00,0.0,87.5947013148185
2030-04-01 09:00:00,0.0,84.44758482944394
2030-04-01 10:00:00,0.0,75.58949942539526
2030-04-01 11:00:00,0.0,82.17348841775743
2030-04-01 12:00:00,0.0,81.19215353024265
2030-04-01 13:00:00,0.0,84.3844179884711
2030-04-01 14:00:00,0.0,89.73820139050758
2030-04-01 15:00:00,0.0,94.34592452451216
2030-04-01 16:00:00,0.0,98.71755708269505
2030-04-01 17:00:00,0.0,102.02551711559865
2030-04-01 18:00:00,0.0,104.90294288224868
2030-04-01 19:00:00,0.0,109.35285887521296
2030-04-01 20:00:00,0.0,123.28074351207168
2030-04-01 21:00:00,0.0,128.74798182264033
2030-04-01 22:00:00,0.0,121.35953755562332
2030-04-01 23:00:00,0.0,122.9378902354988
2030-04-02 00:00:00,0.0,118.702643877833
2030-04-02 01:00:00,0.0,113.40200946125128
2030-04-02 02:00:00,0.0,107.88128253208696
2030-04-02 03:00:00,0.0,102.91473276607881
2030-04-02 04:00:00,0.0,100.90847113743712
2030-04-02 05:00:00,0.0,85.14335845328128
2030-04-02 06:00:00,0.0,82.95120195345417
2030-04-02 07:00:00,0.0,76.7254774939455
2030-04-02 08:00:00,0.0,72.44515774158128
2030-04-02 09:00:00,0.0,79.2085706660257
2030-04-02 10:00:00,0.0,72.27072107944457
2030-04-02 11:00:00,0.0,69.22858324978677
2030-04-02 12:00:00,0.0,70.66007600542548
2030-04-02 13:00:00,0.0,74.52884184441427
2030-04-02 14:00:00,0.0,82.70023990136269
2030-04-02 15:00:00,0.0,90.64810302210536
2030-04-02 16:00:00,0.0,92.98730958826093
2030-04-02 17:00:00,0.0,97.06088506576305
2030-04-02 18:00:00,0.0,98.8113510623848
2030-04-02 19:00:00,0.0,102.8372390138602
2030-04-02 20:00:00,0.0,113.5800125690372
2030-04-02 21:00:00,0.0,116.01856745944484
2030-04-02 22:00:00,0.0,119.5575849127656
2030-04-02 23:00:00,0.0,119.21736222399238
2030-04-03 00:00:00,0.0,115.53015499128333
2030-04-03 01:00:00,0.0,109.76127594633861
2030-04-03 02:00:00,0.0,102.51576028311035
2030-04-03 03:00:00,0.0,97.72370617448848
2030-04-03 04:00:00,0.0,96.43822560298995
2030-04-03 05:00:00,0.0,96.12606251741452
2030-04-03 06:00:00,0.0,93.74976487160211
2030-04-03 07:00:00,0.0,88.56838376861094
2030-04-03 08:00:00,0.0,84.53849674583806
2030-04-03 09:00:00,0.0,78.48285571251995
2030-04-03 10:00:00,0.0,75.33810111478715
2030-04-03 11:00:00,0.0,74.90463438170741
2030-04-03 12:00:00,0.0,74.00001958287135
2030-04-03 13:00:00,0.0,78.62123929584855
2030-04-03 14:00:00,0.0,87.47260758386506
2030-04-03 15:00:00,0.0,91.5249445510924
2030-04-03 16:00:00,0.0,92.5181347788914
2030-04-03 17:00:00,0.0,94.76264817033153
2030-04-03 18:00:00,0.0,98.62511427907634
2030-04-03 19:00:00,0.0,107.81079597015616
2030-04-03 20:00:00,0.0,116.5920355997996
2030-04-03 21:00:00,0.0,118.66055447303631
2030-04-03 22:00:00,0.0,118.44221568565352
2030-04-03 23:00:00,0.0,117.92925106469409
2030-04-04 00:00:00,0.0,115.15661152371284
2030-04-04 01:00:00,0.0,109.76127594633861
2030-04-04 02:00:00,0.0,102.51576028311035
2030-04-04 03:00:00,0.0,97.72370617448848
2030-04-04 04:00:00,0.0,96.43822560298995
2030-04-04 05:00:00,0.0,96.12606251741452
2030-04-04 06:00:00,0.0,93.74976487160211
2030-04-04 07:00:00,0.0,88.56838376861094
2030-04-04 08:00:00,0.0,84.51640212147333
2030-04-04 09:00:00,0.0,78.6490999943785
2030-04-04 10:00:00,0.0,76.31294568221153
2030-04-04 11:00:00,0.0,74.11534750216651
2030-04-04 12:00:00,0.0,75.07742759032385
2030-04-04 13:00:00,0.0,79.1368031782448
2030-04-04 14:00:00,0.0,87.9137552558908
2030-04-04 15:00:00,0.0,89.77673538223894
2030-04-04 16:00:00,0.0,92.55999267820528
2030-04-04 17:00:00,0.0,92.7272697427968
2030-04-04 18:00:00,0.0,96.65851300443363
2030-04-04 19:00:00,0.0,103.58309525715674
2030-04-04 20:00:00,0.0,113.61596393563444
2030-04-04 21:00:00,0.0,116.85071006677911
2030-04-04 22:00:00,0.0,116.66744578339365
2030-04-04 23:00:00,0.0,117.37770448933757
2030-04-05 00:00:00,0.0,115.15661152371284
2030-04-05 01:00:00,0.0,109.76127594633861
2030-04-05 02:00:00,0.0,102.51576028311035
2030-04-05 03:00:00,0.0,97.72370617448848
2030-04-05 04:00:00,0.0,96.43822560298995
2030-04-05 05:00:00,0.0,96.12606251741452
2030-04-05 06:00:00,0.0,93.74976487160211
2030-04-05 07:00:00,0.0,88.56838376861094
2030-04-05 08:00:00,0.0,84.4943074971086
2030-04-05 09:00:00,0.0,78.7205910219576
2030-04-05 10:00:00,0.0,77.99651587280368
2030-04-05 11:00:00,0.0,73.11665445221468
2030-04-05 12:00:00,0.0,72.39972172214608
2030-04-05 13:00:00,0.0,76.43217704996083
2030-04-05 14:00:00,0.0,84.66700153011368
2030-04-05 15:00:00,0.0,86.5570863233105
2030-04-05 16:00:00,0.0,89.49187777919188
2030-04-05 17:00:00,0.0,91.50806498252689
2030-04-05 18:00:00,0.0,96.37625630524542
2030-04-05 19:00:00,0.0,106.15369871565348
2030-04-05 20:00:00,0.0,114.73659433834598
2030-04-05 21:00:00,0.0,112.5882809685155
2030-04-05 22:00:00,0.0,116.66744578339365
2030-04-05 23:00:00,0.0,117.37770448933757
2030-04-06 00:00:00,0.0,115.15661152371284
2030-04-06 01:00:00,0.0,109.76127594633861
2030-04-06 02:00:00,0.0,102.51576028311035
2030-04-06 03:00:00,0.0,97.72370617448848
2030-04-06 04:00:00,0.0,96.43822560298995
2030-04-06 05:00:00,0.0,96.12606251741452
2030-04-06 06:00:00,0.0,93.74976487160211
2030-04-06 07:00:00,0.0,88.56838376861094
2030-04-06 08:00:00,0.0,84.47221287274374
2030-04-06 09:00:00,0.0,78.62956401830218
2030-04-06 10:00:00,0.0,73.454595255389
2030-04-06 11:00:00,0.0,66.93454047772877
2030-04-06 12:00:00,0.0,65.70039055721088
2030-04-06 13:00:00,0.0,69.36002291416537
2030-04-06 14:00:00,0.0,78.79455192987598
2030-04-06 15:00:00,0.0,81.15542716150321
2030-04-06 16:00:00,0.0,83.91146824448947
2030-04-06 17:00:00,0.0,86.17713109504757
2030-04-06 18:00:00,0.0,90.21461125114136
2030-04-06 19:00:00,0.0,100.32834277981281
2030-04-06 20:00:00,0.0,110.17778568130574
2030-04-06 21:00:00,0.0,112.29540886013864
2030-04-06 22:00:00,0.0,116.66744578339365
2030-04-06 23:00:00,0.0,117.37770448933757
2030-04-07 00:00:00,0.0,115.15661152371284
2030-04-07 01:00:00,0.0,109.76127594633861
2030-04-07 02:00:00,0.0,102.51576028311035
2030-04-07 03:00:00,0.0,97.72370617448848
2030-04-07 04:00:00,0.0,96.43822560298995
2030-04-07 05:00:00,0.0,96.12606251741452
2030-04-07 06:00:00,0.0,93.74976487160211
2030-04-07 07:00:00,0.0,88.56838376861094
2030-04-07 08:00:00,0.0,84.43538849880235
2030-04-07 09:00:00,0.0,78.58787882700062
2030-04-07 10:00:00,0.0,72.61333562434025
2030-04-07 11:00:00,0.0,68.65924342753203
2030-04-07 12:00:00,0.0,67.62683920111692
2030-04-07 13:00:00,0.0,71.7703426446352
2030-04-07 14:00:00,0.0,79.83087799915064
2030-04-07 15:00:00,0.0,82.47799844269046
2030-04-07 16:00:00,0.0,84.65882900749807
2030-04-07 17:00:00,0.0,86.1968099436184
2030-04-07 18:00:00,0.0,89.08490264319857
2030-04-07 19:00:00,0.0,98.93027382153434
2030-04-07 20:00:00,0.0,109.27110975297728
2030-04-07 21:00:00,0.0,111.36330391641216
2030-04-07 22:00:00,0.0,116.66744578339365
2030-04-07 23:00:00,0.0,117.37770448933757
2030-04-08 00:00:00,0.0,125.14933771252436
2030-04-08 01:00:00,0.0,116.55959168360208
2030-04-08 02:00:00,0.0,112.76102290070185
2030-04-08 03:00:00,0.0,108.00842760907688
2030-04-08 04:00:00,0.0,106.11878870622604
2030-04-08 05:00:00,0.0,103.23566447765359
2030-04-08 06:00:00,0.0,99.41868158015473
2030-04-08 07:00:00,0.0,91.72421226576192
2030-04-08 08:00:00,0.0,87.35166044680568
2030-04-08 09:00:00,0.0,83.6061151627448
2030-04-08 10:00:00,0.0,72.96442757118255
2030-04-08 11:00:00,0.0,74.17512452357641
2030-04-08 12:00:00,0.0,75.38129833586913
2030-04-08 13:00:00,0.0,78.93199670258502
2030-04-08 14:00:00,0.0,84.62849800082006
2030-04-08 15:00:00,0.0,89.2577919376971
2030-04-08 16:00:00,0.0,93.20817469104088
2030-04-08 17:00:00,0.0,95.50505098434323
2030-04-08 18:00:00,0.0,96.67143956565953
2030-04-08 19:00:00,0.0,105.5595281363777
2030-04-08 20:00:00,0.0,118.6675693738358
2030-04-08 21:00:00,0.0,120.401126733899
2030-04-08 22:00:00,0.0,118.84907993202148
2030-04-08 23:00:00,0.0,121.1008630886438
2030-04-09 00:00:00,0.0,117.16287315235456
2030-04-09 01:00:00,0.0,113.3064314378588
2030-04-09 02:00:00,0.0,107.88128253208696
2030-04-09 03:00:00,0.0,102.91473276607881
2030-04-09 04:00:00,0.0,100.90847113743712
2030-04-09 05:00:00,0.0,85.14335845328128
2030-04-09 06:00:00,0.0,82.95120195345417
2030-04-09 07:00:00,0.0,76.7254774939455
2030-04-09 08:00:00,0.0,72.2757656214511
2030-04-09 09:00:00,0.0,78.97184887201605
2030-04-09 10:00:00,0.0,70.6310528638536
2030-04-09 11:00:00,0.0,63.47027164172493
2030-04-09 12:00:00,0.0,65.61995197595377
2030-04-09 13:00:00,0.0,69.7854902398384
2030-04-09 14:00:00,0.0,76.80492221299755
2030-04-09 15:00:00,0.0,84.56994410334595
2030-04-09 16:00:00,0.0,86.61776730845939
2030-04-09 17:00:00,0.0,89.4748757346216
2030-04-09 18:00:00,0.0,90.86677086610814
2030-04-09 19:00:00,0.0,100.78921867813187
2030-04-09 20:00:00,0.0,110.47241151488242
2030-04-09 21:00:00,0.0,111.77630620097953
2030-04-09 22:00:00,0.0,116.28951800282344
2030-04-09 23:00:00,0.0,116.69550538659144
2030-04-10 00:00:00,0.0,115.15661152371284
2030-04-10 01:00:00,0.0,109.76127594633861
2030-04-10 02:00:00,0.0,102.51576028311035
2030-04-10 03:00:00,0.0,97.72370617448848
2030-04-10 04:00:00,0.0,96.43822560298995
2030-04-10 05:00:00,0.0,96.12606251741452
2030-04-10 06:00:00,0.0,93.74976487160211
2030-04-10 07:00:00,0.0,88.56838376861094
2030-04-10 08:00:00,0.0,84.3175505021901
2030-04-10 09:00:00,0.0,78.5124625091687
2030-04-10 10:00:00,0.0,73.4702890097085
2030-04-10 11:00:00,0.0,69.33119878330194
2030-04-10 12:00:00,0.0,69.0208941507259
2030-04-10 13:00:00,0.0,72.47227803554028
2030-04-10 14:00:00,0.0,80.38978537564833
2030-04-10 15:00:00,0.0,81.53522442001463
2030-04-10 16:00:00,0.0,83.48491516005708
2030-04-10 17:00:00,0.0,85.13189952855417
2030-04-10 18:00:00,0.0,89.21304646976773
2030-04-10 19:00:00,0.0,100.84884533492708
2030-04-10 20:00:00,0.0,108.9273796138044
2030-04-10 21:00:00,0.0,111.21336041182394
2030-04-10 22:00:00,0.0,116.66744578339365
2030-04-10 23:00:00,0.0,117.37770448933757
2030-04-11 00:00:00,0.0,115.15661152371284
2030-04-11 01:00:00,0.0,109.76127594633861
2030-04-11 02:00:00,0.0,102.51576028311035
2030-04-11 03:00:00,0.0,97.72370617448848
2030-04-11 04:00:00,0.0,96.43822560298995
2030-04-11 05:00:00,0.0,96.12606251741452
2030-04-11 06:00:00,0.0,93.74976487160211
2030-04-11 07:00:00,0.0,88.56838376861094
2030-04-11 08:00:00,0.0,84.30282075261357
2030-04-11 09:00:00,0.0,78.56482676891336
2030-04-11 10:00:00,0.0,74.82585528130141
2030-04-11 11:00:00,0.0,71.20123704429398
2030-04-11 12:00:00,0.0,70.1898811571416
2030-04-11 13:00:00,0.0,73.75726760275484
2030-04-11 14:00:00,0.0,81.5979540856831
2030-04-11 15:00:00,0.0,83.24281444326425
2030-04-11 16:00:00,0.0,85.89866532124006
2030-04-11 17:00:00,0.0,87.79488905512198
2030-04-11 18:00:00,0.0,91.97014126316172
2030-04-11 19:00:00,0.0,100.0665031259108
2030-04-11 20:00:00,0.0,111.13268905263044
2030-04-11 21:00:00,0.0,113.3248455524574
2030-04-11 22:00:00,0.0,116.66744578339365
2030-04-11 23:00:00,0.0,117.37770448933757
2030-04-12 00:00:00,0.0,115.15661152371284
2030-04-12 01:00:00,0.0,109.76127594633861
2030-04-12 02:00:00,0.0,102.51576028311035
2030-04-12 03:00:00,0.0,97.72370617448848
2030-04-12 04:00:00,0.0,96.43822560298995
2030-04-12 05:00:00,0.0,96.12606251741452
2030-04-12 06:00:00,0.0,93.74976487160211
2030-04-12 07:00:00,0.0,88.56838376861094
2030-04-12 08:00:00,0.0,84.23653687951924
2030-04-12 09:00:00,0.0,78.50141519698639
2030-04-12 10:00:00,0.0,74.70370889941944
2030-04-12 11:00:00,0.0,68.7535776170389
2030-04-12 12:00:00,0.0,67.91611798940481
2030-04-12 13:00:00,0.0,71.82574446897377
2030-04-12 14:00:00,0.0,82.02797992321337
2030-04-12 15:00:00,0.0,84.12599055270607
2030-04-12 16:00:00,0.0,87.30695174241282
2030-04-12 17:00:00,0.0,91.98241299932192
2030-04-12 18:00:00,0.0,95.78440042944273
2030-04-12 19:00:00,0.0,102.7798621288298
2030-04-12 20:00:00,0.0,114.64189317755348
2030-04-12 21:00:00,0.0,117.16111942715465
2030-04-12 22:00:00,0.0,118.38171216625835
2030-04-12 23:00:00,0.0,117.83981107950105
2030-04-13 00:00:00,0.0,115.15661152371284
2030-04-13 01:00:00,0.0,109.76127594633861
2030-04-13 02:00:00,0.0,102.51576028311035
2030-04-13 03:00:00,0.0,97.72370617448848
2030-04-13 04:00:00,0.0,96.43822560298995
2030-04-13 05:00:00,0.0,96.12606251741452
2030-04-13 06:00:00,0.0,93.74976487160211
2030-04-13 07:00:00,0.0,88.56838376861094
2030-04-13 08:00:00,0.0,84.17025300642479
2030-04-13 09:00:00,0.0,78.35883122108555
2030-04-13 10:00:00,0.0,73.08862862588512
2030-04-13 11:00:00,0.0,68.62185540708697
2030-04-13 12:00:00,0.0,68.55115056714305
2030-04-13 13:00:00,0.0,72.88989377417943
2030-04-13 14:00:00,0.0,82.45366385555725
2030-04-13 15:00:00,0.0,84.903404429852
2030-04-13 16:00:00,0.0,87.53027923541003
2030-04-13 17:00:00,0.0,89.67603557178597
2030-04-13 18:00:00,0.0,93.65158562955878
2030-04-13 19:00:00,0.0,105.28400479960987
2030-04-13 20:00:00,0.0,114.9330115607305
2030-04-13 21:00:00,0.0,117.60481190271967
2030-04-13 22:00:00,0.0,118.34400707446127
2030-04-13 23:00:00,0.0,117.83542676650141
2030-04-14 00:00:00,0.0,115.15661152371284
2030-04-14 01:00:00,0.0,109.76127594633861
2030-04-14 02:00:00,0.0,102.51576028311035
2030-04-14 03:00:00,0.0,97.72370617448848
2030-04-14 04:00:00,0.0,96.43822560298995
2030-04-14 05:00:00,0.0,96.12606251741452
2030-04-14 06:00:00,0.0,93.74976487160211
2030-04-14 07:00:00,0.0,88.56838376861094
2030-04-14 08:00:00,0.0,84.58268599456778
2030-04-14 09:00:00,0.0,79.80264127457734
2030-04-14 10:00:00,0.0,73.13457278683984
2030-04-14 11:00:00,0.0,67.46969264807979
2030-04-14 12:00:00,0.0,68.41044706520518
2030-04-14 13:00:00,0.0,73.16770986027107
2030-04-14 14:00:00,0.0,80.66948469900194
2030-04-14 15:00:00,0.0,82.21686522235812
2030-04-14 16:00:00,0.0,84.89419248733462
2030-04-14 17:00:00,0.0,88.18279823513956
2030-04-14 18:00:00,0.0,91.39571183382871
2030-04-14 19:00:00,0.0,101.12259567021636
2030-04-14 20:00:00,0.0,112.16300260754906
2030-04-14 21:00:00,0.0,112.25331945534197
2030-04-14 22:00:00,0.0,116.66744578339365
2030-04-14 23:00:00,0.0,117.37770448933757
2030-04-15 00:00:00,0.0,125.14933771252436
2030-04-15 01:00:00,0.0,116.55959168360208
2030-04-15 02:00:00,0.0,112.76102290070185
2030-04-15 03:00:00,0.0,108.00842760907688
2030-04-15 04:00:00,0.0,106.11878870622604
2030-04-15 05:00:00,0.0,103.23566447765359
2030-04-15 06:00:00,0.0,99.41868158015473
2030-04-15 07:00:00,0.0,91.72421226576192
2030-04-15 08:00:00,0.0,87.0349708309102
2030-04-15 09:00:00,0.0,83.11517260935898
2030-04-15 10:00:00,0.0,76.19020989195508
2030-04-15 11:00:00,0.0,76.20838869268346
2030-04-15 12:00:00,0.0,74.83754025803762
2030-04-15 13:00:00,0.0,78.90066479133462
2030-04-15 14:00:00,0.0,86.74960891699116
2030-04-15 15:00:00,0.0,91.95461485014152
2030-04-15 16:00:00,0.0,96.51084486129209
2030-04-15 17:00:00,0.0,98.1575840979483
2030-04-15 18:00:00,0.0,100.98984740976903
2030-04-15 19:00:00,0.0,110.31877293379021
2030-04-15 20:00:00,0.0,120.5423016124878
2030-04-15 21:00:00,0.0,123.98223359201641
2030-04-15 22:00:00,0.0,118.84907993202148
2030-04-15 23:00:00,0.0,121.1008630886438
2030-04-16 00:00:00,0.0,117.16287315235456
2030-04-16 01:00:00,0.0,113.3064314378588
2030-04-16 02:00:00,0.0,107.88128253208696
2030-04-16 03:00:00,0.0,102.91473276607881
2030-04-16 04:00:00,0.0,100.90847113743712
2030-04-16 05:00:00,0.0,85.14335845328128
2030-04-16 06:00:00,0.0,82.95120195345417
2030-04-16 07:00:00,0.0,76.7254774939455
2030-04-16 08:00:00,0.0,71.95907600555563
2030-04-16 09:00:00,0.0,80.55855220507486
2030-04-16 10:00:00,0.0,74.05191888607442
2030-04-16 11:00:00,0.0,69.90252024690915
2030-04-16 12:00:00,0.0,72.69829672775279
2030-04-16 13:00:00,0.0,77.92282266482493
2030-04-16 14:00:00,0.0,80.47910715826083
2030-04-16 15:00:00,0.0,89.60086428042018
2030-04-16 16:00:00,0.0,91.46626295550128
2030-04-16 17:00:00,0.0,95.39299452845546
2030-04-16 18:00:00,0.0,95.88599074879971
2030-04-16 19:00:00,0.0,105.78521637752578
2030-04-16 20:00:00,0.0,112.69525820570708
2030-04-16 21:00:00,0.0,114.4928265355652
2030-04-16 22:00:00,0.0,118.51587214404776
2030-04-16 23:00:00,0.0,118.9016916880173
2030-04-17 00:00:00,0.0,117.2382833359486
2030-04-17 01:00:00,0.0,111.90345127796957
2030-04-17 02:00:00,0.0,102.87878139948168
2030-04-17 03:00:00,0.0,97.72370617448848
2030-04-17 04:00:00,0.0,96.43822560298995
2030-04-17 05:00:00,0.0,96.12606251741452
2030-04-17 06:00:00,0.0,93.74976487160211
2030-04-17 07:00:00,0.0,88.56838376861094
2030-04-17 08:00:00,0.0,84.037685260236
2030-04-17 09:00:00,0.0,79.23501599804501
2030-04-17 10:00:00,0.0,76.75446672568637
2030-04-17 11:00:00,0.0,72.09609591897025
2030-04-17 12:00:00,0.0,71.11200868963931
2030-04-17 13:00:00,0.0,74.88730576891658
2030-04-17 14:00:00,0.0,82.36716289790502
2030-04-17 15:00:00,0.0,84.1809479396495
2030-04-17 16:00:00,0.0,87.06881800236361
2030-04-17 17:00:00,0.0,89.60809046173561
2030-04-17 18:00:00,0.0,93.73345863321593
2030-04-17 19:00:00,0.0,104.21002117406124
2030-04-17 20:00:00,0.0,112.48744176952344
2030-04-17 21:00:00,0.0,114.13506659479344
2030-04-17 22:00:00,0.0,116.66744578339365
2030-04-17 23:00:00,0.0,117.37770448933757
2030-04-18 00:00:00,0.0,115.15661152371284
2030-04-18 01:00:00,0.0,109.76127594633861
2030-04-18 02:00:00,0.0,102.51576028311035
2030-04-18 03:00:00,0.0,97.72370617448848
2030-04-18 04:00:00,0.0,96.43822560298995
2030-04-18 05:00:00,0.0,96.12606251741452
2030-04-18 06:00:00,0.0,93.74976487160211
2030-04-18 07:00:00,0.0,88.56838376861094
2030-04-18 08:00:00,0.0,83.96403651235335
2030-04-18 09:00:00,0.0,78.17655057007597
2030-04-18 10:00:00,0.0,72.68800454410007
2030-04-18 11:00:00,0.0,66.69501775231754
2030-04-18 12:00:00,0.0,65.81329194169575
2030-04-18 13:00:00,0.0,69.95776202029333
2030-04-18 14:00:00,0.0,78.14024086180632
2030-04-18 15:00:00,0.0,80.19910475090728
2030-04-18 16:00:00,0.0,83.23515245749694
2030-04-18 17:00:00,0.0,86.24263471496738
2030-04-18 18:00:00,0.0,90.96993462510397
2030-04-18 19:00:00,0.0,101.74270673247815
2030-04-18 20:00:00,0.0,111.47203487880358
2030-04-18 21:00:00,0.0,113.3529051556552
2030-04-18 22:00:00,0.0,116.66744578339365
2030-04-18 23:00:00,0.0,117.37770448933757
2030-04-19 00:00:00,0.0,115.15661152371284
2030-04-19 01:00:00,0.0,109.76127594633861
2030-04-19 02:00:00,0.0,102.51576028311035
2030-04-19 03:00:00,0.0,97.72370617448848
2030-04-19 04:00:00,0.0,96.43822560298995
2030-04-19 05:00:00,0.0,96.12606251741452
2030-04-19 06:00:00,0.0,93.74976487160211
2030-04-19 07:00:00,0.0,88.56838376861094
2030-04-19 08:00:00,0.0,83.97140138714155
2030-04-19 09:00:00,0.0,78.38158868418121
2030-04-19 10:00:00,0.0,72.25263543110827
2030-04-19 11:00:00,0.0,66.03558973902511
2030-04-19 12:00:00,0.0,65.76790175121096
2030-04-19 13:00:00,0.0,70.05421953662187
2030-04-19 14:00:00,0.0,78.45190545097763
2030-04-19 15:00:00,0.0,80.77136423899537
2030-04-19 16:00:00,0.0,83.76653746025566
2030-04-19 17:00:00,0.0,88.11397267315918
2030-04-19 18:00:00,0.0,91.39051037679917
2030-04-19 19:00:00,0.0,103.14935969162218
2030-04-19 20:00:00,0.0,113.09423068867557
2030-04-19 21:00:00,0.0,114.63224768895418
2030-04-19 22:00:00,0.0,116.66744578339365
2030-04-19 23:00:00,0.0,117.37770448933757
2030-04-20 00:00:00,0.0,115.15661152371284
2030-04-20 01:00:00,0.0,109.76127594633861
2030-04-20 02:00:00,0.0,102.51576028311035
2030-04-20 03:00:00,0.0,97.72370617448848
2030-04-20 04:00:00,0.0,96.43822560298995
2030-04-20 05:00:00,0.0,96.12606251741452
2030-04-20 06:00:00,0.0,93.74976487160211
2030-04-20 07:00:00,0.0,88.56838376861094
2030-04-20 08:00:00,0.0,84.11869888290697
2030-04-20 09:00:00,0.0,79.30138789648787
2030-04-20 10:00:00,0.0,74.15956817299377
2030-04-20 11:00:00,0.0,69.39141951114436
2030-04-20 12:00:00,0.0,67.27168396295133
2030-04-20 13:00:00,0.0,71.04626347967451
2030-04-20 14:00:00,0.0,78.45782460352416
2030-04-20 15:00:00,0.0,81.98270063332609
2030-04-20 16:00:00,0.0,85.20670051425782
2030-04-20 17:00:00,0.0,87.42917045372053
2030-04-20 18:00:00,0.0,91.9081913663507
2030-04-20 19:00:00,0.0,103.41451831553432
2030-04-20 20:00:00,0.0,112.83292563389612
2030-04-20 21:00:00,0.0,113.71241882162678
2030-04-20 22:00:00,0.0,116.66744578339365
2030-04-20 23:00:00,0.0,117.37770448933757
2030-04-21 00:00:00,0.0,115.15661152371284
2030-04-21 01:00:00,0.0,109.76127594633861
2030-04-21 02:00:00,0.0,102.51576028311035
2030-04-21 03:00:00,0.0,97.72370617448848
2030-04-21 04:00:00,0.0,96.43822560298995
2030-04-21 05:00:00,0.0,96.12606251741452
2030-04-21 06:00:00,0.0,93.74976487160211
2030-04-21 07:00:00,0.0,88.56838376861094
2030-04-21 08:00:00,0.0,83.87565801489414
2030-04-21 09:00:00,0.0,78.11144507694756
2030-04-21 10:00:00,0.0,73.46815091703786
2030-04-21 11:00:00,0.0,68.71152054513357
2030-04-21 12:00:00,0.0,68.14855637187861
2030-04-21 13:00:00,0.0,72.34538821284741
2030-04-21 14:00:00,0.0,80.04389370845036
2030-04-21 15:00:00,0.0,82.44657829734035
2030-04-21 16:00:00,0.0,85.67051824131067
2030-04-21 17:00:00,0.0,89.27643885017835
2030-04-21 18:00:00,0.0,93.39574092297049
2030-04-21 19:00:00,0.0,101.34899156985352
2030-04-21 20:00:00,0.0,111.32384509941528
2030-04-21 21:00:00,0.0,113.34062907925612
2030-04-21 22:00:00,0.0,116.66744578339365
2030-04-21 23:00:00,0.0,117.37770448933757
2030-04-22 00:00:00,0.0,125.14933771252436
2030-04-22 01:00:00,0.0,116.55959168360208
2030-04-22 02:00:00,0.0,112.76102290070185
2030-04-22 03:00:00,0.0,108.00842760907688
2030-04-22 04:00:00,0.0,106.11878870622604
2030-04-22 05:00:00,0.0,103.23566447765359
2030-04-22 06:00:00,0.0,99.41868158015473
2030-04-22 07:00:00,0.0,91.72421226576192
2030-04-22 08:00:00,0.0,87.10861957879295
2030-04-22 09:00:00,0.0,84.16901254281208
2030-04-22 10:00:00,0.0,75.49080998954979
2030-04-22 11:00:00,0.0,77.22353536327967
2030-04-22 12:00:00,0.0,74.88849877279483
2030-04-22 13:00:00,0.0,80.13991232362207
2030-04-22 14:00:00,0.0,85.29864844038866
2030-04-22 15:00:00,0.0,89.75333219205777
2030-04-22 16:00:00,0.0,95.54118290242718
2030-04-22 17:00:00,0.0,96.99054099738451
2030-04-22 18:00:00,0.0,97.0770157853035
2030-04-22 19:00:00,0.0,105.75094163101323
2030-04-22 20:00:00,0.0,116.46313679760976
2030-04-22 21:00:00,0.0,120.09860913692285
2030-04-22 22:00:00,0.0,118.84907993202148
2030-04-22 23:00:00,0.0,121.1008630886438
2030-04-23 00:00:00,0.0,117.16287315235456
2030-04-23 01:00:00,0.0,113.3064314378588
2030-04-23 02:00:00,0.0,107.88128253208696
2030-04-23 03:00:00,0.0,102.91473276607881
2030-04-23 04:00:00,0.0,100.90847113743712
2030-04-23 05:00:00,0.0,85.14335845328128
2030-04-23 06:00:00,0.0,82.95120195345417
2030-04-23 07:00:00,0.0,76.7254774939455
2030-04-23 08:00:00,0.0,71.8486028837317
2030-04-23 09:00:00,0.0,78.6532443886756
2030-04-23 10:00:00,0.0,70.35371941636049
2030-04-23 11:00:00,0.0,62.49278908944928
2030-04-23 12:00:00,0.0,64.60390609038586
2030-04-23 13:00:00,0.0,67.31829751437749
2030-04-23 14:00:00,0.0,74.3682070125476
2030-04-23 15:00:00,0.0,82.27251196014595
2030-04-23 16:00:00,0.0,84.68657912653248
2030-04-23 17:00:00,0.0,88.37216213712986
2030-04-23 18:00:00,0.0,90.35149777098195
2030-04-23 19:00:00,0.0,100.33357696862208
2030-04-23 20:00:00,0.0,111.43520664960649
2030-04-23 21:00:00,0.0,112.87238445089304
2030-04-23 22:00:00,0.0,116.28951800282344
2030-04-23 23:00:00,0.0,116.69550538659144
2030-04-24 00:00:00,0.0,115.15661152371284
2030-04-24 01:00:00,0.0,109.76127594633861
2030-04-24 02:00:00,0.0,102.51576028311035
2030-04-24 03:00:00,0.0,97.72370617448848
2030-04-24 04:00:00,0.0,96.43822560298995
2030-04-24 05:00:00,0.0,96.12606251741452
2030-04-24 06:00:00,0.0,93.74976487160211
2030-04-24 07:00:00,0.0,88.56838376861094
2030-04-24 08:00:00,0.0,84.25863150388396
2030-04-24 09:00:00,0.0,79.27067636862078
2030-04-24 10:00:00,0.0,76.7257904710383
2030-04-24 11:00:00,0.0,71.11643149868814
2030-04-24 12:00:00,0.0,70.66369452727974
2030-04-24 13:00:00,0.0,75.13854640328691
2030-04-24 14:00:00,0.0,82.46232063160528
2030-04-24 15:00:00,0.0,85.13092745163942
2030-04-24 16:00:00,0.0,88.14129829522561
2030-04-24 17:00:00,0.0,91.6555885143513
2030-04-24 18:00:00,0.0,96.23650205184161
2030-04-24 19:00:00,0.0,105.4960170684036
2030-04-24 20:00:00,0.0,115.6117032130769
2030-04-24 21:00:00,0.0,117.09973904515948
2030-04-24 22:00:00,0.0,118.19669415767292
2030-04-24 23:00:00,0.0,118.61495761784
2030-04-25 00:00:00,0.0,116.193063116831
2030-04-25 01:00:00,0.0,110.77317538665874
2030-04-25 02:00:00,0.0,102.51576028311035
2030-04-25 03:00:00,0.0,97.72370617448848
2030-04-25 04:00:00,0.0,96.43822560298995
2030-04-25 05:00:00,0.0,96.12606251741452
2030-04-25 06:00:00,0.0,93.74976487160211
2030-04-25 07:00:00,0.0,88.56838376861094
2030-04-25 08:00:00,0.0,85.60546161533158
2030-04-25 09:00:00,0.0,85.20624795982076
2030-04-25 10:00:00,0.0,80.57003385081009
2030-04-25 11:00:00,0.0,79.94567540327635
2030-04-25 12:00:00,0.0,80.75978827245694
2030-04-25 13:00:00,0.0,85.43454138589402
2030-04-25 14:00:00,0.0,91.42684768580877
2030-04-25 15:00:00,0.0,90.57307928585294
2030-04-25 16:00:00,0.0,93.00859514974161
2030-04-25 17:00:00,0.0,94.83955785063664
2030-04-25 18:00:00,0.0,98.47918965458176
2030-04-25 19:00:00,0.0,106.0852725908128
2030-04-25 20:00:00,0.0,118.63863290803806
2030-04-25 21:00:00,0.0,120.7667784380701
2030-04-25 22:00:00,0.0,121.10173995124376
2030-04-25 23:00:00,0.0,121.79884571818864
2030-04-26 00:00:00,0.0,118.62986428203872
2030-04-26 01:00:00,0.0,113.5773819812374
2030-04-26 02:00:00,0.0,104.28088469677105
2030-04-26 03:00:00,0.0,99.53705803114542
2030-04-26 04:00:00,0.0,97.5378113033032
2030-04-26 05:00:00,0.0,96.12606251741452
2030-04-26 06:00:00,0.0,94.24168479016328
2030-04-26 07:00:00,0.0,88.64291708960502
2030-04-26 08:00:00,0.0,87.42653603127712
2030-04-26 09:00:00,0.0,85.13484034245174
2030-04-26 10:00:00,0.0,83.69907155238262
2030-04-26 11:00:00,0.0,82.16967923226616
2030-04-26 12:00:00,0.0,78.82942187795265
2030-04-26 13:00:00,0.0,81.18600100175979
2030-04-26 14:00:00,0.0,86.03594670097608
2030-04-26 15:00:00,0.0,87.66469116270605
2030-04-26 16:00:00,0.0,89.92382707788397
2030-04-26 17:00:00,0.0,93.41630613865186
2030-04-26 18:00:00,0.0,96.5530446740612
2030-04-26 19:00:00,0.0,104.98832133355516
2030-04-26 20:00:00,0.0,116.5920355997996
2030-04-26 21:00:00,0.0,119.34275357578245
2030-04-26 22:00:00,0.0,120.11000835072196
2030-04-26 23:00:00,0.0,120.32045537470536
2030-04-27 00:00:00,0.0,116.68673676059213
2030-04-27 01:00:00,0.0,110.80474244025628
2030-04-27 02:00:00,0.0,102.51576028311035
2030-04-27 03:00:00,0.0,97.72370617448848
2030-04-27 04:00:00,0.0,96.43822560298995
2030-04-27 05:00:00,0.0,96.12606251741452
2030-04-27 06:00:00,0.0,93.74976487160211
2030-04-27 07:00:00,0.0,88.56838376861094
2030-04-27 08:00:00,0.0,83.66944152082259
2030-04-27 09:00:00,0.0,77.79070477991854
2030-04-27 10:00:00,0.0,76.43762324127465
2030-04-27 11:00:00,0.0,70.99766055777036
2030-04-27 12:00:00,0.0,70.2088028840725
2030-04-27 13:00:00,0.0,74.42627271657102
2030-04-27 14:00:00,0.0,82.7282848337801
2030-04-27 15:00:00,0.0,84.78301554299708
2030-04-27 16:00:00,0.0,87.65476152467171
2030-04-27 17:00:00,0.0,90.34071753448349
2030-04-27 18:00:00,0.0,91.69698309954593
2030-04-27 19:00:00,0.0,101.86108318346884
2030-04-27 20:00:00,0.0,114.5182555509632
2030-04-27 21:00:00,0.0,117.35841351213912
2030-04-27 22:00:00,0.0,116.85421751717888
2030-04-27 23:00:00,0.0,117.37770448933757
2030-04-28 00:00:00,0.0,115.15661152371284
2030-04-28 01:00:00,0.0,109.76127594633861
2030-04-28 02:00:00,0.0,102.51576028311035
2030-04-28 03:00:00,0.0,97.72370617448848
2030-04-28 04:00:00,0.0,96.43822560298995
2030-04-28 05:00:00,0.0,96.12606251741452
2030-04-28 06:00:00,0.0,93.74976487160211
2030-04-28 07:00:00,0.0,88.56838376861094
2030-04-28 08:00:00,0.0,83.55160352421035
2030-04-28 09:00:00,0.0,77.68914315658844
2030-04-28 10:00:00,0.0,74.7613093134954
2030-04-28 11:00:00,0.0,70.2563621236227
2030-04-28 12:00:00,0.0,69.36035437175815
2030-04-28 13:00:00,0.0,72.60206382278636
2030-04-28 14:00:00,0.0,79.23666251468819
2030-04-28 15:00:00,0.0,81.89944722838379
2030-04-28 16:00:00,0.0,84.78419057130462
2030-04-28 17:00:00,0.0,86.95991445594859
2030-04-28 18:00:00,0.0,89.7326269057412
2030-04-28 19:00:00,0.0,100.67522268488504
2030-04-28 20:00:00,0.0,113.0424957952797
2030-04-28 21:00:00,0.0,112.50410215892212
2030-04-28 22:00:00,0.0,116.66744578339365
2030-04-28 23:00:00,0.0,117.37770448933757
2030-04-29 00:00:00,0.0,125.14933771252436
2030-04-29 01:00:00,0.0,116.55959168360208
2030-04-29 02:00:00,0.0,112.76102290070185
2030-04-29 03:00:00,0.0,108.00842760907688
2030-04-29 04:00:00,0.0,106.11878870622604
2030-04-29 05:00:00,0.0,103.23566447765359
2030-04-29 06:00:00,0.0,99.41868158015473
2030-04-29 07:00:00,0.0,91.72421226576192
2030-04-29 08:00:00,0.0,86.48997009657853
2030-04-29 09:00:00,0.0,82.9339966895675
2030-04-29 10:00:00,0.0,69.3360113155627
2030-04-29 11:00:00,0.0,68.22278088316364
2030-04-29 12:00:00,0.0,66.81300358725093
2030-04-29 13:00:00,0.0,70.59490022484806
2030-04-29 14:00:00,0.0,76.60567672106697
2030-04-29 15:00:00,0.0,81.14003448776725
2030-04-29 16:00:00,0.0,85.56151375487161
2030-04-29 17:00:00,0.0,90.543860930988
2030-04-29 18:00:00,0.0,93.41772465637791
2030-04-29 19:00:00,0.0,103.18918390363092
2030-04-29 20:00:00,0.0,115.1855479895106
2030-04-29 21:00:00,0.0,118.9113371766166
2030-04-29 22:00:00,0.0,118.84907993202148
2030-04-29 23:00:00,0.0,121.1008630886438
2030-04-30 00:00:00,0.0,117.16287315235456
2030-04-30 01:00:00,0.0,113.3064314378588
2030-04-30 02:00:00,0.0,107.88128253208696
2030-04-30 03:00:00,0.0,102.91473276607881
2030-04-30 04:00:00,0.0,100.90847113743712
2030-04-30 05:00:00,0.0,85.14335845328128
2030-04-30 06:00:00,0.0,82.95120195345417
2030-04-30 07:00:00,0.0,76.7254774939455
2030-04-30 08:00:00,0.0,71.54664301741275
2030-04-30 09:00:00,0.0,78.55470236400868
2030-04-30 10:00:00,0.0,64.39214422441137
2030-04-30 11:00:00,0.0,57.76085491124866
2030-04-30 12:00:00,0.0,61.02271422650461
2030-04-30 13:00:00,0.0,64.18516798667179
2030-04-30 14:00:00,0.0,70.1661867518817
2030-04-30 15:00:00,0.0,76.59374318371101
2030-04-30 16:00:00,0.0,78.46292156078562
2030-04-30 17:00:00,0.0,81.95413352317064
2030-04-30 18:00:00,0.0,84.01639186425494
2030-04-30 19:00:00,0.0,95.61729072809464
2030-04-30 20:00:00,0.0,107.37796339972668
2030-04-30 21:00:00,0.0,110.30756134609544
2030-04-30 22:00:00,0.0,116.28951800282344
2030-04-30 23:00:00,0.0,116.69550538659144
2030-05-01 00:00:00,0.0,119.64702489795854
2030-05-01 01:00:00,0.0,111.99201440056252
2030-05-01 02:00:00,0.0,108.18380012906312
2030-05-01 03:00:00,0.0,104.65793561474128
2030-05-01 04:00:00,0.0,101.51175260618957
2030-05-01 05:00:00,0.0,99.92463130031479
2030-05-01 06:00:00,0.0,98.22965589464854
2030-05-01 07:00:00,0.0,90.14673644848642
2030-05-01 08:00:00,0.0,84.34077986414809
2030-05-01 09:00:00,0.0,76.39964756989207
2030-05-01 10:00:00,0.0,61.8447501109913
2030-05-01 11:00:00,0.0,58.34569992200488
2030-05-01 12:00:00,0.0,59.06461809084135
2030-05-01 13:00:00,0.0,60.072768310219764
2030-05-01 14:00:00,0.0,59.28484684772366
2030-05-01 15:00:00,0.0,68.78241227888725
2030-05-01 16:00:00,0.0,73.56664518712456
2030-05-01 17:00:00,0.0,76.36099887881583
2030-05-01 18:00:00,0.0,79.98262486494467
2030-05-01 19:00:00,0.0,95.01172479027551
2030-05-01 20:00:00,0.0,100.84095271724254
2030-05-01 21:00:00,0.0,107.1508559863446
2030-05-01 22:00:00,0.0,115.737094564867
2030-05-01 23:00:00,0.0,117.11639943455816
2030-05-02 00:00:00,0.0,119.64702489795854
2030-05-02 01:00:00,0.0,111.99201440056252
2030-05-02 02:00:00,0.0,108.18380012906312
2030-05-02 03:00:00,0.0,104.65793561474128
2030-05-02 04:00:00,0.0,101.51175260618957
2030-05-02 05:00:00,0.0,99.92463130031479
2030-05-02 06:00:00,0.0,98.22965589464854
2030-05-02 07:00:00,0.0,90.14673644848642
2030-05-02 08:00:00,0.0,85.46760570675293
2030-05-02 09:00:00,0.0,81.32395015082318
2030-05-02 10:00:00,0.0,73.25876275111808
2030-05-02 11:00:00,0.0,68.13923310228722
2030-05-02 12:00:00,0.0,64.59184435131579
2030-05-02 13:00:00,0.0,63.32944104864384
2030-05-02 14:00:00,0.0,63.44031496548996
2030-05-02 15:00:00,0.0,72.58079578147965
2030-05-02 16:00:00,0.0,77.85616901027765
2030-05-02 17:00:00,0.0,80.6748073795286
2030-05-02 18:00:00,0.0,83.2553636750747
2030-05-02 19:00:00,0.0,98.09143544534322
2030-05-02 20:00:00,0.0,104.2896533227704
2030-05-02 21:00:00,0.0,110.2181213609026
2030-05-02 22:00:00,0.0,115.737094564867
2030-05-02 23:00:00,0.0,117.11639943455816
2030-05-03 00:00:00,0.0,119.64702489795854
2030-05-03 01:00:00,0.0,111.99201440056252
2030-05-03 02:00:00,0.0,108.18380012906312
2030-05-03 03:00:00,0.0,104.65793561474128
2030-05-03 04:00:00,0.0,101.51175260618957
2030-05-03 05:00:00,0.0,99.92463130031479
2030-05-03 06:00:00,0.0,98.22965589464854
2030-05-03 07:00:00,0.0,90.14673644848642
2030-05-03 08:00:00,0.0,84.51753685906647
2030-05-03 09:00:00,0.0,77.38528876280589
2030-05-03 10:00:00,0.0,67.4196687689165
2030-05-03 11:00:00,0.0,64.10780429831266
2030-05-03 12:00:00,0.0,64.05854232545289
2030-05-03 13:00:00,0.0,64.49594327391037
2030-05-03 14:00:00,0.0,65.4525529678748
2030-05-03 15:00:00,0.0,74.11922225592582
2030-05-03 16:00:00,0.0,78.88239683540678
2030-05-03 17:00:00,0.0,81.69434473436763
2030-05-03 18:00:00,0.0,84.60083279447883
2030-05-03 19:00:00,0.0,99.11823769460648
2030-05-03 20:00:00,0.0,104.14935530678144
2030-05-03 21:00:00,0.0,108.92387216340467
2030-05-03 22:00:00,0.0,115.737094564867
2030-05-03 23:00:00,0.0,117.11639943455816
2030-05-04 00:00:00,0.0,119.64702489795854
2030-05-04 01:00:00,0.0,111.99201440056252
2030-05-04 02:00:00,0.0,108.18380012906312
2030-05-04 03:00:00,0.0,104.65793561474128
2030-05-04 04:00:00,0.0,101.51175260618957
2030-05-04 05:00:00,0.0,99.92463130031479
2030-05-04 06:00:00,0.0,98.22965589464854
2030-05-04 07:00:00,0.0,90.14673644848642
2030-05-04 08:00:00,0.0,84.3996988624542
2030-05-04 09:00:00,0.0,76.68459457545009
2030-05-04 10:00:00,0.0,69.67631247697341
2030-05-04 11:00:00,0.0,66.9126489762798
2030-05-04 12:00:00,0.0,67.07113895431814
2030-05-04 13:00:00,0.0,67.41587965548297
2030-05-04 14:00:00,0.0,67.35995831133073
2030-05-04 15:00:00,0.0,78.40335184962134
2030-05-04 16:00:00,0.0,82.98182408645232
2030-05-04 17:00:00,0.0,86.86495862024458
2030-05-04 18:00:00,0.0,89.43264794017216
2030-05-04 19:00:00,0.0,103.2526409980245
2030-05-04 20:00:00,0.0,107.26046381133597
2030-05-04 21:00:00,0.0,112.96883933688548
2030-05-04 22:00:00,0.0,115.86248591665708
2030-05-04 23:00:00,0.0,117.11639943455816
2030-05-05 00:00:00,0.0,119.64702489795854
2030-05-05 01:00:00,0.0,111.99201440056252
2030-05-05 02:00:00,0.0,108.18380012906312
2030-05-05 03:00:00,0.0,104.65793561474128
2030-05-05 04:00:00,0.0,101.51175260618957
2030-05-05 05:00:00,0.0,99.92463130031479
2030-05-05 06:00:00,0.0,98.22965589464854
2030-05-05 07:00:00,0.0,90.14673644848642
2030-05-05 08:00:00,0.0,85.48226648886839
2030-05-05 09:00:00,0.0,79.28657183079939
2030-05-05 10:00:00,0.0,73.88295928621788
2030-05-05 11:00:00,0.0,72.05189843751793
2030-05-05 12:00:00,0.0,73.61798154520045
2030-05-05 13:00:00,0.0,75.38428077775131
2030-05-05 14:00:00,0.0,74.96622376390462
2030-05-05 15:00:00,0.0,83.52476411776841
2030-05-05 16:00:00,0.0,88.58709171632029
2030-05-05 17:00:00,0.0,90.05223886467445
2030-05-05 18:00:00,0.0,92.69834814822275
2030-05-05 19:00:00,0.0,102.94083174169371
2030-05-05 20:00:00,0.0,109.6849889001446
2030-05-05 21:00:00,0.0,114.85058647633696
2030-05-05 22:00:00,0.0,119.8907927007392
2030-05-05 23:00:00,0.0,120.98073291245328
2030-05-06 00:00:00,0.0,124.37243744898556
2030-05-06 01:00:00,0.0,121.1517211194398
2030-05-06 02:00:00,0.0,108.91334981220552
2030-05-06 03:00:00,0.0,107.71643236329999
2030-05-06 04:00:00,0.0,106.42832120400156
2030-05-06 05:00:00,0.0,102.05979173114632
2030-05-06 06:00:00,0.0,100.0026720717086
2030-05-06 07:00:00,0.0,90.30194112867412
2030-05-06 08:00:00,0.0,85.25780893956492
2030-05-06 09:00:00,0.0,82.53569580990403
2030-05-06 10:00:00,0.0,80.9903127946801
2030-05-06 11:00:00,0.0,73.61880104466685
2030-05-06 12:00:00,0.0,74.01501252528784
2030-05-06 13:00:00,0.0,79.83393945516184
2030-05-06 14:00:00,0.0,77.36153891040215
2030-05-06 15:00:00,0.0,83.50423175652348
2030-05-06 16:00:00,0.0,92.63188490933489
2030-05-06 17:00:00,0.0,95.51189104075117
2030-05-06 18:00:00,0.0,98.59584099097094
2030-05-06 19:00:00,0.0,102.00347333287912
2030-05-06 20:00:00,0.0,110.9643314334437
2030-05-06 21:00:00,0.0,116.16588037623318
2030-05-06 22:00:00,0.0,118.61320389264004
2030-05-06 23:00:00,0.0,119.88114721214004
2030-05-07 00:00:00,0.0,124.23915433379612
2030-05-07 01:00:00,0.0,117.19005589295239
2030-05-07 02:00:00,0.0,114.76728452934356
2030-05-07 03:00:00,0.0,113.15034989507114
2030-05-07 04:00:00,0.0,107.79359627209384
2030-05-07 05:00:00,0.0,105.30067590049055
2030-05-07 06:00:00,0.0,102.61309203170264
2030-05-07 07:00:00,0.0,95.21061796308686
2030-05-07 08:00:00,0.0,88.33596206033394
2030-05-07 09:00:00,0.0,82.3225360031903
2030-05-07 10:00:00,0.0,77.8254055604466
2030-05-07 11:00:00,0.0,76.64635238582503
2030-05-07 12:00:00,0.0,73.68442401563219
2030-05-07 13:00:00,0.0,72.77973882530432
2030-05-07 14:00:00,0.0,73.6402209125132
2030-05-07 15:00:00,0.0,85.55209388416279
2030-05-07 16:00:00,0.0,91.14633153188515
2030-05-07 17:00:00,0.0,92.7987015457628
2030-05-07 18:00:00,0.0,96.93641010807049
2030-05-07 19:00:00,0.0,108.0326075106368
2030-05-07 20:00:00,0.0,113.47391219444556
2030-05-07 21:00:00,0.0,115.35741305909698
2030-05-07 22:00:00,0.0,110.30668448349557
2030-05-07 23:00:00,0.0,111.42380743580736
2030-05-08 00:00:00,0.0,119.64702489795854
2030-05-08 01:00:00,0.0,111.99201440056252
2030-05-08 02:00:00,0.0,108.18380012906312
2030-05-08 03:00:00,0.0,104.65793561474128
2030-05-08 04:00:00,0.0,101.51175260618957
2030-05-08 05:00:00,0.0,99.92463130031479
2030-05-08 06:00:00,0.0,98.22965589464854
2030-05-08 07:00:00,0.0,90.14673644848642
2030-05-08 08:00:00,0.0,84.09773899613526
2030-05-08 09:00:00,0.0,76.28228116832211
2030-05-08 10:00:00,0.0,71.98149692955133
2030-05-08 11:00:00,0.0,68.47444798899824
2030-05-08 12:00:00,0.0,69.09476695950536
2030-05-08 13:00:00,0.0,70.93543066029383
2030-05-08 14:00:00,0.0,70.62624883921535
2030-05-08 15:00:00,0.0,79.38338669755626
2030-05-08 16:00:00,0.0,84.24022000798355
2030-05-08 17:00:00,0.0,88.0917700540989
2030-05-08 18:00:00,0.0,90.95440385522896
2030-05-08 19:00:00,0.0,103.01011930811124
2030-05-08 20:00:00,0.0,105.15073239590242
2030-05-08 21:00:00,0.0,110.38384839228944
2030-05-08 22:00:00,0.0,115.737094564867
2030-05-08 23:00:00,0.0,117.11639943455816
2030-05-09 00:00:00,0.0,119.64702489795854
2030-05-09 01:00:00,0.0,111.99201440056252
2030-05-09 02:00:00,0.0,108.18380012906312
2030-05-09 03:00:00,0.0,104.65793561474128
2030-05-09 04:00:00,0.0,101.51175260618957
2030-05-09 05:00:00,0.0,99.92463130031479
2030-05-09 06:00:00,0.0,98.22965589464854
2030-05-09 07:00:00,0.0,90.14673644848642
2030-05-09 08:00:00,0.0,84.03881999782914
2030-05-09 09:00:00,0.0,75.80228257581574
2030-05-09 10:00:00,0.0,65.63325928773213
2030-05-09 11:00:00,0.0,61.90844598393028
2030-05-09 12:00:00,0.0,64.35400251874762
2030-05-09 13:00:00,0.0,66.50168852564582
2030-05-09 14:00:00,0.0,67.23199209245229
2030-05-09 15:00:00,0.0,75.96234121580551
2030-05-09 16:00:00,0.0,80.9163720339418
2030-05-09 17:00:00,0.0,81.07879463380209
2030-05-09 18:00:00,0.0,84.67903501193769
2030-05-09 19:00:00,0.0,98.45149142094908
2030-05-09 20:00:00,0.0,103.47154051703488
2030-05-09 21:00:00,0.0,107.1508559863446
2030-05-09 22:00:00,0.0,115.737094564867
2030-05-09 23:00:00,0.0,117.11639943455816
2030-05-10 00:00:00,0.0,119.64702489795854
2030-05-10 01:00:00,0.0,111.99201440056252
2030-05-10 02:00:00,0.0,108.18380012906312
2030-05-10 03:00:00,0.0,104.65793561474128
2030-05-10 04:00:00,0.0,101.51175260618957
2030-05-10 05:00:00,0.0,99.92463130031479
2030-05-10 06:00:00,0.0,98.22965589464854
2030-05-10 07:00:00,0.0,90.14673644848642
2030-05-10 08:00:00,0.0,84.0240902482526
2030-05-10 09:00:00,0.0,75.80228257581574
2030-05-10 10:00:00,0.0,66.00649659454382
2030-05-10 11:00:00,0.0,62.82491675894448
2030-05-10 12:00:00,0.0,62.3686014041532
2030-05-10 13:00:00,0.0,64.25807060893624
2030-05-10 14:00:00,0.0,67.06816165875966
2030-05-10 15:00:00,0.0,75.3219515557506
2030-05-10 16:00:00,0.0,79.78359615885006
2030-05-10 17:00:00,0.0,81.07590156551076
2030-05-10 18:00:00,0.0,83.73414787032505
2030-05-10 19:00:00,0.0,98.11705679638656
2030-05-10 20:00:00,0.0,100.8672585952404
2030-05-10 21:00:00,0.0,107.1508559863446
2030-05-10 22:00:00,0.0,115.737094564867
2030-05-10 23:00:00,0.0,117.11639943455816
2030-05-11 00:00:00,0.0,119.64702489795854
2030-05-11 01:00:00,0.0,111.99201440056252
2030-05-11 02:00:00,0.0,108.18380012906312
2030-05-11 03:00:00,0.0,104.65793561474128
2030-05-11 04:00:00,0.0,101.51175260618957
2030-05-11 05:00:00,0.0,99.92463130031479
2030-05-11 06:00:00,0.0,98.22965589464854
2030-05-11 07:00:00,0.0,90.14673644848642
2030-05-11 08:00:00,0.0,84.0240902482526
2030-05-11 09:00:00,0.0,75.82916436879293
2030-05-11 10:00:00,0.0,67.10424664065225
2030-05-11 11:00:00,0.0,65.77968023369147
2030-05-11 12:00:00,0.0,66.98987024820724
2030-05-11 13:00:00,0.0,68.36292219088284
2030-05-11 14:00:00,0.0,70.4399347702946
2030-05-11 15:00:00,0.0,79.55019077066275
2030-05-11 16:00:00,0.0,84.16846400253952
2030-05-11 17:00:00,0.0,87.1761626482895
2030-05-11 18:00:00,0.0,88.96683481244598
2030-05-11 19:00:00,0.0,98.48744664280196
2030-05-11 20:00:00,0.0,104.71931599673644
2030-05-11 21:00:00,0.0,109.8682531835301
2030-05-11 22:00:00,0.0,115.737094564867
2030-05-11 23:00:00,0.0,117.11639943455816
2030-05-12 00:00:00,0.0,119.64702489795854
2030-05-12 01:00:00,0.0,111.99201440056252
2030-05-12 02:00:00,0.0,108.18380012906312
2030-05-12 03:00:00,0.0,104.65793561474128
2030-05-12 04:00:00,0.0,101.51175260618957
2030-05-12 05:00:00,0.0,99.92463130031479
2030-05-12 06:00:00,0.0,98.22965589464854
2030-05-12 07:00:00,0.0,90.14673644848642
2030-05-12 08:00:00,0.0,84.00936049867606
2030-05-12 09:00:00,0.0,75.8122988055278
2030-05-12 10:00:00,0.0,67.25534447257235
2030-05-12 11:00:00,0.0,64.36342253205929
2030-05-12 12:00:00,0.0,64.58222921080562
2030-05-12 13:00:00,0.0,65.32863169478048
2030-05-12 14:00:00,0.0,68.01198302060016
2030-05-12 15:00:00,0.0,76.50905343838077
2030-05-12 16:00:00,0.0,81.09416510607731
2030-05-12 17:00:00,0.0,85.11754175465
2030-05-12 18:00:00,0.0,87.37078816332803
2030-05-12 19:00:00,0.0,98.74699797238144
2030-05-12 20:00:00,0.0,105.22088140389688
2030-05-12 21:00:00,0.0,109.37984071536869
2030-05-12 22:00:00,0.0,115.737094564867
2030-05-12 23:00:00,0.0,117.11639943455816
2030-05-13 00:00:00,0.0,119.98724758673164
2030-05-13 01:00:00,0.0,116.7051508751906
2030-05-13 02:00:00,0.0,106.33274318060909
2030-05-13 03:00:00,0.0,105.43746646607974
2030-05-13 04:00:00,0.0,104.20021333757744
2030-05-13 05:00:00,0.0,101.7265839431726
2030-05-13 06:00:00,0.0,100.0026720717086
2030-05-13 07:00:00,0.0,90.30194112867412
2030-05-13 08:00:00,0.0,81.7730147501195
2030-05-13 09:00:00,0.0,76.01577574846998
2030-05-13 10:00:00,0.0,69.8803313306613
2030-05-13 11:00:00,0.0,62.31584145848205
2030-05-13 12:00:00,0.0,62.93006335529219
2030-05-13 13:00:00,0.0,68.77369060902538
2030-05-13 14:00:00,0.0,69.05322314021305
2030-05-13 15:00:00,0.0,76.80130595151127
2030-05-13 16:00:00,0.0,87.04541172578342
2030-05-13 17:00:00,0.0,90.08332905291716
2030-05-13 18:00:00,0.0,94.61496544383613
2030-05-13 19:00:00,0.0,97.7387828970834
2030-05-13 20:00:00,0.0,105.87765149124505
2030-05-13 21:00:00,0.0,111.38171803101068
2030-05-13 22:00:00,0.0,114.83304922433832
2030-05-13 23:00:00,0.0,116.4876889504078
2030-05-14 00:00:00,0.0,121.83830453518556
2030-05-14 01:00:00,0.0,115.19607034070977
2030-05-14 02:00:00,0.0,114.76728452934356
2030-05-14 03:00:00,0.0,113.15034989507114
2030-05-14 04:00:00,0.0,107.79359627209384
2030-05-14 05:00:00,0.0,105.30067590049055
2030-05-14 06:00:00,0.0,102.61309203170264
2030-05-14 07:00:00,0.0,95.21061796308686
2030-05-14 08:00:00,0.0,88.15184019062723
2030-05-14 09:00:00,0.0,80.09364949775954
2030-05-14 10:00:00,0.0,79.36911300898237
2030-05-14 11:00:00,0.0,75.39368134392714
2030-05-14 12:00:00,0.0,72.33710390642887
2030-05-14 13:00:00,0.0,71.03138406819164
2030-05-14 14:00:00,0.0,71.88449821349343
2030-05-14 15:00:00,0.0,83.92815670299512
2030-05-14 16:00:00,0.0,89.76275796897289
2030-05-14 17:00:00,0.0,92.97058010874444
2030-05-14 18:00:00,0.0,97.44748413261073
2030-05-14 19:00:00,0.0,105.24192310532476
2030-05-14 20:00:00,0.0,110.76879107365905
2030-05-14 21:00:00,0.0,109.5832728385526
2030-05-14 22:00:00,0.0,110.00855119951903
2030-05-14 23:00:00,0.0,111.38259489361064
2030-05-15 00:00:00,0.0,119.64702489795854
2030-05-15 01:00:00,0.0,111.99201440056252
2030-05-15 02:00:00,0.0,108.18380012906312
2030-05-15 03:00:00,0.0,104.65793561474128
2030-05-15 04:00:00,0.0,101.51175260618957
2030-05-15 05:00:00,0.0,99.92463130031479
2030-05-15 06:00:00,0.0,98.22965589464854
2030-05-15 07:00:00,0.0,90.14673644848642
2030-05-15 08:00:00,0.0,83.89888737685203
2030-05-15 09:00:00,0.0,75.62972355952661
2030-05-15 10:00:00,0.0,64.74414159691764
2030-05-15 11:00:00,0.0,61.20666130899417
2030-05-15 12:00:00,0.0,62.830897177414606
2030-05-15 13:00:00,0.0,63.716445629028605
2030-05-15 14:00:00,0.0,64.77063242181737
2030-05-15 15:00:00,0.0,73.55762321517591
2030-05-15 16:00:00,0.0,78.97605565178162
2030-05-15 17:00:00,0.0,83.76432010747658
2030-05-15 18:00:00,0.0,87.79818100111356
2030-05-15 19:00:00,0.0,100.70345534744943
2030-05-15 20:00:00,0.0,103.03398607966948
2030-05-15 21:00:00,0.0,108.00842760907688
2030-05-15 22:00:00,0.0,115.737094564867
2030-05-15 23:00:00,0.0,117.11639943455816
2030-05-16 00:00:00,0.0,119.64702489795854
2030-05-16 01:00:00,0.0,111.99201440056252
2030-05-16 02:00:00,0.0,108.18380012906312
2030-05-16 03:00:00,0.0,104.65793561474128
2030-05-16 04:00:00,0.0,101.51175260618957
2030-05-16 05:00:00,0.0,99.92463130031479
2030-05-16 06:00:00,0.0,98.22965589464854
2030-05-16 07:00:00,0.0,90.14673644848642
2030-05-16 08:00:00,0.0,84.16402286922971
2030-05-16 09:00:00,0.0,76.00658420244224
2030-05-16 10:00:00,0.0,67.15381224797737
2030-05-16 11:00:00,0.0,64.26077251963352
2030-05-16 12:00:00,0.0,64.45135402793574
2030-05-16 13:00:00,0.0,65.220083429895
2030-05-16 14:00:00,0.0,66.45027096952754
2030-05-16 15:00:00,0.0,75.65724547587081
2030-05-16 16:00:00,0.0,80.46204544265481
2030-05-16 17:00:00,0.0,85.26469409893876
2030-05-16 18:00:00,0.0,87.70818258255507
2030-05-16 19:00:00,0.0,100.92547464459847
2030-05-16 20:00:00,0.0,105.4015150994826
2030-05-16 21:00:00,0.0,109.8173951527342
2030-05-16 22:00:00,0.0,115.737094564867
2030-05-16 23:00:00,0.0,117.11639943455816
2030-05-17 00:00:00,0.0,119.64702489795854
2030-05-17 01:00:00,0.0,111.99201440056252
2030-05-17 02:00:00,0.0,108.18380012906312
2030-05-17 03:00:00,0.0,104.65793561474128
2030-05-17 04:00:00,0.0,101.51175260618957
2030-05-17 05:00:00,0.0,99.92463130031479
2030-05-17 06:00:00,0.0,98.22965589464854
2030-05-17 07:00:00,0.0,90.14673644848642
2030-05-17 08:00:00,0.0,83.99463074909954
2030-05-17 09:00:00,0.0,75.86952388263262
2030-05-17 10:00:00,0.0,69.24748552060771
2030-05-17 11:00:00,0.0,66.48834670803478
2030-05-17 12:00:00,0.0,67.19182339515851
2030-05-17 13:00:00,0.0,69.052893581994
2030-05-17 14:00:00,0.0,70.65554119484841
2030-05-17 15:00:00,0.0,79.08475706319494
2030-05-17 16:00:00,0.0,84.0201970705017
2030-05-17 17:00:00,0.0,89.73721459727619
2030-05-17 18:00:00,0.0,92.48040340434432
2030-05-17 19:00:00,0.0,102.88491258145496
2030-05-17 20:00:00,0.0,108.50736242843755
2030-05-17 21:00:00,0.0,112.87939935169254
2030-05-17 22:00:00,0.0,115.737094564867
2030-05-17 23:00:00,0.0,117.11639943455816
2030-05-18 00:00:00,0.0,119.64702489795854
2030-05-18 01:00:00,0.0,111.99201440056252
2030-05-18 02:00:00,0.0,108.18380012906312
2030-05-18 03:00:00,0.0,104.65793561474128
2030-05-18 04:00:00,0.0,101.51175260618957
2030-05-18 05:00:00,0.0,99.92463130031479
2030-05-18 06:00:00,0.0,98.22965589464854
2030-05-18 07:00:00,0.0,90.14673644848642
2030-05-18 08:00:00,0.0,84.40567926231027
2030-05-18 09:00:00,0.0,79.22497120526894
2030-05-18 10:00:00,0.0,75.8178948565271
2030-05-18 11:00:00,0.0,75.341305138807
2030-05-18 12:00:00,0.0,76.58493177028993
2030-05-18 13:00:00,0.0,79.28132096579532
2030-05-18 14:00:00,0.0,81.31023779818656
2030-05-18 15:00:00,0.0,90.44176987347305
2030-05-18 16:00:00,0.0,95.35167996391806
2030-05-18 17:00:00,0.0,93.92043010867212
2030-05-18 18:00:00,0.0,95.755939243086
2030-05-18 19:00:00,0.0,108.7956664529662
2030-05-18 20:00:00,0.0,115.24868209670556
2030-05-18 21:00:00,0.0,116.69550538659144
2030-05-18 22:00:00,0.0,121.91634530657937
2030-05-18 23:00:00,0.0,122.2337695677544
2030-05-19 00:00:00,0.0,123.57536934564848
2030-05-19 01:00:00,0.0,116.0334741236436
2030-05-19 02:00:00,0.0,109.92787984032545
2030-05-19 03:00:00,0.0,105.40940686288197
2030-05-19 04:00:00,0.0,101.51175260618957
2030-05-19 05:00:00,0.0,99.92463130031479
2030-05-19 06:00:00,0.0,98.22965589464854
2030-05-19 07:00:00,0.0,90.14673644848642
2030-05-19 08:00:00,0.0,83.9357117507934
2030-05-19 09:00:00,0.0,79.05763822085488
2030-05-19 10:00:00,0.0,76.04961456520982
2030-05-19 11:00:00,0.0,73.55611565726518
2030-05-19 12:00:00,0.0,74.07639399923971
2030-05-19 13:00:00,0.0,75.22169067404262
2030-05-19 14:00:00,0.0,78.94940647485794
2030-05-19 15:00:00,0.0,87.5797500183346
2030-05-19 16:00:00,0.0,92.64969327343636
2030-05-19 17:00:00,0.0,90.25725891778052
2030-05-19 18:00:00,0.0,92.76982536894673
2030-05-19 19:00:00,0.0,107.10156019938836
2030-05-19 20:00:00,0.0,111.43520664960649
2030-05-19 21:00:00,0.0,114.31570029037924
2030-05-19 22:00:00,0.0,117.77229265930644
2030-05-19 23:00:00,0.0,118.55620782364463
2030-05-20 00:00:00,0.0,120.88866233946057
2030-05-20 01:00:00,0.0,116.7051508751906
2030-05-20 02:00:00,0.0,106.33274318060909
2030-05-20 03:00:00,0.0,105.43746646607974
2030-05-20 04:00:00,0.0,104.20021333757744
2030-05-20 05:00:00,0.0,101.7265839431726
2030-05-20 06:00:00,0.0,100.0026720717086
2030-05-20 07:00:00,0.0,90.30194112867412
2030-05-20 08:00:00,0.0,81.95713661982607
2030-05-20 09:00:00,0.0,78.67370682346564
2030-05-20 10:00:00,0.0,71.35579767837862
2030-05-20 11:00:00,0.0,64.67796775018928
2030-05-20 12:00:00,0.0,67.20321915259024
2030-05-20 13:00:00,0.0,72.62371327879374
2030-05-20 14:00:00,0.0,71.08369519002679
2030-05-20 15:00:00,0.0,76.92691786029661
2030-05-20 16:00:00,0.0,84.47346300972606
2030-05-20 17:00:00,0.0,87.32736129624482
2030-05-20 18:00:00,0.0,91.28237272557215
2030-05-20 19:00:00,0.0,99.46268320278001
2030-05-20 20:00:00,0.0,105.88642011724436
2030-05-20 21:00:00,0.0,112.12617437835193
2030-05-20 22:00:00,0.0,115.79672122166232
2030-05-20 23:00:00,0.0,116.68936734839188
2030-05-21 00:00:00,0.0,121.83830453518556
2030-05-21 01:00:00,0.0,115.19607034070977
2030-05-21 02:00:00,0.0,114.76728452934356
2030-05-21 03:00:00,0.0,113.15034989507114
2030-05-21 04:00:00,0.0,107.79359627209384
2030-05-21 05:00:00,0.0,105.30067590049055
2030-05-21 06:00:00,0.0,102.61309203170264
2030-05-21 07:00:00,0.0,95.21061796308686
2030-05-21 08:00:00,0.0,88.79258429720653
2030-05-21 09:00:00,0.0,81.91976547268915
2030-05-21 10:00:00,0.0,73.53927396680318
2030-05-21 11:00:00,0.0,69.55080634040996
2030-05-21 12:00:00,0.0,67.55318546812748
2030-05-21 13:00:00,0.0,67.49613795117898
2030-05-21 14:00:00,0.0,69.77453319409233
2030-05-21 15:00:00,0.0,81.23599973699811
2030-05-21 16:00:00,0.0,86.9472939411329
2030-05-21 17:00:00,0.0,87.50556445018765
2030-05-21 18:00:00,0.0,92.58367914625433
2030-05-21 19:00:00,0.0,105.39062820755692
2030-05-21 20:00:00,0.0,111.23703570202213
2030-05-21 21:00:00,0.0,112.78908250389964
2030-05-21 22:00:00,0.0,110.0953605969122
2030-05-21 23:00:00,0.0,111.38259489361064
2030-05-22 00:00:00,0.0,119.64702489795854
2030-05-22 01:00:00,0.0,111.99201440056252
2030-05-22 02:00:00,0.0,108.18380012906312
2030-05-22 03:00:00,0.0,104.65793561474128
2030-05-22 04:00:00,0.0,101.51175260618957
2030-05-22 05:00:00,0.0,99.92463130031479
2030-05-22 06:00:00,0.0,98.22965589464854
2030-05-22 07:00:00,0.0,90.14673644848642
2030-05-22 08:00:00,0.0,84.61328023131398
2030-05-22 09:00:00,0.0,78.0329558516861
2030-05-22 10:00:00,0.0,68.91199940744514
2030-05-22 11:00:00,0.0,64.34489446902455
2030-05-22 12:00:00,0.0,64.08792773907533
2030-05-22 13:00:00,0.0,64.82306774750782
2030-05-22 14:00:00,0.0,66.46634199808614
2030-05-22 15:00:00,0.0,74.98982611770326
2030-05-22 16:00:00,0.0,79.2384416510706
2030-05-22 17:00:00,0.0,81.98233004512224
2030-05-22 18:00:00,0.0,84.07607460275585
2030-05-22 19:00:00,0.0,98.2563087456648
2030-05-22 20:00:00,0.0,102.62799869590152
2030-05-22 21:00:00,0.0,108.06980799107203
2030-05-22 22:00:00,0.0,115.737094564867
2030-05-22 23:00:00,0.0,117.11639943455816
2030-05-23 00:00:00,0.0,119.64702489795854
2030-05-23 01:00:00,0.0,111.99201440056252
2030-05-23 02:00:00,0.0,108.18380012906312
2030-05-23 03:00:00,0.0,104.65793561474128
2030-05-23 04:00:00,0.0,101.51175260618957
2030-05-23 05:00:00,0.0,99.92463130031479
2030-05-23 06:00:00,0.0,98.22965589464854
2030-05-23 07:00:00,0.0,90.14673644848642
2030-05-23 08:00:00,0.0,84.06827949698221
2030-05-23 09:00:00,0.0,76.38454957657609
2030-05-23 10:00:00,0.0,66.40355154183692
2030-05-23 11:00:00,0.0,63.10514994081814
2030-05-23 12:00:00,0.0,63.640644393260565
2030-05-23 13:00:00,0.0,65.23979014846168
2030-05-23 14:00:00,0.0,66.48357308932589
2030-05-23 15:00:00,0.0,75.17318753272536
2030-05-23 16:00:00,0.0,80.30517186253405
2030-05-23 17:00:00,0.0,85.03785306883833
2030-05-23 18:00:00,0.0,88.85218724241565
2030-05-23 19:00:00,0.0,103.55079741353552
2030-05-23 20:00:00,0.0,105.03235594491171
2030-05-23 21:00:00,0.0,110.48819504168124
2030-05-23 22:00:00,0.0,115.737094564867
2030-05-23 23:00:00,0.0,117.11639943455816
2030-05-24 00:00:00,0.0,119.64702489795854
2030-05-24 01:00:00,0.0,111.99201440056252
2030-05-24 02:00:00,0.0,108.18380012906312
2030-05-24 03:00:00,0.0,104.65793561474128
2030-05-24 04:00:00,0.0,101.51175260618957
2030-05-24 05:00:00,0.0,99.92463130031479
2030-05-24 06:00:00,0.0,98.22965589464854
2030-05-24 07:00:00,0.0,90.14673644848642
2030-05-24 08:00:00,0.0,84.11983362050012
2030-05-24 09:00:00,0.0,77.02735584809602
2030-05-24 10:00:00,0.0,68.32936355530558
2030-05-24 11:00:00,0.0,64.12400702284685
2030-05-24 12:00:00,0.0,64.86548111777711
2030-05-24 13:00:00,0.0,66.15237300839533
2030-05-24 14:00:00,0.0,68.27598390834737
2030-05-24 15:00:00,0.0,77.25751495402913
2030-05-24 16:00:00,0.0,82.7805203323711
2030-05-24 17:00:00,0.0,86.02882110966243
2030-05-24 18:00:00,0.0,89.19809293486003
2030-05-24 19:00:00,0.0,103.83962361713428
2030-05-24 20:00:00,0.0,107.97247624247971
2030-05-24 21:00:00,0.0,112.14020417995084
2030-05-24 22:00:00,0.0,117.17865667915328
2030-05-24 23:00:00,0.0,117.95292635489216
2030-05-25 00:00:00,0.0,119.64702489795854
2030-05-25 01:00:00,0.0,111.99201440056252
2030-05-25 02:00:00,0.0,108.18380012906312
2030-05-25 03:00:00,0.0,104.65793561474128
2030-05-25 04:00:00,0.0,101.51175260618957
2030-05-25 05:00:00,0.0,99.92463130031479
2030-05-25 06:00:00,0.0,98.22965589464854
2030-05-25 07:00:00,0.0,90.14673644848642
2030-05-25 08:00:00,0.0,84.19348236838277
2030-05-25 09:00:00,0.0,76.72524868428138
2030-05-25 10:00:00,0.0,70.37487115446038
2030-05-25 11:00:00,0.0,67.308793322665
2030-05-25 12:00:00,0.0,68.57725303768541
2030-05-25 13:00:00,0.0,69.25796648846983
2030-05-25 14:00:00,0.0,70.90381901496949
2030-05-25 15:00:00,0.0,79.70375757346062
2030-05-25 16:00:00,0.0,84.48749671411498
2030-05-25 17:00:00,0.0,87.80923414304787
2030-05-25 18:00:00,0.0,91.14036707659544
2030-05-25 19:00:00,0.0,105.38060190292276
2030-05-25 20:00:00,0.0,109.11853566058925
2030-05-25 21:00:00,0.0,113.1117679406742
2030-05-25 22:00:00,0.0,118.40012628085684
2030-05-25 23:00:00,0.0,118.4685215636515
2030-05-26 00:00:00,0.0,120.2432914659114
2030-05-26 01:00:00,0.0,112.4120315859294
2030-05-26 02:00:00,0.0,108.18380012906312
2030-05-26 03:00:00,0.0,104.65793561474128
2030-05-26 04:00:00,0.0,101.51175260618957
2030-05-26 05:00:00,0.0,99.92463130031479
2030-05-26 06:00:00,0.0,98.22965589464854
2030-05-26 07:00:00,0.0,90.14673644848642
2030-05-26 08:00:00,0.0,84.82686160017374
2030-05-26 09:00:00,0.0,78.42709485543878
2030-05-26 10:00:00,0.0,72.6197816372438
2030-05-26 11:00:00,0.0,67.49057390099676
2030-05-26 12:00:00,0.0,68.9168912274024
2030-05-26 13:00:00,0.0,69.4717421681371
2030-05-26 14:00:00,0.0,69.83130670267622
2030-05-26 15:00:00,0.0,77.98663444341433
2030-05-26 16:00:00,0.0,83.71760675551741
2030-05-26 17:00:00,0.0,88.14544081009512
2030-05-26 18:00:00,0.0,88.63687244080313
2030-05-26 19:00:00,0.0,103.73023854269172
2030-05-26 20:00:00,0.0,110.11289784891083
2030-05-26 21:00:00,0.0,115.1627495619124
2030-05-26 22:00:00,0.0,121.76201748899165
2030-05-26 23:00:00,0.0,122.56083931752856
2030-05-27 00:00:00,0.0,124.05325946261075
2030-05-27 01:00:00,0.0,120.33886948930387
2030-05-27 02:00:00,0.0,108.35391147344968
2030-05-27 03:00:00,0.0,106.24330319541616
2030-05-27 04:00:00,0.0,104.92450184512028
2030-05-27 05:00:00,0.0,101.7265839431726
2030-05-27 06:00:00,0.0,100.0026720717086
2030-05-27 07:00:00,0.0,90.30194112867412
2030-05-27 08:00:00,0.0,83.51477915026908
2030-05-27 09:00:00,0.0,80.82845962553904
2030-05-27 10:00:00,0.0,74.74465318788101
2030-05-27 11:00:00,0.0,66.77338730343365
2030-05-27 12:00:00,0.0,67.82237646552835
2030-05-27 13:00:00,0.0,73.03230168076925
2030-05-27 14:00:00,0.0,71.56972860239262
2030-05-27 15:00:00,0.0,78.62964961109367
2030-05-27 16:00:00,0.0,88.21908706957845
2030-05-27 17:00:00,0.0,90.39800728701084
2030-05-27 18:00:00,0.0,95.62815985253486
2030-05-27 19:00:00,0.0,103.21109004760613
2030-05-27 20:00:00,0.0,109.88579043552873
2030-05-27 21:00:00,0.0,114.30430107658015
2030-05-27 22:00:00,0.0,119.23139202559128
2030-05-27 23:00:00,0.0,120.06791894592529
2030-05-28 00:00:00,0.0,122.8547652268603
2030-05-28 01:00:00,0.0,117.55658445972345
2030-05-28 02:00:00,0.0,115.55909145708108
2030-05-28 03:00:00,0.0,113.72995607362544
2030-05-28 04:00:00,0.0,108.23115070945936
2030-05-28 05:00:00,0.0,105.30067590049055
2030-05-28 06:00:00,0.0,102.61309203170264
2030-05-28 07:00:00,0.0,95.21061796308686
2030-05-28 08:00:00,0.0,90.61998137648528
2030-05-28 09:00:00,0.0,84.10202875963421
2030-05-28 10:00:00,0.0,80.03168821501232
2030-05-28 11:00:00,0.0,76.37496193476134
2030-05-28 12:00:00,0.0,74.29054428491554
2030-05-28 13:00:00,0.0,73.37741288604137
2030-05-28 14:00:00,0.0,73.5602332259889
2030-05-28 15:00:00,0.0,85.64847460883618
2030-05-28 16:00:00,0.0,91.50267375337387
2030-05-28 17:00:00,0.0,91.92572095470608
2030-05-28 18:00:00,0.0,96.08397054776412
2030-05-28 19:00:00,0.0,104.93256366691573
2030-05-28 20:00:00,0.0,113.04600324567934
2030-05-28 21:00:00,0.0,115.68623653407099
2030-05-28 22:00:00,0.0,114.5436845663612
2030-05-28 23:00:00,0.0,115.80724357286147
2030-05-29 00:00:00,0.0,123.73408147623604
2030-05-29 01:00:00,0.0,115.915097672653
2030-05-29 02:00:00,0.0,110.85472360845232
2030-05-29 03:00:00,0.0,106.92900974856207
2030-05-29 04:00:00,0.0,103.84420712200551
2030-05-29 05:00:00,0.0,101.58716278978363
2030-05-29 06:00:00,0.0,100.59981550226154
2030-05-29 07:00:00,0.0,93.0386293030582
2030-05-29 08:00:00,0.0,91.71871720098896
2030-05-29 09:00:00,0.0,86.71475702293787
2030-05-29 10:00:00,0.0,80.73933854359144
2030-05-29 11:00:00,0.0,78.1921234997867
2030-05-29 12:00:00,0.0,79.48066535577345
2030-05-29 13:00:00,0.0,79.48100427656608
2030-05-29 14:00:00,0.0,78.46110744256158
2030-05-29 15:00:00,0.0,86.68527306128999
2030-05-29 16:00:00,0.0,91.12257191037737
2030-05-29 17:00:00,0.0,93.57869523720977
2030-05-29 18:00:00,0.0,97.01168732323504
2030-05-29 19:00:00,0.0,110.85085547258176
2030-05-29 20:00:00,0.0,114.69362807094944
2030-05-29 21:00:00,0.0,120.28625773330803
2030-05-29 22:00:00,0.0,125.59566077588909
2030-05-29 23:00:00,0.0,125.3080498431118
2030-05-30 00:00:00,0.0,127.04686837877453
2030-05-30 01:00:00,0.0,118.35891373866012
2030-05-30 02:00:00,0.0,111.5386764363983
2030-05-30 03:00:00,0.0,106.97548346635845
2030-05-30 04:00:00,0.0,103.49346208203313
2030-05-30 05:00:00,0.0,99.92463130031479
2030-05-30 06:00:00,0.0,98.22965589464854
2030-05-30 07:00:00,0.0,90.14673644848642
2030-05-30 08:00:00,0.0,86.70377078787385
2030-05-30 09:00:00,0.0,81.61042179701725
2030-05-30 10:00:00,0.0,77.01253812003938
2030-05-30 11:00:00,0.0,73.11440110075978
2030-05-30 12:00:00,0.0,73.24472422150734
2030-05-30 13:00:00,0.0,73.84556865338482
2030-05-30 14:00:00,0.0,73.95297135551232
2030-05-30 15:00:00,0.0,85.28841981061566
2030-05-30 16:00:00,0.0,89.66339911373596
2030-05-30 17:00:00,0.0,91.00270293325059
2030-05-30 18:00:00,0.0,95.05922161343904
2030-05-30 19:00:00,0.0,107.7893820174902
2030-05-30 20:00:00,0.0,112.34802061613448
2030-05-30 21:00:00,0.0,116.7560089059866
2030-05-30 22:00:00,0.0,121.63136496160188
2030-05-30 23:00:00,0.0,121.95229667317652
2030-05-31 00:00:00,0.0,124.1032406308068
2030-05-31 01:00:00,0.0,115.85020984025812
2030-05-31 02:00:00,0.0,109.78758182433648
2030-05-31 03:00:00,0.0,104.87364381432428
2030-05-31 04:00:00,0.0,101.51175260618957
2030-05-31 05:00:00,0.0,99.92463130031479
2030-05-31 06:00:00,0.0,98.22965589464854
2030-05-31 07:00:00,0.0,90.14673644848642
2030-05-31 08:00:00,0.0,85.76288565238086
2030-05-31 09:00:00,0.0,79.50651498529555
2030-05-31 10:00:00,0.0,72.70984300270823
2030-05-31 11:00:00,0.0,69.47563134669736
2030-05-31 12:00:00,0.0,70.29240863705422
2030-05-31 13:00:00,0.0,71.16373981320794
2030-05-31 14:00:00,0.0,70.48864516534911
2030-05-31 15:00:00,0.0,78.89615485044874
2030-05-31 16:00:00,0.0,84.0117309305026
2030-05-31 17:00:00,0.0,85.71294898915107
2030-05-31 18:00:00,0.0,88.42760904781811
2030-05-31 19:00:00,0.0,102.6562360680068
2030-05-31 20:00:00,0.0,109.95593944352322
2030-05-31 21:00:00,0.0,113.26609575826204
2030-05-31 22:00:00,0.0,118.50885724324824
2030-05-31 23:00:00,0.0,118.89643051241772
2030-06-01 00:00:00,0.0,116.26935016302502
2030-06-01 01:00:00,0.0,110.77492911185855
2030-06-01 02:00:00,0.0,107.5699963091115
2030-06-01 03:00:00,0.0,103.5364283494298
2030-06-01 04:00:00,0.0,101.17152991741636
2030-06-01 05:00:00,0.0,99.22314122037017
2030-06-01 06:00:00,0.0,97.62637442589617
2030-06-01 07:00:00,0.0,90.07834116569175
2030-06-01 08:00:00,0.0,78.64715336445386
2030-06-01 09:00:00,0.0,72.72997776967873
2030-06-01 10:00:00,0.0,73.44699463061397
2030-06-01 11:00:00,0.0,70.03505233680221
2030-06-01 12:00:00,0.0,70.97031556369052
2030-06-01 13:00:00,0.0,71.6566348654967
2030-06-01 14:00:00,0.0,72.5065650319143
2030-06-01 15:00:00,0.0,82.0195655446272
2030-06-01 16:00:00,0.0,88.95558080596572
2030-06-01 17:00:00,0.0,92.48468178257313
2030-06-01 18:00:00,0.0,94.46277462696217
2030-06-01 19:00:00,0.0,102.60011300635551
2030-06-01 20:00:00,0.0,112.65755311391
2030-06-01 21:00:00,0.0,115.1855479895106
2030-06-01 22:00:00,0.0,118.32208550946302
2030-06-01 23:00:00,0.0,121.11313916504287
2030-06-02 00:00:00,0.0,118.68686035103428
2030-06-02 01:00:00,0.0,113.35202829305524
2030-06-02 02:00:00,0.0,109.18342349298416
2030-06-02 03:00:00,0.0,104.01782591679182
2030-06-02 04:00:00,0.0,101.17152991741636
2030-06-02 05:00:00,0.0,99.22314122037017
2030-06-02 06:00:00,0.0,97.62637442589617
2030-06-02 07:00:00,0.0,90.07834116569175
2030-06-02 08:00:00,0.0,80.1005529102679
2030-06-02 09:00:00,0.0,75.18964106927329
2030-06-02 10:00:00,0.0,72.27399760374713
2030-06-02 11:00:00,0.0,69.03091304933433
2030-06-02 12:00:00,0.0,70.50671264864343
2030-06-02 13:00:00,0.0,71.95554665551697
2030-06-02 14:00:00,0.0,72.99441643637395
2030-06-02 15:00:00,0.0,83.27564589876009
2030-06-02 16:00:00,0.0,89.6686938946807
2030-06-02 17:00:00,0.0,90.54235633548753
2030-06-02 18:00:00,0.0,93.62821659518806
2030-06-02 19:00:00,0.0,101.568211075092
2030-06-02 20:00:00,0.0,111.14145767862964
2030-06-02 21:00:00,0.0,114.05088778520008
2030-06-02 22:00:00,0.0,115.99839961964642
2030-06-02 23:00:00,0.0,118.62986428203872
2030-06-03 00:00:00,0.0,118.39749569305707
2030-06-03 01:00:00,0.0,114.67082964335123
2030-06-03 02:00:00,0.0,111.27386393121924
2030-06-03 03:00:00,0.0,108.44948949684213
2030-06-03 04:00:00,0.0,106.74662232777654
2030-06-03 05:00:00,0.0,103.2654778060512
2030-06-03 06:00:00,0.0,101.404775368998
2030-06-03 07:00:00,0.0,93.64278763441052
2030-06-03 08:00:00,0.0,85.32723058564886
2030-06-03 09:00:00,0.0,77.75065837813257
2030-06-03 10:00:00,0.0,77.73207238088673
2030-06-03 11:00:00,0.0,73.62007257769108
2030-06-03 12:00:00,0.0,73.43427884497497
2030-06-03 13:00:00,0.0,74.91514919325209
2030-06-03 14:00:00,0.0,74.88603861402542
2030-06-03 15:00:00,0.0,83.7060790740786
2030-06-03 16:00:00,0.0,86.00705777136726
2030-06-03 17:00:00,0.0,89.74124859457288
2030-06-03 18:00:00,0.0,94.80084086788554
2030-06-03 19:00:00,0.0,100.56227275834908
2030-06-03 20:00:00,0.0,112.2199986765446
2030-06-03 21:00:00,0.0,111.5483219249976
2030-06-03 22:00:00,0.0,113.54669179023993
2030-06-03 23:00:00,0.0,117.71441972771106
2030-06-04 00:00:00,0.0,116.95330299097112
2030-06-04 01:00:00,0.0,112.8916754280915
2030-06-04 02:00:00,0.0,109.24831132537906
2030-06-04 03:00:00,0.0,105.53041390167245
2030-06-04 04:00:00,0.0,103.18919075985718
2030-06-04 05:00:00,0.0,100.7234531288518
2030-06-04 06:00:00,0.0,98.30769666604237
2030-06-04 07:00:00,0.0,90.33175445707184
2030-06-04 08:00:00,0.0,81.93781094532585
2030-06-04 09:00:00,0.0,73.74360609442772
2030-06-04 10:00:00,0.0,68.46719006514911
2030-06-04 11:00:00,0.0,65.8550658045458
2030-06-04 12:00:00,0.0,66.4290517837319
2030-06-04 13:00:00,0.0,68.84873803758376
2030-06-04 14:00:00,0.0,68.14674910988083
2030-06-04 15:00:00,0.0,78.66786340717977
2030-06-04 16:00:00,0.0,84.25402510315166
2030-06-04 17:00:00,0.0,90.05288916900417
2030-06-04 18:00:00,0.0,91.7043614298351
2030-06-04 19:00:00,0.0,96.63955488127043
2030-06-04 20:00:00,0.0,104.6184767977444
2030-06-04 21:00:00,0.0,109.37457953976912
2030-06-04 22:00:00,0.0,114.32446891637846
2030-06-04 23:00:00,0.0,115.98173923024774
2030-06-05 00:00:00,0.0,118.0099224238877
2030-06-05 01:00:00,0.0,112.64176958711128
2030-06-05 02:00:00,0.0,108.41967616844443
2030-06-05 03:00:00,0.0,103.5364283494298
2030-06-05 04:00:00,0.0,101.17152991741636
2030-06-05 05:00:00,0.0,99.22314122037017
2030-06-05 06:00:00,0.0,97.62637442589617
2030-06-05 07:00:00,0.0,90.07834116569175
2030-06-05 08:00:00,0.0,79.03403054090143
2030-06-05 09:00:00,0.0,73.12928734088075
2030-06-05 10:00:00,0.0,77.72624197501102
2030-06-05 11:00:00,0.0,74.48747965061726
2030-06-05 12:00:00,0.0,76.59525617381723
2030-06-05 13:00:00,0.0,77.94402208105076
2030-06-05 14:00:00,0.0,79.49213115334281
2030-06-05 15:00:00,0.0,89.6802140075448
2030-06-05 16:00:00,0.0,95.91956626799094
2030-06-05 17:00:00,0.0,95.92694427584615
2030-06-05 18:00:00,0.0,95.55093236991512
2030-06-05 19:00:00,0.0,103.27179746841396
2030-06-05 20:00:00,0.0,113.20559223886676
2030-06-05 21:00:00,0.0,115.25832758530485
2030-06-05 22:00:00,0.0,119.23402261339106
2030-06-05 23:00:00,0.0,121.79709199298884
2030-06-06 00:00:00,0.0,119.45411512597364
2030-06-06 01:00:00,0.0,114.07807052579788
2030-06-06 02:00:00,0.0,109.14659526378703
2030-06-06 03:00:00,0.0,104.25457881877308
2030-06-06 04:00:00,0.0,101.65117375957855
2030-06-06 05:00:00,0.0,99.22314122037017
2030-06-06 06:00:00,0.0,97.62637442589617
2030-06-06 07:00:00,0.0,90.07834116569175
2030-06-06 08:00:00,0.0,80.46785467487598
2030-06-06 09:00:00,0.0,75.27298266078105
2030-06-06 10:00:00,0.0,73.35235677772152
2030-06-06 11:00:00,0.0,70.34775659252068
2030-06-06 12:00:00,0.0,72.48975923475348
2030-06-06 13:00:00,0.0,75.01084312096282
2030-06-06 14:00:00,0.0,74.76921240432455
2030-06-06 15:00:00,0.0,84.58251167936339
2030-06-06 16:00:00,0.0,89.73827443228174
2030-06-06 17:00:00,0.0,89.68395126449683
2030-06-06 18:00:00,0.0,92.37370612925815
2030-06-06 19:00:00,0.0,101.3867236484408
2030-06-06 20:00:00,0.0,112.19018534814688
2030-06-06 21:00:00,0.0,114.6085723987561
2030-06-06 22:00:00,0.0,116.7446096921875
2030-06-06 23:00:00,0.0,119.58915196636303
2030-06-07 00:00:00,0.0,116.45699875941023
2030-06-07 01:00:00,0.0,111.1423345412296
2030-06-07 02:00:00,0.0,107.5699963091115
2030-06-07 03:00:00,0.0,103.5364283494298
2030-06-07 04:00:00,0.0,101.17152991741636
2030-06-07 05:00:00,0.0,99.22314122037017
2030-06-07 06:00:00,0.0,97.62637442589617
2030-06-07 07:00:00,0.0,90.07834116569175
2030-06-07 08:00:00,0.0,79.37212254369558
2030-06-07 09:00:00,0.0,73.21891756323406
2030-06-07 10:00:00,0.0,70.84196636480988
2030-06-07 11:00:00,0.0,67.95834837762845
2030-06-07 12:00:00,0.0,69.17745611030432
2030-06-07 13:00:00,0.0,70.09035422764487
2030-06-07 14:00:00,0.0,70.91958282870678
2030-06-07 15:00:00,0.0,80.43343050146461
2030-06-07 16:00:00,0.0,87.15517658147849
2030-06-07 17:00:00,0.0,87.55618760456218
2030-06-07 18:00:00,0.0,90.27725203717614
2030-06-07 19:00:00,0.0,99.28102271676244
2030-06-07 20:00:00,0.0,112.22525985214416
2030-06-07 21:00:00,0.0,114.44547595516894
2030-06-07 22:00:00,0.0,117.56622994832264
2030-06-07 23:00:00,0.0,120.22750793911268
2030-06-08 00:00:00,0.0,116.82089673838152
2030-06-08 01:00:00,0.0,111.57988897859512
2030-06-08 02:00:00,0.0,107.5699963091115
2030-06-08 03:00:00,0.0,103.5364283494298
2030-06-08 04:00:00,0.0,101.17152991741636
2030-06-08 05:00:00,0.0,99.22314122037017
2030-06-08 06:00:00,0.0,97.62637442589617
2030-06-08 07:00:00,0.0,90.07834116569175
2030-06-08 08:00:00,0.0,79.01539710386726
2030-06-08 09:00:00,0.0,73.6673205390789
2030-06-08 10:00:00,0.0,69.80574242191858
2030-06-08 11:00:00,0.0,67.26749758864958
2030-06-08 12:00:00,0.0,69.32828024731964
2030-06-08 13:00:00,0.0,71.40547814493345
2030-06-08 14:00:00,0.0,69.36412684755715
2030-06-08 15:00:00,0.0,78.79541620156635
2030-06-08 16:00:00,0.0,84.95835944341091
2030-06-08 17:00:00,0.0,85.16614875086725
2030-06-08 18:00:00,0.0,87.30260931634734
2030-06-08 19:00:00,0.0,96.00173736289923
2030-06-08 20:00:00,0.0,108.60294045183002
2030-06-08 21:00:00,0.0,111.44923645120537
2030-06-08 22:00:00,0.0,116.21586154442925
2030-06-08 23:00:00,0.0,119.20333242239349
2030-06-09 00:00:00,0.0,116.167634101433
2030-06-09 01:00:00,0.0,110.80474244025628
2030-06-09 02:00:00,0.0,107.5699963091115
2030-06-09 03:00:00,0.0,103.5364283494298
2030-06-09 04:00:00,0.0,101.17152991741636
2030-06-09 05:00:00,0.0,99.22314122037017
2030-06-09 06:00:00,0.0,97.62637442589617
2030-06-09 07:00:00,0.0,90.07834116569175
2030-06-09 08:00:00,0.0,79.56430152565667
2030-06-09 09:00:00,0.0,74.55016323504584
2030-06-09 10:00:00,0.0,70.81540826173955
2030-06-09 11:00:00,0.0,67.67276605198094
2030-06-09 12:00:00,0.0,69.41256399412964
2030-06-09 13:00:00,0.0,68.90786693857751
2030-06-09 14:00:00,0.0,64.08882286178584
2030-06-09 15:00:00,0.0,79.04089413470831
2030-06-09 16:00:00,0.0,84.79121319225555
2030-06-09 17:00:00,0.0,86.38965427132393
2030-06-09 18:00:00,0.0,88.55359765145704
2030-06-09 19:00:00,0.0,96.99329590405443
2030-06-09 20:00:00,0.0,106.8956889697647
2030-06-09 21:00:00,0.0,110.06203981811484
2030-06-09 22:00:00,0.0,114.91284372093207
2030-06-09 23:00:00,0.0,117.9099600874956
2030-06-10 00:00:00,0.0,116.99626925836763
2030-06-10 01:00:00,0.0,113.6887435314286
2030-06-10 02:00:00,0.0,110.7416083330612
2030-06-10 03:00:00,0.0,108.25745658745721
2030-06-10 04:00:00,0.0,106.4204294406022
2030-06-10 05:00:00,0.0,103.2654778060512
2030-06-10 06:00:00,0.0,101.404775368998
2030-06-10 07:00:00,0.0,93.64278763441052
2030-06-10 08:00:00,0.0,83.02894715158254
2030-06-10 09:00:00,0.0,76.07123143270633
2030-06-10 10:00:00,0.0,71.09650976967055
2030-06-10 11:00:00,0.0,67.58554994371934
2030-06-10 12:00:00,0.0,68.1677208758797
2030-06-10 13:00:00,0.0,69.83775453849897
2030-06-10 14:00:00,0.0,69.92264990411832
2030-06-10 15:00:00,0.0,78.73173614787277
2030-06-10 16:00:00,0.0,82.08517551682051
2030-06-10 17:00:00,0.0,85.75320024236953
2030-06-10 18:00:00,0.0,90.63539485457353
2030-06-10 19:00:00,0.0,96.70147371764403
2030-06-10 20:00:00,0.0,110.56185150007536
2030-06-10 21:00:00,0.0,109.68937321314422
2030-06-10 22:00:00,0.0,111.57287407779565
2030-06-10 23:00:00,0.0,115.68009849587156
2030-06-11 00:00:00,0.0,115.13381309611464
2030-06-11 01:00:00,0.0,111.00028280004084
2030-06-11 02:00:00,0.0,107.8663758678881
2030-06-11 03:00:00,0.0,104.67021169114037
2030-06-11 04:00:00,0.0,102.58678615370468
2030-06-11 05:00:00,0.0,100.7234531288518
2030-06-11 06:00:00,0.0,98.30769666604237
2030-06-11 07:00:00,0.0,90.33175445707184
2030-06-11 08:00:00,0.0,81.03148884624191
2030-06-11 09:00:00,0.0,73.21130203964707
2030-06-11 10:00:00,0.0,68.06730615524168
2030-06-11 11:00:00,0.0,65.27949707965558
2030-06-11 12:00:00,0.0,64.42641204788322
2030-06-11 13:00:00,0.0,65.64086498237657
2030-06-11 14:00:00,0.0,67.60229240405988
2030-06-11 15:00:00,0.0,77.31785194718407
2030-06-11 16:00:00,0.0,83.57414210929517
2030-06-11 17:00:00,0.0,87.59725596391625
2030-06-11 18:00:00,0.0,88.12386794729785
2030-06-11 19:00:00,0.0,95.53952668083025
2030-06-11 20:00:00,0.0,104.22564235297544
2030-06-11 21:00:00,0.0,109.52715363215702
2030-06-11 22:00:00,0.0,114.94528763712945
2030-06-11 23:00:00,0.0,116.79020654738395
2030-06-12 00:00:00,0.0,118.7236885802314
2030-06-12 01:00:00,0.0,113.42656161404932
2030-06-12 02:00:00,0.0,109.69814183914355
2030-06-12 03:00:00,0.0,105.30242962569048
2030-06-12 04:00:00,0.0,102.73497593309308
2030-06-12 05:00:00,0.0,99.49935293934834
2030-06-12 06:00:00,0.0,97.8043775336821
2030-06-12 07:00:00,0.0,90.20811683048157
2030-06-12 08:00:00,0.0,80.80525444020407
2030-06-12 09:00:00,0.0,75.94680990643712
2030-06-12 10:00:00,0.0,74.63831916178742
2030-06-12 11:00:00,0.0,70.90392644058556
2030-06-12 12:00:00,0.0,73.33393941484097
2030-06-12 13:00:00,0.0,74.197059125907
2030-06-12 14:00:00,0.0,72.54962935204708
2030-06-12 15:00:00,0.0,82.25548259604534
2030-06-12 16:00:00,0.0,88.22795768899833
2030-06-12 17:00:00,0.0,89.4418266948469
2030-06-12 18:00:00,0.0,90.40419671665516
2030-06-12 19:00:00,0.0,99.31347048821556
2030-06-12 20:00:00,0.0,109.56573558655406
2030-06-12 21:00:00,0.0,113.36868868245392
2030-06-12 22:00:00,0.0,116.37194308721688
2030-06-12 23:00:00,0.0,119.51724923316874
2030-06-13 00:00:00,0.0,117.51887936792637
2030-06-13 01:00:00,0.0,112.20947632534534
2030-06-13 02:00:00,0.0,108.46264243584108
2030-06-13 03:00:00,0.0,104.22388862777552
2030-06-13 04:00:00,0.0,101.60820749218192
2030-06-13 05:00:00,0.0,99.25470827396771
2030-06-13 06:00:00,0.0,97.62637442589617
2030-06-13 07:00:00,0.0,90.07834116569175
2030-06-13 08:00:00,0.0,80.91572756202798
2030-06-13 09:00:00,0.0,76.08708076477863
2030-06-13 10:00:00,0.0,75.00138129019545
2030-06-13 11:00:00,0.0,71.09778777798056
2030-06-13 12:00:00,0.0,72.77253078210856
2030-06-13 13:00:00,0.0,73.3116813975032
2030-06-13 14:00:00,0.0,72.39004684445172
2030-06-13 15:00:00,0.0,83.26842061095601
2030-06-13 16:00:00,0.0,89.89029263621183
2030-06-13 17:00:00,0.0,90.9604432323864
2030-06-13 18:00:00,0.0,93.24324407830056
2030-06-13 19:00:00,0.0,99.55984960251736
2030-06-13 20:00:00,0.0,111.88942147637069
2030-06-13 21:00:00,0.0,115.15836524891267
2030-06-13 22:00:00,0.0,119.78819977654734
2030-06-13 23:00:00,0.0,123.72882030063636
2030-06-14 00:00:00,0.0,120.29590322190732
2030-06-14 01:00:00,0.0,115.12767505791508
2030-06-14 02:00:00,0.0,109.69112693834415
2030-06-14 03:00:00,0.0,105.6005629096669
2030-06-14 04:00:00,0.0,102.8577366970834
2030-06-14 05:00:00,0.0,100.24994732488913
2030-06-14 06:00:00,0.0,98.62336720201756
2030-06-14 07:00:00,0.0,91.00606179641863
2030-06-14 08:00:00,0.0,82.42043149402082
2030-06-14 09:00:00,0.0,76.87806922849813
2030-06-14 10:00:00,0.0,74.51183083682484
2030-06-14 11:00:00,0.0,71.9284727934861
2030-06-14 12:00:00,0.0,72.92054785348456
2030-06-14 13:00:00,0.0,75.13326982594447
2030-06-14 14:00:00,0.0,76.1893649247977
2030-06-14 15:00:00,0.0,83.30961138914063
2030-06-14 16:00:00,0.0,88.49571502388174
2030-06-14 17:00:00,0.0,89.24269663322377
2030-06-14 18:00:00,0.0,87.72218195063648
2030-06-14 19:00:00,0.0,96.5317003543363
2030-06-14 20:00:00,0.0,103.66445028901965
2030-06-14 21:00:00,0.0,109.47892618916092
2030-06-14 22:00:00,0.0,113.55546041623916
2030-06-14 23:00:00,0.0,117.48555858912901
2030-06-15 00:00:00,0.0,115.33461463149877
2030-06-15 01:00:00,0.0,110.38209466708965
2030-06-15 02:00:00,0.0,107.5699963091115
2030-06-15 03:00:00,0.0,103.53905893722958
2030-06-15 04:00:00,0.0,101.17152991741636
2030-06-15 05:00:00,0.0,99.22314122037017
2030-06-15 06:00:00,0.0,97.64391167789485
2030-06-15 07:00:00,0.0,90.07834116569175
2030-06-15 08:00:00,0.0,80.98270367258863
2030-06-15 09:00:00,0.0,76.32508381538035
2030-06-15 10:00:00,0.0,74.92831127776547
2030-06-15 11:00:00,0.0,71.65576928479027
2030-06-15 12:00:00,0.0,72.60818385782693
2030-06-15 13:00:00,0.0,74.43854173829868
2030-06-15 14:00:00,0.0,71.71429480867153
2030-06-15 15:00:00,0.0,80.51478430840801
2030-06-15 16:00:00,0.0,86.05388760703033
2030-06-15 17:00:00,0.0,84.9092010319373
2030-06-15 18:00:00,0.0,84.70868957214088
2030-06-15 19:00:00,0.0,93.05879799714192
2030-06-15 20:00:00,0.0,107.98299859367889
2030-06-15 21:00:00,0.0,111.4369603748064
2030-06-15 22:00:00,0.0,116.5429312942034
2030-06-15 23:00:00,0.0,119.5970437297624
2030-06-16 00:00:00,0.0,116.75951635638636
2030-06-16 01:00:00,0.0,111.5228929095996
2030-06-16 02:00:00,0.0,107.5699963091115
2030-06-16 03:00:00,0.0,103.5364283494298
2030-06-16 04:00:00,0.0,101.17152991741636
2030-06-16 05:00:00,0.0,99.22314122037017
2030-06-16 06:00:00,0.0,97.62637442589617
2030-06-16 07:00:00,0.0,90.07834116569175
2030-06-16 08:00:00,0.0,79.29249339595685
2030-06-16 09:00:00,0.0,74.2397486139979
2030-06-16 10:00:00,0.0,69.74352377741536
2030-06-16 11:00:00,0.0,66.34935646075144
2030-06-16 12:00:00,0.0,68.16727955313786
2030-06-16 13:00:00,0.0,69.97266322470841
2030-06-16 14:00:00,0.0,68.47229278468217
2030-06-16 15:00:00,0.0,77.54873910045399
2030-06-16 16:00:00,0.0,83.6329312820792
2030-06-16 17:00:00,0.0,85.88105661471309
2030-06-16 18:00:00,0.0,87.7071801106831
2030-06-16 19:00:00,0.0,95.96211705230304
2030-06-16 20:00:00,0.0,108.07945347967132
2030-06-16 21:00:00,0.0,110.38910956788902
2030-06-16 22:00:00,0.0,118.06253417988351
2030-06-16 23:00:00,0.0,120.83780430866454
2030-06-17 00:00:00,0.0,119.75049468475036
2030-06-17 01:00:00,0.0,116.07380980324047
2030-06-17 02:00:00,0.0,111.76403012458059
2030-06-17 03:00:00,0.0,109.24129642457967
2030-06-17 04:00:00,0.0,107.20522146754035
2030-06-17 05:00:00,0.0,103.2654778060512
2030-06-17 06:00:00,0.0,101.404775368998
2030-06-17 07:00:00,0.0,93.64278763441052
2030-06-17 08:00:00,0.0,82.4264118938769
2030-06-17 09:00:00,0.0,75.26896137838264
2030-06-17 10:00:00,0.0,72.75674709475878
2030-06-17 11:00:00,0.0,69.76980477608197
2030-06-17 12:00:00,0.0,70.29636652612385
2030-06-17 13:00:00,0.0,71.59943117279568
2030-06-17 14:00:00,0.0,71.53501861984182
2030-06-17 15:00:00,0.0,78.71219281263917
2030-06-17 16:00:00,0.0,82.13487584934579
2030-06-17 17:00:00,0.0,87.06519927242412
2030-06-17 18:00:00,0.0,91.65615633023663
2030-06-17 19:00:00,0.0,97.1695414313848
2030-06-17 20:00:00,0.0,110.89330556284926
2030-06-17 21:00:00,0.0,111.42994547400689
2030-06-17 22:00:00,0.0,115.30918561610076
2030-06-17 23:00:00,0.0,119.22788457519152
2030-06-18 00:00:00,0.0,118.55971527404427
2030-06-18 01:00:00,0.0,114.44021477956936
2030-06-18 02:00:00,0.0,111.47904977960296
2030-06-18 03:00:00,0.0,105.97235265203756
2030-06-18 04:00:00,0.0,103.89506515280152
2030-06-18 05:00:00,0.0,102.3780928549212
2030-06-18 06:00:00,0.0,100.29554418008559
2030-06-18 07:00:00,0.0,92.62650388109068
2030-06-18 08:00:00,0.0,85.34967175588929
2030-06-18 09:00:00,0.0,77.62612016838214
2030-06-18 10:00:00,0.0,69.37931526021828
2030-06-18 11:00:00,0.0,67.23175052235354
2030-06-18 12:00:00,0.0,66.49347591209312
2030-06-18 13:00:00,0.0,68.60538966056993
2030-06-18 14:00:00,0.0,68.28788895909383
2030-06-18 15:00:00,0.0,77.61624325839671
2030-06-18 16:00:00,0.0,85.52307056209382
2030-06-18 17:00:00,0.0,87.8353382945727
2030-06-18 18:00:00,0.0,84.5681776177115
2030-06-18 19:00:00,0.0,91.00151298884919
2030-06-18 20:00:00,0.0,102.94717668227632
2030-06-18 21:00:00,0.0,108.46088871064124
2030-06-18 22:00:00,0.0,114.80937393414024
2030-06-18 23:00:00,0.0,116.6823524475924
2030-06-19 00:00:00,0.0,118.84820306942152
2030-06-19 01:00:00,0.0,113.54844551543977
2030-06-19 02:00:00,0.0,109.29040073017573
2030-06-19 03:00:00,0.0,105.07093789930876
2030-06-19 04:00:00,0.0,102.47893205391324
2030-06-19 05:00:00,0.0,99.22314122037017
2030-06-19 06:00:00,0.0,97.7254598996883
2030-06-19 07:00:00,0.0,90.07834116569175
2030-06-19 08:00:00,0.0,81.06831322018331
2030-06-19 09:00:00,0.0,74.70787521063755
2030-06-19 10:00:00,0.0,73.95192965796059
2030-06-19 11:00:00,0.0,70.07430502093882
2030-06-19 12:00:00,0.0,70.3263652677922
2030-06-19 13:00:00,0.0,70.85466011851292
2030-06-19 14:00:00,0.0,71.44788316813128
2030-06-19 15:00:00,0.0,80.70965584680083
2030-06-19 16:00:00,0.0,86.39289802528651
2030-06-19 17:00:00,0.0,87.89946494065452
2030-06-19 18:00:00,0.0,88.8362282443055
2030-06-19 19:00:00,0.0,96.54734980146883
2030-06-19 20:00:00,0.0,108.26447148825672
2030-06-19 21:00:00,0.0,111.75964581158085
2030-06-19 22:00:00,0.0,116.10186940643824
2030-06-19 23:00:00,0.0,119.27435829298793
2030-06-20 00:00:00,0.0,116.50084188940671
2030-06-20 01:00:00,0.0,111.5755046655954
2030-06-20 02:00:00,0.0,107.5699963091115
2030-06-20 03:00:00,0.0,103.5364283494298
2030-06-20 04:00:00,0.0,101.17152991741636
2030-06-20 05:00:00,0.0,99.22314122037017
2030-06-20 06:00:00,0.0,97.62637442589617
2030-06-20 07:00:00,0.0,90.07834116569175
2030-06-20 08:00:00,0.0,80.24231250630417
2030-06-20 09:00:00,0.0,74.39536872209385
2030-06-20 10:00:00,0.0,74.23330914319479
2030-06-20 11:00:00,0.0,70.96093608840465
2030-06-20 12:00:00,0.0,72.38254940012244
2030-06-20 13:00:00,0.0,73.20651115638384
2030-06-20 14:00:00,0.0,72.0520428573659
2030-06-20 15:00:00,0.0,81.97348469295001
2030-06-20 16:00:00,0.0,88.00171074855916
2030-06-20 17:00:00,0.0,89.75944473497816
2030-06-20 18:00:00,0.0,92.33486655615354
2030-06-20 19:00:00,0.0,99.44958809261745
2030-06-20 20:00:00,0.0,112.37081904373268
2030-06-20 21:00:00,0.0,111.88503716337097
2030-06-20 22:00:00,0.0,118.2668431656674
2030-06-20 23:00:00,0.0,121.14032190564068
2030-06-21 00:00:00,0.0,118.29139531846543
2030-06-21 01:00:00,0.0,113.17753263566895
2030-06-21 02:00:00,0.0,108.72044004022077
2030-06-21 03:00:00,0.0,104.30017567396952
2030-06-21 04:00:00,0.0,101.84408353156334
2030-06-21 05:00:00,0.0,99.22314122037017
2030-06-21 06:00:00,0.0,97.62637442589617
2030-06-21 07:00:00,0.0,90.07834116569175
2030-06-21 08:00:00,0.0,81.55899088113267
2030-06-21 09:00:00,0.0,76.37677129657618
2030-06-21 10:00:00,0.0,73.7417313172539
2030-06-21 11:00:00,0.0,69.92186779977033
2030-06-21 12:00:00,0.0,70.81505126000138
2030-06-21 13:00:00,0.0,71.45227111799534
2030-06-21 14:00:00,0.0,71.413479127948
2030-06-21 15:00:00,0.0,80.32581903614039
2030-06-21 16:00:00,0.0,85.4134649775243
2030-06-21 17:00:00,0.0,85.40439526196745
2030-06-21 18:00:00,0.0,87.60230350556128
2030-06-21 19:00:00,0.0,95.25063922028185
2030-06-21 20:00:00,0.0,107.0440902756486
2030-06-21 21:00:00,0.0,111.0318498536384
2030-06-21 22:00:00,0.0,115.95543335224976
2030-06-21 23:00:00,0.0,118.99376226101003
2030-06-22 00:00:00,0.0,116.59378932499942
2030-06-22 01:00:00,0.0,111.27824824421884
2030-06-22 02:00:00,0.0,107.64803708050532
2030-06-22 03:00:00,0.0,103.5364283494298
2030-06-22 04:00:00,0.0,101.17152991741636
2030-06-22 05:00:00,0.0,99.22314122037017
2030-06-22 06:00:00,0.0,97.62637442589617
2030-06-22 07:00:00,0.0,90.07834116569175
2030-06-22 08:00:00,0.0,81.40848193537579
2030-06-22 09:00:00,0.0,78.20243495274222
2030-06-22 10:00:00,0.0,76.5659740370412
2030-06-22 11:00:00,0.0,74.64376948259064
2030-06-22 12:00:00,0.0,75.27378484815881
2030-06-22 13:00:00,0.0,75.97772564784475
2030-06-22 14:00:00,0.0,72.22764366413902
2030-06-22 15:00:00,0.0,80.9098460389414
2030-06-22 16:00:00,0.0,87.09779423666441
2030-06-22 17:00:00,0.0,89.44604851735926
2030-06-22 18:00:00,0.0,91.3602072786772
2030-06-22 19:00:00,0.0,98.88991501040287
2030-06-22 20:00:00,0.0,112.54826257866203
2030-06-22 21:00:00,0.0,114.42443125277065
2030-06-22 22:00:00,0.0,118.6561701600367
2030-06-22 23:00:00,0.0,121.76640180199126
2030-06-23 00:00:00,0.0,118.95693403181292
2030-06-23 01:00:00,0.0,113.87113095221434
2030-06-23 02:00:00,0.0,109.39036306656782
2030-06-23 03:00:00,0.0,105.02446418151236
2030-06-23 04:00:00,0.0,102.16413838053812
2030-06-23 05:00:00,0.0,99.22314122037017
2030-06-23 06:00:00,0.0,97.62637442589617
2030-06-23 07:00:00,0.0,90.07834116569175
2030-06-23 08:00:00,0.0,81.65473425338017
2030-06-23 09:00:00,0.0,77.49518663446473
2030-06-23 10:00:00,0.0,74.5027625356587
2030-06-23 11:00:00,0.0,70.64454558757063
2030-06-23 12:00:00,0.0,73.5605817566669
2030-06-23 13:00:00,0.0,74.7111468807982
2030-06-23 14:00:00,0.0,72.73431793537635
2030-06-23 15:00:00,0.0,82.97389708425976
2030-06-23 16:00:00,0.0,88.69128331981051
2030-06-23 17:00:00,0.0,90.52877683959582
2030-06-23 18:00:00,0.0,92.53841974028556
2030-06-23 19:00:00,0.0,100.30345221879325
2030-06-23 20:00:00,0.0,112.74141599164238
2030-06-23 21:00:00,0.0,113.90094428061197
2030-06-23 22:00:00,0.0,118.15285102767643
2030-06-23 23:00:00,0.0,121.14119876824054
2030-06-24 00:00:00,0.0,120.42041771109744
2030-06-24 01:00:00,0.0,116.978732006369
2030-06-24 02:00:00,0.0,112.90745895489032
2030-06-24 03:00:00,0.0,109.94980140532368
2030-06-24 04:00:00,0.0,108.0820840674711
2030-06-24 05:00:00,0.0,103.98888945099407
2030-06-24 06:00:00,0.0,102.16150779273833
2030-06-24 07:00:00,0.0,94.41881103534931
2030-06-24 08:00:00,0.0,86.89643425063262
2030-06-24 09:00:00,0.0,79.50625908546454
2030-06-24 10:00:00,0.0,77.6350974335893
2030-06-24 11:00:00,0.0,74.59451078560107
2030-06-24 12:00:00,0.0,74.83835466768869
2030-06-24 13:00:00,0.0,75.40078380437215
2030-06-24 14:00:00,0.0,75.20578194650034
2030-06-24 15:00:00,0.0,83.78767262820156
2030-06-24 16:00:00,0.0,87.17168030116761
2030-06-24 17:00:00,0.0,87.81083229049501
2030-06-24 18:00:00,0.0,93.29042803738798
2030-06-24 19:00:00,0.0,98.15847709525168
2030-06-24 20:00:00,0.0,110.48167627287533
2030-06-24 21:00:00,0.0,110.10325236031169
2030-06-24 22:00:00,0.0,113.7746760662219
2030-06-24 23:00:00,0.0,117.77141579670648
2030-06-25 00:00:00,0.0,117.14621276295588
2030-06-25 01:00:00,0.0,113.25908085746254
2030-06-25 02:00:00,0.0,111.04851024303696
2030-06-25 03:00:00,0.0,107.68661903490236
2030-06-25 04:00:00,0.0,105.35065706868659
2030-06-25 05:00:00,0.0,102.89807237668013
2030-06-25 06:00:00,0.0,100.0587912781042
2030-06-25 07:00:00,0.0,91.95745771734346
2030-06-25 08:00:00,0.0,84.80615145074114
2030-06-25 09:00:00,0.0,77.75672818947363
2030-06-25 10:00:00,0.0,70.6143747558358
2030-06-25 11:00:00,0.0,67.25749665663784
2030-06-25 12:00:00,0.0,66.73261939774305
2030-06-25 13:00:00,0.0,68.38559441120924
2030-06-25 14:00:00,0.0,68.19775176994222
2030-06-25 15:00:00,0.0,78.13406666437993
2030-06-25 16:00:00,0.0,83.30949100264672
2030-06-25 17:00:00,0.0,87.16654831519622
2030-06-25 18:00:00,0.0,86.62882067078317
2030-06-25 19:00:00,0.0,93.01885855460296
2030-06-25 20:00:00,0.0,104.58649190429388
2030-06-25 21:00:00,0.0,108.9484243162027
2030-06-25 22:00:00,0.0,114.3797112601742
2030-06-25 23:00:00,0.0,116.33336113281996
2030-06-26 00:00:00,0.0,118.31945492166324
2030-06-26 01:00:00,0.0,112.87238445089304
2030-06-26 02:00:00,0.0,109.37984071536869
2030-06-26 03:00:00,0.0,104.61321562214482
2030-06-26 04:00:00,0.0,102.24919405273135
2030-06-26 05:00:00,0.0,99.48532313774945
2030-06-26 06:00:00,0.0,98.00517906906633
2030-06-26 07:00:00,0.0,91.25509077479897
2030-06-26 08:00:00,0.0,82.47406232993706
2030-06-26 09:00:00,0.0,77.31197825228764
2030-06-26 10:00:00,0.0,72.85952175746273
2030-06-26 11:00:00,0.0,69.35250287081885
2030-06-26 12:00:00,0.0,70.87226385023928
2030-06-26 13:00:00,0.0,72.11865685842484
2030-06-26 14:00:00,0.0,71.0805610731818
2030-06-26 15:00:00,0.0,80.6380367125762
2030-06-26 16:00:00,0.0,86.61685252022174
2030-06-26 17:00:00,0.0,87.72326528714483
2030-06-26 18:00:00,0.0,90.11561686981656
2030-06-26 19:00:00,0.0,98.98835450979811
2030-06-26 20:00:00,0.0,112.36812501506994
2030-06-26 21:00:00,0.0,113.91322035701091
2030-06-26 22:00:00,0.0,118.6745842746352
2030-06-26 23:00:00,0.0,121.52964890000997
2030-06-27 00:00:00,0.0,118.1300526000782
2030-06-27 01:00:00,0.0,113.00391384088266
2030-06-27 02:00:00,0.0,109.14133408818748
2030-06-27 03:00:00,0.0,104.78420382913134
2030-06-27 04:00:00,0.0,102.343018350924
2030-06-27 05:00:00,0.0,99.85272856712048
2030-06-27 06:00:00,0.0,98.33750999444008
2030-06-27 07:00:00,0.0,90.71231282544178
2030-06-27 08:00:00,0.0,82.98752685271732
2030-06-27 09:00:00,0.0,78.3909036176733
2030-06-27 10:00:00,0.0,76.95554876466723
2030-06-27 11:00:00,0.0,73.76480476871893
2030-06-27 12:00:00,0.0,77.4090651715271
2030-06-27 13:00:00,0.0,76.65184176211697
2030-06-27 14:00:00,0.0,74.68483127923241
2030-06-27 15:00:00,0.0,84.28243356910137
2030-06-27 16:00:00,0.0,89.73658809826918
2030-06-27 17:00:00,0.0,90.818250071654
2030-06-27 18:00:00,0.0,94.00289254064978
2030-06-27 19:00:00,0.0,101.30252556256868
2030-06-27 20:00:00,0.0,112.87345785574824
2030-06-27 21:00:00,0.0,117.30404803094336
2030-06-27 22:00:00,0.0,122.30128798794908
2030-06-27 23:00:00,0.0,125.43607178270167
2030-06-28 00:00:00,0.0,122.34074680494597
2030-06-28 01:00:00,0.0,116.8954300593756
2030-06-28 02:00:00,0.0,112.63124723591216
2030-06-28 03:00:00,0.0,107.60156336270904
2030-06-28 04:00:00,0.0,105.06392299850926
2030-06-28 05:00:00,0.0,102.13783250254016
2030-06-28 06:00:00,0.0,100.82166174004408
2030-06-28 07:00:00,0.0,93.14385281504984
2030-06-28 08:00:00,0.0,84.86437821158118
2030-06-28 09:00:00,0.0,79.8475972830863
2030-06-28 10:00:00,0.0,77.29676244497364
2030-06-28 11:00:00,0.0,73.93444214401256
2030-06-28 12:00:00,0.0,75.50244682312325
2030-06-28 13:00:00,0.0,76.04865452873936
2030-06-28 14:00:00,0.0,74.5985563004647
2030-06-28 15:00:00,0.0,83.08723969641788
2030-06-28 16:00:00,0.0,88.60480080276591
2030-06-28 17:00:00,0.0,89.92454616984367
2030-06-28 18:00:00,0.0,91.71679917069049
2030-06-28 19:00:00,0.0,100.37345515421144
2030-06-28 20:00:00,0.0,113.52358571103764
2030-06-28 21:00:00,0.0,115.10750721811677
2030-06-28 22:00:00,0.0,118.94991913101352
2030-06-28 23:00:00,0.0,122.20395623935669
2030-06-29 00:00:00,0.0,119.63211823375968
2030-06-29 01:00:00,0.0,114.41653948937117
2030-06-29 02:00:00,0.0,109.94454022972413
2030-06-29 03:00:00,0.0,105.77593542965315
2030-06-29 04:00:00,0.0,103.22163467605468
2030-06-29 05:00:00,0.0,99.95356776611254
2030-06-29 06:00:00,0.0,98.50148330062711
2030-06-29 07:00:00,0.0,90.88505475762815
2030-06-29 08:00:00,0.0,82.37831895768953
2030-06-29 09:00:00,0.0,76.71319908072405
2030-06-29 10:00:00,0.0,75.44107627007075
2030-06-29 11:00:00,0.0,71.46530019551892
2030-06-29 12:00:00,0.0,72.43379206431484
2030-06-29 13:00:00,0.0,73.83221462380652
2030-06-29 14:00:00,0.0,71.3083204147016
2030-06-29 15:00:00,0.0,82.29492533684515
2030-06-29 16:00:00,0.0,88.45660357879171
2030-06-29 17:00:00,0.0,91.02241578605503
2030-06-29 18:00:00,0.0,91.76016329895299
2030-06-29 19:00:00,0.0,99.62496832311513
2030-06-29 20:00:00,0.0,110.8472285664278
2030-06-29 21:00:00,0.0,114.79446726994136
2030-06-29 22:00:00,0.0,119.40501082037758
2030-06-29 23:00:00,0.0,122.34337739274577
2030-06-30 00:00:00,0.0,119.40150336997785
2030-06-30 01:00:00,0.0,114.26308853438331
2030-06-30 02:00:00,0.0,110.45750485068368
2030-06-30 03:00:00,0.0,105.34276530528724
2030-06-30 04:00:00,0.0,102.80249435328768
2030-06-30 05:00:00,0.0,99.70716937553196
2030-06-30 06:00:00,0.0,98.32523391804102
2030-06-30 07:00:00,0.0,90.89645397142726
2030-06-30 08:00:00,0.0,82.72906399766191
2030-06-30 09:00:00,0.0,78.34737751149453
2030-06-30 10:00:00,0.0,74.95922353521757
2030-06-30 11:00:00,0.0,71.57647519294846
2030-06-30 12:00:00,0.0,73.2359385603171
2030-06-30 13:00:00,0.0,74.12149209210634
2030-06-30 14:00:00,0.0,72.70896835160988
2030-06-30 15:00:00,0.0,82.73686517916701
2030-06-30 16:00:00,0.0,88.54276621365102
2030-06-30 17:00:00,0.0,90.09422346521728
2030-06-30 18:00:00,0.0,91.77309121806127
2030-06-30 19:00:00,0.0,100.55794627418572
2030-06-30 20:00:00,0.0,112.7734836022347
2030-06-30 21:00:00,0.0,115.82653455005992
2030-06-30 22:00:00,0.0,119.24980614018976
2030-06-30 23:00:00,0.0,122.18817271255796
2030-07-01 00:00:00,0.0,121.6076896714038
2030-07-01 01:00:00,0.0,120.19944833591488
2030-07-01 02:00:00,0.0,112.45324412812612
2030-07-01 03:00:00,0.0,111.53429212339869
2030-07-01 04:00:00,0.0,110.12166647491016
2030-07-01 05:00:00,0.0,108.04788642607376
2030-07-01 06:00:00,0.0,107.79184254689405
2030-07-01 07:00:00,0.0,98.95043695179174
2030-07-01 08:00:00,0.0,91.67849289666653
2030-07-01 09:00:00,0.0,83.59468865833549
2030-07-01 10:00:00,0.0,81.81659365116161
2030-07-01 11:00:00,0.0,77.89937319296051
2030-07-01 12:00:00,0.0,77.21859113504331
2030-07-01 13:00:00,0.0,79.19647423729577
2030-07-01 14:00:00,0.0,69.83097977479338
2030-07-01 15:00:00,0.0,80.52413684443786
2030-07-01 16:00:00,0.0,89.4408400897547
2030-07-01 17:00:00,0.0,92.32696436581192
2030-07-01 18:00:00,0.0,92.8750787164563
2030-07-01 19:00:00,0.0,97.70937351625514
2030-07-01 20:00:00,0.0,114.4008927008292
2030-07-01 21:00:00,0.0,115.18730171471042
2030-07-01 22:00:00,0.0,120.64577139927972
2030-07-01 23:00:00,0.0,126.9346299659834
2030-07-02 00:00:00,0.0,122.23201584255456
2030-07-02 01:00:00,0.0,121.2604520818312
2030-07-02 02:00:00,0.0,115.77304593146424
2030-07-02 03:00:00,0.0,114.84883275113712
2030-07-02 04:00:00,0.0,110.45312053768396
2030-07-02 05:00:00,0.0,109.92174180212588
2030-07-02 06:00:00,0.0,108.46351929844104
2030-07-02 07:00:00,0.0,103.01820255287066
2030-07-02 08:00:00,0.0,93.97289620195238
2030-07-02 09:00:00,0.0,84.07499573811708
2030-07-02 10:00:00,0.0,71.67896892557906
2030-07-02 11:00:00,0.0,66.01203692483182
2030-07-02 12:00:00,0.0,69.81369433036457
2030-07-02 13:00:00,0.0,67.66212182277673
2030-07-02 14:00:00,0.0,68.87869341244482
2030-07-02 15:00:00,0.0,76.83247314082644
2030-07-02 16:00:00,0.0,81.16212407051692
2030-07-02 17:00:00,0.0,82.53210195729774
2030-07-02 18:00:00,0.0,86.02479671327694
2030-07-02 19:00:00,0.0,94.50022560461912
2030-07-02 20:00:00,0.0,106.8850087618307
2030-07-02 21:00:00,0.0,111.77192188797994
2030-07-02 22:00:00,0.0,118.30016394446476
2030-07-02 23:00:00,0.0,118.5053497928486
2030-07-03 00:00:00,0.0,130.5858858320953
2030-07-03 01:00:00,0.0,125.557955684092
2030-07-03 02:00:00,0.0,121.15785915763922
2030-07-03 03:00:00,0.0,118.59742036584134
2030-07-03 04:00:00,0.0,115.90983649705343
2030-07-03 05:00:00,0.0,114.2771183359822
2030-07-03 06:00:00,0.0,111.68335876538696
2030-07-03 07:00:00,0.0,104.03273258099068
2030-07-03 08:00:00,0.0,93.79519680508609
2030-07-03 09:00:00,0.0,90.74474302918671
2030-07-03 10:00:00,0.0,84.7599684430944
2030-07-03 11:00:00,0.0,80.4783041069578
2030-07-03 12:00:00,0.0,83.08056564470508
2030-07-03 13:00:00,0.0,86.06139004610635
2030-07-03 14:00:00,0.0,86.9528989571495
2030-07-03 15:00:00,0.0,92.72805228459345
2030-07-03 16:00:00,0.0,96.43682095760141
2030-07-03 17:00:00,0.0,96.73501862282056
2030-07-03 18:00:00,0.0,99.9210494881528
2030-07-03 19:00:00,0.0,102.77088189090637
2030-07-03 20:00:00,0.0,118.60411184265956
2030-07-03 21:00:00,0.0,121.08858701224472
2030-07-03 22:00:00,0.0,124.1795276770008
2030-07-03 23:00:00,0.0,132.38959220015295
2030-07-04 00:00:00,0.0,132.02394049598183
2030-07-04 01:00:00,0.0,126.9854879967794
2030-07-04 02:00:00,0.0,123.23777724467516
2030-07-04 03:00:00,0.0,120.54054788728796
2030-07-04 04:00:00,0.0,117.77141579670648
2030-07-04 05:00:00,0.0,116.23164507122804
2030-07-04 06:00:00,0.0,114.07894738839786
2030-07-04 07:00:00,0.0,106.32485141720974
2030-07-04 08:00:00,0.0,96.41493155596936
2030-07-04 09:00:00,0.0,90.92080133894126
2030-07-04 10:00:00,0.0,87.13142402561425
2030-07-04 11:00:00,0.0,83.7650456085737
2030-07-04 12:00:00,0.0,86.35206966108933
2030-07-04 13:00:00,0.0,87.8540428823153
2030-07-04 14:00:00,0.0,85.36520333118334
2030-07-04 15:00:00,0.0,95.47696462238659
2030-07-04 16:00:00,0.0,96.9514292767286
2030-07-04 17:00:00,0.0,97.3858681522056
2030-07-04 18:00:00,0.0,100.19447390208732
2030-07-04 19:00:00,0.0,103.0601274630976
2030-07-04 20:00:00,0.0,117.97906495640721
2030-07-04 21:00:00,0.0,120.0766875719246
2030-07-04 22:00:00,0.0,124.75474954255536
2030-07-04 23:00:00,0.0,131.86785895319417
2030-07-05 00:00:00,0.0,131.21898062924535
2030-07-05 01:00:00,0.0,125.90431641106476
2030-07-05 02:00:00,0.0,121.72869671019419
2030-07-05 03:00:00,0.0,118.5421780220456
2030-07-05 04:00:00,0.0,115.34689070789784
2030-07-05 05:00:00,0.0,113.83079527261748
2030-07-05 06:00:00,0.0,112.13845045475102
2030-07-05 07:00:00,0.0,104.4676564305563
2030-07-05 08:00:00,0.0,94.76276092410046
2030-07-05 09:00:00,0.0,88.84593394543185
2030-07-05 10:00:00,0.0,84.52042497881337
2030-07-05 11:00:00,0.0,79.24976284829496
2030-07-05 12:00:00,0.0,80.27981692302647
2030-07-05 13:00:00,0.0,80.57431633991416
2030-07-05 14:00:00,0.0,79.92432364660772
2030-07-05 15:00:00,0.0,89.20153167275225
2030-07-05 16:00:00,0.0,94.76185514508425
2030-07-05 17:00:00,0.0,95.59735592118636
2030-07-05 18:00:00,0.0,100.22004673933372
2030-07-05 19:00:00,0.0,104.25235303282805
2030-07-05 20:00:00,0.0,117.78222660865936
2030-07-05 21:00:00,0.0,119.86536368534132
2030-07-05 22:00:00,0.0,123.5078509254538
2030-07-05 23:00:00,0.0,130.66480346608907
2030-07-06 00:00:00,0.0,129.97822005034323
2030-07-06 01:00:00,0.0,124.64163426716436
2030-07-06 02:00:00,0.0,120.46952201669365
2030-07-06 03:00:00,0.0,117.3031711683434
2030-07-06 04:00:00,0.0,114.17452541179034
2030-07-06 05:00:00,0.0,112.17878613434776
2030-07-06 06:00:00,0.0,109.98487590932096
2030-07-06 07:00:00,0.0,102.26059326653046
2030-07-06 08:00:00,0.0,93.25737246515303
2030-07-06 09:00:00,0.0,88.2864597698831
2030-07-06 10:00:00,0.0,82.10400073006053
2030-07-06 11:00:00,0.0,76.98655953989248
2030-07-06 12:00:00,0.0,78.31013103258385
2030-07-06 13:00:00,0.0,80.31394449536593
2030-07-06 14:00:00,0.0,77.22973986126067
2030-07-06 15:00:00,0.0,85.49721738180176
2030-07-06 16:00:00,0.0,90.40861415899089
2030-07-06 17:00:00,0.0,90.9532814233396
2030-07-06 18:00:00,0.0,94.78095381622359
2030-07-06 19:00:00,0.0,99.13672891432019
2030-07-06 20:00:00,0.0,114.79131943166988
2030-07-06 21:00:00,0.0,118.25018277626872
2030-07-06 22:00:00,0.0,122.4258024771392
2030-07-06 23:00:00,0.0,129.97383573734362
2030-07-07 00:00:00,0.0,130.0273243559394
2030-07-07 01:00:00,0.0,124.75036522955575
2030-07-07 02:00:00,0.0,120.83692744606456
2030-07-07 03:00:00,0.0,117.93977341589321
2030-07-07 04:00:00,0.0,114.77342256754308
2030-07-07 05:00:00,0.0,112.5838966555159
2030-07-07 06:00:00,0.0,110.199707246304
2030-07-07 07:00:00,0.0,102.57801752770546
2030-07-07 08:00:00,0.0,94.85798511824831
2030-07-07 09:00:00,0.0,89.55732213793658
2030-07-07 10:00:00,0.0,83.81495129546259
2030-07-07 11:00:00,0.0,79.37228360815413
2030-07-07 12:00:00,0.0,80.3142792763632
2030-07-07 13:00:00,0.0,82.25858201558844
2030-07-07 14:00:00,0.0,80.94152676540942
2030-07-07 15:00:00,0.0,89.12250341372669
2030-07-07 16:00:00,0.0,94.89382984603424
2030-07-07 17:00:00,0.0,95.52199047192198
2030-07-07 18:00:00,0.0,100.28269948038415
2030-07-07 19:00:00,0.0,103.52331481727369
2030-07-07 20:00:00,0.0,118.22619983446656
2030-07-07 21:00:00,0.0,120.56860749048576
2030-07-07 22:00:00,0.0,124.11814729500564
2030-07-07 23:00:00,0.0,131.46011784422626
2030-07-08 00:00:00,0.0,121.617335160003
2030-07-08 01:00:00,0.0,119.94866563233472
2030-07-08 02:00:00,0.0,112.20509201234574
2030-07-08 03:00:00,0.0,111.21072982402416
2030-07-08 04:00:00,0.0,109.45963521196244
2030-07-08 05:00:00,0.0,107.00792738255586
2030-07-08 06:00:00,0.0,106.69137998398082
2030-07-08 07:00:00,0.0,97.65881834209358
2030-07-08 08:00:00,0.0,91.46941492659232
2030-07-08 09:00:00,0.0,83.23485682905516
2030-07-08 10:00:00,0.0,81.56902012823093
2030-07-08 11:00:00,0.0,78.9902007507251
2030-07-08 12:00:00,0.0,75.58501250102928
2030-07-08 13:00:00,0.0,77.6524935306379
2030-07-08 14:00:00,0.0,67.70759556607436
2030-07-08 15:00:00,0.0,78.99921302669395
2030-07-08 16:00:00,0.0,88.20485708885985
2030-07-08 17:00:00,0.0,90.539951992498
2030-07-08 18:00:00,0.0,91.93547251103904
2030-07-08 19:00:00,0.0,97.35477105189432
2030-07-08 20:00:00,0.0,114.23016197958748
2030-07-08 21:00:00,0.0,115.74147887786673
2030-07-08 22:00:00,0.0,120.10737776292216
2030-07-08 23:00:00,0.0,125.82627563967092
2030-07-09 00:00:00,0.0,120.66856982687784
2030-07-09 01:00:00,0.0,119.22437712479189
2030-07-09 02:00:00,0.0,113.35641260605485
2030-07-09 03:00:00,0.0,112.4699045175248
2030-07-09 04:00:00,0.0,107.91723389868412
2030-07-09 05:00:00,0.0,107.34201203312954
2030-07-09 06:00:00,0.0,105.66457387946184
2030-07-09 07:00:00,0.0,99.77994897132623
2030-07-09 08:00:00,0.0,91.4657498378491
2030-07-09 09:00:00,0.0,81.17583158895776
2030-07-09 10:00:00,0.0,69.45621910046543
2030-07-09 11:00:00,0.0,64.02375531424137
2030-07-09 12:00:00,0.0,67.96813715622466
2030-07-09 13:00:00,0.0,65.6516747878012
2030-07-09 14:00:00,0.0,66.79665707876268
2030-07-09 15:00:00,0.0,75.26877713152521
2030-07-09 16:00:00,0.0,81.53513579733249
2030-07-09 17:00:00,0.0,83.46168352942321
2030-07-09 18:00:00,0.0,85.50239305003845
2030-07-09 19:00:00,0.0,93.6661407916954
2030-07-09 20:00:00,0.0,106.48048493327236
2030-07-09 21:00:00,0.0,109.72094026674176
2030-07-09 22:00:00,0.0,116.91998221217364
2030-07-09 23:00:00,0.0,117.14358217515608
2030-07-10 00:00:00,0.0,129.4599942537841
2030-07-10 01:00:00,0.0,124.31105706699041
2030-07-10 02:00:00,0.0,120.10737776292216
2030-07-10 03:00:00,0.0,116.87876966997692
2030-07-10 04:00:00,0.0,113.60894903483496
2030-07-10 05:00:00,0.0,112.17878613434776
2030-07-10 06:00:00,0.0,109.98487590932096
2030-07-10 07:00:00,0.0,102.26059326653046
2030-07-10 08:00:00,0.0,93.3532850415113
2030-07-10 09:00:00,0.0,87.97438868823475
2030-07-10 10:00:00,0.0,84.55117374888994
2030-07-10 11:00:00,0.0,79.72278487416814
2030-07-10 12:00:00,0.0,80.68330541497028
2030-07-10 13:00:00,0.0,81.99050424805421
2030-07-10 14:00:00,0.0,81.31965704197557
2030-07-10 15:00:00,0.0,90.3132342348473
2030-07-10 16:00:00,0.0,95.90950780132266
2030-07-10 17:00:00,0.0,96.58793069700275
2030-07-10 18:00:00,0.0,99.56597440294126
2030-07-10 19:00:00,0.0,103.38848187829694
2030-07-10 20:00:00,0.0,115.24349978299198
2030-07-10 21:00:00,0.0,119.00954578780886
2030-07-10 22:00:00,0.0,122.1408221321617
2030-07-10 23:00:00,0.0,129.41527426118773
2030-07-11 00:00:00,0.0,129.2399017412015
2030-07-11 01:00:00,0.0,123.92085321002128
2030-07-11 02:00:00,0.0,119.61896529476076
2030-07-11 03:00:00,0.0,116.74987086778708
2030-07-11 04:00:00,0.0,113.99827602920423
2030-07-11 05:00:00,0.0,112.17878613434776
2030-07-11 06:00:00,0.0,109.98487590932096
2030-07-11 07:00:00,0.0,102.26059326653046
2030-07-11 08:00:00,0.0,94.19749211332056
2030-07-11 09:00:00,0.0,89.28901660649262
2030-07-11 10:00:00,0.0,83.59874193124506
2030-07-11 11:00:00,0.0,78.04791168352381
2030-07-11 12:00:00,0.0,79.0931429551715
2030-07-11 13:00:00,0.0,80.23057642963907
2030-07-11 14:00:00,0.0,80.070197763529
2030-07-11 15:00:00,0.0,88.17150793646965
2030-07-11 16:00:00,0.0,93.67389753371663
2030-07-11 17:00:00,0.0,95.9223535165263
2030-07-11 18:00:00,0.0,100.27685362523128
2030-07-11 19:00:00,0.0,103.91826452699864
2030-07-11 20:00:00,0.0,118.34776837374147
2030-07-11 21:00:00,0.0,118.03272085148592
2030-07-11 22:00:00,0.0,122.93262905989921
2030-07-11 23:00:00,0.0,130.28775254811876
2030-07-12 00:00:00,0.0,129.02156295381872
2030-07-12 01:00:00,0.0,123.73057402583628
2030-07-12 02:00:00,0.0,120.54142474988792
2030-07-12 03:00:00,0.0,117.4653907493306
2030-07-12 04:00:00,0.0,114.44898340556868
2030-07-12 05:00:00,0.0,112.6557993887102
2030-07-12 06:00:00,0.0,110.56097463747552
2030-07-12 07:00:00,0.0,102.6604426120989
2030-07-12 08:00:00,0.0,95.05261006287536
2030-07-12 09:00:00,0.0,90.18854036391373
2030-07-12 10:00:00,0.0,84.84208836361722
2030-07-12 11:00:00,0.0,79.75666575767332
2030-07-12 12:00:00,0.0,81.23640953426559
2030-07-12 13:00:00,0.0,82.38111640180568
2030-07-12 14:00:00,0.0,84.75787142794286
2030-07-12 15:00:00,0.0,91.9342912431191
2030-07-12 16:00:00,0.0,96.3939552492884
2030-07-12 17:00:00,0.0,97.70957623895049
2030-07-12 18:00:00,0.0,101.36263857958932
2030-07-12 19:00:00,0.0,106.16687821430014
2030-07-12 20:00:00,0.0,117.34932395953194
2030-07-12 21:00:00,0.0,119.34275357578245
2030-07-12 22:00:00,0.0,125.5930301880893
2030-07-12 23:00:00,0.0,132.56058040713947
2030-07-13 00:00:00,0.0,132.6710650947307
2030-07-13 01:00:00,0.0,127.61069103053012
2030-07-13 02:00:00,0.0,122.35653033174468
2030-07-13 03:00:00,0.0,119.58476765336341
2030-07-13 04:00:00,0.0,116.53679325600388
2030-07-13 05:00:00,0.0,114.13068228179384
2030-07-13 06:00:00,0.0,111.68511249058677
2030-07-13 07:00:00,0.0,103.72670753361479
2030-07-13 08:00:00,0.0,95.52384296353853
2030-07-13 09:00:00,0.0,92.75881931611251
2030-07-13 10:00:00,0.0,90.58392402758297
2030-07-13 11:00:00,0.0,84.68765709965783
2030-07-13 12:00:00,0.0,84.77035930640318
2030-07-13 13:00:00,0.0,83.08167507582425
2030-07-13 14:00:00,0.0,81.88902873208463
2030-07-13 15:00:00,0.0,90.24424350450909
2030-07-13 16:00:00,0.0,95.33521156845053
2030-07-13 17:00:00,0.0,95.4153703970196
2030-07-13 18:00:00,0.0,99.00334323529864
2030-07-13 19:00:00,0.0,102.30957548537026
2030-07-13 20:00:00,0.0,115.99500564300604
2030-07-13 21:00:00,0.0,118.96044148221269
2030-07-13 22:00:00,0.0,123.51486582625328
2030-07-13 23:00:00,0.0,130.91207871926952
2030-07-14 00:00:00,0.0,131.17513749924876
2030-07-14 01:00:00,0.0,125.96394306785999
2030-07-14 02:00:00,0.0,122.24341505635356
2030-07-14 03:00:00,0.0,119.4926970803707
2030-07-14 04:00:00,0.0,116.24479801022699
2030-07-14 05:00:00,0.0,114.42706184057045
2030-07-14 06:00:00,0.0,112.31469983733712
2030-07-14 07:00:00,0.0,104.57287994254808
2030-07-14 08:00:00,0.0,96.0904731177161
2030-07-14 09:00:00,0.0,91.93256115438291
2030-07-14 10:00:00,0.0,85.17082269303182
2030-07-14 11:00:00,0.0,79.15026725480129
2030-07-14 12:00:00,0.0,82.23974909316892
2030-07-14 13:00:00,0.0,79.66547797210104
2030-07-14 14:00:00,0.0,75.36855741594536
2030-07-14 15:00:00,0.0,83.55724400372151
2030-07-14 16:00:00,0.0,88.758394582714
2030-07-14 17:00:00,0.0,89.84599410171882
2030-07-14 18:00:00,0.0,94.52719834679488
2030-07-14 19:00:00,0.0,99.0653723460158
2030-07-14 20:00:00,0.0,114.99618991793818
2030-07-14 21:00:00,0.0,116.64640108099525
2030-07-14 22:00:00,0.0,121.9110841309798
2030-07-14 23:00:00,0.0,129.12941705361027
2030-07-15 00:00:00,0.0,119.48392845437138
2030-07-15 01:00:00,0.0,117.7293263919098
2030-07-15 02:00:00,0.0,109.7639065341384
2030-07-15 03:00:00,0.0,108.7467459182186
2030-07-15 04:00:00,0.0,107.14647167334488
2030-07-15 05:00:00,0.0,105.82854718564896
2030-07-15 06:00:00,0.0,105.6400217266638
2030-07-15 07:00:00,0.0,96.8196608339598
2030-07-15 08:00:00,0.0,88.46476833638553
2030-07-15 09:00:00,0.0,81.02110319473921
2030-07-15 10:00:00,0.0,79.53093141533918
2030-07-15 11:00:00,0.0,75.9483155739482
2030-07-15 12:00:00,0.0,74.24134779489533
2030-07-15 13:00:00,0.0,76.1565856482175
2030-07-15 14:00:00,0.0,66.10269923551766
2030-07-15 15:00:00,0.0,76.80095568334262
2030-07-15 16:00:00,0.0,86.50974980672095
2030-07-15 17:00:00,0.0,93.04617588610633
2030-07-15 18:00:00,0.0,93.99700382162086
2030-07-15 19:00:00,0.0,99.8541331726168
2030-07-15 20:00:00,0.0,115.3298495878928
2030-07-15 21:00:00,0.0,117.00854533476672
2030-07-15 22:00:00,0.0,121.52351086181044
2030-07-15 23:00:00,0.0,127.27836010515624
2030-07-16 00:00:00,0.0,122.70552164651713
2030-07-16 01:00:00,0.0,121.39548892222047
2030-07-16 02:00:00,0.0,115.64063967887466
2030-07-16 03:00:00,0.0,113.72644862322568
2030-07-16 04:00:00,0.0,109.39913169256717
2030-07-16 05:00:00,0.0,108.49070203903887
2030-07-16 06:00:00,0.0,106.0451322478318
2030-07-16 07:00:00,0.0,101.09261228342268
2030-07-16 08:00:00,0.0,91.87248677534842
2030-07-16 09:00:00,0.0,85.20429718943454
2030-07-16 10:00:00,0.0,70.42964428757045
2030-07-16 11:00:00,0.0,67.66242563973708
2030-07-16 12:00:00,0.0,69.73953250139198
2030-07-16 13:00:00,0.0,68.12904231272341
2030-07-16 14:00:00,0.0,71.8078337614296
2030-07-16 15:00:00,0.0,80.65442764326633
2030-07-16 16:00:00,0.0,83.8399680072456
2030-07-16 17:00:00,0.0,83.07044576053624
2030-07-16 18:00:00,0.0,85.53432262166609
2030-07-16 19:00:00,0.0,93.27464070353379
2030-07-16 20:00:00,0.0,105.95835632282092
2030-07-16 21:00:00,0.0,112.31119238693736
2030-07-16 22:00:00,0.0,120.4283094744968
2030-07-16 23:00:00,0.0,120.79045372826828
2030-07-17 00:00:00,0.0,133.06828385249946
2030-07-17 01:00:00,0.0,127.86498118451004
2030-07-17 02:00:00,0.0,123.91296144662192
2030-07-17 03:00:00,0.0,120.24767577891112
2030-07-17 04:00:00,0.0,117.24442137414805
2030-07-17 05:00:00,0.0,114.92862724773077
2030-07-17 06:00:00,0.0,112.87589190129277
2030-07-17 07:00:00,0.0,105.11302730410534
2030-07-17 08:00:00,0.0,96.31336542220937
2030-07-17 09:00:00,0.0,90.76551486271136
2030-07-17 10:00:00,0.0,88.68207939229058
2030-07-17 11:00:00,0.0,82.94732530796318
2030-07-17 12:00:00,0.0,83.87724389186745
2030-07-17 13:00:00,0.0,82.8098148905317
2030-07-17 14:00:00,0.0,81.7781741673059
2030-07-17 15:00:00,0.0,89.49676702665327
2030-07-17 16:00:00,0.0,94.77121567683139
2030-07-17 17:00:00,0.0,96.35602144422796
2030-07-17 18:00:00,0.0,101.66090995970478
2030-07-17 19:00:00,0.0,105.34788126259592
2030-07-17 20:00:00,0.0,118.36699069693884
2030-07-17 21:00:00,0.0,121.3156944256268
2030-07-17 22:00:00,0.0,125.75700349427632
2030-07-17 23:00:00,0.0,133.1480783490931
2030-07-18 00:00:00,0.0,132.74296782792507
2030-07-18 01:00:00,0.0,127.50634438113832
2030-07-18 02:00:00,0.0,123.18691921387916
2030-07-18 03:00:00,0.0,120.08896364832366
2030-07-18 04:00:00,0.0,117.0506347395634
2030-07-18 05:00:00,0.0,114.92511979733113
2030-07-18 06:00:00,0.0,112.68473585450793
2030-07-18 07:00:00,0.0,105.05690809770977
2030-07-18 08:00:00,0.0,96.38528357642669
2030-07-18 09:00:00,0.0,91.37226850517618
2030-07-18 10:00:00,0.0,87.08198212818752
2030-07-18 11:00:00,0.0,82.73408789253722
2030-07-18 12:00:00,0.0,82.96496648034417
2030-07-18 13:00:00,0.0,84.11569090452133
2030-07-18 14:00:00,0.0,82.54706200538556
2030-07-18 15:00:00,0.0,90.45007811884305
2030-07-18 16:00:00,0.0,95.15917212644625
2030-07-18 17:00:00,0.0,94.82605883079884
2030-07-18 18:00:00,0.0,98.43410636545833
2030-07-18 19:00:00,0.0,102.591940663571
2030-07-18 20:00:00,0.0,116.7142129566904
2030-07-18 21:00:00,0.0,119.47954414137166
2030-07-18 22:00:00,0.0,123.99977084401507
2030-07-18 23:00:00,0.0,131.17689122444867
2030-07-19 00:00:00,0.0,131.274222973041
2030-07-19 01:00:00,0.0,126.17877440484313
2030-07-19 02:00:00,0.0,122.89930828110187
2030-07-19 03:00:00,0.0,120.08107188492431
2030-07-19 04:00:00,0.0,117.17251864095374
2030-07-19 05:00:00,0.0,114.86987745353542
2030-07-19 06:00:00,0.0,113.18016322346875
2030-07-19 07:00:00,0.0,105.7838271930525
2030-07-19 08:00:00,0.0,97.06499045343776
2030-07-19 09:00:00,0.0,91.88624893018584
2030-07-19 10:00:00,0.0,84.90075772929299
2030-07-19 11:00:00,0.0,79.29741110044165
2030-07-19 12:00:00,0.0,78.81210700586848
2030-07-19 13:00:00,0.0,78.83784987325667
2030-07-19 14:00:00,0.0,77.36829146367289
2030-07-19 15:00:00,0.0,85.89082787313542
2030-07-19 16:00:00,0.0,91.1688960895901
2030-07-19 17:00:00,0.0,92.425144233443
2030-07-19 18:00:00,0.0,96.22677822356752
2030-07-19 19:00:00,0.0,100.49762737992432
2030-07-19 20:00:00,0.0,115.80610558765225
2030-07-19 21:00:00,0.0,119.08320224620296
2030-07-19 22:00:00,0.0,124.48818331217647
2030-07-19 23:00:00,0.0,131.9941271675841
2030-07-20 00:00:00,0.0,131.93888482378847
2030-07-20 01:00:00,0.0,126.86535782058888
2030-07-20 02:00:00,0.0,123.3710603598646
2030-07-20 03:00:00,0.0,120.0416130679273
2030-07-20 04:00:00,0.0,116.90770613577467
2030-07-20 05:00:00,0.0,114.21310736618727
2030-07-20 06:00:00,0.0,112.1226669279522
2030-07-20 07:00:00,0.0,104.3378807657666
2030-07-20 08:00:00,0.0,95.59118832436673
2030-07-20 09:00:00,0.0,90.29125640000429
2030-07-20 10:00:00,0.0,84.95627241011094
2030-07-20 11:00:00,0.0,80.74936554129386
2030-07-20 12:00:00,0.0,82.17783371316261
2030-07-20 13:00:00,0.0,83.40528400890206
2030-07-20 14:00:00,0.0,83.38522461022195
2030-07-20 15:00:00,0.0,90.14405668971757
2030-07-20 16:00:00,0.0,94.80736925488473
2030-07-20 17:00:00,0.0,96.3807073728724
2030-07-20 18:00:00,0.0,97.379778466586
2030-07-20 19:00:00,0.0,101.4093066088592
2030-07-20 20:00:00,0.0,116.89666018147464
2030-07-20 21:00:00,0.0,121.40338068561992
2030-07-20 22:00:00,0.0,123.37018349726473
2030-07-20 23:00:00,0.0,131.23564101864403
2030-07-21 00:00:00,0.0,130.57974779389576
2030-07-21 01:00:00,0.0,125.42818001930232
2030-07-21 02:00:00,0.0,121.12278465364204
2030-07-21 03:00:00,0.0,118.29753335666499
2030-07-21 04:00:00,0.0,115.2039621041091
2030-07-21 05:00:00,0.0,113.43357651484882
2030-07-21 06:00:00,0.0,111.492202718602
2030-07-21 07:00:00,0.0,103.47329424223481
2030-07-21 08:00:00,0.0,95.43594894687713
2030-07-21 09:00:00,0.0,90.56322861574527
2030-07-21 10:00:00,0.0,84.69240915346586
2030-07-21 11:00:00,0.0,81.22838805071875
2030-07-21 12:00:00,0.0,84.04326104637641
2030-07-21 13:00:00,0.0,84.71913891946006
2030-07-21 14:00:00,0.0,85.03421169101534
2030-07-21 15:00:00,0.0,92.14666303927844
2030-07-21 16:00:00,0.0,95.81979355214547
2030-07-21 17:00:00,0.0,91.69293407047462
2030-07-21 18:00:00,0.0,95.37423362200173
2030-07-21 19:00:00,0.0,97.62532535821491
2030-07-21 20:00:00,0.0,113.33608055689253
2030-07-21 21:00:00,0.0,116.65867715739432
2030-07-21 22:00:00,0.0,122.41001895034049
2030-07-21 23:00:00,0.0,129.99838789014163
2030-07-22 00:00:00,0.0,120.28625773330803
2030-07-22 01:00:00,0.0,118.60794271704049
2030-07-22 02:00:00,0.0,111.08007729663449
2030-07-22 03:00:00,0.0,110.15235666590775
2030-07-22 04:00:00,0.0,108.35917264904924
2030-07-22 05:00:00,0.0,105.82854718564896
2030-07-22 06:00:00,0.0,105.6680813298616
2030-07-22 07:00:00,0.0,96.94329846055007
2030-07-22 08:00:00,0.0,89.51726475940882
2030-07-22 09:00:00,0.0,83.3140590023985
2030-07-22 10:00:00,0.0,82.33659122494578
2030-07-22 11:00:00,0.0,81.44270150133616
2030-07-22 12:00:00,0.0,81.0731252854091
2030-07-22 13:00:00,0.0,79.74250272171935
2030-07-22 14:00:00,0.0,69.40395597919019
2030-07-22 15:00:00,0.0,80.76414818213425
2030-07-22 16:00:00,0.0,88.99259125865785
2030-07-22 17:00:00,0.0,89.66557428806516
2030-07-22 18:00:00,0.0,90.73635521922232
2030-07-22 19:00:00,0.0,94.2068724435577
2030-07-22 20:00:00,0.0,111.10523883679411
2030-07-22 21:00:00,0.0,114.07894738839786
2030-07-22 22:00:00,0.0,119.43920846177492
2030-07-22 23:00:00,0.0,125.48429922569788
2030-07-23 00:00:00,0.0,115.81872090486377
2030-07-23 01:00:00,0.0,120.22663107651272
2030-07-23 02:00:00,0.0,114.94353391192963
2030-07-23 03:00:00,0.0,114.54982260456075
2030-07-23 04:00:00,0.0,110.60218717967221
2030-07-23 05:00:00,0.0,109.7367237935406
2030-07-23 06:00:00,0.0,107.7366002030984
2030-07-23 07:00:00,0.0,102.0746983953452
2030-07-23 08:00:00,0.0,93.26836387612695
2030-07-23 09:00:00,0.0,82.79300018819197
2030-07-23 10:00:00,0.0,68.4651854823993
2030-07-23 11:00:00,0.0,63.53581598914184
2030-07-23 12:00:00,0.0,66.88655794818192
2030-07-23 13:00:00,0.0,63.34632086518684
2030-07-23 14:00:00,0.0,63.688335831717495
2030-07-23 15:00:00,0.0,71.49474546964836
2030-07-23 16:00:00,0.0,75.66687579075847
2030-07-23 17:00:00,0.0,78.44012107326273
2030-07-23 18:00:00,0.0,80.71075296390813
2030-07-23 19:00:00,0.0,89.36131857771532
2030-07-23 20:00:00,0.0,102.420220726847
2030-07-23 21:00:00,0.0,108.48368713823947
2030-07-23 22:00:00,0.0,116.21936899482898
2030-07-23 23:00:00,0.0,116.52714776740468
2030-07-24 00:00:00,0.0,129.24603977940103
2030-07-24 01:00:00,0.0,123.94277477501952
2030-07-24 02:00:00,0.0,119.60055118016214
2030-07-24 03:00:00,0.0,116.45612189681025
2030-07-24 04:00:00,0.0,113.42042357584978
2030-07-24 05:00:00,0.0,112.17878613434776
2030-07-24 06:00:00,0.0,109.98487590932096
2030-07-24 07:00:00,0.0,102.26059326653046
2030-07-24 08:00:00,0.0,94.18645829453328
2030-07-24 09:00:00,0.0,88.68386757778681
2030-07-24 10:00:00,0.0,82.84241840228663
2030-07-24 11:00:00,0.0,77.83274561307792
2030-07-24 12:00:00,0.0,78.94510152734142
2030-07-24 13:00:00,0.0,80.24340485270011
2030-07-24 14:00:00,0.0,77.72435893619422
2030-07-24 15:00:00,0.0,86.15601366433498
2030-07-24 16:00:00,0.0,93.11921088777456
2030-07-24 17:00:00,0.0,96.0905193036648
2030-07-24 18:00:00,0.0,97.60455782570271
2030-07-24 19:00:00,0.0,96.80695082223053
2030-07-24 20:00:00,0.0,109.65243422595256
2030-07-24 21:00:00,0.0,116.0334741236436
2030-07-24 22:00:00,0.0,122.96507297609662
2030-07-24 23:00:00,0.0,130.95329126146635
2030-07-25 00:00:00,0.0,130.5999156336942
2030-07-25 01:00:00,0.0,125.4676388362992
2030-07-25 02:00:00,0.0,122.11188566636395
2030-07-25 03:00:00,0.0,119.46902179017252
2030-07-25 04:00:00,0.0,116.07556352844028
2030-07-25 05:00:00,0.0,114.57525161995873
2030-07-25 06:00:00,0.0,112.13055869135167
2030-07-25 07:00:00,0.0,104.3150823381684
2030-07-25 08:00:00,0.0,96.74231658243048
2030-07-25 09:00:00,0.0,91.87052191223528
2030-07-25 10:00:00,0.0,86.32557181808033
2030-07-25 11:00:00,0.0,81.51906249943193
2030-07-25 12:00:00,0.0,83.90699768219224
2030-07-25 13:00:00,0.0,88.4680768498672
2030-07-25 14:00:00,0.0,84.64806487678288
2030-07-25 15:00:00,0.0,90.9512913398471
2030-07-25 16:00:00,0.0,95.21450342633011
2030-07-25 17:00:00,0.0,97.52881620313008
2030-07-25 18:00:00,0.0,97.47308281782227
2030-07-25 19:00:00,0.0,97.70925400332656
2030-07-25 20:00:00,0.0,113.96473784416423
2030-07-25 21:00:00,0.0,120.6466482618796
2030-07-25 22:00:00,0.0,122.33197817894664
2030-07-25 23:00:00,0.0,130.78668736747943
2030-07-26 00:00:00,0.0,131.19793592684698
2030-07-26 01:00:00,0.0,126.0305846254547
2030-07-26 02:00:00,0.0,123.25356077147389
2030-07-26 03:00:00,0.0,120.52038004748952
2030-07-26 04:00:00,0.0,117.48292800132924
2030-07-26 05:00:00,0.0,115.21360759270829
2030-07-26 06:00:00,0.0,113.27223379646148
2030-07-26 07:00:00,0.0,105.66018956646224
2030-07-26 08:00:00,0.0,96.90945893079571
2030-07-26 09:00:00,0.0,91.30469190479084
2030-07-26 10:00:00,0.0,85.67449336601464
2030-07-26 11:00:00,0.0,79.6183101181309
2030-07-26 12:00:00,0.0,80.0588909621855
2030-07-26 13:00:00,0.0,81.11015789900374
2030-07-26 14:00:00,0.0,78.6772857463418
2030-07-26 15:00:00,0.0,87.55660446547517
2030-07-26 16:00:00,0.0,92.90516259551919
2030-07-26 17:00:00,0.0,90.90797175644309
2030-07-26 18:00:00,0.0,95.20123961631985
2030-07-26 19:00:00,0.0,99.45322619457032
2030-07-26 20:00:00,0.0,114.66118415475192
2030-07-26 21:00:00,0.0,119.15598184199725
2030-07-26 22:00:00,0.0,124.24616923459553
2030-07-26 23:00:00,0.0,131.65916565441057
2030-07-27 00:00:00,0.0,131.4873005848242
2030-07-27 01:00:00,0.0,126.31293438263242
2030-07-27 02:00:00,0.0,122.57574598172732
2030-07-27 03:00:00,0.0,119.79696840254665
2030-07-27 04:00:00,0.0,116.52802463000467
2030-07-27 05:00:00,0.0,114.24555128238478
2030-07-27 06:00:00,0.0,111.99990616396188
2030-07-27 07:00:00,0.0,103.96170671039624
2030-07-27 08:00:00,0.0,96.20479980867297
2030-07-27 09:00:00,0.0,91.12539015386768
2030-07-27 10:00:00,0.0,82.08961530455201
2030-07-27 11:00:00,0.0,80.71409063978558
2030-07-27 12:00:00,0.0,88.03207850348963
2030-07-27 13:00:00,0.0,90.00357152296726
2030-07-27 14:00:00,0.0,83.14955002241413
2030-07-27 15:00:00,0.0,88.004706769265
2030-07-27 16:00:00,0.0,94.06508705539827
2030-07-27 17:00:00,0.0,96.87046295257528
2030-07-27 18:00:00,0.0,97.99242945969091
2030-07-27 19:00:00,0.0,96.69312403309459
2030-07-27 20:00:00,0.0,111.1984537476252
2030-07-27 21:00:00,0.0,115.67308359507204
2030-07-27 22:00:00,0.0,122.19080330035774
2030-07-27 23:00:00,0.0,130.14920825732975
2030-07-28 00:00:00,0.0,130.4236662511081
2030-07-28 01:00:00,0.0,125.31155729351156
2030-07-28 02:00:00,0.0,122.2591985831524
2030-07-28 03:00:00,0.0,118.21949258527115
2030-07-28 04:00:00,0.0,115.2460515089058
2030-07-28 05:00:00,0.0,113.00479070348263
2030-07-28 06:00:00,0.0,111.14671885422922
2030-07-28 07:00:00,0.0,103.23391075245364
2030-07-28 08:00:00,0.0,94.45380500611827
2030-07-28 09:00:00,0.0,90.84140524470479
2030-07-28 10:00:00,0.0,83.8432256920521
2030-07-28 11:00:00,0.0,79.67389208609359
2030-07-28 12:00:00,0.0,82.0135064640483
2030-07-28 13:00:00,0.0,81.19267888114018
2030-07-28 14:00:00,0.0,81.31876735146056
2030-07-28 15:00:00,0.0,90.08048484013682
2030-07-28 16:00:00,0.0,94.53183442880413
2030-07-28 17:00:00,0.0,97.02149472360212
2030-07-28 18:00:00,0.0,97.36532381799691
2030-07-28 19:00:00,0.0,96.53060031404505
2030-07-28 20:00:00,0.0,109.73584693094062
2030-07-28 21:00:00,0.0,114.838310399938
2030-07-28 22:00:00,0.0,121.72255867199463
2030-07-28 23:00:00,0.0,129.7537432247609
2030-07-29 00:00:00,0.0,120.85621842326304
2030-07-29 01:00:00,0.0,119.16387360539657
2030-07-29 02:00:00,0.0,111.93764891936688
2030-07-29 03:00:00,0.0,111.061663182036
2030-07-29 04:00:00,0.0,109.35528856257064
2030-07-29 05:00:00,0.0,107.361303010328
2030-07-29 06:00:00,0.0,107.08772187914953
2030-07-29 07:00:00,0.0,98.11303316885778
2030-07-29 08:00:00,0.0,91.10846281210775
2030-07-29 09:00:00,0.0,83.7099322649351
2030-07-29 10:00:00,0.0,81.22503076582257
2030-07-29 11:00:00,0.0,77.62161412895432
2030-07-29 12:00:00,0.0,74.33493994207129
2030-07-29 13:00:00,0.0,76.22410070711351
2030-07-29 14:00:00,0.0,64.21193883218325
2030-07-29 15:00:00,0.0,74.49544307796236
2030-07-29 16:00:00,0.0,82.77730270060749
2030-07-29 17:00:00,0.0,87.8480649991128
2030-07-29 18:00:00,0.0,89.56229812865264
2030-07-29 19:00:00,0.0,95.32197265705177
2030-07-29 20:00:00,0.0,113.67646745502964
2030-07-29 21:00:00,0.0,115.62397928947598
2030-07-29 22:00:00,0.0,120.50810397109056
2030-07-29 23:00:00,0.0,126.71979862900037
2030-07-30 00:00:00,0.0,121.9207296195791
2030-07-30 01:00:00,0.0,120.86761763706215
2030-07-30 02:00:00,0.0,115.38371893709495
2030-07-30 03:00:00,0.0,114.3262226415784
2030-07-30 04:00:00,0.0,110.07606961971372
2030-07-30 05:00:00,0.0,109.55170578495516
2030-07-30 06:00:00,0.0,107.37182536152716
2030-07-30 07:00:00,0.0,101.87565058516088
2030-07-30 08:00:00,0.0,92.88920925896798
2030-07-30 09:00:00,0.0,82.58263308015715
2030-07-30 10:00:00,0.0,67.11451017714444
2030-07-30 11:00:00,0.0,62.14252745759813
2030-07-30 12:00:00,0.0,66.27875560867028
2030-07-30 13:00:00,0.0,65.09027454967452
2030-07-30 14:00:00,0.0,63.08542142931924
2030-07-30 15:00:00,0.0,73.2237237884018
2030-07-30 16:00:00,0.0,76.07050786754519
2030-07-30 17:00:00,0.0,80.08272899084851
2030-07-30 18:00:00,0.0,83.55040289524914
2030-07-30 19:00:00,0.0,90.07389602288526
2030-07-30 20:00:00,0.0,102.56398772610656
2030-07-30 21:00:00,0.0,107.77781274529512
2030-07-30 22:00:00,0.0,117.37770448933757
2030-07-30 23:00:00,0.0,118.58865173984202
2030-07-31 00:00:00,0.0,131.5706025318176
2030-07-31 01:00:00,0.0,126.37256103942777
2030-07-31 02:00:00,0.0,122.25306054495285
2030-07-31 03:00:00,0.0,119.4716523779723
2030-07-31 04:00:00,0.0,116.38158857581618
2030-07-31 05:00:00,0.0,114.1429583581928
2030-07-31 06:00:00,0.0,111.82979481957534
2030-07-31 07:00:00,0.0,103.95819925999648
2030-07-31 08:00:00,0.0,96.9085242393594
2030-07-31 09:00:00,0.0,91.65461113122784
2030-07-31 10:00:00,0.0,86.4523967283452
2030-07-31 11:00:00,0.0,80.52463840862697
2030-07-31 12:00:00,0.0,82.95112453288105
2030-07-31 13:00:00,0.0,84.89957526537363
2030-07-31 14:00:00,0.0,81.22280936631842
2030-07-31 15:00:00,0.0,87.21678552516028
2030-07-31 16:00:00,0.0,93.48111045612802
2030-07-31 17:00:00,0.0,94.62747471567423
2030-07-31 18:00:00,0.0,96.38811407675449
2030-07-31 19:00:00,0.0,98.96218313860912
2030-07-31 20:00:00,0.0,114.3744500845746
2030-07-31 21:00:00,0.0,118.34488393706124
2030-07-31 22:00:00,0.0,123.68234658284005
2030-07-31 23:00:00,0.0,131.49519234822355
2030-08-01 00:00:00,0.0,117.53817034512484
2030-08-01 01:00:00,0.0,111.17565532002696
2030-08-01 02:00:00,0.0,105.37170177108499
2030-08-01 03:00:00,0.0,100.34464848568165
2030-08-01 04:00:00,0.0,99.38799138915715
2030-08-01 05:00:00,0.0,97.46678543270876
2030-08-01 06:00:00,0.0,95.06242818369856
2030-08-01 07:00:00,0.0,89.87490904250785
2030-08-01 08:00:00,0.0,83.18637847200057
2030-08-01 09:00:00,0.0,74.28163929262585
2030-08-01 10:00:00,0.0,71.48175212620697
2030-08-01 11:00:00,0.0,67.03609336540512
2030-08-01 12:00:00,0.0,69.8884854980978
2030-08-01 13:00:00,0.0,70.89440729222088
2030-08-01 14:00:00,0.0,66.93827140963981
2030-08-01 15:00:00,0.0,76.84955654532212
2030-08-01 16:00:00,0.0,81.95370629182366
2030-08-01 17:00:00,0.0,85.87634591532195
2030-08-01 18:00:00,0.0,87.61016197707555
2030-08-01 19:00:00,0.0,98.93274677099066
2030-08-01 20:00:00,0.0,109.18430035558411
2030-08-01 21:00:00,0.0,113.67120627943007
2030-08-01 22:00:00,0.0,117.4767899631297
2030-08-01 23:00:00,0.0,118.54656233504532
2030-08-02 00:00:00,0.0,115.6792216332716
2030-08-02 01:00:00,0.0,109.3096917073742
2030-08-02 02:00:00,0.0,102.23428738853248
2030-08-02 03:00:00,0.0,97.47292347090831
2030-08-02 04:00:00,0.0,96.68813144397018
2030-08-02 05:00:00,0.0,95.69026180524897
2030-08-02 06:00:00,0.0,93.15788261664873
2030-08-02 07:00:00,0.0,88.17379559864206
2030-08-02 08:00:00,0.0,80.76729532866953
2030-08-02 09:00:00,0.0,72.71685192217875
2030-08-02 10:00:00,0.0,71.17040795107243
2030-08-02 11:00:00,0.0,66.42840087242848
2030-08-02 12:00:00,0.0,70.04894235230563
2030-08-02 13:00:00,0.0,69.30955881385717
2030-08-02 14:00:00,0.0,67.74205791043697
2030-08-02 15:00:00,0.0,74.1982105004688
2030-08-02 16:00:00,0.0,77.95920528954785
2030-08-02 17:00:00,0.0,79.83039891332021
2030-08-02 18:00:00,0.0,81.03707400526217
2030-08-02 19:00:00,0.0,93.99646782738762
2030-08-02 20:00:00,0.0,105.49007822207568
2030-08-02 21:00:00,0.0,109.60519440355095
2030-08-02 22:00:00,0.0,117.16024256455476
2030-08-02 23:00:00,0.0,117.7687852089067
2030-08-03 00:00:00,0.0,115.7853220078632
2030-08-03 01:00:00,0.0,109.34213562357172
2030-08-03 02:00:00,0.0,103.60482363222444
2030-08-03 03:00:00,0.0,98.81101579840264
2030-08-03 04:00:00,0.0,97.77807165568424
2030-08-03 05:00:00,0.0,95.9971637152247
2030-08-03 06:00:00,0.0,93.59017587841468
2030-08-03 07:00:00,0.0,88.6806221814021
2030-08-03 08:00:00,0.0,81.45405565903764
2030-08-03 09:00:00,0.0,72.11038448973987
2030-08-03 10:00:00,0.0,67.87796977189294
2030-08-03 11:00:00,0.0,62.577057500664864
2030-08-03 12:00:00,0.0,65.51307118697059
2030-08-03 13:00:00,0.0,65.29769923030983
2030-08-03 14:00:00,0.0,64.20157887640289
2030-08-03 15:00:00,0.0,73.14743089250987
2030-08-03 16:00:00,0.0,79.18512101166608
2030-08-03 17:00:00,0.0,84.26549638045081
2030-08-03 18:00:00,0.0,87.16702307309208
2030-08-03 19:00:00,0.0,100.106619483072
2030-08-03 20:00:00,0.0,110.29353154449655
2030-08-03 21:00:00,0.0,114.35252851957624
2030-08-03 22:00:00,0.0,119.54443197376656
2030-08-03 23:00:00,0.0,120.06178090772572
2030-08-04 00:00:00,0.0,117.56184563532304
2030-08-04 01:00:00,0.0,111.05464828123648
2030-08-04 02:00:00,0.0,105.10601240330595
2030-08-04 03:00:00,0.0,100.05089951470484
2030-08-04 04:00:00,0.0,99.11177967017896
2030-08-04 05:00:00,0.0,96.67673223017107
2030-08-04 06:00:00,0.0,94.08121893437587
2030-08-04 07:00:00,0.0,88.85950215178796
2030-08-04 08:00:00,0.0,81.92263869562225
2030-08-04 09:00:00,0.0,72.34843209417421
2030-08-04 10:00:00,0.0,70.95914061123153
2030-08-04 11:00:00,0.0,66.73302846404806
2030-08-04 12:00:00,0.0,72.62121953462531
2030-08-04 13:00:00,0.0,74.48193196117198
2030-08-04 14:00:00,0.0,75.0177227088684
2030-08-04 15:00:00,0.0,78.89530128126637
2030-08-04 16:00:00,0.0,81.29814253022585
2030-08-04 17:00:00,0.0,84.15220199688393
2030-08-04 18:00:00,0.0,89.72696468847401
2030-08-04 19:00:00,0.0,100.2280034826416
2030-08-04 20:00:00,0.0,112.33749826493532
2030-08-04 21:00:00,0.0,113.07230912367731
2030-08-04 22:00:00,0.0,122.38108248454272
2030-08-04 23:00:00,0.0,122.67483145551957
2030-08-05 00:00:00,0.0,119.9977699379308
2030-08-05 01:00:00,0.0,112.8592315118941
2030-08-05 02:00:00,0.0,107.99352094487811
2030-08-05 03:00:00,0.0,104.76491285193288
2030-08-05 04:00:00,0.0,103.19182134765695
2030-08-05 05:00:00,0.0,100.73748293045072
2030-08-05 06:00:00,0.0,98.45325585763088
2030-08-05 07:00:00,0.0,92.7422497442816
2030-08-05 08:00:00,0.0,84.93481550947229
2030-08-05 09:00:00,0.0,77.06251357283213
2030-08-05 10:00:00,0.0,77.49560034349633
2030-08-05 11:00:00,0.0,72.24525445186883
2030-08-05 12:00:00,0.0,71.18293495116984
2030-08-05 13:00:00,0.0,72.04055839182342
2030-08-05 14:00:00,0.0,70.18067218734063
2030-08-05 15:00:00,0.0,78.03677136088629
2030-08-05 16:00:00,0.0,79.09665324532477
2030-08-05 17:00:00,0.0,81.81939157261866
2030-08-05 18:00:00,0.0,83.4394008242233
2030-08-05 19:00:00,0.0,98.60324990768665
2030-08-05 20:00:00,0.0,110.36280368989117
2030-08-05 21:00:00,0.0,114.58665083375784
2030-08-05 22:00:00,0.0,117.81438206410314
2030-08-05 23:00:00,0.0,120.18191108391623
2030-08-06 00:00:00,0.0,118.72894975583095
2030-08-06 01:00:00,0.0,105.6075778104664
2030-08-06 02:00:00,0.0,99.87991130771832
2030-08-06 03:00:00,0.0,96.74775810076551
2030-08-06 04:00:00,0.0,93.87077191039248
2030-08-06 05:00:00,0.0,87.33551495310826
2030-08-06 06:00:00,0.0,87.24782869311514
2030-08-06 07:00:00,0.0,84.26649585335042
2030-08-06 08:00:00,0.0,76.04237111369594
2030-08-06 09:00:00,0.0,67.5219601956884
2030-08-06 10:00:00,0.0,68.66556735501115
2030-08-06 11:00:00,0.0,65.92887020663579
2030-08-06 12:00:00,0.0,66.15310367576228
2030-08-06 13:00:00,0.0,65.26155588008749
2030-08-06 14:00:00,0.0,62.19259618543981
2030-08-06 15:00:00,0.0,68.58632654301562
2030-08-06 16:00:00,0.0,72.27751628717408
2030-08-06 17:00:00,0.0,70.01284178950505
2030-08-06 18:00:00,0.0,75.90395875588797
2030-08-06 19:00:00,0.0,85.22100769715814
2030-08-06 20:00:00,0.0,97.01520119374435
2030-08-06 21:00:00,0.0,111.5483219249976
2030-08-06 22:00:00,0.0,118.50622665544849
2030-08-06 23:00:00,0.0,119.1542281167974
2030-08-07 00:00:00,0.0,116.76916184498555
2030-08-07 01:00:00,0.0,110.44961308728432
2030-08-07 02:00:00,0.0,104.4308282013592
2030-08-07 03:00:00,0.0,99.453756084152
2030-08-07 04:00:00,0.0,97.90346300747433
2030-08-07 05:00:00,0.0,96.23654720500589
2030-08-07 06:00:00,0.0,94.22590126336445
2030-08-07 07:00:00,0.0,90.28528073927544
2030-08-07 08:00:00,0.0,82.48488839205595
2030-08-07 09:00:00,0.0,73.41049189629484
2030-08-07 10:00:00,0.0,70.54993301289801
2030-08-07 11:00:00,0.0,65.59347623933705
2030-08-07 12:00:00,0.0,68.02287478394987
2030-08-07 13:00:00,0.0,68.18013372842961
2030-08-07 14:00:00,0.0,66.5832274323999
2030-08-07 15:00:00,0.0,75.48473160243985
2030-08-07 16:00:00,0.0,81.02691566160625
2030-08-07 17:00:00,0.0,83.74907552901321
2030-08-07 18:00:00,0.0,86.4833251005547
2030-08-07 19:00:00,0.0,98.3699547649228
2030-08-07 20:00:00,0.0,109.50873951755852
2030-08-07 21:00:00,0.0,114.12103679319453
2030-08-07 22:00:00,0.0,119.74435664655084
2030-08-07 23:00:00,0.0,120.65804747567869
2030-08-08 00:00:00,0.0,117.9196055760948
2030-08-08 01:00:00,0.0,111.38084116841083
2030-08-08 02:00:00,0.0,105.46464920667768
2030-08-08 03:00:00,0.0,100.58403197546272
2030-08-08 04:00:00,0.0,99.7597811315278
2030-08-08 05:00:00,0.0,97.06255177414073
2030-08-08 06:00:00,0.0,94.11892402617296
2030-08-08 07:00:00,0.0,88.88931548018559
2030-08-08 08:00:00,0.0,81.94152186999554
2030-08-08 09:00:00,0.0,74.63562305458582
2030-08-08 10:00:00,0.0,70.17881454175824
2030-08-08 11:00:00,0.0,67.5238523484353
2030-08-08 12:00:00,0.0,67.34438502959972
2030-08-08 13:00:00,0.0,68.10771061149626
2030-08-08 14:00:00,0.0,67.81886255845689
2030-08-08 15:00:00,0.0,74.91663252833769
2030-08-08 16:00:00,0.0,81.85089955318004
2030-08-08 17:00:00,0.0,83.40736666673308
2030-08-08 18:00:00,0.0,84.9579994626464
2030-08-08 19:00:00,0.0,93.24894224737521
2030-08-08 20:00:00,0.0,105.17353082350064
2030-08-08 21:00:00,0.0,110.54343738547686
2030-08-08 22:00:00,0.0,118.271227478667
2030-08-08 23:00:00,0.0,119.17351909399588
2030-08-09 00:00:00,0.0,117.22249980914978
2030-08-09 01:00:00,0.0,111.07218553323514
2030-08-09 02:00:00,0.0,105.90746481964264
2030-08-09 03:00:00,0.0,101.43809614779536
2030-08-09 04:00:00,0.0,100.79360213684627
2030-08-09 05:00:00,0.0,99.16614515137462
2030-08-09 06:00:00,0.0,97.0046788425452
2030-08-09 07:00:00,0.0,91.7198279527622
2030-08-09 08:00:00,0.0,84.93550774693848
2030-08-09 09:00:00,0.0,76.16078739867201
2030-08-09 10:00:00,0.0,73.20065358521879
2030-08-09 11:00:00,0.0,71.54421990040953
2030-08-09 12:00:00,0.0,77.83843128564558
2030-08-09 13:00:00,0.0,72.39071834371407
2030-08-09 14:00:00,0.0,72.8512114322218
2030-08-09 15:00:00,0.0,81.89069024527225
2030-08-09 16:00:00,0.0,80.27335413188358
2030-08-09 17:00:00,0.0,87.03313784426985
2030-08-09 18:00:00,0.0,84.13033468169806
2030-08-09 19:00:00,0.0,96.67977875845033
2030-08-09 20:00:00,0.0,106.89656583236469
2030-08-09 21:00:00,0.0,111.09059964783364
2030-08-09 22:00:00,0.0,117.06291081596235
2030-08-09 23:00:00,0.0,118.22913807387044
2030-08-10 00:00:00,0.0,115.73358711446735
2030-08-10 01:00:00,0.0,109.30355366917468
2030-08-10 02:00:00,0.0,103.57588716642668
2030-08-10 03:00:00,0.0,99.22489494556999
2030-08-10 04:00:00,0.0,98.57513975902134
2030-08-10 05:00:00,0.0,96.0804656622181
2030-08-10 06:00:00,0.0,93.80149976499796
2030-08-10 07:00:00,0.0,88.71745041059921
2030-08-10 08:00:00,0.0,81.90400525858809
2030-08-10 09:00:00,0.0,72.8273250440028
2030-08-10 10:00:00,0.0,68.63325131742772
2030-08-10 11:00:00,0.0,62.19294866644213
2030-08-10 12:00:00,0.0,62.84563780933013
2030-08-10 13:00:00,0.0,62.21227345707098
2030-08-10 14:00:00,0.0,62.10828006717827
2030-08-10 15:00:00,0.0,70.45069262483514
2030-08-10 16:00:00,0.0,76.32405854271587
2030-08-10 17:00:00,0.0,81.01613444816574
2030-08-10 18:00:00,0.0,84.40957707114968
2030-08-10 19:00:00,0.0,96.55191102909075
2030-08-10 20:00:00,0.0,107.54018298071388
2030-08-10 21:00:00,0.0,112.06128654595705
2030-08-10 22:00:00,0.0,117.47152878753012
2030-08-10 23:00:00,0.0,118.11689966107927
2030-08-11 00:00:00,0.0,115.74235574046656
2030-08-11 01:00:00,0.0,109.16500937838566
2030-08-11 02:00:00,0.0,103.34088798964524
2030-08-11 03:00:00,0.0,98.2191335434494
2030-08-11 04:00:00,0.0,97.08447333913898
2030-08-11 05:00:00,0.0,95.35617715467527
2030-08-11 06:00:00,0.0,92.97198774546351
2030-08-11 07:00:00,0.0,87.80112899367145
2030-08-11 08:00:00,0.0,80.36568840264545
2030-08-11 09:00:00,0.0,71.60910140909539
2030-08-11 10:00:00,0.0,65.58877362109183
2030-08-11 11:00:00,0.0,62.2668774618586
2030-08-11 12:00:00,0.0,70.97325045143566
2030-08-11 13:00:00,0.0,75.0927153846835
2030-08-11 14:00:00,0.0,68.20251880799049
2030-08-11 15:00:00,0.0,75.85755328223217
2030-08-11 16:00:00,0.0,78.79346609599429
2030-08-11 17:00:00,0.0,82.4386635649555
2030-08-11 18:00:00,0.0,85.09628005699835
2030-08-11 19:00:00,0.0,96.88927224186112
2030-08-11 20:00:00,0.0,105.89606560584365
2030-08-11 21:00:00,0.0,110.10325236031169
2030-08-11 22:00:00,0.0,117.82315069010247
2030-08-11 23:00:00,0.0,118.49395057904952
2030-08-12 00:00:00,0.0,115.5187557774842
2030-08-12 01:00:00,0.0,108.6844886736236
2030-08-12 02:00:00,0.0,104.90608773052168
2030-08-12 03:00:00,0.0,101.86249764616196
2030-08-12 04:00:00,0.0,100.07457480490302
2030-08-12 05:00:00,0.0,98.64178131661606
2030-08-12 06:00:00,0.0,96.21199505220785
2030-08-12 07:00:00,0.0,90.3256164188723
2030-08-12 08:00:00,0.0,82.74612019697587
2030-08-12 09:00:00,0.0,75.11503215328935
2030-08-12 10:00:00,0.0,72.8367554257503
2030-08-12 11:00:00,0.0,72.34344034969513
2030-08-12 12:00:00,0.0,75.1732328574127
2030-08-12 13:00:00,0.0,76.45626921337612
2030-08-12 14:00:00,0.0,67.25292891516972
2030-08-12 15:00:00,0.0,73.94473080581555
2030-08-12 16:00:00,0.0,78.29508307283025
2030-08-12 17:00:00,0.0,76.81887699068409
2030-08-12 18:00:00,0.0,76.04060840486478
2030-08-12 19:00:00,0.0,90.7318196969627
2030-08-12 20:00:00,0.0,103.10939626326352
2030-08-12 21:00:00,0.0,109.97610728332164
2030-08-12 22:00:00,0.0,113.76415371502276
2030-08-12 23:00:00,0.0,116.47102856100912
2030-08-13 00:00:00,0.0,115.05489546212084
2030-08-13 01:00:00,0.0,101.65555807257827
2030-08-13 02:00:00,0.0,96.72846712356704
2030-08-13 03:00:00,0.0,93.56474686301667
2030-08-13 04:00:00,0.0,90.95432690302266
2030-08-13 05:00:00,0.0,85.23104471327427
2030-08-13 06:00:00,0.0,85.49410349325353
2030-08-13 07:00:00,0.0,82.24971187350957
2030-08-13 08:00:00,0.0,74.21707387834998
2030-08-13 09:00:00,0.0,66.7215152935047
2030-08-13 10:00:00,0.0,64.86303673271686
2030-08-13 11:00:00,0.0,61.8282388516476
2030-08-13 12:00:00,0.0,64.46669403910516
2030-08-13 13:00:00,0.0,65.14904999205794
2030-08-13 14:00:00,0.0,64.9175998570986
2030-08-13 15:00:00,0.0,72.21493796439425
2030-08-13 16:00:00,0.0,73.53321981349062
2030-08-13 17:00:00,0.0,76.7507173152735
2030-08-13 18:00:00,0.0,79.72169572652193
2030-08-13 19:00:00,0.0,91.309637880158
2030-08-13 20:00:00,0.0,101.41705144539708
2030-08-13 21:00:00,0.0,115.27498797470354
2030-08-13 22:00:00,0.0,119.61458098176104
2030-08-13 23:00:00,0.0,119.69086802795503
2030-08-14 00:00:00,0.0,117.45311467293163
2030-08-14 01:00:00,0.0,111.15899493062828
2030-08-14 02:00:00,0.0,105.99339735443596
2030-08-14 03:00:00,0.0,100.9944036722304
2030-08-14 04:00:00,0.0,100.07369794230304
2030-08-14 05:00:00,0.0,98.26122294824609
2030-08-14 06:00:00,0.0,95.9208766690308
2030-08-14 07:00:00,0.0,91.37171350058976
2030-08-14 08:00:00,0.0,83.32171516805386
2030-08-14 09:00:00,0.0,75.02848063088936
2030-08-14 10:00:00,0.0,72.60501069579936
2030-08-14 11:00:00,0.0,69.81470998350392
2030-08-14 12:00:00,0.0,72.5167088852868
2030-08-14 13:00:00,0.0,69.55711838799584
2030-08-14 14:00:00,0.0,69.63411931234532
2030-08-14 15:00:00,0.0,76.19839610774305
2030-08-14 16:00:00,0.0,79.65573732769337
2030-08-14 17:00:00,0.0,81.65450539618178
2030-08-14 18:00:00,0.0,83.89638829489068
2030-08-14 19:00:00,0.0,92.51783117467835
2030-08-14 20:00:00,0.0,102.7691735744903
2030-08-14 21:00:00,0.0,108.4459820464424
2030-08-14 22:00:00,0.0,116.56748344700144
2030-08-14 23:00:00,0.0,117.40137977953565
2030-08-15 00:00:00,0.0,115.40388677689339
2030-08-15 01:00:00,0.0,108.8212792392128
2030-08-15 02:00:00,0.0,103.88980397720196
2030-08-15 03:00:00,0.0,98.76278835540654
2030-08-15 04:00:00,0.0,98.16739865005344
2030-08-15 05:00:00,0.0,96.91260826955248
2030-08-15 06:00:00,0.0,94.39776633295091
2030-08-15 07:00:00,0.0,89.04539702297336
2030-08-15 08:00:00,0.0,81.26603010187331
2030-08-15 09:00:00,0.0,72.7343506216198
2030-08-15 10:00:00,0.0,68.30787145310205
2030-08-15 11:00:00,0.0,65.83739815794559
2030-08-15 12:00:00,0.0,69.36920599113091
2030-08-15 13:00:00,0.0,71.46790380616847
2030-08-15 14:00:00,0.0,71.11541403360172
2030-08-15 15:00:00,0.0,79.69470014565945
2030-08-15 16:00:00,0.0,84.83624128354484
2030-08-15 17:00:00,0.0,82.33346947097903
2030-08-15 18:00:00,0.0,80.18795184833219
2030-08-15 19:00:00,0.0,90.48366372592659
2030-08-15 20:00:00,0.0,102.1553697545388
2030-08-15 21:00:00,0.0,106.65192116698393
2030-08-15 22:00:00,0.0,114.67170650595108
2030-08-15 23:00:00,0.0,115.48280441088706
2030-08-16 00:00:00,0.0,113.36956554505387
2030-08-16 01:00:00,0.0,106.97285287855856
2030-08-16 02:00:00,0.0,102.23428738853248
2030-08-16 03:00:00,0.0,97.47292347090831
2030-08-16 04:00:00,0.0,96.68813144397018
2030-08-16 05:00:00,0.0,95.35617715467527
2030-08-16 06:00:00,0.0,92.88693207327015
2030-08-16 07:00:00,0.0,87.80112899367145
2030-08-16 08:00:00,0.0,80.10609080999689
2030-08-16 09:00:00,0.0,72.66277858613547
2030-08-16 10:00:00,0.0,69.25347773354247
2030-08-16 11:00:00,0.0,66.31570343689043
2030-08-16 12:00:00,0.0,72.2023831983438
2030-08-16 13:00:00,0.0,75.48272736207012
2030-08-16 14:00:00,0.0,72.38370302541193
2030-08-16 15:00:00,0.0,79.86840204683597
2030-08-16 16:00:00,0.0,83.75289514144674
2030-08-16 17:00:00,0.0,85.59122341983844
2030-08-16 18:00:00,0.0,78.43615334760851
2030-08-16 19:00:00,0.0,90.26642497883516
2030-08-16 20:00:00,0.0,102.23516425113245
2030-08-16 21:00:00,0.0,108.42844479444373
2030-08-16 22:00:00,0.0,115.31006247870071
2030-08-16 23:00:00,0.0,115.96770942864885
2030-08-17 00:00:00,0.0,113.90708231881148
2030-08-17 01:00:00,0.0,107.59454846190953
2030-08-17 02:00:00,0.0,102.55258851230747
2030-08-17 03:00:00,0.0,97.97273515286884
2030-08-17 04:00:00,0.0,97.34227094351854
2030-08-17 05:00:00,0.0,95.99365626482506
2030-08-17 06:00:00,0.0,94.36444555415356
2030-08-17 07:00:00,0.0,89.44700009374162
2030-08-17 08:00:00,0.0,82.84299830681651
2030-08-17 09:00:00,0.0,73.9408956310881
2030-08-17 10:00:00,0.0,71.62862227694268
2030-08-17 11:00:00,0.0,67.45478619329822
2030-08-17 12:00:00,0.0,69.00774742241924
2030-08-17 13:00:00,0.0,68.15017358685327
2030-08-17 14:00:00,0.0,66.86659355373331
2030-08-17 15:00:00,0.0,75.28383047594002
2030-08-17 16:00:00,0.0,80.13053933392825
2030-08-17 17:00:00,0.0,82.68655884052498
2030-08-17 18:00:00,0.0,85.27112130126636
2030-08-17 19:00:00,0.0,97.89155703562813
2030-08-17 20:00:00,0.0,108.67659691022412
2030-08-17 21:00:00,0.0,113.21085341446631
2030-08-17 22:00:00,0.0,119.92060602913692
2030-08-17 23:00:00,0.0,120.401126733899
2030-08-18 00:00:00,0.0,118.15460475287624
2030-08-18 01:00:00,0.0,111.83330226997508
2030-08-18 02:00:00,0.0,106.73960742697705
2030-08-18 03:00:00,0.0,101.90809450135828
2030-08-18 04:00:00,0.0,101.2820146050077
2030-08-18 05:00:00,0.0,99.09424241818031
2030-08-18 06:00:00,0.0,96.82842945995912
2030-08-18 07:00:00,0.0,91.96798006854272
2030-08-18 08:00:00,0.0,83.83171850350355
2030-08-18 09:00:00,0.0,74.73678855454078
2030-08-18 10:00:00,0.0,70.66526725590211
2030-08-18 11:00:00,0.0,64.78074745517425
2030-08-18 12:00:00,0.0,65.59069258013187
2030-08-18 13:00:00,0.0,64.86257616061835
2030-08-18 14:00:00,0.0,65.4222148114568
2030-08-18 15:00:00,0.0,74.09954055862738
2030-08-18 16:00:00,0.0,79.86317939487378
2030-08-18 17:00:00,0.0,82.41882487484759
2030-08-18 18:00:00,0.0,86.07675399622734
2030-08-18 19:00:00,0.0,98.87609309843526
2030-08-18 20:00:00,0.0,109.57976538815296
2030-08-18 21:00:00,0.0,112.84169425989556
2030-08-18 22:00:00,0.0,120.27661224470876
2030-08-18 23:00:00,0.0,120.97985604985332
2030-08-19 00:00:00,0.0,117.65830052131548
2030-08-19 01:00:00,0.0,110.94240986844532
2030-08-19 02:00:00,0.0,106.03811734703243
2030-08-19 03:00:00,0.0,102.63764418450069
2030-08-19 04:00:00,0.0,101.1873134442152
2030-08-19 05:00:00,0.0,99.65543448213613
2030-08-19 06:00:00,0.0,97.31245761512093
2030-08-19 07:00:00,0.0,91.52954876857734
2030-08-19 08:00:00,0.0,82.81492328259571
2030-08-19 09:00:00,0.0,76.67009849665568
2030-08-19 10:00:00,0.0,74.67771044566007
2030-08-19 11:00:00,0.0,68.94031022918716
2030-08-19 12:00:00,0.0,70.05912442482975
2030-08-19 13:00:00,0.0,70.72028691529749
2030-08-19 14:00:00,0.0,66.96394607975571
2030-08-19 15:00:00,0.0,71.42206195209428
2030-08-19 16:00:00,0.0,75.98434276423268
2030-08-19 17:00:00,0.0,72.10551337840025
2030-08-19 18:00:00,0.0,75.24246176896281
2030-08-19 19:00:00,0.0,91.14937549864065
2030-08-19 20:00:00,0.0,105.42782097748056
2030-08-19 21:00:00,0.0,111.92274225516805
2030-08-19 22:00:00,0.0,114.60594181095632
2030-08-19 23:00:00,0.0,117.45048408513183
2030-08-20 00:00:00,0.0,116.17727959003228
2030-08-20 01:00:00,0.0,103.2812613328499
2030-08-20 02:00:00,0.0,98.17704413865273
2030-08-20 03:00:00,0.0,95.61660534685473
2030-08-20 04:00:00,0.0,92.83607404247411
2030-08-20 05:00:00,0.0,87.07245617312901
2030-08-20 06:00:00,0.0,87.51088747309439
2030-08-20 07:00:00,0.0,84.61724089332279
2030-08-20 08:00:00,0.0,77.50496250935747
2030-08-20 09:00:00,0.0,69.71159748298999
2030-08-20 10:00:00,0.0,67.05749149882558
2030-08-20 11:00:00,0.0,65.43079857598286
2030-08-20 12:00:00,0.0,63.95121281667639
2030-08-20 13:00:00,0.0,61.712924017219045
2030-08-20 14:00:00,0.0,61.82852224120006
2030-08-20 15:00:00,0.0,67.86646018868169
2030-08-20 16:00:00,0.0,75.33180687191498
2030-08-20 17:00:00,0.0,77.00067388221838
2030-08-20 18:00:00,0.0,81.63133979818679
2030-08-20 19:00:00,0.0,91.96813856117149
2030-08-20 20:00:00,0.0,102.40439873291916
2030-08-20 21:00:00,0.0,115.18291740171082
2030-08-20 22:00:00,0.0,120.2660898935096
2030-08-20 23:00:00,0.0,120.5309023986888
2030-08-21 00:00:00,0.0,117.76615462110692
2030-08-21 01:00:00,0.0,111.4439752756058
2030-08-21 02:00:00,0.0,106.00742715603484
2030-08-21 03:00:00,0.0,100.34464848568165
2030-08-21 04:00:00,0.0,99.51776705394695
2030-08-21 05:00:00,0.0,97.20197292752971
2030-08-21 06:00:00,0.0,94.58804551713592
2030-08-21 07:00:00,0.0,89.44612323114164
2030-08-21 08:00:00,0.0,82.0485338044889
2030-08-21 09:00:00,0.0,72.94308632821662
2030-08-21 10:00:00,0.0,69.99422259610867
2030-08-21 11:00:00,0.0,64.42869067755794
2030-08-21 12:00:00,0.0,65.34240876837589
2030-08-21 13:00:00,0.0,66.2847992875063
2030-08-21 14:00:00,0.0,66.82628071149122
2030-08-21 15:00:00,0.0,77.02579937616781
2030-08-21 16:00:00,0.0,79.99893705507337
2030-08-21 17:00:00,0.0,83.94076797922595
2030-08-21 18:00:00,0.0,86.50639113635408
2030-08-21 19:00:00,0.0,98.89408385622265
2030-08-21 20:00:00,0.0,109.39211679176776
2030-08-21 21:00:00,0.0,113.52652395044151
2030-08-21 22:00:00,0.0,119.89956132673852
2030-08-21 23:00:00,0.0,120.426555749297
2030-08-22 00:00:00,0.0,118.06341104248348
2030-08-22 01:00:00,0.0,111.67195955158786
2030-08-22 02:00:00,0.0,106.29240750101233
2030-08-22 03:00:00,0.0,100.81990801484415
2030-08-22 04:00:00,0.0,99.84922111672074
2030-08-22 05:00:00,0.0,98.00079475606663
2030-08-22 06:00:00,0.0,95.83582099683747
2030-08-22 07:00:00,0.0,90.84734966583108
2030-08-22 08:00:00,0.0,83.00641002709062
2030-08-22 09:00:00,0.0,74.00317276924181
2030-08-22 10:00:00,0.0,73.21747641757052
2030-08-22 11:00:00,0.0,69.31434342858779
2030-08-22 12:00:00,0.0,71.60698759575837
2030-08-22 13:00:00,0.0,73.14008042324235
2030-08-22 14:00:00,0.0,72.44533181511805
2030-08-22 15:00:00,0.0,79.37980248442148
2030-08-22 16:00:00,0.0,82.84082426167231
2030-08-22 17:00:00,0.0,83.89804426086813
2030-08-22 18:00:00,0.0,86.51348455732546
2030-08-22 19:00:00,0.0,97.96671705474044
2030-08-22 20:00:00,0.0,110.06116295551497
2030-08-22 21:00:00,0.0,113.40551691165103
2030-08-22 22:00:00,0.0,119.76014017334955
2030-08-22 23:00:00,0.0,120.42217143629728
2030-08-23 00:00:00,0.0,118.12128397407888
2030-08-23 01:00:00,0.0,111.77016816278
2030-08-23 02:00:00,0.0,106.48970158599673
2030-08-23 03:00:00,0.0,101.90809450135828
2030-08-23 04:00:00,0.0,101.11365698582097
2030-08-23 05:00:00,0.0,99.25909258696733
2030-08-23 06:00:00,0.0,97.69301598349091
2030-08-23 07:00:00,0.0,92.38975097910941
2030-08-23 08:00:00,0.0,84.8383798997587
2030-08-23 09:00:00,0.0,75.03670141101645
2030-08-23 10:00:00,0.0,72.0307450480218
2030-08-23 11:00:00,0.0,65.9547533540765
2030-08-23 12:00:00,0.0,67.11221966757648
2030-08-23 13:00:00,0.0,66.57112396894468
2030-08-23 14:00:00,0.0,64.66799122149985
2030-08-23 15:00:00,0.0,73.95368559466215
2030-08-23 16:00:00,0.0,77.97671939073187
2030-08-23 17:00:00,0.0,79.2483446164407
2030-08-23 18:00:00,0.0,82.05379802726122
2030-08-23 19:00:00,0.0,95.22641005468232
2030-08-23 20:00:00,0.0,106.48444041039716
2030-08-23 21:00:00,0.0,111.06078631943603
2030-08-23 22:00:00,0.0,118.47290587665113
2030-08-23 23:00:00,0.0,119.65228607355812
2030-08-24 00:00:00,0.0,117.72055776591048
2030-08-24 01:00:00,0.0,111.29841608401728
2030-08-24 02:00:00,0.0,105.96796833903797
2030-08-24 03:00:00,0.0,100.85410565624149
2030-08-24 04:00:00,0.0,100.06492931630372
2030-08-24 05:00:00,0.0,98.45413272023086
2030-08-24 06:00:00,0.0,96.17955113601032
2030-08-24 07:00:00,0.0,91.14986726280722
2030-08-24 08:00:00,0.0,83.18039807214461
2030-08-24 09:00:00,0.0,74.35689255022487
2030-08-24 10:00:00,0.0,74.44231267705025
2030-08-24 11:00:00,0.0,71.29734899368691
2030-08-24 12:00:00,0.0,70.87304774094423
2030-08-24 13:00:00,0.0,70.52041778272745
2030-08-24 14:00:00,0.0,66.54575911639813
2030-08-24 15:00:00,0.0,78.31427869377706
2030-08-24 16:00:00,0.0,84.33633083649964
2030-08-24 17:00:00,0.0,86.00955554364657
2030-08-24 18:00:00,0.0,86.08172608481937
2030-08-24 19:00:00,0.0,96.45732852694152
2030-08-24 20:00:00,0.0,105.510246061874
2030-08-24 21:00:00,0.0,109.81914887793403
2030-08-24 22:00:00,0.0,117.45925271113116
2030-08-24 23:00:00,0.0,118.2878878680658
2030-08-25 00:00:00,0.0,116.054518826042
2030-08-25 01:00:00,0.0,109.40877718116644
2030-08-25 02:00:00,0.0,103.84069967160576
2030-08-25 03:00:00,0.0,98.70053111081143
2030-08-25 04:00:00,0.0,97.5983148226984
2030-08-25 05:00:00,0.0,96.10238722721648
2030-08-25 06:00:00,0.0,94.09875618637454
2030-08-25 07:00:00,0.0,88.99366212957737
2030-08-25 08:00:00,0.0,81.3753684861042
2030-08-25 09:00:00,0.0,74.38527428633586
2030-08-25 10:00:00,0.0,69.6608862364526
2030-08-25 11:00:00,0.0,67.0453100566898
2030-08-25 12:00:00,0.0,76.9394780405945
2030-08-25 13:00:00,0.0,76.25528203668989
2030-08-25 14:00:00,0.0,71.79866177688643
2030-08-25 15:00:00,0.0,77.98760514383264
2030-08-25 16:00:00,0.0,80.6978819050023
2030-08-25 17:00:00,0.0,80.99756691213975
2030-08-25 18:00:00,0.0,84.10648834585571
2030-08-25 19:00:00,0.0,91.05162823671152
2030-08-25 20:00:00,0.0,100.81552370184454
2030-08-25 21:00:00,0.0,107.18329990254198
2030-08-25 22:00:00,0.0,115.49858793768588
2030-08-25 23:00:00,0.0,116.64113990539568
2030-08-26 00:00:00,0.0,114.28237951158178
2030-08-26 01:00:00,0.0,107.72695471449912
2030-08-26 02:00:00,0.0,104.3150823381684
2030-08-26 03:00:00,0.0,101.49333849159096
2030-08-26 04:00:00,0.0,99.83782190292163
2030-08-26 05:00:00,0.0,98.58215465982072
2030-08-26 06:00:00,0.0,96.35580051859641
2030-08-26 07:00:00,0.0,90.59744382485088
2030-08-26 08:00:00,0.0,82.66441433683883
2030-08-26 09:00:00,0.0,75.0954567414499
2030-08-26 10:00:00,0.0,73.63980652138547
2030-08-26 11:00:00,0.0,64.52435979341783
2030-08-26 12:00:00,0.0,64.62399321712496
2030-08-26 13:00:00,0.0,65.15126461045827
2030-08-26 14:00:00,0.0,62.51045145676301
2030-08-26 15:00:00,0.0,73.72843870517613
2030-08-26 16:00:00,0.0,76.98622262251614
2030-08-26 17:00:00,0.0,80.2947414497794
2030-08-26 18:00:00,0.0,80.98274389582241
2030-08-26 19:00:00,0.0,94.80228142518943
2030-08-26 20:00:00,0.0,107.9382786010824
2030-08-26 21:00:00,0.0,111.51237055840043
2030-08-26 22:00:00,0.0,116.20183174283032
2030-08-26 23:00:00,0.0,118.73596465663036
2030-08-27 00:00:00,0.0,117.12429119795752
2030-08-27 01:00:00,0.0,104.08972864998611
2030-08-27 02:00:00,0.0,99.20735769357144
2030-08-27 03:00:00,0.0,93.51739628262045
2030-08-27 04:00:00,0.0,90.72546576444074
2030-08-27 05:00:00,0.0,85.05567219328816
2030-08-27 06:00:00,0.0,87.51088747309439
2030-08-27 07:00:00,0.0,84.1788095933573
2030-08-27 08:00:00,0.0,75.83155869470068
2030-08-27 09:00:00,0.0,68.24831384986226
2030-08-27 10:00:00,0.0,64.97680980455777
2030-08-27 11:00:00,0.0,61.18188350041135
2030-08-27 12:00:00,0.0,61.87169495491696
2030-08-27 13:00:00,0.0,62.0303786078689
2030-08-27 14:00:00,0.0,60.15872630372996
2030-08-27 15:00:00,0.0,68.14788061980414
2030-08-27 16:00:00,0.0,73.22758511624646
2030-08-27 17:00:00,0.0,77.99685281012614
2030-08-27 18:00:00,0.0,80.3550551033145
2030-08-27 19:00:00,0.0,88.09052106558158
2030-08-27 20:00:00,0.0,96.2172562278074
2030-08-27 21:00:00,0.0,108.86249178140952
2030-08-27 22:00:00,0.0,116.73233361578853
2030-08-27 23:00:00,0.0,116.95768730397072
2030-08-28 00:00:00,0.0,114.96194802652826
2030-08-28 01:00:00,0.0,108.29165422885455
2030-08-28 02:00:00,0.0,103.23303388985369
2030-08-28 03:00:00,0.0,98.58390838502065
2030-08-28 04:00:00,0.0,97.77017989228489
2030-08-28 05:00:00,0.0,96.06906644841911
2030-08-28 06:00:00,0.0,93.17015869304782
2030-08-28 07:00:00,0.0,88.12469129304598
2030-08-28 08:00:00,0.0,80.3544198403996
2030-08-28 09:00:00,0.0,70.02765548180889
2030-08-28 10:00:00,0.0,68.18837014930307
2030-08-28 11:00:00,0.0,64.68578330131902
2030-08-28 12:00:00,0.0,69.21076842901357
2030-08-28 13:00:00,0.0,68.81822580629694
2030-08-28 14:00:00,0.0,64.77373292434311
2030-08-28 15:00:00,0.0,77.26134595239888
2030-08-28 16:00:00,0.0,84.76500306042372
2030-08-28 17:00:00,0.0,83.75028530215685
2030-08-28 18:00:00,0.0,86.47771415074352
2030-08-28 19:00:00,0.0,96.0885617541728
2030-08-28 20:00:00,0.0,105.33750412968764
2030-08-28 21:00:00,0.0,110.63901540886934
2030-08-28 22:00:00,0.0,117.35227547393959
2030-08-28 23:00:00,0.0,118.22738434867053
2030-08-29 00:00:00,0.0,116.36054387341778
2030-08-29 01:00:00,0.0,110.2067221471034
2030-08-29 02:00:00,0.0,105.0954900521068
2030-08-29 03:00:00,0.0,97.51062856270528
2030-08-29 04:00:00,0.0,96.68813144397018
2030-08-29 05:00:00,0.0,95.35617715467527
2030-08-29 06:00:00,0.0,93.20523319704499
2030-08-29 07:00:00,0.0,88.11504580444672
2030-08-29 08:00:00,0.0,80.20573786970203
2030-08-29 09:00:00,0.0,70.82161899035896
2030-08-29 10:00:00,0.0,65.4470728225258
2030-08-29 11:00:00,0.0,60.37012639360887
2030-08-29 12:00:00,0.0,64.17638613386896
2030-08-29 13:00:00,0.0,65.76721151782726
2030-08-29 14:00:00,0.0,65.52345143519801
2030-08-29 15:00:00,0.0,72.90845673495937
2030-08-29 16:00:00,0.0,76.21751397804076
2030-08-29 17:00:00,0.0,80.4366558733259
2030-08-29 18:00:00,0.0,82.53779907231002
2030-08-29 19:00:00,0.0,94.61566732974768
2030-08-29 20:00:00,0.0,104.9893896775152
2030-08-29 21:00:00,0.0,110.6863659892656
2030-08-29 22:00:00,0.0,116.7033971499908
2030-08-29 23:00:00,0.0,117.675837773314
2030-08-30 00:00:00,0.0,115.6301173276754
2030-08-30 01:00:00,0.0,109.24918818797902
2030-08-30 02:00:00,0.0,104.31157488776864
2030-08-30 03:00:00,0.0,98.41993507883352
2030-08-30 04:00:00,0.0,97.46327798230902
2030-08-30 05:00:00,0.0,96.01908528022297
2030-08-30 06:00:00,0.0,93.8497272079942
2030-08-30 07:00:00,0.0,88.4351006534215
2030-08-30 08:00:00,0.0,81.8149345236627
2030-08-30 09:00:00,0.0,73.44746326391201
2030-08-30 10:00:00,0.0,72.73954029382467
2030-08-30 11:00:00,0.0,68.51319204530023
2030-08-30 12:00:00,0.0,71.70467559518022
2030-08-30 13:00:00,0.0,73.01531744091278
2030-08-30 14:00:00,0.0,70.41730098950904
2030-08-30 15:00:00,0.0,79.33012462825673
2030-08-30 16:00:00,0.0,83.19667134805547
2030-08-30 17:00:00,0.0,87.15784929321785
2030-08-30 18:00:00,0.0,85.96334870308895
2030-08-30 19:00:00,0.0,94.64228077392113
2030-08-30 20:00:00,0.0,107.4288214305227
2030-08-30 21:00:00,0.0,112.55671391491796
2030-08-30 22:00:00,0.0,118.8508336572213
2030-08-30 23:00:00,0.0,119.49182021777072
2030-08-31 00:00:00,0.0,117.2566974505471
2030-08-31 01:00:00,0.0,111.15548748022854
2030-08-31 02:00:00,0.0,105.67684995586092
2030-08-31 03:00:00,0.0,100.52966649426708
2030-08-31 04:00:00,0.0,99.50724470274781
2030-08-31 05:00:00,0.0,96.77757142916312
2030-08-31 06:00:00,0.0,94.308326347758
2030-08-31 07:00:00,0.0,88.32373910323032
2030-08-31 08:00:00,0.0,79.53031883886808
2030-08-31 09:00:00,0.0,73.93003652439552
2030-08-31 10:00:00,0.0,70.62276524433673
2030-08-31 11:00:00,0.0,67.23264003436941
2030-08-31 12:00:00,0.0,69.12631544086446
2030-08-31 13:00:00,0.0,72.70424617321201
2030-08-31 14:00:00,0.0,67.94216299277105
2030-08-31 15:00:00,0.0,79.76442363220961
2030-08-31 16:00:00,0.0,81.74153826544614
2030-08-31 17:00:00,0.0,84.1513304335167
2030-08-31 18:00:00,0.0,85.55380082608043
2030-08-31 19:00:00,0.0,95.35842735358278
2030-08-31 20:00:00,0.0,104.84646107372645
2030-08-31 21:00:00,0.0,110.01556610031857
2030-08-31 22:00:00,0.0,117.38998056573656
2030-08-31 23:00:00,0.0,118.44572313605327
2030-09-01 00:00:00,0.0,126.20332655764116
2030-09-01 01:00:00,0.0,121.05351250824752
2030-09-01 02:00:00,0.0,115.78882945826297
2030-09-01 03:00:00,0.0,110.36280368989117
2030-09-01 04:00:00,0.0,107.78833509649428
2030-09-01 05:00:00,0.0,108.04437897567412
2030-09-01 06:00:00,0.0,105.19194493809914
2030-09-01 07:00:00,0.0,99.74487446732904
2030-09-01 08:00:00,0.0,87.78973406227078
2030-09-01 09:00:00,0.0,80.97743452952592
2030-09-01 10:00:00,0.0,75.88555969101219
2030-09-01 11:00:00,0.0,76.1335232216943
2030-09-01 12:00:00,0.0,77.81780856289582
2030-09-01 13:00:00,0.0,77.33118615965816
2030-09-01 14:00:00,0.0,73.9340932523404
2030-09-01 15:00:00,0.0,81.99637983468233
2030-09-01 16:00:00,0.0,89.91377609436176
2030-09-01 17:00:00,0.0,90.42709110747877
2030-09-01 18:00:00,0.0,95.42185627349475
2030-09-01 19:00:00,0.0,111.03961910313863
2030-09-01 20:00:00,0.0,119.05163519260554
2030-09-01 21:00:00,0.0,122.69149184491825
2030-09-01 22:00:00,0.0,125.82276818927117
2030-09-01 23:00:00,0.0,128.030708215897
2030-09-02 00:00:00,0.0,123.7025144226385
2030-09-02 01:00:00,0.0,118.5588384114444
2030-09-02 02:00:00,0.0,113.04600324567934
2030-09-02 03:00:00,0.0,110.99852907484092
2030-09-02 04:00:00,0.0,108.03210289927505
2030-09-02 05:00:00,0.0,106.62999960198567
2030-09-02 06:00:00,0.0,99.73172152833
2030-09-02 07:00:00,0.0,96.92576120855142
2030-09-02 08:00:00,0.0,88.09084019752436
2030-09-02 09:00:00,0.0,80.86868968449085
2030-09-02 10:00:00,0.0,72.28888269407103
2030-09-02 11:00:00,0.0,69.54727258731407
2030-09-02 12:00:00,0.0,67.34636013782585
2030-09-02 13:00:00,0.0,67.69509710976092
2030-09-02 14:00:00,0.0,68.78713093676743
2030-09-02 15:00:00,0.0,74.15774484377289
2030-09-02 16:00:00,0.0,79.15688991640138
2030-09-02 17:00:00,0.0,81.6549336244168
2030-09-02 18:00:00,0.0,85.22216213817273
2030-09-02 19:00:00,0.0,98.7222723330742
2030-09-02 20:00:00,0.0,109.64640694574769
2030-09-02 21:00:00,0.0,116.60518853879852
2030-09-02 22:00:00,0.0,122.59240637112612
2030-09-02 23:00:00,0.0,123.76915598023322
2030-09-03 00:00:00,0.0,113.836933310817
2030-09-03 01:00:00,0.0,107.8155178370921
2030-09-03 02:00:00,0.0,102.81915474268637
2030-09-03 03:00:00,0.0,100.5103755170686
2030-09-03 04:00:00,0.0,97.25370782092558
2030-09-03 05:00:00,0.0,95.82968295863792
2030-09-03 06:00:00,0.0,95.16414424529043
2030-09-03 07:00:00,0.0,89.68024554532326
2030-09-03 08:00:00,0.0,83.3656831667199
2030-09-03 09:00:00,0.0,79.35437410691544
2030-09-03 10:00:00,0.0,74.60830210350025
2030-09-03 11:00:00,0.0,74.21346513590606
2030-09-03 12:00:00,0.0,71.75082198620532
2030-09-03 13:00:00,0.0,70.10522236820623
2030-09-03 14:00:00,0.0,68.98092230914733
2030-09-03 15:00:00,0.0,79.06294965605012
2030-09-03 16:00:00,0.0,88.76906709941657
2030-09-03 17:00:00,0.0,91.40832787544286
2030-09-03 18:00:00,0.0,94.37947301270879
2030-09-03 19:00:00,0.0,112.13226272536927
2030-09-03 20:00:00,0.0,116.54731560720312
2030-09-03 21:00:00,0.0,123.87174890442508
2030-09-03 22:00:00,0.0,133.94163900203043
2030-09-03 23:00:00,0.0,135.23150388652869
2030-09-04 00:00:00,0.0,127.82289177971336
2030-09-04 01:00:00,0.0,122.39949659914134
2030-09-04 02:00:00,0.0,117.15147393855544
2030-09-04 03:00:00,0.0,112.24192024154284
2030-09-04 04:00:00,0.0,109.0062972477981
2030-09-04 05:00:00,0.0,108.70816396382168
2030-09-04 06:00:00,0.0,106.19682947761989
2030-09-04 07:00:00,0.0,100.90145623663771
2030-09-04 08:00:00,0.0,89.2493526066553
2030-09-04 09:00:00,0.0,82.22466015993882
2030-09-04 10:00:00,0.0,79.11572182399459
2030-09-04 11:00:00,0.0,76.08256809715601
2030-09-04 12:00:00,0.0,73.84073270571571
2030-09-04 13:00:00,0.0,75.34606274680118
2030-09-04 14:00:00,0.0,73.166315025877
2030-09-04 15:00:00,0.0,80.92550209498857
2030-09-04 16:00:00,0.0,89.61944181691183
2030-09-04 17:00:00,0.0,92.29311816099448
2030-09-04 18:00:00,0.0,96.61227887326584
2030-09-04 19:00:00,0.0,113.4578253838698
2030-09-04 20:00:00,0.0,122.18378839955837
2030-09-04 21:00:00,0.0,125.28349769031364
2030-09-04 22:00:00,0.0,130.96995165086503
2030-09-04 23:00:00,0.0,132.71227763692752
2030-09-05 00:00:00,0.0,128.88827983862927
2030-09-05 01:00:00,0.0,123.88928615642372
2030-09-05 02:00:00,0.0,118.41327921985588
2030-09-05 03:00:00,0.0,111.34401293921373
2030-09-05 04:00:00,0.0,108.99928234699873
2030-09-05 05:00:00,0.0,109.9980288483199
2030-09-05 06:00:00,0.0,106.92988661116205
2030-09-05 07:00:00,0.0,101.3977604681986
2030-09-05 08:00:00,0.0,88.8942193984275
2030-09-05 09:00:00,0.0,82.41219063917208
2030-09-05 10:00:00,0.0,75.99075350044883
2030-09-05 11:00:00,0.0,72.63281851901547
2030-09-05 12:00:00,0.0,72.80625331492182
2030-09-05 13:00:00,0.0,73.30215602947226
2030-09-05 14:00:00,0.0,69.72546831461909
2030-09-05 15:00:00,0.0,80.08675729899822
2030-09-05 16:00:00,0.0,86.77562567972734
2030-09-05 17:00:00,0.0,89.35057913419632
2030-09-05 18:00:00,0.0,92.96550501189563
2030-09-05 19:00:00,0.0,109.19279268459672
2030-09-05 20:00:00,0.0,117.46802133713048
2030-09-05 21:00:00,0.0,122.18641898735812
2030-09-05 22:00:00,0.0,128.4331881492651
2030-09-05 23:00:00,0.0,129.7484820491613
2030-09-06 00:00:00,0.0,125.64476508148516
2030-09-06 01:00:00,0.0,120.53177926128863
2030-09-06 02:00:00,0.0,113.79922821901992
2030-09-06 03:00:00,0.0,109.89806651192782
2030-09-06 04:00:00,0.0,107.36568732332762
2030-09-06 05:00:00,0.0,107.47880259871874
2030-09-06 06:00:00,0.0,105.3690711832852
2030-09-06 07:00:00,0.0,100.11315675929995
2030-09-06 08:00:00,0.0,87.86564800294137
2030-09-06 09:00:00,0.0,83.82581263493489
2030-09-06 10:00:00,0.0,75.98241728104028
2030-09-06 11:00:00,0.0,72.88821763010378
2030-09-06 12:00:00,0.0,73.7135298095295
2030-09-06 13:00:00,0.0,76.38067196311715
2030-09-06 14:00:00,0.0,73.73060431648832
2030-09-06 15:00:00,0.0,82.89679900965962
2030-09-06 16:00:00,0.0,89.9977962308293
2030-09-06 17:00:00,0.0,89.335189499325
2030-09-06 18:00:00,0.0,93.58583050655501
2030-09-06 19:00:00,0.0,109.07037418408368
2030-09-06 20:00:00,0.0,117.15410452635524
2030-09-06 21:00:00,0.0,122.4214181641396
2030-09-06 22:00:00,0.0,128.52701244745776
2030-09-06 23:00:00,0.0,129.95191417234537
2030-09-07 00:00:00,0.0,126.11037912204849
2030-09-07 01:00:00,0.0,121.07631093584564
2030-09-07 02:00:00,0.0,115.32321541769964
2030-09-07 03:00:00,0.0,111.37821058061104
2030-09-07 04:00:00,0.0,108.9019505984064
2030-09-07 05:00:00,0.0,108.3276055954517
2030-09-07 06:00:00,0.0,105.28664609889164
2030-09-07 07:00:00,0.0,99.41429726715512
2030-09-07 08:00:00,0.0,87.61997269187304
2030-09-07 09:00:00,0.0,82.19307134232916
2030-09-07 10:00:00,0.0,75.28661675650733
2030-09-07 11:00:00,0.0,73.85143559942765
2030-09-07 12:00:00,0.0,75.32495613294532
2030-09-07 13:00:00,0.0,75.51409543254739
2030-09-07 14:00:00,0.0,67.66896366420963
2030-09-07 15:00:00,0.0,78.9425469148059
2030-09-07 16:00:00,0.0,85.25220143514899
2030-09-07 17:00:00,0.0,84.2687158075455
2030-09-07 18:00:00,0.0,89.18595376824078
2030-09-07 19:00:00,0.0,103.54582410068996
2030-09-07 20:00:00,0.0,113.66506824123051
2030-09-07 21:00:00,0.0,119.28312691898724
2030-09-07 22:00:00,0.0,125.69825370008095
2030-09-07 23:00:00,0.0,127.48705340393984
2030-09-08 00:00:00,0.0,123.75512617863431
2030-09-08 01:00:00,0.0,119.28488064418706
2030-09-08 02:00:00,0.0,114.1499732589923
2030-09-08 03:00:00,0.0,109.17728545478462
2030-09-08 04:00:00,0.0,106.56949608259048
2030-09-08 05:00:00,0.0,106.70277919777992
2030-09-08 06:00:00,0.0,103.74073733521368
2030-09-08 07:00:00,0.0,98.38661430003616
2030-09-08 08:00:00,0.0,86.44943201605427
2030-09-08 09:00:00,0.0,81.60658434264178
2030-09-08 10:00:00,0.0,76.62919647340459
2030-09-08 11:00:00,0.0,77.67101573633272
2030-09-08 12:00:00,0.0,75.66384215787478
2030-09-08 13:00:00,0.0,76.0785102559763
2030-09-08 14:00:00,0.0,74.69282161824526
2030-09-08 15:00:00,0.0,80.38652876485048
2030-09-08 16:00:00,0.0,86.73190687757506
2030-09-08 17:00:00,0.0,86.37737314366973
2030-09-08 18:00:00,0.0,90.89587096255023
2030-09-08 19:00:00,0.0,105.44217033816481
2030-09-08 20:00:00,0.0,112.974977375085
2030-09-08 21:00:00,0.0,119.45236140077384
2030-09-08 22:00:00,0.0,124.62497387776568
2030-09-08 23:00:00,0.0,126.73382843059926
2030-09-09 00:00:00,0.0,123.02733022069172
2030-09-09 01:00:00,0.0,117.70915855211136
2030-09-09 02:00:00,0.0,113.04600324567934
2030-09-09 03:00:00,0.0,110.99852907484092
2030-09-09 04:00:00,0.0,108.03210289927505
2030-09-09 05:00:00,0.0,106.62999960198567
2030-09-09 06:00:00,0.0,99.73172152833
2030-09-09 07:00:00,0.0,96.92576120855142
2030-09-09 08:00:00,0.0,86.60495047244376
2030-09-09 09:00:00,0.0,79.65127328954839
2030-09-09 10:00:00,0.0,72.69999751548642
2030-09-09 11:00:00,0.0,68.15862612941464
2030-09-09 12:00:00,0.0,67.26512576802247
2030-09-09 13:00:00,0.0,71.7592408655812
2030-09-09 14:00:00,0.0,71.1172292527566
2030-09-09 15:00:00,0.0,81.94952909959852
2030-09-09 16:00:00,0.0,83.16059174185011
2030-09-09 17:00:00,0.0,86.52052154457101
2030-09-09 18:00:00,0.0,90.69976348061459
2030-09-09 19:00:00,0.0,103.62800715825595
2030-09-09 20:00:00,0.0,112.29190140973888
2030-09-09 21:00:00,0.0,119.6987597913544
2030-09-09 22:00:00,0.0,125.09584909392856
2030-09-09 23:00:00,0.0,125.55970940929194
2030-09-10 00:00:00,0.0,115.57925929687951
2030-09-10 01:00:00,0.0,108.90808863660595
2030-09-10 02:00:00,0.0,103.22864957685408
2030-09-10 03:00:00,0.0,100.67873313625535
2030-09-10 04:00:00,0.0,97.61585207469705
2030-09-10 05:00:00,0.0,95.98751822662553
2030-09-10 06:00:00,0.0,95.80162335544014
2030-09-10 07:00:00,0.0,90.25897486127758
2030-09-10 08:00:00,0.0,81.99351849364042
2030-09-10 09:00:00,0.0,75.53109151573494
2030-09-10 10:00:00,0.0,68.03571145003968
2030-09-10 11:00:00,0.0,69.30247838334981
2030-09-10 12:00:00,0.0,70.7975882457763
2030-09-10 13:00:00,0.0,74.63363473617221
2030-09-10 14:00:00,0.0,73.26098765252573
2030-09-10 15:00:00,0.0,83.73821685843745
2030-09-10 16:00:00,0.0,89.95202200494782
2030-09-10 17:00:00,0.0,91.87462250227645
2030-09-10 18:00:00,0.0,89.90867011757267
2030-09-10 19:00:00,0.0,109.09020747091633
2030-09-10 20:00:00,0.0,115.39599501349392
2030-09-10 21:00:00,0.0,121.26922070783051
2030-09-10 22:00:00,0.0,129.75900440036048
2030-09-10 23:00:00,0.0,131.02694771986043
2030-09-11 00:00:00,0.0,123.9085771336222
2030-09-11 01:00:00,0.0,119.17176536879604
2030-09-11 02:00:00,0.0,114.19820070198853
2030-09-11 03:00:00,0.0,110.38998643048897
2030-09-11 04:00:00,0.0,107.9777374180793
2030-09-11 05:00:00,0.0,107.27887792593447
2030-09-11 06:00:00,0.0,104.5904171945466
2030-09-11 07:00:00,0.0,99.39500628995664
2030-09-11 08:00:00,0.0,87.30083325805582
2030-09-11 09:00:00,0.0,78.86943150456409
2030-09-11 10:00:00,0.0,71.19714548475247
2030-09-11 11:00:00,0.0,67.42137710394661
2030-09-11 12:00:00,0.0,68.03863047864705
2030-09-11 13:00:00,0.0,70.3965904026278
2030-09-11 14:00:00,0.0,67.99344106528167
2030-09-11 15:00:00,0.0,78.03815344248778
2030-09-11 16:00:00,0.0,84.74555747344039
2030-09-11 17:00:00,0.0,88.13631723464027
2030-09-11 18:00:00,0.0,91.74533535470334
2030-09-11 19:00:00,0.0,103.52023359169276
2030-09-11 20:00:00,0.0,112.93551855808812
2030-09-11 21:00:00,0.0,117.10236963295927
2030-09-11 22:00:00,0.0,125.95342071666084
2030-09-11 23:00:00,0.0,128.19380465948404
2030-09-12 00:00:00,0.0,124.62234328996588
2030-09-12 01:00:00,0.0,119.7846923261476
2030-09-12 02:00:00,0.0,113.77993724182149
2030-09-12 03:00:00,0.0,109.37808699016885
2030-09-12 04:00:00,0.0,106.70014860998015
2030-09-12 05:00:00,0.0,106.70277919777992
2030-09-12 06:00:00,0.0,103.8933114276017
2030-09-12 07:00:00,0.0,98.82329187480173
2030-09-12 08:00:00,0.0,86.36265924359088
2030-09-12 09:00:00,0.0,81.15984619308291
2030-09-12 10:00:00,0.0,75.24508554807062
2030-09-12 11:00:00,0.0,75.78736660555158
2030-09-12 12:00:00,0.0,75.0843718915462
2030-09-12 13:00:00,0.0,77.93182585511782
2030-09-12 14:00:00,0.0,72.2581935564699
2030-09-12 15:00:00,0.0,84.31575941012602
2030-09-12 16:00:00,0.0,88.98586780994253
2030-09-12 17:00:00,0.0,86.43045141453263
2030-09-12 18:00:00,0.0,90.56900672835661
2030-09-12 19:00:00,0.0,105.94223989511865
2030-09-12 20:00:00,0.0,113.96407838780692
2030-09-12 21:00:00,0.0,120.8851548890608
2030-09-12 22:00:00,0.0,126.05425991565288
2030-09-12 23:00:00,0.0,127.58526201513212
2030-09-13 00:00:00,0.0,124.04186024881164
2030-09-13 01:00:00,0.0,119.2936492701864
2030-09-13 02:00:00,0.0,113.81501174581877
2030-09-13 03:00:00,0.0,109.66306733514637
2030-09-13 04:00:00,0.0,107.22188185693904
2030-09-13 05:00:00,0.0,106.85272270236804
2030-09-13 06:00:00,0.0,104.11691139058392
2030-09-13 07:00:00,0.0,98.71806836281009
2030-09-13 08:00:00,0.0,87.67155380218115
2030-09-13 09:00:00,0.0,79.94821518448055
2030-09-13 10:00:00,0.0,75.68058677454064
2030-09-13 11:00:00,0.0,72.65073768864579
2030-09-13 12:00:00,0.0,71.4402523757642
2030-09-13 13:00:00,0.0,74.00075697283567
2030-09-13 14:00:00,0.0,72.4806272557189
2030-09-13 15:00:00,0.0,76.92059476982058
2030-09-13 16:00:00,0.0,87.69422350452214
2030-09-13 17:00:00,0.0,89.61095480641211
2030-09-13 18:00:00,0.0,92.182496983124
2030-09-13 19:00:00,0.0,105.95930179188768
2030-09-13 20:00:00,0.0,111.85522383497334
2030-09-13 21:00:00,0.0,116.98311631936872
2030-09-13 22:00:00,0.0,124.55833232017096
2030-09-13 23:00:00,0.0,126.65140334620583
2030-09-14 00:00:00,0.0,123.10800157988535
2030-09-14 01:00:00,0.0,118.39223451745748
2030-09-14 02:00:00,0.0,113.1100142154744
2030-09-14 03:00:00,0.0,109.17728545478462
2030-09-14 04:00:00,0.0,106.56949608259048
2030-09-14 05:00:00,0.0,106.70277919777992
2030-09-14 06:00:00,0.0,103.74073733521368
2030-09-14 07:00:00,0.0,98.38661430003616
2030-09-14 08:00:00,0.0,85.53735076717794
2030-09-14 09:00:00,0.0,79.77965289502458
2030-09-14 10:00:00,0.0,75.97310311707099
2030-09-14 11:00:00,0.0,75.05122371671848
2030-09-14 12:00:00,0.0,75.58914311805745
2030-09-14 13:00:00,0.0,73.87857670106881
2030-09-14 14:00:00,0.0,72.43397715515152
2030-09-14 15:00:00,0.0,80.72017686903779
2030-09-14 16:00:00,0.0,87.9298107221555
2030-09-14 17:00:00,0.0,91.14732925698797
2030-09-14 18:00:00,0.0,94.60456925304048
2030-09-14 19:00:00,0.0,109.91768861397895
2030-09-14 20:00:00,0.0,117.29352567974422
2030-09-14 21:00:00,0.0,121.20784032583536
2030-09-14 22:00:00,0.0,127.38007616674825
2030-09-14 23:00:00,0.0,129.47665464318288
2030-09-15 00:00:00,0.0,126.01830854905575
2030-09-15 01:00:00,0.0,121.00966937825092
2030-09-15 02:00:00,0.0,115.07857075231902
2030-09-15 03:00:00,0.0,111.01869691463934
2030-09-15 04:00:00,0.0,108.15047935026564
2030-09-15 05:00:00,0.0,107.1806693147422
2030-09-15 06:00:00,0.0,104.28526900977069
2030-09-15 07:00:00,0.0,98.97849655498952
2030-09-15 08:00:00,0.0,87.69102554925779
2030-09-15 09:00:00,0.0,79.4247616847042
2030-09-15 10:00:00,0.0,74.74937981189225
2030-09-15 11:00:00,0.0,72.67432115541406
2030-09-15 12:00:00,0.0,70.5908995772769
2030-09-15 13:00:00,0.0,69.71898995021024
2030-09-15 14:00:00,0.0,71.04027120125738
2030-09-15 15:00:00,0.0,89.42864154694551
2030-09-15 16:00:00,0.0,89.87727822182659
2030-09-15 17:00:00,0.0,87.49423850619405
2030-09-15 18:00:00,0.0,93.06305894195725
2030-09-15 19:00:00,0.0,105.7877771435792
2030-09-15 20:00:00,0.0,114.56560613135944
2030-09-15 21:00:00,0.0,119.6733307759564
2030-09-15 22:00:00,0.0,127.64488867192732
2030-09-15 23:00:00,0.0,129.50471424638067
2030-09-16 00:00:00,0.0,125.7596340820761
2030-09-16 01:00:00,0.0,120.27748910730872
2030-09-16 02:00:00,0.0,114.64540062795322
2030-09-16 03:00:00,0.0,112.45499785332606
2030-09-16 04:00:00,0.0,109.224636035181
2030-09-16 05:00:00,0.0,107.2806316511344
2030-09-16 06:00:00,0.0,100.3832304400786
2030-09-16 07:00:00,0.0,97.67547873149226
2030-09-16 08:00:00,0.0,89.10996229531236
2030-09-16 09:00:00,0.0,80.16763460291304
2030-09-16 10:00:00,0.0,74.17013279904347
2030-09-16 11:00:00,0.0,70.14835915970173
2030-09-16 12:00:00,0.0,68.65642066530381
2030-09-16 13:00:00,0.0,70.47059448024038
2030-09-16 14:00:00,0.0,71.16693749490469
2030-09-16 15:00:00,0.0,83.57604700652665
2030-09-16 16:00:00,0.0,87.1005684568414
2030-09-16 17:00:00,0.0,91.02376274387801
2030-09-16 18:00:00,0.0,93.1980469454496
2030-09-16 19:00:00,0.0,106.29295794830055
2030-09-16 20:00:00,0.0,113.74749332562396
2030-09-16 21:00:00,0.0,119.7522484099502
2030-09-16 22:00:00,0.0,124.71792131335836
2030-09-16 23:00:00,0.0,125.95166699146102
2030-09-17 00:00:00,0.0,116.77179243278532
2030-09-17 01:00:00,0.0,110.47591896528216
2030-09-17 02:00:00,0.0,105.0770759375082
2030-09-17 03:00:00,0.0,102.62186065770196
2030-09-17 04:00:00,0.0,99.33450277056136
2030-09-17 05:00:00,0.0,96.79598554376173
2030-09-17 06:00:00,0.0,96.38736757219395
2030-09-17 07:00:00,0.0,90.87628613162883
2030-09-17 08:00:00,0.0,83.83952587841894
2030-09-17 09:00:00,0.0,75.10933514298574
2030-09-17 10:00:00,0.0,70.69342577576163
2030-09-17 11:00:00,0.0,67.41755871643272
2030-09-17 12:00:00,0.0,67.47103053684293
2030-09-17 13:00:00,0.0,67.81282726325458
2030-09-17 14:00:00,0.0,71.41746235174583
2030-09-17 15:00:00,0.0,83.26665679221992
2030-09-17 16:00:00,0.0,93.4837962617081
2030-09-17 17:00:00,0.0,93.41038429926073
2030-09-17 18:00:00,0.0,94.57206087981172
2030-09-17 19:00:00,0.0,112.0451534723121
2030-09-17 20:00:00,0.0,118.08971692048137
2030-09-17 21:00:00,0.0,125.12390869712635
2030-09-17 22:00:00,0.0,134.2248656218081
2030-09-17 23:00:00,0.0,135.55857363630287
2030-09-18 00:00:00,0.0,128.38846815666875
2030-09-18 01:00:00,0.0,123.81475283542964
2030-09-18 02:00:00,0.0,117.296156267544
2030-09-18 03:00:00,0.0,113.29327849885988
2030-09-18 04:00:00,0.0,110.64690717226868
2030-09-18 05:00:00,0.0,108.9834988202
2030-09-18 06:00:00,0.0,106.21436672961852
2030-09-18 07:00:00,0.0,101.00229543562976
2030-09-18 08:00:00,0.0,88.6122697335635
2030-09-18 09:00:00,0.0,80.10522322387612
2030-09-18 10:00:00,0.0,75.77582511725768
2030-09-18 11:00:00,0.0,70.89379949077318
2030-09-18 12:00:00,0.0,69.059947842768
2030-09-18 13:00:00,0.0,70.5950450821448
2030-09-18 14:00:00,0.0,69.6868368591771
2030-09-18 15:00:00,0.0,80.64822718868014
2030-09-18 16:00:00,0.0,89.63757059504995
2030-09-18 17:00:00,0.0,88.92748581306385
2030-09-18 18:00:00,0.0,94.29510186747018
2030-09-18 19:00:00,0.0,109.57974268376095
2030-09-18 20:00:00,0.0,117.71529659031091
2030-09-18 21:00:00,0.0,122.70201419611736
2030-09-18 22:00:00,0.0,129.09785000001273
2030-09-18 23:00:00,0.0,131.0392237962595
2030-09-19 00:00:00,0.0,127.53791143473586
2030-09-19 01:00:00,0.0,122.78180869271112
2030-09-19 02:00:00,0.0,117.7319569797096
2030-09-19 03:00:00,0.0,111.59041132979428
2030-09-19 04:00:00,0.0,108.82478668961244
2030-09-19 05:00:00,0.0,108.77831297181613
2030-09-19 06:00:00,0.0,106.00479656823507
2030-09-19 07:00:00,0.0,100.54545002106578
2030-09-19 08:00:00,0.0,88.6085352502166
2030-09-19 09:00:00,0.0,79.20425382964186
2030-09-19 10:00:00,0.0,73.2118040392868
2030-09-19 11:00:00,0.0,73.83200429464227
2030-09-19 12:00:00,0.0,74.23421657227505
2030-09-19 13:00:00,0.0,73.79797582843558
2030-09-19 14:00:00,0.0,68.92255456554653
2030-09-19 15:00:00,0.0,79.79257212401512
2030-09-19 16:00:00,0.0,86.64724805971946
2030-09-19 17:00:00,0.0,88.3621521560043
2030-09-19 18:00:00,0.0,90.2226682118188
2030-09-19 19:00:00,0.0,105.9367863838737
2030-09-19 20:00:00,0.0,116.06065686424152
2030-09-19 21:00:00,0.0,122.18641898735812
2030-09-19 22:00:00,0.0,128.72430653244214
2030-09-19 23:00:00,0.0,130.27898392211955
2030-09-20 00:00:00,0.0,126.35940810042882
2030-09-20 01:00:00,0.0,121.16838150883848
2030-09-20 02:00:00,0.0,115.66431496907283
2030-09-20 03:00:00,0.0,109.81476456493442
2030-09-20 04:00:00,0.0,107.1157814823473
2030-09-20 05:00:00,0.0,106.97372974115852
2030-09-20 06:00:00,0.0,104.12129570358364
2030-09-20 07:00:00,0.0,98.73998992780832
2030-09-20 08:00:00,0.0,85.48136263947822
2030-09-20 09:00:00,0.0,76.71233075466672
2030-09-20 10:00:00,0.0,77.23191457055304
2030-09-20 11:00:00,0.0,72.6456988075322
2030-09-20 12:00:00,0.0,74.2875111170688
2030-09-20 13:00:00,0.0,77.19296248201702
2030-09-20 14:00:00,0.0,76.91152587065481
2030-09-20 15:00:00,0.0,83.69520486879696
2030-09-20 16:00:00,0.0,89.48457186375695
2030-09-20 17:00:00,0.0,92.79788166735408
2030-09-20 18:00:00,0.0,97.93813004969444
2030-09-20 19:00:00,0.0,112.65701894193
2030-09-20 20:00:00,0.0,121.54806301460847
2030-09-20 21:00:00,0.0,125.82276818927117
2030-09-20 22:00:00,0.0,130.56308740449708
2030-09-20 23:00:00,0.0,132.22561889396593
2030-09-21 00:00:00,0.0,128.18854348388447
2030-09-21 01:00:00,0.0,123.10274040428578
2030-09-21 02:00:00,0.0,116.98048573156892
2030-09-21 03:00:00,0.0,113.35027456785542
2030-09-21 04:00:00,0.0,110.48381072868165
2030-09-21 05:00:00,0.0,109.4070234559665
2030-09-21 06:00:00,0.0,106.37483258540578
2030-09-21 07:00:00,0.0,100.78658723604678
2030-09-21 08:00:00,0.0,88.52861010206969
2030-09-21 09:00:00,0.0,80.20865432514755
2030-09-21 10:00:00,0.0,77.62858961327083
2030-09-21 11:00:00,0.0,73.56839958677868
2030-09-21 12:00:00,0.0,72.2984143658648
2030-09-21 13:00:00,0.0,71.73702631011929
2030-09-21 14:00:00,0.0,71.80592439099655
2030-09-21 15:00:00,0.0,81.3880656665883
2030-09-21 16:00:00,0.0,87.90961333137898
2030-09-21 17:00:00,0.0,90.84636707654556
2030-09-21 18:00:00,0.0,95.39322641487854
2030-09-21 19:00:00,0.0,110.80088544301032
2030-09-21 20:00:00,0.0,118.07305653108268
2030-09-21 21:00:00,0.0,122.67044714251993
2030-09-21 22:00:00,0.0,129.7730342019595
2030-09-21 23:00:00,0.0,131.4916848978238
2030-09-22 00:00:00,0.0,127.79483217651556
2030-09-22 01:00:00,0.0,122.91596867050055
2030-09-22 02:00:00,0.0,116.47541287400873
2030-09-22 03:00:00,0.0,112.26910298214068
2030-09-22 04:00:00,0.0,109.57538107515325
2030-09-22 05:00:00,0.0,108.8721372700088
2030-09-22 06:00:00,0.0,105.91272599524234
2030-09-22 07:00:00,0.0,100.50949865446864
2030-09-22 08:00:00,0.0,88.4990083855962
2030-09-22 09:00:00,0.0,80.12711455446798
2030-09-22 10:00:00,0.0,74.37159422936237
2030-09-22 11:00:00,0.0,70.99856239410417
2030-09-22 12:00:00,0.0,68.84871792563388
2030-09-22 13:00:00,0.0,70.83762100192416
2030-09-22 14:00:00,0.0,64.60673486286305
2030-09-22 15:00:00,0.0,72.37302775438435
2030-09-22 16:00:00,0.0,80.25368056259923
2030-09-22 17:00:00,0.0,83.34201814922312
2030-09-22 18:00:00,0.0,89.21863905542568
2030-09-22 19:00:00,0.0,107.34271240824978
2030-09-22 20:00:00,0.0,115.85985532885728
2030-09-22 21:00:00,0.0,120.40375732169876
2030-09-22 22:00:00,0.0,127.20119619636237
2030-09-22 23:00:00,0.0,128.75675044863965
2030-09-23 00:00:00,0.0,124.62146642736592
2030-09-23 01:00:00,0.0,119.12704537619948
2030-09-23 02:00:00,0.0,113.72031058502614
2030-09-23 03:00:00,0.0,111.56936662739588
2030-09-23 04:00:00,0.0,108.59943300143028
2030-09-23 05:00:00,0.0,106.62999960198567
2030-09-23 06:00:00,0.0,100.08685088130198
2030-09-23 07:00:00,0.0,97.02396981974368
2030-09-23 08:00:00,0.0,89.72906969867677
2030-09-23 09:00:00,0.0,80.27211308124323
2030-09-23 10:00:00,0.0,75.18018733626785
2030-09-23 11:00:00,0.0,70.24351031274148
2030-09-23 12:00:00,0.0,68.38939159481652
2030-09-23 13:00:00,0.0,68.46076019392513
2030-09-23 14:00:00,0.0,63.42005135193722
2030-09-23 15:00:00,0.0,76.0241683141777
2030-09-23 16:00:00,0.0,82.64241854170906
2030-09-23 17:00:00,0.0,87.76169302167136
2030-09-23 18:00:00,0.0,92.85883788578724
2030-09-23 19:00:00,0.0,108.98860278459868
2030-09-23 20:00:00,0.0,116.25005918582656
2030-09-23 21:00:00,0.0,120.41603339809784
2030-09-23 22:00:00,0.0,124.6889848475606
2030-09-23 23:00:00,0.0,125.52989608089432
2030-09-24 00:00:00,0.0,115.42843892969142
2030-09-24 01:00:00,0.0,109.30881484477436
2030-09-24 02:00:00,0.0,103.54081266242952
2030-09-24 03:00:00,0.0,101.18029854341567
2030-09-24 04:00:00,0.0,97.67197128109262
2030-09-24 05:00:00,0.0,95.08785719909645
2030-09-24 06:00:00,0.0,94.58103061633642
2030-09-24 07:00:00,0.0,89.15237426016483
2030-09-24 08:00:00,0.0,81.38959876100249
2030-09-24 09:00:00,0.0,72.61801773307921
2030-09-24 10:00:00,0.0,67.8679553651001
2030-09-24 11:00:00,0.0,64.84881128037614
2030-09-24 12:00:00,0.0,63.7367036023005
2030-09-24 13:00:00,0.0,64.48002011259314
2030-09-24 14:00:00,0.0,66.80893248070754
2030-09-24 15:00:00,0.0,77.38070568374519
2030-09-24 16:00:00,0.0,88.02802529606252
2030-09-24 17:00:00,0.0,92.13209433687848
2030-09-24 18:00:00,0.0,95.83900627576371
2030-09-24 19:00:00,0.0,113.71822273400312
2030-09-24 20:00:00,0.0,117.00240729656718
2030-09-24 21:00:00,0.0,124.203202967199
2030-09-24 22:00:00,0.0,132.2720926117622
2030-09-24 23:00:00,0.0,133.71979276424804
2030-09-25 00:00:00,0.0,125.99814070925731
2030-09-25 01:00:00,0.0,121.09384818784427
2030-09-25 02:00:00,0.0,114.9908844923259
2030-09-25 03:00:00,0.0,111.18705453382609
2030-09-25 04:00:00,0.0,108.90282746100638
2030-09-25 05:00:00,0.0,108.13557268606688
2030-09-25 06:00:00,0.0,105.41028372548192
2030-09-25 07:00:00,0.0,99.52653567994628
2030-09-25 08:00:00,0.0,88.38187033696158
2030-09-25 09:00:00,0.0,79.84003743267647
2030-09-25 10:00:00,0.0,76.01669313812361
2030-09-25 11:00:00,0.0,71.19609385288345
2030-09-25 12:00:00,0.0,69.83336010304288
2030-09-25 13:00:00,0.0,71.34647531824874
2030-09-25 14:00:00,0.0,74.28122562913052
2030-09-25 15:00:00,0.0,82.53223539973817
2030-09-25 16:00:00,0.0,91.28669007386112
2030-09-25 17:00:00,0.0,92.35868740569072
2030-09-25 18:00:00,0.0,99.40706089723471
2030-09-25 19:00:00,0.0,112.75378139409791
2030-09-25 20:00:00,0.0,117.95117262969232
2030-09-25 21:00:00,0.0,123.54204856685112
2030-09-25 22:00:00,0.0,129.19693547380484
2030-09-25 23:00:00,0.0,130.7849336422796
2030-09-26 00:00:00,0.0,126.37256103942777
2030-09-26 01:00:00,0.0,121.1262921040418
2030-09-26 02:00:00,0.0,114.42355439017068
2030-09-26 03:00:00,0.0,110.61095580567157
2030-09-26 04:00:00,0.0,108.2557028622574
2030-09-26 05:00:00,0.0,107.51738455311568
2030-09-26 06:00:00,0.0,104.46853329315626
2030-09-26 07:00:00,0.0,99.1828055407733
2030-09-26 08:00:00,0.0,87.74987129770443
2030-09-26 09:00:00,0.0,81.84349531010923
2030-09-26 10:00:00,0.0,75.47210732876897
2030-09-26 11:00:00,0.0,72.28488585288926
2030-09-26 12:00:00,0.0,73.98108729736737
2030-09-26 13:00:00,0.0,78.68320415895174
2030-09-26 14:00:00,0.0,76.17676786528251
2030-09-26 15:00:00,0.0,85.28811479965395
2030-09-26 16:00:00,0.0,90.45131352156068
2030-09-26 17:00:00,0.0,91.16961875226569
2030-09-26 18:00:00,0.0,95.44793415955155
2030-09-26 19:00:00,0.0,109.9206498994888
2030-09-26 20:00:00,0.0,117.7547554073078
2030-09-26 21:00:00,0.0,122.91158435750094
2030-09-26 22:00:00,0.0,128.384960706269
2030-09-26 23:00:00,0.0,129.98611181374258
2030-09-27 00:00:00,0.0,126.19017361864212
2030-09-27 01:00:00,0.0,121.30254148662787
2030-09-27 02:00:00,0.0,114.74623982694528
2030-09-27 03:00:00,0.0,110.46188916368328
2030-09-27 04:00:00,0.0,107.41654535412361
2030-09-27 05:00:00,0.0,106.70277919777992
2030-09-27 06:00:00,0.0,103.74073733521368
2030-09-27 07:00:00,0.0,98.38661430003616
2030-09-27 08:00:00,0.0,84.4031600497849
2030-09-27 09:00:00,0.0,75.73318398374477
2030-09-27 10:00:00,0.0,70.21025104784529
2030-09-27 11:00:00,0.0,65.36995284961857
2030-09-27 12:00:00,0.0,62.62989410502837
2030-09-27 13:00:00,0.0,64.90617328520887
2030-09-27 14:00:00,0.0,67.75124779409646
2030-09-27 15:00:00,0.0,78.0387100240139
2030-09-27 16:00:00,0.0,85.33993693923549
2030-09-27 17:00:00,0.0,86.958364081696
2030-09-27 18:00:00,0.0,93.14162805424712
2030-09-27 19:00:00,0.0,109.90630096594712
2030-09-27 20:00:00,0.0,118.18266435607404
2030-09-27 21:00:00,0.0,123.11238589288509
2030-09-27 22:00:00,0.0,128.7295677080417
2030-09-27 23:00:00,0.0,130.9243547956686
2030-09-28 00:00:00,0.0,127.24065501335927
2030-09-28 01:00:00,0.0,122.54417892812988
2030-09-28 02:00:00,0.0,115.83705690125917
2030-09-28 03:00:00,0.0,111.60794858179293
2030-09-28 04:00:00,0.0,108.81251061321348
2030-09-28 05:00:00,0.0,107.854976654089
2030-09-28 06:00:00,0.0,104.84032303552692
2030-09-28 07:00:00,0.0,99.53530430594547
2030-09-28 08:00:00,0.0,88.10615080929267
2030-09-28 09:00:00,0.0,80.46775811231896
2030-09-28 10:00:00,0.0,77.20863377028206
2030-09-28 11:00:00,0.0,73.93201813549582
2030-09-28 12:00:00,0.0,71.38581410974598
2030-09-28 13:00:00,0.0,74.61797333335811
2030-09-28 14:00:00,0.0,75.54356749435577
2030-09-28 15:00:00,0.0,83.8619602193553
2030-09-28 16:00:00,0.0,90.37526926141096
2030-09-28 17:00:00,0.0,91.27556573301808
2030-09-28 18:00:00,0.0,97.440108157758
2030-09-28 19:00:00,0.0,112.83429125969224
2030-09-28 20:00:00,0.0,120.68961452927624
2030-09-28 21:00:00,0.0,124.53816448037252
2030-09-28 22:00:00,0.0,129.53978875037785
2030-09-28 23:00:00,0.0,131.39786059963123
2030-09-29 00:00:00,0.0,127.36341577734957
2030-09-29 01:00:00,0.0,122.42843306493899
2030-09-29 02:00:00,0.0,116.93138142597275
2030-09-29 03:00:00,0.0,110.26371821609892
2030-09-29 04:00:00,0.0,107.71993981369972
2030-09-29 05:00:00,0.0,107.82428646309143
2030-09-29 06:00:00,0.0,104.92450184512028
2030-09-29 07:00:00,0.0,99.428327068754
2030-09-29 08:00:00,0.0,87.32471244966656
2030-09-29 09:00:00,0.0,79.6310493205101
2030-09-29 10:00:00,0.0,74.26793347444766
2030-09-29 11:00:00,0.0,72.01867506592282
2030-09-29 12:00:00,0.0,72.75943700157414
2030-09-29 13:00:00,0.0,76.4371531460515
2030-09-29 14:00:00,0.0,72.35866724610139
2030-09-29 15:00:00,0.0,79.38408727245383
2030-09-29 16:00:00,0.0,87.86931552091151
2030-09-29 17:00:00,0.0,89.51892884376025
2030-09-29 18:00:00,0.0,94.37411622457203
2030-09-29 19:00:00,0.0,110.6419539899872
2030-09-29 20:00:00,0.0,118.44923058645304
2030-09-29 21:00:00,0.0,124.68284680936108
2030-09-29 22:00:00,0.0,130.78668736747943
2030-09-29 23:00:00,0.0,132.38871533755307
2030-09-30 00:00:00,0.0,128.36830031687032
2030-09-30 01:00:00,0.0,122.78619300571074
2030-09-30 02:00:00,0.0,117.32070842034204
2030-09-30 03:00:00,0.0,115.11189153111638
2030-09-30 04:00:00,0.0,112.07443948495607
2030-09-30 05:00:00,0.0,109.62623910594924
2030-09-30 06:00:00,0.0,102.46577911491433
2030-09-30 07:00:00,0.0,99.67998663493417
2030-09-30 08:00:00,0.0,90.79587307457108
2030-09-30 09:00:00,0.0,81.38146961350219
2030-09-30 10:00:00,0.0,77.40803044321831
2030-09-30 11:00:00,0.0,73.12116691939411
2030-09-30 12:00:00,0.0,70.51351088559761
2030-09-30 13:00:00,0.0,71.4337062777879
2030-09-30 14:00:00,0.0,68.16499410579718
2030-09-30 15:00:00,0.0,76.55580466844344
2030-09-30 16:00:00,0.0,82.83139680377474
2030-09-30 17:00:00,0.0,89.10449212715275
2030-09-30 18:00:00,0.0,94.13440803835577
2030-09-30 19:00:00,0.0,109.8724378775156
2030-09-30 20:00:00,0.0,116.58063638600048
2030-09-30 21:00:00,0.0,121.46300734241515
2030-09-30 22:00:00,0.0,126.21911008443988
2030-09-30 23:00:00,0.0,127.02582367637626
2030-10-01 00:00:00,0.0,138.31542965048538
2030-10-01 01:00:00,0.0,132.09935067957588
2030-10-01 02:00:00,0.0,126.63474295680705
2030-10-01 03:00:00,0.0,125.31944905691093
2030-10-01 04:00:00,0.0,123.21936313007654
2030-10-01 05:00:00,0.0,120.27924283250854
2030-10-01 06:00:00,0.0,121.13330700484119
2030-10-01 07:00:00,0.0,115.49683421248596
2030-10-01 08:00:00,0.0,98.64563916814721
2030-10-01 09:00:00,0.0,88.05435448742413
2030-10-01 10:00:00,0.0,80.72239827751582
2030-10-01 11:00:00,0.0,76.66801633211571
2030-10-01 12:00:00,0.0,78.51119923578938
2030-10-01 13:00:00,0.0,77.40095640190236
2030-10-01 14:00:00,0.0,76.52108502847305
2030-10-01 15:00:00,0.0,85.88269356069725
2030-10-01 16:00:00,0.0,91.0271168183865
2030-10-01 17:00:00,0.0,96.67248664787233
2030-10-01 18:00:00,0.0,100.93574867284929
2030-10-01 19:00:00,0.0,119.39885393304188
2030-10-01 20:00:00,0.0,124.55570173237116
2030-10-01 21:00:00,0.0,130.47189369410432
2030-10-01 22:00:00,0.0,141.87461494360443
2030-10-01 23:00:00,0.0,143.50557937947576
2030-10-02 00:00:00,0.0,139.5938953211845
2030-10-02 01:00:00,0.0,133.44445790786972
2030-10-02 02:00:00,0.0,129.32495741339483
2030-10-02 03:00:00,0.0,125.72455957807892
2030-10-02 04:00:00,0.0,122.82039064710806
2030-10-02 05:00:00,0.0,121.83655080998572
2030-10-02 06:00:00,0.0,118.54305488464558
2030-10-02 07:00:00,0.0,111.92888029336756
2030-10-02 08:00:00,0.0,102.59119402538158
2030-10-02 09:00:00,0.0,91.20442177419194
2030-10-02 10:00:00,0.0,86.09615888330188
2030-10-02 11:00:00,0.0,84.3596635966287
2030-10-02 12:00:00,0.0,81.56821568812732
2030-10-02 13:00:00,0.0,80.96120874724761
2030-10-02 14:00:00,0.0,78.0414865700411
2030-10-02 15:00:00,0.0,92.62061140885056
2030-10-02 16:00:00,0.0,96.70351499013985
2030-10-02 17:00:00,0.0,99.61253247066145
2030-10-02 18:00:00,0.0,103.62875188743146
2030-10-02 19:00:00,0.0,124.44642503223245
2030-10-02 20:00:00,0.0,128.14031604088825
2030-10-02 21:00:00,0.0,134.7097706395699
2030-10-02 22:00:00,0.0,140.6478841663013
2030-10-02 23:00:00,0.0,142.09295373098723
2030-10-03 00:00:00,0.0,139.28436282340883
2030-10-03 01:00:00,0.0,132.9858587681059
2030-10-03 02:00:00,0.0,129.50997542198024
2030-10-03 03:00:00,0.0,123.46663838325708
2030-10-03 04:00:00,0.0,120.3450075275034
2030-10-03 05:00:00,0.0,120.00040052573058
2030-10-03 06:00:00,0.0,116.28864114022348
2030-10-03 07:00:00,0.0,109.17640859218476
2030-10-03 08:00:00,0.0,100.00154204365651
2030-10-03 09:00:00,0.0,89.77152111724047
2030-10-03 10:00:00,0.0,85.53467450333665
2030-10-03 11:00:00,0.0,83.24597952614408
2030-10-03 12:00:00,0.0,81.02183101071456
2030-10-03 13:00:00,0.0,79.84586550039772
2030-10-03 14:00:00,0.0,80.08093451820558
2030-10-03 15:00:00,0.0,91.97293709377584
2030-10-03 16:00:00,0.0,96.15517842146414
2030-10-03 17:00:00,0.0,99.29268660327455
2030-10-03 18:00:00,0.0,99.89945257205521
2030-10-03 19:00:00,0.0,120.27829700244762
2030-10-03 20:00:00,0.0,125.74648114307716
2030-10-03 21:00:00,0.0,133.5540657328611
2030-10-03 22:00:00,0.0,142.72078735253774
2030-10-03 23:00:00,0.0,143.78442168625384
2030-10-04 00:00:00,0.0,140.74960022789332
2030-10-04 01:00:00,0.0,134.04598565142223
2030-10-04 02:00:00,0.0,130.39736037311013
2030-10-04 03:00:00,0.0,124.84155893994853
2030-10-04 04:00:00,0.0,121.08771014964486
2030-10-04 05:00:00,0.0,120.4844286808924
2030-10-04 06:00:00,0.0,116.85334065457891
2030-10-04 07:00:00,0.0,109.32722895937286
2030-10-04 08:00:00,0.0,98.6864092102169
2030-10-04 09:00:00,0.0,89.85392345037383
2030-10-04 10:00:00,0.0,83.00420619462886
2030-10-04 11:00:00,0.0,85.66013831751536
2030-10-04 12:00:00,0.0,89.39351054374016
2030-10-04 13:00:00,0.0,89.86152011518446
2030-10-04 14:00:00,0.0,86.19479348230742
2030-10-04 15:00:00,0.0,99.43134101616432
2030-10-04 16:00:00,0.0,99.94208820789025
2030-10-04 17:00:00,0.0,99.97446436293215
2030-10-04 18:00:00,0.0,99.04312436570592
2030-10-04 19:00:00,0.0,118.1105080302849
2030-10-04 20:00:00,0.0,123.80686107203017
2030-10-04 21:00:00,0.0,132.22298830616614
2030-10-04 22:00:00,0.0,139.84292429956483
2030-10-04 23:00:00,0.0,141.10999075646487
2030-10-05 00:00:00,0.0,138.34436611628303
2030-10-05 01:00:00,0.0,132.0932126413763
2030-10-05 02:00:00,0.0,128.71816849424272
2030-10-05 03:00:00,0.0,122.97647218989572
2030-10-05 04:00:00,0.0,119.81801310494507
2030-10-05 05:00:00,0.0,119.65403979875792
2030-10-05 06:00:00,0.0,116.12554469663633
2030-10-05 07:00:00,0.0,108.73359297921968
2030-10-05 08:00:00,0.0,99.86753199369912
2030-10-05 09:00:00,0.0,89.67431765579079
2030-10-05 10:00:00,0.0,85.22556747049715
2030-10-05 11:00:00,0.0,84.15904262237132
2030-10-05 12:00:00,0.0,81.72076384778745
2030-10-05 13:00:00,0.0,81.23747409809232
2030-10-05 14:00:00,0.0,81.341583506652
2030-10-05 15:00:00,0.0,93.98144876010804
2030-10-05 16:00:00,0.0,98.41369319337603
2030-10-05 17:00:00,0.0,100.04477482596552
2030-10-05 18:00:00,0.0,102.7368905718406
2030-10-05 19:00:00,0.0,123.504820672483
2030-10-05 20:00:00,0.0,128.07542820849335
2030-10-05 21:00:00,0.0,134.49844675298652
2030-10-05 22:00:00,0.0,142.03069648639212
2030-10-05 23:00:00,0.0,143.6344781816656
2030-10-06 00:00:00,0.0,140.13491954534175
2030-10-06 01:00:00,0.0,133.90744136063313
2030-10-06 02:00:00,0.0,129.44421072698535
2030-10-06 03:00:00,0.0,126.09897990824936
2030-10-06 04:00:00,0.0,123.1904266642789
2030-10-06 05:00:00,0.0,122.36705268294384
2030-10-06 06:00:00,0.0,118.72193485503146
2030-10-06 07:00:00,0.0,111.75000032298168
2030-10-06 08:00:00,0.0,101.84608399313174
2030-10-06 09:00:00,0.0,91.23163684768099
2030-10-06 10:00:00,0.0,87.20571227127596
2030-10-06 11:00:00,0.0,85.3814547968799
2030-10-06 12:00:00,0.0,83.21080467114835
2030-10-06 13:00:00,0.0,82.88803694437468
2030-10-06 14:00:00,0.0,79.73419590935407
2030-10-06 15:00:00,0.0,92.12358567405123
2030-10-06 16:00:00,0.0,95.98491035983375
2030-10-06 17:00:00,0.0,98.68536273364566
2030-10-06 18:00:00,0.0,102.88167725866026
2030-10-06 19:00:00,0.0,123.1381306121126
2030-10-06 20:00:00,0.0,127.59315377853147
2030-10-06 21:00:00,0.0,134.19154484301075
2030-10-06 22:00:00,0.0,141.08982291666644
2030-10-06 23:00:00,0.0,142.43843759536003
2030-10-07 00:00:00,0.0,144.02906635163447
2030-10-07 01:00:00,0.0,139.52725376358967
2030-10-07 02:00:00,0.0,133.49882338906548
2030-10-07 03:00:00,0.0,130.52362858750018
2030-10-07 04:00:00,0.0,127.03985347797516
2030-10-07 05:00:00,0.0,116.24304428502704
2030-10-07 06:00:00,0.0,114.56385240615964
2030-10-07 07:00:00,0.0,117.58990523852081
2030-10-07 08:00:00,0.0,98.37216983938583
2030-10-07 09:00:00,0.0,92.95379218311176
2030-10-07 10:00:00,0.0,83.62192855264958
2030-10-07 11:00:00,0.0,79.99031071254296
2030-10-07 12:00:00,0.0,79.9475771941627
2030-10-07 13:00:00,0.0,80.37786983247724
2030-10-07 14:00:00,0.0,76.8280589633888
2030-10-07 15:00:00,0.0,82.86529968829745
2030-10-07 16:00:00,0.0,91.18630909019896
2030-10-07 17:00:00,0.0,96.28818446183607
2030-10-07 18:00:00,0.0,99.1662908147564
2030-10-07 19:00:00,0.0,118.99793538922825
2030-10-07 20:00:00,0.0,122.8291592731074
2030-10-07 21:00:00,0.0,129.96419024874433
2030-10-07 22:00:00,0.0,135.7111477286909
2030-10-07 23:00:00,0.0,140.14719562174082
2030-10-08 00:00:00,0.0,137.2631945305684
2030-10-08 01:00:00,0.0,130.94627636066684
2030-10-08 02:00:00,0.0,125.26683730091509
2030-10-08 03:00:00,0.0,123.64814894144274
2030-10-08 04:00:00,0.0,121.1026168138436
2030-10-08 05:00:00,0.0,117.624979742518
2030-10-08 06:00:00,0.0,117.88102362169786
2030-10-08 07:00:00,0.0,111.46852742840385
2030-10-08 08:00:00,0.0,95.62968589027955
2030-10-08 09:00:00,0.0,86.12879132808915
2030-10-08 10:00:00,0.0,76.7495660357804
2030-10-08 11:00:00,0.0,74.02126672475718
2030-10-08 12:00:00,0.0,75.30626261568078
2030-10-08 13:00:00,0.0,74.82455361724749
2030-10-08 14:00:00,0.0,74.72236508704782
2030-10-08 15:00:00,0.0,85.10322479233935
2030-10-08 16:00:00,0.0,90.312958982949
2030-10-08 17:00:00,0.0,96.55998598262099
2030-10-08 18:00:00,0.0,101.23984212140908
2030-10-08 19:00:00,0.0,119.07173792019864
2030-10-08 20:00:00,0.0,124.59516054936807
2030-10-08 21:00:00,0.0,130.09045846313438
2030-10-08 22:00:00,0.0,141.45547462083755
2030-10-08 23:00:00,0.0,143.38720292848507
2030-10-09 00:00:00,0.0,139.68596589417723
2030-10-09 01:00:00,0.0,133.7873111844426
2030-10-09 02:00:00,0.0,129.44771817738513
2030-10-09 03:00:00,0.0,126.03496893845443
2030-10-09 04:00:00,0.0,123.0211921824922
2030-10-09 05:00:00,0.0,121.09560191304422
2030-10-09 06:00:00,0.0,117.00854533476672
2030-10-09 07:00:00,0.0,109.08258429399211
2030-10-09 08:00:00,0.0,99.23196810234845
2030-10-09 09:00:00,0.0,89.35880024772939
2030-10-09 10:00:00,0.0,83.07459022098169
2030-10-09 11:00:00,0.0,84.24974810141931
2030-10-09 12:00:00,0.0,80.8486579829514
2030-10-09 13:00:00,0.0,79.10510991737556
2030-10-09 14:00:00,0.0,74.7202096457263
2030-10-09 15:00:00,0.0,90.07742140829747
2030-10-09 16:00:00,0.0,95.35199611417032
2030-10-09 17:00:00,0.0,96.41575014197805
2030-10-09 18:00:00,0.0,99.64024705738893
2030-10-09 19:00:00,0.0,119.03840557563397
2030-10-09 20:00:00,0.0,124.43732528138048
2030-10-09 21:00:00,0.0,132.9516611267086
2030-10-09 22:00:00,0.0,141.05737900046893
2030-10-09 23:00:00,0.0,142.4989411147552
2030-10-10 00:00:00,0.0,139.72191726077435
2030-10-10 01:00:00,0.0,133.64964375625357
2030-10-10 02:00:00,0.0,129.48805385698188
2030-10-10 03:00:00,0.0,126.04549128965355
2030-10-10 04:00:00,0.0,122.6783389059193
2030-10-10 05:00:00,0.0,120.72468903327342
2030-10-10 06:00:00,0.0,116.77442302058512
2030-10-10 07:00:00,0.0,109.43595992176427
2030-10-10 08:00:00,0.0,100.99137727451534
2030-10-10 09:00:00,0.0,93.31595776477866
2030-10-10 10:00:00,0.0,88.8215081328683
2030-10-10 11:00:00,0.0,87.40830394803834
2030-10-10 12:00:00,0.0,88.40854786619991
2030-10-10 13:00:00,0.0,83.82004746325526
2030-10-10 14:00:00,0.0,81.04144709287662
2030-10-10 15:00:00,0.0,96.23372471634536
2030-10-10 16:00:00,0.0,98.13589417139552
2030-10-10 17:00:00,0.0,100.60641717701436
2030-10-10 18:00:00,0.0,102.56066232701276
2030-10-10 19:00:00,0.0,121.31128715194971
2030-10-10 20:00:00,0.0,128.29639758367603
2030-10-10 21:00:00,0.0,133.5514351450613
2030-10-10 22:00:00,0.0,141.77114515681262
2030-10-10 23:00:00,0.0,143.6406162198651
2030-10-11 00:00:00,0.0,141.02055077127193
2030-10-11 01:00:00,0.0,134.93687805295187
2030-10-11 02:00:00,0.0,131.50659156202266
2030-10-11 03:00:00,0.0,126.65578765920542
2030-10-11 04:00:00,0.0,123.2342697942754
2030-10-11 05:00:00,0.0,123.07994197668756
2030-10-11 06:00:00,0.0,119.03672852840668
2030-10-11 07:00:00,0.0,112.07794693535584
2030-10-11 08:00:00,0.0,102.60655047307635
2030-10-11 09:00:00,0.0,94.1374820666624
2030-10-11 10:00:00,0.0,89.44236205385232
2030-10-11 11:00:00,0.0,88.73222156910286
2030-10-11 12:00:00,0.0,89.91808820192443
2030-10-11 13:00:00,0.0,90.64503091311859
2030-10-11 14:00:00,0.0,87.96125049513864
2030-10-11 15:00:00,0.0,97.55415808535916
2030-10-11 16:00:00,0.0,105.12940344766832
2030-10-11 17:00:00,0.0,106.23807973603697
2030-10-11 18:00:00,0.0,106.57070835244144
2030-10-11 19:00:00,0.0,123.56743727292076
2030-10-11 20:00:00,0.0,127.6019224045308
2030-10-11 21:00:00,0.0,134.80359493776243
2030-10-11 22:00:00,0.0,141.2380126960547
2030-10-11 23:00:00,0.0,142.83916380352844
2030-10-12 00:00:00,0.0,140.06126308694752
2030-10-12 01:00:00,0.0,134.24766404940635
2030-10-12 02:00:00,0.0,130.94101518506727
2030-10-12 03:00:00,0.0,127.53615770953591
2030-10-12 04:00:00,0.0,124.16725160060184
2030-10-12 05:00:00,0.0,122.84231221210632
2030-10-12 06:00:00,0.0,119.20420928499344
2030-10-12 07:00:00,0.0,112.27962533333982
2030-10-12 08:00:00,0.0,101.29837556588507
2030-10-12 09:00:00,0.0,90.90450269804988
2030-10-12 10:00:00,0.0,88.44852333566881
2030-10-12 11:00:00,0.0,85.88269696055625
2030-10-12 12:00:00,0.0,89.45324463379347
2030-10-12 13:00:00,0.0,88.85072381883685
2030-10-12 14:00:00,0.0,89.61553587872629
2030-10-12 15:00:00,0.0,100.09430379805484
2030-10-12 16:00:00,0.0,104.83362824294623
2030-10-12 17:00:00,0.0,101.41180569912852
2030-10-12 18:00:00,0.0,102.4402631372044
2030-10-12 19:00:00,0.0,121.32877454190896
2030-10-12 20:00:00,0.0,125.51674314189528
2030-10-12 21:00:00,0.0,132.6631733313313
2030-10-12 22:00:00,0.0,138.97833777603307
2030-10-12 23:00:00,0.0,140.54266065430954
2030-10-13 00:00:00,0.0,138.0322030307077
2030-10-13 01:00:00,0.0,131.95992952618687
2030-10-13 02:00:00,0.0,129.3460021157931
2030-10-13 03:00:00,0.0,124.76264130595484
2030-10-13 04:00:00,0.0,121.70414455739613
2030-10-13 05:00:00,0.0,121.06140427164688
2030-10-13 06:00:00,0.0,117.06992571676189
2030-10-13 07:00:00,0.0,110.00329002391948
2030-10-13 08:00:00,0.0,99.98254321161049
2030-10-13 09:00:00,0.0,90.48874939165457
2030-10-13 10:00:00,0.0,87.0854074787253
2030-10-13 11:00:00,0.0,84.44752223256022
2030-10-13 12:00:00,0.0,81.87222629622259
2030-10-13 13:00:00,0.0,80.82957772483155
2030-10-13 14:00:00,0.0,79.48088475399753
2030-10-13 15:00:00,0.0,93.91344465347616
2030-10-13 16:00:00,0.0,96.21642996585126
2030-10-13 17:00:00,0.0,99.52675886594568
2030-10-13 18:00:00,0.0,101.42413659508541
2030-10-13 19:00:00,0.0,119.6637872807778
2030-10-13 20:00:00,0.0,125.21685613271892
2030-10-13 21:00:00,0.0,133.479532411867
2030-10-13 22:00:00,0.0,139.00464365403093
2030-10-13 23:00:00,0.0,140.5961492729053
2030-10-14 00:00:00,0.0,142.27972546477258
2030-10-14 01:00:00,0.0,137.85946109852136
2030-10-14 02:00:00,0.0,133.33923439587807
2030-10-14 03:00:00,0.0,130.45786389250543
2030-10-14 04:00:00,0.0,127.69136238972372
2030-10-14 05:00:00,0.0,117.2058394197511
2030-10-14 06:00:00,0.0,115.55119969368172
2030-10-14 07:00:00,0.0,118.53165567084648
2030-10-14 08:00:00,0.0,100.882430844944
2030-10-14 09:00:00,0.0,99.5816713580085
2030-10-14 10:00:00,0.0,85.9136428343255
2030-10-14 11:00:00,0.0,79.04554263810213
2030-10-14 12:00:00,0.0,78.35190305256856
2030-10-14 13:00:00,0.0,79.6597821584628
2030-10-14 14:00:00,0.0,73.92559405746145
2030-10-14 15:00:00,0.0,80.3356019849848
2030-10-14 16:00:00,0.0,88.61457806379518
2030-10-14 17:00:00,0.0,93.46661244073165
2030-10-14 18:00:00,0.0,95.5607680012722
2030-10-14 19:00:00,0.0,112.1607048159442
2030-10-14 20:00:00,0.0,117.35753664953916
2030-10-14 21:00:00,0.0,126.0262003124551
2030-10-14 22:00:00,0.0,135.01053451134612
2030-10-14 23:00:00,0.0,139.3019000754075
2030-10-15 00:00:00,0.0,136.93963223119383
2030-10-15 01:00:00,0.0,130.8498214746745
2030-10-15 02:00:00,0.0,125.8780105330668
2030-10-15 03:00:00,0.0,124.17602022660115
2030-10-15 04:00:00,0.0,121.55069360240827
2030-10-15 05:00:00,0.0,117.85734833149968
2030-10-15 06:00:00,0.0,118.04324320268506
2030-10-15 07:00:00,0.0,111.61145603219256
2030-10-15 08:00:00,0.0,96.31540358205007
2030-10-15 09:00:00,0.0,90.70581067365832
2030-10-15 10:00:00,0.0,81.44825595193923
2030-10-15 11:00:00,0.0,78.33874165348152
2030-10-15 12:00:00,0.0,81.78822894060147
2030-10-15 13:00:00,0.0,82.12657833407182
2030-10-15 14:00:00,0.0,79.77718669508782
2030-10-15 15:00:00,0.0,90.51257903335386
2030-10-15 16:00:00,0.0,95.24020422828504
2030-10-15 17:00:00,0.0,101.45498153713868
2030-10-15 18:00:00,0.0,104.320971493314
2030-10-15 19:00:00,0.0,118.85324325124316
2030-10-15 20:00:00,0.0,123.9734649660171
2030-10-15 21:00:00,0.0,129.9571753479449
2030-10-15 22:00:00,0.0,141.16084878726087
2030-10-15 23:00:00,0.0,143.11186807210683
2030-10-16 00:00:00,0.0,139.71753294777477
2030-10-16 01:00:00,0.0,133.07792934109864
2030-10-16 02:00:00,0.0,129.44947190258495
2030-10-16 03:00:00,0.0,122.44333972913785
2030-10-16 04:00:00,0.0,119.39711905697823
2030-10-16 05:00:00,0.0,119.69963665395436
2030-10-16 06:00:00,0.0,118.24229101286936
2030-10-16 07:00:00,0.0,111.20634551102457
2030-10-16 08:00:00,0.0,99.59117805740038
2030-10-16 09:00:00,0.0,89.07252348142231
2030-10-16 10:00:00,0.0,86.35367184428924
2030-10-16 11:00:00,0.0,84.74038494944318
2030-10-16 12:00:00,0.0,82.81302257069592
2030-10-16 13:00:00,0.0,83.27493344463528
2030-10-16 14:00:00,0.0,84.28221614537345
2030-10-16 15:00:00,0.0,96.61545073391936
2030-10-16 16:00:00,0.0,100.56174780500783
2030-10-16 17:00:00,0.0,102.20247864848955
2030-10-16 18:00:00,0.0,104.93597610277789
2030-10-16 19:00:00,0.0,125.18855835794945
2030-10-16 20:00:00,0.0,128.15171525468736
2030-10-16 21:00:00,0.0,134.1678695528126
2030-10-16 22:00:00,0.0,140.0595093617477
2030-10-16 23:00:00,0.0,142.08330824238803
2030-10-17 00:00:00,0.0,139.12915814322116
2030-10-17 01:00:00,0.0,132.67018823213084
2030-10-17 02:00:00,0.0,129.15484606900827
2030-10-17 03:00:00,0.0,123.3386164436672
2030-10-17 04:00:00,0.0,119.98461699893186
2030-10-17 05:00:00,0.0,119.50935746976938
2030-10-17 06:00:00,0.0,115.7853220078632
2030-10-17 07:00:00,0.0,108.73885415481924
2030-10-17 08:00:00,0.0,99.49519608643855
2030-10-17 09:00:00,0.0,89.46955599988915
2030-10-17 10:00:00,0.0,86.80975500950365
2030-10-17 11:00:00,0.0,85.041610388874
2030-10-17 12:00:00,0.0,83.3605233363429
2030-10-17 13:00:00,0.0,81.72063415522814
2030-10-17 14:00:00,0.0,82.73335596235641
2030-10-17 15:00:00,0.0,94.99905359503144
2030-10-17 16:00:00,0.0,98.99146617720464
2030-10-17 17:00:00,0.0,101.24144041079296
2030-10-17 18:00:00,0.0,103.61851287891648
2030-10-17 19:00:00,0.0,123.14650300105404
2030-10-17 20:00:00,0.0,127.02143936337654
2030-10-17 21:00:00,0.0,134.73695338016773
2030-10-17 22:00:00,0.0,141.55280636942985
2030-10-17 23:00:00,0.0,142.8654696815263
2030-10-18 00:00:00,0.0,139.2115832276146
2030-10-18 01:00:00,0.0,132.8797583935143
2030-10-18 02:00:00,0.0,127.82552236751314
2030-10-18 03:00:00,0.0,124.35928450998664
2030-10-18 04:00:00,0.0,121.59804418280451
2030-10-18 05:00:00,0.0,120.4423392760957
2030-10-18 06:00:00,0.0,116.75688576858659
2030-10-18 07:00:00,0.0,109.60694812875079
2030-10-18 08:00:00,0.0,100.32488887585112
2030-10-18 09:00:00,0.0,90.48256867007592
2030-10-18 10:00:00,0.0,84.3071799858386
2030-10-18 11:00:00,0.0,83.3507004205502
2030-10-18 12:00:00,0.0,82.07253620040285
2030-10-18 13:00:00,0.0,81.93058350883848
2030-10-18 14:00:00,0.0,83.97088764754744
2030-10-18 15:00:00,0.0,96.13923469213408
2030-10-18 16:00:00,0.0,100.21823418707731
2030-10-18 17:00:00,0.0,100.63679403756691
2030-10-18 18:00:00,0.0,103.82916047126798
2030-10-18 19:00:00,0.0,123.43781363444782
2030-10-18 20:00:00,0.0,127.96845097130188
2030-10-18 21:00:00,0.0,135.05174705354284
2030-10-18 22:00:00,0.0,142.32619918256887
2030-10-18 23:00:00,0.0,143.4170162568828
2030-10-19 00:00:00,0.0,140.57422770790708
2030-10-19 01:00:00,0.0,134.492308714787
2030-10-19 02:00:00,0.0,131.72405348680547
2030-10-19 03:00:00,0.0,127.61595220612968
2030-10-19 04:00:00,0.0,125.82189132667122
2030-10-19 05:00:00,0.0,126.4339414214229
2030-10-19 06:00:00,0.0,122.56873108092792
2030-10-19 07:00:00,0.0,115.10399976771701
2030-10-19 08:00:00,0.0,102.27159324230117
2030-10-19 09:00:00,0.0,90.64274934097976
2030-10-19 10:00:00,0.0,86.7645606489258
2030-10-19 11:00:00,0.0,85.62418248669064
2030-10-19 12:00:00,0.0,84.24284193525193
2030-10-19 13:00:00,0.0,83.66881000579065
2030-10-19 14:00:00,0.0,84.70179165664433
2030-10-19 15:00:00,0.0,97.13889424420222
2030-10-19 16:00:00,0.0,100.675481317763
2030-10-19 17:00:00,0.0,101.79600389730204
2030-10-19 18:00:00,0.0,104.99102602549964
2030-10-19 19:00:00,0.0,125.73498983028252
2030-10-19 20:00:00,0.0,128.64100458544874
2030-10-19 21:00:00,0.0,136.06540021906287
2030-10-19 22:00:00,0.0,142.5550603211508
2030-10-19 23:00:00,0.0,144.20882318462031
2030-10-20 00:00:00,0.0,140.5277539901108
2030-10-20 01:00:00,0.0,134.31430560700107
2030-10-20 02:00:00,0.0,130.18691334912683
2030-10-20 03:00:00,0.0,126.4847994522189
2030-10-20 04:00:00,0.0,123.41314976466128
2030-10-20 05:00:00,0.0,121.9996472535729
2030-10-20 06:00:00,0.0,118.12391456187868
2030-10-20 07:00:00,0.0,110.73547029486168
2030-10-20 08:00:00,0.0,99.65238538002905
2030-10-20 09:00:00,0.0,88.78653317245255
2030-10-20 10:00:00,0.0,85.05754930395437
2030-10-20 11:00:00,0.0,84.89222386470033
2030-10-20 12:00:00,0.0,83.42501272848631
2030-10-20 13:00:00,0.0,83.43711560291592
2030-10-20 14:00:00,0.0,84.96906931533977
2030-10-20 15:00:00,0.0,97.61147350402268
2030-10-20 16:00:00,0.0,100.05430420980326
2030-10-20 17:00:00,0.0,100.89857533078121
2030-10-20 18:00:00,0.0,104.25441508342008
2030-10-20 19:00:00,0.0,124.38220245051345
2030-10-20 20:00:00,0.0,127.86059687151032
2030-10-20 21:00:00,0.0,135.265701527926
2030-10-20 22:00:00,0.0,142.57961247394883
2030-10-20 23:00:00,0.0,143.95365616804042
2030-10-21 00:00:00,0.0,145.3303304499318
2030-10-21 01:00:00,0.0,140.6662982808998
2030-10-21 02:00:00,0.0,134.65014398277455
2030-10-21 03:00:00,0.0,131.7468519144037
2030-10-21 04:00:00,0.0,128.58751596685295
2030-10-21 05:00:00,0.0,116.99363867056786
2030-10-21 06:00:00,0.0,115.268849936504
2030-10-21 07:00:00,0.0,117.69863620091223
2030-10-21 08:00:00,0.0,99.28761824896937
2030-10-21 09:00:00,0.0,94.02974754594787
2030-10-21 10:00:00,0.0,88.0553075237335
2030-10-21 11:00:00,0.0,82.85133790480587
2030-10-21 12:00:00,0.0,84.72936149011774
2030-10-21 13:00:00,0.0,86.07751936787213
2030-10-21 14:00:00,0.0,82.31566082997993
2030-10-21 15:00:00,0.0,88.06018480587316
2030-10-21 16:00:00,0.0,96.95888499667284
2030-10-21 17:00:00,0.0,100.4203471190574
2030-10-21 18:00:00,0.0,102.10243518153548
2030-10-21 19:00:00,0.0,120.83038588743828
2030-10-21 20:00:00,0.0,125.76840270807541
2030-10-21 21:00:00,0.0,132.40362200175184
2030-10-21 22:00:00,0.0,137.5622046771448
2030-10-21 23:00:00,0.0,141.73519379021548
2030-10-22 00:00:00,0.0,139.16423264721834
2030-10-22 01:00:00,0.0,132.84994506511669
2030-10-22 02:00:00,0.0,127.1222785623686
2030-10-22 03:00:00,0.0,125.79821603647314
2030-10-22 04:00:00,0.0,123.48329877265576
2030-10-22 05:00:00,0.0,119.22525398739172
2030-10-22 06:00:00,0.0,119.158612429797
2030-10-22 07:00:00,0.0,112.56460567831732
2030-10-22 08:00:00,0.0,96.21677602940804
2030-10-22 09:00:00,0.0,88.62464237118763
2030-10-22 10:00:00,0.0,80.53267117406723
2030-10-22 11:00:00,0.0,77.20928954336942
2030-10-22 12:00:00,0.0,78.60471382178731
2030-10-22 13:00:00,0.0,78.5598602338415
2030-10-22 14:00:00,0.0,78.26073977569331
2030-10-22 15:00:00,0.0,87.85416419888291
2030-10-22 16:00:00,0.0,93.33940744472842
2030-10-22 17:00:00,0.0,98.06712382719559
2030-10-22 18:00:00,0.0,104.56111059460989
2030-10-22 19:00:00,0.0,119.9280904168537
2030-10-22 20:00:00,0.0,126.80134685079393
2030-10-22 21:00:00,0.0,131.13217123185223
2030-10-22 22:00:00,0.0,140.55142928030887
2030-10-22 23:00:00,0.0,142.02806589859233
2030-10-23 00:00:00,0.0,137.7822971897274
2030-10-23 01:00:00,0.0,131.26545434704167
2030-10-23 02:00:00,0.0,126.547933559414
2030-10-23 03:00:00,0.0,122.44333972913785
2030-10-23 04:00:00,0.0,119.39711905697823
2030-10-23 05:00:00,0.0,119.15773556719704
2030-10-23 06:00:00,0.0,115.38108834929515
2030-10-23 07:00:00,0.0,108.24693423625808
2030-10-23 08:00:00,0.0,96.64807334278804
2030-10-23 09:00:00,0.0,87.26205873931609
2030-10-23 10:00:00,0.0,84.15300275125685
2030-10-23 11:00:00,0.0,83.18555815414516
2030-10-23 12:00:00,0.0,82.68468110991489
2030-10-23 13:00:00,0.0,81.25899254155217
2030-10-23 14:00:00,0.0,82.85616763280848
2030-10-23 15:00:00,0.0,94.87976290626851
2030-10-23 16:00:00,0.0,98.95204950209553
2030-10-23 17:00:00,0.0,100.71834966605206
2030-10-23 18:00:00,0.0,103.00869055424619
2030-10-23 19:00:00,0.0,122.86032280627808
2030-10-23 20:00:00,0.0,126.22700184783923
2030-10-23 21:00:00,0.0,133.28223832688252
2030-10-23 22:00:00,0.0,139.16160205941856
2030-10-23 23:00:00,0.0,140.37517989772277
2030-10-24 00:00:00,0.0,137.47802586755142
2030-10-24 01:00:00,0.0,131.11551084245355
2030-10-24 02:00:00,0.0,127.04949896657432
2030-10-24 03:00:00,0.0,122.44333972913785
2030-10-24 04:00:00,0.0,119.39711905697823
2030-10-24 05:00:00,0.0,119.15773556719704
2030-10-24 06:00:00,0.0,115.38108834929515
2030-10-24 07:00:00,0.0,108.24693423625808
2030-10-24 08:00:00,0.0,97.56161038882816
2030-10-24 09:00:00,0.0,85.90643121077369
2030-10-24 10:00:00,0.0,83.52586802362158
2030-10-24 11:00:00,0.0,82.79085173406143
2030-10-24 12:00:00,0.0,81.8649673934334
2030-10-24 13:00:00,0.0,81.71015644329007
2030-10-24 14:00:00,0.0,84.33829434937229
2030-10-24 15:00:00,0.0,96.04612576294208
2030-10-24 16:00:00,0.0,100.04662647027294
2030-10-24 17:00:00,0.0,101.39911465021804
2030-10-24 18:00:00,0.0,105.1986332995982
2030-10-24 19:00:00,0.0,122.83100552444544
2030-10-24 20:00:00,0.0,125.07831184192992
2030-10-24 21:00:00,0.0,132.2352643825651
2030-10-24 22:00:00,0.0,139.2554263576112
2030-10-24 23:00:00,0.0,140.79695080828947
2030-10-25 00:00:00,0.0,137.66304387613684
2030-10-25 01:00:00,0.0,131.5846323334165
2030-10-25 02:00:00,0.0,127.0319617145758
2030-10-25 03:00:00,0.0,122.86511063970453
2030-10-25 04:00:00,0.0,119.53829393556703
2030-10-25 05:00:00,0.0,119.15773556719704
2030-10-25 06:00:00,0.0,115.38108834929515
2030-10-25 07:00:00,0.0,108.24693423625808
2030-10-25 08:00:00,0.0,95.56394818207502
2030-10-25 09:00:00,0.0,85.79743776789064
2030-10-25 10:00:00,0.0,82.85426456946823
2030-10-25 11:00:00,0.0,81.871220814406
2030-10-25 12:00:00,0.0,81.3780013977562
2030-10-25 13:00:00,0.0,81.33923901519539
2030-10-25 14:00:00,0.0,84.52570588542254
2030-10-25 15:00:00,0.0,96.68022081015648
2030-10-25 16:00:00,0.0,100.71500008136125
2030-10-25 17:00:00,0.0,102.43420460575884
2030-10-25 18:00:00,0.0,104.55847874399626
2030-10-25 19:00:00,0.0,122.4718418324627
2030-10-25 20:00:00,0.0,123.99801711881514
2030-10-25 21:00:00,0.0,131.28299159904032
2030-10-25 22:00:00,0.0,137.25617962976887
2030-10-25 23:00:00,0.0,139.00727424183083
2030-10-26 00:00:00,0.0,135.6497673466957
2030-10-26 01:00:00,0.0,129.37932289459047
2030-10-26 02:00:00,0.0,125.88590229646616
2030-10-26 03:00:00,0.0,122.44333972913785
2030-10-26 04:00:00,0.0,119.39711905697823
2030-10-26 05:00:00,0.0,119.15773556719704
2030-10-26 06:00:00,0.0,115.38108834929515
2030-10-26 07:00:00,0.0,108.24693423625808
2030-10-26 08:00:00,0.0,95.644961804746
2030-10-26 09:00:00,0.0,83.67125135531626
2030-10-26 10:00:00,0.0,81.1605256385302
2030-10-26 11:00:00,0.0,80.38086379325841
2030-10-26 12:00:00,0.0,79.2592063149091
2030-10-26 13:00:00,0.0,78.79420515596892
2030-10-26 14:00:00,0.0,80.82392823143687
2030-10-26 15:00:00,0.0,93.21306200123443
2030-10-26 16:00:00,0.0,97.18004687835776
2030-10-26 17:00:00,0.0,98.88512223807197
2030-10-26 18:00:00,0.0,102.7460723088718
2030-10-26 19:00:00,0.0,120.9681955329479
2030-10-26 20:00:00,0.0,124.23915433379612
2030-10-26 21:00:00,0.0,131.66267310481032
2030-10-26 22:00:00,0.0,137.3929701953582
2030-10-26 23:00:00,0.0,138.86083818764234
2030-10-27 00:00:00,0.0,136.2021907846521
2030-10-27 01:00:00,0.0,129.90280986674918
2030-10-27 02:00:00,0.0,126.47252337581995
2030-10-27 03:00:00,0.0,122.44333972913785
2030-10-27 04:00:00,0.0,119.39711905697823
2030-10-27 05:00:00,0.0,119.15773556719704
2030-10-27 06:00:00,0.0,115.38108834929515
2030-10-27 07:00:00,0.0,108.24693423625808
2030-10-27 08:00:00,0.0,95.6965159282638
2030-10-27 09:00:00,0.0,84.40915537604086
2030-10-27 10:00:00,0.0,80.58474148435425
2030-10-27 11:00:00,0.0,80.58661819746406
2030-10-27 12:00:00,0.0,78.55542155801288
2030-10-27 13:00:00,0.0,78.05491784733749
2030-10-27 14:00:00,0.0,78.92165136107667
2030-10-27 15:00:00,0.0,91.47483322530013
2030-10-27 16:00:00,0.0,94.83437961954431
2030-10-27 17:00:00,0.0,96.79874133097304
2030-10-27 18:00:00,0.0,100.49913476697805
2030-10-27 19:00:00,0.0,120.43031721943419
2030-10-27 20:00:00,0.0,122.56697735572811
2030-10-27 21:00:00,0.0,130.48680035830307
2030-10-27 22:00:00,0.0,135.96017670707124
2030-10-27 23:00:00,0.0,137.67444308993595
2030-10-28 00:00:00,0.0,140.3655344091236
2030-10-28 01:00:00,0.0,136.03207944026553
2030-10-28 02:00:00,0.0,131.80384798339924
2030-10-28 03:00:00,0.0,128.97158178562267
2030-10-28 04:00:00,0.0,126.00077129705709
2030-10-28 05:00:00,0.0,116.24304428502704
2030-10-28 06:00:00,0.0,114.56385240615964
2030-10-28 07:00:00,0.0,117.58990523852081
2030-10-28 08:00:00,0.0,95.99604139768417
2030-10-28 09:00:00,0.0,90.07624142513555
2030-10-28 10:00:00,0.0,82.90246467431997
2030-10-28 11:00:00,0.0,78.1887074263942
2030-10-28 12:00:00,0.0,79.0820802026859
2030-10-28 13:00:00,0.0,81.12750183708295
2030-10-28 14:00:00,0.0,77.15119361391373
2030-10-28 15:00:00,0.0,83.28758938771546
2030-10-28 16:00:00,0.0,91.57987748717913
2030-10-28 17:00:00,0.0,96.49997145445344
2030-10-28 18:00:00,0.0,99.18409962528051
2030-10-28 19:00:00,0.0,117.34637603445447
2030-10-28 20:00:00,0.0,121.92423706997874
2030-10-28 21:00:00,0.0,128.18942034648444
2030-10-28 22:00:00,0.0,132.37994671155363
2030-10-28 23:00:00,0.0,136.6511444358166
2030-10-29 00:00:00,0.0,133.99775820842603
2030-10-29 01:00:00,0.0,127.87374981050924
2030-10-29 02:00:00,0.0,123.51574268885317
2030-10-29 03:00:00,0.0,122.06716567376748
2030-10-29 04:00:00,0.0,119.7426029213509
2030-10-29 05:00:00,0.0,117.372443313738
2030-10-29 06:00:00,0.0,117.65654679611553
2030-10-29 07:00:00,0.0,111.46852742840385
2030-10-29 08:00:00,0.0,92.19869559611686
2030-10-29 09:00:00,0.0,82.84897821204947
2030-10-29 10:00:00,0.0,77.35285863351737
2030-10-29 11:00:00,0.0,74.26636419321846
2030-10-29 12:00:00,0.0,76.00277017178314
2030-10-29 13:00:00,0.0,75.72910539272321
2030-10-29 14:00:00,0.0,75.75345119426959
2030-10-29 15:00:00,0.0,86.14083203277767
2030-10-29 16:00:00,0.0,91.8421267957458
2030-10-29 17:00:00,0.0,96.6511675196068
2030-10-29 18:00:00,0.0,102.47556467414869
2030-10-29 19:00:00,0.0,118.71728144298548
2030-10-29 20:00:00,0.0,124.08658024140811
2030-10-29 21:00:00,0.0,129.80898556855664
2030-10-29 22:00:00,0.0,140.04635642274877
2030-10-29 23:00:00,0.0,141.44144481923863
2030-10-30 00:00:00,0.0,136.9598000709923
2030-10-30 01:00:00,0.0,130.74021364968314
2030-10-30 02:00:00,0.0,125.94552895326149
2030-10-30 03:00:00,0.0,122.44333972913785
2030-10-30 04:00:00,0.0,119.39711905697823
2030-10-30 05:00:00,0.0,119.15773556719704
2030-10-30 06:00:00,0.0,115.38108834929515
2030-10-30 07:00:00,0.0,108.24693423625808
2030-10-30 08:00:00,0.0,96.94406823027408
2030-10-30 09:00:00,0.0,87.03926103119193
2030-10-30 10:00:00,0.0,84.4402149592429
2030-10-30 11:00:00,0.0,84.17371704048492
2030-10-30 12:00:00,0.0,82.93282986439658
2030-10-30 13:00:00,0.0,82.77572423730167
2030-10-30 14:00:00,0.0,82.42421917942761
2030-10-30 15:00:00,0.0,94.8332834152286
2030-10-30 16:00:00,0.0,97.5899000143056
2030-10-30 17:00:00,0.0,99.93807255613262
2030-10-30 18:00:00,0.0,103.84267442781184
2030-10-30 19:00:00,0.0,123.70075499998347
2030-10-30 20:00:00,0.0,126.8811413473876
2030-10-30 21:00:00,0.0,133.45761084686865
2030-10-30 22:00:00,0.0,139.58775728298497
2030-10-30 23:00:00,0.0,140.9653084274762
2030-10-31 00:00:00,0.0,138.30227671148643
2030-10-31 01:00:00,0.0,132.17388400056996
2030-10-31 02:00:00,0.0,128.4936916686604
2030-10-31 03:00:00,0.0,122.44333972913785
2030-10-31 04:00:00,0.0,119.39711905697823
2030-10-31 05:00:00,0.0,119.15773556719704
2030-10-31 06:00:00,0.0,117.65128562051596
2030-10-31 07:00:00,0.0,110.59517227887284
2030-10-31 08:00:00,0.0,99.31380846929449
2030-10-31 09:00:00,0.0,90.52418916734086
2030-10-31 10:00:00,0.0,89.76169974880133
2030-10-31 11:00:00,0.0,89.36831261499027
2030-10-31 12:00:00,0.0,86.19156976250825
2030-10-31 13:00:00,0.0,84.2461878066239
2030-10-31 14:00:00,0.0,84.56160585160092
2030-10-31 15:00:00,0.0,96.2741435588407
2030-10-31 16:00:00,0.0,99.8052132435109
2030-10-31 17:00:00,0.0,99.61715096701437
2030-10-31 18:00:00,0.0,102.86596857727476
2030-10-31 19:00:00,0.0,122.03901380071716
2030-10-31 20:00:00,0.0,125.7342050666782
2030-10-31 21:00:00,0.0,132.41063690255135
2030-10-31 22:00:00,0.0,138.534645300468
2030-10-31 23:00:00,0.0,140.23049756873422
2030-11-01 00:00:00,0.0,127.32921813595226
2030-11-01 01:00:00,0.0,123.41051917686148
2030-11-01 02:00:00,0.0,118.17389573007472
2030-11-01 03:00:00,0.0,113.98950740320493
2030-11-01 04:00:00,0.0,110.67145932506672
2030-11-01 05:00:00,0.0,105.99339735443596
2030-11-01 06:00:00,0.0,105.04813947171056
2030-11-01 07:00:00,0.0,98.31208097904208
2030-11-01 08:00:00,0.0,85.62329915013686
2030-11-01 09:00:00,0.0,78.35268774171642
2030-11-01 10:00:00,0.0,72.3252941843458
2030-11-01 11:00:00,0.0,68.56662305278496
2030-11-01 12:00:00,0.0,68.828011631457
2030-11-01 13:00:00,0.0,69.33636020590279
2030-11-01 14:00:00,0.0,69.77433787675659
2030-11-01 15:00:00,0.0,79.61630518336085
2030-11-01 16:00:00,0.0,87.10789698159965
2030-11-01 17:00:00,0.0,90.55940153877977
2030-11-01 18:00:00,0.0,98.15727809973849
2030-11-01 19:00:00,0.0,113.61157962263472
2030-11-01 20:00:00,0.0,118.0029075230882
2030-11-01 21:00:00,0.0,125.97095796865948
2030-11-01 22:00:00,0.0,131.0436081092591
2030-11-01 23:00:00,0.0,127.48705340393984
2030-11-02 00:00:00,0.0,126.02006227425557
2030-11-02 01:00:00,0.0,121.72869671019419
2030-11-02 02:00:00,0.0,117.83542676650141
2030-11-02 03:00:00,0.0,113.98950740320493
2030-11-02 04:00:00,0.0,110.66444442426734
2030-11-02 05:00:00,0.0,105.99339735443596
2030-11-02 06:00:00,0.0,105.04813947171056
2030-11-02 07:00:00,0.0,98.31208097904208
2030-11-02 08:00:00,0.0,83.80591295446914
2030-11-02 09:00:00,0.0,74.83044279367141
2030-11-02 10:00:00,0.0,72.55541256477987
2030-11-02 11:00:00,0.0,68.6940951430862
2030-11-02 12:00:00,0.0,69.61827999735476
2030-11-02 13:00:00,0.0,69.69825332655853
2030-11-02 14:00:00,0.0,69.91168937308464
2030-11-02 15:00:00,0.0,79.99713716120709
2030-11-02 16:00:00,0.0,88.08866495571475
2030-11-02 17:00:00,0.0,92.42416495991995
2030-11-02 18:00:00,0.0,98.21685463820893
2030-11-02 19:00:00,0.0,113.63963922583252
2030-11-02 20:00:00,0.0,118.42730902145478
2030-11-02 21:00:00,0.0,126.47603082621958
2030-11-02 22:00:00,0.0,132.96832151610727
2030-11-02 23:00:00,0.0,129.71428440776413
2030-11-03 00:00:00,0.0,127.86322745931012
2030-11-03 01:00:00,0.0,123.63850345284357
2030-11-03 02:00:00,0.0,118.48518195305019
2030-11-03 03:00:00,0.0,114.62874023855454
2030-11-03 04:00:00,0.0,111.07043180803532
2030-11-03 05:00:00,0.0,105.99339735443596
2030-11-03 06:00:00,0.0,105.04813947171056
2030-11-03 07:00:00,0.0,98.31208097904208
2030-11-03 08:00:00,0.0,85.77554597292783
2030-11-03 09:00:00,0.0,79.08079276631975
2030-11-03 10:00:00,0.0,71.59885541072538
2030-11-03 11:00:00,0.0,67.69565598954921
2030-11-03 12:00:00,0.0,68.55506499433693
2030-11-03 13:00:00,0.0,69.00855046474817
2030-11-03 14:00:00,0.0,70.43052837436687
2030-11-03 15:00:00,0.0,80.85095279286588
2030-11-03 16:00:00,0.0,89.14494129912293
2030-11-03 17:00:00,0.0,92.32923877923668
2030-11-03 18:00:00,0.0,100.1321992805872
2030-11-03 19:00:00,0.0,115.72569535106788
2030-11-03 20:00:00,0.0,121.47966773181383
2030-11-03 21:00:00,0.0,127.52914280873652
2030-11-03 22:00:00,0.0,132.54918119334036
2030-11-03 23:00:00,0.0,128.9268617930262
2030-11-04 00:00:00,0.0,125.86748818186764
2030-11-04 01:00:00,0.0,118.50184234244885
2030-11-04 02:00:00,0.0,112.8662464126936
2030-11-04 03:00:00,0.0,109.99013708492053
2030-11-04 04:00:00,0.0,107.42092966712325
2030-11-04 05:00:00,0.0,104.5044846597534
2030-11-04 06:00:00,0.0,101.95106076875491
2030-11-04 07:00:00,0.0,97.73598225088757
2030-11-04 08:00:00,0.0,83.26739209467155
2030-11-04 09:00:00,0.0,77.21399601886854
2030-11-04 10:00:00,0.0,67.19747140801405
2030-11-04 11:00:00,0.0,65.17560505626363
2030-11-04 12:00:00,0.0,64.03533692106055
2030-11-04 13:00:00,0.0,63.155022591441366
2030-11-04 14:00:00,0.0,65.92050182386106
2030-11-04 15:00:00,0.0,77.52624802063985
2030-11-04 16:00:00,0.0,83.23072304019932
2030-11-04 17:00:00,0.0,87.97694572168915
2030-11-04 18:00:00,0.0,95.14571256298369
2030-11-04 19:00:00,0.0,114.09999209079626
2030-11-04 20:00:00,0.0,116.86473986837802
2030-11-04 21:00:00,0.0,125.68247017328224
2030-11-04 22:00:00,0.0,132.63511372813355
2030-11-04 23:00:00,0.0,132.11338048117477
2030-11-05 00:00:00,0.0,126.91183153838516
2030-11-05 01:00:00,0.0,121.17013523403828
2030-11-05 02:00:00,0.0,115.77129220626432
2030-11-05 03:00:00,0.0,111.9464175453662
2030-11-05 04:00:00,0.0,105.94955422443932
2030-11-05 05:00:00,0.0,104.77631206573199
2030-11-05 06:00:00,0.0,105.33048922888825
2030-11-05 07:00:00,0.0,101.57137926298492
2030-11-05 08:00:00,0.0,84.2211148924765
2030-11-05 09:00:00,0.0,79.62488053533309
2030-11-05 10:00:00,0.0,77.1972873809325
2030-11-05 11:00:00,0.0,73.39465222928403
2030-11-05 12:00:00,0.0,73.29182944203149
2030-11-05 13:00:00,0.0,71.8189760200031
2030-11-05 14:00:00,0.0,73.11741093729472
2030-11-05 15:00:00,0.0,84.26558771889766
2030-11-05 16:00:00,0.0,90.20997333524076
2030-11-05 17:00:00,0.0,93.67740451010548
2030-11-05 18:00:00,0.0,102.00943531074164
2030-11-05 19:00:00,0.0,116.8191430131817
2030-11-05 20:00:00,0.0,122.49332089733387
2030-11-05 21:00:00,0.0,130.0089102413408
2030-11-05 22:00:00,0.0,133.69348688625007
2030-11-05 23:00:00,0.0,134.94564667895122
2030-11-06 00:00:00,0.0,129.3047895735964
2030-11-06 01:00:00,0.0,124.91346167314292
2030-11-06 02:00:00,0.0,119.83379663174378
2030-11-06 03:00:00,0.0,116.11765293323695
2030-11-06 04:00:00,0.0,112.75576172510227
2030-11-06 05:00:00,0.0,105.99339735443596
2030-11-06 06:00:00,0.0,105.04813947171056
2030-11-06 07:00:00,0.0,98.31208097904208
2030-11-06 08:00:00,0.0,85.48996591662251
2030-11-06 09:00:00,0.0,79.50610473263123
2030-11-06 10:00:00,0.0,73.56381613010761
2030-11-06 11:00:00,0.0,70.28313302564243
2030-11-06 12:00:00,0.0,70.81117252699755
2030-11-06 13:00:00,0.0,70.58120165281048
2030-11-06 14:00:00,0.0,71.41244159777989
2030-11-06 15:00:00,0.0,81.50924627731649
2030-11-06 16:00:00,0.0,88.7075033075671
2030-11-06 17:00:00,0.0,92.36058799160367
2030-11-06 18:00:00,0.0,98.34807646202307
2030-11-06 19:00:00,0.0,114.69625865874922
2030-11-06 20:00:00,0.0,119.24892927758992
2030-11-06 21:00:00,0.0,126.98811858457918
2030-11-06 22:00:00,0.0,130.8822653908719
2030-11-06 23:00:00,0.0,127.04774524137451
2030-11-07 00:00:00,0.0,125.51674314189528
2030-11-07 01:00:00,0.0,121.60505908360405
2030-11-07 02:00:00,0.0,117.83542676650141
2030-11-07 03:00:00,0.0,113.98950740320493
2030-11-07 04:00:00,0.0,110.66444442426734
2030-11-07 05:00:00,0.0,105.99339735443596
2030-11-07 06:00:00,0.0,105.04813947171056
2030-11-07 07:00:00,0.0,98.31208097904208
2030-11-07 08:00:00,0.0,83.71016958222161
2030-11-07 09:00:00,0.0,74.90879051396087
2030-11-07 10:00:00,0.0,70.5334656329328
2030-11-07 11:00:00,0.0,69.16491414458062
2030-11-07 12:00:00,0.0,70.6747687787182
2030-11-07 13:00:00,0.0,71.52715593207768
2030-11-07 14:00:00,0.0,72.58533522580933
2030-11-07 15:00:00,0.0,81.99164740850723
2030-11-07 16:00:00,0.0,89.56284351371367
2030-11-07 17:00:00,0.0,91.32507516356883
2030-11-07 18:00:00,0.0,95.87831899193021
2030-11-07 19:00:00,0.0,110.50397856847997
2030-11-07 20:00:00,0.0,118.53428625864626
2030-11-07 21:00:00,0.0,126.29627399323373
2030-11-07 22:00:00,0.0,130.65340425229
2030-11-07 23:00:00,0.0,127.41339694554561
2030-11-08 00:00:00,0.0,125.51674314189528
2030-11-08 01:00:00,0.0,121.60505908360405
2030-11-08 02:00:00,0.0,117.83542676650141
2030-11-08 03:00:00,0.0,113.98950740320493
2030-11-08 04:00:00,0.0,110.66444442426734
2030-11-08 05:00:00,0.0,105.99339735443596
2030-11-08 06:00:00,0.0,105.04813947171056
2030-11-08 07:00:00,0.0,98.31208097904208
2030-11-08 08:00:00,0.0,83.78381833010428
2030-11-08 09:00:00,0.0,76.31938282649833
2030-11-08 10:00:00,0.0,74.50035497330737
2030-11-08 11:00:00,0.0,72.17890247457262
2030-11-08 12:00:00,0.0,73.28391270489817
2030-11-08 13:00:00,0.0,72.92056180227645
2030-11-08 14:00:00,0.0,73.32042381520898
2030-11-08 15:00:00,0.0,84.39258457729225
2030-11-08 16:00:00,0.0,90.94717473011727
2030-11-08 17:00:00,0.0,93.64371280969816
2030-11-08 18:00:00,0.0,99.25613301002807
2030-11-08 19:00:00,0.0,115.8922992450548
2030-11-08 20:00:00,0.0,119.23489947599101
2030-11-08 21:00:00,0.0,126.87061899618844
2030-11-08 22:00:00,0.0,132.2554322223635
2030-11-08 23:00:00,0.0,128.91809316702688
2030-11-09 00:00:00,0.0,126.28750536723452
2030-11-09 01:00:00,0.0,121.7488645499926
2030-11-09 02:00:00,0.0,117.83542676650141
2030-11-09 03:00:00,0.0,113.98950740320493
2030-11-09 04:00:00,0.0,110.66444442426734
2030-11-09 05:00:00,0.0,105.99339735443596
2030-11-09 06:00:00,0.0,105.04813947171056
2030-11-09 07:00:00,0.0,98.31208097904208
2030-11-09 08:00:00,0.0,84.67289146708617
2030-11-09 09:00:00,0.0,79.18000371642118
2030-11-09 10:00:00,0.0,72.06198949402915
2030-11-09 11:00:00,0.0,69.08743852017574
2030-11-09 12:00:00,0.0,69.19939992363163
2030-11-09 13:00:00,0.0,69.09723946253894
2030-11-09 14:00:00,0.0,68.77385504642075
2030-11-09 15:00:00,0.0,78.97807136351605
2030-11-09 16:00:00,0.0,87.14456617667668
2030-11-09 17:00:00,0.0,92.12656399608407
2030-11-09 18:00:00,0.0,97.50431531845402
2030-11-09 19:00:00,0.0,113.96933956340648
2030-11-09 20:00:00,0.0,117.72757266670997
2030-11-09 21:00:00,0.0,126.20332655764116
2030-11-09 22:00:00,0.0,132.07392166417787
2030-11-09 23:00:00,0.0,129.44508758958534
2030-11-10 00:00:00,0.0,127.64664239712727
2030-11-10 01:00:00,0.0,123.3894744744632
2030-11-10 02:00:00,0.0,118.0791945692822
2030-11-10 03:00:00,0.0,113.98950740320493
2030-11-10 04:00:00,0.0,110.66444442426734
2030-11-10 05:00:00,0.0,105.99339735443596
2030-11-10 06:00:00,0.0,105.04813947171056
2030-11-10 07:00:00,0.0,98.31208097904208
2030-11-10 08:00:00,0.0,86.82405432000951
2030-11-10 09:00:00,0.0,81.4752245839055
2030-11-10 10:00:00,0.0,74.48653960410604
2030-11-10 11:00:00,0.0,70.10027834938728
2030-11-10 12:00:00,0.0,71.25192751340137
2030-11-10 13:00:00,0.0,71.34055121848974
2030-11-10 14:00:00,0.0,70.43037673729827
2030-11-10 15:00:00,0.0,84.40312662293877
2030-11-10 16:00:00,0.0,91.19088730614362
2030-11-10 17:00:00,0.0,93.70594071273241
2030-11-10 18:00:00,0.0,99.54717043283416
2030-11-10 19:00:00,0.0,115.9247431612522
2030-11-10 20:00:00,0.0,119.13493713959885
2030-11-10 21:00:00,0.0,127.00390211137788
2030-11-10 22:00:00,0.0,133.07091444029925
2030-11-10 23:00:00,0.0,130.54818074029822
2030-11-11 00:00:00,0.0,126.26470693963633
2030-11-11 01:00:00,0.0,118.90519913841706
2030-11-11 02:00:00,0.0,113.01882050508152
2030-11-11 03:00:00,0.0,109.91648062652632
2030-11-11 04:00:00,0.0,107.2359116585378
2030-11-11 05:00:00,0.0,104.5044846597534
2030-11-11 06:00:00,0.0,101.95106076875491
2030-11-11 07:00:00,0.0,97.73598225088757
2030-11-11 08:00:00,0.0,83.93803820053085
2030-11-11 09:00:00,0.0,78.97457055228325
2030-11-11 10:00:00,0.0,68.69803585502801
2030-11-11 11:00:00,0.0,66.41550266484933
2030-11-11 12:00:00,0.0,66.09976034093984
2030-11-11 13:00:00,0.0,65.2414779829594
2030-11-11 14:00:00,0.0,68.09566918348742
2030-11-11 15:00:00,0.0,80.36802373828164
2030-11-11 16:00:00,0.0,88.43170618149203
2030-11-11 17:00:00,0.0,88.24369191519531
2030-11-11 18:00:00,0.0,96.14926960212323
2030-11-11 19:00:00,0.0,115.25569699750496
2030-11-11 20:00:00,0.0,119.85308760894225
2030-11-11 21:00:00,0.0,127.83955216911204
2030-11-11 22:00:00,0.0,134.50195420338628
2030-11-11 23:00:00,0.0,134.81499415156156
2030-11-12 00:00:00,0.0,129.02507040421847
2030-11-12 01:00:00,0.0,123.37895212326396
2030-11-12 02:00:00,0.0,117.53641661992503
2030-11-12 03:00:00,0.0,113.44936004164752
2030-11-12 04:00:00,0.0,107.23766538373773
2030-11-12 05:00:00,0.0,104.77631206573199
2030-11-12 06:00:00,0.0,105.33048922888825
2030-11-12 07:00:00,0.0,101.57137926298492
2030-11-12 08:00:00,0.0,84.41512084949682
2030-11-12 09:00:00,0.0,79.066082283382
2030-11-12 10:00:00,0.0,82.13890180405701
2030-11-12 11:00:00,0.0,77.00774275593245
2030-11-12 12:00:00,0.0,75.49924214326347
2030-11-12 13:00:00,0.0,73.66916723484167
2030-11-12 14:00:00,0.0,74.13920309653975
2030-11-12 15:00:00,0.0,84.55339615292417
2030-11-12 16:00:00,0.0,90.729853265884
2030-11-12 17:00:00,0.0,94.87655564493875
2030-11-12 18:00:00,0.0,102.51368527928253
2030-11-12 19:00:00,0.0,116.95856416657068
2030-11-12 20:00:00,0.0,122.06453508596768
2030-11-12 21:00:00,0.0,130.49030780870282
2030-11-12 22:00:00,0.0,133.78468059664283
2030-11-12 23:00:00,0.0,135.52876030790523
2030-11-13 00:00:00,0.0,128.49193794346047
2030-11-13 01:00:00,0.0,123.42104152806064
2030-11-13 02:00:00,0.0,117.83542676650141
2030-11-13 03:00:00,0.0,113.98950740320493
2030-11-13 04:00:00,0.0,110.66444442426734
2030-11-13 05:00:00,0.0,105.99339735443596
2030-11-13 06:00:00,0.0,105.04813947171056
2030-11-13 07:00:00,0.0,98.31208097904208
2030-11-13 08:00:00,0.0,84.01212944854058
2030-11-13 09:00:00,0.0,77.22447800356495
2030-11-13 10:00:00,0.0,73.74974437860669
2030-11-13 11:00:00,0.0,71.19692111936979
2030-11-13 12:00:00,0.0,71.31814982572632
2030-11-13 13:00:00,0.0,71.75067287409831
2030-11-13 14:00:00,0.0,71.06823495424635
2030-11-13 15:00:00,0.0,80.8354191646232
2030-11-13 16:00:00,0.0,88.41835503786957
2030-11-13 17:00:00,0.0,91.77103024911992
2030-11-13 18:00:00,0.0,94.99986122624271
2030-11-13 19:00:00,0.0,110.50573229367978
2030-11-13 20:00:00,0.0,116.56134540880203
2030-11-13 21:00:00,0.0,126.22612498523938
2030-11-13 22:00:00,0.0,131.90117973199153
2030-11-13 23:00:00,0.0,128.36303914127075
2030-11-14 00:00:00,0.0,125.51674314189528
2030-11-14 01:00:00,0.0,121.60505908360405
2030-11-14 02:00:00,0.0,117.83542676650141
2030-11-14 03:00:00,0.0,113.98950740320493
2030-11-14 04:00:00,0.0,110.66444442426734
2030-11-14 05:00:00,0.0,105.99339735443596
2030-11-14 06:00:00,0.0,105.04813947171056
2030-11-14 07:00:00,0.0,98.31208097904208
2030-11-14 08:00:00,0.0,84.05631869727017
2030-11-14 09:00:00,0.0,76.43024180663836
2030-11-14 10:00:00,0.0,71.2524681716393
2030-11-14 11:00:00,0.0,68.25510155449956
2030-11-14 12:00:00,0.0,68.62444277001646
2030-11-14 13:00:00,0.0,68.43185106627186
2030-11-14 14:00:00,0.0,68.31329424429157
2030-11-14 15:00:00,0.0,77.95931969338096
2030-11-14 16:00:00,0.0,85.3740250475578
2030-11-14 17:00:00,0.0,89.95390732208055
2030-11-14 18:00:00,0.0,96.14468995250775
2030-11-14 19:00:00,0.0,108.91334981220552
2030-11-14 20:00:00,0.0,115.02858958412298
2030-11-14 21:00:00,0.0,123.4473474060586
2030-11-14 22:00:00,0.0,128.59014655465285
2030-11-14 23:00:00,0.0,126.04899874005332
2030-11-15 00:00:00,0.0,125.51674314189528
2030-11-15 01:00:00,0.0,121.60505908360405
2030-11-15 02:00:00,0.0,117.83542676650141
2030-11-15 03:00:00,0.0,113.98950740320493
2030-11-15 04:00:00,0.0,110.66444442426734
2030-11-15 05:00:00,0.0,105.99339735443596
2030-11-15 06:00:00,0.0,105.04813947171056
2030-11-15 07:00:00,0.0,98.31208097904208
2030-11-15 08:00:00,0.0,84.01212944854058
2030-11-15 09:00:00,0.0,74.78473631997144
2030-11-15 10:00:00,0.0,67.2028777729845
2030-11-15 11:00:00,0.0,65.27885963216113
2030-11-15 12:00:00,0.0,66.05828487182873
2030-11-15 13:00:00,0.0,66.28108489682927
2030-11-15 14:00:00,0.0,64.71109032436311
2030-11-15 15:00:00,0.0,74.33988060856564
2030-11-15 16:00:00,0.0,81.92931312561144
2030-11-15 17:00:00,0.0,85.30538130054401
2030-11-15 18:00:00,0.0,92.31948459389955
2030-11-15 19:00:00,0.0,104.43258192655912
2030-11-15 20:00:00,0.0,111.08621533483404
2030-11-15 21:00:00,0.0,119.92411347953669
2030-11-15 22:00:00,0.0,128.59014655465285
2030-11-15 23:00:00,0.0,126.04899874005332
2030-11-16 00:00:00,0.0,125.51674314189528
2030-11-16 01:00:00,0.0,121.60505908360405
2030-11-16 02:00:00,0.0,117.83542676650141
2030-11-16 03:00:00,0.0,113.98950740320493
2030-11-16 04:00:00,0.0,110.66444442426734
2030-11-16 05:00:00,0.0,105.99339735443596
2030-11-16 06:00:00,0.0,105.04813947171056
2030-11-16 07:00:00,0.0,98.31208097904208
2030-11-16 08:00:00,0.0,83.97530507459918
2030-11-16 09:00:00,0.0,74.6235192108562
2030-11-16 10:00:00,0.0,67.3833026578393
2030-11-16 11:00:00,0.0,65.88144943319287
2030-11-16 12:00:00,0.0,65.56680399702725
2030-11-16 13:00:00,0.0,65.4433925201788
2030-11-16 14:00:00,0.0,65.731160350697
2030-11-16 15:00:00,0.0,75.07762799747489
2030-11-16 16:00:00,0.0,82.57703576434595
2030-11-16 17:00:00,0.0,87.02104065698926
2030-11-16 18:00:00,0.0,87.63617494106425
2030-11-16 19:00:00,0.0,105.29541472489096
2030-11-16 20:00:00,0.0,111.758768948981
2030-11-16 21:00:00,0.0,119.92411347953669
2030-11-16 22:00:00,0.0,128.59014655465285
2030-11-16 23:00:00,0.0,126.04899874005332
2030-11-17 00:00:00,0.0,125.51674314189528
2030-11-17 01:00:00,0.0,121.60505908360405
2030-11-17 02:00:00,0.0,117.83542676650141
2030-11-17 03:00:00,0.0,113.98950740320493
2030-11-17 04:00:00,0.0,110.66444442426734
2030-11-17 05:00:00,0.0,105.99339735443596
2030-11-17 06:00:00,0.0,105.04813947171056
2030-11-17 07:00:00,0.0,98.31208097904208
2030-11-17 08:00:00,0.0,84.16679181909421
2030-11-17 09:00:00,0.0,75.18847875586414
2030-11-17 10:00:00,0.0,69.50616971115517
2030-11-17 11:00:00,0.0,65.83004800080607
2030-11-17 12:00:00,0.0,66.76960603414045
2030-11-17 13:00:00,0.0,67.17477078517459
2030-11-17 14:00:00,0.0,66.88286649890222
2030-11-17 15:00:00,0.0,76.31823589488602
2030-11-17 16:00:00,0.0,83.71167638855776
2030-11-17 17:00:00,0.0,87.72490024965884
2030-11-17 18:00:00,0.0,94.68031398960032
2030-11-17 19:00:00,0.0,109.68674262534444
2030-11-17 20:00:00,0.0,115.34250639489824
2030-11-17 21:00:00,0.0,123.60781326184588
2030-11-17 22:00:00,0.0,128.59014655465285
2030-11-17 23:00:00,0.0,126.04899874005332
2030-11-18 00:00:00,0.0,123.53941797905132
2030-11-18 01:00:00,0.0,116.68322931019236
2030-11-18 02:00:00,0.0,112.31645356253692
2030-11-18 03:00:00,0.0,109.32810582197273
2030-11-18 04:00:00,0.0,106.7755587935742
2030-11-18 05:00:00,0.0,104.5044846597534
2030-11-18 06:00:00,0.0,101.95106076875491
2030-11-18 07:00:00,0.0,97.73598225088757
2030-11-18 08:00:00,0.0,82.17279470108429
2030-11-18 09:00:00,0.0,73.21081680860675
2030-11-18 10:00:00,0.0,66.47356240615807
2030-11-18 11:00:00,0.0,64.51021333659196
2030-11-18 12:00:00,0.0,63.595500208181875
2030-11-18 13:00:00,0.0,63.13647051366661
2030-11-18 14:00:00,0.0,63.46617966334895
2030-11-18 15:00:00,0.0,74.23651703144435
2030-11-18 16:00:00,0.0,80.7652079317113
2030-11-18 17:00:00,0.0,84.85607470334025
2030-11-18 18:00:00,0.0,93.90232525153748
2030-11-18 19:00:00,0.0,114.13945090779316
2030-11-18 20:00:00,0.0,113.84044076121664
2030-11-18 21:00:00,0.0,123.83842812562771
2030-11-18 22:00:00,0.0,130.1193949289321
2030-11-18 23:00:00,0.0,130.56045681669727
2030-11-19 00:00:00,0.0,124.7635181685548
2030-11-19 01:00:00,0.0,119.4462233625743
2030-11-19 02:00:00,0.0,115.77129220626432
2030-11-19 03:00:00,0.0,111.9464175453662
2030-11-19 04:00:00,0.0,105.94955422443932
2030-11-19 05:00:00,0.0,104.77631206573199
2030-11-19 06:00:00,0.0,105.33048922888825
2030-11-19 07:00:00,0.0,101.57137926298492
2030-11-19 08:00:00,0.0,83.8616205027837
2030-11-19 09:00:00,0.0,76.18295810234372
2030-11-19 10:00:00,0.0,73.73569727589118
2030-11-19 11:00:00,0.0,71.4426753398584
2030-11-19 12:00:00,0.0,71.95013779317321
2030-11-19 13:00:00,0.0,70.87819213732814
2030-11-19 14:00:00,0.0,71.7761219635521
2030-11-19 15:00:00,0.0,81.80545812282753
2030-11-19 16:00:00,0.0,87.81466563332911
2030-11-19 17:00:00,0.0,92.28784585641027
2030-11-19 18:00:00,0.0,98.91432580016577
2030-11-19 19:00:00,0.0,115.67308359507204
2030-11-19 20:00:00,0.0,118.7210579924316
2030-11-19 21:00:00,0.0,125.70088428788073
2030-11-19 22:00:00,0.0,129.75023577436127
2030-11-19 23:00:00,0.0,130.54467328989858
2030-11-20 00:00:00,0.0,125.51674314189528
2030-11-20 01:00:00,0.0,121.60505908360405
2030-11-20 02:00:00,0.0,117.83542676650141
2030-11-20 03:00:00,0.0,113.98950740320493
2030-11-20 04:00:00,0.0,110.66444442426734
2030-11-20 05:00:00,0.0,105.99339735443596
2030-11-20 06:00:00,0.0,105.04813947171056
2030-11-20 07:00:00,0.0,98.31208097904208
2030-11-20 08:00:00,0.0,84.32881906443606
2030-11-20 09:00:00,0.0,75.60842391629113
2030-11-20 10:00:00,0.0,70.72342683430611
2030-11-20 11:00:00,0.0,69.54815585905158
2030-11-20 12:00:00,0.0,69.07276210761984
2030-11-20 13:00:00,0.0,68.60993636898831
2030-11-20 14:00:00,0.0,68.65744984840057
2030-11-20 15:00:00,0.0,77.21930488023598
2030-11-20 16:00:00,0.0,84.70115191221974
2030-11-20 17:00:00,0.0,88.91192984142344
2030-11-20 18:00:00,0.0,94.02174776923891
2030-11-20 19:00:00,0.0,106.16263183622254
2030-11-20 20:00:00,0.0,113.84745566201616
2030-11-20 21:00:00,0.0,122.48016795833496
2030-11-20 22:00:00,0.0,128.59014655465285
2030-11-20 23:00:00,0.0,126.04899874005332
2030-11-21 00:00:00,0.0,125.51674314189528
2030-11-21 01:00:00,0.0,121.60505908360405
2030-11-21 02:00:00,0.0,117.83542676650141
2030-11-21 03:00:00,0.0,113.98950740320493
2030-11-21 04:00:00,0.0,110.66444442426734
2030-11-21 05:00:00,0.0,105.99339735443596
2030-11-21 06:00:00,0.0,105.04813947171056
2030-11-21 07:00:00,0.0,98.31208097904208
2030-11-21 08:00:00,0.0,84.65287355511974
2030-11-21 09:00:00,0.0,76.08831915749465
2030-11-21 10:00:00,0.0,67.20261196908837
2030-11-21 11:00:00,0.0,67.24177943804375
2030-11-21 12:00:00,0.0,68.34693126840989
2030-11-21 13:00:00,0.0,69.06289609991961
2030-11-21 14:00:00,0.0,65.34499644476523
2030-11-21 15:00:00,0.0,76.23523989026013
2030-11-21 16:00:00,0.0,83.49560743735549
2030-11-21 17:00:00,0.0,90.0887229124064
2030-11-21 18:00:00,0.0,94.60206931679386
2030-11-21 19:00:00,0.0,108.00492015867724
2030-11-21 20:00:00,0.0,113.25732713226272
2030-11-21 21:00:00,0.0,121.71028259559569
2030-11-21 22:00:00,0.0,130.88752656647148
2030-11-21 23:00:00,0.0,127.29589735715489
2030-11-22 00:00:00,0.0,125.94815954106129
2030-11-22 01:00:00,0.0,121.60505908360405
2030-11-22 02:00:00,0.0,117.83542676650141
2030-11-22 03:00:00,0.0,113.98950740320493
2030-11-22 04:00:00,0.0,110.66444442426734
2030-11-22 05:00:00,0.0,105.99339735443596
2030-11-22 06:00:00,0.0,105.04813947171056
2030-11-22 07:00:00,0.0,98.31208097904208
2030-11-22 08:00:00,0.0,84.34354881401259
2030-11-22 09:00:00,0.0,75.4279108352307
2030-11-22 10:00:00,0.0,67.68069599796968
2030-11-22 11:00:00,0.0,67.25465876756653
2030-11-22 12:00:00,0.0,67.98152841837236
2030-11-22 13:00:00,0.0,67.64640233484056
2030-11-22 14:00:00,0.0,67.93073715184391
2030-11-22 15:00:00,0.0,77.51907985896389
2030-11-22 16:00:00,0.0,85.1933938493454
2030-11-22 17:00:00,0.0,89.59811263300435
2030-11-22 18:00:00,0.0,93.804697502537
2030-11-22 19:00:00,0.0,105.22263512909672
2030-11-22 20:00:00,0.0,111.2282670760228
2030-11-22 21:00:00,0.0,119.92411347953669
2030-11-22 22:00:00,0.0,128.59014655465285
2030-11-22 23:00:00,0.0,126.04899874005332
2030-11-23 00:00:00,0.0,125.51674314189528
2030-11-23 01:00:00,0.0,121.60505908360405
2030-11-23 02:00:00,0.0,117.83542676650141
2030-11-23 03:00:00,0.0,113.98950740320493
2030-11-23 04:00:00,0.0,110.66444442426734
2030-11-23 05:00:00,0.0,105.99339735443596
2030-11-23 06:00:00,0.0,105.04813947171056
2030-11-23 07:00:00,0.0,98.31208097904208
2030-11-23 08:00:00,0.0,84.32881906443606
2030-11-23 09:00:00,0.0,75.38040739284645
2030-11-23 10:00:00,0.0,67.82684481632396
2030-11-23 11:00:00,0.0,67.74525151782063
2030-11-23 12:00:00,0.0,67.69933274810228
2030-11-23 13:00:00,0.0,67.89347591805631
2030-11-23 14:00:00,0.0,68.30946722516637
2030-11-23 15:00:00,0.0,77.96646769557265
2030-11-23 16:00:00,0.0,85.49669989432459
2030-11-23 17:00:00,0.0,88.0283282670457
2030-11-23 18:00:00,0.0,92.64830421361786
2030-11-23 19:00:00,0.0,106.61158548738716
2030-11-23 20:00:00,0.0,111.01343573903976
2030-11-23 21:00:00,0.0,119.92411347953669
2030-11-23 22:00:00,0.0,128.59014655465285
2030-11-23 23:00:00,0.0,126.04899874005332
2030-11-24 00:00:00,0.0,125.51674314189528
2030-11-24 01:00:00,0.0,121.60505908360405
2030-11-24 02:00:00,0.0,117.83542676650141
2030-11-24 03:00:00,0.0,113.98950740320493
2030-11-24 04:00:00,0.0,110.66444442426734
2030-11-24 05:00:00,0.0,105.99339735443596
2030-11-24 06:00:00,0.0,105.04813947171056
2030-11-24 07:00:00,0.0,98.31208097904208
2030-11-24 08:00:00,0.0,84.39510293753051
2030-11-24 09:00:00,0.0,75.68317739539202
2030-11-24 10:00:00,0.0,68.73502207392278
2030-11-24 11:00:00,0.0,68.24329357888132
2030-11-24 12:00:00,0.0,68.41807819995233
2030-11-24 13:00:00,0.0,68.32461792924926
2030-11-24 14:00:00,0.0,69.68801498285768
2030-11-24 15:00:00,0.0,79.44815336496049
2030-11-24 16:00:00,0.0,86.63364046580055
2030-11-24 17:00:00,0.0,91.75139290654285
2030-11-24 18:00:00,0.0,96.70620072126361
2030-11-24 19:00:00,0.0,108.62310829162834
2030-11-24 20:00:00,0.0,116.03522784884352
2030-11-24 21:00:00,0.0,122.0250762689709
2030-11-24 22:00:00,0.0,128.59014655465285
2030-11-24 23:00:00,0.0,126.04899874005332
2030-11-25 00:00:00,0.0,123.53941797905132
2030-11-25 01:00:00,0.0,116.68322931019236
2030-11-25 02:00:00,0.0,112.31645356253692
2030-11-25 03:00:00,0.0,109.32810582197273
2030-11-25 04:00:00,0.0,106.7755587935742
2030-11-25 05:00:00,0.0,104.5044846597534
2030-11-25 06:00:00,0.0,101.95106076875491
2030-11-25 07:00:00,0.0,97.73598225088757
2030-11-25 08:00:00,0.0,83.88733755179281
2030-11-25 09:00:00,0.0,78.74699318694694
2030-11-25 10:00:00,0.0,66.6865348726393
2030-11-25 11:00:00,0.0,62.337431139411024
2030-11-25 12:00:00,0.0,60.466769921207856
2030-11-25 13:00:00,0.0,58.58971550557658
2030-11-25 14:00:00,0.0,59.291338639379205
2030-11-25 15:00:00,0.0,70.73405161504252
2030-11-25 16:00:00,0.0,76.6593256661829
2030-11-25 17:00:00,0.0,81.49187869579758
2030-11-25 18:00:00,0.0,89.72377510720332
2030-11-25 19:00:00,0.0,102.92525511727808
2030-11-25 20:00:00,0.0,109.55609009795477
2030-11-25 21:00:00,0.0,118.08007143188216
2030-11-25 22:00:00,0.0,127.4949451673392
2030-11-25 23:00:00,0.0,128.4533559890635
2030-11-26 00:00:00,0.0,124.6363730915648
2030-11-26 01:00:00,0.0,119.33486181238312
2030-11-26 02:00:00,0.0,115.77129220626432
2030-11-26 03:00:00,0.0,111.9464175453662
2030-11-26 04:00:00,0.0,105.94955422443932
2030-11-26 05:00:00,0.0,104.77631206573199
2030-11-26 06:00:00,0.0,105.33048922888825
2030-11-26 07:00:00,0.0,101.57137926298492
2030-11-26 08:00:00,0.0,83.93526925066635
2030-11-26 09:00:00,0.0,75.50902750538478
2030-11-26 10:00:00,0.0,70.87066881811143
2030-11-26 11:00:00,0.0,68.71092850642287
2030-11-26 12:00:00,0.0,68.73237643440223
2030-11-26 13:00:00,0.0,67.33862356226496
2030-11-26 14:00:00,0.0,69.89194686525957
2030-11-26 15:00:00,0.0,79.59818088739837
2030-11-26 16:00:00,0.0,85.98306246602101
2030-11-26 17:00:00,0.0,90.68407524258714
2030-11-26 18:00:00,0.0,97.28286146247363
2030-11-26 19:00:00,0.0,107.70678687470068
2030-11-26 20:00:00,0.0,115.0812013401188
2030-11-26 21:00:00,0.0,123.0282070832917
2030-11-26 22:00:00,0.0,128.79796299083637
2030-11-26 23:00:00,0.0,130.53590466389923
2030-11-27 00:00:00,0.0,125.51674314189528
2030-11-27 01:00:00,0.0,121.60505908360405
2030-11-27 02:00:00,0.0,117.83542676650141
2030-11-27 03:00:00,0.0,113.98950740320493
2030-11-27 04:00:00,0.0,110.66444442426734
2030-11-27 05:00:00,0.0,105.99339735443596
2030-11-27 06:00:00,0.0,105.04813947171056
2030-11-27 07:00:00,0.0,98.31208097904208
2030-11-27 08:00:00,0.0,84.49084630977791
2030-11-27 09:00:00,0.0,75.68148347419081
2030-11-27 10:00:00,0.0,64.4892284292182
2030-11-27 11:00:00,0.0,65.00537795913567
2030-11-27 12:00:00,0.0,72.19898994235973
2030-11-27 13:00:00,0.0,73.97708537601034
2030-11-27 14:00:00,0.0,69.99703363899448
2030-11-27 15:00:00,0.0,79.65498155362968
2030-11-27 16:00:00,0.0,87.12480350936721
2030-11-27 17:00:00,0.0,88.75269270231841
2030-11-27 18:00:00,0.0,94.19350531880671
2030-11-27 19:00:00,0.0,107.11753520754723
2030-11-27 20:00:00,0.0,113.48180395784505
2030-11-27 21:00:00,0.0,122.61257421092454
2030-11-27 22:00:00,0.0,128.59014655465285
2030-11-27 23:00:00,0.0,126.04899874005332
2030-11-28 00:00:00,0.0,125.51674314189528
2030-11-28 01:00:00,0.0,121.60505908360405
2030-11-28 02:00:00,0.0,117.83542676650141
2030-11-28 03:00:00,0.0,113.98950740320493
2030-11-28 04:00:00,0.0,110.66444442426734
2030-11-28 05:00:00,0.0,105.99339735443596
2030-11-28 06:00:00,0.0,105.04813947171056
2030-11-28 07:00:00,0.0,98.31208097904208
2030-11-28 08:00:00,0.0,84.5276706837193
2030-11-28 09:00:00,0.0,75.73215381273405
2030-11-28 10:00:00,0.0,70.43381468007772
2030-11-28 11:00:00,0.0,68.68340613268401
2030-11-28 12:00:00,0.0,68.33177097372197
2030-11-28 13:00:00,0.0,68.09968798712646
2030-11-28 14:00:00,0.0,69.21772644966438
2030-11-28 15:00:00,0.0,79.32186454466341
2030-11-28 16:00:00,0.0,86.67124538709619
2030-11-28 17:00:00,0.0,90.04600773059121
2030-11-28 18:00:00,0.0,92.18129027709927
2030-11-28 19:00:00,0.0,106.84570780156866
2030-11-28 20:00:00,0.0,112.26121121874132
2030-11-28 21:00:00,0.0,121.52175713661052
2030-11-28 22:00:00,0.0,128.59014655465285
2030-11-28 23:00:00,0.0,126.04899874005332
2030-11-29 00:00:00,0.0,125.51674314189528
2030-11-29 01:00:00,0.0,121.60505908360405
2030-11-29 02:00:00,0.0,117.83542676650141
2030-11-29 03:00:00,0.0,113.98950740320493
2030-11-29 04:00:00,0.0,110.66444442426734
2030-11-29 05:00:00,0.0,105.99339735443596
2030-11-29 06:00:00,0.0,105.04813947171056
2030-11-29 07:00:00,0.0,98.31208097904208
2030-11-29 08:00:00,0.0,84.57185993244887
2030-11-29 09:00:00,0.0,75.72280042175292
2030-11-29 10:00:00,0.0,63.17526020678383
2030-11-29 11:00:00,0.0,65.05320504389249
2030-11-29 12:00:00,0.0,68.45191113940609
2030-11-29 13:00:00,0.0,71.46338900216665
2030-11-29 14:00:00,0.0,69.17347047456155
2030-11-29 15:00:00,0.0,78.7701066612027
2030-11-29 16:00:00,0.0,86.27860248983575
2030-11-29 17:00:00,0.0,89.34610602699149
2030-11-29 18:00:00,0.0,95.82780800096691
2030-11-29 19:00:00,0.0,107.99615153267791
2030-11-29 20:00:00,0.0,112.54356097591904
2030-11-29 21:00:00,0.0,121.38672029622124
2030-11-29 22:00:00,0.0,128.59014655465285
2030-11-29 23:00:00,0.0,126.04899874005332
2030-11-30 00:00:00,0.0,125.51674314189528
2030-11-30 01:00:00,0.0,121.60505908360405
2030-11-30 02:00:00,0.0,117.83542676650141
2030-11-30 03:00:00,0.0,113.98950740320493
2030-11-30 04:00:00,0.0,110.66444442426734
2030-11-30 05:00:00,0.0,105.99339735443596
2030-11-30 06:00:00,0.0,105.04813947171056
2030-11-30 07:00:00,0.0,98.31208097904208
2030-11-30 08:00:00,0.0,84.54976530808403
2030-11-30 09:00:00,0.0,75.79379781471185
2030-11-30 10:00:00,0.0,66.35416323838263
2030-11-30 11:00:00,0.0,66.4424549919213
2030-11-30 12:00:00,0.0,66.0106880676351
2030-11-30 13:00:00,0.0,65.64816793540115
2030-11-30 14:00:00,0.0,66.14842883111214
2030-11-30 15:00:00,0.0,75.76996022216542
2030-11-30 16:00:00,0.0,83.21203600919283
2030-11-30 17:00:00,0.0,87.84048435332477
2030-11-30 18:00:00,0.0,93.05796562156013
2030-11-30 19:00:00,0.0,102.83756885728496
2030-11-30 20:00:00,0.0,110.59078796587312
2030-11-30 21:00:00,0.0,119.92411347953669
2030-11-30 22:00:00,0.0,128.59014655465285
2030-11-30 23:00:00,0.0,126.04899874005332
2030-12-01 00:00:00,0.0,119.16650419319647
2030-12-01 01:00:00,0.0,113.22839066646496
2030-12-01 02:00:00,0.0,107.76378294369624
2030-12-01 03:00:00,0.0,103.4504958146366
2030-12-01 04:00:00,0.0,101.16889932961656
2030-12-01 05:00:00,0.0,99.84395994112116
2030-12-01 06:00:00,0.0,98.23579393284808
2030-12-01 07:00:00,0.0,91.76104049495903
2030-12-01 08:00:00,0.0,82.36497368304526
2030-12-01 09:00:00,0.0,75.40821691699102
2030-12-01 10:00:00,0.0,69.34214659046313
2030-12-01 11:00:00,0.0,67.97060270862937
2030-12-01 12:00:00,0.0,67.50107838066788
2030-12-01 13:00:00,0.0,68.66141609351575
2030-12-01 14:00:00,0.0,68.2569449757242
2030-12-01 15:00:00,0.0,77.9398271316461
2030-12-01 16:00:00,0.0,84.97143045340499
2030-12-01 17:00:00,0.0,88.34433558743433
2030-12-01 18:00:00,0.0,94.38068612787104
2030-12-01 19:00:00,0.0,105.91535658304213
2030-12-01 20:00:00,0.0,110.11903588711039
2030-12-01 21:00:00,0.0,117.08570924356059
2030-12-01 22:00:00,0.0,121.66994691599882
2030-12-01 23:00:00,0.0,122.13731468176194
2030-12-02 00:00:00,0.0,119.16650419319647
2030-12-02 01:00:00,0.0,113.22839066646496
2030-12-02 02:00:00,0.0,107.76378294369624
2030-12-02 03:00:00,0.0,103.4504958146366
2030-12-02 04:00:00,0.0,101.16889932961656
2030-12-02 05:00:00,0.0,99.84395994112116
2030-12-02 06:00:00,0.0,98.23579393284808
2030-12-02 07:00:00,0.0,91.76104049495903
2030-12-02 08:00:00,0.0,82.45335218050445
2030-12-02 09:00:00,0.0,75.6476489963576
2030-12-02 10:00:00,0.0,71.57168002928483
2030-12-02 11:00:00,0.0,66.77366041895277
2030-12-02 12:00:00,0.0,65.81798618528148
2030-12-02 13:00:00,0.0,66.28488943959383
2030-12-02 14:00:00,0.0,66.43790525361214
2030-12-02 15:00:00,0.0,76.01335001010455
2030-12-02 16:00:00,0.0,82.82129855962921
2030-12-02 17:00:00,0.0,86.90672145815267
2030-12-02 18:00:00,0.0,92.57419994688995
2030-12-02 19:00:00,0.0,105.20772846489795
2030-12-02 20:00:00,0.0,110.23565861290113
2030-12-02 21:00:00,0.0,117.08570924356059
2030-12-02 22:00:00,0.0,121.66994691599882
2030-12-02 23:00:00,0.0,122.13731468176194
2030-12-03 00:00:00,0.0,120.996516439252
2030-12-03 01:00:00,0.0,114.53228535256208
2030-12-03 02:00:00,0.0,109.56748931175387
2030-12-03 03:00:00,0.0,106.36255650900682
2030-12-03 04:00:00,0.0,103.08133666006574
2030-12-03 05:00:00,0.0,102.23428738853248
2030-12-03 06:00:00,0.0,99.19157416677263
2030-12-03 07:00:00,0.0,92.80363012627673
2030-12-03 08:00:00,0.0,83.89315671433518
2030-12-03 09:00:00,0.0,75.21801129612538
2030-12-03 10:00:00,0.0,71.29943592294421
2030-12-03 11:00:00,0.0,65.68897752758267
2030-12-03 12:00:00,0.0,64.52220342069052
2030-12-03 13:00:00,0.0,66.14332647124127
2030-12-03 14:00:00,0.0,65.89211997406733
2030-12-03 15:00:00,0.0,76.28349961861316
2030-12-03 16:00:00,0.0,84.28738684645145
2030-12-03 17:00:00,0.0,86.85353242929523
2030-12-03 18:00:00,0.0,93.32288888473384
2030-12-03 19:00:00,0.0,104.56411131654875
2030-12-03 20:00:00,0.0,110.8757683108506
2030-12-03 21:00:00,0.0,117.0532653273632
2030-12-03 22:00:00,0.0,120.53002553608881
2030-12-03 23:00:00,0.0,123.91909948482134
2030-12-04 00:00:00,0.0,119.16650419319647
2030-12-04 01:00:00,0.0,113.22839066646496
2030-12-04 02:00:00,0.0,107.76378294369624
2030-12-04 03:00:00,0.0,103.4504958146366
2030-12-04 04:00:00,0.0,101.16889932961656
2030-12-04 05:00:00,0.0,99.84395994112116
2030-12-04 06:00:00,0.0,98.23579393284808
2030-12-04 07:00:00,0.0,91.76104049495903
2030-12-04 08:00:00,0.0,82.53436580317542
2030-12-04 09:00:00,0.0,75.89776014416714
2030-12-04 10:00:00,0.0,66.91368762732475
2030-12-04 11:00:00,0.0,68.65321606189855
2030-12-04 12:00:00,0.0,67.51732982775025
2030-12-04 13:00:00,0.0,68.08116696978914
2030-12-04 14:00:00,0.0,68.51698884796713
2030-12-04 15:00:00,0.0,79.45648354519972
2030-12-04 16:00:00,0.0,86.75217423203469
2030-12-04 17:00:00,0.0,90.81992664420443
2030-12-04 18:00:00,0.0,92.97078574897978
2030-12-04 19:00:00,0.0,105.64528290226336
2030-12-04 20:00:00,0.0,113.75187763862368
2030-12-04 21:00:00,0.0,117.26020490094686
2030-12-04 22:00:00,0.0,121.66994691599882
2030-12-04 23:00:00,0.0,122.13731468176194
2030-12-05 00:00:00,0.0,119.16650419319647
2030-12-05 01:00:00,0.0,113.22839066646496
2030-12-05 02:00:00,0.0,107.76378294369624
2030-12-05 03:00:00,0.0,103.4504958146366
2030-12-05 04:00:00,0.0,101.16889932961656
2030-12-05 05:00:00,0.0,99.84395994112116
2030-12-05 06:00:00,0.0,98.23579393284808
2030-12-05 07:00:00,0.0,91.76104049495903
2030-12-05 08:00:00,0.0,82.60801455105809
2030-12-05 09:00:00,0.0,76.14065371468416
2030-12-05 10:00:00,0.0,71.50722629343727
2030-12-05 11:00:00,0.0,68.72865485609088
2030-12-05 12:00:00,0.0,69.05223623196696
2030-12-05 13:00:00,0.0,70.09519974730483
2030-12-05 14:00:00,0.0,69.09242723476416
2030-12-05 15:00:00,0.0,78.59196032956811
2030-12-05 16:00:00,0.0,85.54246696016001
2030-12-05 17:00:00,0.0,91.2602707510241
2030-12-05 18:00:00,0.0,89.56160599589509
2030-12-05 19:00:00,0.0,105.43483587827996
2030-12-05 20:00:00,0.0,110.66795187466708
2030-12-05 21:00:00,0.0,117.14884335075566
2030-12-05 22:00:00,0.0,121.66994691599882
2030-12-05 23:00:00,0.0,122.13731468176194
2030-12-06 00:00:00,0.0,119.16650419319647
2030-12-06 01:00:00,0.0,113.22839066646496
2030-12-06 02:00:00,0.0,107.76378294369624
2030-12-06 03:00:00,0.0,103.4504958146366
2030-12-06 04:00:00,0.0,101.16889932961656
2030-12-06 05:00:00,0.0,99.84395994112116
2030-12-06 06:00:00,0.0,98.23579393284808
2030-12-06 07:00:00,0.0,91.76104049495903
2030-12-06 08:00:00,0.0,82.68902817372907
2030-12-06 09:00:00,0.0,76.78795255982493
2030-12-06 10:00:00,0.0,69.67342471688869
2030-12-06 11:00:00,0.0,66.3080609451273
2030-12-06 12:00:00,0.0,66.53646852074598
2030-12-06 13:00:00,0.0,68.19383320295276
2030-12-06 14:00:00,0.0,69.66256260855971
2030-12-06 15:00:00,0.0,79.77832511774568
2030-12-06 16:00:00,0.0,85.50521769169414
2030-12-06 17:00:00,0.0,87.57384218624179
2030-12-06 18:00:00,0.0,90.89298249975718
2030-12-06 19:00:00,0.0,104.55709641574924
2030-12-06 20:00:00,0.0,110.0927300091124
2030-12-06 21:00:00,0.0,117.08570924356059
2030-12-06 22:00:00,0.0,121.66994691599882
2030-12-06 23:00:00,0.0,122.13731468176194
2030-12-07 00:00:00,0.0,119.16650419319647
2030-12-07 01:00:00,0.0,113.22839066646496
2030-12-07 02:00:00,0.0,107.76378294369624
2030-12-07 03:00:00,0.0,103.4504958146366
2030-12-07 04:00:00,0.0,101.16889932961656
2030-12-07 05:00:00,0.0,99.84395994112116
2030-12-07 06:00:00,0.0,98.23579393284808
2030-12-07 07:00:00,0.0,91.76104049495903
2030-12-07 08:00:00,0.0,82.9836231652597
2030-12-07 09:00:00,0.0,77.31093231853981
2030-12-07 10:00:00,0.0,71.91337960544581
2030-12-07 11:00:00,0.0,66.40992836822204
2030-12-07 12:00:00,0.0,66.63512190140727
2030-12-07 13:00:00,0.0,69.1451979208374
2030-12-07 14:00:00,0.0,67.88399939656233
2030-12-07 15:00:00,0.0,77.32896542563422
2030-12-07 16:00:00,0.0,83.65867186151127
2030-12-07 17:00:00,0.0,87.39700508523777
2030-12-07 18:00:00,0.0,91.78348294662736
2030-12-07 19:00:00,0.0,105.69000289485984
2030-12-07 20:00:00,0.0,110.02784217671751
2030-12-07 21:00:00,0.0,117.08570924356059
2030-12-07 22:00:00,0.0,121.66994691599882
2030-12-07 23:00:00,0.0,122.13731468176194
2030-12-08 00:00:00,0.0,119.16650419319647
2030-12-08 01:00:00,0.0,113.22839066646496
2030-12-08 02:00:00,0.0,107.76378294369624
2030-12-08 03:00:00,0.0,103.4504958146366
2030-12-08 04:00:00,0.0,101.16889932961656
2030-12-08 05:00:00,0.0,99.84395994112116
2030-12-08 06:00:00,0.0,98.23579393284808
2030-12-08 07:00:00,0.0,91.76104049495903
2030-12-08 08:00:00,0.0,83.09409628708374
2030-12-08 09:00:00,0.0,77.04977385854782
2030-12-08 10:00:00,0.0,70.12832454528439
2030-12-08 11:00:00,0.0,66.09070179226183
2030-12-08 12:00:00,0.0,65.17652965349771
2030-12-08 13:00:00,0.0,66.76819412599514
2030-12-08 14:00:00,0.0,66.77665095095483
2030-12-08 15:00:00,0.0,75.87646788701113
2030-12-08 16:00:00,0.0,82.30345866892037
2030-12-08 17:00:00,0.0,85.73204764034426
2030-12-08 18:00:00,0.0,91.54871080279315
2030-12-08 19:00:00,0.0,105.0490163343104
2030-12-08 20:00:00,0.0,111.96220107216492
2030-12-08 21:00:00,0.0,117.08570924356059
2030-12-08 22:00:00,0.0,121.66994691599882
2030-12-08 23:00:00,0.0,122.13731468176194
2030-12-09 00:00:00,0.0,119.16650419319647
2030-12-09 01:00:00,0.0,113.22839066646496
2030-12-09 02:00:00,0.0,107.76378294369624
2030-12-09 03:00:00,0.0,103.4504958146366
2030-12-09 04:00:00,0.0,101.16889932961656
2030-12-09 05:00:00,0.0,99.84395994112116
2030-12-09 06:00:00,0.0,98.23579393284808
2030-12-09 07:00:00,0.0,91.76104049495903
2030-12-09 08:00:00,0.0,82.99098804004801
2030-12-09 09:00:00,0.0,76.48930688716075
2030-12-09 10:00:00,0.0,69.52801329747285
2030-12-09 11:00:00,0.0,66.68814090976298
2030-12-09 12:00:00,0.0,67.3878378094646
2030-12-09 13:00:00,0.0,69.48519746017337
2030-12-09 14:00:00,0.0,70.01181786574875
2030-12-09 15:00:00,0.0,82.0372247600594
2030-12-09 16:00:00,0.0,87.5977546787118
2030-12-09 17:00:00,0.0,91.64378193517565
2030-12-09 18:00:00,0.0,94.42351190646376
2030-12-09 19:00:00,0.0,103.42155934883884
2030-12-09 20:00:00,0.0,111.08884592263382
2030-12-09 21:00:00,0.0,117.08570924356059
2030-12-09 22:00:00,0.0,121.66994691599882
2030-12-09 23:00:00,0.0,122.13731468176194
2030-12-10 00:00:00,0.0,119.2482852871791
2030-12-10 01:00:00,0.0,114.53228535256208
2030-12-10 02:00:00,0.0,109.56748931175387
2030-12-10 03:00:00,0.0,106.36255650900682
2030-12-10 04:00:00,0.0,103.08133666006574
2030-12-10 05:00:00,0.0,102.23428738853248
2030-12-10 06:00:00,0.0,99.19157416677263
2030-12-10 07:00:00,0.0,92.80363012627673
2030-12-10 08:00:00,0.0,85.06417180566962
2030-12-10 09:00:00,0.0,78.53706576820582
2030-12-10 10:00:00,0.0,75.21877150349837
2030-12-10 11:00:00,0.0,67.30772163668644
2030-12-10 12:00:00,0.0,67.33189238442401
2030-12-10 13:00:00,0.0,67.52840225626949
2030-12-10 14:00:00,0.0,67.04802578188423
2030-12-10 15:00:00,0.0,77.82987553371822
2030-12-10 16:00:00,0.0,86.23991212324064
2030-12-10 17:00:00,0.0,88.77062144393972
2030-12-10 18:00:00,0.0,93.56609792207497
2030-12-10 19:00:00,0.0,104.940285371919
2030-12-10 20:00:00,0.0,112.49007235732324
2030-12-10 21:00:00,0.0,117.0532653273632
2030-12-10 22:00:00,0.0,120.53002553608881
2030-12-10 23:00:00,0.0,123.91909948482134
2030-12-11 00:00:00,0.0,119.16650419319647
2030-12-11 01:00:00,0.0,113.22839066646496
2030-12-11 02:00:00,0.0,107.76378294369624
2030-12-11 03:00:00,0.0,103.4504958146366
2030-12-11 04:00:00,0.0,101.16889932961656
2030-12-11 05:00:00,0.0,99.84395994112116
2030-12-11 06:00:00,0.0,98.23579393284808
2030-12-11 07:00:00,0.0,91.76104049495903
2030-12-11 08:00:00,0.0,84.07362463392326
2030-12-11 09:00:00,0.0,80.60980703370035
2030-12-11 10:00:00,0.0,70.67862495126496
2030-12-11 11:00:00,0.0,64.67554491008377
2030-12-11 12:00:00,0.0,62.737244438769274
2030-12-11 13:00:00,0.0,62.87136150514823
2030-12-11 14:00:00,0.0,61.47241630154962
2030-12-11 15:00:00,0.0,70.49917118233293
2030-12-11 16:00:00,0.0,79.38240759555629
2030-12-11 17:00:00,0.0,85.07275298539571
2030-12-11 18:00:00,0.0,88.88642444356469
2030-12-11 19:00:00,0.0,103.01381823987104
2030-12-11 20:00:00,0.0,109.99013708492053
2030-12-11 21:00:00,0.0,117.08570924356059
2030-12-11 22:00:00,0.0,121.66994691599882
2030-12-11 23:00:00,0.0,122.13731468176194
2030-12-12 00:00:00,0.0,119.16650419319647
2030-12-12 01:00:00,0.0,113.22839066646496
2030-12-12 02:00:00,0.0,107.76378294369624
2030-12-12 03:00:00,0.0,103.4504958146366
2030-12-12 04:00:00,0.0,101.16889932961656
2030-12-12 05:00:00,0.0,99.84395994112116
2030-12-12 06:00:00,0.0,98.23579393284808
2030-12-12 07:00:00,0.0,91.76104049495903
2030-12-12 08:00:00,0.0,82.82896079470606
2030-12-12 09:00:00,0.0,77.4052763645775
2030-12-12 10:00:00,0.0,67.03006598115758
2030-12-12 11:00:00,0.0,60.56766870580702
2030-12-12 12:00:00,0.0,59.79163427992637
2030-12-12 13:00:00,0.0,59.98864562986637
2030-12-12 14:00:00,0.0,59.77121223025324
2030-12-12 15:00:00,0.0,69.62092343301572
2030-12-12 16:00:00,0.0,76.4407314440059
2030-12-12 17:00:00,0.0,81.14982231834176
2030-12-12 18:00:00,0.0,87.41949046826265
2030-12-12 19:00:00,0.0,104.30280626176932
2030-12-12 20:00:00,0.0,109.99013708492053
2030-12-12 21:00:00,0.0,117.08570924356059
2030-12-12 22:00:00,0.0,121.66994691599882
2030-12-12 23:00:00,0.0,122.13731468176194
2030-12-13 00:00:00,0.0,119.16650419319647
2030-12-13 01:00:00,0.0,113.22839066646496
2030-12-13 02:00:00,0.0,107.76378294369624
2030-12-13 03:00:00,0.0,103.4504958146366
2030-12-13 04:00:00,0.0,101.16889932961656
2030-12-13 05:00:00,0.0,99.84395994112116
2030-12-13 06:00:00,0.0,98.23579393284808
2030-12-13 07:00:00,0.0,91.76104049495903
2030-12-13 08:00:00,0.0,83.85415136523284
2030-12-13 09:00:00,0.0,79.63764356164916
2030-12-13 10:00:00,0.0,69.83254813558892
2030-12-13 11:00:00,0.0,63.150353294001434
2030-12-13 12:00:00,0.0,61.84842255822582
2030-12-13 13:00:00,0.0,61.791340163478246
2030-12-13 14:00:00,0.0,60.17658063605461
2030-12-13 15:00:00,0.0,71.52950177244259
2030-12-13 16:00:00,0.0,80.1246374735242
2030-12-13 17:00:00,0.0,83.38653650077491
2030-12-13 18:00:00,0.0,88.3192678279187
2030-12-13 19:00:00,0.0,103.48820090643356
2030-12-13 20:00:00,0.0,113.76239998982282
2030-12-13 21:00:00,0.0,117.08570924356059
2030-12-13 22:00:00,0.0,121.66994691599882
2030-12-13 23:00:00,0.0,122.13731468176194
2030-12-14 00:00:00,0.0,119.16650419319647
2030-12-14 01:00:00,0.0,113.22839066646496
2030-12-14 02:00:00,0.0,107.76378294369624
2030-12-14 03:00:00,0.0,103.4504958146366
2030-12-14 04:00:00,0.0,101.16889932961656
2030-12-14 05:00:00,0.0,99.84395994112116
2030-12-14 06:00:00,0.0,98.23579393284808
2030-12-14 07:00:00,0.0,91.76104049495903
2030-12-14 08:00:00,0.0,83.01308266441276
2030-12-14 09:00:00,0.0,77.74398695608988
2030-12-14 10:00:00,0.0,71.46986527906267
2030-12-14 11:00:00,0.0,65.9497384022743
2030-12-14 12:00:00,0.0,64.8252088790432
2030-12-14 13:00:00,0.0,65.51770468617792
2030-12-14 14:00:00,0.0,66.06383368215097
2030-12-14 15:00:00,0.0,75.2866452996252
2030-12-14 16:00:00,0.0,82.77818741632177
2030-12-14 17:00:00,0.0,87.91259262137974
2030-12-14 18:00:00,0.0,92.45713660106573
2030-12-14 19:00:00,0.0,103.38297739444192
2030-12-14 20:00:00,0.0,111.52990781039898
2030-12-14 21:00:00,0.0,117.3242158707418
2030-12-14 22:00:00,0.0,121.66994691599882
2030-12-14 23:00:00,0.0,122.13731468176194
2030-12-15 00:00:00,0.0,119.16650419319647
2030-12-15 01:00:00,0.0,113.22839066646496
2030-12-15 02:00:00,0.0,107.76378294369624
2030-12-15 03:00:00,0.0,103.4504958146366
2030-12-15 04:00:00,0.0,101.16889932961656
2030-12-15 05:00:00,0.0,99.84395994112116
2030-12-15 06:00:00,0.0,98.23579393284808
2030-12-15 07:00:00,0.0,91.76104049495903
2030-12-15 08:00:00,0.0,83.49916440043842
2030-12-15 09:00:00,0.0,79.21784569871782
2030-12-15 10:00:00,0.0,74.82150420367861
2030-12-15 11:00:00,0.0,71.04091994859346
2030-12-15 12:00:00,0.0,70.14949642292254
2030-12-15 13:00:00,0.0,71.00326659826328
2030-12-15 14:00:00,0.0,66.18516138162363
2030-12-15 15:00:00,0.0,78.6370698648792
2030-12-15 16:00:00,0.0,84.65573140190008
2030-12-15 17:00:00,0.0,90.49079100719655
2030-12-15 18:00:00,0.0,94.82520407525726
2030-12-15 19:00:00,0.0,110.59316479022107
2030-12-15 20:00:00,0.0,112.08233124835544
2030-12-15 21:00:00,0.0,118.55357723584484
2030-12-15 22:00:00,0.0,121.66994691599882
2030-12-15 23:00:00,0.0,122.13731468176194
2030-12-16 00:00:00,0.0,119.16650419319647
2030-12-16 01:00:00,0.0,113.22839066646496
2030-12-16 02:00:00,0.0,107.76378294369624
2030-12-16 03:00:00,0.0,103.4504958146366
2030-12-16 04:00:00,0.0,101.16889932961656
2030-12-16 05:00:00,0.0,99.84395994112116
2030-12-16 06:00:00,0.0,98.23579393284808
2030-12-16 07:00:00,0.0,91.76104049495903
2030-12-16 08:00:00,0.0,83.84899595288105
2030-12-16 09:00:00,0.0,80.56561778497075
2030-12-16 10:00:00,0.0,80.18156231602278
2030-12-16 11:00:00,0.0,76.77337364887399
2030-12-16 12:00:00,0.0,75.89586040223344
2030-12-16 13:00:00,0.0,75.41089485848465
2030-12-16 14:00:00,0.0,75.82537712581289
2030-12-16 15:00:00,0.0,84.61551202551004
2030-12-16 16:00:00,0.0,90.37214568452487
2030-12-16 17:00:00,0.0,93.5374085336939
2030-12-16 18:00:00,0.0,99.0565968637902
2030-12-16 19:00:00,0.0,108.87568520059392
2030-12-16 20:00:00,0.0,116.14220508603512
2030-12-16 21:00:00,0.0,122.2565679953526
2030-12-16 22:00:00,0.0,121.66994691599882
2030-12-16 23:00:00,0.0,122.13731468176194
2030-12-17 00:00:00,0.0,120.996516439252
2030-12-17 01:00:00,0.0,114.53228535256208
2030-12-17 02:00:00,0.0,109.56748931175387
2030-12-17 03:00:00,0.0,106.36255650900682
2030-12-17 04:00:00,0.0,103.08133666006574
2030-12-17 05:00:00,0.0,102.23428738853248
2030-12-17 06:00:00,0.0,99.19157416677263
2030-12-17 07:00:00,0.0,92.80363012627673
2030-12-17 08:00:00,0.0,85.31973296082242
2030-12-17 09:00:00,0.0,77.36111621076316
2030-12-17 10:00:00,0.0,78.18742719627642
2030-12-17 11:00:00,0.0,71.99339772548763
2030-12-17 12:00:00,0.0,70.68074814379179
2030-12-17 13:00:00,0.0,71.9833426387321
2030-12-17 14:00:00,0.0,72.22245506394461
2030-12-17 15:00:00,0.0,82.538173258818
2030-12-17 16:00:00,0.0,90.49723731361392
2030-12-17 17:00:00,0.0,92.76402307971239
2030-12-17 18:00:00,0.0,99.05467007922381
2030-12-17 19:00:00,0.0,110.2274824148609
2030-12-17 20:00:00,0.0,118.30980943306406
2030-12-17 21:00:00,0.0,122.82302123490784
2030-12-17 22:00:00,0.0,122.0040315665725
2030-12-17 23:00:00,0.0,124.70301464915951
2030-12-18 00:00:00,0.0,119.16650419319647
2030-12-18 01:00:00,0.0,113.22839066646496
2030-12-18 02:00:00,0.0,107.76378294369624
2030-12-18 03:00:00,0.0,103.4504958146366
2030-12-18 04:00:00,0.0,101.16889932961656
2030-12-18 05:00:00,0.0,99.84395994112116
2030-12-18 06:00:00,0.0,98.23579393284808
2030-12-18 07:00:00,0.0,91.76104049495903
2030-12-18 08:00:00,0.0,84.03017187267245
2030-12-18 09:00:00,0.0,77.71467475443262
2030-12-18 10:00:00,0.0,70.6181178136195
2030-12-18 11:00:00,0.0,65.78252757076507
2030-12-18 12:00:00,0.0,64.68592082704652
2030-12-18 13:00:00,0.0,64.88047543669006
2030-12-18 14:00:00,0.0,65.52630288314697
2030-12-18 15:00:00,0.0,75.32085875129394
2030-12-18 16:00:00,0.0,82.18390300229248
2030-12-18 17:00:00,0.0,86.57226970333068
2030-12-18 18:00:00,0.0,92.25099077405173
2030-12-18 19:00:00,0.0,108.39855093281778
2030-12-18 20:00:00,0.0,113.17577891046913
2030-12-18 21:00:00,0.0,117.08570924356059
2030-12-18 22:00:00,0.0,121.66994691599882
2030-12-18 23:00:00,0.0,122.13731468176194
2030-12-19 00:00:00,0.0,119.16650419319647
2030-12-19 01:00:00,0.0,113.22839066646496
2030-12-19 02:00:00,0.0,107.76378294369624
2030-12-19 03:00:00,0.0,103.4504958146366
2030-12-19 04:00:00,0.0,101.16889932961656
2030-12-19 05:00:00,0.0,99.84395994112116
2030-12-19 06:00:00,0.0,98.23579393284808
2030-12-19 07:00:00,0.0,91.76104049495903
2030-12-19 08:00:00,0.0,83.98745559890051
2030-12-19 09:00:00,0.0,77.48592174350902
2030-12-19 10:00:00,0.0,67.34518018225208
2030-12-19 11:00:00,0.0,61.97739515176636
2030-12-19 12:00:00,0.0,61.517593332090655
2030-12-19 13:00:00,0.0,61.64751645559318
2030-12-19 14:00:00,0.0,62.08970296813527
2030-12-19 15:00:00,0.0,71.69597951566595
2030-12-19 16:00:00,0.0,78.79129907926541
2030-12-19 17:00:00,0.0,83.90877142493947
2030-12-19 18:00:00,0.0,89.08410755802663
2030-12-19 19:00:00,0.0,102.20951634044148
2030-12-19 20:00:00,0.0,109.99013708492053
2030-12-19 21:00:00,0.0,117.08570924356059
2030-12-19 22:00:00,0.0,121.66994691599882
2030-12-19 23:00:00,0.0,122.13731468176194
2030-12-20 00:00:00,0.0,119.16650419319647
2030-12-20 01:00:00,0.0,113.22839066646496
2030-12-20 02:00:00,0.0,107.76378294369624
2030-12-20 03:00:00,0.0,103.4504958146366
2030-12-20 04:00:00,0.0,101.16889932961656
2030-12-20 05:00:00,0.0,99.84395994112116
2030-12-20 06:00:00,0.0,98.23579393284808
2030-12-20 07:00:00,0.0,91.76104049495903
2030-12-20 08:00:00,0.0,84.28646951530413
2030-12-20 09:00:00,0.0,77.41669192049926
2030-12-20 10:00:00,0.0,66.20048648500722
2030-12-20 11:00:00,0.0,62.360560492084566
2030-12-20 12:00:00,0.0,61.390932118618714
2030-12-20 13:00:00,0.0,62.30794093948271
2030-12-20 14:00:00,0.0,61.915268121275744
2030-12-20 15:00:00,0.0,71.67763620108781
2030-12-20 16:00:00,0.0,79.04216257235953
2030-12-20 17:00:00,0.0,83.96761585339812
2030-12-20 18:00:00,0.0,89.19503742361553
2030-12-20 19:00:00,0.0,100.4550873373464
2030-12-20 20:00:00,0.0,109.99013708492053
2030-12-20 21:00:00,0.0,117.08570924356059
2030-12-20 22:00:00,0.0,121.66994691599882
2030-12-20 23:00:00,0.0,122.13731468176194
2030-12-21 00:00:00,0.0,119.16650419319647
2030-12-21 01:00:00,0.0,113.22839066646496
2030-12-21 02:00:00,0.0,107.76378294369624
2030-12-21 03:00:00,0.0,103.4504958146366
2030-12-21 04:00:00,0.0,101.16889932961656
2030-12-21 05:00:00,0.0,99.84395994112116
2030-12-21 06:00:00,0.0,98.23579393284808
2030-12-21 07:00:00,0.0,91.76104049495903
2030-12-21 08:00:00,0.0,84.44186837333655
2030-12-21 09:00:00,0.0,77.56104346634936
2030-12-21 10:00:00,0.0,66.20527365361954
2030-12-21 11:00:00,0.0,64.60796810028125
2030-12-21 12:00:00,0.0,64.34783596501836
2030-12-21 13:00:00,0.0,65.26174268846876
2030-12-21 14:00:00,0.0,66.54237269802627
2030-12-21 15:00:00,0.0,75.92985664856553
2030-12-21 16:00:00,0.0,82.82304978745572
2030-12-21 17:00:00,0.0,85.81591774427113
2030-12-21 18:00:00,0.0,90.8510939575084
2030-12-21 19:00:00,0.0,100.64360894107584
2030-12-21 20:00:00,0.0,109.99013708492053
2030-12-21 21:00:00,0.0,117.08570924356059
2030-12-21 22:00:00,0.0,121.66994691599882
2030-12-21 23:00:00,0.0,122.13731468176194
2030-12-22 00:00:00,0.0,119.16650419319647
2030-12-22 01:00:00,0.0,113.22839066646496
2030-12-22 02:00:00,0.0,107.76378294369624
2030-12-22 03:00:00,0.0,103.4504958146366
2030-12-22 04:00:00,0.0,101.16889932961656
2030-12-22 05:00:00,0.0,99.84395994112116
2030-12-22 06:00:00,0.0,98.23579393284808
2030-12-22 07:00:00,0.0,91.76104049495903
2030-12-22 08:00:00,0.0,84.44186837333655
2030-12-22 09:00:00,0.0,77.8249269300129
2030-12-22 10:00:00,0.0,66.60047283475797
2030-12-22 11:00:00,0.0,66.62478831580347
2030-12-22 12:00:00,0.0,67.0069537856657
2030-12-22 13:00:00,0.0,67.23137403558529
2030-12-22 14:00:00,0.0,68.14593949586538
2030-12-22 15:00:00,0.0,77.99385937986426
2030-12-22 16:00:00,0.0,84.21780004164974
2030-12-22 17:00:00,0.0,87.6525521579698
2030-12-22 18:00:00,0.0,93.38994823464725
2030-12-22 19:00:00,0.0,104.13459514230146
2030-12-22 20:00:00,0.0,111.26947961821952
2030-12-22 21:00:00,0.0,117.08570924356059
2030-12-22 22:00:00,0.0,121.66994691599882
2030-12-22 23:00:00,0.0,122.13731468176194
2030-12-23 00:00:00,0.0,119.16650419319647
2030-12-23 01:00:00,0.0,113.22839066646496
2030-12-23 02:00:00,0.0,107.76378294369624
2030-12-23 03:00:00,0.0,103.4504958146366
2030-12-23 04:00:00,0.0,101.16889932961656
2030-12-23 05:00:00,0.0,99.84395994112116
2030-12-23 06:00:00,0.0,98.23579393284808
2030-12-23 07:00:00,0.0,91.76104049495903
2030-12-23 08:00:00,0.0,84.44186837333655
2030-12-23 09:00:00,0.0,78.20591190281004
2030-12-23 10:00:00,0.0,71.07600693048357
2030-12-23 11:00:00,0.0,67.64248366380866
2030-12-23 12:00:00,0.0,67.80485393184449
2030-12-23 13:00:00,0.0,68.19794409594738
2030-12-23 14:00:00,0.0,70.57641107536506
2030-12-23 15:00:00,0.0,80.19942744392597
2030-12-23 16:00:00,0.0,86.87527712653946
2030-12-23 17:00:00,0.0,92.08185626232307
2030-12-23 18:00:00,0.0,92.3612590258291
2030-12-23 19:00:00,0.0,106.1285922603114
2030-12-23 20:00:00,0.0,111.5737509403956
2030-12-23 21:00:00,0.0,118.29753335666499
2030-12-23 22:00:00,0.0,121.66994691599882
2030-12-23 23:00:00,0.0,122.13731468176194
2030-12-24 00:00:00,0.0,120.996516439252
2030-12-24 01:00:00,0.0,114.53228535256208
2030-12-24 02:00:00,0.0,109.56748931175387
2030-12-24 03:00:00,0.0,106.36255650900682
2030-12-24 04:00:00,0.0,103.08133666006574
2030-12-24 05:00:00,0.0,102.23428738853248
2030-12-24 06:00:00,0.0,99.19157416677263
2030-12-24 07:00:00,0.0,92.80363012627673
2030-12-24 08:00:00,0.0,85.8448485332259
2030-12-24 09:00:00,0.0,77.51408466011549
2030-12-24 10:00:00,0.0,73.09535919675227
2030-12-24 11:00:00,0.0,71.12093542932507
2030-12-24 12:00:00,0.0,69.79723126171803
2030-12-24 13:00:00,0.0,70.19900312806851
2030-12-24 14:00:00,0.0,72.59381820188833
2030-12-24 15:00:00,0.0,82.74192875844892
2030-12-24 16:00:00,0.0,90.46714897032336
2030-12-24 17:00:00,0.0,93.08317604481897
2030-12-24 18:00:00,0.0,96.78870499961715
2030-12-24 19:00:00,0.0,104.91098008299628
2030-12-24 20:00:00,0.0,116.01418314644512
2030-12-24 21:00:00,0.0,120.94215095805635
2030-12-24 22:00:00,0.0,120.53002553608881
2030-12-24 23:00:00,0.0,123.91909948482134
2030-12-25 00:00:00,0.0,119.16650419319647
2030-12-25 01:00:00,0.0,113.22839066646496
2030-12-25 02:00:00,0.0,107.76378294369624
2030-12-25 03:00:00,0.0,103.4504958146366
2030-12-25 04:00:00,0.0,101.16889932961656
2030-12-25 05:00:00,0.0,99.84395994112116
2030-12-25 06:00:00,0.0,98.23579393284808
2030-12-25 07:00:00,0.0,91.76104049495903
2030-12-25 08:00:00,0.0,84.44186837333655
2030-12-25 09:00:00,0.0,78.12114219399699
2030-12-25 10:00:00,0.0,71.24014059077888
2030-12-25 11:00:00,0.0,70.34828160103825
2030-12-25 12:00:00,0.0,70.65672081901414
2030-12-25 13:00:00,0.0,71.80866651528765
2030-12-25 14:00:00,0.0,73.44890346719761
2030-12-25 15:00:00,0.0,82.82401907148528
2030-12-25 16:00:00,0.0,88.70045238947773
2030-12-25 17:00:00,0.0,92.90949766442544
2030-12-25 18:00:00,0.0,95.769452250276
2030-12-25 19:00:00,0.0,107.51683881536836
2030-12-25 20:00:00,0.0,110.95556280744438
2030-12-25 21:00:00,0.0,117.08570924356059
2030-12-25 22:00:00,0.0,121.66994691599882
2030-12-25 23:00:00,0.0,122.13731468176194
2030-12-26 00:00:00,0.0,119.16650419319647
2030-12-26 01:00:00,0.0,113.22839066646496
2030-12-26 02:00:00,0.0,107.76378294369624
2030-12-26 03:00:00,0.0,103.4504958146366
2030-12-26 04:00:00,0.0,101.16889932961656
2030-12-26 05:00:00,0.0,99.84395994112116
2030-12-26 06:00:00,0.0,98.23579393284808
2030-12-26 07:00:00,0.0,91.76104049495903
2030-12-26 08:00:00,0.0,84.44186837333655
2030-12-26 09:00:00,0.0,78.34142559891414
2030-12-26 10:00:00,0.0,71.59328633687619
2030-12-26 11:00:00,0.0,71.43709885931776
2030-12-26 12:00:00,0.0,70.51704108792364
2030-12-26 13:00:00,0.0,72.19952117054366
2030-12-26 14:00:00,0.0,72.86923530073136
2030-12-26 15:00:00,0.0,82.66138087214814
2030-12-26 16:00:00,0.0,89.4156367211673
2030-12-26 17:00:00,0.0,92.10288257164812
2030-12-26 18:00:00,0.0,95.90303355942717
2030-12-26 19:00:00,0.0,104.85708751683114
2030-12-26 20:00:00,0.0,112.65404566351036
2030-12-26 21:00:00,0.0,118.79822190122547
2030-12-26 22:00:00,0.0,121.66994691599882
2030-12-26 23:00:00,0.0,122.13731468176194
2030-12-27 00:00:00,0.0,119.16650419319647
2030-12-27 01:00:00,0.0,113.22839066646496
2030-12-27 02:00:00,0.0,107.76378294369624
2030-12-27 03:00:00,0.0,103.4504958146366
2030-12-27 04:00:00,0.0,101.16889932961656
2030-12-27 05:00:00,0.0,99.84395994112116
2030-12-27 06:00:00,0.0,98.23579393284808
2030-12-27 07:00:00,0.0,91.76104049495903
2030-12-27 08:00:00,0.0,84.44186837333655
2030-12-27 09:00:00,0.0,78.42980409637335
2030-12-27 10:00:00,0.0,72.69545416836661
2030-12-27 11:00:00,0.0,69.01995529123985
2030-12-27 12:00:00,0.0,69.47432330242611
2030-12-27 13:00:00,0.0,70.67883094019044
2030-12-27 14:00:00,0.0,70.10344499823464
2030-12-27 15:00:00,0.0,79.48800477251075
2030-12-27 16:00:00,0.0,86.02140064645958
2030-12-27 17:00:00,0.0,90.00547397035962
2030-12-27 18:00:00,0.0,94.53996014819133
2030-12-27 19:00:00,0.0,106.41809142509749
2030-12-27 20:00:00,0.0,112.44798295252656
2030-12-27 21:00:00,0.0,119.21385477359262
2030-12-27 22:00:00,0.0,121.9926323527734
2030-12-27 23:00:00,0.0,122.13731468176194
2030-12-28 00:00:00,0.0,119.16650419319647
2030-12-28 01:00:00,0.0,113.22839066646496
2030-12-28 02:00:00,0.0,107.76378294369624
2030-12-28 03:00:00,0.0,103.4504958146366
2030-12-28 04:00:00,0.0,101.16889932961656
2030-12-28 05:00:00,0.0,99.84395994112116
2030-12-28 06:00:00,0.0,98.23579393284808
2030-12-28 07:00:00,0.0,91.76104049495903
2030-12-28 08:00:00,0.0,84.44186837333655
2030-12-28 09:00:00,0.0,79.09264282731738
2030-12-28 10:00:00,0.0,71.34118636905396
2030-12-28 11:00:00,0.0,66.07380644101306
2030-12-28 12:00:00,0.0,66.1044396478195
2030-12-28 13:00:00,0.0,66.59768225251219
2030-12-28 14:00:00,0.0,67.13311342597456
2030-12-28 15:00:00,0.0,77.3759401751023
2030-12-28 16:00:00,0.0,84.1583379076784
2030-12-28 17:00:00,0.0,87.84046219042419
2030-12-28 18:00:00,0.0,94.08717020075642
2030-12-28 19:00:00,0.0,106.18008084448138
2030-12-28 20:00:00,0.0,111.75000032298168
2030-12-28 21:00:00,0.0,117.08570924356059
2030-12-28 22:00:00,0.0,121.66994691599882
2030-12-28 23:00:00,0.0,122.13731468176194
2030-12-29 00:00:00,0.0,119.16650419319647
2030-12-29 01:00:00,0.0,113.22839066646496
2030-12-29 02:00:00,0.0,107.76378294369624
2030-12-29 03:00:00,0.0,103.4504958146366
2030-12-29 04:00:00,0.0,101.16889932961656
2030-12-29 05:00:00,0.0,99.84395994112116
2030-12-29 06:00:00,0.0,98.23579393284808
2030-12-29 07:00:00,0.0,91.76104049495903
2030-12-29 08:00:00,0.0,84.44186837333655
2030-12-29 09:00:00,0.0,78.37824997285543
2030-12-29 10:00:00,0.0,71.2382402707915
2030-12-29 11:00:00,0.0,67.67545766869887
2030-12-29 12:00:00,0.0,67.51258634904514
2030-12-29 13:00:00,0.0,69.02330808432043
2030-12-29 14:00:00,0.0,68.59730107934956
2030-12-29 15:00:00,0.0,77.85230885084434
2030-12-29 16:00:00,0.0,83.83636726051894
2030-12-29 17:00:00,0.0,87.20235948716936
2030-12-29 18:00:00,0.0,92.40833336641299
2030-12-29 19:00:00,0.0,102.80614059289472
2030-12-29 20:00:00,0.0,110.77931342485827
2030-12-29 21:00:00,0.0,117.08570924356059
2030-12-29 22:00:00,0.0,121.66994691599882
2030-12-29 23:00:00,0.0,122.13731468176194
2030-12-30 00:00:00,0.0,119.16650419319647
2030-12-30 01:00:00,0.0,113.22839066646496
2030-12-30 02:00:00,0.0,107.76378294369624
2030-12-30 03:00:00,0.0,103.4504958146366
2030-12-30 04:00:00,0.0,101.16889932961656
2030-12-30 05:00:00,0.0,99.84395994112116
2030-12-30 06:00:00,0.0,98.23579393284808
2030-12-30 07:00:00,0.0,91.76104049495903
2030-12-30 08:00:00,0.0,84.44186837333655
2030-12-30 09:00:00,0.0,81.86183574770574
2030-12-30 10:00:00,0.0,73.27631933656983
2030-12-30 11:00:00,0.0,71.29583274632455
2030-12-30 12:00:00,0.0,70.24582510164305
2030-12-30 13:00:00,0.0,70.19758327240629
2030-12-30 14:00:00,0.0,68.97903871089113
2030-12-30 15:00:00,0.0,77.7601052239936
2030-12-30 16:00:00,0.0,83.8874790547668
2030-12-30 17:00:00,0.0,87.1575922628699
2030-12-30 18:00:00,0.0,92.7650086403821
2030-12-30 19:00:00,0.0,103.26441674546004
2030-12-30 20:00:00,0.0,110.23565861290113
2030-12-30 21:00:00,0.0,117.08570924356059
2030-12-30 22:00:00,0.0,121.66994691599882
2030-12-30 23:00:00,0.0,122.13731468176194
