,Export,Import
2030-01-01 00:00:00,0.0,108.9560016840777
2030-01-01 01:00:00,0.0,103.33703222759993
2030-01-01 02:00:00,0.0,98.82367419340426
2030-01-01 03:00:00,0.0,95.40908471680791
2030-01-01 04:00:00,0.0,92.96520447303732
2030-01-01 05:00:00,0.0,90.1303033902634
2030-01-01 06:00:00,0.0,89.2505065025056
2030-01-01 07:00:00,0.0,86.51336062948258
2030-01-01 08:00:00,0.0,81.43008972243946
2030-01-01 09:00:00,0.0,68.12842206364836
2030-01-01 10:00:00,0.0,55.957077149328256
2030-01-01 11:00:00,0.0,38.7718511373314
2030-01-01 12:00:00,0.0,28.712319003949574
2030-01-01 13:00:00,0.0,24.306295299737833
2030-01-01 14:00:00,0.0,20.443109970951028
2030-01-01 15:00:00,0.0,25.800308258176983
2030-01-01 16:00:00,0.0,36.168197411016415
2030-01-01 17:00:00,0.0,54.49655673326402
2030-01-01 18:00:00,0.0,74.61892492418087
2030-01-01 19:00:00,0.0,105.13500374814338
2030-01-01 20:00:00,0.0,111.2864858845374
2030-01-01 21:00:00,0.0,112.68145272768152
2030-01-01 22:00:00,0.0,114.57497114055506
2030-01-01 23:00:00,0.0,113.789996806256
2030-01-02 00:00:00,0.0,110.15154789933025
2030-01-02 01:00:00,0.0,102.32135559828889
2030-01-02 02:00:00,0.0,99.45419529629714
2030-01-02 03:00:00,0.0,98.00057532730216
2030-01-02 04:00:00,0.0,92.86744926328649
2030-01-02 05:00:00,0.0,91.20561069752239
2030-01-02 06:00:00,0.0,87.78417835624336
2030-01-02 07:00:00,0.0,82.0166209809446
2030-01-02 08:00:00,0.0,77.61763654215736
2030-01-02 09:00:00,0.0,63.644398237481596
2030-01-02 10:00:00,0.0,40.027662041465305
2030-01-02 11:00:00,0.0,26.702786716311955
2030-01-02 12:00:00,0.0,14.675916958623816
2030-01-02 13:00:00,0.0,13.127959735894251
2030-01-02 14:00:00,0.0,12.224379512805527
2030-01-02 15:00:00,0.0,16.56113000251105
2030-01-02 16:00:00,0.0,29.160805207476074
2030-01-02 17:00:00,0.0,49.82806668158344
2030-01-02 18:00:00,0.0,70.49716595191956
2030-01-02 19:00:00,0.0,100.77497893191683
2030-01-02 20:00:00,0.0,107.47892046474256
2030-01-02 21:00:00,0.0,107.03413426037642
2030-01-02 22:00:00,0.0,108.06838437954008
2030-01-02 23:00:00,0.0,107.23257733617073
2030-01-03 00:00:00,0.0,104.09561265526644
2030-01-03 01:00:00,0.0,98.90090080910761
2030-01-03 02:00:00,0.0,93.64949094129281
2030-01-03 03:00:00,0.0,90.03254818051249
2030-01-03 04:00:00,0.0,87.0998918879875
2030-01-03 05:00:00,0.0,84.75376685396793
2030-01-03 06:00:00,0.0,84.65601164421696
2030-01-03 07:00:00,0.0,83.7762147564593
2030-01-03 08:00:00,0.0,80.2570272054295
2030-01-03 09:00:00,0.0,67.76188556438649
2030-01-03 10:00:00,0.0,53.857923376987294
2030-01-03 11:00:00,0.0,38.18562155794234
2030-01-03 12:00:00,0.0,27.345204922303196
2030-01-03 13:00:00,0.0,23.1259443139421
2030-01-03 14:00:00,0.0,20.790602594927563
2030-01-03 15:00:00,0.0,27.50047794006103
2030-01-03 16:00:00,0.0,40.20134782247215
2030-01-03 17:00:00,0.0,58.244616080663604
2030-01-03 18:00:00,0.0,79.07095659156822
2030-01-03 19:00:00,0.0,107.11310391728183
2030-01-03 20:00:00,0.0,112.46443616203463
2030-01-03 21:00:00,0.0,112.91411012688877
2030-01-03 22:00:00,0.0,113.8545152446917
2030-01-03 23:00:00,0.0,110.70484238651983
2030-01-04 00:00:00,0.0,104.09561265526632
2030-01-04 01:00:00,0.0,98.9009008091075
2030-01-04 02:00:00,0.0,93.64949094129294
2030-01-04 03:00:00,0.0,90.03254818051253
2030-01-04 04:00:00,0.0,87.09989188798772
2030-01-04 05:00:00,0.0,84.75376685396748
2030-01-04 06:00:00,0.0,84.65601164421685
2030-01-04 07:00:00,0.0,83.77621475645918
2030-01-04 08:00:00,0.0,80.25702720542961
2030-01-04 09:00:00,0.0,67.58991217962523
2030-01-04 10:00:00,0.0,52.777042964499636
2030-01-04 11:00:00,0.0,38.0816796766303
2030-01-04 12:00:00,0.0,27.025878036063546
2030-01-04 13:00:00,0.0,22.389284660830626
2030-01-04 14:00:00,0.0,19.85929238923859
2030-01-04 15:00:00,0.0,27.00954056451154
2030-01-04 16:00:00,0.0,41.88159774850658
2030-01-04 17:00:00,0.0,64.69078227050403
2030-01-04 18:00:00,0.0,85.95364807023286
2030-01-04 19:00:00,0.0,110.17650662275072
2030-01-04 20:00:00,0.0,111.41943296979865
2030-01-04 21:00:00,0.0,113.24647784004128
2030-01-04 22:00:00,0.0,113.8545152446917
2030-01-04 23:00:00,0.0,110.70484238651983
2030-01-05 00:00:00,0.0,104.09561265526644
2030-01-05 01:00:00,0.0,98.90090080910761
2030-01-05 02:00:00,0.0,93.64949094129281
2030-01-05 03:00:00,0.0,90.03254818051231
2030-01-05 04:00:00,0.0,87.09989188798767
2030-01-05 05:00:00,0.0,84.7537668539677
2030-01-05 06:00:00,0.0,84.65601164421685
2030-01-05 07:00:00,0.0,83.77621475645958
2030-01-05 08:00:00,0.0,80.25702720542984
2030-01-05 09:00:00,0.0,67.26316274857868
2030-01-05 10:00:00,0.0,49.81628505334255
2030-01-05 11:00:00,0.0,36.22374481429404
2030-01-05 12:00:00,0.0,25.848027953542655
2030-01-05 13:00:00,0.0,22.943977524182728
2030-01-05 14:00:00,0.0,21.37546949811008
2030-01-05 15:00:00,0.0,27.366909998626397
2030-01-05 16:00:00,0.0,40.17310191971751
2030-01-05 17:00:00,0.0,57.79986885881141
2030-01-05 18:00:00,0.0,79.15428206612984
2030-01-05 19:00:00,0.0,110.08302086611171
2030-01-05 20:00:00,0.0,112.01573974927868
2030-01-05 21:00:00,0.0,112.91411012688877
2030-01-05 22:00:00,0.0,113.8545152446917
2030-01-05 23:00:00,0.0,110.70484238651977
2030-01-06 00:00:00,0.0,104.09561265526644
2030-01-06 01:00:00,0.0,98.90090080910727
2030-01-06 02:00:00,0.0,93.64949094129297
2030-01-06 03:00:00,0.0,90.03254818051259
2030-01-06 04:00:00,0.0,87.09989188798772
2030-01-06 05:00:00,0.0,84.7537668539678
2030-01-06 06:00:00,0.0,84.6560116442169
2030-01-06 07:00:00,0.0,83.77621475645941
2030-01-06 08:00:00,0.0,80.25702720542938
2030-01-06 09:00:00,0.0,67.46953081029233
2030-01-06 10:00:00,0.0,49.47901318627317
2030-01-06 11:00:00,0.0,36.58488892229286
2030-01-06 12:00:00,0.0,26.44964186167249
2030-01-06 13:00:00,0.0,22.563716681213123
2030-01-06 14:00:00,0.0,20.507957047876744
2030-01-06 15:00:00,0.0,27.491837003169167
2030-01-06 16:00:00,0.0,39.555345832392604
2030-01-06 17:00:00,0.0,57.10444310564116
2030-01-06 18:00:00,0.0,77.86811717165035
2030-01-06 19:00:00,0.0,107.97074902913606
2030-01-06 20:00:00,0.0,109.3196510643508
2030-01-06 21:00:00,0.0,112.91411012688876
2030-01-06 22:00:00,0.0,113.85451524469168
2030-01-06 23:00:00,0.0,110.70484238651977
2030-01-07 00:00:00,0.0,104.09561265526644
2030-01-07 01:00:00,0.0,98.90090080910737
2030-01-07 02:00:00,0.0,93.64949094129308
2030-01-07 03:00:00,0.0,90.03254818051225
2030-01-07 04:00:00,0.0,87.09989188798738
2030-01-07 05:00:00,0.0,84.7537668539678
2030-01-07 06:00:00,0.0,84.65601164421668
2030-01-07 07:00:00,0.0,83.77621475645941
2030-01-07 08:00:00,0.0,80.25702720542938
2030-01-07 09:00:00,0.0,67.5039254872446
2030-01-07 10:00:00,0.0,46.60539914324614
2030-01-07 11:00:00,0.0,34.63111387641072
2030-01-07 12:00:00,0.0,27.6125812679536
2030-01-07 13:00:00,0.0,24.904213231479957
2030-01-07 14:00:00,0.0,22.502661759332767
2030-01-07 15:00:00,0.0,28.44715352580883
2030-01-07 16:00:00,0.0,40.45115956390493
2030-01-07 17:00:00,0.0,58.72557389584664
2030-01-07 18:00:00,0.0,78.8178908309946
2030-01-07 19:00:00,0.0,105.93356835012884
2030-01-07 20:00:00,0.0,111.14083062200842
2030-01-07 21:00:00,0.0,113.50650669797888
2030-01-07 22:00:00,0.0,113.85451524469147
2030-01-07 23:00:00,0.0,110.70484238652
2030-01-08 00:00:00,0.0,108.9560016840778
2030-01-08 01:00:00,0.0,103.33703222760005
2030-01-08 02:00:00,0.0,98.82367419340426
2030-01-08 03:00:00,0.0,95.4090847168078
2030-01-08 04:00:00,0.0,92.96520447303695
2030-01-08 05:00:00,0.0,90.13030339026318
2030-01-08 06:00:00,0.0,89.25050650250589
2030-01-08 07:00:00,0.0,86.51336062948258
2030-01-08 08:00:00,0.0,81.43008972243945
2030-01-08 09:00:00,0.0,66.25391216974947
2030-01-08 10:00:00,0.0,48.42230232353995
2030-01-08 11:00:00,0.0,36.25990149274785
2030-01-08 12:00:00,0.0,27.276438887370773
2030-01-08 13:00:00,0.0,24.846621096266524
2030-01-08 14:00:00,0.0,22.219366216105982
2030-01-08 15:00:00,0.0,27.724168675691544
2030-01-08 16:00:00,0.0,38.44738253071045
2030-01-08 17:00:00,0.0,57.14644651358777
2030-01-08 18:00:00,0.0,77.31670819861961
2030-01-08 19:00:00,0.0,107.18519574201821
2030-01-08 20:00:00,0.0,112.59933835149081
2030-01-08 21:00:00,0.0,114.66490593352597
2030-01-08 22:00:00,0.0,115.1790983368151
2030-01-08 23:00:00,0.0,113.78999680625623
2030-01-09 00:00:00,0.0,110.15154789933021
2030-01-09 01:00:00,0.0,102.32135559828907
2030-01-09 02:00:00,0.0,99.45419529629734
2030-01-09 03:00:00,0.0,98.0005753273025
2030-01-09 04:00:00,0.0,92.8674492632866
2030-01-09 05:00:00,0.0,91.20561069752227
2030-01-09 06:00:00,0.0,87.78417835624327
2030-01-09 07:00:00,0.0,82.01662098094448
2030-01-09 08:00:00,0.0,77.61763654215724
2030-01-09 09:00:00,0.0,71.4519899056479
2030-01-09 10:00:00,0.0,51.17764534806622
2030-01-09 11:00:00,0.0,39.53920662050849
2030-01-09 12:00:00,0.0,26.97194984995599
2030-01-09 13:00:00,0.0,25.78437451447985
2030-01-09 14:00:00,0.0,20.94915771765841
2030-01-09 15:00:00,0.0,28.04310647700889
2030-01-09 16:00:00,0.0,41.74544733580137
2030-01-09 17:00:00,0.0,61.06055641273656
2030-01-09 18:00:00,0.0,75.6736449982536
2030-01-09 19:00:00,0.0,104.18506978070889
2030-01-09 20:00:00,0.0,108.55716042829425
2030-01-09 21:00:00,0.0,108.10944156763547
2030-01-09 22:00:00,0.0,108.06838437953996
2030-01-09 23:00:00,0.0,107.23257733617044
2030-01-10 00:00:00,0.0,104.09561265526656
2030-01-10 01:00:00,0.0,98.90090080910748
2030-01-10 02:00:00,0.0,93.64949094129284
2030-01-10 03:00:00,0.0,90.03254818051232
2030-01-10 04:00:00,0.0,87.0998918879875
2030-01-10 05:00:00,0.0,84.75376685396756
2030-01-10 06:00:00,0.0,84.65601164421696
2030-01-10 07:00:00,0.0,83.77621475645947
2030-01-10 08:00:00,0.0,80.2570272054297
2030-01-10 09:00:00,0.0,74.864386355031
2030-01-10 10:00:00,0.0,65.10610348628666
2030-01-10 11:00:00,0.0,47.81147034202911
2030-01-10 12:00:00,0.0,37.01309390976826
2030-01-10 13:00:00,0.0,29.87736435850138
2030-01-10 14:00:00,0.0,26.094280729650308
2030-01-10 15:00:00,0.0,31.247987864759466
2030-01-10 16:00:00,0.0,44.44578650192455
2030-01-10 17:00:00,0.0,59.302221797168784
2030-01-10 18:00:00,0.0,80.46384773870153
2030-01-10 19:00:00,0.0,110.15537029114535
2030-01-10 20:00:00,0.0,113.4752250308585
2030-01-10 21:00:00,0.0,113.82323357757137
2030-01-10 22:00:00,0.0,113.85451524469157
2030-01-10 23:00:00,0.0,110.70484238651989
2030-01-11 00:00:00,0.0,104.0956126552665
2030-01-11 01:00:00,0.0,98.9009008091075
2030-01-11 02:00:00,0.0,93.64949094129304
2030-01-11 03:00:00,0.0,90.03254818051252
2030-01-11 04:00:00,0.0,87.09989188798772
2030-01-11 05:00:00,0.0,84.75376685396782
2030-01-11 06:00:00,0.0,84.65601164421685
2030-01-11 07:00:00,0.0,83.7762147564597
2030-01-11 08:00:00,0.0,80.25702720542984
2030-01-11 09:00:00,0.0,69.67079013523778
2030-01-11 10:00:00,0.0,53.04081807717092
2030-01-11 11:00:00,0.0,36.59424107169616
2030-01-11 12:00:00,0.0,29.457572956008676
2030-01-11 13:00:00,0.0,22.946032464219343
2030-01-11 14:00:00,0.0,16.753533225465503
2030-01-11 15:00:00,0.0,23.119950031968045
2030-01-11 16:00:00,0.0,35.39857424655566
2030-01-11 17:00:00,0.0,53.75877633424619
2030-01-11 18:00:00,0.0,75.9932422042549
2030-01-11 19:00:00,0.0,107.51079637488868
2030-01-11 20:00:00,0.0,114.19177071833185
2030-01-11 21:00:00,0.0,114.27486264662008
2030-01-11 22:00:00,0.0,113.85451524469175
2030-01-11 23:00:00,0.0,110.70484238651989
2030-01-12 00:00:00,0.0,104.09561265526634
2030-01-12 01:00:00,0.0,98.90090080910772
2030-01-12 02:00:00,0.0,93.64949094129327
2030-01-12 03:00:00,0.0,90.03254818051244
2030-01-12 04:00:00,0.0,87.09989188798767
2030-01-12 05:00:00,0.0,84.75376685396782
2030-01-12 06:00:00,0.0,84.65601164421673
2030-01-12 07:00:00,0.0,83.77621475645935
2030-01-12 08:00:00,0.0,80.2570272054296
2030-01-12 09:00:00,0.0,74.46884757007996
2030-01-12 10:00:00,0.0,59.43687552218763
2030-01-12 11:00:00,0.0,44.54704386322612
2030-01-12 12:00:00,0.0,33.75168862468536
2030-01-12 13:00:00,0.0,28.686095981678818
2030-01-12 14:00:00,0.0,22.316477267491678
2030-01-12 15:00:00,0.0,28.869559523666908
2030-01-12 16:00:00,0.0,38.745496941809286
2030-01-12 17:00:00,0.0,54.23403207223009
2030-01-12 18:00:00,0.0,75.02226663055183
2030-01-12 19:00:00,0.0,108.59607923394104
2030-01-12 20:00:00,0.0,112.12522558419948
2030-01-12 21:00:00,0.0,112.91411012688889
2030-01-12 22:00:00,0.0,113.85451524469181
2030-01-12 23:00:00,0.0,110.70484238651994
2030-01-13 00:00:00,0.0,104.09561265526645
2030-01-13 01:00:00,0.0,98.90090080910748
2030-01-13 02:00:00,0.0,93.64949094129292
2030-01-13 03:00:00,0.0,90.03254818051244
2030-01-13 04:00:00,0.0,87.09989188798761
2030-01-13 05:00:00,0.0,84.7537668539677
2030-01-13 06:00:00,0.0,84.65601164421673
2030-01-13 07:00:00,0.0,83.77621475645928
2030-01-13 08:00:00,0.0,80.25702720542951
2030-01-13 09:00:00,0.0,74.65801829331745
2030-01-13 10:00:00,0.0,58.04041520808256
2030-01-13 11:00:00,0.0,38.83230853879138
2030-01-13 12:00:00,0.0,25.765575472265596
2030-01-13 13:00:00,0.0,19.598985901045552
2030-01-13 14:00:00,0.0,16.438679114750016
2030-01-13 15:00:00,0.0,21.470117543584706
2030-01-13 16:00:00,0.0,33.04996288765256
2030-01-13 17:00:00,0.0,55.18923346753012
2030-01-13 18:00:00,0.0,75.42430397428075
2030-01-13 19:00:00,0.0,106.8559516085154
2030-01-13 20:00:00,0.0,110.83681191968348
2030-01-13 21:00:00,0.0,112.91411012688866
2030-01-13 22:00:00,0.0,113.85451524469158
2030-01-13 23:00:00,0.0,110.7048423865201
2030-01-14 00:00:00,0.0,104.09561265526634
2030-01-14 01:00:00,0.0,98.90090080910738
2030-01-14 02:00:00,0.0,93.64949094129315
2030-01-14 03:00:00,0.0,90.03254818051268
2030-01-14 04:00:00,0.0,87.09989188798733
2030-01-14 05:00:00,0.0,84.75376685396787
2030-01-14 06:00:00,0.0,84.65601164421685
2030-01-14 07:00:00,0.0,83.77621475645923
2030-01-14 08:00:00,0.0,80.2570272054296
2030-01-14 09:00:00,0.0,70.9261958439956
2030-01-14 10:00:00,0.0,50.5248955635768
2030-01-14 11:00:00,0.0,35.71290663157686
2030-01-14 12:00:00,0.0,25.265750859233435
2030-01-14 13:00:00,0.0,19.076581766374602
2030-01-14 14:00:00,0.0,15.059745507499088
2030-01-14 15:00:00,0.0,21.36336870959201
2030-01-14 16:00:00,0.0,34.6081160807969
2030-01-14 17:00:00,0.0,54.83026526471827
2030-01-14 18:00:00,0.0,76.53199912392017
2030-01-14 19:00:00,0.0,106.34026937724934
2030-01-14 20:00:00,0.0,111.04307541225768
2030-01-14 21:00:00,0.0,112.91411012688866
2030-01-14 22:00:00,0.0,113.85451524469181
2030-01-14 23:00:00,0.0,110.70484238652017
2030-01-15 00:00:00,0.0,108.95600168407759
2030-01-15 01:00:00,0.0,103.33703222760016
2030-01-15 02:00:00,0.0,98.82367419340459
2030-01-15 03:00:00,0.0,95.4090847168077
2030-01-15 04:00:00,0.0,92.96520447303703
2030-01-15 05:00:00,0.0,90.13030339026307
2030-01-15 06:00:00,0.0,89.2505065025059
2030-01-15 07:00:00,0.0,86.5133606294828
2030-01-15 08:00:00,0.0,81.43008972243966
2030-01-15 09:00:00,0.0,70.17490534230876
2030-01-15 10:00:00,0.0,52.457969684182444
2030-01-15 11:00:00,0.0,32.70967566467392
2030-01-15 12:00:00,0.0,20.451412798883666
2030-01-15 13:00:00,0.0,17.636198282239555
2030-01-15 14:00:00,0.0,15.760940745986545
2030-01-15 15:00:00,0.0,23.014935510214258
2030-01-15 16:00:00,0.0,31.86194305645858
2030-01-15 17:00:00,0.0,51.302872531933964
2030-01-15 18:00:00,0.0,72.39338092214129
2030-01-15 19:00:00,0.0,105.537773427238
2030-01-15 20:00:00,0.0,111.28746343663505
2030-01-15 21:00:00,0.0,111.58561682637509
2030-01-15 22:00:00,0.0,114.57497114055548
2030-01-15 23:00:00,0.0,113.7899968062561
2030-01-16 00:00:00,0.0,110.15154789933024
2030-01-16 01:00:00,0.0,102.32135559828896
2030-01-16 02:00:00,0.0,99.45419529629714
2030-01-16 03:00:00,0.0,98.00057532730224
2030-01-16 04:00:00,0.0,92.8674492632864
2030-01-16 05:00:00,0.0,91.20561069752247
2030-01-16 06:00:00,0.0,87.7841783562435
2030-01-16 07:00:00,0.0,82.01662098094468
2030-01-16 08:00:00,0.0,77.61763654215744
2030-01-16 09:00:00,0.0,63.971147668528374
2030-01-16 10:00:00,0.0,34.02443117212738
2030-01-16 11:00:00,0.0,21.765139368798494
2030-01-16 12:00:00,0.0,10.142806390593705
2030-01-16 13:00:00,0.0,8.165505953321357
2030-01-16 14:00:00,0.0,8.632292727797875
2030-01-16 15:00:00,0.0,12.556135120691579
2030-01-16 16:00:00,0.0,24.497273227171263
2030-01-16 17:00:00,0.0,45.07191537409881
2030-01-16 18:00:00,0.0,66.41431813503743
2030-01-16 19:00:00,0.0,100.55469632528057
2030-01-16 20:00:00,0.0,106.5766398787427
2030-01-16 21:00:00,0.0,107.0341342603765
2030-01-16 22:00:00,0.0,108.06838437954019
2030-01-16 23:00:00,0.0,107.23257733617038
2030-01-17 00:00:00,0.0,104.09561265526666
2030-01-17 01:00:00,0.0,98.90090080910737
2030-01-17 02:00:00,0.0,93.6494909412931
2030-01-17 03:00:00,0.0,90.03254818051253
2030-01-17 04:00:00,0.0,87.09989188798767
2030-01-17 05:00:00,0.0,84.7537668539677
2030-01-17 06:00:00,0.0,84.65601164421696
2030-01-17 07:00:00,0.0,83.77621475645935
2030-01-17 08:00:00,0.0,80.25702720542961
2030-01-17 09:00:00,0.0,68.9313045807638
2030-01-17 10:00:00,0.0,51.167405610206266
2030-01-17 11:00:00,0.0,33.833246276715585
2030-01-17 12:00:00,0.0,22.981163140175113
2030-01-17 13:00:00,0.0,18.06543364250274
2030-01-17 14:00:00,0.0,15.28819465185802
2030-01-17 15:00:00,0.0,21.92006403722587
2030-01-17 16:00:00,0.0,34.495170367142016
2030-01-17 17:00:00,0.0,52.82922813005882
2030-01-17 18:00:00,0.0,74.63252393244801
2030-01-17 19:00:00,0.0,108.85891796410965
2030-01-17 20:00:00,0.0,112.91411012688889
2030-01-17 21:00:00,0.0,112.91411012688864
2030-01-17 22:00:00,0.0,113.85451524469157
2030-01-17 23:00:00,0.0,110.70484238652017
2030-01-18 00:00:00,0.0,104.09561265526656
2030-01-18 01:00:00,0.0,98.90090080910748
2030-01-18 02:00:00,0.0,93.64949094129312
2030-01-18 03:00:00,0.0,90.03254818051266
2030-01-18 04:00:00,0.0,87.09989188798761
2030-01-18 05:00:00,0.0,84.75376685396759
2030-01-18 06:00:00,0.0,84.65601164421662
2030-01-18 07:00:00,0.0,83.7762147564596
2030-01-18 08:00:00,0.0,80.25702720542961
2030-01-18 09:00:00,0.0,77.22042172626152
2030-01-18 10:00:00,0.0,65.26499378293533
2030-01-18 11:00:00,0.0,47.249178590194674
2030-01-18 12:00:00,0.0,36.38390451126202
2030-01-18 13:00:00,0.0,27.8432456823831
2030-01-18 14:00:00,0.0,22.694141028528747
2030-01-18 15:00:00,0.0,28.471474665017354
2030-01-18 16:00:00,0.0,41.71762114227227
2030-01-18 17:00:00,0.0,62.88405723323659
2030-01-18 18:00:00,0.0,81.64848131042413
2030-01-18 19:00:00,0.0,107.33251354095977
2030-01-18 20:00:00,0.0,112.04017855171617
2030-01-18 21:00:00,0.0,112.91411012688866
2030-01-18 22:00:00,0.0,113.8545152446916
2030-01-18 23:00:00,0.0,110.70484238652017
2030-01-19 00:00:00,0.0,104.09561265526644
2030-01-19 01:00:00,0.0,98.9009008091076
2030-01-19 02:00:00,0.0,93.64949094129315
2030-01-19 03:00:00,0.0,90.03254818051244
2030-01-19 04:00:00,0.0,87.0998918879875
2030-01-19 05:00:00,0.0,84.75376685396759
2030-01-19 06:00:00,0.0,84.65601164421662
2030-01-19 07:00:00,0.0,83.7762147564595
2030-01-19 08:00:00,0.0,80.25702720542984
2030-01-19 09:00:00,0.0,77.95990728073576
2030-01-19 10:00:00,0.0,69.38298975693444
2030-01-19 11:00:00,0.0,55.392946166016486
2030-01-19 12:00:00,0.0,43.84623483916266
2030-01-19 13:00:00,0.0,40.87117398028772
2030-01-19 14:00:00,0.0,39.48028240112035
2030-01-19 15:00:00,0.0,44.84433630476508
2030-01-19 16:00:00,0.0,51.16781951389201
2030-01-19 17:00:00,0.0,61.543488269178965
2030-01-19 18:00:00,0.0,78.14926015318781
2030-01-19 19:00:00,0.0,106.72568104160746
2030-01-19 20:00:00,0.0,111.46244526208908
2030-01-19 21:00:00,0.0,112.91411012688889
2030-01-19 22:00:00,0.0,113.85451524469181
2030-01-19 23:00:00,0.0,110.70484238651993
2030-01-20 00:00:00,0.0,104.09561265526645
2030-01-20 01:00:00,0.0,98.9009008091075
2030-01-20 02:00:00,0.0,93.64949094129287
2030-01-20 03:00:00,0.0,90.03254818051248
2030-01-20 04:00:00,0.0,87.09989188798772
2030-01-20 05:00:00,0.0,84.75376685396758
2030-01-20 06:00:00,0.0,84.65601164421685
2030-01-20 07:00:00,0.0,83.77621475645941
2030-01-20 08:00:00,0.0,80.2570272054295
2030-01-20 09:00:00,0.0,71.97523349104
2030-01-20 10:00:00,0.0,56.48083958991593
2030-01-20 11:00:00,0.0,41.754215043383624
2030-01-20 12:00:00,0.0,32.236231468905544
2030-01-20 13:00:00,0.0,25.63278286244713
2030-01-20 14:00:00,0.0,20.58303655733164
2030-01-20 15:00:00,0.0,27.10236539214918
2030-01-20 16:00:00,0.0,38.50920988143735
2030-01-20 17:00:00,0.0,56.60250490568825
2030-01-20 18:00:00,0.0,76.54097816977048
2030-01-20 19:00:00,0.0,106.75639286336968
2030-01-20 20:00:00,0.0,111.22881031078452
2030-01-20 21:00:00,0.0,112.91411012688864
2030-01-20 22:00:00,0.0,113.85451524469157
2030-01-20 23:00:00,0.0,110.70484238652018
2030-01-21 00:00:00,0.0,104.09561265526646
2030-01-21 01:00:00,0.0,98.90090080910767
2030-01-21 02:00:00,0.0,93.64949094129292
2030-01-21 03:00:00,0.0,90.03254818051242
2030-01-21 04:00:00,0.0,87.09989188798761
2030-01-21 05:00:00,0.0,84.75376685396793
2030-01-21 06:00:00,0.0,84.65601164421673
2030-01-21 07:00:00,0.0,83.7762147564593
2030-01-21 08:00:00,0.0,80.25702720542984
2030-01-21 09:00:00,0.0,75.53508255560047
2030-01-21 10:00:00,0.0,64.93408346358135
2030-01-21 11:00:00,0.0,47.05994665062201
2030-01-21 12:00:00,0.0,41.67224348766729
2030-01-21 13:00:00,0.0,38.61694975560545
2030-01-21 14:00:00,0.0,35.13930980677182
2030-01-21 15:00:00,0.0,40.62936919321203
2030-01-21 16:00:00,0.0,48.582862781051524
2030-01-21 17:00:00,0.0,64.89429492784552
2030-01-21 18:00:00,0.0,81.51184990761635
2030-01-21 19:00:00,0.0,109.47653085891716
2030-01-21 20:00:00,0.0,113.27971461135695
2030-01-21 21:00:00,0.0,113.51921487524636
2030-01-21 22:00:00,0.0,113.85451524469183
2030-01-21 23:00:00,0.0,110.70484238651989
2030-01-22 00:00:00,0.0,108.9560016840777
2030-01-22 01:00:00,0.0,103.33703222760005
2030-01-22 02:00:00,0.0,98.82367419340449
2030-01-22 03:00:00,0.0,95.40908471680812
2030-01-22 04:00:00,0.0,92.96520447303736
2030-01-22 05:00:00,0.0,90.13030339026317
2030-01-22 06:00:00,0.0,89.25050650250556
2030-01-22 07:00:00,0.0,86.51336062948258
2030-01-22 08:00:00,0.0,81.4300897224395
2030-01-22 09:00:00,0.0,68.42077681774282
2030-01-22 10:00:00,0.0,51.720119328248416
2030-01-22 11:00:00,0.0,35.77699148775731
2030-01-22 12:00:00,0.0,24.09528105386562
2030-01-22 13:00:00,0.0,20.382365468766587
2030-01-22 14:00:00,0.0,17.37539335505312
2030-01-22 15:00:00,0.0,22.421984390427838
2030-01-22 16:00:00,0.0,33.16323213187467
2030-01-22 17:00:00,0.0,51.61986028018226
2030-01-22 18:00:00,0.0,72.95771740591078
2030-01-22 19:00:00,0.0,107.10876632487327
2030-01-22 20:00:00,0.0,109.79474138373979
2030-01-22 21:00:00,0.0,111.58561682637502
2030-01-22 22:00:00,0.0,114.57497114055548
2030-01-22 23:00:00,0.0,113.78999680625611
2030-01-23 00:00:00,0.0,110.15154789933034
2030-01-23 01:00:00,0.0,102.32135559828902
2030-01-23 02:00:00,0.0,99.4541952962972
2030-01-23 03:00:00,0.0,98.0005753273025
2030-01-23 04:00:00,0.0,92.86744926328663
2030-01-23 05:00:00,0.0,91.2056106975225
2030-01-23 06:00:00,0.0,87.78417835624339
2030-01-23 07:00:00,0.0,82.0166209809446
2030-01-23 08:00:00,0.0,77.61763654215713
2030-01-23 09:00:00,0.0,65.98323627023649
2030-01-23 10:00:00,0.0,40.588012545353195
2030-01-23 11:00:00,0.0,25.094083556149023
2030-01-23 12:00:00,0.0,12.721598303324527
2030-01-23 13:00:00,0.0,11.190791781127473
2030-01-23 14:00:00,0.0,8.640092746447493
2030-01-23 15:00:00,0.0,13.615361465090814
2030-01-23 16:00:00,0.0,26.704300949701747
2030-01-23 17:00:00,0.0,50.49082004690149
2030-01-23 18:00:00,0.0,70.0342048595611
2030-01-23 19:00:00,0.0,101.41165027007382
2030-01-23 20:00:00,0.0,107.14264254319981
2030-01-23 21:00:00,0.0,107.58058588288327
2030-01-23 22:00:00,0.0,108.06838437954035
2030-01-23 23:00:00,0.0,107.23257733617038
2030-01-24 00:00:00,0.0,104.09561265526634
2030-01-24 01:00:00,0.0,98.90090080910761
2030-01-24 02:00:00,0.0,93.649490941293
2030-01-24 03:00:00,0.0,90.03254818051244
2030-01-24 04:00:00,0.0,87.0998918879875
2030-01-24 05:00:00,0.0,84.75376685396746
2030-01-24 06:00:00,0.0,84.65601164421696
2030-01-24 07:00:00,0.0,83.77621475645935
2030-01-24 08:00:00,0.0,80.2570272054295
2030-01-24 09:00:00,0.0,70.63384108990134
2030-01-24 10:00:00,0.0,53.28176299732264
2030-01-24 11:00:00,0.0,37.842722674640186
2030-01-24 12:00:00,0.0,24.793902529392312
2030-01-24 13:00:00,0.0,18.51572555043367
2030-01-24 14:00:00,0.0,15.873782975652006
2030-01-24 15:00:00,0.0,21.497200432779096
2030-01-24 16:00:00,0.0,33.615103859821154
2030-01-24 17:00:00,0.0,52.20987327403634
2030-01-24 18:00:00,0.0,74.08824274806955
2030-01-24 19:00:00,0.0,106.66068675713564
2030-01-24 20:00:00,0.0,113.60914966821707
2030-01-24 21:00:00,0.0,113.9903949862454
2030-01-24 22:00:00,0.0,113.85451524469158
2030-01-24 23:00:00,0.0,110.70484238652011
2030-01-25 00:00:00,0.0,104.09561265526666
2030-01-25 01:00:00,0.0,98.90090080910772
2030-01-25 02:00:00,0.0,93.64949094129285
2030-01-25 03:00:00,0.0,90.03254818051255
2030-01-25 04:00:00,0.0,87.09989188798771
2030-01-25 05:00:00,0.0,84.75376685396759
2030-01-25 06:00:00,0.0,84.65601164421695
2030-01-25 07:00:00,0.0,83.77621475645924
2030-01-25 08:00:00,0.0,80.25702720542978
2030-01-25 09:00:00,0.0,70.87460382856744
2030-01-25 10:00:00,0.0,50.812560398338185
2030-01-25 11:00:00,0.0,33.82974268991518
2030-01-25 12:00:00,0.0,22.25200619688826
2030-01-25 13:00:00,0.0,17.999164140554512
2030-01-25 14:00:00,0.0,15.697505885981286
2030-01-25 15:00:00,0.0,21.45351482275953
2030-01-25 16:00:00,0.0,35.81935231893318
2030-01-25 17:00:00,0.0,53.533873044342045
2030-01-25 18:00:00,0.0,76.60417109947467
2030-01-25 19:00:00,0.0,107.03770815935538
2030-01-25 20:00:00,0.0,114.28268306340043
2030-01-25 21:00:00,0.0,114.22891769803744
2030-01-25 22:00:00,0.0,114.0734869145333
2030-01-25 23:00:00,0.0,110.70484238652016
2030-01-26 00:00:00,0.0,104.09561265526668
2030-01-26 01:00:00,0.0,98.90090080910738
2030-01-26 02:00:00,0.0,93.64949094129315
2030-01-26 03:00:00,0.0,90.03254818051242
2030-01-26 04:00:00,0.0,87.09989188798784
2030-01-26 05:00:00,0.0,84.75376685396759
2030-01-26 06:00:00,0.0,84.65601164421685
2030-01-26 07:00:00,0.0,83.7762147564593
2030-01-26 08:00:00,0.0,80.2570272054295
2030-01-26 09:00:00,0.0,74.4000582161753
2030-01-26 10:00:00,0.0,62.78622042321957
2030-01-26 11:00:00,0.0,41.81489395894175
2030-01-26 12:00:00,0.0,26.330851987976303
2030-01-26 13:00:00,0.0,19.95398997542725
2030-01-26 14:00:00,0.0,16.763596587379425
2030-01-26 15:00:00,0.0,22.72084207359046
2030-01-26 16:00:00,0.0,35.83265401837503
2030-01-26 17:00:00,0.0,53.40600354357605
2030-01-26 18:00:00,0.0,73.72462979634895
2030-01-26 19:00:00,0.0,106.25882649084156
2030-01-26 20:00:00,0.0,115.7675846995154
2030-01-26 21:00:00,0.0,114.82913468590719
2030-01-26 22:00:00,0.0,114.49090166016964
2030-01-26 23:00:00,0.0,110.70484238651977
2030-01-27 00:00:00,0.0,104.09561265526628
2030-01-27 01:00:00,0.0,98.90090080910761
2030-01-27 02:00:00,0.0,93.64949094129315
2030-01-27 03:00:00,0.0,90.03254818051256
2030-01-27 04:00:00,0.0,87.09989188798761
2030-01-27 05:00:00,0.0,84.75376685396759
2030-01-27 06:00:00,0.0,84.65601164421685
2030-01-27 07:00:00,0.0,83.77621475645958
2030-01-27 08:00:00,0.0,80.2570272054295
2030-01-27 09:00:00,0.0,72.93828444570363
2030-01-27 10:00:00,0.0,56.35660921949262
2030-01-27 11:00:00,0.0,38.587798815503334
2030-01-27 12:00:00,0.0,28.531956820698497
2030-01-27 13:00:00,0.0,22.699241916506367
2030-01-27 14:00:00,0.0,19.375369492621076
2030-01-27 15:00:00,0.0,24.697931172594366
2030-01-27 16:00:00,0.0,35.7186677238309
2030-01-27 17:00:00,0.0,53.3392589216071
2030-01-27 18:00:00,0.0,75.37734211387988
2030-01-27 19:00:00,0.0,109.8751341916822
2030-01-27 20:00:00,0.0,116.55060392961938
2030-01-27 21:00:00,0.0,116.5408284086443
2030-01-27 22:00:00,0.0,115.11946765886734
2030-01-27 23:00:00,0.0,111.17602249751904
2030-01-28 00:00:00,0.0,104.09561265526666
2030-01-28 01:00:00,0.0,98.90090080910761
2030-01-28 02:00:00,0.0,93.64949094129315
2030-01-28 03:00:00,0.0,90.03254818051242
2030-01-28 04:00:00,0.0,87.09989188798781
2030-01-28 05:00:00,0.0,84.75376685396792
2030-01-28 06:00:00,0.0,84.65601164421685
2030-01-28 07:00:00,0.0,83.77621475645941
2030-01-28 08:00:00,0.0,80.2570272054295
2030-01-28 09:00:00,0.0,72.54274566075242
2030-01-28 10:00:00,0.0,59.25812958879494
2030-01-28 11:00:00,0.0,42.81427209792321
2030-01-28 12:00:00,0.0,35.22259009541992
2030-01-28 13:00:00,0.0,30.445369129396454
2030-01-28 14:00:00,0.0,27.308826729750763
2030-01-28 15:00:00,0.0,34.19320405218264
2030-01-28 16:00:00,0.0,43.108033231128054
2030-01-28 17:00:00,0.0,60.13443306558179
2030-01-28 18:00:00,0.0,80.15331407900567
2030-01-28 19:00:00,0.0,111.9681778015871
2030-01-28 20:00:00,0.0,117.6962949878993
2030-01-28 21:00:00,0.0,117.7744991556999
2030-01-28 22:00:00,0.0,117.37956810830664
2030-01-28 23:00:00,0.0,113.33836773720725
2030-01-29 00:00:00,0.0,110.58167082223406
2030-01-29 01:00:00,0.0,104.66454797601631
2030-01-29 02:00:00,0.0,98.82367419340437
2030-01-29 03:00:00,0.0,95.4090847168078
2030-01-29 04:00:00,0.0,92.96520447303725
2030-01-29 05:00:00,0.0,90.1303033902633
2030-01-29 06:00:00,0.0,89.25050650250557
2030-01-29 07:00:00,0.0,86.51336062948259
2030-01-29 08:00:00,0.0,81.43008972243938
2030-01-29 09:00:00,0.0,71.82584983601805
2030-01-29 10:00:00,0.0,63.83448564141712
2030-01-29 11:00:00,0.0,52.76000739130735
2030-01-29 12:00:00,0.0,35.449217489462626
2030-01-29 13:00:00,0.0,31.41154619701809
2030-01-29 14:00:00,0.0,26.45982909150655
2030-01-29 15:00:00,0.0,30.991801432469288
2030-01-29 16:00:00,0.0,40.52869624146012
2030-01-29 17:00:00,0.0,57.144025765003256
2030-01-29 18:00:00,0.0,77.77647393421057
2030-01-29 19:00:00,0.0,109.29170537319146
2030-01-29 20:00:00,0.0,114.56617317167786
2030-01-29 21:00:00,0.0,116.8380042462868
2030-01-29 22:00:00,0.0,117.04426773886121
2030-01-29 23:00:00,0.0,114.50752004582718
2030-01-30 00:00:00,0.0,110.15154789933035
2030-01-30 01:00:00,0.0,102.32135559828919
2030-01-30 02:00:00,0.0,99.45419529629737
2030-01-30 03:00:00,0.0,98.00057532730224
2030-01-30 04:00:00,0.0,92.86744926328632
2030-01-30 05:00:00,0.0,91.20561069752247
2030-01-30 06:00:00,0.0,87.78417835624319
2030-01-30 07:00:00,0.0,82.01662098094437
2030-01-30 08:00:00,0.0,77.61763654215747
2030-01-30 09:00:00,0.0,66.37877505518736
2030-01-30 10:00:00,0.0,43.44873295481352
2030-01-30 11:00:00,0.0,27.690081547936764
2030-01-30 12:00:00,0.0,15.289197367654637
2030-01-30 13:00:00,0.0,13.534969729390014
2030-01-30 14:00:00,0.0,12.272634077007183
2030-01-30 15:00:00,0.0,16.05541165645252
2030-01-30 16:00:00,0.0,28.60256502214952
2030-01-30 17:00:00,0.0,48.996760450518195
2030-01-30 18:00:00,0.0,70.17544891945465
2030-01-30 19:00:00,0.0,104.5742571963562
2030-01-30 20:00:00,0.0,112.70491397802185
2030-01-30 21:00:00,0.0,110.71461790749521
2030-01-30 22:00:00,0.0,110.1505703472327
2030-01-30 23:00:00,0.0,107.23257733617038
2030-01-31 00:00:00,0.0,104.09561265526649
2030-01-31 01:00:00,0.0,98.90090080910772
2030-01-31 02:00:00,0.0,93.64949094129285
2030-01-31 03:00:00,0.0,90.03254818051256
2030-01-31 04:00:00,0.0,87.09989188798774
2030-01-31 05:00:00,0.0,84.75376685396793
2030-01-31 06:00:00,0.0,84.65601164421685
2030-01-31 07:00:00,0.0,83.7762147564593
2030-01-31 08:00:00,0.0,80.25702720542961
2030-01-31 09:00:00,0.0,71.16695858266165
2030-01-31 10:00:00,0.0,56.02922290314121
2030-01-31 11:00:00,0.0,39.05812270385388
2030-01-31 12:00:00,0.0,29.193617129371887
2030-01-31 13:00:00,0.0,23.81749156172134
2030-01-31 14:00:00,0.0,23.736888520023058
2030-01-31 15:00:00,0.0,25.7044491259486
2030-01-31 16:00:00,0.0,38.183696323637044
2030-01-31 17:00:00,0.0,54.902556737902955
2030-01-31 18:00:00,0.0,76.98524552668698
2030-01-31 19:00:00,0.0,109.5870306757784
2030-01-31 20:00:00,0.0,117.83217472945302
2030-01-31 21:00:00,0.0,116.72558575507327
2030-01-31 22:00:00,0.0,115.04028593896925
2030-01-31 23:00:00,0.0,110.70484238652
2030-02-01 00:00:00,0.0,108.68619730516548
2030-02-01 01:00:00,0.0,101.81987137226724
2030-02-01 02:00:00,0.0,92.76969405353564
2030-02-01 03:00:00,0.0,93.35622531204066
2030-02-01 04:00:00,0.0,88.7617304537516
2030-02-01 05:00:00,0.0,86.31785020998078
2030-02-01 06:00:00,0.0,85.6335637417252
2030-02-01 07:00:00,0.0,83.38519391745623
2030-02-01 08:00:00,0.0,80.25702720542961
2030-02-01 09:00:00,0.0,69.74948982635291
2030-02-01 10:00:00,0.0,51.12047292207831
2030-02-01 11:00:00,0.0,33.543366204154125
2030-02-01 12:00:00,0.0,21.37228947414789
2030-02-01 13:00:00,0.0,21.727380986607045
2030-02-01 14:00:00,0.0,19.127219203741916
2030-02-01 15:00:00,0.0,22.6332580800331
2030-02-01 16:00:00,0.0,35.985762806567436
2030-02-01 17:00:00,0.0,51.349421940679356
2030-02-01 18:00:00,0.0,70.78877159613899
2030-02-01 19:00:00,0.0,103.76964692824606
2030-02-01 20:00:00,0.0,114.12040941521394
2030-02-01 21:00:00,0.0,113.07931643136749
2030-02-01 22:00:00,0.0,109.21016522943003
2030-02-01 23:00:00,0.0,108.73800756633334
2030-02-02 00:00:00,0.0,108.68619730516531
2030-02-02 01:00:00,0.0,101.81987137226724
2030-02-02 02:00:00,0.0,92.76969405353543
2030-02-02 03:00:00,0.0,93.35622531204078
2030-02-02 04:00:00,0.0,88.76173045375171
2030-02-02 05:00:00,0.0,86.31785020998086
2030-02-02 06:00:00,0.0,85.6335637417252
2030-02-02 07:00:00,0.0,83.38519391745592
2030-02-02 08:00:00,0.0,80.25702720542961
2030-02-02 09:00:00,0.0,69.85267385720985
2030-02-02 10:00:00,0.0,52.846499828012156
2030-02-02 11:00:00,0.0,38.6792347451925
2030-02-02 12:00:00,0.0,28.697606555107313
2030-02-02 13:00:00,0.0,27.146322089252635
2030-02-02 14:00:00,0.0,17.89240803350164
2030-02-02 15:00:00,0.0,20.08132607487731
2030-02-02 16:00:00,0.0,35.333569774636175
2030-02-02 17:00:00,0.0,48.328017173516976
2030-02-02 18:00:00,0.0,69.00845210885504
2030-02-02 19:00:00,0.0,102.9925112256484
2030-02-02 20:00:00,0.0,114.34915660603065
2030-02-02 21:00:00,0.0,111.99716625942591
2030-02-02 22:00:00,0.0,109.82406794666491
2030-02-02 23:00:00,0.0,109.30498778288826
2030-02-03 00:00:00,0.0,109.34506741888595
2030-02-03 01:00:00,0.0,102.4054250786746
2030-02-03 02:00:00,0.0,92.76969405353555
2030-02-03 03:00:00,0.0,93.35622531204032
2030-02-03 04:00:00,0.0,88.76173045375137
2030-02-03 05:00:00,0.0,86.31785020998086
2030-02-03 06:00:00,0.0,85.63356374172508
2030-02-03 07:00:00,0.0,83.38519391745623
2030-02-03 08:00:00,0.0,80.25702720542972
2030-02-03 09:00:00,0.0,71.65839439720446
2030-02-03 10:00:00,0.0,55.575758244308304
2030-02-03 11:00:00,0.0,36.81132395901943
2030-02-03 12:00:00,0.0,25.250064851376806
2030-02-03 13:00:00,0.0,21.230887986989956
2030-02-03 14:00:00,0.0,17.306628787640662
2030-02-03 15:00:00,0.0,21.741170916940632
2030-02-03 16:00:00,0.0,32.73565091883313
2030-02-03 17:00:00,0.0,48.80724578051116
2030-02-03 18:00:00,0.0,71.15182052224137
2030-02-03 19:00:00,0.0,105.5938152493178
2030-02-03 20:00:00,0.0,116.92989414345271
2030-02-03 21:00:00,0.0,114.98945322989886
2030-02-03 22:00:00,0.0,112.84861413635565
2030-02-03 23:00:00,0.0,112.3686360564791
2030-02-04 00:00:00,0.0,111.65697812949281
2030-02-04 01:00:00,0.0,104.33804557544863
2030-02-04 02:00:00,0.0,93.8450013607945
2030-02-04 03:00:00,0.0,94.0405117802965
2030-02-04 04:00:00,0.0,88.76173045375162
2030-02-04 05:00:00,0.0,86.31785020998078
2030-02-04 06:00:00,0.0,85.633563741725
2030-02-04 07:00:00,0.0,83.38519391745592
2030-02-04 08:00:00,0.0,80.2570272054295
2030-02-04 09:00:00,0.0,70.72973811949282
2030-02-04 10:00:00,0.0,53.31146485217255
2030-02-04 11:00:00,0.0,36.01038999518187
2030-02-04 12:00:00,0.0,27.527798421537
2030-02-04 13:00:00,0.0,16.47908848987899
2030-02-04 14:00:00,0.0,15.012742862455198
2030-02-04 15:00:00,0.0,17.61338850592209
2030-02-04 16:00:00,0.0,29.72544920817245
2030-02-04 17:00:00,0.0,45.69546317798132
2030-02-04 18:00:00,0.0,66.88665906606101
2030-02-04 19:00:00,0.0,102.1408647802309
2030-02-04 20:00:00,0.0,112.2601277736557
2030-02-04 21:00:00,0.0,112.03138058283889
2030-02-04 22:00:00,0.0,109.8983619060757
2030-02-04 23:00:00,0.0,109.22873871928232
2030-02-05 00:00:00,0.0,104.65086224665139
2030-02-05 01:00:00,0.0,98.99083560207816
2030-02-05 02:00:00,0.0,92.96520447303715
2030-02-05 03:00:00,0.0,91.20561069752227
2030-02-05 04:00:00,0.0,87.88193356599413
2030-02-05 05:00:00,0.0,85.43805332222348
2030-02-05 06:00:00,0.0,85.4380533222236
2030-02-05 07:00:00,0.0,83.2874387077054
2030-02-05 08:00:00,0.0,78.4974334299146
2030-02-05 09:00:00,0.0,68.53838913175832
2030-02-05 10:00:00,0.0,50.32044399558765
2030-02-05 11:00:00,0.0,29.248141465192916
2030-02-05 12:00:00,0.0,19.092796837526976
2030-02-05 13:00:00,0.0,15.77307509384866
2030-02-05 14:00:00,0.0,11.463441020410627
2030-02-05 15:00:00,0.0,19.937589852290202
2030-02-05 16:00:00,0.0,29.51771409996139
2030-02-05 17:00:00,0.0,43.72724673806874
2030-02-05 18:00:00,0.0,65.07695544895455
2030-02-05 19:00:00,0.0,101.1686263648982
2030-02-05 20:00:00,0.0,109.11241001967909
2030-02-05 21:00:00,0.0,108.5903971996097
2030-02-05 22:00:00,0.0,110.03326409553176
2030-02-05 23:00:00,0.0,107.2325773361705
2030-02-06 00:00:00,0.0,102.0769675739118
2030-02-06 01:00:00,0.0,97.7552097508279
2030-02-06 02:00:00,0.0,96.58214723381772
2030-02-06 03:00:00,0.0,91.69438674627656
2030-02-06 04:00:00,0.0,88.66397524400088
2030-02-06 05:00:00,0.0,84.75376685396782
2030-02-06 06:00:00,0.0,83.1896834979542
2030-02-06 07:00:00,0.0,81.52784493219053
2030-02-06 08:00:00,0.0,78.30192301041302
2030-02-06 09:00:00,0.0,65.95427041439007
2030-02-06 10:00:00,0.0,43.21212526664419
2030-02-06 11:00:00,0.0,21.909137937889
2030-02-06 12:00:00,0.0,10.713428659623105
2030-02-06 13:00:00,0.0,6.965829829327262
2030-02-06 14:00:00,0.0,6.051470661522998
2030-02-06 15:00:00,0.0,16.185287991790467
2030-02-06 16:00:00,0.0,25.934096278460864
2030-02-06 17:00:00,0.0,40.96868288944746
2030-02-06 18:00:00,0.0,66.15742195775681
2030-02-06 19:00:00,0.0,102.36457117942962
2030-02-06 20:00:00,0.0,109.1964795000647
2030-02-06 21:00:00,0.0,112.09980922966423
2030-02-06 22:00:00,0.0,115.40198021504737
2030-02-06 23:00:00,0.0,113.19857778726359
2030-02-07 00:00:00,0.0,108.68619730516542
2030-02-07 01:00:00,0.0,101.81987137226724
2030-02-07 02:00:00,0.0,92.76969405353555
2030-02-07 03:00:00,0.0,93.35622531204046
2030-02-07 04:00:00,0.0,88.76173045375137
2030-02-07 05:00:00,0.0,86.317850209981
2030-02-07 06:00:00,0.0,85.63356374172517
2030-02-07 07:00:00,0.0,83.38519391745615
2030-02-07 08:00:00,0.0,80.25702720542972
2030-02-07 09:00:00,0.0,68.04695331721587
2030-02-07 10:00:00,0.0,51.053127844647406
2030-02-07 11:00:00,0.0,33.71599832567176
2030-02-07 12:00:00,0.0,23.572524231844795
2030-02-07 13:00:00,0.0,19.43559660713106
2030-02-07 14:00:00,0.0,14.818405632343811
2030-02-07 15:00:00,0.0,20.534200486349732
2030-02-07 16:00:00,0.0,32.76735377044429
2030-02-07 17:00:00,0.0,49.002002719848186
2030-02-07 18:00:00,0.0,71.29496212717788
2030-02-07 19:00:00,0.0,104.98556870638895
2030-02-07 20:00:00,0.0,114.67077124611086
2030-02-07 21:00:00,0.0,111.56313312813234
2030-02-07 22:00:00,0.0,110.65791988583959
2030-02-07 23:00:00,0.0,109.24437955284242
2030-02-08 00:00:00,0.0,108.68619730516541
2030-02-08 01:00:00,0.0,101.81987137226724
2030-02-08 02:00:00,0.0,92.7696940535354
2030-02-08 03:00:00,0.0,93.35622531204078
2030-02-08 04:00:00,0.0,88.76173045375171
2030-02-08 05:00:00,0.0,86.31785020998086
2030-02-08 06:00:00,0.0,85.63356374172506
2030-02-08 07:00:00,0.0,83.38519391745626
2030-02-08 08:00:00,0.0,80.2570272054295
2030-02-08 09:00:00,0.0,67.94376928635879
2030-02-08 10:00:00,0.0,49.5652053791116
2030-02-08 11:00:00,0.0,31.922846421156464
2030-02-08 12:00:00,0.0,20.02024783402453
2030-02-08 13:00:00,0.0,15.699406333794514
2030-02-08 14:00:00,0.0,13.097994099292137
2030-02-08 15:00:00,0.0,19.067226714201723
2030-02-08 16:00:00,0.0,32.15712808220587
2030-02-08 17:00:00,0.0,48.75317181048968
2030-02-08 18:00:00,0.0,67.36455415363105
2030-02-08 19:00:00,0.0,101.56803746603919
2030-02-08 20:00:00,0.0,112.5533934029081
2030-02-08 21:00:00,0.0,111.08511015245055
2030-02-08 22:00:00,0.0,108.87779751627704
2030-02-08 23:00:00,0.0,108.22772537143389
2030-02-09 00:00:00,0.0,108.6861973051652
2030-02-09 01:00:00,0.0,101.81987137226736
2030-02-09 02:00:00,0.0,92.76969405353549
2030-02-09 03:00:00,0.0,93.3562253120408
2030-02-09 04:00:00,0.0,88.76173045375137
2030-02-09 05:00:00,0.0,86.31785020998083
2030-02-09 06:00:00,0.0,85.63356374172508
2030-02-09 07:00:00,0.0,83.38519391745604
2030-02-09 08:00:00,0.0,80.25702720542961
2030-02-09 09:00:00,0.0,70.28260731911354
2030-02-09 10:00:00,0.0,54.47029584590098
2030-02-09 11:00:00,0.0,37.40095220597061
2030-02-09 12:00:00,0.0,25.86642330017264
2030-02-09 13:00:00,0.0,20.751506355292577
2030-02-09 14:00:00,0.0,14.514739999738836
2030-02-09 15:00:00,0.0,17.303203898337074
2030-02-09 16:00:00,0.0,30.81824679244312
2030-02-09 17:00:00,0.0,47.31346747931287
2030-02-09 18:00:00,0.0,67.92378391161273
2030-02-09 19:00:00,0.0,101.6457490352393
2030-02-09 20:00:00,0.0,109.83677612393247
2030-02-09 21:00:00,0.0,108.67739933628803
2030-02-09 22:00:00,0.0,107.56494504932346
2030-02-09 23:00:00,0.0,107.67638598843932
2030-02-10 00:00:00,0.0,108.68619730516558
2030-02-10 01:00:00,0.0,101.81987137226702
2030-02-10 02:00:00,0.0,92.76969405353563
2030-02-10 03:00:00,0.0,93.35622531204069
2030-02-10 04:00:00,0.0,88.76173045375162
2030-02-10 05:00:00,0.0,86.31785020998075
2030-02-10 06:00:00,0.0,85.63356374172497
2030-02-10 07:00:00,0.0,83.3851939174559
2030-02-10 08:00:00,0.0,80.2570272054295
2030-02-10 09:00:00,0.0,67.37625711664646
2030-02-10 10:00:00,0.0,45.87746496233399
2030-02-10 11:00:00,0.0,28.83994076887481
2030-02-10 12:00:00,0.0,16.358772707171397
2030-02-10 13:00:00,0.0,12.388635946704312
2030-02-10 14:00:00,0.0,8.763540479923577
2030-02-10 15:00:00,0.0,13.897005763865195
2030-02-10 16:00:00,0.0,26.239264501105026
2030-02-10 17:00:00,0.0,43.38874190052321
2030-02-10 18:00:00,0.0,66.39234634192121
2030-02-10 19:00:00,0.0,100.97066678024373
2030-02-10 20:00:00,0.0,109.39687768005399
2030-02-10 21:00:00,0.0,108.5151256881013
2030-02-10 22:00:00,0.0,107.56494504932323
2030-02-10 23:00:00,0.0,107.6763859884395
2030-02-11 00:00:00,0.0,108.68619730516525
2030-02-11 01:00:00,0.0,101.81987137226747
2030-02-11 02:00:00,0.0,92.7696940535354
2030-02-11 03:00:00,0.0,93.35622531204083
2030-02-11 04:00:00,0.0,88.76173045375171
2030-02-11 05:00:00,0.0,86.31785020998086
2030-02-11 06:00:00,0.0,85.63356374172506
2030-02-11 07:00:00,0.0,83.38519391745606
2030-02-11 08:00:00,0.0,80.25702720542958
2030-02-11 09:00:00,0.0,66.56798220826784
2030-02-11 10:00:00,0.0,42.50272047611199
2030-02-11 11:00:00,0.0,25.778141204974986
2030-02-11 12:00:00,0.0,13.034393103713
2030-02-11 13:00:00,0.0,8.76823913983685
2030-02-11 14:00:00,0.0,5.529274930079978
2030-02-11 15:00:00,0.0,11.235364947332982
2030-02-11 16:00:00,0.0,23.965744295007084
2030-02-11 17:00:00,0.0,40.65182337940963
2030-02-11 18:00:00,0.0,64.68899223351389
2030-02-11 19:00:00,0.0,98.298333375796
2030-02-11 20:00:00,0.0,107.24333040924294
2030-02-11 21:00:00,0.0,108.51512568810118
2030-02-11 22:00:00,0.0,107.56494504932334
2030-02-11 23:00:00,0.0,107.67638598843914
2030-02-12 00:00:00,0.0,104.57168052675291
2030-02-12 01:00:00,0.0,98.92631716364255
2030-02-12 02:00:00,0.0,92.96520447303703
2030-02-12 03:00:00,0.0,91.20561069752213
2030-02-12 04:00:00,0.0,87.88193356599413
2030-02-12 05:00:00,0.0,85.43805332222337
2030-02-12 06:00:00,0.0,85.43805332222348
2030-02-12 07:00:00,0.0,83.28743870770529
2030-02-12 08:00:00,0.0,78.49743342991451
2030-02-12 09:00:00,0.0,65.42567086757742
2030-02-12 10:00:00,0.0,44.341338940830155
2030-02-12 11:00:00,0.0,26.463404135014443
2030-02-12 12:00:00,0.0,15.067150571144907
2030-02-12 13:00:00,0.0,6.674496707440085
2030-02-12 14:00:00,0.0,3.797322231567449
2030-02-12 15:00:00,0.0,13.505970346470576
2030-02-12 16:00:00,0.0,26.549122643081667
2030-02-12 17:00:00,0.0,42.04184635107197
2030-02-12 18:00:00,0.0,63.27435811914859
2030-02-12 19:00:00,0.0,97.8098513571814
2030-02-12 20:00:00,0.0,102.92352769035415
2030-02-12 21:00:00,0.0,106.61965217103284
2030-02-12 22:00:00,0.0,109.13587127001927
2030-02-12 23:00:00,0.0,107.23257733617038
2030-02-13 00:00:00,0.0,102.07696757391179
2030-02-13 01:00:00,0.0,97.75520975082767
2030-02-13 02:00:00,0.0,96.58214723381809
2030-02-13 03:00:00,0.0,91.69438674627645
2030-02-13 04:00:00,0.0,88.66397524400074
2030-02-13 05:00:00,0.0,84.7537668539677
2030-02-13 06:00:00,0.0,83.18968349795455
2030-02-13 07:00:00,0.0,81.52784493219042
2030-02-13 08:00:00,0.0,78.30192301041302
2030-02-13 09:00:00,0.0,63.942181812681945
2030-02-13 10:00:00,0.0,38.62195159442601
2030-02-13 11:00:00,0.0,17.13579366221815
2030-02-13 12:00:00,0.0,4.8863990852293
2030-02-13 13:00:00,0.0,0.564525744689945
2030-02-13 14:00:00,0.14039315944660302,-0.0
2030-02-13 15:00:00,0.0,9.52415544175097
2030-02-13 16:00:00,0.0,19.071950160607578
2030-02-13 17:00:00,0.0,34.62076051100258
2030-02-13 18:00:00,0.0,60.39708162680722
2030-02-13 19:00:00,0.0,98.48834829725217
2030-02-13 20:00:00,0.0,105.52283871762859
2030-02-13 21:00:00,0.0,109.58163502648301
2030-02-13 22:00:00,0.0,114.96696953165622
2030-02-13 23:00:00,0.0,113.19857778726362
2030-02-14 00:00:00,0.0,108.68619730516525
2030-02-14 01:00:00,0.0,101.81987137226713
2030-02-14 02:00:00,0.0,92.76969405353543
2030-02-14 03:00:00,0.0,93.3562253120408
2030-02-14 04:00:00,0.0,88.76173045375174
2030-02-14 05:00:00,0.0,86.31785020998086
2030-02-14 06:00:00,0.0,85.63356374172508
2030-02-14 07:00:00,0.0,83.38519391745601
2030-02-14 08:00:00,0.0,80.25702720542961
2030-02-14 09:00:00,0.0,66.06925939245991
2030-02-14 10:00:00,0.0,43.120727234318906
2030-02-14 11:00:00,0.0,26.92909785284712
2030-02-14 12:00:00,0.0,14.948572003446543
2030-02-14 13:00:00,0.0,10.494376802819943
2030-02-14 14:00:00,0.0,7.041501021392165
2030-02-14 15:00:00,0.0,12.607186429473131
2030-02-14 16:00:00,0.0,25.43532098689832
2030-02-14 17:00:00,0.0,42.69685070597473
2030-02-14 18:00:00,0.0,65.55734560198869
2030-02-14 19:00:00,0.0,98.9448651267886
2030-02-14 20:00:00,0.0,109.20234481264964
2030-02-14 21:00:00,0.0,108.51512568810121
2030-02-14 22:00:00,0.0,107.56494504932324
2030-02-14 23:00:00,0.0,107.67638598843948
2030-02-15 00:00:00,0.0,108.68619730516548
2030-02-15 01:00:00,0.0,101.81987137226724
2030-02-15 02:00:00,0.0,92.76969405353555
2030-02-15 03:00:00,0.0,93.35622531204046
2030-02-15 04:00:00,0.0,88.76173045375137
2030-02-15 05:00:00,0.0,86.31785020998097
2030-02-15 06:00:00,0.0,85.6335637417252
2030-02-15 07:00:00,0.0,83.38519391745615
2030-02-15 08:00:00,0.0,80.2570272054297
2030-02-15 09:00:00,0.0,65.82849665379399
2030-02-15 10:00:00,0.0,43.7110929155227
2030-02-15 11:00:00,0.0,28.88995149676714
2030-02-15 12:00:00,0.0,16.636108930746445
2030-02-15 13:00:00,0.0,12.478888446631004
2030-02-15 14:00:00,0.0,8.817260295074348
2030-02-15 15:00:00,0.0,14.527993593716118
2030-02-15 16:00:00,0.0,26.883935874530152
2030-02-15 17:00:00,0.0,44.34441548080316
2030-02-15 18:00:00,0.0,67.37032545398594
2030-02-15 19:00:00,0.0,98.16796734720883
2030-02-15 20:00:00,0.0,106.75846456887905
2030-02-15 21:00:00,0.0,108.51512568810165
2030-02-15 22:00:00,0.0,107.56494504932351
2030-02-15 23:00:00,0.0,107.67638598843922
2030-02-16 00:00:00,0.0,108.68619730516534
2030-02-16 01:00:00,0.0,101.81987137226747
2030-02-16 02:00:00,0.0,92.76969405353543
2030-02-16 03:00:00,0.0,93.3562253120408
2030-02-16 04:00:00,0.0,88.76173045375177
2030-02-16 05:00:00,0.0,86.31785020998089
2030-02-16 06:00:00,0.0,85.63356374172511
2030-02-16 07:00:00,0.0,83.38519391745604
2030-02-16 08:00:00,0.0,80.25702720542961
2030-02-16 09:00:00,0.0,65.39856319189073
2030-02-16 10:00:00,0.0,43.25148238526231
2030-02-16 11:00:00,0.0,29.208868849611463
2030-02-16 12:00:00,0.0,17.018484462567585
2030-02-16 13:00:00,0.0,13.18042326159707
2030-02-16 14:00:00,0.0,9.470224288331465
2030-02-16 15:00:00,0.0,15.769478198888919
2030-02-16 16:00:00,0.0,28.10512762030112
2030-02-16 17:00:00,0.0,45.544282526864215
2030-02-16 18:00:00,0.0,66.83654338665872
2030-02-16 19:00:00,0.0,92.81305063365865
2030-02-16 20:00:00,0.0,106.75846456887928
2030-02-16 21:00:00,0.0,108.5151256881013
2030-02-16 22:00:00,0.0,107.56494504932357
2030-02-16 23:00:00,0.0,107.67638598843916
2030-02-17 00:00:00,0.0,108.68619730516514
2030-02-17 01:00:00,0.0,101.81987137226722
2030-02-17 02:00:00,0.0,92.76969405353555
2030-02-17 03:00:00,0.0,93.35622531204044
2030-02-17 04:00:00,0.0,88.76173045375137
2030-02-17 05:00:00,0.0,86.31785020998097
2030-02-17 06:00:00,0.0,85.6335637417252
2030-02-17 07:00:00,0.0,83.38519391745615
2030-02-17 08:00:00,0.0,80.2570272054297
2030-02-17 09:00:00,0.0,65.74250996141336
2030-02-17 10:00:00,0.0,45.05647276406387
2030-02-17 11:00:00,0.0,31.684336817653843
2030-02-17 12:00:00,0.0,19.469113935997825
2030-02-17 13:00:00,0.0,15.511112958641888
2030-02-17 14:00:00,0.0,11.482442595770621
2030-02-17 15:00:00,0.0,17.15568569653408
2030-02-17 16:00:00,0.0,29.428564832508613
2030-02-17 17:00:00,0.0,46.07482041885272
2030-02-17 18:00:00,0.0,68.35959506062997
2030-02-17 19:00:00,0.0,101.02475496048565
2030-02-17 20:00:00,0.0,108.95697923617502
2030-02-17 21:00:00,0.0,108.51512568810159
2030-02-17 22:00:00,0.0,107.56494504932346
2030-02-17 23:00:00,0.0,107.6763859884391
2030-02-18 00:00:00,0.0,108.68619730516536
2030-02-18 01:00:00,0.0,101.81987137226739
2030-02-18 02:00:00,0.0,92.76969405353543
2030-02-18 03:00:00,0.0,93.35622531204069
2030-02-18 04:00:00,0.0,88.76173045375177
2030-02-18 05:00:00,0.0,86.31785020998078
2030-02-18 06:00:00,0.0,85.6335637417252
2030-02-18 07:00:00,0.0,83.38519391745626
2030-02-18 08:00:00,0.0,80.25702720542972
2030-02-18 09:00:00,0.0,65.82849665379376
2030-02-18 10:00:00,0.0,46.8552254630697
2030-02-18 11:00:00,0.0,31.387827013062633
2030-02-18 12:00:00,0.0,19.955357021924783
2030-02-18 13:00:00,0.0,16.075259987865707
2030-02-18 14:00:00,0.0,11.545775439307036
2030-02-18 15:00:00,0.0,18.34903670265564
2030-02-18 16:00:00,0.0,30.734804706240084
2030-02-18 17:00:00,0.0,47.65420503581979
2030-02-18 18:00:00,0.0,70.07448377325431
2030-02-18 19:00:00,0.0,101.13964993923422
2030-02-18 20:00:00,0.0,110.3265297247844
2030-02-18 21:00:00,0.0,109.07624059207109
2030-02-18 22:00:00,0.0,107.56494504932346
2030-02-18 23:00:00,0.0,107.67638598843943
2030-02-19 00:00:00,0.0,104.57168052675307
2030-02-19 01:00:00,0.0,98.9263171636427
2030-02-19 02:00:00,0.0,92.96520447303726
2030-02-19 03:00:00,0.0,91.20561069752227
2030-02-19 04:00:00,0.0,87.8819335659941
2030-02-19 05:00:00,0.0,85.43805332222348
2030-02-19 06:00:00,0.0,85.4380533222236
2030-02-19 07:00:00,0.0,83.2874387077054
2030-02-19 08:00:00,0.0,78.49743342991462
2030-02-19 09:00:00,0.0,63.65434500453554
2030-02-19 10:00:00,0.0,47.39925160627638
2030-02-19 11:00:00,0.0,31.100994355962484
2030-02-19 12:00:00,0.0,19.62268179829948
2030-02-19 13:00:00,0.0,11.13072059409079
2030-02-19 14:00:00,0.0,11.106081762125868
2030-02-19 15:00:00,0.0,19.540031089625003
2030-02-19 16:00:00,0.0,32.3506010428323
2030-02-19 17:00:00,0.0,47.30964032967381
2030-02-19 18:00:00,0.0,69.34650367783172
2030-02-19 19:00:00,0.0,98.04160698869089
2030-02-19 20:00:00,0.0,107.77707385448264
2030-02-19 21:00:00,0.0,108.84847095335192
2030-02-19 22:00:00,0.0,109.13587127001904
2030-02-19 23:00:00,0.0,107.23257733617038
2030-02-20 00:00:00,0.0,102.07696757391182
2030-02-20 01:00:00,0.0,97.7552097508279
2030-02-20 02:00:00,0.0,96.5821472338178
2030-02-20 03:00:00,0.0,91.69438674627656
2030-02-20 04:00:00,0.0,88.663975244001
2030-02-20 05:00:00,0.0,84.7537668539679
2030-02-20 06:00:00,0.0,83.1896834979542
2030-02-20 07:00:00,0.0,81.52784493219053
2030-02-20 08:00:00,0.0,78.30192301041313
2030-02-20 09:00:00,0.0,63.94218181268214
2030-02-20 10:00:00,0.0,41.591405820999626
2030-02-20 11:00:00,0.0,25.371443098695977
2030-02-20 12:00:00,0.0,16.283425045674335
2030-02-20 13:00:00,0.0,14.51934828653404
2030-02-20 14:00:00,0.0,14.037553189639198
2030-02-20 15:00:00,0.0,22.545427753613573
2030-02-20 16:00:00,0.0,31.76423738742151
2030-02-20 17:00:00,0.0,47.02280767257367
2030-02-20 18:00:00,0.0,70.43968346537017
2030-02-20 19:00:00,0.0,99.0690142431722
2030-02-20 20:00:00,0.0,107.11429353237217
2030-02-20 21:00:00,0.0,111.43116359496871
2030-02-20 22:00:00,0.0,117.31895987826073
2030-02-20 23:00:00,0.0,113.67073545035998
2030-02-21 00:00:00,0.0,108.68619730516518
2030-02-21 01:00:00,0.0,101.81987137226713
2030-02-21 02:00:00,0.0,92.76969405353543
2030-02-21 03:00:00,0.0,93.35622531204078
2030-02-21 04:00:00,0.0,88.76173045375188
2030-02-21 05:00:00,0.0,86.31785020998086
2030-02-21 06:00:00,0.0,85.63356374172517
2030-02-21 07:00:00,0.0,83.38519391745604
2030-02-21 08:00:00,0.0,80.21231412539157
2030-02-21 09:00:00,0.0,65.63932593055631
2030-02-21 10:00:00,0.0,47.34913739439469
2030-02-21 11:00:00,0.0,36.160091342960754
2030-02-21 12:00:00,0.0,24.536507913118157
2030-02-21 13:00:00,0.0,21.663835337281625
2030-02-21 14:00:00,0.0,18.766140650097682
2030-02-21 15:00:00,0.0,25.647380183949707
2030-02-21 16:00:00,0.0,37.265775255466565
2030-02-21 17:00:00,0.0,53.93210363268998
2030-02-21 18:00:00,0.0,74.30480021508163
2030-02-21 19:00:00,0.0,103.61111988747439
2030-02-21 20:00:00,0.0,114.99922875087401
2030-02-21 21:00:00,0.0,112.13597865727183
2030-02-21 22:00:00,0.0,111.25422666531955
2030-02-21 23:00:00,0.0,109.30694288708332
2030-02-22 00:00:00,0.0,108.68619730516531
2030-02-22 01:00:00,0.0,101.81987137226736
2030-02-22 02:00:00,0.0,92.76969405353572
2030-02-22 03:00:00,0.0,93.35622531204055
2030-02-22 04:00:00,0.0,88.7617304537516
2030-02-22 05:00:00,0.0,86.31785020998075
2030-02-22 06:00:00,0.0,85.63356374172508
2030-02-22 07:00:00,0.0,83.38519391745614
2030-02-22 08:00:00,0.0,80.10328299945297
2030-02-22 09:00:00,0.0,65.57053657665188
2030-02-22 10:00:00,0.0,49.8282955010136
2030-02-22 11:00:00,0.0,36.15011688664424
2030-02-22 12:00:00,0.0,24.08409257575522
2030-02-22 13:00:00,0.0,20.449303915572244
2030-02-22 14:00:00,0.0,17.86723139765992
2030-02-22 15:00:00,0.0,25.34102125848335
2030-02-22 16:00:00,0.0,36.85375034455035
2030-02-22 17:00:00,0.0,53.899214086830064
2030-02-22 18:00:00,0.0,75.21683081729418
2030-02-22 19:00:00,0.0,105.2612278280685
2030-02-22 20:00:00,0.0,115.31791073466167
2030-02-22 21:00:00,0.0,112.67656496719428
2030-02-22 22:00:00,0.0,107.56494504932317
2030-02-22 23:00:00,0.0,107.6763859884395
2030-02-23 00:00:00,0.0,108.68619730516542
2030-02-23 01:00:00,0.0,101.81987137226736
2030-02-23 02:00:00,0.0,92.76969405353583
2030-02-23 03:00:00,0.0,93.35622531204069
2030-02-23 04:00:00,0.0,88.76173045375162
2030-02-23 05:00:00,0.0,86.31785020998095
2030-02-23 06:00:00,0.0,85.63356374172497
2030-02-23 07:00:00,0.0,83.38519391745592
2030-02-23 08:00:00,0.0,79.94747511285891
2030-02-23 09:00:00,0.0,65.3985631918907
2030-02-23 10:00:00,0.0,48.57600426186298
2030-02-23 11:00:00,0.0,36.7662042483563
2030-02-23 12:00:00,0.0,25.898201914239394
2030-02-23 13:00:00,0.0,21.919759423068854
2030-02-23 14:00:00,0.0,18.587952904513045
2030-02-23 15:00:00,0.0,24.1972219061455
2030-02-23 16:00:00,0.0,36.33028668030886
2030-02-23 17:00:00,0.0,51.410186820340876
2030-02-23 18:00:00,0.0,73.66660224835226
2030-02-23 19:00:00,0.0,108.05058256153846
2030-02-23 20:00:00,0.0,114.7880774978122
2030-02-23 21:00:00,0.0,112.42728918232962
2030-02-23 22:00:00,0.0,107.74090442687486
2030-02-23 23:00:00,0.0,107.67638598843934
2030-02-24 00:00:00,0.0,108.68619730516525
2030-02-24 01:00:00,0.0,101.81987137226713
2030-02-24 02:00:00,0.0,92.76969405353566
2030-02-24 03:00:00,0.0,93.35622531204069
2030-02-24 04:00:00,0.0,88.76173045375162
2030-02-24 05:00:00,0.0,86.31785020998078
2030-02-24 06:00:00,0.0,85.63356374172531
2030-02-24 07:00:00,0.0,83.38519391745635
2030-02-24 08:00:00,0.0,79.74970572038353
2030-02-24 09:00:00,0.0,65.14060311474836
2030-02-24 10:00:00,0.0,48.7919328762074
2030-02-24 11:00:00,0.0,35.244700334847835
2030-02-24 12:00:00,0.0,25.543764768246206
2030-02-24 13:00:00,0.0,23.07820420237428
2030-02-24 14:00:00,0.0,17.58757935506584
2030-02-24 15:00:00,0.0,23.630444267916005
2030-02-24 16:00:00,0.0,36.02626105502293
2030-02-24 17:00:00,0.0,51.68321351410385
2030-02-24 18:00:00,0.0,73.70461893233016
2030-02-24 19:00:00,0.0,105.70706736893226
2030-02-24 20:00:00,0.0,112.98449387790913
2030-02-24 21:00:00,0.0,111.66382099417575
2030-02-24 22:00:00,0.0,109.67841268413616
2030-02-24 23:00:00,0.0,107.67638598843929
2030-02-25 00:00:00,0.0,108.68619730516525
2030-02-25 01:00:00,0.0,101.81987137226747
2030-02-25 02:00:00,0.0,92.76969405353555
2030-02-25 03:00:00,0.0,93.3562253120405
2030-02-25 04:00:00,0.0,88.76173045375143
2030-02-25 05:00:00,0.0,86.317850209981
2030-02-25 06:00:00,0.0,85.63356374172523
2030-02-25 07:00:00,0.0,83.38519391745612
2030-02-25 08:00:00,0.0,79.57601260177464
2030-02-25 09:00:00,0.0,64.86888516682572
2030-02-25 10:00:00,0.0,48.24552242458594
2030-02-25 11:00:00,0.0,35.009268771109646
2030-02-25 12:00:00,0.0,23.670793894229405
2030-02-25 13:00:00,0.0,19.666727368729767
2030-02-25 14:00:00,0.0,13.606745282420334
2030-02-25 15:00:00,0.0,21.235483162914164
2030-02-25 16:00:00,0.0,33.534920527348504
2030-02-25 17:00:00,0.0,50.181496741490044
2030-02-25 18:00:00,0.0,71.94151427500995
2030-02-25 19:00:00,0.0,102.1185872955798
2030-02-25 20:00:00,0.0,109.67548002784372
2030-02-25 21:00:00,0.0,109.26784080318282
2030-02-25 22:00:00,0.0,107.56494504932357
2030-02-25 23:00:00,0.0,107.67638598843928
2030-02-26 00:00:00,0.0,104.57168052675308
2030-02-26 01:00:00,0.0,98.92631716364247
2030-02-26 02:00:00,0.0,92.96520447303718
2030-02-26 03:00:00,0.0,91.20561069752227
2030-02-26 04:00:00,0.0,87.88193356599413
2030-02-26 05:00:00,0.0,85.43805332222348
2030-02-26 06:00:00,0.0,85.4380533222236
2030-02-26 07:00:00,0.0,83.2874387077054
2030-02-26 08:00:00,0.0,77.58941395837485
2030-02-26 09:00:00,0.0,61.916725924906586
2030-02-26 10:00:00,0.0,46.142181542195544
2030-02-26 11:00:00,0.0,31.16308985873229
2030-02-26 12:00:00,0.0,20.573465796600203
2030-02-26 13:00:00,0.0,11.714141753278568
2030-02-26 14:00:00,0.0,10.726126968562184
2030-02-26 15:00:00,0.0,18.539322333988707
2030-02-26 16:00:00,0.0,31.225234902216137
2030-02-26 17:00:00,0.0,46.30895489300997
2030-02-26 18:00:00,0.0,68.15806994295224
2030-02-26 19:00:00,0.0,101.28321674368895
2030-02-26 20:00:00,0.0,108.91592204807984
2030-02-26 21:00:00,0.0,111.27671036356219
2030-02-26 22:00:00,0.0,111.17504494542158
2030-02-26 23:00:00,0.0,108.37142552976769
2030-02-27 00:00:00,0.0,103.30477300838211
2030-02-27 01:00:00,0.0,99.01820706080855
2030-02-27 02:00:00,0.0,96.97316807282115
2030-02-27 03:00:00,0.0,92.37867321453237
2030-02-27 04:00:00,0.0,88.66397524400102
2030-02-27 05:00:00,0.0,84.75376685396787
2030-02-27 06:00:00,0.0,83.1896834979542
2030-02-27 07:00:00,0.0,81.52784493219053
2030-02-27 08:00:00,0.0,77.18065654176905
2030-02-27 09:00:00,0.0,62.285046277121715
2030-02-27 10:00:00,0.0,42.37142024823186
2030-02-27 11:00:00,0.0,19.437628260466127
2030-02-27 12:00:00,0.0,7.370204843526949
2030-02-27 13:00:00,0.0,3.3284761467641317
2030-02-27 14:00:00,0.0,2.7785052622974717
2030-02-27 15:00:00,0.0,12.38210095808325
2030-02-27 16:00:00,0.0,21.90461558937978
2030-02-27 17:00:00,0.0,37.28575188963237
2030-02-27 18:00:00,0.0,62.87985554479596
2030-02-27 19:00:00,0.0,99.7244576396426
2030-02-27 20:00:00,0.0,106.77117274614669
2030-02-27 21:00:00,0.0,111.29626140551254
2030-02-27 22:00:00,0.0,114.96696953165586
2030-02-27 23:00:00,0.0,113.1985777872635
2030-02-28 00:00:00,0.0,108.68619730516525
2030-02-28 01:00:00,0.0,101.81987137226724
2030-02-28 02:00:00,0.0,92.76969405353566
2030-02-28 03:00:00,0.0,93.3562253120406
2030-02-28 04:00:00,0.0,88.76173045375148
2030-02-28 05:00:00,0.0,86.31785020998109
2030-02-28 06:00:00,0.0,85.63356374172531
2030-02-28 07:00:00,0.0,83.38519391745623
2030-02-28 08:00:00,0.0,79.10652526137605
2030-02-28 09:00:00,0.0,64.19079411071164
2030-02-28 10:00:00,0.0,47.25542064028059
2030-02-28 11:00:00,0.0,31.21861394303812
2030-02-28 12:00:00,0.0,19.281300051156876
2030-02-28 13:00:00,0.0,15.425032990373438
2030-02-28 14:00:00,0.0,10.49524104003423
2030-02-28 15:00:00,0.0,17.32034292324738
2030-02-28 16:00:00,0.0,29.88366178711192
2030-02-28 17:00:00,0.0,46.74606459912946
2030-02-28 18:00:00,0.0,69.15723530583418
2030-02-28 19:00:00,0.0,102.6845899600371
2030-02-28 20:00:00,0.0,111.71563125534362
2030-02-28 21:00:00,0.0,110.57776061384402
2030-02-28 22:00:00,0.0,107.56494504932346
2030-02-28 23:00:00,0.0,107.67638598843934
2030-03-01 00:00:00,0.0,105.16994241042823
2030-03-01 01:00:00,0.0,98.76599861965124
2030-03-01 02:00:00,0.0,94.72479824855202
2030-03-01 03:00:00,0.0,90.9123450682699
2030-03-01 04:00:00,0.0,87.97968877574488
2030-03-01 05:00:00,0.0,85.73131895147614
2030-03-01 06:00:00,0.0,85.242542902722
2030-03-01 07:00:00,0.0,82.8964178687022
2030-03-01 08:00:00,0.0,81.53809774865036
2030-03-01 09:00:00,0.0,67.65634928466764
2030-03-01 10:00:00,0.0,48.77262084887968
2030-03-01 11:00:00,0.0,34.05323666566858
2030-03-01 12:00:00,0.0,23.362073979320456
2030-03-01 13:00:00,0.0,18.90183202096477
2030-03-01 14:00:00,0.0,16.31116083381437
2030-03-01 15:00:00,0.0,19.79558790967065
2030-03-01 16:00:00,0.0,33.17028157312939
2030-03-01 17:00:00,0.0,48.753170342969476
2030-03-01 18:00:00,0.0,72.27593073254442
2030-03-01 19:00:00,0.0,104.57332518156208
2030-03-01 20:00:00,0.0,112.73033033255706
2030-03-01 21:00:00,0.0,113.24941049633382
2030-03-01 22:00:00,0.0,114.25531160467027
2030-03-01 23:00:00,0.0,111.45266974111394
2030-03-02 00:00:00,0.0,105.169942410428
2030-03-02 01:00:00,0.0,98.76599861965155
2030-03-02 02:00:00,0.0,94.72479824855239
2030-03-02 03:00:00,0.0,90.91234506826979
2030-03-02 04:00:00,0.0,87.97968877574522
2030-03-02 05:00:00,0.0,85.7313189514762
2030-03-02 06:00:00,0.0,85.24254290272188
2030-03-02 07:00:00,0.0,82.89641786870183
2030-03-02 08:00:00,0.0,81.3712835654319
2030-03-02 09:00:00,0.0,67.25995063279285
2030-03-02 10:00:00,0.0,48.258424798733245
2030-03-02 11:00:00,0.0,33.77560166574767
2030-03-02 12:00:00,0.0,22.88558673838122
2030-03-02 13:00:00,0.0,18.187626554050773
2030-03-02 14:00:00,0.0,15.304033684417163
2030-03-02 15:00:00,0.0,19.99456548613012
2030-03-02 16:00:00,0.0,33.28128310379739
2030-03-02 17:00:00,0.0,47.53134608218384
2030-03-02 18:00:00,0.0,70.89721719381589
2030-03-02 19:00:00,0.0,102.00634915790556
2030-03-02 20:00:00,0.0,111.03721009967268
2030-03-02 21:00:00,0.0,111.06946931889053
2030-03-02 22:00:00,0.0,114.71671619469413
2030-03-02 23:00:00,0.0,110.37540732965942
2030-03-03 00:00:00,0.0,105.16994241042798
2030-03-03 01:00:00,0.0,98.76599861965133
2030-03-03 02:00:00,0.0,94.72479824855202
2030-03-03 03:00:00,0.0,90.91234506827001
2030-03-03 04:00:00,0.0,87.97968877574488
2030-03-03 05:00:00,0.0,85.73131895147586
2030-03-03 06:00:00,0.0,85.24254290272202
2030-03-03 07:00:00,0.0,82.89641786870206
2030-03-03 08:00:00,0.0,81.2870166068989
2030-03-03 09:00:00,0.0,69.18656846227448
2030-03-03 10:00:00,0.0,50.26693111614436
2030-03-03 11:00:00,0.0,35.571748542240215
2030-03-03 12:00:00,0.0,27.111280318894387
2030-03-03 13:00:00,0.0,21.108167479666
2030-03-03 14:00:00,0.0,18.07247144040673
2030-03-03 15:00:00,0.0,19.381760197119895
2030-03-03 16:00:00,0.0,32.52974193122897
2030-03-03 17:00:00,0.0,46.71853574669661
2030-03-03 18:00:00,0.0,69.4036221605445
2030-03-03 19:00:00,0.0,102.58275475817442
2030-03-03 20:00:00,0.0,109.32453882483838
2030-03-03 21:00:00,0.0,110.23463982761837
2030-03-03 22:00:00,0.0,114.20154623930728
2030-03-03 23:00:00,0.0,110.37540732965975
2030-03-04 00:00:00,0.0,105.16994241042826
2030-03-04 01:00:00,0.0,98.76599861965121
2030-03-04 02:00:00,0.0,94.72479824855202
2030-03-04 03:00:00,0.0,90.91234506826996
2030-03-04 04:00:00,0.0,87.97968877574479
2030-03-04 05:00:00,0.0,85.73131895147611
2030-03-04 06:00:00,0.0,85.24254290272188
2030-03-04 07:00:00,0.0,82.8964178687022
2030-03-04 08:00:00,0.0,81.36784409773676
2030-03-04 09:00:00,0.0,69.96044869370053
2030-03-04 10:00:00,0.0,51.12028637030184
2030-03-04 11:00:00,0.0,36.770273328295815
2030-03-04 12:00:00,0.0,26.45702507386649
2030-03-04 13:00:00,0.0,21.362540902220523
2030-03-04 14:00:00,0.0,15.259555261620193
2030-03-04 15:00:00,0.0,19.585851804698315
2030-03-04 16:00:00,0.0,31.890968661119715
2030-03-04 17:00:00,0.0,46.17926947973863
2030-03-04 18:00:00,0.0,67.83342208988611
2030-03-04 19:00:00,0.0,100.77973041381148
2030-03-04 20:00:00,0.0,110.57678306174648
2030-03-04 21:00:00,0.0,109.82211284246995
2030-03-04 22:00:00,0.0,112.89260398074359
2030-03-04 23:00:00,0.0,110.37540732965986
2030-03-05 00:00:00,0.0,109.74684133096179
2030-03-05 01:00:00,0.0,102.99684409766712
2030-03-05 02:00:00,0.0,99.22251544918765
2030-03-05 03:00:00,0.0,95.31132950705734
2030-03-05 04:00:00,0.0,92.76969405353574
2030-03-05 05:00:00,0.0,89.73928255125972
2030-03-05 06:00:00,0.0,88.85948566350228
2030-03-05 07:00:00,0.0,84.94927727346919
2030-03-05 08:00:00,0.0,79.87888979189233
2030-03-05 09:00:00,0.0,66.11724433709853
2030-03-05 10:00:00,0.0,44.91865796376454
2030-03-05 11:00:00,0.0,29.04313461216612
2030-03-05 12:00:00,0.0,18.644819281094897
2030-03-05 13:00:00,0.0,18.110337644607178
2030-03-05 14:00:00,0.0,10.930868572316307
2030-03-05 15:00:00,0.0,14.666126119042929
2030-03-05 16:00:00,0.0,26.096530962043637
2030-03-05 17:00:00,0.0,41.67769999803542
2030-03-05 18:00:00,0.0,63.980141260499266
2030-03-05 19:00:00,0.0,97.19867215795978
2030-03-05 20:00:00,0.0,107.41244692211205
2030-03-05 21:00:00,0.0,105.42312840368277
2030-03-05 22:00:00,0.0,108.62754417931473
2030-03-05 23:00:00,0.0,112.04115610381359
2030-03-06 00:00:00,0.0,109.20527746894226
2030-03-06 01:00:00,0.0,103.52960999080938
2030-03-06 02:00:00,0.0,98.78554966160127
2030-03-06 03:00:00,0.0,94.92030866805374
2030-03-06 04:00:00,0.0,91.59663153652585
2030-03-06 05:00:00,0.0,87.39315751724018
2030-03-06 06:00:00,0.0,82.99417307845306
2030-03-06 07:00:00,0.0,79.57274073717383
2030-03-06 08:00:00,0.0,75.55304504986259
2030-03-06 09:00:00,0.0,56.732065048060775
2030-03-06 10:00:00,0.0,35.306650150516816
2030-03-06 11:00:00,0.0,19.207729001822827
2030-03-06 12:00:00,0.0,9.84677170602368
2030-03-06 13:00:00,0.0,9.009004813543811
2030-03-06 14:00:00,0.0,7.238575247268365
2030-03-06 15:00:00,0.0,11.40765021931145
2030-03-06 16:00:00,0.0,22.096720068259174
2030-03-06 17:00:00,0.0,38.40971455390786
2030-03-06 18:00:00,0.0,60.36122809498943
2030-03-06 19:00:00,0.0,98.0445775371835
2030-03-06 20:00:00,0.0,107.41146937001434
2030-03-06 21:00:00,0.0,108.29419891406452
2030-03-06 22:00:00,0.0,109.11925288436139
2030-03-06 23:00:00,0.0,108.16027427670609
2030-03-07 00:00:00,0.0,105.169942410428
2030-03-07 01:00:00,0.0,98.76599861965155
2030-03-07 02:00:00,0.0,94.72479824855213
2030-03-07 03:00:00,0.0,90.91234506827007
2030-03-07 04:00:00,0.0,87.97968877574502
2030-03-07 05:00:00,0.0,85.73131895147594
2030-03-07 06:00:00,0.0,85.24254290272151
2030-03-07 07:00:00,0.0,82.89641786870209
2030-03-07 08:00:00,0.0,80.99294211895702
2030-03-07 09:00:00,0.0,67.10242301235134
2030-03-07 10:00:00,0.0,42.53196906239238
2030-03-07 11:00:00,0.0,26.769631887229707
2030-03-07 12:00:00,0.0,15.634062285395999
2030-03-07 13:00:00,0.0,12.240477956826986
2030-03-07 14:00:00,0.0,8.880737422733105
2030-03-07 15:00:00,0.0,15.029389286183708
2030-03-07 16:00:00,0.0,28.689781749965135
2030-03-07 17:00:00,0.0,45.17175174562785
2030-03-07 18:00:00,0.0,67.9530689277361
2030-03-07 19:00:00,0.0,103.3757480777144
2030-03-07 20:00:00,0.0,113.81541316079114
2030-03-07 21:00:00,0.0,112.19560933521984
2030-03-07 22:00:00,0.0,114.52022822309482
2030-03-07 23:00:00,0.0,110.37540732965977
2030-03-08 00:00:00,0.0,105.16994241042818
2030-03-08 01:00:00,0.0,98.76599861965153
2030-03-08 02:00:00,0.0,94.72479824855225
2030-03-08 03:00:00,0.0,90.91234506826981
2030-03-08 04:00:00,0.0,87.9796887757451
2030-03-08 05:00:00,0.0,85.73131895147608
2030-03-08 06:00:00,0.0,85.2425429027218
2030-03-08 07:00:00,0.0,82.89641786870186
2030-03-08 08:00:00,0.0,81.01013945743296
2030-03-08 09:00:00,0.0,67.25513537801936
2030-03-08 10:00:00,0.0,45.04932857940028
2030-03-08 11:00:00,0.0,28.91188976281036
2030-03-08 12:00:00,0.0,18.045779135925628
2030-03-08 13:00:00,0.0,13.541953584018948
2030-03-08 14:00:00,0.0,11.527764871850763
2030-03-08 15:00:00,0.0,16.775443802246294
2030-03-08 16:00:00,0.0,30.011870864357192
2030-03-08 17:00:00,0.0,45.39615369376927
2030-03-08 18:00:00,0.0,68.91059778540551
2030-03-08 19:00:00,0.0,104.09522642148067
2030-03-08 20:00:00,0.0,115.85165417990083
2030-03-08 21:00:00,0.0,113.05683273312499
2030-03-08 22:00:00,0.0,114.4469118157815
2030-03-08 23:00:00,0.0,110.37540732965954
2030-03-09 00:00:00,0.0,105.16994241042798
2030-03-09 01:00:00,0.0,98.76599861965144
2030-03-09 02:00:00,0.0,94.72479824855225
2030-03-09 03:00:00,0.0,90.9123450682697
2030-03-09 04:00:00,0.0,87.97968877574496
2030-03-09 05:00:00,0.0,85.73131895147594
2030-03-09 06:00:00,0.0,85.24254290272165
2030-03-09 07:00:00,0.0,82.89641786870217
2030-03-09 08:00:00,0.0,80.92415276505221
2030-03-09 09:00:00,0.0,66.95005459345268
2030-03-09 10:00:00,0.0,45.1438439841032
2030-03-09 11:00:00,0.0,29.91521454906092
2030-03-09 12:00:00,0.0,18.872487256026147
2030-03-09 13:00:00,0.0,14.589377883974628
2030-03-09 14:00:00,0.0,12.41200974864033
2030-03-09 15:00:00,0.0,18.160944457670773
2030-03-09 16:00:00,0.0,32.103596254080344
2030-03-09 17:00:00,0.0,47.81072413492462
2030-03-09 18:00:00,0.0,71.65928081402478
2030-03-09 19:00:00,0.0,105.86810732708153
2030-03-09 20:00:00,0.0,113.20933086033597
2030-03-09 21:00:00,0.0,113.16338591175314
2030-03-09 22:00:00,0.0,115.26512292139611
2030-03-09 23:00:00,0.0,111.45755750160146
2030-03-10 00:00:00,0.0,105.169942410428
2030-03-10 01:00:00,0.0,98.76599861965133
2030-03-10 02:00:00,0.0,94.72479824855216
2030-03-10 03:00:00,0.0,90.91234506827004
2030-03-10 04:00:00,0.0,87.97968877574499
2030-03-10 05:00:00,0.0,85.73131895147583
2030-03-10 06:00:00,0.0,85.24254290272196
2030-03-10 07:00:00,0.0,82.89641786870209
2030-03-10 08:00:00,0.0,81.04453413438532
2030-03-10 09:00:00,0.0,68.53306960018122
2030-03-10 10:00:00,0.0,50.56877646595282
2030-03-10 11:00:00,0.0,35.04497511603462
2030-03-10 12:00:00,0.0,26.33907318337198
2030-03-10 13:00:00,0.0,22.443763793957224
2030-03-10 14:00:00,0.0,16.992050102028315
2030-03-10 15:00:00,0.0,22.492729570670242
2030-03-10 16:00:00,0.0,36.057235212961345
2030-03-10 17:00:00,0.0,50.42419345504195
2030-03-10 18:00:00,0.0,72.80868496684604
2030-03-10 19:00:00,0.0,105.45543788059383
2030-03-10 20:00:00,0.0,114.62482629752833
2030-03-10 21:00:00,0.0,115.59455797825638
2030-03-10 22:00:00,0.0,116.87808388228481
2030-03-10 23:00:00,0.0,112.57978730954096
2030-03-11 00:00:00,0.0,105.16994241042799
2030-03-11 01:00:00,0.0,98.76599861965119
2030-03-11 02:00:00,0.0,94.72479824855225
2030-03-11 03:00:00,0.0,90.9123450682697
2030-03-11 04:00:00,0.0,87.97968877574505
2030-03-11 05:00:00,0.0,85.73131895147606
2030-03-11 06:00:00,0.0,85.24254290272177
2030-03-11 07:00:00,0.0,82.89641786870229
2030-03-11 08:00:00,0.0,80.7865740572432
2030-03-11 09:00:00,0.0,66.21005311882458
2030-03-11 10:00:00,0.0,45.18305828611905
2030-03-11 11:00:00,0.0,29.737812343193468
2030-03-11 12:00:00,0.0,19.68907226539818
2030-03-11 13:00:00,0.0,14.902494779681327
2030-03-11 14:00:00,0.0,14.93061971728558
2030-03-11 15:00:00,0.0,20.484657573147267
2030-03-11 16:00:00,0.0,33.30564794590873
2030-03-11 17:00:00,0.0,48.46046290152504
2030-03-11 18:00:00,0.0,71.12964250394316
2030-03-11 19:00:00,0.0,104.58031050758439
2030-03-11 20:00:00,0.0,112.6873180402665
2030-03-11 21:00:00,0.0,113.27091664247918
2030-03-11 22:00:00,0.0,114.94546338551088
2030-03-11 23:00:00,0.0,110.37540732965988
2030-03-12 00:00:00,0.0,109.74684133096193
2030-03-12 01:00:00,0.0,102.99684409766738
2030-03-12 02:00:00,0.0,99.22251544918777
2030-03-12 03:00:00,0.0,95.31132950705705
2030-03-12 04:00:00,0.0,92.76969405353555
2030-03-12 05:00:00,0.0,89.73928255126006
2030-03-12 06:00:00,0.0,88.85948566350251
2030-03-12 07:00:00,0.0,84.94927727346953
2030-03-12 08:00:00,0.0,79.38360644377923
2030-03-12 09:00:00,0.0,64.54867509469022
2030-03-12 10:00:00,0.0,41.96381126679476
2030-03-12 11:00:00,0.0,24.80966142920547
2030-03-12 12:00:00,0.0,15.40552860572997
2030-03-12 13:00:00,0.0,14.542405830962913
2030-03-12 14:00:00,0.0,12.04059387549956
2030-03-12 15:00:00,0.0,15.247033264084962
2030-03-12 16:00:00,0.0,27.426995764054162
2030-03-12 17:00:00,0.0,43.70672505923723
2030-03-12 18:00:00,0.0,66.35606432802682
2030-03-12 19:00:00,0.0,99.63078388436065
2030-03-12 20:00:00,0.0,109.16715293713939
2030-03-12 21:00:00,0.0,109.52493700482769
2030-03-12 22:00:00,0.0,110.78402410641819
2030-03-12 23:00:00,0.0,112.20342975200015
2030-03-13 00:00:00,0.0,109.20527746894223
2030-03-13 01:00:00,0.0,103.52960999080904
2030-03-13 02:00:00,0.0,98.78554966160164
2030-03-13 03:00:00,0.0,94.92030866805402
2030-03-13 04:00:00,0.0,91.59663153652559
2030-03-13 05:00:00,0.0,87.39315751723998
2030-03-13 06:00:00,0.0,82.99417307845286
2030-03-13 07:00:00,0.0,79.57274073717369
2030-03-13 08:00:00,0.0,75.19190094186396
2030-03-13 09:00:00,0.0,55.2137120340027
2030-03-13 10:00:00,0.0,32.004189864419345
2030-03-13 11:00:00,0.0,14.349862726447327
2030-03-13 12:00:00,0.0,4.247095316574367
2030-03-13 13:00:00,0.0,0.5431223474830773
2030-03-13 14:00:00,0.0,2.400643306133489
2030-03-13 15:00:00,0.0,9.047357781115124
2030-03-13 16:00:00,0.0,20.845511677651842
2030-03-13 17:00:00,0.0,35.58626573099684
2030-03-13 18:00:00,0.0,59.05869730851654
2030-03-13 19:00:00,0.0,98.86228547437958
2030-03-13 20:00:00,0.0,110.10364784655232
2030-03-13 21:00:00,0.0,110.55038915511341
2030-03-13 22:00:00,0.0,109.09090387353388
2030-03-13 23:00:00,0.0,108.16027427670608
2030-03-14 00:00:00,0.0,105.16994241042786
2030-03-14 01:00:00,0.0,98.76599861965121
2030-03-14 02:00:00,0.0,94.7247982485519
2030-03-14 03:00:00,0.0,90.91234506826993
2030-03-14 04:00:00,0.0,87.97968877574519
2030-03-14 05:00:00,0.0,85.7313189514762
2030-03-14 06:00:00,0.0,85.24254290272196
2030-03-14 07:00:00,0.0,82.89641786870195
2030-03-14 08:00:00,0.0,80.78657405724331
2030-03-14 09:00:00,0.0,68.30950419999135
2030-03-14 10:00:00,0.0,46.22399133262786
2030-03-14 11:00:00,0.0,28.6007680583257
2030-03-14 12:00:00,0.0,14.87007344249868
2030-03-14 13:00:00,0.0,7.868697372384638
2030-03-14 14:00:00,0.0,5.043919400339632
2030-03-14 15:00:00,0.0,11.277721408218788
2030-03-14 16:00:00,0.0,24.842078396097463
2030-03-14 17:00:00,0.0,39.86391128734886
2030-03-14 18:00:00,0.0,64.46805744232972
2030-03-14 19:00:00,0.0,100.54932214893935
2030-03-14 20:00:00,0.0,112.65994658153659
2030-03-14 21:00:00,0.0,111.55922291974207
2030-03-14 22:00:00,0.0,113.9571582149299
2030-03-14 23:00:00,0.0,110.37540732965965
2030-03-15 00:00:00,0.0,105.16994241042806
2030-03-15 01:00:00,0.0,98.76599861965144
2030-03-15 02:00:00,0.0,94.72479824855225
2030-03-15 03:00:00,0.0,90.91234506826967
2030-03-15 04:00:00,0.0,87.9796887757451
2030-03-15 05:00:00,0.0,85.73131895147594
2030-03-15 06:00:00,0.0,85.24254290272177
2030-03-15 07:00:00,0.0,82.89641786870177
2030-03-15 08:00:00,0.0,80.70058736486254
2030-03-15 09:00:00,0.0,67.33647878901155
2030-03-15 10:00:00,0.0,44.03360422828575
2030-03-15 11:00:00,0.0,32.90898554455215
2030-03-15 12:00:00,0.0,18.111832961585847
2030-03-15 13:00:00,0.0,10.325305114148016
2030-03-15 14:00:00,0.0,5.02671769157277
2030-03-15 15:00:00,0.0,10.417087893376113
2030-03-15 16:00:00,0.0,24.13646722813111
2030-03-15 17:00:00,0.0,40.3773538573303
2030-03-15 18:00:00,0.0,64.36676511870522
2030-03-15 19:00:00,0.0,100.47169693395719
2030-03-15 20:00:00,0.0,112.08123573981175
2030-03-15 21:00:00,0.0,111.91602943533292
2030-03-15 22:00:00,0.0,113.70592732587053
2030-03-15 23:00:00,0.0,110.37540732965974
2030-03-16 00:00:00,0.0,105.16994241042826
2030-03-16 01:00:00,0.0,98.76599861965144
2030-03-16 02:00:00,0.0,94.72479824855213
2030-03-16 03:00:00,0.0,90.91234506827004
2030-03-16 04:00:00,0.0,87.97968877574499
2030-03-16 05:00:00,0.0,85.73131895147588
2030-03-16 06:00:00,0.0,85.24254290272165
2030-03-16 07:00:00,0.0,82.8964178687022
2030-03-16 08:00:00,0.0,80.45982462619642
2030-03-16 09:00:00,0.0,65.49068845036781
2030-03-16 10:00:00,0.0,43.62637415594067
2030-03-16 11:00:00,0.0,29.041984709476992
2030-03-16 12:00:00,0.0,19.13172984435836
2030-03-16 13:00:00,0.0,15.707483245067685
2030-03-16 14:00:00,0.0,13.125262072742274
2030-03-16 15:00:00,0.0,18.307786409285193
2030-03-16 16:00:00,0.0,31.308902872808076
2030-03-16 17:00:00,0.0,46.42812370806869
2030-03-16 18:00:00,0.0,69.80181924376336
2030-03-16 19:00:00,0.0,104.05811733397525
2030-03-16 20:00:00,0.0,113.76067024333065
2030-03-16 21:00:00,0.0,114.3080994179353
2030-03-16 22:00:00,0.0,116.5320304397668
2030-03-16 23:00:00,0.0,112.46932392252234
2030-03-17 00:00:00,0.0,105.6225490315743
2030-03-17 01:00:00,0.0,98.85691096471976
2030-03-17 02:00:00,0.0,94.72479824855222
2030-03-17 03:00:00,0.0,90.91234506826976
2030-03-17 04:00:00,0.0,87.97968877574507
2030-03-17 05:00:00,0.0,85.73131895147594
2030-03-17 06:00:00,0.0,85.24254290272168
2030-03-17 07:00:00,0.0,82.8964178687022
2030-03-17 08:00:00,0.0,80.39103527229219
2030-03-17 09:00:00,0.0,65.43865484199137
2030-03-17 10:00:00,0.0,48.70708878118435
2030-03-17 11:00:00,0.0,33.56274962364739
2030-03-17 12:00:00,0.0,23.688878788891742
2030-03-17 13:00:00,0.0,19.62444523505041
2030-03-17 14:00:00,0.0,17.010506632722922
2030-03-17 15:00:00,0.0,22.176177577559095
2030-03-17 16:00:00,0.0,35.46230494786538
2030-03-17 17:00:00,0.0,50.251704150126166
2030-03-17 18:00:00,0.0,73.28507856759867
2030-03-17 19:00:00,0.0,106.19700132332355
2030-03-17 20:00:00,0.0,113.90730305795711
2030-03-17 21:00:00,0.0,115.50462318528541
2030-03-17 22:00:00,0.0,117.52033561034744
2030-03-17 23:00:00,0.0,113.68344362762775
2030-03-18 00:00:00,0.0,105.98522085975017
2030-03-18 01:00:00,0.0,99.39749727464175
2030-03-18 02:00:00,0.0,94.72479824855236
2030-03-18 03:00:00,0.0,90.91234506826984
2030-03-18 04:00:00,0.0,87.97968877574522
2030-03-18 05:00:00,0.0,85.73131895147614
2030-03-18 06:00:00,0.0,85.24254290272188
2030-03-18 07:00:00,0.0,82.89641786870186
2030-03-18 08:00:00,0.0,80.30504857991116
2030-03-18 09:00:00,0.0,65.48943799873038
2030-03-18 10:00:00,0.0,50.30151378012201
2030-03-18 11:00:00,0.0,35.47255049126534
2030-03-18 12:00:00,0.0,25.67245623857241
2030-03-18 13:00:00,0.0,21.168505351224987
2030-03-18 14:00:00,0.0,18.276165157940568
2030-03-18 15:00:00,0.0,23.567107054089554
2030-03-18 16:00:00,0.0,37.17711131613639
2030-03-18 17:00:00,0.0,52.598198635678166
2030-03-18 18:00:00,0.0,75.34068080206922
2030-03-18 19:00:00,0.0,107.55775384305491
2030-03-18 20:00:00,0.0,114.08130733131378
2030-03-18 21:00:00,0.0,115.48898235172544
2030-03-18 22:00:00,0.0,118.62692458472719
2030-03-18 23:00:00,0.0,114.64437733947805
2030-03-19 00:00:00,0.0,111.90332125806503
2030-03-19 01:00:00,0.0,104.72711131025676
2030-03-19 02:00:00,0.0,99.48938717180738
2030-03-19 03:00:00,0.0,95.31132950705697
2030-03-19 04:00:00,0.0,92.7696940535354
2030-03-19 05:00:00,0.0,89.73928255125998
2030-03-19 06:00:00,0.0,88.85948566350231
2030-03-19 07:00:00,0.0,84.94927727346939
2030-03-19 08:00:00,0.0,78.85048895101897
2030-03-19 09:00:00,0.0,64.01276813041069
2030-03-19 10:00:00,0.0,47.699074075601196
2030-03-19 11:00:00,0.0,32.27569207151273
2030-03-19 12:00:00,0.0,22.707394622506072
2030-03-19 13:00:00,0.0,22.612328303055754
2030-03-19 14:00:00,0.0,19.665937458721835
2030-03-19 15:00:00,0.0,23.388594310416664
2030-03-19 16:00:00,0.0,34.903680015635935
2030-03-19 17:00:00,0.0,49.408119319346824
2030-03-19 18:00:00,0.0,70.7400400813882
2030-03-19 19:00:00,0.0,103.8264374868661
2030-03-19 20:00:00,0.0,111.81925177767941
2030-03-19 21:00:00,0.0,111.86128651787203
2030-03-19 22:00:00,0.0,113.06074294151495
2030-03-19 23:00:00,0.0,115.76367449112513
2030-03-20 00:00:00,0.0,111.6393821917377
2030-03-20 01:00:00,0.0,105.60495309381952
2030-03-20 02:00:00,0.0,99.04166831114856
2030-03-20 03:00:00,0.0,95.50683992655885
2030-03-20 04:00:00,0.0,91.59663153652582
2030-03-20 05:00:00,0.0,87.39315751724018
2030-03-20 06:00:00,0.0,83.6784595467089
2030-03-20 07:00:00,0.0,79.96376157617732
2030-03-20 08:00:00,0.0,75.22811736913252
2030-03-20 09:00:00,0.0,57.01554567554308
2030-03-20 10:00:00,0.0,39.16464712097786
2030-03-20 11:00:00,0.0,23.802980243046477
2030-03-20 12:00:00,0.0,14.872755059738871
2030-03-20 13:00:00,0.0,11.69234340106766
2030-03-20 14:00:00,0.0,12.055234932176525
2030-03-20 15:00:00,0.0,19.44119303133118
2030-03-20 16:00:00,0.0,29.993590677337806
2030-03-20 17:00:00,0.0,45.12431041040577
2030-03-20 18:00:00,0.0,67.08538450411814
2030-03-20 19:00:00,0.0,106.36123007570495
2030-03-20 20:00:00,0.0,111.94926620664774
2030-03-20 21:00:00,0.0,112.8808733555732
2030-03-20 22:00:00,0.0,113.48793320812581
2030-03-20 23:00:00,0.0,111.13007754893621
2030-03-21 00:00:00,0.0,106.29412732256276
2030-03-21 01:00:00,0.0,99.5118708700503
2030-03-21 02:00:00,0.0,94.72479824855213
2030-03-21 03:00:00,0.0,90.91234506826959
2030-03-21 04:00:00,0.0,87.97968877574502
2030-03-21 05:00:00,0.0,85.73131895147594
2030-03-21 06:00:00,0.0,85.24254290272162
2030-03-21 07:00:00,0.0,82.89641786870197
2030-03-21 08:00:00,0.0,80.02989116429328
2030-03-21 09:00:00,0.0,64.45024947256186
2030-03-21 10:00:00,0.0,46.56547216119873
2030-03-21 11:00:00,0.0,31.302397040969723
2030-03-21 12:00:00,0.0,22.541690977092586
2030-03-21 13:00:00,0.0,18.043931131596842
2030-03-21 14:00:00,0.0,16.540233752606582
2030-03-21 15:00:00,0.0,22.754161175060297
2030-03-21 16:00:00,0.0,36.41025430422302
2030-03-21 17:00:00,0.0,51.41734849261932
2030-03-21 18:00:00,0.0,74.6113030577902
2030-03-21 19:00:00,0.0,108.37596494866953
2030-03-21 20:00:00,0.0,116.34825064543514
2030-03-21 21:00:00,0.0,117.58876425717301
2030-03-21 22:00:00,0.0,118.04039332622187
2030-03-21 23:00:00,0.0,114.31494228261782
2030-03-22 00:00:00,0.0,107.70962275975464
2030-03-22 01:00:00,0.0,101.05640318411315
2030-03-22 02:00:00,0.0,95.50683992655894
2030-03-22 03:00:00,0.0,91.6943867462764
2030-03-22 04:00:00,0.0,88.27295440499773
2030-03-22 05:00:00,0.0,85.7313189514758
2030-03-22 06:00:00,0.0,85.24254290272196
2030-03-22 07:00:00,0.0,82.89641786870212
2030-03-22 08:00:00,0.0,79.94390447191253
2030-03-22 09:00:00,0.0,66.70987189404659
2030-03-22 10:00:00,0.0,49.49083124435717
2030-03-22 11:00:00,0.0,36.62819705847063
2030-03-22 12:00:00,0.0,27.88901098666065
2030-03-22 13:00:00,0.0,24.681548498347176
2030-03-22 14:00:00,0.0,20.87295305973599
2030-03-22 15:00:00,0.0,26.44556404115189
2030-03-22 16:00:00,0.0,39.752943969753446
2030-03-22 17:00:00,0.0,54.60672789356338
2030-03-22 18:00:00,0.0,77.51476103979962
2030-03-22 19:00:00,0.0,108.01973738589743
2030-03-22 20:00:00,0.0,115.84481131521846
2030-03-22 21:00:00,0.0,118.01595452378426
2030-03-22 22:00:00,0.0,119.46566428438933
2030-03-22 23:00:00,0.0,116.08919933959555
2030-03-23 00:00:00,0.0,109.30889799127806
2030-03-23 01:00:00,0.0,101.91958168621292
2030-03-23 02:00:00,0.0,97.65745454107693
2030-03-23 03:00:00,0.0,93.74724615104378
2030-03-23 04:00:00,0.0,89.73928255125998
2030-03-23 05:00:00,0.0,85.73131895147594
2030-03-23 06:00:00,0.0,85.242542902722
2030-03-23 07:00:00,0.0,82.89641786870206
2030-03-23 08:00:00,0.0,79.85791777953204
2030-03-23 09:00:00,0.0,64.50506234435639
2030-03-23 10:00:00,0.0,46.40320361319024
2030-03-23 11:00:00,0.0,32.39121591841854
2030-03-23 12:00:00,0.0,22.236731157676417
2030-03-23 13:00:00,0.0,18.948957098679905
2030-03-23 14:00:00,0.0,13.946467044530436
2030-03-23 15:00:00,0.0,19.788021080741153
2030-03-23 16:00:00,0.0,34.94788154580999
2030-03-23 17:00:00,0.0,50.73583691749182
2030-03-23 18:00:00,0.0,72.29932749302668
2030-03-23 19:00:00,0.0,107.86582521510957
2030-03-23 20:00:00,0.0,116.41081397967582
2030-03-23 21:00:00,0.0,118.16454244260545
2030-03-23 22:00:00,0.0,119.5634194941398
2030-03-23 23:00:00,0.0,114.5524874423124
2030-03-24 00:00:00,0.0,106.9793913429157
2030-03-24 01:00:00,0.0,99.94003868875882
2030-03-24 02:00:00,0.0,94.72479824855225
2030-03-24 03:00:00,0.0,90.91234506826967
2030-03-24 04:00:00,0.0,87.97968877574499
2030-03-24 05:00:00,0.0,85.731318951476
2030-03-24 06:00:00,0.0,85.24254290272162
2030-03-24 07:00:00,0.0,82.8964178687022
2030-03-24 08:00:00,0.0,79.77193108715093
2030-03-24 09:00:00,0.0,63.85281393390075
2030-03-24 10:00:00,0.0,43.01302378999354
2030-03-24 11:00:00,0.0,28.933868828986988
2030-03-24 12:00:00,0.0,20.14436888264811
2030-03-24 13:00:00,0.0,15.612827926532766
2030-03-24 14:00:00,0.0,13.848539861394912
2030-03-24 15:00:00,0.0,21.45558140614653
2030-03-24 16:00:00,0.0,34.66984722059476
2030-03-24 17:00:00,0.0,49.49133111859947
2030-03-24 18:00:00,0.0,72.64366630316576
2030-03-24 19:00:00,0.0,106.08588319908648
2030-03-24 20:00:00,0.0,112.04408876010643
2030-03-24 21:00:00,0.0,114.49578942065688
2030-03-24 22:00:00,0.0,116.82920627740941
2030-03-24 23:00:00,0.0,112.29336454497093
2030-03-25 00:00:00,0.0,105.16994241042835
2030-03-25 01:00:00,0.0,98.76599861965119
2030-03-25 02:00:00,0.0,94.72479824855202
2030-03-25 03:00:00,0.0,90.91234506826993
2030-03-25 04:00:00,0.0,87.97968877574488
2030-03-25 05:00:00,0.0,85.73131895147588
2030-03-25 06:00:00,0.0,85.242542902722
2030-03-25 07:00:00,0.0,82.89641786870212
2030-03-25 08:00:00,0.0,79.78912842562721
2030-03-25 09:00:00,0.0,64.72076360679114
2030-03-25 10:00:00,0.0,47.45305448921408
2030-03-25 11:00:00,0.0,32.706685062987276
2030-03-25 12:00:00,0.0,23.218801201132464
2030-03-25 13:00:00,0.0,18.47049945301115
2030-03-25 14:00:00,0.0,18.691875837142902
2030-03-25 15:00:00,0.0,24.476776302561014
2030-03-25 16:00:00,0.0,38.069336925540284
2030-03-25 17:00:00,0.0,52.2197988950002
2030-03-25 18:00:00,0.0,75.38046385783824
2030-03-25 19:00:00,0.0,108.6407678904942
2030-03-25 20:00:00,0.0,115.6502784478144
2030-03-25 21:00:00,0.0,115.78811329356307
2030-03-25 22:00:00,0.0,118.79017578501077
2030-03-25 23:00:00,0.0,115.20255958715552
2030-03-26 00:00:00,0.0,113.01870820132217
2030-03-26 01:00:00,0.0,105.64307762562188
2030-03-26 02:00:00,0.0,100.60770677135676
2030-03-26 03:00:00,0.0,95.31132950705731
2030-03-26 04:00:00,0.0,92.76969405353574
2030-03-26 05:00:00,0.0,89.73928255125972
2030-03-26 06:00:00,0.0,88.85948566350223
2030-03-26 07:00:00,0.0,84.94927727346928
2030-03-26 08:00:00,0.0,79.29492355576733
2030-03-26 09:00:00,0.0,63.27517428316901
2030-03-26 10:00:00,0.0,48.66402110778758
2030-03-26 11:00:00,0.0,33.01146416843792
2030-03-26 12:00:00,0.0,21.516298219068176
2030-03-26 13:00:00,0.0,22.01589691544087
2030-03-26 14:00:00,0.0,20.24743048083429
2030-03-26 15:00:00,0.0,23.418122724361297
2030-03-26 16:00:00,0.0,34.623261382006056
2030-03-26 17:00:00,0.0,49.81923335510487
2030-03-26 18:00:00,0.0,72.26995138035181
2030-03-26 19:00:00,0.0,102.84877171275741
2030-03-26 20:00:00,0.0,115.45770068460534
2030-03-26 21:00:00,0.0,112.6638567899264
2030-03-26 22:00:00,0.0,113.9454275897599
2030-03-26 23:00:00,0.0,117.05306570773858
2030-03-27 00:00:00,0.0,112.39111975472193
2030-03-27 01:00:00,0.0,106.48768263786943
2030-03-27 02:00:00,0.0,99.66632410145655
2030-03-27 03:00:00,0.0,94.92030866805399
2030-03-27 04:00:00,0.0,91.59663153652559
2030-03-27 05:00:00,0.0,87.39315751723996
2030-03-27 06:00:00,0.0,82.99417307845283
2030-03-27 07:00:00,0.0,79.5727407371736
2030-03-27 08:00:00,0.0,74.05687660243908
2030-03-27 09:00:00,0.0,53.606550796491774
2030-03-27 10:00:00,0.0,37.33260591253452
2030-03-27 11:00:00,0.0,21.155557838924977
2030-03-27 12:00:00,0.0,10.46013808561154
2030-03-27 13:00:00,0.0,7.805328099005322
2030-03-27 14:00:00,0.0,11.598859836673235
2030-03-27 15:00:00,0.0,18.65467567503049
2030-03-27 16:00:00,0.0,30.313284829318945
2030-03-27 17:00:00,0.0,45.370497599887585
2030-03-27 18:00:00,0.0,67.94362934025594
2030-03-27 19:00:00,0.0,104.0311732592636
2030-03-27 20:00:00,0.0,112.3832993379416
2030-03-27 21:00:00,0.0,114.2484687399874
2030-03-27 22:00:00,0.0,114.79101015410458
2030-03-27 23:00:00,0.0,112.93366116883897
2030-03-28 00:00:00,0.0,108.3303683416724
2030-03-28 01:00:00,0.0,101.20401355083709
2030-03-28 02:00:00,0.0,95.40908471680802
2030-03-28 03:00:00,0.0,91.30336590727322
2030-03-28 04:00:00,0.0,87.9796887757451
2030-03-28 05:00:00,0.0,85.73131895147603
2030-03-28 06:00:00,0.0,85.24254290272174
2030-03-28 07:00:00,0.0,82.89641786870186
2030-03-28 08:00:00,0.0,79.41078697915222
2030-03-28 09:00:00,0.0,64.54530848668117
2030-03-28 10:00:00,0.0,49.25503241487718
2030-03-28 11:00:00,0.0,35.81448895869552
2030-03-28 12:00:00,0.0,26.708627941312216
2030-03-28 13:00:00,0.0,23.51777254411467
2030-03-28 14:00:00,0.0,20.997829056044907
2030-03-28 15:00:00,0.0,28.698498449312957
2030-03-28 16:00:00,0.0,41.747444281391836
2030-03-28 17:00:00,0.0,56.65481248842821
2030-03-28 18:00:00,0.0,78.26135725573619
2030-03-28 19:00:00,0.0,105.55072571027029
2030-03-28 20:00:00,0.0,113.20151044355617
2030-03-28 21:00:00,0.0,115.00313895926386
2030-03-28 22:00:00,0.0,117.56823566312538
2030-03-28 23:00:00,0.0,113.42439232178799
2030-03-29 00:00:00,0.0,107.01947097891389
2030-03-29 01:00:00,0.0,100.09937968065242
2030-03-29 02:00:00,0.0,94.72479824855213
2030-03-29 03:00:00,0.0,90.91234506827001
2030-03-29 04:00:00,0.0,87.97968877574493
2030-03-29 05:00:00,0.0,85.73131895147583
2030-03-29 06:00:00,0.0,85.242542902722
2030-03-29 07:00:00,0.0,82.89641786870172
2030-03-29 08:00:00,0.0,79.54836568696123
2030-03-29 09:00:00,0.0,66.1262641830825
2030-03-29 10:00:00,0.0,50.05313757458268
2030-03-29 11:00:00,0.0,36.002186248676594
2030-03-29 12:00:00,0.0,26.02380223393004
2030-03-29 13:00:00,0.0,22.512239793124657
2030-03-29 14:00:00,0.0,17.927965691742884
2030-03-29 15:00:00,0.0,24.616590664371877
2030-03-29 16:00:00,0.0,38.24020414278708
2030-03-29 17:00:00,0.0,53.847059881474344
2030-03-29 18:00:00,0.0,76.71565610579214
2030-03-29 19:00:00,0.0,108.68526090330033
2030-03-29 20:00:00,0.0,116.78228377672906
2030-03-29 21:00:00,0.0,115.89368892009395
2030-03-29 22:00:00,0.0,117.3365558160161
2030-03-29 23:00:00,0.0,114.19665847881947
2030-03-30 00:00:00,0.0,107.07714655266653
2030-03-30 01:00:00,0.0,100.25872067254636
2030-03-30 02:00:00,0.0,94.72479824855239
2030-03-30 03:00:00,0.0,90.91234506827007
2030-03-30 04:00:00,0.0,87.97968877574493
2030-03-30 05:00:00,0.0,85.73131895147597
2030-03-30 06:00:00,0.0,85.24254290272194
2030-03-30 07:00:00,0.0,82.89641786870177
2030-03-30 08:00:00,0.0,79.29040560981935
2030-03-30 09:00:00,0.0,64.03441782820863
2030-03-30 10:00:00,0.0,47.612524825122364
2030-03-30 11:00:00,0.0,33.46728107613285
2030-03-30 12:00:00,0.0,23.61608303890364
2030-03-30 13:00:00,0.0,19.34525373408598
2030-03-30 14:00:00,0.0,18.528887336043226
2030-03-30 15:00:00,0.0,23.983496886250585
2030-03-30 16:00:00,0.0,38.06156606367348
2030-03-30 17:00:00,0.0,52.42039054843563
2030-03-30 18:00:00,0.0,73.51253341116785
2030-03-30 19:00:00,0.0,106.76936336132349
2030-03-30 20:00:00,0.0,115.3257311514414
2030-03-30 21:00:00,0.0,113.85744790098431
2030-03-30 22:00:00,0.0,115.74412344917523
2030-03-30 23:00:00,0.0,112.07243777093419
2030-03-31 00:00:00,0.0,105.38598142397734
2030-03-31 01:00:00,0.0,98.77284148433408
2030-03-31 02:00:00,0.0,94.7247982485519
2030-03-31 03:00:00,0.0,90.91234506826957
2030-03-31 04:00:00,0.0,87.97968877574473
2030-03-31 05:00:00,0.0,85.73131895147617
2030-03-31 06:00:00,0.0,85.24254290272194
2030-03-31 07:00:00,0.0,82.89641786870173
2030-03-31 08:00:00,0.0,79.37639230219996
2030-03-31 09:00:00,0.0,65.43307736647296
2030-03-31 10:00:00,0.0,48.5152976570421
2030-03-31 11:00:00,0.0,32.64692286039758
2030-03-31 12:00:00,0.0,24.798968455046747
2030-03-31 13:00:00,0.0,20.989594749778583
2030-03-31 14:00:00,0.0,20.5573892040302
2030-03-31 15:00:00,0.0,23.132136823313907
2030-03-31 16:00:00,0.0,37.49988350788168
2030-03-31 17:00:00,0.0,52.34023784026581
2030-03-31 18:00:00,0.0,73.18125219341482
2030-03-31 19:00:00,0.0,106.9206565832369
2030-03-31 20:00:00,0.0,114.53586905665469
2030-03-31 21:00:00,0.0,115.2074473476431
2030-03-31 22:00:00,0.0,116.8497348714572
2030-03-31 23:00:00,0.0,113.78510904576876
2030-04-01 00:00:00,0.0,137.9609499692459
2030-04-01 01:00:00,0.0,132.29994577257534
2030-04-01 02:00:00,0.0,124.75617623610373
2030-04-01 03:00:00,0.0,121.45302769862367
2030-04-01 04:00:00,0.0,118.00715655490659
2030-04-01 05:00:00,0.0,117.00418810286342
2030-04-01 06:00:00,0.0,114.33058311617799
2030-04-01 07:00:00,0.0,107.82399635516282
2030-04-01 08:00:00,0.0,104.30719747509312
2030-04-01 09:00:00,0.0,89.78659156612015
2030-04-01 10:00:00,0.0,69.16706180148151
2030-04-01 11:00:00,0.0,60.015379336555625
2030-04-01 12:00:00,0.0,55.13356101049625
2030-04-01 13:00:00,0.0,54.42346394580818
2030-04-01 14:00:00,0.0,54.19119640271772
2030-04-01 15:00:00,0.0,58.895548380569835
2030-04-01 16:00:00,0.0,73.40508529873568
2030-04-01 17:00:00,0.0,84.26689878324589
2030-04-01 18:00:00,0.0,100.84088256722968
2030-04-01 19:00:00,0.0,125.1025936437332
2030-04-01 20:00:00,0.0,141.642411168462
2030-04-01 21:00:00,0.0,141.2308617354111
2030-04-01 22:00:00,0.0,143.95236677487412
2030-04-01 23:00:00,0.0,141.13212897356271
2030-04-02 00:00:00,0.0,115.47200527126199
2030-04-02 01:00:00,0.0,134.44860528289848
2030-04-02 02:00:00,0.0,127.36819544064599
2030-04-02 03:00:00,0.0,124.1276102374062
2030-04-02 04:00:00,0.0,121.86457713167454
2030-04-02 05:00:00,0.0,121.9418037473777
2030-04-02 06:00:00,0.0,117.39032118137925
2030-04-02 07:00:00,0.0,109.21309788572228
2030-04-02 08:00:00,0.0,100.12410958851592
2030-04-02 09:00:00,0.0,83.69036390479539
2030-04-02 10:00:00,0.0,67.07099226197806
2030-04-02 11:00:00,0.0,52.55396756118773
2030-04-02 12:00:00,0.0,47.63913581102145
2030-04-02 13:00:00,0.0,45.35612025783972
2030-04-02 14:00:00,0.0,48.7350915703844
2030-04-02 15:00:00,0.0,64.14957574135576
2030-04-02 16:00:00,0.0,73.23378304720381
2030-04-02 17:00:00,0.0,86.83313189526471
2030-04-02 18:00:00,0.0,100.99929191379135
2030-04-02 19:00:00,0.0,126.19828708370079
2030-04-02 20:00:00,0.0,141.42539460281523
2030-04-02 21:00:00,0.0,142.91225134312526
2030-04-02 22:00:00,0.0,142.59943467192232
2030-04-02 23:00:00,0.0,141.8506297652313
2030-04-03 00:00:00,0.0,136.4985320313732
2030-04-03 01:00:00,0.0,133.30095912042384
2030-04-03 02:00:00,0.0,130.8140665843627
2030-04-03 03:00:00,0.0,123.96044882873213
2030-04-03 04:00:00,0.0,120.05219554289437
2030-04-03 05:00:00,0.0,110.89742014972899
2030-04-03 06:00:00,0.0,106.8532871223374
2030-04-03 07:00:00,0.0,99.22251544918774
2030-04-03 08:00:00,0.0,96.61734529207487
2030-04-03 09:00:00,0.0,85.58708897543227
2030-04-03 10:00:00,0.0,66.75835922558235
2030-04-03 11:00:00,0.0,54.50103127348349
2030-04-03 12:00:00,0.0,47.63563877642956
2030-04-03 13:00:00,0.0,44.60028010978712
2030-04-03 14:00:00,0.0,45.526797647205655
2030-04-03 15:00:00,0.0,58.18096872624379
2030-04-03 16:00:00,0.0,68.27526279844722
2030-04-03 17:00:00,0.0,82.60948889869695
2030-04-03 18:00:00,0.0,101.85022752000536
2030-04-03 19:00:00,0.0,127.0023577535494
2030-04-03 20:00:00,0.0,141.12724121307483
2030-04-03 21:00:00,0.0,140.68929787339113
2030-04-03 22:00:00,0.0,138.95316534821677
2030-04-03 23:00:00,0.0,138.6413262291113
2030-04-04 00:00:00,0.0,138.23173190025562
2030-04-04 01:00:00,0.0,132.5619297347077
2030-04-04 02:00:00,0.0,124.5939025879174
2030-04-04 03:00:00,0.0,121.77073213031372
2030-04-04 04:00:00,0.0,118.00715655490683
2030-04-04 05:00:00,0.0,117.00418810286351
2030-04-04 06:00:00,0.0,114.33058311617833
2030-04-04 07:00:00,0.0,107.82399635516299
2030-04-04 08:00:00,0.0,104.03204005947507
2030-04-04 09:00:00,0.0,90.7941562998916
2030-04-04 10:00:00,0.0,73.43877901774772
2030-04-04 11:00:00,0.0,60.864836765888526
2030-04-04 12:00:00,0.0,58.71066861566884
2030-04-04 13:00:00,0.0,57.2997366501111
2030-04-04 14:00:00,0.0,56.361562814728686
2030-04-04 15:00:00,0.0,61.17894794302185
2030-04-04 16:00:00,0.0,75.14751051793203
2030-04-04 17:00:00,0.0,87.1024498660679
2030-04-04 18:00:00,0.0,103.03767494929798
2030-04-04 19:00:00,0.0,125.92399354357974
2030-04-04 20:00:00,0.0,139.0088858177745
2030-04-04 21:00:00,0.0,140.90729199113576
2030-04-04 22:00:00,0.0,144.4909979806011
2030-04-04 23:00:00,0.0,141.6169948139269
2030-04-05 00:00:00,0.0,137.757619132964
2030-04-05 01:00:00,0.0,132.04284957093068
2030-04-05 02:00:00,0.0,124.53915967045702
2030-04-05 03:00:00,0.0,121.45302769862337
2030-04-05 04:00:00,0.0,118.00715655490677
2030-04-05 05:00:00,0.0,117.00418810286317
2030-04-05 06:00:00,0.0,114.33058311617798
2030-04-05 07:00:00,0.0,107.82399635516309
2030-04-05 08:00:00,0.0,103.67089595147614
2030-04-05 09:00:00,0.0,87.8320400866902
2030-04-05 10:00:00,0.0,68.66776148746737
2030-04-05 11:00:00,0.0,58.346025310522435
2030-04-05 12:00:00,0.0,54.43563544565629
2030-04-05 13:00:00,0.0,52.811627366065395
2030-04-05 14:00:00,0.0,53.37006721145744
2030-04-05 15:00:00,0.0,59.28870431042753
2030-04-05 16:00:00,0.0,72.82053719669554
2030-04-05 17:00:00,0.0,85.50685275127285
2030-04-05 18:00:00,0.0,101.04649387138335
2030-04-05 19:00:00,0.0,120.73225224591323
2030-04-05 20:00:00,0.0,138.7791610748602
2030-04-05 21:00:00,0.0,141.68249080445966
2030-04-05 22:00:00,0.0,144.88201881960435
2030-04-05 23:00:00,0.0,140.9219552725985
2030-04-06 00:00:00,0.0,136.28444812201906
2030-04-06 01:00:00,0.0,130.97536268045178
2030-04-06 02:00:00,0.0,124.53915967045697
2030-04-06 03:00:00,0.0,121.45302769862337
2030-04-06 04:00:00,0.0,118.00715655490669
2030-04-06 05:00:00,0.0,117.00418810286335
2030-04-06 06:00:00,0.0,114.33058311617809
2030-04-06 07:00:00,0.0,107.8239963551631
2030-04-06 08:00:00,0.0,103.48172522823859
2030-04-06 09:00:00,0.0,87.2261009748803
2030-04-06 10:00:00,0.0,66.75071769740305
2030-04-06 11:00:00,0.0,55.232669440185106
2030-04-06 12:00:00,0.0,53.25665915662489
2030-04-06 13:00:00,0.0,52.95967276707451
2030-04-06 14:00:00,0.0,51.61987513251324
2030-04-06 15:00:00,0.0,57.6264729741591
2030-04-06 16:00:00,0.0,71.9671808522238
2030-04-06 17:00:00,0.0,84.39580267053645
2030-04-06 18:00:00,0.0,101.04304420204129
2030-04-06 19:00:00,0.0,123.77573263253554
2030-04-06 20:00:00,0.0,138.56507716550567
2030-04-06 21:00:00,0.0,141.30417814272425
2030-04-06 22:00:00,0.0,143.96409740004418
2030-04-06 23:00:00,0.0,140.80367146879996
2030-04-07 00:00:00,0.0,136.63343422082943
2030-04-07 01:00:00,0.0,130.9753626804515
2030-04-07 02:00:00,0.0,124.53915967045697
2030-04-07 03:00:00,0.0,121.45302769862323
2030-04-07 04:00:00,0.0,118.00715655490671
2030-04-07 05:00:00,0.0,117.00418810286305
2030-04-07 06:00:00,0.0,114.3305831161781
2030-04-07 07:00:00,0.0,107.8239963551631
2030-04-07 08:00:00,0.0,103.48172522823847
2030-04-07 09:00:00,0.0,87.9224631092618
2030-04-07 10:00:00,0.0,70.07939007552724
2030-04-07 11:00:00,0.0,61.01148415374256
2030-04-07 12:00:00,0.0,57.45531501062247
2030-04-07 13:00:00,0.0,56.890266565091466
2030-04-07 14:00:00,0.0,56.849423981041895
2030-04-07 15:00:00,0.0,62.40228644365129
2030-04-07 16:00:00,0.0,76.34954217205541
2030-04-07 17:00:00,0.0,88.37262014416058
2030-04-07 18:00:00,0.0,102.9406061771837
2030-04-07 19:00:00,0.0,123.77091154898733
2030-04-07 20:00:00,0.0,140.49280990179238
2030-04-07 21:00:00,0.0,142.13607497770346
2030-04-07 22:00:00,0.0,145.23100491841473
2030-04-07 23:00:00,0.0,142.56717545270487
2030-04-08 00:00:00,0.0,139.7029478070054
2030-04-08 01:00:00,0.0,134.35964804202513
2030-04-08 02:00:00,0.0,127.80222857193971
2030-04-08 03:00:00,0.0,124.63593732811046
2030-04-08 04:00:00,0.0,120.969139410357
2030-04-08 05:00:00,0.0,119.97594647928864
2030-04-08 06:00:00,0.0,118.29651197576936
2030-04-08 07:00:00,0.0,111.68532714032096
2030-04-08 08:00:00,0.0,108.56205437152857
2030-04-08 09:00:00,0.0,96.08984967793515
2030-04-08 10:00:00,0.0,76.31372475741637
2030-04-08 11:00:00,0.0,67.3781596431104
2030-04-08 12:00:00,0.0,63.23521002521534
2030-04-08 13:00:00,0.0,61.946554417490574
2030-04-08 14:00:00,0.0,61.90192113171713
2030-04-08 15:00:00,0.0,67.20640702577896
2030-04-08 16:00:00,0.0,81.16056282146462
2030-04-08 17:00:00,0.0,92.21167418614505
2030-04-08 18:00:00,0.0,107.5235514950202
2030-04-08 19:00:00,0.0,130.4619237340919
2030-04-08 20:00:00,0.0,145.099035385251
2030-04-08 21:00:00,0.0,145.89183013633024
2030-04-08 22:00:00,0.0,147.14896213372623
2030-04-08 23:00:00,0.0,143.89860140951123
2030-04-09 00:00:00,0.0,141.50066611432322
2030-04-09 01:00:00,0.0,138.66967523993907
2030-04-09 02:00:00,0.0,130.93430549235632
2030-04-09 03:00:00,0.0,127.74748565447919
2030-04-09 04:00:00,0.0,125.2234461387128
2030-04-09 05:00:00,0.0,124.14716127935617
2030-04-09 06:00:00,0.0,121.32692347804516
2030-04-09 07:00:00,0.0,112.58760772632081
2030-04-09 08:00:00,0.0,104.2397267030866
2030-04-09 09:00:00,0.0,89.73187415084067
2030-04-09 10:00:00,0.0,74.14695593669114
2030-04-09 11:00:00,0.0,60.63428932352599
2030-04-09 12:00:00,0.0,54.981763168134165
2030-04-09 13:00:00,0.0,52.449184358610296
2030-04-09 14:00:00,0.0,53.906300270592595
2030-04-09 15:00:00,0.0,68.79853297246132
2030-04-09 16:00:00,0.0,78.11963033777772
2030-04-09 17:00:00,0.0,93.47716875770732
2030-04-09 18:00:00,0.0,109.44097858641105
2030-04-09 19:00:00,0.0,134.0587561773826
2030-04-09 20:00:00,0.0,149.1920460175184
2030-04-09 21:00:00,0.0,148.71304548973933
2030-04-09 22:00:00,0.0,147.0658702054377
2030-04-09 23:00:00,0.0,146.53114920810071
2030-04-10 00:00:00,0.0,140.81540209397008
2030-04-10 01:00:00,0.0,136.6559179190723
2030-04-10 02:00:00,0.0,132.55215421373265
2030-04-10 03:00:00,0.0,124.56555357708993
2030-04-10 04:00:00,0.0,120.05219554289425
2030-04-10 05:00:00,0.0,110.8974201497291
2030-04-10 06:00:00,0.0,106.85328712233746
2030-04-10 07:00:00,0.0,99.2225154491877
2030-04-10 08:00:00,0.0,95.92945175302953
2030-04-10 09:00:00,0.0,82.72905709455569
2030-04-10 10:00:00,0.0,66.11550959343765
2030-04-10 11:00:00,0.0,55.28328937315584
2030-04-10 12:00:00,0.0,48.75420321937642
2030-04-10 13:00:00,0.0,45.53525567917811
2030-04-10 14:00:00,0.0,47.345435135866296
2030-04-10 15:00:00,0.0,58.54467822737544
2030-04-10 16:00:00,0.0,68.00509625784375
2030-04-10 17:00:00,0.0,80.72953087845679
2030-04-10 18:00:00,0.0,95.19164871071223
2030-04-10 19:00:00,0.0,122.80624798228642
2030-04-10 20:00:00,0.0,137.68723538194354
2030-04-10 21:00:00,0.0,137.18281849962904
2030-04-10 22:00:00,0.0,138.6256853955514
2030-04-10 23:00:00,0.0,135.84552723023762
2030-04-11 00:00:00,0.0,136.83187729662382
2030-04-11 01:00:00,0.0,131.05063419195972
2030-04-11 02:00:00,0.0,124.53915967045697
2030-04-11 03:00:00,0.0,121.45302769862344
2030-04-11 04:00:00,0.0,118.00715655490662
2030-04-11 05:00:00,0.0,117.00418810286321
2030-04-11 06:00:00,0.0,114.33058311617833
2030-04-11 07:00:00,0.0,107.82399635516282
2030-04-11 08:00:00,0.0,102.98300241243089
2030-04-11 09:00:00,0.0,86.71000884721138
2030-04-11 10:00:00,0.0,68.48636308587197
2030-04-11 11:00:00,0.0,58.416385378272594
2030-04-11 12:00:00,0.0,55.56334617712207
2030-04-11 13:00:00,0.0,55.66111448999888
2030-04-11 14:00:00,0.0,55.66702862760951
2030-04-11 15:00:00,0.0,61.72596139503048
2030-04-11 16:00:00,0.0,75.43891213179606
2030-04-11 17:00:00,0.0,87.82439741398193
2030-04-11 18:00:00,0.0,101.35944790374748
2030-04-11 19:00:00,0.0,124.52152909853423
2030-04-11 20:00:00,0.0,139.20439623727634
2030-04-11 21:00:00,0.0,141.2249964228257
2030-04-11 22:00:00,0.0,143.596537811381
2030-04-11 23:00:00,0.0,140.56319365281269
2030-04-12 00:00:00,0.0,136.58162395966156
2030-04-12 01:00:00,0.0,130.98318309723163
2030-04-12 02:00:00,0.0,124.53915967045702
2030-04-12 03:00:00,0.0,121.4530276986236
2030-04-12 04:00:00,0.0,118.00715655490694
2030-04-12 05:00:00,0.0,117.00418810286328
2030-04-12 06:00:00,0.0,114.33058311617809
2030-04-12 07:00:00,0.0,107.82399635516316
2030-04-12 08:00:00,0.0,102.87981838157373
2030-04-12 09:00:00,0.0,86.6479264553127
2030-04-12 10:00:00,0.0,67.88826443112879
2030-04-12 11:00:00,0.0,58.79113687985685
2030-04-12 12:00:00,0.0,55.616020678085974
2030-04-12 13:00:00,0.0,55.67704862639266
2030-04-12 14:00:00,0.0,56.40444722148925
2030-04-12 15:00:00,0.0,62.43804379164749
2030-04-12 16:00:00,0.0,76.76029586503316
2030-04-12 17:00:00,0.0,87.94025391698801
2030-04-12 18:00:00,0.0,103.4726408201098
2030-04-12 19:00:00,0.0,125.53633274488737
2030-04-12 20:00:00,0.0,140.89165115757555
2030-04-12 21:00:00,0.0,141.95620539176218
2030-04-12 22:00:00,0.0,144.85562491297173
2030-04-12 23:00:00,0.0,141.05587990995713
2030-04-13 00:00:00,0.0,137.19063891640917
2030-04-13 01:00:00,0.0,131.62152461690448
2030-04-13 02:00:00,0.0,124.53915967045691
2030-04-13 03:00:00,0.0,121.45302769862336
2030-04-13 04:00:00,0.0,118.00715655490694
2030-04-13 05:00:00,0.0,117.00418810286311
2030-04-13 06:00:00,0.0,114.3305831161781
2030-04-13 07:00:00,0.0,107.82399635516315
2030-04-13 08:00:00,0.0,103.98044804404651
2030-04-13 09:00:00,0.0,94.34952458468888
2030-04-13 10:00:00,0.0,75.0330987279849
2030-04-13 11:00:00,0.0,63.98017653806858
2030-04-13 12:00:00,0.0,58.78137191191853
2030-04-13 13:00:00,0.0,56.84034510451352
2030-04-13 14:00:00,0.0,57.42645408305066
2030-04-13 15:00:00,0.0,61.00006939596474
2030-04-13 16:00:00,0.0,77.22219087948486
2030-04-13 17:00:00,0.0,88.35922918514916
2030-04-13 18:00:00,0.0,104.68955801775458
2030-04-13 19:00:00,0.0,126.35608214049643
2030-04-13 20:00:00,0.0,140.8593919383577
2030-04-13 21:00:00,0.0,141.85942773410864
2030-04-13 22:00:00,0.0,144.34241006177967
2030-04-13 23:00:00,0.0,140.81735719816507
2030-04-14 00:00:00,0.0,137.6041434536554
2030-04-14 01:00:00,0.0,131.827788109479
2030-04-14 02:00:00,0.0,124.53915967045702
2030-04-14 03:00:00,0.0,121.45302769862366
2030-04-14 04:00:00,0.0,118.00715655490664
2030-04-14 05:00:00,0.0,117.0041881028635
2030-04-14 06:00:00,0.0,114.33058311617799
2030-04-14 07:00:00,0.0,107.82399635516299
2030-04-14 08:00:00,0.0,103.18937047414443
2030-04-14 09:00:00,0.0,88.25415786898361
2030-04-14 10:00:00,0.0,69.38882949763331
2030-04-14 11:00:00,0.0,60.13170039105533
2030-04-14 12:00:00,0.0,57.721524717800094
2030-04-14 13:00:00,0.0,59.032191437054934
2030-04-14 14:00:00,0.0,57.29608805704524
2030-04-14 15:00:00,0.0,61.70292316487246
2030-04-14 16:00:00,0.0,75.42301662523502
2030-04-14 17:00:00,0.0,89.51908837362032
2030-04-14 18:00:00,0.0,104.26426491897985
2030-04-14 19:00:00,0.0,125.88574622771603
2030-04-14 20:00:00,0.0,141.65707444992455
2030-04-14 21:00:00,0.0,142.20059341613933
2030-04-14 22:00:00,0.0,145.01985366535297
2030-04-14 23:00:00,0.0,141.3853149668173
2030-04-15 00:00:00,0.0,137.27568594889254
2030-04-15 01:00:00,0.0,131.31164060199427
2030-04-15 02:00:00,0.0,124.53915967045702
2030-04-15 03:00:00,0.0,121.45302769862332
2030-04-15 04:00:00,0.0,118.00715655490671
2030-04-15 05:00:00,0.0,117.00418810286328
2030-04-15 06:00:00,0.0,114.33058311617822
2030-04-15 07:00:00,0.0,107.82399635516293
2030-04-15 08:00:00,0.0,103.10338378176374
2030-04-15 09:00:00,0.0,88.70062044923019
2030-04-15 10:00:00,0.0,74.59329829329238
2030-04-15 11:00:00,0.0,61.830401378144416
2030-04-15 12:00:00,0.0,57.59742004969709
2030-04-15 13:00:00,0.0,55.3867440764551
2030-04-15 14:00:00,0.0,55.21608381298769
2030-04-15 15:00:00,0.0,61.54652684982864
2030-04-15 16:00:00,0.0,75.78714840375264
2030-04-15 17:00:00,0.0,87.74715950890018
2030-04-15 18:00:00,0.0,103.58561276196097
2030-04-15 19:00:00,0.0,127.36340639986975
2030-04-15 20:00:00,0.0,144.5867980861567
2030-04-15 21:00:00,0.0,143.10091889794415
2030-04-15 22:00:00,0.0,144.30037532158718
2030-04-15 23:00:00,0.0,139.99230322786818
2030-04-16 00:00:00,0.0,137.12514292587628
2030-04-16 01:00:00,0.0,133.8914005873188
2030-04-16 02:00:00,0.0,127.36819544064622
2030-04-16 03:00:00,0.0,124.12761023740607
2030-04-16 04:00:00,0.0,121.86457713167454
2030-04-16 05:00:00,0.0,121.94180374737755
2030-04-16 06:00:00,0.0,117.39032118137891
2030-04-16 07:00:00,0.0,109.21309788572215
2030-04-16 08:00:00,0.0,98.74832251042471
2030-04-16 09:00:00,0.0,81.58867207073968
2030-04-16 10:00:00,0.0,64.86773593722764
2030-04-16 11:00:00,0.0,51.00539132313966
2030-04-16 12:00:00,0.0,45.628048088128224
2030-04-16 13:00:00,0.0,43.29651563844038
2030-04-16 14:00:00,0.0,46.34484990321474
2030-04-16 15:00:00,0.0,62.6392256937346
2030-04-16 16:00:00,0.0,72.646921695596
2030-04-16 17:00:00,0.0,87.40248950759997
2030-04-16 18:00:00,0.0,104.90218342879727
2030-04-16 19:00:00,0.0,129.01234732736572
2030-04-16 20:00:00,0.0,144.89374944477441
2030-04-16 21:00:00,0.0,145.57510325673758
2030-04-16 22:00:00,0.0,144.34338761387744
2030-04-16 23:00:00,0.0,143.75392369907968
2030-04-17 00:00:00,0.0,139.14672066352333
2030-04-17 01:00:00,0.0,135.64219639395617
2030-04-17 02:00:00,0.0,131.63032258578232
2030-04-17 03:00:00,0.0,124.24784914539975
2030-04-17 04:00:00,0.0,120.05219554289391
2030-04-17 05:00:00,0.0,110.89742014972913
2030-04-17 06:00:00,0.0,106.85328712233729
2030-04-17 07:00:00,0.0,99.22251544918797
2030-04-17 08:00:00,0.0,95.44792627569754
2030-04-17 09:00:00,0.0,82.30820215262759
2030-04-17 10:00:00,0.0,67.14675673896693
2030-04-17 11:00:00,0.0,55.74781244136079
2030-04-17 12:00:00,0.0,49.18026254617918
2030-04-17 13:00:00,0.0,45.92590379183595
2030-04-17 14:00:00,0.0,47.45650371293506
2030-04-17 15:00:00,0.0,60.20239125856074
2030-04-17 16:00:00,0.0,70.24861512609337
2030-04-17 17:00:00,0.0,81.83860581987506
2030-04-17 18:00:00,0.0,100.06350239327806
2030-04-17 19:00:00,0.0,128.8992832063944
2030-04-17 20:00:00,0.0,141.95913804805465
2030-04-17 21:00:00,0.0,139.47713327248107
2030-04-17 22:00:00,0.0,138.4076912778072
2030-04-17 23:00:00,0.0,137.650088402238
2030-04-18 00:00:00,0.0,138.00787246992599
2030-04-18 01:00:00,0.0,132.18557217716682
2030-04-18 02:00:00,0.0,124.94582134302061
2030-04-18 03:00:00,0.0,121.71989942124324
2030-04-18 04:00:00,0.0,118.00715655490669
2030-04-18 05:00:00,0.0,117.00418810286351
2030-04-18 06:00:00,0.0,114.33058311617833
2030-04-18 07:00:00,0.0,107.82399635516322
2030-04-18 08:00:00,0.0,103.41363761121366
2030-04-18 09:00:00,0.0,90.4638125472095
2030-04-18 10:00:00,0.0,72.59367884777555
2030-04-18 11:00:00,0.0,61.492032080267904
2030-04-18 12:00:00,0.0,58.801133540305386
2030-04-18 13:00:00,0.0,58.14827592348044
2030-04-18 14:00:00,0.0,58.4727233904656
2030-04-18 15:00:00,0.0,63.457421497524166
2030-04-18 16:00:00,0.0,77.55138983352822
2030-04-18 17:00:00,0.0,89.9492786956057
2030-04-18 18:00:00,0.0,105.06056034634466
2030-04-18 19:00:00,0.0,128.2071763213586
2030-04-18 20:00:00,0.0,143.40102739187944
2030-04-18 21:00:00,0.0,144.9699985083803
2030-04-18 22:00:00,0.0,147.19588463440658
2030-04-18 23:00:00,0.0,143.7265522403494
2030-04-19 00:00:00,0.0,140.70787136324384
2030-04-19 01:00:00,0.0,135.16515097037188
2030-04-19 02:00:00,0.0,126.37793516586999
2030-04-19 03:00:00,0.0,123.64372194913955
2030-04-19 04:00:00,0.0,119.43927037775654
2030-04-19 05:00:00,0.0,117.05306570773882
2030-04-19 06:00:00,0.0,114.6218936412356
2030-04-19 07:00:00,0.0,107.82399635516299
2030-04-19 08:00:00,0.0,103.10067847867128
2030-04-19 09:00:00,0.0,89.87774583503506
2030-04-19 10:00:00,0.0,70.63249765180589
2030-04-19 11:00:00,0.0,60.588478453546145
2030-04-19 12:00:00,0.0,58.72188951633993
2030-04-19 13:00:00,0.0,58.78283330009182
2030-04-19 14:00:00,0.0,56.95299094892697
2030-04-19 15:00:00,0.0,62.031766877603985
2030-04-19 16:00:00,0.0,76.18106546404209
2030-04-19 17:00:00,0.0,88.23405186627804
2030-04-19 18:00:00,0.0,104.280484338478
2030-04-19 19:00:00,0.0,128.25058721292805
2030-04-19 20:00:00,0.0,143.95529943116657
2030-04-19 21:00:00,0.0,143.4626131740223
2030-04-19 22:00:00,0.0,145.56435018366523
2030-04-19 23:00:00,0.0,141.90537268269156
2030-04-20 00:00:00,0.0,138.06066028319162
2030-04-20 01:00:00,0.0,132.36837441940077
2030-04-20 02:00:00,0.0,124.62616180713542
2030-04-20 03:00:00,0.0,121.45302769862366
2030-04-20 04:00:00,0.0,118.00715655490694
2030-04-20 05:00:00,0.0,117.00418810286328
2030-04-20 06:00:00,0.0,114.33058311617822
2030-04-20 07:00:00,0.0,107.82399635516296
2030-04-20 08:00:00,0.0,102.46708225814632
2030-04-20 09:00:00,0.0,87.56991220473412
2030-04-20 10:00:00,0.0,65.41514616444124
2030-04-20 11:00:00,0.0,55.71563920689891
2030-04-20 12:00:00,0.0,55.78499473477869
2030-04-20 13:00:00,0.0,56.22843501679293
2030-04-20 14:00:00,0.0,53.021399926697214
2030-04-20 15:00:00,0.0,58.71299207979192
2030-04-20 16:00:00,0.0,74.80418534350679
2030-04-20 17:00:00,0.0,85.80519014786341
2030-04-20 18:00:00,0.0,100.56299835878417
2030-04-20 19:00:00,0.0,124.72788805278746
2030-04-20 20:00:00,0.0,141.6169948139269
2030-04-20 21:00:00,0.0,141.4840477286657
2030-04-20 22:00:00,0.0,143.7285073445447
2030-04-20 23:00:00,0.0,140.03238286386593
2030-04-21 00:00:00,0.0,136.28444812201928
2030-04-21 01:00:00,0.0,130.97536268045155
2030-04-21 02:00:00,0.0,124.5391596704569
2030-04-21 03:00:00,0.0,121.4530276986236
2030-04-21 04:00:00,0.0,118.00715655490683
2030-04-21 05:00:00,0.0,117.00418810286335
2030-04-21 06:00:00,0.0,114.33058311617799
2030-04-21 07:00:00,0.0,107.82399635516299
2030-04-21 08:00:00,0.0,102.34670088881376
2030-04-21 09:00:00,0.0,86.88576564643779
2030-04-21 10:00:00,0.0,65.7788789806724
2030-04-21 11:00:00,0.0,55.154143919862776
2030-04-21 12:00:00,0.0,52.39376157379412
2030-04-21 13:00:00,0.0,52.294845166811996
2030-04-21 14:00:00,0.0,51.913326953116226
2030-04-21 15:00:00,0.0,58.061238458890074
2030-04-21 16:00:00,0.0,73.57102760092721
2030-04-21 17:00:00,0.0,85.57653295295779
2030-04-21 18:00:00,0.0,101.74168899912144
2030-04-21 19:00:00,0.0,127.06826291317917
2030-04-21 20:00:00,0.0,142.88194722810243
2030-04-21 21:00:00,0.0,144.31112839465945
2030-04-21 22:00:00,0.0,146.02673232578667
2030-04-21 23:00:00,0.0,143.54277244601792
2030-04-22 00:00:00,0.0,139.3451637393175
2030-04-22 01:00:00,0.0,133.55121245738587
2030-04-22 02:00:00,0.0,125.62130984239883
2030-04-22 03:00:00,0.0,122.22822651194733
2030-04-22 04:00:00,0.0,118.00715655490694
2030-04-22 05:00:00,0.0,117.00418810286314
2030-04-22 06:00:00,0.0,114.33058311617819
2030-04-22 07:00:00,0.0,107.8239963551631
2030-04-22 08:00:00,0.0,103.696207736872
2030-04-22 09:00:00,0.0,94.65202685750683
2030-04-22 10:00:00,0.0,74.33890739215826
2030-04-22 11:00:00,0.0,60.356884232057496
2030-04-22 12:00:00,0.0,56.34665762232815
2030-04-22 13:00:00,0.0,56.43929150982774
2030-04-22 14:00:00,0.0,53.50914595663518
2030-04-22 15:00:00,0.0,60.61426350520003
2030-04-22 16:00:00,0.0,75.19834578483653
2030-04-22 17:00:00,0.0,87.5968314529373
2030-04-22 18:00:00,0.0,103.70688679023952
2030-04-22 19:00:00,0.0,128.3930915734249
2030-04-22 20:00:00,0.0,145.1459578859317
2030-04-22 21:00:00,0.0,143.4841193201677
2030-04-22 22:00:00,0.0,145.72173607136392
2030-04-22 23:00:00,0.0,142.00997075712502
2030-04-23 00:00:00,0.0,138.51424445643545
2030-04-23 01:00:00,0.0,135.05762023964633
2030-04-23 02:00:00,0.0,127.36819544064588
2030-04-23 03:00:00,0.0,124.12761023740606
2030-04-23 04:00:00,0.0,121.86457713167465
2030-04-23 05:00:00,0.0,121.94180374737766
2030-04-23 06:00:00,0.0,117.39032118137925
2030-04-23 07:00:00,0.0,109.21309788572222
2030-04-23 08:00:00,0.0,98.06042897137945
2030-04-23 09:00:00,0.0,83.20420425224489
2030-04-23 10:00:00,0.0,65.59831712961035
2030-04-23 11:00:00,0.0,53.49913073503828
2030-04-23 12:00:00,0.0,48.315673280479416
2030-04-23 13:00:00,0.0,45.89095384533546
2030-04-23 14:00:00,0.0,49.256239064216985
2030-04-23 15:00:00,0.0,64.99721652958613
2030-04-23 16:00:00,0.0,74.07570535576951
2030-04-23 17:00:00,0.0,90.17497991782864
2030-04-23 18:00:00,0.0,103.12794203536112
2030-04-23 19:00:00,0.0,125.35236348955549
2030-04-23 20:00:00,0.0,141.37944965423205
2030-04-23 21:00:00,0.0,145.3160519508981
2030-04-23 22:00:00,0.0,144.99248220662264
2030-04-23 23:00:00,0.0,143.36485796427172
2030-04-24 00:00:00,0.0,138.39987086102713
2030-04-24 01:00:00,0.0,135.3596838377764
2030-04-24 02:00:00,0.0,131.84538404723423
2030-04-24 03:00:00,0.0,124.50592289914198
2030-04-24 04:00:00,0.0,120.21642429527557
2030-04-24 05:00:00,0.0,110.89742014972884
2030-04-24 06:00:00,0.0,107.12504660544445
2030-04-24 07:00:00,0.0,99.22251544918777
2030-04-24 08:00:00,0.0,95.41072172651377
2030-04-24 09:00:00,0.0,82.04319881568642
2030-04-24 10:00:00,0.0,66.51590225266796
2030-04-24 11:00:00,0.0,54.7851309382295
2030-04-24 12:00:00,0.0,49.17763047739814
2030-04-24 13:00:00,0.0,46.2406008744381
2030-04-24 14:00:00,0.0,47.57963592653651
2030-04-24 15:00:00,0.0,59.655231337930076
2030-04-24 16:00:00,0.0,69.3550760336783
2030-04-24 17:00:00,0.0,82.25194202672091
2030-04-24 18:00:00,0.0,100.16063019077433
2030-04-24 19:00:00,0.0,126.87014118990692
2030-04-24 20:00:00,0.0,139.9893705715755
2030-04-24 21:00:00,0.0,140.01967468659802
2030-04-24 22:00:00,0.0,140.01674203030558
2030-04-24 23:00:00,0.0,139.12032675689048
2030-04-25 00:00:00,0.0,138.78307128325042
2030-04-25 01:00:00,0.0,132.82098104054722
2030-04-25 02:00:00,0.0,124.57239644177224
2030-04-25 03:00:00,0.0,121.45302769862323
2030-04-25 04:00:00,0.0,118.00715655490706
2030-04-25 05:00:00,0.0,117.00418810286351
2030-04-25 06:00:00,0.0,114.3305831161781
2030-04-25 07:00:00,0.0,107.82399635516299
2030-04-25 08:00:00,0.0,101.84797807300579
2030-04-25 09:00:00,0.0,89.79688154231076
2030-04-25 10:00:00,0.0,73.06862524604958
2030-04-25 11:00:00,0.0,62.720465653008176
2030-04-25 12:00:00,0.0,59.83557384906588
2030-04-25 13:00:00,0.0,60.24731018141074
2030-04-25 14:00:00,0.0,59.87951741077234
2030-04-25 15:00:00,0.0,64.94001788831042
2030-04-25 16:00:00,0.0,79.0895616824439
2030-04-25 17:00:00,0.0,90.67309827347407
2030-04-25 18:00:00,0.0,107.10344711628805
2030-04-25 19:00:00,0.0,129.33512898054366
2030-04-25 20:00:00,0.0,142.0089932050273
2030-04-25 21:00:00,0.0,143.58578473830852
2030-04-25 22:00:00,0.0,146.2975142567962
2030-04-25 23:00:00,0.0,142.89270030117518
2030-04-26 00:00:00,0.0,138.94143472304654
2030-04-26 01:00:00,0.0,132.63915635041047
2030-04-26 02:00:00,0.0,124.539159670457
2030-04-26 03:00:00,0.0,121.45302769862357
2030-04-26 04:00:00,0.0,118.00715655490683
2030-04-26 05:00:00,0.0,117.00418810286351
2030-04-26 06:00:00,0.0,114.3305831161781
2030-04-26 07:00:00,0.0,107.8239963551631
2030-04-26 08:00:00,0.0,102.51867427357502
2030-04-26 09:00:00,0.0,91.71365936612273
2030-04-26 10:00:00,0.0,71.16370631659821
2030-04-26 11:00:00,0.0,58.147087086038596
2030-04-26 12:00:00,0.0,54.46990078375765
2030-04-26 13:00:00,0.0,55.69115190888205
2030-04-26 14:00:00,0.0,54.307448599651366
2030-04-26 15:00:00,0.0,64.21307365080577
2030-04-26 16:00:00,0.0,79.73954384557487
2030-04-26 17:00:00,0.0,90.47727525106674
2030-04-26 18:00:00,0.0,105.66070629472995
2030-04-26 19:00:00,0.0,126.69760852960546
2030-04-26 20:00:00,0.0,140.93955121035333
2030-04-26 21:00:00,0.0,142.1986383119442
2030-04-26 22:00:00,0.0,144.92112090350474
2030-04-26 23:00:00,0.0,140.59252021573792
2030-04-27 00:00:00,0.0,136.4926667187883
2030-04-27 01:00:00,0.0,130.97536268045178
2030-04-27 02:00:00,0.0,124.53915967045714
2030-04-27 03:00:00,0.0,121.45302769862342
2030-04-27 04:00:00,0.0,118.00715655490659
2030-04-27 05:00:00,0.0,117.0041881028635
2030-04-27 06:00:00,0.0,114.33058311617808
2030-04-27 07:00:00,0.0,107.82399635516299
2030-04-27 08:00:00,0.0,102.48427959662286
2030-04-27 09:00:00,0.0,89.79744410815405
2030-04-27 10:00:00,0.0,71.80718918848194
2030-04-27 11:00:00,0.0,59.977874570612954
2030-04-27 12:00:00,0.0,56.5358935691836
2030-04-27 13:00:00,0.0,57.16202059275801
2030-04-27 14:00:00,0.0,56.39194053739696
2030-04-27 15:00:00,0.0,62.728647849109166
2030-04-27 16:00:00,0.0,77.80752524596642
2030-04-27 17:00:00,0.0,87.66993726735973
2030-04-27 18:00:00,0.0,103.81933479608028
2030-04-27 19:00:00,0.0,127.10127086893736
2030-04-27 20:00:00,0.0,139.64820488954518
2030-04-27 21:00:00,0.0,142.82231655015457
2030-04-27 22:00:00,0.0,145.42065002533144
2030-04-27 23:00:00,0.0,141.98553195468716
2030-04-28 00:00:00,0.0,137.95606220875823
2030-04-28 01:00:00,0.0,132.10150269678104
2030-04-28 02:00:00,0.0,124.53915967045702
2030-04-28 03:00:00,0.0,121.4530276986236
2030-04-28 04:00:00,0.0,118.00715655490669
2030-04-28 05:00:00,0.0,117.00418810286317
2030-04-28 06:00:00,0.0,114.33058311617833
2030-04-28 07:00:00,0.0,107.82399635516322
2030-04-28 08:00:00,0.0,104.29000013661715
2030-04-28 09:00:00,0.0,96.12125232827745
2030-04-28 10:00:00,0.0,80.2006482756367
2030-04-28 11:00:00,0.0,77.77656280882843
2030-04-28 12:00:00,0.0,70.76908166741953
2030-04-28 13:00:00,0.0,63.45303910544453
2030-04-28 14:00:00,0.0,62.34785761468834
2030-04-28 15:00:00,0.0,69.84700954829032
2030-04-28 16:00:00,0.0,79.36754683640696
2030-04-28 17:00:00,0.0,92.62496814986308
2030-04-28 18:00:00,0.0,105.26644601755851
2030-04-28 19:00:00,0.0,125.62433211094189
2030-04-28 20:00:00,0.0,139.38328827112048
2030-04-28 21:00:00,0.0,142.51243253524444
2030-04-28 22:00:00,0.0,146.19780394285056
2030-04-28 23:00:00,0.0,142.73238175718353
2030-04-29 00:00:00,0.0,138.4898056539979
2030-04-29 01:00:00,0.0,131.95389233005756
2030-04-29 02:00:00,0.0,124.53915967045714
2030-04-29 03:00:00,0.0,121.45302769862349
2030-04-29 04:00:00,0.0,118.00715655490694
2030-04-29 05:00:00,0.0,117.0041881028634
2030-04-29 06:00:00,0.0,114.33058311617833
2030-04-29 07:00:00,0.0,107.82399635516296
2030-04-29 08:00:00,0.0,103.15497579719215
2030-04-29 09:00:00,0.0,90.08347629059199
2030-04-29 10:00:00,0.0,66.2583440612361
2030-04-29 11:00:00,0.0,56.502273156769206
2030-04-29 12:00:00,0.0,55.08117507777733
2030-04-29 13:00:00,0.0,56.50142563984866
2030-04-29 14:00:00,0.0,54.27108096013566
2030-04-29 15:00:00,0.0,59.876837626642214
2030-04-29 16:00:00,0.0,75.16955955651454
2030-04-29 17:00:00,0.0,85.72069036907169
2030-04-29 18:00:00,0.0,102.35460687570854
2030-04-29 19:00:00,0.0,126.00547285983042
2030-04-29 20:00:00,0.0,143.03835556370387
2030-04-29 21:00:00,0.0,142.35211399125296
2030-04-29 22:00:00,0.0,144.35707334324232
2030-04-29 23:00:00,0.0,140.8447286568953
2030-04-30 00:00:00,0.0,137.32847376215778
2030-04-30 01:00:00,0.0,133.89140058731874
2030-04-30 02:00:00,0.0,127.36819544064615
2030-04-30 03:00:00,0.0,124.12761023740615
2030-04-30 04:00:00,0.0,121.86457713167441
2030-04-30 05:00:00,0.0,121.94180374737742
2030-04-30 06:00:00,0.0,117.39032118137919
2030-04-30 07:00:00,0.0,109.2130978857225
2030-04-30 08:00:00,0.0,97.87125824814198
2030-04-30 09:00:00,0.0,80.19194468328772
2030-04-30 10:00:00,0.0,60.894266479484784
2030-04-30 11:00:00,0.0,47.05846333612814
2030-04-30 12:00:00,0.0,41.84504717051034
2030-04-30 13:00:00,0.0,40.37537718982277
2030-04-30 14:00:00,0.0,43.33801369217781
2030-04-30 15:00:00,0.0,59.46253479665188
2030-04-30 16:00:00,0.0,70.0910842269659
2030-04-30 17:00:00,0.0,84.59177035814514
2030-04-30 18:00:00,0.0,101.48706527643793
2030-04-30 19:00:00,0.0,126.23802568989822
2030-04-30 20:00:00,0.0,141.6668499708996
2030-04-30 21:00:00,0.0,142.44791409680897
2030-04-30 22:00:00,0.0,142.31105680315784
2030-04-30 23:00:00,0.0,140.05975432259618
2030-05-01 00:00:00,0.0,133.55121245738616
2030-05-01 01:00:00,0.0,128.12384321201995
2030-05-01 02:00:00,0.0,126.72789881677807
2030-05-01 03:00:00,0.0,116.56722231527726
2030-05-01 04:00:00,0.0,113.78999680625628
2030-05-01 05:00:00,0.0,112.17019298068504
2030-05-01 06:00:00,0.0,110.24148269230096
2030-05-01 07:00:00,0.0,108.23554578821415
2030-05-01 08:00:00,0.0,100.81344303116327
2030-05-01 09:00:00,0.0,79.03219370694032
2030-05-01 10:00:00,0.0,60.830379460586535
2030-05-01 11:00:00,0.0,47.61485261435598
2030-05-01 12:00:00,0.0,40.17899161318998
2030-05-01 13:00:00,0.0,36.70867108818196
2030-05-01 14:00:00,0.0,34.960265057017196
2030-05-01 15:00:00,0.0,43.460099140852506
2030-05-01 16:00:00,0.0,59.83890950461711
2030-05-01 17:00:00,0.0,65.93237069169356
2030-05-01 18:00:00,0.0,86.45789659374825
2030-05-01 19:00:00,0.0,113.27564698473844
2030-05-01 20:00:00,0.0,127.21178710504496
2030-05-01 21:00:00,0.0,127.54513237029504
2030-05-01 22:00:00,0.0,131.5159489903739
2030-05-01 23:00:00,0.0,131.34292226911452
2030-05-02 00:00:00,0.0,122.29372250248053
2030-05-02 01:00:00,0.0,119.51845209765446
2030-05-02 02:00:00,0.0,116.91229820569743
2030-05-02 03:00:00,0.0,114.17612988477168
2030-05-02 04:00:00,0.0,111.15451635137401
2030-05-02 05:00:00,0.0,109.1231630927515
2030-05-02 06:00:00,0.0,107.56690015351842
2030-05-02 07:00:00,0.0,102.0896757511793
2030-05-02 08:00:00,0.0,90.89164994853286
2030-05-02 09:00:00,0.0,72.70276394409677
2030-05-02 10:00:00,0.0,53.585431532697385
2030-05-02 11:00:00,0.0,41.970801279644306
2030-05-02 12:00:00,0.0,40.765945522414995
2030-05-02 13:00:00,0.0,39.13644304154673
2030-05-02 14:00:00,0.0,36.35940845330114
2030-05-02 15:00:00,0.0,41.35071624177601
2030-05-02 16:00:00,0.0,58.45983526397299
2030-05-02 17:00:00,0.0,73.73881135911171
2030-05-02 18:00:00,0.0,92.2727430081631
2030-05-02 19:00:00,0.0,116.92090086414667
2030-05-02 20:00:00,0.0,129.24118525947188
2030-05-02 21:00:00,0.0,127.79049794676972
2030-05-02 22:00:00,0.0,129.0691360903105
2030-05-02 23:00:00,0.0,130.7407501770495
2030-05-03 00:00:00,0.0,124.84611102907468
2030-05-03 01:00:00,0.0,122.19303463643722
2030-05-03 02:00:00,0.0,118.50473057253868
2030-05-03 03:00:00,0.0,114.45766488885431
2030-05-03 04:00:00,0.0,111.15451635137367
2030-05-03 05:00:00,0.0,109.12316309275154
2030-05-03 06:00:00,0.0,107.92859442959644
2030-05-03 07:00:00,0.0,102.08967575117958
2030-05-03 08:00:00,0.0,93.8389997696168
2030-05-03 09:00:00,0.0,81.0933490218431
2030-05-03 10:00:00,0.0,66.84814938562225
2030-05-03 11:00:00,0.0,54.875764943806985
2030-05-03 12:00:00,0.0,49.0018664154386
2030-05-03 13:00:00,0.0,42.981630200641774
2030-05-03 14:00:00,0.0,39.70913481738691
2030-05-03 15:00:00,0.0,44.192593906118645
2030-05-03 16:00:00,0.0,61.44954081218248
2030-05-03 17:00:00,0.0,76.23744144072259
2030-05-03 18:00:00,0.0,94.38729458441429
2030-05-03 19:00:00,0.0,116.69787652457539
2030-05-03 20:00:00,0.0,131.96073519474004
2030-05-03 21:00:00,0.0,130.45628251667466
2030-05-03 22:00:00,0.0,130.11511683464437
2030-05-03 23:00:00,0.0,131.13079346395523
2030-05-04 00:00:00,0.0,125.57731999801075
2030-05-04 01:00:00,0.0,122.46968188003217
2030-05-04 02:00:00,0.0,118.31019770513433
2030-05-04 03:00:00,0.0,115.18105344101059
2030-05-04 04:00:00,0.0,111.19264088317652
2030-05-04 05:00:00,0.0,109.1231630927515
2030-05-04 06:00:00,0.0,107.69691458248703
2030-05-04 07:00:00,0.0,102.08967575117958
2030-05-04 08:00:00,0.0,92.28922663309076
2030-05-04 09:00:00,0.0,78.56762510143199
2030-05-04 10:00:00,0.0,63.32772740046866
2030-05-04 11:00:00,0.0,51.77246403457583
2030-05-04 12:00:00,0.0,47.409205950019455
2030-05-04 13:00:00,0.0,47.14204128241032
2030-05-04 14:00:00,0.0,44.54443432027867
2030-05-04 15:00:00,0.0,50.05329382246555
2030-05-04 16:00:00,0.0,66.86733529986077
2030-05-04 17:00:00,0.0,79.91213702072241
2030-05-04 18:00:00,0.0,97.8124775507174
2030-05-04 19:00:00,0.0,120.96361984796191
2030-05-04 20:00:00,0.0,134.23256626934938
2030-05-04 21:00:00,0.0,132.56583994309767
2030-05-04 22:00:00,0.0,132.99009755341604
2030-05-04 23:00:00,0.0,132.70074213255356
2030-05-05 00:00:00,0.0,128.64976624047964
2030-05-05 01:00:00,0.0,126.04850010900984
2030-05-05 02:00:00,0.0,121.45987056330604
2030-05-05 03:00:00,0.0,118.69242057526
2030-05-05 04:00:00,0.0,114.17124212428428
2030-05-05 05:00:00,0.0,111.36566760443554
2030-05-05 06:00:00,0.0,111.86519672626207
2030-05-05 07:00:00,0.0,106.00281679750496
2030-05-05 08:00:00,0.0,96.47108082963118
2030-05-05 09:00:00,0.0,82.98765879546374
2030-05-05 10:00:00,0.0,66.16107016070677
2030-05-05 11:00:00,0.0,55.293978333577314
2030-05-05 12:00:00,0.0,49.951897658298634
2030-05-05 13:00:00,0.0,46.02022099883027
2030-05-05 14:00:00,0.0,44.924269965020855
2030-05-05 15:00:00,0.0,49.961999635846155
2030-05-05 16:00:00,0.0,66.89344719820201
2030-05-05 17:00:00,0.0,80.78317820467416
2030-05-05 18:00:00,0.0,98.50129435235863
2030-05-05 19:00:00,0.0,122.0940686719605
2030-05-05 20:00:00,0.0,135.57376774713046
2030-05-05 21:00:00,0.0,133.72228407445
2030-05-05 22:00:00,0.0,133.14846099321238
2030-05-05 23:00:00,0.0,134.13578861169606
2030-05-06 00:00:00,0.0,129.16395864376858
2030-05-06 01:00:00,0.0,126.59788438780976
2030-05-06 02:00:00,0.0,122.12265088541673
2030-05-06 03:00:00,0.0,118.69144302316258
2030-05-06 04:00:00,0.0,114.50752004582725
2030-05-06 05:00:00,0.0,111.41356765721332
2030-05-06 06:00:00,0.0,111.24933890483203
2030-05-06 07:00:00,0.0,105.0106014185344
2030-05-06 08:00:00,0.0,95.83349861631629
2030-05-06 09:00:00,0.0,81.45880447985496
2030-05-06 10:00:00,0.0,64.55849354995553
2030-05-06 11:00:00,0.0,51.22516967233412
2030-05-06 12:00:00,0.0,46.12494333000815
2030-05-06 13:00:00,0.0,43.29515807661063
2030-05-06 14:00:00,0.0,42.29711345705323
2030-05-06 15:00:00,0.0,49.056486897646664
2030-05-06 16:00:00,0.0,65.1705351248834
2030-05-06 17:00:00,0.0,78.47381466582382
2030-05-06 18:00:00,0.0,96.10086361966347
2030-05-06 19:00:00,0.0,121.02133331391484
2030-05-06 20:00:00,0.0,133.61084313533377
2030-05-06 21:00:00,0.0,131.11221997410257
2030-05-06 22:00:00,0.0,130.90986668991854
2030-05-06 23:00:00,0.0,131.24027929887615
2030-05-07 00:00:00,0.0,112.40010143162762
2030-05-07 01:00:00,0.0,124.27522060413003
2030-05-07 02:00:00,0.0,118.69046547106487
2030-05-07 03:00:00,0.0,117.23880060626544
2030-05-07 04:00:00,0.0,111.88768042450488
2030-05-07 05:00:00,0.0,110.0225110224593
2030-05-07 06:00:00,0.0,108.78884027540352
2030-05-07 07:00:00,0.0,93.45398052179156
2030-05-07 08:00:00,0.0,84.2108118836826
2030-05-07 09:00:00,0.0,65.52054476517031
2030-05-07 10:00:00,0.0,55.84095865637299
2030-05-07 11:00:00,0.0,39.172165812172224
2030-05-07 12:00:00,0.0,32.246439082670946
2030-05-07 13:00:00,0.0,28.805585030547576
2030-05-07 14:00:00,0.0,29.703972535347276
2030-05-07 15:00:00,0.0,43.25773165161088
2030-05-07 16:00:00,0.0,57.43338953116789
2030-05-07 17:00:00,0.0,72.04383803850124
2030-05-07 18:00:00,0.0,87.14592202689687
2030-05-07 19:00:00,0.0,113.51065808741946
2030-05-07 20:00:00,0.0,132.00472503912778
2030-05-07 21:00:00,0.0,128.08180847182734
2030-05-07 22:00:00,0.0,129.30277104161496
2030-05-07 23:00:00,0.0,127.25088918894521
2030-05-08 00:00:00,0.0,135.33720013953348
2030-05-08 01:00:00,0.0,129.2167464570341
2030-05-08 02:00:00,0.0,126.72789881677829
2030-05-08 03:00:00,0.0,116.56722231527704
2030-05-08 04:00:00,0.0,113.789996806256
2030-05-08 05:00:00,0.0,112.17019298068482
2030-05-08 06:00:00,0.0,110.24148269230113
2030-05-08 07:00:00,0.0,108.23554578821393
2030-05-08 08:00:00,0.0,100.74465367725834
2030-05-08 09:00:00,0.0,80.13152518822722
2030-05-08 10:00:00,0.0,65.3301792918115
2030-05-08 11:00:00,0.0,52.89946391653814
2030-05-08 12:00:00,0.0,44.98875816797715
2030-05-08 13:00:00,0.0,41.87856666967808
2030-05-08 14:00:00,0.0,42.884432438484524
2030-05-08 15:00:00,0.0,49.889976668675786
2030-05-08 16:00:00,0.0,66.72516067204069
2030-05-08 17:00:00,0.0,69.53388066558819
2030-05-08 18:00:00,0.0,89.44501962808965
2030-05-08 19:00:00,0.0,113.90656668691014
2030-05-08 20:00:00,0.0,129.67228573447312
2030-05-08 21:00:00,0.0,129.66837552608283
2030-05-08 22:00:00,0.0,132.47492759802944
2030-05-08 23:00:00,0.0,132.80338510279216
2030-05-09 00:00:00,0.0,123.12952954585027
2030-05-09 01:00:00,0.0,119.89089944680524
2030-05-09 02:00:00,0.0,116.91229820569754
2030-05-09 03:00:00,0.0,114.1761298847718
2030-05-09 04:00:00,0.0,111.15451635137389
2030-05-09 05:00:00,0.0,109.12316309275155
2030-05-09 06:00:00,0.0,107.56690015351853
2030-05-09 07:00:00,0.0,102.08967575117941
2030-05-09 08:00:00,0.0,90.34133511729658
2030-05-09 09:00:00,0.0,72.37739030012824
2030-05-09 10:00:00,0.0,53.67731632839411
2030-05-09 11:00:00,0.0,40.426427456051755
2030-05-09 12:00:00,0.0,36.48585845634081
2030-05-09 13:00:00,0.0,32.73358501240942
2030-05-09 14:00:00,0.0,32.28728894236221
2030-05-09 15:00:00,0.0,37.461570946455566
2030-05-09 16:00:00,0.0,54.51483031773216
2030-05-09 17:00:00,0.0,69.0368174653514
2030-05-09 18:00:00,0.0,86.63045986157164
2030-05-09 19:00:00,0.0,112.29071096192898
2030-05-09 20:00:00,0.0,129.34676088600293
2030-05-09 21:00:00,0.0,126.90679085062219
2030-05-09 22:00:00,0.0,127.38970158679105
2030-05-09 23:00:00,0.0,128.2245310780633
2030-05-10 00:00:00,0.0,123.3494787677896
2030-05-10 01:00:00,0.0,120.24086309771303
2030-05-10 02:00:00,0.0,116.91229820569758
2030-05-10 03:00:00,0.0,114.17612988477174
2030-05-10 04:00:00,0.0,111.1545163513739
2030-05-10 05:00:00,0.0,109.12316309275133
2030-05-10 06:00:00,0.0,107.56690015351859
2030-05-10 07:00:00,0.0,102.08967575117947
2030-05-10 08:00:00,0.0,91.11521534872274
2030-05-10 09:00:00,0.0,73.91466038651004
2030-05-10 10:00:00,0.0,52.99710621313841
2030-05-10 11:00:00,0.0,39.74206666058956
2030-05-10 12:00:00,0.0,38.872182266144364
2030-05-10 13:00:00,0.0,37.43086712764102
2030-05-10 14:00:00,0.0,34.88638901244748
2030-05-10 15:00:00,0.0,39.59306081014691
2030-05-10 16:00:00,0.0,56.69177872189721
2030-05-10 17:00:00,0.0,70.40408311321625
2030-05-10 18:00:00,0.0,88.83634752392538
2030-05-10 19:00:00,0.0,114.21902265103375
2030-05-10 20:00:00,0.0,129.33209760454037
2030-05-10 21:00:00,0.0,126.37304740538279
2030-05-10 22:00:00,0.0,126.33687797777486
2030-05-10 23:00:00,0.0,126.37304740538252
2030-05-11 00:00:00,0.0,121.96037723723032
2030-05-11 01:00:00,0.0,119.50281126409465
2030-05-11 02:00:00,0.0,116.91229820569771
2030-05-11 03:00:00,0.0,114.17612988477185
2030-05-11 04:00:00,0.0,111.15451635137367
2030-05-11 05:00:00,0.0,109.12316309275165
2030-05-11 06:00:00,0.0,107.56690015351825
2030-05-11 07:00:00,0.0,102.08967575117958
2030-05-11 08:00:00,0.0,90.20375640948767
2030-05-11 09:00:00,0.0,72.01676211228352
2030-05-11 10:00:00,0.0,54.22942959097473
2030-05-11 11:00:00,0.0,40.254430752318285
2030-05-11 12:00:00,0.0,35.12004255329872
2030-05-11 13:00:00,0.0,33.23267472707903
2030-05-11 14:00:00,0.0,34.013808811194835
2030-05-11 15:00:00,0.0,39.51659386380926
2030-05-11 16:00:00,0.0,56.9546119837172
2030-05-11 17:00:00,0.0,71.28060776949292
2030-05-11 18:00:00,0.0,89.5747943125478
2030-05-11 19:00:00,0.0,114.68126233181567
2030-05-11 20:00:00,0.0,128.88340119178372
2030-05-11 21:00:00,0.0,125.89893463809108
2030-05-11 22:00:00,0.0,125.05432962584405
2030-05-11 23:00:00,0.0,125.48934030923499
2030-05-12 00:00:00,0.0,121.96037723723009
2030-05-12 01:00:00,0.0,119.50281126409436
2030-05-12 02:00:00,0.0,116.91229820569741
2030-05-12 03:00:00,0.0,114.17612988477174
2030-05-12 04:00:00,0.0,111.15451635137379
2030-05-12 05:00:00,0.0,109.12316309275133
2030-05-12 06:00:00,0.0,107.56690015351842
2030-05-12 07:00:00,0.0,102.08967575117936
2030-05-12 08:00:00,0.0,90.39292713272494
2030-05-12 09:00:00,0.0,72.67266860176358
2030-05-12 10:00:00,0.0,49.631815892788126
2030-05-12 11:00:00,0.0,37.1471238280824
2030-05-12 12:00:00,0.0,35.21554717281187
2030-05-12 13:00:00,0.0,32.05401250847342
2030-05-12 14:00:00,0.0,31.570267412724874
2030-05-12 15:00:00,0.0,38.68799330917008
2030-05-12 16:00:00,0.0,54.9806938283225
2030-05-12 17:00:00,0.0,70.27750851624148
2030-05-12 18:00:00,0.0,87.04400411251027
2030-05-12 19:00:00,0.0,111.80414615530958
2030-05-12 20:00:00,0.0,127.6409324758511
2030-05-12 21:00:00,0.0,125.20487264886007
2030-05-12 22:00:00,0.0,124.85002123746465
2030-05-12 23:00:00,0.0,125.23517676388305
2030-05-13 00:00:00,0.0,121.96037723723032
2030-05-13 01:00:00,0.0,119.50281126409457
2030-05-13 02:00:00,0.0,116.9122982056977
2030-05-13 03:00:00,0.0,114.17612988477197
2030-05-13 04:00:00,0.0,111.15451635137384
2030-05-13 05:00:00,0.0,109.12316309275155
2030-05-13 06:00:00,0.0,107.56690015351825
2030-05-13 07:00:00,0.0,102.08967575117958
2030-05-13 08:00:00,0.0,91.2012020411035
2030-05-13 09:00:00,0.0,74.4844082102245
2030-05-13 10:00:00,0.0,52.947983041431826
2030-05-13 11:00:00,0.0,37.790847896506534
2030-05-13 12:00:00,0.0,33.07521270100811
2030-05-13 13:00:00,0.0,32.60499227728464
2030-05-13 14:00:00,0.0,32.47635400227411
2030-05-13 15:00:00,0.0,38.012076330296736
2030-05-13 16:00:00,0.0,55.64893430378536
2030-05-13 17:00:00,0.0,70.97000416191707
2030-05-13 18:00:00,0.0,88.21150227003568
2030-05-13 19:00:00,0.0,112.27927436689839
2030-05-13 20:00:00,0.0,126.87648673559924
2030-05-13 21:00:00,0.0,125.97127349330657
2030-05-13 22:00:00,0.0,126.2704044351442
2030-05-13 23:00:00,0.0,126.47080261513325
2030-05-14 00:00:00,0.0,92.04284217129118
2030-05-14 01:00:00,0.0,121.0326802966951
2030-05-14 02:00:00,0.0,117.69727253999656
2030-05-14 03:00:00,0.0,117.01787383222823
2030-05-14 04:00:00,0.0,111.88768042450482
2030-05-14 05:00:00,0.0,110.02251102245918
2030-05-14 06:00:00,0.0,108.78884027540391
2030-05-14 07:00:00,0.0,93.4539805217916
2030-05-14 08:00:00,0.0,83.87229393526587
2030-05-14 09:00:00,0.0,64.24230449360233
2030-05-14 10:00:00,0.0,54.83140639455587
2030-05-14 11:00:00,0.0,39.58128175393877
2030-05-14 12:00:00,0.0,32.89010340228015
2030-05-14 13:00:00,0.0,31.946252250374272
2030-05-14 14:00:00,0.0,34.49400588606126
2030-05-14 15:00:00,0.0,45.5831022046127
2030-05-14 16:00:00,0.0,54.5849462745541
2030-05-14 17:00:00,0.0,71.88669954816132
2030-05-14 18:00:00,0.0,86.84056870967083
2030-05-14 19:00:00,0.0,112.29364361822167
2030-05-14 20:00:00,0.0,128.05443701309707
2030-05-14 21:00:00,0.0,128.2646107140614
2030-05-14 22:00:00,0.0,132.04382712302817
2030-05-14 23:00:00,0.0,129.24118525947182
2030-05-15 00:00:00,0.0,136.2883583304092
2030-05-15 01:00:00,0.0,130.1102290741569
2030-05-15 02:00:00,0.0,126.72789881677801
2030-05-15 03:00:00,0.0,116.5672223152772
2030-05-15 04:00:00,0.0,113.78999680625589
2030-05-15 05:00:00,0.0,112.17019298068499
2030-05-15 06:00:00,0.0,110.2414826923009
2030-05-15 07:00:00,0.0,108.2355457882141
2030-05-15 08:00:00,0.0,103.39304380258369
2030-05-15 09:00:00,0.0,91.9822224253843
2030-05-15 10:00:00,0.0,77.71624171694145
2030-05-15 11:00:00,0.0,62.71596233063099
2030-05-15 12:00:00,0.0,48.50734966481572
2030-05-15 13:00:00,0.0,40.42144019949525
2030-05-15 14:00:00,0.0,41.08790519828767
2030-05-15 15:00:00,0.0,46.92237443951488
2030-05-15 16:00:00,0.0,64.56343701841394
2030-05-15 17:00:00,0.0,71.6306756355686
2030-05-15 18:00:00,0.0,90.67811033330355
2030-05-15 19:00:00,0.0,114.17900969197511
2030-05-15 20:00:00,0.0,129.70943271417843
2030-05-15 21:00:00,0.0,131.02228518113225
2030-05-15 22:00:00,0.0,135.14462237632443
2030-05-15 23:00:00,0.0,134.84646898658428
2030-05-16 00:00:00,0.0,126.61352522136964
2030-05-16 01:00:00,0.0,123.9457855472696
2030-05-16 02:00:00,0.0,120.3972714333144
2030-05-16 03:00:00,0.0,117.3864109729891
2030-05-16 04:00:00,0.0,113.9092581621519
2030-05-16 05:00:00,0.0,111.29137364502492
2030-05-16 06:00:00,0.0,110.20042550420561
2030-05-16 07:00:00,0.0,104.1132085930218
2030-05-16 08:00:00,0.0,94.61695853079772
2030-05-16 09:00:00,0.0,81.00434622817619
2030-05-16 10:00:00,0.0,64.85904364200212
2030-05-16 11:00:00,0.0,60.518621955947026
2030-05-16 12:00:00,0.0,54.83936341937418
2030-05-16 13:00:00,0.0,58.19271070146226
2030-05-16 14:00:00,0.0,48.170962443417224
2030-05-16 15:00:00,0.0,57.27070054533726
2030-05-16 16:00:00,0.0,71.12858548573598
2030-05-16 17:00:00,0.0,86.20644380821966
2030-05-16 18:00:00,0.0,96.54666638187604
2030-05-16 19:00:00,0.0,115.00781319440125
2030-05-16 20:00:00,0.0,128.8902440564666
2030-05-16 21:00:00,0.0,129.3829303136107
2030-05-16 22:00:00,0.0,129.89516761270477
2030-05-16 23:00:00,0.0,131.3702937278449
2030-05-17 00:00:00,0.0,126.2254370386591
2030-05-17 01:00:00,0.0,123.2859378814516
2030-05-17 02:00:00,0.0,119.76284012203155
2030-05-17 03:00:00,0.0,117.00712075915595
2030-05-17 04:00:00,0.0,113.51237201056392
2030-05-17 05:00:00,0.0,110.58362592642891
2030-05-17 06:00:00,0.0,109.94528440675617
2030-05-17 07:00:00,0.0,104.30871901252334
2030-05-17 08:00:00,0.0,94.85624054894743
2030-05-17 09:00:00,0.0,79.66977738261221
2030-05-17 10:00:00,0.0,63.755541436350256
2030-05-17 11:00:00,0.0,52.284068463393055
2030-05-17 12:00:00,0.0,45.14548240195073
2030-05-17 13:00:00,0.0,43.875511415752726
2030-05-17 14:00:00,0.0,43.139845349032825
2030-05-17 15:00:00,0.0,48.421808925346454
2030-05-17 16:00:00,0.0,64.43931413668054
2030-05-17 17:00:00,0.0,78.47908208336338
2030-05-17 18:00:00,0.0,92.01264820704654
2030-05-17 19:00:00,0.0,115.87736928496541
2030-05-17 20:00:00,0.0,132.30581108516049
2030-05-17 21:00:00,0.0,130.51689074672015
2030-05-17 22:00:00,0.0,131.19726700658578
2030-05-17 23:00:00,0.0,131.4533856561332
2030-05-18 00:00:00,0.0,126.79828256779854
2030-05-18 01:00:00,0.0,124.06113669477553
2030-05-18 02:00:00,0.0,120.16461403410771
2030-05-18 03:00:00,0.0,117.06870654129897
2030-05-18 04:00:00,0.0,113.46447195778575
2030-05-18 05:00:00,0.0,109.46139611848922
2030-05-18 06:00:00,0.0,108.97262006973511
2030-05-18 07:00:00,0.0,103.24905253882412
2030-05-18 08:00:00,0.0,92.48452791431356
2030-05-18 09:00:00,0.0,77.32111063743946
2030-05-18 10:00:00,0.0,62.558108612752235
2030-05-18 11:00:00,0.0,49.27614903306039
2030-05-18 12:00:00,0.0,45.62380742233711
2030-05-18 13:00:00,0.0,43.593014886121935
2030-05-18 14:00:00,0.0,43.01345438170186
2030-05-18 15:00:00,0.0,48.15299557628282
2030-05-18 16:00:00,0.0,63.81033751169218
2030-05-18 17:00:00,0.0,76.95055604323693
2030-05-18 18:00:00,0.0,92.64467480145777
2030-05-18 19:00:00,0.0,115.78216634714937
2030-05-18 20:00:00,0.0,129.64882448413306
2030-05-18 21:00:00,0.0,127.75139586286917
2030-05-18 22:00:00,0.0,127.74357544608937
2030-05-18 23:00:00,0.0,129.10726062211336
2030-05-19 00:00:00,0.0,124.73467008995864
2030-05-19 01:00:00,0.0,122.18912442804718
2030-05-19 02:00:00,0.0,117.88887275110841
2030-05-19 03:00:00,0.0,114.60136504718798
2030-05-19 04:00:00,0.0,111.23956338385705
2030-05-19 05:00:00,0.0,109.12316309275167
2030-05-19 06:00:00,0.0,107.56690015351836
2030-05-19 07:00:00,0.0,102.0896757511797
2030-05-19 08:00:00,0.0,90.72058743892984
2030-05-19 09:00:00,0.0,75.63620723740507
2030-05-19 10:00:00,0.0,58.768006872310934
2030-05-19 11:00:00,0.0,46.38489569947444
2030-05-19 12:00:00,0.0,41.93430027592363
2030-05-19 13:00:00,0.0,39.56002187482318
2030-05-19 14:00:00,0.0,39.07312915572845
2030-05-19 15:00:00,0.0,43.28304854493001
2030-05-19 16:00:00,0.0,60.43364266490015
2030-05-19 17:00:00,0.0,74.09261052819573
2030-05-19 18:00:00,0.0,90.7661304617867
2030-05-19 19:00:00,0.0,114.36706950923661
2030-05-19 20:00:00,0.0,130.73488486446462
2030-05-19 21:00:00,0.0,127.06515429041865
2030-05-19 22:00:00,0.0,128.2059575882107
2030-05-19 23:00:00,0.0,129.25975874932465
2030-05-20 00:00:00,0.0,124.77181706966388
2030-05-20 01:00:00,0.0,122.03858140503104
2030-05-20 02:00:00,0.0,118.30139973625694
2030-05-20 03:00:00,0.0,114.44006895109891
2030-05-20 04:00:00,0.0,111.2288103107843
2030-05-20 05:00:00,0.0,109.12316309275138
2030-05-20 06:00:00,0.0,108.52099100068665
2030-05-20 07:00:00,0.0,102.91570727357413
2030-05-20 08:00:00,0.0,92.23525212944912
2030-05-20 09:00:00,0.0,76.08914468541423
2030-05-20 10:00:00,0.0,60.68645413742479
2030-05-20 11:00:00,0.0,48.35809280371893
2030-05-20 12:00:00,0.0,41.53582555212165
2030-05-20 13:00:00,0.0,39.67012455088991
2030-05-20 14:00:00,0.0,38.031868566205844
2030-05-20 15:00:00,0.0,44.81566696331423
2030-05-20 16:00:00,0.0,61.84861853766245
2030-05-20 17:00:00,0.0,76.08117192993046
2030-05-20 18:00:00,0.0,90.37758064713267
2030-05-20 19:00:00,0.0,114.67749458476497
2030-05-20 20:00:00,0.0,129.96261870743285
2030-05-20 21:00:00,0.0,127.18539319841193
2030-05-20 22:00:00,0.0,128.02413289807419
2030-05-20 23:00:00,0.0,129.7221408914458
2030-05-21 00:00:00,0.0,128.8315909306159
2030-05-21 01:00:00,0.0,123.9633814850249
2030-05-21 02:00:00,0.0,119.93782194748576
2030-05-21 03:00:00,0.0,118.90454938041955
2030-05-21 04:00:00,0.0,113.38040247740008
2030-05-21 05:00:00,0.0,110.18869487903572
2030-05-21 06:00:00,0.0,108.78884027540391
2030-05-21 07:00:00,0.0,93.45398052179115
2030-05-21 08:00:00,0.0,84.84350633650985
2030-05-21 09:00:00,0.0,66.84172300440389
2030-05-21 10:00:00,0.0,58.96398511682929
2030-05-21 11:00:00,0.0,41.42873061009482
2030-05-21 12:00:00,0.0,33.44519122063605
2030-05-21 13:00:00,0.0,29.89583690283655
2030-05-21 14:00:00,0.0,28.838559111714872
2030-05-21 15:00:00,0.0,42.54597171073806
2030-05-21 16:00:00,0.0,55.93399039648328
2030-05-21 17:00:00,0.0,71.51937205115968
2030-05-21 18:00:00,0.0,86.10317817322402
2030-05-21 19:00:00,0.0,111.9862557681249
2030-05-21 20:00:00,0.0,126.52163532420366
2030-05-21 21:00:00,0.0,125.24299718066287
2030-05-21 22:00:00,0.0,128.14632691026276
2030-05-21 23:00:00,0.0,126.01037557720701
2030-05-22 00:00:00,0.0,134.0859334547228
2030-05-22 01:00:00,0.0,128.4933579048781
2030-05-22 02:00:00,0.0,126.72789881677815
2030-05-22 03:00:00,0.0,116.56722231527692
2030-05-22 04:00:00,0.0,113.78999680625594
2030-05-22 05:00:00,0.0,112.1701929806847
2030-05-22 06:00:00,0.0,110.24148269230106
2030-05-22 07:00:00,0.0,108.23554578821381
2030-05-22 08:00:00,0.0,100.29752287687882
2030-05-22 09:00:00,0.0,81.28063239523021
2030-05-22 10:00:00,0.0,63.01059390444994
2030-05-22 11:00:00,0.0,51.43495461136807
2030-05-22 12:00:00,0.0,43.88480818792178
2030-05-22 13:00:00,0.0,41.409676140466104
2030-05-22 14:00:00,0.0,40.7163526912918
2030-05-22 15:00:00,0.0,46.90179301444984
2030-05-22 16:00:00,0.0,63.42174980354707
2030-05-22 17:00:00,0.0,67.64546206715954
2030-05-22 18:00:00,0.0,87.85438751795759
2030-05-22 19:00:00,0.0,111.55838197955602
2030-05-22 20:00:00,0.0,128.09158399280207
2030-05-22 21:00:00,0.0,128.3907149346396
2030-05-22 22:00:00,0.0,132.09172717580623
2030-05-22 23:00:00,0.0,132.36739686730323
2030-05-23 00:00:00,0.0,122.75610464460213
2030-05-23 01:00:00,0.0,119.95541788524059
2030-05-23 02:00:00,0.0,116.91229820569758
2030-05-23 03:00:00,0.0,114.17612988477185
2030-05-23 04:00:00,0.0,111.15451635137379
2030-05-23 05:00:00,0.0,109.1231630927515
2030-05-23 06:00:00,0.0,107.56690015351859
2030-05-23 07:00:00,0.0,102.08967575117947
2030-05-23 08:00:00,0.0,92.47380508833743
2030-05-23 09:00:00,0.0,81.05036406097082
2030-05-23 10:00:00,0.0,67.14245014419623
2030-05-23 11:00:00,0.0,49.717367530230376
2030-05-23 12:00:00,0.0,40.03395284170824
2030-05-23 13:00:00,0.0,39.06439786120802
2030-05-23 14:00:00,0.0,39.0792713738451
2030-05-23 15:00:00,0.0,44.70959691539974
2030-05-23 16:00:00,0.0,61.03578451374147
2030-05-23 17:00:00,0.0,75.64424476055922
2030-05-23 18:00:00,0.0,92.27773023761182
2030-05-23 19:00:00,0.0,115.26623708540454
2030-05-23 20:00:00,0.0,129.17080150845118
2030-05-23 21:00:00,0.0,127.36526278435362
2030-05-23 22:00:00,0.0,127.74162034189442
2030-05-23 23:00:00,0.0,129.32232208356504
2030-05-24 00:00:00,0.0,123.75027512776795
2030-05-24 01:00:00,0.0,120.99162310859958
2030-05-24 02:00:00,0.0,117.09803310422393
2030-05-24 03:00:00,0.0,114.17612988477163
2030-05-24 04:00:00,0.0,111.15451635137391
2030-05-24 05:00:00,0.0,109.12316309275155
2030-05-24 06:00:00,0.0,107.56690015351859
2030-05-24 07:00:00,0.0,102.08967575117947
2030-05-24 08:00:00,0.0,90.34133511729664
2030-05-24 09:00:00,0.0,74.34806756145178
2030-05-24 10:00:00,0.0,59.976223735638825
2030-05-24 11:00:00,0.0,46.934307301947
2030-05-24 12:00:00,0.0,40.689075609090196
2030-05-24 13:00:00,0.0,39.00525395050431
2030-05-24 14:00:00,0.0,39.339286747576836
2030-05-24 15:00:00,0.0,45.77855650795709
2030-05-24 16:00:00,0.0,62.738512665797074
2030-05-24 17:00:00,0.0,76.2722689687509
2030-05-24 18:00:00,0.0,91.8318415074242
2030-05-24 19:00:00,0.0,116.15975759472751
2030-05-24 20:00:00,0.0,128.96160535958433
2030-05-24 21:00:00,0.0,128.20204737982073
2030-05-24 22:00:00,0.0,128.25385764098849
2030-05-24 23:00:00,0.0,128.80128681559313
2030-05-25 00:00:00,0.0,124.56750868128482
2030-05-25 01:00:00,0.0,121.62018910729749
2030-05-25 02:00:00,0.0,117.88007478223079
2030-05-25 03:00:00,0.0,114.43322608641665
2030-05-25 04:00:00,0.0,111.15451635137356
2030-05-25 05:00:00,0.0,109.12316309275138
2030-05-25 06:00:00,0.0,107.56690015351859
2030-05-25 07:00:00,0.0,102.08967575117947
2030-05-25 08:00:00,0.0,91.00802564779718
2030-05-25 09:00:00,0.0,75.2055304995655
2030-05-25 10:00:00,0.0,56.631124258221675
2030-05-25 11:00:00,0.0,44.30998544366855
2030-05-25 12:00:00,0.0,37.28587827537058
2030-05-25 13:00:00,0.0,36.25531682855407
2030-05-25 14:00:00,0.0,36.07761403646589
2030-05-25 15:00:00,0.0,42.13409472563761
2030-05-25 16:00:00,0.0,59.4138270116415
2030-05-25 17:00:00,0.0,73.24662280461882
2030-05-25 18:00:00,0.0,89.2314108310112
2030-05-25 19:00:00,0.0,112.51783497089076
2030-05-25 20:00:00,0.0,129.23434239478928
2030-05-25 21:00:00,0.0,127.63115695487573
2030-05-25 22:00:00,0.0,128.78857863832548
2030-05-25 23:00:00,0.0,129.3047261458098
2030-05-26 00:00:00,0.0,124.65060060957295
2030-05-26 01:00:00,0.0,122.15784276092678
2030-05-26 02:00:00,0.0,118.57315921936402
2030-05-26 03:00:00,0.0,115.71675199044478
2030-05-26 04:00:00,0.0,111.91993964372256
2030-05-26 05:00:00,0.0,109.43500221185661
2030-05-26 06:00:00,0.0,107.5698328098108
2030-05-26 07:00:00,0.0,102.08967575117958
2030-05-26 08:00:00,0.0,91.39024851792281
2030-05-26 09:00:00,0.0,77.12997970982906
2030-05-26 10:00:00,0.0,60.96586680109783
2030-05-26 11:00:00,0.0,49.110060272573605
2030-05-26 12:00:00,0.0,43.795454533559905
2030-05-26 13:00:00,0.0,41.908718855474476
2030-05-26 14:00:00,0.0,41.105083953671596
2030-05-26 15:00:00,0.0,45.75996589349643
2030-05-26 16:00:00,0.0,62.59024063889364
2030-05-26 17:00:00,0.0,75.77416445644637
2030-05-26 18:00:00,0.0,92.02774396754216
2030-05-26 19:00:00,0.0,115.39480868605733
2030-05-26 20:00:00,0.0,130.91475445040606
2030-05-26 21:00:00,0.0,127.82862247857263
2030-05-26 22:00:00,0.0,127.9918736788565
2030-05-26 23:00:00,0.0,129.25291588464222
2030-05-27 00:00:00,0.0,124.62518425503787
2030-05-27 01:00:00,0.0,121.93300577849982
2030-05-27 02:00:00,0.0,117.73735217599436
2030-05-27 03:00:00,0.0,114.20936665608735
2030-05-27 04:00:00,0.0,111.15451635137384
2030-05-27 05:00:00,0.0,109.1231630927515
2030-05-27 06:00:00,0.0,107.56690015351819
2030-05-27 07:00:00,0.0,102.08967575117958
2030-05-27 08:00:00,0.0,90.97945839122985
2030-05-27 09:00:00,0.0,75.84206739223919
2030-05-27 10:00:00,0.0,59.11007541364319
2030-05-27 11:00:00,0.0,45.36713753375989
2030-05-27 12:00:00,0.0,39.82427574791765
2030-05-27 13:00:00,0.0,37.07076397128378
2030-05-27 14:00:00,0.0,36.963767380797094
2030-05-27 15:00:00,0.0,42.82577532213236
2030-05-27 16:00:00,0.0,58.613298922724425
2030-05-27 17:00:00,0.0,71.42756012160288
2030-05-27 18:00:00,0.0,88.07372280668392
2030-05-27 19:00:00,0.0,113.04734539286119
2030-05-27 20:00:00,0.0,128.47282931083038
2030-05-27 21:00:00,0.0,125.53235260152557
2030-05-27 22:00:00,0.0,125.9888694310618
2030-05-27 23:00:00,0.0,127.02116444603085
2030-05-28 00:00:00,0.0,125.45610353791982
2030-05-28 01:00:00,0.0,121.03268029669505
2030-05-28 02:00:00,0.0,117.69727253999648
2030-05-28 03:00:00,0.0,117.01787383222864
2030-05-28 04:00:00,0.0,111.88768042450522
2030-05-28 05:00:00,0.0,110.02251102245918
2030-05-28 06:00:00,0.0,108.78884027540386
2030-05-28 07:00:00,0.0,93.45398052179155
2030-05-28 08:00:00,0.0,83.8035045813615
2030-05-28 09:00:00,0.0,64.51544923683792
2030-05-28 10:00:00,0.0,57.84611111751036
2030-05-28 11:00:00,0.0,40.80751173610223
2030-05-28 12:00:00,0.0,33.566557792333384
2030-05-28 13:00:00,0.0,30.766154121250793
2030-05-28 14:00:00,0.0,31.918823220874827
2030-05-28 15:00:00,0.0,45.61662789943561
2030-05-28 16:00:00,0.0,59.56405815131359
2030-05-28 17:00:00,0.0,73.59685498219459
2030-05-28 18:00:00,0.0,85.98800300509441
2030-05-28 19:00:00,0.0,111.48735259877765
2030-05-28 20:00:00,0.0,128.20400248401572
2030-05-28 21:00:00,0.0,126.78459683843363
2030-05-28 22:00:00,0.0,129.61754281701258
2030-05-28 23:00:00,0.0,126.64578444058759
2030-05-29 00:00:00,0.0,134.67930757791055
2030-05-29 01:00:00,0.0,128.74458879393748
2030-05-29 02:00:00,0.0,126.727898816778
2030-05-29 03:00:00,0.0,116.5672223152772
2030-05-29 04:00:00,0.0,113.78999680625623
2030-05-29 05:00:00,0.0,112.17019298068499
2030-05-29 06:00:00,0.0,110.2414826923009
2030-05-29 07:00:00,0.0,108.2355457882141
2030-05-29 08:00:00,0.0,100.70845546491137
2030-05-29 09:00:00,0.0,81.77895260318546
2030-05-29 10:00:00,0.0,65.85092563111274
2030-05-29 11:00:00,0.0,52.9061639581645
2030-05-29 12:00:00,0.0,45.38963213901127
2030-05-29 13:00:00,0.0,42.22483763450211
2030-05-29 14:00:00,0.0,43.89419020205082
2030-05-29 15:00:00,0.0,50.5495230222582
2030-05-29 16:00:00,0.0,66.50912785672779
2030-05-29 17:00:00,0.0,69.61228413690094
2030-05-29 18:00:00,0.0,88.92753131133973
2030-05-29 19:00:00,0.0,112.70987167348106
2030-05-29 20:00:00,0.0,127.53535684932
2030-05-29 21:00:00,0.0,128.44154764371024
2030-05-29 22:00:00,0.0,132.04675977932064
2030-05-29 23:00:00,0.0,131.84929425562376
2030-05-30 00:00:00,0.0,123.09629277453496
2030-05-30 01:00:00,0.0,120.34448362004889
2030-05-30 02:00:00,0.0,117.04915549934879
2030-05-30 03:00:00,0.0,114.17612988477185
2030-05-30 04:00:00,0.0,111.15451635137373
2030-05-30 05:00:00,0.0,109.12316309275138
2030-05-30 06:00:00,0.0,107.56690015351853
2030-05-30 07:00:00,0.0,102.08967575117947
2030-05-30 08:00:00,0.0,91.15595882939976
2030-05-30 09:00:00,0.0,75.39619323786098
2030-05-30 10:00:00,0.0,57.92177539952286
2030-05-30 11:00:00,0.0,45.41344537650295
2030-05-30 12:00:00,0.0,39.661194700817305
2030-05-30 13:00:00,0.0,37.875818023295665
2030-05-30 14:00:00,0.0,37.294224807497855
2030-05-30 15:00:00,0.0,42.79102831825594
2030-05-30 16:00:00,0.0,60.3059236426211
2030-05-30 17:00:00,0.0,73.53888719979437
2030-05-30 18:00:00,0.0,89.39464964385763
2030-05-30 19:00:00,0.0,113.41957449627205
2030-05-30 20:00:00,0.0,128.92641348407432
2030-05-30 21:00:00,0.0,126.33883308196988
2030-05-30 22:00:00,0.0,128.2206208696735
2030-05-30 23:00:00,0.0,129.11019327840563
2030-05-31 00:00:00,0.0,124.45411263797405
2030-05-31 01:00:00,0.0,121.7130565565605
2030-05-31 02:00:00,0.0,118.28966911108654
2030-05-31 03:00:00,0.0,115.07254515818704
2030-05-31 04:00:00,0.0,111.94633355035558
2030-05-31 05:00:00,0.0,109.46041856639215
2030-05-31 06:00:00,0.0,109.47508184785437
2030-05-31 07:00:00,0.0,104.06335343604849
2030-05-31 08:00:00,0.0,96.08258640253774
2030-05-31 09:00:00,0.0,90.85518210371441
2030-05-31 10:00:00,0.0,78.63067557625038
2030-05-31 11:00:00,0.0,64.76542781791517
2030-05-31 12:00:00,0.0,50.52105999118508
2030-05-31 13:00:00,0.0,44.010886177722455
2030-05-31 14:00:00,0.0,41.264434794531425
2030-05-31 15:00:00,0.0,46.727432055496806
2030-05-31 16:00:00,0.0,66.00347584396371
2030-05-31 17:00:00,0.0,78.14578929386755
2030-05-31 18:00:00,0.0,92.87993731265321
2030-05-31 19:00:00,0.0,115.43306657173889
2030-05-31 20:00:00,0.0,132.5081643693445
2030-05-31 21:00:00,0.0,128.75338676281547
2030-05-31 22:00:00,0.0,129.63025099428035
2030-05-31 23:00:00,0.0,130.07796985493883
2030-06-01 00:00:00,0.0,130.33115584819353
2030-06-01 01:00:00,0.0,123.98879783955971
2030-06-01 02:00:00,0.0,119.58003787979777
2030-06-01 03:00:00,0.0,115.85263173199871
2030-06-01 04:00:00,0.0,111.85444365318972
2030-06-01 05:00:00,0.0,110.08214170040708
2030-06-01 06:00:00,0.0,105.97837799506759
2030-06-01 07:00:00,0.0,100.12479603518784
2030-06-01 08:00:00,0.0,93.26341104518463
2030-06-01 09:00:00,0.0,81.61427316975784
2030-06-01 10:00:00,0.0,68.09417198348353
2030-06-01 11:00:00,0.0,67.11664829221706
2030-06-01 12:00:00,0.0,50.02518894580089
2030-06-01 13:00:00,0.0,43.31521485901254
2030-06-01 14:00:00,0.0,41.15019455558331
2030-06-01 15:00:00,0.0,48.24522542584373
2030-06-01 16:00:00,0.0,68.25606666319914
2030-06-01 17:00:00,0.0,79.54855615566144
2030-06-01 18:00:00,0.0,91.00246343279684
2030-06-01 19:00:00,0.0,112.8124297518587
2030-06-01 20:00:00,0.0,131.98419644508027
2030-06-01 21:00:00,0.0,134.37431132348792
2030-06-01 22:00:00,0.0,138.20924820201282
2030-06-01 23:00:00,0.0,138.21413596250034
2030-06-02 00:00:00,0.0,133.26185703652362
2030-06-02 01:00:00,0.0,126.28800037289926
2030-06-02 02:00:00,0.0,121.84013832923671
2030-06-02 03:00:00,0.0,117.6024499865382
2030-06-02 04:00:00,0.0,114.28659327179031
2030-06-02 05:00:00,0.0,111.43409625126124
2030-06-02 06:00:00,0.0,107.81324328209058
2030-06-02 07:00:00,0.0,102.03102262532883
2030-06-02 08:00:00,0.0,95.3420292966448
2030-06-02 09:00:00,0.0,86.0328024677487
2030-06-02 10:00:00,0.0,73.0546036283688
2030-06-02 11:00:00,0.0,59.51221730327683
2030-06-02 12:00:00,0.0,54.0504511770963
2030-06-02 13:00:00,0.0,44.59129926438845
2030-06-02 14:00:00,0.0,43.09267072802254
2030-06-02 15:00:00,0.0,50.46613306816528
2030-06-02 16:00:00,0.0,72.06413416109898
2030-06-02 17:00:00,0.0,79.0109454853743
2030-06-02 18:00:00,0.0,92.99850166238565
2030-06-02 19:00:00,0.0,114.95603025561576
2030-06-02 20:00:00,0.0,134.82887304882922
2030-06-02 21:00:00,0.0,135.56887998664297
2030-06-02 22:00:00,0.0,137.2092124062621
2030-06-02 23:00:00,0.0,136.60704031419658
2030-06-03 00:00:00,0.0,131.2158404964386
2030-06-03 01:00:00,0.0,124.36124518871071
2030-06-03 02:00:00,0.0,118.86446974442157
2030-06-03 03:00:00,0.0,114.83206734219971
2030-06-03 04:00:00,0.0,111.86519672626247
2030-06-03 05:00:00,0.0,108.8103464215489
2030-06-03 06:00:00,0.0,105.64796538610955
2030-06-03 07:00:00,0.0,99.728887435697
2030-06-03 08:00:00,0.0,90.90975816216724
2030-06-03 09:00:00,0.0,75.2044072113153
2030-06-03 10:00:00,0.0,63.73000302893274
2030-06-03 11:00:00,0.0,54.86493206743398
2030-06-03 12:00:00,0.0,48.01510754167276
2030-06-03 13:00:00,0.0,41.67666482740788
2030-06-03 14:00:00,0.0,41.539075194518375
2030-06-03 15:00:00,0.0,48.868568096148465
2030-06-03 16:00:00,0.0,67.99301879475172
2030-06-03 17:00:00,0.0,77.10203764100078
2030-06-03 18:00:00,0.0,90.55056328828158
2030-06-03 19:00:00,0.0,112.40721090761116
2030-06-03 20:00:00,0.0,131.2168180485363
2030-06-03 21:00:00,0.0,131.14545674541796
2030-06-03 22:00:00,0.0,135.2257592004177
2030-06-03 23:00:00,0.0,135.33035727485088
2030-06-04 00:00:00,0.0,133.79364537756805
2030-06-04 01:00:00,0.0,127.84035310374274
2030-06-04 02:00:00,0.0,121.6886177541229
2030-06-04 03:00:00,0.0,117.02471669691111
2030-06-04 04:00:00,0.0,113.4556739889083
2030-06-04 05:00:00,0.0,112.52504439208019
2030-06-04 06:00:00,0.0,110.41939717404773
2030-06-04 07:00:00,0.0,104.05162281087843
2030-06-04 08:00:00,0.0,90.97220781980758
2030-06-04 09:00:00,0.0,73.76562941883797
2030-06-04 10:00:00,0.0,57.597012411371914
2030-06-04 11:00:00,0.0,46.39226833023315
2030-06-04 12:00:00,0.0,39.38408947084519
2030-06-04 13:00:00,0.0,33.59225140895376
2030-06-04 14:00:00,0.0,30.103474364869243
2030-06-04 15:00:00,0.0,35.86596728203368
2030-06-04 16:00:00,0.0,47.71534738545063
2030-06-04 17:00:00,0.0,65.79126471381358
2030-06-04 18:00:00,0.0,78.76691784250306
2030-06-04 19:00:00,0.0,107.28467577804963
2030-06-04 20:00:00,0.0,124.8294926434172
2030-06-04 21:00:00,0.0,126.77873152584844
2030-06-04 22:00:00,0.0,128.74947655442526
2030-06-04 23:00:00,0.0,128.18249633787036
2030-06-05 00:00:00,0.0,122.39538792062149
2030-06-05 01:00:00,0.0,119.46859694068183
2030-06-05 02:00:00,0.0,114.04318279951076
2030-06-05 03:00:00,0.0,112.56023626759054
2030-06-05 04:00:00,0.0,109.4438001807341
2030-06-05 05:00:00,0.0,108.04785578549257
2030-06-05 06:00:00,0.0,106.2129904984696
2030-06-05 07:00:00,0.0,98.38377574952557
2030-06-05 08:00:00,0.0,84.66519325548461
2030-06-05 09:00:00,0.0,67.948348416371
2030-06-05 10:00:00,0.0,51.01154961814812
2030-06-05 11:00:00,0.0,38.04539766273595
2030-06-05 12:00:00,0.0,31.395446285476055
2030-06-05 13:00:00,0.0,29.991203433882575
2030-06-05 14:00:00,0.0,29.840304077950236
2030-06-05 15:00:00,0.0,36.533777097374696
2030-06-05 16:00:00,0.0,48.443937039923334
2030-06-05 17:00:00,0.0,62.66464211926563
2030-06-05 18:00:00,0.0,77.54602012687116
2030-06-05 19:00:00,0.0,100.65571465130654
2030-06-05 20:00:00,0.0,121.11772732917814
2030-06-05 21:00:00,0.0,127.63311205907085
2030-06-05 22:00:00,0.0,129.10432796582097
2030-06-05 23:00:00,0.0,126.65555996156252
2030-06-06 00:00:00,0.0,128.2479923284033
2030-06-06 01:00:00,0.0,121.49603999091374
2030-06-06 02:00:00,0.0,116.6464040351753
2030-06-06 03:00:00,0.0,113.16729612014319
2030-06-06 04:00:00,0.0,109.8876088330029
2030-06-06 05:00:00,0.0,107.97649448237439
2030-06-06 06:00:00,0.0,104.07312895702387
2030-06-06 07:00:00,0.0,98.21074902826672
2030-06-06 08:00:00,0.0,88.0748570793935
2030-06-06 09:00:00,0.0,73.69432168049747
2030-06-06 10:00:00,0.0,60.198031158390904
2030-06-06 11:00:00,0.0,51.55441127252913
2030-06-06 12:00:00,0.0,44.25890278069562
2030-06-06 13:00:00,0.0,39.75966367962263
2030-06-06 14:00:00,0.0,38.524249883619746
2030-06-06 15:00:00,0.0,45.23032505397896
2030-06-06 16:00:00,0.0,61.39777173480854
2030-06-06 17:00:00,0.0,70.84661071794312
2030-06-06 18:00:00,0.0,85.64443844400307
2030-06-06 19:00:00,0.0,109.41511339813876
2030-06-06 20:00:00,0.0,129.88832474802248
2030-06-06 21:00:00,0.0,131.9294535276195
2030-06-06 22:00:00,0.0,135.26192862802526
2030-06-06 23:00:00,0.0,133.98231293238723
2030-06-07 00:00:00,0.0,129.19035255040166
2030-06-07 01:00:00,0.0,122.68669844567903
2030-06-07 02:00:00,0.0,118.48811218688098
2030-06-07 03:00:00,0.0,114.93666541663333
2030-06-07 04:00:00,0.0,111.17895515381144
2030-06-07 05:00:00,0.0,108.48970933356622
2030-06-07 06:00:00,0.0,105.29800173520164
2030-06-07 07:00:00,0.0,99.31929310684109
2030-06-07 08:00:00,0.0,90.94684903475104
2030-06-07 09:00:00,0.0,79.0879826955831
2030-06-07 10:00:00,0.0,64.62390612905665
2030-06-07 11:00:00,0.0,54.40962417242264
2030-06-07 12:00:00,0.0,45.80316767260382
2030-06-07 13:00:00,0.0,47.626714058806094
2030-06-07 14:00:00,0.0,53.75355154607769
2030-06-07 15:00:00,0.0,56.41833415201825
2030-06-07 16:00:00,0.0,76.00524496293326
2030-06-07 17:00:00,0.0,80.83270620616713
2030-06-07 18:00:00,0.0,96.80683151840594
2030-06-07 19:00:00,0.0,110.75967491623072
2030-06-07 20:00:00,0.0,130.73683996865947
2030-06-07 21:00:00,0.0,131.36149575896735
2030-06-07 22:00:00,0.0,135.4945860272323
2030-06-07 23:00:00,0.0,135.5239125901578
2030-06-08 00:00:00,0.0,131.2764487264842
2030-06-08 01:00:00,0.0,124.53231680577449
2030-06-08 02:00:00,0.0,119.8459320503199
2030-06-08 03:00:00,0.0,115.66689683347192
2030-06-08 04:00:00,0.0,111.96099683181808
2030-06-08 05:00:00,0.0,109.29130205352277
2030-06-08 06:00:00,0.0,105.52968158231113
2030-06-08 07:00:00,0.0,99.7181343626246
2030-06-08 08:00:00,0.0,91.67729869732926
2030-06-08 09:00:00,0.0,79.55252616191865
2030-06-08 10:00:00,0.0,66.8829714491747
2030-06-08 11:00:00,0.0,55.72962991988271
2030-06-08 12:00:00,0.0,44.915491691493116
2030-06-08 13:00:00,0.0,37.72047286670386
2030-06-08 14:00:00,0.0,36.81348341914372
2030-06-08 15:00:00,0.0,43.56149604910638
2030-06-08 16:00:00,0.0,64.18156356727894
2030-06-08 17:00:00,0.0,75.1989258796018
2030-06-08 18:00:00,0.0,90.7295442199786
2030-06-08 19:00:00,0.0,114.28890323363589
2030-06-08 20:00:00,0.0,133.68220443845212
2030-06-08 21:00:00,0.0,134.31761330183247
2030-06-08 22:00:00,0.0,137.56992913024237
2030-06-08 23:00:00,0.0,137.54158011941445
2030-06-09 00:00:00,0.0,132.25497837608998
2030-06-09 01:00:00,0.0,125.62913025917872
2030-06-09 02:00:00,0.0,120.87431685689874
2030-06-09 03:00:00,0.0,117.15570867797709
2030-06-09 04:00:00,0.0,113.41559435291038
2030-06-09 05:00:00,0.0,110.5943789995016
2030-06-09 06:00:00,0.0,106.78388092341402
2030-06-09 07:00:00,0.0,100.66440479301252
2030-06-09 08:00:00,0.0,92.04827443342458
2030-06-09 09:00:00,0.0,75.88103175584286
2030-06-09 10:00:00,0.0,63.34141568637681
2030-06-09 11:00:00,0.0,54.042737519118816
2030-06-09 12:00:00,0.0,45.67012948046437
2030-06-09 13:00:00,0.0,40.55620685573655
2030-06-09 14:00:00,0.0,39.41341675720423
2030-06-09 15:00:00,0.0,46.672976241342155
2030-06-09 16:00:00,0.0,67.85763347458152
2030-06-09 17:00:00,0.0,78.83027287080893
2030-06-09 18:00:00,0.0,93.24273083070318
2030-06-09 19:00:00,0.0,116.26830376975101
2030-06-09 20:00:00,0.0,133.1836528687228
2030-06-09 21:00:00,0.0,135.588431028593
2030-06-09 22:00:00,0.0,138.68433852140186
2030-06-09 23:00:00,0.0,137.78401303959672
2030-06-10 00:00:00,0.0,133.42804089310007
2030-06-10 01:00:00,0.0,126.90581329852472
2030-06-10 02:00:00,0.0,121.90465676767239
2030-06-10 03:00:00,0.0,117.44506409883957
2030-06-10 04:00:00,0.0,113.39115555047266
2030-06-10 05:00:00,0.0,110.44188087229003
2030-06-10 06:00:00,0.0,107.67443088424426
2030-06-10 07:00:00,0.0,101.54029147237969
2030-06-10 08:00:00,0.0,93.95904775425288
2030-06-10 09:00:00,0.0,80.69796399535511
2030-06-10 10:00:00,0.0,68.84665245036037
2030-06-10 11:00:00,0.0,55.635250773119196
2030-06-10 12:00:00,0.0,46.64183630309208
2030-06-10 13:00:00,0.0,40.58395541497475
2030-06-10 14:00:00,0.0,39.9647597818921
2030-06-10 15:00:00,0.0,47.68471970629878
2030-06-10 16:00:00,0.0,68.21039387394205
2030-06-10 17:00:00,0.0,78.57437464891945
2030-06-10 18:00:00,0.0,93.73676445319387
2030-06-10 19:00:00,0.0,117.57163685366886
2030-06-10 20:00:00,0.0,135.56399222615562
2030-06-10 21:00:00,0.0,135.37239201504372
2030-06-10 22:00:00,0.0,138.07336846045945
2030-06-10 23:00:00,0.0,138.067503147874
2030-06-11 00:00:00,0.0,137.58459241170485
2030-06-11 01:00:00,0.0,131.53745513651904
2030-06-11 02:00:00,0.0,126.2880003728992
2030-06-11 03:00:00,0.0,120.15874872152233
2030-06-11 04:00:00,0.0,116.44111809469865
2030-06-11 05:00:00,0.0,114.9914083340937
2030-06-11 06:00:00,0.0,112.85741210523315
2030-06-11 07:00:00,0.0,106.21396805056668
2030-06-11 08:00:00,0.0,93.9664877866756
2030-06-11 09:00:00,0.0,77.68389141020822
2030-06-11 10:00:00,0.0,63.19646361921207
2030-06-11 11:00:00,0.0,54.170793200907724
2030-06-11 12:00:00,0.0,47.625390711339264
2030-06-11 13:00:00,0.0,42.02235319255624
2030-06-11 14:00:00,0.0,40.03050790695454
2030-06-11 15:00:00,0.0,46.91870908484895
2030-06-11 16:00:00,0.0,58.57831327885065
2030-06-11 17:00:00,0.0,75.78648752122172
2030-06-11 18:00:00,0.0,86.7585873243509
2030-06-11 19:00:00,0.0,115.99808257663801
2030-06-11 20:00:00,0.0,133.20320391067312
2030-06-11 21:00:00,0.0,133.2784754221811
2030-06-11 22:00:00,0.0,134.7428484642486
2030-06-11 23:00:00,0.0,133.90508631668388
2030-06-12 00:00:00,0.0,129.01928093333743
2030-06-12 01:00:00,0.0,125.7845610426828
2030-06-12 02:00:00,0.0,120.32297747390373
2030-06-12 03:00:00,0.0,117.92113197032586
2030-06-12 04:00:00,0.0,113.90437040166455
2030-06-12 05:00:00,0.0,112.1076296464442
2030-06-12 06:00:00,0.0,111.00201822416238
2030-06-12 07:00:00,0.0,102.93330321132925
2030-06-12 08:00:00,0.0,90.62101047886279
2030-06-12 09:00:00,0.0,74.41779913179715
2030-06-12 10:00:00,0.0,59.035816075491766
2030-06-12 11:00:00,0.0,47.384517241440435
2030-06-12 12:00:00,0.0,37.41785364763561
2030-06-12 13:00:00,0.0,35.35533384406983
2030-06-12 14:00:00,0.0,35.85828458167771
2030-06-12 15:00:00,0.0,42.068965643002116
2030-06-12 16:00:00,0.0,53.764335199565025
2030-06-12 17:00:00,0.0,66.6068197069502
2030-06-12 18:00:00,0.0,83.87391743365845
2030-06-12 19:00:00,0.0,106.39499880017775
2030-06-12 20:00:00,0.0,127.08861554075862
2030-06-12 21:00:00,0.0,130.5755438725705
2030-06-12 22:00:00,0.0,132.12594149921892
2030-06-12 23:00:00,0.0,129.74951235017602
2030-06-13 00:00:00,0.0,131.77206763992075
2030-06-13 01:00:00,0.0,125.02500306291887
2030-06-13 02:00:00,0.0,120.27996518161335
2030-06-13 03:00:00,0.0,115.46356599719002
2030-06-13 04:00:00,0.0,111.53869432569456
2030-06-13 05:00:00,0.0,109.18670397908954
2030-06-13 06:00:00,0.0,106.21690070685929
2030-06-13 07:00:00,0.0,100.12968379567565
2030-06-13 08:00:00,0.0,91.33969162407061
2030-06-13 09:00:00,0.0,76.00332341550092
2030-06-13 10:00:00,0.0,61.087359443286914
2030-06-13 11:00:00,0.0,51.26980514777096
2030-06-13 12:00:00,0.0,43.577143799173136
2030-06-13 13:00:00,0.0,38.17567693924485
2030-06-13 14:00:00,0.0,36.22728626618754
2030-06-13 15:00:00,0.0,43.33535359436189
2030-06-13 16:00:00,0.0,62.88659887597521
2030-06-13 17:00:00,0.0,73.9614094101421
2030-06-13 18:00:00,0.0,87.95940605086662
2030-06-13 19:00:00,0.0,111.27733046661336
2030-06-13 20:00:00,0.0,130.9235524192838
2030-06-13 21:00:00,0.0,132.52185009870965
2030-06-13 22:00:00,0.0,136.2815154657264
2030-06-13 23:00:00,0.0,136.32061754962683
2030-06-14 00:00:00,0.0,130.46508048555245
2030-06-14 01:00:00,0.0,123.70530773128257
2030-06-14 02:00:00,0.0,118.65038583506703
2030-06-14 03:00:00,0.0,115.2142902123257
2030-06-14 04:00:00,0.0,111.91700698743011
2030-06-14 05:00:00,0.0,108.85824647432685
2030-06-14 06:00:00,0.0,105.87964523321921
2030-06-14 07:00:00,0.0,99.89409374017589
2030-06-14 08:00:00,0.0,92.23938204593594
2030-06-14 09:00:00,0.0,79.84461895058928
2030-06-14 10:00:00,0.0,68.60743202704333
2030-06-14 11:00:00,0.0,66.03728540987703
2030-06-14 12:00:00,0.0,45.80619797120198
2030-06-14 13:00:00,0.0,37.73895636839018
2030-06-14 14:00:00,0.0,36.49570102371717
2030-06-14 15:00:00,0.0,44.00801584227804
2030-06-14 16:00:00,0.0,65.40837215216203
2030-06-14 17:00:00,0.0,76.73600469381802
2030-06-14 18:00:00,0.0,87.59255476807186
2030-06-14 19:00:00,0.0,110.91701380426878
2030-06-14 20:00:00,0.0,129.71529802676366
2030-06-14 21:00:00,0.0,131.89621675630445
2030-06-14 22:00:00,0.0,136.59824234531936
2030-06-14 23:00:00,0.0,136.3362583831871
2030-06-15 00:00:00,0.0,131.644985867245
2030-06-15 01:00:00,0.0,125.11102764749961
2030-06-15 02:00:00,0.0,120.31515705712391
2030-06-15 03:00:00,0.0,116.50856918942657
2030-06-15 04:00:00,0.0,112.34321970194395
2030-06-15 05:00:00,0.0,109.81331487359243
2030-06-15 06:00:00,0.0,105.87671257692654
2030-06-15 07:00:00,0.0,99.88431821920089
2030-06-15 08:00:00,0.0,91.21839937957964
2030-06-15 09:00:00,0.0,76.36135269217567
2030-06-15 10:00:00,0.0,63.45234070921117
2030-06-15 11:00:00,0.0,53.99912769608056
2030-06-15 12:00:00,0.0,46.80797498795414
2030-06-15 13:00:00,0.0,41.490119255153786
2030-06-15 14:00:00,0.0,39.197831364905134
2030-06-15 15:00:00,0.0,49.18898002188462
2030-06-15 16:00:00,0.0,66.49324036731423
2030-06-15 17:00:00,0.0,76.92660912242087
2030-06-15 18:00:00,0.0,90.15610989938074
2030-06-15 19:00:00,0.0,113.6548796290927
2030-06-15 20:00:00,0.0,132.82880145732747
2030-06-15 21:00:00,0.0,134.5336523153818
2030-06-15 22:00:00,0.0,137.45457798273634
2030-06-15 23:00:00,0.0,137.0420509975882
2030-06-16 00:00:00,0.0,131.83267586996635
2030-06-16 01:00:00,0.0,125.11493785588969
2030-06-16 02:00:00,0.0,120.01113835479862
2030-06-16 03:00:00,0.0,116.02663600535521
2030-06-16 04:00:00,0.0,112.23471141912034
2030-06-16 05:00:00,0.0,109.56306153663036
2030-06-16 06:00:00,0.0,105.82685741995385
2030-06-16 07:00:00,0.0,100.05050207577733
2030-06-16 08:00:00,0.0,91.98142196879348
2030-06-16 09:00:00,0.0,77.4708717753399
2030-06-16 10:00:00,0.0,64.2299835849281
2030-06-16 11:00:00,0.0,53.467851264035346
2030-06-16 12:00:00,0.0,44.555746321373476
2030-06-16 13:00:00,0.0,39.514317766227116
2030-06-16 14:00:00,0.0,37.669318438231585
2030-06-16 15:00:00,0.0,45.23978977288732
2030-06-16 16:00:00,0.0,63.707517837352896
2030-06-16 17:00:00,0.0,73.06852505752704
2030-06-16 18:00:00,0.0,88.3958413450705
2030-06-16 19:00:00,0.0,111.96103798205057
2030-06-16 20:00:00,0.0,130.58629694564317
2030-06-16 21:00:00,0.0,131.96073519474004
2030-06-16 22:00:00,0.0,135.284412326268
2030-06-16 23:00:00,0.0,134.83180570512172
2030-06-17 00:00:00,0.0,130.24317615941783
2030-06-17 01:00:00,0.0,123.66327299108951
2030-06-17 02:00:00,0.0,119.06095771602048
2030-06-17 03:00:00,0.0,115.10675948159985
2030-06-17 04:00:00,0.0,111.42823093867628
2030-06-17 05:00:00,0.0,108.94133840261509
2030-06-17 06:00:00,0.0,106.58739295181522
2030-06-17 07:00:00,0.0,100.76216000276315
2030-06-17 08:00:00,0.0,93.14216580035429
2030-06-17 09:00:00,0.0,80.30181929821087
2030-06-17 10:00:00,0.0,69.01476773431557
2030-06-17 11:00:00,0.0,58.936139986235844
2030-06-17 12:00:00,0.0,49.048734264900304
2030-06-17 13:00:00,0.0,40.60887589351438
2030-06-17 14:00:00,0.0,38.286891258920605
2030-06-17 15:00:00,0.0,45.38942410395424
2030-06-17 16:00:00,0.0,65.35066522809052
2030-06-17 17:00:00,0.0,75.82769008375305
2030-06-17 18:00:00,0.0,90.88085164823985
2030-06-17 19:00:00,0.0,114.70690603955136
2030-06-17 20:00:00,0.0,133.0047608348787
2030-06-17 21:00:00,0.0,134.89632414355737
2030-06-17 22:00:00,0.0,138.00396226153617
2030-06-17 23:00:00,0.0,137.04987141436789
2030-06-18 00:00:00,0.0,136.45747484327785
2030-06-18 01:00:00,0.0,130.3086721499511
2030-06-18 02:00:00,0.0,124.38763909534316
2030-06-18 03:00:00,0.0,119.87623616534245
2030-06-18 04:00:00,0.0,116.25147298778185
2030-06-18 05:00:00,0.0,115.2367739105681
2030-06-18 06:00:00,0.0,111.9277600605028
2030-06-18 07:00:00,0.0,105.70173075147272
2030-06-18 08:00:00,0.0,93.8242501339364
2030-06-18 09:00:00,0.0,79.9330963355618
2030-06-18 10:00:00,0.0,61.448825645312915
2030-06-18 11:00:00,0.0,50.73393354109224
2030-06-18 12:00:00,0.0,45.93380294225619
2030-06-18 13:00:00,0.0,40.809757572388435
2030-06-18 14:00:00,0.0,35.81000160477993
2030-06-18 15:00:00,0.0,40.5748517764797
2030-06-18 16:00:00,0.0,53.573022105958785
2030-06-18 17:00:00,0.0,69.80549915616757
2030-06-18 18:00:00,0.0,82.16489331147704
2030-06-18 19:00:00,0.0,109.49561369993444
2030-06-18 20:00:00,0.0,128.26852092245122
2030-06-18 21:00:00,0.0,130.01736162489328
2030-06-18 22:00:00,0.0,132.19730280233705
2030-06-18 23:00:00,0.0,131.52572451134867
2030-06-19 00:00:00,0.0,126.80708053667648
2030-06-19 01:00:00,0.0,123.6701158557722
2030-06-19 02:00:00,0.0,118.2730507254291
2030-06-19 03:00:00,0.0,116.23974236261165
2030-06-19 04:00:00,0.0,112.50353824593537
2030-06-19 05:00:00,0.0,110.2864500887863
2030-06-19 06:00:00,0.0,109.12218554065396
2030-06-19 07:00:00,0.0,101.2616891245899
2030-06-19 08:00:00,0.0,89.6814601290962
2030-06-19 09:00:00,0.0,73.65810525322877
2030-06-19 10:00:00,0.0,56.01838711238064
2030-06-19 11:00:00,0.0,40.37954140586757
2030-06-19 12:00:00,0.0,31.698947250027246
2030-06-19 13:00:00,0.0,29.12292439261374
2030-06-19 14:00:00,0.0,28.19563516139999
2030-06-19 15:00:00,0.0,33.42586608243744
2030-06-19 16:00:00,0.0,44.85056811447884
2030-06-19 17:00:00,0.0,56.87946512294126
2030-06-19 18:00:00,0.0,74.5376587470378
2030-06-19 19:00:00,0.0,97.29457683265491
2030-06-19 20:00:00,0.0,120.43148575672717
2030-06-19 21:00:00,0.0,125.5313750494281
2030-06-19 22:00:00,0.0,126.87355407930704
2030-06-19 23:00:00,0.0,125.66823234307932
2030-06-20 00:00:00,0.0,128.86482770193106
2030-06-20 01:00:00,0.0,122.46674922373947
2030-06-20 02:00:00,0.0,117.73246441550702
2030-06-20 03:00:00,0.0,114.09401550858112
2030-06-20 04:00:00,0.0,110.31773175590672
2030-06-20 05:00:00,0.0,107.97649448237428
2030-06-20 06:00:00,0.0,104.08192692590126
2030-06-20 07:00:00,0.0,98.21074902826683
2030-06-20 08:00:00,0.0,91.17584325604683
2030-06-20 09:00:00,0.0,76.2553857562068
2030-06-20 10:00:00,0.0,59.85241566325486
2030-06-20 11:00:00,0.0,49.032971388784276
2030-06-20 12:00:00,0.0,41.31279138423768
2030-06-20 13:00:00,0.0,36.76591565558578
2030-06-20 14:00:00,0.0,35.15232437321799
2030-06-20 15:00:00,0.0,41.2886520841613
2030-06-20 16:00:00,0.0,62.28769064685411
2030-06-20 17:00:00,0.0,72.13346642164004
2030-06-20 18:00:00,0.0,85.69321767152167
2030-06-20 19:00:00,0.0,110.55805215366536
2030-06-20 20:00:00,0.0,131.12101794298027
2030-06-20 21:00:00,0.0,131.70168388890002
2030-06-20 22:00:00,0.0,135.48578805835484
2030-06-20 23:00:00,0.0,135.99216004486425
2030-06-21 00:00:00,0.0,131.28133648697187
2030-06-21 01:00:00,0.0,125.18727671110491
2030-06-21 02:00:00,0.0,120.71693096919955
2030-06-21 03:00:00,0.0,116.44111809469837
2030-06-21 04:00:00,0.0,112.76063444757992
2030-06-21 05:00:00,0.0,109.65592898589341
2030-06-21 06:00:00,0.0,105.68120215742499
2030-06-21 07:00:00,0.0,99.47276878614991
2030-06-21 08:00:00,0.0,91.5152720796217
2030-06-21 09:00:00,0.0,76.49597652148782
2030-06-21 10:00:00,0.0,60.99298978893614
2030-06-21 11:00:00,0.0,52.570103570545356
2030-06-21 12:00:00,0.0,45.152504181050524
2030-06-21 13:00:00,0.0,40.232624372633616
2030-06-21 14:00:00,0.0,38.165257274103965
2030-06-21 15:00:00,0.0,47.73097365481874
2030-06-21 16:00:00,0.0,66.26383372147075
2030-06-21 17:00:00,0.0,71.39046379874193
2030-06-21 18:00:00,0.0,84.72208324434075
2030-06-21 19:00:00,0.0,108.85921053189259
2030-06-21 20:00:00,0.0,127.94690628237083
2030-06-21 21:00:00,0.0,131.34292226911452
2030-06-21 22:00:00,0.0,136.2072215063158
2030-06-21 23:00:00,0.0,136.54545453205387
2030-06-22 00:00:00,0.0,132.16699868731416
2030-06-22 01:00:00,0.0,124.833402851807
2030-06-22 02:00:00,0.0,120.22228960786072
2030-06-22 03:00:00,0.0,116.3306547076802
2030-06-22 04:00:00,0.0,112.6638567899264
2030-06-22 05:00:00,0.0,109.66277185057618
2030-06-22 06:00:00,0.0,106.78779113180428
2030-06-22 07:00:00,0.0,100.70350687691268
2030-06-22 08:00:00,0.0,92.65173778500537
2030-06-22 09:00:00,0.0,77.66178591311404
2030-06-22 10:00:00,0.0,64.1762572072422
2030-06-22 11:00:00,0.0,54.75833990887371
2030-06-22 12:00:00,0.0,46.43867052497898
2030-06-22 13:00:00,0.0,39.8102646522941
2030-06-22 14:00:00,0.0,36.041552101420976
2030-06-22 15:00:00,0.0,43.278761967210485
2030-06-22 16:00:00,0.0,62.45205055570616
2030-06-22 17:00:00,0.0,73.1889151713134
2030-06-22 18:00:00,0.0,88.09488355015708
2030-06-22 19:00:00,0.0,111.68899357626424
2030-06-22 20:00:00,0.0,133.03310984570683
2030-06-22 21:00:00,0.0,133.27749787008335
2030-06-22 22:00:00,0.0,136.7917976606259
2030-06-22 23:00:00,0.0,136.10066832768763
2030-06-23 00:00:00,0.0,131.28133648697153
2030-06-23 01:00:00,0.0,124.73271498576375
2030-06-23 02:00:00,0.0,119.76284012203189
2030-06-23 03:00:00,0.0,115.93474610818907
2030-06-23 04:00:00,0.0,112.46932392252222
2030-06-23 05:00:00,0.0,110.05672534587177
2030-06-23 06:00:00,0.0,106.44955810606666
2030-06-23 07:00:00,0.0,100.43174739380524
2030-06-23 08:00:00,0.0,92.08551687480883
2030-06-23 09:00:00,0.0,76.84194834566753
2030-06-23 10:00:00,0.0,62.396037187628835
2030-06-23 11:00:00,0.0,51.699412516109305
2030-06-23 12:00:00,0.0,43.02860627126345
2030-06-23 13:00:00,0.0,37.422424043521694
2030-06-23 14:00:00,0.0,35.13875085293273
2030-06-23 15:00:00,0.0,41.54507896374173
2030-06-23 16:00:00,0.0,61.27268367937952
2030-06-23 17:00:00,0.0,71.78715355346083
2030-06-23 18:00:00,0.0,86.71542564259687
2030-06-23 19:00:00,0.0,110.0230356638317
2030-06-23 20:00:00,0.0,129.8276514449833
2030-06-23 21:00:00,0.0,130.9616769510866
2030-06-23 22:00:00,0.0,133.40066943436966
2030-06-23 23:00:00,0.0,133.25794682813327
2030-06-24 00:00:00,0.0,129.45917937721651
2030-06-24 01:00:00,0.0,123.24390314125864
2030-06-24 02:00:00,0.0,118.88793099476163
2030-06-24 03:00:00,0.0,115.34723729758684
2030-06-24 04:00:00,0.0,111.29137364502469
2030-06-24 05:00:00,0.0,109.16128762455457
2030-06-24 06:00:00,0.0,106.63333790039803
2030-06-24 07:00:00,0.0,100.90488260899917
2030-06-24 08:00:00,0.0,93.27928833940598
2030-06-24 09:00:00,0.0,80.4034748764218
2030-06-24 10:00:00,0.0,67.8930939245207
2030-06-24 11:00:00,0.0,58.63565147740496
2030-06-24 12:00:00,0.0,48.4933392990797
2030-06-24 13:00:00,0.0,39.50435861560869
2030-06-24 14:00:00,0.0,36.30991110192815
2030-06-24 15:00:00,0.0,42.51486056368151
2030-06-24 16:00:00,0.0,62.97449804576217
2030-06-24 17:00:00,0.0,74.18580698799303
2030-06-24 18:00:00,0.0,88.79991430940152
2030-06-24 19:00:00,0.0,112.24343686163047
2030-06-24 20:00:00,0.0,131.5301951634864
2030-06-24 21:00:00,0.0,132.28234983482
2030-06-24 22:00:00,0.0,136.6930648987775
2030-06-24 23:00:00,0.0,136.5014646876657
2030-06-25 00:00:00,0.0,136.2551215590936
2030-06-25 01:00:00,0.0,130.16594954371453
2030-06-25 02:00:00,0.0,124.02692237136296
2030-06-25 03:00:00,0.0,119.00816990275541
2030-06-25 04:00:00,0.0,114.99336343828895
2030-06-25 05:00:00,0.0,114.44202405529416
2030-06-25 06:00:00,0.0,111.02547947450284
2030-06-25 07:00:00,0.0,104.6068724022632
2030-06-25 08:00:00,0.0,92.8628041462066
2030-06-25 09:00:00,0.0,78.22253392596747
2030-06-25 10:00:00,0.0,64.16683586695456
2030-06-25 11:00:00,0.0,56.84223290127602
2030-06-25 12:00:00,0.0,53.51436572465775
2030-06-25 13:00:00,0.0,52.143427428412906
2030-06-25 14:00:00,0.0,50.62752577691582
2030-06-25 15:00:00,0.0,58.45575862154339
2030-06-25 16:00:00,0.0,63.23607801126251
2030-06-25 17:00:00,0.0,63.890949361094584
2030-06-25 18:00:00,0.0,78.61324287775369
2030-06-25 19:00:00,0.0,106.720088619526
2030-06-25 20:00:00,0.0,123.1951324367742
2030-06-25 21:00:00,0.0,126.50306183435112
2030-06-25 22:00:00,0.0,130.37710079677652
2030-06-25 23:00:00,0.0,130.07796985493917
2030-06-26 00:00:00,0.0,126.32319224840981
2030-06-26 01:00:00,0.0,123.26052152691645
2030-06-26 02:00:00,0.0,118.32095077820713
2030-06-26 03:00:00,0.0,116.56819986737446
2030-06-26 04:00:00,0.0,113.2523431526264
2030-06-26 05:00:00,0.0,111.36957781282581
2030-06-26 06:00:00,0.0,110.39007061112227
2030-06-26 07:00:00,0.0,102.54423747652083
2030-06-26 08:00:00,0.0,91.33061930233225
2030-06-26 09:00:00,0.0,76.77960290061309
2030-06-26 10:00:00,0.0,62.18982836821749
2030-06-26 11:00:00,0.0,50.21042763501368
2030-06-26 12:00:00,0.0,40.22910549433482
2030-06-26 13:00:00,0.0,38.07960432039166
2030-06-26 14:00:00,0.0,37.914896085443964
2030-06-26 15:00:00,0.0,41.353340680943674
2030-06-26 16:00:00,0.0,52.63255723805012
2030-06-26 17:00:00,0.0,66.15897005670135
2030-06-26 18:00:00,0.0,80.6721446660872
2030-06-26 19:00:00,0.0,101.15158059522219
2030-06-26 20:00:00,0.0,122.15479278375892
2030-06-26 21:00:00,0.0,128.68691322018478
2030-06-26 22:00:00,0.0,130.57456632047342
2030-06-26 23:00:00,0.0,129.29592817693245
2030-06-27 00:00:00,0.0,132.59614405812033
2030-06-27 01:00:00,0.0,126.28017995611935
2030-06-27 02:00:00,0.0,121.75118108836352
2030-06-27 03:00:00,0.0,118.03061780524718
2030-06-27 04:00:00,0.0,114.21425441657459
2030-06-27 05:00:00,0.0,111.40574724043347
2030-06-27 06:00:00,0.0,108.08011500471025
2030-06-27 07:00:00,0.0,102.03395528162162
2030-06-27 08:00:00,0.0,95.51880408767587
2030-06-27 09:00:00,0.0,80.38232032860401
2030-06-27 10:00:00,0.0,67.72099702322895
2030-06-27 11:00:00,0.0,55.403702825276696
2030-06-27 12:00:00,0.0,46.148901199140234
2030-06-27 13:00:00,0.0,40.543911126251324
2030-06-27 14:00:00,0.0,37.98575602614564
2030-06-27 15:00:00,0.0,44.512280781167306
2030-06-27 16:00:00,0.0,64.33640118645329
2030-06-27 17:00:00,0.0,75.4474376209381
2030-06-27 18:00:00,0.0,89.64558686707582
2030-06-27 19:00:00,0.0,112.60264408035573
2030-06-27 20:00:00,0.0,132.9708547518261
2030-06-27 21:00:00,0.0,133.80048824225068
2030-06-27 22:00:00,0.0,137.35095746040042
2030-06-27 23:00:00,0.0,138.11442564855463
2030-06-28 00:00:00,0.0,133.80635355483568
2030-06-28 01:00:00,0.0,126.777753973751
2030-06-28 02:00:00,0.0,121.51070327237642
2030-06-28 03:00:00,0.0,117.43333347366945
2030-06-28 04:00:00,0.0,113.11744096317045
2030-06-28 05:00:00,0.0,110.78011389802793
2030-06-28 06:00:00,0.0,107.37627749450414
2030-06-28 07:00:00,0.0,101.3193646983429
2030-06-28 08:00:00,0.0,95.55182407560834
2030-06-28 09:00:00,0.0,91.20488343393595
2030-06-28 10:00:00,0.0,77.9164963504413
2030-06-28 11:00:00,0.0,63.904768065841026
2030-06-28 12:00:00,0.0,51.199661142551115
2030-06-28 13:00:00,0.0,39.06051316532581
2030-06-28 14:00:00,0.0,35.95271509451946
2030-06-28 15:00:00,0.0,41.944853324632405
2030-06-28 16:00:00,0.0,61.445379573775874
2030-06-28 17:00:00,0.0,73.17800688387456
2030-06-28 18:00:00,0.0,88.32455072617438
2030-06-28 19:00:00,0.0,111.50000320656636
2030-06-28 20:00:00,0.0,133.02970717731606
2030-06-28 21:00:00,0.0,132.82391369683975
2030-06-28 22:00:00,0.0,137.25222469855223
2030-06-28 23:00:00,0.0,137.31381048069517
2030-06-29 00:00:00,0.0,132.82586880103494
2030-06-29 01:00:00,0.0,126.69172938917043
2030-06-29 02:00:00,0.0,121.78637296387365
2030-06-29 03:00:00,0.0,117.1713495115373
2030-06-29 04:00:00,0.0,113.11255320268288
2030-06-29 05:00:00,0.0,110.5513667072114
2030-06-29 06:00:00,0.0,106.8523095702401
2030-06-29 07:00:00,0.0,100.8198355765162
2030-06-29 08:00:00,0.0,92.27377672288819
2030-06-29 09:00:00,0.0,78.66278141033946
2030-06-29 10:00:00,0.0,62.3048155105962
2030-06-29 11:00:00,0.0,52.634548765633994
2030-06-29 12:00:00,0.0,46.309995078620425
2030-06-29 13:00:00,0.0,40.79209786433628
2030-06-29 14:00:00,0.0,36.41433173462781
2030-06-29 15:00:00,0.0,42.789170134224264
2030-06-29 16:00:00,0.0,62.30039480393032
2030-06-29 17:00:00,0.0,73.19451814901265
2030-06-29 18:00:00,0.0,87.58339644608725
2030-06-29 19:00:00,0.0,110.53806315787917
2030-06-29 20:00:00,0.0,131.76943447953508
2030-06-29 21:00:00,0.0,132.90896072932307
2030-06-29 22:00:00,0.0,136.09773567139518
2030-06-29 23:00:00,0.0,136.27076239265395
2030-06-30 00:00:00,0.0,132.1347394680964
2030-06-30 01:00:00,0.0,125.58318531059604
2030-06-30 02:00:00,0.0,120.83912498138805
2030-06-30 03:00:00,0.0,116.75686742219386
2030-06-30 04:00:00,0.0,113.29828810120944
2030-06-30 05:00:00,0.0,110.49955644604336
2030-06-30 06:00:00,0.0,106.98330155130589
2030-06-30 07:00:00,0.0,100.81397026393095
2030-06-30 08:00:00,0.0,93.10205737961725
2030-06-30 09:00:00,0.0,78.68994263789546
2030-06-30 10:00:00,0.0,64.85465832649925
2030-06-30 11:00:00,0.0,54.08202397029551
2030-06-30 12:00:00,0.0,43.30356949000177
2030-06-30 13:00:00,0.0,38.14121194753239
2030-06-30 14:00:00,0.0,35.56575785548955
2030-06-30 15:00:00,0.0,41.4540030306067
2030-06-30 16:00:00,0.0,59.776673365872625
2030-06-30 17:00:00,0.0,70.60959313337071
2030-06-30 18:00:00,0.0,84.1806356038469
2030-06-30 19:00:00,0.0,108.49910772821612
2030-06-30 20:00:00,0.0,129.7311658505164
2030-06-30 21:00:00,0.0,131.67626753436525
2030-06-30 22:00:00,0.0,135.74679446838945
2030-06-30 23:00:00,0.0,135.88462931413824
2030-07-01 00:00:00,0.0,145.06970882232577
2030-07-01 01:00:00,0.0,141.37749455003723
2030-07-01 02:00:00,0.0,135.01460794735556
2030-07-01 03:00:00,0.0,131.13665877654023
2030-07-01 04:00:00,0.0,126.48839855288861
2030-07-01 05:00:00,0.0,120.66218805173946
2030-07-01 06:00:00,0.0,120.92221690967665
2030-07-01 07:00:00,0.0,113.40386372774014
2030-07-01 08:00:00,0.0,107.30400092915693
2030-07-01 09:00:00,0.0,95.07877880985583
2030-07-01 10:00:00,0.0,76.53943255766399
2030-07-01 11:00:00,0.0,69.54853337465168
2030-07-01 12:00:00,0.0,65.20799217289505
2030-07-01 13:00:00,0.0,67.19147707915693
2030-07-01 14:00:00,0.0,64.15394616838353
2030-07-01 15:00:00,0.0,62.97748497993927
2030-07-01 16:00:00,0.0,73.65059846383495
2030-07-01 17:00:00,0.0,88.41139324334334
2030-07-01 18:00:00,0.0,103.65274725295512
2030-07-01 19:00:00,0.0,119.8381345688508
2030-07-01 20:00:00,0.0,137.30702263282046
2030-07-01 21:00:00,0.0,138.6149323224788
2030-07-01 22:00:00,0.0,143.65225828093912
2030-07-01 23:00:00,0.0,147.87821599846723
2030-07-02 00:00:00,0.0,138.7967570126151
2030-07-02 01:00:00,0.0,135.70671483239175
2030-07-02 02:00:00,0.0,129.75244500646886
2030-07-02 03:00:00,0.0,125.72786302102712
2030-07-02 04:00:00,0.0,121.94082619527988
2030-07-02 05:00:00,0.0,118.75889411789056
2030-07-02 06:00:00,0.0,116.73242861975586
2030-07-02 07:00:00,0.0,106.50527857562427
2030-07-02 08:00:00,0.0,96.85841116834126
2030-07-02 09:00:00,0.0,83.01005324059133
2030-07-02 10:00:00,0.0,67.77270162365312
2030-07-02 11:00:00,0.0,60.6120428558479
2030-07-02 12:00:00,0.0,60.09972939514682
2030-07-02 13:00:00,0.0,59.16331353462056
2030-07-02 14:00:00,0.0,52.143335567121085
2030-07-02 15:00:00,0.0,50.650879855103085
2030-07-02 16:00:00,0.0,56.41832576670004
2030-07-02 17:00:00,0.0,69.76505081788764
2030-07-02 18:00:00,0.0,85.75814200811328
2030-07-02 19:00:00,0.0,108.28779726125047
2030-07-02 20:00:00,0.0,124.86213260870908
2030-07-02 21:00:00,0.0,128.8804685354912
2030-07-02 22:00:00,0.0,131.60392867914925
2030-07-02 23:00:00,0.0,135.3264470664608
2030-07-03 00:00:00,0.0,135.14755503261676
2030-07-03 01:00:00,0.0,130.5520826222305
2030-07-03 02:00:00,0.0,127.65852841360584
2030-07-03 03:00:00,0.0,125.6252200507888
2030-07-03 04:00:00,0.0,122.02685077986096
2030-07-03 05:00:00,0.0,121.60748093002984
2030-07-03 06:00:00,0.0,119.36888662673572
2030-07-03 07:00:00,0.0,112.52015663159273
2030-07-03 08:00:00,0.0,95.91887903349607
2030-07-03 09:00:00,0.0,78.40721439251911
2030-07-03 10:00:00,0.0,54.342516685982446
2030-07-03 11:00:00,0.0,41.82686504172921
2030-07-03 12:00:00,0.0,40.191656096590116
2030-07-03 13:00:00,0.0,33.72654988620705
2030-07-03 14:00:00,0.0,32.38312296123365
2030-07-03 15:00:00,0.0,40.95011993972342
2030-07-03 16:00:00,0.0,51.41147807340224
2030-07-03 17:00:00,0.0,71.00582310345544
2030-07-03 18:00:00,0.0,87.34762823316579
2030-07-03 19:00:00,0.0,112.996626360391
2030-07-03 20:00:00,0.0,134.0718684364774
2030-07-03 21:00:00,0.0,134.8992567998498
2030-07-03 22:00:00,0.0,140.2396239085374
2030-07-03 23:00:00,0.0,142.8966105095651
2030-07-04 00:00:00,0.0,146.4138429564
2030-07-04 01:00:00,0.0,142.59650201563
2030-07-04 02:00:00,0.0,135.80544759423992
2030-07-04 03:00:00,0.0,132.48665822319936
2030-07-04 04:00:00,0.0,128.23332904694098
2030-07-04 05:00:00,0.0,122.6857208935812
2030-07-04 06:00:00,0.0,121.97992827918053
2030-07-04 07:00:00,0.0,114.61700588074793
2030-07-04 08:00:00,0.0,107.39683048622008
2030-07-04 09:00:00,0.0,94.09850428464733
2030-07-04 10:00:00,0.0,73.53133532000857
2030-07-04 11:00:00,0.0,61.31486781032709
2030-07-04 12:00:00,0.0,53.10254515676206
2030-07-04 13:00:00,0.0,49.62219042016841
2030-07-04 14:00:00,0.0,49.334893581035885
2030-07-04 15:00:00,0.0,57.59124468687742
2030-07-04 16:00:00,0.0,69.14782880496932
2030-07-04 17:00:00,0.0,83.01243967412711
2030-07-04 18:00:00,0.0,97.30917922335537
2030-07-04 19:00:00,0.0,118.26264194018948
2030-07-04 20:00:00,0.0,138.1054385816842
2030-07-04 21:00:00,0.0,138.95707555660647
2030-07-04 22:00:00,0.0,142.89758806166265
2030-07-04 23:00:00,0.0,145.105878249934
2030-07-05 00:00:00,0.0,144.43429995894576
2030-07-05 01:00:00,0.0,140.93955121035333
2030-07-05 02:00:00,0.0,135.1368019595443
2030-07-05 03:00:00,0.0,131.79259623396865
2030-07-05 04:00:00,0.0,127.65852841360584
2030-07-05 05:00:00,0.0,122.32304906540593
2030-07-05 06:00:00,0.0,122.6671474037289
2030-07-05 07:00:00,0.0,115.45770068460524
2030-07-05 08:00:00,0.0,108.72919610292364
2030-07-05 09:00:00,0.0,95.14139934411331
2030-07-05 10:00:00,0.0,78.59360362395
2030-07-05 11:00:00,0.0,70.58590197070544
2030-07-05 12:00:00,0.0,62.89845374627248
2030-07-05 13:00:00,0.0,59.21749169270197
2030-07-05 14:00:00,0.0,53.30891758489361
2030-07-05 15:00:00,0.0,62.45019854796647
2030-07-05 16:00:00,0.0,75.37882786745011
2030-07-05 17:00:00,0.0,89.46037259618515
2030-07-05 18:00:00,0.0,101.22385820441332
2030-07-05 19:00:00,0.0,118.39735466864522
2030-07-05 20:00:00,0.0,138.54286600121395
2030-07-05 21:00:00,0.0,140.1663075012243
2030-07-05 22:00:00,0.0,143.5496153107004
2030-07-05 23:00:00,0.0,146.81463931637802
2030-07-06 00:00:00,0.0,146.19487128655777
2030-07-06 01:00:00,0.0,142.4303181590535
2030-07-06 02:00:00,0.0,136.24730114231352
2030-07-06 03:00:00,0.0,132.89331989576294
2030-07-06 04:00:00,0.0,129.18057702942633
2030-07-06 05:00:00,0.0,123.58604637538656
2030-07-06 06:00:00,0.0,123.346546111497
2030-07-06 07:00:00,0.0,116.23974236261164
2030-07-06 08:00:00,0.0,110.10127154108568
2030-07-06 09:00:00,0.0,98.46036178917892
2030-07-06 10:00:00,0.0,83.26390887890147
2030-07-06 11:00:00,0.0,77.79207174312205
2030-07-06 12:00:00,0.0,72.91326769943862
2030-07-06 13:00:00,0.0,73.34938819074705
2030-07-06 14:00:00,0.0,77.37417313817514
2030-07-06 15:00:00,0.0,70.08762583769658
2030-07-06 16:00:00,0.0,74.00955829294662
2030-07-06 17:00:00,0.0,84.75309306738198
2030-07-06 18:00:00,0.0,95.28007546723892
2030-07-06 19:00:00,0.0,115.99726570080156
2030-07-06 20:00:00,0.0,135.2703924874818
2030-07-06 21:00:00,0.0,137.48488209775903
2030-07-06 22:00:00,0.0,142.5114549831469
2030-07-06 23:00:00,0.0,145.33364788865322
2030-07-07 00:00:00,0.0,144.76177991161103
2030-07-07 01:00:00,0.0,141.28755975706645
2030-07-07 02:00:00,0.0,135.13973461583691
2030-07-07 03:00:00,0.0,131.68702060743777
2030-07-07 04:00:00,0.0,127.66146106989852
2030-07-07 05:00:00,0.0,122.217473438875
2030-07-07 06:00:00,0.0,121.86164447538215
2030-07-07 07:00:00,0.0,114.4899241080722
2030-07-07 08:00:00,0.0,107.47753081883411
2030-07-07 09:00:00,0.0,94.06041764504455
2030-07-07 10:00:00,0.0,76.11831855953648
2030-07-07 11:00:00,0.0,71.38137324659169
2030-07-07 12:00:00,0.0,62.797836205316166
2030-07-07 13:00:00,0.0,57.05298840490422
2030-07-07 14:00:00,0.0,54.51924259260949
2030-07-07 15:00:00,0.0,66.54664793740405
2030-07-07 16:00:00,0.0,77.5559631928533
2030-07-07 17:00:00,0.0,89.83576572153468
2030-07-07 18:00:00,0.0,100.0670158329171
2030-07-07 19:00:00,0.0,119.96992374847478
2030-07-07 20:00:00,0.0,138.78324398523182
2030-07-07 21:00:00,0.0,140.7821653226547
2030-07-07 22:00:00,0.0,143.78911557459014
2030-07-07 23:00:00,0.0,146.5819819171711
2030-07-08 00:00:00,0.0,145.3932785666011
2030-07-08 01:00:00,0.0,141.61308460553664
2030-07-08 02:00:00,0.0,134.80834445478166
2030-07-08 03:00:00,0.0,130.84143804309292
2030-07-08 04:00:00,0.0,127.0368052795909
2030-07-08 05:00:00,0.0,121.62996462827248
2030-07-08 06:00:00,0.0,121.67297692056285
2030-07-08 07:00:00,0.0,114.54271192133764
2030-07-08 08:00:00,0.0,107.23096944452266
2030-07-08 09:00:00,0.0,94.56672732877718
2030-07-08 10:00:00,0.0,78.23824758307
2030-07-08 11:00:00,0.0,67.13997652586932
2030-07-08 12:00:00,0.0,58.98524418731631
2030-07-08 13:00:00,0.0,56.739425168752575
2030-07-08 14:00:00,0.0,56.19550942862395
2030-07-08 15:00:00,0.0,64.26078862578214
2030-07-08 16:00:00,0.0,74.61833677870662
2030-07-08 17:00:00,0.0,86.98509735750211
2030-07-08 18:00:00,0.0,97.61771258777937
2030-07-08 19:00:00,0.0,119.86463158226593
2030-07-08 20:00:00,0.0,139.440267935478
2030-07-08 21:00:00,0.0,141.28755975706645
2030-07-08 22:00:00,0.0,144.6591369413727
2030-07-08 23:00:00,0.0,147.08639879948532
2030-07-09 00:00:00,0.0,138.83585909651572
2030-07-09 01:00:00,0.0,135.51120441289004
2030-07-09 02:00:00,0.0,129.81109813231927
2030-07-09 03:00:00,0.0,125.55972406025575
2030-07-09 04:00:00,0.0,121.02877008830488
2030-07-09 05:00:00,0.0,118.53307958336624
2030-07-09 06:00:00,0.0,116.65520200405284
2030-07-09 07:00:00,0.0,106.37233149036324
2030-07-09 08:00:00,0.0,96.60859432285798
2030-07-09 09:00:00,0.0,81.48084877997614
2030-07-09 10:00:00,0.0,67.2941000555794
2030-07-09 11:00:00,0.0,52.061579726417904
2030-07-09 12:00:00,0.0,45.116457525886176
2030-07-09 13:00:00,0.0,44.48241969950516
2030-07-09 14:00:00,0.0,39.56119508615757
2030-07-09 15:00:00,0.0,46.706102976460095
2030-07-09 16:00:00,0.0,49.37856064410687
2030-07-09 17:00:00,0.0,60.8767047948179
2030-07-09 18:00:00,0.0,82.16766127131768
2030-07-09 19:00:00,0.0,108.82021919987805
2030-07-09 20:00:00,0.0,128.59961340909172
2030-07-09 21:00:00,0.0,131.43383461418296
2030-07-09 22:00:00,0.0,134.60012585801235
2030-07-09 23:00:00,0.0,137.42916162820123
2030-07-10 00:00:00,0.0,136.77615682706573
2030-07-10 01:00:00,0.0,132.29603556418533
2030-07-10 02:00:00,0.0,128.2597229535736
2030-07-10 03:00:00,0.0,125.70146911439444
2030-07-10 04:00:00,0.0,121.87924041313708
2030-07-10 05:00:00,0.0,121.55860332515437
2030-07-10 06:00:00,0.0,119.87916882163512
2030-07-10 07:00:00,0.0,112.75183647870232
2030-07-10 08:00:00,0.0,96.93372057204925
2030-07-10 09:00:00,0.0,76.93610742132654
2030-07-10 10:00:00,0.0,57.229903178181644
2030-07-10 11:00:00,0.0,45.016674020226844
2030-07-10 12:00:00,0.0,39.121066397925915
2030-07-10 13:00:00,0.0,29.155809206466415
2030-07-10 14:00:00,0.0,24.643084773726404
2030-07-10 15:00:00,0.0,32.40772826612567
2030-07-10 16:00:00,0.0,44.284712644658725
2030-07-10 17:00:00,0.0,62.012466211942126
2030-07-10 18:00:00,0.0,81.80187752620513
2030-07-10 19:00:00,0.0,110.21402813738536
2030-07-10 20:00:00,0.0,132.54581925334787
2030-07-10 21:00:00,0.0,131.96171274683746
2030-07-10 22:00:00,0.0,137.97268059441586
2030-07-10 23:00:00,0.0,140.3236933889233
2030-07-11 00:00:00,0.0,144.41474891699545
2030-07-11 01:00:00,0.0,140.1320931778116
2030-07-11 02:00:00,0.0,134.35671538573274
2030-07-11 03:00:00,0.0,130.95678919059895
2030-07-11 04:00:00,0.0,127.24502387636
2030-07-11 05:00:00,0.0,122.21551833467991
2030-07-11 06:00:00,0.0,122.31913885701579
2030-07-11 07:00:00,0.0,115.32084339095404
2030-07-11 08:00:00,0.0,109.00471422562094
2030-07-11 09:00:00,0.0,95.44010910016902
2030-07-11 10:00:00,0.0,77.48291497501708
2030-07-11 11:00:00,0.0,65.00894829283067
2030-07-11 12:00:00,0.0,56.78282878209859
2030-07-11 13:00:00,0.0,54.562306611404324
2030-07-11 14:00:00,0.0,52.23904091894138
2030-07-11 15:00:00,0.0,57.94471010954795
2030-07-11 16:00:00,0.0,68.77254681000272
2030-07-11 17:00:00,0.0,82.79365345929364
2030-07-11 18:00:00,0.0,97.50487254648577
2030-07-11 19:00:00,0.0,119.4227977114707
2030-07-11 20:00:00,0.0,139.32243665487113
2030-07-11 21:00:00,0.0,139.9717746338203
2030-07-11 22:00:00,0.0,143.63661744737885
2030-07-11 23:00:00,0.0,146.34248165328177
2030-07-12 00:00:00,0.0,145.42651533791647
2030-07-12 01:00:00,0.0,141.88288898444898
2030-07-12 02:00:00,0.0,135.37923487972637
2030-07-12 03:00:00,0.0,131.5296347197388
2030-07-12 04:00:00,0.0,127.00943382086052
2030-07-12 05:00:00,0.0,121.73260759851085
2030-07-12 06:00:00,0.0,122.1314488542942
2030-07-12 07:00:00,0.0,115.20158203505804
2030-07-12 08:00:00,0.0,111.00639078405673
2030-07-12 09:00:00,0.0,103.17963610340176
2030-07-12 10:00:00,0.0,87.25482745567825
2030-07-12 11:00:00,0.0,81.57468209151625
2030-07-12 12:00:00,0.0,78.06835463923517
2030-07-12 13:00:00,0.0,72.19203209392288
2030-07-12 14:00:00,0.0,63.583338491944346
2030-07-12 15:00:00,0.0,64.86571814401299
2030-07-12 16:00:00,0.0,69.22801905782143
2030-07-12 17:00:00,0.0,82.8606411083314
2030-07-12 18:00:00,0.0,99.42478014560248
2030-07-12 19:00:00,0.0,114.77142447798684
2030-07-12 20:00:00,0.0,134.28541820817415
2030-07-12 21:00:00,0.0,136.1808275996832
2030-07-12 22:00:00,0.0,140.91120219952575
2030-07-12 23:00:00,0.0,143.4909621848501
2030-07-13 00:00:00,0.0,142.93962280185542
2030-07-13 01:00:00,0.0,139.61008035774228
2030-07-13 02:00:00,0.0,134.08495590262544
2030-07-13 03:00:00,0.0,130.07503719864647
2030-07-13 04:00:00,0.0,125.79140390736517
2030-07-13 05:00:00,0.0,120.72084117758976
2030-07-13 06:00:00,0.0,121.12457019386068
2030-07-13 07:00:00,0.0,114.11356655053135
2030-07-13 08:00:00,0.0,108.240648869727
2030-07-13 09:00:00,0.0,99.1340405704156
2030-07-13 10:00:00,0.0,83.97068306688207
2030-07-13 11:00:00,0.0,71.02545247085862
2030-07-13 12:00:00,0.0,61.290278531984484
2030-07-13 13:00:00,0.0,59.25489445379338
2030-07-13 14:00:00,0.0,62.30253318121578
2030-07-13 15:00:00,0.0,66.67821996676548
2030-07-13 16:00:00,0.0,76.71799628117265
2030-07-13 17:00:00,0.0,87.16932714171729
2030-07-13 18:00:00,0.0,96.93383602238055
2030-07-13 19:00:00,0.0,117.49058638379368
2030-07-13 20:00:00,0.0,134.1447505381019
2030-07-13 21:00:00,0.0,135.89147217882072
2030-07-13 22:00:00,0.0,142.5486019628521
2030-07-13 23:00:00,0.0,145.48125825537693
2030-07-14 00:00:00,0.0,144.68455329590768
2030-07-14 01:00:00,0.0,141.38140475842727
2030-07-14 02:00:00,0.0,135.59918410166574
2030-07-14 03:00:00,0.0,132.39672343022863
2030-07-14 04:00:00,0.0,128.40049045561477
2030-07-14 05:00:00,0.0,123.40422168525004
2030-07-14 06:00:00,0.0,123.70335262708748
2030-07-14 07:00:00,0.0,116.499771220549
2030-07-14 08:00:00,0.0,109.24345518315248
2030-07-14 09:00:00,0.0,95.86536903875081
2030-07-14 10:00:00,0.0,76.88683773194624
2030-07-14 11:00:00,0.0,65.66879887174537
2030-07-14 12:00:00,0.0,58.53555200108656
2030-07-14 13:00:00,0.0,57.948935844267
2030-07-14 14:00:00,0.0,52.71988651471804
2030-07-14 15:00:00,0.0,60.10001646618184
2030-07-14 16:00:00,0.0,70.97906880886279
2030-07-14 17:00:00,0.0,84.00428378136462
2030-07-14 18:00:00,0.0,98.19531180138534
2030-07-14 19:00:00,0.0,120.23639687181571
2030-07-14 20:00:00,0.0,138.78112638070206
2030-07-14 21:00:00,0.0,139.11641654850052
2030-07-14 22:00:00,0.0,143.2915415569584
2030-07-14 23:00:00,0.0,145.9260444597432
2030-07-15 00:00:00,0.0,145.15182319851667
2030-07-15 01:00:00,0.0,141.59451111568399
2030-07-15 02:00:00,0.0,135.8494374386279
2030-07-15 03:00:00,0.0,132.53749093226986
2030-07-15 04:00:00,0.0,128.50508853004817
2030-07-15 05:00:00,0.0,123.55867491665629
2030-07-15 06:00:00,0.0,123.70335262708748
2030-07-15 07:00:00,0.0,116.63565096210264
2030-07-15 08:00:00,0.0,109.89572946266937
2030-07-15 09:00:00,0.0,97.69259645219641
2030-07-15 10:00:00,0.0,78.78171517804259
2030-07-15 11:00:00,0.0,65.11044610787707
2030-07-15 12:00:00,0.0,56.67773373232001
2030-07-15 13:00:00,0.0,52.94731803544306
2030-07-15 14:00:00,0.0,52.352184829013936
2030-07-15 15:00:00,0.0,59.63023290985337
2030-07-15 16:00:00,0.0,73.37204493848901
2030-07-15 17:00:00,0.0,86.56764837039542
2030-07-15 18:00:00,0.0,100.11573239206967
2030-07-15 19:00:00,0.0,120.82110491764728
2030-07-15 20:00:00,0.0,140.2009211525131
2030-07-15 21:00:00,0.0,140.24939942951266
2030-07-15 22:00:00,0.0,144.1077975583778
2030-07-15 23:00:00,0.0,147.19197442601643
2030-07-16 00:00:00,0.0,139.48397613716367
2030-07-16 01:00:00,0.0,136.3773155712823
2030-07-16 02:00:00,0.0,130.72510934348946
2030-07-16 03:00:00,0.0,125.9575877639416
2030-07-16 04:00:00,0.0,121.6319197324675
2030-07-16 05:00:00,0.0,119.27406407327749
2030-07-16 06:00:00,0.0,116.4244997090409
2030-07-16 07:00:00,0.0,106.2687109680274
2030-07-16 08:00:00,0.0,97.40348663947168
2030-07-16 09:00:00,0.0,84.53473355831272
2030-07-16 10:00:00,0.0,74.38356183563906
2030-07-16 11:00:00,0.0,65.33458976326858
2030-07-16 12:00:00,0.0,61.923913753094894
2030-07-16 13:00:00,0.0,61.01741251706363
2030-07-16 14:00:00,0.0,56.7612191855261
2030-07-16 15:00:00,0.0,58.9931983403452
2030-07-16 16:00:00,0.0,58.2051146482342
2030-07-16 17:00:00,0.0,67.3379576376928
2030-07-16 18:00:00,0.0,85.55292310629254
2030-07-16 19:00:00,0.0,109.30787815990936
2030-07-16 20:00:00,0.0,125.87913110118568
2030-07-16 21:00:00,0.0,130.97829533674417
2030-07-16 22:00:00,0.0,135.11920602178918
2030-07-16 23:00:00,0.0,137.04987141436803
2030-07-17 00:00:00,0.0,136.81330380677105
2030-07-17 01:00:00,0.0,131.55602862637153
2030-07-17 02:00:00,0.0,127.02214199812812
2030-07-17 03:00:00,0.0,124.83829061229464
2030-07-17 04:00:00,0.0,121.5028828555964
2030-07-17 05:00:00,0.0,120.41682247526467
2030-07-17 06:00:00,0.0,118.07558520173232
2030-07-17 07:00:00,0.0,110.4888033729706
2030-07-17 08:00:00,0.0,95.8413886347498
2030-07-17 09:00:00,0.0,83.5573494514324
2030-07-17 10:00:00,0.0,71.70371957605454
2030-07-17 11:00:00,0.0,64.30419306066494
2030-07-17 12:00:00,0.0,62.85021200351196
2030-07-17 13:00:00,0.0,50.69128126471793
2030-07-17 14:00:00,0.0,45.937203845951444
2030-07-17 15:00:00,0.0,57.24637182298538
2030-07-17 16:00:00,0.0,67.86465275651699
2030-07-17 17:00:00,0.0,79.3005487143642
2030-07-17 18:00:00,0.0,92.07347726260997
2030-07-17 19:00:00,0.0,109.12479864010017
2030-07-17 20:00:00,0.0,130.53696754617317
2030-07-17 21:00:00,0.0,131.94216170488733
2030-07-17 22:00:00,0.0,138.26887887996088
2030-07-17 23:00:00,0.0,140.8818756366005
2030-07-18 00:00:00,0.0,144.87224329862931
2030-07-18 01:00:00,0.0,141.5084865311033
2030-07-18 02:00:00,0.0,135.48090029786727
2030-07-18 03:00:00,0.0,132.10639045726873
2030-07-18 04:00:00,0.0,128.13655138928755
2030-07-18 05:00:00,0.0,122.53517787056512
2030-07-18 06:00:00,0.0,123.09433767033988
2030-07-18 07:00:00,0.0,115.9435440770668
2030-07-18 08:00:00,0.0,110.37620160350355
2030-07-18 09:00:00,0.0,96.80010268171347
2030-07-18 10:00:00,0.0,79.6668607347973
2030-07-18 11:00:00,0.0,67.64039867352199
2030-07-18 12:00:00,0.0,59.63232174255188
2030-07-18 13:00:00,0.0,57.66336967309826
2030-07-18 14:00:00,0.0,55.13046806418572
2030-07-18 15:00:00,0.0,69.2065956280731
2030-07-18 16:00:00,0.0,77.39898939380201
2030-07-18 17:00:00,0.0,86.52777424130964
2030-07-18 18:00:00,0.0,98.15553313397815
2030-07-18 19:00:00,0.0,116.50030789409628
2030-07-18 20:00:00,0.0,133.81305213668657
2030-07-18 21:00:00,0.0,136.79864052530843
2030-07-18 22:00:00,0.0,141.55638658388125
2030-07-18 23:00:00,0.0,145.33071523236066
2030-07-19 00:00:00,0.0,144.54476334596404
2030-07-19 01:00:00,0.0,141.14092694244016
2030-07-19 02:00:00,0.0,135.53564321532767
2030-07-19 03:00:00,0.0,132.18361707297183
2030-07-19 04:00:00,0.0,128.40733332029737
2030-07-19 05:00:00,0.0,123.42866048768768
2030-07-19 06:00:00,0.0,123.7092179396726
2030-07-19 07:00:00,0.0,116.32772205138758
2030-07-19 08:00:00,0.0,110.57214851448428
2030-07-19 09:00:00,0.0,98.15028831326845
2030-07-19 10:00:00,0.0,82.12559518726039
2030-07-19 11:00:00,0.0,72.27327676842322
2030-07-19 12:00:00,0.0,71.09758655034057
2030-07-19 13:00:00,0.0,67.37284670504846
2030-07-19 14:00:00,0.0,72.46319113318634
2030-07-19 15:00:00,0.0,64.06654215244941
2030-07-19 16:00:00,0.0,72.86678969189414
2030-07-19 17:00:00,0.0,89.37594606074036
2030-07-19 18:00:00,0.0,98.12324512356689
2030-07-19 19:00:00,0.0,118.07096740703469
2030-07-19 20:00:00,0.0,136.88209498216776
2030-07-19 21:00:00,0.0,138.7107324280346
2030-07-19 22:00:00,0.0,142.53882644187706
2030-07-19 23:00:00,0.0,145.7686585720444
2030-07-20 00:00:00,0.0,145.2642416897301
2030-07-20 01:00:00,0.0,141.94447476659195
2030-07-20 02:00:00,0.0,136.02148660778937
2030-07-20 03:00:00,0.0,132.5785481203652
2030-07-20 04:00:00,0.0,128.69082342857473
2030-07-20 05:00:00,0.0,122.54690849573524
2030-07-20 06:00:00,0.0,123.23706027657607
2030-07-20 07:00:00,0.0,116.13123407978838
2030-07-20 08:00:00,0.0,109.439649124612
2030-07-20 09:00:00,0.0,96.64728028242956
2030-07-20 10:00:00,0.0,77.38245228025596
2030-07-20 11:00:00,0.0,64.57401484974241
2030-07-20 12:00:00,0.0,55.92581690869196
2030-07-20 13:00:00,0.0,53.55344479063342
2030-07-20 14:00:00,0.0,50.426910728348616
2030-07-20 15:00:00,0.0,57.04262772900137
2030-07-20 16:00:00,0.0,70.29560796089663
2030-07-20 17:00:00,0.0,80.56357693420546
2030-07-20 18:00:00,0.0,96.19962479678918
2030-07-20 19:00:00,0.0,119.35673187557988
2030-07-20 20:00:00,0.0,139.15971922794623
2030-07-20 21:00:00,0.0,140.24353411692755
2030-07-20 22:00:00,0.0,143.43719681948707
2030-07-20 23:00:00,0.0,146.4451246235201
2030-07-21 00:00:00,0.0,145.3453785138233
2030-07-21 01:00:00,0.0,141.57593762583133
2030-07-21 02:00:00,0.0,135.29907560773074
2030-07-21 03:00:00,0.0,131.25592013243647
2030-07-21 04:00:00,0.0,127.09741350963628
2030-07-21 05:00:00,0.0,121.34354186370253
2030-07-21 06:00:00,0.0,121.06200685962015
2030-07-21 07:00:00,0.0,114.07153181033844
2030-07-21 08:00:00,0.0,107.54385279266457
2030-07-21 09:00:00,0.0,93.03032476216805
2030-07-21 10:00:00,0.0,73.81279344550484
2030-07-21 11:00:00,0.0,62.28602738184469
2030-07-21 12:00:00,0.0,56.0696074285263
2030-07-21 13:00:00,0.0,59.09980251042714
2030-07-21 14:00:00,0.0,59.493846372386656
2030-07-21 15:00:00,0.0,64.4954568874972
2030-07-21 16:00:00,0.0,79.05407399531794
2030-07-21 17:00:00,0.0,88.43037481197939
2030-07-21 18:00:00,0.0,98.88010144193201
2030-07-21 19:00:00,0.0,119.34104404235892
2030-07-21 20:00:00,0.0,138.48448395212017
2030-07-21 21:00:00,0.0,138.7899141479328
2030-07-21 22:00:00,0.0,143.05888415775144
2030-07-21 23:00:00,0.0,146.2193100889957
2030-07-22 00:00:00,0.0,145.429447994209
2030-07-22 01:00:00,0.0,141.83596648376857
2030-07-22 02:00:00,0.0,135.18567956441973
2030-07-22 03:00:00,0.0,131.8131248280162
2030-07-22 04:00:00,0.0,127.98209815788124
2030-07-22 05:00:00,0.0,122.03173854034839
2030-07-22 06:00:00,0.0,121.55762577305688
2030-07-22 07:00:00,0.0,114.72551416357152
2030-07-22 08:00:00,0.0,109.14251117916956
2030-07-22 09:00:00,0.0,95.06140147955693
2030-07-22 10:00:00,0.0,74.8964057574517
2030-07-22 11:00:00,0.0,64.10465867614118
2030-07-22 12:00:00,0.0,57.69889347094818
2030-07-22 13:00:00,0.0,56.04881357616978
2030-07-22 14:00:00,0.0,57.048114850764364
2030-07-22 15:00:00,0.0,65.13561724180806
2030-07-22 16:00:00,0.0,71.17067011416043
2030-07-22 17:00:00,0.0,87.49668175119683
2030-07-22 18:00:00,0.0,100.6562921082064
2030-07-22 19:00:00,0.0,119.50719911419604
2030-07-22 20:00:00,0.0,139.9064691984736
2030-07-22 21:00:00,0.0,139.81047853773143
2030-07-22 22:00:00,0.0,143.9328157329238
2030-07-22 23:00:00,0.0,146.56243087522108
2030-07-23 00:00:00,0.0,138.31971158903127
2030-07-23 01:00:00,0.0,135.1817693560297
2030-07-23 02:00:00,0.0,129.59896932715992
2030-07-23 03:00:00,0.0,125.2840543687584
2030-07-23 04:00:00,0.0,120.29365091097866
2030-07-23 05:00:00,0.0,117.79111754135748
2030-07-23 06:00:00,0.0,115.63952537474177
2030-07-23 07:00:00,0.0,105.20513428593836
2030-07-23 08:00:00,0.0,95.27130305346668
2030-07-23 09:00:00,0.0,78.73435950071244
2030-07-23 10:00:00,0.0,63.51656985209586
2030-07-23 11:00:00,0.0,49.97250024365246
2030-07-23 12:00:00,0.0,44.74231776785206
2030-07-23 13:00:00,0.0,45.067954459812654
2030-07-23 14:00:00,0.0,41.98994495075487
2030-07-23 15:00:00,0.0,49.004100964927375
2030-07-23 16:00:00,0.0,52.05988293433535
2030-07-23 17:00:00,0.0,64.44121243226488
2030-07-23 18:00:00,0.0,85.77870082602215
2030-07-23 19:00:00,0.0,112.38129902976128
2030-07-23 20:00:00,0.0,132.67206302023305
2030-07-23 21:00:00,0.0,133.65776563601435
2030-07-23 22:00:00,0.0,135.7370189474144
2030-07-23 23:00:00,0.0,138.64719154169654
2030-07-24 00:00:00,0.0,137.36171053347323
2030-07-24 01:00:00,0.0,132.4719949417367
2030-07-24 02:00:00,0.0,128.364321028007
2030-07-24 03:00:00,0.0,124.8070089451744
2030-07-24 04:00:00,0.0,121.3063948839972
2030-07-24 05:00:00,0.0,120.75407794890508
2030-07-24 06:00:00,0.0,118.1381485359729
2030-07-24 07:00:00,0.0,110.72732608476264
2030-07-24 08:00:00,0.0,96.36656000195497
2030-07-24 09:00:00,0.0,75.16020386352187
2030-07-24 10:00:00,0.0,53.94096757314537
2030-07-24 11:00:00,0.0,39.674129900548735
2030-07-24 12:00:00,0.0,34.96017472391498
2030-07-24 13:00:00,0.0,27.20000690980993
2030-07-24 14:00:00,0.0,25.550917693490188
2030-07-24 15:00:00,0.0,33.58713484969012
2030-07-24 16:00:00,0.0,46.34572220275527
2030-07-24 17:00:00,0.0,65.05537675449744
2030-07-24 18:00:00,0.0,83.98234373255457
2030-07-24 19:00:00,0.0,111.6876356398094
2030-07-24 20:00:00,0.0,133.3452278385876
2030-07-24 21:00:00,0.0,132.33709275228068
2030-07-24 22:00:00,0.0,137.4927025145393
2030-07-24 23:00:00,0.0,140.2054095851248
2030-07-25 00:00:00,0.0,144.7617799116108
2030-07-25 01:00:00,0.0,141.51728449998086
2030-07-25 02:00:00,0.0,135.1280039906668
2030-07-25 03:00:00,0.0,131.5237694071537
2030-07-25 04:00:00,0.0,127.82764492647492
2030-07-25 05:00:00,0.0,122.54397583944272
2030-07-25 06:00:00,0.0,123.74832002357287
2030-07-25 07:00:00,0.0,116.57993049254468
2030-07-25 08:00:00,0.0,110.29554827055021
2030-07-25 09:00:00,0.0,96.87444290960639
2030-07-25 10:00:00,0.0,78.9191514245123
2030-07-25 11:00:00,0.0,65.41733552543491
2030-07-25 12:00:00,0.0,58.32013311382354
2030-07-25 13:00:00,0.0,54.431715047236594
2030-07-25 14:00:00,0.0,55.98139054016576
2030-07-25 15:00:00,0.0,62.800251831778326
2030-07-25 16:00:00,0.0,76.98875743813606
2030-07-25 17:00:00,0.0,85.5182150384595
2030-07-25 18:00:00,0.0,100.66138937127118
2030-07-25 19:00:00,0.0,120.02611860171201
2030-07-25 20:00:00,0.0,138.80653253359043
2030-07-25 21:00:00,0.0,140.37648120218867
2030-07-25 22:00:00,0.0,143.67865218757169
2030-07-25 23:00:00,0.0,145.34733361801827
2030-07-26 00:00:00,0.0,144.42550199006803
2030-07-26 01:00:00,0.0,140.8926287096731
2030-07-26 02:00:00,0.0,134.22376830047165
2030-07-26 03:00:00,0.0,131.01250966015692
2030-07-26 04:00:00,0.0,125.90871015906616
2030-07-26 05:00:00,0.0,119.86743819646505
2030-07-26 06:00:00,0.0,119.77750340349428
2030-07-26 07:00:00,0.0,112.58271996583333
2030-07-26 08:00:00,0.0,106.40499549160664
2030-07-26 09:00:00,0.0,93.30250288871304
2030-07-26 10:00:00,0.0,74.2889065041959
2030-07-26 11:00:00,0.0,61.982443718968334
2030-07-26 12:00:00,0.0,58.9933025374413
2030-07-26 13:00:00,0.0,57.21038850540526
2030-07-26 14:00:00,0.0,68.29985576366221
2030-07-26 15:00:00,0.0,78.2476485445899
2030-07-26 16:00:00,0.0,77.92797077958397
2030-07-26 17:00:00,0.0,90.4835745334404
2030-07-26 18:00:00,0.0,99.28299610636844
2030-07-26 19:00:00,0.0,116.54800791605612
2030-07-26 20:00:00,0.0,135.5424860800103
2030-07-26 21:00:00,0.0,136.79864052530843
2030-07-26 22:00:00,0.0,141.6727152834847
2030-07-26 23:00:00,0.0,145.2046110117821
2030-07-27 00:00:00,0.0,144.40497339602027
2030-07-27 01:00:00,0.0,141.08813912917475
2030-07-27 02:00:00,0.0,135.338177691631
2030-07-27 03:00:00,0.0,131.92358821503467
2030-07-27 04:00:00,0.0,128.2538576409886
2030-07-27 05:00:00,0.0,123.04448251336696
2030-07-27 06:00:00,0.0,123.34165835100949
2030-07-27 07:00:00,0.0,115.9533195980419
2030-07-27 08:00:00,0.0,110.56722286179667
2030-07-27 09:00:00,0.0,97.79225539231862
2030-07-27 10:00:00,0.0,78.26024414718846
2030-07-27 11:00:00,0.0,70.41787595793733
2030-07-27 12:00:00,0.0,60.558087990759816
2030-07-27 13:00:00,0.0,58.48173380470644
2030-07-27 14:00:00,0.0,53.35568778559497
2030-07-27 15:00:00,0.0,59.85380304592263
2030-07-27 16:00:00,0.0,70.94646163301104
2030-07-27 17:00:00,0.0,84.36269052671854
2030-07-27 18:00:00,0.0,98.90195590513709
2030-07-27 19:00:00,0.0,119.74801942234056
2030-07-27 20:00:00,0.0,137.8622172073974
2030-07-27 21:00:00,0.0,137.4702188162966
2030-07-27 22:00:00,0.0,141.12528610888006
2030-07-27 23:00:00,0.0,144.0423015678448
2030-07-28 00:00:00,0.0,143.17814551364745
2030-07-28 01:00:00,0.0,139.74302744300337
2030-07-28 02:00:00,0.0,133.33028568334908
2030-07-28 03:00:00,0.0,129.6761959428631
2030-07-28 04:00:00,0.0,125.34857280719392
2030-07-28 05:00:00,0.0,120.10693846035456
2030-07-28 06:00:00,0.0,119.81171772690708
2030-07-28 07:00:00,0.0,112.8505692405506
2030-07-28 08:00:00,0.0,106.95807173305684
2030-07-28 09:00:00,0.0,93.73860735089085
2030-07-28 10:00:00,0.0,77.3920642105827
2030-07-28 11:00:00,0.0,66.16203676448913
2030-07-28 12:00:00,0.0,68.03575492172479
2030-07-28 13:00:00,0.0,67.78283781427297
2030-07-28 14:00:00,0.0,66.59934394617414
2030-07-28 15:00:00,0.0,77.741913805102
2030-07-28 16:00:00,0.0,86.94125619076215
2030-07-28 17:00:00,0.0,94.14483178401582
2030-07-28 18:00:00,0.0,100.60137613350172
2030-07-28 19:00:00,0.0,120.94390048464705
2030-07-28 20:00:00,0.0,136.68328937780245
2030-07-28 21:00:00,0.0,138.55432409243326
2030-07-28 22:00:00,0.0,142.73042665298863
2030-07-28 23:00:00,0.0,145.37568262884605
2030-07-29 00:00:00,0.0,144.6610920455675
2030-07-29 01:00:00,0.0,141.03339621171426
2030-07-29 02:00:00,0.0,135.00483242638074
2030-07-29 03:00:00,0.0,131.54820820959145
2030-07-29 04:00:00,0.0,127.77681221740454
2030-07-29 05:00:00,0.0,122.69256375826399
2030-07-29 06:00:00,0.0,122.35726338881864
2030-07-29 07:00:00,0.0,115.14488401340257
2030-07-29 08:00:00,0.0,109.66169591208586
2030-07-29 09:00:00,0.0,96.11607234623392
2030-07-29 10:00:00,0.0,79.69188468054517
2030-07-29 11:00:00,0.0,69.94102327145765
2030-07-29 12:00:00,0.0,65.20872962005637
2030-07-29 13:00:00,0.0,67.25291566537157
2030-07-29 14:00:00,0.0,64.51783966345704
2030-07-29 15:00:00,0.0,74.41579441201964
2030-07-29 16:00:00,0.0,84.6601687759463
2030-07-29 17:00:00,0.0,94.79468093691293
2030-07-29 18:00:00,0.0,101.47027056001365
2030-07-29 19:00:00,0.0,120.99720821889524
2030-07-29 20:00:00,0.0,138.869095867831
2030-07-29 21:00:00,0.0,140.7665244890945
2030-07-29 22:00:00,0.0,144.6718451186401
2030-07-29 23:00:00,0.0,147.13234374806842
2030-07-30 00:00:00,0.0,139.55338233608677
2030-07-30 01:00:00,0.0,136.61290562678187
2030-07-30 02:00:00,0.0,131.38300190511256
2030-07-30 03:00:00,0.0,127.00454606037295
2030-07-30 04:00:00,0.0,122.2741714605304
2030-07-30 05:00:00,0.0,119.98474444816604
2030-07-30 06:00:00,0.0,117.79307264555244
2030-07-30 07:00:00,0.0,107.27265697216842
2030-07-30 08:00:00,0.0,97.7740455613666
2030-07-30 09:00:00,0.0,81.65975793584636
2030-07-30 10:00:00,0.0,67.35958875627114
2030-07-30 11:00:00,0.0,51.82537318632592
2030-07-30 12:00:00,0.0,46.72942796111562
2030-07-30 13:00:00,0.0,46.15936751126105
2030-07-30 14:00:00,0.0,41.484220049906185
2030-07-30 15:00:00,0.0,48.225783311705754
2030-07-30 16:00:00,0.0,51.984569888934004
2030-07-30 17:00:00,0.0,63.796730517257856
2030-07-30 18:00:00,0.0,85.23688957309781
2030-07-30 19:00:00,0.0,111.26558016416465
2030-07-30 20:00:00,0.0,129.73973682920115
2030-07-30 21:00:00,0.0,132.68803395528607
2030-07-30 22:00:00,0.0,135.20816326266242
2030-07-30 23:00:00,0.0,138.00298470943864
2030-07-31 00:00:00,0.0,137.18770626011667
2030-07-31 01:00:00,0.0,132.51207457773467
2030-07-31 02:00:00,0.0,128.38093941366463
2030-07-31 03:00:00,0.0,126.0299266191572
2030-07-31 04:00:00,0.0,122.59871875690315
2030-07-31 05:00:00,0.0,122.33282458638092
2030-07-31 06:00:00,0.0,120.692492166762
2030-07-31 07:00:00,0.0,113.54951899026906
2030-07-31 08:00:00,0.0,97.81698206925692
2030-07-31 09:00:00,0.0,79.5943743567892
2030-07-31 10:00:00,0.0,58.42229667120091
2030-07-31 11:00:00,0.0,45.62227537575865
2030-07-31 12:00:00,0.0,42.97701864677868
2030-07-31 13:00:00,0.0,40.603277311921886
2030-07-31 14:00:00,0.0,41.70528859928345
2030-07-31 15:00:00,0.0,53.42178282732066
2030-07-31 16:00:00,0.0,63.986604087050864
2030-07-31 17:00:00,0.0,77.15515084763216
2030-07-31 18:00:00,0.0,88.31775269085209
2030-07-31 19:00:00,0.0,111.90202561147822
2030-07-31 20:00:00,0.0,131.01250966015692
2030-07-31 21:00:00,0.0,132.7535299458192
2030-07-31 22:00:00,0.0,139.14769821562084
2030-07-31 23:00:00,0.0,141.46840689510543
2030-08-01 00:00:00,0.0,135.03318143720844
2030-08-01 01:00:00,0.0,129.9352472487028
2030-08-01 02:00:00,0.0,125.18825426320262
2030-08-01 03:00:00,0.0,119.0736658932883
2030-08-01 04:00:00,0.0,112.10078678176176
2030-08-01 05:00:00,0.0,109.93648643787844
2030-08-01 06:00:00,0.0,109.15737741616437
2030-08-01 07:00:00,0.0,104.8190012074226
2030-08-01 08:00:00,0.0,99.85627999107713
2030-08-01 09:00:00,0.0,91.98840144538745
2030-08-01 10:00:00,0.0,78.0544608941758
2030-08-01 11:00:00,0.0,68.79968440204942
2030-08-01 12:00:00,0.0,58.662345605959786
2030-08-01 13:00:00,0.0,58.945483017851295
2030-08-01 14:00:00,0.0,48.09544717495265
2030-08-01 15:00:00,0.0,56.06099020072168
2030-08-01 16:00:00,0.0,67.10161480868112
2030-08-01 17:00:00,0.0,79.35468277039149
2030-08-01 18:00:00,0.0,93.83498678776276
2030-08-01 19:00:00,0.0,111.2764604083693
2030-08-01 20:00:00,0.0,132.86790354122763
2030-08-01 21:00:00,0.0,138.3529483603466
2030-08-01 22:00:00,0.0,140.7430632387543
2030-08-01 23:00:00,0.0,139.405771969363
2030-08-02 00:00:00,0.0,134.15631720574356
2030-08-02 01:00:00,0.0,129.2079484881566
2030-08-02 02:00:00,0.0,124.85002123746472
2030-08-02 03:00:00,0.0,118.11273218143764
2030-08-02 04:00:00,0.0,111.23272051917444
2030-08-02 05:00:00,0.0,108.98239559071038
2030-08-02 06:00:00,0.0,108.18960083963115
2030-08-02 07:00:00,0.0,103.6342080652426
2030-08-02 08:00:00,0.0,99.27862248584984
2030-08-02 09:00:00,0.0,90.1676478093908
2030-08-02 10:00:00,0.0,72.34672510598307
2030-08-02 11:00:00,0.0,59.066758880530585
2030-08-02 12:00:00,0.0,54.42556521757831
2030-08-02 13:00:00,0.0,50.355443061706694
2030-08-02 14:00:00,0.0,49.456551667636916
2030-08-02 15:00:00,0.0,55.256735177795754
2030-08-02 16:00:00,0.0,68.02778549785103
2030-08-02 17:00:00,0.0,78.53003833478061
2030-08-02 18:00:00,0.0,92.45204459992816
2030-08-02 19:00:00,0.0,108.10975088798244
2030-08-02 20:00:00,0.0,130.94212590913628
2030-08-02 21:00:00,0.0,135.74386181209695
2030-08-02 22:00:00,0.0,138.53672815467814
2030-08-02 23:00:00,0.0,138.1212685132371
2030-08-03 00:00:00,0.0,132.1181210824388
2030-08-03 01:00:00,0.0,127.17561767743695
2030-08-03 02:00:00,0.0,123.02395391931928
2030-08-03 03:00:00,0.0,117.62004592429354
2030-08-03 04:00:00,0.0,110.710707699105
2030-08-03 05:00:00,0.0,108.7184565243831
2030-08-03 06:00:00,0.0,108.50828282341888
2030-08-03 07:00:00,0.0,104.33706802335104
2030-08-03 08:00:00,0.0,101.92709021706708
2030-08-03 09:00:00,0.0,98.8109525216048
2030-08-03 10:00:00,0.0,87.68029145946844
2030-08-03 11:00:00,0.0,89.9113881608614
2030-08-03 12:00:00,0.0,82.86796496440739
2030-08-03 13:00:00,0.0,81.63078405639878
2030-08-03 14:00:00,0.0,66.86202203751628
2030-08-03 15:00:00,0.0,59.8574218400945
2030-08-03 16:00:00,0.0,73.09078361288596
2030-08-03 17:00:00,0.0,80.30907022618658
2030-08-03 18:00:00,0.0,88.05481523451793
2030-08-03 19:00:00,0.0,106.43842172392215
2030-08-03 20:00:00,0.0,128.1746759210904
2030-08-03 21:00:00,0.0,133.90899652507392
2030-08-03 22:00:00,0.0,137.0244550598328
2030-08-03 23:00:00,0.0,135.9599008256463
2030-08-04 00:00:00,0.0,130.87271971021323
2030-08-04 01:00:00,0.0,126.04556745271736
2030-08-04 02:00:00,0.0,121.65929119119772
2030-08-04 03:00:00,0.0,116.49488346006147
2030-08-04 04:00:00,0.0,109.57381460970288
2030-08-04 05:00:00,0.0,107.32642233753135
2030-08-04 06:00:00,0.0,106.72327269336876
2030-08-04 07:00:00,0.0,102.31060252521638
2030-08-04 08:00:00,0.0,97.7517331092027
2030-08-04 09:00:00,0.0,87.1682028044602
2030-08-04 10:00:00,0.0,70.56901909793362
2030-08-04 11:00:00,0.0,58.927768311063005
2030-08-04 12:00:00,0.0,45.49949763872871
2030-08-04 13:00:00,0.0,41.298875736093464
2030-08-04 14:00:00,0.0,39.08478654658694
2030-08-04 15:00:00,0.0,44.41941332674048
2030-08-04 16:00:00,0.0,58.665493576823614
2030-08-04 17:00:00,0.0,70.06015565538286
2030-08-04 18:00:00,0.0,87.47540699651472
2030-08-04 19:00:00,0.0,110.94395641662368
2030-08-04 20:00:00,0.0,135.90222525189336
2030-08-04 21:00:00,0.0,139.44682915745835
2030-08-04 22:00:00,0.0,140.471303755647
2030-08-04 23:00:00,0.0,139.75866827656347
2030-08-05 00:00:00,0.0,133.77604943981282
2030-08-05 01:00:00,0.0,128.73872348135268
2030-08-05 02:00:00,0.0,124.42869628343868
2030-08-05 03:00:00,0.0,117.98662796085908
2030-08-05 04:00:00,0.0,110.83094660709848
2030-08-05 05:00:00,0.0,108.9247200169574
2030-08-05 06:00:00,0.0,108.0224394309572
2030-08-05 07:00:00,0.0,103.57457738729453
2030-08-05 08:00:00,0.0,99.2088267951085
2030-08-05 09:00:00,0.0,87.33829686942657
2030-08-05 10:00:00,0.0,70.47314138519471
2030-08-05 11:00:00,0.0,61.9119980436688
2030-08-05 12:00:00,0.0,57.03186121173974
2030-08-05 13:00:00,0.0,57.042931628760584
2030-08-05 14:00:00,0.0,53.86184265798539
2030-08-05 15:00:00,0.0,57.12499026858222
2030-08-05 16:00:00,0.0,69.1028818517936
2030-08-05 17:00:00,0.0,80.00936832931518
2030-08-05 18:00:00,0.0,87.70712911902291
2030-08-05 19:00:00,0.0,111.21488227133
2030-08-05 20:00:00,0.0,134.8239852883417
2030-08-05 21:00:00,0.0,138.3118911722512
2030-08-05 22:00:00,0.0,140.405807765114
2030-08-05 23:00:00,0.0,139.21123910195888
2030-08-06 00:00:00,0.0,125.98593677476936
2030-08-06 01:00:00,0.0,120.93883529533412
2030-08-06 02:00:00,0.0,117.18796789719488
2030-08-06 03:00:00,0.0,113.34912081027981
2030-08-06 04:00:00,0.0,112.36961360857656
2030-08-06 05:00:00,0.0,117.1605964384646
2030-08-06 06:00:00,0.0,116.89372471584488
2030-08-06 07:00:00,0.0,110.29133784927399
2030-08-06 08:00:00,0.0,106.09226517462196
2030-08-06 09:00:00,0.0,96.19507190400883
2030-08-06 10:00:00,0.0,84.93410673627369
2030-08-06 11:00:00,0.0,74.22085166241186
2030-08-06 12:00:00,0.0,62.19792199462063
2030-08-06 13:00:00,0.0,58.046654640955474
2030-08-06 14:00:00,0.0,43.38228923043897
2030-08-06 15:00:00,0.0,52.32031222207997
2030-08-06 16:00:00,0.0,75.98181250636844
2030-08-06 17:00:00,0.0,85.71592581115885
2030-08-06 18:00:00,0.0,96.09418839421863
2030-08-06 19:00:00,0.0,115.7061369916405
2030-08-06 20:00:00,0.0,133.05754864814423
2030-08-06 21:00:00,0.0,135.83575170926275
2030-08-06 22:00:00,0.0,138.33437487049395
2030-08-06 23:00:00,0.0,139.86424390309435
2030-08-07 00:00:00,0.0,135.68129847785644
2030-08-07 01:00:00,0.0,130.6537480403714
2030-08-07 02:00:00,0.0,125.37692181802174
2030-08-07 03:00:00,0.0,121.2301458203916
2030-08-07 04:00:00,0.0,113.59546393885192
2030-08-07 05:00:00,0.0,104.4142946390542
2030-08-07 06:00:00,0.0,106.17584351876413
2030-08-07 07:00:00,0.0,102.36436789057932
2030-08-07 08:00:00,0.0,94.97693708805582
2030-08-07 09:00:00,0.0,80.05186145761797
2030-08-07 10:00:00,0.0,75.09565845280326
2030-08-07 11:00:00,0.0,74.00044194402199
2030-08-07 12:00:00,0.0,58.317802415365755
2030-08-07 13:00:00,0.0,49.542611236484326
2030-08-07 14:00:00,0.0,47.32456847803917
2030-08-07 15:00:00,0.0,49.77920435658893
2030-08-07 16:00:00,0.0,59.58286703345778
2030-08-07 17:00:00,0.0,73.43773954524397
2030-08-07 18:00:00,0.0,89.75776052392797
2030-08-07 19:00:00,0.0,115.94489616409362
2030-08-07 20:00:00,0.0,135.6011392058608
2030-08-07 21:00:00,0.0,138.79773456471287
2030-08-07 22:00:00,0.0,145.52036033927732
2030-08-07 23:00:00,0.0,144.16547313213084
2030-08-08 00:00:00,0.0,133.11424666979974
2030-08-08 01:00:00,0.0,127.835465343255
2030-08-08 02:00:00,0.0,122.74926177991944
2030-08-08 03:00:00,0.0,117.19969852236494
2030-08-08 04:00:00,0.0,110.16034586820784
2030-08-08 05:00:00,0.0,107.72037583282717
2030-08-08 06:00:00,0.0,107.28438759733848
2030-08-08 07:00:00,0.0,102.77298466733777
2030-08-08 08:00:00,0.0,98.85968912749786
2030-08-08 09:00:00,0.0,88.99986108232963
2030-08-08 10:00:00,0.0,73.38677458680769
2030-08-08 11:00:00,0.0,66.23189550596652
2030-08-08 12:00:00,0.0,58.05892998521847
2030-08-08 13:00:00,0.0,66.9968655426544
2030-08-08 14:00:00,0.0,65.05790936335313
2030-08-08 15:00:00,0.0,58.70969913880646
2030-08-08 16:00:00,0.0,76.4644962471815
2030-08-08 17:00:00,0.0,80.73587936693497
2030-08-08 18:00:00,0.0,86.53768679141865
2030-08-08 19:00:00,0.0,107.4946705878317
2030-08-08 20:00:00,0.0,130.76714408368227
2030-08-08 21:00:00,0.0,133.90117610829387
2030-08-08 22:00:00,0.0,138.45950153897496
2030-08-08 23:00:00,0.0,138.01569288670623
2030-08-09 00:00:00,0.0,132.5814807766577
2030-08-09 01:00:00,0.0,127.54513237029504
2030-08-09 02:00:00,0.0,122.41787161886413
2030-08-09 03:00:00,0.0,116.74415924492608
2030-08-09 04:00:00,0.0,109.6109615894082
2030-08-09 05:00:00,0.0,107.17099155402752
2030-08-09 06:00:00,0.0,106.00379434960261
2030-08-09 07:00:00,0.0,101.65270996359332
2030-08-09 08:00:00,0.0,96.84080612312515
2030-08-09 09:00:00,0.0,84.16639972447433
2030-08-09 10:00:00,0.0,66.69415414704758
2030-08-09 11:00:00,0.0,59.086419226208925
2030-08-09 12:00:00,0.0,52.560522969883436
2030-08-09 13:00:00,0.0,51.734311450502894
2030-08-09 14:00:00,0.0,42.80014255109455
2030-08-09 15:00:00,0.0,46.488368653838904
2030-08-09 16:00:00,0.0,63.94625954413459
2030-08-09 17:00:00,0.0,76.28574558694497
2030-08-09 18:00:00,0.0,91.06061522592005
2030-08-09 19:00:00,0.0,110.32387760409937
2030-08-09 20:00:00,0.0,132.67239312172595
2030-08-09 21:00:00,0.0,136.07525197315226
2030-08-09 22:00:00,0.0,139.72054374476068
2030-08-09 23:00:00,0.0,138.6374160207215
2030-08-10 00:00:00,0.0,132.99889552229376
2030-08-10 01:00:00,0.0,128.04270638792673
2030-08-10 02:00:00,0.0,123.57529330231392
2030-08-10 03:00:00,0.0,117.65230514351128
2030-08-10 04:00:00,0.0,110.47707274780053
2030-08-10 05:00:00,0.0,108.31179485181968
2030-08-10 06:00:00,0.0,107.9843148991544
2030-08-10 07:00:00,0.0,103.61563457538993
2030-08-10 08:00:00,0.0,98.2260353374944
2030-08-10 09:00:00,0.0,84.81421143656803
2030-08-10 10:00:00,0.0,71.61299081545064
2030-08-10 11:00:00,0.0,62.97456766290588
2030-08-10 12:00:00,0.0,54.27248813109418
2030-08-10 13:00:00,0.0,52.46094781581842
2030-08-10 14:00:00,0.0,51.83038700310573
2030-08-10 15:00:00,0.0,49.913410247825595
2030-08-10 16:00:00,0.0,62.2940802558756
2030-08-10 17:00:00,0.0,74.50162263329251
2030-08-10 18:00:00,0.0,91.35220447025641
2030-08-10 19:00:00,0.0,111.57078701922308
2030-08-10 20:00:00,0.0,135.99900290954668
2030-08-10 21:00:00,0.0,139.77430911012362
2030-08-10 22:00:00,0.0,142.65808779777302
2030-08-10 23:00:00,0.0,141.76069497226047
2030-08-11 00:00:00,0.0,134.94715685262776
2030-08-11 01:00:00,0.0,129.2284770822043
2030-08-11 02:00:00,0.0,123.76200575293802
2030-08-11 03:00:00,0.0,117.9045135846684
2030-08-11 04:00:00,0.0,110.75958530398042
2030-08-11 05:00:00,0.0,108.79177293169624
2030-08-11 06:00:00,0.0,107.97551693027684
2030-08-11 07:00:00,0.0,103.66353462816784
2030-08-11 08:00:00,0.0,99.34267564806704
2030-08-11 09:00:00,0.0,86.97746646884588
2030-08-11 10:00:00,0.0,76.95533526990016
2030-08-11 11:00:00,0.0,67.40976198708
2030-08-11 12:00:00,0.0,66.74818547737163
2030-08-11 13:00:00,0.0,57.303425033028475
2030-08-11 14:00:00,0.0,54.44189430768466
2030-08-11 15:00:00,0.0,60.64685106315153
2030-08-11 16:00:00,0.0,66.96124481560537
2030-08-11 17:00:00,0.0,77.39878537764547
2030-08-11 18:00:00,0.0,89.41710784766438
2030-08-11 19:00:00,0.0,110.49562217330345
2030-08-11 20:00:00,0.0,133.40262453856462
2030-08-11 21:00:00,0.0,135.53759831952277
2030-08-11 22:00:00,0.0,139.53969660672155
2030-08-11 23:00:00,0.0,138.0626153873866
2030-08-12 00:00:00,0.0,132.94121994854075
2030-08-12 01:00:00,0.0,127.89020826071548
2030-08-12 02:00:00,0.0,123.35436652827705
2030-08-12 03:00:00,0.0,117.33264560762608
2030-08-12 04:00:00,0.0,110.1437274825502
2030-08-12 05:00:00,0.0,108.11041911973302
2030-08-12 06:00:00,0.0,107.20911608583036
2030-08-12 07:00:00,0.0,103.0134624833248
2030-08-12 08:00:00,0.0,97.93346233766056
2030-08-12 09:00:00,0.0,84.20040162834079
2030-08-12 10:00:00,0.0,65.62455838874695
2030-08-12 11:00:00,0.0,54.21975825160564
2030-08-12 12:00:00,0.0,44.31085112129518
2030-08-12 13:00:00,0.0,41.09868486901843
2030-08-12 14:00:00,0.0,39.331641588030664
2030-08-12 15:00:00,0.0,46.78734109616994
2030-08-12 16:00:00,0.0,63.50228619541383
2030-08-12 17:00:00,0.0,74.87509235357425
2030-08-12 18:00:00,0.0,90.94431457084147
2030-08-12 19:00:00,0.0,110.33845306898706
2030-08-12 20:00:00,0.0,135.6597923317113
2030-08-12 21:00:00,0.0,138.62666294764892
2030-08-12 22:00:00,0.0,141.90928289108172
2030-08-12 23:00:00,0.0,140.44002208852675
2030-08-13 00:00:00,0.0,126.81294584926138
2030-08-13 01:00:00,0.0,121.44325217764838
2030-08-13 02:00:00,0.0,117.55063972537037
2030-08-13 03:00:00,0.0,113.43416784276307
2030-08-13 04:00:00,0.0,111.89452328918752
2030-08-13 05:00:00,0.0,117.06088612451877
2030-08-13 06:00:00,0.0,116.13612184027596
2030-08-13 07:00:00,0.0,109.37146132551851
2030-08-13 08:00:00,0.0,104.37758122611376
2030-08-13 09:00:00,0.0,93.25739740505104
2030-08-13 10:00:00,0.0,85.56197100067385
2030-08-13 11:00:00,0.0,79.05148421226193
2030-08-13 12:00:00,0.0,77.36399574956192
2030-08-13 13:00:00,0.0,79.79640917056844
2030-08-13 14:00:00,0.0,66.01492451118492
2030-08-13 15:00:00,0.0,63.79384851393729
2030-08-13 16:00:00,0.0,75.66660861107306
2030-08-13 17:00:00,0.0,86.57811473414955
2030-08-13 18:00:00,0.0,93.46300325247341
2030-08-13 19:00:00,0.0,118.1274198605684
2030-08-13 20:00:00,0.0,134.7672872666862
2030-08-13 21:00:00,0.0,136.85240589067135
2030-08-13 22:00:00,0.0,140.58567735105547
2030-08-13 23:00:00,0.0,141.44103543637527
2030-08-14 00:00:00,0.0,137.17499808284913
2030-08-14 01:00:00,0.0,131.96660050732498
2030-08-14 02:00:00,0.0,126.98988277891031
2030-08-14 03:00:00,0.0,122.64564125758356
2030-08-14 04:00:00,0.0,115.00509406345884
2030-08-14 05:00:00,0.0,105.9637147136048
2030-08-14 06:00:00,0.0,107.44275103713483
2030-08-14 07:00:00,0.0,103.3653812384278
2030-08-14 08:00:00,0.0,95.94695369146291
2030-08-14 09:00:00,0.0,79.9631785696058
2030-08-14 10:00:00,0.0,67.06289751428136
2030-08-14 11:00:00,0.0,60.498007747896054
2030-08-14 12:00:00,0.0,51.608125633530165
2030-08-14 13:00:00,0.0,44.984195798274186
2030-08-14 14:00:00,0.0,46.61806647391006
2030-08-14 15:00:00,0.0,45.08499115688062
2030-08-14 16:00:00,0.0,58.3962743644563
2030-08-14 17:00:00,0.0,69.71779783786224
2030-08-14 18:00:00,0.0,88.28826435489809
2030-08-14 19:00:00,0.0,115.54156574710169
2030-08-14 20:00:00,0.0,136.75465068092055
2030-08-14 21:00:00,0.0,140.23571370014753
2030-08-14 22:00:00,0.0,144.0481668804298
2030-08-14 23:00:00,0.0,143.65421338513397
2030-08-15 00:00:00,0.0,132.73593400806402
2030-08-15 01:00:00,0.0,127.71424888316405
2030-08-15 02:00:00,0.0,123.20773371365084
2030-08-15 03:00:00,0.0,117.22902508529025
2030-08-15 04:00:00,0.0,110.08507435669968
2030-08-15 05:00:00,0.0,107.43590817245229
2030-08-15 06:00:00,0.0,107.08985472993436
2030-08-15 07:00:00,0.0,102.52468643457068
2030-08-15 08:00:00,0.0,99.3090129550905
2030-08-15 09:00:00,0.0,92.25553076830384
2030-08-15 10:00:00,0.0,77.4904781893607
2030-08-15 11:00:00,0.0,66.47509829974257
2030-08-15 12:00:00,0.0,54.2753508356339
2030-08-15 13:00:00,0.0,49.69119731574176
2030-08-15 14:00:00,0.0,43.519949175507
2030-08-15 15:00:00,0.0,45.30851755519416
2030-08-15 16:00:00,0.0,61.84578864063496
2030-08-15 17:00:00,0.0,74.49724424075087
2030-08-15 18:00:00,0.0,92.508284990469
2030-08-15 19:00:00,0.0,110.35056554087174
2030-08-15 20:00:00,0.0,133.14846099321247
2030-08-15 21:00:00,0.0,136.87293448471905
2030-08-15 22:00:00,0.0,139.64429468115495
2030-08-15 23:00:00,0.0,138.694114042377
2030-08-16 00:00:00,0.0,133.33810610012915
2030-08-16 01:00:00,0.0,128.10917993055733
2030-08-16 02:00:00,0.0,123.27518480837885
2030-08-16 03:00:00,0.0,117.2378230541678
2030-08-16 04:00:00,0.0,110.1564356598178
2030-08-16 05:00:00,0.0,107.97453937817932
2030-08-16 06:00:00,0.0,107.44568369342733
2030-08-16 07:00:00,0.0,103.32236894613744
2030-08-16 08:00:00,0.0,98.23609578114835
2030-08-16 09:00:00,0.0,84.45622369636851
2030-08-16 10:00:00,0.0,67.68303061630746
2030-08-16 11:00:00,0.0,55.943491210625666
2030-08-16 12:00:00,0.0,46.7271777377581
2030-08-16 13:00:00,0.0,49.09269896495147
2030-08-16 14:00:00,0.0,45.599919529483934
2030-08-16 15:00:00,0.0,48.61829763586911
2030-08-16 16:00:00,0.0,57.573642576702355
2030-08-16 17:00:00,0.0,76.52496238018601
2030-08-16 18:00:00,0.0,90.68045785532193
2030-08-16 19:00:00,0.0,111.40003821703804
2030-08-16 20:00:00,0.0,134.82300773624422
2030-08-16 21:00:00,0.0,138.38716268375936
2030-08-16 22:00:00,0.0,140.2699280235603
2030-08-16 23:00:00,0.0,139.79386015207376
2030-08-17 00:00:00,0.0,133.88064751424622
2030-08-17 01:00:00,0.0,128.33792712137426
2030-08-17 02:00:00,0.0,123.80892825361845
2030-08-17 03:00:00,0.0,117.92992993920365
2030-08-17 04:00:00,0.0,110.92185895216676
2030-08-17 05:00:00,0.0,108.84065053657169
2030-08-17 06:00:00,0.0,107.21204874212287
2030-08-17 07:00:00,0.0,102.91081951308644
2030-08-17 08:00:00,0.0,98.504173871423
2030-08-17 09:00:00,0.0,90.60993020383987
2030-08-17 10:00:00,0.0,75.96072065015153
2030-08-17 11:00:00,0.0,72.62069983592595
2030-08-17 12:00:00,0.0,64.83021988190592
2030-08-17 13:00:00,0.0,55.68093120877131
2030-08-17 14:00:00,0.0,50.68727992363284
2030-08-17 15:00:00,0.0,55.25613618469106
2030-08-17 16:00:00,0.0,68.36133297971003
2030-08-17 17:00:00,0.0,80.59734570256688
2030-08-17 18:00:00,0.0,96.71899721568364
2030-08-17 19:00:00,0.0,110.95615670508334
2030-08-17 20:00:00,0.0,131.12786080766287
2030-08-17 21:00:00,0.0,134.2482071029093
2030-08-17 22:00:00,0.0,137.85146413432483
2030-08-17 23:00:00,0.0,135.9344844711111
2030-08-18 00:00:00,0.0,130.60780309178847
2030-08-18 01:00:00,0.0,125.56461182074327
2030-08-18 02:00:00,0.0,121.42174603150325
2030-08-18 03:00:00,0.0,115.78713574146548
2030-08-18 04:00:00,0.0,108.56400329297684
2030-08-18 05:00:00,0.0,106.64018076508052
2030-08-18 06:00:00,0.0,105.97544533877488
2030-08-18 07:00:00,0.0,101.96454908269844
2030-08-18 08:00:00,0.0,98.39254966696183
2030-08-18 09:00:00,0.0,94.30390393657683
2030-08-18 10:00:00,0.0,85.97213666822472
2030-08-18 11:00:00,0.0,83.86176891301027
2030-08-18 12:00:00,0.0,75.90419532144176
2030-08-18 13:00:00,0.0,84.02832695312588
2030-08-18 14:00:00,0.0,77.63125334554144
2030-08-18 15:00:00,0.0,76.49779717245475
2030-08-18 16:00:00,0.0,80.84932642622533
2030-08-18 17:00:00,0.0,83.88456558362007
2030-08-18 18:00:00,0.0,90.82796075142728
2030-08-18 19:00:00,0.0,108.16467562133948
2030-08-18 20:00:00,0.0,128.83647869110348
2030-08-18 21:00:00,0.0,133.32539792286147
2030-08-18 22:00:00,0.0,136.83285484872124
2030-08-18 23:00:00,0.0,135.57572285132557
2030-08-19 00:00:00,0.0,130.5090703299402
2030-08-19 01:00:00,0.0,125.48543010084512
2030-08-19 02:00:00,0.0,121.53905228320421
2030-08-19 03:00:00,0.0,115.91715017043406
2030-08-19 04:00:00,0.0,109.06353241480355
2030-08-19 05:00:00,0.0,106.77899316292672
2030-08-19 06:00:00,0.0,105.90212893146177
2030-08-19 07:00:00,0.0,101.40343417872867
2030-08-19 08:00:00,0.0,98.51218885454466
2030-08-19 09:00:00,0.0,91.36481102375215
2030-08-19 10:00:00,0.0,76.47477715721817
2030-08-19 11:00:00,0.0,72.14227134316786
2030-08-19 12:00:00,0.0,63.60371408710614
2030-08-19 13:00:00,0.0,63.95196929354494
2030-08-19 14:00:00,0.0,56.18795431016838
2030-08-19 15:00:00,0.0,58.780508102253805
2030-08-19 16:00:00,0.0,72.65019253700676
2030-08-19 17:00:00,0.0,88.54856539797754
2030-08-19 18:00:00,0.0,95.69954519421832
2030-08-19 19:00:00,0.0,108.65367502117452
2030-08-19 20:00:00,0.0,128.30371279796145
2030-08-19 21:00:00,0.0,132.23444978204225
2030-08-19 22:00:00,0.0,136.92474474588698
2030-08-19 23:00:00,0.0,135.8865844183332
2030-08-20 00:00:00,0.0,122.56450443349036
2030-08-20 01:00:00,0.0,117.10683107310165
2030-08-20 02:00:00,0.0,113.64238643953234
2030-08-20 03:00:00,0.0,109.8006066963248
2030-08-20 04:00:00,0.0,108.172004901876
2030-08-20 05:00:00,0.0,113.46056174939577
2030-08-20 06:00:00,0.0,113.4644719577858
2030-08-20 07:00:00,0.0,106.79170134019432
2030-08-20 08:00:00,0.0,103.21353638607803
2030-08-20 09:00:00,0.0,99.33740457850784
2030-08-20 10:00:00,0.0,94.37357099382906
2030-08-20 11:00:00,0.0,90.37319133209246
2030-08-20 12:00:00,0.0,77.95513787722177
2030-08-20 13:00:00,0.0,76.611639538139
2030-08-20 14:00:00,0.0,55.41319529024429
2030-08-20 15:00:00,0.0,56.56538197355172
2030-08-20 16:00:00,0.0,70.52814700700236
2030-08-20 17:00:00,0.0,85.71974421892627
2030-08-20 18:00:00,0.0,92.83544944004068
2030-08-20 19:00:00,0.0,113.04109497552906
2030-08-20 20:00:00,0.0,127.43564653537412
2030-08-20 21:00:00,0.0,130.90497892943102
2030-08-20 22:00:00,0.0,135.27854701368307
2030-08-20 23:00:00,0.0,136.10457853607755
2030-08-21 00:00:00,0.0,132.26182124077252
2030-08-21 01:00:00,0.0,127.06319918622349
2030-08-21 02:00:00,0.0,122.44622062969188
2030-08-21 03:00:00,0.0,118.5301469270737
2030-08-21 04:00:00,0.0,111.0548060374279
2030-08-21 05:00:00,0.0,102.4953598716454
2030-08-21 06:00:00,0.0,104.73297662284187
2030-08-21 07:00:00,0.0,101.27439730185756
2030-08-21 08:00:00,0.0,93.77989193736573
2030-08-21 09:00:00,0.0,79.22183483497258
2030-08-21 10:00:00,0.0,69.58540239852744
2030-08-21 11:00:00,0.0,58.150905887793606
2030-08-21 12:00:00,0.0,58.049599722119694
2030-08-21 13:00:00,0.0,68.97657580472128
2030-08-21 14:00:00,0.0,60.83182740844279
2030-08-21 15:00:00,0.0,63.05688464711135
2030-08-21 16:00:00,0.0,66.78832195683327
2030-08-21 17:00:00,0.0,78.9566613229041
2030-08-21 18:00:00,0.0,95.48520075985344
2030-08-21 19:00:00,0.0,117.72626425586816
2030-08-21 20:00:00,0.0,136.9022610476443
2030-08-21 21:00:00,0.0,141.21326579765582
2030-08-21 22:00:00,0.0,145.5027644015221
2030-08-21 23:00:00,0.0,145.04820267618075
2030-08-22 00:00:00,0.0,133.71837386605984
2030-08-22 01:00:00,0.0,128.78173577364305
2030-08-22 02:00:00,0.0,124.23416341603456
2030-08-22 03:00:00,0.0,118.37373859147236
2030-08-22 04:00:00,0.0,110.95998348396961
2030-08-22 05:00:00,0.0,108.53663183424669
2030-08-22 06:00:00,0.0,106.78876868390176
2030-08-22 07:00:00,0.0,102.4953598716454
2030-08-22 08:00:00,0.0,99.8404493373817
2030-08-22 09:00:00,0.0,95.4542750794224
2030-08-22 10:00:00,0.0,82.45409645301424
2030-08-22 11:00:00,0.0,83.05592605292156
2030-08-22 12:00:00,0.0,76.07159356798354
2030-08-22 13:00:00,0.0,80.70465237168673
2030-08-22 14:00:00,0.0,73.7800489472171
2030-08-22 15:00:00,0.0,65.40007192207884
2030-08-22 16:00:00,0.0,74.77448794026975
2030-08-22 17:00:00,0.0,82.31661391353623
2030-08-22 18:00:00,0.0,91.62010987274856
2030-08-22 19:00:00,0.0,109.86674539190152
2030-08-22 20:00:00,0.0,130.48951928799
2030-08-22 21:00:00,0.0,134.65193611918028
2030-08-22 22:00:00,0.0,138.1789440869901
2030-08-22 23:00:00,0.0,136.47311567683815
2030-08-23 00:00:00,0.0,130.8042910633876
2030-08-23 01:00:00,0.0,125.88329380453096
2030-08-23 02:00:00,0.0,121.02779253620736
2030-08-23 03:00:00,0.0,115.78322553307544
2030-08-23 04:00:00,0.0,108.28246828889444
2030-08-23 05:00:00,0.0,105.8317451804412
2030-08-23 06:00:00,0.0,104.83952980147028
2030-08-23 07:00:00,0.0,100.58815572940682
2030-08-23 08:00:00,0.0,95.7180928240458
2030-08-23 09:00:00,0.0,86.59471310791957
2030-08-23 10:00:00,0.0,66.75014096006464
2030-08-23 11:00:00,0.0,54.9957652053489
2030-08-23 12:00:00,0.0,47.65541793373848
2030-08-23 13:00:00,0.0,45.58539834118994
2030-08-23 14:00:00,0.0,54.54293195959946
2030-08-23 15:00:00,0.0,60.308277014067244
2030-08-23 16:00:00,0.0,70.42162841736223
2030-08-23 17:00:00,0.0,87.80665871771252
2030-08-23 18:00:00,0.0,92.20420871866531
2030-08-23 19:00:00,0.0,108.20583591621715
2030-08-23 20:00:00,0.0,131.65378383612233
2030-08-23 21:00:00,0.0,136.6422321897071
2030-08-23 22:00:00,0.0,139.3715576459502
2030-08-23 23:00:00,0.0,138.35490346454162
2030-08-24 00:00:00,0.0,132.64013390250818
2030-08-24 01:00:00,0.0,127.66048351780103
2030-08-24 02:00:00,0.0,123.17058673394553
2030-08-24 03:00:00,0.0,116.97290643574301
2030-08-24 04:00:00,0.0,109.702851486574
2030-08-24 05:00:00,0.0,107.47598780845009
2030-08-24 06:00:00,0.0,106.60205623327772
2030-08-24 07:00:00,0.0,102.47678638179273
2030-08-24 08:00:00,0.0,97.3234986135547
2030-08-24 09:00:00,0.0,84.3419080334462
2030-08-24 10:00:00,0.0,65.35115568737064
2030-08-24 11:00:00,0.0,57.07669052104842
2030-08-24 12:00:00,0.0,53.36152289239055
2030-08-24 13:00:00,0.0,52.28617367661298
2030-08-24 14:00:00,0.0,46.57083936939972
2030-08-24 15:00:00,0.0,46.59436474529946
2030-08-24 16:00:00,0.0,57.769365424786365
2030-08-24 17:00:00,0.0,70.80491374693634
2030-08-24 18:00:00,0.0,93.75855118787103
2030-08-24 19:00:00,0.0,107.65638642283523
2030-08-24 20:00:00,0.0,129.05838301723787
2030-08-24 21:00:00,0.0,133.7271718349374
2030-08-24 22:00:00,0.0,137.17499808284913
2030-08-24 23:00:00,0.0,136.00193556583915
2030-08-25 00:00:00,0.0,130.68405215539417
2030-08-25 01:00:00,0.0,125.67800786405428
2030-08-25 02:00:00,0.0,121.7052361397806
2030-08-25 03:00:00,0.0,116.24854033148938
2030-08-25 04:00:00,0.0,109.25513262591517
2030-08-25 05:00:00,0.0,106.9119402481878
2030-08-25 06:00:00,0.0,106.22765377993204
2030-08-25 07:00:00,0.0,102.0085389270863
2030-08-25 08:00:00,0.0,99.26627465652608
2030-08-25 09:00:00,0.0,95.6704944465112
2030-08-25 10:00:00,0.0,87.63136977964636
2030-08-25 11:00:00,0.0,82.82529954230982
2030-08-25 12:00:00,0.0,68.86981240395477
2030-08-25 13:00:00,0.0,63.91003075395429
2030-08-25 14:00:00,0.0,55.40474817818887
2030-08-25 15:00:00,0.0,53.13183133032248
2030-08-25 16:00:00,0.0,71.64420581466743
2030-08-25 17:00:00,0.0,77.64605180237491
2030-08-25 18:00:00,0.0,91.03113383616216
2030-08-25 19:00:00,0.0,105.17473324687988
2030-08-25 20:00:00,0.0,126.18340229846604
2030-08-25 21:00:00,0.0,131.12492815137034
2030-08-25 22:00:00,0.0,136.61095052258685
2030-08-25 23:00:00,0.0,135.37630222343387
2030-08-26 00:00:00,0.0,129.8404246952445
2030-08-26 01:00:00,0.0,124.80603139307686
2030-08-26 02:00:00,0.0,120.48525112209028
2030-08-26 03:00:00,0.0,114.96501442746101
2030-08-26 04:00:00,0.0,107.84354739711324
2030-08-26 05:00:00,0.0,105.91874731711943
2030-08-26 06:00:00,0.0,105.87084726434152
2030-08-26 07:00:00,0.0,101.58037110837768
2030-08-26 08:00:00,0.0,97.63455110391965
2030-08-26 09:00:00,0.0,86.55793594275394
2030-08-26 10:00:00,0.0,74.1375200347927
2030-08-26 11:00:00,0.0,68.24740645979762
2030-08-26 12:00:00,0.0,51.783362131985086
2030-08-26 13:00:00,0.0,49.73823714504226
2030-08-26 14:00:00,0.0,53.13414130249504
2030-08-26 15:00:00,0.0,56.71670761415294
2030-08-26 16:00:00,0.0,75.69467744930057
2030-08-26 17:00:00,0.0,88.22181596693093
2030-08-26 18:00:00,0.0,96.59021940146629
2030-08-26 19:00:00,0.0,108.50466518281137
2030-08-26 20:00:00,0.0,129.10628307001576
2030-08-26 21:00:00,0.0,133.23057536940323
2030-08-26 22:00:00,0.0,137.30892272020776
2030-08-26 23:00:00,0.0,136.0664540042747
2030-08-27 00:00:00,0.0,122.87829865679053
2030-08-27 01:00:00,0.0,117.66990108126645
2030-08-27 02:00:00,0.0,113.81150295240126
2030-08-27 03:00:00,0.0,109.88467617671051
2030-08-27 04:00:00,0.0,108.64220746077751
2030-08-27 05:00:00,0.0,113.903392849567
2030-08-27 06:00:00,0.0,113.21324106872616
2030-08-27 07:00:00,0.0,106.49745815884432
2030-08-27 08:00:00,0.0,102.73168809386732
2030-08-27 09:00:00,0.0,92.81161252573249
2030-08-27 10:00:00,0.0,81.67343088894972
2030-08-27 11:00:00,0.0,73.5111065835847
2030-08-27 12:00:00,0.0,58.06651320112309
2030-08-27 13:00:00,0.0,48.14315193021048
2030-08-27 14:00:00,0.0,32.38868439084092
2030-08-27 15:00:00,0.0,46.664769260039755
2030-08-27 16:00:00,0.0,59.95901216887052
2030-08-27 17:00:00,0.0,73.30916537513974
2030-08-27 18:00:00,0.0,91.75802267448877
2030-08-27 19:00:00,0.0,119.28015235199166
2030-08-27 20:00:00,0.0,135.10356518822908
2030-08-27 21:00:00,0.0,136.35678697723472
2030-08-27 22:00:00,0.0,140.3813689626762
2030-08-27 23:00:00,0.0,141.61503970973172
2030-08-28 00:00:00,0.0,136.8543609948664
2030-08-28 01:00:00,0.0,131.5961082623694
2030-08-28 02:00:00,0.0,125.78847125107268
2030-08-28 03:00:00,0.0,121.01997211942732
2030-08-28 04:00:00,0.0,112.67656496719415
2030-08-28 05:00:00,0.0,104.04771260248856
2030-08-28 06:00:00,0.0,105.19535876496332
2030-08-28 07:00:00,0.0,100.94496224499731
2030-08-28 08:00:00,0.0,92.06558691085807
2030-08-28 09:00:00,0.0,71.77233839182378
2030-08-28 10:00:00,0.0,57.7819140380509
2030-08-28 11:00:00,0.0,44.62452111754004
2030-08-28 12:00:00,0.0,35.038187600187534
2030-08-28 13:00:00,0.0,38.873302287326396
2030-08-28 14:00:00,0.0,45.35328639225429
2030-08-28 15:00:00,0.0,49.29742893439095
2030-08-28 16:00:00,0.0,60.21770896844959
2030-08-28 17:00:00,0.0,72.36036199483267
2030-08-28 18:00:00,0.0,90.94109298458737
2030-08-28 19:00:00,0.0,118.72451326878873
2030-08-28 20:00:00,0.0,140.59349776783552
2030-08-28 21:00:00,0.0,142.5730407652898
2030-08-28 22:00:00,0.0,146.4822716032254
2030-08-28 23:00:00,0.0,145.11760887510388
2030-08-29 00:00:00,0.0,134.23158871725173
2030-08-29 01:00:00,0.0,128.99386457880235
2030-08-29 02:00:00,0.0,124.22341034296193
2030-08-29 03:00:00,0.0,118.22808332894363
2030-08-29 04:00:00,0.0,110.81823842983088
2030-08-29 05:00:00,0.0,108.527833865369
2030-08-29 06:00:00,0.0,108.07815990051525
2030-08-29 07:00:00,0.0,103.74858166065104
2030-08-29 08:00:00,0.0,98.07704881939418
2030-08-29 09:00:00,0.0,86.77071802277476
2030-08-29 10:00:00,0.0,71.19364501577013
2030-08-29 11:00:00,0.0,62.48503194478627
2030-08-29 12:00:00,0.0,62.41751417311883
2030-08-29 13:00:00,0.0,62.0531594026553
2030-08-29 14:00:00,0.0,51.885472417887115
2030-08-29 15:00:00,0.0,55.25942845516733
2030-08-29 16:00:00,0.0,65.76149326892778
2030-08-29 17:00:00,0.0,77.8249758776999
2030-08-29 18:00:00,0.0,89.77726019721803
2030-08-29 19:00:00,0.0,109.49529234741281
2030-08-29 20:00:00,0.0,132.48568067110193
2030-08-29 21:00:00,0.0,133.42119802841728
2030-08-29 22:00:00,0.0,137.18184094753167
2030-08-29 23:00:00,0.0,136.00780087842415
2030-08-30 00:00:00,0.0,130.6820970511991
2030-08-30 01:00:00,0.0,125.64281598854392
2030-08-30 02:00:00,0.0,122.75023933201692
2030-08-30 03:00:00,0.0,116.84875731935948
2030-08-30 04:00:00,0.0,109.76639237291204
2030-08-30 05:00:00,0.0,106.0184576310653
2030-08-30 06:00:00,0.0,104.82193386371512
2030-08-30 07:00:00,0.0,100.58815572940682
2030-08-30 08:00:00,0.0,95.20402320481736
2030-08-30 09:00:00,0.0,86.08590106371832
2030-08-30 10:00:00,0.0,76.86158500807528
2030-08-30 11:00:00,0.0,76.53355414711655
2030-08-30 12:00:00,0.0,76.7697435574374
2030-08-30 13:00:00,0.0,62.84640194491902
2030-08-30 14:00:00,0.0,57.5349394783238
2030-08-30 15:00:00,0.0,57.21885749731041
2030-08-30 16:00:00,0.0,65.74910754353158
2030-08-30 17:00:00,0.0,76.29652015749741
2030-08-30 18:00:00,0.0,92.16010666003439
2030-08-30 19:00:00,0.0,109.70803945994771
2030-08-30 20:00:00,0.0,131.54038779281143
2030-08-30 21:00:00,0.0,135.0801039378889
2030-08-30 22:00:00,0.0,140.405807765114
2030-08-30 23:00:00,0.0,138.75569982451995
2030-08-31 00:00:00,0.0,133.32539792286147
2030-08-31 01:00:00,0.0,128.37409654898204
2030-08-31 02:00:00,0.0,123.58506882328902
2030-08-31 03:00:00,0.0,117.49687436000748
2030-08-31 04:00:00,0.0,110.17794180596296
2030-08-31 05:00:00,0.0,107.76534322931256
2030-08-31 06:00:00,0.0,107.38409791128436
2030-08-31 07:00:00,0.0,103.24123212204427
2030-08-31 08:00:00,0.0,98.51190793398519
2030-08-31 09:00:00,0.0,85.5926373019135
2030-08-31 10:00:00,0.0,68.58223207739286
2030-08-31 11:00:00,0.0,57.1336548771269
2030-08-31 12:00:00,0.0,50.85474227895327
2030-08-31 13:00:00,0.0,54.91484879729592
2030-08-31 14:00:00,0.0,52.74455562217781
2030-08-31 15:00:00,0.0,58.207540861294945
2030-08-31 16:00:00,0.0,63.694389940533085
2030-08-31 17:00:00,0.0,75.44836235492664
2030-08-31 18:00:00,0.0,92.55430972815304
2030-08-31 19:00:00,0.0,112.08350927181436
2030-08-31 20:00:00,0.0,133.6704738132819
2030-08-31 21:00:00,0.0,137.1857511559217
2030-08-31 22:00:00,0.0,140.6296671954434
2030-08-31 23:00:00,0.0,138.65207930218412
2030-09-01 00:00:00,0.0,133.80928621112807
2030-09-01 01:00:00,0.0,129.7563552148588
2030-09-01 02:00:00,0.0,123.66034033479718
2030-09-01 03:00:00,0.0,119.31707636556791
2030-09-01 04:00:00,0.0,115.8135296480982
2030-09-01 05:00:00,0.0,113.80661519191368
2030-09-01 06:00:00,0.0,110.81432822144086
2030-09-01 07:00:00,0.0,102.45430268355013
2030-09-01 08:00:00,0.0,98.34783985786467
2030-09-01 09:00:00,0.0,83.26846510071054
2030-09-01 10:00:00,0.0,64.52912617786131
2030-09-01 11:00:00,0.0,52.82815107414689
2030-09-01 12:00:00,0.0,47.727679533161165
2030-09-01 13:00:00,0.0,48.074974680281514
2030-09-01 14:00:00,0.0,48.97263713052052
2030-09-01 15:00:00,0.0,54.32665900449809
2030-09-01 16:00:00,0.0,66.01476450156082
2030-09-01 17:00:00,0.0,81.95326071434079
2030-09-01 18:00:00,0.0,91.71350998182221
2030-09-01 19:00:00,0.0,122.86141063866135
2030-09-01 20:00:00,0.0,134.38506439656047
2030-09-01 21:00:00,0.0,138.45168112219494
2030-09-01 22:00:00,0.0,142.25924654198968
2030-09-01 23:00:00,0.0,140.9551920439136
2030-09-02 00:00:00,0.0,133.81808418000563
2030-09-02 01:00:00,0.0,129.82967162217193
2030-09-02 02:00:00,0.0,123.31819710066928
2030-09-02 03:00:00,0.0,117.09901065632158
2030-09-02 04:00:00,0.0,113.91219081844461
2030-09-02 05:00:00,0.0,112.86914273040325
2030-09-02 06:00:00,0.0,109.92475581270833
2030-09-02 07:00:00,0.0,101.34380350078072
2030-09-02 08:00:00,0.0,97.2397807327872
2030-09-02 09:00:00,0.0,84.47534080596449
2030-09-02 10:00:00,0.0,70.90513999007237
2030-09-02 11:00:00,0.0,58.73054034866765
2030-09-02 12:00:00,0.0,51.72413077674952
2030-09-02 13:00:00,0.0,47.51843894375828
2030-09-02 14:00:00,0.0,49.78523688731656
2030-09-02 15:00:00,0.0,54.36825616935221
2030-09-02 16:00:00,0.0,71.72519722818117
2030-09-02 17:00:00,0.0,82.77202782842681
2030-09-02 18:00:00,0.0,94.93487243408492
2030-09-02 19:00:00,0.0,123.40792893810782
2030-09-02 20:00:00,0.0,133.85523115971102
2030-09-02 21:00:00,0.0,137.32065334537788
2030-09-02 22:00:00,0.0,141.28462710077395
2030-09-02 23:00:00,0.0,139.91898682055484
2030-09-03 00:00:00,0.0,130.6596133529564
2030-09-03 01:00:00,0.0,123.1461479315078
2030-09-03 02:00:00,0.0,120.30831419244129
2030-09-03 03:00:00,0.0,117.4519069635221
2030-09-03 04:00:00,0.0,115.3403944329042
2030-09-03 05:00:00,0.0,113.48304544763846
2030-09-03 06:00:00,0.0,111.7957905273392
2030-09-03 07:00:00,0.0,103.861977703962
2030-09-03 08:00:00,0.0,98.75522294458608
2030-09-03 09:00:00,0.0,86.47071299992047
2030-09-03 10:00:00,0.0,74.39089474108818
2030-09-03 11:00:00,0.0,59.500746097313765
2030-09-03 12:00:00,0.0,53.83182272929952
2030-09-03 13:00:00,0.0,52.992138269561735
2030-09-03 14:00:00,0.0,41.120953629896576
2030-09-03 15:00:00,0.0,50.575483376324996
2030-09-03 16:00:00,0.0,64.68041136713765
2030-09-03 17:00:00,0.0,73.30381416508929
2030-09-03 18:00:00,0.0,84.8838114616183
2030-09-03 19:00:00,0.0,121.6996134706032
2030-09-03 20:00:00,0.0,132.41920712847133
2030-09-03 21:00:00,0.0,136.01464374310677
2030-09-03 22:00:00,0.0,138.68824872979187
2030-09-03 23:00:00,0.0,136.21308681890093
2030-09-04 00:00:00,0.0,130.13369032449702
2030-09-04 01:00:00,0.0,123.95067330775714
2030-09-04 02:00:00,0.0,119.48814798263184
2030-09-04 03:00:00,0.0,117.09607800002908
2030-09-04 04:00:00,0.0,109.04202626865838
2030-09-04 05:00:00,0.0,107.92957198169393
2030-09-04 06:00:00,0.0,107.98920265964192
2030-09-04 07:00:00,0.0,101.84822038309494
2030-09-04 08:00:00,0.0,84.83079051413868
2030-09-04 09:00:00,0.0,72.83441395655734
2030-09-04 10:00:00,0.0,63.631197054717454
2030-09-04 11:00:00,0.0,50.80174792655004
2030-09-04 12:00:00,0.0,43.09912704496372
2030-09-04 13:00:00,0.0,37.85549968107563
2030-09-04 14:00:00,0.0,35.40242468289563
2030-09-04 15:00:00,0.0,38.34375980967542
2030-09-04 16:00:00,0.0,52.22574326421704
2030-09-04 17:00:00,0.0,64.47420583673886
2030-09-04 18:00:00,0.0,78.1487179880567
2030-09-04 19:00:00,0.0,113.0281004132255
2030-09-04 20:00:00,0.0,128.18445144206544
2030-09-04 21:00:00,0.0,131.1552322663931
2030-09-04 22:00:00,0.0,133.1279323991648
2030-09-04 23:00:00,0.0,133.44856948714755
2030-09-05 00:00:00,0.0,135.3108062329008
2030-09-05 01:00:00,0.0,131.31359570618952
2030-09-05 02:00:00,0.0,124.56066581660228
2030-09-05 03:00:00,0.0,120.95252102469924
2030-09-05 04:00:00,0.0,118.65820625184732
2030-09-05 05:00:00,0.0,116.68941632746566
2030-09-05 06:00:00,0.0,114.94644093760836
2030-09-05 07:00:00,0.0,106.40556826167858
2030-09-05 08:00:00,0.0,103.19342460623083
2030-09-05 09:00:00,0.0,90.16061255899389
2030-09-05 10:00:00,0.0,77.18420414155598
2030-09-05 11:00:00,0.0,68.50625553353865
2030-09-05 12:00:00,0.0,67.29045179712284
2030-09-05 13:00:00,0.0,64.91154979449357
2030-09-05 14:00:00,0.0,63.746196566462004
2030-09-05 15:00:00,0.0,65.14894993759629
2030-09-05 16:00:00,0.0,72.75695554894924
2030-09-05 17:00:00,0.0,82.85935970036331
2030-09-05 18:00:00,0.0,94.39982023655091
2030-09-05 19:00:00,0.0,124.982992720394
2030-09-05 20:00:00,0.0,136.42521562406023
2030-09-05 21:00:00,0.0,138.88278159719607
2030-09-05 22:00:00,0.0,142.6404918600179
2030-09-05 23:00:00,0.0,141.767537836943
2030-09-06 00:00:00,0.0,135.26192862802543
2030-09-06 01:00:00,0.0,131.21290784014616
2030-09-06 02:00:00,0.0,124.74835581932388
2030-09-06 03:00:00,0.0,120.61428799896134
2030-09-06 04:00:00,0.0,117.619068372196
2030-09-06 05:00:00,0.0,116.06182788086532
2030-09-06 06:00:00,0.0,112.80560184406522
2030-09-06 07:00:00,0.0,104.34488844013111
2030-09-06 08:00:00,0.0,100.0783919931332
2030-09-06 09:00:00,0.0,87.63087496169345
2030-09-06 10:00:00,0.0,72.63312489909849
2030-09-06 11:00:00,0.0,66.75248115738907
2030-09-06 12:00:00,0.0,54.75122231283251
2030-09-06 13:00:00,0.0,52.68559242156658
2030-09-06 14:00:00,0.0,53.12364798452972
2030-09-06 15:00:00,0.0,51.128890063558856
2030-09-06 16:00:00,0.0,66.98616563908081
2030-09-06 17:00:00,0.0,79.73007515036375
2030-09-06 18:00:00,0.0,89.59321186589169
2030-09-06 19:00:00,0.0,122.00767573519698
2030-09-06 20:00:00,0.0,132.41040915959377
2030-09-06 21:00:00,0.0,133.9539639215593
2030-09-06 22:00:00,0.0,137.2141001667494
2030-09-06 23:00:00,0.0,136.5102626565435
2030-09-07 00:00:00,0.0,131.0271729416195
2030-09-07 01:00:00,0.0,127.22449528231236
2030-09-07 02:00:00,0.0,120.452014350775
2030-09-07 03:00:00,0.0,116.90838799730749
2030-09-07 04:00:00,0.0,114.23771566691488
2030-09-07 05:00:00,0.0,113.01088778454196
2030-09-07 06:00:00,0.0,110.81921598192844
2030-09-07 07:00:00,0.0,102.30864742102136
2030-09-07 08:00:00,0.0,97.29009970362142
2030-09-07 09:00:00,0.0,82.50116649972188
2030-09-07 10:00:00,0.0,69.18507129540484
2030-09-07 11:00:00,0.0,64.44333914683693
2030-09-07 12:00:00,0.0,60.81971855888894
2030-09-07 13:00:00,0.0,56.100184096862336
2030-09-07 14:00:00,0.0,52.851742398389426
2030-09-07 15:00:00,0.0,53.43021931792475
2030-09-07 16:00:00,0.0,68.62136400278439
2030-09-07 17:00:00,0.0,79.1063797849639
2030-09-07 18:00:00,0.0,93.09490149351568
2030-09-07 19:00:00,0.0,123.66395212597637
2030-09-07 20:00:00,0.0,134.83864856980432
2030-09-07 21:00:00,0.0,136.91496922491194
2030-09-07 22:00:00,0.0,141.3286169451618
2030-09-07 23:00:00,0.0,140.3285811494108
2030-09-08 00:00:00,0.0,133.5121103734856
2030-09-08 01:00:00,0.0,129.16982395635387
2030-09-08 02:00:00,0.0,122.40907364998657
2030-09-08 03:00:00,0.0,118.25643233977144
2030-09-08 04:00:00,0.0,115.34821484968425
2030-09-08 05:00:00,0.0,113.82714378596143
2030-09-08 06:00:00,0.0,112.58565262212583
2030-09-08 07:00:00,0.0,104.2031433859924
2030-09-08 08:00:00,0.0,100.76440621238372
2030-09-08 09:00:00,0.0,88.64432468661914
2030-09-08 10:00:00,0.0,74.82278440137276
2030-09-08 11:00:00,0.0,63.5716217191507
2030-09-08 12:00:00,0.0,51.62836454062102
2030-09-08 13:00:00,0.0,48.08121235620456
2030-09-08 14:00:00,0.0,48.36486351278654
2030-09-08 15:00:00,0.0,54.71216503634832
2030-09-08 16:00:00,0.0,68.77154923310911
2030-09-08 17:00:00,0.0,81.05102457791246
2030-09-08 18:00:00,0.0,96.81682017074323
2030-09-08 19:00:00,0.0,125.59076487964376
2030-09-08 20:00:00,0.0,137.7370905389164
2030-09-08 21:00:00,0.0,139.2767350924919
2030-09-08 22:00:00,0.0,143.3609477558815
2030-09-08 23:00:00,0.0,141.64241116846193
2030-09-09 00:00:00,0.0,135.06544065642623
2030-09-09 01:00:00,0.0,131.31848346667698
2030-09-09 02:00:00,0.0,124.5763066501624
2030-09-09 03:00:00,0.0,120.78047185553775
2030-09-09 04:00:00,0.0,117.43040081737688
2030-09-09 05:00:00,0.0,115.7509663138577
2030-09-09 06:00:00,0.0,113.33543508091473
2030-09-09 07:00:00,0.0,104.627400996311
2030-09-09 08:00:00,0.0,100.47785920139592
2030-09-09 09:00:00,0.0,85.81428257055752
2030-09-09 10:00:00,0.0,70.28648867693141
2030-09-09 11:00:00,0.0,58.72332328108348
2030-09-09 12:00:00,0.0,48.6586450609023
2030-09-09 13:00:00,0.0,46.9693479497206
2030-09-09 14:00:00,0.0,44.173667723752715
2030-09-09 15:00:00,0.0,55.37668258121277
2030-09-09 16:00:00,0.0,70.27338551367984
2030-09-09 17:00:00,0.0,80.6629965121876
2030-09-09 18:00:00,0.0,90.68726973656624
2030-09-09 19:00:00,0.0,124.82896687300598
2030-09-09 20:00:00,0.0,136.6539628148772
2030-09-09 21:00:00,0.0,138.97564904645935
2030-09-09 22:00:00,0.0,142.242628156332
2030-09-09 23:00:00,0.0,140.70884891534155
2030-09-10 00:00:00,0.0,131.60001847075944
2030-09-10 01:00:00,0.0,124.0191019545827
2030-09-10 02:00:00,0.0,121.81667707889652
2030-09-10 03:00:00,0.0,118.71490427350278
2030-09-10 04:00:00,0.0,116.7842388809239
2030-09-10 05:00:00,0.0,114.15657884282165
2030-09-10 06:00:00,0.0,113.44980867632319
2030-09-10 07:00:00,0.0,104.67041328860137
2030-09-10 08:00:00,0.0,99.19774033733917
2030-09-10 09:00:00,0.0,84.1713650792366
2030-09-10 10:00:00,0.0,71.18303110469769
2030-09-10 11:00:00,0.0,53.569413566357866
2030-09-10 12:00:00,0.0,44.058788050701764
2030-09-10 13:00:00,0.0,38.162837227008815
2030-09-10 14:00:00,0.0,30.47802911044846
2030-09-10 15:00:00,0.0,38.253152406918844
2030-09-10 16:00:00,0.0,56.371433115256025
2030-09-10 17:00:00,0.0,70.1625694522196
2030-09-10 18:00:00,0.0,83.24699246873007
2030-09-10 19:00:00,0.0,121.4140636889914
2030-09-10 20:00:00,0.0,132.18654972926436
2030-09-10 21:00:00,0.0,134.9090323208249
2030-09-10 22:00:00,0.0,138.6159098745763
2030-09-10 23:00:00,0.0,135.86898848057808
2030-09-11 00:00:00,0.0,129.91471865465513
2030-09-11 01:00:00,0.0,123.47069522788058
2030-09-11 02:00:00,0.0,119.18706193659926
2030-09-11 03:00:00,0.0,116.89176961164986
2030-09-11 04:00:00,0.0,109.01856501831816
2030-09-11 05:00:00,0.0,107.39680608855195
2030-09-11 06:00:00,0.0,108.12508240119564
2030-09-11 07:00:00,0.0,101.95281845752832
2030-09-11 08:00:00,0.0,85.60740337103931
2030-09-11 09:00:00,0.0,72.25241375487116
2030-09-11 10:00:00,0.0,57.007209288266154
2030-09-11 11:00:00,0.0,36.07361641968794
2030-09-11 12:00:00,0.0,31.899373473250417
2030-09-11 13:00:00,0.0,28.042993832634522
2030-09-11 14:00:00,0.0,27.831510659815024
2030-09-11 15:00:00,0.0,30.81405090954206
2030-09-11 16:00:00,0.0,44.803661648092366
2030-09-11 17:00:00,0.0,53.509932314017135
2030-09-11 18:00:00,0.0,72.12098528878016
2030-09-11 19:00:00,0.0,106.99760120097544
2030-09-11 20:00:00,0.0,122.58405547544056
2030-09-11 21:00:00,0.0,126.49328631337612
2030-09-11 22:00:00,0.0,130.36732527580148
2030-09-11 23:00:00,0.0,130.33311095238867
2030-09-12 00:00:00,0.0,132.028186289468
2030-09-12 01:00:00,0.0,128.09158399280216
2030-09-12 02:00:00,0.0,121.1832233197112
2030-09-12 03:00:00,0.0,117.5721458715156
2030-09-12 04:00:00,0.0,114.2142544165747
2030-09-12 05:00:00,0.0,112.86914273040325
2030-09-12 06:00:00,0.0,110.59535655159902
2030-09-12 07:00:00,0.0,102.1610370542976
2030-09-12 08:00:00,0.0,98.44942038414472
2030-09-12 09:00:00,0.0,84.55580758197834
2030-09-12 10:00:00,0.0,68.30866941931669
2030-09-12 11:00:00,0.0,56.46996221879181
2030-09-12 12:00:00,0.0,50.61024494439391
2030-09-12 13:00:00,0.0,47.455708725984486
2030-09-12 14:00:00,0.0,48.93014841252409
2030-09-12 15:00:00,0.0,52.68948186107383
2030-09-12 16:00:00,0.0,77.1464249956447
2030-09-12 17:00:00,0.0,87.98333075464211
2030-09-12 18:00:00,0.0,100.86727361110832
2030-09-12 19:00:00,0.0,122.98139487107238
2030-09-12 20:00:00,0.0,132.97738937614855
2030-09-12 21:00:00,0.0,135.95305796096375
2030-09-12 22:00:00,0.0,138.405736173612
2030-09-12 23:00:00,0.0,137.73611298681885
2030-09-13 00:00:00,0.0,131.3077303936044
2030-09-13 01:00:00,0.0,127.25773205362763
2030-09-13 02:00:00,0.0,120.9466557121142
2030-09-13 03:00:00,0.0,117.0755494059814
2030-09-13 04:00:00,0.0,114.20643399979463
2030-09-13 05:00:00,0.0,112.86914273040325
2030-09-13 06:00:00,0.0,109.92475581270833
2030-09-13 07:00:00,0.0,101.34380350078072
2030-09-13 08:00:00,0.0,98.71875184173496
2030-09-13 09:00:00,0.0,90.82285766991428
2030-09-13 10:00:00,0.0,73.79024419290738
2030-09-13 11:00:00,0.0,56.02818009386374
2030-09-13 12:00:00,0.0,55.46999310514377
2030-09-13 13:00:00,0.0,51.65171722744726
2030-09-13 14:00:00,0.0,55.822106787014036
2030-09-13 15:00:00,0.0,68.06259590385349
2030-09-13 16:00:00,0.0,87.8791075975081
2030-09-13 17:00:00,0.0,92.45493024106992
2030-09-13 18:00:00,0.0,97.5904887331642
2030-09-13 19:00:00,0.0,122.58887947079448
2030-09-13 20:00:00,0.0,131.6811552948526
2030-09-13 21:00:00,0.0,136.17691739129316
2030-09-13 22:00:00,0.0,139.20146358098373
2030-09-13 23:00:00,0.0,138.51228935224043
2030-09-14 00:00:00,0.0,132.3097212935504
2030-09-14 01:00:00,0.0,128.09451664909471
2030-09-14 02:00:00,0.0,122.10896515605153
2030-09-14 03:00:00,0.0,118.72467979447788
2030-09-14 04:00:00,0.0,116.1781565804688
2030-09-14 05:00:00,0.0,114.93471031243824
2030-09-14 06:00:00,0.0,113.51921487524628
2030-09-14 07:00:00,0.0,104.84050735356776
2030-09-14 08:00:00,0.0,100.73421577396118
2030-09-14 09:00:00,0.0,89.36701150189587
2030-09-14 10:00:00,0.0,72.91469124188171
2030-09-14 11:00:00,0.0,60.38846505402154
2030-09-14 12:00:00,0.0,47.079562855520514
2030-09-14 13:00:00,0.0,41.358995367075806
2030-09-14 14:00:00,0.0,43.624172684030945
2030-09-14 15:00:00,0.0,52.714947395897184
2030-09-14 16:00:00,0.0,74.13959569336959
2030-09-14 17:00:00,0.0,80.98366384726666
2030-09-14 18:00:00,0.0,94.21130498300136
2030-09-14 19:00:00,0.0,124.4909717702862
2030-09-14 20:00:00,0.0,134.3332541353925
2030-09-14 21:00:00,0.0,135.54150852791275
2030-09-14 22:00:00,0.0,139.25816160263923
2030-09-14 23:00:00,0.0,138.2493278380107
2030-09-15 00:00:00,0.0,131.4064631554528
2030-09-15 01:00:00,0.0,127.60867325663308
2030-09-15 02:00:00,0.0,121.01410680684228
2030-09-15 03:00:00,0.0,117.35219664957621
2030-09-15 04:00:00,0.0,114.63948957899076
2030-09-15 05:00:00,0.0,113.13601445302304
2030-09-15 06:00:00,0.0,110.67747092778971
2030-09-15 07:00:00,0.0,102.21382486756306
2030-09-15 08:00:00,0.0,98.36612842503848
2030-09-15 09:00:00,0.0,83.3725869712635
2030-09-15 10:00:00,0.0,76.39832366926908
2030-09-15 11:00:00,0.0,66.04155557609556
2030-09-15 12:00:00,0.0,60.99612426397738
2030-09-15 13:00:00,0.0,60.91651443275492
2030-09-15 14:00:00,0.0,60.96921589696541
2030-09-15 15:00:00,0.0,61.0799230254504
2030-09-15 16:00:00,0.0,71.38183559680516
2030-09-15 17:00:00,0.0,81.14242807084179
2030-09-15 18:00:00,0.0,95.36405569709109
2030-09-15 19:00:00,0.0,124.4385158793604
2030-09-15 20:00:00,0.0,136.0762295252498
2030-09-15 21:00:00,0.0,138.2366196607431
2030-09-15 22:00:00,0.0,140.6159814660782
2030-09-15 23:00:00,0.0,139.9619991128452
2030-09-16 00:00:00,0.0,133.87673730585618
2030-09-16 01:00:00,0.0,130.07699230284152
2030-09-16 02:00:00,0.0,123.11682136858256
2030-09-16 03:00:00,0.0,118.92801063075956
2030-09-16 04:00:00,0.0,116.11266058993571
2030-09-16 05:00:00,0.0,115.3521250580743
2030-09-16 06:00:00,0.0,113.130149140438
2030-09-16 07:00:00,0.0,104.59807443338576
2030-09-16 08:00:00,0.0,100.38978551329852
2030-09-16 09:00:00,0.0,87.08936320467603
2030-09-16 10:00:00,0.0,70.14729917857699
2030-09-16 11:00:00,0.0,59.013295549546
2030-09-16 12:00:00,0.0,49.64979544969833
2030-09-16 13:00:00,0.0,45.700305339204704
2030-09-16 14:00:00,0.0,42.21251458263487
2030-09-16 15:00:00,0.0,54.38302984227494
2030-09-16 16:00:00,0.0,69.01273316530171
2030-09-16 17:00:00,0.0,79.67941697122124
2030-09-16 18:00:00,0.0,94.59439027401241
2030-09-16 19:00:00,0.0,123.6522608553634
2030-09-16 20:00:00,0.0,134.46522366855615
2030-09-16 21:00:00,0.0,137.0694224563182
2030-09-16 22:00:00,0.0,140.86721235513787
2030-09-16 23:00:00,0.0,139.39013113580285
2030-09-17 00:00:00,0.0,130.13173522030195
2030-09-17 01:00:00,0.0,122.7727230302596
2030-09-17 02:00:00,0.0,119.46468673229163
2030-09-17 03:00:00,0.0,116.9201186224776
2030-09-17 04:00:00,0.0,114.39803421090625
2030-09-17 05:00:00,0.0,112.85350189684316
2030-09-17 06:00:00,0.0,112.71077929060692
2030-09-17 07:00:00,0.0,104.73004396654936
2030-09-17 08:00:00,0.0,99.30521496094353
2030-09-17 09:00:00,0.0,86.85649448139964
2030-09-17 10:00:00,0.0,73.94207408578643
2030-09-17 11:00:00,0.0,60.81314385915766
2030-09-17 12:00:00,0.0,47.12476963479969
2030-09-17 13:00:00,0.0,41.704846970192186
2030-09-17 14:00:00,0.0,37.067446944004594
2030-09-17 15:00:00,0.0,47.97960998363624
2030-09-17 16:00:00,0.0,66.22577585757136
2030-09-17 17:00:00,0.0,75.8171829560091
2030-09-17 18:00:00,0.0,89.33613863182897
2030-09-17 19:00:00,0.0,122.78532371367372
2030-09-17 20:00:00,0.0,132.47003983754175
2030-09-17 21:00:00,0.0,136.60606276209933
2030-09-17 22:00:00,0.0,139.60617014935224
2030-09-17 23:00:00,0.0,137.02054485144276
2030-09-18 00:00:00,0.0,130.20896183600507
2030-09-18 01:00:00,0.0,123.65056481382209
2030-09-18 02:00:00,0.0,118.37471614356993
2030-09-18 03:00:00,0.0,115.65027844781434
2030-09-18 04:00:00,0.0,107.81813104257797
2030-09-18 05:00:00,0.0,106.48670508577175
2030-09-18 06:00:00,0.0,105.79655330493092
2030-09-18 07:00:00,0.0,99.76896707169487
2030-09-18 08:00:00,0.0,81.72889346232692
2030-09-18 09:00:00,0.0,69.62427131852434
2030-09-18 10:00:00,0.0,56.343183619859595
2030-09-18 11:00:00,0.0,39.71548367790831
2030-09-18 12:00:00,0.0,31.99935122613226
2030-09-18 13:00:00,0.0,29.899272000241407
2030-09-18 14:00:00,0.0,31.381408587031103
2030-09-18 15:00:00,0.0,38.39261919962962
2030-09-18 16:00:00,0.0,45.76008906767248
2030-09-18 17:00:00,0.0,61.05465171461447
2030-09-18 18:00:00,0.0,77.00241482063801
2030-09-18 19:00:00,0.0,112.61776645529004
2030-09-18 20:00:00,0.0,126.69954980595043
2030-09-18 21:00:00,0.0,129.072068746603
2030-09-18 22:00:00,0.0,133.47300828958527
2030-09-18 23:00:00,0.0,133.12402219077478
2030-09-19 00:00:00,0.0,134.85428940336448
2030-09-19 01:00:00,0.0,130.84632580358047
2030-09-19 02:00:00,0.0,123.74538736728039
2030-09-19 03:00:00,0.0,119.90067496778032
2030-09-19 04:00:00,0.0,117.28181289855564
2030-09-19 05:00:00,0.0,115.5173313625532
2030-09-19 06:00:00,0.0,112.9522346586915
2030-09-19 07:00:00,0.0,104.1806596877497
2030-09-19 08:00:00,0.0,101.6243201358514
2030-09-19 09:00:00,0.0,88.54026767280419
2030-09-19 10:00:00,0.0,71.62521112354307
2030-09-19 11:00:00,0.0,64.38106401396112
2030-09-19 12:00:00,0.0,51.101642135558166
2030-09-19 13:00:00,0.0,48.612434144776614
2030-09-19 14:00:00,0.0,56.40317862592655
2030-09-19 15:00:00,0.0,71.50321458821122
2030-09-19 16:00:00,0.0,90.07665383823917
2030-09-19 17:00:00,0.0,94.88488831030452
2030-09-19 18:00:00,0.0,99.46340569230404
2030-09-19 19:00:00,0.0,120.03279460738707
2030-09-19 20:00:00,0.0,130.47387845442984
2030-09-19 21:00:00,0.0,133.7271718349374
2030-09-19 22:00:00,0.0,138.95805310870423
2030-09-19 23:00:00,0.0,138.07336846045922
2030-09-20 00:00:00,0.0,132.04773733141815
2030-09-20 01:00:00,0.0,127.91953482364072
2030-09-20 02:00:00,0.0,121.89390369459971
2030-09-20 03:00:00,0.0,117.94752587695882
2030-09-20 04:00:00,0.0,115.0608145330168
2030-09-20 05:00:00,0.0,113.36769430013248
2030-09-20 06:00:00,0.0,110.8651609305113
2030-09-20 07:00:00,0.0,102.43279653740488
2030-09-20 08:00:00,0.0,101.95187260197588
2030-09-20 09:00:00,0.0,97.59703138496047
2030-09-20 10:00:00,0.0,86.3624816303738
2030-09-20 11:00:00,0.0,71.76388834860006
2030-09-20 12:00:00,0.0,67.40319784942119
2030-09-20 13:00:00,0.0,59.0201147361214
2030-09-20 14:00:00,0.0,58.307895710812375
2030-09-20 15:00:00,0.0,65.05402756249589
2030-09-20 16:00:00,0.0,74.83465492359392
2030-09-20 17:00:00,0.0,83.13452623764145
2030-09-20 18:00:00,0.0,95.74017971868489
2030-09-20 19:00:00,0.0,121.99225460973344
2030-09-20 20:00:00,0.0,132.46710718124928
2030-09-20 21:00:00,0.0,136.55718515722387
2030-09-20 22:00:00,0.0,139.99523588416048
2030-09-20 23:00:00,0.0,139.0968655065504
2030-09-21 00:00:00,0.0,133.24523865086587
2030-09-21 01:00:00,0.0,129.00852786026496
2030-09-21 02:00:00,0.0,122.90469256342328
2030-09-21 03:00:00,0.0,118.94756167270975
2030-09-21 04:00:00,0.0,115.82232761697576
2030-09-21 05:00:00,0.0,114.62384874543068
2030-09-21 06:00:00,0.0,113.26798398618666
2030-09-21 07:00:00,0.0,104.51204984880502
2030-09-21 08:00:00,0.0,99.06766833889196
2030-09-21 09:00:00,0.0,81.87393146261438
2030-09-21 10:00:00,0.0,63.56290609849913
2030-09-21 11:00:00,0.0,53.01832558025984
2030-09-21 12:00:00,0.0,42.63296691412859
2030-09-21 13:00:00,0.0,38.363503196033435
2030-09-21 14:00:00,0.0,39.45894778919319
2030-09-21 15:00:00,0.0,48.15170030561194
2030-09-21 16:00:00,0.0,62.877174950746046
2030-09-21 17:00:00,0.0,76.02956606599825
2030-09-21 18:00:00,0.0,92.35733205814152
2030-09-21 19:00:00,0.0,126.67846811910943
2030-09-21 20:00:00,0.0,137.28937167825757
2030-09-21 21:00:00,0.0,139.52112311686895
2030-09-21 22:00:00,0.0,142.52514071251187
2030-09-21 23:00:00,0.0,141.72550309675012
2030-09-22 00:00:00,0.0,134.31956840602743
2030-09-22 01:00:00,0.0,130.38980897404417
2030-09-22 02:00:00,0.0,123.45505439432041
2030-09-22 03:00:00,0.0,119.4158091274162
2030-09-22 04:00:00,0.0,116.43916299050352
2030-09-22 05:00:00,0.0,116.00219720291732
2030-09-22 06:00:00,0.0,114.22598504174476
2030-09-22 07:00:00,0.0,105.23446084886363
2030-09-22 08:00:00,0.0,100.89497991689232
2030-09-22 09:00:00,0.0,86.61777574349071
2030-09-22 10:00:00,0.0,75.06688386008659
2030-09-22 11:00:00,0.0,64.16378146269955
2030-09-22 12:00:00,0.0,60.89549067969069
2030-09-22 13:00:00,0.0,56.80607034241364
2030-09-22 14:00:00,0.0,48.32456052570751
2030-09-22 15:00:00,0.0,55.28055492231687
2030-09-22 16:00:00,0.0,65.88099143042064
2030-09-22 17:00:00,0.0,80.74471666068041
2030-09-22 18:00:00,0.0,95.8937129506914
2030-09-22 19:00:00,0.0,126.34193405962696
2030-09-22 20:00:00,0.0,136.9022610476443
2030-09-22 21:00:00,0.0,139.4663801994085
2030-09-22 22:00:00,0.0,142.07644429975562
2030-09-22 23:00:00,0.0,141.14385959873272
2030-09-23 00:00:00,0.0,134.8406036739993
2030-09-23 01:00:00,0.0,131.0672525776174
2030-09-23 02:00:00,0.0,123.25856642272127
2030-09-23 03:00:00,0.0,119.07855365377588
2030-09-23 04:00:00,0.0,116.1546953301286
2030-09-23 05:00:00,0.0,115.0099818239464
2030-09-23 06:00:00,0.0,112.55730361129817
2030-09-23 07:00:00,0.0,103.80625723440401
2030-09-23 08:00:00,0.0,100.629172100588
2030-09-23 09:00:00,0.0,88.70798981937513
2030-09-23 10:00:00,0.0,66.16931031640178
2030-09-23 11:00:00,0.0,58.79650926310444
2030-09-23 12:00:00,0.0,45.95755057117805
2030-09-23 13:00:00,0.0,45.85262312191219
2030-09-23 14:00:00,0.0,40.21509765157998
2030-09-23 15:00:00,0.0,46.25986847801062
2030-09-23 16:00:00,0.0,69.93487450113253
2030-09-23 17:00:00,0.0,78.39962384030342
2030-09-23 18:00:00,0.0,94.89732977981468
2030-09-23 19:00:00,0.0,122.25716212069744
2030-09-23 20:00:00,0.0,132.3673968673034
2030-09-23 21:00:00,0.0,135.4525512870395
2030-09-23 22:00:00,0.0,140.6179365702733
2030-09-23 23:00:00,0.0,139.9111664037748
2030-09-24 00:00:00,0.0,130.83557273050792
2030-09-24 01:00:00,0.0,123.64469950123701
2030-09-24 02:00:00,0.0,121.56935639822694
2030-09-24 03:00:00,0.0,118.52623671868366
2030-09-24 04:00:00,0.0,116.39615069821313
2030-09-24 05:00:00,0.0,114.38825868993113
2030-09-24 06:00:00,0.0,114.23478301062232
2030-09-24 07:00:00,0.0,106.18659659183668
2030-09-24 08:00:00,0.0,102.48007682045017
2030-09-24 09:00:00,0.0,91.44516447713761
2030-09-24 10:00:00,0.0,79.8055095445768
2030-09-24 11:00:00,0.0,74.60880724307587
2030-09-24 12:00:00,0.0,68.55611798035267
2030-09-24 13:00:00,0.0,65.31347747148698
2030-09-24 14:00:00,0.0,55.38571888129536
2030-09-24 15:00:00,0.0,63.555013192785964
2030-09-24 16:00:00,0.0,82.13863566407451
2030-09-24 17:00:00,0.0,90.64446587977454
2030-09-24 18:00:00,0.0,92.88578955051052
2030-09-24 19:00:00,0.0,117.86674902876604
2030-09-24 20:00:00,0.0,124.75617623610395
2030-09-24 21:00:00,0.0,130.1845230335674
2030-09-24 22:00:00,0.0,134.56102377411196
2030-09-24 23:00:00,0.0,131.71732472246035
2030-09-25 00:00:00,0.0,126.50208428225373
2030-09-25 01:00:00,0.0,120.41682247526467
2030-09-25 02:00:00,0.0,116.24560767519688
2030-09-25 03:00:00,0.0,114.24358097949992
2030-09-25 04:00:00,0.0,106.6157419626428
2030-09-25 05:00:00,0.0,105.24912413032627
2030-09-25 06:00:00,0.0,104.96954423043888
2030-09-25 07:00:00,0.0,98.81683132872176
2030-09-25 08:00:00,0.0,80.98576440722046
2030-09-25 09:00:00,0.0,67.25449702519444
2030-09-25 10:00:00,0.0,53.95475750347873
2030-09-25 11:00:00,0.0,32.33189530877701
2030-09-25 12:00:00,0.0,38.967778363288566
2030-09-25 13:00:00,0.0,37.862788149861274
2030-09-25 14:00:00,0.0,39.612454107004055
2030-09-25 15:00:00,0.0,45.523105014046
2030-09-25 16:00:00,0.0,56.83192431230344
2030-09-25 17:00:00,0.0,69.14477889750651
2030-09-25 18:00:00,0.0,83.63069318112774
2030-09-25 19:00:00,0.0,109.63039603004408
2030-09-25 20:00:00,0.0,124.8030987367843
2030-09-25 21:00:00,0.0,128.0280431064641
2030-09-25 22:00:00,0.0,130.07210454235394
2030-09-25 23:00:00,0.0,130.4592151729672
2030-09-26 00:00:00,0.0,132.15429051004662
2030-09-26 01:00:00,0.0,128.1942269630405
2030-09-26 02:00:00,0.0,121.43347665667328
2030-09-26 03:00:00,0.0,117.66599087287642
2030-09-26 04:00:00,0.0,114.94546338551088
2030-09-26 05:00:00,0.0,113.50064138539364
2030-09-26 06:00:00,0.0,111.87497224723732
2030-09-26 07:00:00,0.0,103.3184587377474
2030-09-26 08:00:00,0.0,97.78106731723165
2030-09-26 09:00:00,0.0,82.50066478204302
2030-09-26 10:00:00,0.0,64.10313097403616
2030-09-26 11:00:00,0.0,52.12201778649887
2030-09-26 12:00:00,0.0,46.22966892696405
2030-09-26 13:00:00,0.0,49.07843609909639
2030-09-26 14:00:00,0.0,49.32650807155869
2030-09-26 15:00:00,0.0,56.843749997419536
2030-09-26 16:00:00,0.0,71.34250578895194
2030-09-26 17:00:00,0.0,87.98464641053505
2030-09-26 18:00:00,0.0,102.02789937899752
2030-09-26 19:00:00,0.0,127.89390786846968
2030-09-26 20:00:00,0.0,135.8269537403852
2030-09-26 21:00:00,0.0,137.37735136703327
2030-09-26 22:00:00,0.0,142.77148384108395
2030-09-26 23:00:00,0.0,141.80370726455078
2030-09-27 00:00:00,0.0,134.9383588837502
2030-09-27 01:00:00,0.0,130.45041720408966
2030-09-27 02:00:00,0.0,123.84412012912873
2030-09-27 03:00:00,0.0,120.04046491772402
2030-09-27 04:00:00,0.0,117.07359430178639
2030-09-27 05:00:00,0.0,115.36385568324442
2030-09-27 06:00:00,0.0,113.6932191486028
2030-09-27 07:00:00,0.0,105.17483017091564
2030-09-27 08:00:00,0.0,99.7509772550502
2030-09-27 09:00:00,0.0,83.18534875410084
2030-09-27 10:00:00,0.0,70.13376792336362
2030-09-27 11:00:00,0.0,55.05307458302053
2030-09-27 12:00:00,0.0,50.24243284915775
2030-09-27 13:00:00,0.0,46.61734757498845
2030-09-27 14:00:00,0.0,44.06344152341035
2030-09-27 15:00:00,0.0,51.29049548644855
2030-09-27 16:00:00,0.0,66.57362042868414
2030-09-27 17:00:00,0.0,86.29752337788489
2030-09-27 18:00:00,0.0,98.44887819448753
2030-09-27 19:00:00,0.0,127.47727975157386
2030-09-27 20:00:00,0.0,137.92478054163792
2030-09-27 21:00:00,0.0,140.13502583410417
2030-09-27 22:00:00,0.0,142.8115634770818
2030-09-27 23:00:00,0.0,141.83401137957355
2030-09-28 00:00:00,0.0,135.71258014497676
2030-09-28 01:00:00,0.0,131.48075711486337
2030-09-28 02:00:00,0.0,124.33973904256544
2030-09-28 03:00:00,0.0,120.80393310587795
2030-09-28 04:00:00,0.0,117.95632384583637
2030-09-28 05:00:00,0.0,116.61609992015252
2030-09-28 06:00:00,0.0,114.90733885370804
2030-09-28 07:00:00,0.0,106.81809524682704
2030-09-28 08:00:00,0.0,103.64531892067998
2030-09-28 09:00:00,0.0,89.05902574384487
2030-09-28 10:00:00,0.0,74.68154651648098
2030-09-28 11:00:00,0.0,68.0302929533342
2030-09-28 12:00:00,0.0,48.6178079335844
2030-09-28 13:00:00,0.0,42.15986448192109
2030-09-28 14:00:00,0.0,43.217956968251656
2030-09-28 15:00:00,0.0,50.74836761042809
2030-09-28 16:00:00,0.0,64.78810202745592
2030-09-28 17:00:00,0.0,77.19413703558017
2030-09-28 18:00:00,0.0,94.7426732259961
2030-09-28 19:00:00,0.0,126.6627893933492
2030-09-28 20:00:00,0.0,136.00780087842415
2030-09-28 21:00:00,0.0,138.54845877984826
2030-09-28 22:00:00,0.0,142.60921019289765
2030-09-28 23:00:00,0.0,141.18002902634055
2030-09-29 00:00:00,0.0,134.79759138170897
2030-09-29 01:00:00,0.0,130.71240116622187
2030-09-29 02:00:00,0.0,123.49317892612328
2030-09-29 03:00:00,0.0,119.30143553200776
2030-09-29 04:00:00,0.0,116.5945937740073
2030-09-29 05:00:00,0.0,114.20936665608713
2030-09-29 06:00:00,0.0,112.11545006322439
2030-09-29 07:00:00,0.0,103.13174628712333
2030-09-29 08:00:00,0.0,97.67716187221683
2030-09-29 09:00:00,0.0,82.18141659588184
2030-09-29 10:00:00,0.0,68.1813409765877
2030-09-29 11:00:00,0.0,57.34056800157828
2030-09-29 12:00:00,0.0,51.18510787921451
2030-09-29 13:00:00,0.0,54.79806283345795
2030-09-29 14:00:00,0.0,54.39809646535059
2030-09-29 15:00:00,0.0,58.70808468075063
2030-09-29 16:00:00,0.0,66.40688859498243
2030-09-29 17:00:00,0.0,79.72695485456313
2030-09-29 18:00:00,0.0,95.1613132840962
2030-09-29 19:00:00,0.0,125.65655636267354
2030-09-29 20:00:00,0.0,136.0566784832996
2030-09-29 21:00:00,0.0,138.23075434815803
2030-09-29 22:00:00,0.0,142.13020966511857
2030-09-29 23:00:00,0.0,140.91217975162328
2030-09-30 00:00:00,0.0,133.5189532381681
2030-09-30 01:00:00,0.0,129.0945524448457
2030-09-30 02:00:00,0.0,122.64368615338856
2030-09-30 03:00:00,0.0,118.26229765235644
2030-09-30 04:00:00,0.0,114.89169802014789
2030-09-30 05:00:00,0.0,112.86914273040325
2030-09-30 06:00:00,0.0,109.92475581270833
2030-09-30 07:00:00,0.0,101.34380350078072
2030-09-30 08:00:00,0.0,99.58893716862745
2030-09-30 09:00:00,0.0,90.89164702381885
2030-09-30 10:00:00,0.0,70.99353540660745
2030-09-30 11:00:00,0.0,62.723308002015294
2030-09-30 12:00:00,0.0,53.98874517388953
2030-09-30 13:00:00,0.0,51.53066983022609
2030-09-30 14:00:00,0.0,48.42387335650483
2030-09-30 15:00:00,0.0,53.90145992698888
2030-09-30 16:00:00,0.0,68.33439873460145
2030-09-30 17:00:00,0.0,77.06925886768009
2030-09-30 18:00:00,0.0,94.4653548594984
2030-09-30 19:00:00,0.0,122.8359866390225
2030-09-30 20:00:00,0.0,133.08883031526454
2030-09-30 21:00:00,0.0,136.54838718834628
2030-09-30 22:00:00,0.0,139.53383129413655
2030-09-30 23:00:00,0.0,138.41257903829455
2030-10-01 00:00:00,0.0,138.5953812805286
2030-10-01 01:00:00,0.0,135.50533910030495
2030-10-01 02:00:00,0.0,131.67235732597499
2030-10-01 03:00:00,0.0,127.87358987505785
2030-10-01 04:00:00,0.0,124.89010087346259
2030-10-01 05:00:00,0.0,120.66805336432436
2030-10-01 06:00:00,0.0,113.27971461135678
2030-10-01 07:00:00,0.0,107.86309843906336
2030-10-01 08:00:00,0.0,97.27226876756232
2030-10-01 09:00:00,0.0,92.61398778813196
2030-10-01 10:00:00,0.0,73.89812179124442
2030-10-01 11:00:00,0.0,52.89243854092399
2030-10-01 12:00:00,0.0,47.30447052733308
2030-10-01 13:00:00,0.0,45.46027786190973
2030-10-01 14:00:00,0.0,47.31224905237542
2030-10-01 15:00:00,0.0,59.79813435966606
2030-10-01 16:00:00,0.0,72.49722474650609
2030-10-01 17:00:00,0.0,86.2363937928979
2030-10-01 18:00:00,0.0,101.05980291229956
2030-10-01 19:00:00,0.0,123.1096360117425
2030-10-01 20:00:00,0.0,130.64397251939627
2030-10-01 21:00:00,0.0,134.26971324905446
2030-10-01 22:00:00,0.0,138.54943633194574
2030-10-01 23:00:00,0.0,141.26800871511625
2030-10-02 00:00:00,0.0,139.70783556749308
2030-10-02 01:00:00,0.0,136.91496922491194
2030-10-02 02:00:00,0.0,131.378114144625
2030-10-02 03:00:00,0.0,127.15411153129172
2030-10-02 04:00:00,0.0,122.41787161886413
2030-10-02 05:00:00,0.0,119.48130511794926
2030-10-02 06:00:00,0.0,119.75013194476406
2030-10-02 07:00:00,0.0,110.97660186962725
2030-10-02 08:00:00,0.0,98.17798225355932
2030-10-02 09:00:00,0.0,78.88973999554291
2030-10-02 10:00:00,0.0,61.25582959263789
2030-10-02 11:00:00,0.0,54.23236951258258
2030-10-02 12:00:00,0.0,42.630506843258445
2030-10-02 13:00:00,0.0,50.260114049526635
2030-10-02 14:00:00,0.0,45.64027133642463
2030-10-02 15:00:00,0.0,48.34429849405898
2030-10-02 16:00:00,0.0,55.92911175120138
2030-10-02 17:00:00,0.0,71.72478187891937
2030-10-02 18:00:00,0.0,94.48312968843597
2030-10-02 19:00:00,0.0,125.54250558214405
2030-10-02 20:00:00,0.0,129.41518953282844
2030-10-02 21:00:00,0.0,130.73781752075706
2030-10-02 22:00:00,0.0,120.25259372288332
2030-10-02 23:00:00,0.0,134.71156679712828
2030-10-03 00:00:00,0.0,138.1163807527496
2030-10-03 01:00:00,0.0,134.8024791421965
2030-10-03 02:00:00,0.0,131.22072825692615
2030-10-03 03:00:00,0.0,126.5460741266416
2030-10-03 04:00:00,0.0,121.02779253620736
2030-10-03 05:00:00,0.0,119.88210147792768
2030-10-03 06:00:00,0.0,119.80780751851704
2030-10-03 07:00:00,0.0,110.06552331474956
2030-10-03 08:00:00,0.0,98.41254775730044
2030-10-03 09:00:00,0.0,80.9258946655981
2030-10-03 10:00:00,0.0,61.59417228511148
2030-10-03 11:00:00,0.0,46.61247404795665
2030-10-03 12:00:00,0.0,42.540509366431706
2030-10-03 13:00:00,0.0,41.0410147623233
2030-10-03 14:00:00,0.0,41.634996626941295
2030-10-03 15:00:00,0.0,50.79029232604114
2030-10-03 16:00:00,0.0,62.52734356985735
2030-10-03 17:00:00,0.0,81.10735132783452
2030-10-03 18:00:00,0.0,97.1548411412332
2030-10-03 19:00:00,0.0,129.93106231540827
2030-10-03 20:00:00,0.0,136.90910391232683
2030-10-03 21:00:00,0.0,139.0763369125027
2030-10-03 22:00:00,0.0,141.57300496953883
2030-10-03 23:00:00,0.0,142.7206511320136
2030-10-04 00:00:00,0.0,140.1741279180045
2030-10-04 01:00:00,0.0,136.57184843868652
2030-10-04 02:00:00,0.0,133.3449489648117
2030-10-04 03:00:00,0.0,128.6390131674068
2030-10-04 04:00:00,0.0,123.5733381981189
2030-10-04 05:00:00,0.0,122.40027568110897
2030-10-04 06:00:00,0.0,122.78836386381975
2030-10-04 07:00:00,0.0,112.99720205517688
2030-10-04 08:00:00,0.0,100.354677067292
2030-10-04 09:00:00,0.0,82.59391333522478
2030-10-04 10:00:00,0.0,66.61024167670348
2030-10-04 11:00:00,0.0,49.79251805722532
2030-10-04 12:00:00,0.0,45.470763492173546
2030-10-04 13:00:00,0.0,43.420165967022626
2030-10-04 14:00:00,0.0,44.012390935480646
2030-10-04 15:00:00,0.0,51.627757886922545
2030-10-04 16:00:00,0.0,62.05263180171618
2030-10-04 17:00:00,0.0,84.09806430190338
2030-10-04 18:00:00,0.0,99.1757579460068
2030-10-04 19:00:00,0.0,130.30772045787864
2030-10-04 20:00:00,0.0,137.6148965267278
2030-10-04 21:00:00,0.0,140.4458874011118
2030-10-04 22:00:00,0.0,143.77347474103
2030-10-04 23:00:00,0.0,144.33849985338975
2030-10-05 00:00:00,0.0,141.3061332469191
2030-10-05 01:00:00,0.0,137.54549032780477
2030-10-05 02:00:00,0.0,133.71837386605984
2030-10-05 03:00:00,0.0,128.78173577364305
2030-10-05 04:00:00,0.0,124.05918159058056
2030-10-05 05:00:00,0.0,122.52540234959008
2030-10-05 06:00:00,0.0,122.82942105191512
2030-10-05 07:00:00,0.0,112.84665903216056
2030-10-05 08:00:00,0.0,99.32937648580605
2030-10-05 09:00:00,0.0,81.36243561280082
2030-10-05 10:00:00,0.0,67.03110645856168
2030-10-05 11:00:00,0.0,48.79959438013083
2030-10-05 12:00:00,0.0,42.78245987675177
2030-10-05 13:00:00,0.0,38.893387075527926
2030-10-05 14:00:00,0.0,39.35071422481997
2030-10-05 15:00:00,0.0,48.2855141768851
2030-10-05 16:00:00,0.0,61.15152696939441
2030-10-05 17:00:00,0.0,79.3331503676518
2030-10-05 18:00:00,0.0,98.6786218731753
2030-10-05 19:00:00,0.0,131.3214419829947
2030-10-05 20:00:00,0.0,139.02550420343226
2030-10-05 21:00:00,0.0,140.7401305824618
2030-10-05 22:00:00,0.0,142.9572187396105
2030-10-05 23:00:00,0.0,143.76467677215243
2030-10-06 00:00:00,0.0,141.27778423609135
2030-10-06 01:00:00,0.0,137.5474454319998
2030-10-06 02:00:00,0.0,133.8493658471259
2030-10-06 03:00:00,0.0,129.25389343673953
2030-10-06 04:00:00,0.0,124.5508902956272
2030-10-06 05:00:00,0.0,122.94574975151863
2030-10-06 06:00:00,0.0,123.34361345520448
2030-10-06 07:00:00,0.0,113.81639071288878
2030-10-06 08:00:00,0.0,99.4970501703591
2030-10-06 09:00:00,0.0,80.96793595670852
2030-10-06 10:00:00,0.0,62.7300116659726
2030-10-06 11:00:00,0.0,46.84633488752252
2030-10-06 12:00:00,0.0,43.978107379875894
2030-10-06 13:00:00,0.0,41.183219247124896
2030-10-06 14:00:00,0.0,39.77073225320692
2030-10-06 15:00:00,0.0,49.92523084696268
2030-10-06 16:00:00,0.0,64.34932177681281
2030-10-06 17:00:00,0.0,81.76041988119516
2030-10-06 18:00:00,0.0,100.23354036144956
2030-10-06 19:00:00,0.0,133.07171640629213
2030-10-06 20:00:00,0.0,140.98451860683883
2030-10-06 21:00:00,0.0,142.2289424269669
2030-10-06 22:00:00,0.0,144.92209845560217
2030-10-06 23:00:00,0.0,145.39132346240615
2030-10-07 00:00:00,0.0,142.18299747838398
2030-10-07 01:00:00,0.0,138.52597508160557
2030-10-07 02:00:00,0.0,135.07717128159635
2030-10-07 03:00:00,0.0,130.20309652342007
2030-10-07 04:00:00,0.0,125.0875663971592
2030-10-07 05:00:00,0.0,123.10704584760748
2030-10-07 06:00:00,0.0,124.10414898706593
2030-10-07 07:00:00,0.0,114.04611545580326
2030-10-07 08:00:00,0.0,101.2198197810476
2030-10-07 09:00:00,0.0,83.06518489674721
2030-10-07 10:00:00,0.0,67.04386600319879
2030-10-07 11:00:00,0.0,51.3175787580135
2030-10-07 12:00:00,0.0,45.12534947988605
2030-10-07 13:00:00,0.0,41.98102345243882
2030-10-07 14:00:00,0.0,42.21333071696608
2030-10-07 15:00:00,0.0,52.661505198094176
2030-10-07 16:00:00,0.0,68.14548012265828
2030-10-07 17:00:00,0.0,83.5231117328882
2030-10-07 18:00:00,0.0,103.47148476436352
2030-10-07 19:00:00,0.0,132.68265067148383
2030-10-07 20:00:00,0.0,139.4087046256555
2030-10-07 21:00:00,0.0,140.82126740655497
2030-10-07 22:00:00,0.0,143.30033952583597
2030-10-07 23:00:00,0.0,144.3042855299769
2030-10-08 00:00:00,0.0,141.89657471381406
2030-10-08 01:00:00,0.0,138.4927383102903
2030-10-08 02:00:00,0.0,134.211060123204
2030-10-08 03:00:00,0.0,130.308672149951
2030-10-08 04:00:00,0.0,127.00161340408044
2030-10-08 05:00:00,0.0,122.90273745922826
2030-10-08 06:00:00,0.0,115.65809886459442
2030-10-08 07:00:00,0.0,110.67942603198475
2030-10-08 08:00:00,0.0,100.0801106366672
2030-10-08 09:00:00,0.0,92.0223840285288
2030-10-08 10:00:00,0.0,70.42212284778162
2030-10-08 11:00:00,0.0,50.14057543541793
2030-10-08 12:00:00,0.0,47.696938187735846
2030-10-08 13:00:00,0.0,42.57480710773052
2030-10-08 14:00:00,0.0,40.6170016194863
2030-10-08 15:00:00,0.0,49.41842455605592
2030-10-08 16:00:00,0.0,66.83692042262527
2030-10-08 17:00:00,0.0,79.98031864610493
2030-10-08 18:00:00,0.0,102.22670496658196
2030-10-08 19:00:00,0.0,129.72241378194997
2030-10-08 20:00:00,0.0,136.8553385469639
2030-10-08 21:00:00,0.0,139.98546036318544
2030-10-08 22:00:00,0.0,144.53303272079393
2030-10-08 23:00:00,0.0,145.44117861937912
2030-10-09 00:00:00,0.0,143.61217864494108
2030-10-09 01:00:00,0.0,140.56417120491028
2030-10-09 02:00:00,0.0,134.25896017598188
2030-10-09 03:00:00,0.0,129.90005537319252
2030-10-09 04:00:00,0.0,125.23615431598051
2030-10-09 05:00:00,0.0,122.12069578122161
2030-10-09 06:00:00,0.0,120.88506992997117
2030-10-09 07:00:00,0.0,112.3520176708214
2030-10-09 08:00:00,0.0,98.79901275815592
2030-10-09 09:00:00,0.0,79.1533077862642
2030-10-09 10:00:00,0.0,63.65343770265645
2030-10-09 11:00:00,0.0,49.40150669385366
2030-10-09 12:00:00,0.0,36.41751251042206
2030-10-09 13:00:00,0.0,40.585182532150384
2030-10-09 14:00:00,0.0,40.247132054778035
2030-10-09 15:00:00,0.0,45.70159841634
2030-10-09 16:00:00,0.0,61.53494929324984
2030-10-09 17:00:00,0.0,77.77560383595085
2030-10-09 18:00:00,0.0,99.10552942096984
2030-10-09 19:00:00,0.0,128.30820960427363
2030-10-09 20:00:00,0.0,130.17376996049484
2030-10-09 21:00:00,0.0,132.31167639774543
2030-10-09 22:00:00,0.0,122.8626578232304
2030-10-09 23:00:00,0.0,137.20432464577436
2030-10-10 00:00:00,0.0,140.23571370014753
2030-10-10 01:00:00,0.0,136.64125463760956
2030-10-10 02:00:00,0.0,133.25403661974337
2030-10-10 03:00:00,0.0,128.01729003339153
2030-10-10 04:00:00,0.0,122.80693735367242
2030-10-10 05:00:00,0.0,121.56740129403192
2030-10-10 06:00:00,0.0,121.18420087180868
2030-10-10 07:00:00,0.0,111.06849176679304
2030-10-10 08:00:00,0.0,98.02141177933994
2030-10-10 09:00:00,0.0,80.40875721083374
2030-10-10 10:00:00,0.0,64.93930928526675
2030-10-10 11:00:00,0.0,50.639922377049686
2030-10-10 12:00:00,0.0,43.35270540182637
2030-10-10 13:00:00,0.0,41.892486312196695
2030-10-10 14:00:00,0.0,42.25617103845343
2030-10-10 15:00:00,0.0,53.131565665117876
2030-10-10 16:00:00,0.0,66.22464854396662
2030-10-10 17:00:00,0.0,86.95574311951384
2030-10-10 18:00:00,0.0,102.8499303198838
2030-10-10 19:00:00,0.0,132.26295800677389
2030-10-10 20:00:00,0.0,139.19755337259375
2030-10-10 21:00:00,0.0,140.78900818733723
2030-10-10 22:00:00,0.0,143.11362707521187
2030-10-10 23:00:00,0.0,143.43328661109712
2030-10-11 00:00:00,0.0,140.4722813077445
2030-10-11 01:00:00,0.0,136.76247109770063
2030-10-11 02:00:00,0.0,132.95099546951587
2030-10-11 03:00:00,0.0,127.85306128101018
2030-10-11 04:00:00,0.0,123.0962927745349
2030-10-11 05:00:00,0.0,120.67000846851936
2030-10-11 06:00:00,0.0,120.76483102197768
2030-10-11 07:00:00,0.0,110.64618926066947
2030-10-11 08:00:00,0.0,97.44142935537792
2030-10-11 09:00:00,0.0,80.70883182372398
2030-10-11 10:00:00,0.0,66.7623721777473
2030-10-11 11:00:00,0.0,52.20628183451708
2030-10-11 12:00:00,0.0,44.844562854499884
2030-10-11 13:00:00,0.0,44.573891317531604
2030-10-11 14:00:00,0.0,46.570724205916804
2030-10-11 15:00:00,0.0,55.51283484639014
2030-10-11 16:00:00,0.0,65.70878085123809
2030-10-11 17:00:00,0.0,83.74461599738646
2030-10-11 18:00:00,0.0,100.43667007659963
2030-10-11 19:00:00,0.0,131.75123298355868
2030-10-11 20:00:00,0.0,137.5220290774645
2030-10-11 21:00:00,0.0,140.03042775967083
2030-10-11 22:00:00,0.0,141.76362762855297
2030-10-11 23:00:00,0.0,143.0559515014589
2030-10-12 00:00:00,0.0,139.27477998829693
2030-10-12 01:00:00,0.0,135.46819212059967
2030-10-12 02:00:00,0.0,132.19925790653195
2030-10-12 03:00:00,0.0,127.40729752454637
2030-10-12 04:00:00,0.0,122.49607578666478
2030-10-12 05:00:00,0.0,120.95643123308923
2030-10-12 06:00:00,0.0,120.65339008286168
2030-10-12 07:00:00,0.0,111.02059171401515
2030-10-12 08:00:00,0.0,100.82566007218712
2030-10-12 09:00:00,0.0,87.60576065573582
2030-10-12 10:00:00,0.0,69.18511901462665
2030-10-12 11:00:00,0.0,51.31434005360563
2030-10-12 12:00:00,0.0,43.97953418035206
2030-10-12 13:00:00,0.0,40.53078137695957
2030-10-12 14:00:00,0.0,42.578501628215065
2030-10-12 15:00:00,0.0,50.2044919418355
2030-10-12 16:00:00,0.0,66.56570164487385
2030-10-12 17:00:00,0.0,81.76700041615571
2030-10-12 18:00:00,0.0,99.0128368491521
2030-10-12 19:00:00,0.0,129.59865415738463
2030-10-12 20:00:00,0.0,137.08506328987835
2030-10-12 21:00:00,0.0,138.76156513710504
2030-10-12 22:00:00,0.0,140.52115891261997
2030-10-12 23:00:00,0.0,141.5534539275887
2030-10-13 00:00:00,0.0,139.08806753767283
2030-10-13 01:00:00,0.0,135.81522311521508
2030-10-13 02:00:00,0.0,132.41822957637385
2030-10-13 03:00:00,0.0,127.76410404013689
2030-10-13 04:00:00,0.0,123.10313563921744
2030-10-13 05:00:00,0.0,122.01707525888575
2030-10-13 06:00:00,0.0,121.2281907161966
2030-10-13 07:00:00,0.0,111.37055536492312
2030-10-13 08:00:00,0.0,99.42691491217441
2030-10-13 09:00:00,0.0,82.6671557860842
2030-10-13 10:00:00,0.0,69.20827384480809
2030-10-13 11:00:00,0.0,50.193230257812274
2030-10-13 12:00:00,0.0,45.166243083787435
2030-10-13 13:00:00,0.0,42.393253866394275
2030-10-13 14:00:00,0.0,39.91483939484714
2030-10-13 15:00:00,0.0,49.55973384731237
2030-10-13 16:00:00,0.0,63.548595118144014
2030-10-13 17:00:00,0.0,80.05004073823677
2030-10-13 18:00:00,0.0,99.67666468027625
2030-10-13 19:00:00,0.0,131.2509263404525
2030-10-13 20:00:00,0.0,138.60417924940623
2030-10-13 21:00:00,0.0,138.8915795660737
2030-10-13 22:00:00,0.0,140.8134469897749
2030-10-13 23:00:00,0.0,141.77242559743058
2030-10-14 00:00:00,0.0,139.28357795717443
2030-10-14 01:00:00,0.0,135.59136368488566
2030-10-14 02:00:00,0.0,132.53358072387982
2030-10-14 03:00:00,0.0,127.42978122278907
2030-10-14 04:00:00,0.0,122.23702448082508
2030-10-14 05:00:00,0.0,121.24383154975668
2030-10-14 06:00:00,0.0,120.14506299215736
2030-10-14 07:00:00,0.0,110.2864500887864
2030-10-14 08:00:00,0.0,97.58425653075352
2030-10-14 09:00:00,0.0,81.2487255055183
2030-10-14 10:00:00,0.0,66.33103997925554
2030-10-14 11:00:00,0.0,51.66243896698263
2030-10-14 12:00:00,0.0,45.5691337344868
2030-10-14 13:00:00,0.0,42.7084909231736
2030-10-14 14:00:00,0.0,39.70914757299533
2030-10-14 15:00:00,0.0,49.13680575558964
2030-10-14 16:00:00,0.0,60.77864677691235
2030-10-14 17:00:00,0.0,78.66275403374196
2030-10-14 18:00:00,0.0,98.20211350679949
2030-10-14 19:00:00,0.0,129.97062712285629
2030-10-14 20:00:00,0.0,137.54842298409727
2030-10-14 21:00:00,0.0,138.7586324808125
2030-10-14 22:00:00,0.0,141.43517012379016
2030-10-14 23:00:00,0.0,142.40001404403085
2030-10-15 00:00:00,0.0,140.1262278652266
2030-10-15 01:00:00,0.0,136.8221017756486
2030-10-15 02:00:00,0.0,133.29216115154622
2030-10-15 03:00:00,0.0,129.23825260317935
2030-10-15 04:00:00,0.0,125.86081010628828
2030-10-15 05:00:00,0.0,121.5625135335444
2030-10-15 06:00:00,0.0,114.16537681169928
2030-10-15 07:00:00,0.0,108.93645064212753
2030-10-15 08:00:00,0.0,95.69064265620136
2030-10-15 09:00:00,0.0,82.93664790831781
2030-10-15 10:00:00,0.0,62.29386494130438
2030-10-15 11:00:00,0.0,50.20914289414458
2030-10-15 12:00:00,0.0,49.97750857530269
2030-10-15 13:00:00,0.0,47.11041384444678
2030-10-15 14:00:00,0.0,48.3213983239699
2030-10-15 15:00:00,0.0,53.900669997618365
2030-10-15 16:00:00,0.0,69.62763237428027
2030-10-15 17:00:00,0.0,82.65533769572913
2030-10-15 18:00:00,0.0,102.39058795973756
2030-10-15 19:00:00,0.0,128.08905649057874
2030-10-15 20:00:00,0.0,135.55323915308287
2030-10-15 21:00:00,0.0,139.79092749578126
2030-10-15 22:00:00,0.0,142.5486019628521
2030-10-15 23:00:00,0.0,143.70015833371687
2030-10-16 00:00:00,0.0,142.1438953944837
2030-10-16 01:00:00,0.0,139.405771969363
2030-10-16 02:00:00,0.0,133.69393506362212
2030-10-16 03:00:00,0.0,130.1708373042023
2030-10-16 04:00:00,0.0,125.83930396014313
2030-10-16 05:00:00,0.0,122.6026289652932
2030-10-16 06:00:00,0.0,122.4032083374015
2030-10-16 07:00:00,0.0,113.57298024060924
2030-10-16 08:00:00,0.0,101.0060874713115
2030-10-16 09:00:00,0.0,81.35366023688003
2030-10-16 10:00:00,0.0,65.49830695416847
2030-10-16 11:00:00,0.0,52.027492540575444
2030-10-16 12:00:00,0.0,39.63949143307809
2030-10-16 13:00:00,0.0,46.027862152384614
2030-10-16 14:00:00,0.0,43.77786149857468
2030-10-16 15:00:00,0.0,51.949214767711055
2030-10-16 16:00:00,0.0,63.85041205654784
2030-10-16 17:00:00,0.0,83.28178754450924
2030-10-16 18:00:00,0.0,100.84850334847005
2030-10-16 19:00:00,0.0,132.69999484546224
2030-10-16 20:00:00,0.0,134.324456166515
2030-10-16 21:00:00,0.0,135.82206597989767
2030-10-16 22:00:00,0.0,122.70038417504406
2030-10-16 23:00:00,0.0,136.9961060490051
2030-10-17 00:00:00,0.0,139.8290520275841
2030-10-17 01:00:00,0.0,136.39784416533
2030-10-17 02:00:00,0.0,132.81804838425472
2030-10-17 03:00:00,0.0,128.0896288886072
2030-10-17 04:00:00,0.0,123.56942798972892
2030-10-17 05:00:00,0.0,121.46475832379355
2030-10-17 06:00:00,0.0,122.05128958229852
2030-10-17 07:00:00,0.0,112.02160506186362
2030-10-17 08:00:00,0.0,100.82347469007772
2030-10-17 09:00:00,0.0,85.8082777019846
2030-10-17 10:00:00,0.0,65.5394023961806
2030-10-17 11:00:00,0.0,50.46989680922388
2030-10-17 12:00:00,0.0,45.444550304669804
2030-10-17 13:00:00,0.0,41.995265186402776
2030-10-17 14:00:00,0.0,41.10972431680011
2030-10-17 15:00:00,0.0,53.6991375913903
2030-10-17 16:00:00,0.0,65.86139594406211
2030-10-17 17:00:00,0.0,88.45687184346616
2030-10-17 18:00:00,0.0,103.80285052775076
2030-10-17 19:00:00,0.0,127.82007372080096
2030-10-17 20:00:00,0.0,134.05758444389517
2030-10-17 21:00:00,0.0,135.44668597445445
2030-10-17 22:00:00,0.0,139.80265812095135
2030-10-17 23:00:00,0.0,140.50747318325477
2030-10-18 00:00:00,0.0,137.15349193670392
2030-10-18 01:00:00,0.0,133.322465266569
2030-10-18 02:00:00,0.0,130.14444339756955
2030-10-18 03:00:00,0.0,124.61834139035528
2030-10-18 04:00:00,0.0,119.96226074992336
2030-10-18 05:00:00,0.0,119.20172521806192
2030-10-18 06:00:00,0.0,119.14404964430888
2030-10-18 07:00:00,0.0,109.31769596015572
2030-10-18 08:00:00,0.0,97.93850166694828
2030-10-18 09:00:00,0.0,85.14197631320302
2030-10-18 10:00:00,0.0,70.61050876377112
2030-10-18 11:00:00,0.0,60.492280881622605
2030-10-18 12:00:00,0.0,60.43693204035145
2030-10-18 13:00:00,0.0,50.75579309027586
2030-10-18 14:00:00,0.0,45.97725244945922
2030-10-18 15:00:00,0.0,56.39052653641795
2030-10-18 16:00:00,0.0,66.18948837920061
2030-10-18 17:00:00,0.0,82.58017074690622
2030-10-18 18:00:00,0.0,100.57751374153855
2030-10-18 19:00:00,0.0,129.6415950394378
2030-10-18 20:00:00,0.0,136.6539628148772
2030-10-18 21:00:00,0.0,138.403781069417
2030-10-18 22:00:00,0.0,141.06956563932204
2030-10-18 23:00:00,0.0,141.9767339858098
2030-10-19 00:00:00,0.0,139.12325941318312
2030-10-19 01:00:00,0.0,135.3401327958261
2030-10-19 02:00:00,0.0,131.46413872920573
2030-10-19 03:00:00,0.0,126.55975985600672
2030-10-19 04:00:00,0.0,121.55176046047183
2030-10-19 05:00:00,0.0,120.32004481761135
2030-10-19 06:00:00,0.0,120.53315117486818
2030-10-19 07:00:00,0.0,110.43308290341264
2030-10-19 08:00:00,0.0,97.02503005403946
2030-10-19 09:00:00,0.0,82.33287377790553
2030-10-19 10:00:00,0.0,67.5376522425297
2030-10-19 11:00:00,0.0,50.99749985912968
2030-10-19 12:00:00,0.0,45.276461259237294
2030-10-19 13:00:00,0.0,40.76879910013167
2030-10-19 14:00:00,0.0,41.447614123074345
2030-10-19 15:00:00,0.0,50.71507727820755
2030-10-19 16:00:00,0.0,62.23713883768971
2030-10-19 17:00:00,0.0,79.70031063231151
2030-10-19 18:00:00,0.0,97.88052473319863
2030-10-19 19:00:00,0.0,128.55738992745967
2030-10-19 20:00:00,0.0,134.06344975648028
2030-10-19 21:00:00,0.0,135.47699008947723
2030-10-19 22:00:00,0.0,137.58068220331506
2030-10-19 23:00:00,0.0,138.24248497332815
2030-10-20 00:00:00,0.0,135.39780836957902
2030-10-20 01:00:00,0.0,131.79650644235855
2030-10-20 02:00:00,0.0,129.1004177574307
2030-10-20 03:00:00,0.0,124.61834139035528
2030-10-20 04:00:00,0.0,119.96226074992336
2030-10-20 05:00:00,0.0,119.20172521806192
2030-10-20 06:00:00,0.0,118.72565734657536
2030-10-20 07:00:00,0.0,109.01660991412312
2030-10-20 08:00:00,0.0,96.19699496543203
2030-10-20 09:00:00,0.0,75.16709990157574
2030-10-20 10:00:00,0.0,60.01783763498588
2030-10-20 11:00:00,0.0,44.50686507351401
2030-10-20 12:00:00,0.0,40.06687989739794
2030-10-20 13:00:00,0.0,37.01563155038775
2030-10-20 14:00:00,0.0,39.494746668500795
2030-10-20 15:00:00,0.0,49.47080684320861
2030-10-20 16:00:00,0.0,62.46093596137007
2030-10-20 17:00:00,0.0,82.36999119909534
2030-10-20 18:00:00,0.0,99.18755087395341
2030-10-20 19:00:00,0.0,126.66875927507363
2030-10-20 20:00:00,0.0,132.7809014045494
2030-10-20 21:00:00,0.0,135.24140003397775
2030-10-20 22:00:00,0.0,138.93068164997396
2030-10-20 23:00:00,0.0,138.79871211681035
2030-10-21 00:00:00,0.0,135.74288425999953
2030-10-21 01:00:00,0.0,131.79650644235855
2030-10-21 02:00:00,0.0,129.1004177574307
2030-10-21 03:00:00,0.0,124.61834139035528
2030-10-21 04:00:00,0.0,119.96226074992336
2030-10-21 05:00:00,0.0,119.20172521806192
2030-10-21 06:00:00,0.0,118.72565734657536
2030-10-21 07:00:00,0.0,109.01660991412312
2030-10-21 08:00:00,0.0,93.580704845421
2030-10-21 09:00:00,0.0,74.96669552851324
2030-10-21 10:00:00,0.0,61.61557130170155
2030-10-21 11:00:00,0.0,46.79133291515336
2030-10-21 12:00:00,0.0,42.16581942740953
2030-10-21 13:00:00,0.0,39.880849503792945
2030-10-21 14:00:00,0.0,39.05979501178217
2030-10-21 15:00:00,0.0,49.594321263950405
2030-10-21 16:00:00,0.0,62.24229220916686
2030-10-21 17:00:00,0.0,80.39161193863468
2030-10-21 18:00:00,0.0,97.28626014072837
2030-10-21 19:00:00,0.0,127.50032418771355
2030-10-21 20:00:00,0.0,133.85914136810106
2030-10-21 21:00:00,0.0,137.07919797729335
2030-10-21 22:00:00,0.0,139.27575754039435
2030-10-21 23:00:00,0.0,140.62575698705336
2030-10-22 00:00:00,0.0,138.8622530031484
2030-10-22 01:00:00,0.0,135.37336956714137
2030-10-22 02:00:00,0.0,131.29599976843429
2030-10-22 03:00:00,0.0,127.65852841360606
2030-10-22 04:00:00,0.0,124.31823289642023
2030-10-22 05:00:00,0.0,120.50577971613797
2030-10-22 06:00:00,0.0,114.4576648888542
2030-10-22 07:00:00,0.0,109.16617538504192
2030-10-22 08:00:00,0.0,96.11488205159843
2030-10-22 09:00:00,0.0,83.49453831551853
2030-10-22 10:00:00,0.0,66.42029089242419
2030-10-22 11:00:00,0.0,46.586782604218335
2030-10-22 12:00:00,0.0,45.2076802829057
2030-10-22 13:00:00,0.0,42.692640212411334
2030-10-22 14:00:00,0.0,42.423618099693904
2030-10-22 15:00:00,0.0,51.225336167043224
2030-10-22 16:00:00,0.0,72.01273744835396
2030-10-22 17:00:00,0.0,83.56601728573861
2030-10-22 18:00:00,0.0,99.53920038282752
2030-10-22 19:00:00,0.0,127.06910092865157
2030-10-22 20:00:00,0.0,135.03904674979356
2030-10-22 21:00:00,0.0,138.08509908562928
2030-10-22 22:00:00,0.0,141.57007231324633
2030-10-22 23:00:00,0.0,142.35797930383796
2030-10-23 00:00:00,0.0,140.9972267841065
2030-10-23 01:00:00,0.0,138.37347695439428
2030-10-23 02:00:00,0.0,132.36055400262083
2030-10-23 03:00:00,0.0,127.69665294540884
2030-10-23 04:00:00,0.0,122.9095803239108
2030-10-23 05:00:00,0.0,119.47055204487667
2030-10-23 06:00:00,0.0,118.36689572678983
2030-10-23 07:00:00,0.0,109.33235924161833
2030-10-23 08:00:00,0.0,95.57195114566325
2030-10-23 09:00:00,0.0,76.55689407446192
2030-10-23 10:00:00,0.0,59.21876003756006
2030-10-23 11:00:00,0.0,46.603481149729646
2030-10-23 12:00:00,0.0,33.23889856998812
2030-10-23 13:00:00,0.0,38.47602479919237
2030-10-23 14:00:00,0.0,37.77225214701514
2030-10-23 15:00:00,0.0,44.85582894237485
2030-10-23 16:00:00,0.0,58.41167434641193
2030-10-23 17:00:00,0.0,77.10105354056718
2030-10-23 18:00:00,0.0,97.56876906166899
2030-10-23 19:00:00,0.0,127.51913560058426
2030-10-23 20:00:00,0.0,130.27054761814816
2030-10-23 21:00:00,0.0,130.80331351129018
2030-10-23 22:00:00,0.0,120.62797372832648
2030-10-23 23:00:00,0.0,134.29121939519968
2030-10-24 00:00:00,0.0,136.7693139623832
2030-10-24 01:00:00,0.0,132.67825843431103
2030-10-24 02:00:00,0.0,129.1004177574307
2030-10-24 03:00:00,0.0,124.61834139035528
2030-10-24 04:00:00,0.0,119.96226074992336
2030-10-24 05:00:00,0.0,119.20172521806192
2030-10-24 06:00:00,0.0,118.72565734657536
2030-10-24 07:00:00,0.0,109.01660991412312
2030-10-24 08:00:00,0.0,94.70860139748451
2030-10-24 09:00:00,0.0,77.20464202271296
2030-10-24 10:00:00,0.0,63.911555172210285
2030-10-24 11:00:00,0.0,54.69517284435818
2030-10-24 12:00:00,0.0,46.37271799235396
2030-10-24 13:00:00,0.0,45.36824986853139
2030-10-24 14:00:00,0.0,44.53969704085909
2030-10-24 15:00:00,0.0,53.17791249424721
2030-10-24 16:00:00,0.0,65.04338231272254
2030-10-24 17:00:00,0.0,84.23619974161755
2030-10-24 18:00:00,0.0,101.61091820012643
2030-10-24 19:00:00,0.0,130.27417144150223
2030-10-24 20:00:00,0.0,137.8338681965697
2030-10-24 21:00:00,0.0,138.97858170275185
2030-10-24 22:00:00,0.0,140.96594511698615
2030-10-24 23:00:00,0.0,141.59548866778152
2030-10-25 00:00:00,0.0,137.79183345637682
2030-10-25 01:00:00,0.0,133.8347025656633
2030-10-25 02:00:00,0.0,129.9929228224558
2030-10-25 03:00:00,0.0,124.9321356136554
2030-10-25 04:00:00,0.0,119.96226074992336
2030-10-25 05:00:00,0.0,119.20172521806192
2030-10-25 06:00:00,0.0,118.72565734657536
2030-10-25 07:00:00,0.0,109.01660991412312
2030-10-25 08:00:00,0.0,94.58055118017171
2030-10-25 09:00:00,0.0,76.45326224854813
2030-10-25 10:00:00,0.0,62.377536911433594
2030-10-25 11:00:00,0.0,47.002312926008926
2030-10-25 12:00:00,0.0,42.2821514082807
2030-10-25 13:00:00,0.0,39.87194878984974
2030-10-25 14:00:00,0.0,41.491103347842
2030-10-25 15:00:00,0.0,51.20489063045619
2030-10-25 16:00:00,0.0,64.27566761451243
2030-10-25 17:00:00,0.0,81.74196189201655
2030-10-25 18:00:00,0.0,100.86186407200228
2030-10-25 19:00:00,0.0,131.88619274249345
2030-10-25 20:00:00,0.0,138.76156513710504
2030-10-25 21:00:00,0.0,139.49863941862628
2030-10-25 22:00:00,0.0,141.49382324964068
2030-10-25 23:00:00,0.0,142.44009368002867
2030-10-26 00:00:00,0.0,138.76547534549508
2030-10-26 01:00:00,0.0,134.39092970914555
2030-10-26 02:00:00,0.0,130.10827396996177
2030-10-26 03:00:00,0.0,125.14817462720475
2030-10-26 04:00:00,0.0,119.99256486494608
2030-10-26 05:00:00,0.0,119.20172521806192
2030-10-26 06:00:00,0.0,118.72565734657536
2030-10-26 07:00:00,0.0,109.01660991412312
2030-10-26 08:00:00,0.0,95.12008415359615
2030-10-26 09:00:00,0.0,76.8781428982494
2030-10-26 10:00:00,0.0,62.66581895680338
2030-10-26 11:00:00,0.0,48.19935516618409
2030-10-26 12:00:00,0.0,42.678630217427894
2030-10-26 13:00:00,0.0,39.74946694188566
2030-10-26 14:00:00,0.0,40.582509298937346
2030-10-26 15:00:00,0.0,51.19199518056052
2030-10-26 16:00:00,0.0,63.66981412832399
2030-10-26 17:00:00,0.0,83.45459929096955
2030-10-26 18:00:00,0.0,101.25922679822372
2030-10-26 19:00:00,0.0,131.39945195649727
2030-10-26 20:00:00,0.0,137.57383933863252
2030-10-26 21:00:00,0.0,138.63839357281898
2030-10-26 22:00:00,0.0,141.32372918467422
2030-10-26 23:00:00,0.0,142.30421393847507
2030-10-27 00:00:00,0.0,139.72152129685816
2030-10-27 01:00:00,0.0,135.6969393114166
2030-10-27 02:00:00,0.0,132.0927047279035
2030-10-27 03:00:00,0.0,127.22254017811736
2030-10-27 04:00:00,0.0,122.00534463371564
2030-10-27 05:00:00,0.0,119.93977705168066
2030-10-27 06:00:00,0.0,119.92218111392548
2030-10-27 07:00:00,0.0,109.85143940539524
2030-10-27 08:00:00,0.0,96.34455833249501
2030-10-27 09:00:00,0.0,79.41724685000975
2030-10-27 10:00:00,0.0,63.34433120128074
2030-10-27 11:00:00,0.0,48.115628902680214
2030-10-27 12:00:00,0.0,45.0566209728554
2030-10-27 13:00:00,0.0,42.92331663578079
2030-10-27 14:00:00,0.0,43.30659576195466
2030-10-27 15:00:00,0.0,54.95255685337997
2030-10-27 16:00:00,0.0,66.8813733600224
2030-10-27 17:00:00,0.0,84.1546187693241
2030-10-27 18:00:00,0.0,102.34973844498222
2030-10-27 19:00:00,0.0,133.0314760940333
2030-10-27 20:00:00,0.0,137.39592485688593
2030-10-27 21:00:00,0.0,139.09100019396533
2030-10-27 22:00:00,0.0,141.60917439714663
2030-10-27 23:00:00,0.0,142.44204878422374
2030-10-28 00:00:00,0.0,139.51428025218644
2030-10-28 01:00:00,0.0,135.38412264021395
2030-10-28 02:00:00,0.0,131.96171274683746
2030-10-28 03:00:00,0.0,127.12478496836648
2030-10-28 04:00:00,0.0,122.4256920356442
2030-10-28 05:00:00,0.0,120.24770596239574
2030-10-28 06:00:00,0.0,120.01504856318876
2030-10-28 07:00:00,0.0,110.27471946361628
2030-10-28 08:00:00,0.0,96.7375721678934
2030-10-28 09:00:00,0.0,79.10779932270623
2030-10-28 10:00:00,0.0,66.23605345536043
2030-10-28 11:00:00,0.0,51.596911990429476
2030-10-28 12:00:00,0.0,46.911813732794144
2030-10-28 13:00:00,0.0,44.895875401398825
2030-10-28 14:00:00,0.0,44.383051501800765
2030-10-28 15:00:00,0.0,56.451773453897886
2030-10-28 16:00:00,0.0,68.4334156672968
2030-10-28 17:00:00,0.0,84.59933355828974
2030-10-28 18:00:00,0.0,103.35945430261133
2030-10-28 19:00:00,0.0,133.79651244723476
2030-10-28 20:00:00,0.0,138.90819795173127
2030-10-28 21:00:00,0.0,140.27481578404783
2030-10-28 22:00:00,0.0,142.27390982345227
2030-10-28 23:00:00,0.0,143.52419895616535
2030-10-29 00:00:00,0.0,141.1164881400025
2030-10-29 01:00:00,0.0,137.94042137519807
2030-10-29 02:00:00,0.0,133.71153100137727
2030-10-29 03:00:00,0.0,129.42007729331587
2030-10-29 04:00:00,0.0,126.15798594393084
2030-10-29 05:00:00,0.0,122.10994270814903
2030-10-29 06:00:00,0.0,113.98648477785524
2030-10-29 07:00:00,0.0,108.83674032818163
2030-10-29 08:00:00,0.0,95.93902724318639
2030-10-29 09:00:00,0.0,85.7731816576147
2030-10-29 10:00:00,0.0,69.79474171151378
2030-10-29 11:00:00,0.0,51.29022989611264
2030-10-29 12:00:00,0.0,48.91848371633404
2030-10-29 13:00:00,0.0,44.723225418931406
2030-10-29 14:00:00,0.0,44.096471338365056
2030-10-29 15:00:00,0.0,53.239057049031715
2030-10-29 16:00:00,0.0,68.86779456556133
2030-10-29 17:00:00,0.0,88.69417434555383
2030-10-29 18:00:00,0.0,106.33165209522961
2030-10-29 19:00:00,0.0,131.6185533372335
2030-10-29 20:00:00,0.0,137.99711939685355
2030-10-29 21:00:00,0.0,138.81630805456552
2030-10-29 22:00:00,0.0,143.52224385197036
2030-10-29 23:00:00,0.0,144.62198996166717
2030-10-30 00:00:00,0.0,142.72749399669613
2030-10-30 01:00:00,0.0,139.67655390037282
2030-10-30 02:00:00,0.0,133.10935890931216
2030-10-30 03:00:00,0.0,128.5881804583364
2030-10-30 04:00:00,0.0,124.0943734660908
2030-10-30 05:00:00,0.0,120.9359026390416
2030-10-30 06:00:00,0.0,120.20176101381288
2030-10-30 07:00:00,0.0,111.95122131084304
2030-10-30 08:00:00,0.0,98.80976583122849
2030-10-30 09:00:00,0.0,80.0397387698872
2030-10-30 10:00:00,0.0,68.23564922406126
2030-10-30 11:00:00,0.0,54.05567996738403
2030-10-30 12:00:00,0.0,41.84096354057749
2030-10-30 13:00:00,0.0,48.86561064174594
2030-10-30 14:00:00,0.0,46.06309812349468
2030-10-30 15:00:00,0.0,49.61597097207567
2030-10-30 16:00:00,0.0,61.402187294826085
2030-10-30 17:00:00,0.0,75.58723523405716
2030-10-30 18:00:00,0.0,98.57090388531152
2030-10-30 19:00:00,0.0,127.73533493125944
2030-10-30 20:00:00,0.0,129.6928143285207
2030-10-30 21:00:00,0.0,130.94896877381888
2030-10-30 22:00:00,0.0,122.0679079679562
2030-10-30 23:00:00,0.0,136.0537458270071
2030-10-31 00:00:00,0.0,138.92481633738896
2030-10-31 01:00:00,0.0,135.4603717038196
2030-10-31 02:00:00,0.0,131.67333487807252
2030-10-31 03:00:00,0.0,126.78459683843361
2030-10-31 04:00:00,0.0,121.67199936846532
2030-10-31 05:00:00,0.0,120.338618307464
2030-10-31 06:00:00,0.0,120.18709773235024
2030-10-31 07:00:00,0.0,110.829969055001
2030-10-31 08:00:00,0.0,97.73949785325715
2030-10-31 09:00:00,0.0,81.25918418286199
2030-10-31 10:00:00,0.0,64.79677869528302
2030-10-31 11:00:00,0.0,50.124194966324175
2030-10-31 12:00:00,0.0,47.93183525339049
2030-10-31 13:00:00,0.0,44.82457823545803
2030-10-31 14:00:00,0.0,47.34664480415131
2030-10-31 15:00:00,0.0,53.1047578586722
2030-10-31 16:00:00,0.0,66.65140778873848
2030-10-31 17:00:00,0.0,84.64740778186051
2030-10-31 18:00:00,0.0,102.35473077719087
2030-10-31 19:00:00,0.0,132.95422397744017
2030-10-31 20:00:00,0.0,138.25226049430324
2030-10-31 21:00:00,0.0,139.80754588143887
2030-10-31 22:00:00,0.0,141.3853149668173
2030-10-31 23:00:00,0.0,141.99432992356492
2030-11-01 00:00:00,0.0,138.85247748217327
2030-11-01 01:00:00,0.0,135.44179821396693
2030-11-01 02:00:00,0.0,128.71330712681743
2030-11-01 03:00:00,0.0,123.8519405459088
2030-11-01 04:00:00,0.0,120.04730778240656
2030-11-01 05:00:00,0.0,116.26711382134204
2030-11-01 06:00:00,0.0,115.17909833681534
2030-11-01 07:00:00,0.0,110.15154789933024
2030-11-01 08:00:00,0.0,102.0306484237181
2030-11-01 09:00:00,0.0,90.87676656627696
2030-11-01 10:00:00,0.0,65.46807097715129
2030-11-01 11:00:00,0.0,51.54252760716594
2030-11-01 12:00:00,0.0,47.92549556616228
2030-11-01 13:00:00,0.0,40.41424974505907
2030-11-01 14:00:00,0.0,40.555017617852634
2030-11-01 15:00:00,0.0,51.91212499447658
2030-11-01 16:00:00,0.0,66.9280040292623
2030-11-01 17:00:00,0.0,80.74967219616593
2030-11-01 18:00:00,0.0,106.79262930123524
2030-11-01 19:00:00,0.0,134.78995678294484
2030-11-01 20:00:00,0.0,136.07818462944482
2030-11-01 21:00:00,0.0,140.84375110479766
2030-11-01 22:00:00,0.0,144.1938221429585
2030-11-01 23:00:00,0.0,142.75877566381644
2030-11-02 00:00:00,0.0,137.82604777978963
2030-11-02 01:00:00,0.0,134.37919908397544
2030-11-02 02:00:00,0.0,127.5861895583904
2030-11-02 03:00:00,0.0,122.81280266625748
2030-11-02 04:00:00,0.0,119.23789464566973
2030-11-02 05:00:00,0.0,116.25929340456196
2030-11-02 06:00:00,0.0,115.04126349106669
2030-11-02 07:00:00,0.0,110.36269915239204
2030-11-02 08:00:00,0.0,102.3463886437525
2030-11-02 09:00:00,0.0,85.82139322943857
2030-11-02 10:00:00,0.0,62.79309457496919
2030-11-02 11:00:00,0.0,47.25971118397621
2030-11-02 12:00:00,0.0,40.707206411808556
2030-11-02 13:00:00,0.0,37.28126668149116
2030-11-02 14:00:00,0.0,36.41129268254053
2030-11-02 15:00:00,0.0,47.268046411234195
2030-11-02 16:00:00,0.0,62.31950244047647
2030-11-02 17:00:00,0.0,79.9930669116899
2030-11-02 18:00:00,0.0,104.36507195062552
2030-11-02 19:00:00,0.0,133.9559623824308
2030-11-02 20:00:00,0.0,135.2863674304631
2030-11-02 21:00:00,0.0,140.06855229147357
2030-11-02 22:00:00,0.0,144.6239450658622
2030-11-02 23:00:00,0.0,143.2221353580353
2030-11-03 00:00:00,0.0,138.00200715734107
2030-11-03 01:00:00,0.0,134.75360153732112
2030-11-03 02:00:00,0.0,128.47478441502545
2030-11-03 03:00:00,0.0,123.6779362725523
2030-11-03 04:00:00,0.0,120.00820569850625
2030-11-03 05:00:00,0.0,116.01099517179487
2030-11-03 06:00:00,0.0,114.6062528076755
2030-11-03 07:00:00,0.0,109.7458637788643
2030-11-03 08:00:00,0.0,101.24815057695388
2030-11-03 09:00:00,0.0,84.92876027113874
2030-11-03 10:00:00,0.0,66.19957215731665
2030-11-03 11:00:00,0.0,54.21774740071504
2030-11-03 12:00:00,0.0,45.91142525872885
2030-11-03 13:00:00,0.0,42.966337686723136
2030-11-03 14:00:00,0.0,40.48490639820102
2030-11-03 15:00:00,0.0,58.020103335457065
2030-11-03 16:00:00,0.0,78.00556103095276
2030-11-03 17:00:00,0.0,86.50190427585085
2030-11-03 18:00:00,0.0,108.52249026944217
2030-11-03 19:00:00,0.0,131.8970383654389
2030-11-03 20:00:00,0.0,134.13090085120837
2030-11-03 21:00:00,0.0,140.3129403158507
2030-11-03 22:00:00,0.0,144.8829963717019
2030-11-03 23:00:00,0.0,143.0803903038966
2030-11-04 00:00:00,0.0,138.1662359097225
2030-11-04 01:00:00,0.0,134.86210982014447
2030-11-04 02:00:00,0.0,128.65954176145453
2030-11-04 03:00:00,0.0,124.12076737272353
2030-11-04 04:00:00,0.0,119.43633772146391
2030-11-04 05:00:00,0.0,116.68550611907563
2030-11-04 06:00:00,0.0,114.85161838415009
2030-11-04 07:00:00,0.0,109.54839825516768
2030-11-04 08:00:00,0.0,100.93019000732409
2030-11-04 09:00:00,0.0,83.22122524317354
2030-11-04 10:00:00,0.0,59.60261337292803
2030-11-04 11:00:00,0.0,45.8462491841774
2030-11-04 12:00:00,0.0,36.337322993911584
2030-11-04 13:00:00,0.0,33.277647222451606
2030-11-04 14:00:00,0.0,32.78353417386734
2030-11-04 15:00:00,0.0,44.52776092555814
2030-11-04 16:00:00,0.0,59.68071950830762
2030-11-04 17:00:00,0.0,80.37898065157071
2030-11-04 18:00:00,0.0,107.09443676142575
2030-11-04 19:00:00,0.0,134.39062584036662
2030-11-04 20:00:00,0.0,134.70276882825067
2030-11-04 21:00:00,0.0,138.78307128325025
2030-11-04 22:00:00,0.0,143.31695791149343
2030-11-04 23:00:00,0.0,141.33643736194188
2030-11-05 00:00:00,0.0,136.4584523953754
2030-11-05 01:00:00,0.0,129.18839744620652
2030-11-05 02:00:00,0.0,124.07091221575064
2030-11-05 03:00:00,0.0,119.7540421531541
2030-11-05 04:00:00,0.0,116.30230569685239
2030-11-05 05:00:00,0.0,113.9933276425378
2030-11-05 06:00:00,0.0,109.12511819694656
2030-11-05 07:00:00,0.0,107.43199796406223
2030-11-05 08:00:00,0.0,96.25411126364514
2030-11-05 09:00:00,0.0,78.7489753988533
2030-11-05 10:00:00,0.0,60.95455006670471
2030-11-05 11:00:00,0.0,44.97702172952222
2030-11-05 12:00:00,0.0,41.52270929219821
2030-11-05 13:00:00,0.0,38.38881206704178
2030-11-05 14:00:00,0.0,34.165582609860856
2030-11-05 15:00:00,0.0,44.643520145392806
2030-11-05 16:00:00,0.0,57.880071820801554
2030-11-05 17:00:00,0.0,77.00333803676352
2030-11-05 18:00:00,0.0,106.08660640891986
2030-11-05 19:00:00,0.0,135.83343699088425
2030-11-05 20:00:00,0.0,136.40957479050013
2030-11-05 21:00:00,0.0,140.77141224958208
2030-11-05 22:00:00,0.0,144.34338761387738
2030-11-05 23:00:00,0.0,142.6786163918207
2030-11-06 00:00:00,0.0,137.0508489664655
2030-11-06 01:00:00,0.0,131.57753477251674
2030-11-06 02:00:00,0.0,126.51185980322877
2030-11-06 03:00:00,0.0,120.85574336704592
2030-11-06 04:00:00,0.0,119.72764824652135
2030-11-06 05:00:00,0.0,115.31888828675903
2030-11-06 06:00:00,0.0,113.6257680538747
2030-11-06 07:00:00,0.0,107.64217166502652
2030-11-06 08:00:00,0.0,93.03112199816036
2030-11-06 09:00:00,0.0,73.5789552143857
2030-11-06 10:00:00,0.0,55.843756495139075
2030-11-06 11:00:00,0.0,41.49485363567556
2030-11-06 12:00:00,0.0,34.04551094453609
2030-11-06 13:00:00,0.0,33.124036006055235
2030-11-06 14:00:00,0.0,36.09446305142842
2030-11-06 15:00:00,0.0,42.34192164479818
2030-11-06 16:00:00,0.0,54.50476259585463
2030-11-06 17:00:00,0.0,73.67015463952502
2030-11-06 18:00:00,0.0,103.67813009203483
2030-11-06 19:00:00,0.0,136.15150103675796
2030-11-06 20:00:00,0.0,135.6246004562009
2030-11-06 21:00:00,0.0,137.46142084741905
2030-11-06 22:00:00,0.0,141.34816798711176
2030-11-06 23:00:00,0.0,140.30218724277807
2030-11-07 00:00:00,0.0,135.87974155365066
2030-11-07 01:00:00,0.0,132.14842519746156
2030-11-07 02:00:00,0.0,125.39549530787434
2030-11-07 03:00:00,0.0,121.18420087180868
2030-11-07 04:00:00,0.0,117.7461501448721
2030-11-07 05:00:00,0.0,114.8858327075627
2030-11-07 06:00:00,0.0,113.2846023718443
2030-11-07 07:00:00,0.0,108.62656662721736
2030-11-07 08:00:00,0.0,98.14577914146304
2030-11-07 09:00:00,0.0,80.7783476855103
2030-11-07 10:00:00,0.0,60.59246411430877
2030-11-07 11:00:00,0.0,47.556329192945896
2030-11-07 12:00:00,0.0,42.15978906827331
2030-11-07 13:00:00,0.0,38.88429070751136
2030-11-07 14:00:00,0.0,38.843564718321886
2030-11-07 15:00:00,0.0,49.097686544499595
2030-11-07 16:00:00,0.0,63.17749586422741
2030-11-07 17:00:00,0.0,80.56962589192419
2030-11-07 18:00:00,0.0,105.22171145165832
2030-11-07 19:00:00,0.0,135.07423862530368
2030-11-07 20:00:00,0.0,133.9744925156068
2030-11-07 21:00:00,0.0,138.14375221147986
2030-11-07 22:00:00,0.0,142.92202686410047
2030-11-07 23:00:00,0.0,140.2366912522451
2030-11-08 00:00:00,0.0,135.4623268080146
2030-11-08 01:00:00,0.0,131.85711467240412
2030-11-08 02:00:00,0.0,125.290897233441
2030-11-08 03:00:00,0.0,121.18420087180868
2030-11-08 04:00:00,0.0,117.7461501448721
2030-11-08 05:00:00,0.0,114.88583270756283
2030-11-08 06:00:00,0.0,113.2846023718443
2030-11-08 07:00:00,0.0,108.62656662721736
2030-11-08 08:00:00,0.0,98.18017381841533
2030-11-08 09:00:00,0.0,79.3450763213221
2030-11-08 10:00:00,0.0,62.216083053471486
2030-11-08 11:00:00,0.0,47.38581029534083
2030-11-08 12:00:00,0.0,41.41241824415374
2030-11-08 13:00:00,0.0,38.66181835880207
2030-11-08 14:00:00,0.0,39.17777968784458
2030-11-08 15:00:00,0.0,49.03994939527587
2030-11-08 16:00:00,0.0,63.09689609217912
2030-11-08 17:00:00,0.0,79.76629084774464
2030-11-08 18:00:00,0.0,105.2916259191778
2030-11-08 19:00:00,0.0,133.7936453775677
2030-11-08 20:00:00,0.0,132.4016111907161
2030-11-08 21:00:00,0.0,136.31963999752958
2030-11-08 22:00:00,0.0,140.21909531448978
2030-11-08 23:00:00,0.0,139.13792269464577
2030-11-09 00:00:00,0.0,134.2003070501314
2030-11-09 01:00:00,0.0,130.93528304445374
2030-11-09 02:00:00,0.0,125.290897233441
2030-11-09 03:00:00,0.0,121.18420087180868
2030-11-09 04:00:00,0.0,117.7461501448721
2030-11-09 05:00:00,0.0,114.88583270756283
2030-11-09 06:00:00,0.0,113.28460237184419
2030-11-09 07:00:00,0.0,108.62656662721736
2030-11-09 08:00:00,0.0,97.99100309517779
2030-11-09 09:00:00,0.0,78.34112193573543
2030-11-09 10:00:00,0.0,59.55618929833236
2030-11-09 11:00:00,0.0,45.296707861774344
2030-11-09 12:00:00,0.0,39.9700264592168
2030-11-09 13:00:00,0.0,37.60936893590634
2030-11-09 14:00:00,0.0,35.91550834663667
2030-11-09 15:00:00,0.0,47.044661722428366
2030-11-09 16:00:00,0.0,60.63310628387893
2030-11-09 17:00:00,0.0,79.51788039428025
2030-11-09 18:00:00,0.0,105.16472814302551
2030-11-09 19:00:00,0.0,132.18459462506928
2030-11-09 20:00:00,0.0,129.65860000510793
2030-11-09 21:00:00,0.0,135.86116806379798
2030-11-09 22:00:00,0.0,139.4546495742383
2030-11-09 23:00:00,0.0,138.0909643982145
2030-11-10 00:00:00,0.0,134.2003070501314
2030-11-10 01:00:00,0.0,130.93528304445374
2030-11-10 02:00:00,0.0,125.290897233441
2030-11-10 03:00:00,0.0,121.18420087180868
2030-11-10 04:00:00,0.0,117.7461501448721
2030-11-10 05:00:00,0.0,114.88583270756283
2030-11-10 06:00:00,0.0,113.2846023718443
2030-11-10 07:00:00,0.0,108.62656662721736
2030-11-10 08:00:00,0.0,98.02539777213008
2030-11-10 09:00:00,0.0,78.22836642071354
2030-11-10 10:00:00,0.0,59.989077277015774
2030-11-10 11:00:00,0.0,46.23443609821703
2030-11-10 12:00:00,0.0,40.83249338579799
2030-11-10 13:00:00,0.0,37.87019098511882
2030-11-10 14:00:00,0.0,38.61537789723116
2030-11-10 15:00:00,0.0,49.938547127377205
2030-11-10 16:00:00,0.0,64.62266181111431
2030-11-10 17:00:00,0.0,81.61802519388844
2030-11-10 18:00:00,0.0,106.3790748396143
2030-11-10 19:00:00,0.0,135.4359329013821
2030-11-10 20:00:00,0.0,134.59230544123204
2030-11-10 21:00:00,0.0,138.2884299219112
2030-11-10 22:00:00,0.0,142.50363456636663
2030-11-10 23:00:00,0.0,139.79874791256145
2030-11-11 00:00:00,0.0,134.2003070501314
2030-11-11 01:00:00,0.0,130.93528304445374
2030-11-11 02:00:00,0.0,125.290897233441
2030-11-11 03:00:00,0.0,121.18420087180868
2030-11-11 04:00:00,0.0,117.7461501448721
2030-11-11 05:00:00,0.0,114.88583270756283
2030-11-11 06:00:00,0.0,113.2846023718443
2030-11-11 07:00:00,0.0,108.62656662721736
2030-11-11 08:00:00,0.0,98.67889663422328
2030-11-11 09:00:00,0.0,79.42545566442197
2030-11-11 10:00:00,0.0,59.27570472023268
2030-11-11 11:00:00,0.0,45.74703948210691
2030-11-11 12:00:00,0.0,40.504102923563835
2030-11-11 13:00:00,0.0,37.29299438581984
2030-11-11 14:00:00,0.0,38.79263472995308
2030-11-11 15:00:00,0.0,48.88087037396906
2030-11-11 16:00:00,0.0,63.838877449749695
2030-11-11 17:00:00,0.0,80.74809382559914
2030-11-11 18:00:00,0.0,105.16120706473701
2030-11-11 19:00:00,0.0,133.53459407172818
2030-11-11 20:00:00,0.0,133.22568760891556
2030-11-11 21:00:00,0.0,136.97753255915256
2030-11-11 22:00:00,0.0,141.3286169451617
2030-11-11 23:00:00,0.0,139.1525859761083
2030-11-12 00:00:00,0.0,134.4437175224109
2030-11-12 01:00:00,0.0,128.32521894410667
2030-11-12 02:00:00,0.0,124.07091221575064
2030-11-12 03:00:00,0.0,119.7540421531541
2030-11-12 04:00:00,0.0,116.30230569685239
2030-11-12 05:00:00,0.0,113.9933276425378
2030-11-12 06:00:00,0.0,109.12511819694656
2030-11-12 07:00:00,0.0,107.43199796406223
2030-11-12 08:00:00,0.0,97.45917832429033
2030-11-12 09:00:00,0.0,80.43015989106152
2030-11-12 10:00:00,0.0,61.5174189679372
2030-11-12 11:00:00,0.0,41.594675808602005
2030-11-12 12:00:00,0.0,38.204108657433494
2030-11-12 13:00:00,0.0,34.6229239616282
2030-11-12 14:00:00,0.0,31.442137042012742
2030-11-12 15:00:00,0.0,41.63282801675888
2030-11-12 16:00:00,0.0,55.243316506287215
2030-11-12 17:00:00,0.0,73.75807821988836
2030-11-12 18:00:00,0.0,102.5598454715888
2030-11-12 19:00:00,0.0,133.78875761708025
2030-11-12 20:00:00,0.0,135.03318143720867
2030-11-12 21:00:00,0.0,138.73126102208252
2030-11-12 22:00:00,0.0,141.03046355542182
2030-11-12 23:00:00,0.0,139.73911723461333
2030-11-13 00:00:00,0.0,135.85530275121283
2030-11-13 01:00:00,0.0,131.27547117438667
2030-11-13 02:00:00,0.0,126.51185980322877
2030-11-13 03:00:00,0.0,120.85574336704592
2030-11-13 04:00:00,0.0,119.72764824652135
2030-11-13 05:00:00,0.0,115.31888828675903
2030-11-13 06:00:00,0.0,113.6257680538747
2030-11-13 07:00:00,0.0,107.64217166502652
2030-11-13 08:00:00,0.0,93.75341021415807
2030-11-13 09:00:00,0.0,72.6954313900377
2030-11-13 10:00:00,0.0,57.21313210630234
2030-11-13 11:00:00,0.0,39.51045057086879
2030-11-13 12:00:00,0.0,31.621253521123563
2030-11-13 13:00:00,0.0,30.776609149155888
2030-11-13 14:00:00,0.0,34.57141028714341
2030-11-13 15:00:00,0.0,43.12855851550978
2030-11-13 16:00:00,0.0,56.46818783114395
2030-11-13 17:00:00,0.0,75.14286657119726
2030-11-13 18:00:00,0.0,105.4037066618584
2030-11-13 19:00:00,0.0,134.19737439383908
2030-11-13 20:00:00,0.0,132.44755613929925
2030-11-13 21:00:00,0.0,134.8591771638521
2030-11-13 22:00:00,0.0,139.18289009113096
2030-11-13 23:00:00,0.0,138.03622148075408
2030-11-14 00:00:00,0.0,134.2003070501314
2030-11-14 01:00:00,0.0,130.93528304445374
2030-11-14 02:00:00,0.0,125.290897233441
2030-11-14 03:00:00,0.0,121.18420087180868
2030-11-14 04:00:00,0.0,117.7461501448721
2030-11-14 05:00:00,0.0,114.88583270756283
2030-11-14 06:00:00,0.0,113.2846023718443
2030-11-14 07:00:00,0.0,108.62656662721736
2030-11-14 08:00:00,0.0,99.55596089650624
2030-11-14 09:00:00,0.0,80.7664571178395
2030-11-14 10:00:00,0.0,59.329467539378975
2030-11-14 11:00:00,0.0,46.64141439774931
2030-11-14 12:00:00,0.0,41.94009708233216
2030-11-14 13:00:00,0.0,41.33083253598073
2030-11-14 14:00:00,0.0,41.78579359436151
2030-11-14 15:00:00,0.0,49.460210086433335
2030-11-14 16:00:00,0.0,62.61538300744809
2030-11-14 17:00:00,0.0,82.04948492264737
2030-11-14 18:00:00,0.0,106.77050484771443
2030-11-14 19:00:00,0.0,135.6197126957136
2030-11-14 20:00:00,0.0,135.61286983103076
2030-11-14 21:00:00,0.0,139.21514931034898
2030-11-14 22:00:00,0.0,142.361889512228
2030-11-14 23:00:00,0.0,140.709826467439
2030-11-15 00:00:00,0.0,134.67344226532546
2030-11-15 01:00:00,0.0,131.22561601741359
2030-11-15 02:00:00,0.0,125.290897233441
2030-11-15 03:00:00,0.0,121.18420087180868
2030-11-15 04:00:00,0.0,117.7461501448721
2030-11-15 05:00:00,0.0,114.88583270756283
2030-11-15 06:00:00,0.0,113.2846023718443
2030-11-15 07:00:00,0.0,108.62656662721736
2030-11-15 08:00:00,0.0,98.8680673574608
2030-11-15 09:00:00,0.0,81.20970503092042
2030-11-15 10:00:00,0.0,64.56952533972549
2030-11-15 11:00:00,0.0,51.21328819663427
2030-11-15 12:00:00,0.0,45.15282879031429
2030-11-15 13:00:00,0.0,41.72522871453828
2030-11-15 14:00:00,0.0,42.072067336347565
2030-11-15 15:00:00,0.0,52.260341209366516
2030-11-15 16:00:00,0.0,65.72961841682434
2030-11-15 17:00:00,0.0,81.09304729109374
2030-11-15 18:00:00,0.0,106.50162955888185
2030-11-15 19:00:00,0.0,134.5561360136246
2030-11-15 20:00:00,0.0,133.60693292694407
2030-11-15 21:00:00,0.0,136.63832198131684
2030-11-15 22:00:00,0.0,140.72448974890182
2030-11-15 23:00:00,0.0,138.41257903829467
2030-11-16 00:00:00,0.0,134.20030705013147
2030-11-16 01:00:00,0.0,130.93528304445374
2030-11-16 02:00:00,0.0,125.290897233441
2030-11-16 03:00:00,0.0,121.18420087180868
2030-11-16 04:00:00,0.0,117.7461501448721
2030-11-16 05:00:00,0.0,114.88583270756283
2030-11-16 06:00:00,0.0,113.2846023718443
2030-11-16 07:00:00,0.0,108.62656662721736
2030-11-16 08:00:00,0.0,98.45533123403351
2030-11-16 09:00:00,0.0,78.21127656705511
2030-11-16 10:00:00,0.0,59.21292095188039
2030-11-16 11:00:00,0.0,48.97619173459134
2030-11-16 12:00:00,0.0,42.70257459719096
2030-11-16 13:00:00,0.0,39.71135334161727
2030-11-16 14:00:00,0.0,41.15745203060396
2030-11-16 15:00:00,0.0,50.19722533999152
2030-11-16 16:00:00,0.0,64.46626112836157
2030-11-16 17:00:00,0.0,80.85680468545705
2030-11-16 18:00:00,0.0,105.81124131738
2030-11-16 19:00:00,0.0,134.44567262660587
2030-11-16 20:00:00,0.0,133.26185703652345
2030-11-16 21:00:00,0.0,136.96677948608
2030-11-16 22:00:00,0.0,140.26895047146303
2030-11-16 23:00:00,0.0,138.48296278931502
2030-11-17 00:00:00,0.0,134.20030705013136
2030-11-17 01:00:00,0.0,130.93528304445363
2030-11-17 02:00:00,0.0,125.290897233441
2030-11-17 03:00:00,0.0,121.18420087180868
2030-11-17 04:00:00,0.0,117.7461501448721
2030-11-17 05:00:00,0.0,114.88583270756283
2030-11-17 06:00:00,0.0,113.2846023718443
2030-11-17 07:00:00,0.0,108.62656662721736
2030-11-17 08:00:00,0.0,98.88526469593694
2030-11-17 09:00:00,0.0,79.69540687754566
2030-11-17 10:00:00,0.0,62.72653395081471
2030-11-17 11:00:00,0.0,47.293679935394835
2030-11-17 12:00:00,0.0,42.15426880567975
2030-11-17 13:00:00,0.0,37.602408393795486
2030-11-17 14:00:00,0.0,39.529351586953915
2030-11-17 15:00:00,0.0,48.610366441386475
2030-11-17 16:00:00,0.0,63.185241226495066
2030-11-17 17:00:00,0.0,78.87302429057104
2030-11-17 18:00:00,0.0,104.86177152294204
2030-11-17 19:00:00,0.0,134.8200750799515
2030-11-17 20:00:00,0.0,132.55606442212263
2030-11-17 21:00:00,0.0,134.60892382688974
2030-11-17 22:00:00,0.0,139.33147800995246
2030-11-17 23:00:00,0.0,138.0909643982144
2030-11-18 00:00:00,0.0,134.2003070501312
2030-11-18 01:00:00,0.0,130.9352830444539
2030-11-18 02:00:00,0.0,125.29089723344087
2030-11-18 03:00:00,0.0,121.18420087180868
2030-11-18 04:00:00,0.0,117.7461501448721
2030-11-18 05:00:00,0.0,114.88583270756283
2030-11-18 06:00:00,0.0,113.2846023718443
2030-11-18 07:00:00,0.0,108.62656662721736
2030-11-18 08:00:00,0.0,98.95405404984147
2030-11-18 09:00:00,0.0,79.2510276513223
2030-11-18 10:00:00,0.0,59.18912450180534
2030-11-18 11:00:00,0.0,45.94185362920558
2030-11-18 12:00:00,0.0,40.56273200313626
2030-11-18 13:00:00,0.0,36.742858816518485
2030-11-18 14:00:00,0.0,39.081723081341806
2030-11-18 15:00:00,0.0,49.42017562731343
2030-11-18 16:00:00,0.0,63.214062799509755
2030-11-18 17:00:00,0.0,80.69492562797619
2030-11-18 18:00:00,0.0,105.85734694222378
2030-11-18 19:00:00,0.0,134.78195054814864
2030-11-18 20:00:00,0.0,132.72224827869894
2030-11-18 21:00:00,0.0,136.67058120053474
2030-11-18 22:00:00,0.0,140.6912529775865
2030-11-18 23:00:00,0.0,138.39498310053943
2030-11-19 00:00:00,0.0,134.4437175224108
2030-11-19 01:00:00,0.0,128.3252189441065
2030-11-19 02:00:00,0.0,124.07091221575085
2030-11-19 03:00:00,0.0,119.7540421531541
2030-11-19 04:00:00,0.0,116.30230569685239
2030-11-19 05:00:00,0.0,113.9933276425378
2030-11-19 06:00:00,0.0,109.12511819694656
2030-11-19 07:00:00,0.0,107.43199796406223
2030-11-19 08:00:00,0.0,96.59931140048349
2030-11-19 09:00:00,0.0,77.25897067606195
2030-11-19 10:00:00,0.0,60.54509346589043
2030-11-19 11:00:00,0.0,46.34268168831062
2030-11-19 12:00:00,0.0,44.02810427346412
2030-11-19 13:00:00,0.0,40.69231721755841
2030-11-19 14:00:00,0.0,37.34204579202628
2030-11-19 15:00:00,0.0,46.660064385108846
2030-11-19 16:00:00,0.0,59.9067184036544
2030-11-19 17:00:00,0.0,78.14085125245185
2030-11-19 18:00:00,0.0,106.95825095755774
2030-11-19 19:00:00,0.0,135.45646149542972
2030-11-19 20:00:00,0.0,136.2590317674841
2030-11-19 21:00:00,0.0,138.93068164997382
2030-11-19 22:00:00,0.0,142.19570565565166
2030-11-19 23:00:00,0.0,140.92879813728075
2030-11-20 00:00:00,0.0,135.85530275121283
2030-11-20 01:00:00,0.0,131.2754711743865
2030-11-20 02:00:00,0.0,126.5118598032286
2030-11-20 03:00:00,0.0,120.85574336704609
2030-11-20 04:00:00,0.0,119.72764824652135
2030-11-20 05:00:00,0.0,115.31888828675903
2030-11-20 06:00:00,0.0,113.62576805387488
2030-11-20 07:00:00,0.0,107.64217166502652
2030-11-20 08:00:00,0.0,94.30372504539443
2030-11-20 09:00:00,0.0,73.4151400052641
2030-11-20 10:00:00,0.0,57.949364004642796
2030-11-20 11:00:00,0.0,42.85282944594985
2030-11-20 12:00:00,0.0,36.22214746922897
2030-11-20 13:00:00,0.0,34.07147345470423
2030-11-20 14:00:00,0.0,37.54444134257358
2030-11-20 15:00:00,0.0,43.42382588302894
2030-11-20 16:00:00,0.0,56.38855795705342
2030-11-20 17:00:00,0.0,73.89415507529111
2030-11-20 18:00:00,0.0,103.89221108829258
2030-11-20 19:00:00,0.0,135.2844123262683
2030-11-20 20:00:00,0.0,132.7574401542093
2030-11-20 21:00:00,0.0,133.72228407444982
2030-11-20 22:00:00,0.0,138.2239114834756
2030-11-20 23:00:00,0.0,136.94918354832487
2030-11-21 00:00:00,0.0,134.2003070501314
2030-11-21 01:00:00,0.0,130.93528304445368
2030-11-21 02:00:00,0.0,125.2908972334411
2030-11-21 03:00:00,0.0,121.1842008718088
2030-11-21 04:00:00,0.0,117.74615014487198
2030-11-21 05:00:00,0.0,114.88583270756294
2030-11-21 06:00:00,0.0,113.28460237184419
2030-11-21 07:00:00,0.0,108.62656662721736
2030-11-21 08:00:00,0.0,99.9514996814574
2030-11-21 09:00:00,0.0,81.41152928407939
2030-11-21 10:00:00,0.0,61.42342348550801
2030-11-21 11:00:00,0.0,48.210813267730366
2030-11-21 12:00:00,0.0,40.93890593619688
2030-11-21 13:00:00,0.0,38.38529318357979
2030-11-21 14:00:00,0.0,38.700090466321456
2030-11-21 15:00:00,0.0,48.13154845810095
2030-11-21 16:00:00,0.0,62.21002170444274
2030-11-21 17:00:00,0.0,78.05365164149867
2030-11-21 18:00:00,0.0,102.55567001779865
2030-11-21 19:00:00,0.0,130.62930923793374
2030-11-21 20:00:00,0.0,131.05552195244712
2030-11-21 21:00:00,0.0,135.6050494142507
2030-11-21 22:00:00,0.0,139.0333246202125
2030-11-21 23:00:00,0.0,138.0909643982144
2030-11-22 00:00:00,0.0,134.2003070501314
2030-11-22 01:00:00,0.0,130.93528304445368
2030-11-22 02:00:00,0.0,125.29089723344111
2030-11-22 03:00:00,0.0,121.18420087180856
2030-11-22 04:00:00,0.0,117.7461501448721
2030-11-22 05:00:00,0.0,114.88583270756294
2030-11-22 06:00:00,0.0,113.2846023718443
2030-11-22 07:00:00,0.0,108.62656662721736
2030-11-22 08:00:00,0.0,99.33239549631645
2030-11-22 09:00:00,0.0,80.03505431244935
2030-11-22 10:00:00,0.0,60.25271211671981
2030-11-22 11:00:00,0.0,46.61453954748413
2030-11-22 12:00:00,0.0,39.86356510186442
2030-11-22 13:00:00,0.0,36.793048084203285
2030-11-22 14:00:00,0.0,37.181034981623725
2030-11-22 15:00:00,0.0,48.595073563169365
2030-11-22 16:00:00,0.0,62.24083444848782
2030-11-22 17:00:00,0.0,79.34177418638988
2030-11-22 18:00:00,0.0,104.5956878914195
2030-11-22 19:00:00,0.0,133.17387734774775
2030-11-22 20:00:00,0.0,132.91482604190782
2030-11-22 21:00:00,0.0,136.76638130609052
2030-11-22 22:00:00,0.0,138.96489597338666
2030-11-22 23:00:00,0.0,138.0909643982144
2030-11-23 00:00:00,0.0,134.20030705013136
2030-11-23 01:00:00,0.0,130.93528304445363
2030-11-23 02:00:00,0.0,125.29089723344111
2030-11-23 03:00:00,0.0,121.1842008718085
2030-11-23 04:00:00,0.0,117.7461501448721
2030-11-23 05:00:00,0.0,114.88583270756283
2030-11-23 06:00:00,0.0,113.2846023718443
2030-11-23 07:00:00,0.0,108.62656662721736
2030-11-23 08:00:00,0.0,100.278249112504
2030-11-23 09:00:00,0.0,83.8681690853955
2030-11-23 10:00:00,0.0,66.5444695260162
2030-11-23 11:00:00,0.0,49.63518355496745
2030-11-23 12:00:00,0.0,40.77981670807935
2030-11-23 13:00:00,0.0,38.99462876812458
2030-11-23 14:00:00,0.0,40.87427818886954
2030-11-23 15:00:00,0.0,51.06870557583824
2030-11-23 16:00:00,0.0,61.958286914495375
2030-11-23 17:00:00,0.0,79.5714089346838
2030-11-23 18:00:00,0.0,103.9363812862199
2030-11-23 19:00:00,0.0,132.60200937070522
2030-11-23 20:00:00,0.0,130.09556579269417
2030-11-23 21:00:00,0.0,134.26091528017707
2030-11-23 22:00:00,0.0,138.85541013846597
2030-11-23 23:00:00,0.0,138.0909643982144
2030-11-24 00:00:00,0.0,134.20030705013158
2030-11-24 01:00:00,0.0,130.93528304445385
2030-11-24 02:00:00,0.0,125.29089723344089
2030-11-24 03:00:00,0.0,121.18420087180874
2030-11-24 04:00:00,0.0,117.7461501448721
2030-11-24 05:00:00,0.0,114.88583270756283
2030-11-24 06:00:00,0.0,113.2846023718443
2030-11-24 07:00:00,0.0,108.62656662721736
2030-11-24 08:00:00,0.0,99.48717154260169
2030-11-24 09:00:00,0.0,80.26893811572484
2030-11-24 10:00:00,0.0,58.26714167064421
2030-11-24 11:00:00,0.0,43.8036039750732
2030-11-24 12:00:00,0.0,37.94083489556124
2030-11-24 13:00:00,0.0,34.914652761952766
2030-11-24 14:00:00,0.0,34.938267772046856
2030-11-24 15:00:00,0.0,45.51416637434113
2030-11-24 16:00:00,0.0,59.85013952307548
2030-11-24 17:00:00,0.0,77.52961557922868
2030-11-24 18:00:00,0.0,102.67233974720226
2030-11-24 19:00:00,0.0,131.11613018249295
2030-11-24 20:00:00,0.0,128.20986779660063
2030-11-24 21:00:00,0.0,133.59520230177384
2030-11-24 22:00:00,0.0,138.85541013846574
2030-11-24 23:00:00,0.0,138.09096439821465
2030-11-25 00:00:00,0.0,134.2003070501313
2030-11-25 01:00:00,0.0,130.93528304445357
2030-11-25 02:00:00,0.0,125.290897233441
2030-11-25 03:00:00,0.0,121.18420087180846
2030-11-25 04:00:00,0.0,117.7461501448721
2030-11-25 05:00:00,0.0,114.88583270756294
2030-11-25 06:00:00,0.0,113.2846023718443
2030-11-25 07:00:00,0.0,108.62656662721736
2030-11-25 08:00:00,0.0,99.53876355803008
2030-11-25 09:00:00,0.0,80.26584259479898
2030-11-25 10:00:00,0.0,57.59328546058214
2030-11-25 11:00:00,0.0,45.03344467101056
2030-11-25 12:00:00,0.0,39.12647770301828
2030-11-25 13:00:00,0.0,35.78635742757615
2030-11-25 14:00:00,0.0,37.201613126712346
2030-11-25 15:00:00,0.0,47.53909941512848
2030-11-25 16:00:00,0.0,61.61537162098273
2030-11-25 17:00:00,0.0,79.01412881771161
2030-11-25 18:00:00,0.0,103.58678744985173
2030-11-25 19:00:00,0.0,131.68604305534006
2030-11-25 20:00:00,0.0,129.40834666814573
2030-11-25 21:00:00,0.0,133.62550641679633
2030-11-25 22:00:00,0.0,139.16236149708334
2030-11-25 23:00:00,0.0,138.09096439821428
2030-11-26 00:00:00,0.0,134.4437175224109
2030-11-26 01:00:00,0.0,128.3252189441066
2030-11-26 02:00:00,0.0,124.07091221575052
2030-11-26 03:00:00,0.0,119.75404215315427
2030-11-26 04:00:00,0.0,116.30230569685239
2030-11-26 05:00:00,0.0,113.99332764253774
2030-11-26 06:00:00,0.0,109.12511819694657
2030-11-26 07:00:00,0.0,107.43199796406223
2030-11-26 08:00:00,0.0,97.37319163190966
2030-11-26 09:00:00,0.0,78.5455035674617
2030-11-26 10:00:00,0.0,59.53461794147745
2030-11-26 11:00:00,0.0,44.401854929795206
2030-11-26 12:00:00,0.0,42.75250408524289
2030-11-26 13:00:00,0.0,39.1191101646923
2030-11-26 14:00:00,0.0,34.61779938005384
2030-11-26 15:00:00,0.0,43.38940242133714
2030-11-26 16:00:00,0.0,56.71612353275822
2030-11-26 17:00:00,0.0,75.57954015400878
2030-11-26 18:00:00,0.0,104.81308484142373
2030-11-26 19:00:00,0.0,134.59230544123204
2030-11-26 20:00:00,0.0,135.18470201232208
2030-11-26 21:00:00,0.0,136.33821348738195
2030-11-26 22:00:00,0.0,139.52405577316148
2030-11-26 23:00:00,0.0,139.73911723461333
2030-11-27 00:00:00,0.0,135.85530275121278
2030-11-27 01:00:00,0.0,131.27547117438644
2030-11-27 02:00:00,0.0,126.51185980322903
2030-11-27 03:00:00,0.0,120.8557433670461
2030-11-27 04:00:00,0.0,119.72764824652155
2030-11-27 05:00:00,0.0,115.31888828675902
2030-11-27 06:00:00,0.0,113.62576805387488
2030-11-27 07:00:00,0.0,107.64217166502652
2030-11-27 08:00:00,0.0,95.9202748621513
2030-11-27 09:00:00,0.0,75.56085192693153
2030-11-27 10:00:00,0.0,53.81948293906697
2030-11-27 11:00:00,0.0,38.13373513645843
2030-11-27 12:00:00,0.0,30.57941799639206
2030-11-27 13:00:00,0.0,31.030912250495803
2030-11-27 14:00:00,0.0,36.34085210612818
2030-11-27 15:00:00,0.0,46.920543971853135
2030-11-27 16:00:00,0.0,64.40415946737102
2030-11-27 17:00:00,0.0,79.13461915616345
2030-11-27 18:00:00,0.0,104.89757552308134
2030-11-27 19:00:00,0.0,132.18166196877678
2030-11-27 20:00:00,0.0,129.68988167222824
2030-11-27 21:00:00,0.0,131.00175658708426
2030-11-27 22:00:00,0.0,136.41055234259778
2030-11-27 23:00:00,0.0,136.62854646034185
2030-11-28 00:00:00,0.0,134.20030705013158
2030-11-28 01:00:00,0.0,130.93528304445385
2030-11-28 02:00:00,0.0,125.29089723344089
2030-11-28 03:00:00,0.0,121.18420087180874
2030-11-28 04:00:00,0.0,117.74615014487199
2030-11-28 05:00:00,0.0,114.8858327075627
2030-11-28 06:00:00,0.0,113.2846023718444
2030-11-28 07:00:00,0.0,108.62656662721736
2030-11-28 08:00:00,0.0,101.98078562164152
2030-11-28 09:00:00,0.0,86.84502837561467
2030-11-28 10:00:00,0.0,69.91089917407442
2030-11-28 11:00:00,0.0,53.719240651310024
2030-11-28 12:00:00,0.0,46.166383824593545
2030-11-28 13:00:00,0.0,43.03373814396946
2030-11-28 14:00:00,0.0,40.85301616010656
2030-11-28 15:00:00,0.0,50.24039030301316
2030-11-28 16:00:00,0.0,63.91033093844226
2030-11-28 17:00:00,0.0,78.40601417534026
2030-11-28 18:00:00,0.0,104.11608108843971
2030-11-28 19:00:00,0.0,132.1650435831191
2030-11-28 20:00:00,0.0,130.58825204983816
2030-11-28 21:00:00,0.0,134.71743210971306
2030-11-28 22:00:00,0.0,138.85541013846574
2030-11-28 23:00:00,0.0,138.09096439821417
2030-11-29 00:00:00,0.0,134.20030705013136
2030-11-29 01:00:00,0.0,130.93528304445363
2030-11-29 02:00:00,0.0,125.29089723344111
2030-11-29 03:00:00,0.0,121.18420087180853
2030-11-29 04:00:00,0.0,117.7461501448722
2030-11-29 05:00:00,0.0,114.88583270756294
2030-11-29 06:00:00,0.0,113.28460237184419
2030-11-29 07:00:00,0.0,108.62656662721736
2030-11-29 08:00:00,0.0,101.86040425230864
2030-11-29 09:00:00,0.0,85.04842242501273
2030-11-29 10:00:00,0.0,60.805667771517335
2030-11-29 11:00:00,0.0,47.677094605110476
2030-11-29 12:00:00,0.0,44.73048621910812
2030-11-29 13:00:00,0.0,41.44940564565695
2030-11-29 14:00:00,0.0,41.04270754325034
2030-11-29 15:00:00,0.0,51.468813318843786
2030-11-29 16:00:00,0.0,65.2033838822274
2030-11-29 17:00:00,0.0,80.76199598695689
2030-11-29 18:00:00,0.0,104.44890497035031
2030-11-29 19:00:00,0.0,131.34096716491965
2030-11-29 20:00:00,0.0,130.4865866316976
2030-11-29 21:00:00,0.0,134.25504996759184
2030-11-29 22:00:00,0.0,138.85541013846597
2030-11-29 23:00:00,0.0,138.0909643982144
2030-11-30 00:00:00,0.0,134.2003070501312
2030-11-30 01:00:00,0.0,130.9352830444539
2030-11-30 02:00:00,0.0,125.29089723344089
2030-11-30 03:00:00,0.0,121.1842008718088
2030-11-30 04:00:00,0.0,117.74615014487205
2030-11-30 05:00:00,0.0,114.88583270756276
2030-11-30 06:00:00,0.0,113.28460237184447
2030-11-30 07:00:00,0.0,108.62656662721736
2030-11-30 08:00:00,0.0,100.20945975859944
2030-11-30 09:00:00,0.0,81.90973617973304
2030-11-30 10:00:00,0.0,62.111280588256534
2030-11-30 11:00:00,0.0,48.294103764479594
2030-11-30 12:00:00,0.0,41.59352954373389
2030-11-30 13:00:00,0.0,38.15645562868031
2030-11-30 14:00:00,0.0,38.62377982337284
2030-11-30 15:00:00,0.0,48.962563563087315
2030-11-30 16:00:00,0.0,62.97654679014386
2030-11-30 17:00:00,0.0,79.87155495781144
2030-11-30 18:00:00,0.0,104.39213880939803
2030-11-30 19:00:00,0.0,131.0760505464948
2030-11-30 20:00:00,0.0,129.80230016344166
2030-11-30 21:00:00,0.0,134.3371643437826
2030-11-30 22:00:00,0.0,138.9150408164138
2030-11-30 23:00:00,0.0,138.09096439821417
2030-12-01 00:00:00,0.0,129.70063474530093
2030-12-01 01:00:00,0.0,125.04162144857642
2030-12-01 02:00:00,0.0,119.7276482465212
2030-12-01 03:00:00,0.0,115.63366006215664
2030-12-01 04:00:00,0.0,111.77526193329152
2030-12-01 05:00:00,0.0,110.67356071939969
2030-12-01 06:00:00,0.0,107.10354045929944
2030-12-01 07:00:00,0.0,102.30082700424144
2030-12-01 08:00:00,0.0,96.45595373430729
2030-12-01 09:00:00,0.0,79.20859905418422
2030-12-01 10:00:00,0.0,64.90206794581388
2030-12-01 11:00:00,0.0,51.77987747063138
2030-12-01 12:00:00,0.0,44.402585065171465
2030-12-01 13:00:00,0.0,41.290587848268274
2030-12-01 14:00:00,0.0,39.56825655571454
2030-12-01 15:00:00,0.0,47.139730947230305
2030-12-01 16:00:00,0.0,62.25334478589144
2030-12-01 17:00:00,0.0,77.63047797132748
2030-12-01 18:00:00,0.0,98.54672886591702
2030-12-01 19:00:00,0.0,124.82851509131945
2030-12-01 20:00:00,0.0,132.1288741555113
2030-12-01 21:00:00,0.0,133.2540366197432
2030-12-01 22:00:00,0.0,133.82101683629799
2030-12-01 23:00:00,0.0,132.9812995845387
2030-12-02 00:00:00,0.0,129.70063474530082
2030-12-02 01:00:00,0.0,125.04162144857638
2030-12-02 02:00:00,0.0,119.72764824652114
2030-12-02 03:00:00,0.0,115.63366006215658
2030-12-02 04:00:00,0.0,111.77526193329146
2030-12-02 05:00:00,0.0,110.67356071939956
2030-12-02 06:00:00,0.0,107.10354045929944
2030-12-02 07:00:00,0.0,102.30082700424121
2030-12-02 08:00:00,0.0,98.07250355106396
2030-12-02 09:00:00,0.0,82.79733964738443
2030-12-02 10:00:00,0.0,66.45545471050121
2030-12-02 11:00:00,0.0,52.76592695208751
2030-12-02 12:00:00,0.0,47.10415686587061
2030-12-02 13:00:00,0.0,43.67217037395176
2030-12-02 14:00:00,0.0,42.823136322644984
2030-12-02 15:00:00,0.0,51.417000499842
2030-12-02 16:00:00,0.0,66.93587872909012
2030-12-02 17:00:00,0.0,79.91801874997157
2030-12-02 18:00:00,0.0,100.91082257694598
2030-12-02 19:00:00,0.0,124.99567649999338
2030-12-02 20:00:00,0.0,132.80240755069457
2030-12-02 21:00:00,0.0,133.418265372125
2030-12-02 22:00:00,0.0,133.82101683629844
2030-12-02 23:00:00,0.0,132.98129958453865
2030-12-03 00:00:00,0.0,129.7006347453006
2030-12-03 01:00:00,0.0,125.04162144857617
2030-12-03 02:00:00,0.0,119.72764824652137
2030-12-03 03:00:00,0.0,115.63366006215684
2030-12-03 04:00:00,0.0,111.77526193329169
2030-12-03 05:00:00,0.0,110.6735607193998
2030-12-03 06:00:00,0.0,107.10354045929921
2030-12-03 07:00:00,0.0,102.30082700424134
2030-12-03 08:00:00,0.0,96.5763351036402
2030-12-03 09:00:00,0.0,78.81288829584832
2030-12-03 10:00:00,0.0,62.87338683009096
2030-12-03 11:00:00,0.0,51.05901750455797
2030-12-03 12:00:00,0.0,47.38095275613318
2030-12-03 13:00:00,0.0,43.70659783518067
2030-12-03 14:00:00,0.0,41.63768078394372
2030-12-03 15:00:00,0.0,49.14836695617299
2030-12-03 16:00:00,0.0,63.996714399573925
2030-12-03 17:00:00,0.0,79.37457956511332
2030-12-03 18:00:00,0.0,99.30840043905549
2030-12-03 19:00:00,0.0,124.41012279358603
2030-12-03 20:00:00,0.0,129.03687687109294
2030-12-03 21:00:00,0.0,131.23441398629143
2030-12-03 22:00:00,0.0,133.8210168362982
2030-12-03 23:00:00,0.0,132.98129958453842
2030-12-04 00:00:00,0.0,130.1463985017644
2030-12-04 01:00:00,0.0,123.65154236591951
2030-12-04 02:00:00,0.0,119.22909667679238
2030-12-04 03:00:00,0.0,115.31888828675882
2030-12-04 04:00:00,0.0,111.69705776549085
2030-12-04 05:00:00,0.0,109.25611017801252
2030-12-04 06:00:00,0.0,107.70766765555959
2030-12-04 07:00:00,0.0,100.9361642761196
2030-12-04 08:00:00,0.0,94.44806172602546
2030-12-04 09:00:00,0.0,75.17169255193664
2030-12-04 10:00:00,0.0,57.889281533391
2030-12-04 11:00:00,0.0,43.887803165062216
2030-12-04 12:00:00,0.0,37.47001330585033
2030-12-04 13:00:00,0.0,34.61281651831371
2030-12-04 14:00:00,0.0,34.103538841340736
2030-12-04 15:00:00,0.0,40.08297363522888
2030-12-04 16:00:00,0.0,53.072028283711234
2030-12-04 17:00:00,0.0,70.22588262880392
2030-12-04 18:00:00,0.0,91.39295087564756
2030-12-04 19:00:00,0.0,120.20762632639797
2030-12-04 20:00:00,0.0,128.5842702499466
2030-12-04 21:00:00,0.0,129.96359625953062
2030-12-04 22:00:00,0.0,132.1542905100465
2030-12-04 23:00:00,0.0,131.78673092138354
2030-12-05 00:00:00,0.0,129.70063474530093
2030-12-05 01:00:00,0.0,125.04162144857645
2030-12-05 02:00:00,0.0,119.72764824652124
2030-12-05 03:00:00,0.0,115.6336600621566
2030-12-05 04:00:00,0.0,111.7752619332914
2030-12-05 05:00:00,0.0,110.67356071939986
2030-12-05 06:00:00,0.0,107.10354045929921
2030-12-05 07:00:00,0.0,102.30082700424104
2030-12-05 08:00:00,0.0,96.55913776516421
2030-12-05 09:00:00,0.0,79.30920348426963
2030-12-05 10:00:00,0.0,61.620950582093656
2030-12-05 11:00:00,0.0,48.04871012928073
2030-12-05 12:00:00,0.0,41.60310029542961
2030-12-05 13:00:00,0.0,38.359535423328225
2030-12-05 14:00:00,0.0,38.05670705823604
2030-12-05 15:00:00,0.0,45.830027558234974
2030-12-05 16:00:00,0.0,61.53572790742459
2030-12-05 17:00:00,0.0,76.50816035326733
2030-12-05 18:00:00,0.0,98.02602552028486
2030-12-05 19:00:00,0.0,123.53912387470626
2030-12-05 20:00:00,0.0,129.3682670321477
2030-12-05 21:00:00,0.0,131.50617346939868
2030-12-05 22:00:00,0.0,133.82101683629804
2030-12-05 23:00:00,0.0,132.98129958453876
2030-12-06 00:00:00,0.0,129.7006347453007
2030-12-06 01:00:00,0.0,125.04162144857628
2030-12-06 02:00:00,0.0,119.72764824652148
2030-12-06 03:00:00,0.0,115.63366006215648
2030-12-06 04:00:00,0.0,111.77526193329133
2030-12-06 05:00:00,0.0,110.67356071939945
2030-12-06 06:00:00,0.0,107.10354045929932
2030-12-06 07:00:00,0.0,102.30082700424146
2030-12-06 08:00:00,0.0,97.14384727335256
2030-12-06 09:00:00,0.0,80.61362160768459
2030-12-06 10:00:00,0.0,63.20130692367382
2030-12-06 11:00:00,0.0,48.71674511590368
2030-12-06 12:00:00,0.0,41.748020666049214
2030-12-06 13:00:00,0.0,38.95818534291868
2030-12-06 14:00:00,0.0,37.61411497397824
2030-12-06 15:00:00,0.0,45.73619275981189
2030-12-06 16:00:00,0.0,60.745324750728635
2030-12-06 17:00:00,0.0,76.55723069911937
2030-12-06 18:00:00,0.0,98.17719449578033
2030-12-06 19:00:00,0.0,125.73177322941723
2030-12-06 20:00:00,0.0,128.3213087357165
2030-12-06 21:00:00,0.0,131.5061734693985
2030-12-06 22:00:00,0.0,133.82101683629833
2030-12-06 23:00:00,0.0,132.98129958453853
2030-12-07 00:00:00,0.0,129.70063474530093
2030-12-07 01:00:00,0.0,125.0416214485765
2030-12-07 02:00:00,0.0,119.72764824652126
2030-12-07 03:00:00,0.0,115.6336600621567
2030-12-07 04:00:00,0.0,111.77526193329156
2030-12-07 05:00:00,0.0,110.67356071939967
2030-12-07 06:00:00,0.0,107.10354045929955
2030-12-07 07:00:00,0.0,102.30082700424123
2030-12-07 08:00:00,0.0,96.9546765501152
2030-12-07 09:00:00,0.0,80.52901070238198
2030-12-07 10:00:00,0.0,63.80042138701299
2030-12-07 11:00:00,0.0,49.7067310352369
2030-12-07 12:00:00,0.0,42.251785725532386
2030-12-07 13:00:00,0.0,38.51214431533367
2030-12-07 14:00:00,0.0,38.69200151771031
2030-12-07 15:00:00,0.0,46.52378932425296
2030-12-07 16:00:00,0.0,61.44576469401295
2030-12-07 17:00:00,0.0,76.91690428824927
2030-12-07 18:00:00,0.0,97.36271324501661
2030-12-07 19:00:00,0.0,124.12241860813964
2030-12-07 20:00:00,0.0,127.94788383446854
2030-12-07 21:00:00,0.0,131.79943909865108
2030-12-07 22:00:00,0.0,133.93441287960934
2030-12-07 23:00:00,0.0,132.98129958453876
2030-12-08 00:00:00,0.0,129.70063474530065
2030-12-08 01:00:00,0.0,125.04162144857622
2030-12-08 02:00:00,0.0,119.72764824652143
2030-12-08 03:00:00,0.0,115.63366006215688
2030-12-08 04:00:00,0.0,111.77526193329174
2030-12-08 05:00:00,0.0,110.67356071939986
2030-12-08 06:00:00,0.0,107.10354045929931
2030-12-08 07:00:00,0.0,102.30082700424136
2030-12-08 08:00:00,0.0,97.04066324249594
2030-12-08 09:00:00,0.0,80.60811845937208
2030-12-08 10:00:00,0.0,62.28989753806087
2030-12-08 11:00:00,0.0,48.39932305551241
2030-12-08 12:00:00,0.0,45.21433077478241
2030-12-08 13:00:00,0.0,40.9752433144165
2030-12-08 14:00:00,0.0,39.65915286907028
2030-12-08 15:00:00,0.0,47.87343462249549
2030-12-08 16:00:00,0.0,62.79099406535812
2030-12-08 17:00:00,0.0,78.67904232242466
2030-12-08 18:00:00,0.0,98.47560402346
2030-12-08 19:00:00,0.0,124.08263118078946
2030-12-08 20:00:00,0.0,128.5960008751165
2030-12-08 21:00:00,0.0,131.50617346939845
2030-12-08 22:00:00,0.0,133.8210168362982
2030-12-08 23:00:00,0.0,132.98129958453845
2030-12-09 00:00:00,0.0,129.70063474530093
2030-12-09 01:00:00,0.0,125.0416214485765
2030-12-09 02:00:00,0.0,119.72764824652126
2030-12-09 03:00:00,0.0,115.63366006215671
2030-12-09 04:00:00,0.0,111.77526193329159
2030-12-09 05:00:00,0.0,110.67356071939969
2030-12-09 06:00:00,0.0,107.10354045929954
2030-12-09 07:00:00,0.0,102.30082700424121
2030-12-09 08:00:00,0.0,97.02346590401999
2030-12-09 09:00:00,0.0,80.66521362311289
2030-12-09 10:00:00,0.0,61.93205298779765
2030-12-09 11:00:00,0.0,50.77497103770975
2030-12-09 12:00:00,0.0,47.720372839127265
2030-12-09 13:00:00,0.0,43.712702529268654
2030-12-09 14:00:00,0.0,40.58871783356744
2030-12-09 15:00:00,0.0,47.78961690717745
2030-12-09 16:00:00,0.0,62.57596794472636
2030-12-09 17:00:00,0.0,76.15363904142828
2030-12-09 18:00:00,0.0,98.22917672904225
2030-12-09 19:00:00,0.0,124.8572907549871
2030-12-09 20:00:00,0.0,131.66551446129236
2030-12-09 21:00:00,0.0,131.99885972654295
2030-12-09 22:00:00,0.0,133.8210168362981
2030-12-09 23:00:00,0.0,132.98129958453876
2030-12-10 00:00:00,0.0,129.70063474530093
2030-12-10 01:00:00,0.0,125.04162144857645
2030-12-10 02:00:00,0.0,119.72764824652126
2030-12-10 03:00:00,0.0,115.63366006215672
2030-12-10 04:00:00,0.0,111.7752619332915
2030-12-10 05:00:00,0.0,110.6735607193997
2030-12-10 06:00:00,0.0,107.10354045929957
2030-12-10 07:00:00,0.0,102.30082700424117
2030-12-10 08:00:00,0.0,97.10945259640062
2030-12-10 09:00:00,0.0,80.78009184413355
2030-12-10 10:00:00,0.0,63.59241338571644
2030-12-10 11:00:00,0.0,50.12200923024295
2030-12-10 12:00:00,0.0,45.329131752918556
2030-12-10 13:00:00,0.0,42.354102591879325
2030-12-10 14:00:00,0.0,39.90436760405055
2030-12-10 15:00:00,0.0,47.83323037965397
2030-12-10 16:00:00,0.0,61.923539911909586
2030-12-10 17:00:00,0.0,78.61103013195513
2030-12-10 18:00:00,0.0,98.16587303970721
2030-12-10 19:00:00,0.0,123.13053333001625
2030-12-10 20:00:00,0.0,131.48466732325323
2030-12-10 21:00:00,0.0,131.34781002960204
2030-12-10 22:00:00,0.0,133.82101683629804
2030-12-10 23:00:00,0.0,132.98129958453876
2030-12-11 00:00:00,0.0,130.14639850176474
2030-12-11 01:00:00,0.0,123.6515423659198
2030-12-11 02:00:00,0.0,119.22909667679227
2030-12-11 03:00:00,0.0,115.31888828675915
2030-12-11 04:00:00,0.0,111.69705776549074
2030-12-11 05:00:00,0.0,109.25611017801288
2030-12-11 06:00:00,0.0,107.70766765555948
2030-12-11 07:00:00,0.0,100.9361642761196
2030-12-11 08:00:00,0.0,95.11875792659475
2030-12-11 09:00:00,0.0,77.27802256849395
2030-12-11 10:00:00,0.0,60.02687099228274
2030-12-11 11:00:00,0.0,46.315988657814614
2030-12-11 12:00:00,0.0,38.23560238238348
2030-12-11 13:00:00,0.0,36.188192921576714
2030-12-11 14:00:00,0.0,35.782121865835734
2030-12-11 15:00:00,0.0,41.660356513929
2030-12-11 16:00:00,0.0,54.237634009279994
2030-12-11 17:00:00,0.0,72.42997768858811
2030-12-11 18:00:00,0.0,92.82296604006739
2030-12-11 19:00:00,0.0,122.24670636161352
2030-12-11 20:00:00,0.0,129.8756165707548
2030-12-11 21:00:00,0.0,130.77203184417
2030-12-11 22:00:00,0.0,133.94027819219446
2030-12-11 23:00:00,0.0,131.78673092138342
2030-12-12 00:00:00,0.0,129.700634745301
2030-12-12 01:00:00,0.0,125.04162144857656
2030-12-12 02:00:00,0.0,119.72764824652131
2030-12-12 03:00:00,0.0,115.63366006215676
2030-12-12 04:00:00,0.0,111.7752619332914
2030-12-12 05:00:00,0.0,110.6735607193998
2030-12-12 06:00:00,0.0,107.10354045929967
2030-12-12 07:00:00,0.0,102.30082700424123
2030-12-12 08:00:00,0.0,98.15849024344493
2030-12-12 09:00:00,0.0,83.12494894535502
2030-12-12 10:00:00,0.0,64.79564557484764
2030-12-12 11:00:00,0.0,50.868080417273916
2030-12-12 12:00:00,0.0,44.34284435489837
2030-12-12 13:00:00,0.0,41.09512333682324
2030-12-12 14:00:00,0.0,38.673542434345336
2030-12-12 15:00:00,0.0,49.40843917982255
2030-12-12 16:00:00,0.0,69.02361886494685
2030-12-12 17:00:00,0.0,88.2073461201897
2030-12-12 18:00:00,0.0,105.13922181452307
2030-12-12 19:00:00,0.0,124.71471607456692
2030-12-12 20:00:00,0.0,131.22072825692624
2030-12-12 21:00:00,0.0,133.59813495806628
2030-12-12 22:00:00,0.0,134.83962612190192
2030-12-12 23:00:00,0.0,132.98129958453882
2030-12-13 00:00:00,0.0,129.70063474530076
2030-12-13 01:00:00,0.0,125.04162144857634
2030-12-13 02:00:00,0.0,119.72764824652154
2030-12-13 03:00:00,0.0,115.63366006215654
2030-12-13 04:00:00,0.0,111.77526193329139
2030-12-13 05:00:00,0.0,110.67356071939979
2030-12-13 06:00:00,0.0,107.10354045929961
2030-12-13 07:00:00,0.0,102.30082700424128
2030-12-13 08:00:00,0.0,99.00115982877566
2030-12-13 09:00:00,0.0,88.11802419851612
2030-12-13 10:00:00,0.0,70.38350098149886
2030-12-13 11:00:00,0.0,59.206793672580716
2030-12-13 12:00:00,0.0,50.44450231646715
2030-12-13 13:00:00,0.0,45.64981329950854
2030-12-13 14:00:00,0.0,40.958139993333816
2030-12-13 15:00:00,0.0,48.83976911092719
2030-12-13 16:00:00,0.0,64.80204901301039
2030-12-13 17:00:00,0.0,80.61507861911338
2030-12-13 18:00:00,0.0,100.13178933963167
2030-12-13 19:00:00,0.0,123.63296996638064
2030-12-13 20:00:00,0.0,131.19335679819585
2030-12-13 21:00:00,0.0,131.79455133816367
2030-12-13 22:00:00,0.0,133.9080189729765
2030-12-13 23:00:00,0.0,132.9812995845386
2030-12-14 00:00:00,0.0,129.70063474530076
2030-12-14 01:00:00,0.0,125.04162144857628
2030-12-14 02:00:00,0.0,119.72764824652154
2030-12-14 03:00:00,0.0,115.63366006215654
2030-12-14 04:00:00,0.0,111.77526193329135
2030-12-14 05:00:00,0.0,110.67356071939946
2030-12-14 06:00:00,0.0,107.10354045929945
2030-12-14 07:00:00,0.0,102.3008270042411
2030-12-14 08:00:00,0.0,99.73720591555411
2030-12-14 09:00:00,0.0,85.3002402892015
2030-12-14 10:00:00,0.0,66.23955561207502
2030-12-14 11:00:00,0.0,50.108443740013286
2030-12-14 12:00:00,0.0,44.63164232429473
2030-12-14 13:00:00,0.0,40.52810158766566
2030-12-14 14:00:00,0.0,37.57606185757584
2030-12-14 15:00:00,0.0,46.24520191915292
2030-12-14 16:00:00,0.0,61.74777146029703
2030-12-14 17:00:00,0.0,75.26863376925849
2030-12-14 18:00:00,0.0,96.71986434921371
2030-12-14 19:00:00,0.0,123.1577768993443
2030-12-14 20:00:00,0.0,126.9576235596927
2030-12-14 21:00:00,0.0,131.5061734693985
2030-12-14 22:00:00,0.0,133.82101683629833
2030-12-14 23:00:00,0.0,132.98129958453853
2030-12-15 00:00:00,0.0,129.70063474530087
2030-12-15 01:00:00,0.0,125.04162144857645
2030-12-15 02:00:00,0.0,119.72764824652118
2030-12-15 03:00:00,0.0,115.63366006215665
2030-12-15 04:00:00,0.0,111.77526193329152
2030-12-15 05:00:00,0.0,110.67356071939957
2030-12-15 06:00:00,0.0,107.10354045929944
2030-12-15 07:00:00,0.0,102.30082700424106
2030-12-15 08:00:00,0.0,99.39669861372646
2030-12-15 09:00:00,0.0,87.05178921299563
2030-12-15 10:00:00,0.0,69.61384503663334
2030-12-15 11:00:00,0.0,54.62725466095537
2030-12-15 12:00:00,0.0,46.81357396224336
2030-12-15 13:00:00,0.0,41.13410629126429
2030-12-15 14:00:00,0.0,36.87011075528636
2030-12-15 15:00:00,0.0,44.03808530393292
2030-12-15 16:00:00,0.0,57.932605321492076
2030-12-15 17:00:00,0.0,73.285551103969
2030-12-15 18:00:00,0.0,93.99445164757714
2030-12-15 19:00:00,0.0,120.7698940306633
2030-12-15 20:00:00,0.0,129.17862192523125
2030-12-15 21:00:00,0.0,131.50617346939865
2030-12-15 22:00:00,0.0,133.82101683629799
2030-12-15 23:00:00,0.0,132.9812995845387
2030-12-16 00:00:00,0.0,129.70063474530076
2030-12-16 01:00:00,0.0,125.04162144857634
2030-12-16 02:00:00,0.0,119.72764824652153
2030-12-16 03:00:00,0.0,115.63366006215654
2030-12-16 04:00:00,0.0,111.77526193329162
2030-12-16 05:00:00,0.0,110.67356071939969
2030-12-16 06:00:00,0.0,107.1035404592995
2030-12-16 07:00:00,0.0,102.30082700424117
2030-12-16 08:00:00,0.0,99.84210968025837
2030-12-16 09:00:00,0.0,88.89190442994226
2030-12-16 10:00:00,0.0,71.32760899865025
2030-12-16 11:00:00,0.0,54.59222747286134
2030-12-16 12:00:00,0.0,46.220833441802256
2030-12-16 13:00:00,0.0,44.59732963126975
2030-12-16 14:00:00,0.0,41.84162921707582
2030-12-16 15:00:00,0.0,49.92736378171571
2030-12-16 16:00:00,0.0,61.50014400291565
2030-12-16 17:00:00,0.0,78.9148058239926
2030-12-16 18:00:00,0.0,97.00196155355019
2030-12-16 19:00:00,0.0,121.67773861314026
2030-12-16 20:00:00,0.0,129.42496505380348
2030-12-16 21:00:00,0.0,131.50617346939856
2030-12-16 22:00:00,0.0,133.82101683629833
2030-12-16 23:00:00,0.0,132.9812995845386
2030-12-17 00:00:00,0.0,129.70063474530087
2030-12-17 01:00:00,0.0,125.04162144857645
2030-12-17 02:00:00,0.0,119.7276482465212
2030-12-17 03:00:00,0.0,115.63366006215665
2030-12-17 04:00:00,0.0,111.77526193329157
2030-12-17 05:00:00,0.0,110.67356071939963
2030-12-17 06:00:00,0.0,107.10354045929955
2030-12-17 07:00:00,0.0,102.30082700424111
2030-12-17 08:00:00,0.0,99.05275184420378
2030-12-17 09:00:00,0.0,84.09556672894774
2030-12-17 10:00:00,0.0,65.18625798367788
2030-12-17 11:00:00,0.0,49.17649847438393
2030-12-17 12:00:00,0.0,42.26843034584056
2030-12-17 13:00:00,0.0,38.159115748440506
2030-12-17 14:00:00,0.0,34.67732803766058
2030-12-17 15:00:00,0.0,42.46869517582331
2030-12-17 16:00:00,0.0,56.25375012734486
2030-12-17 17:00:00,0.0,73.04338743388843
2030-12-17 18:00:00,0.0,94.34895692253991
2030-12-17 19:00:00,0.0,116.7655593595747
2030-12-17 20:00:00,0.0,126.57246803327416
2030-12-17 21:00:00,0.0,131.23441398629126
2030-12-17 22:00:00,0.0,133.82101683629799
2030-12-17 23:00:00,0.0,132.9812995845387
2030-12-18 00:00:00,0.0,130.1463985017648
2030-12-18 01:00:00,0.0,123.65154236591945
2030-12-18 02:00:00,0.0,119.22909667679231
2030-12-18 03:00:00,0.0,115.3188882867592
2030-12-18 04:00:00,0.0,111.6970577654908
2030-12-18 05:00:00,0.0,109.25611017801263
2030-12-18 06:00:00,0.0,107.70766765555952
2030-12-18 07:00:00,0.0,100.93616427611965
2030-12-18 08:00:00,0.0,96.30537428144817
2030-12-18 09:00:00,0.0,78.29197764504681
2030-12-18 10:00:00,0.0,58.887018650220966
2030-12-18 11:00:00,0.0,41.90915866049239
2030-12-18 12:00:00,0.0,33.89456131283873
2030-12-18 13:00:00,0.0,30.352260088313983
2030-12-18 14:00:00,0.0,27.918115288818626
2030-12-18 15:00:00,0.0,34.65926683788621
2030-12-18 16:00:00,0.0,47.50038320329713
2030-12-18 17:00:00,0.0,66.88967256949712
2030-12-18 18:00:00,0.0,89.45222066525224
2030-12-18 19:00:00,0.0,117.56459361194163
2030-12-18 20:00:00,0.0,125.58318531059585
2030-12-18 21:00:00,0.0,129.96359625953062
2030-12-18 22:00:00,0.0,132.15429051004645
2030-12-18 23:00:00,0.0,131.78673092138348
2030-12-19 00:00:00,0.0,129.7006347453006
2030-12-19 01:00:00,0.0,125.04162144857617
2030-12-19 02:00:00,0.0,119.72764824652143
2030-12-19 03:00:00,0.0,115.63366006215682
2030-12-19 04:00:00,0.0,111.77526193329169
2030-12-19 05:00:00,0.0,110.67356071939979
2030-12-19 06:00:00,0.0,107.10354045929921
2030-12-19 07:00:00,0.0,102.30082700424134
2030-12-19 08:00:00,0.0,99.45516956454539
2030-12-19 09:00:00,0.0,86.60465841261635
2030-12-19 10:00:00,0.0,63.374399964028036
2030-12-19 11:00:00,0.0,47.777024251237265
2030-12-19 12:00:00,0.0,42.9941405406272
2030-12-19 13:00:00,0.0,39.9207444262874
2030-12-19 14:00:00,0.0,37.41463532328686
2030-12-19 15:00:00,0.0,44.91335440581236
2030-12-19 16:00:00,0.0,59.98451195032794
2030-12-19 17:00:00,0.0,77.58049602301105
2030-12-19 18:00:00,0.0,94.99453335912926
2030-12-19 19:00:00,0.0,116.97559679485474
2030-12-19 20:00:00,0.0,126.37598006167508
2030-12-19 21:00:00,0.0,131.50617346939836
2030-12-19 22:00:00,0.0,133.8210168362982
2030-12-19 23:00:00,0.0,132.98129958453842
2030-12-20 00:00:00,0.0,129.70063474530076
2030-12-20 01:00:00,0.0,125.04162144857634
2030-12-20 02:00:00,0.0,119.72764824652154
2030-12-20 03:00:00,0.0,115.63366006215652
2030-12-20 04:00:00,0.0,111.77526193329139
2030-12-20 05:00:00,0.0,110.67356071939957
2030-12-20 06:00:00,0.0,107.10354045929942
2030-12-20 07:00:00,0.0,102.30082700424146
2030-12-20 08:00:00,0.0,98.74319975163331
2030-12-20 09:00:00,0.0,82.7632889172018
2030-12-20 10:00:00,0.0,60.84769631476428
2030-12-20 11:00:00,0.0,50.05094341833092
2030-12-20 12:00:00,0.0,43.37833490966778
2030-12-20 13:00:00,0.0,39.423418526866605
2030-12-20 14:00:00,0.0,37.52810933420682
2030-12-20 15:00:00,0.0,45.46001188274903
2030-12-20 16:00:00,0.0,59.991689283566465
2030-12-20 17:00:00,0.0,75.99334381382738
2030-12-20 18:00:00,0.0,94.66098550522696
2030-12-20 19:00:00,0.0,120.67374596847367
2030-12-20 20:00:00,0.0,127.78169997789186
2030-12-20 21:00:00,0.0,131.50617346939856
2030-12-20 22:00:00,0.0,133.82101683629833
2030-12-20 23:00:00,0.0,132.9812995845386
2030-12-21 00:00:00,0.0,129.7006347453007
2030-12-21 01:00:00,0.0,125.04162144857628
2030-12-21 02:00:00,0.0,119.72764824652154
2030-12-21 03:00:00,0.0,115.63366006215648
2030-12-21 04:00:00,0.0,111.77526193329133
2030-12-21 05:00:00,0.0,110.67356071939946
2030-12-21 06:00:00,0.0,107.10354045929932
2030-12-21 07:00:00,0.0,102.30082700424146
2030-12-21 08:00:00,0.0,99.83523074486811
2030-12-21 09:00:00,0.0,88.16961621394455
2030-12-21 10:00:00,0.0,72.16607215707864
2030-12-21 11:00:00,0.0,52.914798705855496
2030-12-21 12:00:00,0.0,43.5135497162289
2030-12-21 13:00:00,0.0,38.23420764016953
2030-12-21 14:00:00,0.0,36.725574041255875
2030-12-21 15:00:00,0.0,44.06179212110379
2030-12-21 16:00:00,0.0,58.22612198463378
2030-12-21 17:00:00,0.0,72.58007073591989
2030-12-21 18:00:00,0.0,94.09722578074013
2030-12-21 19:00:00,0.0,122.21845863607626
2030-12-21 20:00:00,0.0,130.5188458509154
2030-12-21 21:00:00,0.0,131.5061734693985
2030-12-21 22:00:00,0.0,133.82101683629833
2030-12-21 23:00:00,0.0,132.98129958453853
2030-12-22 00:00:00,0.0,129.70063474530093
2030-12-22 01:00:00,0.0,125.0416214485765
2030-12-22 02:00:00,0.0,119.72764824652131
2030-12-22 03:00:00,0.0,115.63366006215671
2030-12-22 04:00:00,0.0,111.77526193329157
2030-12-22 05:00:00,0.0,110.67356071939975
2030-12-22 06:00:00,0.0,107.10354045929955
2030-12-22 07:00:00,0.0,102.30082700424146
2030-12-22 08:00:00,0.0,99.41389595220278
2030-12-22 09:00:00,0.0,83.50793367321819
2030-12-22 10:00:00,0.0,60.17719322334256
2030-12-22 11:00:00,0.0,44.20471441322245
2030-12-22 12:00:00,0.0,38.37593922172039
2030-12-22 13:00:00,0.0,34.29847686410449
2030-12-22 14:00:00,0.0,31.738111616050645
2030-12-22 15:00:00,0.0,39.60870273789317
2030-12-22 16:00:00,0.0,54.16967099522605
2030-12-22 17:00:00,0.0,70.80375582451848
2030-12-22 18:00:00,0.0,91.90139200208716
2030-12-22 19:00:00,0.0,118.9956300468522
2030-12-22 20:00:00,0.0,126.37598006167497
2030-12-22 21:00:00,0.0,131.50617346939873
2030-12-22 22:00:00,0.0,133.8210168362981
2030-12-22 23:00:00,0.0,132.98129958453876
2030-12-23 00:00:00,0.0,129.7006347453007
2030-12-23 01:00:00,0.0,125.04162144857622
2030-12-23 02:00:00,0.0,119.72764824652148
2030-12-23 03:00:00,0.0,115.63366006215693
2030-12-23 04:00:00,0.0,111.77526193329169
2030-12-23 05:00:00,0.0,110.67356071939952
2030-12-23 06:00:00,0.0,107.10354045929934
2030-12-23 07:00:00,0.0,102.30082700424146
2030-12-23 08:00:00,0.0,99.71312964168737
2030-12-23 09:00:00,0.0,83.12391710504632
2030-12-23 10:00:00,0.0,58.594675557548506
2030-12-23 11:00:00,0.0,44.68855934223086
2030-12-23 12:00:00,0.0,37.007019421470204
2030-12-23 13:00:00,0.0,33.965638408966356
2030-12-23 14:00:00,0.0,32.7517620926461
2030-12-23 15:00:00,0.0,40.43255544458577
2030-12-23 16:00:00,0.0,55.23516233793032
2030-12-23 17:00:00,0.0,72.14405772039294
2030-12-23 18:00:00,0.0,90.06039834028786
2030-12-23 19:00:00,0.0,116.19719242182549
2030-12-23 20:00:00,0.0,126.37598006167514
2030-12-23 21:00:00,0.0,131.50617346939845
2030-12-23 22:00:00,0.0,133.82101683629827
2030-12-23 23:00:00,0.0,132.98129958453853
2030-12-24 00:00:00,0.0,129.70063474530093
2030-12-24 01:00:00,0.0,125.04162144857645
2030-12-24 02:00:00,0.0,119.72764824652126
2030-12-24 03:00:00,0.0,115.63366006215671
2030-12-24 04:00:00,0.0,111.77526193329169
2030-12-24 05:00:00,0.0,110.67356071939957
2030-12-24 06:00:00,0.0,107.10354045929955
2030-12-24 07:00:00,0.0,102.30082700424106
2030-12-24 08:00:00,0.0,100.21185245749551
2030-12-24 09:00:00,0.0,83.25444490408
2030-12-24 10:00:00,0.0,59.91318237860763
2030-12-24 11:00:00,0.0,45.736865735187166
2030-12-24 12:00:00,0.0,40.131025981531366
2030-12-24 13:00:00,0.0,36.74575831778145
2030-12-24 14:00:00,0.0,33.71608025409317
2030-12-24 15:00:00,0.0,40.77867774854234
2030-12-24 16:00:00,0.0,55.54738621168309
2030-12-24 17:00:00,0.0,73.13344100880039
2030-12-24 18:00:00,0.0,93.64956558245524
2030-12-24 19:00:00,0.0,117.07003276830045
2030-12-24 20:00:00,0.0,128.3936475909322
2030-12-24 21:00:00,0.0,131.23441398629126
2030-12-24 22:00:00,0.0,133.82101683629804
2030-12-24 23:00:00,0.0,132.98129958453876
2030-12-25 00:00:00,0.0,130.14639850176445
2030-12-25 01:00:00,0.0,123.65154236591951
2030-12-25 02:00:00,0.0,119.22909667679198
2030-12-25 03:00:00,0.0,115.3188882867588
2030-12-25 04:00:00,0.0,111.69705776549092
2030-12-25 05:00:00,0.0,109.25611017801265
2030-12-25 06:00:00,0.0,107.70766765555959
2030-12-25 07:00:00,0.0,100.93616427611954
2030-12-25 08:00:00,0.0,98.4275258494032
2030-12-25 09:00:00,0.0,79.78281491754336
2030-12-25 10:00:00,0.0,57.971003514993626
2030-12-25 11:00:00,0.0,41.67600501840946
2030-12-25 12:00:00,0.0,33.45767021804821
2030-12-25 13:00:00,0.0,30.401729399034792
2030-12-25 14:00:00,0.0,29.28386924692836
2030-12-25 15:00:00,0.0,35.576493440946365
2030-12-25 16:00:00,0.0,47.95646426866057
2030-12-25 17:00:00,0.0,66.2380803521628
2030-12-25 18:00:00,0.0,87.83570837639678
2030-12-25 19:00:00,0.0,114.93506809480323
2030-12-25 20:00:00,0.0,127.91660216734806
2030-12-25 21:00:00,0.0,129.96359625953068
2030-12-25 22:00:00,0.0,132.15429051004648
2030-12-25 23:00:00,0.0,131.7867309213836
2030-12-26 00:00:00,0.0,129.700634745301
2030-12-26 01:00:00,0.0,125.0416214485765
2030-12-26 02:00:00,0.0,119.72764824652131
2030-12-26 03:00:00,0.0,115.63366006215674
2030-12-26 04:00:00,0.0,111.77526193329135
2030-12-26 05:00:00,0.0,110.67356071939952
2030-12-26 06:00:00,0.0,107.10354045929927
2030-12-26 07:00:00,0.0,102.30082700424111
2030-12-26 08:00:00,0.0,100.69681740252258
2030-12-26 09:00:00,0.0,87.80847210594595
2030-12-26 10:00:00,0.0,66.37628356816566
2030-12-26 11:00:00,0.0,51.60132211049649
2030-12-26 12:00:00,0.0,42.55896809066155
2030-12-26 13:00:00,0.0,37.47252914019748
2030-12-26 14:00:00,0.0,35.266115720341546
2030-12-26 15:00:00,0.0,42.53727903572451
2030-12-26 16:00:00,0.0,56.773798370169395
2030-12-26 17:00:00,0.0,74.15528244273104
2030-12-26 18:00:00,0.0,92.30113101699465
2030-12-26 19:00:00,0.0,118.99403564973613
2030-12-26 20:00:00,0.0,127.51287315107733
2030-12-26 21:00:00,0.0,131.50617346939873
2030-12-26 22:00:00,0.0,133.8210168362981
2030-12-26 23:00:00,0.0,132.98129958453876
2030-12-27 00:00:00,0.0,129.70063474530076
2030-12-27 01:00:00,0.0,125.04162144857634
2030-12-27 02:00:00,0.0,119.72764824652154
2030-12-27 03:00:00,0.0,115.63366006215648
2030-12-27 04:00:00,0.0,111.77526193329129
2030-12-27 05:00:00,0.0,110.67356071939992
2030-12-27 06:00:00,0.0,107.10354045929944
2030-12-27 07:00:00,0.0,102.30082700424123
2030-12-27 08:00:00,0.0,100.75184888564633
2030-12-27 09:00:00,0.0,91.66067592460053
2030-12-27 10:00:00,0.0,74.49893813522658
2030-12-27 11:00:00,0.0,58.910433258744604
2030-12-27 12:00:00,0.0,51.703497251845924
2030-12-27 13:00:00,0.0,45.52051701375727
2030-12-27 14:00:00,0.0,42.51294663811734
2030-12-27 15:00:00,0.0,47.14565967097741
2030-12-27 16:00:00,0.0,61.53155392115485
2030-12-27 17:00:00,0.0,78.84994380308586
2030-12-27 18:00:00,0.0,97.23701201078796
2030-12-27 19:00:00,0.0,117.29131005164209
2030-12-27 20:00:00,0.0,126.37598006167525
2030-12-27 21:00:00,0.0,131.50617346939856
2030-12-27 22:00:00,0.0,133.82101683629833
2030-12-27 23:00:00,0.0,132.98129958453862
2030-12-28 00:00:00,0.0,129.70063474530104
2030-12-28 01:00:00,0.0,125.04162144857656
2030-12-28 02:00:00,0.0,119.72764824652137
2030-12-28 03:00:00,0.0,115.63366006215682
2030-12-28 04:00:00,0.0,111.77526193329163
2030-12-28 05:00:00,0.0,110.67356071939979
2030-12-28 06:00:00,0.0,107.10354045929967
2030-12-28 07:00:00,0.0,102.30082700424128
2030-12-28 08:00:00,0.0,100.88426839191231
2030-12-28 09:00:00,0.0,90.16450747717653
2030-12-28 10:00:00,0.0,65.79805148686478
2030-12-28 11:00:00,0.0,51.769197642196275
2030-12-28 12:00:00,0.0,42.36459334684732
2030-12-28 13:00:00,0.0,38.83377171102245
2030-12-28 14:00:00,0.0,34.97517647088978
2030-12-28 15:00:00,0.0,43.71336858426446
2030-12-28 16:00:00,0.0,58.48179904768716
2030-12-28 17:00:00,0.0,75.66909164823466
2030-12-28 18:00:00,0.0,95.9005427006307
2030-12-28 19:00:00,0.0,121.8036537318538
2030-12-28 20:00:00,0.0,130.56772345579077
2030-12-28 21:00:00,0.0,132.25302327189473
2030-12-28 22:00:00,0.0,134.1670702788162
2030-12-28 23:00:00,0.0,132.98129958453842
2030-12-29 00:00:00,0.0,129.70063474530087
2030-12-29 01:00:00,0.0,125.0416214485764
2030-12-29 02:00:00,0.0,119.7276482465212
2030-12-29 03:00:00,0.0,115.63366006215665
2030-12-29 04:00:00,0.0,111.77526193329146
2030-12-29 05:00:00,0.0,110.67356071939957
2030-12-29 06:00:00,0.0,107.10354045929938
2030-12-29 07:00:00,0.0,102.30082700424134
2030-12-29 08:00:00,0.0,101.03130563588354
2030-12-29 09:00:00,0.0,91.867043986314
2030-12-29 10:00:00,0.0,76.96701125159666
2030-12-29 11:00:00,0.0,60.16041088273823
2030-12-29 12:00:00,0.0,50.754896440828475
2030-12-29 13:00:00,0.0,48.05589585945495
2030-12-29 14:00:00,0.0,43.40736746956115
2030-12-29 15:00:00,0.0,47.98158040514612
2030-12-29 16:00:00,0.0,65.32785984400766
2030-12-29 17:00:00,0.0,78.64389929775655
2030-12-29 18:00:00,0.0,94.08193765389251
2030-12-29 19:00:00,0.0,119.27153474956197
2030-12-29 20:00:00,0.0,130.01833917699105
2030-12-29 21:00:00,0.0,131.56091638685893
2030-12-29 22:00:00,0.0,133.82101683629844
2030-12-29 23:00:00,0.0,132.98129958453865
2030-12-30 00:00:00,0.0,129.70063474530087
2030-12-30 01:00:00,0.0,125.0416214485764
2030-12-30 02:00:00,0.0,119.7276482465212
2030-12-30 03:00:00,0.0,115.63366006215665
2030-12-30 04:00:00,0.0,111.77526193329152
2030-12-30 05:00:00,0.0,110.67356071939992
2030-12-30 06:00:00,0.0,107.10354045929955
2030-12-30 07:00:00,0.0,102.30082700424111
2030-12-30 08:00:00,0.0,101.10353445748336
2030-12-30 09:00:00,0.0,85.83077818119034
2030-12-30 10:00:00,0.0,60.42015518487677
2030-12-30 11:00:00,0.0,43.95843578096242
2030-12-30 12:00:00,0.0,34.896730748704115
2030-12-30 13:00:00,0.0,30.196873758254682
2030-12-30 14:00:00,0.0,26.885058055685946
2030-12-30 15:00:00,0.0,33.47241839395288
2030-12-30 16:00:00,0.0,47.49824337010884
2030-12-30 17:00:00,0.0,64.00808325833158
2030-12-30 18:00:00,0.0,85.7521233013631
2030-12-30 19:00:00,0.0,115.216422745346
2030-12-30 20:00:00,0.0,127.44346695215427
2030-12-30 21:00:00,0.0,131.50617346939862
2030-12-30 22:00:00,0.0,133.82101683629796
2030-12-30 23:00:00,0.0,132.98129958453865
