Timestep,Hydro|Reservoir_MTKK_0
0,364922.89759742934257
1,364901.55619475740241
2,364919.59698932571337
3,364942.70697379345074
4,364965.81695826118812
5,364988.9269427289255
6,365003.82310135057196
7,364983.24827100575203
8,364960.07758507231483
9,364952.94705548865022
10,364941.39578901405912
11,364964.5057734817965
12,364987.61575794953387
13,365010.72574241727125
14,365033.83572688500863
15,365039.1684046976734
16,364952.9772600394208
17,364802.01709637453314
18,364631.65917273785453
19,364454.76915720559191
20,364277.87914167332929
21,364100.98912614106666
22,363924.09911060880404
23,363747.20909507654142
24,363570.09758846129989
25,363434.7962000114494
26,363358.12010468513472
27,363325.11989190021995
28,363321.1312928662519
29,363322.7404142213054
30,363291.70641820202582
31,363234.18412189424271
32,363179.87906782166101
33,363161.42716239264701
34,363169.06863620725926
35,363191.95712959201774
36,363214.84562297677621
37,363237.73411636153469
38,363260.62260974629316
39,363283.51110313105164
40,363233.58356960030505
41,363113.86406316317152
42,362946.36320279596839
43,362769.25169618072687
44,362592.14018956548534
45,362415.02868295024382
46,362237.9171763350023
47,362060.80566971976077
48,361883.47608029271942
49,361712.34327179007232
50,361612.5743774100556
51,361568.35865544225089
52,361562.17624680302106
53,361584.8466573759797
54,361607.51706794893835
55,361630.18747852189699
56,361652.85788909485564
57,361675.52829966781428
58,361698.19871024077293
59,361720.86912081373157
60,361743.53953138669021
61,361766.20994195964886
62,361788.8803525326075
63,361811.55076310556615
64,361834.22117367852479
65,361791.677506126347
66,361641.96057187754195
67,361464.6309824505006
68,361287.30139302345924
69,361109.97180359641789
70,360932.64221416937653
71,360755.31262474233517
72,360587.87881977972575
73,360498.31292264320655
74,360442.19509962172015
75,360421.03828244219767
76,360429.89023830392398
77,360452.34938261978095
78,360474.80852693563793
79,360497.2676712514949
80,360519.72681556735188
81,360542.18595988320885
82,360564.64510419906583
83,360587.1042485149228
84,360609.56339283077978
85,360632.02253714663675
86,360654.48168146249373
87,360676.9408257783507
88,360699.39997009420767
89,360710.92888016736833
90,360623.51903163839597
91,360445.97817595425295
92,360268.43732027010992
93,360090.8964645859669
94,359913.35560890182387
95,359735.81475321768085
96,359558.17167008010438
97,359446.65485352685209
98,359407.35255850193789
99,359409.4827613782254
100,359431.83967824064894
101,359454.19659510307247
102,359446.21304394444451
103,359412.16283007332822
104,359373.97564431559294
105,359371.77863753359998
106,359394.13555439602351
107,359416.49247125844704
108,359438.84938812087057
109,359461.2063049832941
110,359483.56322184571764
111,359505.92013870814117
112,359497.56702731439145
113,359423.0951079428778
114,359265.46918222407112
115,359087.82609908649465
116,358910.18301594891818
117,358732.53993281134171
118,358554.89684967376525
119,358377.25376653618878
120,358231.99604922649451
121,358147.38871626072796
122,358112.69317008339567
123,358102.28826500341529
124,358124.37939360470045
125,358146.47052220598562
126,358139.10818647581618
127,358111.74798451841343
128,358080.16511616529897
129,358085.22421002981719
130,358107.31533863110235
131,358129.40646723238751
132,358151.49759583367268
133,358173.58872443495784
134,358195.679853036243
135,358217.77098163752817
136,358239.86211023881333
137,358261.95323884009849
138,358283.56606315285899
139,358138.44613406603457
140,357974.23843822127674
141,357818.29844436608255
142,357678.69531680771615
143,357554.73217052069958
144,357501.67148198810173
145,357480.29735872580204
146,357474.72343640832696
147,357480.64045975200133
148,357502.49987505271565
149,357524.35929035342997
150,357519.12609934946522
151,357492.92940877360525
152,357467.18629073776538
153,357486.45387518458301
154,357508.31329048529733
155,357530.17270578601165
156,357552.03212108672597
157,357573.89153638744028
158,357595.7509516881546
159,357617.61036698886892
160,357639.46978228958324
161,357661.32919759029755
162,357672.2778869746835
163,357494.13730227539781
164,357315.99671757611213
165,357140.26250919391168
166,356993.37671228899853
167,356883.25607064098585
168,356811.78866531176027
169,356780.18262215750292
170,356772.69595980853774
171,356777.50843099103076
172,356799.00664582150057
173,356817.53579581779195
174,356795.18263247894356
175,356757.44965337583562
176,356730.65147914527915
177,356751.26599122746848
178,356772.76420605793828
179,356794.26242088840809
180,356815.76063571887789
181,356837.2588505493477
182,356858.7570653798175
183,356880.25528021028731
184,356901.75349504075712
185,356923.25170987122692
186,356901.22490746917902
187,356724.77461396023864
188,356546.27282879070845
189,356367.77104362117825
190,356192.96219992131228
191,356049.61062313430011
192,355988.27086664852686
193,355975.41232172580203
194,355995.48623085668078
195,356016.48694412544137
196,356037.48765739420196
197,356058.48837066296255
198,356056.23090348334517
199,356043.11847396049416
200,356045.61944066209253
201,356066.62015393085312
202,356087.62086719961371
203,356108.6215804683743
204,356129.6222937371349
205,356150.62300700589549
206,356171.62372027465608
207,356192.62443354341667
208,356213.62514681217726
209,356234.62586008093785
210,356199.43334585358389
211,356020.43405912234448
212,355841.43477239110507
213,355662.43548565986566
214,355483.43619892862625
215,355304.43691219738685
216,355169.9988688438898
217,355070.09418453747639
218,354993.95754651550669
219,354938.88721221196465
220,354903.42385217314586
221,354879.20990589784924
222,354842.69501127820695
223,354836.37560741457855
224,354845.40259532403434
225,354864.81539168633753
226,354884.22818804864073
227,354903.64098441094393
228,354923.05378077324713
229,354942.46657713555032
230,354961.87937349785352
231,354981.29216986015672
232,355000.70496622245992
233,355020.11776258476311
234,355039.53055894706631
235,354901.27747925801668
236,354724.43522925698198
237,354580.75343591225101
238,354434.9945859782747
239,354255.51070629648166
240,354098.36906232574256
241,354014.9007699759095
242,353962.40050613245694
243,353932.53305875230581
244,353901.66774703329429
245,353874.08934347296599
246,353850.29976812843233
247,353835.58908092795173
248,353853.98642839695094
249,353872.38377586595016
250,353890.78112333494937
251,353909.17847080394858
252,353927.5758182729478
253,353945.97316574194701
254,353964.37051321094623
255,353982.76786067994544
256,354001.16520814894466
257,354019.56255561794387
258,354037.95990308694309
259,353903.96177197707584
260,353763.47575826518005
261,353600.47383357171202
262,353462.98612869338831
263,353346.73027813265799
264,353268.12959343823604
265,353225.82653884124011
266,353189.51098910201108
267,353162.39122422877699
268,353168.33933986176271
269,353186.33459666778799
270,353190.19972107827198
271,353182.93802470283117
272,353183.03350184718147
273,353201.02875865320675
274,353219.02401545923203
275,353237.01927226525731
276,353255.0145290712826
277,353273.00978587730788
278,353291.00504268333316
279,353309.00029948935844
280,353326.99555629538372
281,353344.990813101409
282,353343.82863471232122
283,353161.8238915183465
284,352979.81914832437178
285,352797.81440513039706
286,352615.80966193642234
287,352433.80491874244763
288,352332.78531604068121
289,352294.3154355448205
290,352288.67770344362361
291,352306.43443169246893
292,352324.19115994131425
293,352341.94788819015957
294,352321.1837672550464
295,352269.34871977416333
296,352212.47912429837743
297,352197.74120369931916
298,352215.49793194816448
299,352233.2546601970098
300,352251.01138844585512
301,352268.76811669470044
302,352286.52484494354576
303,352304.28157319239108
304,352322.0383014412364
305,352328.84572138672229
306,352247.70878854213515
307,352065.46551679098047
308,351883.22224503982579
309,351700.97897328867111
310,351518.73570153751643
311,351336.49242978636175
312,351210.37104130809894
313,351151.00059972703457
314,351122.3598585765576
315,351117.43039558368037
316,351134.8054789272137
317,351152.18056227074703
318,351127.39919852738967
319,351092.2774993579369
320,351072.55671651498415
321,351089.93179985851748
322,351107.30688320205081
323,351124.68196654558415
324,351142.05704988911748
325,351159.43213323265081
326,351176.80721657618415
327,351194.18229991971748
328,351211.55738326325081
329,351163.8607194981887
330,351080.72683802118991
331,350898.10192136472324
332,350715.47700470825657
333,350532.85208805178991
334,350359.50399123737589
335,350199.3092574388138
336,350034.00560136639979
337,349923.34928152611246
338,349872.13013640855206
339,349857.44191102054901
340,349858.26453421328915
341,349851.11633427173365
342,349820.05407254333841
343,349784.09322738321498
344,349750.39987628371455
345,349745.38861330540385
346,349762.54902081028558
347,349779.70942831516732
348,349796.86983582004905
349,349814.03024332493078
350,349831.19065082981251
351,349848.35105833469424
352,349865.51146583957598
353,349882.67187334445771
354,349899.83228084933944
355,349774.95282104687067
356,349615.30227173189633
357,349463.02697643672582
358,349327.23201096872799
359,349211.27531897241715
360,349169.17340109468205
361,349173.3884532408556
362,349190.40574308729265
363,349207.4230329337297
364,349224.44032278016675
365,349241.4576126266038
366,349258.47490247304086
367,349267.96262711047893
368,349284.97991695691599
369,349301.99720680335304
370,349319.01449664979009
371,349336.03178649622714
372,349353.04907634266419
373,349370.06636618910125
374,349387.0836560355383
375,349404.10094588197535
376,349421.1182357284124
377,349438.13552557484945
378,349455.1528154212865
379,349340.59292974427808
380,349184.63166764302878
381,349026.51502207212616
382,348879.21178754104767
383,348748.68768025579629
384,348673.06464623141801
385,348630.95957551471656
386,348628.80458369926782
387,348645.64808922237717
388,348662.49159474548651
389,348679.33510026859585
390,348696.17860579170519
391,348713.02211131481454
392,348729.86561683792388
393,348746.70912236103322
394,348763.55262788414257
395,348780.39613340725191
396,348797.23963893036125
397,348814.0831444534706
398,348830.92664997657994
399,348847.77015549968928
400,348864.61366102279862
401,348881.45716654590797
402,348898.30067206901731
403,348837.54063462140039
404,348702.63009816460544
405,348590.35067493090173
406,348493.81569801841397
407,348392.19095482252305
408,348323.70013439381728
409,348314.35320007591508
410,348330.88321059045848
411,348347.41322110500187
412,348363.94323161954526
413,348380.47324213408865
414,348397.00325264863204
415,348413.53326316317543
416,348430.06327367771883
417,348446.59328419226222
418,348463.12329470680561
419,348479.653305221349
420,348496.18331573589239
421,348512.71332625043578
422,348529.24333676497918
423,348545.77334727952257
424,348562.30335779406596
425,348578.83336830860935
426,348595.36337882315274
427,348554.19734647223959
428,348481.17271143500693
429,348369.62945458688773
430,348262.44717122911243
431,348173.97983535693493
432,348129.6562962695607
433,348137.22282528091455
434,348153.5449765115045
435,348169.86712774209445
436,348186.18927897268441
437,348202.51143020327436
438,348218.83358143386431
439,348235.15573266445426
440,348251.47788389504422
441,348267.80003512563417
442,348284.12218635622412
443,348300.44433758681407
444,348316.76648881740402
445,348333.08864004799398
446,348349.41079127858393
447,348365.73294250917388
448,348382.05509373976383
449,348398.37724497035379
450,348414.69939620094374
451,348231.02154743153369
452,348047.34369866212364
453,347863.6658498927136
454,347679.98800112330355
455,347496.3101523538935
456,347353.28648549504578
457,347284.63836060633184
458,347247.78520754585043
459,347237.33015100168996
460,347253.45807215129025
461,347268.97844169731252
462,347234.31642743316479
463,347166.99533388810232
464,347097.07164341682801
465,347063.75016358739231
466,347079.87808473699261
467,347096.0060058865929
468,347112.1339270361932
469,347128.2618481857935
470,347144.38976933539379
471,347160.51769048499409
472,347176.64561163459439
473,347192.77353278419469
474,347208.90145393379498
475,347058.0524374913075
476,346874.1803586409078
477,346690.3082797905081
478,346506.43620094010839
479,346322.56412208970869
480,346202.00775999040343
481,346139.71563340397552
482,346115.3995644878014
483,346111.15349583810894
484,346125.7736590479617
485,346138.5206066936953
486,346103.27407424029661
487,346046.97859099792549
488,345996.64996173972031
489,345991.01416746265022
490,346007.04326943005435
491,346023.07237139745848
492,346039.10147336486261
493,346055.13057533226674
494,346071.15967729967088
495,346087.18877926707501
496,346103.21788123447914
497,346119.24698320188327
498,346135.2760851692874
499,345969.4235784561024
500,345785.45268042350654
501,345604.35003306990257
502,345442.88511495647253
503,345301.88714296341641
504,345241.88300555536989
505,345228.06627410033252
506,345243.9658889103448
507,345259.86550372035708
508,345275.76511853036936
509,345291.66473334038164
510,345307.56434815039393
511,345323.46396296040621
512,345339.36357777041849
513,345355.26319258043077
514,345371.16280739044305
515,345387.06242220045533
516,345402.96203701046761
517,345418.86165182047989
518,345434.76126663049217
519,345450.66088144050445
520,345466.56049625051674
521,345482.46011106052902
522,345498.3597258705413
523,345314.25934068055358
524,345130.15895549056586
525,344946.05857030057814
526,344761.95818511059042
527,344586.92638463992625
528,344495.62035408994416
529,344460.63215021137148
530,344472.92284320358885
531,344488.69978611276019
532,344504.47672902193153
533,344520.25367193110287
534,344536.03061484027421
535,344539.71895085071446
536,344552.92603049852187
537,344568.70297340769321
538,344584.47991631686455
539,344600.25685922603589
540,344616.03380213520722
541,344631.81074504437856
542,344647.5876879535499
543,344663.36463086272124
544,344679.14157377189258
545,344694.91851668106392
546,344708.62020043452503
547,344524.39714334369637
548,344340.17408625286771
549,344155.95102916203905
550,343989.27321376872715
551,343850.12401529337512
552,343782.2718599322252
553,343761.20756467751926
554,343776.7800552759436
555,343792.35254587436793
556,343807.92503647279227
557,343823.49752707121661
558,343839.07001766964095
559,343854.64250826806528
560,343870.21499886648962
561,343885.78748946491396
562,343901.3599800633383
563,343916.93247066176264
564,343932.50496126018697
565,343948.07745185861131
566,343963.64994245703565
567,343979.22243305545999
568,343994.79492365388433
569,344010.36741425230866
570,343935.26154644996859
571,343750.83403704839293
572,343566.40652764681727
573,343381.9790182452416
574,343197.55150884366594
575,343013.12399944209028
576,342828.48862945853034
577,342680.43449610861717
578,342586.89221889548935
579,342546.84534010104835
580,342530.63870718394173
581,342546.00333720038179
582,342561.36796721682185
583,342576.73259723326191
584,342592.09722724970197
585,342607.46185726614203
586,342622.82648728258209
587,342638.19111729902215
588,342653.55574731546221
589,342668.92037733190227
590,342684.28500734834233
591,342699.64963736478239
592,342715.01426738122245
593,342730.37889739766251
594,342703.68345445994055
595,342519.04808447638061
596,342334.41271449282067
597,342149.77734450926073
598,341965.14197452570079
599,341780.50660454214085
600,341595.76560013199924
601,341423.18373016791884
602,341291.08429600775708
603,341187.38200441247318
604,341115.67493446805747
605,341065.30825723160524
606,340985.5188416816527
607,340898.39828110247618
608,340824.14372123609064
609,340780.89535989641445
610,340796.15435548627283
611,340811.41335107613122
612,340826.67234666598961
613,340841.93134225584799
614,340857.19033784570638
615,340872.44933343556477
616,340887.70832902542315
617,340902.96732461528154
618,340889.94598708784906
619,340705.20498267770745
620,340520.46397826756584
621,340335.72297385742422
622,340150.98196944728261
623,339983.48132160678506
624,339896.74154777283547
625,339855.81241955014411
626,339856.8439574133954
627,339871.73834555986105
628,339886.63273370632669
629,339901.52712185279233
630,339889.62043584737694
631,339846.87275948759634
632,339803.6180072859861
633,339789.1398295192048
634,339804.03421766567044
635,339818.92860581213608
636,339833.82299395860173
637,339848.71738210506737
638,339863.61177025153302
639,339878.50615839799866
640,339893.40054654446431
641,339908.29493469092995
642,339893.64143299410352
643,339708.53582114056917
644,339523.43020928703481
645,339338.32459743350046
646,339153.2189855799661
647,338978.27688501589
648,338876.31379697390366
649,338827.60996435774723
650,338814.4620357833337
651,338829.13152587361401
652,338843.80101596389432
653,338858.47050605417462
654,338853.17192078061635
655,338812.99953200446907
656,338769.10356831201352
657,338753.44971051980974
658,338768.11920061009005
659,338782.78869070037035
660,338797.45818079065066
661,338812.12767088093096
662,338826.79716097121127
663,338841.46665106149158
664,338856.13614115177188
665,338870.80563124205219
666,338857.41689033224247
667,338672.08638042252278
668,338486.75587051280309
669,338301.42536060308339
670,338139.04793337156298
671,337988.6463084014249
672,337815.02482809493085
673,337685.69863957166672
674,337602.41173252026783
675,337551.49937524937559
676,337521.2382458714419
677,337488.50625560298795
678,337409.94010352436453
679,337299.52087938907789
680,337184.36482180346502
681,337103.73810705263168
682,337115.39015420223586
683,337129.86200723837828
684,337144.3338602745207
685,337158.80571331066312
686,337173.27756634680554
687,337187.74941938294796
688,337202.22127241909038
689,337196.83067214232869
690,337111.51457830163417
691,336925.98643133777659
692,336740.45828437391901
693,336554.93013741006143
694,336369.40199044620385
695,336183.87384348234627
696,335998.19576361565851
697,335850.42869267892092
698,335749.33770206611371
699,335680.1595451287576
700,335634.19756846560631
701,335593.22488974209409
702,335517.54544557596091
703,335419.83381559472764
704,335331.66826284426497
705,335262.83011026779423
706,335246.15277379780309
707,335260.47469393111533
708,335274.79661406442756
709,335289.11853419773979
710,335303.44045433105202
711,335317.76237446436426
712,335332.08429459767649
713,335338.39246314333286
714,335283.44975018873811
715,335097.77167032205034
716,334912.09359045536257
717,334726.41551058867481
718,334540.73743072198704
719,334355.05935085529927
720,334236.63657521037385
721,334180.02534610091243
722,334161.7289924537763
723,334161.74342080991482
724,334172.85704427666496
725,334186.90636089217151
726,334183.04273619124433
727,334197.09205280675087
728,334208.15206727129407
729,334211.91630445903866
730,334225.9656210745452
731,334240.01493769005174
732,334254.06425430555828
733,334268.11357092106482
734,334282.16288753657136
735,334296.2122041520779
736,334310.26152076758444
737,334324.31083738309098
738,334328.47586485045031
739,334145.42377148533706
740,333959.4730881008436
741,333803.97333844925743
742,333642.04048250458436
743,333456.0897991200909
744,333351.79903138126247
745,333308.62874505546642
746,333307.86719669913873
747,333321.72909849032294
748,333335.59100028150715
749,333349.45290207269136
750,333363.31480386387557
751,333377.17670565505978
752,333391.03860744624399
753,333404.9005092374282
754,333418.76241102861241
755,333432.62431281979661
756,333446.48621461098082
757,333460.34811640216503
758,333474.21001819334924
759,333488.07191998453345
760,333501.93382177571766
761,333515.79572356690187
762,333529.65762535808608
763,333427.61006106622517
764,333264.80594451213256
765,333105.42797140666516
766,333006.28268125478644
767,332915.51809244422475
768,332855.79808386723744
769,332850.4605273634661
770,332864.1384212912526
771,332877.8163152190391
772,332891.4942091468256
773,332905.1721030746121
774,332918.8499970023986
775,332932.52789093018509
776,332946.20578485797159
777,332959.88367878575809
778,332973.56157271354459
779,332987.23946664133109
780,333000.91736056911759
781,333014.59525449690409
782,333028.27314842469059
783,333041.95104235247709
784,333055.62893628026359
785,333069.30683020805009
786,333082.98472413583659
787,332932.00756315077888
788,332745.68545707856538
789,332559.36335100635188
790,332373.04124493413838
791,332204.26698179729283
792,332088.54736803623382
793,332028.05662274110364
794,332001.96798137988662
795,332007.56071561016142
796,332021.05460168671561
797,332034.5484877632698
798,332019.52474041667301
799,331994.51800214929972
800,331971.17083906277549
801,331966.94288125663297
802,331980.43676733318716
803,331993.93065340974135
804,332007.42453948629554
805,332020.91842556284973
806,332034.41231163940392
807,332047.90619771595811
808,332061.40008379251231
809,332074.8939698690665
810,332088.38785594562069
811,331901.88174202217488
812,331715.37562809872907
813,331528.86951417528326
814,331342.36340025183745
815,331155.85728632839164
816,331028.83816000283696
817,330984.26541955728317
818,330997.56507555290591
819,331010.86473154852865
820,331024.1643875441514
821,331037.46404353977414
822,331050.76369953539688
823,331064.06335553101962
824,331077.36301152664237
825,331090.66266752226511
826,331103.96232351788785
827,331117.2619795135106
828,331130.56163550913334
829,331143.86129150475608
830,331157.16094750037882
831,331170.46060349600157
832,331183.76025949162431
833,331197.05991548724705
834,331210.3595714828698
835,331107.16794608492637
836,330926.45512256375514
837,330739.75477855937788
838,330553.05443455500063
839,330418.1144531275495
840,330325.06152599438792
841,330288.19211311714025
842,330301.15101440018043
843,330314.10991568322061
844,330327.06881696626078
845,330340.02771824930096
846,330352.8743827213184
847,330356.6541010250221
848,330369.61300230806228
849,330382.57190359110245
850,330395.53080487414263
851,330408.48970615718281
852,330421.44860744022299
853,330434.40750872326316
854,330447.36641000630334
855,330460.32531128934352
856,330473.28421257238369
857,330486.24311385542387
858,330499.20201513846405
859,330358.54873174108798
860,330185.97418353910325
861,330018.23294614313636
862,329848.57798696588725
863,329744.27926748228492
864,329690.7370426839334
865,329703.4948986293748
866,329716.25275457481621
867,329729.01061052025761
868,329741.76846646569902
869,329754.52632241114043
870,329767.28417835658183
871,329780.04203430202324
872,329792.79989024746465
873,329805.55774619290605
874,329818.31560213834746
875,329831.07345808378886
876,329843.83131402923027
877,329856.58916997467168
878,329869.34702592011308
879,329882.10488186555449
880,329894.8627378109959
881,329907.6205937564373
882,329920.37844970187871
883,329855.67479164421093
884,329728.44053102267208
885,329596.49407166789751
886,329472.38001027319115
887,329397.66454123466974
888,329371.1335621868493
889,329383.70741157914745
890,329396.28126097144559
891,329408.85511036374373
892,329421.42895975604188
893,329434.00280914834002
894,329446.57665854063816
895,329459.15050793293631
896,329471.72435732523445
897,329484.29820671753259
898,329496.87205610983074
899,329509.44590550212888
900,329522.01975489442702
901,329534.59360428672517
902,329547.16745367902331
903,329559.74130307132145
904,329572.3151524636196
905,329584.88900185591774
906,329597.46285124821588
907,329570.76399396616034
908,329493.81623587332433
909,329418.55014370428398
910,329362.32815407583257
911,329319.30032631708309
912,329316.67323095252505
913,329329.06307249364909
914,329341.45291403477313
915,329353.84275557589717
916,329366.23259711702121
917,329378.62243865814526
918,329391.0122801992693
919,329403.40212174039334
920,329415.79196328151738
921,329428.18180482264142
922,329440.57164636376547
923,329452.96148790488951
924,329465.35132944601355
925,329477.74117098713759
926,329490.13101252826164
927,329502.52085406938568
928,329514.91069561050972
929,329527.30053715163376
930,329539.6903786927578
931,329411.03954012686154
932,329236.32164928031852
933,329056.49720877542859
934,328921.77860339399194
935,328784.97341056523146
936,328685.20089442451717
937,328650.95554901508149
938,328663.17160492134281
939,328675.38766082760412
940,328687.60371673386544
941,328699.81977264012676
942,328712.03582854638807
943,328724.25188445264939
944,328736.46794035891071
945,328748.68399626517203
946,328760.90005217143334
947,328773.11610807769466
948,328785.33216398395598
949,328797.5482198902173
950,328809.76427579647861
951,328821.98033170273993
952,328834.19638760900125
953,328846.41244351526257
954,328770.48521922301734
955,328582.70127512927866
956,328394.91733103553997
957,328207.13338694180129
958,328019.34944284806261
959,327831.56549875432393
960,327643.65547578176484
961,327512.42048498301301
962,327448.14763159106951
963,327425.42228978162166
964,327437.51226680906257
965,327449.60224383650348
966,327434.60757306503365
967,327407.19869904988445
968,327386.15742699586553
969,327398.24740402330644
970,327410.33738105074735
971,327422.42735807818826
972,327434.51733510562917
973,327446.60731213307008
974,327458.69728916051099
975,327470.7872661879519
976,327482.87724321539281
977,327494.96722024283372
978,327421.30474962020526
979,327233.39472664764617
980,327045.48470367508708
981,326857.57468070252798
982,326669.66465772996889
983,326481.7546347574098
984,326293.73897735576611
985,326156.94521351635922
986,326075.59063059242908
987,326030.0073060899158
988,326016.46657099481672
989,326018.20173950615572
990,325991.88533995684702
991,325957.18459532898851
992,325924.58962832594989
993,325916.45303378207609
994,325928.4373763804324
995,325940.4217189787887
996,325952.40606157714501
997,325964.39040417550132
998,325976.37474677385762
999,325988.35908937221393
1000,326000.34343197057024
1001,326012.32777456892654
1002,325932.94243571598781
1003,325744.92677831434412
1004,325556.91112091270043
1005,325368.89546351105673
1006,325192.9924455138389
1007,325078.72148342151195
1008,324932.79985567007679
1009,324858.82491311745252
1010,324835.73127634852426
1011,324847.09885375073645
1012,324858.46643115294864
1013,324869.83400855516084
1014,324859.74004096759018
1015,324822.37347650184529
1016,324784.50565584516153
1017,324777.49581857898738
1018,324788.86339598119957
1019,324800.23097338341177
1020,324811.59855078562396
1021,324822.96612818783615
1022,324834.33370559004834
1023,324845.70128299226053
1024,324857.06886039447272
1025,324868.43643779668491
1026,324834.18941512447782
1027,324645.55699252669001
1028,324456.9245699289022
1029,324268.29214733111439
1030,324079.65972473332658
1031,323891.02730213553878
1032,323727.193631919974
1033,323631.48511504469207
1034,323590.31174052221468
1035,323601.22952180838911
1036,323612.14730309456354
1037,323623.06508438073797
1038,323633.9828656669124
1039,323640.1028970181942
1040,323647.51608564931666
1041,323658.4338669354911
1042,323669.35164822166553
1043,323680.26942950783996
1044,323691.18721079401439
1045,323702.10499208018882
1046,323713.02277336636325
1047,323723.94055465253768
1048,323734.85833593871212
1049,323745.77611722488655
1050,323756.69389851106098
1051,323657.44010473397793
1052,323478.89164423651528
1053,323303.29933249991154
1054,323114.55662661971292
1055,322966.21311214828165
1056,322859.83679181657499
1057,322811.23851177591132
1058,322809.11815330153331
1059,322819.84170385525795
1060,322830.56525440898258
1061,322841.28880496270722
1062,322852.01235551643185
1063,322862.73590607015649
1064,322873.45945662388112
1065,322884.18300717760576
1066,322894.90655773133039
1067,322905.63010828505503
1068,322916.35365883877967
1069,322927.0772093925043
1070,322937.80075994622894
1071,322948.52431049995357
1072,322959.24786105367821
1073,322969.97141160740284
1074,322980.69496216112748
1075,322905.744803895941
1076,322783.93313724716427
1077,322656.59208222175948
1078,322518.56282880681101
1079,322379.42709668207681
1080,322287.11063055734849
1081,322248.55470801529009
1082,322258.93068925739499
1083,322269.30667049949989
1084,322279.68265174160479
1085,322290.05863298370969
1086,322300.43461422581458
1087,322310.81059546791948
1088,322321.18657671002438
1089,322331.56255795212928
1090,322341.93853919423418
1091,322352.31452043633908
1092,322362.69050167844398
1093,322373.06648292054888
1094,322383.44246416265378
1095,322393.81844540475868
1096,322404.19442664686358
1097,322414.57040788896848
1098,322424.94638913107337
1099,322400.04843986022752
1100,322328.95486948493635
1101,322243.52812021784484
1102,322171.63808789389441
1103,322073.13436987478053
1104,321999.73773286759388
1105,321989.77613857638789
1106,321999.82840258133365
1107,322009.8806665862794
1108,322019.93293059122516
1109,322029.98519459617091
1110,322040.03745860111667
1111,322050.08972260606242
1112,322060.14198661100818
1113,322070.19425061595393
1114,322080.24651462089969
1115,322090.29877862584544
1116,322100.3510426307912
1117,322110.40330663573695
1118,322120.45557064068271
1119,322130.50783464562846
1120,322140.56009865057422
1121,322150.61236265551997
1122,322160.66462666046573
1123,322077.62008005141979
1124,321909.81697229365818
1125,321732.43499852868263
1126,321559.43326374929165
1127,321419.28073862835299
1128,321318.43489110830706
1129,321265.54338955407729
1130,321249.8251202313113
1131,321259.45484847202897
1132,321269.08457671274664
1133,321278.71430495346431
1134,321288.34403319418197
1135,321297.97376143489964
1136,321307.60348967561731
1137,321317.23321791633498
1138,321326.86294615705265
1139,321336.49267439777032
1140,321346.12240263848798
1141,321355.75213087920565
1142,321365.38185911992332
1143,321375.01158736064099
1144,321384.64131560135866
1145,321394.27104384207632
1146,321403.90077208279399
1147,321229.69321663974551
1148,321039.32294488046318
1149,320848.95267312118085
1150,320658.58240136189852
1151,320468.21212960261619
1152,320332.37414085894125
1153,320278.61094887385843
1154,320287.71591454592999
1155,320296.82088021800155
1156,320305.92584589007311
1157,320315.03081156214466
1158,320324.13577723421622
1159,320309.07761674723588
1160,320287.93980874173576
1161,320275.21416808641516
1162,320284.31913375848671
1163,320293.42409943055827
1164,320302.52906510262983
1165,320311.63403077470139
1166,320320.73899644677294
1167,320329.8439621188445
1168,320338.94892779091606
1169,320348.05389346298762
1170,320352.40112977317767
1171,320161.50609544524923
1172,319970.61106111732079
1173,319779.71602678939234
1174,319588.8209924614639
1175,319455.50637283612741
1176,319304.61749061616138
1177,319247.31758961826563
1178,319250.52263552549994
1179,319259.29366173548624
1180,319268.06468794547254
1181,319276.83571415545885
1182,319285.60674036544515
1183,319294.37776657543145
1184,319303.14879278541775
1185,319311.91981899540406
1186,319320.69084520539036
1187,319329.46187141537666
1188,319338.23289762536297
1189,319347.00392383534927
1190,319355.77495004533557
1191,319364.54597625532188
1192,319373.31700246530818
1193,319382.08802867529448
1194,319362.32632658031071
1195,319184.50259954173816
1196,318993.27362575172447
1197,318802.04465196171077
1198,318627.0903817442595
1199,318520.11563744314481
1200,318457.99692224047612
1201,318462.65293311391724
1202,318471.11046496313065
1203,318479.56799681234406
1204,318488.02552866155747
1205,318496.48306051077088
1206,318504.94059235998429
1207,318513.3981242091977
1208,318521.85565605841111
1209,318530.31318790762452
1210,318538.77071975683793
1211,318547.22825160605134
1212,318555.68578345526475
1213,318564.14331530447816
1214,318572.60084715369157
1215,318581.05837900290499
1216,318589.5159108521184
1217,318597.97344270133181
1218,318606.43097455054522
1219,318529.56128383998293
1220,318366.68170655355789
1221,318203.1728949949611
1222,318043.88158557697898
1223,317931.07008398527978
1224,317872.74659290531417
1225,317869.41330184502294
1226,317877.70386396261165
1227,317885.99442608020036
1228,317894.28498819778906
1229,317902.57555031537777
1230,317910.86611243296647
1231,317919.15667455055518
1232,317927.44723666814389
1233,317935.73779878573259
1234,317944.0283609033213
1235,317952.31892302091001
1236,317960.60948513849871
1237,317968.90004725608742
1238,317977.19060937367612
1239,317985.48117149126483
1240,317993.77173360885354
1241,318002.06229572644224
1242,318010.35285784403095
1243,317933.78476722154301
1244,317791.68968386185588
1245,317648.50414271646878
1246,317518.88910696865059
1247,317401.49658834491856
1248,317341.65868303203024
1249,317332.28799266746501
1250,317340.56492493429687
1251,317348.84185720112873
1252,317357.1187894679606
1253,317365.39572173479246
1254,317373.67265400162432
1255,317381.94958626845619
1256,317390.22651853528805
1257,317398.50345080211991
1258,317406.78038306895178
1259,317415.05731533578364
1260,317423.33424760261551
1261,317431.61117986944737
1262,317439.88811213627923
1263,317448.1650444031111
1264,317456.44197666994296
1265,317464.71890893677482
1266,317472.99584120360669
1267,317436.98481599090155
1268,317375.24280851113144
1269,317308.38550787174609
1270,317245.97566693485714
1271,317161.65827463538153
1272,317094.13316919741919
1273,317072.97096206864808
1274,317081.14566753228428
1275,317089.32037299592048
1276,317097.49507845955668
1277,317105.66978392319288
1278,317113.84448938682908
1279,317122.01919485046528
1280,317130.19390031410148
1281,317138.36860577773768
1282,317146.54331124137389
1283,317154.71801670501009
1284,317162.89272216864629
1285,317171.06742763228249
1286,317179.24213309591869
1287,317187.41683855955489
1288,317195.59154402319109
1289,317203.76624948682729
1290,317211.94095495046349
1291,317129.10400996007957
1292,316968.80099851591513
1293,316809.16459434293211
1294,316667.22086983465124
1295,316581.53121814806946
1296,316541.31053870607866
1297,316549.27397661207942
1298,316557.23741451808019
1299,316565.20085242408095
1300,316573.16429033008171
1301,316581.12772823608248
1302,316589.09116614208324
1303,316597.054604048084
1304,316605.01804195408477
1305,316612.98147986008553
1306,316620.94491776608629
1307,316628.90835567208705
1308,316636.87179357808782
1309,316644.83523148408858
1310,316652.79866939008934
1311,316660.76210729609011
1312,316668.72554520209087
1313,316676.68898310809163
1314,316684.6524210140924
1315,316520.28105892025633
1316,316328.24449682625709
1317,316136.20793473225785
1318,315944.17137263825862
1319,315765.81352451315615
1320,315657.76747017470188
1321,315626.70948841434438
1322,315634.51277119020233
1323,315642.31605396606028
1324,315650.11933674191823
1325,315657.92261951777618
1326,315665.72590229363414
1327,315673.52918506949209
1328,315681.33246784535004
1329,315689.13575062120799
1330,315696.93903339706594
1331,315704.74231617292389
1332,315712.54559894878184
1333,315720.3488817246398
1334,315728.15216450049775
1335,315735.9554472763557
1336,315743.75873005221365
1337,315751.5620128280716
1338,315759.36529560392955
1339,315633.32754884957103
1340,315441.13083162542898
1341,315248.93411440128693
1342,315056.73739717714489
1343,314895.69372932781698
1344,314739.26242288347567
1345,314672.43604173365748
1346,314665.82797413092339
1347,314673.47110242565395
1348,314681.11423072038451
1349,314688.75735901511507
1350,314689.55222265439807
1351,314686.25707036530366
1352,314693.90019866003422
1353,314701.54332695476478
1354,314709.18645524949534
1355,314716.8295835442259
1356,314724.47271183895646
1357,314732.11584013368702
1358,314739.75896842841757
1359,314747.40209672314813
1360,314755.04522501787869
1361,314762.68835331260925
1362,314770.33148160733981
1363,314603.56273834052263
1364,314411.20586663525319
1365,314218.84899492998375
1366,314026.49212322471431
1367,313834.13525151944486
1368,313684.12544558249647
1369,313600.38580236199778
1370,313569.60555677092634
1371,313577.08852993545588
1372,313584.57150309998542
1373,313592.05447626451496
1374,313599.5374494290445
1375,313607.02042259357404
1376,313614.50339575810358
1377,313621.98636892263312
1378,313629.46934208716266
1379,313636.9523152516922
1380,313644.43528841622174
1381,313651.91826158075128
1382,313659.40123474528082
1383,313666.88420790981036
1384,313674.3671810743399
1385,313681.85015423886944
1386,313689.33312740339898
1387,313564.22030832763994
1388,313373.05499382602284
1389,313180.53796699055238
1390,312988.02094015508192
1391,312853.38235189358238
1392,312797.08376876835246
1393,312799.07979548367439
1394,312806.40261416707654
1395,312813.72543285047868
1396,312821.04825153388083
1397,312828.37107021728298
1398,312835.69388890068512
1399,312843.01670758408727
1400,312850.33952626748942
1401,312857.66234495089157
1402,312864.98516363429371
1403,312872.30798231769586
1404,312879.63080100109801
1405,312886.95361968450015
1406,312894.2764383679023
1407,312901.59925705130445
1408,312908.9220757347066
1409,312916.24489441810874
1410,312923.56771310151089
1411,312874.91432110092137
1412,312750.57055616239086
1413,312623.95985926088179
1414,312497.75387094117468
1415,312376.31443276832579
1416,312315.11825201293686
1417,312315.20712474756874
1418,312322.36297370056855
1419,312329.51882265356835
1420,312336.67467160656815
1421,312343.83052055956796
1422,312350.98636951256776
1423,312358.14221846556757
1424,312365.29806741856737
1425,312372.45391637156717
1426,312379.60976532456698
1427,312386.76561427756678
1428,312393.92146323056659
1429,312401.07731218356639
1430,312408.2331611365662
1431,312415.389010089566
1432,312422.5448590425658
1433,312429.70070799556561
1434,312436.85655694856541
1435,312338.41850136138964
1436,312147.92610576975858
1437,311956.09216415183619
1438,311782.27041691524209
1439,311671.37942130520241
1440,311615.82560504117282
1441,311622.68840473343153
1442,311629.55120442569023
1443,311636.41400411794893
1444,311643.27680381020764
1445,311650.13960350246634
1446,311657.00240319472505
1447,311663.86520288698375
1448,311670.72800257924246
1449,311677.59080227150116
1450,311684.45360196375987
1451,311691.31640165601857
1452,311698.17920134827727
1453,311705.04200104053598
1454,311711.90480073279468
1455,311718.76760042505339
1456,311725.63040011731209
1457,311732.4931998095708
1458,311739.3559995018295
1459,311593.37343832384795
1460,311400.23623801610665
1461,311216.88145386253018
1462,311059.59264972578967
1463,310940.53255100175738
1464,310909.53654031833867
1465,310916.22896265430609
1466,310922.92138499027351
1467,310929.61380732624093
1468,310936.30622966220835
1469,310942.99865199817577
1470,310949.6910743341432
1471,310956.38349667011062
1472,310963.07591900607804
1473,310969.76834134204546
1474,310976.46076367801288
1475,310983.1531860139803
1476,310989.84560834994772
1477,310996.53803068591515
1478,311003.23045302188257
1479,311009.92287535784999
1480,311016.61529769381741
1481,311023.30772002978483
1482,311030.00014236575225
1483,310957.60196642723167
1484,310826.02931167976931
1485,310707.36053386225831
1486,310602.66710390610388
1487,310527.14722748077475
1488,310533.68290296144551
1489,310540.21857844211627
1490,310546.75425392278703
1491,310553.28992940345779
1492,310559.82560488412855
1493,310566.36128036479931
1494,310572.89695584547007
1495,310579.43263132614084
1496,310585.9683068068116
1497,310592.50398228748236
1498,310599.03965776815312
1499,310605.57533324882388
1500,310612.11100872949464
1501,310618.6466842101654
1502,310625.18235969083617
1503,310631.71803517150693
1504,310638.25371065217769
1505,310644.78938613284845
1506,310651.32506161351921
1507,310574.61827586073196
1508,310430.10596481856192
1509,310302.92671739496291
1510,310184.74608617142076
1511,310099.3207290553255
1512,310105.69965703046182
1513,310112.07858500559814
1514,310118.45751298073446
1515,310124.83644095587078
1516,310131.21536893100711
1517,310137.59429690614343
1518,310143.97322488127975
1519,310150.35215285641607
1520,310156.73108083155239
1521,310163.11000880668871
1522,310169.48893678182503
1523,310175.86786475696135
1524,310182.24679273209767
1525,310188.625720707234
1526,310195.00464868237032
1527,310201.38357665750664
1528,310207.76250463264296
1529,310214.14143260777928
1530,310220.5203605829156
1531,310139.13023757049814
1532,309996.91270861460362
1533,309869.27420970646199
1534,309745.79205213667592
1535,309659.96709801146062
1536,309666.1960943818558
1537,309672.42509075225098
1538,309678.65408712264616
1539,309684.88308349304134
1540,309691.11207986343652
1541,309697.3410762338317
1542,309703.57007260422688
1543,309709.79906897462206
1544,309716.02806534501724
1545,309722.25706171541242
1546,309728.4860580858076
1547,309734.71505445620278
1548,309740.94405082659796
1549,309747.17304719699314
1550,309753.40204356738832
1551,309759.6310399377835
1552,309765.86003630817868
1553,309772.08903267857386
1554,309778.31802904896904
1555,309709.44143715302926
1556,309573.76451451197499
1557,309448.23788052698364
1558,309323.97004124784144
1559,309237.7325055290712
1560,309200.72365493420511
1561,309206.93220555310836
1562,309213.14075617201161
1563,309219.34930679091485
1564,309225.5578574098181
1565,309231.76640802872134
1566,309237.97495864762459
1567,309244.18350926652784
1568,309250.39205988543108
1569,309256.60061050433433
1570,309262.80916112323757
1571,309269.01771174214082
1572,309275.22626236104406
1573,309281.43481297994731
1574,309287.64336359885056
1575,309293.8519142177538
1576,309300.06046483665705
1577,309306.26901545556029
1578,309312.47756607446354
1579,309158.57708955113776
1580,308974.98873673815979
1581,308844.86961723701097
1582,308740.46937033109134
1583,308671.58950896118768
1584,308668.56784637126839
1585,308674.64009523612913
1586,308680.71234410098987
1587,308686.78459296585061
1588,308692.85684183071135
1589,308698.92909069557209
1590,308705.00133956043283
1591,308711.07358842529356
1592,308717.1458372901543
1593,308723.21808615501504
1594,308729.29033501987578
1595,308735.36258388473652
1596,308741.43483274959726
1597,308747.507081614458
1598,308753.57933047931874
1599,308759.65157934417948
1600,308765.72382820904022
1601,308771.79607707390096
1602,308777.8683259387617
1603,308763.20593877375359
1604,308660.91530779498862
1605,308540.81158101640176
1606,308415.08697570802178
1607,308329.89827006642008
1608,308273.13722129847156
1609,308273.63984327571234
1610,308279.60645836178446
1611,308285.57307344785659
1612,308291.53968853392871
1613,308297.50630362000084
1614,308303.47291870607296
1615,308309.43953379214508
1616,308315.40614887821721
1617,308321.37276396428933
1618,308327.33937905036146
1619,308333.30599413643358
1620,308339.27260922250571
1621,308345.23922430857783
1622,308351.20583939464996
1623,308357.17245448072208
1624,308363.13906956679421
1625,308369.10568465286633
1626,308375.07229973893845
1627,308241.0605326416553
1628,308047.02714772772742
1629,307852.99376281379955
1630,307658.96037789987167
1631,307464.9269929859438
1632,307373.52933125017444
1633,307356.51669843943091
1634,307362.41856994800037
1635,307368.32044145656982
1636,307374.22231296513928
1637,307380.12418447370874
1638,307345.9995341867907
1639,307292.37297200277681
1640,307244.72752778767608
1641,307250.62939929624554
1642,307256.53127080481499
1643,307262.43314231338445
1644,307268.33501382195391
1645,307274.23688533052336
1646,307280.13875683909282
1647,307286.04062834766228
1648,307291.94249985623173
1649,307297.84437136480119
1650,307303.74624287337065
1651,307109.6481143819401
1652,306915.54998589050956
1653,306728.1136216885061
1654,306534.01549319707556
1655,306339.91736470564501
1656,306191.89384296827484
1657,306099.90693525521783
1658,306027.72266635147389
1659,305979.04468298325082
1660,305946.84096194885205
1661,305912.987575399864
1662,305849.14904123160522
1663,305781.20144794636872
1664,305709.02387659886153
1665,305689.49961336574052
1666,305695.3094809462782
1667,305701.11934852681588
1668,305706.92921610735357
1669,305712.73908368789125
1670,305718.54895126842894
1671,305724.35881884896662
1672,305730.16868642950431
1673,305735.97855401004199
1674,305741.78842159057967
1675,305582.56069247162668
1676,305388.37056005216436
1677,305194.53323285956867
1678,305000.34310044010635
1679,304835.14762733207317
1680,304712.30892023409251
1681,304641.66479667788371
1682,304595.11611059890129
1683,304576.66709797485964
1684,304575.14667633210775
1685,304548.33155337406788
1686,304484.21769969223533
1687,304415.32991570205195
1688,304346.04533506452572
1689,304344.7756026944262
1690,304350.46279902075185
1691,304356.14999534707749
1692,304361.83719167340314
1693,304367.52438799972879
1694,304373.21158432605444
1695,304378.89878065238008
1696,304384.58597697870573
1697,304390.27317330503138
1698,304395.96036963135703
1699,304201.64756595768267
1700,304007.33476228400832
1701,303813.02195861033397
1702,303618.70915493665962
1703,303424.39635126298526
1704,303278.32646101817954
1705,303204.67727470089449
1706,303171.59016903256997
1707,303167.89775815070607
1708,303172.93312147806864
1709,303167.00249640882248
1710,303110.63360185088823
1711,303044.26562299800571
1712,302974.72263636533171
1713,302950.14002027065726
1714,302955.72839741845382
1715,302961.31677456625039
1716,302966.90515171404695
1717,302972.49352886184352
1718,302978.08190600964008
1719,302983.67028315743664
1720,302989.25866030523321
1721,302994.84703745302977
1722,302980.28997868637089
1723,302785.87835583416745
1724,302591.46673298196401
1725,302397.05511012976058
1726,302202.64348727755714
1727,302008.23186442535371
1728,301813.81342632265296
1729,301666.70643417240353
1730,301572.27134683320764
1731,301522.29275311686797
1732,301501.86449642980006
1733,301488.39219651737949
1734,301434.7643122637528
1735,301383.54775180283468
1736,301312.23652395908721
1737,301250.85762012243504
1738,301256.43918201973429
1739,301262.02074391703354
1740,301267.60230581433279
1741,301273.18386771163205
1742,301278.7654296089313
1743,301284.34699150623055
1744,301289.9285534035298
1745,301295.51011530082906
1746,301284.72448763734428
1747,301090.30604953464353
1748,300895.88761143194279
1749,300701.46917332924204
1750,300507.05073522654129
1751,300312.63229712384054
1752,300118.07755726593314
1753,299955.25116162782069
1754,299840.76997988187941
1755,299761.18933672399726
1756,299702.3167176853749
1757,299661.21916562289698
1758,299634.08756307460135
1759,299630.63976956711849
1760,299636.08502970921108
1761,299641.53028985130368
1762,299646.97554999339627
1763,299652.42081013548886
1764,299657.86607027758146
1765,299663.31133041967405
1766,299668.75659056176664
1767,299674.20185070385924
1768,299679.64711084595183
1769,299685.09237098804442
1770,299690.53763113013702
1771,299495.98289127222961
1772,299301.4281514143222
1773,299106.87341155641479
1774,298912.31867169850739
1775,298717.76393184059998
1776,298523.18874688260257
1777,298387.45566874172073
1778,298291.31617554777768
1779,298226.44723890314344
1780,298182.04179174033925
1781,298132.95782141352538
1782,298063.70771942700958
1783,297985.5530135872541
1784,297909.68875029898481
1785,297866.45868876745226
1786,297871.88350380945485
1787,297877.30831885145744
1788,297882.73313389346004
1789,297888.15794893546263
1790,297893.58276397746522
1791,297899.00757901946781
1792,297904.4323940614704
1793,297909.857209103473
1794,297895.56618900987087
1795,297700.99100405187346
1796,297506.41581909387605
1797,297311.84063413587864
1798,297117.26544917788124
1799,296922.69026421988383
1800,296727.97877750667976
1801,296601.12413543334696
1802,296514.8234478054801
1803,296467.62402186915278
1804,296448.20166851917747
1805,296433.61509875301272
1806,296382.47129248135025
1807,296324.4278383711935
1808,296272.77306715777377
1809,296278.0615804445697
1810,296283.35009373136563
1811,296288.63860701816157
1812,296293.9271203049575
1813,296299.21563359175343
1814,296304.50414687854936
1815,296309.7926601653453
1816,296315.08117345214123
1817,296320.36968673893716
1818,296325.65820002573309
1819,296142.66145524865715
1820,295947.94996853545308
1821,295753.23848182224901
1822,295558.52699510904495
1823,295363.81550839584088
1824,295216.33377500239294
1825,295146.69292323727859
1826,295129.48136414040346
1827,295134.66424332390307
1828,295139.84712250740267
1829,295145.03000169090228
1830,295130.30410609691171
1831,295105.89718484738842
1832,295098.61960711173015
1833,295103.80248629522976
1834,295108.98536547872936
1835,295114.16824466222897
1836,295119.35112384572858
1837,295124.53400302922819
1838,295129.7168822127278
1839,295134.8997613962274
1840,295140.08264057972701
1841,295145.26551976322662
1842,295150.44839894672623
1843,295009.70503102592193
1844,294814.88791020942153
1845,294620.07078939292114
1846,294443.12857811176218
1847,294316.01439554913668
1848,294276.8444880899624
1849,294281.87062009243527
1850,294286.89675209490815
1851,294291.92288409738103
1852,294296.94901609985391
1853,294301.97514810232678
1854,294305.47601698152721
1855,294292.16400855960092
1856,294287.35397717246087
1857,294292.38010917493375
1858,294297.40624117740663
1859,294302.43237317987951
1860,294307.45850518235238
1861,294312.48463718482526
1862,294317.51076918729814
1863,294322.53690118977102
1864,294327.56303319224389
1865,294332.58916519471677
1866,294337.61529719718965
1867,294162.94462648656918
1868,293967.97075848904205
1869,293780.46283761266386
1870,293585.48896961513674
1871,293390.51510161760962
1872,293293.87959112570388
1873,293271.96523888333468
1874,293276.83462370478082
1875,293281.70400852622697
1876,293286.57339334767312
1877,293291.44277816911926
1878,293296.31216299056541
1879,293301.18154781201156
1880,293306.05093263345771
1881,293310.92031745490385
1882,293315.78970227635
1883,293320.65908709779615
1884,293325.52847191924229
1885,293330.39785674068844
1886,293335.26724156213459
1887,293340.13662638358073
1888,293345.00601120502688
1889,293349.87539602647303
1890,293354.74478084791917
1891,293178.68125204852549
1892,292983.55063686997164
1893,292791.85974336502841
1894,292596.72912818647455
1895,292401.5985130079207
1896,292259.90587981714634
1897,292186.70249203190906
1898,292163.46914822293911
1899,292168.1817858646391
1900,292172.89442350633908
1901,292177.60706114803907
1902,292182.31969878973905
1903,292187.03233643143903
1904,292191.74497407313902
1905,292196.457611714839
1906,292201.17024935653899
1907,292205.88288699823897
1908,292210.59552463993896
1909,292215.30816228163894
1910,292220.02079992333893
1911,292224.73343756503891
1912,292229.4460752067389
1913,292234.15871284843888
1914,292238.87135049013887
1915,292086.24222635437036
1916,291890.95486399607034
1917,291703.8710903855972
1918,291508.58372802729718
1919,291322.07022255222546
1920,291210.56606162741082
1921,291170.92302486678818
1922,291175.57091925549321
1923,291180.21881364419824
1924,291184.86670803290326
1925,291189.51460242160829
1926,291194.16249681031331
1927,291198.81039119901834
1928,291203.45828558772337
1929,291208.10617997642839
1930,291212.75407436513342
1931,291217.40196875383845
1932,291222.04986314254347
1933,291226.6977575312485
1934,291231.34565191995353
1935,291235.99354630865855
1936,291240.64144069736358
1937,291245.2893350860686
1938,291249.93722947477363
1939,291104.55820065864827
1940,290909.2060950473533
1941,290713.85398943605833
1942,290523.67524012207286
1943,290385.35408142709639
1944,290302.22050680441316
1945,290302.63264223892475
1946,290307.188532699598
1947,290311.74442316027125
1948,290316.30031362094451
1949,290320.85620408161776
1950,290325.41209454229102
1951,290329.96798500296427
1952,290334.52387546363752
1953,290339.07976592431078
1954,290343.63565638498403
1955,290348.19154684565729
1956,290352.74743730633054
1957,290357.30332776700379
1958,290361.85921822767705
1959,290366.4151086883503
1960,290370.97099914902356
1961,290375.52688960969681
1962,290380.08278007037006
1963,290271.42676694435067
1964,290091.57455129467417
1965,289917.495440047991
1966,289766.8945515541709
1967,289651.63784811500227
1968,289622.51059164310573
1969,289626.79387827002211
1970,289631.07716489693848
1971,289635.36045152385486
1972,289639.64373815077124
1973,289643.92702477768762
1974,289648.210311404604
1975,289652.49359803152038
1976,289656.77688465843676
1977,289661.06017128535314
1978,289665.34345791226951
1979,289669.62674453918589
1980,289673.91003116610227
1981,289678.19331779301865
1982,289682.47660441993503
1983,289686.75989104685141
1984,289691.04317767376779
1985,289695.32646430068417
1986,289699.60975092760054
1987,289614.71669250860577
1988,289462.28725102340104
1989,289325.31885615579085
1990,289191.47742407955229
1991,289097.90078925766284
1992,289101.79561572021339
1993,289105.69044218276395
1994,289109.5852686453145
1995,289113.48009510786505
1996,289117.37492157041561
1997,289121.26974803296616
1998,289125.16457449551672
1999,289129.05940095806727
2000,289132.95422742061783
2001,289136.84905388316838
2002,289140.74388034571894
2003,289144.63870680826949
2004,289148.53353327082004
2005,289152.4283597333706
2006,289156.32318619592115
2007,289160.21801265847171
2008,289164.11283912102226
2009,289168.00766558357282
2010,289171.90249204612337
2011,289055.83539406605996
2012,288864.71762579481583
2013,288669.42131789034465
2014,288473.31614435289521
2015,288321.61233127937885
2016,288227.16545274789678
2017,288197.98009290499613
2018,288201.44216072693234
2019,288204.90422854886856
2020,288208.36629637080478
2021,288211.82836419274099
2022,288215.29043201467721
2023,288218.75249983661342
2024,288222.21456765854964
2025,288225.67663548048586
2026,288229.13870330242207
2027,288232.60077112435829
2028,288236.06283894629451
2029,288239.52490676823072
2030,288242.98697459016694
2031,288246.44904241210315
2032,288249.91111023403937
2033,288253.37317805597559
2034,288256.8352458779118
2035,288103.2737198441755
2036,287906.73578766611172
2037,287710.19785548804794
2038,287519.65493799519027
2039,287371.04187403630931
2040,287311.60459507670021
2041,287305.37051110499306
2042,287308.74261970445514
2043,287312.11472830391722
2044,287315.4868369033793
2045,287318.85894550284138
2046,287322.23105410230346
2047,287325.60316270176554
2048,287328.97527130122762
2049,287332.3473799006897
2050,287335.71948850015178
2051,287339.09159709961386
2052,287342.46370569907594
2053,287345.83581429853803
2054,287349.20792289800011
2055,287352.58003149746219
2056,287355.95214009692427
2057,287359.32424869638635
2058,287362.69635729584843
2059,287273.82327083474956
2060,287123.99324296845589
2061,286992.24839809112018
2062,286854.60941186785931
2063,286754.91562791884644
2064,286695.18233218434034
2065,286698.27536259160843
2066,286701.36839299887652
2067,286704.4614234061446
2068,286707.55445381341269
2069,286710.64748422068078
2070,286713.74051462794887
2071,286716.83354503521696
2072,286719.92657544248505
2073,286723.01960584975313
2074,286726.11263625702122
2075,286729.20566666428931
2076,286732.2986970715574
2077,286735.39172747882549
2078,286738.48475788609358
2079,286741.57778829336166
2080,286744.67081870062975
2081,286747.76384910789784
2082,286750.85687951516593
2083,286649.00795305671636
2084,286460.68055258423556
2085,286275.34952803625492
2086,286087.03028303233441
2087,285929.22626739233965
2088,285833.11703907797346
2089,285808.93098957231268
2090,285811.64237474114634
2091,285814.35375990998
2092,285817.06514507881366
2093,285819.77653024764732
2094,285822.48791541648097
2095,285825.19930058531463
2096,285827.91068575414829
2097,285830.62207092298195
2098,285833.33345609181561
2099,285836.04484126064926
2100,285838.75622642948292
2101,285841.46761159831658
2102,285844.17899676715024
2103,285846.8903819359839
2104,285849.60176710481755
2105,285852.31315227365121
2106,285855.02453744248487
2107,285755.76894797891146
2108,285578.14073773822747
2109,285414.62908361438895
2110,285241.46543102851138
2111,285109.495914525236
2112,285020.12109056301415
2113,284974.44084133446449
2114,284966.19925564713776
2115,284968.56443409773055
2116,284970.92961254832335
2117,284973.29479099891614
2118,284975.65996944950894
2119,284978.02514790010173
2120,284980.39032635069452
2121,284982.75550480128732
2122,284985.12068325188011
2123,284987.4858617024729
2124,284989.8510401530657
2125,284992.21621860365849
2126,284994.58139705425128
2127,284996.94657550484408
2128,284999.31175395543687
2129,285001.67693240602966
2130,284920.67194119357737
2131,284723.03711964417016
2132,284525.40229809476295
2133,284327.76747654535575
2134,284130.13265499594854
2135,283932.49783344654134
2136,283806.95847411517752
2137,283741.34674495673971
2138,283717.20949658803875
2139,283719.46256673970493
2140,283721.7156368913711
2141,283723.96870704303728
2142,283707.71144377614837
2143,283685.26077362510841
2144,283674.23678966081934
2145,283676.48985981248552
2146,283678.7429299641517
2147,283680.99600011581788
2148,283683.24907026748406
2149,283685.50214041915024
2150,283687.75521057081642
2151,283690.0082807224826
2152,283692.26135087414877
2153,283694.51442102581495
2154,283661.70082804339472
2155,283463.9538981950609
2156,283266.20696834672708
2157,283081.22342007554835
2158,282888.08698609098792
2159,282729.26518542261329
2160,282531.41636998881586
2161,282333.56755455501843
2162,282135.71873912122101
2163,281986.648162415775
2164,281880.02603269275278
2165,281768.4881663278793
2166,281657.82554033631459
2167,281551.73046190477908
2168,281443.71858591929777
2169,281380.18068387516541
2170,281382.33186844136799
2171,281384.48305300757056
2172,281386.63423757377313
2173,281388.78542213997571
2174,281390.93660670617828
2175,281393.08779127238085
2176,281395.23897583858343
2177,281343.36673209705623
2178,281154.26881549065001
2179,280956.42000005685259
2180,280758.57118462305516
2181,280560.72236918925773
2182,280362.87355375546031
2183,280165.02473832166288
2184,279967.0736964091775
2185,279769.12265449669212
2186,279571.17161258420674
2187,279414.87211124418536
2188,279292.64742238476174
2189,279156.78014434454963
2190,279023.1968948575086
2191,278905.67089892993681
2192,278781.85853747808142
2193,278687.58775975310709
2194,278679.58037033915753
2195,278681.62932842667215
2196,278683.67828651418677
2197,278685.72724460170139
2198,278687.77620268921601
2199,278667.40424677572446
2200,278588.2400248866179
2201,278452.97154084983049
2202,278255.02049893734511
2203,278057.06945702485973
2204,277859.11841511237435
2205,277661.16737319988897
2206,277463.21633128740359
2207,277265.26528937491821
2208,277067.21747315110406
2209,276869.16965692728991
2210,276714.80044680600986
2211,276604.29213425109629
2212,276506.85977184650255
2213,276389.22543349832995
2214,276253.9304654552252
2215,276121.43374192516785
2216,275976.37204292137176
2217,275865.71949429874076
2218,275794.98477785463911
2219,275747.49439115484711
2220,275729.65485805826029
2221,275713.45737389917485
2222,275690.62830440083053
2223,275633.12425599456765
2224,275540.8253198331804
2225,275411.81759766303003
2226,275213.76978143921588
2227,275015.72196521540172
2228,274817.67414899158757
2229,274619.62633276777342
2230,274421.57851654395927
2231,274223.53070032014512
2232,274025.46755010873312
2233,273827.40439989732113
2234,273629.34124968590913
2235,273455.38201340002706
2236,273301.12456513784127
2237,273134.64340100705158
2238,273015.88688458083197
2239,272949.34638869296759
2240,272839.47132426989265
2241,272743.1245581091498
2242,272685.88826887286268
2243,272666.02719683578471
2244,272667.96404662437271
2245,272658.97200530557893
2246,272646.64014716347447
2247,272596.45830197184114
2248,272503.38882958661998
2249,272357.12165144429309
2250,272159.0585012328811
2251,271960.99535102146911
2252,271762.93220081005711
2253,271564.86905059864512
2254,271366.80590038723312
2255,271168.74275017582113
2256,270970.58725546888309
2257,270772.43176076194504
2258,270574.276266055007
2259,270400.65990913606947
2260,270273.99776239530183
2261,270275.84226768836379
2262,270277.68677298142575
2263,270279.5312782744877
2264,270281.37578356754966
2265,270245.249777179386
2266,270247.09428247244796
2267,270248.93878776550991
2268,270250.78329305857187
2269,270252.62779835163383
2270,270254.47230364469578
2271,270256.31680893775774
2272,270235.28851925989147
2273,270170.04567570314975
2274,270017.20834561879747
2275,269819.05285091185942
2276,269620.89735620492138
2277,269422.74186149798334
2278,269224.58636679104529
2279,269026.43087208410725
2280,268828.17860306584043
2281,268629.92633404757362
2282,268465.43697099352721
2283,268329.36854286002927
2284,268201.75448522245279
2285,268028.80933868000284
2286,267841.69118121400243
2287,267654.60097163054161
2288,267461.70855335769011
2289,267324.96293877670541
2290,267263.67864747694694
2291,267265.42637845868012
2292,267267.1741094404133
2293,267268.92184042214649
2294,267270.66957140387967
2295,267268.7085560837877
2296,267232.06366580800386
2297,267150.6261492287158
2298,266973.65622387966141
2299,266775.4039548613946
2300,266577.15168584312778
2301,266378.89941682486096
2302,266180.64714780659415
2303,265982.39487878832733
2304,265784.13272778695682
2305,265585.87057678558631
2306,265437.37987828342011
2307,265326.27561030251672
2308,265238.20201486756559
2309,265135.18785393721191
2310,265032.89675175194861
2311,264953.66104178770911
2312,264888.36013287922833
2313,264877.76159057120094
2314,264879.49943956983043
2315,264881.23728856845992
2316,264882.9751375670894
2317,264884.71298656571889
2318,264886.45083556434838
2319,264874.32064551260555
2320,264804.0192761705257
2321,264674.4155985743273
2322,264476.15344757295679
2323,264277.89129657158628
2324,264079.62914557021577
2325,263881.36699456884526
2326,263683.10484356747475
2327,263484.84269256610423
2328,263286.58054156473372
2329,263088.31839056336321
2330,262923.01316004240653
2331,262796.3604933306342
2332,262688.5666437332402
2333,262575.10944677662337
2334,262458.44444233283866
2335,262330.73284796153894
2336,262175.9899306242587
2337,262035.96785936900415
2338,261981.76405126944883
2339,261983.50190026804921
2340,261985.2397492666496
2341,261986.97759826524998
2342,261988.71544726385036
2343,261990.45329626245075
2344,261992.19114526105113
2345,261937.81691411402426
2346,261762.33515067928238
2347,261564.07299967788276
2348,261365.81084867648315
2349,261167.54869767508353
2350,260969.28654667368392
2351,260771.0243956722843
2352,260572.76224467088468
2353,260374.50009366948507
2354,260176.23794266808545
2355,260014.18508029758232
2356,259876.81535545739462
2357,259709.77078077639453
2358,259522.23470261695911
2359,259335.0338905796234
2360,259146.71909006498754
2361,259029.54524463354028
2362,259028.38001629782957
2363,259030.11786529642995
2364,259031.85571429503034
2365,259033.59356329363072
2366,259035.33141229223111
2367,259037.06926129083149
2368,259038.80711028943188
2369,258989.79568466625642
2370,258835.69349997222889
2371,258637.43134897082928
2372,258439.16919796942966
2373,258240.90704696803004
2374,258042.64489596663043
2375,257844.38274496523081
2376,257646.11514195936616
2377,257447.8475389535015
2378,257249.57993594763684
2379,257073.01021541480441
2380,256912.43893716207822
2381,256717.21883381169755
2382,256518.95123080583289
2383,256329.5552627920697
2384,256145.49940364752547
2385,256034.50943566195201
2386,256031.93438591033919
2387,256033.66678290447453
2388,256035.39917989860987
2389,256037.13157689274522
2390,256038.86397388688056
2391,256040.5963708810159
2392,256042.32876787515124
2393,255983.3484137954074
2394,255808.81205014503212
2395,255610.54444713916746
2396,255412.2768441333028
2397,255214.00924112743814
2398,255015.74163812157349
2399,254817.47403511570883
2400,254619.11953961875406
2401,254420.76504412179929
2402,254222.41054862484452
2403,254047.02620334274252
2404,253880.72467364478507
2405,253682.3701781478303
2406,253508.73588953609578
2407,253387.21105581452139
2408,253221.95713708884432
2409,253117.31791983233416
2410,253056.90754123686929
2411,253058.55304573991452
2412,253060.19855024295975
2413,253061.84405474600499
2414,253063.48955924905022
2415,253065.13506375209545
2416,253052.28910384580377
2417,252973.2177522808488
2418,252795.80119561622269
2419,252597.44670011926792
2420,252399.09220462231315
2421,252200.73770912535838
2422,252002.38321362840361
2423,251804.02871813144884
2424,251605.66434081425541
2425,251407.29996349706198
2426,251208.93558617986855
2427,251046.17051411909051
2428,250901.24198778546997
2429,250869.4586528991058
2430,250844.16267631517258
2431,250845.79829899797915
2432,250847.43392168078572
2433,250837.70147373559303
2434,250839.3370964183996
2435,250840.97271910120617
2436,250842.60834178401274
2437,250844.24396446681931
2438,250845.87958714962588
2439,250847.51520983243245
2440,250849.15083251523902
2441,250841.34612453071168
2442,250701.96831812866731
2443,250503.60394081147388
2444,250305.23956349428045
2445,250106.87518617708702
2446,249908.51080885989359
2447,249710.14643154270016
2448,249511.78205422550673
2449,249313.4176769083133
2450,249115.05329959111987
2451,248936.41469351988053
2452,248779.8396324851492
2453,248592.61605468718335
2454,248397.62439177537453
2455,248211.87800769510795
2456,248030.13566859712591
2457,247918.47756014676997
2458,247903.11386087277788
2459,247904.74948355558445
2460,247906.38510623839102
2461,247908.02072892119759
2462,247909.65635160400416
2463,247911.29197428681073
2464,247912.9275969696173
2465,247842.66331240284489
2466,247654.51701225774013
2467,247456.1526349405467
2468,247257.78825762335327
2469,247059.42388030615984
2470,246861.05950298896641
2471,246662.69512567177298
2472,246464.33074835457955
2473,246265.96637103738612
2474,246067.6019937201927
2475,245882.64381637450424
2476,245713.3294833402033
2477,245517.64618777748547
2478,245319.28181046029204
2479,245125.77629222755786
2480,244927.41191491036443
2481,244792.4133622655645
2482,244742.09035546169616
2483,244743.72597814450273
2484,244745.3616008273093
2485,244746.99722351011587
2486,244748.63284619292244
2487,244750.26846887572901
2488,244740.96768099218025
2489,244654.42117155031883
2490,244459.86538733265479
2491,244261.50101001546136
2492,244063.13663269826793
2493,243864.7722553810745
2494,243666.40787806388107
2495,243468.04350074668764
2496,243269.67912342949421
2497,243071.31474611230078
2498,242872.95036879510735
2499,242674.58599147791392
2500,242488.19537665127427
2501,242289.83099933408084
2502,242091.76215770738781
2503,241921.74115220279782
2504,241751.90777968990733
2505,241630.35354852100136
2506,241573.30562188432668
2507,241574.94124456713325
2508,241576.57686724993982
2509,241578.21248993274639
2510,241579.84811261555296
2511,241581.48373529835953
2512,241550.67265637670062
2513,241443.61641727888491
2514,241245.25203996169148
2515,241046.88766264449805
2516,240848.52328532730462
2517,240650.15890801011119
2518,240451.79453069291776
2519,240253.43015337572433
2520,240055.0657760585309
2521,239856.70139874133747
2522,239658.33702142414404
2523,239459.97264410695061
2524,239283.38149189460091
2525,239085.01711457740748
2526,238887.15046872087987
2527,238717.02360200113617
2528,238567.36883282128838
2529,238471.0200112068851
2530,238453.50129355941317
2531,238455.13691624221974
2532,238456.77253892502631
2533,238458.40816160783288
2534,238460.04378429063945
2535,238461.67940697344602
2536,238420.34339157963404
2537,238302.88857703009853
2538,238104.5241997129051
2539,237906.15982239571167
2540,237707.79544507851824
2541,237509.43106776132481
2542,237311.06669044413138
2543,237112.70231312693795
2544,236914.39756778738229
2545,236716.09282244782662
2546,236580.04634982428979
2547,236493.1191773104656
2548,236433.01972129181377
2549,236345.65963660262059
2550,236247.01282070594607
2551,236149.22873540982255
2552,236042.87789119748049
2553,235976.95148457356845
2554,235978.64673923401278
2555,235980.34199389445712
2556,235982.03724855490145
2557,235983.73250321534579
2558,235985.42775787579012
2559,235987.12301253623446
2560,235974.95417864876799
2561,235907.54008820347372
2562,235737.94929506778135
2563,235539.64454972822568
2564,235341.33980438867002
2565,235143.03505904911435
2566,234944.73031370955869
2567,234746.42556837000302
2568,234548.15796536413836
2569,234349.89036235827371
2570,234186.45414559668279
2571,234060.90127601457061
2572,233949.65743704326451
2573,233815.86792644983507
2574,233720.55277040830697
2575,233695.94785385447904
2576,233634.30205781772383
2577,233610.25247185045737
2578,233611.98486884459271
2579,233613.71726583872805
2580,233615.4496628328634
2581,233617.18205982699874
2582,233618.91445682113408
2583,233620.64685381526942
2584,233622.37925080940477
2585,233605.86730555439135
2586,233493.33864884384093
2587,233295.07104583797627
2588,233096.80344283211161
2589,232898.53583982624696
2590,232700.2682368203823
2591,232502.00063381451764
2592,232303.64068631187547
2593,232105.2807388092333
2594,231974.74510780783021
2595,231892.37752207549056
2596,231822.95700598834082
2597,231824.59705848569865
2598,231826.23711098305648
2599,231827.87716348041431
2600,231829.51721597777214
2601,231814.53256213359418
2602,231816.17261463095201
2603,231817.81266712830984
2604,231819.45271962566767
2605,231821.0927721230255
2606,231822.73282462038333
2607,231824.37287711774115
2608,231826.01292961509898
2609,231814.75242473938852
2610,231712.50341977394419
2611,231514.14347227130202
2612,231315.78352476865984
2613,231123.38167292773142
2614,230925.02172542508924
2615,230726.66177792244707
2616,230528.20505594683345
2617,230336.19101449268055
2618,230222.47470271779457
2619,230145.27436017757282
2620,230084.9489272593637
2621,229989.13609403313603
2622,229878.24735347242677
2623,229751.26265848366893
2624,229596.36258650914533
2625,229470.23174789373297
2626,229402.56348536617588
2627,229394.4324008046824
2628,229395.97567882906878
2629,229397.51895685345517
2630,229370.19817993167089
2631,229295.99605017367867
2632,229186.78027407240006
2633,229053.44454526988557
2634,228854.98782329427195
2635,228656.53110131865833
2636,228458.07437934304471
2637,228259.61765736743109
2638,228061.16093539181747
2639,227862.70421341620386
2640,227664.428772969899
2641,227466.15333252359414
2642,227300.03600527110393
2643,227170.54275676005636
2644,227062.37064960668795
2645,226937.39367589063477
2646,226810.29233570356155
2647,226694.65616001436138
2648,226569.29299996222835
2649,226457.57395554627874
2650,226364.99314048149972
2651,226324.92041279471596
2652,226303.26082630918245
2653,226280.57479888066882
2654,226269.24626575387083
2655,226211.65351980502601
2656,226104.62142431590473
2657,225941.33039677990018
2658,225743.05495633359533
2659,225544.77951588729047
2660,225346.50407544098562
2661,225148.22863499468076
2662,224949.9531945483759
2663,224751.67775410207105
2664,224553.8377982986276
2665,224355.99784249518416
2666,224163.87532211543294
2667,224040.34826668197638
2668,223937.66019164156751
2669,223816.71745567882317
2670,223689.97760831160122
2671,223574.80344023366342
2672,223457.02283784069004
2673,223359.76315231909393
2674,223296.77866166754393
2675,223277.01564774458529
2676,223279.17569194114185
2677,223281.3357361376984
2678,223283.49578033425496
2679,223285.65582453081151
2680,223267.88072857217048
2681,223194.08057901583379
2682,223009.33462956143194
2683,222811.49467375798849
2684,222613.65471795454505
2685,222415.8147621511016
2686,222217.97480634765816
2687,222020.13485054421471
2688,221822.24344077103888
2689,221624.35203099786304
2690,221479.51104740300798
2691,221368.37022734005586
2692,221264.03709912803606
2693,221126.54309715711861
2694,220973.60633328731637
2695,220828.97844684589654
2696,220689.6643166198628
2697,220578.37926048919326
2698,220510.87415773124667
2699,220512.98274795807083
2700,220515.09133818489499
2701,220517.19992841171916
2702,220519.30851863854332
2703,220521.41710886536748
2704,220484.70065303621232
2705,220379.32949577728868
2706,220187.97087206476135
2707,219990.07946229158551
2708,219792.18805251840968
2709,219594.29664274523384
2710,219396.405232972058
2711,219198.51382319888216
2712,219000.49871933134273
2713,218802.48361546380329
2714,218665.66407222201815
2715,218554.58898067747941
2716,218446.91659032780444
2717,218308.65584350939025
2718,218167.49276094770175
2719,218042.75024260088685
2720,217923.30819906471879
2721,217843.06452271022135
2722,217764.76018893177388
2723,217690.95395968906814
2724,217622.89165574972867
2725,217526.23945289515541
2726,217403.70984042616328
2727,217231.95991262723692
2728,217033.94480875969748
2729,216835.92970489215804
2730,216637.91460102461861
2731,216439.89949715707917
2732,216241.88439328953973
2733,216043.86928942200029
2734,215845.85418555446086
2735,215647.83908168692142
2736,215449.77593147553853
2737,215251.71278126415564
2738,215053.64963105277275
2739,214864.02123479652801
2740,214694.92908696699305
2741,214496.86593675561016
2742,214298.80278654422727
2743,214135.98696877446491
2744,213937.92381856308202
2745,213751.39269444509409
2746,213615.36133091524243
2747,213494.68014519609278
2748,213396.96181251577218
2749,213287.34619507516618
2750,213188.40626299605356
2751,213066.01123117486713
2752,212906.48139766056556
2753,212708.41824744918267
2754,212510.35509723779978
2755,212312.29194702641689
2756,212114.228796815034
2757,211916.16564660365111
2758,211718.10249639226822
2759,211520.03934618088533
2760,211321.88930347841233
2761,211123.73926077593933
2762,210925.58921807346633
2763,210727.43917537099333
2764,210529.28913266852032
2765,210418.68711089639692
2766,210313.67066403504577
2767,210245.24730429629562
2768,210194.81225698193884
2769,210107.67978865953046
2770,210098.50532546066097
2771,210100.35528275818797
2772,210102.20524005571497
2773,210104.05519735324197
2774,210084.1419122806401
2775,210062.03046027722303
2776,210022.67984580728807
2777,209936.87392253938015
2778,209751.15304827128421
2779,209553.0030055688112
2780,209354.8529628663382
2781,209156.7029201638652
2782,208958.5528774613922
2783,208760.4028347589192
2784,208562.24291023620754
2785,208364.08298571349587
2786,208180.31692266534083
2787,208053.38374073122395
2788,207961.08798827391001
2789,207856.7746942898666
2790,207753.19306336677982
2791,207664.96291159314569
2792,207582.04742285239627
2793,207530.48792213082197
2794,207532.32799760811031
2795,207534.16807308539865
2796,207536.00814856268698
2797,207537.84822403997532
2798,207539.68829951726366
2799,207541.528374994552
2800,207543.36845047184033
2801,207516.90410795086063
2802,207386.13087555213133
2803,207187.97095102941967
2804,206989.811026506708
2805,206791.65110198399634
2806,206593.49117746128468
2807,206395.33125293857302
2808,206197.16587624850217
2809,206015.68856855123886
2810,205907.76750377574353
2811,205833.14294123789296
2812,205765.45755315799033
2813,205654.70691233579419
2814,205529.99085785902571
2815,205408.96128241706174
2816,205292.10590891062748
2817,205197.06073454380385
2818,205143.41084072421654
2819,205142.84030195800005
2820,205144.67492526792921
2821,205146.50954857785837
2822,205148.34417188778752
2823,205150.17879519771668
2824,205142.61169573076768
2825,205097.9179370435304
2826,204952.78434296260821
2827,204754.61896627253736
2828,204556.45358958246652
2829,204358.28821289239568
2830,204160.12283620232483
2831,203961.95745951225399
2832,203763.70519049398717
2833,203576.71161503603798
2834,203463.21224562154384
2835,203372.73671549267601
2836,203290.56297602228005
2837,203177.69997158643673
2838,203058.55762925266754
2839,202942.60698078217683
2840,202818.18446045921883
2841,202712.01477224362316
2842,202641.50975957835908
2843,202616.93528938639793
2844,202618.68302036813111
2845,202620.43075134986429
2846,202622.17848233159748
2847,202602.17223129485501
2848,202557.59738519831444
2849,202476.59144660894526
2850,202331.57803227877594
2851,202133.32576326050912
2852,201935.0734942422423
2853,201736.82122522397549
2854,201538.56895620570867
2855,201340.31668718744186
2856,201142.0490841815772
2857,200960.33391149679665
2858,200847.87599487707485
2859,200759.82816005559289
2860,200679.69151349482127
2861,200568.79215802330873
2862,200435.54828796320362
2863,200282.85358233033912
2864,200084.70730359465233
2865,199903.71607947419398
2866,199784.38118190428941
2867,199720.64900653337827
2868,199681.01611340022646
2869,199623.78051631370909
2870,199523.10307854777784
2871,199361.68406534128007
2872,199163.41646233541542
2873,198965.14885932955076
2874,198766.8812563236861
2875,198568.61365331782144
2876,198370.34605031195679
2877,198172.07844730609213
2878,197973.81084430022747
2879,197775.54324129436282
2880,197577.18329379172064
2881,197378.82334628907847
2882,197180.4633987864363
2883,196982.10345128379413
2884,196783.74350378115196
2885,196585.38355627850979
2886,196387.02360877586761
2887,196188.66366127322544
2888,195990.30371377058327
2889,195791.9437662679411
2890,195593.58381876529893
2891,195440.45554540501325
2892,195317.59586848816252
2893,195196.71505388818332
2894,195079.08344831888098
2895,194896.43187045340892
2896,194698.07192295076675
2897,194499.71197544812458
2898,194301.3520279454824
2899,194102.99208044284023
2900,193904.63213294019806
2901,193706.27218543755589
2902,193507.91223793491372
2903,193309.55229043227155
2904,193111.09556845665793
2905,192912.63884648104431
2906,192714.18212450543069
2907,192515.72540252981707
2908,192317.26868055420346
2909,192118.81195857858984
2910,191920.35523660297622
2911,191721.8985146273626
2912,191523.44179265174898
2913,191324.98507067613536
2914,191154.36637687741313
2915,191055.61057515669381
2916,191020.66494321264327
2917,190979.64169798739022
2918,190928.62939106542035
2919,190838.54861774417805
2920,190687.91218707925873
2921,190489.45546510364511
2922,190290.99874312803149
2923,190092.54202115241787
2924,189894.08529917680426
2925,189695.62857720119064
2926,189497.17185522557702
2927,189298.7151332499634
2928,189100.1820822271402
2929,188901.649031204317
2930,188703.1159801814938
2931,188504.58292915867059
2932,188306.04987813584739
2933,188107.51682711302419
2934,187908.98377609020099
2935,187714.4374034286302
2936,187563.3073442747118
2937,187466.67075857086456
2938,187468.13770754804136
2939,187469.60465652521816
2940,187471.07160550239496
2941,187472.53855447957176
2942,187474.00550345674856
2943,187475.47245243392535
2944,187476.93940141110215
2945,187460.25265405132086
2946,187371.63568818141357
2947,187173.10263715859037
2948,186974.56958613576717
2949,186776.03653511294397
2950,186577.50348409012076
2951,186378.97043306729756
2952,186180.38967642979696
2953,185981.80891979229636
2954,185783.22816315479577
2955,185637.81289652077248
2956,185506.55367564849439
2957,185385.47143159530242
2958,185233.84264355938649
2959,185081.45490166556556
2960,184908.50305273273261
2961,184744.52943114459049
2962,184632.17863381901407
2963,184562.56023427876062
2964,184528.56870920374058
2965,184521.04739361733664
2966,184522.46663697983604
2967,184501.35425354255131
2968,184445.05443600553554
2969,184340.57345828745747
2970,184205.10057540019625
2971,184006.51981876269565
2972,183807.93906212519505
2973,183609.35830548769445
2974,183410.77754885019385
2975,183212.19679221269325
2976,183013.61603557519265
2977,182815.03527893769206
2978,182622.24914864692255
2979,182471.01715309947031
2980,182313.5672449945414
2981,182143.28397797522484
2982,181944.70322133772424
2983,181746.12246470022365
2984,181547.54170806272305
2985,181348.96095142522245
2986,181222.31945412198547
2987,181163.14946307861828
2988,181156.65367815585341
2989,181158.07292151835281
2990,181159.49216488085221
2991,181142.78953771665692
2992,181083.49281736236298
2993,180979.40136876533506
2994,180825.66395461471984
2995,180627.08319797721924
2996,180428.50244133971864
2997,180229.92168470221804
2998,180031.34092806471745
2999,179832.76017142721685
3000,179634.17941478971625
3001,179435.59865815221565
3002,179239.80668863668689
3003,179092.19974335227744
3004,178952.36133960584993
3005,178804.13965407942305
3006,178607.13882274428033
3007,178410.38229816732928
3008,178214.09116571318009
3009,178044.46241577618639
3010,177953.1706953473913
3011,177913.41739171987865
3012,177884.7033316969173
3013,177876.83786713739391
3014,177878.25711049989332
3015,177830.72156251323759
3016,177720.53636295930482
3017,177541.79947338416241
3018,177343.21871674666181
3019,177144.63796010916121
3020,176946.05720347166061
3021,176747.47644683416001
3022,176548.89569019665942
3023,176350.31493355915882
3024,176151.66772977553774
3025,175953.02052599191666
3026,175754.37332220829558
3027,175555.7261184246745
3028,175357.07891464105342
3029,175158.43171085743234
3030,174959.78450707381126
3031,174761.13730329019018
3032,174562.49009950656909
3033,174363.84289572294801
3034,174193.37489495359478
3035,174098.75189615017734
3036,174052.1358226047596
3037,174021.57507259148406
3038,174008.28761262071203
3039,173941.13216884495341
3040,173826.44160238071345
3041,173636.48124145786278
3042,173437.8340376742417
3043,173239.18683389062062
3044,173040.53963010699954
3045,172841.89242632337846
3046,172643.24522253975738
3047,172444.5980187561363
3048,172245.90310927698738
3049,172047.20819979783846
3050,171848.51329031868954
3051,171649.81838083954062
3052,171451.1234713603917
3053,171252.42856188124279
3054,171053.73365240209387
3055,170855.03874292294495
3056,170656.34383344379603
3057,170457.64892396464711
3058,170282.66031797102187
3059,170175.89011231664335
3060,170120.05976413897588
3061,170081.66837673450937
3062,170036.08310472345329
3063,169942.79846926996834
3064,169802.92274106209516
3065,169604.22783158294624
3066,169405.53292210379732
3067,169206.8380126246484
3068,169008.14310314549948
3069,168809.44819366635056
3070,168610.75328418720164
3071,168412.05837470805272
3072,168213.3573316828697
3073,168014.65628865768667
3074,167815.95524563250365
3075,167617.25420260732062
3076,167418.5531595821376
3077,167219.85211655695457
3078,167021.15107353177154
3079,166822.45003050658852
3080,166623.74898748140549
3081,166468.47274916651077
3082,166412.43705649080221
3083,166413.73601346561918
3084,166415.03497044043615
3085,166416.33392741525313
3086,166417.6328843900701
3087,166418.93184136488708
3088,166420.23079833970405
3089,166325.44742430440965
3090,166163.12700645459699
3091,165964.42596342941397
3092,165765.72492040423094
3093,165567.02387737904792
3094,165368.32283435386489
3095,165169.62179132868187
3096,164970.82363318096031
3097,164772.02547503323876
3098,164573.22731688551721
3099,164374.42915873779566
3100,164175.63100059007411
3101,163976.83284244235256
3102,163785.91086198532139
3103,163625.48725921491859
3104,163516.81314243885572
3105,163486.4822755146015
3106,163487.68411736687995
3107,163488.88595921915839
3108,163490.08780107143684
3109,163491.28964292371529
3110,163492.49148477599374
3111,163493.69332662827219
3112,163494.89516848055064
3113,163496.09701033282909
3114,163404.51875539013417
3115,163205.72059724241262
3116,163006.92243909469107
3117,162808.12428094696952
3118,162609.32612279924797
3119,162410.52796465152642
3120,162211.71890233075828
3121,162012.90984000999015
3122,161814.10077768922201
3123,161615.29171536845388
3124,161436.33254865641356
3125,161281.50455088668969
3126,161116.21397098130547
3127,160982.57313725250424
3128,160880.88339982239995
3129,160818.15522543599945
3130,160806.816571748961
3131,160805.8227863831853
3132,160795.04430775917717
3133,160780.25585971519467
3134,160758.71643780820887
3135,160699.54534341910039
3136,160598.94830966895097
3137,160447.19149662458221
3138,160248.38243430381408
3139,160049.57337198304594
3140,159850.76430966227781
3141,159651.95524734150968
3142,159453.14618502074154
3143,159254.33712269997341
3144,159055.52192683314206
3145,158856.70673096631072
3146,158657.89153509947937
3147,158459.07633923264802
3148,158260.26114336581668
3149,158061.44594749898533
3150,157865.41782869689632
3151,157708.41174062812934
3152,157567.7654432671261
3153,157462.31522355836933
3154,157415.17206665081903
3155,157416.35687078398769
3156,157417.54167491715634
3157,157410.65759531001095
3158,157405.20253782829968
3159,157337.18497934078914
3160,157225.47095529484795
3161,157062.34657589389826
3162,156863.53138002706692
3163,156664.71618416023557
3164,156465.90098829340423
3165,156267.08579242657288
3166,156068.27059655974153
3167,155869.45540069291019
3168,155670.54308970354032
3169,155471.63077871417045
3170,155272.71846772480058
3171,155073.8061567354307
3172,154897.88286300911568
3173,154739.96784487445257
3174,154558.28056424384704
3175,154380.24195458707982
3176,154181.32964359770995
3177,153982.41733260834008
3178,153810.45547242552857
3179,153686.47412185161375
3180,153587.15851380201639
3181,153497.46578538572066
3182,153397.19985978174373
3183,153231.01158655970357
3184,153032.0992755703337
3185,152833.18696458096383
3186,152634.27465359159396
3187,152435.36234260222409
3188,152236.45003161285422
3189,152037.53772062348435
3190,151838.62540963411448
3191,151639.7130986447446
3192,151440.78374993629404
3193,151241.85440122784348
3194,151042.92505251939292
3195,150843.99570381094236
3196,150645.0663551024918
3197,150446.13700639404124
3198,150247.20765768559068
3199,150048.27830897714011
3200,149849.34896026868955
3201,149650.41961156023899
3202,149451.49026285178843
3203,149297.241600567766
3204,149181.02385771853733
3205,149072.572298373183
3206,148989.83920400618808
3207,148877.92947394051589
3208,148718.98865812437725
3209,148520.05930941592669
3210,148321.12996070747613
3211,148122.20061199902557
3212,147923.27126329057501
3213,147724.34191458212445
3214,147525.41256587367388
3215,147326.48321716522332
3216,147127.45675341627793
3217,146928.43028966733254
3218,146729.40382591838716
3219,146530.37736216944177
3220,146331.35089842049638
3221,146132.32443467155099
3222,145933.2979709226056
3223,145734.27150717366021
3224,145535.24504342471482
3225,145336.21857967576943
3226,145137.19211592682404
3227,144994.8289359442424
3228,144884.36242322088219
3229,144796.68562826490961
3230,144716.77600637773867
3231,144600.14630120660877
3232,144433.01284605928231
3233,144233.98638231033692
3234,144034.95991856139153
3235,143835.93345481244614
3236,143636.90699106350075
3237,143437.88052731455537
3238,143238.85406356560998
3239,143039.82759981666459
3240,142840.78409826656571
3241,142641.74059671646683
3242,142442.69709516636794
3243,142243.65359361626906
3244,142044.61009206617018
3245,141845.5665905160713
3246,141646.52308896597242
3247,141459.86260608618613
3248,141260.81910453608725
3249,141061.77560298598837
3250,140895.92440652748337
3251,140778.14375957893208
3252,140712.07286455575377
3253,140650.2350551590207
3254,140612.44306407214026
3255,140531.5424824024085
3256,140404.61446662188973
3257,140205.57096507179085
3258,140006.52746352169197
3259,139807.48396197159309
3260,139608.44046042149421
3261,139409.39695887139533
3262,139210.35345732129645
3263,139011.30995577119756
3264,138812.16933918063296
3265,138613.02872259006836
3266,138413.88810599950375
3267,138214.74748940893915
3268,138015.60687281837454
3269,137816.46625622780994
3270,137617.32563963724533
3271,137418.18502304668073
3272,137219.04440645611612
3273,137047.86823234369513
3274,137001.97753701475449
3275,137002.83692042418988
3276,137003.69630383362528
3277,137004.55568724306067
3278,137005.41507065249607
3279,136984.19100354041439
3280,136871.44153637209092
3281,136722.28695983529906
3282,136523.14634324473445
3283,136324.00572665416985
3284,136124.86511006360524
3285,135925.72449347304064
3286,135726.58387688247603
3287,135527.44326029191143
3288,135328.29173952830024
3289,135129.14021876468905
3290,134929.98869800107786
3291,134730.83717723746668
3292,134554.83566871422227
3293,134404.53849809491658
3294,134230.35107684679679
3295,134059.95234460782376
3296,133868.73063541098963
3297,133683.54505302096368
3298,133533.8518207546731
3299,133434.58091320996755
3300,133360.29150779164047
3301,133291.35557177389273
3302,133223.72451900781016
3303,133110.94551870625583
3304,132959.92474926807336
3305,132760.77322850446217
3306,132561.62170774085098
3307,132362.47018697723979
3308,132163.3186662136286
3309,131964.16714545001741
3310,131765.01562468640623
3311,131565.86410392279504
3312,131366.77903030530433
3313,131167.69395668781362
3314,130968.60888307030837
3315,130811.06551695906091
3316,130657.99116816349851
3317,130506.62906018887588
3318,130307.54398657137062
3319,130108.45891295386537
3320,129909.37383933636011
3321,129710.28876571885485
3322,129526.36375758633949
3323,129419.18971883584163
3324,129333.11582303265459
3325,129252.92783099546796
3326,129167.77424006827641
3327,129056.69403460354079
3328,128917.50986403174466
3329,128721.93420056947798
3330,128522.84912695197272
3331,128323.76405333446746
3332,128124.6789797169622
3333,127925.59390609945694
3334,127726.50883248195169
3335,127527.42375886444643
3336,127328.3802573143621
3337,127129.33675576427777
3338,126930.29325421419344
3339,126731.24975266410911
3340,126532.20625111402478
3341,126333.16274956394045
3342,126134.11924801385612
3343,125935.07574646377179
3344,125736.03224491368746
3345,125536.98874336360313
3346,125337.94524181351881
3347,125188.4750726071652
3348,125074.63488151949423
3349,124944.09362955039251
3350,124821.18849747694912
3351,124659.33273554133484
3352,124460.28923399125051
3353,124261.24573244116618
3354,124062.20223089108185
3355,123863.15872934099752
3356,123664.1152277909132
3357,123465.07172624082887
3358,123266.02822469074454
3359,123066.98472314066021
3360,122867.83797292198869
3361,122668.69122270331718
3362,122469.54447248464567
3363,122270.39772226597415
3364,122071.25097204730264
3365,121872.10422182863113
3366,121672.95747160995961
3367,121473.8107213912881
3368,121274.66397117261658
3369,121075.51722095394507
3370,120876.37047073527356
3371,120754.3777233777073
3372,120664.98881612518744
3373,120585.58922921467456
3374,120514.47607046917256
3375,120403.33282844605856
3376,120234.07259576844808
3377,120034.92584554977657
3378,119835.77909533110505
3379,119636.63234511243354
3380,119437.48559489376203
3381,119238.33884467509051
3382,119039.192094456419
3383,118840.04534423774749
3384,118640.79057480554911
3385,118441.53580537335074
3386,118242.28103594115237
3387,118043.026266508954
3388,117884.24652630017954
3389,117748.15911265584873
3390,117597.21741086019028
3391,117467.81869054907293
3392,117347.82344702229602
3393,117240.65653538949846
3394,117202.72653091262328
3395,117203.4717614804249
3396,117204.21699204822653
3397,117204.96222261602816
3398,117205.70745318382978
3399,117206.45268375163141
3400,117153.59373951416637
3401,117045.85873286468268
3402,116890.93805739108939
3403,116691.68328795889101
3404,116492.42851852669264
3405,116293.17374909449427
3406,116093.9189796622959
3407,115894.66421023009752
3408,115695.44147169338248
3409,115496.21873315666744
3410,115296.9959946199524
3411,115097.77325608323736
3412,114900.7169278676156
3413,114736.15804884437239
3414,114577.10153862297011
3415,114472.15194478014018
3416,114347.20690231627668
3417,114206.9912654611544
3418,114083.21757238073042
3419,114005.42561854310043
3420,114006.20288000638539
3421,114006.98014146967034
3422,114007.7574029329553
3423,114008.53466439624026
3424,114009.31192585952522
3425,113967.51668901449011
3426,113857.19367778305605
3427,113657.970939246341
3428,113458.74820070962596
3429,113259.52546217291092
3430,113060.30272363619588
3431,112861.07998509948084
3432,112661.92846433586965
3433,112462.77694357225846
3434,112263.62542280864727
3435,112064.47390204503608
3436,111865.3223812814249
3437,111666.17086051781371
3438,111467.01933975420252
3439,111267.86781899059133
3440,111068.71629822698014
3441,110889.80716554928222
3442,110824.54769027161819
3443,110825.39616950800701
3444,110826.24464874439582
3445,110827.09312798078463
3446,110827.94160721717344
3447,110819.99280106932565
3448,110770.41473077853152
3449,110665.9762924646202
3450,110483.33015840979351
3451,110284.17863764618232
3452,110085.02711688257114
3453,109885.87559611895995
3454,109686.72407535534876
3455,109487.57255459173757
3456,109288.48748097423231
3457,109089.40240735672705
3458,108890.31733373922179
3459,108691.23226012171654
3460,108492.14718650421128
3461,108293.06211288670602
3462,108093.97703926920076
3463,107894.8919656516955
3464,107695.80689203419024
3465,107496.72181841668498
3466,107314.06698357145069
3467,107199.40836434949597
3468,107112.20565971826727
3469,107046.97710419542273
3470,106980.81420859642094
3471,106874.0231517348293
3472,106740.14089726432576
3473,106547.3868436407065
3474,106348.30177002320124
3475,106149.21669640569598
3476,105950.13162278819073
3477,105751.04654917068547
3478,105551.96147555318021
3479,105352.87640193567495
3480,105153.88196908222744
3481,104954.88753622877994
3482,104755.89310337533243
3483,104556.89867052188492
3484,104357.90423766843742
3485,104158.90980481498991
3486,103959.91537196154241
3487,103760.9209391080949
3488,103561.92650625464739
3489,103362.93207340119989
3490,103181.55968257121276
3491,103074.13629517144
3492,102993.15125950353104
3493,102920.41415801050607
3494,102831.42335200870002
3495,102709.57543845154578
3496,102533.04323973944702
3497,102334.04880688599951
3498,102135.054374032552
3499,101936.0599411791045
3500,101737.06550832565699
3501,101538.07107547220949
3502,101339.07664261876198
3503,101140.08220976531447
3504,100941.04347884221352
3505,100742.00474791911256
3506,100542.9660169960116
3507,100343.92728607291065
3508,100144.88855514980969
3509,99945.849824226708733
3510,99746.811093303607777
3511,99547.77236238050682
3512,99348.733631457405863
3513,99149.694900534304907
3514,98950.65616961120395
3515,98812.384822730906308
3516,98691.21095278080611
3517,98577.20720161445206
3518,98439.898143079160945
3519,98270.436850192490965
3520,98071.398119269390008
3521,97872.359388346289052
3522,97673.320657423188095
3523,97474.281926500087138
3524,97275.243195576986182
3525,97076.204464653885225
3526,96877.165733730784268
3527,96678.127002807683311
3528,96478.872233375484939
3529,96279.617463943286566
3530,96080.362694511088193
3531,95881.107925078889821
3532,95681.853155646691448
3533,95482.598386214493075
3534,95283.343616782294703
3535,95084.08884735009633
3536,94884.834077917897957
3537,94685.579308485699585
3538,94486.324539053501212
3539,94358.849773014939274
3540,94258.732686279967311
3541,94175.201612637247308
3542,94110.783611484643188
3543,94005.783048779790988
3544,93872.672195622057188
3545,93674.647172364304424
3546,93475.392402932106052
3547,93276.137633499907679
3548,93076.882864067709306
3549,92877.628094635510934
3550,92678.373325203312561
3551,92479.118555771114188
3552,92279.852882165869232
3553,92080.587208560624276
3554,91881.32153495537932
3555,91682.055861350134364
3556,91482.790187744889408
3557,91283.524514139644452
3558,91084.258840534399496
3559,90884.99316692915454
3560,90685.727493323909584
3561,90486.461819718664628
3562,90308.373141947784461
3563,90208.731369898479898
3564,90174.027995073920465
3565,90174.762321468675509
3566,90173.110805314427125
3567,90116.806017455921392
3568,90004.629560537447105
3569,89847.224879934277851
3570,89647.959206329032895
3571,89448.693532723787939
3572,89249.427859118542983
3573,89050.162185513298027
3574,88850.896511908053071
3575,88651.630838302808115
3576,88452.408099766093073
3577,88253.185361229378032
3578,88053.96262269266299
3579,87854.739884155947948
3580,87655.517145619232906
3581,87456.294407082517864
3582,87257.071668545802822
3583,87057.84893000908778
3584,86858.626191472372739
3585,86659.403452935657697
3586,86500.626522542370367
3587,86419.072780984948622
3588,86419.85004244823358
3589,86420.627303911518538
3590,86421.404565374803497
3591,86422.181826838088455
3592,86362.826700326899299
3593,86226.03344373627624
3594,86026.810705199561198
3595,85827.587966662846156
3596,85628.365228126131115
3597,85429.142489589416073
3598,85229.919751052701031
3599,85030.697012515985989
3600,84831.588426820904715
3601,84632.479841125823441
3602,84433.371255430742167
3603,84234.262669735660893
3604,84035.154084040579619
3605,83836.045498345498345
3606,83636.936912650417071
3607,83437.828326955335797
3608,83238.719741260254523
3609,83088.706038531774539
3610,83063.145014975918457
3611,83064.036429280837183
3612,83064.927843585755909
3613,83065.819257890674635
3614,83066.710672195593361
3615,83067.602086500512087
3616,83053.235405526909744
3617,82954.362793347158004
3618,82776.022098890316556
3619,82576.913513195235282
3620,82377.804927500154008
3621,82178.696341805072734
3622,81979.58775610999146
3623,81780.479170414910186
3624,81581.435668864825857
3625,81382.392167314741528
3626,81183.348665764657198
3627,80984.305164214572869
3628,80785.26166266448854
3629,80586.218161114404211
3630,80387.174659564319882
3631,80188.131158014235552
3632,79989.087656464151223
3633,79790.044154914066894
3634,79591.000653363982565
3635,79391.957151813898236
3636,79198.027969800823485
3637,79034.801917097778642
3638,78876.579116330380202
3639,78704.947998710296815
3640,78505.904497160212486
3641,78306.860995610128157
3642,78107.817494060043828
3643,77908.773992509959498
3644,77709.730490959875169
3645,77510.68698940979084
3646,77311.643487859706511
3647,77112.599986309622182
3648,76913.459369719043025
3649,76714.318753128463868
3650,76515.178136537884711
3651,76316.037519947305555
3652,76116.896903356726398
3653,75917.756286766147241
3654,75718.615670175568084
3655,75519.475053584988927
3656,75320.334436994409771
3657,75121.193820403830614
3658,74922.053203813251457
3659,74722.9125872226723
3660,74523.771970632093144
3661,74358.892912086696015
3662,74200.57277424496715
3663,74045.528055872826371
3664,73846.387439282247215
3665,73647.246822691668058
3666,73448.106206101088901
3667,73248.965589510509744
3668,73049.824972919930588
3669,72850.684356329351431
3670,72651.543739738772274
3671,72452.403123148193117
3672,72253.251602384581929
3673,72054.100081620970741
3674,71854.948560857359553
3675,71655.797040093748365
3676,71456.645519330137176
3677,71257.493998566525988
3678,71058.3424778029148
3679,70859.190957039303612
3680,70660.039436275692424
3681,70460.887915512081236
3682,70261.736394748470047
3683,70062.584873984858859
3684,69863.433353221247671
3685,69688.29096655039757
3686,69529.95972331748635
3687,69393.117317107797135
3688,69225.328474056834239
3689,69056.951889183095773
3690,68857.800368419484585
3691,68658.648847655873396
3692,68459.497326892262208
3693,68260.34580612865102
3694,68061.194285365039832
3695,67862.042764601428644
3696,67662.848308768050629
3697,67463.653852934672614
3698,67264.459397101294599
3699,67065.264941267916583
3700,66884.87519768140919
3701,66719.978589015896432
3702,66536.046945902286097
3703,66336.852490068908082
3704,66137.658034235530067
3705,65938.463578402152052
3706,65739.269122568774037
3707,65540.074666735396022
3708,65340.903570455215231
3709,65158.895787343994016
3710,65000.521421700272185
3711,64845.422475526131166
3712,64677.590510064364935
3713,64509.170802779823134
3714,64309.976346946452395
3715,64110.781891113081656
3716,63911.587435279710917
3717,63712.392979446340178
3718,63513.198523612969439
3719,63314.004067779598699
3720,63114.744527802453376
3721,62915.484987825308053
3722,62716.22544784816273
3723,62516.965907871017407
3724,62317.706367893872084
3725,62118.446827916726761
3726,61919.187287939581438
3727,61719.927747962436115
3728,61520.668207985290792
3729,61321.408668008145469
3730,61122.149128031000146
3731,60941.588210200126923
3732,60777.386177723950823
3733,60613.943309475427668
3734,60455.503693162558193
3735,60300.339496319269529
3736,60101.079956342124206
3737,59901.820416364978882
3738,59702.560876387833559
3739,59503.301336410688236
3740,59304.041796433542913
3741,59104.78225645639759
3742,58905.522716479252267
3743,58706.263176502106944
3744,58507.106885193556082
3745,58307.950593885005219
3746,58108.794302576454356
3747,57909.638011267903494
3748,57710.481719959352631
3749,57511.325428650801769
3750,57312.169137342250906
3751,57113.012846033700043
3752,56913.856554725149181
3753,56714.700263416598318
3754,56515.543972108047456
3755,56378.507245458618854
3756,56312.157891943053983
3757,56268.849127043227782
3758,56247.757504083623644
3759,56187.577409516175976
3760,56079.385042853857158
3761,55908.298116648293217
3762,55709.141825339742354
3763,55509.985534031191492
3764,55310.829242722640629
3765,55111.672951414089766
3766,54912.516660105538904
3767,54713.360368796988041
3768,54514.324363876119605
3769,54315.288358955251169
3770,54116.252354034382734
3771,53917.216349113514298
3772,53718.180344192645862
3773,53519.144339271777426
3774,53320.10833435090899
3775,53121.072329430040554
3776,52922.036324509172118
3777,52723.000319588303682
3778,52552.587375672970666
3779,52504.505873505324416
3780,52469.753580353077268
3781,52456.456024564737163
3782,52423.880705855386623
3783,52370.284189951991721
3784,52292.370292633015197
3785,52182.94654464089399
3786,51991.965409971824556
3787,51792.92940505095612
3788,51593.893400130087684
3789,51394.857395209219248
3790,51195.821390288350813
3791,50996.785385367482377
3792,50797.99744985120924
3793,50599.209514334936102
3794,50400.421578818662965
3795,50201.633643302389828
3796,50002.845707786116691
3797,49804.057772269843554
3798,49605.269836753570416
3799,49406.481901237297279
3800,49207.693965721024142
3801,49008.906030204751005
3802,48810.118094688477868
3803,48611.330159172204731
3804,48412.542223655931593
3805,48249.570536616287427
3806,48091.60210151229694
3807,47931.381138591867057
3808,47732.593203075593919
3809,47533.805267559320782
3810,47335.017332043047645
3811,47136.229396526774508
3812,46937.441461010501371
3813,46738.653525494228234
3814,46539.865589977955096
3815,46341.077654461681959
3816,46142.382744982547592
3817,45943.687835503413226
3818,45744.992926024278859
3819,45546.298016545144492
3820,45347.603107066010125
3821,45148.908197586875758
3822,44950.213288107741391
3823,44751.518378628607024
3824,44552.823469149472658
3825,44354.128559670338291
3826,44155.433650191203924
3827,43956.738740712069557
3828,43758.04383123293519
3829,43575.929943826180534
3830,43418.05441680385411
3831,43263.454309251115774
3832,43064.759399771981407
3833,42866.06449029284704
3834,42667.369580813712673
3835,42468.674671334578306
3836,42269.97976185544394
3837,42071.284852376309573
3838,41872.589942897175206
3839,41673.895033418040839
3840,41475.024294496099174
3841,41276.153555574157508
3842,41077.282816652215843
3843,40878.412077730274177
3844,40679.541338808332512
3845,40480.670599886390846
3846,40281.799860964449181
3847,40082.929122042507515
3848,39884.05838312056585
3849,39685.187644198624184
3850,39486.316905276682519
3851,39287.446166354740853
3852,39112.65818268431758
3853,38949.603463266619656
3854,38787.534319492573559
3855,38588.663580570631893
3856,38389.792841648690228
3857,38190.922102726748562
3858,37992.051363804806897
3859,37793.180624882865231
3860,37594.309885960923566
3861,37395.439147038981901
3862,37196.568408117040235
3863,36997.69766919509857
3864,36798.793536376542761
3865,36599.889403557986952
3866,36400.985270739431144
3867,36202.081137920875335
3868,36003.177005102319526
3869,35814.636734037441784
3870,35615.732601218885975
3871,35416.828468400330166
3872,35217.924335581774358
3873,35019.020202763218549
3874,34820.11606994466274
3875,34621.211937126106932
3876,34457.364562444337935
3877,34294.276351990221883
3878,34160.466775713954121
3879,34033.825664105119358
3880,33866.283105768612586
3881,33698.152805609330244
3882,33499.248672790774435
3883,33300.344539972218627
3884,33101.440407153662818
3885,32902.536274335107009
3886,32703.632141516551201
3887,32504.728008697995392
3888,32305.991527151443734
3889,32107.255045604892075
3890,31908.518564058340417
3891,31709.782082511788758
3892,31511.045600965237099
3893,31312.309119418685441
3894,31113.572637872133782
3895,30914.836156325582124
3896,30716.099674779030465
3897,30517.363193232478807
3898,30318.626711685927148
3899,30125.231524164049915
3900,29961.551710553045268
3901,29799.961491365349502
3902,29675.421105198336591
3903,29537.469188569648395
3904,29370.094191303902335
3905,29176.137575860702782
3906,28977.401094314151123
3907,28778.664612767599465
3908,28579.928131221047806
3909,28381.191649674496148
3910,28182.455168127944489
3911,27983.718686581392831
3912,27785.180865013644507
3913,27586.643043445896183
3914,27388.105221878147859
3915,27189.567400310399535
3916,26991.029578742651211
3917,26792.491757174902887
3918,26593.953935607154563
3919,26395.416114039406239
3920,26196.878292471657915
3921,25998.340470903909591
3922,25802.548986656522175
3923,25647.582752628699382
3924,25569.383133575989632
3925,25491.334692247346538
3926,25446.077446099490771
3927,25364.536737852329679
3928,25223.00124360233167
3929,25024.463422034583346
3930,24825.925600466835022
3931,24627.387778899086697
3932,24428.849957331338373
3933,24230.312135763590049
3934,24031.774314195841725
3935,23833.236492628093401
3936,23635.34337904260974
3937,23437.450265457126079
3938,23239.557151871642418
3939,23041.664038286158757
3940,22843.770924700675096
3941,22645.877811115191435
3942,22447.984697529707773
3943,22250.091583944224112
3944,22052.198470358740451
3945,21854.30535677325679
3946,21657.83099405944813
3947,21569.408688006940793
3948,21500.253339095739648
3949,21455.637142788975325
3950,21390.059302833797119
3951,21316.955730900837807
3952,21220.535055729727901
3953,21116.619942631754384
3954,20932.449175040532282
3955,20734.556061455048621
3956,20536.66294786956496
3957,20338.769834284081298
3958,20140.876720698597637
3959,19942.983607113113976
3960,19746.500195637378056
3961,19550.016784161642136
3962,19353.533372685906215
3963,19157.049961210170295
3964,18960.566549734434375
3965,18764.083138258698455
3966,18567.599726782962534
3967,18371.116315307226614
3968,18174.632903831490694
3969,17978.149492355754774
3970,17781.666080880018853
3971,17585.182669404282933
3972,17388.699257928547013
3973,17198.118655659513024
3974,17042.541476561615127
3975,16890.239716933301679
3976,16693.756305457565759
3977,16497.272893981829839
3978,16300.789482506093918
3979,16104.306071030357998
3980,15907.822659554622078
3981,15711.339248078886158
3982,15514.855836603150237
3983,15318.372425127414317
3984,15122.812458934136885
3985,14927.252492740859452
3986,14731.69252654758202
3987,14536.132560354304587
3988,14340.572594161027155
3989,14145.012627967749722
3990,13949.45266177447229
3991,13753.892695581194857
3992,13558.332729387917425
3993,13362.772763194639992
3994,13167.21279700136256
3995,12971.652830808085128
3996,12779.142210932974194
3997,12584.555227525383089
3998,12430.881911848578966
3999,12256.782806843511935
4000,12061.222840650234502
4001,11865.66287445695707
4002,11670.102908263679637
4003,11474.542942070402205
4004,11278.982975877124773
4005,11083.42300968384734
4006,10887.863043490569908
4007,10692.303077297292475
4008,10497.550699732521025
4009,10302.798322167749575
4010,10108.045944602978125
4011,9913.2935670382066746
4012,9718.5411894734352245
4013,9523.7888119086637744
4014,9329.0364343438923243
4015,9134.2840567791208741
4016,8939.531679214349424
4017,8744.7793016495779739
4018,8550.0269240848065238
4019,8355.2745465200350736
4020,8167.495758027541342
4021,8001.093890625318636
4022,7848.7832481565756098
4023,7662.7793180712442336
4024,7468.0269405064736929
4025,7273.2745629417031523
4026,7078.5221853769326117
4027,6883.7698078121620711
4028,6689.0174302473915304
4029,6494.2650526826209898
4030,6299.5126751178504492
4031,6104.7602975530799085
4032,6003.4019715146969247
4033,5961.9487056720608962
4034,5967.8107146353286225
4035,5974.4349864194136899
4036,5981.0592582034987572
4037,5967.7384306554995419
4038,5974.3627024395846092
4039,5980.9869742236696766
4040,5976.7338503457058323
4041,5983.3581221297908996
4042,5989.982393913875967
4043,5974.4691107912649386
4044,5981.0933825753500059
4045,5987.7176543594350733
4046,5994.3419261435201406
4047,6000.966197927605208
4048,5949.5358025135492426
4049,5874.0674664374682834
4050,5880.6917382215533507
4051,5799.1859912789113878
4052,5784.9912311911493816
4053,5721.967543476344872
4054,5595.937638438706017
4055,5471.2665312867920875
4056,5409.3857749500302816
4057,5346.8813148600893328
4058,5354.9810545213231308
4059,5363.0807941825569287
4060,5343.019043595999392
4061,5351.1187832572331899
4062,5359.2185229184669879
4063,5358.5598781610042352
4064,5366.6596178222380331
4065,5374.7593574834718311
4066,5324.8567576154337075
4067,5332.9564972766675055
4068,5341.0562369379013035
4069,5349.1559765991351014
4070,5357.2557162603688994
4071,5365.3554559216026973
4072,5282.3413120600644106
4073,5199.9022981792095379
4074,5115.8340517347778587
4075,5037.4690264079454209
4076,4948.7035827395711749
4077,4857.5659546871474959
4078,4739.2771242759781671
4079,4610.7146429967287986
4080,4526.9170364958317805
4081,4451.6502223267143563
4082,4414.122826179122967
4083,4422.6962146822843351
4084,4393.7412360937205449
4085,4402.314624596881913
4086,4407.0850726483504332
4087,4338.1927669559891001
4088,4270.5940501476261488
4089,4206.494191912601309
4090,4148.971135507159488
4091,4088.1219230771921502
4092,4096.6953115803535184
4093,4105.2687000835148865
4094,4113.8420885866762546
4095,4122.4154770898376228
4096,4130.9888655929989909
4097,4085.8076704013328708
4098,4011.2593151355299597
4099,3937.9809629816463712
4100,3855.7645103550889871
4101,3770.7449794315093641
4102,3686.8512155521384557
4103,3607.3670839063679523
4104,3532.7276293181926121
4105,3466.7142172951907924
4106,3398.6161858784807919
4107,3345.8190539838906261
4108,3344.7769930818590183
4109,3338.9085705281640912
4110,3273.0629803449514839
4111,3205.9718799669776672
4112,3146.0934901196269493
4113,3081.5895675096494415
4114,3055.0661859093138446
4115,3063.5612009842288899
4116,3072.0562160591439351
4117,3080.5512311340589804
4118,3089.0462462089740256
4119,3097.5412612838890709
4120,3106.0362763588041162
4121,3091.7059377234336353
4122,3017.2333978299675437
4123,2950.7645989768343497
4124,2866.6590854794585539
4125,2783.5360101036608285
4126,2703.8401288398858924
4127,2623.63676930835436
4128,2548.4873839906972535
4129,2480.071736601453722
4130,2414.0046878241814738
4131,2370.2497671360897584
4132,2380.7109370557404873
4133,2391.1721069753912161
4134,2394.2843637208875407
4135,2402.0340688900837449
4136,2412.4952388097344738
4137,2342.8331740806497692
4138,2271.7813630890932473
4139,2260.1032029483349106
4140,2254.6352315568087761
4141,2265.0964014764595049
4142,2275.5575713961102338
4143,2286.0187413157609626
4144,2242.5051242303907202
4145,2187.8618255647197657
4146,2110.1724340232235591
4147,2038.1862635993261392
4148,1955.7996748338878206
4149,1871.0409016843996142
4150,1791.0323158246346793
4151,1710.5389388410362699
4152,1641.1708772080382914
4153,1578.5365535034536606
4154,1518.2508284108400858
4155,1492.913976163420557
4156,1494.3889092379004069
4157,1509.9375471177681902
4158,1454.3716978760955953
4159,1393.1000148775076468
4160,1335.306217319496227
4161,1271.4254762750704231
4162,1206.1549889681728018
4163,1167.1124126054719454
4164,1157.2664851132042259
4165,1172.8151229930720092
4166,1188.3637608729397925
4167,1203.9123987528075759
4168,1133.0584334788636625
4169,1062.7795981856033904
4170,990.87153032876619818
4171,924.66668358952767903
4172,848.06141850874814736
4173,762.14525372304308348
4174,621.00821931504947315
4175,473.47622768489924283
4176,387.50690914548448518
4177,352.98114157745033026
4178,374.09430321915408513
4179,395.20746486085783999
4180,395.15376276149879686
4181,416.26692440320255173
4182,437.3800860449063066
4183,456.86254367302973378
4184,472.34799746660314668
4185,493.46115910830690154
4186,514.57432075001065641
4187,500.10852734514054418
4188,521.2216889868443559
4189,542.33485062854811076
4190,563.44801227025186563
4191,584.5611739119556205
4192,605.67433555365937536
4193,626.78749719536313023
4194,647.9006588370668851
4195,669.01382047877063997
4196,596.56427247821432047
4197,515.00265713629278252
4198,384.6990821605779729
4199,255.05654471012934437
4200,192.39805635820937368
4201,153.42016085666745084
4202,116.79086396709671192
4203,81.862464102418215361
4204,48.635868407711896566
4205,53.363730487914402545
4206,59.322791067874845794
4207,66.109903600836176452
4208,86.29188933588891075
4209,46.067576494505942719
4210,28.397267686971815692
4211,62.745343698789312725
4212,97.093419710606809758
4213,131.44149572242429258
4214,165.78957173424180382
4215,200.13764774605931507
4216,234.48572375787682631
4217,268.83379976969433756
4218,303.1818757815118488
4219,337.52995179332936004
4220,338.32644752736848659
4221,276.84686738817941887
4222,161.63536287802256197
4223,43.681601347839546179
4224,0
4225,25.929351050533398393
4226,0
4227,0
4228,23.08062549048364076
4229,62.369644828471010101
4230,98.046467949132591002
4231,110.17404700608355483
4232,86.736623490152268801
4233,57.212256487806641303
4234,26.298143222989054379
4235,0
4236,4.8704454725007622073
4237,44.159464810488131548
4238,83.448484148475486677
4239,122.73750348646285602
4240,162.02652282445023957
4241,179.25380758184579122
4242,142.13967751034766707
4243,131.68868818327285908
4244,107.53037523654096219
4245,73.287644027711721151
4246,40.355679256859431803
4247,0
4248,3.217449842971234375
4249,23.909407746772572523
4250,0
4251,10.570796628935667627
4252,0
4253,35.438490046250123555
4254,47.752966632438912598
4255,42.265965333944308213
4256,23.652470563876207166
4257,8.5378343671464449471
4258,0
4259,35.438490046250123555
4260,70.87698009250024711
4261,106.31547013875037067
4262,141.75396018500049422
4263,177.19245023125063199
4264,212.63094027750076975
4265,248.06943032375090752
4266,222.50629709624314501
4267,198.21316698065487572
4268,164.9819363923928961
4269,129.04420310349991041
4270,94.135661262424193296
4271,63.636751654949094359
4272,49.400175814389129414
4273,43.789642539002656463
4274,36.094489869908258584
4275,28.902802720181963281
4276,27.126771697712548814
4277,23.218042592298264282
4278,17.775331156701156488
4279,11.087109526342953103
4280,11.611598426607791623
4281,7.5105545642456839062
4282,0
4283,27.527427905859706669
4284,59.234654898306303039
4285,90.941881890752895856
4286,122.64910888319948867
4287,154.3563358756460957
4288,144.45058139068453329
4289,136.1018542464188954
4290,122.03219310056836377
4291,115.96627299505074404
4292,92.263638245290508166
4293,69.543441617108030073
4294,50.250439100948412374
4295,30.310642142789756548
4296,6.9811609496351216819
4297,15.80153032915377409
4298,26.970498320643638834
4299,39.840363337025735291
4300,54.412032523380020166
4301,72.242166836887875547
4302,88.131010679318706025
4303,98.221383170756908498
4304,111.8822786968488856
4305,119.45623073652650703
4306,125.64043651373218324
4307,129.21297160578330931
4308,131.87473303757212761
4309,136.19021995009620696
4310,165.25659792317190977
4311,174.50786121566326869
4312,175.10858902582268115
4313,176.28444681666564975
4314,175.8310720439318402
4315,181.08091838879670377
4316,166.19307259511296593
4317,136.48912223695307944
4318,76.248860656204328734
4319,6.9753681539915284304
4320,0
4321,0
4322,23.460221888291297176
4323,28.474523159163425134
4324,55.337446242319145995
4325,83.391782307472482216
4326,111.26420140226009892
4327,133.64582779049973738
4328,149.59189744820776014
4329,169.45710338468680334
4330,187.93256305869391554
4331,198.4598920962909574
4332,213.41290742488121168
4333,230.01964823420669859
4334,249.18998103944977629
4335,270.73249822874254278
4336,283.62447993570339122
4337,278.38519785713032206
4338,290.2230769811979485
4339,307.76417722286424805
4340,314.90485912298947824
4341,319.67335663906499121
4342,307.31071177678228423
4343,289.8708639807414329
4344,248.97805727883334725
4345,261.12617975666029224
4346,288.6182700262326648
4347,316.11036029580503737
4348,343.60245056537740993
4349,371.09454083494978249
4350,398.58663110452215506
4351,426.07872137409452762
4352,423.99324460523138214
4353,451.4853348748037547
4354,475.66581139204134843
4355,460.62690235078088108
4356,484.99878647988634839
4357,511.76734791019998738
4358,538.05602959322402512
4359,565.54811986279639768
4360,589.72859638003399141
4361,613.04637792624623671
4362,637.65774835645652274
4363,665.14983862602889531
4364,684.29747423974538378
4365,687.0213069849232852
4366,644.78734100092560766
4367,550.8056318790692103
4368,494.83494056450382459
4369,521.89086522275238167
4370,548.94678988100088191
4371,576.00271453924938214
4372,603.05863919749788238
4373,612.91016695732162134
4374,632.93265613758478594
4375,659.98858079583328617
4376,662.17510853828002837
4377,689.23103319652852861
4378,716.28695785477702884
4379,743.34288251302552908
4380,770.39880717127402932
4381,797.45473182952252955
4382,824.51065648777102979
4383,851.56658114601953002
4384,878.62250580426803026
4385,866.20206113349036059
4386,893.25798579173886083
4387,920.31391044998736106
4388,933.12489292615202885
4389,942.00530162586937877
4390,922.57617200580898498
4391,877.6577367710154931
4392,847.30756566525133167
4393,858.54608008705940847
4394,884.55588787678118479
4395,910.5656956665029611
4396,913.43996214604067063
4397,939.44976993576244695
4398,965.45957772548422327
4399,991.46938551520599958
4400,991.35943785761992331
4401,1017.3692456473416996
4402,1039.292402840527302
4403,1062.4864702907123046
4404,1084.6010350957656101
4405,1109.1122772020271441
4406,1133.1436395609989631
4407,1159.1534473507208531
4408,1125.875066859264507
4409,1146.9355290814246473
4410,1121.4442880708902521
4411,1147.4540958606121421
4412,1139.5165961232271457
4413,1109.83214117487978
4414,1037.0714329975662622
4415,926.24834716033126369
4416,865.93882904558881819
4417,833.82811541150510948
4418,859.30975236625033631
4419,831.19838713877607006
4420,835.72725060314223811
4421,861.20888755788746494
4422,886.69052451263269177
4423,912.1721614673779186
4424,937.65379842212314543
4425,961.67530629409225185
4426,980.76013064101414329
4427,1006.2417675957593701
4428,1031.7234045505044833
4429,1053.6358001116072955
4430,1079.1174370663525224
4431,1104.5990740210977492
4432,1121.0789887918649583
4433,1146.5606257466101852
4434,1165.5501998601380365
4435,1190.4824813923694364
4436,1214.4078318858646526
4437,1225.5850725709274229
4438,1201.3549757417943056
4439,1153.1069185425290016
4440,1104.3955575229579154
4441,1070.8742222258160837
4442,1095.2269886577851139
4443,1120.507581572987192
4444,1145.7881744881892701
4445,1129.9600699663710657
4446,1155.2406628815731437
4447,1180.5212557967752218
4448,1205.8018487119772999
4449,1230.9211527364975609
4450,1251.21988780620336
4451,1276.5004807214054381
4452,1301.7810736366075162
4453,1327.0616665518095942
4454,1352.3422594670116723
4455,1377.6228523822137504
4456,1402.9034452974158285
4457,1422.4637642720483655
4458,1447.7443571872504435
4459,1473.0249501024525216
4460,1493.0642416792948097
4461,1503.7581246425691006
4462,1515.8417538683154362
4463,1501.2493039278135711
4464,1406.3709174188047655
4465,1365.3230989348082858
4466,1365.4790602659311389
4467,1370.6533481792960174
4468,1376.881738675554061
4469,1382.5830778803654084
4470,1392.9816143091193226
4471,1399.4975697957190732
4472,1381.1831451352397835
4473,1381.9668508616828149
4474,1376.7416275785865309
4475,1372.7873145524897609
4476,1367.7534988812612937
4477,1365.1163605112410551
4478,1361.9993423939311015
4479,1363.8190078016684765
4480,1358.5937845185721926
4481,1317.1116963998297251
4482,1312.3173670297060198
4483,1312.5077998738665883
4484,1302.2497356872490855
4485,1288.5889703057671341
4486,1252.7812383404532284
4487,1167.9127328730378395
4488,1100.1076943549742282
4489,1083.0268475750028756
4490,1076.7213573143214944
4491,1075.4341936358823659
4492,1055.7717138307514233
4493,1055.0116014437587637
4494,1058.9486862807086709
4495,1059.0031901755044146
4496,1039.3526579032272821
4497,1033.6749120378663065
4498,1021.9882371629659019
4499,1011.5724725450650112
4500,1000.0772052820325371
4501,990.97861532020817776
4502,981.4001456110942172
4503,976.7583594270275853
4504,925.41638567914537816
4505,912.86701583321973885
4506,901.61123487129214027
4507,895.3402161236487018
4508,878.62070034522719197
4509,857.42865611120009817
4510,787.74550490819206061
4511,679.04411947912365122
4512,589.51694045489352902
4513,545.02799906393602214
4514,537.12866529578752761
4515,534.24765810988117209
4516,532.42075350686798174
4517,513.1143201401572469
4518,515.45756146963981337
4519,513.91822185696844372
4520,497.22103277386838727
4521,489.94944340104018465
4522,476.66892501867266674
4523,464.65931689330460586
4524,451.57020612280496152
4525,440.87777265351348888
4526,429.70545943693241497
4527,423.46982974539855604
4528,352.75313561034556642
4529,338.60992225695270008
4530,325.76029778755787447
4531,317.89543553244720897
4532,299.58207624655852896
4533,259.7774286123760703
4534,151.5595439615258897
4535,0
4536,0
4537,0
4538,0
4539,26.884248301004578963
4540,54.437674520970482206
4541,81.991100740936389002
4542,109.54452696090228869
4543,137.09795318086818838
4544,164.65137940083408807
4545,192.20480562079998776
4546,219.75823184076588745
4547,247.31165806073178715
4548,274.86508428069771526
4549,302.41851050066361495
4550,329.97193672062951464
4551,357.52536294059541433
4552,385.07878916056131402
4553,412.63221538052721371
4554,440.1856416004931134
4555,467.73906782045901309
4556,446.66416373492342018
4557,422.18655845452337871
4558,370.63259704971915198
4559,274.32354373213888721
4560,137.80376897589306395
4561,40.494667990269803681
4562,0
4563,2.4104744523042107573
4564,1.0390811172383571659
4565,26.466198664038330435
4566,51.893316210838293046
4567,77.320433757638284078
4568,88.503829996420904536
4569,113.93094754322088136
4570,139.35806509002085818
4571,144.75093912362945048
4572,170.17805667042941309
4573,187.57739181499272263
4574,213.00450936179268524
4575,238.43162690859264785
4576,263.85874445539263888
4577,282.01518044681887432
4578,307.44229799361886535
4579,332.86941554041885638
4580,323.44672233916492132
4581,289.79072370277282289
4582,210.09581681359344429
4583,88.759186759962460656
4584,17.795169624806874253
4585,0
4586,0
4587,1.8179728919422011302
4588,0
4589,8.1225113244040407778
4590,15.538368201196817608
4591,15.302456328674395536
4592,15.497438369124665769
4593,8.6475317187411064879
4594,5.3416138414391980405
4595,32.721254427772038298
4596,60.100895014104878555
4597,87.480535600437718813
4598,114.86017618677055907
4599,142.23981677310339933
4600,169.61945735943623959
4601,196.99909794576907984
4602,185.11725753694446439
4603,179.1781245468233692
4604,172.23206051796606175
4605,152.5378866806764222
4606,130.54682150097227122
4607,85.965733280925348936
4608,33.669078052101362175
4609,0
4610,0.29834286843266255573
4611,3.7599006306249265208
4612,9.7759789379353563277
4613,20.055639120975655487
4614,48.314427496896321657
4615,60.771235871798694461
4616,89.030024247719353525
4617,117.28881262364001259
4618,145.54760099956067165
4619,173.80638937548133072
4620,202.06517775140198978
4621,230.32396612732264884
4622,258.58275450324333633
4623,286.84154287916402382
4624,315.1003312550847113
4625,343.35911963100539879
4626,371.61790800692608627
4627,399.87669638284677376
4628,428.13548475876746124
4629,420.42791909046621868
4630,387.02553422331857291
4631,327.0296176551474332
4632,207.37047821960305782
4633,141.08797133861708062
4634,140.56768318634283332
4635,169.78399146611567971
4636,174.89052284194070808
4637,204.10683112171358289
4638,233.3231394014864577
4639,262.53944768125933251
4640,262.54554182589561151
4641,281.9194899892166859
4642,311.13579826898956071
4643,309.32457330986244415
4644,338.54088158963531896
4645,367.75718986940819377
4646,396.97349814918106858
4647,426.1898064289539434
4648,445.09474331563944816
4649,464.09998728145797031
4650,493.31629556123084512
4651,522.53260384100371994
4652,498.82508070909619846
4653,440.30059112542977573
4654,332.06624223242317839
4655,187.45272873551678572
4656,69.729276215965398933
4657,3.1664267210582259793
4658,0
4659,30.235166742389427696
4660,38.174003431069884584
4661,68.409170173459315833
4662,98.644336915848739977
4663,128.87950365823817833
4664,134.93917023313895243
4665,165.17433697552837657
4666,195.40950371791780071
4667,215.95387558368435066
4668,246.1890423260737748
4669,276.42420906846319895
4670,306.65937581085262309
4671,336.89454255324204723
4672,329.01568011674180525
4673,359.25084685913122939
4674,359.84690620039270925
4675,390.0820729427821334
4676,378.08493165880361175
4677,339.19517853919296613
4678,264.95234125260282099
4679,143.42217514117538713
4680,49.497209389562563331
4681,0
4682,16.927219101799813927
4683,38.872764785841681601
4684,61.872413052776764175
4685,84.345010028265235746
4686,111.51480422769611778
4687,134.80201748497302106
4688,152.38600962465122279
4689,169.94097312177126469
4690,181.4870076093520197
4691,194.30395235393223174
4692,206.04139445338086034
4693,228.3409691802087309
4694,241.99520883357592993
4695,260.58613201199034393
4696,272.13216649957109894
4697,282.81550601612650553
4698,294.792434416679896
4699,311.75412503151750343
4700,277.78648240658799295
4701,229.11855910821489601
4702,134.63194535861313739
4703,0
4704,0
4705,0
4706,0
4707,0
4708,0
4709,0
4710,0
4711,31.066128848373011806
4712,30.85018182809182008
4713,13.989829191776934181
4714,43.713987627850201534
4715,48.772241380991488313
4716,78.687807428932615039
4717,111.00005077808191345
4718,142.8324143799416106
4719,179.60146150684855115
4720,181.72877663977729412
4721,210.59024010482522726
4722,240.74529245387120113
4723,275.88510701720133511
4724,284.76110069905121236
4725,283.79643544352745721
4726,205.86188083228515211
4727,97.341797963983566433
4728,26.972009340347327111
4729,0
4730,0
4731,0
4732,11.123903107585149996
4733,0
4734,0
4735,30.020477820212718711
4736,20.384434759200999565
4737,0
4738,0
4739,0
4740,17.392575624674648793
4741,54.599570523635492236
4742,91.326685675306748635
4743,132.99048435202524843
4744,145.00214823521457674
4745,131.66241896985923177
4746,104.52898173367843526
4747,84.933882984327425447
4748,49.49053737787770757
4749,65.762528672904636551
4750,40.620894566806796888
4751,0
4752,8.7827607240170735281
4753,0
4754,0
4755,0
4756,0
4757,1.3374733866563177642
4758,10.431905431389916217
4759,13.874754489203052543
4760,15.276455212449848275
4761,7.8603358925928947798
4762,0
4763,8.4885112199837706726
4764,60.658059714495408343
4765,112.82760820900705312
4766,164.9971567035186979
4767,217.16670519803034267
4768,269.33625369254195903
4769,289.20443193783842162
4770,266.13892750087302375
4771,248.77210666308795339
4772,223.87621104153907936
4773,184.78483210381747881
4774,138.3438419598651592
4775,61.841052084862909055
4776,13.29998307081049802
4777,0
4778,0.11616970383550295765
4779,4.9406529880795773124
4780,16.580821571152945637
4781,32.208165902629019683
4782,61.768448260949519124
4783,83.134994642729893144
4784,100.43197199162537459
4785,109.36573056578683349
4786,169.10003262135168711
4787,228.83433467691654073
4788,288.56863673248136593
4789,348.30293878804621954
4790,408.03724084361107316
4791,467.77154289917592678
4792,527.50584495474072355
4793,581.02372014674881484
4794,594.38332874074296797
4795,603.81922760099632796
4796,600.74431636841234194
4797,585.88433658252540681
4798,570.98234244977550134
4799,504.80486885453785817
4800,370.40015092054215984
4801,280.86373496144443607
4802,252.25171947422455787
4803,258.85762628036320621
4804,267.54230440919371858
4805,276.36665983404253666
4806,291.23843906716211904
4807,303.28468840573032139
4808,289.26197564875059243
4809,283.03479960371186053
4810,277.59837134783185775
4811,273.74222003957902416
4812,268.53015995886744349
4813,265.68181661606348598
4814,265.6068589492809906
4815,267.45934320375783955
4816,262.6642002934967195
4817,255.35659948069474012
4818,249.6681453964205275
4819,251.51802979897604473
4820,237.51966734443317364
4821,218.45958867556635141
4822,168.19231359137535264
4823,78.448135324384566047
4824,19.788531163588800155
4825,0
4826,11.047999227030572911
4827,29.017363875285894892
4828,49.065499846233080916
4829,69.253313113198572637
4830,95.488550188434828669
4831,118.89825736911973308
4832,113.52496516265844662
4833,125.94897139748070458
4834,131.87600098371737545
4835,139.38330751758121551
4836,145.53470527898628006
4837,154.04981977829896778
4838,165.33831995363311762
4839,178.55426205022664021
4840,185.12257698208219381
4841,189.1784340113969165
4842,194.85343776923937753
4843,208.06678001391162525
4844,205.43187540148545622
4845,197.73525457473530764
4846,151.84916972442181304
4847,64.134159035920689007
4848,8.289530210105255037
4849,0
4850,19.448502956338401759
4851,45.818371333901552589
4852,74.267011034156567462
4853,102.85532803042988803
4854,137.49106883497398712
4855,169.3012797449667346
4856,169.86176036779067999
4857,190.6862703319207526
4858,205.0138036474652381
4859,220.9216139106368928
4860,235.47351540134980041
4861,252.38913362997033119
4862,272.07813753461232409
4863,293.69458336051366132
4864,308.66340202167702955
4865,321.11976278029953846
4866,335.19527026744981413
4867,356.80911624142987648
4868,306.34890887264691628
4869,241.44535588051041941
4870,135.56328187739103441
4871,0
4872,0
4873,13.688390220964024024
4874,34.442225013071094963
4875,62.117425226402914973
4876,91.871396762426613236
4877,121.7650455944686172
4878,150.89806592745054559
4879,184.01360867321193382
4880,187.87855525480500773
4881,210.00839705470377794
4882,225.64126220601696104
4883,242.85440430495731334
4884,258.71163763143886172
4885,276.93258769582809009
4886,297.9269234362387806
4887,320.84870109790881543
4888,337.12285159484088126
4889,350.88454418923208777
4890,366.26538351215106104
4891,389.18456132189976415
4892,361.48058182025800988
4893,324.61354228283232715
4894,250.49742284929070024
4895,144.57561705315347922
4896,74.069294673991379341
4897,43.440245896371401102
4898,64.832368762032757559
4899,93.748046981285341417
4900,124.74249652322978932
4901,155.87662336119254292
4902,193.05817400742606083
4903,227.41419475910822712
4904,237.77240639965935998
4905,261.14272620547887982
4906,278.01606936271281256
4907,296.4696894675739145
4908,313.56740079997626935
4909,333.02882887028624737
4910,355.26364261661768751
4911,379.42589828420847198
4912,396.94052678706128745
4913,411.9426973873732436
4914,428.5640147162129665
4915,452.7236705318824761
4916,452.06545832250958483
4917,431.06353000879244064
4918,355.61066999754075368
4919,226.15754581743544804
4920,140.36577948936172788
4921,99.563521284442913384
4922,120.81752808240003105
4923,143.7550708690039869
4924,168.31778221996125922
4925,196.8461763385137715
4926,233.13152911514356447
4927,263.76529890485289798
4928,292.35792035999588734
4929,312.13272177203509727
4930,331.46330661133839612
4931,358.70807169136600123
4932,379.7957164273689159
4933,397.68923819416289689
4934,429.39534223136297442
4935,456.62350486804689353
4936,478.92732060696545204
4937,503.76149080745938136
4938,518.13022715482168223
4939,538.19764710136428221
4940,550.7359922641430785
4941,530.89594612059306655
4942,464.75079992104485882
4943,375.85775147705146537
4944,276.94848072346383105
4945,202.43248193285387515
4946,205.62066529224728129
4947,222.73194904473433553
4948,246.65891809605068374
4949,274.57306289576973768
4950,316.42014572233324543
4951,350.07349257235659934
4952,379.65727038949506777
4953,400.87782943189949947
4954,425.89152730689636428
4955,480.684886048537237
4956,535.47824479017810972
4957,590.27160353181898245
4958,645.06496227345985517
4959,699.85832101510072789
4960,754.65167975674160061
4961,778.86507162954183059
4962,804.5114806917789565
4963,826.23418002027528928
4964,835.44606925593427604
4965,832.87288993829031369
4966,799.04791559058924122
4967,730.54310638544745871
4968,593.35815856035901561
4969,503.75916031471297174
4970,472.17968203245095538
4971,477.96990393607370606
4972,492.84855679059160138
4973,507.8668869411278024
4974,528.93264089993476773
4975,547.17286496419035302
4976,534.44750777088961513
4977,541.70203088928258239
4978,542.45957735908996256
4979,544.79740077652445507
4980,545.7793154215002005
4981,549.12494680438362593
4982,555.24396386328851349
4983,563.29042284345268854
4984,564.68925465887900828
4985,563.575628571764355
4986,564.08114921317746848
4987,572.1250083414204255
4988,524.37753038283790374
4989,462.0881272789824834
4990,363.59084850268618538
4991,226.04135708692410844
4992,125.55136756935283415
4993,74.154638163383722826
4994,92.985652838693397371
4995,118.73803293522782099
4996,146.56918435445410864
4997,174.54001306969871621
4998,208.55826559321405966
4999,239.75098822217807992
5000,246.80794306576422059
5001,267.01496474886556598
5002,280.72500978338132427
5003,296.01533176552425175
5004,309.94974497520843215
5005,326.24787492280023571
5006,345.3193905464135014
5007,366.31834809128611141
5008,380.66967847142075243
5009,392.50855094901453413
5010,405.96657015513608258
5011,426.96292784808741771
5012,372.08452647962303672
5013,300.64226518807026878
5014,205.79420828577940483
5015,77.046020647580832019
5016,15.631389219969719306
5017,0
5018,45.709998157985097578
5019,116.63314568715196629
5020,121.59916824873016594
5021,148.69733684819155428
5022,188.83426176570043253
5023,261.57759352142977605
5024,306.89827011072549112
5025,275.66540489694858707
5026,253.00790362520274357
5027,243.34430873934951478
5028,302.44948938166612606
5029,363.91838676189041735
5030,428.16066981813611392
5031,494.33039479564121166
5032,498.74085541678039135
5033,472.94178085808755441
5034,427.09500191210122466
5035,374.51566966891505217
5036,289.11805758403369282
5037,195.70163418986581405
5038,100.33504118676138717
5039,0
5040,6.2980873115008790819
5041,17.523899847217336401
5042,41.273807866563060998
5043,75.456448441383258796
5044,115.34555617274855877
5045,161.21717008693912021
5046,213.88501271609175092
5047,270.75201482338752612
5048,324.47179282281933865
5049,386.16228734229167685
5050,456.1237193934393872
5051,539.14966747750690956
5052,634.57774991158066769
5053,762.46298924025290944
5054,890.34822856892515119
5055,1001.477927768716313
5056,1083.2770543810800064
5057,1150.9018019759514573
5058,1204.6457624519000547
5059,1250.0399650766732975
5060,1265.0582706304417115
5061,1272.4282571198791629
5062,1276.7825422140961109
5063,1275.8066848485780156
5064,1261.5545430568799929
5065,1252.2047101348625802
5066,1255.1893275895577062
5067,1268.2185894170165739
5068,1287.0403429856012281
5069,1311.114371320172495
5070,1341.8262649299094846
5071,1376.6581362978913603
5072,1407.9679446131844998
5073,1448.500354440704541
5074,1495.107935425492542
5075,1552.146936654576848
5076,1607.2605326908387724
5077,1710.7482376786288114
5078,1809.7964670267626843
5079,1909.3624962522108035
5080,1958.4934688394355362
5081,1993.6202836452664542
5082,2023.186088930774531
5083,2042.8854753956347849
5084,2028.3414990592757476
5085,2006.587146998269418
5086,1982.8640518384740972
5087,1954.0522695870283769
5088,1961.4779872394169615
5089,1982.8943079388513979
5090,2014.2068405731042731
5091,2052.8234713824663231
5092,2109.2385998231502526
5093,2150.563774203475532
5094,2197.8648432833183506
5095,2251.5853558409908146
5096,2314.7142642132894252
5097,2380.4671758500799115
5098,2450.1286071697713851
5099,2522.7317948415961837
5100,2591.1331358501056457
5101,2657.6994124547127285
5102,2751.611413171905042
5103,2845.5234138890973554
5104,2916.7596772385695658
5105,2966.9855110528001205
5106,3012.7167419588545272
5107,3037.1229233077465324
5108,3026.4735605666915035
5109,3015.3672670447226665
5110,2992.8233635849805978
5111,2970.4063952667220292
5112,2953.9591717886314655
5113,2957.0910685128469595
5114,2967.606976067114374
5115,2984.3802181782998559
5116,3017.4098015145550562
5117,3062.8282022439598222
5118,3105.6336347598435168
5119,3152.8342480805449668
5120,3212.3700579070955428
5121,3279.3573649161717185
5122,3362.7400419081009204
5123,3446.1227189000301223
5124,3529.5053958919593242
5125,3612.8880728838885261
5126,3696.270749875817728
5127,3779.6534268677469299
5128,3838.5645029203446938
5129,3880.9078442747504596
5130,3921.5040667796047273
5131,3938.8244427406416435
5132,3913.9388190738318372
5133,3873.3739587918580582
5134,3834.0728292687826979
5135,3801.7873308510079369
5136,3800.9691346444260489
5137,3812.0446304036804577
5138,3835.7220874906934114
5139,3867.1719826827284123
5140,3911.4760314614063645
5141,3962.9997616687073787
5142,4016.19457503517242
5143,4074.2813120950700068
5144,4136.3932978763923529
5145,4203.5970017325271328
5146,4279.5204942728423703
5147,4347.2502743307168203
5148,4420.8096716658956211
5149,4484.9100747872907959
5150,4574.7670965103607159
5151,4647.8194715089975944
5152,4719.4605252700648634
5153,4781.4402141727732669
5154,4833.1524107853510941
5155,4861.6482054395537489
5156,4847.1948908810481953
5157,4828.1369981734042085
5158,4807.1900574110932212
5159,4794.3901423249490108
5160,4824.6937279197245516
5161,4866.405162087874487
5162,4920.2581305458570569
5163,4981.7349491900404246
5164,5056.2575216319783067
5165,5137.7319262278215319
5166,5220.5724177284064353
5167,5308.4240942783198989
5168,5399.0026409031670482
5169,5498.2626889678685984
5170,5609.8239399502572269
5171,5713.6815249883002252
5172,5824.5252351975523197
5173,5940.0247875332661351
5174,6060.4815782376235802
5175,6180.9383689419810253
5176,6284.831270404283714
5177,6373.6772717358944647
5178,6448.7333607008113177
5179,6504.7208315119223698
5180,6518.4634853269317318
5181,6528.5204599644594055
5182,6535.9004795567288966
5183,6551.6552944638851841
5184,6664.7444419252105945
5185,6789.0996929057719171
5186,6926.5564343359183113
5187,7071.4434706369593187
5188,7228.8151458317852303
5189,7393.4221432887934498
5190,7559.545770673559673
5191,7730.6639647219963081
5192,7903.9649400337948464
5193,8081.779187824080509
5194,8271.1796934334779507
5195,8455.4083289132631762
5196,8660.6448877630882635
5197,8865.8814466129133507
5198,9071.1180054627384379
5199,9276.3545643125635252
5200,9468.517718068405884
5201,9642.1089857389761164
5202,9806.8222944004119199
5203,9950.5172035026353115
5204,10053.722100010176291
5205,10151.614670649982145
5206,10247.016021143057515
5207,10350.546801374544884
5208,10470.294706553677315
5209,10601.563856349494017
5210,10745.349920440587084
5211,10896.514469141406153
5212,11060.481361167700015
5213,11231.110729927037028
5214,11403.549016691285942
5215,11580.901710847210779
5216,11761.643324878561543
5217,11949.537215484566332
5218,12148.067998321377672
5219,12340.29376637324458
5220,12549.449004411559145
5221,12755.651746268968054
5222,12964.806984307282619
5223,13170.417318227229771
5224,13362.12151134573287
5225,13547.723667652686345
5226,13718.397353054033374
5227,13865.81553841909772
5228,13971.401424665747982
5229,14072.526432921593369
5230,14171.198345562508621
5231,14277.754322365362896
5232,14380.818393777541132
5233,14495.447699650792856
5234,14622.456084973569887
5235,14757.307292152390801
5236,14905.905157982879246
5237,15062.080489309679251
5238,15219.694246396435119
5239,15382.003439205023824
5240,15550.531119612385737
5241,15727.487741418826772
5242,15915.088328226627709
5243,16108.398472197650335
5244,16301.708616168672961
5245,16477.869772217891295
5246,16660.37273002674192
5247,16847.768659034340089
5248,17026.430261868383241
5249,17190.38825405782336
5250,17344.735456549693481
5251,17473.879709807159088
5252,17562.705513223249
5253,17646.951177292638022
5254,17728.807286633436888
5255,17818.633484720754495
5256,17952.648397975372063
5257,18100.513146774992492
5258,18257.575157759714784
5259,18421.974503690860729
5260,18604.696315177592624
5261,18773.166912303626304
5262,18947.455040689383168
5263,19127.900628590836277
5264,19318.213567731789226
5265,19511.836372056503023
5266,19706.904609085595439
5267,19924.817247450813738
5268,20113.108639468435285
5269,20293.339398381333012
5270,20511.252036746551312
5271,20729.164675111769611
5272,20912.964362312999583
5273,21079.149089765527606
5274,21241.705620223136066
5275,21392.967191557665501
5276,21512.510281450253387
5277,21629.821205952852324
5278,21734.909546183378552
5279,21839.990896918032377
5280,21949.989575914118177
5281,22079.276064587451401
5282,22216.023790706538421
5283,22358.881241015820706
5284,22517.602056606974656
5285,22688.263970730618894
5286,22856.27772476523387
5287,23028.614320749449689
5288,23213.021965034909954
5289,23402.344954515243444
5290,23608.910465079865389
5291,23815.475975644487335
5292,24022.04148620910928
5293,24228.606996773731225
5294,24435.172507338353171
5295,24641.738017902975116
5296,24848.303528467597062
5297,25012.532302671053912
5298,25178.900113103543845
5299,25318.241032870613708
5300,25415.095375880573556
5301,25497.500242814036028
5302,25581.418116291260958
5303,25671.844271335179656
5304,25775.636109661794762
5305,25890.643218798573798
5306,26018.164309574338404
5307,26153.075615584999468
5308,26301.032675393413228
5309,26456.466512832095759
5310,26613.372012802050449
5311,26775.157705840265407
5312,26940.371743652685836
5313,27113.461713299675466
5314,27298.983872017932299
5315,27477.822925178232254
5316,27671.073427125742455
5317,27865.951055262961745
5318,28060.828683400181035
5319,28248.720139107961586
5320,28423.970530672308087
5321,28585.081836446508532
5322,28732.926560161795351
5323,28864.100403912358161
5324,28955.637427448731614
5325,29041.454485892707453
5326,29125.874204987063422
5327,29218.448770174367382
5328,29318.794908963511261
5329,29430.905702841617313
5330,29555.726966330308642
5331,29688.033267607352172
5332,29833.317871587423724
5333,29985.508362772816326
5334,30139.418814722248499
5335,30298.152761718287366
5336,30459.559539071036852
5337,30630.016977680777927
5338,30816.310551809252502
5339,30994.48223128887912
5340,31179.859922128991457
5341,31370.13736170158154
5342,31560.414801274171623
5343,31750.692240846761706
5344,31930.415426615127217
5345,32092.733495513199159
5346,32241.381682176008326
5347,32367.924217833442526
5348,32456.034115322196158
5349,32538.046712608913367
5350,32618.774389037225774
5351,32707.522009369029547
5352,32823.316318331897492
5353,32950.815651705779601
5354,33090.814303437182389
5355,33238.413344104446878
5356,33398.613352365100582
5357,33565.773013196434476
5358,33734.786559429165209
5359,33908.65781503191829
5360,34084.663842901951284
5361,34265.795522621694545
5362,34459.973968543148658
5363,34653.748293648815888
5364,34851.057582404602726
5365,35055.74894203175063
5366,35260.440301658898534
5367,35453.561714624302112
5368,35642.198325325203768
5369,35819.284016883306322
5370,35984.764953660174797
5371,36126.681742991560895
5372,36229.500781268317951
5373,36328.081823432505189
5374,36422.966323713728343
5375,36526.27449691471702
5376,36654.913453549212136
5377,36794.92799953786016
5378,36947.914021547127049
5379,37108.54833254503319
5380,37282.042662442167057
5381,37462.352944751648465
5382,37644.306938761568745
5383,37830.880119429712067
5384,38021.856653805094538
5385,38224.361718478110561
5386,38438.959231878478022
5387,38647.075066462501127
5388,38857.463507181193563
5389,39062.883911355776945
5390,39280.86470485891914
5391,39498.845498362061335
5392,39701.814567717068712
5393,39888.260864629461139
5394,40069.469140799388697
5395,40224.438532616128214
5396,40337.980930512923806
5397,40447.329322141529701
5398,40554.431859199881728
5399,40669.488844171188248
5400,40808.803358715987997
5401,40959.40548292616586
5402,41122.021082101404318
5403,41292.153978284215555
5404,41474.89664002929203
5405,41664.806195389726781
5406,41856.410295159665111
5407,42052.982567686638504
5408,42252.845929094888561
5409,42462.159378163094516
5410,42682.497636401320051
5411,42897.665367506277107
5412,43127.708865346088714
5413,43340.952367690362735
5414,43570.995865530174342
5415,43794.269313754353789
5416,44015.364606336806901
5417,44215.916917374706827
5418,44404.334781398662017
5419,44569.70594986146898
5420,44693.460545974347042
5421,44812.566574093696545
5422,44929.741519418188545
5423,45055.254113077862712
5424,45219.797617589480069
5425,45398.345410877511313
5426,45586.320191093553149
5427,45781.760365580790676
5428,45994.484845296065032
5429,46191.885735999676399
5430,46395.266431611191365
5431,46605.257193359553639
5432,46825.528621423662116
5433,47049.476842841948383
5434,47278.559080487997562
5435,47514.488065245306643
5436,47739.079878727170581
5437,47972.326838862143632
5438,48222.713397158404405
5439,48473.099955454665178
5440,48702.455244560384017
5441,48908.315321866211889
5442,49110.483471103761985
5443,49298.615136935884948
5444,49454.740798225342587
5445,49607.645011402135424
5446,49748.024576708725363
5447,49888.394219863148464
5448,50036.913483070398797
5449,50204.760635590893799
5450,50379.394514609863108
5451,50560.136162714836246
5452,50756.986541678154026
5453,50965.298041094087239
5454,51171.05229276605678
5455,51381.26331102498807
5456,51602.712957904484938
5457,51827.090433533463511
5458,52069.605566292804724
5459,52312.120699052145937
5460,52554.635831811487151
5461,52797.150964570828364
5462,53039.666097330169578
5463,53282.181230089510791
5464,53502.538231322454521
5465,53708.004363708263554
5466,53908.8322087885972
5467,54081.451849604440213
5468,54214.581339657590433
5469,54333.659217337924929
5470,54455.757486896385672
5471,54584.893871258384024
5472,54745.119230201264145
5473,54916.955768553802045
5474,55101.007157603482483
5475,55292.143765633634757
5476,55496.410196941928007
5477,55707.964738325674261
5478,55921.188407764384465
5479,56139.074276153616665
5480,56360.108757848363894
5481,56587.528374181885738
5482,56826.241822900075931
5483,57061.121848118753405
5484,57309.662764474625874
5485,57539.925081962464901
5486,57788.676021772575041
5487,58037.42696158268518
5488,58269.639702500295243
5489,58488.715751134259335
5490,58695.526616546863806
5491,58879.079531304705597
5492,59022.81825242722698
5493,59161.86832592022256
5494,59298.124138116261747
5495,59442.621798541928001
5496,59598.927820395882009
5497,59766.453023268390098
5498,59946.210672775800049
5499,60133.231455745430139
5500,60333.044806519559643
5501,60539.807056791301875
5502,60748.63629882170062
5503,60962.284148138220189
5504,61178.623960576842364
5505,61401.78155552669341
5506,61635.540245281357784
5507,61867.706459510220157
5508,62110.032824690475536
5509,62349.498590397641237
5510,62596.409446430225216
5511,62834.825701546091295
5512,63065.780149725054798
5513,63274.404267864585563
5514,63473.233774608859676
5515,63658.231513277416525
5516,63805.363964552474499
5517,63946.045241766201798
5518,64084.17469060314761
5519,64229.87929713921767
5520,64429.488932969485177
5521,64640.566048051070538
5522,64863.929375132924179
5523,65094.851056410443562
5524,65338.631779035094951
5525,65589.929358926005079
5526,65842.905842392865452
5527,66100.681382103895885
5528,66361.604756495944457
5529,66624.931965440264321
5530,66899.429312354099238
5531,67187.844108951481758
5532,67476.258905548864277
5533,67747.102853667820455
5534,68035.517650265202974
5535,68312.431375538217253
5536,68581.239211655367399
5537,68839.830184112957795
5538,69085.739015861327061
5539,69311.009121194889303
5540,69495.390228754287818
5541,69674.840255763978348
5542,69852.235050862436765
5543,70037.64587965598912
5544,70245.429041024442995
5545,70464.65524284177809
5546,70696.293760879954789
5547,70935.414384050192893
5548,71187.285540284734452
5549,71446.2952411238075
5550,71707.348472471203422
5551,71973.433417461972567
5552,72242.618714998403448
5553,72519.57970210230269
5554,72811.106839899264742
5555,73092.683064487267984
5556,73390.877504719042918
5557,73677.960327676919405
5558,73964.491629042255227
5559,74262.68606927403016
5560,74560.880509505805094
5561,74831.567162953942898
5562,75086.603045250885771
5563,75321.783918091430678
5564,75517.771714155474911
5565,75708.560580395089346
5566,75897.122165554304956
5567,76093.372304455944686
5568,76333.650052989672986
5569,76585.22714181394258
5570,76849.439428737285198
5571,77121.001851259527029
5572,77405.353908929988393
5573,77696.476951616306906
5574,77989.028644541613176
5575,78286.506475483765826
5576,78586.575116405758308
5577,78892.245710597795551
5578,79206.344957836729009
5579,79516.512619021377759
5580,79837.236471921540215
5581,80142.35282873295364
5582,80472.271545077164774
5583,80802.190261421375908
5584,81109.671173608192476
5585,81402.447442936754669
5586,81685.723431499820435
5587,81950.465798721634201
5588,82175.269653408016893
5589,82396.417155479852227
5590,82617.042227329337038
5591,82845.526924538324238
5592,83121.313621379784308
5593,83411.186721373858745
5594,83710.427177617995767
5595,84017.008879016939318
5596,84341.048889917277847
5597,84649.0585416394606
5598,84962.944377747204271
5599,85283.131373528987751
5600,85614.28779157869576
5601,85947.273253168168594
5602,86280.51942390599288
5603,86637.971116867352976
5604,86995.422809828713071
5605,87321.669354879442835
5606,87679.12104784080293
5607,88036.572740802163025
5608,88371.323884171375539
5609,88686.008833862171741
5610,88998.435465699338238
5611,89288.822352094459347
5612,89546.551564480236266
5613,89801.950856266281335
5614,90045.909605458247825
5615,90290.178092033936991
5616,90565.550766247499269
5617,90860.432176912334398
5618,91162.920480285465601
5619,91471.158768676905311
5620,91795.68467996052641
5621,92131.825187376074609
5622,92465.369344963764888
5623,92803.43967533732939
5624,93154.360505526012275
5625,93514.372088303527562
5626,93886.816988520033192
5627,94259.261888736538822
5628,94631.706788953044452
5629,95004.151689169550082
5630,95376.596589386055712
5631,95749.041489602561342
5632,96090.647258972428972
5633,96427.575648233425454
5634,96761.27429710458091
5635,97072.907916666183155
5636,97341.782631604568451
5637,97593.780608608343755
5638,97846.528123967727879
5639,98106.421284861382446
5640,98347.643877598718973
5641,98600.450278286982211
5642,98865.102992531625205
5643,99137.28571196111443
5644,99422.172041954225278
5645,99713.9212468603655
5646,100007.3298043005052
5647,100305.57163230821607
5648,100607.8059193273366
5649,100921.53567221174308
5650,101245.62866067601135
5651,101574.45695775681816
5652,101903.28525483762496
5653,102214.74120373517508
5654,102543.56950081598188
5655,102872.39779789678869
5656,103191.78092666911834
5657,103491.72659500094596
5658,103777.6590562757774
5659,104044.27068949327804
5660,104272.06149471497338
5661,104494.2388880228973
5662,104714.03747967530217
5663,104941.69862934350385
5664,105168.24379203302669
5665,105406.02182147046551
5666,105656.94435364978563
5667,105914.93646397601697
5668,106185.68692778333207
5669,106462.45761659562413
5670,106742.12035113688034
5671,107026.80306869633205
5672,107314.65752851725847
5673,107603.27347706598812
5674,107898.07925225891813
5675,108184.7295659295487
5676,108468.18088907345373
5677,108739.20494633591443
5678,109022.81870773270202
5679,109310.52957956311002
5680,109591.73814810221666
5681,109863.42714056324621
5682,110129.33904652939236
5683,110380.89419594591891
5684,110595.06430493720109
5685,110804.26032108649088
5686,111010.8096863055398
5687,111225.57450584758772
5688,111464.23837793068378
5689,111714.42544973465556
5690,111976.85083348611079
5691,112246.65079163890914
5692,112529.17879915777303
5693,112818.83166555179923
5694,113109.7645942659874
5695,113405.43108323380875
5696,113704.57270612263528
5697,114012.30600022748695
5698,114336.24933969807171
5699,114660.6550036931003
5700,114978.70221167420095
5701,115284.64015215060499
5702,115611.42392098046548
5703,115930.54839533285121
5704,116235.44493534865614
5705,116527.74602632278402
5706,116810.60918489730102
5707,117072.84317906941578
5708,117293.72906701134343
5709,117510.25965258899669
5710,117725.23942313772568
5711,117948.29388050740818
5712,118140.84421628963901
5713,118345.02332741928694
5714,118561.98231435843627
5715,118786.47130648243183
5716,119024.20742813627294
5717,119269.45649684798263
5718,119516.20557710179128
5719,119767.79477078786294
5720,120023.07080127844529
5721,120289.38876556091418
5722,120570.42348404203949
5723,120854.37438141027815
5724,121137.42917100642808
5725,121421.38006837466673
5726,121705.33096574290539
5727,121989.28186311114405
5728,122260.78215980438108
5729,122512.69776752936014
5730,122750.35966086930421
5731,122969.15675949033175
5732,123150.29884059877077
5733,123327.13351939570566
5734,123501.0673837170616
5735,123683.93129294468963
5736,123812.39972631867568
5737,123952.50280035266769
5738,124105.49230337479094
5739,124265.93654007023724
5740,124439.17236701809452
5741,124619.69728159350052
5742,124801.9079426095268
5743,124988.93036804698932
5744,125178.52778810080781
5745,125366.85104683540703
5746,125561.55541871789319
5747,125751.57761650600878
5748,125968.94505564848077
5749,126186.31249479095277
5750,126383.74713573434565
5751,126579.86455789815227
5752,126771.93298313190462
5753,126951.12863547881716
5754,127126.42935456278792
5755,127281.96381375532656
5756,127399.34951730398461
5757,127511.2615988888283
5758,127620.38723959348863
5759,127737.4419118565711
5760,127933.59523512292071
5761,128143.79976966636605
5762,128363.03342743414396
5763,128589.79504280735273
5764,128834.21438830984698
5765,129062.97679953541956
5766,129297.67502582451561
5767,129538.47792381604086
5768,129788.3392721862183
5769,130039.48270930522995
5770,130289.29632401657
5771,130567.82923398609273
5772,130819.72904281219235
5773,131065.59997206287517
5774,131344.1328820323979
5775,131622.66579200193519
5776,131872.42546683741966
5777,132107.05959431736846
5778,132336.00658001523698
5779,132545.47567280862131
5780,132724.28903485886985
5781,132901.82921012677252
5782,133067.50067498191493
5783,133232.70961106373579
5784,133482.76868143520551
5785,133752.23873304820154
5786,134029.25115893105976
5787,134312.5864153613511
5788,134612.00205363918212
5789,134923.44383748198743
5790,135232.0223997742869
5791,135544.96681630850071
5792,135870.03896095068194
5793,136203.13163829626865
5794,136550.36068988044281
5795,136897.58974146461696
5796,137244.81879304879112
5797,137592.04784463296528
5798,137939.27689621713944
5799,138286.5059478013136
5800,138614.42901292990427
5801,138925.07200483349152
5802,139230.55466017522849
5803,139508.70357404960669
5804,139746.34560719548608
5805,139969.73074202807038
5806,140194.88206939768861
5807,140426.89457464119187
5808,140662.82100907960557
5809,140910.03212052708841
5810,141169.53042152695707
5811,141436.70340542207123
5812,141716.66797956961091
5813,142003.91186582369846
5814,142292.30873262527166
5815,142585.4909699416603
5816,142882.33595539737144
5817,143187.83267923854874
5818,143506.64133073680568
5819,143832.53914559466648
5820,144158.43696045252727
5821,144455.59252738027135
5822,144781.49034223813214
5823,145077.07661725880462
5824,145367.4298389206524
5825,145646.92597462111735
5826,145923.24972724521649
5827,146189.31707380231819
5828,146416.34267469702172
5829,146637.18104059674079
5830,146854.61319758644095
5831,147080.40450905746548
5832,147282.98722829442704
5833,147494.2318757501198
5834,147721.46931701098219
5835,147959.65934508270584
5836,148195.73836212710012
5837,148438.40142713568639
5838,148680.73018724095891
5839,148938.44905478722649
5840,149189.74614727636799
5841,149442.22442031378159
5842,149699.52500602282817
5843,149979.01677005563397
5844,150283.00404029092169
5845,150546.53185209757066
5846,150819.74290230165934
5847,151104.79159444733523
5848,151364.60211732465541
5849,151610.12457607960096
5850,151847.38474336505169
5851,152052.15487635921454
5852,152235.48359125084244
5853,152412.76037311862456
5854,152587.8741272916086
5855,152767.85506463987986
5856,152990.89599733331124
5857,153222.93513616701239
5858,153471.23882828900241
5859,153730.73851769411704
5860,153988.25623294877005
5861,154252.79789461151813
5862,154517.4510151274153
5863,154797.89992720476585
5864,155074.08545371898799
5865,155358.6074799929338
5866,155653.20683626076789
5867,155951.50341736886185
5868,156254.37621813177248
5869,156539.64821522278362
5870,156836.55032079422381
5871,157145.55830903651076
5872,157454.08495382490219
5873,157722.08686420007143
5874,157984.27293494218611
5875,158211.06188192445552
5876,158415.65235809670412
5877,158614.98760620458052
5878,158814.75229478024994
5879,159019.73119752583443
5880,159290.97071200338542
5881,159570.95524662794196
5882,159867.6892003811663
5883,160175.11766719148727
5884,160480.39993109897478
5885,160791.34050113431294
5886,161102.1588950715086
5887,161428.79360916421865
5888,161752.0748962352227
5889,162082.28316515687038
5890,162420.99198819621233
5891,162766.5239613140875
5892,163132.93013861973304
5893,163506.39730296170455
5894,163879.86446730367607
5895,164218.05422547337366
5896,164540.48965618258808
5897,164853.46827580081299
5898,165159.4790909732983
5899,165432.17442037523142
5900,165684.74841687013395
5901,165931.20791700697737
5902,166176.91988488621428
5903,166427.48339510717778
5904,166676.77847296808613
5905,166934.80097503823345
5906,167209.1290875847626
5907,167494.59161163226236
5908,167777.9421471003443
5909,168068.57372517816839
5910,168359.21607424310059
5911,168665.76467825649888
5912,168967.69505440283683
5913,169275.35467060469091
5914,169589.83438113777083
5915,169928.25060724795912
5916,170280.93173420883249
5917,170633.61286116970587
5918,170986.29398813057924
5919,171320.00741383674904
5920,171618.28602571156807
5921,171923.9835099769989
5922,172214.09877106340718
5923,172469.22685905307299
5924,172700.42046649157419
5925,172926.03723122563679
5926,173149.823335978057
5927,173378.33194619533606
5928,173611.84642895442084
5929,173859.97385253850371
5930,174103.6907033949974
5931,174358.00178271936602
5932,174615.02102186792763
5933,174880.15605554930517
5934,175149.25134387196158
5935,175425.19949771603569
5936,175705.30536370360642
5937,175972.88854560261825
5938,176238.28890730781131
5939,176530.46001107461052
5940,176793.11863418659777
5941,177085.01121450451319
5942,177417.17890369554516
5943,177749.34659288657713
5944,178030.18991964377346
5945,178300.56468290611519
5946,178581.35597944678739
5947,178812.99685524174129
5948,179022.96960799841327
5949,179228.79787321892218
5950,179429.00340494565899
5951,179633.53910524598905
5952,179855.12870885326993
5953,180090.3124723212095
5954,180348.44048820927856
5955,180609.64530394793837
5956,180883.29752530850237
5957,181163.10876128703239
5958,181446.54141342017101
5959,181742.25089867258794
5960,182033.51324582201778
5961,182343.30833186907694
5962,182680.17843192265718
5963,183017.04853197623743
5964,183353.91863202981767
5965,183646.08289764547953
5966,183942.35099436578457
5967,184232.69643221469596
5968,184569.56653226827621
5969,184906.43663232185645
5970,185214.22839142393786
5971,185483.60541808998096
5972,185714.98753079914604
5973,185941.26157130731735
5974,186171.25460859932355
5975,186400.20497791835805
5976,186615.58405319816666
5977,186839.67588940577116
5978,187080.11243817364448
5979,187331.45171859540278
5980,187580.64479611432762
5981,187836.41898894115002
5982,188092.09446692015626
5983,188363.55400583546725
5984,188628.56160803994862
5985,188895.03981289052172
5986,189170.53298579037073
5987,189463.47419083243585
5988,189744.07976515800692
5989,190018.06581614114111
5990,190336.16033978201449
5991,190654.25486342288787
5992,190927.05470740582678
5993,191186.01157478429377
5994,191437.76727165668854
5995,191657.32784272616846
5996,191855.80490400723647
5997,192048.19875059733749
5998,192239.07377632491989
5999,192434.38195209647529
6000,192644.10645155207021
6001,192862.22209729536553
6002,193096.52409215914668
6003,193342.19511102730758
6004,193585.7130841279577
6005,193836.19830561502022
6006,194086.34335688620922
6007,194352.17764654022176
6008,194612.79910815902986
6009,194869.0078700222366
6010,195132.60963878189796
6011,195400.37836893976782
6012,195677.96616648047348
6013,195987.80396054993616
6014,196300.480475974211
6015,196613.15699139848584
6016,196878.11103661931702
6017,197124.98629401664948
6018,197365.58127506435267
6019,197580.75022024789359
6020,197776.37534756830428
6021,197965.49886790002347
6022,198151.60889021211187
6023,198342.17943402691162
6024,198577.76150630431948
6025,198822.52263186001801
6026,199083.25211241847137
6027,199354.90192056854721
6028,199624.44756055597099
6029,199900.98586528436863
6030,200177.23483250592835
6031,200469.31185050818021
6032,200754.59125108341686
6033,201035.94384849083144
6034,201325.41179858017131
6035,201615.43265550077194
6036,201912.22557285931543
6037,202195.43587091579684
6038,202483.66860342948348
6039,202777.29816768315504
6040,203060.03794893546728
6041,203332.82442173719755
6042,203601.31043846302782
6043,203841.33727409376297
6044,204061.7300036472443
6045,204275.62405886835768
6046,204487.44404363553622
6047,204704.00510735742864
6048,204961.03474506075145
6049,205226.75074978522025
6050,205508.55828107672278
6051,205801.55398923455505
6052,206092.51884563706699
6053,206390.2808563610306
6054,206688.08394218713511
6055,207001.84216056659352
6056,207310.05084706764319
6057,207620.94658230099594
6058,207943.25444700568914
6059,208277.25704034019145
6060,208600.02218898176216
6061,208959.85916494333651
6062,209312.03900039382279
6063,209649.00045706110541
6064,209950.77924763332703
6065,210254.82249069964746
6066,210545.75560840344406
6067,210806.95410039613489
6068,211046.80703196130344
6069,211280.73217961902265
6070,211511.93025202170247
6071,211747.55658670788398
6072,212042.89785179996397
6073,212347.10339839494554
6074,212667.72892906170455
6075,212999.50060185461189
6076,213329.26879435093724
6077,213665.99152705640881
6078,214002.44545084910351
6079,214354.61500693127164
6080,214703.04297202461748
6081,215055.47828965191729
6082,215420.39554674344254
6083,215790.50082200951874
6084,216169.85923686501337
6085,216569.90526883659186
6086,216964.96274673982407
6087,217352.6654178511526
6088,217712.28970233982545
6089,218058.06255693177809
6090,218394.61953638147679
6091,218694.55164456160855
6092,218974.05936009751167
6093,219248.53277434309712
6094,219521.49909835131257
6095,219799.06866646849085
6096,220045.16759409187944
6097,220305.86773191508837
6098,220561.11327137055923
6099,220826.21498746029101
6100,221093.81859988163342
6101,221368.7725835434394
6102,221647.91263638105011
6103,221934.03459161694627
6104,222224.34153645575861
6105,222502.2441371208115
6106,222779.93187060803757
6107,223086.52523941747495
6108,223384.95433017381583
6109,223667.55621634851559
6110,224011.37772080700961
6111,224352.32509061810561
6112,224661.29820836291765
6113,224959.79931694176048
6114,225253.81742521372507
6115,225496.47758039570181
6116,225718.29965883932891
6117,225936.47091355605517
6118,226149.31367796036648
6119,226366.36637203025748
6120,226551.06733814865584
6121,226749.51202959861257
6122,226970.85307341592852
6123,227194.91020035985275
6124,227431.56625350078684
6125,227674.75083595255273
6126,227921.4727650785353
6127,228179.93191856596968
6128,228437.39021572560887
6129,228704.96451252905536
6130,228980.6860190887819
6131,229280.78869811355253
6132,229580.89137713832315
6133,229863.74907194499974
6134,230139.27715701391571
6135,230402.08321603780496
6136,230702.18589506257558
6137,230991.74795462356997
6138,231263.5262065345014
6139,231494.56661370201618
6140,231687.83326103992295
6141,231875.84227070590714
6142,232068.12063898664201
6143,232259.72585398724186
6144,232503.32349089495256
6145,232755.99460545444163
6146,233025.01727543890593
6147,233304.64061347910319
6148,233582.20181809685891
6149,233866.35586864768993
6150,234150.28901033851434
6151,234449.91725572478026
6152,234745.64471159165259
6153,235048.88387740045437
6154,235365.64502377802273
6155,235695.42617491210694
6156,236036.90359841566533
6157,236369.29077354705078
6158,236716.51982513122493
6159,237045.23321463551838
6160,237358.66198772995267
6161,237656.81060920856544
6162,237944.57949505795841
6163,238195.25952799708466
6164,238423.83205093326978
6165,238645.26951312160236
6166,238864.94767663138919
6167,239089.29262513649883
6168,239349.9679216221266
6169,239619.65902018579072
6170,239905.18161645854707
6171,240201.7281608452613
6172,240495.97404909774195
6173,240797.65152298295288
6174,241099.63596614083508
6175,241417.63517253001919
6176,241730.32667368577677
6177,242050.42888794717146
6178,242384.45449234321131
6179,242720.23664565602667
6180,243057.85121723494376
6181,243421.43649494907004
6182,243785.02177266319632
6183,244126.46556049530045
6184,244448.34303659424768
6185,244752.23366541464929
6186,245044.51085834155674
6187,245305.91015341714956
6188,245548.04994634911418
6189,245784.05960208945908
6190,246018.61691050988156
6191,246257.64940371448756
6192,246534.63014962582383
6193,246820.42434433099697
6194,247123.00901535293087
6195,247436.69681620871415
6196,247748.48182463392732
6197,248067.6133716594195
6198,248386.86908571532695
6199,248721.75929523661034
6200,249053.53905171697261
6201,249392.92571524315281
6202,249746.53555566948489
6203,250107.70889633163461
6204,250471.46696813270682
6205,250825.72429927921621
6206,251208.05108624603599
6207,251590.37787321285577
6208,251934.93764978364925
6209,252262.76463960512774
6210,252578.21275930534466
6211,252866.30868257232942
6212,253132.48342936497647
6213,253391.61989306742908
6214,253647.83670375161455
6215,253908.84835875584395
6216,254275.4673444670334
6217,254650.77660740778083
6218,255043.0102713026281
6219,255446.21020773769123
6220,255847.32943726045778
6221,256254.90758807893144
6222,256662.51508337436826
6223,257085.92228043967043
6224,257505.39373257075204
6225,257929.73453742894344
6226,258356.87397090854938
6227,258785.0566656361334
6228,259212.91021596637438
6229,259647.77119601407321
6230,260116.30892512688297
6231,260564.39477208419703
6232,260988.98302759660874
6233,261402.10536307355505
6234,261807.95407259566127
6235,262178.14200785342837
6236,262527.29395445354749
6237,262871.17600970779313
6238,263213.37697045132518
6239,263560.63475947704865
6240,264175.50108998152427
6241,264799.01175276696449
6242,265439.11640389752574
6243,266090.46201970771654
6244,266739.65067954198457
6245,267395.29826067195972
6246,268050.97518627892714
6247,268722.4518136557308
6248,269389.48354302434018
6249,270057.20952742750524
6250,270740.04178626765497
6251,271415.52541416027816
6252,272089.32526499731466
6253,272788.38701270130696
6254,273491.79577090521343
6255,274194.78691801795503
6256,274859.18674540496431
6257,275516.11297989817103
6258,276168.24695487739518
6259,276788.66244905651547
6260,277389.0999723689165
6261,277982.03585289692273
6262,278571.86439040390542
6263,279166.25413727964042
6264,279729.26570017810445
6265,280306.88922634947812
6266,280878.68375169974752
6267,281460.23278826614842
6268,282044.42057845782256
6269,282636.28230963420356
6270,283232.17370165081229
6271,283835.1994941929006
6272,284439.91249591251835
6273,285032.50656223716214
6274,285623.08584676944884
6275,286245.50572088360786
6276,286854.41631263418822
6277,287464.17228909744881
6278,288124.89567575795809
6279,288771.90588009101339
6280,289388.10354454896878
6281,290001.07613496354315
6282,290616.22791642486118
6283,291174.64715751464246
6284,291711.04943192866631
6285,292243.08335937623633
6286,292770.83184459945187
6287,293302.96817397000268
6288,293640.03233190247556
6289,293990.71802115434548
6290,294364.35871589940507
6291,294740.7321121567511
6292,295129.71029992366675
6293,295525.34800898248795
6294,295924.87009571015369
6295,296336.52238274249248
6296,296748.26105287263636
6297,297176.04718233318999
6298,297614.56304149865173
6299,298068.44831798312953
6300,298522.33359446760733
6301,298976.21887095208513
6302,299430.10414743656293
6303,299883.98942392104072
6304,300335.98792009882163
6305,300782.59625669097295
6306,301209.61066737724468
6307,301593.12672274227953
6308,301938.09671422844985
6309,302277.56468001834583
6310,302620.89143254200462
6311,302963.27424985455582
6312,303317.37046998547157
6313,303680.27231849345844
6314,304059.6635572721716
6315,304450.08558702951996
6316,304838.48556300043128
6317,305233.81075261754449
6318,305629.03820493892999
6319,306039.85323022503871
6320,306445.56702144618612
6321,306854.1517169784056
6322,307273.51880714605795
6323,307696.98876874783309
6324,308150.32378055836307
6325,308600.49325265432708
6326,309061.19362339022337
6327,309500.52380417112727
6328,309907.12431877572089
6329,310304.05801619013073
6330,310693.67442681454122
6331,311051.80721799423918
6332,311389.31717345392099
6333,311722.11346471123397
6334,312053.74383141321596
6335,312390.43786926212488
6336,312779.66613878100179
6337,313177.64138355106115
6338,313592.52245578542352
6339,314018.65524577244651
6340,314442.67800228425767
6341,314874.27017927455017
6342,315305.98163553478662
6343,315754.03142477059737
6344,316199.33949667471461
6345,316647.94654670922318
6346,317109.18493662588298
6347,317576.85897904617013
6348,318060.52417415456148
6349,318554.61850664904341
6350,319048.71283914352534
6351,319523.23110782692675
6352,319974.32369345874758
6353,320411.64363414241234
6354,320840.50094711378915
6355,321234.99701837083558
6356,321610.39083237294108
6357,321980.01522590738023
6358,322347.52644690399757
6359,322719.40629950619768
6360,323135.58876065537333
6361,323560.51819705573143
6362,324001.98883398802718
6363,324454.52154356607934
6364,324904.84744201123249
6365,325362.08780102955643
6366,325818.72307321353583
6367,326290.91170403879369
6368,326756.84223839122569
6369,327225.40030447457684
6370,327701.03965185291599
6371,328171.4370542531251
6372,328660.80871593090706
6373,329118.16642514849082
6374,329636.45434214989655
6375,330154.74225915130228
6376,330623.06321499857586
6377,331085.75171591219259
6378,331539.8242325791507
6379,331959.10854461835697
6380,332357.17780472000595
6381,332749.13843377615558
6382,333140.71420240285806
6383,333537.0193193590967
6384,333923.52736055862624
6385,334318.59957476716954
6386,334729.95980351435719
6387,335152.23156188428402
6388,335572.55165021878202
6389,336000.169399548613
6390,336427.76957085478352
6391,336871.08537445036927
6392,337312.31648175528971
6393,337761.21060934866546
6394,338222.2602949734428
6395,338692.87153611663962
6396,339181.85454786126502
6397,339670.83755960589042
6398,340140.67885169672081
6399,340610.03797938342905
6400,341053.85533888428472
6401,341485.45298147381982
6402,341909.20177992980462
6403,342296.07312121026916
6404,342663.0641965502291
6405,343023.34055854426697
6406,343381.86055451608263
6407,343745.2389356942731
6408,344105.13801671820693
6409,344473.89160372404149
6410,344858.86575417377753
6411,345255.81305582419736
6412,345650.6620546245249
6413,346054.05607089668047
6414,346457.17932315188227
6415,346875.99767910246737
6416,347294.20405360456789
6417,347720.27064866828732
6418,348160.97340196452569
6419,348608.12653662991943
6420,349073.59747324383352
6421,349539.06840985774761
6422,350004.5393464716617
6423,350470.01028308557579
6424,350895.98721651465166
6425,351306.30875203933101
6426,351706.12018627050566
6427,352072.45160939591005
6428,352417.05772717361106
6429,352754.74775587324984
6430,353093.26802140066866
6431,353437.50203021982452
6432,353731.51997920655413
6433,354039.62396843772149
6434,354342.22448169632116
6435,354655.12791289773304
6436,354970.591893556586
6437,355293.52452925971011
6438,355620.40666653105291
6439,355954.02240796788828
6440,356291.76301573112141
6441,356622.12735807982972
6442,356950.58581422636053
6443,357313.72610766446451
6444,357652.95661038463004
6445,357989.05866904288996
6446,358379.563569013495
6447,358759.63837495667394
6448,359111.64030768699013
6449,359458.28143583022757
6450,359808.00966591661563
6451,360097.36897112085717
6452,360366.38668237568345
6453,360631.62160037044669
6454,360890.44685543293599
6455,361154.77143137762323
6456,361409.09722334292019
6457,361676.89791381295072
6458,361967.82663649745518
6459,362261.47633006906835
6460,362567.90286431938875
6461,362881.40340195101453
6462,363198.56152516481234
6463,363527.60448310681386
6464,363857.33555974718183
6465,364200.83281776087824
6466,364550.51724511588691
6467,364919.5545982067124
6468,365279.13559775997419
6469,365637.51799490640406
6470,365996.67294811422471
6471,366341.44042435585288
6472,366707.68658073066035
6473,367067.6403071329114
6474,367405.83400557021378
6475,367701.30997377447784
6476,367960.7721942011849
6477,368214.44792127126129
6478,368473.44778566923924
6479,368731.68456199415959
6480,368968.57721298706019
6481,369214.30090871156426
6482,369476.70852757419925
6483,369750.33071720978478
6484,370021.99537149735261
6485,370300.6067455773009
6486,370578.8652412641095
6487,370872.87065090745455
6488,371162.42245092795929
6489,371459.24212849728065
6490,371768.93971461546607
6491,372086.86224449216388
6492,372430.00223957444541
6493,372773.14223465672694
6494,373116.28222973900847
6495,373455.8712734488654
6496,373757.88579867954832
6497,374045.99754247377859
6498,374323.55306258675409
6499,374561.93166174500948
6500,374780.01998235739302
6501,374993.01437100151088
6502,375204.19471804966452
6503,375420.07997462491039
6504,375637.69865332206246
6505,375864.13469102146337
6506,376106.87731674936367
6507,376360.76999481179519
6508,376612.63670887937769
6509,376871.17154039151501
6510,377129.24596277979435
6511,377403.10346855229
6512,377672.09867067838786
6513,377942.84397956606699
6514,378223.6589069715701
6515,378511.63137285568519
6516,378813.52810290863272
6517,379127.2547854903969
6518,379452.30071365862386
6519,379755.18346863408806
6520,380032.33638804982184
6521,380299.60744302417152
6522,380555.73706601228332
6523,380777.36447902326472
6524,380979.15254082053434
6525,381174.14670755201951
6526,381367.80974342365516
6527,381566.36440127302194
6528,381746.13302113639656
6529,381934.80013682611752
6530,382140.61453534819884
6531,382357.75494558236096
6532,382572.8107386957854
6533,382795.32451134861913
6534,383017.11589091544738
6535,383254.40979641448939
6536,383487.7182442836347
6537,383730.00242718402296
6538,383990.79710168286692
6539,384259.40258908621036
6540,384545.63654715672601
6541,384831.87050522724167
6542,385118.10446329775732
6543,385404.33842136827298
6544,385658.58499701111577
6545,385898.23879683425184
6546,386123.5859621046111
6547,386309.56888295209501
6548,386474.0709334758576
6549,386632.76250634388998
6550,386789.99586657941109
6551,386951.98105884273537
6552,387096.80083332967479
6553,387251.48540284688352
6554,387413.29374558833661
6555,387587.64389239269076
6556,387769.74501602526288
6557,387957.06207446072949
6558,388141.43696370458929
6559,388336.14013676682953
6560,388539.63623916707002
6561,388746.43960315088043
6562,388971.32346325431718
6563,389190.65892068651738
6564,389421.78609333059285
6565,389680.31669747061096
6566,389938.84730161062907
6567,390151.41628146183211
6568,390352.67969246389112
6569,390542.57607600453775
6570,390724.76360909530194
6571,390872.71486743958667
6572,391007.49464856897248
6573,391144.08473768323893
6574,391277.08296525233891
6575,391411.78909858630504
6576,391634.74856652249582
6577,391867.87293798290193
6578,392108.92463049170328
6579,392360.88659261266002
6580,392620.37273947522044
6581,392886.02793443575501
6582,393149.84070631436771
6583,393423.42553486785619
6584,393703.54992149799364
6585,393987.14136468531797
6586,394288.60595983429812
6587,394586.09205288940575
6588,394889.80510891444283
6589,395214.40209939779015
6590,395552.32855143235065
6591,395857.83083077840274
6592,396150.81465265806764
6593,396429.61579935462214
6594,396698.09025442920392
6595,396924.99539344332879
6596,397137.60889421548927
6597,397352.69939350301865
6598,397564.47565604100237
6599,397778.28143898397684
6600,398024.46243923727889
6601,398275.54692179086851
6602,398533.63385557354195
6603,398804.77573466819013
6604,399084.49800051545026
6605,399368.08480209764093
6606,399657.44895159610314
6607,399949.67079137923429
6608,400246.41386531834723
6609,400550.60345083865104
6610,400858.16047080047429
6611,401193.38176438270602
6612,401541.0109769939445
6613,401870.91982265404658
6614,402228.71227024222026
6615,402580.21204013586976
6616,402892.46892005746486
6617,403206.21758147171931
6618,403495.75587044173153
6619,403743.72968170250533
6620,403980.38494521228131
6621,404214.56336268997984
6622,404443.05224052869016
6623,404670.96693562966539
6624,404872.69558876182418
6625,405082.49787375808228
6626,405311.66840756323654
6627,405546.19944720342755
6628,405784.32083864707965
6629,406034.19115774775855
6630,406281.52971919125412
6631,406539.72066164202988
6632,406807.90551321714884
6633,407086.4650520219584
6634,407360.36987895524362
6635,407647.94822859077249
6636,407967.84874815371586
6637,408287.74926771665923
6638,408607.64978727960261
6639,408897.00163663184503
6640,409180.08479348442052
6641,409461.79124547721585
6642,409716.19875856430735
6643,409922.03302020928822
6644,410128.5391272311681
6645,410329.3991360758082
6646,410543.45908234699164
6647,410747.50742904801155
6648,410933.9700913662673
6649,411130.30145892320434
6650,411334.885672377015
6651,411550.13772252277704
6652,411772.91982272273162
6653,412001.5591319015366
6654,412228.7812531607924
6655,412466.29939901921898
6656,412711.2646607925999
6657,412959.56542567949509
6658,413222.57022246462293
6659,413481.86191909079207
6660,413750.21899733971804
6661,414049.98785578791285
6662,414350.70388917333912
6663,414634.06633580842754
6664,414888.04604644328356
6665,415129.49829365732148
6666,415360.07421065418748
6667,415547.28789468825562
6668,415722.78384426055709
6669,415900.08521405723877
6670,416075.39693019649712
6671,416252.23472741054138
6672,416424.65131117257988
6673,416606.69612235727254
6674,416796.65945662150625
6675,416997.33950518257916
6676,417205.57110994396498
6677,417420.67657786566997
6678,417633.70598775410326
6679,417856.66679530934198
6680,418085.82671521097654
6681,418316.43565541115822
6682,418567.0964699992328
6683,418813.58986682171235
6684,419065.74551739881281
6685,419341.52120042435126
6686,419628.47073515347438
6687,419885.34920756530482
6688,420127.5352213261649
6689,420359.9183383481577
6690,420580.50248466630001
6691,420757.51458429789636
6692,420919.92245636950247
6693,421085.42416233004769
6694,421247.30272507824702
6695,421411.21569599187933
6696,421540.27570547611685
6697,421679.02552816522075
6698,421825.77989851840539
6699,421983.47093239036622
6700,422148.75653475493891
6701,422319.49659463425633
6702,422489.07460769143654
6703,422668.5732653423911
6704,422855.54517667699838
6705,423043.16313215153059
6706,423245.64714577380801
6707,423446.03931245225249
6708,423669.78613994392799
6709,423913.11907153733773
6710,424156.45200313074747
6711,424395.49623157276073
6712,424604.99596765072783
6713,424792.75849108071998
6714,424972.89633846178185
6715,425109.50143252394628
6716,425231.03277998918202
6717,425354.07530449744081
6718,425473.39106527104741
6719,425594.7480770747643
6720,425680.71376135142054
6721,425777.11317597911693
6722,425881.22582774586044
6723,425996.05128360108938
6724,426118.65117753489176
6725,426246.60581866942812
6726,426372.75909391010646
6727,426508.61599717888748
6728,426650.44279121956788
6729,426792.16869069339009
6730,426948.89711867074948
6731,427093.53727524576243
6732,427244.23124462389387
6733,427412.98753974825377
6734,427611.92013653181493
6735,427762.20860352698946
6736,427907.81867693329696
6737,428046.79384892521193
6738,428177.73803188087186
6739,428267.82882032997441
6740,428343.89234609488631
6741,428419.5207426766865
6742,428492.41459090280114
6743,428567.01145713333972
6744,428628.66813517006813
6745,428700.18374292447697
6746,428780.01378235791344
6747,428870.61136879725382
6748,428968.97655045049032
6749,429073.15592879027827
6750,429176.265150205174
6751,429289.40743470500456
6752,429409.39354301430285
6753,429533.28471134003485
6754,429673.89199542463757
6755,429810.5426912708208
6756,429964.10397902142722
6757,430138.39395189471543
6758,430315.55233502719784
6759,430457.61814080859767
6760,430589.03994623472681
6761,430708.57581564091379
6762,430816.49194340087706
6763,430882.05536167771788
6764,430934.29279193881666
6765,430988.35812612256268
6766,431040.06917971657822
6767,431093.52430850302335
6768,431148.97915463062236
6769,431209.6669181153411
6770,431276.70803823636379
6771,431356.50106251914985
6772,431444.68873865599744
6773,431537.49562074709684
6774,431636.65562893991591
6775,431738.65573147963732
6776,431844.67909555847291
6777,431957.76714294031262
6778,432077.35380684840493
6779,432207.7537259258097
6780,432343.62847385712666
6781,432487.78828211064683
6782,432654.34918113867752
6783,432818.38250351045281
6784,432940.22449421236524
6785,433060.05364484904567
6786,433156.0890518843662
6787,433211.78758297499735
6788,433256.89945880550658
6789,433299.84241751470836
6790,433337.78794346994255
6791,433375.47308091074228
6792,433421.82832925987896
6793,433476.42241577763343
6794,433549.89793015975738
6795,433628.73590548103675
6796,433711.21311021066504
6797,433805.75694702903274
6798,433897.48651363403769
6799,434000.11049598647514
6800,434114.91100662143435
6801,434241.30171528656501
6802,434355.5951481332886
6803,434488.77073992101941
6804,434652.81005620432552
6805,434816.84937248763163
6806,434980.88868877093773
6807,435127.50040578353219
6808,435253.48001488181762
6809,435379.01101138268132
6810,435478.31820249155862
6811,435527.78870361705776
6812,435578.7053668423905
6813,435623.01988593913848
6814,435680.53825267078355
6815,435727.99418712320039
6816,435775.03441653295886
6817,435831.91695727471961
6818,435897.28988907305757
6819,435973.69039673527004
6820,436057.79691382922465
6821,436147.93171151907882
6822,436237.1732892136788
6823,436336.57989952637581
6824,436443.68281664705137
6825,436554.99174939456861
6826,436683.38716882036533
6827,436806.53279658936663
6828,436954.47587791160913
6829,437116.06176646571839
6830,437277.64765501982765
6831,437417.54947991372319
6832,437532.42788696492789
6833,437634.27788487984799
6834,437724.71527361683547
6835,437775.13498197909212
6836,437813.04238637781236
6837,437851.77668135130079
6838,437888.47440016671317
6839,437927.15373933431692
6840,437967.86066118266899
6841,438018.47245769726578
6842,438077.68217599915806
6843,438147.81291698629502
6844,438225.6956123537384
6845,438309.7004333185032
6846,438392.48259923112346
6847,438485.29978333285544
6848,438586.210672670044
6849,438690.94752629107097
6850,438811.35387330676895
6851,438926.31550922081806
6852,439056.45695542637259
6853,439211.02329484664369
6854,439365.5896342669148
6855,439498.74042173224734
6856,439606.58814545837231
6857,439702.17836316867033
6858,439786.33934493648121
6859,439829.02641251700697
6860,439858.89077073574299
6861,439892.13538560795132
6862,439922.23097003513249
6863,439954.17718283343129
6864,439989.80837712308858
6865,440035.33271545381285
6866,440089.14509155694395
6867,440154.09648446302162
6868,440226.86728284414858
6869,440305.52852697548224
6870,440382.83123631309718
6871,440470.36154160305159
6872,440565.82595499861054
6873,440665.32417490164516
6874,440781.44892700720811
6875,440891.52793669881066
6876,441012.4310583389597
6877,441154.053255168139
6878,441302.92898676038021
6879,441421.07498030131683
6880,441521.56995777087286
6881,441609.05638647807064
6882,441686.01966875063954
6883,441722.00842385942815
6884,441745.33072637324221
6885,441771.47314818861196
6886,441794.87906654411927
6887,441820.16200717736501
6888,441850.15248708490981
6889,441890.27952150581405
6890,441938.73467333510052
6891,441998.54194832465146
6892,442066.23314722761279
6893,442140.15791266702581
6894,442213.37714811391197
6895,442296.89827347249957
6896,442386.28549929696601
6897,442479.56659193034284
6898,442588.00880896562012
6899,442691.52779321995331
6900,442799.62060984881828
6901,442938.02748542156769
6902,443082.40526103368029
6903,443204.27910306910053
6904,443303.80112788017141
6905,443391.12309161853045
6906,443466.56472047313582
6907,443500.13279959408101
6908,443520.33940479363082
6909,443542.34752000914887
6910,443561.50671327358577
6911,443582.4060715220985
6912,443611.07555755547946
6913,443649.89723893580958
6914,443697.63356898300117
6915,443756.45906067622127
6916,443823.29653560766019
6917,443896.56015483872034
6918,443968.55321896489477
6919,444050.66146055218996
6920,444140.42898475180846
6921,444233.46020188159309
6922,444342.05435230571311
6923,444449.22543611325091
6924,444586.35550513822818
6925,444729.13172942417441
6926,444871.90795371012064
6927,444997.00423917121952
6928,445091.44395204330795
6929,445174.87991483137012
6930,445245.60503261804115
6931,445276.82235690689413
6932,445295.21234931884101
6933,445314.83882663445547
6934,445332.3192419570405
6935,445351.65615096333204
6936,445379.76277794275666
6937,445413.37408176239114
6938,445453.5508710235008
6939,445506.76012189831818
6940,445568.19295301020611
6941,445634.00548981240718
6942,445706.05286891252035
6943,445781.176909967151
6944,445859.49987854238134
6945,445939.18567414750578
6946,446029.42632267065346
6947,446168.45424520404777
6948,446307.48216773744207
6949,446394.41693342087092
6950,446512.25337633100571
6951,446607.33322881959612
6952,446674.62995571730426
6953,446747.27549083012855
6954,446806.87994664552389
6955,446838.98133657383732
6956,446863.98083388188388
6957,446885.3206471199519
6958,446896.67066904209787
6959,446908.66942590044346
6960,446934.28873820131412
6961,446968.21140710922191
6962,447020.86496085848194
6963,447079.1849942492554
6964,447141.2351693934761
6965,447215.23369282262865
6966,447287.04260182869621
6967,447369.77036538464017
6968,447463.84945786674507
6969,447562.07206398871494
6970,447650.02143072575564
6971,447759.04315625113668
6972,447886.78545372345252
6973,447995.11914685711963
6974,448107.90880969556747
6975,448206.14812008669833
6976,448293.55511298548663
6977,448378.9236102750292
6978,448448.0940870763734
6979,448479.94572256924585
6980,448513.31424713629531
6981,448540.62316898885183
6982,448578.61678672104608
6983,448606.89402561652241
6984,448645.66443280177191
6985,448694.04938168032095
6986,448750.27660457481397
6987,448817.52651557268109
6988,448892.43160329316743
6989,448972.2036397177726
6990,449050.89281104016118
6991,449139.5094698210014
6992,449234.67359963222407
6993,449328.08710512681864
6994,449442.07181366463192
6995,449551.61098886141554
6996,449683.61328845220851
6997,449832.89792993169976
6998,449982.18257141119102
6999,450097.16670595307369
7000,450200.91377498547081
7001,450291.34019234823063
7002,450373.12686550011858
7003,450415.91431417386048
7004,450444.77083222212968
7005,450473.65362567733973
7006,450498.93087185797049
7007,450526.13988323381636
7008,450566.4815927206655
7009,450617.39584495639428
7010,450676.07905480073532
7011,450746.03422853327356
7012,450824.15290607919451
7013,450907.68205129541457
7014,450990.30722344329115
7015,451083.14826091832947
7016,451181.90471149323275
7017,451275.92088794481242
7018,451379.54940159578109
7019,451489.29530481254915
7020,451639.25009920727462
7021,451792.76009693311062
7022,451946.27009465894662
7023,452086.60735043615568
7024,452192.20759926899336
7025,452284.81215362233343
7026,452365.93809599580709
7027,452409.49462829873664
7028,452440.11600396392168
7029,452472.52227125945501
7030,452503.35043433064129
7031,452535.64993555913679
7032,452573.04549344012048
7033,452620.38600562338252
7034,452676.00282495387364
7035,452742.7136936908355
7036,452817.39451092586387
7037,452897.50730197736993
7038,452976.5372279266594
7039,453065.4946413343423
7040,453161.50369854900055
7041,453261.66304873512127
7042,453376.86406667617848
7043,453499.39473506639479
7044,453639.5368637467036
7045,453789.16225985303754
7046,453938.78765595937148
7047,454059.46154910471523
7048,454157.28177653596504
7049,454240.98917474801419
7050,454316.25807951530442
7051,454354.47052491718205
7052,454380.22192644863389
7053,454408.99384546169313
7054,454434.44663996470626
7055,454461.71975872386247
7056,454497.46140733041102
7057,454543.00137742457446
7058,454597.05226716934703
7059,454662.13171033008257
7060,454735.20456323924009
7061,454814.0906352828606
7062,454891.89384222432273
7063,454979.62453662417829
7064,455076.14367266319459
7065,455176.9647639815812
7066,455293.26219052268425
7067,455408.37971003056737
7068,455550.92933317582356
7069,455699.32801027433015
7070,455847.72668737283675
7071,455985.06424083380261
7072,456086.32792662532302
7073,456174.95423614268657
7074,456251.29740429535741
7075,456288.45308229303919
7076,456314.53402775590075
7077,456342.05381140654208
7078,456366.09708465950098
7079,456392.48953785328194
7080,456430.88711396715371
7081,456479.16023818438407
7082,456536.33334778703284
7083,456604.4939536175807
7084,456680.64894674858078
7085,456762.19290140375961
7086,456842.65399095678004
7087,456933.04256796819391
7088,457031.94206639222102
7089,457134.86004893342033
7090,457263.89096248429269
7091,457413.55663384520449
7092,457564.61319355526939
7093,457715.66975326533429
7094,457866.7263129753992
7095,458012.51126967411255
7096,458112.83921046112664
7097,458199.6394417991396
7098,458276.21312285616295
7099,458314.66245722875465
7100,458344.42087214085041
7101,458375.77648868056713
7102,458402.56464668177068
7103,458431.39503326517297
7104,458476.10070234746672
7105,458526.16734811168863
7106,458584.0527011064114
7107,458654.66063169995323
7108,458733.70524888776708
7109,458816.40716076584067
7110,458905.65379895677324
7111,458997.90378269489156
7112,459095.95892801700393
7113,459203.62823692947859
7114,459313.44794978515711
7115,459425.20841156371171
7116,459548.3768350504688
7117,459668.2568397676805
7118,459822.1075922428281
7119,459962.13795957138063
7120,460051.20876735687489
7121,460145.66333185066469
7122,460221.04097680439008
7123,460263.54200953477994
7124,460296.90956028475193
7125,460327.00356004323112
7126,460350.38354556454578
7127,460373.85212867020164
7128,460408.8739629505435
7129,460452.22359264036641
7130,460514.77039952203631
7131,460584.89773305214476
7132,460658.38276098651113
7133,460743.81222699745558
7134,460826.74708233092679
7135,460920.68583924672566
7136,461026.99876885989215
7137,461141.57279017596738
7138,461248.00380496308208
7139,461369.46122922457289
7140,461523.34605926868971
7141,461667.91977638704702
7142,461819.63975500973174
7143,461943.08854143752251
7144,462059.14787891641026
7145,462170.75039498269325
7146,462258.09352411044529
7147,462299.20519872102886
7148,462341.40828749886714
7149,462377.53515517659253
7150,462426.64689881936647
7151,462465.45768747112015
7152,462505.64886367454892
7153,462555.53180818702094
7154,462612.98135702387663
7155,462680.83187083009398
7156,462756.27890823310008
7157,462837.28793388156919
7158,462916.89834510034416
7159,463006.60438273829641
7160,463102.78114974446362
7161,463198.87614766444312
7162,463311.29949159873649
7163,463415.98467753746081
7164,463526.1447085000691
7165,463643.96146156056784
7166,463797.70999173779273
7167,463923.07728099933593
7168,464022.02528730913764
7169,464101.9060864407802
7170,464175.64292005123571
7171,464220.13552633533254
7172,464252.4099523370387
7173,464286.49957408406772
7174,464316.83701574191218
7175,464348.51871378434589
7176,464389.62305985431885
7177,464440.32435167988297
7178,464498.53554980817717
7179,464568.19271609809948
7180,464645.33594259776874
7181,464728.46150474483147
7182,464810.61368762463098
7183,464902.67967223346932
7184,464999.73181649670005
7185,465094.96560953592416
7186,465204.36670917866286
7187,465309.70356014394201
7188,465426.23659822845366
7189,465580.18957300152397
7190,465734.14254777459428
7191,465857.90371047292138
7192,465957.90426853596
7193,466045.99496332387207
7194,466124.56986253673676
7195,466166.60160140896915
7196,466197.32869864779059
7197,466230.37638606637483
7198,466261.27312373148743
7199,466293.73895476362668
7200,466333.17975333950017
7201,466382.46677345584612
7202,466439.40642248117365
7203,466508.23584832035704
7204,466584.80061015416868
7205,466667.51193638774566
7206,466749.21664658276131
7207,466841.00231991545297
7208,466938.71907742868643
7209,467039.82031476363773
7210,467156.93658228445565
7211,467270.55754566716496
7212,467406.30810942518292
7213,467548.36470360524254
7214,467700.81835963664344
7215,467811.18526071973611
7216,467913.26933051558444
7217,468004.65541853342438
7218,468085.20001297083218
7219,468125.25878196727717
7220,468155.31063688261202
7221,468186.04274955810979
7222,468213.33452126348857
7223,468242.58249696652638
7224,468276.42531872738618
7225,468319.95111082837684
7226,468371.96142867335584
7227,468434.91720800602343
7228,468505.56726614525542
7229,468583.65425745293032
7230,468661.11392293585232
7231,468748.46979421004653
7232,468841.55015424988233
7233,468938.15217312704772
7234,469052.10746624058811
7235,469159.74753974896157
7236,469287.65665829769569
7237,469427.49409029685194
7238,469575.99498969328124
7239,469682.93843178730458
7240,469778.37094002735103
7241,469860.90800370404031
7242,469934.60510971501935
7243,469968.5821804801235
7244,469995.28736106096767
7245,470023.4861227471265
7246,470049.63951030629687
7247,470077.16550326091237
7248,470109.36704070918495
7249,470151.7696511092945
7250,470202.55805449152831
7251,470263.9810577944736
7252,470333.05923782003811
7253,470407.00436654972145
7254,470479.8666301771882
7255,470562.65638126304839
7256,470653.86811327323085
7257,470747.48457961610984
7258,470864.02341177227208
7259,471007.48114555684151
7260,471150.93887934141094
7261,471294.39661312598037
7262,471437.85434691054979
7263,471546.23687301244354
7264,471639.82672120525967
7265,471721.04110494855558
7266,471791.77387127501424
7267,471827.20329094427871
7268,471851.70020699599991
7269,471877.56655503663933
7270,471900.7951323792222
7271,471925.68567053810693
7272,471962.33493488159729
7273,472004.01378574589035
7274,472050.96091041830368
7275,472110.63061268953606
7276,472178.73700155504048
7277,472250.50068511080462
7278,472328.80909497942775
7279,472410.12085039523663
7280,472502.64835757849505
7281,472609.20514951599762
7282,472723.74040148849599
7283,472866.65292564133415
7284,473009.56544979417231
7285,473147.54932785854908
7286,473290.46185201138724
7287,473418.65834839589661
7288,473518.38193600677187
7289,473617.67984814126976
7290,473691.22960255359067
7291,473721.88565542938886
7292,473750.55860310385469
7293,473776.76057005889015
7294,473796.5945762192714
7295,473815.79476896394044
7296,473835.04379443277139
7297,473873.4925949171884
7298,473917.56431958317989
7299,473972.0800829048967
7300,474029.33508698281366
7301,474098.34015674993861
7302,474172.31614469748456
7303,474249.10478135215817
7304,474345.09048051090213
7305,474474.23320290457923
7306,474616.3619953833404
7307,474758.49078786210157
7308,474900.61958034086274
7309,475042.74837281962391
7310,475184.87716529838508
7311,475327.00595777714625
7312,475440.61445369420107
7313,475535.83035787235713
7314,475621.76859649154358
7315,475645.92664417880587
7316,475660.94748935999814
7317,475672.01375818293309
7318,475680.71554850623943
7319,475700.39896927215159
7320,475728.76437637303025
7321,475763.15625928709051
7322,475809.39471873739967
7323,475868.60417135013267
7324,475939.71719163464149
7325,476013.58075265528169
7326,476083.94047299266094
7327,476161.77134315838339
7328,476241.18796142964857
7329,476323.9969987521763
7330,476426.44565270107705
7331,476527.1481691627414
7332,476641.90614974667551
7333,476770.99357487075031
7334,476912.8156901691691
7335,477003.74984469823539
7336,477084.22206363239093
7337,477143.36145290307468
7338,477194.24716704100138
7339,477213.59676338220015
7340,477225.53398002538597
7341,477227.86409494961845
7342,477222.30137325596297
7343,477230.33979458914837
7344,477258.75238862942206
7345,477293.08881551260129
7346,477338.61588147463044
7347,477397.28012445563218
7348,477467.84793510840973
7349,477541.16628649731865
7350,477610.98079720296664
7351,477688.26645773695782
7352,477761.73422980960459
7353,477831.72213456616737
7354,477912.58562773838639
7355,477988.29820668668253
7356,478087.47256353870034
7357,478185.49436046252958
7358,478326.77126612921711
7359,478421.57183902041288
7360,478480.46045369055355
7361,478533.78479424177203
7362,478581.08382811030606
7363,478600.53706529777264
7364,478612.14804397913394
7365,478613.77556338399881
7366,478607.2629254902713
7367,478614.14614468289074
7368,478637.17748536320869
7369,478665.96843013406033
7370,478705.64599528140388
7371,478758.30921687267255
7372,478822.99722259578994
7373,478891.52378453954589
7374,478956.55530376895331
7375,479029.13519944238942
7376,479099.26141613855725
7377,479173.70236154063605
7378,479267.40758255129913
7379,479354.06157797324704
7380,479453.96709861257114
7381,479578.14764758269303
7382,479715.06288672715891
7383,479807.25764479656937
7384,479887.28331371903187
7385,479949.22552341001574
7386,479994.33103429834591
7387,480001.949650933675
7388,480002.94067456451012
7389,479995.27477711514803
7390,479981.97223328897962
7391,479982.18774056131952
7392,479898.07842020876706
7393,479904.16439342702506
7394,479922.2826780800242
7395,479953.14614136092132
7396,479996.05589491978753
7397,480043.13657241250621
7398,480086.76033172261668
7399,480137.79854283941677
7400,480187.25584100338165
7401,480244.80259877437493
7402,480321.27273682388477
7403,480391.59723635396222
7404,480487.92086888558697
7405,480591.07685835863231
7406,480706.96753800607985
7407,480814.03162843175232
7408,480873.31947287975345
7409,480913.41052863537334
7410,480937.29974792402936
7411,480924.53976077615516
7412,480904.17483474890469
7413,480874.36410309880739
7414,480838.88544340472436
7415,480816.87009189173114
7416,480800.93620939349057
7417,480791.56254615361104
7418,480793.61804470437346
7419,480810.20666466938565
7420,480838.99798324797302
7421,480870.92108788073529
7422,480897.81341545394389
7423,480932.03808045765618
7424,480967.8685765619739
7425,481011.11078625940718
7426,481112.04233612265671
7427,481212.97388598590624
7428,481307.23017371509923
7429,481402.51372857368551
7430,481503.44527843693504
7431,481604.37682830018457
7432,481657.90760652901372
7433,481682.80769124208018
7434,481690.59111067384947
7435,481660.7162753068842
7436,481627.37567270133877
7437,481585.48176953796064
7438,481537.07142310997006
7439,481502.27786054235185
7440,481479.20093552593607
7441,481465.42415739013813
7442,481469.75005402986426
7443,481489.44351400033338
7444,481519.19748972723028
7445,481544.8120000117342
7446,481571.50663036579499
7447,481606.31680067803245
7448,481641.75868185667787
7449,481670.5696103592054
7450,481755.98510412906762
7451,481834.64409863483161
7452,481909.87237473763525
7453,481984.92023512552259
7454,482082.61461522552418
7455,482176.27090979373315
7456,482236.72868612414459
7457,482258.87542060972191
7458,482258.7227297265199
7459,482216.61548797693104
7460,482177.66684350493597
7461,482134.27826679148711
7462,482092.55561531201238
7463,482051.22971317893825
7464,482023.79534308658913
7465,482015.56074800982606
7466,482012.94907711463748
7467,482020.7814448751742
7468,482031.35305339191109
7469,482053.67472759785596
7470,482080.96731998422183
7471,482111.07256107771536
7472,482159.51499775145203
7473,482240.09578534058528
7474,482335.54118225822458
7475,482430.98657917586388
7476,482526.43197609350318
7477,482621.87737301114248
7478,482717.32276992878178
7479,482812.76816684642108
7480,482877.903366108716
7481,482925.04098730738042
7482,482962.11690462968545
7483,482936.62153268518159
7484,482904.62661459203809
7485,482868.11991544504417
7486,482830.57918620313285
7487,482804.46096339978976
7488,482785.4695218205452
7489,482772.45176824118244
7490,482770.04887555522146
7491,482780.39409415342379
7492,482802.64288042340195
7493,482827.64220742951147
7494,482849.13769375241827
7495,482878.10432990361005
7496,482909.09740069537656
7497,482948.19377349503338
7498,483006.97037743101828
7499,483057.14929824025603
7500,483104.06113700382411
7501,483170.44234634976601
7502,483263.40022763371235
7503,483321.11509391345317
7504,483357.92572992062196
7505,483374.92049126903294
7506,483375.45787426666357
7507,483341.04742104728939
7508,483299.9873134077061
7509,483251.15887954458594
7510,483196.49437867675442
7511,483155.53170870180475
7512,483135.49190211528912
7513,483121.62031639605993
7514,483118.60406938620145
7515,483128.33593366050627
7516,483149.97136560658691
7517,483174.35733828879893
7518,483195.23947028780822
7519,483223.59275211510248
7520,483253.74890318274265
7521,483291.87372842431068
7522,483348.35816839244217
7523,483397.7556465609232
7524,483447.60820226650685
7525,483521.47174631536473
7526,483613.81627327541355
7527,483682.34132603369653
7528,483719.12070920394035
7529,483737.75513297843281
7530,483739.49729487695731
7531,483701.15469796262914
7532,483658.84582713578129
7533,483609.01399566186592
7534,483552.24928372981958
7535,483510.166887444444
7536,483483.78484597173519
7537,483463.36867208214244
7538,483454.49505602649879
7539,483458.36955125501845
7540,483474.14761415531393
7541,483492.67621779174078
7542,483507.7009807449067
7543,483530.19689352641581
7544,483553.4766100939014
7545,483582.2558721966343
7546,483631.08977736334782
7547,483673.79252730414737
7548,483730.76882128760917
7549,483804.52128902747063
7550,483896.32060636801179
7551,483987.81071016797796
7552,484019.54093470575754
7553,484031.66222977655707
7554,484026.55956165690441
7555,483983.06147810281254
7556,483933.2382874249015
7557,483876.88239637465449
7558,483814.78232821682468
7559,483766.37236032675719
7560,483734.44111069303472
7561,483708.60183286300162
7562,483694.81930527021177
7563,483693.78488896158524
7564,483704.65404032473452
7565,483718.27373242401518
7566,483728.3895838400349
7567,483745.97658508439781
7568,483764.50658864527941
7569,483788.21688955783611
7570,483829.20152160158614
7571,483862.70174094376853
7572,483886.08988225099165
7573,483954.93343845370691
7574,484043.29156573169166
7575,484112.6808668844169
7576,484120.74857262801379
7577,484115.75504169426858
7578,484100.1965588790481
7579,484053.91964980826015
7580,484000.68613495869795
7581,483939.49562633072492
7582,483871.131759428652
7583,483817.07189551152987
7584,483771.26376913499553
7585,483731.33450820483267
7586,483703.26159933191957
7587,483688.46076966746477
7588,483685.59381178981857
7589,483685.79216642369283
7590,483682.48668037430616
7591,483686.65234415326267
7592,483688.80594458000269
7593,483694.33114543597912
7594,483717.29983219254063
7595,483767.36317792884074
7596,483809.50575517932884
7597,483864.92797391663771
7598,483927.68565479834797
7599,483954.23935841122875
7600,483963.75337525439681
7601,483956.2598143889918
7602,483932.45102320041042
7603,483870.07428391702706
7604,483802.60024294431787
7605,483726.69705053017242
7606,483644.79649501515087
7607,483576.99661164882127
7608,483501.82015893841162
7609,483436.21365748753306
7610,483388.6052327377256
7611,483356.21969360823277
7612,483331.04663938749582
7613,483304.16766848269617
7614,483278.3688176474534
7615,483260.68550677038729
7616,483241.60928122681798
7617,483215.76417342957575
7618,483202.51730630767997
7619,483182.15465553227114
7620,483179.43028423096985
7621,483192.52120646159165
7622,483243.52865187672433
7623,483250.83528367523104
7624,483231.54583069076762
7625,483200.04306905990234
7626,483147.46253543923376
7627,483049.38661479373695
7628,482956.2943811918376
7629,482858.75048472330673
7630,482763.10810354427667
7631,482667.93481056689052
7632,482567.36406844807789
7633,482486.06250754377106
7634,482410.65269764786353
7635,482345.68692640768131
7636,482283.46039592369925
7637,482232.98393112892518
7638,482187.4783845145721
7639,482144.78548660734668
7640,482117.54063141637016
7641,482120.53392055706354
7642,482184.39135151571827
7643,482248.248782474373
7644,482312.10621343302773
7645,482375.96364439168246
7646,482439.8210753503372
7647,482503.67850630899193
7648,482501.94165446690749
7649,482480.78643927874509
7650,482450.15655208978569
7651,482359.08715114509687
7652,482259.87591652804986
7653,482156.1548559613293
7654,482048.39379259984707
7655,481951.33771243738011
7656,481841.42270686285337
7657,481737.17150527331978
7658,481643.36018275172682
7659,481562.29697151429718
7660,481493.13732794864336
7661,481426.72822511912091
7662,481356.81528160633752
7663,481294.37348792189732
7664,481233.1154592926614
7665,481181.48772552167065
7666,481150.80657258827705
7667,481142.2347805823083
7668,481135.28045765432762
7669,481124.09521892823977
7670,481132.42455127742141
7671,481119.938277677109
7672,481068.27506609499687
7673,480996.6677368946257
7674,480906.57166916190181
7675,480779.86810145864729
7676,480649.96466068731388
7677,480513.71816465060692
7678,480375.53106733382447
7679,480245.34284135693451
7680,480122.51890377182281
7681,480005.35877017170424
7682,479898.6385156395263
7683,479804.66637239151169
7684,479731.56480549718253
7685,479662.94649006333202
7686,479580.12461453996366
7687,479504.77388884493848
7688,479428.97318104986334
7689,479358.81676900101593
7690,479308.784777851135
7691,479290.17071761447005
7692,479270.30746267590439
7693,479236.92833325185347
7694,479205.62340945348842
7695,479156.89014060888439
7696,479093.4782675569877
7697,479011.6785635118722
7698,478910.94118149712449
7699,478774.33074427471729
7700,478635.01916057127528
7701,478495.70757686783327
7702,478356.39599316439126
7703,478217.08440946094925
7704,478087.04016083379975
7705,477963.16511062608333
7706,477849.85115594638046
7707,477749.2853125508409
7708,477660.62303682707716
7709,477574.71130183944479
7710,477485.29572616855148
7711,477403.35130032600136
7712,477318.84161975083407
7713,477237.44427077803994
7714,477175.98820999037707
7715,477133.32718461577315
7716,477090.18211929110112
7717,477055.97669227886945
7718,477030.27806981513277
7719,476988.36807291023433
7720,476903.31594016845338
7721,476805.01757584675215
7722,476691.76081258809427
7723,476551.52918699587462
7724,476411.29756140365498
7725,476271.06593581143534
7726,476130.83431021921569
7727,475990.60268462699605
7728,475855.87337470287457
7729,475727.25949783273973
7730,475609.10407352040056
7731,475503.69676049222471
7732,475410.19301513582468
7733,475319.43981051555602
7734,475225.18276521202642
7735,475138.39686973684002
7736,475051.55653094657464
7737,474971.55019977828488
7738,474910.17540641035885
7739,474844.06504879583372
7740,474800.86463240033481
7741,474765.33529188350076
7742,474749.32052244193619
7743,474698.108790725586
7744,474620.56678213126725
7745,474520.75555025704671
7746,474409.98888816213002
7747,474268.3260938229505
7748,474126.66329948377097
7749,473985.00050514459144
7750,473843.33771080541192
7751,473701.67491646623239
7752,473563.09628701518523
7753,473430.1814615491312
7754,473307.70651515101781
7755,473197.97968003706774
7756,473100.15641259489348
7757,473005.0836858888506
7758,472906.50711849954678
7759,472815.40170093858615
7760,472722.67688226117752
7761,472636.7220971066854
7762,472625.22905520501081
7763,472602.63123014353914
7764,472580.50350656925002
7765,472560.78045808401657
7766,472552.26657540263841
7767,472534.07980559841963
7768,472455.64883059728891
7769,472356.86979909340153
7770,472240.58417670393828
7771,472096.63832683017245
7772,471952.69247695640661
7773,471808.74662708264077
7774,471664.80077720887493
7775,471520.8549273351091
7776,471373.77413515147055
7777,471232.74075703474227
7778,471108.01917825092096
7779,470998.32986242836341
7780,470895.89115604636027
7781,470791.29881411965471
7782,470687.78659226244781
7783,470592.38991036347579
7784,470497.88548957218882
7785,470397.9854322571191
7786,470322.33861004759092
7787,470270.79075234214542
7788,470215.81217623373959
7789,470160.65318441041745
7790,470144.25494141719537
7791,470082.2002435446484
7792,469989.47821782331448
7793,469884.7483464696561
7794,469758.76286552043166
7795,469611.68207333679311
7796,469464.60128115315456
7797,469317.52048896951601
7798,469170.43969678587746
7799,469023.35890460223891
7800,468874.23358415544499
7801,468731.9208832612494
7802,468595.23110654868651
7803,468468.98536849179072
7804,468345.4788711911533
7805,468233.72243957972387
7806,468126.93692614865722
7807,468022.96406142471824
7808,467961.03655330522452
7809,467980.79865033825627
7810,468012.13353009504499
7811,468063.00820964825107
7812,468113.88288920145715
7813,468164.75756875466323
7814,468215.6322483078693
7815,468266.50692786107538
7816,468221.55336541397264
7817,468135.91010882460978
7818,468043.71933738590451
7819,467894.59401693911059
7820,467745.46869649231667
7821,467596.34337604552275
7822,467447.21805559872882
7823,467298.0927351519349
7824,467147.46809084463166
7825,466996.84344653732842
7826,466856.22165829211008
7827,466728.34798133105505
7828,466612.37787204177584
7829,466510.46084647538373
7830,466397.1778704621247
7831,466287.92561105405912
7832,466193.71558182663284
7833,466162.20952217554441
7834,466163.01663479307899
7835,466184.05616562860087
7836,466174.63820599741302
7837,466140.31245988310548
7838,466101.83132650866173
7839,466065.4977148573962
7840,465970.9337799459463
7841,465856.86683659802657
7842,465726.48010854335735
7843,465575.8554642360541
7844,465425.23081992875086
7845,465274.60617562144762
7846,465123.98153131414438
7847,464973.35688700684113
7848,464820.65364207187667
7849,464667.95039713691222
7850,464520.68096831860021
7851,464386.15965078445151
7852,464263.54190092207864
7853,464143.67469179583713
7854,464020.3036419863347
7855,463904.40374200517545
7856,463788.51818806282245
7857,463682.18124162091408
7858,463631.10000782390125
7859,463583.70770034223096
7860,463523.29527111753123
7861,463458.65192609472433
7862,463413.52315214712871
7863,463320.25215106864925
7864,463211.26755748788128
7865,463088.10838246706408
7866,462949.59015059954254
7867,462796.88690566457808
7868,462644.18366072961362
7869,462491.48041579464916
7870,462338.7771708596847
7871,462186.07392592472024
7872,462032.79139903030591
7873,461879.50887213589158
7874,461727.67604178836336
7875,461588.59132272499846
7876,461461.41017133340938
7877,461336.97956067795167
7878,461209.04510933923302
7879,461088.58180782885756
7880,460968.18444437271683
7881,460857.00773517228663
7882,460764.58659629762406
7883,460691.90151104744291
7884,460626.92568029352697
7885,460557.71893374150386
7886,460508.02675826475024
7887,460431.8252284268965
7888,460321.22015155531699
7889,460192.44609293807298
7890,460047.3523345097783
7891,459894.06980761536397
7892,459740.78728072094964
7893,459587.50475382653531
7894,459434.22222693212098
7895,459280.93970003770664
7896,459126.90750861697597
7897,458972.87531719624531
7898,458818.84312577551464
7899,458675.70598893746501
7900,458544.4724197711912
7901,458415.98939134104876
7902,458284.00252222764539
7903,458159.4868029425852
7904,458033.19690649484983
7905,457911.00130967644509
7906,457809.38439999247203
7907,457732.22074505849741
7908,457654.96195537690073
7909,457581.7027910501929
7910,457496.46955516043818
7911,457382.42888780910289
7912,457254.45689525973285
7913,457112.64792724937433
7914,456962.74494244472589
7915,456808.71275102399522
7916,456654.68055960326456
7917,456500.64836818253389
7918,456346.61617676180322
7919,456192.58398534107255
7920,456037.18877507001162
7921,455881.79356479895068
7922,455726.39835452788975
7923,455579.40239979868056
7924,455444.31001274124719
7925,455311.96816641994519
7926,455176.12247941544047
7927,455047.74794223922072
7928,454916.82534766889876
7929,454787.60490294592455
7930,454679.93643674359191
7931,454615.75018877413822
7932,454541.24647899996489
7933,454464.1284967820975
7934,454406.52508563949959
7935,454305.17741984094027
7936,454188.00034747505561
7937,454053.40870052570244
7938,453903.33868764288491
7939,453747.94347737182397
7940,453592.54826710076304
7941,453437.15305682970211
7942,453281.75784655864118
7943,453126.36263628758024
7944,452970.52444904280128
7945,452814.68626179802231
7946,452658.84807455324335
7947,452514.33944880374474
7948,452377.08143249485875
7949,452237.66978064121213
7950,452099.33824885712238
7951,451969.1222570312093
7952,451835.62129279715009
7953,451686.31634687341284
7954,451544.57667763729114
7955,451393.74516748765018
7956,451265.37394172145287
7957,451168.36854568007402
7958,451106.84331014635973
7959,450987.12565698876278
7960,450838.63189006224275
7961,450687.70771795709152
7962,450531.86953071231255
7963,450376.03134346753359
7964,450220.19315622275462
7965,450064.35496897797566
7966,449908.51678173319669
7967,449752.67859448841773
7968,449596.60187479224987
7969,449440.52515509608202
7970,449284.44843539991416
7971,449128.3717157037463
7972,448973.73017173400149
7973,448830.83869345352286
7974,448692.91813335340703
7975,448557.81022196041886
7976,448437.18730232905364
7977,448345.1613596623065
7978,448266.04888632934308
7979,448185.91857709130272
7980,448075.5382757546613
7981,448052.40115233347751
7982,448034.46688910463126
7983,448007.59181640821043
7984,447906.53070108697284
7985,447791.67105494759744
7986,447667.09131949668517
7987,447511.01459980051732
7988,447354.93788010434946
7989,447198.8611604081816
7990,447042.78444071201375
7991,446886.70772101584589
7992,446730.42655160505092
7993,446574.14538219425594
7994,446417.86421278346097
7995,446263.7591069220216
7996,446121.55756873235805
7997,445982.10657127882587
7998,445839.15173314203275
7999,445703.66804483358283
8000,445564.48407745308941
8001,445423.94113367120735
8002,445302.38925552845467
8003,445174.86727450403851
8004,445054.71740343153942
8005,444944.49285638105357
8006,444879.78029410622548
8007,444778.74727782473201
8008,444640.83455881127156
8009,444486.81647527357563
8010,444330.53530586278066
8011,444174.25413645198569
8012,444017.97296704119071
8013,443861.69179763039574
8014,443705.41062821960077
8015,443549.12945880880579
8016,443392.60975954274181
8017,443236.09006027667783
8018,443079.57036101061385
8019,442930.62336115853395
8020,442787.71091406838968
8021,442648.56139491806971
8022,442513.96290065412177
8023,442381.54537359863752
8024,442247.86336687405128
8025,442116.44180825195508
8026,441996.5637834558147
8027,441887.30302048381418
8028,441805.16464220790658
8029,441724.92443265824113
8030,441669.49362083832966
8031,441579.34067518467782
8032,441451.24179233267205
8033,441310.1671814492438
8034,441156.74557746067876
8035,441000.22587819461478
8036,440843.7061789285508
8037,440687.18647966248682
8038,440530.66678039642284
8039,440374.14708113035886
8040,440217.28662715171231
8041,440060.42617317306576
8042,439903.56571919441922
8043,439753.37387062079506
8044,439609.21657480916474
8045,439468.82220693735871
8046,439332.97886395192472
8047,439199.31648817489622
8048,439063.70001945586409
8049,438929.50304898788454
8050,438805.43050291750114
8051,438696.07694785535568
8052,438636.88435374939581
8053,438576.17731208412442
8054,438517.61936219694326
8055,438407.52139993157471
8056,438276.70388670027023
8057,438133.9521344693494
8058,437978.80806795269018
8059,437821.94761397404363
8060,437665.08715999539709
8061,437508.22670601675054
8062,437351.36625203810399
8063,437194.50579805945745
8064,437036.82753225386841
8065,436879.14926644827938
8066,436721.47100064269034
8067,436569.40459797380026
8068,436423.37274806690402
8069,436281.10382609977387
8070,436143.38592901907396
8071,436007.84899914677953
8072,435871.73548314440995
8073,435737.9340072600171
8074,435621.17757430422353
8075,435511.55442972056335
8076,435405.5316515462473
8077,435324.11920476291561
8078,435265.56899012619397
8079,435176.45786628016504
8080,435047.54135256056907
8081,434904.06932759331539
8082,434746.39106178772636
8083,434588.71279598213732
8084,434431.03453017654829
8085,434273.35626437095925
8086,434115.67799856537022
8087,433957.99973275978118
8088,433799.50365772336954
8089,433641.0075826869579
8090,433482.51150765054626
8091,433328.09318074409384
8092,433199.69014233938651
8093,433065.9494072177331
8094,432925.87958589947084
8095,432787.99073178961407
8096,432648.56396032887278
8097,432513.88953131582821
8098,432393.98020407371223
8099,432294.38215327187208
8100,432220.34515498229302
8101,432136.12281856912887
8102,432075.22067969484488
8103,431978.9451851566555
8104,431852.05364254623419
8105,431710.22225804702612
8106,431553.28236571379239
8107,431394.78629067738075
8108,431236.29021564096911
8109,431077.79414060455747
8110,430919.29806556814583
8111,430760.80199053173419
8112,430601.1473489557975
8113,430441.4927073798608
8114,430281.83806580392411
8115,430124.22956279676873
8116,429972.65561255160719
8117,429826.84423845051788
8118,429683.58424103155266
8119,429542.56651127350051
8120,429400.73892154812347
8121,429265.06164591514971
8122,429146.28664731018944
8123,429082.36637529247673
8124,429039.88598583627027
8125,428991.98877537797671
8126,428927.46511604904663
8127,428823.36838163790526
8128,428692.16553091013338
8129,428544.33797423512442
8130,428384.68333265918773
8131,428225.02869108325103
8132,428065.37404950731434
8133,427905.71940793137765
8134,427746.06476635544095
8135,427586.41012477950426
8136,427425.59691666404251
8137,427264.78370854858076
8138,427103.97050043311901
8139,426943.15729231765727
8140,426785.59020784625318
8141,426638.3989709126181
8142,426492.54627402871847
8143,426353.5408855311689
8144,426212.19747479143552
8145,426091.67315607523778
8146,425985.82510186248692
8147,425939.61379543185467
8148,425928.72062435664702
8149,425915.75920143944677
8150,425910.97515329573071
8151,425835.98254874744453
8152,425719.68231177621055
8153,425588.42643440107349
8154,425428.59653464716394
8155,425267.78332653170219
8156,425106.97011841624044
8157,424946.15691030077869
8158,424785.34370218531694
8159,424624.53049406985519
8160,424462.72909676504787
8161,424300.92769946024055
8162,424139.12630215543322
8163,423977.3249048506259
8164,423821.21006388089154
8165,423679.66046143643325
8166,423530.29803680354962
8167,423383.98555363889318
8168,423235.53961654531304
8169,423087.42802564491285
8170,422949.33017933217343
8171,422846.31495635467581
8172,422789.67425261624157
8173,422705.53558603662532
8174,422610.90221361682052
8175,422488.21972408500733
8176,422346.60919154883595
8177,422187.12129674502648
8178,422025.31989944021916
8179,421863.51850213541184
8180,421701.71710483060451
8181,421539.91570752579719
8182,421378.11431022098986
8183,421216.31291291618254
8184,421054.10261100210482
8185,420891.8923090880271
8186,420729.68200717394939
8187,420567.47170525987167
8188,420451.25956985109951
8189,420339.7171960491105
8190,420217.12882459571119
8191,420091.97877915308345
8192,419952.59883492352674
8193,419797.57348170666955
8194,419641.59677317354362
8195,419533.92882345418911
8196,419430.25286916544428
8197,419342.0318346642307
8198,419292.01022479124367
8199,419147.96975526603637
8200,418994.45311857300112
8201,418832.2428166589234
8202,418686.1456743865856
8203,418523.93537247250788
8204,418361.72507055843016
8205,418199.51476864435244
8206,418037.30446673027473
8207,417875.09416481619701
8208,417711.92974867334124
8209,417548.76533253048547
8210,417385.6009163876297
8211,417222.43650024477392
8212,417059.27629480016185
8213,416899.87901729537407
8214,416745.03276467695832
8215,416592.58085241017397
8216,416449.41688423336018
8217,416305.53786327224225
8218,416147.62936026643729
8219,415996.94747251784429
8220,415876.68956067116233
8221,415812.49122548516607
8222,415752.19635998638114
8223,415642.40028530638665
8224,415500.91453284828458
8225,415346.93080061732326
8226,415183.76638447446749
8227,415020.60196833161172
8228,414857.43755218875594
8229,414694.27313604590017
8230,414531.1087199030444
8231,414367.94430376018863
8232,414203.75762347964337
8233,414039.57094319909811
8234,413875.38426291855285
8235,413711.19758263800759
8236,413547.01090235746233
8237,413384.50979354168521
8238,413226.55970961222192
8239,413072.03449726256076
8240,412915.2244662726298
8241,412759.07553090690635
8242,412633.83739746955689
8243,412558.79206926969346
8244,412490.26873611938208
8245,412407.5299123179866
8246,412293.72548288997496
8247,412155.18213255231967
8248,411997.93834489275469
8249,411833.75166461220942
8250,411669.56498433166416
8251,411505.3783040511189
8252,411341.19162377057364
8253,411177.00494349002838
8254,411012.81826320948312
8255,410848.63158292893786
8256,410683.93377057340695
8257,410519.23595821787603
8258,410354.53814586234512
8259,410189.8403335068142
8260,410035.70196808269247
8261,409886.4915171355824
8262,409732.94437732850201
8263,409586.29591833264567
8264,409426.25450169661781
8265,409270.31364838004811
8266,409130.44279407610884
8267,409042.79861448152224
8268,409005.07183617289411
8269,408971.64650211576372
8270,408937.82083351316396
8271,408838.72905847535003
8272,408695.16020970360842
8273,408536.07981647941051
8274,408371.3820041238796
8275,408206.68419176834868
8276,408041.98637941281777
8277,407877.28856705728685
8278,407712.59075470175594
8279,407547.89294234622503
8280,407382.92252778320108
8281,407217.95211322017713
8282,407052.98169865715317
8283,406888.01128409412922
8284,406746.68479973031208
8285,406612.32516816357384
8286,406484.24536317068851
8287,406360.80810941313393
8288,406219.19475027441513
8289,406055.36158836918185
8290,405904.60518935124855
8291,405758.58561901375651
8292,405664.23023977060802
8293,405620.45580446248641
8294,405594.57329118816415
8295,405513.16710301541025
8296,405360.08259777195053
8297,405195.11218320892658
8298,405030.14176864590263
8299,404865.17135408287868
8300,404700.20093951985473
8301,404535.23052495683078
8302,404370.26011039380683
8303,404205.28969583078288
8304,404040.01260150352027
8305,403874.73550717625767
8306,403709.45841284899507
8307,403544.18131852173246
8308,403378.90422419446986
8309,403213.62712986720726
8310,403049.51391954673454
8311,402892.24801761261187
8312,402732.81606682104757
8313,402595.63351069408236
8314,402496.14393703849055
8315,402483.35800417611608
8316,402518.08090984885348
8317,402552.80381552159088
8318,402587.52672119432827
8319,402622.24962686706567
8320,402593.40501153661171
8321,402481.62110151996603
8322,402316.34400719270343
8323,402151.06691286544083
8324,401985.78981853817822
8325,401820.51272421091562
8326,401655.23562988365302
8327,401489.95853555639042
8328,401324.20438411476789
8329,401158.45023267314536
8330,400992.69608123152284
8331,400826.94192978990031
8332,400661.18777834827779
8333,400495.43362690665526
8334,400329.67947546503274
8335,400165.54310148343211
8336,400000.55498395615723
8337,399838.84195750148501
8338,399696.08433848374989
8339,399606.75402827898506
8340,399553.59348766470794
8341,399511.15865620673867
8342,399472.57675993186422
8343,399383.15611654508393
8344,399238.10073732666206
8345,399072.34658588503953
8346,398906.59243444341701
8347,398740.83828300179448
8348,398575.08413156017195
8349,398409.32998011854943
8350,398243.5758286769269
8351,398077.82167723530438
8352,397911.64499068335863
8353,397745.46830413141288
8354,397579.29161757946713
8355,397413.11493102752138
8356,397246.93824447557563
8357,397080.76155792362988
8358,396914.58487137168413
8359,396749.19333541044034
8360,396583.01664885849459
8361,396416.83996230654884
8362,396261.51836528314743
8363,396165.20354962511919
8364,396108.32029192330083
8365,396074.38279421342304
8366,396043.02167976991041
8367,395975.22677031869534
8368,395838.66333430394297
8369,395675.83466766867787
8370,395509.65798111673212
8371,395343.48129456478637
8372,395177.30460801284062
8373,395011.12792146089487
8374,394844.95123490894912
8375,394678.77454835700337
8376,394511.87205260567134
8377,394344.96955685433932
8378,394178.06706110300729
8379,394011.16456535167526
8380,393844.26206960034324
8381,393677.35957384901121
8382,393510.45707809767919
8383,393343.99280507484218
8384,393177.09030932351016
8385,393015.20764980628155
8386,392870.35077656246722
8387,392787.2379541186383
8388,392740.42296210420318
8389,392705.48085445299512
8390,392651.99095348786796
8391,392534.78387091174955
8392,392380.98104518355103
8393,392214.07854943221901
8394,392047.17605368088698
8395,391880.27355792955495
8396,391713.37106217822293
8397,391546.4685664268909
8398,391379.56607067555888
8399,391212.66357492422685
8400,391045.08297801896697
8401,390877.50238111370709
8402,390709.92178420844721
8403,390542.34118730318733
8404,390374.76059039792744
8405,390207.17999349266756
8406,390039.59939658740768
8407,389872.24886569328373
8408,389704.66826878802385
8409,389542.16092291782843
8410,389391.81080264138291
8411,389266.62173060385976
8412,389174.72970008297125
8413,389082.43900504155317
8414,388959.77903812227305
8415,388822.25395540485624
8416,388663.70822474651504
8417,388496.12762784125516
8418,388328.54703093599528
8419,388160.9664340307354
8420,387993.38583712547552
8421,387825.80524022021564
8422,387658.22464331495576
8423,387490.64404640969587
8424,387322.17067122604931
8425,387153.69729604240274
8426,386985.22392085875617
8427,386816.75054567510961
8428,386671.03540418104967
8429,386538.83129909588024
8430,386406.59665423323167
8431,386276.11237092362717
8432,386121.78348101425217
8433,385967.26833971269662
8434,385822.74712414614623
8435,385769.37458847119706
8436,385749.71561604627641
8437,385731.08215536322678
8438,385695.62032740446739
8439,385615.16858135029906
8440,385468.55330482881982
8441,385320.04569591674954
8442,385151.57232073310297
8443,384983.0989455494564
8444,384814.62557036580984
8445,384646.15219518216327
8446,384477.6788199985167
8447,384309.20544481487013
8448,384140.25842078810092
8449,383971.31139676133171
8450,383802.36437273456249
8451,383633.41734870779328
8452,383470.63841537985718
8453,383311.59506085916655
8454,383154.17669582733652
8455,383007.72085207718192
8456,382838.7738280504127
8457,382675.01252034801291
8458,382514.22195063403342
8459,382381.99003842199454
8460,382259.85806013469119
8461,382148.89434693346266
8462,382043.40793021046557
8463,381913.84626900462899
8464,381744.89924497785978
8465,381575.95222095109057
8466,381407.00519692432135
8467,381238.05817289755214
8468,381069.11114887078293
8469,380900.16412484401371
8470,380731.2171008172445
8471,380562.27007679047529
8472,380392.84940392052522
8473,380223.42873105057515
8474,380054.00805818062508
8475,379884.58738531067502
8476,379715.16671244072495
8477,379545.74603957077488
8478,379376.32536670082482
8479,379234.3693985203281
8480,379073.75810638227267
8481,378928.53253739111824
8482,378773.98682475206442
8483,378632.74902296281653
8484,378522.80574454984162
8485,378414.42057475692127
8486,378334.65090619056718
8487,378197.2425804407103
8488,378040.34121674363269
8489,377873.51269656111253
8490,377704.09202369116247
8491,377534.6713508212124
8492,377365.25067795126233
8493,377195.83000508131227
8494,377026.4093322113622
8495,376856.98865934141213
8496,376687.09433762833942
8497,376517.2000159152667
8498,376347.30569420219399
8499,376177.41137248912128
8500,376007.51705077604856
8501,375837.62272906297585
8502,375667.72840734990314
8503,375497.83408563683042
8504,375327.93976392375771
8505,375158.045442210685
8506,374988.15112049761228
8507,374846.99908327829326
8508,374738.84290054702433
8509,374636.65251873375382
8510,374531.38480810407782
8511,374399.89656944916351
8512,374230.00224773609079
8513,374060.10792602301808
8514,373890.21360430994537
8515,373720.31928259687265
8516,373550.42496088379994
8517,373380.53063917072723
8518,373210.63631745765451
8519,373040.7419957445818
8520,372870.51714154868387
8521,372700.29228735278593
8522,372530.067433156888
8523,372359.84257896099007
8524,372189.61772476509213
8525,372019.3928705691942
8526,371849.16801637329627
8527,371686.35800804541213
8528,371516.1331538495142
8529,371345.90829965361627
8530,371185.24633275193628
8531,371086.28225831798045
8532,370985.90750077716075
8533,370926.6876006895327
8534,370891.68719931849046
8535,370822.878308929794
8536,370672.14982473419514
8537,370501.9249705382972
8538,370331.70011634239927
8539,370161.47526214650134
8540,369991.2504079506034
8541,369821.02555375470547
8542,369650.80069955880754
8543,369480.5758453629096
8544,369309.68992879759753
8545,369138.80401223228546
8546,368967.91809566697339
8547,368797.03217910166131
8548,368626.14626253634924
8549,368455.26034597103717
8550,368284.3744294057251
8551,368122.03848495235434
8552,367951.15256838704227
8553,367780.26665182173019
8554,367620.84405523963505
8555,367494.65466469601961
8556,367403.78625951410504
8557,367329.98190224712016
8558,367271.49087106966181
8559,367174.76560616563074
8560,367011.3453127060784
8561,366840.45939614076633
8562,366669.57347957545426
8563,366498.68756301014218
8564,366327.80164644483011
8565,366156.91572987951804
8566,365986.02981331420597
8567,365815.14389674889389
8568,365643.85588950838428
8569,365472.56788226787467
8570,365301.27987502736505
8571,365129.99186778685544
8572,364970.65472156828037
8573,364799.36671432777075
8574,364628.07870708726114
8575,364456.79069984675152
8576,364285.50269260624191
8577,364114.21468536573229
8578,363952.07739903981565
8579,363849.37904810451437
8580,363802.21320432389621
8581,363772.97489886038238
8582,363749.60854891274357
8583,363687.18131153529976
8584,363548.83628802810563
8585,363377.54828078759601
8586,363206.2602735470864
8587,363034.97226630657678
8588,362863.68425906606717
8589,362692.39625182555756
8590,362521.10824458504794
8591,362349.82023734453833
8592,362178.11310066882288
8593,362006.40596399310743
8594,361834.69882731739199
8595,361662.99169064167654
8596,361491.28455396596109
8597,361319.57741729024565
8598,361147.8702806145302
8599,360976.16314393881476
8600,360804.45600726309931
8601,360632.74887058738386
8602,360486.06472311500693
8603,360420.43838913657237
8604,360380.93257497181185
8605,360364.08941197517561
8606,360358.64917716669152
8607,360335.90352118510054
8608,360265.25511439156253
8609,360115.24218485009624
8610,359943.53504817438079
8611,359771.82791149866534
8612,359600.1207748229499
8613,359428.41363814723445
8614,359256.706501471519
8615,359084.99936479580356
8616,358912.97191785485484
8617,358740.94447091390612
8618,358568.9170239729574
8619,358396.88957703200867
8620,358234.14138160890434
8621,358076.66535619075876
8622,357913.24734735849779
8623,357753.81809975678334
8624,357581.79065281583462
8625,357409.7632058748859
8626,357271.35154431412229
8627,357192.93097732914612
8628,357142.87474110227777
8629,357099.67528618843062
8630,357051.6392620546394
8631,356960.02036597661208
8632,356789.8761594320531
8633,356617.84871249110438
8634,356445.82126555015566
8635,356273.79381860920694
8636,356101.76637166825822
8637,355929.7389247273095
8638,355757.71147778636077
8639,355585.68403084541205
8640,355413.3464984773891
8641,355241.00896610936616
8642,355068.67143374134321
8643,354896.33390137332026
8644,354723.99636900529731
8645,354551.65883663727436
8646,354379.32130426925141
8647,354218.39353593304986
8648,354049.30063679040177
8649,353935.59553856635466
8650,353865.72512225410901
8651,353825.05005201266613
8652,353803.70888621086488
8653,353781.26158336148364
8654,353762.41934916132595
8655,353710.5690289469203
8656,353581.46525670553092
8657,353412.48783613031264
8658,353240.1503037622897
8659,353067.81277139426675
8660,352895.4752390262438
8661,352723.13770665822085
8662,352550.8001742901979
8663,352378.46264192217495
8664,352205.81502151873428
8665,352033.16740111529361
8666,351860.51978071185295
8667,351690.09652581426781
8668,351557.79050428816117
8669,351428.57956898835255
8670,351284.65552176930942
8671,351137.96736071433406
8672,350965.31974031089339
8673,350792.67211990745272
8674,350654.05944223981351
8675,350530.12824645015644
8676,350432.75156438950216
8677,350345.82102943689097
8678,350256.92181794065982
8679,350129.50090794923017
8680,349956.8532875457895
8681,349784.20566714234883
8682,349611.55804673890816
8683,349438.91042633546749
8684,349266.26280593202682
8685,349093.61518552858615
8686,348920.96756512514548
8687,348748.31994472170481
8688,348575.26682796794921
8689,348402.21371121419361
8690,348229.16059446043801
8691,348059.30994260951411
8692,347922.81826263753464
8693,347791.19318124384154
8694,347646.28519973804941
8695,347499.11766775592696
8696,347326.06455100217136
8697,347153.01143424841575
8698,346997.47107955825049
8699,346871.93071812263224
8700,346770.78284353006165
8701,346660.95674504421186
8702,346545.62541508121649
8703,346391.93064618430799
8704,346218.87752943055239
8705,346045.82441267679678
8706,345872.77129592304118
8707,345699.71817916928558
8708,345526.66506241552997
8709,345353.61194566177437
8710,345180.55882890801877
8711,345007.50571215426316
8712,344834.25154877710156
8713,344660.99738539993996
8714,344487.74322202277835
8715,344314.48905864561675
8716,344148.33958329167217
8717,343991.18629535986111
8718,343828.87778825697023
8719,343674.57090939715272
8720,343501.31674601999111
8721,343328.06258264282951
8722,343184.07028986507794
8723,343077.69739528931677
8724,342996.69040034839418
8725,342917.06412799464306
8726,342830.54370867705438
8727,342694.45892700890545
8728,342521.20476363174384
8729,342347.95060025458224
8730,342174.69643687742064
8731,342001.44227350025903
8732,341828.18811012309743
8733,341654.93394674593583
8734,341481.67978336877422
8735,341308.42561999161262
